	C:\Users\51792\Desktop\preprocessed_data_20251120\13\s1\s11.c3d	C:\Users\51792\Desktop\preprocessed_data_20251120\13\s1\s11.c3d	C:\Users\51792\Desktop\preprocessed_data_20251120\13\s1\s11.c3d	C:\Users\51792\Desktop\preprocessed_data_20251120\13\s1\s11.c3d	C:\Users\51792\Desktop\preprocessed_data_20251120\13\s1\s11.c3d	C:\Users\51792\Desktop\preprocessed_data_20251120\13\s1\s11.c3d	C:\Users\51792\Desktop\preprocessed_data_20251120\13\s1\s11.c3d	C:\Users\51792\Desktop\preprocessed_data_20251120\13\s1\s11.c3d	C:\Users\51792\Desktop\preprocessed_data_20251120\13\s1\s11.c3d	C:\Users\51792\Desktop\preprocessed_data_20251120\13\s1\s11.c3d	C:\Users\51792\Desktop\preprocessed_data_20251120\13\s1\s11.c3d	C:\Users\51792\Desktop\preprocessed_data_20251120\13\s1\s11.c3d	C:\Users\51792\Desktop\preprocessed_data_20251120\13\s1\s11.c3d	C:\Users\51792\Desktop\preprocessed_data_20251120\13\s1\s11.c3d	C:\Users\51792\Desktop\preprocessed_data_20251120\13\s1\s11.c3d	C:\Users\51792\Desktop\preprocessed_data_20251120\13\s1\s11.c3d	C:\Users\51792\Desktop\preprocessed_data_20251120\13\s1\s11.c3d	C:\Users\51792\Desktop\preprocessed_data_20251120\13\s1\s11.c3d	C:\Users\51792\Desktop\preprocessed_data_20251120\13\s1\s11.c3d	C:\Users\51792\Desktop\preprocessed_data_20251120\13\s1\s11.c3d	C:\Users\51792\Desktop\preprocessed_data_20251120\13\s1\s11.c3d	C:\Users\51792\Desktop\preprocessed_data_20251120\13\s1\s11.c3d	C:\Users\51792\Desktop\preprocessed_data_20251120\13\s1\s11.c3d	C:\Users\51792\Desktop\preprocessed_data_20251120\13\s1\s11.c3d	C:\Users\51792\Desktop\preprocessed_data_20251120\13\s1\s11.c3d	C:\Users\51792\Desktop\preprocessed_data_20251120\13\s1\s11.c3d	C:\Users\51792\Desktop\preprocessed_data_20251120\13\s1\s11.c3d	C:\Users\51792\Desktop\preprocessed_data_20251120\13\s1\s11.c3d	C:\Users\51792\Desktop\preprocessed_data_20251120\13\s1\s11.c3d	C:\Users\51792\Desktop\preprocessed_data_20251120\13\s1\s11.c3d	C:\Users\51792\Desktop\preprocessed_data_20251120\13\s1\s11.c3d	C:\Users\51792\Desktop\preprocessed_data_20251120\13\s1\s11.c3d	C:\Users\51792\Desktop\preprocessed_data_20251120\13\s1\s11.c3d	C:\Users\51792\Desktop\preprocessed_data_20251120\13\s1\s11.c3d	C:\Users\51792\Desktop\preprocessed_data_20251120\13\s1\s11.c3d	C:\Users\51792\Desktop\preprocessed_data_20251120\13\s1\s11.c3d	C:\Users\51792\Desktop\preprocessed_data_20251120\13\s1\s11.c3d	C:\Users\51792\Desktop\preprocessed_data_20251120\13\s1\s11.c3d	C:\Users\51792\Desktop\preprocessed_data_20251120\13\s1\s11.c3d	C:\Users\51792\Desktop\preprocessed_data_20251120\13\s1\s11.c3d	C:\Users\51792\Desktop\preprocessed_data_20251120\13\s1\s11.c3d	C:\Users\51792\Desktop\preprocessed_data_20251120\13\s1\s11.c3d	C:\Users\51792\Desktop\preprocessed_data_20251120\13\s1\s11.c3d	C:\Users\51792\Desktop\preprocessed_data_20251120\13\s1\s11.c3d	C:\Users\51792\Desktop\preprocessed_data_20251120\13\s1\s11.c3d	C:\Users\51792\Desktop\preprocessed_data_20251120\13\s1\s11.c3d	C:\Users\51792\Desktop\preprocessed_data_20251120\13\s1\s12.c3d	C:\Users\51792\Desktop\preprocessed_data_20251120\13\s1\s12.c3d	C:\Users\51792\Desktop\preprocessed_data_20251120\13\s1\s12.c3d	C:\Users\51792\Desktop\preprocessed_data_20251120\13\s1\s12.c3d	C:\Users\51792\Desktop\preprocessed_data_20251120\13\s1\s12.c3d	C:\Users\51792\Desktop\preprocessed_data_20251120\13\s1\s12.c3d	C:\Users\51792\Desktop\preprocessed_data_20251120\13\s1\s12.c3d	C:\Users\51792\Desktop\preprocessed_data_20251120\13\s1\s12.c3d	C:\Users\51792\Desktop\preprocessed_data_20251120\13\s1\s12.c3d	C:\Users\51792\Desktop\preprocessed_data_20251120\13\s1\s12.c3d	C:\Users\51792\Desktop\preprocessed_data_20251120\13\s1\s12.c3d	C:\Users\51792\Desktop\preprocessed_data_20251120\13\s1\s12.c3d	C:\Users\51792\Desktop\preprocessed_data_20251120\13\s1\s12.c3d	C:\Users\51792\Desktop\preprocessed_data_20251120\13\s1\s12.c3d	C:\Users\51792\Desktop\preprocessed_data_20251120\13\s1\s12.c3d	C:\Users\51792\Desktop\preprocessed_data_20251120\13\s1\s12.c3d	C:\Users\51792\Desktop\preprocessed_data_20251120\13\s1\s12.c3d	C:\Users\51792\Desktop\preprocessed_data_20251120\13\s1\s12.c3d	C:\Users\51792\Desktop\preprocessed_data_20251120\13\s1\s12.c3d	C:\Users\51792\Desktop\preprocessed_data_20251120\13\s1\s12.c3d	C:\Users\51792\Desktop\preprocessed_data_20251120\13\s1\s12.c3d	C:\Users\51792\Desktop\preprocessed_data_20251120\13\s1\s12.c3d	C:\Users\51792\Desktop\preprocessed_data_20251120\13\s1\s12.c3d	C:\Users\51792\Desktop\preprocessed_data_20251120\13\s1\s12.c3d	C:\Users\51792\Desktop\preprocessed_data_20251120\13\s1\s12.c3d	C:\Users\51792\Desktop\preprocessed_data_20251120\13\s1\s12.c3d	C:\Users\51792\Desktop\preprocessed_data_20251120\13\s1\s12.c3d	C:\Users\51792\Desktop\preprocessed_data_20251120\13\s1\s12.c3d	C:\Users\51792\Desktop\preprocessed_data_20251120\13\s1\s12.c3d	C:\Users\51792\Desktop\preprocessed_data_20251120\13\s1\s12.c3d	C:\Users\51792\Desktop\preprocessed_data_20251120\13\s1\s12.c3d	C:\Users\51792\Desktop\preprocessed_data_20251120\13\s1\s12.c3d	C:\Users\51792\Desktop\preprocessed_data_20251120\13\s1\s12.c3d	C:\Users\51792\Desktop\preprocessed_data_20251120\13\s1\s12.c3d	C:\Users\51792\Desktop\preprocessed_data_20251120\13\s1\s12.c3d	C:\Users\51792\Desktop\preprocessed_data_20251120\13\s1\s12.c3d	C:\Users\51792\Desktop\preprocessed_data_20251120\13\s1\s12.c3d	C:\Users\51792\Desktop\preprocessed_data_20251120\13\s1\s12.c3d	C:\Users\51792\Desktop\preprocessed_data_20251120\13\s1\s12.c3d	C:\Users\51792\Desktop\preprocessed_data_20251120\13\s1\s12.c3d	C:\Users\51792\Desktop\preprocessed_data_20251120\13\s1\s12.c3d	C:\Users\51792\Desktop\preprocessed_data_20251120\13\s1\s12.c3d	C:\Users\51792\Desktop\preprocessed_data_20251120\13\s1\s12.c3d	C:\Users\51792\Desktop\preprocessed_data_20251120\13\s1\s12.c3d	C:\Users\51792\Desktop\preprocessed_data_20251120\13\s1\s12.c3d	C:\Users\51792\Desktop\preprocessed_data_20251120\13\s1\s12.c3d
	Left_Hip_Angle	Left_Hip_Angle	Left_Hip_Angle	Left_Hip_Moment	Left_Hip_Moment	Left_Hip_Power	Left_Knee_Angle	Left_Knee_Angle	Left_Knee_Angle	Left_Knee_Moment	Left_Knee_Moment	Left_Knee_Power	Left_Ankle_Angle	Left_Ankle_Angle	Left_Ankle_Angle	Left_Ankle_Moment	Left_Ankle_Moment	Left_Ankle_Power	Left_Pelvic_Angle	Left_Pelvic_Angle	Left_Pelvic_Angle	Left_Foot_Pitch_Angle	Left_Foot_Progression	Right_Hip_Angle	Right_Hip_Angle	Right_Hip_Angle	Right_Hip_Moment	Right_Hip_Moment	Right_Hip_Power	Right_Knee_Angle	Right_Knee_Angle	Right_Knee_Angle	Right_Knee_Moment	Right_Knee_Moment	Right_Knee_Power	Right_Ankle_Angle	Right_Ankle_Angle	Right_Ankle_Angle	Right_Ankle_Moment	Right_Ankle_Moment	Right_Ankle_Power	Right_Pelvic_Angle	Right_Pelvic_Angle	Right_Pelvic_Angle	Right_Foot_Pitch_Angle	Right_Foot_Progression	Left_Hip_Angle	Left_Hip_Angle	Left_Hip_Angle	Left_Hip_Moment	Left_Hip_Moment	Left_Hip_Power	Left_Knee_Angle	Left_Knee_Angle	Left_Knee_Angle	Left_Knee_Moment	Left_Knee_Moment	Left_Knee_Power	Left_Ankle_Angle	Left_Ankle_Angle	Left_Ankle_Angle	Left_Ankle_Moment	Left_Ankle_Moment	Left_Ankle_Power	Left_Pelvic_Angle	Left_Pelvic_Angle	Left_Pelvic_Angle	Left_Foot_Pitch_Angle	Left_Foot_Progression	Right_Hip_Angle	Right_Hip_Angle	Right_Hip_Angle	Right_Hip_Moment	Right_Hip_Moment	Right_Hip_Power	Right_Knee_Angle	Right_Knee_Angle	Right_Knee_Angle	Right_Knee_Moment	Right_Knee_Moment	Right_Knee_Power	Right_Ankle_Angle	Right_Ankle_Angle	Right_Ankle_Angle	Right_Ankle_Moment	Right_Ankle_Moment	Right_Ankle_Power	Right_Pelvic_Angle	Right_Pelvic_Angle	Right_Pelvic_Angle	Right_Foot_Pitch_Angle	Right_Foot_Progression
	LINK_MODEL_BASED	LINK_MODEL_BASED	LINK_MODEL_BASED	LINK_MODEL_BASED	LINK_MODEL_BASED	LINK_MODEL_BASED	LINK_MODEL_BASED	LINK_MODEL_BASED	LINK_MODEL_BASED	LINK_MODEL_BASED	LINK_MODEL_BASED	LINK_MODEL_BASED	LINK_MODEL_BASED	LINK_MODEL_BASED	LINK_MODEL_BASED	LINK_MODEL_BASED	LINK_MODEL_BASED	LINK_MODEL_BASED	LINK_MODEL_BASED	LINK_MODEL_BASED	LINK_MODEL_BASED	LINK_MODEL_BASED	LINK_MODEL_BASED	LINK_MODEL_BASED	LINK_MODEL_BASED	LINK_MODEL_BASED	LINK_MODEL_BASED	LINK_MODEL_BASED	LINK_MODEL_BASED	LINK_MODEL_BASED	LINK_MODEL_BASED	LINK_MODEL_BASED	LINK_MODEL_BASED	LINK_MODEL_BASED	LINK_MODEL_BASED	LINK_MODEL_BASED	LINK_MODEL_BASED	LINK_MODEL_BASED	LINK_MODEL_BASED	LINK_MODEL_BASED	LINK_MODEL_BASED	LINK_MODEL_BASED	LINK_MODEL_BASED	LINK_MODEL_BASED	LINK_MODEL_BASED	LINK_MODEL_BASED	LINK_MODEL_BASED	LINK_MODEL_BASED	LINK_MODEL_BASED	LINK_MODEL_BASED	LINK_MODEL_BASED	LINK_MODEL_BASED	LINK_MODEL_BASED	LINK_MODEL_BASED	LINK_MODEL_BASED	LINK_MODEL_BASED	LINK_MODEL_BASED	LINK_MODEL_BASED	LINK_MODEL_BASED	LINK_MODEL_BASED	LINK_MODEL_BASED	LINK_MODEL_BASED	LINK_MODEL_BASED	LINK_MODEL_BASED	LINK_MODEL_BASED	LINK_MODEL_BASED	LINK_MODEL_BASED	LINK_MODEL_BASED	LINK_MODEL_BASED	LINK_MODEL_BASED	LINK_MODEL_BASED	LINK_MODEL_BASED	LINK_MODEL_BASED	LINK_MODEL_BASED	LINK_MODEL_BASED	LINK_MODEL_BASED	LINK_MODEL_BASED	LINK_MODEL_BASED	LINK_MODEL_BASED	LINK_MODEL_BASED	LINK_MODEL_BASED	LINK_MODEL_BASED	LINK_MODEL_BASED	LINK_MODEL_BASED	LINK_MODEL_BASED	LINK_MODEL_BASED	LINK_MODEL_BASED	LINK_MODEL_BASED	LINK_MODEL_BASED	LINK_MODEL_BASED	LINK_MODEL_BASED	LINK_MODEL_BASED
	ORIGINAL	ORIGINAL	ORIGINAL	ORIGINAL	ORIGINAL	ORIGINAL	ORIGINAL	ORIGINAL	ORIGINAL	ORIGINAL	ORIGINAL	ORIGINAL	ORIGINAL	ORIGINAL	ORIGINAL	ORIGINAL	ORIGINAL	ORIGINAL	ORIGINAL	ORIGINAL	ORIGINAL	ORIGINAL	ORIGINAL	ORIGINAL	ORIGINAL	ORIGINAL	ORIGINAL	ORIGINAL	ORIGINAL	ORIGINAL	ORIGINAL	ORIGINAL	ORIGINAL	ORIGINAL	ORIGINAL	ORIGINAL	ORIGINAL	ORIGINAL	ORIGINAL	ORIGINAL	ORIGINAL	ORIGINAL	ORIGINAL	ORIGINAL	ORIGINAL	ORIGINAL	ORIGINAL	ORIGINAL	ORIGINAL	ORIGINAL	ORIGINAL	ORIGINAL	ORIGINAL	ORIGINAL	ORIGINAL	ORIGINAL	ORIGINAL	ORIGINAL	ORIGINAL	ORIGINAL	ORIGINAL	ORIGINAL	ORIGINAL	ORIGINAL	ORIGINAL	ORIGINAL	ORIGINAL	ORIGINAL	ORIGINAL	ORIGINAL	ORIGINAL	ORIGINAL	ORIGINAL	ORIGINAL	ORIGINAL	ORIGINAL	ORIGINAL	ORIGINAL	ORIGINAL	ORIGINAL	ORIGINAL	ORIGINAL	ORIGINAL	ORIGINAL	ORIGINAL	ORIGINAL	ORIGINAL	ORIGINAL	ORIGINAL	ORIGINAL	ORIGINAL	ORIGINAL
ITEM	X	Y	Z	X	Y	X	X	Y	Z	X	Y	X	X	Y	Z	X	Y	X	X	Y	Z	X	Z	X	Y	Z	X	Y	X	X	Y	Z	X	Y	X	X	Y	Z	X	Y	X	X	Y	Z	X	Z	X	Y	Z	X	Y	X	X	Y	Z	X	Y	X	X	Y	Z	X	Y	X	X	Y	Z	X	Z	X	Y	Z	X	Y	X	X	Y	Z	X	Y	X	X	Y	Z	X	Y	X	X	Y	Z	X	Z
1	16.61883	-9.88892	-15.24890	2.46416	2.11977	0.01632	17.30428	5.37162	-6.88948	-0.07903	0.01051	-0.19366	7.19537	9.01288	-4.31343	-0.00169	-0.00627	-0.00488	11.55945	-3.27824	-176.82089	-4.54428	153.91068	20.06890	-0.13731	-0.75651	-0.05567	-0.11167	0.00393	7.16531	-1.66801	-11.14687	-0.02947	-0.06867	-0.00367	-3.69878	16.32908	5.49742	-0.00414	-0.01033	-0.00453	5.74911	5.25051	170.59773	-10.52229	163.42793	26.26819	-13.53783	-16.76513	0.24294	-10.46548	0.00559	21.09748	2.97445	1.73017	-0.15032	-0.09215	-0.84364	6.64045	9.40688	-6.03304	-0.02514	-0.00851	-0.12355	14.66494	-5.44772	4.14657	6.21425	-20.75737	21.57084	-1.32020	-0.68668	-0.09920	-0.18343	0.02891	7.57574	-1.74882	-10.83377	0.01432	-0.10894	-0.00122	-5.32496	18.01137	6.01028	-0.01485	-0.01495	-0.02197	5.77475	5.12509	-16.23238	10.99759	-22.83093
2	16.28620	-9.65633	-15.93338	-30.70494	-10.85222	-0.12699	16.06287	4.63719	-6.73067	0.24186	-0.16065	0.44486	5.54742	7.51047	-3.79913	-0.01419	-0.02188	-0.03371	11.48460	-3.71272	-176.34514	-3.30425	154.78488	20.10632	-0.22969	-1.26490	0.09134	-0.26119	-0.00641	7.06080	-1.99659	-10.67787	-0.08582	-0.16400	-0.01650	-4.73924	16.15769	6.64656	-0.01768	-0.02824	-0.02490	5.95520	4.86244	170.67824	-9.53258	164.39397	25.19108	-13.14719	-17.59929	-50.93172	-22.62848	-1.00926	18.23658	2.06553	2.20189	0.42634	-0.33237	1.79479	3.87852	8.13790	-5.58718	-0.03439	-0.02503	-0.14177	14.59642	-5.95703	4.85902	4.75910	-19.37907	21.71874	-1.16549	-1.05193	-0.01898	-0.30540	0.00457	7.62764	-2.29107	-10.55112	-0.00536	-0.19467	0.00068	-6.63232	17.24381	7.36328	-0.03651	-0.03328	-0.05894	5.93571	4.74513	-15.97951	9.55599	-21.54338
3	16.03930	-9.40246	-16.72658	-11.14190	-22.09175	-0.01939	15.25164	3.80418	-6.18577	0.15069	-0.22101	0.16267	4.37531	6.11793	-3.61208	0.03972	-0.02068	0.06078	11.41549	-4.12858	-175.85555	-2.17293	155.57996	20.14468	-0.27275	-1.93489	0.33764	-0.39651	-0.02977	6.90119	-2.40577	-9.93236	-0.18430	-0.25158	-0.04420	-5.95919	16.00800	7.82343	-0.02874	-0.03704	-0.04784	6.17770	4.51680	170.76144	-8.37633	165.50047	24.34094	-12.77909	-18.24771	22.47912	-31.26054	0.32660	16.29928	1.15251	2.39948	-0.06067	-0.20247	-0.14916	1.80597	6.77788	-5.21517	0.14666	0.02771	0.40601	14.50796	-6.43353	5.59843	3.30537	-18.25642	21.83084	-0.98499	-1.48025	0.12105	-0.36064	-0.02176	7.68496	-2.87832	-9.92696	-0.06283	-0.24802	0.01163	-7.92151	16.39557	8.52379	-0.03938	-0.03815	-0.06467	6.08533	4.40632	-15.70535	7.95177	-20.11445
4	15.89996	-9.16001	-17.43938	20.34259	-17.05883	-0.00493	14.91513	2.94827	-5.38569	-0.05742	-0.13781	-0.01627	3.79470	5.04607	-3.86300	0.02682	-0.00979	0.01668	11.35401	-4.50736	-175.36131	-1.30685	156.20274	20.20024	-0.27261	-2.70087	0.34474	-0.33207	-0.04827	6.70782	-2.85547	-8.85043	-0.17873	-0.23431	-0.03615	-7.23472	15.89155	8.77862	-0.02978	-0.03163	-0.05280	6.41219	4.23747	170.84923	-7.12009	166.64391	23.83959	-12.45558	-18.43679	65.74550	-41.97524	0.57065	15.42339	0.31305	2.14434	-0.34001	-0.19475	-0.22651	0.64140	5.57717	-5.02206	0.06322	0.02991	0.08218	14.40251	-6.83064	6.33472	2.10960	-17.45225	21.90945	-0.83236	-1.90898	0.24732	-0.37020	-0.03321	7.75586	-3.42905	-8.89079	-0.08523	-0.28592	0.02554	-9.02964	15.55774	9.17281	-0.11155	-0.06757	-0.16812	6.21557	4.12677	-15.41278	6.32471	-18.72093
5	15.88087	-8.97031	-17.83768	31.33708	-13.92733	-0.04798	15.01764	2.17497	-4.47986	-0.06314	-0.11312	0.02521	3.74887	4.36200	-4.62602	0.01645	-0.00461	-0.00166	11.30394	-4.83760	-174.87288	-0.73072	156.64035	20.29709	-0.24991	-3.46206	0.25461	-0.26813	-0.05879	6.54394	-3.27480	-7.42482	-0.13576	-0.21872	-0.00333	-8.38444	15.80577	9.26043	-0.02766	-0.03267	-0.04570	6.65040	4.04080	170.93999	-5.86075	167.69972	23.72073	-12.20029	-17.89771	64.07230	-42.45059	0.28296	15.53806	-0.33077	1.35644	-0.24925	-0.26213	0.19834	0.30593	4.71023	-5.12050	0.06979	0.02021	0.00989	14.27907	-7.10855	7.03793	1.25317	-16.92257	21.97281	-0.75100	-2.24297	0.35662	-0.37675	-0.04546	7.88264	-3.85328	-7.48388	-0.16160	-0.31001	0.08160	-9.80367	14.84602	9.07821	-0.02881	-0.05878	-0.03434	6.32264	3.91988	-15.10620	4.83927	-17.54578
6	15.97667	-8.87618	-17.73259	25.57391	-5.94110	-0.05113	15.44555	1.59213	-3.58503	0.03798	-0.08827	-0.03234	4.06918	4.01670	-5.92453	0.02961	0.00683	-0.01559	11.27141	-5.11835	-174.39877	-0.39032	156.93221	20.45771	-0.23387	-4.09383	0.17170	-0.24059	-0.06041	6.50343	-3.58534	-5.74586	-0.09351	-0.21686	0.02813	-9.22100	15.73952	9.11938	-0.02673	-0.03569	-0.03451	6.87844	3.92630	171.02722	-4.70993	168.56401	23.89231	-12.03253	-16.52886	28.27854	-28.07839	0.09298	16.35229	-0.63402	0.13934	0.07641	-0.29882	-0.12544	0.52677	4.22414	-5.61540	0.08118	0.01478	-0.04226	14.13178	-7.24423	7.68694	0.70425	-16.57724	22.04870	-0.76069	-2.37965	0.23188	-0.22273	-0.03902	8.13312	-4.08878	-5.87726	-0.09375	-0.23097	0.07446	-10.14997	14.36963	8.20450	0.00884	-0.03359	0.00648	6.40816	3.79152	-14.79071	3.63105	-16.70654
7	16.15824	-8.91198	-17.08653	9.40250	1.38820	-0.01599	16.04470	1.26483	-2.75084	0.20100	-0.08018	-0.20694	4.57267	3.92319	-7.69676	0.00362	0.00804	-0.00248	11.26486	-5.35883	-173.94263	-0.21563	157.12770	20.69532	-0.24628	-4.47413	0.09835	-0.17767	-0.04765	6.67788	-3.73637	-4.01623	-0.03528	-0.18674	0.02532	-9.62671	15.68206	8.38458	-0.04845	-0.03356	-0.03732	7.08103	3.87679	171.10306	-3.76018	169.18549	24.16772	-11.94718	-14.52083	13.34250	-15.25736	0.07095	17.44711	-0.51941	-1.18592	0.27658	-0.24970	-0.49607	1.01195	4.06480	-6.57507	0.07049	0.02107	-0.05345	13.95585	-7.23845	8.27603	0.39665	-16.33745	22.16572	-0.85160	-2.23740	0.08693	-0.18230	-0.02157	8.56910	-4.12431	-4.33432	0.00579	-0.20524	-0.00643	-10.05950	14.17260	6.73663	-0.02170	-0.03427	-0.00460	6.47859	3.73904	-14.47085	2.75978	-16.21282
8	16.37716	-9.08721	-16.04367	-3.46964	4.73102	0.00286	16.66200	1.19560	-1.96526	0.31155	-0.07105	-0.29894	5.12418	3.99244	-9.78247	0.00096	0.01372	-0.00064	11.29257	-5.57368	-173.50227	-0.14898	157.26724	21.01083	-0.29210	-4.51285	0.10981	-0.19483	-0.06664	7.11678	-3.72134	-2.50476	-0.03168	-0.19070	0.03564	-9.59832	15.62667	7.25082	-0.04413	-0.03368	-0.00986	7.24944	3.86998	171.16576	-3.05335	169.57285	24.34079	-11.90299	-12.33143	-0.20741	-4.78207	-0.00193	18.42569	-0.05041	-2.15952	0.49525	-0.17280	-0.68265	1.57080	4.10675	-8.00972	0.05349	0.03243	-0.04090	13.75479	-7.11711	8.81542	0.26533	-16.15254	22.34263	-0.99464	-1.77584	0.02947	-0.12582	-0.01008	9.21001	-3.98462	-3.13534	0.05196	-0.15922	-0.07148	-9.60278	14.20098	5.00284	-0.03716	-0.02334	0.01024	6.54411	3.75228	-14.14913	2.20355	-15.98395
9	16.57827	-9.36802	-14.86058	-13.36085	7.08538	-0.00567	17.17684	1.33092	-1.19823	0.40212	-0.04007	-0.28664	5.64590	4.13711	-11.95803	-0.00808	0.02588	0.00472	11.35699	-5.77404	-173.06947	-0.14743	157.37973	21.39247	-0.36785	-4.17244	0.12276	-0.15975	-0.08549	7.80224	-3.56471	-1.47075	-0.02780	-0.15388	0.03940	-9.23957	15.56793	6.00195	-0.03760	-0.02552	0.00836	7.38486	3.88732	171.22340	-2.57442	169.77728	24.25150	-11.84157	-10.50759	-11.00879	-1.00430	-0.15138	19.02923	0.59550	-2.37374	0.63646	-0.11896	-0.40666	2.12899	4.19184	-9.85080	0.07041	0.03704	-0.04973	13.54277	-6.92608	9.32528	0.25452	-15.99726	22.57974	-1.15771	-1.00832	0.02563	-0.18335	-0.01074	10.01701	-3.70464	-2.49728	0.07109	-0.17477	-0.10774	-8.90754	14.34947	3.34760	-0.03631	-0.02600	0.02351	6.61664	3.81558	-13.82475	1.89350	-15.91236
10	16.70891	-9.67825	-13.80144	-17.18660	8.52380	-0.03260	17.51527	1.58128	-0.45282	0.44221	0.00699	-0.16587	6.09938	4.28171	-13.99011	-0.00804	0.03343	0.00379	11.44897	-5.95985	-172.63142	-0.18065	157.48033	21.81579	-0.47051	-3.48156	0.12894	-0.13590	-0.09444	8.65107	-3.30151	-1.08210	-0.02454	-0.12191	0.03744	-8.71341	15.50381	4.90843	-0.02137	-0.01570	0.01049	7.49438	3.91393	171.29086	-2.27251	169.86084	23.82602	-11.72414	-9.45995	-11.24598	1.56737	-0.19605	19.17102	1.21739	-1.68297	0.68685	-0.04010	0.10873	2.67010	4.20316	-11.91424	0.09960	0.05650	-0.06514	13.34092	-6.72141	9.82664	0.31918	-15.86378	22.85866	-1.31635	-0.00483	0.04034	-0.21159	-0.01817	10.90567	-3.31921	-2.52130	0.07902	-0.16670	-0.11840	-8.12197	14.52891	2.03036	-0.00978	-0.01612	0.00847	6.70794	3.91065	-13.49310	1.75253	-15.91730
11	16.72912	-9.93189	-13.05459	-18.32572	8.36142	-0.06222	17.64787	1.85238	0.20587	0.45916	0.04559	-0.01088	6.46461	4.37999	-15.67265	-0.00377	0.04341	0.00136	11.55122	-6.12229	-172.17686	-0.22976	157.57071	22.24529	-0.59375	-2.54221	0.10444	-0.13531	-0.07298	9.54283	-2.96864	-1.36457	-0.00094	-0.10457	0.00136	-8.18152	15.43321	4.15251	-0.01384	-0.00785	0.00797	7.58690	3.93765	171.38495	-2.08852	169.87215	23.09146	-11.55645	-9.33031	-7.32335	1.52653	-0.14243	18.90221	1.66438	-0.28469	0.69947	0.00789	0.56313	3.17745	4.13085	-13.89715	0.13433	0.06740	-0.08121	13.17123	-6.55672	10.33377	0.42459	-15.75243	23.14447	-1.45874	1.11556	0.00876	-0.16952	-0.00365	11.77225	-2.86367	-3.17906	0.13118	-0.12582	-0.17460	-7.37410	14.68327	1.19003	-0.01583	-0.01698	0.01492	6.82754	4.01970	-13.14625	1.71400	-15.95424
12	16.62655	-10.07095	-12.69477	-19.32463	8.05686	-0.08908	17.58093	2.07343	0.66390	0.48171	0.06488	0.13741	6.72956	4.42347	-16.85053	-0.00628	0.04433	0.00158	11.64954	-6.25373	-171.70334	-0.28532	157.64479	22.63659	-0.72622	-1.51547	0.06533	-0.14515	-0.03831	10.35658	-2.60578	-2.19985	0.03573	-0.09741	-0.04256	-7.75799	15.34581	3.80276	-0.00902	-0.00618	0.00474	7.67075	3.94903	171.52094	-1.97147	169.84264	22.15466	-11.38174	-10.01755	-5.11942	7.07572	-0.09908	18.34314	1.86439	1.39718	0.70301	0.07874	0.84915	3.61971	4.06003	-15.45804	0.15174	0.07763	-0.08139	13.05060	-6.47123	10.85015	0.54575	-15.66483	23.39132	-1.58360	2.19403	-0.01558	-0.17177	0.00488	12.52031	-2.38099	-4.32293	0.17493	-0.11650	-0.18399	-6.74522	14.77799	0.85640	-0.00982	-0.01501	0.00906	6.98130	4.12842	-12.77405	1.72633	-15.99892
13	16.42174	-10.07577	-12.69601	-18.97865	9.57801	-0.09990	17.34408	2.20695	0.80589	0.48955	0.08897	0.25734	6.88808	4.43045	-17.43917	-0.00595	0.05630	0.00084	11.73957	-6.35258	-171.21947	-0.34353	157.69617	22.94150	-0.85798	-0.58364	0.03639	-0.16265	-0.01458	10.99884	-2.25916	-3.36376	0.07995	-0.10081	-0.06743	-7.49134	15.22350	3.82576	-0.02465	-0.01495	0.01009	7.75182	3.94083	171.70976	-1.88322	169.79543	21.15183	-11.24919	-11.29572	-5.22309	14.77688	-0.09056	17.62221	1.82755	2.93181	0.70688	0.14272	0.97430	3.96589	4.08271	-16.34408	0.16253	0.08381	-0.07214	12.98676	-6.48269	11.36849	0.66629	-15.60070	23.55599	-1.69237	3.04716	-0.00723	-0.20207	0.00118	13.08355	-1.92887	-5.71240	0.19431	-0.12583	-0.14005	-6.26252	14.79646	0.97192	-0.00194	-0.01839	0.00166	7.17151	4.22761	-12.36705	1.75427	-16.03722
14	16.15651	-9.95286	-12.96935	-16.63482	11.96877	-0.08794	16.97490	2.24616	0.56118	0.48115	0.10588	0.33566	6.93693	4.42383	-17.43677	0.00078	0.05624	-0.00002	11.82407	-6.42077	-170.74084	-0.40145	157.72243	23.11911	-0.98468	0.09325	0.04183	-0.16208	-0.00714	11.41792	-1.97956	-4.58310	0.09959	-0.09602	-0.04666	-7.36979	15.05556	4.11266	-0.02870	-0.01298	0.00833	7.83375	3.90791	171.95627	-1.79952	169.75079	20.19652	-11.18580	-12.92576	-2.63016	21.73643	-0.03720	16.84617	1.62671	4.05664	0.69490	0.19299	0.95663	4.20003	4.22329	-16.48069	0.17144	0.08914	-0.05846	12.97608	-6.58658	11.87390	0.77648	-15.55718	23.61650	-1.78442	3.50350	0.01912	-0.20913	-0.00026	13.44041	-1.57106	-7.06408	0.19538	-0.12466	-0.07885	-5.90942	14.74265	1.41394	-0.00168	-0.01390	0.00129	7.39787	4.31312	-11.92060	1.77789	-16.06373
15	15.87641	-9.72507	-13.39986	-13.13570	14.71622	-0.06324	16.51011	2.20846	-0.06865	0.46543	0.11995	0.37772	6.87721	4.41460	-16.92593	0.00327	0.05863	0.00032	11.90862	-6.46198	-170.28468	-0.45406	157.72540	23.15375	-1.10055	0.41092	0.10886	-0.16713	0.00520	11.61438	-1.81058	-5.60120	0.07312	-0.10011	-0.01090	-7.33707	14.84922	4.51399	-0.01440	-0.00882	0.00315	7.92130	3.85165	172.25894	-1.70953	169.72356	19.35410	-11.18995	-14.71128	2.36263	26.43160	0.02531	16.09421	1.34979	4.72995	0.65070	0.23330	0.82604	4.32788	4.44333	-15.98041	0.19031	0.09083	-0.04720	13.00459	-6.76133	12.34901	0.87136	-15.52894	23.58405	-1.85770	3.45463	0.04564	-0.22451	0.00392	13.61408	-1.35601	-8.11791	0.18340	-0.13492	-0.02836	-5.64627	14.63820	2.02345	0.01085	-0.01576	-0.00747	7.65789	4.38397	-11.43834	1.78877	-16.07892
16	15.61691	-9.42811	-13.87838	-9.82911	19.16421	-0.04020	15.98455	2.12651	-0.99669	0.45623	0.14930	0.39900	6.72025	4.39801	-16.06526	0.00270	0.06887	0.00057	11.99912	-6.48084	-169.86572	-0.49435	157.71017	23.06895	-1.18971	0.34074	0.16512	-0.19672	0.03224	11.64194	-1.77487	-6.24044	0.04729	-0.12544	0.00226	-7.31554	14.62843	4.88100	-0.00208	-0.00900	0.00045	8.02465	3.78491	172.61165	-1.61250	169.71976	18.64191	-11.23891	-16.50370	5.42564	22.91539	0.04298	15.41499	1.05592	5.07577	0.60926	0.20496	0.68122	4.37496	4.69046	-15.08657	0.19291	0.08648	-0.03418	13.05120	-6.97655	12.77921	0.94929	-15.50827	23.49845	-1.90949	2.89314	0.03165	-0.24304	0.00342	13.65749	-1.30114	-8.69717	0.19825	-0.15159	-0.00059	-5.42872	14.51338	2.63762	-0.00168	-0.01676	0.00103	7.94721	4.44035	-10.93386	1.78573	-16.08509
17	15.39722	-9.10527	-14.32117	-6.71202	21.11127	-0.02246	15.43391	2.03607	-2.06128	0.43616	0.16130	0.38664	6.49247	4.36114	-15.06612	0.00894	0.06697	0.00267	12.09983	-6.48222	-169.49471	-0.51541	157.68391	22.92029	-1.23142	-0.06585	0.18342	-0.20135	0.04422	11.58528	-1.86729	-6.43221	0.04285	-0.14033	0.00436	-7.23471	14.42429	5.09638	-0.00578	-0.01652	0.00158	8.15673	3.72733	173.00334	-1.51213	169.73788	18.04054	-11.30050	-18.18731	5.17978	21.50902	0.03323	14.82334	0.77093	5.28378	0.60031	0.19148	0.58585	4.37640	4.92775	-14.08976	0.18591	0.09085	-0.02365	13.09213	-7.20143	13.15738	1.01073	-15.48607	23.40965	-1.93650	1.91853	0.05089	-0.23507	0.00294	13.63171	-1.39049	-8.74435	0.18385	-0.15765	0.00946	-5.21818	14.39634	3.12046	0.01281	-0.01688	-0.00702	8.25961	4.48279	-10.42945	1.77166	-16.08436
18	15.22214	-8.79944	-14.67354	-5.80355	22.49282	-0.01598	14.89545	1.96596	-3.06652	0.43247	0.17277	0.36695	6.23325	4.29398	-14.15364	0.01901	0.07505	0.00652	12.21262	-6.47184	-169.17802	-0.51258	157.65411	22.77086	-1.21497	-0.69031	0.17266	-0.19685	0.03360	11.52408	-2.05539	-6.21628	0.05445	-0.14797	0.00239	-7.05683	14.25972	5.09484	-0.01647	-0.02024	0.00568	8.32459	3.69418	173.41527	-1.41237	169.77251	17.50687	-11.34601	-19.66798	5.89974	21.95141	0.03831	14.30329	0.51101	5.51978	0.57399	0.19035	0.50402	4.36417	5.13250	-13.25017	0.19434	0.09131	-0.01734	13.10567	-7.41201	13.48683	1.05717	-15.45437	23.35874	-1.93845	0.70478	0.05382	-0.20639	-0.00198	13.58869	-1.58164	-8.31975	0.18042	-0.15234	0.00550	-4.98790	14.30560	3.38786	0.01140	-0.01764	-0.00563	8.58753	4.51241	-9.95193	1.75090	-16.07894
19	15.08576	-8.54550	-14.90922	-5.54699	23.35834	-0.01371	14.40122	1.93443	-3.83354	0.44341	0.18015	0.34554	5.98379	4.19472	-13.51958	0.01518	0.07481	0.00526	12.33638	-6.45763	-168.91740	-0.48501	157.62605	22.66970	-1.14648	-1.37848	0.15575	-0.16245	0.01392	11.50891	-2.28784	-5.71128	0.05694	-0.13712	-0.00406	-6.78312	14.13950	4.86545	-0.00973	-0.01633	0.00389	8.52557	3.69056	173.82175	-1.31609	169.81717	16.99136	-11.35994	-20.87214	9.57167	23.02285	0.07639	13.82324	0.29826	5.86983	0.52253	0.19915	0.43521	4.35943	5.28936	-12.74091	0.21537	0.08920	-0.01168	13.07660	-7.59582	13.78044	1.09051	-15.40919	23.36846	-1.92155	-0.55300	0.07307	-0.19577	-0.01049	13.56381	-1.81808	-7.56852	0.16364	-0.15721	-0.00547	-4.72723	14.24734	3.42125	0.02231	-0.01950	-0.01003	8.92257	4.53085	-9.52801	1.72719	-16.07137
20	14.96993	-8.36813	-15.03336	-6.04022	25.17122	-0.01643	13.96314	1.95539	-4.24028	0.46477	0.19547	0.33321	5.77158	4.06731	-13.27983	0.01666	0.07719	0.00545	12.46609	-6.44851	-168.71005	-0.43621	157.60135	22.64252	-1.04345	-1.98146	0.13200	-0.13489	-0.00483	11.56073	-2.50974	-5.08004	0.06686	-0.12728	-0.01327	-6.44201	14.05340	4.45043	-0.01181	-0.01237	0.00502	8.75032	3.71388	174.19580	-1.22522	169.86546	16.45579	-11.34274	-21.75374	11.10121	24.17442	0.11443	13.35391	0.15610	6.31871	0.48438	0.20286	0.39981	4.36879	5.39043	-12.61480	0.22633	0.08311	-0.00388	12.99820	-7.75241	14.05645	1.11238	-15.35153	23.44300	-1.89566	-1.68524	0.09229	-0.17026	-0.02190	13.57490	-2.04326	-6.67549	0.13795	-0.14787	-0.01494	-4.44199	14.21629	3.26332	0.03937	-0.01570	-0.01630	9.25704	4.54064	-9.18058	1.70278	-16.06466
21	14.84282	-8.28222	-15.07782	-6.08328	27.72920	-0.02230	13.56564	2.04268	-4.24636	0.48339	0.21831	0.33660	5.60335	3.91985	-13.45207	0.02718	0.07663	0.00823	12.59227	-6.45244	-168.54991	-0.37373	157.57750	22.69292	-0.92689	-2.38911	0.14153	-0.10256	-0.02181	11.68353	-2.67547	-4.49146	0.04832	-0.11250	-0.01513	-6.06990	13.98485	3.93298	0.01206	-0.00653	-0.00519	8.98678	3.75711	174.51529	-1.14120	169.91144	15.88327	-11.30864	-22.30178	12.84578	24.88037	0.16416	12.88041	0.09894	6.76276	0.44462	0.20554	0.36890	4.38537	5.43830	-12.80384	0.22792	0.07786	0.00466	12.87131	-7.89057	14.33385	1.12410	-15.28653	23.57308	-1.86876	-2.57575	0.07540	-0.13572	-0.02288	13.62621	-2.21260	-5.82241	0.13458	-0.12793	-0.02322	-4.14871	14.19924	2.99761	0.04661	-0.01523	-0.01800	9.58503	4.54476	-8.92482	1.67856	-16.06197
22	14.66947	-8.28759	-15.07735	-5.05439	30.32028	-0.02663	13.17692	2.20270	-3.91131	0.48529	0.24964	0.35237	5.47016	3.76616	-13.95801	0.05701	0.08058	0.01614	12.70296	-6.47521	-168.42950	-0.30757	157.54941	22.80964	-0.81549	-2.54827	0.12543	-0.07881	-0.03103	11.87362	-2.75571	-4.08649	0.04799	-0.10037	-0.01942	-5.69871	13.91737	3.41587	0.02027	-0.00609	-0.00869	9.22346	3.81137	174.76729	-1.06530	169.94995	15.27632	-11.27785	-22.54065	14.45123	25.20618	0.21481	12.40453	0.12579	7.05640	0.39398	0.20845	0.32348	4.39704	5.44646	-13.16051	0.24974	0.07233	0.01236	12.70176	-8.02318	14.62845	1.12716	-15.22123	23.74192	-1.84490	-3.17223	0.07359	-0.11054	-0.02479	13.71438	-2.29966	-5.15191	0.12550	-0.11033	-0.02724	-3.86604	14.17972	2.71931	0.05441	-0.01093	-0.02000	9.90151	4.54546	-8.76490	1.65470	-16.06625
23	14.42389	-8.36616	-15.05219	-7.06872	35.27243	-0.05167	12.76672	2.42724	-3.38602	0.51793	0.28905	0.40920	5.35706	3.62527	-14.64510	0.08113	0.07728	0.02178	12.78629	-6.51915	-168.34134	-0.24733	157.51218	22.97516	-0.72259	-2.46405	0.11372	-0.06411	-0.03543	12.12143	-2.74172	-3.95275	0.05289	-0.09108	-0.02477	-5.35258	13.83974	2.99527	0.02135	-0.00852	-0.00911	9.45187	3.86763	174.95047	-0.99812	169.97757	14.64766	-11.26720	-22.52305	13.21429	25.00131	0.21532	11.93993	0.22053	7.07558	0.37212	0.20252	0.29204	4.39695	5.43514	-13.52456	0.24822	0.06811	0.01475	12.49709	-8.16195	14.95000	1.12371	-15.16235	23.92979	-1.82530	-3.48113	0.05792	-0.08959	-0.01959	13.83202	-2.29705	-4.74456	0.13024	-0.09488	-0.03125	-3.60734	14.14352	2.50795	0.06050	-0.01392	-0.02175	10.20173	4.54353	-8.69405	1.63137	-16.07959
24	14.09195	-8.49171	-15.01742	-7.46214	39.30595	-0.07057	12.31618	2.69663	-2.86074	0.52183	0.32873	0.44869	5.24938	3.51743	-15.32331	0.12503	0.07080	0.03186	12.83282	-6.58273	-168.27826	-0.19892	157.46503	23.17121	-0.65468	-2.18688	0.08984	-0.05660	-0.03111	12.41137	-2.64476	-4.11241	0.07457	-0.08222	-0.03749	-5.04693	13.74776	2.73667	0.00735	-0.01197	-0.00312	9.66777	3.91827	175.07388	-0.93893	169.99307	14.01228	-11.28445	-22.32076	11.90626	22.64141	0.20243	11.50372	0.35732	6.76845	0.33729	0.18524	0.24290	4.38768	5.42438	-13.78103	0.26723	0.06279	0.01255	12.26533	-8.31362	15.30143	1.11623	-15.11466	24.11740	-1.81041	-3.55287	0.05732	-0.07833	-0.01789	13.96773	-2.21569	-4.61228	0.12560	-0.07840	-0.03013	-3.37856	14.08436	2.41044	0.08274	-0.00876	-0.02961	10.48211	4.53803	-8.69753	1.60909	-16.10230
25	13.67297	-8.63889	-15.00038	-8.62769	43.69432	-0.09720	11.82349	2.98147	-2.49555	0.53281	0.37086	0.48084	5.13750	3.45977	-15.81528	0.15613	0.06851	0.03696	12.83744	-6.66208	-168.23360	-0.16378	157.41151	23.37979	-0.61145	-1.79374	0.09943	-0.06515	-0.03489	12.72367	-2.48940	-4.52412	0.07297	-0.08158	-0.03706	-4.78641	13.64151	2.66106	0.01749	-0.01352	-0.00738	9.87021	3.95759	175.15332	-0.88584	169.99762	13.38339	-11.32844	-22.01479	11.66646	21.60749	0.19865	11.10884	0.50934	6.17321	0.30984	0.18038	0.19771	4.37747	5.42739	-13.88785	0.26879	0.05430	0.00507	12.01491	-8.47895	15.67970	1.10688	-15.08015	24.28798	-1.80019	-3.46436	0.04952	-0.07232	-0.01308	14.10524	-2.08261	-4.70642	0.14206	-0.06842	-0.03046	-3.17972	14.00699	2.43635	0.07978	-0.00974	-0.02842	10.74162	4.52720	-8.75628	1.58851	-16.13225
26	13.18471	-8.78135	-15.04095	-10.20262	45.69083	-0.12519	11.30774	3.23956	-2.37296	0.53998	0.39370	0.48164	5.01954	3.46251	-16.00448	0.18657	0.06346	0.03933	12.79901	-6.75293	-168.20181	-0.14098	157.35681	23.58209	-0.58760	-1.37122	0.10203	-0.05144	-0.03312	13.03591	-2.30677	-5.09430	0.08472	-0.06324	-0.04106	-4.56466	13.52382	2.74276	0.02100	-0.00495	-0.00878	10.05984	3.98208	175.20720	-0.83686	169.99414	12.77170	-11.39067	-21.68332	13.97869	21.46215	0.23036	10.76035	0.65440	5.39966	0.26379	0.19138	0.14616	4.37445	5.44755	-13.87010	0.29271	0.05150	-0.00406	11.75455	-8.65314	16.07699	1.09683	-15.05822	24.42787	-1.79463	-3.30149	0.07651	-0.09362	-0.01523	14.22507	-1.93383	-4.93464	0.13611	-0.07480	-0.02208	-3.00635	13.92458	2.55998	0.09708	-0.00904	-0.03382	10.98151	4.50920	-8.84999	1.57041	-16.16550
27	12.66279	-8.88984	-15.17051	-8.70890	45.61345	-0.10676	10.80186	3.42481	-2.49374	0.52867	0.40408	0.43690	4.89852	3.52408	-15.86148	0.20775	0.05414	0.03760	12.71930	-6.85122	-168.17839	-0.12937	157.30542	23.75988	-0.57516	-1.00010	0.13711	-0.05414	-0.03724	13.32640	-2.12874	-5.69894	0.07265	-0.05936	-0.03172	-4.36720	13.40076	2.91902	0.04091	-0.00440	-0.01688	10.23758	3.99139	175.25349	-0.79073	169.98639	12.18471	-11.45726	-21.39108	13.66434	23.07080	0.21212	10.45601	0.77634	4.58854	0.25702	0.20847	0.12348	4.38425	5.47992	-13.79204	0.28738	0.05059	-0.01254	11.49221	-8.82737	16.48192	1.08639	-15.04646	24.52611	-1.79531	-3.14474	0.08653	-0.10573	-0.01052	14.30731	-1.80369	-5.18325	0.14726	-0.07996	-0.01248	-2.85093	13.85175	2.72928	0.09928	-0.01531	-0.03275	11.20399	4.48153	-8.95857	1.55557	-16.19748
28	12.14790	-8.93984	-15.38854	-6.60558	44.46566	-0.07559	10.33540	3.50821	-2.80119	0.50334	0.40466	0.36846	4.77720	3.62921	-15.44281	0.25045	0.05057	0.03883	12.60265	-6.95383	-168.15956	-0.12832	157.26057	23.89960	-0.56522	-0.74177	0.15019	-0.06309	-0.03040	13.57829	-1.98158	-6.21822	0.08303	-0.06174	-0.03083	-4.17780	13.27971	3.11403	0.03945	-0.00630	-0.01591	10.40461	3.98923	175.30725	-0.74692	169.97798	11.62571	-11.51179	-21.18395	13.21963	23.86874	0.18971	10.18930	0.86523	3.86736	0.24903	0.22071	0.10507	4.41021	5.51486	-13.72103	0.29675	0.05498	-0.02037	11.23413	-8.99090	16.88131	1.07534	-15.04190	24.57483	-1.80540	-3.05924	0.10909	-0.10960	-0.00413	14.33531	-1.71742	-5.34434	0.15034	-0.07686	0.00179	-2.70608	13.79815	2.88444	0.10478	-0.01216	-0.03134	11.41085	4.44051	-9.06348	1.54420	-16.22364
29	11.66699	-8.92401	-15.67347	-5.70221	44.32508	-0.05898	9.92005	3.49151	-3.19724	0.49073	0.40480	0.31718	4.65750	3.75434	-14.86553	0.27594	0.04282	0.03775	12.45538	-7.05894	-168.14185	-0.13767	157.22421	23.99547	-0.54851	-0.62917	0.15101	-0.07059	-0.01967	13.78240	-1.88122	-6.57117	0.09415	-0.06660	-0.02815	-3.98526	13.16623	3.26790	0.03835	-0.01232	-0.01494	10.56249	3.98319	175.37802	-0.70512	169.97165	11.09416	-11.53947	-21.08761	12.33980	23.79847	0.16205	9.95352	0.91781	3.31801	0.24451	0.21924	0.09159	4.45402	5.54156	-13.69920	0.30101	0.05290	-0.02736	10.98405	-9.13384	17.26217	1.06317	-15.04211	24.57122	-1.82747	-3.08909	0.12740	-0.09587	0.00570	14.29849	-1.68964	-5.34119	0.15472	-0.06563	0.01854	-2.56792	13.76640	2.97951	0.11196	-0.00977	-0.02881	11.60363	4.38228	-9.15014	1.53573	-16.24037
30	11.22110	-8.85633	-16.01666	-4.42799	44.73214	-0.04175	9.54894	3.40176	-3.55162	0.46740	0.40550	0.27647	4.54339	3.87808	-14.26627	0.30273	0.03487	0.03732	12.28342	-7.16496	-168.12254	-0.15732	157.19681	24.04958	-0.51731	-0.66537	0.15149	-0.05484	-0.01012	13.93789	-1.83153	-6.73115	0.10169	-0.05681	-0.02343	-3.78601	13.06216	3.35297	0.04130	-0.00968	-0.01536	10.71274	3.98202	175.46851	-0.66504	169.96906	10.58787	-11.53055	-21.10617	12.73239	23.93203	0.15268	9.74561	0.93748	2.96284	0.23233	0.22371	0.07659	4.51550	5.55048	-13.73266	0.30769	0.05605	-0.03454	10.74224	-9.24930	17.61357	1.04920	-15.04586	24.51728	-1.86206	-3.25681	0.12725	-0.07801	0.01529	14.19199	-1.72511	-5.14254	0.16549	-0.05449	0.03841	-2.43792	13.75284	2.99672	0.11765	-0.00376	-0.02440	11.78395	4.30394	-9.20922	1.52946	-16.24595
31	10.79562	-8.76147	-16.42247	-3.35062	46.24836	-0.02972	9.20961	3.27115	-3.74374	0.44587	0.41346	0.25115	4.44168	3.99004	-13.76029	0.31692	0.03101	0.03486	12.09144	-7.27062	-168.10036	-0.18677	157.17732	24.07023	-0.46685	-0.82883	0.14120	-0.02800	-0.00270	14.05123	-1.82619	-6.71817	0.11245	-0.04655	-0.01961	-3.58258	12.96642	3.37106	0.04721	-0.01047	-0.01659	10.85627	3.99289	175.57503	-0.62645	169.97047	10.10527	-11.48182	-21.22262	10.76194	25.31254	0.11855	9.56679	0.93083	2.77356	0.24571	0.22851	0.06902	4.59253	5.53621	-13.80126	0.31067	0.05947	-0.04125	10.50578	-9.33492	17.92783	1.03273	-15.05321	24.41802	-1.91017	-3.56649	0.14170	-0.06936	0.02629	14.01490	-1.81891	-4.76294	0.16601	-0.05456	0.05716	-2.32283	13.75008	2.94835	0.12904	-0.00635	-0.01963	11.95358	4.20325	-9.23483	1.52516	-16.24114
32	10.37845	-8.66100	-16.87802	-1.91098	47.47959	-0.01647	8.89359	3.12278	-3.72262	0.41795	0.42053	0.22859	4.35818	4.09020	-13.41167	0.33030	0.02509	0.03251	11.88346	-7.37609	-168.07561	-0.22444	157.16357	24.06811	-0.39663	-1.08147	0.13815	0.00227	0.00168	14.13287	-1.85320	-6.58141	0.11768	-0.02943	-0.01568	-3.38089	12.87753	3.34196	0.05990	-0.00203	-0.01972	10.99276	4.01848	175.68936	-0.58933	169.97482	9.64509	-11.39577	-21.40327	8.50182	25.64552	0.08727	9.41932	0.90306	2.69504	0.26236	0.22213	0.06006	4.68177	5.49946	-13.87937	0.30877	0.05894	-0.04635	10.26960	-9.39291	18.20100	1.01347	-15.06549	24.27974	-1.97610	-4.00580	0.13650	-0.06062	0.03274	13.76890	-1.95637	-4.25254	0.18161	-0.05586	0.08252	-2.23283	13.74972	2.86713	0.12385	-0.00857	-0.01150	12.11444	4.07824	-9.22199	1.52321	-16.22840
33	9.96564	-8.57061	-17.34408	-0.94529	47.83509	-0.00811	8.59468	2.97304	-3.52624	0.38983	0.41668	0.20783	4.29080	4.18019	-13.22229	0.33816	0.01713	0.03198	11.66320	-7.48416	-168.04964	-0.26724	157.15292	24.05253	-0.31176	-1.37876	0.14197	0.01792	0.00450	14.19297	-1.89875	-6.38031	0.11992	-0.02338	-0.01237	-3.18789	12.79509	3.29256	0.06978	-0.00010	-0.02135	11.12128	4.05590	175.80116	-0.55393	169.98026	9.20612	-11.27894	-21.60597	7.61214	25.76954	0.07424	9.30277	0.85708	2.67028	0.26639	0.21854	0.04795	4.77906	5.44408	-13.95293	0.32051	0.05918	-0.05139	10.02875	-9.42922	18.43264	0.99176	-15.08503	24.10941	-2.06732	-4.54633	0.14488	-0.04560	0.04112	13.45712	-2.11411	-3.68120	0.18867	-0.04964	0.10610	-2.17890	13.74407	2.79039	0.11833	-0.00493	-0.00355	12.26889	3.92791	-9.16551	1.52426	-16.21058
34	9.55691	-8.50261	-17.77340	-1.27874	47.27511	-0.01113	8.30724	2.83676	-3.24974	0.37066	0.40448	0.19182	4.23057	4.25782	-13.14504	0.33791	0.01283	0.03372	11.43338	-7.59970	-168.02405	-0.31076	157.14313	24.02846	-0.22287	-1.68044	0.11602	0.03126	0.00543	14.23734	-1.94913	-6.16676	0.15060	-0.01683	-0.01136	-3.00936	12.71927	3.24708	0.05668	-0.00451	-0.01599	11.24100	4.09770	175.90065	-0.52068	169.98512	8.78674	-11.14017	-21.79171	6.51454	26.68504	0.06150	9.21246	0.79651	2.65744	0.27390	0.22270	0.03839	4.87924	5.37057	-14.02427	0.33170	0.06174	-0.05318	9.77948	-9.45126	18.62541	0.96859	-15.11462	23.91333	-2.19131	-5.14531	0.16094	-0.03842	0.05199	13.08285	-2.26406	-3.12272	0.18179	-0.05163	0.12200	-2.16964	13.72722	2.74577	0.12697	-0.00445	0.00450	12.41973	3.75358	-9.06020	1.52918	-16.18974
35	9.15124	-8.46664	-18.12969	-1.21775	46.61654	-0.01094	8.02814	2.72714	-2.99371	0.34957	0.39224	0.17395	4.16866	4.31877	-13.11657	0.33826	0.00652	0.03672	11.19556	-7.72718	-167.99989	-0.35044	157.13255	23.99652	-0.14257	-1.95909	0.11748	0.04033	0.00744	14.26557	-1.99335	-5.97313	0.16048	-0.01447	-0.00647	-2.84872	12.65034	3.22040	0.06549	-0.00242	-0.01689	11.35289	4.13512	175.98103	-0.49016	169.98843	8.38576	-10.98886	-21.93228	4.72461	27.89006	0.04368	9.14164	0.72831	2.63392	0.29172	0.22429	0.03231	4.97715	5.27245	-14.10682	0.33640	0.06275	-0.05087	9.52008	-9.46538	18.78438	0.94564	-15.15690	23.69293	-2.35091	-5.75217	0.18122	-0.04486	0.06710	12.64712	-2.37990	-2.64034	0.17105	-0.06260	0.13453	-2.20823	13.69546	2.74291	0.12786	-0.00357	0.01281	12.56895	3.55956	-8.90230	1.53930	-16.16714
36	8.74510	-8.46725	-18.39304	-1.72684	45.08033	-0.01621	7.75723	2.65444	-2.82828	0.33203	0.37227	0.15692	4.10193	4.35919	-13.08851	0.33593	0.00194	0.03815	10.95067	-7.86752	-167.97691	-0.38274	157.12001	23.95448	-0.08085	-2.20439	0.11123	0.04337	0.00950	14.27112	-2.02598	-5.80917	0.17719	-0.01275	0.00204	-2.70721	12.58939	3.21698	0.06644	-0.00245	-0.01543	11.46076	4.16115	176.03989	-0.46307	169.99001	8.00304	-10.83283	-22.01234	2.84582	30.25638	0.02585	9.08474	0.66170	2.59083	0.30947	0.23669	0.02675	5.07003	5.13861	-14.21570	0.34524	0.06855	-0.04867	9.25125	-9.47524	18.91598	0.92537	-15.21391	23.44056	-2.54166	-6.32029	0.16986	-0.04414	0.07447	12.14662	-2.44337	-2.27498	0.17545	-0.07059	0.16000	-2.29077	13.64738	2.77277	0.11198	-0.00687	0.01783	12.71582	3.35275	-8.69021	1.55654	-16.14344
37	8.33524	-8.50180	-18.55800	-0.42849	44.76059	-0.00421	7.49665	2.62336	-2.77833	0.29665	0.36690	0.13117	4.03301	4.37600	-13.04378	0.35405	-0.00120	0.03908	10.69974	-8.01706	-167.95413	-0.40563	157.10468	23.89797	-0.04316	-2.42230	0.14098	0.05555	0.01655	14.24147	-2.04731	-5.66578	0.17078	-0.00868	0.01514	-2.58539	12.53786	3.23336	0.08615	-0.00120	-0.01751	11.57096	4.17141	176.07909	-0.44019	169.99028	7.63918	-10.67754	-22.02770	-0.42982	30.97877	-0.00383	9.04136	0.60572	2.52442	0.33145	0.23075	0.01865	5.16116	4.95975	-14.35880	0.35196	0.06791	-0.05048	8.97605	-9.48186	19.02655	0.91073	-15.28671	23.14289	-2.75357	-6.82093	0.17256	-0.04958	0.09121	11.57657	-2.44715	-2.03789	0.16444	-0.08024	0.17126	-2.40731	13.58419	2.81349	0.10912	-0.01027	0.02267	12.85701	3.14123	-8.42417	1.58328	-16.11963
38	7.92213	-8.56114	-18.63186	-0.15283	43.14239	-0.00155	7.25067	2.62881	-2.82567	0.27781	0.35350	0.11288	3.96835	4.36890	-12.99542	0.35194	0.00021	0.03429	10.44475	-8.16926	-167.93045	-0.41864	157.08626	23.81960	-0.03129	-2.62926	0.15495	0.06987	0.02549	14.15929	-2.06071	-5.52307	0.17785	0.00173	0.03483	-2.48410	12.49637	3.26185	0.09044	0.00016	-0.01528	11.69011	4.16360	176.10350	-0.42228	169.99008	7.29358	-10.52728	-21.98307	-1.60200	31.05631	-0.01399	9.01860	0.56694	2.43245	0.33304	0.22904	0.00332	5.26172	4.73637	-14.53329	0.36708	0.06960	-0.06202	8.69883	-9.48499	19.12137	0.90385	-15.37446	22.79000	-2.97509	-7.24856	0.19761	-0.05818	0.12454	10.93774	-2.39310	-1.91376	0.13567	-0.08649	0.15753	-2.54484	13.50998	2.84056	0.11668	-0.00726	0.02835	12.98826	2.93334	-8.10693	1.62208	-16.09755
39	7.50875	-8.63198	-18.63229	0.14380	42.62048	0.00149	7.02434	2.65504	-2.92403	0.26100	0.34748	0.09578	3.91600	4.34281	-12.97364	0.35187	-0.00168	0.02679	10.18768	-8.31663	-167.90524	-0.42260	157.06476	23.70920	-0.04551	-2.84454	0.15413	0.08036	0.03547	14.00604	-2.07035	-5.35942	0.19200	0.00811	0.06363	-2.40485	12.46439	3.29376	0.09304	0.00153	-0.01196	11.82240	4.13612	176.11966	-0.41000	169.99017	6.96384	-10.38523	-21.88872	-3.08341	31.45511	-0.02647	9.02787	0.54744	2.31477	0.33639	0.22599	-0.01754	5.38515	4.48312	-14.72791	0.38742	0.06642	-0.08241	8.42370	-9.48434	19.20456	0.90352	-15.47302	22.37978	-3.19518	-7.60479	0.19982	-0.04835	0.14611	10.23945	-2.28808	-1.88420	0.12679	-0.08109	0.15942	-2.69152	13.43183	2.83821	0.11339	-0.00444	0.02990	13.10537	2.73698	-7.74564	1.67473	-16.07952
40	7.09887	-8.69865	-18.58167	0.14554	41.82328	0.00151	6.82102	2.68153	-3.02222	0.25010	0.34149	0.08207	3.88195	4.30497	-13.00719	0.34192	-0.00015	0.01770	9.92959	-8.45183	-167.87915	-0.41927	157.04063	23.55554	-0.08579	-3.08471	0.13948	0.06920	0.04374	13.76630	-2.08108	-5.15795	0.21679	-0.00044	0.10535	-2.34987	12.44111	3.32221	0.08161	-0.00409	-0.00665	11.96766	4.08677	176.13414	-0.40369	169.99136	6.64582	-10.25307	-21.75709	-5.18831	31.58855	-0.04407	9.07589	0.54512	2.17488	0.34748	0.22364	-0.04100	5.53630	4.22332	-14.92779	0.40231	0.06783	-0.10373	8.15298	-9.48062	19.27917	0.90357	-15.57440	21.91709	-3.40397	-7.87381	0.21066	-0.03736	0.17266	9.49840	-2.14140	-1.95831	0.11804	-0.07167	0.15561	-2.83976	13.36066	2.80904	0.10683	-0.00189	0.02885	13.20530	2.55890	-7.35285	1.74129	-16.06685
41	6.69834	-8.74454	-18.50137	0.52654	42.18377	0.00530	6.64082	2.69241	-3.08473	0.23137	0.34294	0.06751	3.86670	4.25796	-13.10796	0.35178	0.00153	0.01104	9.67175	-8.56835	-167.85423	-0.41068	157.01439	23.34908	-0.15311	-3.36098	0.13737	0.07851	0.05606	13.43283	-2.09962	-4.90904	0.23007	0.00471	0.14788	-2.32223	12.42554	3.34386	0.07910	-0.00761	-0.00224	12.11920	4.00968	176.15201	-0.40348	169.99442	6.33338	-10.13136	-21.60299	-7.30200	31.98881	-0.06215	9.16026	0.55544	2.01822	0.36289	0.22058	-0.06285	5.70930	3.97851	-15.11640	0.41104	0.06488	-0.11978	7.88667	-9.47513	19.34721	0.89576	-15.66974	21.41538	-3.59229	-8.02779	0.21118	-0.03222	0.18543	8.73916	-1.96842	-2.17002	0.11330	-0.06553	0.15075	-2.98697	13.31136	2.77759	0.09889	-0.00561	0.02606	13.28741	2.40434	-6.94566	1.81919	-16.05833
42	6.31787	-8.75645	-18.40841	-0.57955	42.42152	-0.00546	6.48297	2.67956	-3.10155	0.23026	0.34486	0.05899	3.86505	4.19937	-13.26517	0.34494	0.00997	0.00703	9.41715	-8.66259	-167.83302	-0.39866	156.98654	23.08637	-0.24789	-3.68020	0.13195	0.10213	0.06580	13.00965	-2.13574	-4.61031	0.23169	0.01855	0.18222	-2.32546	12.41622	3.35962	0.08486	0.00200	0.00256	12.26496	3.89549	176.17683	-0.40961	170.00020	6.01815	-10.02035	-21.44390	-7.57509	33.68220	-0.06570	9.27122	0.57417	1.84827	0.36811	0.23307	-0.07699	5.89459	3.76163	-15.27658	0.42358	0.06685	-0.13230	7.62283	-9.46905	19.40956	0.87503	-15.75427	20.89930	-3.75030	-8.05846	0.19849	-0.01621	0.17586	7.99337	-1.79375	-2.53764	0.10745	-0.04901	0.13801	-3.13467	13.29943	2.77854	0.10043	-0.00179	0.02508	13.35411	2.27732	-6.54345	1.90298	-16.05030
43	5.97096	-8.72776	-18.31703	-2.65521	42.02013	-0.02221	6.34729	2.64127	-3.08354	0.23951	0.33640	0.05236	3.86833	4.12549	-13.45020	0.33190	0.01209	0.00717	9.16987	-8.73500	-167.81683	-0.38465	156.95796	22.77471	-0.36298	-4.04870	0.15419	0.10692	0.08796	12.50762	-2.19889	-4.26726	0.21566	0.01822	0.19734	-2.36322	12.41081	3.37355	0.09911	-0.00046	0.00923	12.39686	3.74145	176.21490	-0.42270	170.00967	5.69071	-9.92034	-21.29848	-10.45957	34.45107	-0.09400	9.39643	0.59861	1.66777	0.39245	0.23129	-0.08839	6.08560	3.57808	-15.39441	0.42422	0.06663	-0.13882	7.35880	-9.46294	19.46587	0.84156	-15.82902	20.40258	-3.86828	-7.99062	0.18762	-0.00369	0.15592	7.29454	-1.64236	-3.04198	0.09969	-0.03249	0.11794	-3.28869	13.33263	2.84485	0.10701	-0.00302	0.02551	13.41065	2.18096	-6.16619	1.98503	-16.03797
44	5.67198	-8.65817	-18.24313	-3.19133	42.31857	-0.02201	6.23493	2.57998	-3.04747	0.23909	0.33721	0.04208	3.86640	4.03209	-13.62812	0.32292	0.01565	0.01132	8.93373	-8.78961	-167.80530	-0.36969	156.92943	22.42778	-0.48244	-4.47119	0.14962	0.12116	0.09298	11.93358	-2.29032	-3.89499	0.21583	0.02257	0.22415	-2.43892	12.40634	3.39113	0.09450	0.00576	0.01505	12.51835	3.55910	176.27800	-0.44361	170.02354	5.34232	-9.83181	-21.18230	-10.47787	33.79887	-0.09888	9.52552	0.62811	1.48145	0.38031	0.22668	-0.08671	6.28137	3.42921	-15.46334	0.44837	0.06294	-0.15479	7.09261	-9.45675	19.51459	0.79887	-15.89861	19.95974	-3.94019	-7.86996	0.18089	0.01008	0.12977	6.66914	-1.52694	-3.62685	0.09388	-0.01467	0.09798	-3.45739	13.40667	2.99278	0.10671	-0.00229	0.02553	13.46431	2.11765	-5.83267	2.05654	-16.01642
45	5.43440	-8.55023	-18.20540	-3.87441	42.69499	-0.01972	6.14914	2.49754	-3.00376	0.23964	0.33966	0.03011	3.85069	3.91590	-13.76957	0.32281	0.02196	0.01826	8.71123	-8.83183	-167.79666	-0.35454	156.90138	22.05516	-0.59263	-4.94302	0.14382	0.15210	0.09521	11.28761	-2.39920	-3.51740	0.22479	0.03068	0.26173	-2.55524	12.40095	3.41788	0.07764	0.00288	0.01760	12.63745	3.36627	176.37877	-0.47342	170.04214	4.96705	-9.75461	-21.10323	-10.90766	33.16060	-0.10858	9.65366	0.66304	1.29483	0.36963	0.22266	-0.08429	6.48674	3.31499	-15.48490	0.47880	0.06299	-0.17890	6.82389	-9.44963	19.55297	0.75144	-15.96877	19.59714	-3.96632	-7.74904	0.17807	0.03141	0.10056	6.13001	-1.44607	-4.21710	0.08228	0.00803	0.07345	-3.65045	13.50875	3.22190	0.11735	0.00319	0.03017	13.52293	2.08865	-5.55763	2.10900	-15.98111
46	5.26718	-8.40841	-18.21973	-4.86288	43.85387	-0.01563	6.09486	2.39355	-2.95573	0.24901	0.34738	0.01715	3.81735	3.77713	-13.85724	0.31679	0.02708	0.02410	8.50331	-8.86659	-167.78844	-0.33965	156.87344	21.65907	-0.69036	-5.44661	0.14940	0.13904	0.10446	10.56878	-2.50574	-3.16253	0.21397	0.01330	0.27552	-2.71296	12.39612	3.45747	0.07123	-0.00023	0.02081	12.75834	3.17681	176.52490	-0.51377	170.06540	4.56433	-9.68715	-21.06145	-12.62747	33.35312	-0.13117	9.78261	0.70332	1.11297	0.37484	0.22006	-0.08869	6.70974	3.23420	-15.46573	0.49548	0.05928	-0.20486	6.55420	-9.44020	19.57749	0.70292	-16.04451	19.32599	-3.95320	-7.67665	0.18721	0.04640	0.07547	5.67442	-1.39120	-4.73961	0.06412	0.02307	0.04838	-3.87538	13.62496	3.52028	0.12297	0.00385	0.03515	13.59250	2.09304	-5.34935	2.13672	-15.92974
47	5.16429	-8.24330	-18.28974	-4.44512	44.50968	-0.00803	6.07420	2.27092	-2.90626	0.25245	0.35582	0.00373	3.77155	3.62199	-13.88941	0.31288	0.03056	0.02434	8.30892	-8.89814	-167.77766	-0.32534	156.84433	21.24166	-0.77971	-5.95613	0.16867	0.14622	0.12230	9.78340	-2.58745	-2.85811	0.19404	0.01005	0.26966	-2.90995	12.39810	3.51072	0.06497	-0.00256	0.02283	12.88100	3.00007	176.71866	-0.56724	170.09225	4.14218	-9.62586	-21.05355	-14.72425	33.27655	-0.15437	9.92054	0.74595	0.94260	0.38778	0.21454	-0.10230	6.95655	3.18266	-15.41390	0.50415	0.05874	-0.22975	6.28691	-9.42632	19.58396	0.65462	-16.12815	19.13939	-3.91128	-7.68729	0.17130	0.05542	0.04488	5.28804	-1.35260	-5.14077	0.06064	0.03076	0.03891	-4.12973	13.74523	3.86591	0.11906	0.00675	0.03653	13.67451	2.12722	-5.20894	2.14159	-15.86618
48	5.09669	-8.07658	-18.39862	-2.74880	45.76027	-0.00385	6.08145	2.14311	-2.86507	0.24668	0.37200	-0.00584	3.72978	3.46428	-13.88031	0.32288	0.03713	0.01563	8.12618	-8.93043	-167.76143	-0.31206	156.81184	20.81443	-0.86632	-6.43936	0.19152	0.16494	0.13786	8.95249	-2.62408	-2.63283	0.15989	0.01728	0.23043	-3.14127	12.41726	3.57657	0.07842	0.00241	0.03137	13.00322	2.84294	176.95729	-0.63712	170.12054	3.72158	-9.56709	-21.07195	-16.23983	32.76636	-0.16156	10.08076	0.78485	0.79002	0.38812	0.20617	-0.12223	7.22478	3.15152	-15.33610	0.53143	0.05429	-0.25666	6.02719	-9.40533	19.56773	0.60464	-16.21812	19.01772	-3.85303	-7.79359	0.16349	0.06241	0.02593	4.95466	-1.32115	-5.39461	0.05607	0.03603	0.03096	-4.39434	13.86486	4.22487	0.10842	0.00756	0.03256	13.76515	2.18447	-5.13130	2.13643	-15.80362
49	5.01998	-7.93641	-18.51793	-2.70192	46.77362	-0.00568	6.10359	2.03279	-2.84574	0.25281	0.37774	-0.00998	3.71391	3.32146	-13.85229	0.33050	0.03754	-0.00366	7.95314	-8.96623	-167.73734	-0.30061	156.77361	20.40294	-0.95489	-6.85531	0.17759	0.16198	0.11824	8.11653	-2.60157	-2.52188	0.15112	0.01078	0.21391	-3.39969	12.46647	3.65610	0.07106	-0.00209	0.03077	13.12089	2.71014	177.23203	-0.72653	170.14729	3.33614	-9.51038	-21.10173	-15.51745	32.18826	-0.13438	10.27754	0.81452	0.65745	0.36928	0.20530	-0.14198	7.50037	3.12905	-15.23877	0.57582	0.05457	-0.27696	5.78218	-9.37456	19.52459	0.54933	-16.31031	18.93750	-3.79138	-7.98561	0.16045	0.06775	0.01586	4.66363	-1.28858	-5.50210	0.04411	0.03942	0.02116	-4.63990	13.98149	4.55893	0.10653	0.01310	0.02796	13.85692	2.25578	-5.10702	2.13866	-15.75868
50	4.89622	-7.84577	-18.62918	-2.98771	47.75719	-0.01062	6.12708	1.96232	-2.85439	0.25179	0.37947	-0.00871	3.73915	3.20586	-13.82273	0.35250	0.03283	-0.02972	7.78787	-9.00601	-167.70361	-0.29186	156.72804	20.03921	-1.04895	-7.16144	0.19805	0.16739	0.11192	7.32694	-2.51457	-2.55837	0.11984	0.01440	0.15702	-3.67545	12.55945	3.75188	0.07733	-0.00368	0.03460	13.22868	2.60396	177.52806	-0.83715	170.16920	3.01866	-9.45765	-21.12180	-16.36275	31.52863	-0.11287	10.51783	0.83356	0.54184	0.36894	0.19462	-0.16693	7.76477	3.10597	-15.13082	0.60274	0.04598	-0.27227	5.56025	-9.33193	19.45178	0.48636	-16.40099	18.87507	-3.73621	-8.23615	0.15618	0.06139	0.01324	4.40718	-1.24839	-5.48587	0.03038	0.03592	0.01288	-4.84377	14.08919	4.84065	0.10795	0.01751	0.02210	13.94130	2.33257	-5.12463	2.15740	-15.73993
51	4.70515	-7.81672	-18.73410	-4.39550	47.65580	-0.02325	6.14199	1.94743	-2.88276	0.25842	0.37230	-0.00387	3.80750	3.11975	-13.79829	0.36643	0.03127	-0.05534	7.62816	-9.04855	-167.65948	-0.28515	156.67619	19.74651	-1.15057	-7.33182	0.18425	0.18314	0.08138	6.62517	-2.36642	-2.75983	0.12185	0.02761	0.14059	-3.95942	12.70784	3.87173	0.05840	-0.00295	0.02594	13.32229	2.52460	177.82660	-0.96872	170.18341	2.78128	-9.40685	-21.11085	-15.88658	31.38037	-0.08267	10.79284	0.84412	0.43815	0.35736	0.19491	-0.17630	8.00643	3.07887	-15.02479	0.63709	0.04268	-0.26103	5.36890	-9.27569	19.34803	0.41605	-16.48827	18.80616	-3.68929	-8.50932	0.15690	0.05502	0.01794	4.17506	-1.19840	-5.38180	0.01068	0.03151	0.00415	-4.99603	14.17890	5.05885	0.11638	0.01948	0.01610	14.01190	2.40991	-5.17253	2.18979	-15.74461
52	4.44215	-7.85236	-18.84782	-6.73860	48.40970	-0.04649	6.14235	1.99596	-2.91031	0.27244	0.36592	0.00293	3.90981	3.05809	-13.77877	0.38258	0.02129	-0.07559	7.47221	-9.09250	-167.60553	-0.27693	156.62280	19.52891	-1.25920	-7.36656	0.20242	0.20279	0.06648	6.02729	-2.16647	-3.11521	0.10232	0.04914	0.10117	-4.24432	12.91679	4.02302	0.06165	-0.00077	0.02631	13.40016	2.47108	178.10751	-1.11858	170.18819	2.61235	-9.34912	-21.05381	-15.78503	29.95539	-0.06224	11.08024	0.84802	0.34450	0.34567	0.18210	-0.17069	8.22380	3.05039	-14.93570	0.67312	0.03628	-0.24720	5.21263	-9.20391	19.21350	0.34081	-16.57163	18.70984	-3.64293	-8.76675	0.15345	0.05409	0.02680	3.95669	-1.14161	-5.23119	0.00124	0.03021	0.00045	-5.09345	14.24692	5.21321	0.11182	0.02003	0.00768	14.06662	2.48846	-5.24147	2.22837	-15.76521
53	4.11690	-7.94758	-18.98853	-8.79379	47.83635	-0.07042	6.12873	2.10480	-2.91089	0.28047	0.35897	0.00792	4.03202	3.01300	-13.76275	0.39529	0.01903	-0.08727	7.31915	-9.13754	-167.54398	-0.26214	156.57465	19.37118	-1.36900	-7.28834	0.22380	0.21668	0.05610	5.52312	-1.92851	-3.58803	0.08471	0.07059	0.07199	-4.52421	13.17712	4.20925	0.06044	0.00515	0.02408	13.46459	2.44251	178.35248	-1.28006	170.18390	2.49180	-9.27324	-20.94560	-16.76804	30.80741	-0.05260	11.35611	0.84384	0.26434	0.35149	0.18704	-0.16107	8.41941	3.02710	-14.87763	0.69265	0.03751	-0.22642	5.09212	-9.11500	19.05057	0.26384	-16.65120	18.57679	-3.58481	-8.96947	0.13089	0.05979	0.03163	3.74744	-1.08267	-5.07589	0.00788	0.03239	0.00276	-5.13611	14.29934	5.30852	0.09926	0.02101	0.00007	14.10768	2.57448	-5.32704	2.26777	-15.79523
54	3.75568	-8.08558	-19.16616	-10.60387	47.33873	-0.08801	6.11174	2.25415	-2.86406	0.28479	0.35368	0.00577	4.16135	2.97680	-13.75111	0.41487	0.01407	-0.09372	7.16885	-9.18412	-167.47870	-0.23754	156.53677	19.24725	-1.46588	-7.13747	0.25848	0.24193	0.05496	5.08722	-1.67402	-4.12383	0.05031	0.10108	0.03771	-4.79356	13.46090	4.42893	0.07848	0.00884	0.02834	13.52035	2.43830	178.54762	-1.44129	170.17281	2.40315	-9.16992	-20.79005	-18.16673	29.52640	-0.04801	11.60328	0.82912	0.20289	0.34935	0.17159	-0.13972	8.59433	3.01536	-14.85929	0.71796	0.02853	-0.20563	5.00417	-9.00775	18.86447	0.18812	-16.72709	18.41319	-3.50342	-9.08204	0.12253	0.06943	0.03561	3.55047	-1.02479	-4.95224	0.00530	0.03538	0.00170	-5.12849	14.34789	5.35178	0.09435	0.01934	-0.00561	14.14004	2.67745	-5.43026	2.30595	-15.83084
55	3.39765	-8.24032	-19.36858	-12.74332	46.08265	-0.09866	6.11103	2.41083	-2.77190	0.29728	0.34435	-0.00628	4.29000	2.94360	-13.74604	0.42386	0.01068	-0.09378	7.02137	-9.23349	-167.41487	-0.20337	156.51062	19.13580	-1.52900	-6.96679	0.26784	0.25535	0.05289	4.69584	-1.43552	-4.65920	0.03189	0.12444	0.02156	-5.04706	13.73471	4.67707	0.08149	0.00855	0.02567	13.57309	2.45793	178.68500	-1.58950	170.15706	2.33571	-9.03239	-20.59443	-19.14892	27.82695	-0.04453	11.81292	0.80315	0.16050	0.34606	0.15434	-0.11591	8.74782	3.01920	-14.88145	0.73520	0.02504	-0.18184	4.94306	-8.88100	18.66242	0.11564	-16.79934	18.23713	-3.39088	-9.07796	0.11078	0.08571	0.03382	3.37553	-0.96870	-4.88527	0.00460	0.04264	0.00125	-5.07824	14.40291	5.35018	0.09361	0.02185	-0.01032	14.16905	2.80693	-5.55586	2.34278	-15.87013
56	3.07795	-8.38708	-19.56229	-13.51750	44.92348	-0.09016	6.14450	2.54333	-2.66122	0.29822	0.33836	-0.02554	4.41474	2.91125	-13.74846	0.43981	0.00940	-0.09410	6.87580	-9.28648	-167.35857	-0.16256	156.49429	19.02907	-1.53838	-6.83197	0.25488	0.27267	0.04705	4.33820	-1.25198	-5.13307	0.02421	0.14712	0.01485	-5.27722	13.98294	4.94584	0.07753	0.01170	0.02010	13.62870	2.50137	178.76369	-1.71840	170.13606	2.28323	-8.85662	-20.36514	-19.22297	25.82077	-0.04043	11.98605	0.76813	0.12778	0.32202	0.13507	-0.09067	8.88180	3.04141	-14.93577	0.78060	0.01386	-0.17088	4.90261	-8.73353	18.45267	0.04719	-16.86790	18.07164	-3.24434	-8.94163	0.09871	0.09734	0.02795	3.23863	-0.91042	-4.88690	-0.00008	0.04778	-0.00002	-4.99178	14.46700	5.31038	0.10140	0.02205	-0.01578	14.19847	2.97099	-5.71036	2.37775	-15.91105
57	2.81233	-8.51095	-19.71422	-14.81668	44.47378	-0.08209	6.21835	2.63470	-2.56393	0.31215	0.33229	-0.04763	4.53567	2.88218	-13.75571	0.44095	0.00590	-0.09183	6.73032	-9.34174	-167.31628	-0.11958	156.48418	18.92917	-1.48124	-6.78132	0.22838	0.26864	0.03728	4.01171	-1.15460	-5.49468	0.02892	0.15174	0.01604	-5.47604	14.20890	5.22387	0.06002	0.01312	0.01186	13.69376	2.56990	178.79019	-1.82884	170.10774	2.24224	-8.64310	-20.10531	-19.50118	26.06839	-0.03809	12.13456	0.72903	0.08388	0.31848	0.13447	-0.08078	9.00529	3.08466	-15.00537	0.79551	0.01330	-0.16886	4.87821	-8.56473	18.24342	-0.01738	-16.93293	17.93579	-3.06389	-8.66898	0.09163	0.10619	0.02141	3.15672	-0.84086	-4.95644	-0.00347	0.05175	-0.00030	-4.87197	14.53290	5.23881	0.10331	0.02282	-0.02087	14.22950	3.17632	-5.90083	2.40871	-15.95024
58	2.59725	-8.60697	-19.80772	-14.61761	44.17389	-0.06806	6.32676	2.68305	-2.50005	0.31009	0.32965	-0.06383	4.65406	2.86158	-13.76214	0.45372	0.00362	-0.09320	6.58341	-9.39573	-167.29405	-0.07878	156.47633	18.84155	-1.35308	-6.84692	0.22499	0.25307	0.02945	3.71466	-1.15108	-5.70774	0.01349	0.14367	0.00667	-5.63828	14.41324	5.49512	0.06266	0.00922	0.00851	13.77462	2.66590	178.77641	-1.92266	170.07205	2.20938	-8.39851	-19.81378	-21.17078	27.41863	-0.04013	12.27514	0.69440	0.00289	0.33481	0.13698	-0.08425	9.13238	3.14855	-15.07165	0.80416	0.00818	-0.18431	4.86801	-8.37454	18.04165	-0.07864	-16.99471	17.83982	-2.84750	-8.26959	0.06776	0.12291	0.01156	3.14327	-0.75090	-5.08012	0.00430	0.06336	-0.00017	-4.71777	14.59051	5.14104	0.10340	0.02687	-0.02617	14.26056	3.42918	-6.13349	2.43337	-15.98405
59	2.42003	-8.67642	-19.84021	-15.15023	43.68672	-0.06234	6.45839	2.69583	-2.47569	0.31596	0.31960	-0.07572	4.77140	2.85221	-13.76240	0.46045	-0.00370	-0.09452	6.43523	-9.44427	-167.29710	-0.04263	156.46812	18.77320	-1.15778	-7.03424	0.22765	0.26741	0.02107	3.45033	-1.22432	-5.75772	-0.00760	0.15411	-0.00323	-5.76008	14.58331	5.74101	0.07460	0.02100	0.00581	13.87311	2.78961	178.73457	-1.99912	170.03239	2.18137	-8.13446	-19.48148	-19.64295	26.78841	-0.03818	12.42026	0.67546	-0.13818	0.31230	0.13478	-0.08267	9.27450	3.22560	-15.12493	0.84058	0.00423	-0.21900	4.87275	-8.16287	17.85201	-0.13721	-17.05345	17.78505	-2.58893	-7.76521	0.04593	0.14316	0.00488	3.20646	-0.63800	-5.23419	0.00883	0.07896	-0.00155	-4.52744	14.63539	5.02247	0.11286	0.03163	-0.03448	14.28670	3.73507	-6.41306	2.45045	-16.00958
60	2.26571	-8.72349	-19.81759	-15.75146	43.98986	-0.06131	6.60205	2.68449	-2.48551	0.32161	0.31911	-0.08210	4.88892	2.84923	-13.75457	0.47026	-0.00214	-0.09738	6.28663	-9.48374	-167.32889	-0.01099	156.45882	18.72607	-0.91431	-7.31534	0.21982	0.25514	0.01544	3.22678	-1.34192	-5.66250	-0.01945	0.13912	-0.00676	-5.84182	14.70137	5.95067	0.07862	0.02106	0.00239	13.97965	2.93181	178.66998	-2.05657	169.99324	2.15597	-7.86231	-19.09041	-19.56465	25.26447	-0.04072	12.57425	0.68303	-0.35646	0.30699	0.12191	-0.08605	9.43630	3.30441	-15.16738	0.85809	-0.00383	-0.25280	4.89458	-7.92864	17.67587	-0.19362	-17.10924	17.76695	-2.27948	-7.18333	0.02703	0.16409	0.00128	3.34741	-0.51138	-5.39382	0.01403	0.09549	-0.00432	-4.30496	14.66978	4.89306	0.12442	0.03435	-0.04371	14.30024	4.09681	-6.74344	2.45808	-16.02367
61	2.12133	-8.75187	-19.75130	-15.46757	43.58359	-0.06029	6.74909	2.66000	-2.51498	0.31773	0.31441	-0.08157	5.00768	2.84123	-13.74181	0.48210	-0.00397	-0.10128	6.13840	-9.51087	-167.39067	0.01824	156.44878	18.68306	-0.66589	-7.63382	0.20613	0.25211	0.01924	3.04512	-1.46109	-5.47138	-0.02104	0.12976	-0.00583	-5.89328	14.75307	6.12982	0.07349	0.02073	-0.00007	14.06867	3.06858	178.57539	-2.09443	169.95824	2.13254	-7.58801	-18.61942	-19.84600	23.57700	-0.04506	12.73523	0.72420	-0.66227	0.30045	0.10532	-0.08706	9.61683	3.37757	-15.20746	0.88180	-0.01462	-0.28530	4.93574	-7.66921	17.51135	-0.24821	-17.16196	17.77878	-1.91096	-6.55123	0.00441	0.17439	-0.00003	3.56196	-0.39282	-5.53942	0.03193	0.10536	-0.01392	-4.06047	14.69968	4.76825	0.11964	0.03498	-0.04633	14.29301	4.51236	-7.12851	2.45255	-16.02275
62	1.97785	-8.76319	-19.65483	-15.83414	42.96795	-0.06340	6.89336	2.63060	-2.54645	0.32033	0.30857	-0.07985	5.12849	2.81771	-13.73106	0.48862	-0.00277	-0.10460	5.99169	-9.52249	-167.48140	0.04735	156.43744	18.61175	-0.46824	-7.92124	0.19278	0.24296	0.03243	2.89898	-1.53949	-5.24778	-0.01713	0.11827	-0.00370	-5.92841	14.73293	6.29556	0.05930	0.01705	-0.00122	14.10747	3.16932	178.43460	-2.11364	169.92978	2.11109	-7.31092	-18.05304	-21.30104	23.07485	-0.05224	12.89747	0.80131	-1.05744	0.31423	0.10117	-0.09087	9.81208	3.44357	-15.25286	0.87907	-0.01341	-0.30219	4.99779	-7.38093	17.35374	-0.30121	-17.21092	17.81667	-1.48251	-5.89377	-0.01192	0.20371	0.00075	3.84874	-0.30696	-5.65416	0.04291	0.12645	-0.02439	-3.80247	14.73026	4.66139	0.13622	0.03903	-0.05686	14.25947	4.97308	-7.57103	2.42871	-16.00407
63	1.83237	-8.75818	-19.54018	-17.22070	42.02074	-0.06979	7.03234	2.60091	-2.56608	0.32793	0.29576	-0.07865	5.25235	2.77655	-13.72866	0.49624	-0.00613	-0.10923	5.84951	-9.51665	-167.59868	0.07728	156.42294	18.48604	-0.35870	-8.11472	0.17069	0.23401	0.04616	2.78619	-1.55857	-5.04764	-0.01410	0.10884	-0.00219	-5.95353	14.65232	6.46021	0.05964	0.01661	-0.00244	14.07299	3.21434	178.23314	-2.11603	169.90938	2.09276	-7.02548	-17.38788	-21.37601	21.02421	-0.05398	13.05439	0.91162	-1.53500	0.29956	0.08644	-0.08399	10.01667	3.50220	-15.30619	0.90822	-0.01917	-0.32201	5.08144	-7.06107	17.19682	-0.35301	-17.25479	17.88416	-1.00772	-5.23300	-0.01130	0.23363	0.00149	4.21441	-0.26763	-5.71913	0.05243	0.14451	-0.03745	-3.53290	14.75986	4.57451	0.15178	0.03945	-0.06765	14.19802	5.46332	-8.07047	2.38110	-15.96726
64	1.68924	-8.73912	-19.41512	-17.79757	41.31682	-0.07001	7.16722	2.57231	-2.56810	0.32749	0.28837	-0.07684	5.38094	2.72550	-13.73546	0.50647	-0.00483	-0.11634	5.71770	-9.49403	-167.74033	0.10704	156.40381	18.30017	-0.33788	-8.16572	0.17842	0.22319	0.06500	2.71187	-1.53387	-4.90540	-0.02129	0.10489	-0.00183	-5.96295	14.54055	6.61739	0.05874	0.01468	-0.00413	13.96178	3.20522	177.96596	-2.10370	169.89778	2.08224	-6.72289	-16.63391	-22.78569	21.45210	-0.05382	13.20241	1.04668	-2.08034	0.31240	0.09284	-0.08481	10.22519	3.55095	-15.36476	0.90531	-0.01309	-0.32409	5.18657	-6.70995	17.03434	-0.40436	-17.29195	17.98992	-0.51456	-4.58753	-0.02780	0.27027	0.00581	4.66759	-0.27386	-5.71596	0.08944	0.16489	-0.07712	-3.25009	14.77698	4.49760	0.14037	0.03690	-0.06595	14.10995	5.96097	-8.62170	2.30523	-15.91566
65	1.55576	-8.70761	-19.28365	-19.20111	40.71090	-0.07018	7.30179	2.54399	-2.55425	0.34419	0.27803	-0.08147	5.51636	2.67703	-13.74547	0.49394	-0.00790	-0.12015	5.60207	-9.45585	-167.90459	0.13440	156.38066	18.06902	-0.37087	-8.04229	0.19208	0.22946	0.07997	2.68198	-1.50044	-4.83447	-0.03537	0.11453	-0.00023	-5.94362	14.43221	6.74148	0.07264	0.02210	-0.00818	13.79105	3.16634	177.64006	-2.07856	169.89519	2.08792	-6.39553	-15.81022	-24.42945	19.86403	-0.04632	13.34456	1.19533	-2.67409	0.31954	0.07952	-0.08777	10.43411	3.58554	-15.42277	0.90618	-0.01946	-0.32531	5.31211	-6.33181	16.86082	-0.45643	-17.32095	18.13444	-0.03656	-3.97370	-0.01429	0.31212	0.00386	5.20208	-0.31808	-5.63268	0.09550	0.18902	-0.09349	-2.95431	14.76340	4.41661	0.16008	0.04380	-0.07749	13.99840	6.43867	-9.21473	2.19846	-15.85570
66	1.43646	-8.66078	-19.14783	-19.22399	39.67492	-0.06392	7.44016	2.51420	-2.53087	0.34234	0.27301	-0.08404	5.66035	2.64121	-13.74954	0.49684	0.00068	-0.12880	5.50437	-9.39989	-168.08865	0.15759	156.35568	17.82595	-0.39842	-7.73386	0.19227	0.22887	0.07711	2.70261	-1.48857	-4.83850	-0.03970	0.11667	0.00348	-5.88056	14.34988	6.80402	0.07758	0.02727	-0.01316	13.59601	3.14226	177.27344	-2.04233	169.90112	2.11865	-6.04464	-14.93998	-25.34106	20.04568	-0.02941	13.49171	1.35027	-3.29373	0.31962	0.08365	-0.09575	10.64339	3.60287	-15.47413	0.91762	-0.01760	-0.33330	5.45541	-5.93408	16.67157	-0.51053	-17.34105	18.30014	0.39563	-3.40915	-0.05797	0.34333	0.01688	5.78794	-0.39422	-5.46378	0.13708	0.20488	-0.14167	-2.65083	14.70428	4.32241	0.16848	0.04997	-0.08137	13.86741	6.86659	-9.83572	2.06109	-15.79421
67	1.33036	-8.59089	-19.00927	-19.13989	37.50993	-0.05839	7.58523	2.48048	-2.50558	0.33867	0.25599	-0.08774	5.81319	2.62280	-13.74017	0.50055	-0.00007	-0.13749	5.42128	-9.32003	-168.28761	0.17664	156.33122	17.61493	-0.35947	-7.25477	0.15442	0.21634	0.04823	2.78431	-1.50797	-4.90919	-0.01524	0.09979	0.00307	-5.75973	14.29747	6.78347	0.06093	0.01358	-0.01448	13.41811	3.18489	176.88733	-1.99667	169.91403	2.17985	-5.68416	-14.05153	-25.69826	17.48336	-0.00651	13.65859	1.51021	-3.91094	0.31317	0.06148	-0.10902	10.85610	3.60359	-15.51473	0.92642	-0.02969	-0.34684	5.61185	-5.52717	16.46285	-0.56700	-17.35303	18.46070	0.75572	-2.91311	-0.06130	0.32861	0.01639	6.38325	-0.49820	-5.20967	0.15351	0.18678	-0.15631	-2.34988	14.60052	4.21535	0.16503	0.03823	-0.07654	13.72171	7.21659	-10.46893	1.89889	-15.73737
68	1.23367	-8.48952	-18.86716	-20.52061	36.67931	-0.05929	7.73898	2.44064	-2.48572	0.35936	0.24681	-0.09921	5.97350	2.62166	-13.71473	0.48349	0.00135	-0.13875	5.34666	-9.20934	-168.49489	0.19352	156.30957	17.47494	-0.21509	-6.63963	0.13518	0.22999	0.02239	2.93823	-1.54851	-5.02780	-0.01075	0.10369	0.00356	-5.57658	14.26633	6.67515	0.07028	0.01667	-0.02143	13.28758	3.33429	176.49544	-1.94356	169.93117	2.27296	-5.33608	-13.17631	-25.83790	18.36810	0.01798	13.85891	1.67606	-4.49476	0.31451	0.07160	-0.13000	11.07676	3.59266	-15.54327	0.93018	-0.02945	-0.36494	5.77475	-5.12509	16.23238	-0.62429	-17.35974	18.59458	1.02136	-2.50349	-0.08310	0.31817	0.01744	6.94949	-0.62543	-4.87881	0.17120	0.17462	-0.16140	-2.06471	14.47512	4.10560	0.16732	0.03834	-0.07140	13.56669	7.46751	-11.09891	1.72455	-15.69180
69	1.14179	-8.35169	-18.71663	-20.73556	35.63070	-0.05876	7.90277	2.39458	-2.47801	0.36335	0.23962	-0.10718	6.13912	2.63489	-13.67616	0.48765	0.00537	-0.14397	5.27407	-9.06318	-168.70367	0.21115	156.29269	17.43022	0.04536	-5.93274	0.09273	0.24662	-0.00122	3.17097	-1.59213	-5.16788	0.01705	0.10857	-0.00802	-5.33780	14.24613	6.48890	0.06444	0.01914	-0.02345	13.21630	3.60919	176.10010	-1.88555	169.94878	2.39438	-5.02278	-12.34520	-25.92214	18.55373	0.03923	14.09991	1.84652	-5.01747	0.32107	0.07865	-0.15438	11.30851	3.57654	-15.55978	0.93461	-0.02220	-0.38542	5.93571	-4.74513	15.97951	-0.67970	-17.36514	18.68843	1.17872	-2.19195	-0.10396	0.30186	0.01389	7.45540	-0.77016	-4.48875	0.18547	0.16108	-0.15190	-1.80992	14.36451	4.01172	0.16678	0.04239	-0.06227	13.40856	7.61086	-11.71399	1.55429	-15.66352
70	1.05252	-8.17928	-18.54934	-20.61782	35.19464	-0.05743	8.07689	2.34468	-2.48884	0.36749	0.23532	-0.11522	6.30799	2.65963	-13.63153	0.49162	0.00470	-0.14758	5.20069	-8.88243	-168.90846	0.23215	156.28108	17.48909	0.41379	-5.17717	0.09831	0.27841	-0.01917	3.48493	-1.62345	-5.30597	0.01217	0.12505	-0.00743	-5.05397	14.23109	6.24551	0.09037	0.02557	-0.03742	13.20226	4.00940	175.69600	-1.82547	169.96275	2.53370	-4.76174	-11.58511	-24.22633	19.01546	0.04832	14.37901	2.01602	-5.45809	0.30804	0.08642	-0.16396	11.55065	3.55872	-15.56459	0.95039	-0.02634	-0.40719	6.08533	-4.40632	15.70535	-0.73182	-17.37238	18.73692	1.22877	-1.97612	-0.09726	0.26664	0.00497	7.87676	-0.92527	-4.06468	0.18253	0.13712	-0.11980	-1.59982	14.30045	3.95676	0.17077	0.03730	-0.05229	13.25491	7.65464	-12.31108	1.40120	-15.65455
71	0.96991	-7.98317	-18.35442	-20.10654	35.19712	-0.05216	8.26012	2.29451	-2.52573	0.36986	0.23971	-0.12152	6.47907	2.69479	-13.58895	0.49456	0.01230	-0.14999	5.13174	-8.67622	-169.10689	0.25778	156.27296	17.64285	0.86951	-4.40762	0.08937	0.29900	-0.03104	3.87759	-1.63647	-5.42328	0.02971	0.13383	-0.02192	-4.73512	14.22339	5.96790	0.09956	0.02613	-0.04519	13.23319	4.51698	175.27472	-1.76544	169.97015	2.67296	-4.56210	-10.91594	-24.93906	16.30483	0.04849	14.68247	2.17260	-5.80133	0.32284	0.06881	-0.17732	11.79962	3.54005	-15.56204	0.93401	-0.02165	-0.40905	6.21557	-4.12677	15.41278	-0.78119	-17.38292	18.73940	1.18973	-1.83407	-0.07706	0.23653	-0.00242	8.19353	-1.08314	-3.63871	0.16861	0.11788	-0.07739	-1.44654	14.29885	3.96144	0.17786	0.03631	-0.04057	13.11507	7.62193	-12.89646	1.27177	-15.66256
72	0.90411	-7.78157	-18.11996	-21.16845	35.10302	-0.04705	8.44913	2.24848	-2.59654	0.37936	0.23490	-0.12776	6.65194	2.73919	-13.55546	0.50550	0.01013	-0.15414	5.08020	-8.46080	-169.30060	0.28797	156.26491	17.86398	1.37955	-3.64996	0.06824	0.33705	-0.03007	4.33615	-1.63961	-5.49663	0.06182	0.15779	-0.05165	-4.39248	14.23447	5.67014	0.10357	0.03161	-0.04928	13.28640	5.09404	174.82753	-1.70557	169.97054	2.78788	-4.42274	-10.34842	-25.21421	13.34516	0.03287	14.98679	2.29674	-6.03395	0.32501	0.04387	-0.16984	12.05263	3.52355	-15.56656	0.94273	-0.03316	-0.41751	6.32264	-3.91988	15.10620	-0.82916	-17.39728	18.69574	1.09445	-1.72749	-0.08981	0.21848	-0.01017	8.38710	-1.23776	-3.24759	0.17986	0.10693	-0.04150	-1.35802	14.35998	4.03569	0.15787	0.02956	-0.02249	12.99949	7.54495	-13.47989	1.16719	-15.68414
73	0.86172	-7.58859	-17.83751	-21.62638	34.14812	-0.04069	8.63891	2.21246	-2.70678	0.38564	0.22745	-0.12954	6.82598	2.78963	-13.53643	0.50930	0.00945	-0.15507	5.05634	-8.24741	-169.49124	0.32192	156.25362	18.11205	1.90483	-2.92726	-0.14019	0.46472	0.06486	4.83723	-1.65264	-5.50065	0.21364	0.23200	-0.18971	-4.04002	14.27658	5.35909	0.05839	0.04694	-0.02778	13.33397	5.68767	174.35071	-1.64404	169.96544	2.85653	-4.33526	-9.88824	-25.03418	10.98152	0.00778	15.26797	2.36245	-6.13856	0.33205	0.03129	-0.15345	12.30964	3.51832	-15.60311	0.94066	-0.02902	-0.41843	6.40816	-3.79152	14.79071	-0.87639	-17.41565	18.60538	0.98174	-1.61098	-0.08394	0.21269	-0.01628	8.44257	-1.38383	-2.92706	0.16858	0.10545	0.00294	-1.33601	14.47343	4.17318	0.15255	0.02900	-0.00824	12.91776	7.45748	-14.06720	1.08615	-15.71776
74	0.83433	-7.39895	-17.50647	-22.01884	34.20376	-0.04035	8.82393	2.19301	-2.85840	0.38782	0.22771	-0.12627	6.99989	2.84072	-13.53562	0.52666	0.00871	-0.15856	5.05546	-8.02809	-169.67453	0.35899	156.23759	18.34778	2.40876	-2.26612	-0.05119	0.32792	0.02162	5.35145	-1.69446	-5.42035	0.16667	0.15397	-0.14816	-3.69265	14.35192	5.04302	0.09967	0.02421	-0.04521	13.35415	6.24319	173.85204	-1.57938	169.95563	2.87365	-4.29142	-9.54064	-25.27621	10.59032	-0.01490	15.51361	2.34960	-6.10166	0.34649	0.02833	-0.13425	12.56994	3.53498	-15.69000	0.92217	-0.02899	-0.40509	6.47859	-3.73904	14.47085	-0.92233	-17.43810	18.46866	0.88521	-1.44538	-0.04466	0.18073	-0.01211	8.35409	-1.51597	-2.70350	0.12789	0.09267	0.03414	-1.37580	14.62551	4.35357	0.15871	0.03195	0.00518	12.87611	7.38810	-14.65611	1.02681	-15.76392
75	0.80577	-7.19293	-17.13133	-23.09480	32.62828	-0.04662	8.99892	2.19534	-3.04910	0.38832	0.21331	-0.11948	7.17201	2.88662	-13.55684	0.54538	0.00041	-0.16092	5.06398	-7.78173	-169.84204	0.39894	156.21748	18.54403	2.85797	-1.69545	-0.08884	0.37310	0.03008	5.84855	-1.77563	-5.25595	0.20177	0.17364	-0.16925	-3.36514	14.45197	4.73396	0.09400	0.03150	-0.03869	13.33823	6.71360	173.35118	-1.51179	169.94035	2.85254	-4.28687	-9.30773	-25.74052	10.79589	-0.02909	15.72019	2.26047	-5.93463	0.35133	0.02821	-0.10741	12.82617	3.57646	-15.81583	0.91385	-0.03024	-0.38243	6.54411	-3.75228	14.14913	-0.96573	-17.46480	18.28852	0.82531	-1.21169	-0.06183	0.17576	-0.02089	8.12792	-1.63320	-2.58909	0.11940	0.09658	0.05903	-1.46961	14.80532	4.55342	0.13742	0.03323	0.01577	12.87556	7.35448	-15.23439	0.98662	-15.82343
76	0.77159	-6.95737	-16.71532	-24.25983	32.04052	-0.05025	9.16060	2.22143	-3.27301	0.39193	0.21172	-0.11226	7.34146	2.92236	-13.60404	0.55974	0.00494	-0.16118	5.07836	-7.49624	-169.98926	0.44149	156.19531	18.68444	3.22155	-1.24060	-0.07773	0.36334	0.01746	6.30009	-1.89868	-5.01977	0.19483	0.16509	-0.14450	-3.07264	14.56276	4.44899	0.11489	0.03779	-0.04052	13.28643	7.06370	172.87186	-1.44225	169.91910	2.80963	-4.31754	-9.18371	-27.58525	9.07736	-0.03863	15.88038	2.11763	-5.67877	0.36389	0.00881	-0.07619	13.06509	3.63885	-15.93979	0.89463	-0.03489	-0.34043	6.61664	-3.81558	13.82475	-1.00560	-17.49633	18.07386	0.80564	-0.91640	-0.05417	0.15734	-0.02082	7.78428	-1.74102	-2.58230	0.08606	0.08857	0.05820	-1.61019	15.00273	4.75563	0.13282	0.02814	0.02518	12.91198	7.36027	-15.78146	0.96059	-15.89580
77	0.74537	-6.69124	-16.25930	-26.22508	30.14900	-0.04399	9.30870	2.26811	-3.52358	0.39655	0.19563	-0.10643	7.50819	2.94444	-13.67856	0.57498	0.00054	-0.16182	5.10965	-7.17546	-170.11823	0.48581	156.17355	18.75762	3.47848	-0.91815	-0.11136	0.34627	0.00987	6.68087	-2.06048	-4.73304	0.21595	0.15271	-0.13047	-2.82991	14.67146	4.21240	0.11645	0.03595	-0.03292	13.20199	7.27609	172.43175	-1.37221	169.89233	2.75178	-4.37721	-9.15399	-28.12214	7.28983	-0.04609	15.98020	1.94690	-5.38395	0.35894	-0.01069	-0.03354	13.27498	3.72084	-16.01748	0.88391	-0.03917	-0.29296	6.70794	-3.91065	13.49310	-1.04207	-17.53366	17.83917	0.81492	-0.58085	-0.07746	0.13606	-0.03150	7.35565	-1.84609	-2.67227	0.07529	0.07794	0.05998	-1.78921	15.20230	4.94863	0.11183	0.02399	0.02806	12.97714	7.39591	-16.27488	0.94133	-15.97979
78	0.74770	-6.39233	-15.76575	-28.13719	29.06611	-0.02124	9.44731	2.32574	-3.79804	0.40430	0.18749	-0.10599	7.67276	2.95104	-13.77532	0.58551	-0.00121	-0.16193	5.17088	-6.82722	-170.23294	0.53074	156.15446	18.75505	3.62483	-0.73077	-0.11541	0.29103	-0.00671	6.97067	-2.25360	-4.42274	0.21816	0.11427	-0.09544	-2.64814	14.77328	4.05169	0.11576	0.02757	-0.02441	13.08927	7.35545	172.03667	-1.30467	169.86063	2.67740	-4.46244	-9.19389	-26.78329	6.46665	-0.05383	16.00723	1.77084	-5.09010	0.33092	-0.01953	0.01257	13.45008	3.82658	-16.02158	0.88582	-0.03994	-0.24540	6.82754	-4.01970	13.14625	-1.07683	-17.57766	17.59805	0.83458	-0.22469	-0.07198	0.11170	-0.02943	6.88011	-1.95112	-2.84538	0.05157	0.06352	0.04376	-1.99366	15.38180	5.12189	0.09498	0.02063	0.02751	13.05979	7.44412	-16.69832	0.92046	-16.07465
79	0.79812	-6.04915	-15.24041	-30.85099	27.55552	0.01935	9.58552	2.37848	-4.10216	0.41975	0.17345	-0.11481	7.83546	2.94176	-13.87972	0.59271	-0.00349	-0.16173	5.26809	-6.45556	-170.33627	0.57509	156.13957	18.67487	3.67431	-0.66242	-0.12120	0.25006	-0.02372	7.15773	-2.46535	-4.11888	0.21794	0.08938	-0.05630	-2.53150	14.87224	3.98900	0.11322	0.02669	-0.01649	12.95583	7.32751	171.68027	-1.24404	169.82425	2.58208	-4.57570	-9.26322	-26.02818	4.39015	-0.06654	15.95364	1.61275	-4.82933	0.31810	-0.03611	0.05648	13.58737	3.96017	-15.94481	0.86900	-0.03850	-0.18939	6.98130	-4.12842	12.77405	-1.11301	-17.62838	17.36017	0.84421	0.14087	-0.05236	0.06383	-0.02075	6.39761	-2.05316	-3.08844	0.02907	0.03231	0.02409	-2.20519	15.51580	5.26592	0.06750	0.01072	0.02006	13.14692	7.48643	-17.04573	0.88947	-16.18039
80	0.91082	-5.64746	-14.69229	-30.28887	26.64706	0.06716	9.73353	2.41051	-4.45104	0.40946	0.16694	-0.12188	7.99525	2.91578	-13.96670	0.60974	-0.00520	-0.16429	5.40043	-6.06342	-170.43008	0.61807	156.12964	18.52737	3.65167	-0.67748	-0.13262	0.25113	-0.03990	7.24199	-2.67547	-3.85368	0.21660	0.08769	-0.01859	-2.47723	14.97484	4.03550	0.11027	0.02699	-0.01012	12.81446	7.23247	171.34811	-1.19449	169.78362	2.46348	-4.72007	-9.30550	-23.21997	2.23080	-0.07330	15.81651	1.49516	-4.63464	0.28780	-0.05258	0.08987	13.68397	4.12125	-15.79564	0.85936	-0.04426	-0.13180	7.17151	-4.22761	12.36705	-1.15462	-17.68507	17.13307	0.82805	0.50799	-0.03639	0.04736	-0.01354	5.94994	-2.14556	-3.38564	-0.01276	0.02325	-0.00938	-2.40107	15.58274	5.37232	0.08996	0.01658	0.02405	13.22534	7.51002	-17.32091	0.84098	-16.29927
81	1.08460	-5.18838	-14.13295	-30.98414	26.00672	0.11002	9.89444	2.42365	-4.86266	0.41803	0.15907	-0.13202	8.15065	2.86903	-14.00558	0.61538	-0.00513	-0.16397	5.56274	-5.65738	-170.51630	0.65937	156.12479	18.33414	3.58280	-0.72657	-0.13083	0.25229	-0.04707	7.23449	-2.85606	-3.65855	0.20127	0.08802	0.01320	-2.47847	15.08332	4.18969	0.11310	0.02699	-0.00548	12.68107	7.11479	171.02298	-1.15828	169.73975	2.32914	-4.89277	-9.26134	-21.13417	1.66425	-0.07265	15.60350	1.43129	-4.53738	0.26831	-0.04898	0.11130	13.73771	4.30482	-15.59374	0.83381	-0.03842	-0.07145	7.39787	-4.31312	11.92060	-1.20589	-17.74659	16.92340	0.78327	0.86453	-0.04486	-0.01102	-0.01516	5.57880	-2.22463	-3.71383	-0.00637	-0.01568	-0.00364	-2.55629	15.57210	5.43271	0.04123	0.00644	0.00826	13.28341	7.51182	-17.53536	0.77022	-16.43787
82	1.29688	-4.70253	-13.57042	-30.69619	26.08358	0.12988	10.05701	2.45054	-5.35173	0.42072	0.15878	-0.13006	8.30080	2.79343	-13.96941	0.62868	-0.00370	-0.16673	5.74911	-5.25051	-170.59773	0.69905	156.12453	18.12021	3.48813	-0.75981	-0.11051	0.24303	-0.04136	7.15204	-2.97913	-3.55568	0.17023	0.08887	0.03235	-2.52663	15.19380	4.43780	0.11734	0.02974	-0.00146	12.57003	7.01255	170.68973	-1.13515	169.69392	2.20600	-5.07856	-9.09340	-18.02820	-1.33781	-0.05101	15.34328	1.41293	-4.55173	0.21330	-0.06332	0.09522	13.74978	4.50228	-15.36583	0.84678	-0.03192	-0.01795	7.65789	-4.38397	11.43834	-1.27041	-17.81187	16.73652	0.72351	1.19012	-0.06217	0.00620	-0.01849	5.32048	-2.29486	-4.04282	-0.02171	-0.00462	-0.00767	-2.64893	15.48708	5.44038	0.05260	0.00489	0.00563	13.31233	7.49923	-17.70622	0.67500	-16.60829
83	1.51653	-4.24005	-13.00502	-29.16968	27.38567	0.12416	10.20285	2.53656	-5.92361	0.42286	0.17763	-0.11705	8.44692	2.68235	-13.84613	0.62995	0.00587	-0.16827	5.95520	-4.86244	-170.67824	0.73711	156.12741	17.90621	3.38244	-0.74210	-0.10041	0.21861	-0.03581	7.01109	-3.02899	-3.54852	0.15034	0.07990	0.04331	-2.61255	15.29963	4.75504	0.10987	0.02331	0.00226	12.49089	6.95042	170.33932	-1.12254	169.64714	2.14287	-5.24748	-8.80182	-16.47300	-4.36225	-0.01563	15.08882	1.40629	-4.66665	0.17107	-0.08636	0.06491	13.72634	4.70394	-15.13971	0.84084	-0.04185	0.02717	7.94721	-4.44035	10.93386	-1.34985	-17.88016	16.57496	0.67407	1.46118	-0.02662	-0.02695	-0.00688	5.19918	-2.36922	-4.34390	-0.05405	-0.02491	-0.00590	-2.66829	15.34335	5.39283	0.05398	0.00758	0.00061	13.30546	7.48714	-17.85460	0.55390	-16.82859
84	1.72260	-3.84461	-12.43380	-28.47037	27.67881	0.11191	10.32009	2.70017	-6.56383	0.42961	0.18601	-0.10102	8.59211	2.54107	-13.65026	0.63125	0.00460	-0.17225	6.17770	-4.51680	-170.76144	0.77331	156.13136	17.70559	3.27508	-0.65705	-0.09613	0.19619	-0.03093	6.82550	-3.01052	-3.62245	0.13557	0.07912	0.04924	-2.72720	15.39774	5.10802	0.09485	0.02232	0.00523	12.44695	6.93640	169.97121	-1.11638	169.59970	2.19160	-5.36879	-8.41608	-15.27863	-5.32224	0.02900	14.90103	1.37182	-4.85627	0.13655	-0.09109	0.03150	13.67768	4.90232	-14.93731	0.83604	-0.03826	0.05868	8.25961	-4.48279	10.42945	-1.44354	-17.95135	16.43486	0.66395	1.66323	-0.06649	-0.06285	-0.01550	5.21854	-2.46637	-4.60462	-0.02406	-0.04980	0.00290	-2.62286	15.16169	5.29286	0.01320	-0.00410	-0.00073	13.25754	7.49273	-18.00344	0.40273	-17.12223
85	1.90896	-3.53948	-11.85803	-28.07220	28.52451	0.09837	10.41053	2.91284	-7.23029	0.43415	0.20362	-0.08702	8.74109	2.39402	-13.42755	0.63503	0.01472	-0.17877	6.41219	-4.23747	-170.84923	0.80738	156.13397	17.52368	3.16941	-0.49856	-0.07174	0.17053	-0.02045	6.60575	-2.94828	-3.75577	0.10335	0.07344	0.04352	-2.86246	15.49221	5.45821	0.09744	0.01945	0.00919	12.43527	6.96229	169.59282	-1.11180	169.55110	2.37150	-5.43159	-7.98152	-13.83033	-5.79117	0.06494	14.81440	1.29298	-5.09159	0.10326	-0.09624	0.00690	13.61436	5.09397	-14.76912	0.83045	-0.03793	0.07766	8.58753	-4.51241	9.95193	-1.54936	-18.02590	16.30384	0.71789	1.80023	-0.08262	-0.09324	-0.01900	5.35859	-2.60266	-4.83853	-0.01849	-0.07043	0.00564	-2.54096	14.95738	5.14747	0.00885	-0.00760	-0.00059	13.16462	7.53018	-18.17463	0.21242	-17.51618
86	2.07433	-3.32803	-11.29116	-28.10925	26.81709	0.08395	10.48389	3.11982	-7.86528	0.43138	0.19945	-0.07627	8.89723	2.27537	-13.23404	0.63984	0.01803	-0.18552	6.65040	-4.04080	-170.93999	0.83893	156.13315	17.35736	3.06375	-0.26430	-0.04417	0.14889	-0.01137	6.35878	-2.87612	-3.93141	0.06895	0.07257	0.03207	-3.01206	15.59025	5.77021	0.10008	0.02594	0.01368	12.44734	7.00871	169.21709	-1.10383	169.50021	2.64919	-5.45023	-7.55825	-13.21420	-4.71659	0.08468	14.81366	1.18304	-5.33813	0.08423	-0.09153	-0.00321	13.54365	5.27869	-14.63360	0.82470	-0.03604	0.08810	8.92257	-4.53085	9.52801	-1.66473	-18.10406	16.16845	0.84708	1.88908	-0.09018	-0.08335	-0.02165	5.58904	-2.78103	-5.06697	-0.02320	-0.06664	0.01031	-2.45864	14.73830	4.95384	0.01773	-0.00580	-0.00033	13.02401	7.60718	-18.38608	-0.02838	-18.03875
87	2.21216	-3.19784	-10.76223	-29.81588	23.51498	0.06756	10.54895	3.27762	-8.42022	0.43467	0.17700	-0.06895	9.06034	2.21020	-13.10308	0.64798	0.01803	-0.19071	6.87844	-3.92630	-171.02722	0.86706	156.12729	17.19984	2.95313	0.04066	-0.04658	0.11092	-0.01123	6.09202	-2.82189	-4.14032	0.05581	0.05277	0.02749	-3.17068	15.69358	6.02301	0.08686	0.01771	0.01523	12.47254	7.05340	168.85823	-1.08811	169.44562	2.95873	-5.45202	-7.21032	-11.33642	-4.89747	0.07593	14.84833	1.06920	-5.55979	0.05453	-0.09592	-0.00304	13.46927	5.45777	-14.52194	0.83342	-0.03311	0.09486	9.25704	-4.54064	9.18058	-1.78683	-18.18477	16.02637	1.04184	1.94495	-0.12146	-0.07385	-0.02970	5.89016	-2.98304	-5.30480	-0.00826	-0.06783	0.00466	-2.40562	14.51148	4.69935	0.00963	-0.01384	0.00069	12.83474	7.72420	-18.64915	-0.32664	-18.71751
88	2.31092	-3.12856	-10.30824	-31.90785	22.54030	0.04252	10.60892	3.37182	-8.86769	0.44414	0.16981	-0.06156	9.22672	2.20542	-13.03438	0.64472	0.02009	-0.18774	7.08103	-3.87679	-171.10306	0.89086	156.11566	17.04681	2.83287	0.39910	-0.03796	0.07381	-0.00875	5.81637	-2.79894	-4.37650	0.02911	0.03387	0.01447	-3.33281	15.79497	6.21389	0.08624	0.01758	0.01741	12.50223	7.07980	168.52733	-1.06161	169.38556	3.24176	-5.45994	-6.97717	-9.56977	-4.40466	0.05683	14.86997	0.97485	-5.73761	0.03786	-0.09632	-0.00040	13.39335	5.63264	-14.42424	0.82862	-0.03657	0.09689	9.58503	-4.54476	8.92482	-1.91294	-18.26487	15.88641	1.27496	1.97952	-0.19563	0.08453	-0.04558	6.26091	-3.16999	-5.57072	0.02707	0.01531	-0.01859	-2.39522	14.28926	4.37405	-0.00919	-0.00151	-0.00156	12.59760	7.87631	-18.96698	-0.67759	-19.57684
89	2.36287	-3.10320	-9.95982	-33.00281	21.49405	0.01126	10.66263	3.40974	-9.19501	0.44689	0.16045	-0.05042	9.39040	2.25319	-13.00891	0.63820	0.01787	-0.17752	7.24944	-3.86998	-171.16576	0.91081	156.09850	16.89886	2.70184	0.78107	-0.07726	0.02626	-0.01697	5.54654	-2.80797	-4.63035	0.04353	0.00280	0.02057	-3.49190	15.88223	6.35357	0.05352	0.00349	0.01126	12.53116	7.08145	168.23036	-1.02305	169.31763	3.46842	-5.48384	-6.86082	-5.38357	-5.91873	0.02535	14.85493	0.91189	-5.87468	-0.01147	-0.11075	-0.00064	13.31685	5.80370	-14.33391	0.85492	-0.04211	0.10269	9.90151	-4.54546	8.76490	-2.04203	-18.33913	15.75772	1.51298	2.01082	-0.19532	0.08898	-0.04106	6.70965	-3.29250	-5.90110	0.02814	0.01403	-0.02301	-2.42075	14.09284	3.97605	-0.00935	-0.00160	-0.00226	12.31635	8.05501	-19.33396	-1.06034	-20.63497
90	2.36957	-3.11078	-9.73118	-33.93383	21.40054	-0.01792	10.70691	3.40560	-9.39706	0.44761	0.15643	-0.03569	9.54436	2.33810	-13.00562	0.63442	0.01561	-0.16124	7.38486	-3.88732	-171.22340	0.92908	156.07677	16.75971	2.56303	1.14734	-0.08197	-0.00814	-0.01677	5.29982	-2.84154	-4.88729	0.02700	-0.01854	0.01124	-3.64120	15.94336	6.46018	0.04849	0.00357	0.00967	12.55560	7.06183	167.96896	-0.97246	169.23813	3.63277	-5.52242	-6.83723	-2.89687	-5.15338	0.00994	14.80169	0.88208	-5.98415	-0.03901	-0.10316	-0.00441	13.23804	5.97066	-14.24901	0.86953	-0.03575	0.11143	10.20173	-4.54353	8.69405	-2.17639	-18.40137	15.64317	1.72496	2.06495	-0.19478	0.08929	-0.03582	7.24228	-3.30314	-6.34788	0.03111	0.01183	-0.02946	-2.46063	13.95745	3.51264	-0.00956	-0.00177	-0.00255	11.99844	8.24977	-19.73695	-1.43719	-21.90043
91	2.33906	-3.14080	-9.61882	-33.13987	20.43304	-0.03957	10.73730	3.37057	-9.47636	0.43321	0.15155	-0.01683	9.68160	2.44442	-13.00775	0.62899	0.02035	-0.13885	7.49438	-3.91393	-171.29086	0.94808	156.05128	16.63393	2.42313	1.45970	-0.08030	-0.03838	-0.01483	5.09450	-2.88760	-5.13342	0.01069	-0.03990	0.00350	-3.77534	15.96886	6.55355	0.04556	-0.00241	0.00785	12.57125	7.03169	167.74081	-0.90992	169.14113	3.74231	-5.56954	-6.87297	-1.04694	-5.55729	0.00246	14.72221	0.88124	-6.07783	-0.06829	-0.10755	-0.00959	13.15309	6.13477	-14.17069	0.89688	-0.03824	0.12803	10.48211	-4.53803	8.69753	-2.32236	-18.44586	15.54238	1.88582	2.16435	-0.19478	0.08414	-0.03045	7.85453	-3.16608	-6.95675	0.03582	0.00825	-0.03776	-2.48939	13.93286	2.99964	-0.00981	-0.00198	-0.00241	11.65423	8.45075	-20.15830	-1.75620	-23.36655
92	2.28078	-3.18013	-9.60405	-34.28923	19.01833	-0.05741	10.74842	3.30966	-9.44670	0.43252	0.13674	0.00389	9.79715	2.56082	-13.00207	0.62162	0.01742	-0.11322	7.58690	-3.93765	-171.38495	0.96914	156.02251	16.52497	2.29288	1.69318	-0.09016	-0.05145	-0.01457	4.94880	-2.93267	-5.36302	0.00690	-0.05205	0.00143	-3.89039	15.95312	6.64894	0.03428	-0.00662	0.00457	12.57199	7.00596	167.53954	-0.83511	169.01678	3.81179	-5.62013	-6.93708	-0.44400	-5.25133	0.00072	14.63800	0.90303	-6.16221	-0.08046	-0.10642	-0.01003	13.05861	6.30074	-14.09997	0.90423	-0.03771	0.14730	10.74162	-4.52720	8.75628	-2.49010	-18.46876	15.45595	1.97732	2.31536	-0.19333	0.07093	-0.02462	8.52572	-2.86336	-7.73725	0.04232	0.00254	-0.04721	-2.48704	14.06465	2.45927	-0.01011	-0.00222	-0.00192	11.29482	8.65039	-20.57893	-1.96029	-24.99928
93	2.20277	-3.21492	-9.65533	-32.79629	18.11843	-0.06709	10.73495	3.22484	-9.33567	0.41000	0.13021	0.02550	9.88887	2.68065	-12.97668	0.61981	0.02000	-0.08854	7.67075	-3.94903	-171.52094	0.99242	155.99086	16.43343	2.18537	1.84111	-0.10445	-0.06442	-0.01454	4.87995	-2.96445	-5.58109	0.00951	-0.05932	0.00057	-3.98238	15.89487	6.75125	0.02204	-0.00490	0.00193	12.54937	6.99908	167.35477	-0.74805	168.84856	3.85918	-5.67269	-7.00811	-0.26329	-5.49838	0.00034	14.57685	0.94188	-6.23827	-0.09521	-0.10857	-0.00552	12.95152	6.47730	-14.03410	0.92029	-0.03538	0.17470	10.98151	-4.50920	8.84999	-2.69375	-18.46882	15.38489	1.99054	2.50596	-0.19176	0.05120	-0.01944	9.21597	-2.40010	-8.65297	0.05194	-0.00408	-0.05744	-2.44531	14.35823	1.92977	-0.01052	-0.00242	-0.00121	10.93127	8.84310	-20.98052	-2.00771	-26.72024
94	2.10948	-3.23394	-9.73308	-30.57292	17.08902	-0.07330	10.69203	3.11956	-9.17990	0.38448	0.12470	0.04569	9.95707	2.80063	-12.92261	0.61199	0.02542	-0.06482	7.75182	-3.94083	-171.70976	1.01739	155.95688	16.35712	2.11369	1.91067	-0.09058	-0.08239	-0.01077	4.90266	-2.97452	-5.79792	-0.01168	-0.06895	0.00127	-4.04551	15.79697	6.84876	0.03238	-0.00359	0.00133	12.49386	7.02015	167.17383	-0.65027	168.60941	3.90320	-5.72906	-7.07411	-0.75925	-5.52365	0.00109	14.56923	0.99661	-6.30475	-0.10180	-0.11071	0.00626	12.82573	6.67714	-13.96344	0.93264	-0.03191	0.21403	11.20399	-4.48153	8.95857	-2.95185	-18.44724	15.32619	1.93192	2.71289	-0.19043	0.03249	-0.01631	9.87137	-1.80922	-9.64231	0.06411	-0.00779	-0.06484	-2.37480	14.76069	1.48199	-0.01104	-0.00250	-0.00045	10.57370	9.02437	-21.34694	-1.89416	-28.40268
95	2.00265	-3.23178	-9.79400	-29.54916	14.49722	-0.08088	10.61595	3.00183	-9.01805	0.36512	0.10172	0.06440	10.00340	2.91948	-12.83767	0.60806	0.02362	-0.04366	7.83375	-3.90791	-171.95627	1.04327	155.92128	16.29474	2.08740	1.90903	-0.10737	-0.09732	-0.01028	5.02725	-2.95810	-6.01579	-0.00700	-0.07712	0.00205	-4.07230	15.66593	6.90838	0.02290	-0.00720	0.00004	12.39868	7.07164	166.98390	-0.54519	168.25920	3.96159	-5.79494	-7.13123	1.16248	-7.60417	-0.00232	14.64523	1.07446	-6.35918	-0.14333	-0.13144	0.03353	12.66965	6.91573	-13.87198	0.97502	-0.03378	0.28060	11.41085	-4.44051	9.06348	-3.28707	-18.40748	15.27319	1.82841	2.90959	-0.19095	0.02264	-0.01601	10.43682	-1.15229	-10.63633	0.07722	-0.00499	-0.06449	-2.30684	15.18667	1.20457	-0.01155	-0.00241	0.00008	10.23010	9.19085	-21.66552	-1.65527	-29.89543
96	1.88650	-3.21179	-9.79368	-27.28123	12.51336	-0.07873	10.50522	2.88161	-8.88716	0.33857	0.08293	0.07720	10.02943	3.03734	-12.72867	0.59773	0.01881	-0.02367	7.92130	-3.85165	-172.25894	1.06983	155.88484	16.25011	2.10971	1.83712	-0.11428	-0.11403	-0.00733	5.25958	-2.90946	-6.22609	-0.00580	-0.08608	0.00279	-4.05526	15.51065	6.87840	0.01725	-0.01081	-0.00042	12.26222	7.15267	166.77415	-0.43825	167.74579	4.05222	-5.88221	-7.18458	-1.61313	-8.14102	0.00496	14.83564	1.19340	-6.39516	-0.13420	-0.14154	0.06217	12.46913	7.20538	-13.74225	0.98584	-0.03336	0.35963	11.60363	-4.38228	9.15014	-3.72377	-18.35619	15.21844	1.72156	3.07364	-0.19314	0.02497	-0.01857	10.86696	-0.50879	-11.57292	0.08895	0.00489	-0.05239	-2.28471	15.56798	1.17079	-0.01195	-0.00218	0.00016	9.90594	9.34084	-21.92815	-1.34315	-31.06522
97	1.77664	-3.18489	-9.69569	-27.24239	12.22487	-0.07013	10.36492	2.76266	-8.81602	0.32903	0.07671	0.08711	10.03666	3.15495	-12.60946	0.58131	0.01742	-0.00470	8.02465	-3.78491	-172.61165	1.09796	155.84790	16.22876	2.17911	1.70407	-0.13339	-0.11699	-0.00347	5.59962	-2.81915	-6.43045	0.01000	-0.08874	-0.00662	-3.98907	15.34156	6.70123	0.00114	-0.01750	-0.00004	12.08638	7.26244	166.53702	-0.33741	167.01221	4.19634	-6.00944	-7.24926	-4.09762	-8.48993	0.01961	15.17538	1.37900	-6.40048	-0.12502	-0.14819	0.09451	12.21202	7.54773	-13.55941	0.98705	-0.02857	0.44983	11.78395	-4.30394	9.20922	-4.28432	-18.30374	15.15423	1.64947	3.19418	-0.19688	0.03792	-0.02380	11.12768	0.04707	-12.40292	0.09722	0.01906	-0.02798	-2.34439	15.88348	1.40584	-0.01219	-0.00189	-0.00023	9.60512	9.47368	-22.13227	-0.99562	-31.83335
98	1.69663	-3.16201	-9.49360	-26.69764	10.34192	-0.04749	10.20568	2.63729	-8.81011	0.30024	0.05978	0.08586	10.02585	3.27338	-12.49504	0.57786	0.01797	0.01366	8.15673	-3.72733	-173.00334	1.12931	155.81013	16.23169	2.29087	1.53837	-0.17034	0.04520	0.00173	6.03940	-2.67805	-6.66192	0.02678	0.00395	-0.02189	-3.87297	15.17132	6.33731	-0.00959	-0.00199	0.00030	11.87417	7.39891	166.27028	-0.25336	166.01172	4.41884	-6.19754	-7.34833	-6.86411	-9.38479	0.04902	15.70315	1.65651	-6.35818	-0.10975	-0.15684	0.12183	11.88964	7.93167	-13.31128	0.97423	-0.02154	0.54210	11.95358	-4.20325	9.23483	-4.98704	-18.26300	15.07399	1.63259	3.27384	-0.20248	0.05680	-0.03082	11.19612	0.46623	-13.08964	0.10062	0.03332	0.00466	-2.49647	16.15073	1.87150	-0.01230	-0.00164	-0.00085	9.33050	9.58876	-22.28088	-0.62126	-32.19171
99	1.65999	-3.15200	-9.22246	-26.48312	9.57873	-0.02249	10.03599	2.49742	-8.84570	0.27458	0.05036	0.08310	9.99739	3.39367	-12.39537	0.57598	0.02074	0.03162	8.32459	-3.69418	-173.41527	1.16537	155.77092	16.25344	2.43479	1.37713	-0.17031	0.04087	0.00591	6.56204	-2.48237	-6.98008	0.03149	0.00278	-0.02941	-3.71441	15.01267	5.79075	-0.00981	-0.00197	0.00022	11.62876	7.55577	165.97769	-0.19682	164.72760	4.74110	-6.46200	-7.50913	-10.16711	-10.37225	0.10179	16.45260	2.04039	-6.24823	-0.08751	-0.16626	0.13211	11.49462	8.33673	-12.98782	0.94456	-0.01403	0.63048	12.11444	-4.07824	9.22199	-5.84677	-18.24678	14.97602	1.67243	3.32402	-0.21043	0.07606	-0.03771	11.06547	0.73004	-13.60496	0.09902	0.04435	0.03786	-2.71931	16.40004	2.47355	-0.01231	-0.00144	-0.00139	9.08345	9.68478	-22.38162	-0.20513	-32.19567
100	1.65895	-3.16535	-8.93910	-24.86437	7.29055	-0.00490	9.85553	2.34851	-8.88811	0.23770	0.02562	0.07732	9.95219	3.51647	-12.31309	0.58515	0.01538	0.04834	8.52557	-3.69056	-173.82175	1.20693	155.73006	16.28371	2.59490	1.24968	-0.16996	0.03732	0.00710	7.14315	-2.23606	-7.45209	0.03649	0.00306	-0.03654	-3.53152	14.87334	5.12396	-0.01006	-0.00192	0.00015	11.35336	7.72233	165.66821	-0.17401	163.18916	5.17569	-6.80826	-7.75822	-8.25453	-13.63558	0.10940	17.44568	2.52736	-6.04719	-0.10806	-0.18593	0.20930	11.01841	8.73571	-12.58454	0.93057	-0.00606	0.73910	12.26889	-3.92791	9.16551	-6.87686	-18.26466	14.86609	1.75886	3.35989	-0.21998	0.09176	-0.04187	10.74771	0.84487	-13.92865	0.09345	0.05067	0.06436	-2.96808	16.65502	3.08822	-0.01225	-0.00129	-0.00163	8.86351	9.76034	-22.44534	0.27627	-31.93986
101	1.67348	-3.21138	-8.69223	-24.74876	7.21057	0.00057	9.66039	2.20603	-8.91460	0.22334	0.01764	0.07868	9.89358	3.64250	-12.24581	0.58069	0.01217	0.05938	8.75032	-3.71388	-174.19580	1.25379	155.68781	16.31064	2.75521	1.17039	-0.16735	0.03491	0.00522	7.75333	-1.95222	-8.12199	0.04089	0.00453	-0.04164	-3.34808	14.75652	4.43625	-0.01030	-0.00187	0.00014	11.05264	7.88744	165.35393	-0.18453	161.47321	5.73263	-7.23197	-8.11162	-8.08362	-15.10383	0.13619	18.69694	3.09543	-5.73186	-0.09647	-0.18901	0.22974	10.44975	9.09546	-12.10591	0.88101	0.00085	0.83228	12.41973	-3.75358	9.06020	-8.09097	-18.31934	14.75562	1.87938	3.39838	-0.22929	0.10258	-0.04098	10.26989	0.83226	-14.05365	0.08538	0.05254	0.08026	-3.19208	16.92406	3.59624	-0.01215	-0.00120	-0.00152	8.66816	9.81504	-22.48430	0.84131	-31.52861
102	1.68478	-3.29221	-8.51145	-22.66779	6.04045	-0.00292	9.45064	2.08462	-8.91878	0.19075	0.00517	0.07176	9.82714	3.77307	-12.18907	0.58971	0.01235	0.06570	8.98678	-3.75711	-174.51529	1.30483	155.64444	16.32479	2.90564	1.13849	-0.16047	0.03296	0.00129	8.36238	-1.65289	-8.99109	0.04377	0.00619	-0.04340	-3.18553	14.66721	3.82876	-0.01047	-0.00187	0.00021	10.73423	8.04381	165.04784	-0.22422	159.68759	6.42556	-7.71975	-8.56372	-6.34744	-17.48100	0.13170	20.21788	3.70795	-5.28833	-0.09050	-0.19655	0.25624	9.77462	9.37843	-11.56620	0.81339	0.00568	0.91676	12.56895	-3.55956	8.90230	-9.50319	-18.40364	14.65817	2.02591	3.45503	-0.23522	0.10949	-0.03354	9.66965	0.71779	-13.99155	0.07609	0.05128	0.08507	-3.34965	17.19967	3.91247	-0.01199	-0.00114	-0.00109	8.49279	9.85061	-22.51063	1.49494	-31.05286
103	1.67928	-3.40404	-8.41011	-20.65841	5.04239	-0.01096	9.22973	1.99472	-8.90269	0.15589	-0.00565	0.06143	9.75879	3.90925	-12.13760	0.60843	0.01059	0.06819	9.22346	-3.81137	-174.76729	1.35841	155.60001	16.32145	3.04224	1.14013	-0.15354	0.03150	-0.00326	8.94390	-1.36331	-10.00357	0.04636	0.00741	-0.04302	-3.05343	14.61766	3.36408	-0.01052	-0.00197	0.00037	10.40837	8.18839	164.76205	-0.29102	157.94662	7.26610	-8.25223	-9.08718	-5.37842	-17.16932	0.13317	22.00926	4.32094	-4.71478	-0.06674	-0.17762	0.21771	8.97610	9.54883	-10.98620	0.70789	0.01730	0.95296	12.71582	-3.35275	8.69021	-11.12649	-18.49847	14.58718	2.19647	3.53971	-0.23409	0.11432	-0.01956	8.99228	0.52285	-13.77352	0.06633	0.04841	0.08033	-3.41553	17.46405	4.00208	-0.01177	-0.00110	-0.00044	8.33155	9.87084	-22.53487	2.22757	-30.57822
104	1.64944	-3.53966	-8.38813	-18.96949	4.76989	-0.01932	9.00071	1.94239	-8.87108	0.12794	-0.00941	0.05194	9.69168	4.05010	-12.08611	0.61865	0.00844	0.06793	9.45187	-3.86763	-174.95047	1.41306	155.55460	16.29976	3.16431	1.15312	-0.15504	0.03247	-0.00803	9.47526	-1.10518	-11.05721	0.05151	0.00881	-0.04266	-2.95000	14.62826	3.05447	-0.01050	-0.00214	0.00053	10.08519	8.32041	164.50644	-0.38989	156.35191	8.25639	-8.81083	-9.64820	-3.08394	-18.20054	0.08835	24.05429	4.88906	-4.00571	-0.06046	-0.17281	0.22036	8.03823	9.58384	-10.39336	0.60354	0.01349	0.96368	12.85701	-3.14123	8.42417	-12.96849	-18.57321	14.55468	2.39245	3.65445	-0.22372	0.11811	-0.00142	8.28671	0.26223	-13.44759	0.05639	0.04488	0.06869	-3.38226	17.69793	3.88092	-0.01144	-0.00106	0.00035	8.17936	9.88043	-22.56428	3.01942	-30.14381
105	1.59608	-3.68825	-8.43220	-17.42951	3.65416	-0.02419	8.76692	1.92665	-8.83113	0.09465	-0.01966	0.03848	9.62540	4.19240	-12.03082	0.64593	0.00465	0.06979	9.66777	-3.91827	-175.07388	1.46827	155.50850	16.26130	3.27186	1.15518	-0.16672	0.03654	-0.01338	9.93313	-0.89658	-12.03873	0.05984	0.01091	-0.04116	-2.87356	14.72111	2.88261	-0.01052	-0.00231	0.00058	9.77205	8.43895	164.28749	-0.53188	154.98392	9.39137	-9.37989	-10.21852	0.18932	-17.64187	-0.00612	26.32096	5.36599	-3.13822	-0.06281	-0.15223	0.24856	6.95446	9.48673	-9.82828	0.47547	0.01742	0.88238	12.98826	-2.93334	8.10693	-15.02294	-18.59093	14.56917	2.61284	3.79440	-0.20468	0.12068	0.01633	7.59961	-0.05162	-13.07341	0.04643	0.04111	0.05346	-3.25998	17.89059	3.60473	-0.01100	-0.00105	0.00108	8.03279	9.88400	-22.60195	3.84627	-29.76769
106	1.52964	-3.83469	-8.51820	-14.97229	4.65539	-0.02174	8.53741	1.93680	-8.79316	0.06025	-0.00981	0.02316	9.55937	4.33337	-11.96999	0.66792	0.00681	0.07001	9.87021	-3.95759	-175.15332	1.52441	155.46220	16.20896	3.36777	1.13336	-0.18366	0.04232	-0.01899	10.29248	-0.75217	-12.85575	0.06923	0.01342	-0.03499	-2.82739	14.90480	2.82293	-0.01064	-0.00239	0.00048	9.47292	8.54236	164.10699	-0.72815	153.90062	10.66465	-9.94134	-10.77600	3.70947	-16.12869	-0.13226	28.76911	5.70399	-2.07929	-0.07728	-0.12993	0.32351	5.73919	9.29755	-9.34614	0.35104	0.01474	0.72992	13.10537	-2.73698	7.74564	-17.25761	-18.51718	14.63253	2.84583	3.95059	-0.18006	0.12105	0.02921	6.96665	-0.39924	-12.71359	0.03663	0.03716	0.03799	-3.07646	18.04792	3.25168	-0.01045	-0.00105	0.00156	7.88947	9.88570	-22.64787	4.68440	-29.45522
107	1.46705	-3.96361	-8.61939	-13.85934	3.77106	-0.01581	8.32871	1.95527	-8.76583	0.03207	-0.01645	0.01061	9.49569	4.47293	-11.90412	0.68974	0.00206	0.06570	10.05984	-3.98208	-175.20720	1.58208	155.41629	16.14675	3.46059	1.08879	-0.20490	0.05007	-0.02447	10.53152	-0.67617	-13.45070	0.07816	0.01678	-0.02260	-2.81268	15.16381	2.84896	-0.01088	-0.00235	0.00032	9.18991	8.62888	163.96227	-0.98604	153.13658	12.06486	-10.47082	-11.30391	2.07077	-11.73882	-0.07955	31.34887	5.86018	-0.80653	-0.04573	-0.09802	0.19721	4.43727	9.09409	-9.00097	0.20357	0.01297	0.44877	13.20530	-2.55890	7.35285	-19.60369	-18.32523	14.73927	3.06316	4.11316	-0.15381	0.11921	0.03545	6.40669	-0.74637	-12.42335	0.02713	0.03321	0.02447	-2.87140	18.19076	2.90117	-0.00989	-0.00106	0.00169	7.74708	9.88876	-22.70087	5.51364	-29.20684
108	1.42438	-4.06503	-8.71734	-13.72263	4.16313	-0.00710	8.15966	1.96390	-8.74819	0.01526	-0.01408	0.00380	9.43975	4.61326	-11.83586	0.70554	-0.00043	0.05390	10.23758	-3.99139	-175.25349	1.64156	155.37103	16.07842	3.55969	1.03049	-0.22982	0.06118	-0.02982	10.63529	-0.65559	-13.80486	0.08552	0.02209	-0.00436	-2.82326	15.46148	2.94081	-0.01120	-0.00218	0.00026	8.92441	8.69754	163.84816	-1.30970	152.70094	13.56090	-10.94463	-11.79970	-1.31482	-7.07052	0.05272	33.99121	5.81014	0.67918	-0.00755	-0.06611	0.03254	3.12859	8.97368	-8.81947	0.10570	0.01368	0.22866	13.28741	-2.40434	6.94566	-21.95281	-17.99681	14.87968	3.22787	4.27088	-0.12988	0.11584	0.03654	5.92695	-1.05032	-12.23930	0.01821	0.02938	0.01381	-2.68091	18.34259	2.61258	-0.00937	-0.00105	0.00158	7.60291	9.89528	-22.75903	6.31769	-29.02383
109	1.41243	-4.13677	-8.80520	-10.59069	3.46301	0.00312	8.04436	1.94965	-8.73036	-0.03388	-0.01647	-0.00508	9.39726	4.75496	-11.76869	0.73969	0.00033	0.03671	10.40461	-3.98923	-175.30725	1.70310	155.32608	16.00582	3.66598	0.96528	-0.24891	0.07452	-0.03414	10.59551	-0.66631	-13.93216	0.08911	0.02901	0.01744	-2.84844	15.75366	3.08950	-0.01151	-0.00192	0.00037	8.67685	8.74862	163.75850	-1.70077	152.57661	15.09543	-11.35338	-12.28548	-6.12876	-5.67605	0.24736	36.60676	5.55770	2.35267	0.04630	-0.06015	-0.19273	1.92366	9.02093	-8.78096	0.03034	0.01051	0.05782	13.35411	-2.27732	6.54345	-24.16385	-17.52210	15.04521	3.31132	4.40967	-0.11122	0.11190	0.03536	5.53297	-1.27626	-12.17079	0.01057	0.02588	0.00643	-2.52375	18.51779	2.41057	-0.00891	-0.00103	0.00136	7.45399	9.90591	-22.81978	7.08408	-28.91116
110	1.43602	-4.18485	-8.88399	-9.69322	3.36677	0.01118	7.98954	1.90774	-8.70138	-0.05671	-0.01763	-0.00256	9.37208	4.89592	-11.70552	0.76297	0.00209	0.01445	10.56249	-3.98319	-175.37802	1.76729	155.28040	15.92972	3.77124	0.89899	-0.25082	0.08698	-0.03532	10.41174	-0.69014	-13.86688	0.08701	0.03545	0.03793	-2.87930	16.00775	3.28816	-0.01168	-0.00165	0.00054	8.44636	8.78406	163.68594	-2.15656	152.72388	16.60218	-11.70658	-12.79956	1.37324	-2.14368	-0.05405	39.09688	5.13254	4.15729	-0.01098	-0.01492	0.04250	0.94510	9.27795	-8.81860	-0.01713	-0.00030	-0.02443	13.41065	-2.18096	6.16619	-26.07756	-16.90543	15.23018	3.30181	4.51448	-0.09984	0.10779	0.03436	5.22934	-1.40363	-12.20310	0.00480	0.02302	0.00219	-2.40326	18.71822	2.28767	-0.00851	-0.00099	0.00108	7.29730	9.92012	-22.88044	7.80447	-28.87674
111	1.49398	-4.22298	-8.95621	-8.50333	3.90080	0.01622	7.99512	1.84388	-8.65711	-0.07054	-0.01765	0.00391	9.36529	5.03351	-11.64824	0.76724	-0.00368	-0.00905	10.71274	-3.98202	-175.46851	1.83557	155.23164	15.85223	3.86675	0.84726	-0.23647	0.09730	-0.03209	10.09266	-0.72460	-13.65499	0.08020	0.03985	0.05245	-2.91284	16.21217	3.51784	-0.01164	-0.00142	0.00057	8.23090	8.80721	163.62241	-2.66843	153.08655	18.03260	-12.02271	-13.37080	0.37688	-3.84785	-0.01416	41.36718	4.57990	5.99263	0.00979	-0.01937	-0.03384	0.30052	9.72724	-8.84549	-0.01563	-0.00036	-0.01193	13.46431	-2.11765	5.83267	-27.53658	-16.17734	15.43051	3.20539	4.56973	-0.09465	0.10281	0.03426	5.01440	-1.42404	-12.30952	0.00056	0.02102	0.00017	-2.31825	18.93201	2.22232	-0.00818	-0.00093	0.00077	7.13046	9.93659	-22.93841	8.47404	-28.92767
112	1.57901	-4.27065	-9.02038	-8.75949	3.61450	0.02129	8.05614	1.77439	-8.60499	-0.07133	-0.02508	0.01045	9.37609	5.16832	-11.59721	0.77290	-0.00617	-0.03129	10.85627	-3.99289	-175.57503	1.90987	155.17648	15.77833	3.95004	0.83827	-0.21713	0.10631	-0.02527	9.65571	-0.77808	-13.35385	0.07161	0.04212	0.05988	-2.95059	16.37081	3.74668	-0.01142	-0.00124	0.00037	8.02784	8.82238	163.56100	-3.22417	153.59735	19.36756	-12.31346	-13.99895	-1.69467	-5.01455	0.06019	43.34113	3.95119	7.72068	0.03430	-0.02288	-0.10103	0.06686	10.29163	-8.79678	-0.01381	-0.00026	0.00027	13.52293	-2.08865	5.55763	-28.40615	-15.40766	15.64257	3.04610	4.55730	-0.09289	0.09616	0.03455	4.88267	-1.34518	-12.45951	-0.00267	0.01992	-0.00045	-2.26546	19.13585	2.19510	-0.00794	-0.00088	0.00050	6.95251	9.95344	-22.99125	9.08929	-29.06558
113	1.68042	-4.34547	-9.07067	-7.07792	3.58710	0.01913	8.16594	1.72050	-8.56096	-0.08884	-0.02705	0.02036	9.40294	5.30395	-11.55137	0.78466	-0.00481	-0.05241	10.99276	-4.01848	-175.68936	1.99215	155.11179	15.71518	4.02263	0.90120	-0.19976	0.11255	-0.01619	9.12587	-0.85906	-13.03171	0.06254	0.04213	0.06066	-2.99576	16.49635	3.94472	-0.01108	-0.00114	-0.00002	7.83442	8.83380	163.49841	-3.81343	154.18352	20.60877	-12.57613	-14.65285	-3.72596	-5.72791	0.12414	44.96471	3.30118	9.19914	0.05642	-0.02499	-0.13301	0.28957	10.86174	-8.66790	-0.01189	0.00000	0.01002	13.59250	-2.09304	5.34935	-28.58570	-14.70759	15.86257	2.85846	4.45885	-0.08941	0.08788	0.03339	4.82987	-1.19331	-12.62525	-0.00568	0.01947	-0.00019	-2.23813	19.30477	2.19670	-0.00779	-0.00083	0.00033	6.76451	9.96823	-23.03600	9.64635	-29.28346
114	1.78959	-4.45452	-9.10191	-6.26661	2.08668	0.01765	8.32072	1.69883	-8.54079	-0.10899	-0.04240	0.03379	9.44441	5.44490	-11.50850	0.81148	-0.00669	-0.07324	11.12128	-4.05590	-175.80116	2.08469	155.03638	15.67052	4.08323	1.05112	-0.18157	0.11340	-0.00595	8.53503	-0.96705	-12.75454	0.05178	0.03949	0.05400	-3.05112	16.60615	4.09468	-0.01068	-0.00109	-0.00044	7.64769	8.84403	163.43590	-4.42937	154.77539	21.76119	-12.80149	-15.28306	-4.90398	-6.07645	0.15119	46.19429	2.69100	10.32356	0.07263	-0.02566	-0.12240	0.97878	11.33974	-8.52112	-0.01004	0.00033	0.01623	13.67451	-2.12722	5.20894	-28.01270	-14.21102	16.08525	2.67283	4.26204	-0.08421	0.07995	0.03086	4.85153	-1.00433	-12.78171	-0.00780	0.01959	0.00071	-2.22635	19.42113	2.22280	-0.00772	-0.00082	0.00028	6.56932	9.97763	-23.06807	10.14070	-29.56473
115	1.90309	-4.59363	-9.11234	-5.50907	2.33322	0.01608	8.52150	1.71790	-8.55278	-0.11413	-0.04313	0.04544	9.49829	5.59473	-11.46661	0.80930	-0.01080	-0.08792	11.24100	-4.09770	-175.90065	2.19146	154.95215	15.65047	4.12591	1.28339	-0.15928	0.10892	0.00363	7.92292	-1.08937	-12.56829	0.03857	0.03477	0.04015	-3.11292	16.71456	4.18859	-0.01023	-0.00106	-0.00070	7.46412	8.85359	163.37740	-5.06522	155.31432	22.81934	-12.99028	-15.83947	-5.03831	-6.06783	0.13994	46.98502	2.19069	11.04836	0.08313	-0.02503	-0.07713	2.09738	11.66314	-8.44675	-0.00842	0.00060	0.01898	13.76515	-2.18447	5.13130	-26.67256	-14.03688	16.30568	2.50867	3.96501	-0.07550	0.07483	0.02675	4.93975	-0.81313	-12.91301	-0.00907	0.01997	0.00180	-2.22306	19.47611	2.27467	-0.00770	-0.00084	0.00031	6.37119	9.97827	-23.08118	10.56816	-29.88519
116	2.02368	-4.75529	-9.10219	-5.23907	2.08647	0.01661	8.77527	1.78108	-8.59678	-0.12938	-0.04748	0.06514	9.56071	5.75734	-11.42473	0.83604	-0.00904	-0.09757	11.35289	-4.13512	-175.98103	2.31999	154.86320	15.65899	4.14393	1.57593	-0.13720	0.10103	0.01099	7.33715	-1.20557	-12.49097	0.02498	0.02939	0.02394	-3.16627	16.82694	4.22242	-0.00979	-0.00105	-0.00066	7.27948	8.86208	163.32687	-5.71146	155.75682	23.76649	-13.15937	-16.27435	-4.38668	-5.75339	0.10532	47.29879	1.87438	11.36213	0.08908	-0.02344	-0.00992	3.55666	11.80376	-8.50118	-0.00712	0.00072	0.01919	13.85692	-2.25578	5.10702	-24.61262	-14.25182	16.52130	2.37368	3.57891	-0.06110	0.07458	0.02080	5.08291	-0.64635	-13.01062	-0.00963	0.02041	0.00271	-2.22384	19.47005	2.35152	-0.00770	-0.00090	0.00037	6.17535	9.96771	-23.06850	10.92728	-30.21714
117	2.16069	-4.93537	-9.07193	-4.94825	1.99284	0.01848	9.09493	1.88869	-8.66409	-0.14048	-0.05041	0.08954	9.62387	5.93868	-11.38517	0.85177	-0.00973	-0.09124	11.46076	-4.16115	-176.03989	2.48359	154.77429	15.69832	4.13339	1.89367	-0.12275	0.09114	0.01653	6.82356	-1.29637	-12.51616	0.01433	0.02455	0.01161	-3.19272	16.94170	4.19833	-0.00938	-0.00106	-0.00038	7.08987	8.86937	163.28653	-6.35644	156.07654	24.58602	-13.33045	-16.53843	-3.40682	-5.34648	0.06707	47.11980	1.80240	11.24847	0.08949	-0.02146	0.06407	5.23109	11.76153	-8.67099	-0.00612	0.00070	0.01791	13.94130	-2.33257	5.12463	-21.94069	-14.85233	16.73059	2.26265	3.13047	-0.04248	0.07952	0.01376	5.26444	-0.51593	-13.07323	-0.00907	0.02092	0.00298	-2.22400	19.41369	2.44439	-0.00773	-0.00098	0.00045	5.98816	9.94496	-23.02393	11.22255	-30.53423
118	2.33006	-5.13333	-9.02290	-4.80600	1.01652	0.02293	9.50088	2.03633	-8.73907	-0.14994	-0.05963	0.12195	9.67614	6.14816	-11.35350	0.86530	-0.00994	-0.06344	11.57096	-4.17141	-176.07909	2.70245	154.68883	15.76886	4.09429	2.19433	-0.12045	0.08014	0.02204	6.41189	-1.35128	-12.62074	0.00878	0.02083	0.00551	-3.18471	17.05485	4.12765	-0.00904	-0.00107	-0.00005	6.89171	8.87538	163.25624	-6.98821	156.26399	25.27193	-13.51459	-16.59376	-2.47272	-5.06727	0.03750	46.45666	1.99564	10.68553	0.08259	-0.01970	0.12496	6.98697	11.55769	-8.88797	-0.00541	0.00058	0.01605	14.01190	-2.40991	5.17253	-18.80161	-15.76865	16.92897	2.15870	2.66230	-0.02103	0.08638	0.00630	5.45968	-0.41658	-13.11334	-0.00796	0.02121	0.00259	-2.21998	19.32640	2.54119	-0.00777	-0.00109	0.00051	5.81674	9.91036	-22.94329	11.46567	-30.81444
119	2.55325	-5.34853	-8.96148	-4.97569	0.39046	0.03189	10.02211	2.21230	-8.79829	-0.15699	-0.06654	0.16411	9.70281	6.39813	-11.33691	0.87396	-0.00993	-0.00968	11.69011	-4.16360	-176.10350	3.00302	154.60847	15.86936	4.03054	2.43585	-0.12531	0.06813	0.02790	6.11065	-1.36926	-12.77731	0.00695	0.01801	0.00307	-3.15154	17.16011	4.03408	-0.00874	-0.00109	0.00015	6.68230	8.87983	163.23380	-7.59532	156.32442	25.82643	-13.70977	-16.43643	-1.73813	-5.02311	0.01875	45.32998	2.42502	9.68210	0.06804	-0.01873	0.15392	8.70809	11.22398	-9.07044	-0.00500	0.00041	0.01425	14.06662	-2.48846	5.24147	-15.34744	-16.88200	17.10796	2.03955	2.22637	-0.00467	0.09023	0.00124	5.63840	-0.33011	-13.15092	-0.00623	0.02109	0.00171	-2.20924	19.23294	2.62733	-0.00784	-0.00119	0.00053	5.66764	9.86479	-22.82549	11.67422	-31.04079
120	2.85536	-5.57757	-8.90308	-5.44499	-0.47370	0.04732	10.69608	2.39844	-8.81104	-0.15604	-0.07478	0.20948	9.68752	6.70069	-11.34032	0.87072	-0.00919	0.07094	11.82240	-4.13612	-176.11966	3.41602	154.53366	15.99676	3.94956	2.58247	-0.13026	0.05631	0.03286	5.91302	-1.35477	-12.95662	0.00642	0.01604	0.00175	-3.11078	17.24681	3.94391	-0.00847	-0.00111	0.00021	6.45994	8.88194	163.21637	-8.16721	156.27332	26.25207	-13.90558	-16.10865	-1.06697	-5.25887	0.00724	43.76203	3.01735	8.30831	0.04705	-0.01897	0.13942	10.30611	10.79895	-9.15718	-0.00489	0.00024	0.01278	14.10768	-2.57448	5.32704	-11.71752	-18.04867	17.26044	1.88771	1.86473	-0.00105	0.08722	0.00024	5.77379	-0.23675	-13.19941	-0.00416	0.02049	0.00078	-2.19229	19.15678	2.69141	-0.00792	-0.00127	0.00048	5.54513	9.80877	-22.67216	11.86697	-31.19950
121	3.25937	-5.81799	-8.86952	-6.38749	-2.56287	0.07311	11.56275	2.58138	-8.74698	-0.15675	-0.09518	0.26623	9.61239	7.05965	-11.36049	0.88059	-0.00818	0.18258	11.96766	-4.08677	-176.13414	3.97421	154.46465	16.14656	3.86163	2.60821	-0.12762	0.04702	0.03461	5.80725	-1.31695	-13.12975	0.00457	0.01508	0.00053	-3.07690	17.30383	3.87748	-0.00825	-0.00113	0.00020	6.22431	8.88087	163.20198	-8.69536	156.13116	26.54940	-14.08394	-15.69029	-0.06339	-5.76293	0.00021	41.77599	3.66998	6.69584	0.02171	-0.02034	0.07861	11.71330	10.33135	-9.12010	-0.00508	0.00008	0.01150	14.14004	-2.67745	5.43026	-8.03307	-19.12357	17.38866	1.70115	1.58710	-0.01053	0.07755	0.00213	5.85285	-0.13048	-13.24590	-0.00210	0.01946	0.00019	-2.17320	19.11139	2.72867	-0.00797	-0.00131	0.00035	5.45081	9.74202	-22.48634	12.05664	-31.27604
122	3.77588	-6.07314	-8.88013	-7.25364	-3.25709	0.10390	12.65247	2.77133	-8.59244	-0.14181	-0.10526	0.29640	9.45445	7.45913	-11.37644	0.86402	-0.00706	0.32422	12.11920	-4.00968	-176.15201	4.71164	154.40288	16.31316	3.77691	2.49887	-0.11658	0.04151	0.03256	5.78605	-1.27086	-13.26642	0.00113	0.01473	-0.00004	-3.05208	17.32875	3.84031	-0.00810	-0.00117	0.00024	5.97619	8.87574	163.19014	-9.17436	155.91885	26.71839	-14.21869	-15.27002	1.50794	-6.37513	-0.00048	39.39977	4.27454	5.00742	-0.00610	-0.02206	-0.02584	12.86341	9.88247	-8.95761	-0.00554	-0.00005	0.00985	14.16905	-2.80693	5.55586	-4.40412	-19.97913	17.50668	1.49543	1.36950	-0.02424	0.06431	0.00493	5.87889	-0.02498	-13.25303	-0.00081	0.01793	0.00001	-2.15809	19.09576	2.74174	-0.00793	-0.00132	0.00017	5.38444	9.66328	-22.27119	12.24695	-31.25517
123	4.40026	-6.35345	-8.94641	-8.27757	-4.47612	0.14167	13.97697	3.01080	-8.36124	-0.12651	-0.12075	0.31508	9.17981	7.85670	-11.34236	0.84320	-0.00722	0.50417	12.26496	-3.89549	-176.17683	5.66382	154.35159	16.49004	3.70128	2.25342	-0.10327	0.03880	0.02863	5.84789	-1.23308	-13.33871	-0.00170	0.01398	0.00030	-3.02642	17.33017	3.82418	-0.00804	-0.00124	0.00041	5.71701	8.86547	163.18227	-9.60266	155.65620	26.76322	-14.27495	-14.92106	3.48739	-6.90864	0.00713	36.67392	4.73125	3.40054	-0.03533	-0.02312	-0.16936	13.67299	9.52329	-8.67967	-0.00618	-0.00015	0.00691	14.19847	-2.97099	5.71036	-0.94580	-20.51680	17.63246	1.29212	1.17548	-0.03356	0.05086	0.00771	5.86453	0.05619	-13.17966	-0.00085	0.01578	-0.00004	-2.15026	19.09964	2.73422	-0.00779	-0.00130	-0.00001	5.34395	9.56961	-22.02896	12.43684	-31.12688
124	5.12715	-6.67573	-9.07535	-9.28982	-5.84924	0.18595	15.53454	3.35030	-8.07580	-0.10208	-0.12634	0.29490	8.74517	8.19251	-11.20380	0.79408	-0.00029	0.69957	12.39686	-3.74145	-176.21490	6.86649	154.31644	16.67063	3.63448	1.88454	-0.09260	0.03750	0.02478	5.98881	-1.21182	-13.33047	-0.00213	0.01220	0.00065	-2.98733	17.31765	3.81763	-0.00805	-0.00132	0.00067	5.44909	8.84892	163.18077	-9.98250	155.36264	26.69466	-14.21618	-14.69821	5.77259	-7.26937	0.02209	33.66029	4.95306	2.01232	-0.06597	-0.02280	-0.34657	14.03178	9.32061	-8.29609	-0.00684	-0.00018	0.00166	14.22950	-3.17632	5.90083	2.20148	-20.67233	17.77895	1.10615	0.97601	-0.03398	0.04015	0.00921	5.82448	0.09387	-12.99830	-0.00264	0.01326	-0.00021	-2.14712	19.11151	2.70576	-0.00755	-0.00127	-0.00011	5.32531	9.45660	-21.76114	12.62508	-30.89122
125	5.96764	-7.05390	-9.27470	-9.63365	-8.98274	0.22513	17.32546	3.80244	-7.73601	-0.08263	-0.14634	0.27196	8.11127	8.41262	-10.93102	0.73610	-0.00782	0.89155	12.51835	-3.55910	-176.27800	8.35113	154.30563	16.84967	3.57194	1.41819	-0.08446	0.03683	0.02155	6.19478	-1.20180	-13.24321	-0.00035	0.00966	0.00014	-2.92819	17.29136	3.81334	-0.00809	-0.00139	0.00096	5.17652	8.82574	163.18802	-10.31894	155.05763	26.52504	-14.02376	-14.63968	8.61324	-7.37402	0.04505	30.44362	4.88266	0.95643	-0.09863	-0.02050	-0.55017	13.80843	9.31005	-7.81223	-0.00731	-0.00013	-0.00626	14.26056	-3.42918	6.13349	4.86019	-20.41894	17.95108	0.94211	0.75913	-0.02249	0.03352	0.00704	5.77274	0.08008	-12.70356	-0.00642	0.01061	-0.00059	-2.14127	19.12392	2.65443	-0.00722	-0.00123	-0.00011	5.32409	9.31973	-21.47076	12.81100	-30.55846
126	6.94370	-7.48541	-9.54779	-8.63864	-10.35789	0.23471	19.35825	4.32277	-7.32010	-0.06622	-0.14145	0.24507	7.25933	8.48998	-10.53372	0.65795	-0.00185	1.02191	12.63745	-3.36627	-176.37877	10.13579	154.32933	17.02502	3.50813	0.89057	-0.07725	0.03697	0.01898	6.44419	-1.18901	-13.09261	0.00257	0.00736	-0.00118	-2.84814	17.24372	3.80762	-0.00817	-0.00146	0.00125	4.90589	8.79648	163.20561	-10.61896	154.76013	26.25994	-13.71191	-14.76171	12.22738	-7.18076	0.08085	27.12416	4.51541	0.30775	-0.13391	-0.01591	-0.76703	12.87607	9.46952	-7.22725	-0.00739	0.00002	-0.01570	14.28670	-3.73507	6.41306	6.82714	-19.76551	18.14519	0.79454	0.53534	0.00197	0.02977	-0.00067	5.72009	0.01896	-12.31629	-0.01223	0.00760	-0.00108	-2.12337	19.13691	2.57959	-0.00682	-0.00120	-0.00000	5.33794	9.15557	-21.16323	12.99343	-30.14674
127	8.06820	-7.95557	-9.88141	-6.38390	-11.42215	0.19791	21.63804	4.83763	-6.81063	-0.05343	-0.13292	0.21870	6.20188	8.43241	-10.04947	0.56297	0.00228	1.04717	12.75834	-3.17681	-176.52490	12.21248	154.39740	17.19715	3.43958	0.34082	-0.07307	0.03981	0.01766	6.71364	-1.16261	-12.89947	0.00669	0.00668	-0.00317	-2.74872	17.16958	3.79779	-0.00827	-0.00153	0.00147	4.64568	8.76181	163.23537	-10.89128	154.48833	25.89703	-13.32551	-15.05439	16.22176	-6.66304	0.13318	23.81065	3.90420	0.07950	-0.17152	-0.00884	-0.97273	11.16226	9.70669	-6.53351	-0.00680	0.00028	-0.02322	14.30024	-4.09681	6.74344	7.91982	-18.74802	18.34858	0.64804	0.33794	0.03312	0.02523	-0.01146	5.67220	-0.07497	-11.88266	-0.01948	0.00359	-0.00146	-2.08494	19.15689	2.48107	-0.00642	-0.00118	0.00017	5.36663	8.96089	-20.84436	13.16869	-29.67962
128	9.33462	-8.45152	-10.24262	-5.17278	-11.96552	0.17793	24.14425	5.28628	-6.20162	-0.03051	-0.12524	0.13464	4.98170	8.26957	-9.53306	0.44592	0.00151	0.93208	12.88100	-3.00007	-176.71866	14.53509	154.51730	17.36728	3.36687	-0.19715	-0.07380	0.04697	0.01780	6.97916	-1.12577	-12.68590	0.01234	0.00830	-0.00547	-2.63813	17.07504	3.78668	-0.00839	-0.00160	0.00152	4.40405	8.72147	163.28001	-11.14513	154.25949	25.43381	-12.92365	-15.49207	19.64029	-5.44886	0.19467	20.61802	3.13757	0.21752	-0.20903	0.00208	-1.12532	8.71200	9.86673	-5.72442	-0.00560	0.00062	-0.02517	14.29301	-4.51236	7.12851	8.05043	-17.42470	18.54556	0.48297	0.20702	0.05731	0.01635	-0.01890	5.63306	-0.18424	-11.45599	-0.02652	-0.00184	-0.00134	-2.02091	19.19018	2.35729	-0.00605	-0.00119	0.00033	5.41102	8.73161	-20.51869	13.32790	-29.18262
129	10.72438	-8.95873	-10.58545	-4.36795	-10.66538	0.16212	26.81573	5.64341	-5.49370	-0.00228	-0.10611	0.01050	3.66336	8.03057	-9.05163	0.31927	0.00008	0.70455	13.00322	-2.84294	-176.95729	17.01016	154.69272	17.53452	3.29211	-0.69672	-0.07641	0.05591	0.01820	7.21314	-1.09415	-12.47670	0.01838	0.01093	-0.00663	-2.53785	16.97730	3.78762	-0.00852	-0.00167	0.00127	4.18590	8.67393	163.34279	-11.38803	154.09035	24.88026	-12.55921	-16.04763	21.72858	-2.83724	0.24647	17.66911	2.30762	0.61048	-0.24104	0.01986	-1.16913	5.72384	9.76744	-4.80597	-0.00441	0.00099	-0.02254	14.25947	-4.97308	7.57103	7.28533	-15.88388	18.72802	0.28360	0.16352	0.06957	0.00065	-0.02137	5.61195	-0.29533	-11.07670	-0.03258	-0.00919	-0.00021	-1.93507	19.23496	2.21457	-0.00576	-0.00124	0.00042	5.47262	8.46308	-20.18983	13.45510	-28.67900
130	12.21501	-9.45073	-10.86791	-2.01866	-8.69891	0.07884	29.55842	5.91220	-4.69420	-0.01112	-0.08554	0.05128	2.33210	7.74778	-8.67177	0.21428	-0.00033	0.46352	13.12089	-2.71014	-177.23203	19.49322	154.92140	17.69419	3.21359	-1.13639	-0.07058	0.06031	0.01593	7.38521	-1.08298	-12.29623	0.02098	0.01188	-0.00480	-2.47606	16.89664	3.81791	-0.00861	-0.00173	0.00071	3.99244	8.61645	163.42613	-11.62623	153.99464	24.26430	-12.27308	-16.68542	-0.61266	-1.59735	-0.00745	15.09420	1.49605	1.10180	-0.04487	-0.04093	-0.18264	2.53360	9.26800	-3.80862	-0.04138	-0.00425	-0.21108	14.19802	-5.46332	8.07047	5.85350	-14.25630	18.89770	0.04150	0.19962	0.07000	-0.02123	-0.02044	5.62237	-0.39758	-10.75841	-0.03678	-0.01805	0.00222	-1.84090	19.27782	2.06715	-0.00560	-0.00133	0.00040	5.55372	8.15199	-19.86142	13.52750	-28.18557
131	13.77690	-9.89660	-11.07714	-4.87386	-4.94909	0.19537	32.27194	6.09985	-3.80671	0.02542	-0.05778	-0.11342	1.10099	7.48392	-8.44090	0.09947	-0.00489	0.19006	13.22868	-2.60396	-177.52806	21.79989	155.19499	17.83818	3.12437	-1.50008	-0.05332	0.05675	0.01063	7.46894	-1.09354	-12.14946	0.01832	0.00966	-0.00111	-2.46785	16.84521	3.87371	-0.00864	-0.00178	0.00001	3.82249	8.54575	163.53105	-11.86680	153.97845																								19.06253	-0.24353	0.28583	0.05940	-0.04678	-0.01734	5.67711	-0.48277	-10.49523	-0.03855	-0.02690	0.00564	-1.76266	19.29491	1.94062	-0.00558	-0.00142	0.00020	5.65740	7.79731	-19.53703	13.51662	-27.70939
132	15.36583	-10.28059	-11.24586	-6.41349	-2.23024	0.25694	34.87235	6.20291	-2.80755	0.05442	-0.03557	-0.22758	0.10316	7.33137	-8.37833	0.02582	-0.00263	0.03705	13.32229	-2.52460	-177.82660	23.74003	155.50471	17.95770	3.01524	-1.77943	-0.02568	0.04587	0.00411	7.44910	-1.10613	-12.01872	0.01027	0.00464	0.00124	-2.50589	16.81956	3.92606	-0.00861	-0.00180	-0.00059	3.67498	8.46005	163.65704	-12.11760	154.03804																								19.23295	-0.56081	0.37858	0.03902	-0.07103	-0.01206	5.78596	-0.54954	-10.26799	-0.03743	-0.03366	0.00919	-1.73610	19.25384	1.87443	-0.00573	-0.00149	-0.00025	5.78648	7.40077	-19.21949	13.38707	-27.24318
133	16.92464	-10.61454	-11.44700	2.64912	-2.30832	-0.10332	37.29782	6.20772	-1.64169	-0.01614	-0.01974	0.06134	-0.53972	7.37665	-8.47118	-0.01714	-0.00065	-0.01338	13.40016	-2.47108	-178.10751	25.16173	155.85048	18.04632	2.87883	-1.97474	0.00170	0.03277	-0.00019	7.32540	-1.08383	-11.86689	0.00028	-0.00076	0.00008	-2.56257	16.80093	3.92739	-0.00850	-0.00177	-0.00093	3.54992	8.36101	163.80202	-12.38472	154.16286																								19.41827	-0.89041	0.42866	0.00892	-0.08804	-0.00304	5.95426	-0.60445	-10.04849	-0.03220	-0.03676	0.01121	-1.80691	19.11364	1.92256	-0.00597	-0.00152	-0.00102	5.94207	6.96669	-18.91083	13.09560	-26.75977
134	18.39982	-10.92959	-11.75875	3.96588	-4.18467	-0.14738	39.50183	6.09904	-0.26503	-0.00828	-0.02139	0.02769	-0.75275	7.65913	-8.67202	-0.01612	-0.00069	-0.00062	13.46459	-2.44251	-178.35248	25.97948	156.24216	18.10207	2.71348	-2.09392	0.01821	0.02159	-0.00117	7.11060	-0.98931	-11.65965	-0.00797	-0.00412	-0.00341	-2.60520	16.76467	3.83666	-0.00831	-0.00170	-0.00097	3.44791	8.25398	163.96323	-12.67034	154.33977																								19.62401	-1.20895	0.39118	-0.03203	-0.09122	0.01214	6.18031	-0.66017	-9.80714	-0.02136	-0.03457	0.00937	-2.02266	18.83068	2.15041	-0.00619	-0.00154	-0.00210	6.12238	6.50177	-18.61259	12.59966	-26.21095
135	19.75893	-11.25369	-12.21971	3.30494	-5.15429	-0.11535	41.44150	5.87258	1.29754	0.00822	-0.01945	-0.02324	-0.52312	8.15219	-8.91173	-0.01464	-0.00050	0.01020	13.52035	-2.43830	-178.54762	26.17239	156.68352	18.12836	2.52392	-2.14967	0.01235	0.01453	-0.00032	6.82655	-0.80694	-11.38233	-0.01059	-0.00398	-0.00553	-2.61196	16.69582	3.63668	-0.00804	-0.00160	-0.00080	3.36831	8.14464	164.13792	-12.97173	154.55479																								19.84874	-1.49481	0.23277	-0.08166	-0.07222	0.03348	6.45103	-0.73530	-9.51819	-0.00492	-0.02420	0.00244	-2.41966	18.37170	2.62295	-0.00648	-0.00151	-0.00343	6.32285	6.01537	-18.32600	11.87232	-25.53448
136	20.99273	-11.59664	-12.81752	1.49021	-5.13892	-0.04842	43.06927	5.53865	2.94345	0.02763	-0.01430	-0.06226	0.11199	8.78155	-9.13387	-0.01297	-0.00012	0.01757	13.57309	-2.45793	-178.68500	25.75965	157.14499	18.13409	2.31879	-2.15521	-0.01511	0.01022	0.00006	6.50448	-0.55717	-11.06247	-0.00736	-0.00112	-0.00409	-2.58167	16.60322	3.35595	-0.00771	-0.00149	-0.00054	3.30832	8.03568	164.32283	-13.28196	154.79309																								20.08230	-1.73086	-0.06289	-0.13298	-0.02413	0.05545	6.73992	-0.85700	-9.15632	0.01482	-0.00296	-0.00739	-3.01577	17.72668	3.38381	-0.00708	-0.00136	-0.00519	6.53637	5.51974	-18.05258	10.90852	-24.66628
137	22.10605	-11.95010	-13.50839	-0.46219	-4.50740	0.01389	44.33421	5.11873	4.53111	0.04409	-0.00847	-0.07140	1.09161	9.46279	-9.32361	-0.01116	0.00034	0.02122	13.62870	-2.50137	-178.76369	24.77336	157.55093	18.13146	2.10649	-2.12252	-0.04953	0.00665	0.00000	6.18469	-0.29582	-10.76737	-0.00206	0.00222	-0.00107	-2.52862	16.52511	3.06599	-0.00734	-0.00140	-0.00022	3.26465	7.92549	164.51381	-13.59134	155.03886																								20.30511	-1.90609	-0.49073	-0.10540	-0.13121	0.04084	7.00933	-1.06117	-8.68524	0.01300	-0.07521	-0.00571	-3.80572	16.91795	4.42204	-0.02191	-0.01860	-0.02071	6.75357	5.03046	-17.79453	9.72318	-23.56117
138	23.11057	-12.29490	-14.23165	-1.84940	-3.89271	0.05100	45.18954	4.65154	5.91648	0.05490	-0.00481	-0.05128	2.34870	10.11904	-9.50279	-0.00925	0.00073	0.02147	13.69376	-2.56990	-178.79019	23.24700	157.80029	18.13075	1.89305	-2.06380	-0.07006	0.00211	0.00065	5.90813	-0.09244	-10.57429	-0.00014	0.00358	-0.00006	-2.47248	16.51362	2.85248	-0.00698	-0.00133	0.00009	3.23498	7.80942	164.70692	-13.88718	155.27725																																														
139	24.01986	-12.61052	-14.91125	-2.44767	-3.73283	0.06100	45.60264	4.20160	6.96719	0.06022	-0.00448	-0.01303	3.81397	10.67976	-9.69603	-0.00733	0.00095	0.01913	13.77462	-2.66590	-178.77641	21.22110	157.80678	18.13774	1.68394	-1.99028	-0.06530	-0.00491	0.00168	5.70587	0.00088	-10.53408	-0.00442	0.00138	-0.00121	-2.43171	16.60347	2.77659	-0.00664	-0.00131	0.00029	3.21777	7.68120	164.89925	-14.15175	155.49701																																														
140	24.84151	-12.88221	-15.46285	-2.36504	-4.08750	0.05155	45.55981	3.85020	7.56826	0.06121	-0.00690	0.03117	5.41114	11.08454	-9.89881	-0.00556	0.00099	0.01538	13.87311	-2.78961	-178.73457	18.75575	157.53098	18.15573	1.48753	-1.90989	-0.03775	-0.01550	0.00180	5.59388	-0.03253	-10.65423	-0.01434	-0.00439	-0.00168	-2.42425	16.79029	2.85621	-0.00635	-0.00133	0.00026	3.21218	7.53411	165.08920	-14.36037	155.69388																																														
141	25.56704	-13.10120	-15.81610	-1.81038	-4.83598	0.03230	45.06502	3.66872	7.63463	0.05822	-0.01106	0.07106	7.05423	11.29988	-10.06820	-0.00412	0.00088	0.01148	13.97965	-2.93181	-178.66998	15.93747	156.99277	18.18815	1.31358	-1.83088	-0.00254	-0.02900	0.00019	5.57194	-0.17154	-10.89594	-0.02606	-0.01182	0.00071	-2.47049	17.02858	3.07091	-0.00610	-0.00138	-0.00008	3.21930	7.36168	165.27654	-14.48092	155.87477																																														
142	26.16470	-13.25887	-15.93987	-0.61162	-5.79060	0.00782	44.13341	3.69381	7.13092	0.04969	-0.01589	0.09446	8.65364	11.33215	-10.14177	-0.00309	0.00066	0.00831	14.06867	-3.06858	-178.57539	12.87403	156.26401	18.23796	1.16598	-1.76884	0.01970	-0.04060	-0.00208	5.62666	-0.36962	-11.18607	-0.03366	-0.01746	0.00485	-2.59573	17.25082	3.38785	-0.00590	-0.00144	-0.00074	3.24218	7.15841	165.46179	-14.47591	156.06252																																														
143	26.58575	-13.34703	-15.84665	1.55588	-6.61720	-0.01031	42.78621	3.92065	6.08708	0.03399	-0.02008	0.08649	10.13265	11.22517	-10.07058	-0.00247	0.00040	0.00612	14.10747	-3.16932	-178.43460	9.67892	155.44707	18.30714	1.04007	-1.74653	0.01797	-0.04310	-0.00248	5.74013	-0.58241	-11.44954	-0.03366	-0.01812	0.00779	-2.83069	17.40065	3.79866	-0.00573	-0.00148	-0.00165	3.28527	6.92105	165.64540	-14.30860	156.29836																																														
144	26.78029	-13.36700	-15.57555	4.66540	-7.09821	0.00176	41.04290	4.31703	4.59658	0.01184	-0.02277	0.03744	11.43199	11.04217	-9.83891	-0.00225	0.00016	0.00486	14.07299	-3.21434	-178.23314	6.45723	154.65105	18.39646	0.93002	-1.78734	-0.00584	-0.03056	0.00099	5.89600	-0.79000	-11.63293	-0.02622	-0.01212	0.00769	-3.20759	17.45152	4.33221	-0.00560	-0.00149	-0.00270	3.35294	6.64932	165.82755	-13.95041	156.63857																																														
145	26.71153	-13.33474	-15.17164	8.26684	-7.48256	0.06408	38.91364	4.84235	2.79511	-0.01415	-0.02461	-0.05337	12.49435	10.84734	-9.46260	-0.00245	-0.00002	0.00423	13.96178	-3.20522	-177.96596	3.30298	153.97346	18.50452	0.83731	-1.90946	-0.04149	-0.00041	0.00814	6.07935	-0.99973	-11.70473	-0.01417	0.00079	0.00468	-3.75359	17.40247	5.03560	-0.00565	-0.00144	-0.00393	3.44757	6.34717	166.00812	-13.38489	157.14427																																														
146	26.36728	-13.27844	-14.67049	11.95944	-8.30139	0.17779	36.40219	5.45060	0.83459	-0.04282	-0.02730	-0.18762	13.24646	10.69716	-8.98237	-0.00301	-0.00012	0.00339	13.79105	-3.16634	-177.64006	0.30899	153.48860	18.62642	0.77035	-2.12311	-0.08412	0.04769	0.01784	6.27429	-1.23771	-11.63289	0.00071	0.01978	-0.00024	-4.48127	17.26979	5.93074	-0.00601	-0.00131	-0.00552	3.56813	6.02346	166.18687	-12.60774	157.86525																																														
147	25.76623	-13.23347	-14.09508	15.37719	-9.66418	0.32382	33.51943	6.08209	-1.12857	-0.07409	-0.03144	-0.36840	13.59681	10.62839	-8.46161	-0.00375	-0.00013	0.00128	13.59601	-3.14226	-177.27344	-2.41859	153.24437	18.75472	0.73581	-2.43154	0.00380	-0.10764	-0.00082	6.46337	-1.53328	-11.37442	-0.03197	-0.07390	0.01051	-5.38382	17.08071	6.98534	-0.01764	-0.01417	-0.02018	3.70986	5.69163	166.36346	-11.62762	158.81927																																														
148	24.95220	-13.23014	-13.47192	17.85850	-10.98235	0.45907	30.30513	6.65847	-2.94157	-0.10632	-0.03536	-0.58250	13.45061	10.63968	-7.97318	-0.00454	-0.00004	-0.00277	13.41811	-3.18489	-176.88733	-4.75094	153.26463																																																																					
149	23.98694	-13.27458	-12.85718	18.49281	-11.42562	0.52021	26.85536	7.07727	-4.47270	-0.13646	-0.03663	-0.79075	12.73154	10.68698	-7.56740	-0.00532	0.00016	-0.00889	13.28758	-3.33429	-176.49544	-6.53771	153.55399																																																																					
150	22.95264	-13.33974	-12.34885	16.96124	-10.51981	0.47017	23.33658	7.21853	-5.62473	-0.16272	-0.03357	-0.94548	11.39937	10.68740	-7.24019	-0.00606	0.00049	-0.01659	13.21630	-3.60919	-176.10010	-7.62334	154.10551																																																																					
151	21.94512	-13.38077	-12.06534	13.62852	-8.04255	0.33275	19.96371	6.98761	-6.34113	-0.18423	-0.02505	-1.00703	9.47529	10.52049	-6.92810	-0.00668	0.00090	-0.02445	13.20226	-4.00940	-175.69600	-7.88896	154.90585																																																																					
152	21.05040	-13.35822	-12.10456	8.84019	-3.72841	0.16637	16.95018	6.36827	-6.62291	-0.19855	-0.01009	-0.94754	7.08052	10.04118	-6.53560	-0.00719	0.00130	-0.03043	13.23319	-4.51698	-175.27472	-7.31882	155.92609																																																																					
153	20.33248	-13.24462	-12.51433	-10.56414	2.31443	-0.12377	14.46805	5.43237	-6.54240	-0.04550	-0.00631	-0.17238	4.46302	9.12868	-5.98638	-0.02713	-0.00107	-0.11634	13.28640	-5.09404	-174.82753	-6.05966	157.09480																																																																					