# Kinematics Data (Joint Angles, Velocities, COM, Muscle Activations)
# Total frames: 221
# Control Hz: 30
# Time step: 0.0333333 seconds
# Number of DOFs: 56
# Number of Muscles: 304
# DOF names: Pelvis_rot_x, Pelvis_rot_y, Pelvis_rot_z, Pelvis_pos_x, Pelvis_pos_y, Pelvis_pos_z, FemurR_x, FemurR_y, FemurR_z, TibiaR, TalusR_x, TalusR_y, TalusR_z, FootPinkyR, FootThumbR, FemurL_x, FemurL_y, FemurL_z, TibiaL, TalusL_x, TalusL_y, TalusL_z, FootPinkyL, FootThumbL, Spine_x, Spine_y, Spine_z, Torso_x, Torso_y, Torso_z, Neck_x, Neck_y, Neck_z, Head_x, Head_y, Head_z, ShoulderR_x, ShoulderR_y, ShoulderR_z, ArmR_x, ArmR_y, ArmR_z, ForeArmR, HandR_x, HandR_y, HandR_z, ShoulderL_x, ShoulderL_y, ShoulderL_z, ArmL_x, ArmL_y, ArmL_z, ForeArmL, HandL_x, HandL_y, HandL_z
# Muscle names: L_ab1, R_ab1, L_ab2, R_ab2, L_ab3, R_ab3, L_ab4, R_ab4, L_ab5, R_ab5, L_Internal_Oblique, R_Internal_Oblique, L_Internal_Oblique1, R_Internal_Oblique1, L_Internal_Oblique2, R_Internal_Oblique2, L_Abductor_Pollicis_Longus, R_Abductor_Pollicis_Longus, L_Adductor_Brevis, R_Adductor_Brevis, L_Adductor_Brevis1, R_Adductor_Brevis1, L_Adductor_Longus, R_Adductor_Longus, L_Adductor_Longus1, R_Adductor_Longus1, L_Adductor_Magnus, R_Adductor_Magnus, L_Adductor_Magnus1, R_Adductor_Magnus1, L_Adductor_Magnus2, R_Adductor_Magnus2, L_Adductor_Magnus3, R_Adductor_Magnus3, L_Adductor_Magnus4, R_Adductor_Magnus4, L_Anconeous, R_Anconeous, L_Bicep_Brachii_Long_Head, R_Bicep_Brachii_Long_Head, L_Bicep_Brachii_Short_Head, R_Bicep_Brachii_Short_Head, L_Bicep_Femoris_Longus, R_Bicep_Femoris_Longus, L_Bicep_Femoris_Short, R_Bicep_Femoris_Short, L_Bicep_Femoris_Short1, R_Bicep_Femoris_Short1, L_Brachialis, R_Brachialis, L_Brachioradialis, R_Brachioradialis, L_Coracobrachialis, R_Coracobrachialis, L_Deltoid, R_Deltoid, L_Deltoid1, R_Deltoid1, L_Deltoid2, R_Deltoid2, L_Extensor_Carpi_Radialis_Longus, R_Extensor_Carpi_Radialis_Longus, L_Extensor_Carpi_Ulnaris, R_Extensor_Carpi_Ulnaris, L_Extensor_Digiti_Minimi, R_Extensor_Digiti_Minimi, L_Extensor_Digitorum_Longus, R_Extensor_Digitorum_Longus, L_Extensor_Digitorum_Longus1, R_Extensor_Digitorum_Longus1, L_Extensor_Digitorum_Longus2, R_Extensor_Digitorum_Longus2, L_Extensor_Digitorum_Longus3, R_Extensor_Digitorum_Longus3, L_Extensor_Digitorum1, R_Extensor_Digitorum1, L_Extensor_Hallucis_Longus, R_Extensor_Hallucis_Longus, L_Extensor_Pollicis_Brevis, R_Extensor_Pollicis_Brevis, L_Extensor_Pollicis_Longus, R_Extensor_Pollicis_Longus, L_Flexor_Carpi_Radialis, R_Flexor_Carpi_Radialis, L_Flexor_Carpi_Ulnaris, R_Flexor_Carpi_Ulnaris, L_Flexor_Digiti_Minimi_Brevis_Foot, R_Flexor_Digiti_Minimi_Brevis_Foot, L_Flexor_Digitorum_Longus, R_Flexor_Digitorum_Longus, L_Flexor_Digitorum_Longus1, R_Flexor_Digitorum_Longus1, L_Flexor_Digitorum_Longus2, R_Flexor_Digitorum_Longus2, L_Flexor_Digitorum_Longus3, R_Flexor_Digitorum_Longus3, L_Flexor_Digitorum_Profundus2, R_Flexor_Digitorum_Profundus2, L_Flexor_Hallucis, R_Flexor_Hallucis, L_Flexor_Hallucis1, R_Flexor_Hallucis1, L_Flexor_Pollicis_Longus, R_Flexor_Pollicis_Longus, L_Gastrocnemius_Lateral_Head, R_Gastrocnemius_Lateral_Head, L_Gastrocnemius_Medial_Head, R_Gastrocnemius_Medial_Head, L_Gluteus_Maximus, R_Gluteus_Maximus, L_Gluteus_Maximus1, R_Gluteus_Maximus1, L_Gluteus_Maximus2, R_Gluteus_Maximus2, L_Gluteus_Maximus3, R_Gluteus_Maximus3, L_Gluteus_Maximus4, R_Gluteus_Maximus4, L_Gluteus_Medius, R_Gluteus_Medius, L_Gluteus_Medius1, R_Gluteus_Medius1, L_Gluteus_Medius2, R_Gluteus_Medius2, L_Gluteus_Medius3, R_Gluteus_Medius3, L_Gluteus_Minimus, R_Gluteus_Minimus, L_Gluteus_Minimus1, R_Gluteus_Minimus1, L_Gluteus_Minimus2, R_Gluteus_Minimus2, L_Gracilis, R_Gracilis, L_Inferior_Gemellus, R_Inferior_Gemellus, L_Infraspinatus1, R_Infraspinatus1, L_Latissimus_Dorsi, R_Latissimus_Dorsi, L_Latissimus_Dorsi3, R_Latissimus_Dorsi3, L_Latissimus_Dorsi5, R_Latissimus_Dorsi5, L_Longissimus_Capitis3, R_Longissimus_Capitis3, L_Longissimus_Thoracis, R_Longissimus_Thoracis, L_Longus_Capitis2, R_Longus_Capitis2, L_Multifidus, R_Multifidus, L_Obturator_Externus, R_Obturator_Externus, L_Obturator_Internus, R_Obturator_Internus, L_Omohyoid, R_Omohyoid, L_Palmaris_Longus, R_Palmaris_Longus, L_Pectineus, R_Pectineus, L_Pectoralis_Major, R_Pectoralis_Major, L_Pectoralis_Major2, R_Pectoralis_Major2, L_Pectoralis_Minor1, R_Pectoralis_Minor1, L_Peroneus_Brevis, R_Peroneus_Brevis, L_Peroneus_Longus, R_Peroneus_Longus, L_Peroneus_Tertius, R_Peroneus_Tertius, L_Peroneus_Tertius1, R_Peroneus_Tertius1, L_Piriformis, R_Piriformis, L_Piriformis1, R_Piriformis1, L_Plantaris, R_Plantaris, L_Platysma1, R_Platysma1, L_Popliteus, R_Popliteus, L_Psoas_Major, R_Psoas_Major, L_Psoas_Major1, R_Psoas_Major1, L_Psoas_Major2, R_Psoas_Major2, L_Psoas_Minor, R_Psoas_Minor, L_Quadratus_Femoris, R_Quadratus_Femoris, L_Quadratus_Lumborum1, R_Quadratus_Lumborum1, L_Quadratus_Lumborum2, R_Quadratus_Lumborum2, L_Quadratus_Lumborum3, R_Quadratus_Lumborum3, L_Rectus_Femoris, R_Rectus_Femoris, L_Rectus_Femoris1, R_Rectus_Femoris1, L_Rhomboid_Major2, R_Rhomboid_Major2, L_Rhomboid_Minor, R_Rhomboid_Minor, L_Sartorius, R_Sartorius, L_Scalene_Anterior1, R_Scalene_Anterior1, L_Scalene_Middle4, R_Scalene_Middle4, L_Semimembranosus, R_Semimembranosus, L_Semimembranosus1, R_Semimembranosus1, L_Semispinalis_Capitis1, R_Semispinalis_Capitis1, L_Semitendinosus, R_Semitendinosus, L_Serratus_Anterior2, R_Serratus_Anterior2, L_Serratus_Anterior4, R_Serratus_Anterior4, L_Soleus, R_Soleus, L_Soleus1, R_Soleus1, L_Splenius_Capitis1, R_Splenius_Capitis1, L_Splenius_Cervicis, R_Splenius_Cervicis, L_Splenius_Cervicis1, R_Splenius_Cervicis1, L_Sternocleidomastoid1, R_Sternocleidomastoid1, L_Subclavian, R_Subclavian, L_Subscapularis1, R_Subscapularis1, L_Superior_Gemellus, R_Superior_Gemellus, L_Supraspinatus, R_Supraspinatus, L_Tensor_Fascia_Lata, R_Tensor_Fascia_Lata, L_Tensor_Fascia_Lata1, R_Tensor_Fascia_Lata1, L_Tensor_Fascia_Lata2, R_Tensor_Fascia_Lata2, L_Teres_Major, R_Teres_Major, L_Tibialis_Anterior, R_Tibialis_Anterior, L_Tibialis_Posterior, R_Tibialis_Posterior, L_Triceps_Lateral_Head, R_Triceps_Lateral_Head, L_Triceps_Long_Head, R_Triceps_Long_Head, L_Triceps_Medial_Head, R_Triceps_Medial_Head, L_Vastus_Intermedius, R_Vastus_Intermedius, L_Vastus_Intermedius1, R_Vastus_Intermedius1, L_Vastus_Lateralis, R_Vastus_Lateralis, L_Vastus_Lateralis1, R_Vastus_Lateralis1, L_Vastus_Medialis, R_Vastus_Medialis, L_Vastus_Medialis1, R_Vastus_Medialis1, L_Vastus_Medialis2, R_Vastus_Medialis2, L_iliacus, R_iliacus, L_iliacus1, R_iliacus1, L_iliacus2, R_iliacus2, L_iliocostalis, R_iliocostalis, L_Rectus_Abdominis1, R_Rectus_Abdominis1, L_Serratus_Posterior_Inferior, R_Serratus_Posterior_Inferior, L_Transversus_Abdominis, R_Transversus_Abdominis, L_Transversus_Abdominis2, R_Transversus_Abdominis2, L_Transversus_Abdominis4, R_Transversus_Abdominis4, L_Trapezius, R_Trapezius, L_Trapezius3, R_Trapezius3, L_Trapezius5, R_Trapezius5
# Format: frame_index time pos[0..n] vel[0..n] com_x com_y com_z com_vel_x com_vel_y com_vel_z muscle_act[0..m]

0 7.86163 -0.0231978 -0.0385991 -0.091434 0.202143 -0.0974431 10.1232 -0.356966 -0.114817 5.42031e-05 0.808866 0.335759 -0.298601 0.193911 -0.4223 -0.597921 -0.0129305 0.146891 0.110147 -0.00520127 0.0335263 -0.120251 -0.020635 -0.153605 -0.205929 -0.057405 0.0344529 0.0502876 -0.0283312 0.00167322 0.00687884 -0.102631 0.0758853 0.0514093 0.215262 -0.0789915 0.000198582 0.155705 -0.0135311 0.0450546 0.254577 0.28013 1.4242 0.0693472 0.706744 -0.0375708 0.152599 0.153484 -0.0146728 -0.0510487 0.294529 -0.189367 -1.31536 0.178566 0.679858 -0.085965 -0.0857219 1.50255 0.4034 0.948439 0.175859 -0.0547825 1.02588 -3.72316 0.213392 -0.961495 -3.42109 -1.36598 1.37692 -0.514477 -1.68866 -7.9524 0.972702 -0.129028 -1.26895 -2.12904 -0.204318 -0.0959552 0.132518 -5.50453 -8.02683 -0.473745 0.222012 -0.619067 -0.953546 0.260503 -0.720244 -2.74967e-09 -0.545724 -0.352052 -0.193572 1.02699 0.909102 5.06615e-09 -1.32984 -0.423108 0.995996 -0.550452 1.44871 0.283549 6.21039e-10 0.146716 1.56177 4.23766e-09 -1.28535 -1.40299e-10 -0.709454 -0.304479 0.54007 0.234451 -1.96514 -1.57372 -1.23712 0.205344 0.899444 10.1037 0.0521535 -0.0513244 1.20527 0 0 0 0 0 0.00495013 0.0344392 0.0483776 0.047752 0.125317 0 0.0145009 0 0.0244795 0 0.0139022 0.00817422 0.0469963 0.0293599 0.0540812 0 0.0928432 0.0995609 0 0.114355 0.0733156 0 0.0179329 0 0 0.0357326 0.0104961 0.0244805 0 0.0688318 0 0.00572108 0 0 0.0333897 0 0.173539 0 0 0.0427486 0.0618068 0.0643693 0.119677 0 0.064645 0 0 0 0.0291275 0.0367784 0.0710604 0 0 0 0 0.0062839 0 0.0336574 0.0416464 0.0147101 0 0.0801221 0.132411 0.0421247 0.0892859 0.054443 0.111323 0.095493 0.134585 0 0 0.148044 0.102273 0 0.00326087 0.00879171 0 0 0.037795 0.0632468 0.0178944 0 0.000430766 0.0466013 0.0689141 0.0133008 0.0536663 0.0678399 0.064224 0.0510798 0.0341796 0.0286454 0.075388 0 0.0721394 0.0595223 0.0855102 0.0135395 0.0450068 0 0.0966603 0 0.0438106 0 0 0 0 0 0 0 0 0 7.75605e-06 0.221729 0 0.128452 0.0732733 0.0963074 0.0817727 0 0 0.0168748 0.0781595 0.129458 0 0.236461 0 0 0 0 0 0 0 0 0 0.217499 0.274198 0 0.0121796 0 0 0 0 0 0 0.0237065 0 0.0083257 0 0.017564 0 0.401097 0.356021 0 0.00164562 0 0.168321 0 0.0494517 0 0 0.228397 0.126158 0 0.0512758 0 0.0047539 0.0371188 0.155638 0.0221133 0.162415 0.0428616 0.0425818 0 0.0220828 0 0 0 0.112747 0 0.00724225 0 0.258214 0.159034 0.248366 0.0686252 0.0357922 0 0.110293 0.00596256 0.0459066 0.00191103 0 0 0.082836 0.144103 0.191389 0.310871 0.0663855 0.343337 0.0483292 0 0 0 0.000437613 0.169704 0 0.0797539 0.12057 0 0.00554635 0 0.113131 0 0 0 0 0 0.124473 0 0 0 0 0.002779 0 0 0.0677727 0.117339 0.157568 0 0 0 0.0038266 0.014335 0 0.19898 0.138213 0 0 0.0319319 0 0 0 0.0692766 0.065134 0.182558 0 0.0828866 0.0365157 0.107879 0.15582 0.323257 0.458932 0 0 0.00616725 0 0 0.131273 0.0184918 0 0 0 0 0 0.0409851 0 0 0 0 0 0.0131374 0 0.0158336 0 0.395539 0.0696582 0.169716 0.20495 0.194167 0.174181 0.00108746 0.00647368 0.165384 0.422961 0.0714577 0.00562786 0 0.0320706 0.0455267 0.139331 0.0287834 0.0751629 0 0 0 0 0.109162 0.150463
1 7.89497 0.068387 -0.0574787 -0.0794293 0.203964 -0.0982903 10.1534 -0.538599 -0.058447 0.00732608 0.697163 0.251272 -0.290398 0.181528 -0.474545 -0.564873 -0.0318999 0.135223 0.0885721 -0.0717401 0.0317902 -0.085641 -0.0162757 0.0415124 0.106823 -0.0965542 0.0715488 0.0465664 -0.0756189 -0.0235653 -0.0120231 -0.102343 0.0622655 0.049714 0.201999 -0.0578936 0.0191838 0.156543 -0.050377 0.0320951 0.281695 0.288914 1.46778 0.0612532 0.706726 -0.0464056 0.171065 0.152948 -0.0355228 -0.052631 0.356669 -0.152297 -1.29159 0.35896 0.699862 -0.110086 -0.0830084 2.16312 -0.609382 0.0930349 0.0615697 0.0302281 0.876349 -4.87344 1.32612 1.13631 -3.01151 -0.872721 1.32317 -0.831172 -3.74942 1.91479 0.124205 -0.390902 -0.272775 -2.1545 0.110175 1.19826 -0.381507 -0.676891 -0.506546 -0.236632 0.788956 -0.0588505 -1.39748 -0.526407 -0.30602 -3.57315e-09 1.05558 0.0132574 -0.394202 -0.860021 0.754206 4.94946e-09 -0.99106 0.131644 0.0121995 -0.0253966 1.01509 0.0222574 7.41361e-10 -0.029031 0.237144 4.60536e-09 1.21791 -4.09643e-11 -0.290386 -1.06673 0.247252 0.982813 -1.27331 -3.45986 0.663674 0.206721 0.899055 10.1437 0.0362467 -0.00396901 1.19099 0 0 0 0 0 0.0011354 0.0591846 0.0335021 0.0939634 0.036978 0 0 0 0.00114637 0 0.0104841 0.00680266 0.0248952 0.0292982 0.101819 0 0.229802 0.105985 0.119984 0.105238 0.305731 0 0.0850397 0 0 0.0377773 0 0.04429 0 0.0808169 0 0.00808495 0 0 0.00799435 0.0955201 0.256829 0 0.0581309 0.025305 0.152813 0.0462202 0.172265 0 0.0848791 0 0 0 0.0470839 0.0406123 0.0949568 0 0 0 0 0.00863914 0 0.039376 0.0648466 0.0174364 0.00628782 0 0.225077 0 0.150088 0 0.183308 0 0.200004 0.0103891 0 0 0.177511 0 0 0.0209613 0 0 0.0207238 0.0968946 0.0285159 0 0.000727866 0.135498 0.0346981 0.069889 0.0264213 0.139101 0.034151 0.134312 0.0185088 0.0209586 0.0823398 0.0576068 0.0215862 0.168408 0.0316667 0.00797364 0.0420322 0.0698136 0.335962 0.309477 0.0903129 0.0138665 0 0 0 0 0 0 0 0 0 0.17935 0 0.198692 0 0.161029 0.0280118 0.0205462 0.0318544 0.0731362 0.0548006 0.167455 0 0.20701 0 0 0.190083 0 0.196004 0 0 0 0 0.216513 0.286344 0 0.0192284 0 0 0 0 0 0 0.0372755 0 0.00594572 0.199737 0.0252474 0.203918 0.39228 0.341578 0 0.00146054 0 0 0 0.04489 0.00262362 0 0.242113 0.0103532 0 0.0598253 0 0 0 0.155153 0 0.161164 0.0652209 0.138595 0 0.261167 0.0269173 0 0.0342706 0.133205 0 0.0140518 0.0873109 0.465597 0.193924 0.410601 0.0235048 0.12117 0.00813895 0.0312465 0.0202447 0.0439348 0.049568 0 0.0542512 0 0.106112 0.257865 0.11272 0 0.218168 0 0 0 0 0.00410324 0.126671 0.425392 0.117931 0.0512478 0 0 0 0.112601 0 0.305108 0 0 0 0.156302 0 0 0 0 0.233412 0 0 0 0.0564076 0.085065 0 0 0 0.0178214 0.0358343 0.0226014 0.187573 0.0654955 0 0 0.0522222 0.0839633 0 0 0.0330286 0 0.139521 0 0.0417021 0 0.126817 0.222221 0 0.614653 0 0 0.0271799 0 0.0214468 0.191158 0.0493071 0 0 0 0 0 0 0 0 0 0 0 0 0 0 0 0.392006 0.234132 0.176997 0.481539 0.250661 0.488467 0 0.0113344 0.228006 0.449178 0.133603 0 0.00945099 0.041634 0.100626 0.0883002 0.0125701 0.0653116 0 0 0 0.0168938 0.109627 0.162082
2 7.9283 0.0687369 -0.0371977 -0.0689961 0.20563 -0.101108 10.1871 -0.572402 -0.0626112 0.00122274 0.522975 0.221877 -0.21791 0.107764 -0.498688 -0.513053 0.025704 0.122334 0.0753185 -0.102702 0.00651872 -0.0905982 -0.0151466 -0.0822796 0.000625946 -0.0707671 0.05762 0.0396101 -0.0676142 -0.0255645 -0.0169848 -0.10346 0.115119 0.048573 0.174318 -0.121582 0.0109552 0.155077 -0.00116557 0.0551592 0.40074 0.240132 1.44893 0.216333 0.688813 0.0211665 0.0793615 0.155151 -0.0191532 -0.0513407 0.197897 -0.162492 -1.33697 0.305204 0.623448 -0.0470995 -0.0368461 -0.292009 0.599403 0.722102 0.126539 -0.0566165 1.05206 -0.592216 0.381111 -0.660397 -4.98726 0.188831 2.88894 -1.604 -4.9443 1.56721 1.66303 -0.252495 -0.722818 -1.56659e-10 -1.32531 -0.409463 0.135543 -3.4121 -2.99229 0.794001 -0.0401683 -0.498261 0.4414 -0.0219246 -0.296071 -1.77413e-09 0.911333 0.838142 -0.498576 -1.43235 -1.0554 7.78523e-09 0.317045 7.01777e-10 0.668473 -0.73682 0.650588 0.43324 -1.85845 2.82574 -1.2991 2.8725e-09 -0.339355 -1.03006e-09 -2.20602 -2.49687 -0.587958 -1.11657 -1.19117 3.47432 0.910619 0.207838 0.896495 10.1838 0.0320917 -0.110907 1.21569 0.0273284 0.0098179 0.0228606 0 0.0158946 0 0.0242255 0.00787012 0.101223 0 0.1212 0 0.136509 0 0.146494 0 0.0233805 0 0.019628 0.0349762 0.00638205 0 0.0393308 0.0663868 0.0282908 0.0637799 0 0 0 0 0 0 0 0 0 0 0 0.0205585 0.0129964 0.0911423 0 0 0 0.00405936 0.00161657 0.393613 0 0.232841 0.0391456 0 0 0 0 0 0.0345552 0.00306687 0 0 0 0 0 0 0.00672374 0.108883 0 0.0419047 0.0744907 0.220117 0.0594986 0.174797 0.070203 0.193161 0.15141 0.298228 0 0.0161454 0.0640451 0.250739 0 0 0 0.0235215 0.00438457 0 0.0398333 0.233874 0.000359219 2.56558e-05 0 0 0 0 0 0 0.0105908 0 0.0772868 0 0 0 0.000642572 0 0.0412882 0 0 0.422404 0.0517696 0.0664552 0.0300288 0.0221636 0 0 0 0 0 0 0 0 0.212702 0 0.143737 0.0288424 0.0885943 0.214175 0.0121832 0 0 0 0.083275 0.31717 0.116521 0.263577 0 0.429253 0 0 0 0.011047 0 0 0.160941 0.0572701 0 0 0 0.0763351 0 0 0 0.0311812 0.0060573 0 0.00375898 0.0226498 0.00618473 0.0672774 0.328795 0.156355 0.00110052 0 0.0127164 0 0 0 0 0 0.115775 0.0987313 0.0436754 0 0.134576 0.01617 0.0455412 0.0578696 0.0434339 0.0576697 0.00525848 0.0143916 0 0 0 0.0743173 0 0.00391653 0 0.015175 0.228886 0.432513 0.188536 0.30378 0 0.290661 0.0910346 0 0 0 0.0298284 0 0.0572867 0.00523909 0.034637 0.105707 0.242854 0 0.202684 0 0 0.0445252 0.0107738 0 0.0598207 0.533438 0 0.105015 0 0.120076 0 0.23983 0 0.545134 0 0.0794373 0.00590837 0.257592 0 0.357467 0 0 0 0 0 0 0 0.154158 0 0.0123901 0 0.0323069 0 0.0517216 0.146997 0.0305023 0 0.0498037 0 0 0 0.277968 0.0244909 0 0.0573742 0 0.0532233 0 0.118049 0 0.238184 0.636669 0 0.00135768 0.00128999 0.134272 0 0 4.09633e-05 0.165069 0.0250377 0 0.0249026 0 0.0932477 0 0.0252583 0 0.0359822 0 0.0516637 0 0.0485506 0 0.045434 0.255228 0.0599425 0.182227 0.0743486 0.191474 0 0.0250247 0.00634291 0.1115 0.020596 0.0445072 0.0204981 0 0.0565147 0.00674051 0 0.0143469 0 0 0 0 0.0906721 0.130726
3 7.96163 0.0581186 0.0108317 -0.0607573 0.207529 -0.105311 10.2255 -0.517853 -0.0720244 -0.0149178 0.237913 0.24099 -0.194959 0.147474 -0.405829 -0.445098 0.0808166 0.122584 0.0697201 -0.102702 -0.0395759 -0.137689 -0.0185401 -0.0242684 -0.0155929 -0.0456974 0.0403508 0.0407721 -0.0621292 -0.0296189 -0.0234127 -0.10408 0.0936525 0.0302691 0.152371 -0.112215 0.0300755 0.154216 0.0295358 0.0575406 0.468059 0.231804 1.45913 0.230655 0.62943 0.041289 0.0640411 0.154309 -0.0516754 -0.0538675 0.136421 -0.151715 -1.36354 0.338458 0.665875 -0.0289806 -0.0268124 -0.0659744 1.36966 0.314774 0.0577815 -0.0881003 1.19163 1.25458 -0.215685 -0.717733 -7.66589 1.6472 2.48499 -0.244407 3.98396 2.87017 1.41618 0.122802 -0.153991 -4.17915e-10 -1.41052 -1.5228 -0.0691871 4.39068 1.84018 0.556434 -0.407375 0.0428222 -0.175854 -0.0665354 -0.304127 -1.24836e-09 -0.740022 -0.437823 -0.670359 0.487694 0.397742 3.49482e-09 1.18091 5.01272e-10 0.637019 -1.1454 0.903902 -0.161732 -0.715453 -0.287138 0.216042 2.71696e-09 -1.6197e-10 -1.91901e-10 -0.488408 -1.36081 -0.599177 0.361008 0.69532 -1.14334 -0.269748 0.208453 0.892148 10.2245 0.0129061 -0.146908 1.22542 0.00709734 0.0208054 0.000925074 0.00963006 0 0.00145617 0.0120259 0.0371807 0.0708034 0.0506621 0.0458747 0 0.0793067 0 0.10934 0 0.0489801 0.0469839 0.0941357 0.0126347 0.061535 0 0.127656 0.0712535 0.127279 0.0862254 0 0.00101809 0.0196069 0 0 0 0 0 0 0 0 0.00393317 0 0.0538879 0 0.0156897 0 0 0.0443899 0.359809 0 0.152472 0.0423188 0.0184901 0.0280255 0.00141079 0 0.0091305 0.0200321 0.0119929 0 0 0 0.0030704 0 0.017182 0.00346514 0.00430846 0 0.0108231 0 0 0 0.00580285 0 0.0140342 0.0267543 0.139099 0 0.0405765 0 0.0307856 0.00455561 0.0081411 0.0106524 0.0375846 0.0109507 0 0.0334772 0.0603058 0.000447378 0 0.0312891 0.0461121 0.0197105 0.0330466 0.0385909 0.0395404 0.0512778 0.0537 0.0403232 0 0 0.0247549 0 0.0299805 0.0347219 0.00694624 0.0616429 0.231372 0.0986907 0 0.0251943 0.0394058 0 0 0 0 0 0 0 0 0.461127 0 0.26695 0.0112079 0.11911 0.190635 0 0 0.0111911 0 0.250787 0.303467 0.330744 0.242646 0.0402645 0.389279 0.000502348 0 0 0.0604508 0 0.0026909 0.253192 0.0569249 0 0 0 0.0404958 0 0.00976303 0 0 0.00364181 0 0.0212683 0.0266862 0.0395477 0.0977413 0.353306 0 0 0 0.0266605 0 0 0.0274895 0.00410621 0.0320698 0.223657 0.09702 0 0 0.00472979 0.0002039 0.0300678 0 0.0339044 0 0.0157375 0.0116773 0 0 0.0364217 0.159802 0 0.0974843 0.000697961 0.00833795 0.315818 0.578033 0.176595 0.421969 0.100188 0.273567 0.0405931 0.019453 0 0 0 0.0331015 0 0.120384 0.164498 0.152276 0.605577 0 0.520336 0 0 0 0 0.00308489 0.180889 0.485859 0 0.121044 0 0.14257 0 0.444562 0 0.678201 0.0275728 0.0375668 0 0.480429 0 0.148129 0.0393168 0.0594799 0.0528552 0 0 0 0.0450109 0.180763 0 0.00264284 0 0.0554431 0 0.0234736 0.223361 0.0386734 0 0.0867729 0.0150325 0 0 0.107192 0.0616018 0 0.17322 0 0.166706 0 0.131511 0 0 0.330921 0 0.192809 0.0325361 0.0216208 0 0.0023839 0.019344 0.0256235 0.0438659 0 0.00653038 0 0.110789 0 0.0114617 0 0.0384987 0 0.0520671 0 0.0505404 0 0.2107 0.266601 0.257513 0.21981 0.326762 0.245033 0 0.00063184 0.0696861 0.186664 0.0663775 0.0307799 0 0.0060285 0.00235861 0.110854 0.00538158 0.0134856 0 0.0146675 0 0.0431928 0.118876 0.105599
4 7.99497 0.0473086 0.0443318 -0.0469275 0.208268 -0.112462 10.2676 -0.470938 -0.0716571 -0.0265035 0.0391326 0.174307 -0.128882 0.0774627 -0.38816 -0.415302 0.143962 0.108781 0.0624987 -0.102702 -0.0926539 -0.155809 -0.0214231 0.0423077 0.0745116 -0.0366437 0.0234499 0.0310075 -0.0474497 -0.0353238 -0.0237288 -0.103832 0.0359813 0.0175014 0.13557 -0.0681656 0.0410258 0.153693 0.0477458 0.0589489 0.464312 0.211283 1.47132 0.202477 0.648118 -0.000115889 0.120401 0.150542 -0.0434215 -0.0533519 0.170213 -0.158332 -1.37404 0.463136 0.695059 -0.0612582 -0.00868023 -0.261984 0.742198 0.375762 -0.0368657 -0.18558 1.29826 0.810683 -0.0891099 -0.129367 -3.9675 -1.41127 1.756 -1.79574 0.612622 0.565649 1.86321 -0.559303 -0.0351498 -3.93523e-10 -1.62912 -0.244369 0.000124302 -0.0108547 -0.0115098 0.141099 -0.447814 -0.281254 0.357602 -0.104669 -0.0166645 -9.531e-10 -0.988747 -0.299434 -0.40114 0.553281 0.0682384 1.05269e-08 0.238169 7.69781e-10 -0.505777 -0.54143 0.124992 0.00277175 1.51943 -0.896423 0.950231 4.39117e-09 0.717616 -2.8491e-10 0.0300796 -0.845648 -0.555975 0.742813 -0.825336 -3.53483 1.57339 0.208613 0.886072 10.2656 0.00227828 -0.206071 1.23593 0.024317 0.020221 0.015289 0.0019761 0.0162589 0.00366758 0.0225227 0.0159648 0.000626937 0.10352 0 0 0.00679162 0 0.0119411 0.00800584 0.019638 0.121652 0.179982 0.0886278 0.167871 0.0945982 0.261313 0.117612 0.270368 0.136731 0.0583707 0.0911549 0.128553 0.0992735 0 0.043015 0 0.0266973 0 0.0114877 0.00684724 0 0.0542656 0.111499 0 0 0 0.279488 0.00549994 0.092601 0 0.0274124 0 0.0105654 0.0460153 0.00187428 0 0 0 0 0 0 0 0.00118887 0.0332425 0.029108 0.026068 0 0.0266851 0 0 0.0377591 0 0.0180928 0 0.0299776 0.000400729 0.0669009 0.0648767 0.059148 0 0.0560319 0.0046904 0.0250011 0.0519823 0.0591449 0 0.0370642 0.148493 0.00734763 0.000796094 0 0.0610711 0 0.0526408 0 0.0593154 0.000329047 0.0957841 0.0190057 0 0 0.0554445 0.00250764 0.0529402 0.00040238 0 0.0255794 0.0598257 0.0904042 0.359731 0.0349265 0 0 0 0 0 0 0 0 0 0.0125516 0.353217 0.0442268 0.177139 0 0 0 0 0 0.0190527 0 0.218626 0 0.281115 0.0147633 0.0963557 0.153941 0.00787886 0 0 0.107504 0 0 0.1245 0.00672867 0 0 0 0.0236853 0 0.00605776 0 0 0 0 0.0272015 0 0.0440703 0 0.226431 0.0468386 0 0 0.0495502 0.0342632 0 0 0 0 0.143793 0.00799529 0.0144718 0 0.014336 0.0380536 0.0210815 0.0185323 0.0200957 0.0176489 0.0146241 0 0.000572791 0 0.0114289 0.00951931 0 0.0779419 4.04082e-05 0.00337058 0.333971 0.214884 0.0982152 0.249689 0.112408 0.0883055 0 0.065451 0 0 0.00848337 0.0620034 0.00128686 0.107507 0.114679 0.0562938 0.610512 0 0.579194 0 0 0.0173996 0.00113038 0.00233285 0.180987 0.0227106 0 0.0754525 0 0.0777063 0 0.462877 0 0.49228 0.0249143 0.0235268 0 0.348231 0.168498 0.283803 0.00938226 0.0461581 0.231498 0 0.0451177 0 0.0502361 0.137311 0 0.00826305 0 0.0453532 0 0 0.126857 0 0 0.146941 0.0255699 0 0.182423 0.284078 0.0217296 0 0.214178 0 0.15298 0 0.0228321 0 0.0879686 0.174489 0.00171277 0 0.128954 0.0096808 0 0 0.104351 0.0159289 0.0294016 0 0.0380626 0 0.0969609 0 0.030189 0 0.0377046 0 0.0539827 0 0.0532048 0 0.207621 0.0398493 0.321014 0.00902239 0.399608 0 0 0 0.0820027 0.0136627 0.0177757 0.0316091 0.00639923 0 0.0143855 0.0943188 0.000923879 0.00185709 0 0.00999778 0 0.0232703 0.0990164 0.0826157
5 8.0283 0.0347526 0.080816 -0.0455851 0.208329 -0.120674 10.3112 -0.448496 -0.0866476 -0.0246294 0.0191432 0.25606 -0.00156453 0.0548725 -0.600947 -0.593203 0.204111 0.0983226 0.0745649 -0.0930531 -0.144242 -0.174853 -0.0458687 0.0119939 0.0537184 -0.0296295 0.00525742 0.03764 -0.0370092 -0.0344395 -0.0257163 -0.103939 0.00444362 -0.00189448 0.131098 -0.0441441 0.0593544 0.154068 0.0347086 0.0579409 0.480741 0.186076 1.45641 0.232602 0.698549 -0.00129384 0.0885073 0.150329 -0.051534 -0.0539652 0.156597 -0.165507 -1.39156 0.498459 0.662977 -0.0845107 -0.0170773 -0.00469823 1.21001 -0.416737 -0.108785 -0.161752 1.28553 0.518489 -0.156441 0.101151 0.815175 7.81173 1.65631 0.476196 -2.21284e-08 -6.69804 1.14417 -0.0494377 0.948218 0.466339 -1.4474 -1.04889 -0.232158 -0.265944 -0.388111 -0.192197 -0.4825 0.447529 0.236834 0.0676048 0.148629 -2.10114e-09 -2.1389 -0.886008 -0.0200132 2.18793 0.879942 5.69841e-09 -1.12287 7.26907e-10 -0.294032 -0.361651 -0.629121 0.0669055 0.4017 0.596156 -1.0403 7.38438e-09 -4.08819e-10 -6.97663e-10 0.488382 -1.16621 -0.369583 -0.285638 -0.775993 0.261816 -0.269537 0.208157 0.87868 10.3057 -0.0293214 -0.198762 1.1526 0.0629346 0 0.0534192 0 0.0448907 0 0.0526634 0 0.056671 0.0339346 0.174455 0 0.185396 0 0.182469 0.00242827 0.0537291 0.0787317 0.249404 0 0.256513 0.00247965 0.329438 0 0.354989 0 0.156179 0.00270042 0.229396 0 0 0.0996475 0 0.151493 0 0.223158 0.0028067 0 0.2253 0.0499092 0 0 0 0.28691 0.0283938 0 8.60476e-05 0 0 0.0310868 0.0466283 0 0 0.00367228 0 0.0169253 0 0.0209984 0 0.00505402 0.0200391 0.0232901 0.00347917 0.00798722 0.0118017 0.00869578 0 0.794018 0 0.774584 0 0.77805 0.0208782 0.812782 0.0447667 0.0527679 0 0.813609 0.0124673 0.014711 0.045295 0.0431903 0 0.0100346 0.0890034 0.0349288 0.000538769 0.000390413 0.0399507 0 0.096946 0 0.0890784 0 0.135817 0 0 0 0.0538953 0 0.0588818 0 0 0.0118141 0.157673 0 0.367825 0 0 0.0093176 0 0.0228148 0 0.112281 0 0.0918326 0 0.20589 0.340464 0.336027 0 0.217411 0 0.0423642 0 0 0 0.0162439 0.151007 0 0.254908 0.0129901 0.137918 0 0.0132161 0 0.00867177 0.115468 0 0.00296723 0.173467 0.0142276 0.0825341 0 0.00529819 0.00826153 0 0.0163589 0.00106867 0 0.0066013 0.00328148 0.0362983 0 0.0370921 0 0.347027 0 0 0 0.17569 0.132584 0 0.0355303 0 0.0419982 0.161487 0.0462839 0.0072893 0 0.0318552 0 0.0128277 0.185969 0.013823 0.189709 0.00287994 0 0 0 0.0235437 0 0 0.153123 0.00182156 0 0.387272 0 0.151945 0.137233 0.161807 0.0319347 0.0887821 0 0 0 0.0107689 0.0454147 0 0.128063 0.101781 0.0513228 0.591674 0 0.544858 0.00241099 0 0 0 0.004185 0.16146 0 0 0.131383 0 0.115143 0 0.363263 0 0.164396 0.0520578 0.00699976 0.0117012 0.188983 0.275767 0.127135 0 0.0936189 0.340578 0 0.100418 0 0.119666 0.126094 0 0.00793539 0 0.0564656 0.00509744 0 0.169735 0.0245876 0 0.137071 0.02849 0 0.358984 0.130375 0.000141352 0.0275033 0.214539 0 0.150347 0 0.0715315 0 0 0.930408 0.0552855 0 0.102096 0 0 0 0.0698782 0 0.00198994 0.0373816 0.00331697 0.0499449 0.0429024 0.203479 0.000402037 0.055109 0.0183199 0.055692 0.0317753 0.0726025 0.013682 0.0659313 0.269771 0 0.333784 0 0.387203 0 0.0540998 0 0.12416 0.00842756 0.0545125 0.021985 0.0473284 0 0.0129666 0.0625573 0.00500271 0 0 0.0242593 0 0.0692094 0.17272 0.0847625
6 8.06163 0.0450559 0.0656465 -0.0691218 0.206738 -0.123673 10.3505 -0.49414 -0.0765731 0.00409565 0.149285 0.300138 0.00706011 0.0514674 -0.600947 -0.584042 0.234773 0.0796304 0.100158 -0.0794536 -0.140757 -0.146229 -0.0186904 -0.0381173 -0.0354808 -0.0311276 0.0101537 0.0610929 -0.0415679 -0.0307733 -0.0183547 -0.103958 -0.115207 -0.0173532 0.125147 0.0889074 0.0817282 0.15408 0.0342837 0.0579081 0.406689 0.164592 1.43775 0.16307 0.644738 -0.0272219 0.0942702 0.150329 -0.051534 -0.0539652 0.131488 -0.165213 -1.41053 0.504816 0.672279 -0.0822477 -0.000285139 0.165758 -1.11361 -0.80091 -0.157297 0.128721 1.09288 -1.18934 -0.351147 1.27942 4.3354 -3.17814 1.00428 -0.487595 -7.28435e-09 -1.5171 0.972891 -1.09188 0.850505 0.348637 1.84819 2.34455 0.41189 -3.01526 -4.11197 0.417155 -0.194699 0.485944 -0.215587 0.0941664 0.619692 -2.26152e-09 -3.64801 -0.837664 -0.103263 4.14123 0.831679 4.58538e-09 1.80698 7.3836e-10 -0.470969 -0.151539 -1.31864 -0.328242 -0.552363 -2.4261 0.377593 7.05063e-09 -4.76352e-10 -8.0521e-10 -1.21954 -0.295919 -0.481449 -0.239546 -0.250693 -0.267805 0.322625 0.206633 0.876491 10.3434 -0.0466876 0.112827 1.09151 0.0734757 0 0.0612228 0 0.0591593 0.00175629 0.0392807 0 0 0 0.212852 0.0629395 0.179421 0.053779 0.146215 0.0642387 0.0646751 0.0585795 0.00445334 0.00193137 0.000476368 0 0.0187071 0 0.00438935 0 0 0 0 0 0 0.0116045 0 0.0293467 0 0.0769989 0.00394636 0 0.264636 0.0773037 0 0 0.00720423 0.00950897 0.050653 0 0 0 0 0.0391413 0.0230326 0 0 0 0 0 0 0 0 0 0.000590362 0 0 0.0272503 0 0.00655578 0 0.287912 0 0.242183 0 0.259237 0 0.345008 0.026084 0.0148868 0 0.313238 0.0114877 0.00640849 0.0325406 0.0202097 0.00709637 0.00917098 0.061714 0.0431273 0.00113871 0.000152129 0.114927 0.00393104 0.083834 0 0.108713 0.00113242 0.197155 0.0244486 0.0447292 0.0587209 0.157213 0 0.152224 0 0.0348435 0.0432733 0.113835 0 0.489611 0 0.00798717 0.140117 0 0.103268 0 0.11779 0.000646263 0.0493655 0 0.0756418 0.325224 0.0658921 0.200749 0.151547 0 0.188132 0.000734231 0.140822 0.0118875 0.0483493 0.0777754 0.0514686 0.120909 0.0405125 0.00198282 0 0.0014498 0 0.00999227 0.0318518 0 0 0.118891 0 0.253547 0 0.00636747 0 0 0 0.0264608 0 0.139039 0.102276 0 0 0 0 0.443798 0.0492527 0.000498962 1.01188e-06 0.0102173 0.00303301 0 0 0 0 0.0930004 0.0305834 0 0.010811 0 0.0468087 0 0.050454 0 0.049838 0.00162269 0.00727416 0.00221412 0 0.0295485 0 0.0172259 0.0246079 0.00267129 0 0.102155 0 0.143591 0.192666 0.0817847 0.135104 0.0505958 0 0 0.00290661 0.0214632 0.000938095 0 0 0 0 0 0.0937214 0 0.0553004 0.00415274 0.0490069 0 0.0238591 0 0 0.0070734 0.0949775 0 0.0383236 0.288239 0.0233146 0.159491 0 0.0241566 0 0.310678 0.00468546 0.29001 0.143437 0 0.00983513 0.426337 0 0.275508 0 0.0364142 0.0653404 0 0 0 0.00953685 0.0790254 0 0.109999 0 0 0.0571032 0.00504051 0 0.411061 0.0958076 0.00939241 0.0333042 0.0153874 0.000949336 0.030732 0.0228896 0.0368091 0 0.14201 0.782236 0.0414219 0.147477 0.0848017 0 0 0 0.0708713 0 0 0.0896261 0 0.0954288 0 0.338182 0 0.135917 0 0.104699 0 0.167552 0 0.149716 0.0274601 0 0.0467903 0 0.0654816 0 0 0 0.202088 0.00929041 0 0.0273412 0.0980082 0.0143497 0.0133238 0 0.016141 0 0 0 0 0 0.186712 0.0584807
7 8.09497 0.0456174 0.0430483 -0.0806625 0.205442 -0.119926 10.3883 -0.515586 -0.0769131 0.0238573 0.268656 0.201785 0.0280814 0.0444484 -0.405292 -0.496605 0.24186 0.0420902 0.106955 -0.0146305 -0.0704126 -0.083213 -0.0146139 -0.164131 -0.204283 -0.00909827 0.00589367 0.0734233 -0.0634321 -0.00549 -0.0141293 -0.104193 -0.0675474 -0.00345869 0.131003 0.0621512 0.0571142 0.0967355 0.0502316 0.060522 0.439018 0.103045 1.41166 0.169226 0.687018 -0.0544616 0.0873507 0.150304 -0.0524497 -0.0540343 0.139373 -0.257521 -1.38441 0.380589 0.622383 -0.113042 -0.0931084 0.138075 -0.696164 -0.203111 -0.0959811 0.172545 1.18338 -0.211872 -0.116777 0.461053 2.78997 -2.52273 0.698263 -0.534087 9.44841 6.22835 -0.032095 -0.843695 0.156073 2.12378 2.54685 1.83382 -0.63103 -4.45156 -5.34606 0.258875 -0.121959 0.300479 -0.505663 0.611647 0.117841 -2.53636e-09 -1.22173 0.0786765 0.299309 1.98948 -0.321674 -0.00668819 3.7584e-10 2.93285e-11 -1.02986 -0.0381538 -1.00533 0.0328388 1.35342 -0.142773 0.447088 7.75873e-09 -1.44886e-09 -8.5466e-10 2.29609 -0.614948 0.783257 -1.36636 0.918083 1.80526 -2.4205 0.205177 0.880583 10.3806 -0.0470898 0.130181 1.1315 0 0.0904129 0 0.0973964 0 0.10342 0 0.061673 0.00983053 0 0.17377 0.0192828 0.196052 0 0.220957 0 0.144496 0.0562257 0 0 0 0 0 0 0 0 0.00555173 0.000661324 0 0.0100862 0.0132164 0.0232903 0 0.0141173 0.00660043 0.0393452 0.00022669 0.00152241 0.334868 0.0368276 0 0.0299447 0 0.0473524 0.0529939 0.0355655 0.00700875 0.00574628 0.0691965 0.0541331 0.0258657 0.00054027 0 0.0121837 0 0.00335151 0 0.0102843 0 0.00115465 0.000178453 0 0 0 0 0 0 0 0.00494633 0 0 0 0.0318667 0 0.0078862 0 0.0107347 0 0.0303039 0.00422097 0.0341152 0.00978725 0.0951526 0.013251 0 0 0.00211526 0.000371883 0.152752 0.105074 0.139765 0.076885 0.145348 0.0840351 0.224367 0.10421 0.0406254 0.0269757 0.163363 0.079031 0.219777 0.0765878 0.0526959 0.041256 0.139648 0.0235349 0.374397 0 0.00195283 0.0797947 0 0.0520372 0 0.0684967 0 0.0227922 0 0.0270949 0.388989 0.0294287 0.206705 0.0874479 0.0159241 0.125072 0 0.0774726 0 0.0275482 0.062045 0.0263221 0.133316 0.0208789 0.000490583 0 0 0.0106946 0.0279455 0.00660833 0 0.00247697 0.199467 0.0213704 0.225266 0.0387728 0 0.0274183 0 0.0251542 0 1.83578e-05 0.162582 0.210448 0 0.00266097 0 0.0146374 0.487384 0.0719984 0.00210368 0 0.104013 0.00708553 0 0.0295439 0 0.0243866 0.178677 0.093846 0.000895902 0.0446479 0 0.030198 0.00558756 0 0.00771085 0 0.00175164 0 0 0.0125856 0.0549493 0.0170332 0 0.0438625 0.00365545 5.56192e-05 0.00762291 0.0925456 0.0646774 0.206275 0.118774 0.133292 0 0.0369615 0 0 0 0.148293 0 0.152658 0 0.0441874 0.0393515 0 0 0.0080095 0 0 0 0.0118795 0 0.0012417 0 0.0924876 0 0.0772916 0.167171 0.0710933 0.0716979 0.0277425 0.0166661 0.030574 0.241256 0.0149088 0.258962 0.0310853 0 0.0324872 0.566165 0.127965 0.122633 0 0.0108396 0.242909 0 0.00154803 0 0.0101825 0 0.0131047 0.206375 0.0658944 0 0 0 0.000309018 0.38012 0 0.000429294 0.0201543 0.0102598 0.00454424 0.028275 0.0171927 0.170512 0.0118575 0.0787689 0.264043 0.0519461 0 0.0543322 0 0.00183463 0.0169657 0.0343054 0 0 0.00989863 0 0 0 0.0955263 0 0.0145758 0 0.00920361 0 0.0117077 0 0.00603796 0.0506857 0 0.0202559 0.00813191 0.0396607 0.0014702 0 0.0573741 0 0.227984 0 0.110925 0.017411 0.132924 0 0.0899868 0 0.0205512 0 0 0 0.0212701 0.224991 0.131433
8 8.1283 0.0603384 0.0242002 -0.0787617 0.20393 -0.110418 10.4294 -0.493342 -0.0727058 0.0299324 0.291337 0.148979 0.0444924 0.034627 -0.0537549 -0.0707747 0.193065 0.0437455 0.10385 0.101497 0.144569 -0.0721727 -0.00333077 -0.348303 -0.471468 -0.029939 0.0034764 0.0703265 -0.0604583 -0.00502525 -0.00850449 -0.104227 -0.0849682 -0.00390006 0.127869 0.0883153 0.0565498 0.151249 0.0505652 0.059137 0.37542 0.165524 1.37001 0.14463 0.699623 -0.057475 0.081062 0.150304 -0.0524497 -0.0540344 0.124934 -0.244928 -1.38523 0.358917 0.699063 -0.0342106 -0.0517685 0.398909 -0.889158 0.0384203 -0.125447 0.455661 1.27099 1.43818 0.118682 0.34496 -0.47476 -0.753669 0.746735 -0.704674 6.37452 12.6142 -1.1005 0.599463 -0.11399 0.819082 33.1636 -0.511672 0.199926 -58.2507 -71.7583 -0.706888 0.0989388 0.203114 0.158027 0.0431161 -0.141229 -2.45916e-09 0.819101 0.48079 -0.127663 -0.82378 -0.666157 -0.254446 2.86228e-10 2.64274e-10 -0.360079 -0.0134618 -0.89356 0.350944 1.21566 -0.581612 0.0461082 6.63724e-09 -5.72053e-10 -5.17136e-10 -1.89387 0.822676 -0.134294 0.323798 2.12442 1.24851 0.307753 0.203324 0.889211 10.4191 -0.0672708 0.33864 1.18225 0.00319588 0.035575 0 0.0229982 0 0.0158142 0.00851099 0.0340884 0.0382733 0.0255918 0.043184 0 0.0553914 0 0.0649259 0 0.0843137 0.0466937 0 0.0168669 0 0.029071 0 0.0423877 0 0.0636231 0 0.0176715 0 0.0225238 0 0 0 0 0 0 0.00506485 0 0.226507 0.0341837 0 0.00741186 0 0 0 0.00214688 0 0.00095013 0 0.0344354 0.0134648 0 0 0 0 0.000439665 0 0 0 0 0 0 0 0 0 0 0.00320059 0.0452697 0 0.0376552 0 0.0534432 0.030803 0.120256 0 0 0.0234392 0.0554021 0.00945323 0 0.00862699 0.000150269 0.0388914 0 0 0.00405016 0.00104908 0 0.0546258 0 0.0220146 0 0.0538828 0 0.213426 0 0.066722 0.0512027 0.102459 0 0.104118 0 0.0543717 0.0479203 0.182192 0.0511953 0.51127 0.10936 0 0 0 0.0117599 0 0.0154252 0 2.66089e-05 0 0 0.68825 0 0.406194 0 0.000472154 0.0121464 0 0.0133117 0 0.000165583 0.0116792 0.0129319 0.220528 0 0 0.0399265 0 0.026459 0 0.00296176 0 0 0.210555 0.0748638 0.122295 0 0 0.0738938 0 0.0038997 0 0.00400244 0 0 0 0.0353005 0 0.0526145 0.464627 0.0937574 0.00262651 0.000252111 0.295473 0 0 0 0 0.015476 0.149169 0.142684 0.0545983 0.0886835 0.109688 0.211757 0.00722562 0.0505038 0.00658484 0.049675 0 0.0326067 0 0.0466713 0.00563189 0 0 0.0261128 0.000291039 0.000212097 0 0.189113 0 0.123461 0.103802 0.0461319 0.0261288 0.0390567 0 0.0101214 0 0.0284329 0.0025984 0.0539312 0.0225598 0.0500997 0.0608388 0.0954144 0.00606755 0.15305 0 0 0 0 0 0.100735 0 0.132321 0 0.140717 0 0 0.000114842 0.00212971 0.00829983 0.0764193 0.0864425 0 0.202728 0.0968101 0.00296912 0 0.421976 0 0.412191 0.0144659 0.031026 0.182243 0 0.00840894 0 0.0354778 0 0.0612586 0.203571 0.068218 0 0 0 0.0155561 0.273228 0 0.0892837 0.00210617 0 0.0471727 0.050266 0.0145224 0.109885 0 0 0.0145305 0.0209878 0 0.0617128 0 0 0 0.0540512 0 0 0.00346674 0 0.0117571 0.00738934 0.0468306 0 0.0174988 0 0.00548146 0.000758918 0.0203511 0 0.0168765 0.0655067 0.0402184 0 0.0728683 0 0.0700668 0 0.0208122 0.0248937 0.228042 0 0.0841825 0 0.00336194 0.00552948 0.0568132 0.00400791 0.0259054 0 0 0 0 0.177163 0.0931149
9 8.16163 0.0662451 -0.00474128 -0.0681646 0.202142 -0.0979632 10.4722 -0.420606 -0.0748308 0.0295034 0.242668 0.114404 0.0759852 0.032306 0.0453151 0.0676709 0.0977898 0.0329956 0.0867255 0.296464 0.391001 -0.0415875 0.000464255 -0.426491 -0.612175 -0.0373707 0.0112906 0.0640513 -0.0708434 0.0109909 -0.0082844 -0.104188 -0.0147128 -0.00716124 0.138576 0.0441812 0.0506267 0.151115 0.0519041 0.0385465 0.323711 0.155561 1.37741 0.121035 0.704369 -0.0313704 0.1171 0.150304 -0.0519504 -0.0533509 0.0883608 -0.311976 -1.37496 0.125314 0.597479 -0.080854 -0.0610295 0.00669541 -1.71958 0.61473 -0.0807404 0.447164 1.31583 2.32618 0.00383142 -0.215497 -1.34626 -0.874797 1.85356 -0.366152 -0.0134016 -0.00706896 -2.28778 -0.0154811 -1.00222 5.24449 8.2632 1.1286 -0.731233 1.31468 -5.04787e-07 -0.110015 0.246507 -0.393586 -0.227525 0.397333 0.0661404 -3.10784e-09 -1.99196 -0.804026 0.378738 3.13144 0.686089 9.68397e-10 1.11968e-09 -1.05015 0.124805 1.29025 0.212203 -0.552986 1.31993e-09 -0.192062 1.72027 5.6706e-09 -2.14709e-09 -7.83082e-10 1.93889 0.474747 0.611162 -2.10784 0.832817 2.6183 -1.40355 0.20092 0.900217 10.4596 -0.0839022 0.340537 1.2406 0 0.0913753 0 0.0972315 0 0.0839616 0 0.0819324 0.0305839 0 0.0653242 0 0.0983734 0 0.127748 0 0.116564 0.0394331 0.01082 0.0735928 0.00995587 0.129813 0.0139037 0.13296 0.00450048 0.211506 0.0391283 0.186783 0.023353 0.212141 0.0121274 0.0639969 0 0.00340221 0.0404015 0 0 0 0.275542 0.0119478 0 0.176443 0.00787384 0.053025 0.0137535 0.0885874 0.0311812 0 0.0287437 0.110693 0.00889149 0.00625142 0 0.0280282 0 0.0122931 0 0 0 0 0 0 0 0.00264732 0 0 0 0 0 0 0 0 0 0 0 0 0.0196076 0 0.0185177 0 0.00745819 0 0.0819132 0.000998307 0 0 0.000806248 0.000435855 0.169765 0.0471077 0.122954 0.0370222 0.12946 0.0453962 0.132341 0.0500389 0.0742893 0.0497775 0.276316 0.0442696 0.186298 0.0415866 0.0610114 0.0432152 0.204967 0.0404439 0.242484 0 0 0 0 0 0 0 0 0.117389 0 0.0631597 0.204093 0 0 0 0.00195431 0 0 0 0 0 0 0 0 0 0.0166692 0.099739 0 0.0717561 0.00512866 0 0 0 0.232327 0.0533887 0.199734 0.0287135 0 0 0 0.014497 0.00095706 0.0220625 0.0999704 0.134493 0 0.0579909 0 0.0817568 0.593419 0.248087 0.00407907 0 0.177459 0 0 0.0507145 0 0.0204569 0.346405 0 0.0201289 0.0306784 0.0654804 0.0245963 0 0.00905734 0 0.0138122 0 0.0546564 0 0.114641 0.04933 0 0 0.104556 0.00224234 0.000302668 0 0.10606 0.126365 0.0360789 0.148245 0.0650754 0 0.032055 0 0.0501638 0 0.0875804 0 0.0918511 0 0.0736355 0.0379415 0 0 0.0340127 0 0 0 0 0 0.056948 0 0.114758 0 0.0390243 0.00126792 0.0155761 0.0102843 0.0777613 0 0 0 0 0.232289 0 0.0139793 0.0057296 0.621004 0.000543702 0.375793 0 0 0.302674 0 0 0 0 0.00982272 0 0.365529 0.0569147 0 0 0 0.0510336 0.280835 0 0 0 0 0.0289415 0 0 0.217856 0.15873 0.117714 0.0325511 0 0 0.0368355 0 0.0166287 0.0844999 0.0224413 0 0.0353492 0 0 0 0.204427 0.018185 0.0297311 0 0.0443432 0 0.07659 0 0.0497478 0 0.023327 0.0292887 0 0.129234 0 0.119765 0 0.0319039 0 0.255081 0.0186324 0.0428743 0 0.0962456 0 0.0734331 0 0.00623008 0 0 0 0.0154668 0.209108 0.0469481
10 8.19497 0.043626 -0.0068599 -0.061738 0.199391 -0.0850811 10.5149 -0.287505 -0.090551 0.0268024 0.14301 0.111681 0.103751 0.0168949 0.0230291 0.0610783 -0.0383659 0.0284681 0.0826621 0.551737 0.673397 0.00942846 0.0200915 -0.336121 -0.575649 -0.0186087 0.00219656 0.0577761 -0.0661382 0.00619918 -0.00631527 -0.104049 -0.0192087 -0.0155898 0.134881 0.0535421 0.0535976 0.151611 0.0340407 0.04369 0.344674 0.187315 1.34234 0.193584 0.702296 -0.0380476 0.0785736 0.150299 -0.051966 -0.0531426 0.130882 -0.285835 -1.35595 0.1799 0.690715 0.0357548 -0.051111 -0.704594 -0.257337 0.160693 -0.0848036 0.369288 1.2534 3.87265 -0.324666 -0.269911 -2.82508 -0.343127 0.624056 -0.0706908 0.0095382 0.00754234 -4.0333 0.301254 -0.180028 7.03006 3.73578 3.7059 -0.812277 2.13748 1.60584 0.23143 0.120988 0.0361328 0.588155 -0.0669945 -0.25192 -1.43467e-09 0.24151 0.256941 0.124082 -0.314247 -0.653255 2.40778e-09 -1.0684 0.312439 -0.655571 1.26051 -0.862725 0.30421 -0.0669359 1.16199 -1.49797 4.54762e-09 -1.02886e-10 0.0472383 -1.11322 1.12933 0.183289 1.12614 1.86637 0.00398764 0.694608 0.19859 0.91202 10.5016 -0.0618106 0.30866 1.2568 0.0157765 0.0133155 0.0107208 0.0120148 0.00956804 0.0180022 0.00338848 0.00120947 0 0.00190373 0.162273 0.087393 0.133081 0.0641498 0.132679 0.0699142 0.044168 0.0183447 0.03186 0.00292425 0.0253643 0 0.059392 0 0.0573894 0 0 0 0.00343948 0 0 0 0 0.011713 0 0.0643002 0.0091551 0.000319349 0.0801898 0 0 0.0786651 0 0.113407 0 0.0190636 0 0.0104381 0 0.0306498 0.00274661 0 0 0.0125356 0.00761907 0.0284984 0 0.0033918 0 0 0 0 0 0.0413354 0 0.00973833 0.00264606 0.0636574 0 0.0613112 0 0.080821 0.00401878 0.153417 0 0 0.0189271 0.0600945 0.00287617 0 0.00540877 0.000712638 0.0147709 0 0.0227864 0.0692353 0.000511369 6.65315e-05 0.0291112 0 0.0169686 0 0.0267505 0 0.0391595 0 0.0404097 0.0198548 0.0432316 0 0.0472738 0 0.0350152 0.0283572 0.0480764 0.0849564 0.0557756 0.227545 0 0.135093 0 0.0657307 0 0.0990622 0 0 0 0.0235079 0.0820504 0.281574 0.00133641 0.268364 0 0.215355 0 0.102601 0 0.0330258 0.0440415 0.0701153 0.0642906 0.0881977 0 0 0.000708973 0 0 0 0 0.00333844 0.13346 0.0893343 0.331278 0 0 0.0422263 0 0.00308865 0 0 0.13579 0.140308 0.00533332 0 0.00989966 0 0.497442 0.0676739 0.00231639 0 0.00965735 0.0390273 0 0.0196719 0 0.029191 0.221396 0.127649 0.0172271 0.131728 0.0208064 0.257365 0 0.0697771 0 0.0707311 0.00620682 0 0 0 0 0 0 0 0 0.000997916 0.0581415 0.0312932 0.162926 0.199357 0.155338 0.119485 0 0.0189918 0 0 0.00173621 0.0590105 0.0046229 0.0320543 0 0 0.254229 0.0108483 0.2244 0 0 0 0 0 0.0513637 0.0112287 0 0.0943998 0 0.0862229 0 0.23355 0 0.168214 0.0151198 0.0744026 0.0176851 0.181796 0.044573 0.00338393 0.0261845 0 0 0.017388 0.0593705 0.0155751 0.127429 0.176832 0 0.000864259 0 0.0196024 0 0.0115935 0.258678 0.0698423 0 0 0.00175975 0 0.0320199 0 0.00798423 0.0400727 0.0656625 0 0.0453102 0.0182379 0.148864 0.0437213 0.0724772 0.0273151 0.127871 0 0.0782419 0.0120376 0 0.0451398 0.0796484 0.00976788 0 0 0 0 0.106892 0 0.0220154 0 0.0211408 0 0.0471235 0 0.00372854 0 0.073572 0.00445283 0.0864126 0 0.0897521 0 0.00597662 0.00979651 0.0392914 0.0449062 0.0337324 0 0.0709025 0.0523813 0.00738772 0 0 0 0 0 0 0 0.197814 0.124352
11 8.2283 0.0343798 -0.020739 -0.0461545 0.198255 -0.0764113 10.5565 -0.182369 -0.0998991 0.012799 0.0604846 0.0964615 0.131306 0.019178 -0.0603831 0.0557459 -0.160091 0.0321672 0.0684298 0.722765 0.251458 0.144167 -0.0816763 -0.051025 -0.336898 -0.0110679 0.000613321 0.0419434 -0.0712234 0.025648 -0.00393146 -0.103465 0.0537024 -0.0183729 0.14759 -0.0133696 0.0487891 0.0974443 -0.0186021 0.0501134 0.339219 0.203661 1.33853 0.141787 0.65655 -0.0738693 0.0301777 0.150487 -0.0446122 -0.0525199 0.120241 -0.284566 -1.35711 0.10008 0.665033 -0.0131646 -0.0388023 -0.278413 -0.701347 0.560866 0.0153945 0.245082 1.23966 2.77396 0.118795 -0.694817 -1.91667 -0.627349 0.713165 0.0579557 -2.97169 0.00406932 -2.8159 0.750712 -0.412587 2.74899 -9.46338 -0.200695 0.46887 3.71889 3.00767 0.436838 0.244204 -0.441294 -0.450369 0.433501 0.0748511 -1.22832e-09 0.537501 -0.00975843 0.404442 -0.300868 -0.163085 -1.64858 -0.165776 1.12769e-10 0.731821 -0.755737 0.13899 -0.141321 -0.635412 -3.09319 -0.25835 3.88644e-09 -0.588787 -1.50581e-10 0.56875 1.32322 -0.0619333 -0.277954 -0.0380907 0.641719 -0.0596186 0.197243 0.920307 10.5432 -0.0250301 0.191943 1.2454 0 0 0 0 0 0.0182848 0 0 0.0217578 0 0.0513318 0.0134162 0.066358 0.00415884 0.0890722 0 0 0.0138392 0 0 0 0 0 0 0.00828353 0 0 0 0 0 0.0613153 0.00227179 0.0541144 0 0.145736 0 0.0120668 0.0034855 0.0388323 0.0567121 0 0 0 0 0.0160997 0.0796749 0.0377637 0.162125 0 0.0133868 0 0 0 0 0.0334554 0.0121928 0 0 0 0 0.00715818 0 0.0397018 0.0469088 0.015158 0.0108763 0 0.127722 0 0.108796 0 0.14621 0 0.125833 0 0 0 0.0774111 0 0 0 0 0.0227772 0.0153874 0.0282341 0.0541392 0.00116037 0.000437705 0.0970759 0.0981918 0.0967242 0.0634803 0.122795 0.081441 0.114831 0.0798313 0.058236 0.0243687 0.0164582 0.0604027 0.162059 0.0676557 0.0219854 0.0231989 0.0946159 0.00408076 0 0.0798353 0.0193838 0.203889 0 0 0 0 0 0 0.00546504 0 0.306938 0.335626 0.189158 0.530716 0.166032 0.436742 0 0.128465 0.0457499 0 0.115196 0.263172 0.165822 0.257799 0 0 0 0 0 0 0 0.0156277 0.246294 0.0636868 0.236712 0 0 0.00737394 0 0 0 0 0.0775801 0.0377788 0.00773772 0 0.0250166 0 0.519359 0.0777385 0.00147756 0 0.107692 0 0 0 0 0 0.281799 0.233928 0 0.150354 0.056192 0.22406 0 0.115627 0 0.132277 0.0729674 0.0266533 0 0.0114501 0.00575611 0.0485881 0 0.0852224 0 0.00149267 0 0.0337777 0.172967 0.262184 0.165121 0.118821 0.0159041 0 0.00607411 0.00450389 0 0.0160055 0.00266269 0.0763041 0 0.0120755 0.123526 0.292599 0.179736 0.0460773 0 0 0 0 0.0203871 0.105475 0.00613954 0.206154 0 0.0789704 0.0690584 0.025135 0.00927685 0 0.00476616 0.0258298 0.0901843 0.182423 0 0.043127 0.0423132 0 0.0638425 0 0.0145664 0 0.163525 0.310541 0 0 0 0.00013759 0.0178486 0.105618 0.319931 0.119887 0 0.0131112 0.0288956 0 0 0 0.0804791 0.113236 0.0913513 0.114094 0.0478144 0.198797 0.217965 0 0 0.325203 0.051785 0.184922 0.00415773 0.00984636 0.0222797 0 0.0357131 0.0153406 0 0.0171124 0 0.0145188 0.080059 0.024838 0 0.0206328 0 0 0.0252101 0 0 0 0.168222 0.0651707 0.0627227 0.106917 0.0497367 0.13584 0.00186817 0.0253553 0.0559923 0.200018 0 0.0989699 0.0114011 0.060897 0.0403789 0.0322733 0 0.0150429 0 0 0 0 0.164582 0.114032
12 8.26163 0.0221502 -0.00740875 -0.0324824 0.19838 -0.0715001 10.597 -0.0741761 -0.109635 -0.00458351 -0.0209664 0.0783402 0.133323 0.0260327 -0.051016 0.0539564 -0.275956 0.0567393 0.070318 0.800554 0.203418 0.104313 0.0256168 -0.0235268 -0.308187 -0.00755137 -0.0138167 0.0344978 -0.057956 0.0350896 -0.00484162 -0.103721 0.0502976 -0.0289072 0.137099 -0.00762691 0.0523681 0.110624 0.000537753 0.0508371 0.332248 0.192852 1.31959 0.226916 0.700435 -0.0373592 0.0211196 0.150337 -0.0503436 -0.0528636 0.255482 -0.323898 -1.32617 0.155405 0.684669 0.022405 -0.017384 -0.576005 0.447452 0.421745 0.0199331 0.128907 1.18114 3.17913 -0.0374627 -0.724063 -2.07069 -0.615139 -0.344078 0.160399 4.27975 -0.00532229 -3.28207 0.893098 0.187865 1.6913 -3.40428 0.0295291 -0.183423 1.00144 1.29258 0.431936 -0.173991 -0.233996 0.395899 0.178674 -0.0540542 -1.33243e-09 0.135172 -0.0970957 -0.173387 -0.0849454 -0.20051 1.72044 -0.136878 8.63967e-11 -1.46588 2.37863 -0.896034 0.326573 -0.31672 2.30637 -0.92116 3.77277e-09 -2.40563e-10 -1.49894e-10 0.26421 0.609293 -0.213379 0.33852 0.906697 -0.142571 0.524489 0.197145 0.925396 10.5847 0.0153495 0.118066 1.24529 0.0242455 0 0.0227674 0 0.0126567 0 0.0186566 0.00557989 0 0.013899 0.134171 0.0124976 0.11315 0.00659168 0.112523 0.00416862 0.0353783 0.0104891 0.0503313 0 0.0288452 0 0.0831616 0 0.0727067 0 0 0 0 0 0 0 0 0 0 0 0.00568729 0 0.055536 0 0 0.091105 0 0 0.0193451 0.0851972 0.0173571 0.0332736 0 0.0104319 0 0 0 0.00587746 0.0150879 0.0338392 0 0 0 0 0 0 0.0219614 0.0446338 0.00899432 0.0232512 0 0.0724372 0 0.0720829 0 0.0957846 0 0.233532 0.0100381 0.0223353 0 0.0613699 0.00396785 0 0.0156654 0.0197307 0.00453441 0 0.0700104 0.0901999 0 0.000567088 0.0291201 0 0.0194808 0 0.0233216 0 0.0288801 0 0.0209649 0.00148797 0.0422631 0 0.0398871 0 0.0220451 0.00988243 0.0665573 0.166519 0.0582239 0.156495 0.00966121 0.231013 0 0.0234106 0 0.0573156 0 0 0 0 0.233017 0.650748 0.153711 0.5699 0.120533 0.522688 0 0.105904 0 0 0.15305 0.206905 0.180297 0.318648 0.0557046 0 0 0 0 0 0 0.00253381 0.174171 0.103033 0.0750291 0.00543629 0 0 0 0 0 0 0.0337493 0.0327623 0 0 0.0126953 0 0.398382 0.0677594 0.000853035 0 0.00959849 0.055827 0 0.0186773 0 0.0187482 0.205773 0.086512 0 0.194352 0.0225319 0.391435 0.0214956 0.0777339 0.0216443 0.0769405 0 0 0 0 0.00319104 0.0140313 0 0.0578555 0.000195246 0.00279628 0.195822 0.0877178 0.142774 0.193362 0.148271 0.0955848 0.0153715 0 0 0 0.0112261 0.0248018 0 0.0421886 0.00275881 0 0.311872 0.01838 0.306931 0 0 0 0 0 0.187751 0.0704815 0 0.0809042 0 0.0373244 0 0.144345 0 0.0376035 0.00298358 0.00989583 0 0.24869 0.0268542 0 0.000323266 0.03819 0.0152051 0 0.0381207 0 0.132445 0.141714 0 0 0 0.0001394 0 0.0293734 0.207433 0.0455768 0 0 0 0 0 0 0.00739961 0.075454 0.0848962 0 0.0643726 0.0784982 0.0726348 0.116362 0 0.0143821 0 0 0.0442624 0 0 0.0443629 0.0597605 0.00570171 0 0 0.000453267 0 0 0 0.00248324 0 0 0 0 0 0 0 0.124967 0.0163064 0.114819 0.00111792 0.12084 0.0190297 0 0 0.112748 0.131109 0.00216881 0.0271217 0.0460683 0.00396263 0 0.027402 0.0168036 0.0186076 0 0 0 0.00491651 0.10185 0.067547
13 8.29497 0.026673 -0.00754733 -0.00253875 0.201001 -0.0682816 10.6373 0.00170769 -0.12778 -0.0394846 -0.0817632 0.0560326 0.151093 0.0263678 -0.0111837 0.0540206 -0.342526 0.0593285 0.0464662 0.679887 0.064435 0.211494 -0.0904785 0.0743477 -0.198628 0.000993814 -0.0127555 0.0124339 -0.0821435 0.0240878 -0.00222994 -0.102335 0.0552237 -0.0319778 0.148939 -0.028981 0.0338277 0.152737 -0.000346204 0.0507831 0.264011 0.264924 1.2997 0.1646 0.696083 0.0843013 0.126485 0.152515 0.00527531 -0.0466338 0.10981 -0.241339 -1.39463 0.0684779 0.684528 0.000655206 -0.124329 0.434781 -0.239063 0.886452 0.119628 0.087443 1.20398 1.73923 -0.392456 -1.17491 -1.61193 -0.712882 0.622738 -0.0369222 5.39187 0.00319424 -1.6388 0.272244 -0.78819 -5.15721 -3.40934 1.20231 -1.41967 3.23227 3.44883 0.0670206 0.12327 -0.61054 -0.962364 -0.372621 0.139123 -1.28104e-09 1.75105 0.2023 0.235049 -2.43648 -0.665041 2.78953e-09 0.770532 3.14222e-11 -0.392121 0.280632 -0.419871 -0.0975902 0.560654 0.929673 1.7229 4.52041e-09 1.32093 0.176243 0.331646 0.922614 -1.22243 0.167495 0.589049 -0.52118 -1.26149 0.198169 0.927706 10.6261 0.0426792 0.026019 1.23943 0 0 0 0 0 0.0119947 0 0 0 0.0240105 0.0315008 0.0402581 0.0237412 0.0685944 0.0114408 0.0988885 0.0140125 0.0328771 0.123942 0 0.115844 0 0.116123 0.0111908 0.158029 0.00274582 0.0137521 0 0 0 0 0 0 0.0535503 0 0.105398 0.00437699 0.00311866 0.000899639 0 0.189676 0 0 0 0.179134 0.0121357 0.116145 0.0931934 0.095166 0.0540836 0 0 0.0310682 0 0.098566 0.0429929 0 0 0 0 0 0.0281145 0.0668608 0.0415746 0.00796877 0.0143556 0 0.0403977 0.05663 0.0827334 0.0653842 0.150674 0 0.302352 0 0.000915674 0.00930465 0.0907011 0.00208426 0.00465139 0 0.00164011 0.0484637 0.0572128 0.0205006 0.0381829 0.000837598 0 0.132423 0.135548 0.0886645 0.0152808 0.108215 0.0618801 0.0793336 0.0842647 0.0981438 0.0715474 0.0781195 0 0.076438 0.00270624 0.0385624 0.0311893 0.0602061 0.477866 0.00561968 0.0729262 0.0255369 0.104072 0 0 0 0 0 0 0 0.00362612 0.0420004 0.491002 0.133521 0.51893 0.273963 0.40336 0 0.070436 0.0584205 0.0992798 0.135536 0.259476 0.256676 0.356233 0.0816482 0 0 0 0 0 0.0106908 0 0.187481 0.231787 0.0981217 0.0503904 0 0.0066487 0 0 0 0 0.0378912 0.0899267 0 0 0 0 0.299643 0.30999 0 0.0012315 0.0404861 0.102776 0.0547516 0 0 0 0.183004 0.257137 0.0398316 0.292531 0.0101889 0.707027 0.0229631 0.0637157 0.0325827 0.047544 0.035983 0.0443766 0.0301201 0 0 0.0369403 0.035754 0.0113867 0.00283571 0 0.265573 0.0596725 0.338901 0.302983 0.3151 0.16548 0 0.0218361 0.0202551 0 0 0.0179306 0 0.0242177 0.022606 0 0 0.0154311 0 0.0240124 0 0 0 0 0.348413 0.153677 0.028285 0.151156 0 0 0.269058 0.0168043 0.0837317 0.0350866 0 0.000645559 0.169824 0.225584 0 0 0 0 0.0800611 0 0 0 0.191387 0.243797 0 0 0.00137338 0 0 0.0510139 0.215486 0.195368 0 0 0 0.00560288 0 0 0 0.0710608 0 0.0880624 0.0217513 0.0879455 0.263077 0.156087 0 0.194919 0.256302 0 0 0 0.192438 0.0392966 0 0 0 0 0 0 0 0 0 0 0 0 0 0 0 0 0.242049 0.370745 0.290343 0.102301 0.330959 0.134068 0.00860018 0 0.0426084 0.204419 0.0459626 0.0338136 0.0306923 0.0427658 0 0.053718 0.0395324 0.0030808 0 0 0 0 0.152011 0.164027
14 8.3283 0.0680552 -0.0307396 0.0175084 0.20528 -0.068154 10.6751 0.00996146 -0.135045 -0.0654433 -0.101337 0.0226332 0.178457 0.030186 0.0469312 0.054163 -0.414941 0.0718261 0.029733 0.479864 0.0287307 0.201825 -0.0374885 0.176855 -0.0847385 -0.00795431 -0.00865939 0.00377541 -0.130295 0.0104246 0.00695279 -0.103269 0.00600578 -0.037151 0.148534 0.0145033 0.016423 0.151785 0.036392 0.053589 0.261566 0.226833 1.29061 0.248636 0.70171 0.0464245 0.0996874 0.153559 0.0515245 -0.0390609 0.19226 -0.240087 -1.43089 0.0780839 0.687553 -0.0207723 -0.144576 1.11938 -0.985082 0.547447 0.174635 0.0259282 1.1067 -0.0832139 -0.206074 -0.834267 -2.34755e-10 -1.20855 1.10476 1.0379 -0.583591 -0.00458425 -2.01995 0.813198 -0.348551 -5.45594 -0.0405666 -3.00671 5.00512 2.85036 3.40366 -0.167661 -0.0794162 -0.286694 -1.28604 -0.0410005 0.462211 -1.43267e-09 -1.59685 -0.22075 0.086208 1.13526 -0.619266 3.34275e-09 -0.00333137 2.23609e-10 -1.07847 0.87483 -0.186868 0.325415 -0.0411087 0.427704 -0.397438 2.68111e-09 1.02418e-09 -0.00179951 0.894758 2.1115 -1.48473 0.739572 -0.484056 -0.372496 -0.18411 0.199829 0.926955 10.6671 0.0514595 -0.0589288 1.22318 0 0 0 0 0.00369082 0 0.00282244 0 0 0.00523289 1.26837e-05 0.0234917 0 0.0638731 0 0.0805107 0 0.0199276 0.114663 0.0190307 0.143411 0 0.152097 0.106122 0.222089 0.109463 0.0173571 0 0 0 0 0.0269318 0 0.0683412 0 0.0563501 0.00846611 0 0.00945477 0 0.0728242 0.0813821 0.083187 0 0.263074 0.00995857 0.118976 0.0659984 0.0415465 0.0449526 0 0.00386561 0.0113205 0 0.073978 0.0585448 0 0 0 0 0 0.0141357 0.0877776 0.0570085 0.0227687 0.0181041 0 0 0.0949156 0 0.0708877 0 0 0.124553 0.00597143 0.00297485 0.0344842 0 0 0 0 0.0031113 0.0134298 0.0163375 0.0654742 0.0689537 0.00125214 0 0.156723 0.165877 0.110651 0.0441246 0.130123 0.117858 0.0956482 0.147302 0.0563468 0.0789565 0.0800901 0 0.0867217 0.0869978 0.0220662 0.0303175 0.186541 0.620301 0.0432384 0.24419 0.00464304 0.035176 0 0 0 0 0 0 0 0.00864961 0 0.242187 0.0312818 0.169321 0.220541 0.164294 0 0.0339967 0.0446175 0.137635 0.152586 0.170712 0.179709 0.187656 0.225395 0 0 0 0 0 0 0 0.123276 0.239927 0.0377627 0.0419607 0 0 0 0 0 0 0 0.0436222 0.0209962 0 0.0229132 0.00607133 0.250215 0.288488 0 0.00190246 0 0.0269386 0.00463115 0 0 0.00343235 0.115032 0.184034 0.0162252 0.378164 0 0.659747 0.01154 0.0666833 0.0319877 0.0509554 0.0558441 0.0597474 0.0407378 0 0.043147 0.0243179 0.0727323 0.0294135 0.0110546 0 0.470205 0.0269941 0.46363 0.334155 0.315825 0.11338 0 0 0 0 0 0.0196633 0.0485498 0.0277963 0.0463051 0 0 0.229191 0 0.234092 0 0 0 0 0.452703 0.115961 0.0647093 0.119107 0 0 0.456606 0 0.495871 0 0 0 0.477405 0 0 0 0 0.013571 0 0 0 0 0.151076 0.140562 0 0 0.00297766 0 0.0555014 0.0370761 0.118616 0.15878 0 0 0 0.0278414 0 0 0 0.0609404 0 0.185494 0 0.0949721 0.162089 0.182503 0 0 0.285382 0.0665774 0 0.00324865 0.118963 0.0582134 0 0.00201968 0 0 0 0 0 0 0 0 0 0 0 0 0 0 0.319222 0.377958 0.339915 0.178492 0.364372 0.21378 0.0111806 0 0.270317 0.0864782 0.0234446 0.0318424 0.0284673 0.0194298 0.0460666 0.0606006 0.0178514 0 0 0 0 0 0.0994954 0.0776058
15 8.36163 0.0595063 -0.0672336 0.00527852 0.207446 -0.072461 10.7142 0.06217 -0.14792 -0.0635398 -0.101337 -0.0221989 0.226898 0.0437731 0.0448012 0.0542869 -0.434414 0.099067 0.0612032 0.324615 -0.0559517 0.0500728 0.0287484 0.229509 -0.0296878 0.00203885 -0.00755013 0.021943 -0.122351 0.0242854 0.0155783 -0.10218 0.0525211 -0.0280054 0.134538 -0.0186035 -0.00315111 0.15876 0.0353453 0.0531022 0.153628 0.180814 1.3213 0.311864 0.691655 0.0624714 0.0323203 0.151892 -0.00714506 -0.053993 0.380148 -0.24624 -1.42075 0.173692 0.670234 -0.0132805 -0.0745773 -0.476166 -0.941603 -0.503743 0.103405 -0.123998 1.18856 1.84045 -0.329681 0.0097185 -1.13167e-09 -1.39344 1.33245 1.43068 -0.977863 -0.00746333 -0.823531 0.66759 1.37743 -3.40071 -1.73781 -6.02119 2.69214 1.04594 1.07549 0.318658 0.0378266 0.516042 0.50941 0.352929 0.301136 -1.78459e-09 -0.87545 0.148659 -0.15855 1.2999 -0.467379 4.60971e-09 -1.28787 1.88922e-10 -0.665872 1.95257 0.523719 0.404784 -0.875172 1.40552 -1.74606 3.55889e-09 -1.65108 -4.43754e-10 1.17779 1.37803 -1.01435 -0.0762098 -0.191291 -0.395001 0.445182 0.201766 0.923153 10.708 0.0574646 -0.153252 1.22967 0.0691183 0 0.0619419 0 0.0462402 0 0.0568754 0 0.0334169 0 0.0674464 7.82479e-05 0.0372195 0.0041062 0.0204981 0.0289772 0.0201424 0.0078136 0.0177854 0.00889732 0.0113189 0 0.0396823 0.0163111 0.0598776 0.0230174 0 0 0 0 0.00291945 0.00807622 0 0.00769763 0 0.00503786 0.00476766 0 0.0285312 0 0 0.111551 0 0 0.291336 0.0369524 0.0762208 0.0154469 0.00050405 0.0343595 0.000746693 0.0236283 0 0 0.0117354 0.0592685 0 0 0.00228376 0 0.00908974 0 0.0405373 0.0272754 0.0206778 0.0045572 0 0.0282227 0.0174429 0.0926139 0.00171448 0.124479 0.0831658 0.353499 0.0420134 0 0.0171554 0.051669 0.00282479 0 0.0324617 0 0 0 0.0901277 0.0610039 0.000421631 0.000651823 0.0177583 0.00412414 0.0242829 0 0.0210828 0 0.00755542 0.00835811 0 0.0756754 0.00753779 0 0.0133584 0 0 0.0347127 0.126395 0.270827 0.0292895 0.105015 0.0420724 0.0462484 0 0 0 0 0 0 0 0 0.0456064 0.221185 0.0482021 0.141104 0.158549 0.0865407 0.00754177 0.0145603 0 0.00406289 0.202879 0.0927691 0.173761 0.101238 0.248182 0.00773125 0 0 0.0625436 0 0 0 0.0478478 0.224974 0.0342227 0.0155612 0.049328 0 0.0127137 0 0.0139883 0 0.0460992 0.011722 0.00351652 0.00730429 0.0334305 0.0166404 0.0641462 0.328759 0 0.000602979 0 0 0 0.00207348 0.0193017 0.0150484 0.0702758 0.169248 0.0316117 0.285058 0.0453965 0.589507 0.0023537 0.0908452 0.0141609 0.0982868 0 0.00976901 0 0 0.00969579 0.0192761 0.138203 0 0.00696913 0 0.381082 0.0376918 0.332714 0.0678606 0.192086 0.0639521 0.0852534 0 0 0 0.0660229 0 0.0783946 0 0 0 0 0.305635 0 0.268808 0 0 0 0.025547 0.298571 0.0425447 0.193061 0 0.171861 0 0.158828 0 0.460487 0 0 0 0.213015 0 0.133842 0 0.0208517 0 0.0849386 0 0 0 0.235945 0.019786 0 0 0.0417746 0 0.106133 0 0.0219845 0.216537 0.0985458 0 0 0 0.125771 0 0.00357197 0.00338263 0 0.0785043 0 0.0683134 0.0143398 0.22605 0 0 0.0413722 0 0.0231423 0.0264435 0 0.0470028 0.0211621 0.016971 0 0.0889404 0 0.0296611 0 0.272893 0 0.0691639 0 0.0819145 0 0.113587 0 0.117006 0.129684 0.04364 0.0865759 0.0696205 0.111153 0.0940546 0.0230208 0 0.258291 0 0.0324522 0.00866867 0.0457686 0 0.0584341 0 0.0263532 0.00260577 0.00466917 0 0.023176 0 0.0754191 0.10122
16 8.39497 0.0300428 -0.123243 -0.025954 0.206379 -0.0803759 10.7567 0.140339 -0.158171 -0.0488642 -0.101337 -0.0696128 0.295191 0.0643569 0.0448969 0.0544124 -0.390295 0.131715 0.126738 0.124473 -0.11745 -0.077232 0.0285556 0.268415 0.0109214 0.0103078 0.0047432 0.0465725 -0.0898019 0.0316183 0.0241566 -0.102062 0.0370994 -0.0154727 0.134695 0.0173275 -0.0170533 0.158671 0.0387433 0.053373 0.118114 0.187441 1.34764 0.370017 0.668784 0.0802264 0.0050429 0.150786 -0.0473821 -0.0570495 0.454149 -0.227841 -1.43175 0.190794 0.682195 -0.0229032 -0.0745796 -0.58058 -1.66602 -0.95962 0.101056 -0.243461 1.28346 2.05054 -0.387279 0.311107 -8.87065e-10 -1.41969 2.20989 1.09315 -0.672769 -0.00142816 0.73185 0.384704 2.2382 -5.01069 -1.22644 -3.26089 -0.200674 1.22949 1.36533 -0.00790224 0.175301 0.693117 0.797034 0.191978 0.281928 -1.46416e-09 -0.420403 0.460489 -0.00973373 0.84732 -0.668528 3.72609e-09 -0.47245 2.19049e-10 -0.105872 1.81874 0.872251 -0.171297 -1.19404 0.787797 -0.421701 6.60794e-09 -0.553272 -6.61573e-10 0.140742 1.10331 -0.659351 -0.0611601 0.623155 -0.369153 -0.32917 0.203917 0.916359 10.749 0.0619775 -0.238778 1.2289 0.0587549 0 0.0517536 0 0.0323714 0 0.0500878 0 0.0867776 0 0.0210882 0 0 0 0 0.0102812 0.0843919 0.0125124 0.00591454 0.136242 0.0241936 0.122103 0.0134521 0.200379 0.0320877 0.201684 0.00829579 0.0330973 0.00923906 0.0817495 0.0247614 0.000976012 0.0033777 0 0.00995678 0 0.00327997 0 0.0676652 0.0258979 0 0 0.20151 0 0.193592 0.0424241 0.029291 0.00868754 0.00502286 0 0.000693181 0.033983 0 0 0.00368521 0.0281256 0 0 0.00342674 0 0.0552958 0 0 0.0259107 0.00609975 0.0145442 0 0.0224563 0.0161856 0.088077 0 0.112453 0.0852526 0.35508 0.0820166 0.013362 0 0.0181687 0.0198644 0 0.0623643 0.0172466 0.00518298 0 0.0420827 0.0842737 0 0.000370805 0.0274898 0 0.0312868 0 0.0283367 0 0.0207925 0.00534276 0 0.00810892 0.0178066 0 0.0200326 0 0.00194479 0.00693274 0.103701 0.286711 0.0122073 0.131418 0.000513401 0.0129151 0.009416 0 0.0167662 0 0 0 0 0 0.0766391 0.228922 0.00396734 0.0213609 0.0292599 0 0 0 0 0.00601712 0.0706262 0.149402 0.056528 0.182022 0.130053 0.0784343 0 0.00774138 0.0998913 0 0 0 0.0345945 0.246853 0.00100462 0.0382682 0.0760282 0 0.0161225 0 0.00678395 0 0.028836 0 0 0.0230403 0.0153127 0.0402392 0.0257659 0.374127 0 0 0.010979 0.023524 0 0 0.0218325 0 0.0695422 0.229674 0.0240475 0.298966 0.0512295 0.60695 0.0243927 0.0994147 0.0355164 0.109841 0 0.0255701 0 0.00685536 0 0.0151868 0.152413 0 0.00420944 0.000421934 0.291712 0.173927 0.318123 0.0319624 0.102626 0.0939186 0.126858 0 0 0 0.0965945 0 0.132477 0 0 0.0437022 0 0.565998 0 0.512599 0.00207348 0 0 0.0132921 0.1064 0.126432 0.226443 0 0.230458 0 0.348085 0 0.416347 0 0.0198345 0 0.270582 0 0.232444 0.0269428 0.0423773 0.00976647 0.104125 0 0 0 0.26674 0.0437783 0.00348264 0 0.0765004 0 0.0794949 0 0.0130471 0.260377 0.156488 0 0 0.0144944 0.219929 0 0 0 0 0.191971 0 0.12503 0 0.151095 0 0 0.066484 0 0.024653 0.0648773 0 0 0.0253906 0.0372727 0 0.0884364 0 0.0278521 0 0.246727 0 0.057586 0 0.0795534 0 0.107786 0 0.114523 0.0302442 0.156045 0.0211646 0.245393 0.0344676 0.313174 0 0 0.211687 0.0127462 0.0362309 0.0154104 0.0165142 0 0.0973247 0 0.0318381 0.000531286 0.0137812 0 0.0306241 0 0.0674874 0.120594
17 8.4283 0.000761458 -0.186705 -0.0595544 0.204201 -0.0909683 10.8014 0.22062 -0.178293 -0.0428409 -0.101337 -0.121648 0.388201 0.0913505 0.0401317 0.0586324 -0.346136 0.155261 0.195205 0.0140511 -0.204822 -0.128303 -0.0146582 0.305544 0.0564773 0.0176788 0.0227576 0.0668069 -0.0634738 0.0324497 0.0306489 -0.101201 0.09447 0.00191346 0.140695 -0.021077 -0.0327993 0.15838 0.0497575 0.0542503 0.127998 0.19607 1.37228 0.455038 0.671287 0.0655114 0.000540523 0.150928 -0.0423215 -0.0566659 0.489609 -0.199105 -1.433 0.214239 0.702838 -0.00987207 -0.0595119 -0.596764 -1.91306 -0.944235 0.20761 -0.327126 1.35605 2.13684 -0.531022 -0.0262883 -3.80741e-10 -1.48461 2.63064 0.429471 -0.00835665 -0.000296193 0.839056 0.00193336 2.01925 -1.89227 -1.77572 -0.0738866 -1.57822 0.781147 1.0933 -0.157794 0.518937 0.680733 0.707536 -0.00107167 0.0643756 -1.18472e-09 1.48141 0.58187 0.172962 -1.02978 -0.343917 6.81425e-09 -0.184058 4.83428e-10 0.450395 0.857409 0.882516 0.524029 -0.530058 1.47633 -0.485885 4.8701e-09 0.687382 -6.44327e-10 0.0999644 0.801985 -0.0989987 0.0119597 2.237e-11 -0.0130084 0.459605 0.206273 0.907311 10.7899 0.0697532 -0.29125 1.22909 0.0449559 0.00199245 0.033164 0 0.0172372 0 0.031394 0.0154334 0.126958 0 0 0.0247869 0 0.0487145 0 0.0693827 0.0814704 0.0413689 0 0.309973 0.01472 0.324669 0 0.425816 0 0.440902 0.0467297 0.255934 0.0489017 0.374198 0.135016 0 0.110241 0 0.156704 0 0.00204806 0.00407077 0.0601834 0.11678 0.0209849 0 0.43251 0 0.0360598 0.0492114 0 0.0271464 0.0221387 0 0 0.0498248 0.0142035 0 0.0114214 0.013308 0.00970951 0 0.00463743 0 0.0343249 0.0174252 0 0.0170446 0.00140762 0.0157306 0 0 0.0114852 0.106603 0 0.133467 0.076601 0.412459 0.0641492 0.0373166 0 0.034911 0.0167261 0.00985302 0.0504157 0.0413216 0.00587323 0 0.0341325 0.102394 0 0 0.0390751 0 0.0331102 0 0.0311634 0 0.0296762 0 0 0 0.0208074 0 0.0193266 0 0.0125141 0 0.093254 0.289139 0 0.14779 0 0.0172991 0 0 0.0367 0 0.0345362 0 0.118758 0 0.188144 0.300462 0.0353618 0 0 0 0 0 0.00436933 0.0426755 0 0.202323 0 0.299024 0.0510412 0.178609 0.00373303 0.0181633 0.0944271 0.00190064 0.00605183 0 0.033978 0.230592 0 0.0918631 0.0675734 0 0.0162535 0 0 0 0.0110094 0 0 0.0440102 0.00448741 0.0399306 0 0.364581 0 0 0.0963426 0.165298 0.0246733 0 0.0428247 0 0.0886805 0.18999 0 0.389982 0.0256233 0.662561 0.03822 0.109959 0.0453665 0.121659 0 0.0151277 0 0 0 0.0166154 0.139177 0 0.00135923 0 0.20597 0.365086 0.328572 0.0728784 0.0780857 0.146989 0.105265 0 0 0 0.163951 0 0.259125 0 0.0508427 0.142405 0 0.728459 0 0.687398 0 0 0 0.00613586 0.0180912 0.214614 0.204469 0 0.223812 0 0.478772 0 0.391845 0 0.0334842 0.00940723 0.273446 0 0.190688 0.182204 0.0648776 0.00970871 0.102375 0 0.0147054 0 0.259089 0.0580494 0.00825545 0 0.086368 0 0.0570129 0 0.02774 0.221978 0.137938 0 0 0.0399533 0.13615 0.266938 0.00638827 0 0 0.264718 0 0.173944 0 0.114146 0 0 0.113402 0 0.0149411 0.120064 0 0 0.0185531 0.0957094 0 0.0732056 0 0.0276126 0 0.202602 0 0.0335592 0.00319835 0.0621339 0 0.0947217 0 0.0873015 0 0.320613 0 0.444336 0 0.505154 0 0.00132562 0.173083 0.0365316 0.0563166 0.0138131 0.010044 0.00934136 0.177376 0 0.0240698 0.0014593 0.0193951 0 0.047377 0 0.0786768 0.166962
18 8.46163 -0.0117571 -0.201496 -0.0733502 0.204579 -0.103003 10.8479 0.289078 -0.173293 -0.0520212 -0.0996166 -0.176689 0.398136 0.110784 0.0331439 0.0567901 -0.342399 0.141294 0.20947 0.0146433 -0.338055 -0.0262647 -0.124785 0.333378 0.0910131 0.000249744 0.0252096 0.0723243 -0.0403485 0.0405524 0.0294442 -0.10189 0.187627 0.0315896 0.157547 -0.0982464 -0.0666761 0.158608 0.0411592 0.0535655 0.131493 0.179241 1.40295 0.510519 0.668798 0.0941271 -0.0228097 0.151026 -0.0387818 -0.0563974 0.449401 -0.162259 -1.4222 0.182296 0.696044 0.0126346 -0.0885214 -0.220994 0.00512585 -0.274651 0.357104 -0.403447 1.35816 1.80776 0.0529749 -0.508175 0.198199 -1.89061 0.0921975 -0.00255696 0.00440288 0.00871052 -0.0797287 -0.459715 -0.272051 0.346825 -2.63997 3.36029 -1.41133 0.437825 0.715569 -0.627214 0.27984 0.119887 0.528585 0.131376 -0.0846023 -1.29205e-09 1.55639 0.789371 0.364541 -0.987009 -0.616217 8.98043e-09 -0.534806 5.99453e-10 0.138352 -0.13253 0.586543 0.427548 -0.971331 1.30825 -0.499732 6.89778e-09 -0.103156 -6.56174e-10 -0.541912 0.420223 0.848392 -0.0925657 0.324989 0.963182 -0.457991 0.208833 0.896675 10.8312 0.0783042 -0.366468 1.24037 0.0423528 0.000946283 0.0341546 0 0.0114348 0 0.0697913 0.0121696 0.227757 0 0.0151304 0 0.034422 0 0.0366319 0 0.0918633 0.0486162 0.0375308 0.319172 0.0725884 0.349006 0.0683854 0.438037 0.0862068 0.462681 0.143914 0.268045 0.161797 0.37738 0.15528 0.00939468 0.139483 0 0.176455 0 0 0.00930027 0.0683075 0.1907 0 0 0.337837 0 0 0.00682705 0.00128239 0.00520195 0.0226267 0 0.00128647 0.0516846 0 0 0.00824835 0.00618021 0.00305736 0 0.00259171 0 0.0283919 0.0393141 0 0.00398859 0.000313735 0.0177816 0 0.028284 0 0.037969 0 0.0612012 0 0.210454 0.0589089 0.0651452 0 0.0123458 0.0183986 0.0143214 0.0481677 0.0597677 0.0260681 0 0.0223291 0.123629 0 0.000245407 0.0262443 0 0.0187734 0 0.0233286 0 0.0349216 0 0.000377342 0 0.0328499 0 0.0310338 0 0.0168805 0 0.0683122 0.162842 0.0435568 0.415156 0 0 0 0 0 0 0.0385111 0 0.147404 0 0.124211 0.14453 0.0256595 0 0 0 0 0 0 0.0625365 0 0.105682 0 0.174954 0.060023 0.219845 0 0.0106741 0.0969511 0.0216667 0 0 0.038825 0.169337 0 0.00380543 0 0 0.00483101 0 0 0 0 0 0.000340484 0.0367419 0 0.0371938 0.0790201 0.271087 0 0 0.112356 0.173156 0 0 0.0141233 0 0.0473135 0.0845066 0 0.239553 0 0.355736 0 0.139716 0 0.140609 0 0 0 0 0 0 0.152279 0 0 0 0.170724 0.291396 0.114076 0.0533622 0 0.172215 0.166695 0 0 0 0.0816882 0 0.160004 0.00618235 0.122974 0.255199 0 0.593101 0 0.575833 0 0 0 0.0179588 0 0.129569 0.19935 0 0.141215 0 0.338249 0.0775548 0.202236 0 0 0 0.12392 0.0145868 0.165727 0.331654 0.0549572 0 0.0549905 0.0351675 0.0675929 0 0.191283 0.06682 0 0 0.0430055 0 0.0226793 0 0.0229486 0.130448 0.14464 0 0 0.0368751 0.160964 0.456827 0.00495419 0 0 0.200244 0 0.10649 0 0.0291702 0 0.00601017 0 0 0 0.161292 0 0 0 0.14177 0.00675458 0.0403907 9.94345e-05 0.0370073 0.043972 0.0950194 0.00683217 0.0124404 0.00396875 0.0366654 0.0135823 0.051031 0.0123644 0.0487144 0.010783 0.26769 0.00142805 0.379209 0 0.414015 0 0 0.129281 0.169181 0.14225 0.0105534 0 0.000677824 0.162309 0.00925076 0.0391443 0.0380853 0.00734393 0 0.0243417 0 0.0440898 0.137207
19 8.49497 -0.0254676 -0.202136 -0.0824597 0.206895 -0.117033 10.8947 0.329574 -0.165937 -0.0686174 -0.0417225 -0.252989 0.397692 0.11722 0.0251035 0.045875 -0.328512 0.124479 0.197009 0.0277012 -0.260469 0.0388004 -0.0798706 0.155111 -0.114648 -0.00541253 0.025476 0.0698035 -0.0325295 0.0462501 0.0325262 -0.100474 0.205689 0.0491715 0.172798 -0.110389 -0.0772083 0.15837 0.0501529 0.0542818 0.127595 0.168004 1.4114 0.498593 0.648689 0.0915201 -0.00374108 0.150943 -0.0417833 -0.0566251 0.444965 -0.141084 -1.38934 0.187462 0.697412 0.0283299 -0.0755734 -0.596986 0.283301 -0.0657592 0.392622 -0.371683 1.29512 1.05853 0.729486 -0.704012 2.0646 -1.46277 -0.69765 -0.55438 -1.0593 -1.44362 0.536385 0.395257 -0.347007 -0.644374 14.9554 -1.16617 3.79384 -17.6905 -15.397 0.668001 0.166724 0.225646 -0.443897 0.207498 -0.544822 -1.52109e-09 0.154565 0.138705 0.293655 -0.195692 0.125377 3.66653e-09 3.65872e-10 1.22346e-09 0.03095 0.0914998 0.29399 -1.23319 -0.0615727 -1.32754 -0.16117 2.3484e-09 -0.321179 -3.03826e-10 -0.701528 0.428546 1.30773 0.0754876 0.368251 0.39011 -0.304753 0.211552 0.883266 10.873 0.0980806 -0.343188 1.25391 0 0.107908 0 0.0943978 0 0.0803875 0.0232965 0.0928755 0 0.464167 0.0661997 0.164158 0.0496121 0.192136 0.0614872 0.196341 0.0503988 0.0692174 0 0.137371 0 0.14717 0 0.185326 0 0.153398 0 0.129336 0.0109941 0.156177 0 0.0369688 0.0156197 0.00628923 0.0350134 0 0 0 0.0839316 0.288752 0.00542549 0 0.324568 0 0.0292126 0 0.00733418 0 0.0652315 0 0.00404257 0.0200874 0.00392311 0 0.0108607 0 0.00937479 0 0.00346043 0 0 0.0542214 0.00731963 0.0107892 0.000361001 0.0165304 0.861995 0 0.857962 0 0.853288 0 0.90839 0.0968984 0.00641298 0.0646217 0.86285 0 0.00384558 0.0183118 0.0150803 0.0534045 0 0 0.0226757 0.0723329 0.00127963 0.000505883 0 0 0 0 0 0 0 0.0534214 0.0201788 0 0 0 0 0 0.0337196 0.00467786 0 0.21352 0 0.575629 0.0799833 0.0135291 0.180334 0 0.217932 0 0.146702 0 0.134854 0 0 0.247175 0.0683936 0 0.0751107 0.0197919 0.159453 0 0.0564768 0.0101497 0.0117768 0 0 0.00427016 0.0442174 0.0276421 0.0419601 0.00214818 0.0642758 0.0140255 0 0 0.158727 0.0220733 0 0.017069 0 0 0.00289964 0 0.0138833 0 0 0.0212051 0.0286022 0 0.0527842 0 0.241813 0 0 0 0 0.30133 0.000645743 0 0.00539301 0 0.0341143 0.00484804 0 0.191884 0 0.254017 0.522556 0.100473 0.522054 0.104536 0.0655026 0 0.091525 0 0 0 0.256301 0 0 0 0 0.714061 0 0.762677 0 0.375357 0 0.403635 0.0569617 0 0 0.424174 0 0.545179 0.293889 0 0 0.218346 0 0.232916 0.0136053 0.00201628 0 0.0831486 0.0448656 0 0.377353 0 0.211112 0 0.339339 0.0953577 0.355966 0.0145329 0 0 0.259596 0 0.102829 0.242987 0 0 0 0.183385 0 0.0747419 0.457487 0.0535493 0 0 0.0132047 0 0.156591 0 0.0411213 0.0881127 0.0811112 0 0.0301583 0.00553358 0.0997978 0.407862 0.00147456 0 0.0198875 0.02747 0 0.0280837 0 0.126438 0.97379 0 0 0.00843574 0 0.061541 0 0.00547363 0 0.0494127 0.00290777 0.0477927 0 0.0468463 0 0.201722 0 0.0545038 0 0.0657701 0 0.101994 0 0.0930009 0 0.120045 0.078826 0.0807291 0.0949498 0.0628998 0.0922449 0 0.520709 0.204381 0.556767 0 0 0 0 0.408968 0.10665 0.0469705 0 0 0 0 0.0443992 0.046959
20 8.5283 -0.0205085 -0.178293 -0.0787386 0.211126 -0.126298 10.9404 0.325597 -0.149012 -0.0855017 0.0566764 -0.267479 0.367258 0.101044 0.0436552 0.0506062 -0.348549 0.113411 0.179152 0.0802934 0.102564 0.00586754 -0.0728049 -0.177309 -0.384589 -0.0304897 0.0251201 0.056514 -0.0252688 0.0402053 0.0354827 -0.100495 0.160742 0.0389123 0.177187 -0.0778527 -0.0549298 0.158359 0.0505769 0.0543155 0.101604 0.169257 1.41673 0.417961 0.647956 0.0372457 0.00807833 0.150828 -0.0458927 -0.0569366 0.380367 -0.123684 -1.35978 0.13474 0.687989 0.0370329 -0.102638 0.0685524 0.843255 0.0347056 0.437729 -0.212834 1.38912 -0.0128532 0.430521 -0.451109 2.79426 1.30685 -0.929427 -0.601587 -3.85207 -5.24095 0.0292 -0.131765 -0.605995 1.41039 7.60536 -0.685478 0.351172 -9.80735 -7.3428 -0.838657 0.00884847 -0.291227 0.224226 -0.112869 0.154045 -2.48447e-09 -0.711286 -0.171735 0.171655 0.23329 0.28251 8.28217e-09 9.19228e-10 7.90951e-10 -0.054605 -0.688913 -0.210823 -0.51448 1.46433 -2.31296 0.971261 2.85244e-09 -0.914613 -4.37843e-10 -1.27716 0.390396 0.836165 -0.0447507 0.390603 0.837616 -0.7064 0.215811 0.87428 10.9151 0.154574 -0.202273 1.28005 0.0294038 0 0.00655841 0 0 0 0.0795358 0.0444082 0.175558 0.0616863 0 0.00888068 0 0.0497863 0 0.0778277 0.0315307 0.124845 0.0188629 0.156273 0.0395208 0.111877 0.0261519 0.232611 0.0579931 0.158875 0.0714155 0.0187418 0.0922825 0.0546139 0.0490802 0 0.0383072 0 0.0460634 0 0 0.00408344 0.0861838 0.319358 0 0 0.120045 0 0 0 0 0.000361951 0.00975584 0.0317271 0 0.0154164 0 0 0 3.39467e-05 0 0 0 0 0 0 0.0111051 0 0 0 0.525436 0 0.514672 0 0.513241 0 0.601298 0.0168571 0 0 0.532097 0 0 0.0236611 0.00161005 0.0245689 0.00401474 0.0880655 0.0240692 0 0 0.00129384 0 0.0141472 0 0 0 0.0204048 0 0.176193 0.048631 0.0494298 0 0.017285 0 0.0191702 0.0348229 0.0547221 0 0.309642 0 0.658417 0.00445274 0 0.0296281 0 0.0344473 0 0.0804495 0 0.0945197 0 0 0.625148 0 0.0371073 0 0 0.0237049 0 0.0112591 0 0 0.0963766 0 0.34344 0.0471747 0.0222116 0.0105908 0 0 0 0 0 0.0761612 0.313837 0 0.0101319 0.0810914 0 0 0 0 0 0 0 0.00860553 0.000186875 0.0097122 0 0.167861 0.503353 0.00102735 0.00291578 0 0.345876 0 0 0 0 0.13509 0.235141 0 0.117344 0 0.131263 0.203743 0.0637096 0.204058 0.063473 0.00115844 0 0.016391 0 0 0.00095702 0 0 0 0 0.176933 0.356136 0.138531 0.0535365 0 0.1785 0.0644523 0.0454341 0.0267035 0 0.0771849 0 0.206032 0 0.216131 0.278286 8.21929e-05 0.666624 0.00168588 0.61646 0.0122731 0 0 0 0 0.150362 0.183759 0 0.215859 0 0.0814772 0.0481836 0.0550176 0 0.050688 0 0.0126919 0.039765 0.177666 0.285092 0 0.00295719 0 0.395325 0 0.215982 0.284909 0.0365282 0.0155757 0 0.0670466 0 0 0 0.0671844 0.292986 0.00490681 0 0.0108634 0.00350764 0.0765913 0.338438 0 0.00244449 0 0.196859 0 0.15543 0 0.158058 0.828396 0 0 0.066582 0.0156231 0.058849 0 0 0.0165344 0.0496234 0.0344603 0.000483915 0.0304632 0 0.0985615 0.0910037 0.0375532 0.00498145 0.0365826 0.0322976 0.049514 0.0474009 0.045476 0.0373935 0 0.316929 0.0224589 0.331935 0.0265664 0.335429 0 0 0.295018 0.186334 0.196158 0 0 0 0.215344 0.00656634 0.052862 0.0483045 0 0 0 0 0.104052 0.222907
21 8.56163 -0.0056785 -0.129748 -0.0821454 0.218001 -0.13017 10.9879 0.254973 -0.159375 -0.0939322 0.249703 -0.147465 0.351086 0.0676495 -0.208039 -0.274348 -0.36798 0.101302 0.158999 0.152057 0.236445 -0.0413036 -0.0581115 -0.332667 -0.471382 -0.0557622 0.00251875 0.0482455 -0.0345998 0.0358489 0.0450808 -0.100305 0.0928684 0.0245847 0.184119 -0.0299645 -0.0286684 0.158365 0.0503462 0.0542971 0.118158 0.170356 1.39982 0.338075 0.657206 0.0148554 0.0262357 0.148394 -0.0504628 -0.0573446 0.340199 -0.114475 -1.34094 0.0969989 0.700162 0.0721292 -0.0967633 0.37574 3.16952 1.01932 0.430127 0.0535302 1.32196 -2.37506 -1.29695 -0.573293 6.00181 5.18596 -1.50653 -0.41067 -6.78591 -9.13119 -1.75233 0.0350481 -2.30628 4.70148 -3.45437 -2.47522 1.27849 9.08286 10.285 -0.0657815 -1.49917 -1.7888 -1.12981 -0.0475436 0.453971 -4.53877e-09 1.04881 -1.51338 0.404781 -1.48867 2.24175 7.39785e-10 9.3709e-10 1.41973e-09 -0.907288 -1.42545 0.090437 -0.864468 1.65559 -1.44807 0.116386 -1.10651 -7.21063e-10 -7.56583e-10 -0.721719 0.405862 0.648642 -0.411272 2.15551 1.2839 -0.165486 0.221426 0.870237 10.9596 0.196007 0.0518102 1.34698 0 0.356646 0 0.322279 0 0.265068 0.023162 0.397891 0 0.783332 0.306515 0.0369928 0.274364 0.0978129 0.347364 0.0802199 0.0154121 0.0645472 0 0.0332506 0 0.00671162 0 0.0503184 0 0 0 0.0394279 0 0 0.00629927 0 0.0488294 0.0249298 0.110469 0.0788049 0 0.00079347 0.0884237 0.237867 0 0 0.0662425 0.518446 0 0 0 0 0.0473146 0.0362136 0 0 0 0 0.00166512 0 0 0 0 0 0 0 0.0374225 0 0 0 0.0863542 0 0.0624309 0 0.0865019 0 0.185785 0.0261808 0 0.000449528 0.0826906 0.0236591 0 0.0117156 0 0.0122878 0 0.0405744 0.0194493 0 0 0.00120498 0 0.0113273 0 0 0 0.013756 0 0.171901 0.0741377 0.0615348 0 0.0327963 0 0.0323773 0.0496333 0.0439426 0.000288045 0.111857 0.12132 0.420609 0.216046 0 0.215608 0 0.277067 0 0.11852 0 0.161023 0 0.144193 0.668121 0.245695 0 0.246272 0 0.241341 0 0.113418 0 0.0465477 0 0 0 0 0 0.00621711 0 0 0 0 0 0.339169 0.0050338 0 0 0 0 0 0 0.0200801 0 0 0 0.00758589 0 0.0191735 0 0.501597 0.0461481 0.00132191 0.00233884 0 0.767323 0 0 0 0 0.100715 0.190306 0.0864511 0.0834435 0.153487 0.102352 0.0812874 0.0413121 0.0815518 0.0412604 0.040816 0 0.043833 0 0 0 0.225273 0 0 0 0 0.827565 0 0.890474 0 0.714197 0 0.720482 0.0117828 0 0 0.766942 0 0.85282 0.649819 0 0.041145 0 0.0247222 0 0 0.00246565 0 0.0609404 0.00262298 0 0.21915 0.0779356 0.0623996 0 0.0319751 0 0.000353999 0.566589 0 0 0.0138634 0 0 0.085947 0 0 0 0.27187 0 0.259967 0.618152 0.0833049 0 0 0 0 0.136533 0 0.194731 0.201281 0 0 0.00870975 0 0.0270653 0.140166 0.0450314 0.0171686 0.025895 0 0.0144378 0 0 0.191048 0.23552 0 0 0 0 0 0 0.000284357 0 0 0.172575 0.0606878 0.183554 0.0373461 0.493637 0.391291 0.213447 0.0486295 0.185623 0.126445 0.287464 0.214048 0.248275 0.164531 0 0.148572 0.0125935 0 0.00600828 0 0.225358 0 0.650029 0.6401 0.795133 0 0.0119017 0 0 0.760439 0.260994 0.309491 0 0 0 0 0.114106 0.0506998
22 8.59497 -0.0261609 -0.0890605 -0.0760022 0.22585 -0.123874 11.0314 0.120668 -0.138992 -0.106386 0.550385 0.193832 0.299497 -0.00388303 -0.438989 -0.605245 -0.332362 0.110951 0.131755 0.217156 0.14754 -0.0896543 -0.0339088 -0.339363 -0.430272 -0.0293535 0.00589683 0.0421552 -0.0458607 0.0204834 0.0351879 -0.100647 0.114215 0.0214725 0.197019 -0.0698732 -0.0232798 0.158342 0.0512067 0.0543656 0.1373 0.207476 1.38628 0.217213 0.654817 -0.0403045 0.0507886 0.151 -0.0505391 -0.0572806 0.321887 -0.108441 -1.31293 0.150868 0.701462 0.0482128 -0.0607359 -0.933759 1.62464 0.167839 0.310026 0.180315 1.29099 -3.40799 0.180051 0.0885284 8.29026 8.37875 -2.3425 -0.0432453 1.95449 2.04415 1.76525 0.27739 -0.579129 1.19155 -2.08102 -1.83321 0.823223 -1.32096 0.226596 0.620831 -0.145379 -0.219968 0.241727 -0.300265 -0.203178 -1.37147e-09 0.979323 0.261914 0.511875 -1.79657 -0.128363 4.65758e-09 8.53945e-10 3.55275e-10 -0.16377 -0.937634 -0.0338669 -0.150514 3.10455 -2.62088 1.86247 3.98589e-09 -1.4489e-10 -3.44964e-11 -1.47523 -1.02503 0.885514 0.190508 2.54009e-11 -1.7197 0.388694 0.227048 0.876359 11.0048 0.164076 0.206806 1.33373 0.00975672 0.0267905 0.00470761 0.0205467 0.00839464 0.0272121 0.00546159 0 0 0.0162798 0.0582267 0.150943 0.0448223 0.124385 0.0447083 0.118655 0.00652194 0.133403 0 0.0288414 0 0.0574341 0 0.064963 0 0.0612996 0 0.114832 0 0.11073 0.00714308 0.0358358 0.0223361 0 0.0621809 0 3.61875e-05 0.00293813 0 0.225111 0.104388 0 0.0155387 0.0167232 0.00483064 0 0.00173314 0 0.0275081 0.0268075 0 0 0.00151698 0 0.0415723 0 0 0 0 0 0 0 0.0650599 0 0.0196544 0 0.0456236 0.0403184 0.0314822 0.0263785 0.0483691 0.0332326 0.110093 0.0899561 0.00592868 0 0.0661253 0.0912479 0 0.023336 0.00734426 0.0232246 0 0.0983843 0.0879007 0 0 0 0 0 0 0 0 0 0.00143322 0.046085 0.0222376 0.0593127 0 0.00722372 0 0.0109689 0.0215029 0.0658098 0 0 0.0574719 0 0.135773 0 0.0824399 0 0.0914179 0 0.0125283 0.0579517 0.0361019 0.032229 0.159111 0 0.192352 0 0.175359 0 0.0970499 0.00777855 0.0311184 0 0.0412801 0 0.0425241 0 0.0057 0.0231498 0 0.013514 0 0 0 0 0.139936 0.135767 0 0.210285 0.0174562 0 0 0 0 0 0.0686853 0.127047 0 0.00938701 0 0.000787575 0.241582 0.400436 0 0.00291741 0.0217043 0.0532507 0 0 0.0143369 0 0.17871 0.220064 0.060524 0 0.129633 0.0424261 0.0484437 0.014707 0.049345 0.0152197 0.00232314 0.00121269 0 0.0254925 0 0 0 0 0 0 0 0.127156 0.0212795 0.257206 0.0773255 0.113482 0 0.0614503 0 0.0193458 0.000664689 0.0650004 0 0.056716 0 0 0.0698843 0.0186749 0.0396384 0.0417886 0 0 0 0 0.0039673 0 0.137201 0 0.105045 0 0.0356828 0.0106391 0 0.00919808 0.0152118 0.00682304 0.0105019 0 0 0.154083 0 0 0 0 0 0 0.265068 0.127183 0 0 0.019421 0 0 0 0.148398 0.23829 0 0 0 0.00436664 0 0.144289 0.03151 0 0 0 0.0188956 0 0.14586 0.171768 0.164418 0.152637 0 0 0.00837257 0.00526433 0.0636091 0.0114496 0.0105658 0.0121286 0.0687945 0 0.0723032 0 0.238729 0.170449 0.10863 0.0431002 0.0781661 0.044062 0.119632 0.0830104 0.107361 0.0162691 0 0.0217587 0 0.0275646 0 0.000256006 0 0 0.096333 0.070872 0.108751 0 0.0540512 0.0524201 0 0.0165203 0.00846956 0 0 0 0 0 0.094359 0.185625
23 8.6283 -0.0348612 -0.0718722 -0.047912 0.232831 -0.115779 11.0721 -0.0316663 -0.108573 -0.135602 0.786414 0.472254 0.149125 0.0191582 -0.140505 -0.414698 -0.241995 0.12658 0.0873143 0.16224 0.119903 -0.112765 -0.0211558 -0.307613 -0.399964 -0.000484505 0.0279892 0.0100549 -0.0722438 -0.00717427 0.0279818 -0.104123 0.0342804 0.0450239 0.221014 -0.0194259 -0.0524483 0.158349 0.0509589 0.0543459 0.161393 0.20856 1.38325 0.163737 0.702144 -0.0181668 0.0840352 0.152018 -0.0136208 -0.0544722 0.245027 -0.127987 -1.30324 0.122884 0.700973 0.063634 -0.0837616 -0.0508816 0.566288 0.526174 0.247847 0.220481 1.17741 -4.23433 0.711716 0.0402052 4.76908 5.04599 -6.17683 4.75463 10.929 6.91063 2.85006 0.369684 -0.719824 -2.29991 -0.428213 -0.747832 0.33853 -1.22757 -2.14788 0.800933 0.338337 -0.558817 -0.860361 -0.669806 -0.264011 -1.96783e-09 -0.0484376 0.600879 0.501113 -0.814797 -0.544287 6.23012e-09 3.30019e-10 3.34735e-10 0.259352 -1.15157 0.127608 0.224736 6.47051e-10 0.0323407 0.247594 3.72639e-09 0.210459 -1.10826e-10 -1.34952 -0.819817 0.318455 -0.00306201 0.827442 0.532501 -0.787704 0.231872 0.884238 11.0478 0.133192 0.237484 1.26903 0 0.051406 0 0.00202228 0 0.023202 0 0.0159163 0 0.0107928 0 0.10519 0 0.123772 0 0.165954 0.00688567 0.0546293 0 0.108034 0 0.104664 0 0.290519 0 0.307434 0 0 0 0.0190547 0 0.0676665 0 0.0776992 0.0414389 0.0302681 0.00182368 0.0167896 0 0.150484 0.0890373 0 0 0 0.0103207 0 0.125042 0.0924519 0.021864 0 0 0 0 0 0.0323023 0.00918033 0 0 0 0 0.00455798 0.0195068 0.0885759 0.00550023 0.0210516 0.00444468 0.0631848 0 0.0160893 0 0.0463015 0 0.00776174 0.0236894 0.00333971 0.00724959 0.0203338 0.0757368 0 0.00928552 0 0.015069 0.01714 0.0571143 0.0793814 0.0160188 0.00146032 7.05598e-06 0.080514 0.22289 0.0403444 0.195841 0.063756 0.243935 0.0530711 0.267093 0.0637218 0.0395941 0.0294579 0.132213 0.0363087 0.280059 0.0304694 0.029639 0 0.103828 0 0 0.106429 0 0 0 0.0697099 0 0 0 0.168253 0 0.274228 0.000113609 0.381984 0 0.264768 0.00291271 0.0933171 0.0123361 0.0239399 0.0545342 0.0040654 0.0789127 0.0062364 0.0510744 0 0 0 0.0183513 0 0.00214421 0.0135175 0 0.190138 0.217197 0 0.0968823 0 0 0 0 0 0 0 0.0601895 0 0.0304549 0 0.0597167 0.30909 0.470535 0 0.00262251 0.0345376 0.104891 0.00499767 0 0 0 0.287404 0.158522 0.0196232 0.00128086 0.0209514 0.182462 0.0546794 0.000485587 0.066865 0 0.0217913 0.0910079 0.0195745 0.0130323 0 0.0188207 0.0276182 0 0.00294603 0 0 0.0510453 0.0904044 0.160722 0.0186176 0.044943 0 0.0532685 0.0393231 0.0334126 0.000847231 0 0.0762422 0.0331446 0.0372124 0.0199871 0.239518 0.30653 0.0335688 0.344523 0 0 0 0 0 0.208941 0.119566 0.108522 0 0 0.0713983 0 0 0 0 0 0.0488899 0.0315147 0 0.139376 0 0 0 0.096084 0 0 0.174241 0.185689 0 0 0 0 0 0.021519 0.235724 0.193977 0 0 0 0.0542803 0 0.219464 0.0823609 0.0534727 0 0.231417 0.00814756 0.094063 0.129596 0.0859997 0.180683 0.228998 0 0.722689 0.0110309 0.00277074 0.0258051 0 0.0171288 0.0472409 0.06904 0 0.065131 0 0.189985 0.176042 0.143006 0 0.0190655 0 0.03725 0.0802091 0 0.0363152 0.00475415 0.350897 0.0727137 0.13737 0.0144729 0.190132 0.00556564 0.00229263 0.166001 0.180374 0.0836383 0.0180286 0.00757642 0.0567241 0.0128904 0.068304 0.0157625 0.0325928 0 0 0 0 0.141312 0.173325
24 8.66163 -0.0256979 -0.0510036 -0.0587038 0.235799 -0.106155 11.1119 -0.14771 -0.0779937 -0.0972814 0.856919 0.304827 -0.152172 0.0946463 0.00443608 -0.354712 -0.150837 0.148599 0.0888554 0.0640401 0.114369 -0.152085 -0.0221289 -0.266464 -0.405953 0.0166508 0.02408 0.01005 -0.110854 -0.0285218 0.0327482 -0.104701 0.0631939 0.0508407 0.243115 -0.0541588 -0.0396217 0.158349 0.0509284 0.0543435 0.232933 0.227712 1.36536 0.130735 0.69418 -0.0201008 0.0669038 0.151918 -0.0173253 -0.0547546 0.21624 -0.107642 -1.30699 0.134955 0.701994 0.0848914 -0.0759219 0.241008 0.698122 -0.651065 0.104249 0.238731 1.2089 -2.89052 0.272763 1.66828 0.320088 -4.16061 -6.63049 1.66445 2.95879 0.369651 2.75572 0.361402 0.683121 -3.09449 -0.0359225 -1.13842 0.0163711 -1.06642 -2.40961 0.439662 -0.297216 0.291818 -1.14593 -0.467281 0.186864 -1.47307e-09 -1.23185 4.98598e-11 0.490499 1.25906 0.48148 1.19429e-08 2.71779e-10 6.23112e-10 0.0520338 -1.12247 -0.132963 -0.355183 0.976971 -0.974908 0.00171246 1.0556e-09 -0.239634 -5.45015e-11 -0.392821 -0.0749977 -0.0736882 -0.0303767 1.37044e-10 0.178555 -0.0968532 0.235549 0.892508 11.0895 0.0972139 0.216984 1.24167 0.00158927 0 0 0 0.0198243 0.00813018 0 0 0 0.0101603 0.0797881 0.0470097 0.0582346 0.0514809 0.0396238 0.0921354 0.00138323 0.0524183 0 0 0 0 0 0.0754566 0 0.109768 0 0 0 0 0 0.0853958 0 0.095698 0.0308072 0.104671 0.00351948 0.0273771 0.0129421 0.226694 0 0 0 0 0.0556818 0.0464552 0.141802 0.0796944 0.00607677 0 0 0 0 0 0.0174091 0.0211429 0 0 0 0 0.00767935 0.0449567 0.0707981 0 0.0215759 0.00716499 0.0718033 0.105587 0.041012 0 0.0759598 0.0179229 0.0643662 0 0.00915263 0.0232987 0.0564007 0.0591979 0.000194375 0.0145646 0 0.0293529 0.00377914 0.0404255 0.0690083 0.0404224 0.000717934 0.000102884 0.128485 0.0833384 0.0848931 0.0674165 0.11009 0.119697 0.0881912 0.103279 0.0236389 0 0.0671266 0 0.0706571 0.0971856 0.0144628 0.00220801 0 0.191681 0 0 0.102514 0.017739 0 0 0.0673274 0 0 0 0.077739 0 0.375503 0.0718618 0.446869 0 0.271516 0.120663 0.0903471 0.00608839 0 0.0656653 0.0968024 0.114498 0.189454 0.046848 0 0 0 0 0 0.032933 0.0140801 0 0.141987 0.181428 0.0286966 0.112059 0.00896947 0 0 0 0 0 0.0873994 0.117578 0 0.00464573 0 0.0282502 0.237065 0.468614 0 0.00371751 0 0.0316317 0 0 0 0 0.253399 0.111975 0.0171222 0 0 0.084975 0.0258932 0 0.041318 0 0.0337883 0.0579031 0.00411379 0 0 0 0.0490251 0 0 0 0 0.0180121 0.195037 0.158455 0.0439611 0.192717 0.0247814 0 0.00599904 0.011594 0.0308627 0 0.046525 0.0263812 0.0156542 0 0.288289 0.148126 0.044954 0.193877 0 0.0108392 0 0 0 0.0753917 0.120428 0.10406 0.0336533 0 0.0644202 0.0666155 0.011496 0.0458739 0.00418146 0 0.108331 0.0576846 0 0.33032 0 0 0 0 0 0 0.199008 0.15965 0 0 0 0 0.0415858 0 0.184414 0.15436 0 0.018695 0 0.0298173 0 0.487307 0.0954577 0.0587878 0.0195172 0.0805705 0.0531128 0.0564103 0.0714085 0 0.0601047 0.347655 0.130219 0.0228538 0.00906605 0.0976941 0 0 0.00671967 0.142512 0.0191426 0 0.0102145 0 0.0690375 0.0512104 0.0429001 0 0 0 0 0.00527574 0 0 0.00948312 0.185662 0.0757727 0.0717448 0.0596685 0.111203 0.0184409 0 0.216358 0 0.0880442 0 0.0866865 0.0504061 0.00610937 0.0463322 0.0104458 0 0 0 0 0 0.139288 0.192025
25 8.69497 -0.022996 -0.0453393 -0.0684919 0.238694 -0.100573 11.1513 -0.259368 -0.0756687 -0.0759744 0.88181 0.269885 -0.251364 0.10689 -0.0609145 -0.364761 -0.0607136 0.152421 0.0931289 -0.0169578 0.101468 -0.158224 -0.0231803 -0.351794 -0.452554 0.00586503 0.0244388 0.018349 -0.09392 -0.0383454 0.0288953 -0.103863 0.0295944 0.0515193 0.219138 -0.0280176 -0.0358873 0.158353 0.0507846 0.054332 0.307133 0.240232 1.3405 0.155591 0.70322 -0.0380812 0.0267483 0.150619 -0.02117 -0.0542481 0.317275 -0.163295 -1.28537 0.218687 0.702388 0.0593487 -0.0155788 -0.209904 0.161436 -0.158717 0.132826 0.0806938 1.15687 -3.10735 -0.369178 0.40446 0.590049 -0.899057 -0.696745 -0.063726 -1.69262 -0.305476 2.50582 -0.18425 0.239367 -1.57381 -0.767992 -0.0229905 0.0591659 0.319118 1.58583 -0.0900772 -0.114202 0.0712049 0.71929 -0.208268 -0.0597026 -1.14548e-09 -0.528031 1.10494e-10 -0.594077 0.324288 -0.0192281 3.10979e-09 9.63279e-11 1.32444e-10 0.0504366 -0.651393 -0.205649 0.174313 1.47648e-10 0.22944 -0.631032 2.8594e-09 0.596447 0.00166239 0.00487833 -1.19811 0.179991 0.27914 1.92137e-10 -1.68446 1.10005 0.238358 0.897649 11.131 0.0755398 0.102766 1.24713 0 0.0301249 0 0.0286727 0.000135633 0.0261627 0 0.0198696 0 0.0243941 0.0540827 0.128128 0.0435591 0.105702 0.0449726 0.104876 0.0137627 0.0312164 0 0.0135506 0 0 0 0.0109012 0 0.0126573 0 0 0 0 0 0 0 0 0 0 0.00156728 0 0 0 0.150934 0 0 0 0.0367874 0.0857412 0.00186699 0.0602216 0.0202931 0.0126116 0 0 0.00611881 0 0.0312474 0.0175266 0 0 0 0 0 0 0.0206518 0.0224778 0.00912426 0.00293111 0.0366021 0.0487543 0.0307078 0.0284322 0.0463015 0.0342814 0.13477 0.0616076 0.00339401 0 0.0322188 0.07485 0 0 0.00801979 0.00239272 0 0 0.0563169 0.0421546 0.000807849 0 0 0.000496782 0 0 0 0 0.0249367 0 0.0186176 0.0305157 0.0110733 0.0140384 0.0092492 0.0133393 0.0172934 0.0318089 0.063602 0.182014 0.0957645 0 0.126843 0.0207532 0.00982147 0 0.0113627 0 0 0 0 0 0.358247 0.143299 0.377302 0.107281 0.280643 0.117095 0.0734125 0 0.0108737 0 0.128958 0.132057 0.185368 0.143056 0 0.0799295 0 0 0 0 0.000522514 0 0.115796 0.167108 0 0 0.0037635 0 0 0 0 0 0.0553326 0.0718237 0 0 0.000220844 0 0.131838 0.283092 0 0 0 9.83251e-05 0.023169 0 0.0221978 0 0.0246894 0.200189 0.111516 0 0.238607 0.0365609 0.0488266 0 0.0468809 0 0.0052223 0 0 0 0.00789138 0.014122 0.0155289 0 0.00113643 0.00256106 0.0221045 0.192411 0.144727 0.206105 0.102601 0.144597 0 0.0452549 0 0 0.00967493 0.0415743 0.00969033 0.0214941 0 0 0.0597248 0.00965018 0.0361061 0 0 0 0.000125234 0 0.0593106 0.166754 0.022919 0.0592865 0.0090504 0.0066217 0.00305525 0.0405794 0 0.023963 0.00870565 0 0.0960618 0.0194049 0 0 0.0118849 0 0.0142273 0 0.0163007 0.00427466 0.0998455 0.107984 0 0 0 0 0 0 0.0294858 0.152824 0 0 0 0 0 0 0.0368415 0 0.0319258 0 0.0561329 0.0120545 0.119402 0.0683234 0 0.290132 0 0.00132862 0.00387146 0.00851341 0.0415464 0.00372315 0.0194153 0.00962884 0 0 0 0 0 0 0 0 0 0 0 0 0 0 0.0336841 0.0644043 0.0225808 0.0340469 0.0419476 0.0573235 0 0.00214107 0.087452 0.126804 0.0672383 0 0.0151163 0.0512468 0.0117627 0.0179005 0.0135304 0.0193737 0 0 0.000728006 0 0.0608356 0.0875039
26 8.7283 -0.00855852 -0.0498726 -0.0644163 0.242276 -0.0993231 11.1885 -0.378816 -0.0753634 -0.0743936 0.854266 0.248566 -0.289303 0.0981698 -0.0731143 -0.361076 0.00183068 0.147816 0.0827909 -0.0704772 0.0783916 -0.145714 -0.0214448 -0.424232 -0.491629 -0.0175586 0.0320778 0.0195149 -0.0699871 -0.0312963 0.017675 -0.104136 0.0400769 0.0509751 0.205455 -0.0393628 -0.028776 0.158737 0.036217 0.0531717 0.334803 0.225433 1.33112 0.181892 0.698717 -0.0187694 0.0754932 0.150257 -0.0332095 -0.0525626 0.281988 -0.155218 -1.29149 0.273997 0.697473 -9.70782e-05 -0.0333046 0.370418 0.0753188 0.231487 0.165156 -0.0074535 1.08362 -3.16338 -0.168735 -0.00776363 -1.78951 -0.431286 -0.386965 -0.116851 -1.71517 -0.486137 1.69983 -0.289295 -0.30633 -1.22054 -0.815116 0.231551 0.138621 -1.70873 -1.09039 -0.437445 0.185858 -0.0502545 0.628883 0.21506 -0.361155 -1.74712e-09 0.319379 3.16668e-10 -0.353008 -0.276372 0.22308 3.55841e-09 -0.593516 6.88534e-11 0.165683 -0.445219 0.0556936 0.126252 -0.485554 0.803877 0.540896 2.57728e-09 0.0548423 0.0684687 -0.458625 -1.46021 -0.0520871 0.273628 -0.521272 -1.53013 0.258241 0.240637 0.89908 11.1723 0.0614223 0.0013173 1.23705 0 0.0358172 0 0.026156 0 0.01643 0.00616466 0.059029 0.0104146 0.110418 0 0.0358062 0 0.0308178 0.00598789 0.0315853 0.0145803 0.0237301 0.0426538 0.00949899 0.01779 0 0.0746057 0.0070107 0.0628905 0.00949822 0 0 0 0 0 0 0 0 0 0 0.000274575 0 0 0 0.132511 0.0319818 0 0.00946355 0.0265634 0.0786007 0.00334022 0.0607107 0.016841 0.0168931 0 0 0.00216285 0 0.0311131 0.028442 0 0 0 0 0 0 0.0220089 0.0332011 0.0111292 0.0100271 0.0603764 0.0615443 0.0484228 0.0364851 0.0617288 0.0434578 0.148482 0.0710091 0.0115665 0 0.0592108 0.0859672 0 0 0.0143922 0.00918601 0 0 0.0681094 0.0630559 0.000771338 0 0 0 0 0 0.00137518 0 0.0288462 0 0.00967858 0.00857127 0.00887057 0.00673323 0.00915363 0.00649876 0.014434 0.021708 0.0198235 0.206528 0.0605338 0 0.0542768 0.00998028 0 0 0 0 0 0 0 0 0.30179 0.0946416 0.25975 0.0642417 0.175336 0.0820977 0.0132223 0 0.00679736 0 0.189099 0.094911 0.252698 0.103574 0.0188699 0.0808746 0.00209793 0 0 0 0 0 0.117499 0.147069 0 0 0 0 0 0 0 0.00260202 0 0 0.011481 0 0.0300409 0 0.183851 0.289933 0 0 0 0.00159537 0.0239602 0 0.0211092 0.000849823 0.0168219 0.171639 0.0725956 0 0.176672 0.0373812 0.0473457 0 0.0457475 0 0.0168615 0 0 0 0.00583085 0.0152912 0.0200142 0.0167181 0.000841836 0.0020911 0.150768 0.284255 0.0635411 0.180773 0.0781692 0.0676876 0 0.0977015 0 0 0 0.0546709 0 0.0867461 0.127376 0.088903 0.356025 0 0.307091 0 0 0 0.0185569 0 0.14902 0.150818 0 0.10048 0 0.0404074 0 0.0743382 0 0.0708335 0 0 0.00940601 0.0214371 0 0 0.0305649 0 0 0 0 0.00278818 0.0775675 0.102054 0 0 0 0 0 0 0.0615042 0.138082 0 0 0.0106801 0 0 0 0.027652 0 0.111982 0 0.102011 0.000947702 0.120456 0.0823748 0.143708 0.32237 0 0.00194061 0.00640709 0.0076882 0.0322375 0.0209721 0.0204084 0.00655442 0 0 0 0 0.000566775 0 0 0 0 0 0 0 0 0 0.13991 0.0494044 0.155992 0.00738732 0.203486 0.0134151 0 0 0.140993 0.264876 0.0609564 0.00938651 0 0 0.0108086 0.10595 0.0291771 0.0395348 0 0 0 0 0.0568293 0.10059
27 8.76163 0.00553213 -0.0395447 -0.058263 0.245291 -0.100447 11.2248 -0.458248 -0.0754958 -0.0740324 0.731934 0.209022 -0.31042 0.102777 -0.189895 -0.392407 0.0498766 0.134776 0.0717381 -0.101747 0.0426567 -0.141165 -0.0158026 -0.461915 -0.527039 -0.0282522 0.034874 0.0193171 -0.0551951 -0.027761 0.00571821 -0.103876 0.0300607 0.0514666 0.19341 -0.0342387 -0.0227669 0.15899 0.0265253 0.0523987 0.35197 0.201847 1.33646 0.198498 0.695858 -0.016339 0.0937911 0.155165 -0.0450385 -0.0532051 0.233747 -0.164985 -1.30515 0.310224 0.696308 -0.0211252 -0.0358562 0.246225 0.471807 0.254977 0.127677 -0.0447236 1.07139 -1.89335 0.0291269 -0.016721 -4.22743 0.172441 1.78577 -0.959847 -5.6751 -1.91385 1.09016 -0.315859 -0.268247 -5.96575e-10 -1.32066 -0.167382 0.171143 -0.0315846 -0.063624 0.0268272 0.241425 0.0103399 0.325864 -0.0500649 -0.480971 -1.69073e-09 0.348647 3.83276e-10 -0.320486 -0.478171 0.22417 3.49749e-09 -0.308996 1.17522e-10 0.512387 -0.585966 0.430752 0.0974583 -0.33629 -0.00175293 -0.295751 2.49466e-09 -0.191972 -1.43203e-10 -0.251999 -1.48721 -0.174706 0.101666 -0.536147 -0.648042 0.453615 0.24234 0.897861 11.2136 0.043291 -0.0548348 1.24377 0 0.0365924 0 0.023292 0 0.0130394 0.0010016 0.0482311 0.0299887 0.0470405 0 0.0416083 0 0.0358678 0.0052491 0.0370231 0.00734166 0.0135776 0.00464021 0.0385799 0 0.00385671 0.0160398 0.0578788 0 0.0681302 0 0 0 0 0 0 0 0 0 0 0 0 0 0 0.0547741 0.0495306 0 0 0 0.287746 0 0.198994 0.00892082 0.0220183 0 0 0 0 0.0226014 0.029101 0 0 0 0 0 0 0.011516 0.0276146 0.00381955 0.00132579 0.0399174 0.16195 0.0276324 0.115841 0.0383071 0.129264 0.107176 0.202777 0 0 0.0423992 0.192266 0 0 0.00403246 0 0 0 0.0521601 0.0490557 0.000517732 0 0 0 0 0 0.00206682 0 0.0302625 0 0.014869 0.0316941 0.00796817 0 0.00828033 0 0.0166437 0.0297127 0.00901197 0.449554 0.0572789 0 0.0636354 0 0 0 0 0 0 0 0 0 0.393283 0.0343595 0.337073 0.0512794 0.213438 0.160584 0.0205799 0 0.0123413 0 0.132924 0.253835 0.203343 0.235962 0 0.35091 0 0 0 0 0 0 0.117946 0.124071 0 0 0 0 0 0 0 0 0 0 0 0.0133778 0.00532289 0.0337856 0.225601 0.237066 0 0 0 0 0 0 0.0093447 0.00449357 0.0608587 0.145423 0.0495298 0 0.130797 0.00724456 0.0381416 0.0212689 0.0365513 0.0219645 0.00378248 0 0 0 0 0.067361 0 0.0139536 0 0.00890203 0.114506 0.436462 0.151187 0.235226 0.0583859 0.192126 0 0.0549662 0 0 0.00311268 0.0160756 0.010724 0.0213181 0.0564555 0.0722369 0.28551 0 0.23285 0 0 0 0.0161604 0 0.0680885 0.466584 0 0.104033 0 0.0521756 0 0.142906 0 0.276797 0 0.00529138 0 0.0694654 0 0 0.00501568 0 0.0102551 0 0.00213817 0 0.0835025 0.0981141 0 0 0 0 0 0 0.0970605 0.107648 0 0 0 0 0 0 0.0474593 0 0.0697934 0 0.0820634 0 0.110284 0.0692255 0.0897805 0.574906 0 0.0120444 0.00677058 0 0.00622696 0.0194307 0.0140757 0 0.0335709 0 0.0362355 0 0.109569 0 0.0381481 0 0.0425962 0 0.0609684 0 0.0606687 0 0.0554171 0.191136 0.0593251 0.125615 0.0821192 0.142103 0 0.00424608 0.0834293 0.24458 0.0712918 0 0 0.00100189 0.0185455 0.0570768 0.0177646 0.0347908 0 0 0 0 0.0580752 0.0905867
28 8.79497 0.0204788 -0.013014 -0.0550478 0.246988 -0.102661 11.2615 -0.491254 -0.0693859 -0.0709785 0.551943 0.16745 -0.270444 0.0618753 -0.105365 -0.314033 0.0785569 0.117835 0.067976 -0.101747 -0.00126154 -0.149404 -0.015417 -0.474748 -0.537965 -0.0353502 0.0282621 0.0184176 -0.0445609 -0.0264163 -0.00277522 -0.103628 0.0201138 0.0509854 0.179858 -0.034409 -0.0155812 0.158956 0.0278105 0.0525012 0.394758 0.186886 1.34688 0.215515 0.699594 -0.0125718 0.103552 0.155023 -0.0504829 -0.0536294 0.173506 -0.171121 -1.33343 0.330222 0.69443 -0.0325154 -0.0321278 0.511159 0.924598 0.101161 0.0618393 -0.0647586 1.10838 -0.769157 0.184695 0.0277058 -4.92555 -0.461162 0.78279 -0.18146 0.436444 1.45289 0.748716 -0.491159 -0.0309381 -3.95274e-10 -1.30515 -0.415913 0.0768302 -0.20711 -0.306041 -0.26749 -0.239287 -0.123751 0.276323 0.0873994 -0.187658 -1.40254e-09 -0.145363 4.70902e-11 -0.387436 -0.157297 0.190672 2.62203e-09 0.0213828 1.25562e-10 0.962134 -0.823439 0.673261 0.132559 -0.16626 0.190802 0.0308846 3.05539e-09 0.0596036 -1.10168e-10 -0.349316 -1.53474 -0.600074 0.0169665 -0.66815 -0.465184 0.384881 0.243625 0.895404 11.2545 0.037946 -0.0887334 1.21082 0 0.00791951 0 0 0 0 0.0357453 0.0305523 0.0385875 0.0853622 0.0369195 0 0.0554858 0 0.0765774 0 0.0265577 0.0383105 0.0719522 0.0164627 0.0544184 0.0335391 0.115079 0.0253054 0.116474 0.0517565 0 0.0371873 0.00818667 0.0519941 0 0.0173 0 0 0 0.00110672 0 0 0.00993798 0 0 0.0695114 0 0.0784391 0.0059525 0.00523992 0 0.00487684 0.0121997 0.0403855 0.00398921 0 0 0.0075388 0.0222509 0.0241475 0 0 0 0 0 0 0.0141674 0.0289174 0.00774643 0.0076639 0.0395613 0.0032373 0.0291671 0 0.0376442 0 0.101048 0.00823399 0.00436609 0 0.0425464 0.022398 0 0 0.0117255 0.0107319 0 0 0.0639827 0.0681185 0.00049429 0 0.00164498 0.00479508 0 0.00174513 0.00283891 0.00301121 0.0352968 0.00885841 0.0389347 0.0400701 0.00832449 0.0172249 0.00900308 0.0161124 0.0289211 0.0393262 0 0.0284177 0.061459 0 0.0101294 0 0 0.0184236 0 0.0290416 0 0.0352535 0 0.0274421 0.222016 0 0.0822894 0 0.0295928 0 0 0 0 0.00135857 0.144236 0 0.190273 0 0.031279 0.0370109 0.00647902 0.00967631 0 0 0 0 0.189161 0.0884353 0 0 0 0.0118697 0 0 0 0 0 0 0.0192334 0.0114689 0.0372326 0.0107804 0.332568 0.11052 0 0 0.0186078 0 0 0.0103159 0 0.0203764 0.158031 0.0745284 0.0265421 0 0.0886844 0.0389462 0.0384623 0 0.0373739 0 0.0252785 0 0.00742187 0.00355944 0.00176505 0 0 0.0141685 0.000334626 0.000174795 0.190505 0.161583 0 0.16174 0.00850187 0.0156249 0.0250911 0.0323372 0 0.0159967 0 0.0535939 0 0.122633 0.158491 0.115858 0.459641 0.0156507 0.42045 0 0 0 0 0 0.140306 0.0154307 0 0.0968206 0 0.066534 0 0.0595217 0 0.0579383 0.00180556 0.0130943 0 0.00773978 0 0 0.0180534 0 0 0 0 0.0145981 0.0641432 0.138645 0 0.000425359 0 0.0170163 0 0 0.173071 0.0444641 0 0 0.0163321 0.00592267 0 0 0.016404 0 0.134889 0 0.0960112 0.00186402 0.0601743 0.0324645 0.162346 0.130212 0 0 0.0135809 0 0 0.0269268 0.00632383 0 0.0381515 0 0.0425586 0 0.119134 0.00198385 0.0395989 0 0.045629 0 0.063237 0.000636076 0.0647456 0 0.153994 0 0.183186 0.0173307 0.238986 0.0175363 0 0 0.154099 0.175073 0.0402407 0.0431896 0 0 0.00870559 0.111384 0.0380742 0.0369432 0 0 0 0 0.0992676 0.0741581
29 8.8283 0.0453184 0.00219543 -0.0558801 0.246988 -0.106412 11.2998 -0.479127 -0.0424512 -0.0574142 0.277476 0.160088 -0.33733 0.103703 -0.128908 -0.329287 0.100197 0.100737 0.0708291 -0.101747 -0.0475538 -0.146469 -0.0204635 0.013242 -0.112817 -0.0520091 0.0273931 0.0175893 -0.0387462 -0.0280255 -0.00858827 -0.103205 0.00157543 0.0476202 0.164238 -0.0176507 -0.00461066 0.158518 0.0445549 0.053836 0.445052 0.183042 1.36745 0.206651 0.689437 -0.0143757 0.091592 0.155172 -0.0447633 -0.0531836 0.182318 -0.16927 -1.35326 0.432712 0.691623 -0.0523445 -0.0187804 0.722793 -0.00797376 0.202255 -0.00218273 -0.107636 1.15497 0.0961138 0.37687 0.479507 -7.69827 0.401028 0.762629 -0.493525 -3.65545 -1.83624 0.749186 -0.543804 -0.122863 -8.43343e-10 -1.45328 0.56045 0.144904 22.5778 20.5389 -0.301388 0.230784 -0.146654 -0.0163242 -0.101831 -0.288162 -1.8187e-09 -1.09646 -0.10979 -0.437894 1.08657 0.0699069 1.66937e-09 0.82235 2.30557e-10 0.443937 -0.716542 1.02588 -0.172843 0.224437 -0.43365 0.092329 3.13737e-09 0.718966 -1.77856e-10 0.0660449 -0.775143 -0.652085 0.666174 -1.3006 -2.88821 1.53152 0.244694 0.891254 11.2952 0.0286234 -0.150405 1.22736 0 0.0481849 0 0.0273486 0 0.00911702 0 0.0866212 0.0760834 0.134207 0 0.142492 0 0.17179 0 0.184154 0.000725768 0.063946 0.0108594 0.142033 0 0.138917 0.0259706 0.237044 0.012721 0.284338 0 0.0621249 0.00105319 0.0649928 0 0 0 0 0 0 0.0053855 0 0.0057829 0.0226475 0 0.0051525 0 0 0 0.295202 0 0.146767 0 0.0407273 0.0279767 0.000100508 0 0.00123422 0.0104893 0.00992089 0 0.00806262 0 0.00111514 0.00885688 0 0.0267517 0.00422666 0.0211006 0 0 0.123233 0.00334699 0.0807957 0.00409162 0.0917698 0.00721604 0.157556 0.0389417 0 0 0.148021 0 0.00541988 0.0351624 0.01938 0 0 0.134462 0.0437042 0.000281997 0 0.0364395 0 0.0346614 0 0.0335331 0 0.0287353 0 0 0.028449 0.0377885 0 0.0380362 0 0 0.0406144 0.0561946 0.335588 0.257664 0 0.0202067 0 0 0 0 0 0.00275141 0 0 0 0.172737 0 0.129588 0 0.0148459 0 0.019144 0 0.0118499 0 0.0488838 0.147314 0.0816692 0.119506 0 0.446398 0.000314957 0.0285463 0 0.025739 0 0 0.0957129 0.0778821 0 0 0 0.000240708 0 0 0 0.00405184 0 0 0.00146242 0.0784516 0.0028637 0.10882 0.22516 0.0912556 0 0 0 0 0 0.00829831 0 0.0158687 0.129108 0.00935551 0.0134715 0 0.031827 0.0171442 0.0179785 0 0.0167639 0 0.00406787 0.0419432 0.00194179 0.0490157 0.00377639 0.0511322 0 0.079743 0 0.0119792 0.0976476 0.501484 0.0899166 0.121352 0.0118521 0.125349 0.00218966 0.153034 0 0.0120254 0.0181389 0 0.108447 0 0.209588 0.216729 0.174357 0 0.140384 0 0 0.00439828 0.0173562 0.000748656 0.0133381 0.444336 0 0.0790722 0 0.0400491 0 0.0743624 0 0.429499 0.00679793 0 0 0.200129 0.0895645 0.00321873 0.026408 0.020803 0.159103 0 0.0564227 0 0 0.144516 0 0 0 0.00832331 0 0.010826 0.123485 0 0.00134253 0.0304623 0.00300003 0.0188319 0.0781779 0 0.0217466 0 0.0394792 0 0.0431364 0 0.00347499 0 0.0631552 0.457697 0 0 0.0878066 0 0 0 0.0723613 0 0.0561055 0 0.0564547 0 0.150374 0 0.0369638 0 0.060907 0 0.083015 0 0.0892544 0 0.0206955 0.284111 0.0343374 0.279133 0.0471945 0.261609 0 0.0381291 0.11992 0.248525 0.0388107 0.125552 0 0 0.100995 0.0592981 0.0346077 0.0485961 0 0 0 0.0225891 0.0606912 0.0533727
30 8.86163 0.0506177 0.0263241 -0.0536741 0.246187 -0.112518 11.3406 -0.441088 -0.0520961 -0.0463473 0.0821751 0.253047 -0.242129 0.0505353 -0.433107 -0.481128 0.144588 0.095985 0.0750878 -0.101747 -0.0980464 -0.164062 -0.0251014 0.060918 0.11147 -0.0480612 0.018214 0.0169215 -0.0372437 -0.031235 -0.0178168 -0.103487 0.0140641 0.0399019 0.149656 -0.0283432 0.0081023 0.154507 0.0517897 0.054512 0.440663 0.149223 1.40519 0.183811 0.700325 -0.00110637 0.0805166 0.155006 -0.0511347 -0.0536802 0.101902 -0.126939 -1.40717 0.443774 0.654921 -0.0644236 -0.00431134 0.361353 1.17999 -0.237422 -0.0643343 -0.125362 1.24891 0.82497 -0.733233 0.24315 -1.72601 6.45964 8.20536 -0.482914 -34.5355 -9.42152 0.997405 -0.0391142 0.583483 -1.3611e-09 -1.48479 -1.05068 -0.191817 -0.0160272 -0.0168131 -0.245433 -0.365279 0.224031 0.0590685 -0.163904 -0.278343 -1.25956e-09 0.237655 -0.184567 -0.402058 -0.0732305 0.430835 1.12538e-09 2.62787e-10 4.82051e-10 0.0320766 -0.686989 1.10451 0.18275 1.44433e-10 0.321794 -0.475263 3.53526e-09 -2.54525e-10 -3.5358e-10 -0.704738 -1.11085 -1.17843 -0.768363 -1.85728 1.08189 0.605722 0.245232 0.885342 11.3351 0.00945622 -0.189312 1.13304 0.0649373 0 0.0471748 0 0.0288575 0 0.0623202 0.00246161 0.0599549 0.0155443 0.194504 0 0.208265 0 0.207032 0 0.0174544 0.0646328 0.0506201 0 0.0468547 0.0205479 0.0792739 0 0.0905344 0.00628019 0.0256776 0.00203087 0.0357888 0.0122556 0.00308944 0.0646888 0 0.0684343 0 0.0874125 0 0 0.0530094 0.0482542 0 0.0118155 0 0.0781346 0.0338845 0.0336042 0.0109293 0 0.0205905 0.0386037 0.0346435 0 0 0.00906661 0.0260723 0.0108027 0 0.000223679 0 0.00278099 0 0 0.0325108 0 0.01057 0 0 0.567643 0 0.567126 0 0.539096 0.0270121 0.722461 0 0.00850929 0 0.608569 0 0.00775552 0.0107385 0.0191237 0 0.0159536 0.0893018 0.0190203 0.00101186 0.000214661 0.102006 0 0.126195 0 0.105286 0 0.169271 0 0.0382485 0.0458432 0.111766 0 0.132729 0 0.0230522 0.0406066 0.246923 0 0.240525 0 0.00380734 0.0135511 0 0.044252 0 0.0953671 0 0.105221 0 0.147949 0.197421 0.0143804 0.0703893 0.0147849 0 0.0203624 0.00575077 0.0550813 0 0 0.114678 0 0.153206 0 0.0227872 0 0.00972231 0.00418136 0 0.048947 0 0.00776717 0.194706 0.0192324 0.0935788 0 0 0.0389084 0 0.00844252 0 0 0.0183624 0.0188217 0.0231913 0 0.043942 0 0.375033 0 0 0.000475012 0 0.020733 0 0.0377931 0 0.0356235 0.220485 0.119899 0 0 0 0 0.0241268 0.147423 0.02681 0.150975 0.0235157 0 0.0192294 0.0242462 0.0410047 0 0 0.0751118 0.00269855 0 0.18819 0.00402106 0 0.140462 0 0.0620797 0.0826072 0 0.00367651 0.00487697 0.0120257 0.046847 0 0.14091 0.107443 0.0619815 0.444106 0 0.389554 0 0 0 0 0.0118353 0.0993735 0 0 0.10187 0 0.110095 0 0.0840412 0 0.0204014 0.0337361 0.0408771 0 0.0235658 0.0411045 0.0934091 0.0333196 0.0663536 0.508416 0 0.0634143 0 0.129228 0.176434 0 0 0 0.0398451 0 0.0156715 0.225907 0.0826589 0 0.0615713 0.0204922 0.000805629 0 0.0265599 0.0170162 0.0208084 0.129545 0.0133526 0.0991934 0.00722524 0.0690939 0.00933396 0.0611313 0.904615 0.0237625 0 0.0365411 0 0 0.00478915 0.00456059 0 0.0822672 0.0316657 0.0185603 0.0380054 0.279534 0.332249 0.0712739 0.063837 0.080051 0.0524526 0.11414 0.0863552 0.118427 0.129875 0.120347 0 0.142011 0.00301939 0.188186 0.0130822 0.0198509 0 0.0801103 0.0463556 0.0290281 0.0393669 0.0406689 0 0.0170635 0.0773941 0.0194518 0.0120485 0 0.0136918 0 0.0317844 0.12017 0.0645602
31 8.89497 0.0648468 0.0201862 -0.0789268 0.2444 -0.1128 11.3779 -0.45898 -0.0495836 -0.0132575 0.156892 0.249205 -0.177543 0.0478172 -0.656767 -0.591619 0.174882 0.0750358 0.103385 -0.101747 -0.0924546 -0.132877 -0.0222886 0.0141545 0.0479646 -0.0426407 0.0189831 0.0390852 -0.0430612 -0.0304682 -0.0177041 -0.101898 -0.0607458 0.0349521 0.133893 0.0574436 0.0219129 0.154535 0.0507506 0.0544313 0.419089 0.142109 1.42211 0.162345 0.691343 -0.0347623 0.0752674 0.155006 -0.0511347 -0.0536802 0.181275 -0.17064 -1.40019 0.521476 0.68239 -0.066729 -0.0169114 0.21136 -0.453545 -0.587127 -0.0762056 0.227181 1.06173 0.183946 -0.13544 0.766392 1.73307 -2.07574 0.387535 0.231429 -4.72721e-09 -2.55898 0.942062 -0.943552 0.691737 -7.22553e-10 2.32627 1.48817 0.247196 -3.21362 -4.37122 0.274333 -0.149992 0.337421 0.180344 -0.0162038 0.21349 -1.03677e-09 -1.73155 -0.327854 -0.460376 1.98138 0.355247 8.04785e-09 8.64698e-12 8.37241e-10 -0.202936 0.549134 -0.129089 0.0552506 0.573694 -1.63699 0.303068 9.32871e-09 -6.24622e-10 -9.31463e-10 2.14629 0.191163 0.346169 1.24713 0.43505 -2.46337 0.318599 0.245176 0.885505 11.3708 0.0057607 0.168707 1.02931 0.0382173 0.0131988 0.0256696 0 0.0272041 0.00689351 0.0218487 0 0.0031257 0.0219727 0.142741 0.000525324 0.130228 0 0.121399 0.010635 0.0953546 0.0907434 0 0.00277786 0 0 0.00809566 0 0 0 0 0 0.000831119 0 0.00018064 0.00900728 0 0.0242007 0 0.0673962 0.00583556 0 0.239443 0.0935524 0 0 0.00658722 0.0168376 0 0 0 0 0 0.0340449 0.0334835 0.0019432 0 0 0 0 0 0 0 0.000649966 0.0398195 0.000184432 0 0 0.00225697 0 0.00537457 0.223926 0.00297074 0.174267 0.00436743 0.18509 0.000177257 0.254464 0.0595653 0.0290472 0 0.251212 0.0213134 0.0150845 0.0585038 0.036311 0 0.0217574 0.0536851 0.00165018 0.00104516 2.65294e-05 0.101731 0.00868747 0.0769908 0 0.0966175 0.00277826 0.17476 0.0188493 0 0.0225931 0.128511 0 0.124501 0 0.00979616 0.0361703 0.0656827 0 0.398542 0 0.00678498 0.0991049 0.00222637 0.0741937 0.00286605 0.0831611 0.0137652 0.0360158 0.0060387 0.0576241 0.117786 0.048381 0.0510921 0.113612 0 0.130727 0.0112642 0.0922357 0.00178205 0.0322612 0.00283437 0.0276798 0.0220009 0.0210048 0 0 0 0 0.0644187 0.075237 0 0 0.0654562 0 0.0155662 0 0.00618705 0 0 0.00278785 0.00403617 0 0.0676857 0.0718734 0 0 0 0 0.195292 0.0383283 0 0 0.0136065 0.00568842 0 0 0 0 0.0236666 0.0495848 0 0 0.00855919 0 0 0 0 0 0 0 0 0 0.0171369 0 0 0.0403702 0 0 0.00621912 0.0793123 0.023725 0.16431 0.0142046 0.056978 0.0188653 0.0100383 0 0.00263732 0.00572116 0.0569901 0.000424713 0.0677789 0.0251596 0.00192605 0.0157984 0.0671884 0.00721527 0.0488797 0.00288542 0.0139771 0 0.0119139 0 0 0.00992991 0.0452017 0.00282487 0.0266126 0.0165141 0.0254941 0.0028155 0 0.031245 0.0114978 0 0.0103227 0.375077 0.217909 0 0.0336472 0.428229 0 0.258407 0 0.0562141 0.0468237 0 0.00405164 0 0.0149701 0.0101475 0 0.015564 0.0167988 0.00460584 0.11243 0.0010291 0 0.510514 0.178747 0.0100482 0.0225399 0.00184194 0 0.0131102 0.0131107 0 0 0.134862 0.772545 0.0241623 0.0119572 0.102879 0 0 0 0.085849 0 0 0.0691224 0 0.0756993 0.0421429 0.258884 0.00917492 0.106679 0.0127267 0.0784771 0.0245443 0.127534 0.0203238 0.11392 0.000948654 0 0.0121922 0 0.0093631 0 0.000258034 0 0.0285739 0.00335545 0.0528245 0 0.0513076 0.0037178 0.0134902 0.0336082 0 0 0 0.0038691 0 0.000173184 0.11308 0.0669175
32 8.9283 0.0753132 -0.00864402 -0.0938286 0.244174 -0.108425 11.4136 -0.476538 -0.046263 0.00804276 0.247233 0.139098 -0.148905 0.0774416 -0.561156 -0.582798 0.201527 0.0328073 0.110858 -0.0932016 -0.00800426 -0.0541438 -0.0256686 -0.127184 -0.124985 -0.0269071 0.0144369 0.0504667 -0.055856 -0.00544117 -0.0119275 -0.102529 -0.0256674 0.0331209 0.129508 0.0477764 0.0243693 0.151043 0.0372269 0.0535092 0.399879 0.115252 1.41669 0.210348 0.697422 -0.0356814 0.106415 0.155021 -0.0505367 -0.0536336 0.190362 -0.228385 -1.39409 0.465518 0.658557 -0.137236 -0.0840185 0.376993 -0.894743 -0.354093 0.00108792 0.174907 1.09404 -0.28637 -0.0391305 0.535718 2.23644 -2.32516 0.804374 0.824332 3.8918 1.35603 0.669302 -1.27658 0.217557 0.410286 2.24226 2.21726 0.266724 -3.3213 -4.52446 0.27685 -0.153758 0.357648 -0.333342 0.605885 0.181283 -1.22491e-09 0.27993 -0.0726875 -0.107421 0.54689 0.119825 7.2192e-11 -0.774744 2.04981e-10 -0.348527 0.470656 -0.44526 0.212946 -0.55515 1.56138 -0.258307 7.50362e-09 -7.1735e-10 -6.80414e-10 0.812027 -0.654716 0.0625872 -0.867321 0.215537 0.948382 -1.21964 0.2454 0.890288 11.4057 0.00134239 0.102048 1.05919 0 0.0874023 0 0.0837584 0 0.0888757 0 0.0528896 0 0.0155548 0.0930671 0.0133844 0.117089 0 0.141756 0 0.12632 0.0510862 0 0 0 0.00377734 0.00243208 0 0.0128665 0 0.00736761 0.00649257 0.00564861 0.019259 0.00847694 0.0253028 0 0.0128111 0 0.0288075 0.000219604 0.00420009 0.250553 0.0392988 0 0.00792513 0 0.0325501 0.080065 0.034266 0.044787 0.00670653 0.0140912 0.01385 0.0408813 0 0 0.0070531 0 0.00273986 0 0.00570715 0 0.00219707 0.0232924 0.0127002 0 0.00881274 0 0.0110001 0 0 0 0 0 0 0 0 0.0408072 0.038806 0 0 0.027701 0.00761099 0.0535397 0.0345291 0.0382801 0 0.0416315 0.0504323 0.00147548 0.000429845 0.189027 0.0892919 0.183143 0.0654696 0.177604 0.0772074 0.226862 0.0974383 0 0 0.231728 0.0728867 0.210611 0.0706612 0.0268667 0.0122185 0.0032678 0 0.237761 0 0 0.0487154 0 0.0267121 0 0.0477927 0 0.00626677 0 0.0187121 0.319475 0.00772708 0.154765 0.0396804 0.00627957 0.0741588 0 0.0488477 0 0.00991797 0.067788 0.0059252 0.12545 0 0.0363328 0 0 0.00773636 0.0403111 0.0404949 0 0.00206086 0.158631 0.0152394 0.0622489 0.0354497 0 0.0389659 0 0.0258087 0 0 0.123982 0.1719 0 0.00048127 0 0.00821532 0.294945 0.0287108 0 0 0.0748783 0.00546416 0 0.0223277 0 0.0235876 0.119901 0.0766679 0 0 0 0 0 0 0 0 0.00143039 0 0 0.00886684 0.0652818 0.0082868 0 0.0872163 0.00307795 0 0.0117528 0.138507 0.017937 0.203651 0.0782378 0.0812312 0 0.0594505 0 0 0 0.151846 0 0.178318 0.0330308 0.0500654 0.00520959 0 0 0.0134962 0 0 0.0020761 0.0126298 0.00840204 0 0 0.0886429 0 0.0843886 0.312835 0.0599323 0.169288 0.0270539 0.0175309 0.0286831 0.366426 0.00238979 0.262132 0.0985528 0 0.0494582 0.545623 0.0211734 0.043474 0 0.04097 0.201066 0 0.000734532 0 0.0167869 0 0.0725862 0.126165 0.0496072 0 0.0546627 0 0.000613931 0.379874 0.0333893 0 0.0120026 0.00693323 0.00726349 0.0229411 0.00834793 0.0811069 0 0.140848 0.33816 0.112118 0.0601732 0.0829176 0.0157787 0 0 0.0547106 0.0182253 0 0.00424039 0 0 0 0.06936 0 0.0113849 0 0.0105218 0 0.00301692 0 0.00388716 0.0557868 0 0.0451446 0.00954072 0.0650289 0.0019827 0 0.0400081 0 0.165793 0 0.0798852 0.00511592 0.104747 0 0.115676 0 0.00980671 0 0.00825448 0 0.0328468 0.149496 0.108622
33 8.96163 0.0760808 -0.0259635 -0.101684 0.244344 -0.105373 11.4517 -0.455407 -0.0492856 0.0173364 0.292579 0.103942 -0.104256 0.0789386 -0.286286 -0.372698 0.195184 -0.00144624 0.110902 -0.00549163 0.0485331 -0.00956012 -0.0200215 -0.246518 -0.286443 -0.00894458 0.0110717 0.0593061 -0.0689806 0.00794929 -0.00838714 -0.102633 -0.0187594 0.0337223 0.124148 0.0668277 0.0217079 0.14673 0.0067259 0.0512751 0.391604 0.145846 1.40789 0.196753 0.666505 -0.0463425 0.108943 0.155021 -0.0505367 -0.0536336 0.142543 -0.248045 -1.40725 0.379365 0.670299 -0.103427 -0.0877494 0.119676 -1.00202 -0.172943 0.0102951 0.181331 1.17297 0.637104 -0.160167 0.339631 1.22775 -1.92503 1.1699 0.0551483 15.5647 13.8561 -0.383127 -0.717537 -0.00367426 2.90327 1.81361 1.40524 -1.02513 -3.90322 -4.37137 0.282396 0.00582542 0.20985 -0.348354 0.405818 0.163794 -1.70315e-09 -0.335766 0.0570364 -0.102304 1.08162 -0.187892 -0.157345 0.0472219 2.51019e-10 -0.0110016 0.262339 -0.297764 0.0393758 -0.112987 -0.919626 0.350574 7.52129e-09 -8.94906e-10 -7.8293e-10 -0.683605 -0.0563345 -0.0857226 -0.342425 1.69646 2.35291 -0.394105 0.245263 0.892976 11.4421 -0.00853682 0.0839703 1.1121 0 0.0716957 0 0.0761916 0 0.0780184 0 0.0470813 0 0 0.100547 0.0333098 0.102707 0 0.126579 0 0.13096 0.0389425 0 0 0 0 0 0 0 0 0.0019654 0.00180865 0 0.0157947 0.0124284 0.0291815 0 0.0182683 0.0108276 0.0462364 0.00230399 0.00193441 0.303341 0.0366966 0 0.0280957 0 0.121352 0.069999 0.10914 0.0256444 0.010403 0.0222235 0.0364411 0.0338529 0 0 0.0122533 0 0.00956153 0 0.0120794 0 0.00150823 0 0 0 0.00429237 0 0.00236496 0 0 0.000837526 0 0 0 0.0145766 0 0 0.0042624 0.0151133 0 0.021897 0.0028415 0.0119371 0.0117938 0.0979317 0 0 0.0168395 0.00220188 0.00024824 0.139922 0.0847696 0.1294 0.0603001 0.140124 0.0632796 0.204803 0.0758019 0.0857832 0.00984325 0.175139 0.0636759 0.218921 0.0597152 0.0706823 0.0258318 0.117628 0.114873 0.31558 0 0 0.0463185 0 0.0318783 0 0.0544869 0 0.0132906 0 0.0253638 0.391692 0.0408451 0.179031 0.0505729 0.00621099 0.0728199 0 0.0339044 0 0.0187985 0.0579021 0.00699425 0.126878 0.00547819 0.0131327 0.0164614 0 0.00564051 0.0139006 0.0343437 0 0.00993698 0.152442 0 0.216925 0.0467325 0 0.0482077 0 0.0237979 0 0 0.152456 0.192658 0 0 0 0.00687906 0.423063 0 0.00540142 0 0.127547 0.0146536 0 0.0285749 0 0.0276317 0.177441 0.0785035 0.0100233 0 0 0 0 0 0 0 0 0 0 0.00609413 0.0545592 0.00748084 0 0.0698331 0.00468725 0.0014176 0.00932446 0.0814012 0.07497 0.213533 0.163672 0.111182 0 0.0381442 0 0 0 0.115018 0 0.116763 0.00394149 0.0169846 0.0312752 0 0 0 0 0 0 0.0200665 0.00991487 0.00644276 0 0.078968 0 0.0844629 0.18689 0.10866 0.0924127 0.109398 0.033164 0.0533609 0.270399 0.0489927 0.276455 0.0773517 0 0.0479597 0.569268 0.148384 0.165401 0.0955192 0.0650292 0.218258 0 0 0 0.0165842 0 0.0634626 0.188813 0.0390446 0 0.046012 0 0.00156819 0.392052 0.0117784 0 0.00407679 0.00206417 0 0.0144742 0.00587729 0.0914704 0.0113317 0.146531 0.161316 0.0605683 0.0531097 0.0835509 0 0 0.0106203 0.0625105 0 0 0 0 0 0 0.00830189 0 0 0 0 0 0 0 0 0.0710538 0 0.0267868 0.00761634 0.0357597 0.00508789 0 0.049487 0 0.163416 0 0.0820381 0.0235349 0.105972 0 0.064759 0 0.0042575 0 0.0139652 0 0.0371953 0.198746 0.129573
34 8.99497 0.0885193 -0.0539659 -0.102126 0.243616 -0.0989315 11.4927 -0.42493 -0.0500179 0.0239563 0.300725 0.0603203 -0.077514 0.0633703 -0.010065 -0.0274328 0.144442 -0.0109374 0.102092 0.11999 0.232722 0.0175763 -0.0262755 -0.498477 -0.615737 -0.0175503 0.00803954 0.0593056 -0.0788783 0.0174318 -0.00247134 -0.102617 -0.0145215 0.0228482 0.119155 0.0820558 0.035108 0.132972 0.0154088 0.0519343 0.396286 0.151321 1.40415 0.194741 0.697127 -0.0615136 0.112966 0.155018 -0.050662 -0.0536433 0.130892 -0.267932 -1.3982 0.283668 0.640784 -0.0636467 -0.0792539 0.229133 -1.15198 -0.193897 -0.0211871 0.35456 1.2879 1.48608 0.0872125 0.567593 -0.290603 -0.508972 -0.256058 -0.013836 2.57801 2.90294 -0.948113 0.0245771 0.0178541 1.31206 27.6897 -0.0332308 0.432735 -45.6218 -56.6475 -0.286542 0.011203 0.394713 -0.187685 0.176638 -0.0099027 -1.87619e-09 0.386877 -0.239872 -0.293934 0.195743 0.263845 -0.443401 0.463744 1.30488e-10 -0.234387 0.0407441 0.00430382 0.120498 1.46809 -0.422667 0.771749 8.24793e-09 -9.4045e-10 -6.20371e-10 -0.417849 0.637055 0.407027 -0.68362 1.4728 2.12361 -1.14741 0.244522 0.898541 11.4806 -0.0364059 0.208381 1.19583 0 0.0659533 0 0.068325 0 0.0643929 0 0.0581073 0.0292343 0.0204192 0.102958 0 0.13502 0 0.155768 0 0.113718 0.0548196 0 0.0405178 0 0.0489097 0 0.0606782 0 0.0965591 0 0.0113139 0 0.0247061 0 0.0144985 0 0 0.00528105 0 0.0036584 0 0.308826 0.0415653 0 0.0575242 0 0.00305985 0.0362673 0.192092 0.00441284 0.0337508 0 0.0804333 0.0278896 0.00357617 0 0.0301525 0.0040194 0.0234297 0 0.0361104 0 0.00480924 0 0 0 0 0 0 0 0 0.00297431 0 0 0 0.0310373 0 0 0 0.0393397 0 0.0205913 0.00236066 0.0173213 0.000970632 0.0733231 0.00933725 0 0 0.001397 0.000203432 0.112344 0.0336643 0.0893784 0.0222256 0.109121 0.0278442 0.152779 0.0305793 0.0436366 0.0362619 0.161368 0.03466 0.214255 0.0306347 0.0466041 0.0423856 0.198583 0.0270515 0.314985 0 0 0 0 0 0 0 0 0.0107509 0 0.00143839 0.609309 0 0.306388 0 0.00705176 0.00936302 0 0 0 0 0.0200044 0.0653071 0.198735 0.0114321 0 0.150383 0 0.0015497 0.0185779 0.0485343 0 0.00656535 0.196675 0.0674768 0.129532 0.0272568 0 0.0301764 0 0.0263096 0 0 0.0489364 0.0695716 0 0.00922228 0 0.0186296 0.458684 0.00781026 0.00276972 0 0.239145 0 0 0.057626 0 0.0440991 0.207885 0.0516446 0.0562119 0.00141312 0.0246867 0.0108552 0 0.00611963 0 0.00412863 0 0 0 0 0.037145 0.0124063 0 0.117989 0.0024324 0.00276298 0.0251776 0.246048 0.0490339 0.186122 0.107636 0.133502 0 0.0457538 0 0 0 0.13142 0 0.183133 0.0405505 0.0790664 0.105845 0 0.0312256 0 0 0 0 0.0212768 0.0500777 0.137677 0 0.114783 0 0.115312 0 0.100284 0 0.283331 0.019129 0.00979431 0.0379347 0.0736944 0.292767 0.0131163 0 0.0553849 0.550683 0 0.277217 0 0.0799891 0.178708 0 0 0 0.0286143 0 0.11415 0.230539 0.0370543 0 0.031896 0 0 0.406067 0 0.0236102 0 0 0 0.0149755 0.00253254 0.0751836 0 0.0935583 0.0411714 0.0468908 0.042356 0.0851996 0 0 0.0171341 0.0709852 0 0 0 0 0 0 0 0 0 0 0 0.00281707 0 0 0 0.122171 0.0562765 0.0365101 0.0524471 0.0134681 0.0656859 0 0.0260146 0 0.201647 0.0155183 0.052065 0 0.0549583 0 0.128765 0 0.00286237 0 0.0118722 0 0.0578814 0.207714 0.133763
35 9.0283 0.0871032 -0.0871308 -0.0891563 0.243231 -0.0893881 11.5353 -0.341886 -0.0654628 0.0132399 0.242076 0.0399572 -0.0337456 0.0751369 0.0475721 0.05475 0.0341086 0.000816712 0.0788072 0.362241 0.432431 0.0248371 -0.0138061 -0.416961 -0.615737 -0.0201981 0.0137423 0.0499033 -0.0860544 0.02122 -0.00133563 -0.102733 -0.0024816 0.00170183 0.131425 0.0858968 0.0579058 0.104844 0.0469783 0.0530885 0.410075 0.175275 1.41157 0.128325 0.684944 -0.0292957 0.115534 0.154989 -0.0517813 -0.0537305 0.104379 -0.313446 -1.38242 0.0888551 0.589157 -0.0454544 -0.0673141 -0.0492047 -2.4066 0.506067 0.0749913 0.468387 1.2511 2.35679 -0.592036 -0.417047 -1.80991 1.13216 3.16903 -0.116242 -1.26408 -1.72664 -3.11708 0.836299 -1.07623 6.3753 9.81438 1.33097 -0.819686 1.78951 -4.80627e-07 -0.146087 0.441436 -0.246588 0.0232163 0.178204 0.088789 -2.02984e-09 0.0241984 -0.716326 0.336622 0.641657 0.780369 -0.392483 2.56925 2.94365e-10 0.146729 0.0292537 -0.0206268 -0.449468 1.06399 -0.853827 1.10157 5.37981e-09 -1.11418e-09 -6.25595e-10 -0.396654 1.0138 0.378762 -0.92967 2.17537 3.50139 -0.950578 0.24345 0.906965 11.5211 -0.0381857 0.335438 1.24001 0.0156187 0.0343438 0.00387075 0.0274219 0.0151003 0.0270898 0 0.00881601 0.00161505 0 0.0811441 0.17182 0.061396 0.120598 0.0640182 0.116027 0.125294 0.0436901 0 0.0177415 0 0.0262889 0 0.0381601 0 0.0475768 0 0.02368 0 0.0361019 0 0.039361 0.0179896 0.0109997 0.169655 0.0285654 0.00233444 0 0.263671 0.0468966 0 0.0203551 0.396638 0 0.0055448 0.0375567 0.03398 0 0 0.072296 0.0114996 0.00614024 0 0.0176592 0 0.0148087 0 0.0279331 0 0.00175226 0 0 0 0 0 0 0 0 0 0 0 0 0 0 0 0 0.0372251 0 0.0181167 0.00285324 0 0 0.120063 0.0138404 0 0 0.00209285 0.00106461 0.136324 0.0401498 0.090273 0.0256413 0.100662 0.027732 0.081472 0.0308925 0.100811 0.0333735 0.242057 0.0327961 0.121907 0.0315464 0.0778597 0.0408135 0.32798 0.383669 0.165344 0.00108844 0 0 0 0.0124635 0 0 0 0.0121772 0.00251983 0.0097069 0.571355 0.0552719 0.0632583 0.0137177 0 0 0 0 0 0 0 0.0187917 0 0.0220194 0.00306271 0.032859 0 0.00113226 0 0.0359941 0 0.0084079 0.117622 0.0264681 0.326401 0.0514774 0 0.0251997 0 0.019438 0 0 0.131407 0.0986085 0 0 0 0 0.491324 0 0.00824061 0.000583133 0.408584 0.0164761 0 0.046699 0 0.0188386 0.28514 0.0120313 0.048694 0 0.0772421 0.266245 0 0.00662649 0 0.015673 0 0 0 0 0.0561327 0 0 0.121112 0.00386857 0 0 0 0.175063 0.104871 0.25669 0.140973 0.00201645 0 0 0 0.0575918 0 0.0374798 0 0 0.00550374 0.00383906 0.00921814 0 0.0302291 0 0 0 0.0118878 0 0 0 0.140612 0 0.113377 0.0437282 0.0154009 0.328782 0.0286812 0.0238509 0.00867227 0.0247 0.00305617 0.196269 0 0 0.0389977 0.587786 0.0208117 0.42864 0.387341 0.0869275 0.262735 0 0 0 0.0317233 0 0.0444191 0.29104 0.00671734 0 0.0236957 0 0 0.237161 0 0.00737165 0.0110663 0 0.0211932 0 0.0105438 0.153733 0.00208546 0.103765 0 0 0 0.0544051 0 0 0.0123461 0.0406791 0 0.0363421 0.00853467 0 0.00385221 0.202149 0.113327 0.015867 0.0117504 0.0481011 0.0167944 0.0840554 0.00261992 0.0559774 0 0.000791842 0.0052712 0 0.0235835 0 0.0224471 0 0.0374113 0.0103358 0.146173 0 0.0927483 0.013963 0.0988142 0 0 0 0 0 0.00919106 0 0.0538087 0.194557 0.104523
36 9.06163 0.0811455 -0.110852 -0.086447 0.243074 -0.0818537 11.577 -0.237301 -0.0900595 0.00646404 0.151065 0.0166583 0.0943773 -0.0163766 -0.0261636 0.0377993 -0.111578 -0.00778008 0.0703698 0.61928 0.502956 0.0731798 -0.0780175 -0.118014 -0.387011 0.00555075 0.000976185 0.0475154 -0.118517 0.031784 0.00870363 -0.102244 0.14344 -0.0257269 0.144503 -0.0422038 0.077671 0.151804 0.0386338 0.0511028 0.394959 0.271116 1.38298 0.133956 0.703089 -0.0142034 0.0935811 0.154962 -0.051388 -0.0522209 0.102449 -0.219785 -1.38279 0.153163 0.699268 0.0043402 -0.0844256 -0.266441 -0.877734 0.0726884 0.125886 0.215469 1.23096 2.72177 -0.00522125 -0.35794 -1.81152 -0.686879 0.930547 1.24365 -6.39362 0.00963448 -3.79133 0.278849 -0.0527825 6.0642 0.196117 0.482687 -0.169899 8.68681 7.56335 1.08184 0.224687 -0.110224 -1.25603 0.245162 0.358715 -8.88873e-10 1.45359 -0.0356729 0.643973 -0.992951 -0.308768 2.03412e-09 -0.726519 2.93437e-10 0.524208 0.533471 -0.646449 0.515557 -0.250869 1.09513 -0.860379 4.88276e-09 0.13939 -4.88228e-13 -0.982209 1.60942 0.0304612 0.770413 -0.190709 -1.3595 0.770338 0.242664 0.914247 11.5629 -0.0183608 0.115403 1.26602 0 0 0 0 0 0.0127368 0 0 0 0 0.0709176 0.0351656 0.0917911 0.0325735 0.126389 0.0198756 0 0.0510005 0.0240878 0 0 0 0.0726658 0 0.11538 0 0 0 0 0 0.0626136 0 0.0373456 0 0.0482004 0.0824644 0.0188633 0.0116012 0.0559845 0.0833162 0 0 0 0.0918963 0.0316968 0.101989 0.0871541 0.17167 0 0 0 0 0 0 0.0311738 0 0 0 0 0 0.0113265 0.00385353 0.0497313 0.0287793 0.020172 0.0102901 0 0.174581 0 0.12618 0 0.158974 0 0.201844 0.000661552 0.0246927 0 0.111887 0 0.00830495 0 0.0207781 0.00698858 0.02022 0.0884054 0.0771128 0.000981284 0.000799642 0.205761 0.0340766 0.195034 0.0152478 0.236951 0.0301904 0.23881 0.0179535 0.0481413 0.00251862 0.140067 0.0144606 0.342979 0.018232 0.00858785 0.0243228 0.0458054 0.0892545 0.016683 0.0259669 0 0.0800352 0 0 0 0.0423486 0 0 0 0.0232328 0.235348 0.358018 0.0705887 0.427302 1.56388e-05 0.263518 0 0.0647034 0.0569981 0 0.0272924 0.0764102 0.181922 0.0563069 0 0 0 0 0 0.00603842 0 0.0190367 0.212972 0.0421612 0.249165 0 0 0 0 0 0 0 0.147192 0.0993732 0.00721662 0 0.0405516 0 0.573402 0 0.00148188 0 0.111792 0.0447846 0 0 0 0 0.285541 0.20581 0 0.287648 0.0454829 0.516701 0 0.103002 0 0.116433 0.0602838 0.0239719 0 0.0169653 0.0563711 0.0870118 0 0.0463138 0 0.00635062 0.111731 0 0.248044 0.276788 0.297667 0.110449 0 0 0.00162618 0.0485146 0 0 0 0.00587456 0 0 0.310437 0 0.340529 0 0 0.0207156 0 0 0.127417 0.00764268 0.0136064 0.186468 0 0.0525873 0 0.337075 0 0.294974 0 0.0364376 0.0399205 0.554508 0.00714044 0.210948 0.0172965 0 0.144521 0 0.073831 0 0.150812 0.265064 0 0 0 0 0 0.0688652 0.324223 0.0568 0 0.0363502 0.0469151 0 0 0.115256 0.0779599 0.0393177 0.194863 0 0.0525261 0 0.212188 0 0 0.171688 0.738048 0.241268 0.0594705 0.049397 0.025944 0 0.093405 0.075901 0 0 0 0 0.168442 0 0 0.00348999 0 0 0.0613156 0 0.00593727 0 0.306449 0.0526022 0.182584 0.0860351 0.163733 0.0545766 0.00546185 0.0172569 0.08733 0.0314987 0 0.098249 0.048078 0.0407147 0.0196723 0 0.0202023 0.0203951 0 0 0 0 0.178506 0.138059
37 9.09497 0.0706642 -0.0998663 -0.0754043 0.244589 -0.0793882 11.6196 -0.119029 -0.119593 -0.0208106 0.0504661 0.00947411 0.120928 0.0884372 0.040449 0.061673 -0.241224 0.00558104 0.0665354 0.779272 0.393413 0.131377 0.0102774 -0.0687342 -0.355331 -0.00450701 -0.00838621 0.041521 -0.0940621 0.0387262 0.00995234 -0.103054 0.126914 -0.0334967 0.131515 -0.0261058 0.0779822 0.15206 0.0187596 0.0501444 0.349971 0.235891 1.37744 0.225016 0.685909 -0.00940699 0.0426216 0.155099 -0.0459215 -0.0516189 0.23199 -0.305288 -1.33887 0.14169 0.649557 0.00345538 -0.0258136 -0.336898 0.314561 0.531593 0.192652 0.185269 1.23207 3.17914 -0.495427 -1.07374 -2.49154 -0.437623 0.32578 0.411761 -0.00856018 -0.00832734 -3.51152 0.668186 -0.181463 2.86609 -2.83097 3.14645 0.937227 0.534509 0.540393 -0.295602 -0.162582 -0.326061 0.884703 0.168761 -0.0512481 -1.52731e-09 -0.934594 -0.111129 -0.376173 0.918079 -0.136412 1.27238e-09 -1.38879 0.263331 -0.377732 1.36627 -0.8666 0.338168 -1.53104 1.09722 -0.880055 3.19821e-09 -0.499151 -1.80854e-11 0.820347 0.53502 0.310219 -0.431756 0.542249 1.02154 0.250407 0.243029 0.917343 11.6051 0.0484421 0.1044 1.27342 0.0274311 0.00451982 0.0206235 0 0.00449685 0.00374986 0.0210988 0.00227617 0 0.0513643 0.119411 0.00181181 0.103472 0 0.0997614 0.00750298 0 0.00250565 0.0751227 0.00528761 0.0520584 0 0.127576 0 0.10664 0 0 0 0 0 0 0 0 0 0 0.077761 0 0 0.00374897 0.007559 0.00114264 0 0 0.00920859 0.0147825 0.00361016 0.0106848 0 0 0 0 0 0 0 0.0192316 0.00566656 0 0 0 0 0 0 0.0145836 0.0649775 0.00523468 0.0273991 0.00485413 0.0831065 0.00210511 0.0857912 0.00398026 0.102847 0 0.236619 0 0.0206467 0.0120194 0.0664916 0 0 0.000908289 0.0179103 0 0 0.0385101 0.131233 7.31648e-05 9.16605e-05 0.0110261 0 0 0 0.00448277 0 0.0168004 0 0.038609 0 0.0233177 0 0.0206181 0 0.0204974 0.00274628 0.0579526 0.145805 0.0593167 0.192752 0.00206019 0.286696 0 0.0264792 0 0.0689482 0 0 0 0 0.317794 0.728257 0.187493 0.693271 0.091405 0.51031 0 0.158321 0 0.0549199 0.173204 0.199206 0.202139 0.357736 0.0242036 0 0 0 0 0.00162394 0 0 0.161817 0.0252421 0.0514863 0 0 0 0 0 0.00461783 0 0.0135674 0.0116646 0.0106226 0 0.0285594 0 0.37804 0 0 0 0.00501666 0.148233 0 0 0 0.00787643 0.0935964 0.0697562 0.00222846 0.226375 0.00245196 0.4635 0 0.0932163 0 0.089304 0.00907732 0 0 0 5.45913e-05 0 0.00120644 0.0272977 0.000509499 0.000263166 0.226288 0.0559717 0.0841137 0.179217 0.111977 0.0408499 0.00716991 0.0403435 0 0 0 0.0658799 0 0.087252 0.0180242 0 0.447402 0.119717 0.41368 0.0347675 0 0.00356595 0.00439459 0 0.181983 0 0 0.10745 0 0.0348037 0 0.111919 0 0.0118551 0.00521808 0 0 0.210691 0 0.0877902 0.0016227 0.00864205 0 0 0.0476485 0.0589695 0.0861657 0.0877773 0 0 0 0 0 0.00307663 0.129199 0.0217178 0 0.0189662 0 0 0 0.0275048 0.0233369 0.163302 0.154646 0 0.0950572 0.101565 0.122878 0 0.110722 0 0.107582 0 0 0.0355203 0 0 0 0.0320482 0 0.00444369 0 0.00950534 0.0425918 0.0301287 0.00746108 0.00407172 0 0.00332263 0.0150331 0.0155003 0 0.0153055 0.168409 0 0.189156 0 0.219071 0 0.00373492 0 0.167302 0.0818287 0 0.0503298 0.030856 0 0.00173118 0.040634 0.0272318 0.0150285 0 0 0 0 0.0906823 0.0570876
38 9.1283 0.0636306 -0.0888514 -0.0251055 0.251353 -0.0752435 11.6605 -0.0337777 -0.210703 -0.0896724 -0.0169084 0.0072638 0.205105 0.117113 0.0215713 0.0419016 -0.358573 0.0223779 0.0224277 0.827143 0.135793 0.235536 -0.125418 0.00132012 -0.261339 -0.0164948 -0.0157284 0.014443 -0.0664187 0.0363465 -0.00692161 -0.103276 0.158239 -0.0549005 0.113693 -0.0510343 0.0852444 0.152504 0.00128029 0.0502429 0.27479 0.226896 1.38184 0.256535 0.675715 -0.0314341 -0.0231768 0.154938 -0.052256 -0.0521124 0.278866 -0.314847 -1.32297 0.140447 0.670646 0.0307494 -0.0157238 -0.412949 -0.0849216 1.59024 0.366124 0.234068 1.17893 2.47474 -1.61195 -2.50821 -2.06792 0.730418 1.81237 0.819659 -0.950244 -1.29508 -2.87001 1.1359 -1.07099 0.235847 -7.3611 -0.893157 -4.05659 0.912035 1.40044 0.00972184 0.069081 -0.686065 0.801305 -0.097006 -0.600445 -1.35671e-09 2.78476 -6.20956e-10 -0.687253 -2.80255 -0.532412 1.27593e-09 -0.636716 4.15506e-10 -0.996568 1.73429 -0.449159 -0.00980354 -0.221265 -0.67639 -0.69595 2.16683e-09 -6.93223e-10 -2.56365e-10 0.289396 0.630715 -0.135704 0.148659 0.603396 0.41442 0.450636 0.246365 0.922189 11.6477 0.143921 0.174545 1.27631 0 0.0104714 0 0.0140925 0.00107375 0.0215074 0 0 0.00830067 0.0670218 0.108324 0.0751221 0.068986 0.0735693 0.0694238 0.0818515 0.0126475 0.00674977 0.0437105 0 0 0 0.104538 0 0.0686948 0 0 0 0 0 0 0 0 0 0 0 0.00275704 0 0.0651635 0.0603857 0 0 0 0 0.180238 0.145693 0.0621175 0.0870809 0.00349613 0 0.000787396 0.0127237 0 0 0.0128488 0.0177643 0 0 0 0 0 0 0.0249153 0.0376538 0.00639729 0.0157948 0 0.037717 0 0.0117173 0 0.0484659 0 0.166332 0 0 0 0.000127591 0 0 0 0.00139429 0.0145023 0 0.00250019 0.0559156 0 0.00137672 0.03396 0.0318235 0.0110218 0 0.0198822 0.0175419 0 0.0685999 0.0370929 0.0175956 0.0327219 0 0.0313456 0 0.0228555 0.0163439 0.0721387 0.701048 0 0.505641 0.0535001 0.456754 0 0 0 0 0 0 0 0 0.428729 0.936745 0.363888 0.896548 0.326601 0.832193 0 0.229798 0 0 0.384332 0.585492 0.383503 0.769066 0.212169 0.00136682 0 0 0 0 0 0 0.100611 0.116543 0.0309492 0.0133954 0 0.0248586 0 0.00131302 0 0 0.0718156 0.104885 0 0 0.00102544 0 0.284686 0.105194 0.0015047 0 0 0.553579 0 0 0 0 0.263963 0.0944344 0.0161998 0.439608 0.0429118 0.557673 0 0.0372901 0 0.0386425 0 0.0125656 0 0 0.0408421 0.0856581 0 0 0.00280291 0.00876145 0.355668 0.0569252 0.256874 0.248619 0.322249 0.18224 0.00365482 0.0597998 0 0 0 0.106117 0 0.114944 0.0081981 0 0.103096 0 0.152826 0 0 0.00618787 0.00546956 0 0.456141 0.158407 0 0.0709705 0 0.0647651 0 0 0 0.0679857 0.00883879 0.0616844 0 0.305672 0.00552593 0.051518 0.0216999 0 0.1067 0 0 0.282332 0.0709497 0.239178 0 0 0 0.00331703 0 0.0434934 0.247322 0.026392 0 0 0 0 0 0.0298773 0 0.46638 0.101442 0.000197012 0.0659192 0.339159 0.0661774 0.0335916 0 0 0.0779413 0 0.0192888 0.0315818 0 0 0.0243148 0.0138113 0 0 0 0 0 0 0 0 0 0 0 0 0 0 0.272132 0.037414 0.181253 0 0.208237 0 0.0264446 0 0.0861587 0.203618 0.0742481 0 0.0574258 0.0196725 0 0.0629417 0 0.0268313 0 0 0 0 0.0807118 0.0737011
39 9.16163 0.0442932 -0.106464 -0.01535 0.25665 -0.0731974 11.7019 0.0520712 -0.224631 -0.11073 -0.0543156 -0.0273032 0.226565 -0.0141827 -0.0890775 -0.1516 -0.390965 0.0436298 0.0427904 0.674143 0.0402151 0.203836 -0.0766825 0.0648308 -0.20213 0.00668566 -0.0199778 0.00680911 -0.0711724 0.0349936 0.00420407 -0.102091 0.151719 -0.0398392 0.117044 -0.0593363 0.0538772 0.152555 -0.000869158 0.0506507 0.211531 0.267513 1.36025 0.202149 0.691196 0.0428254 0.0882556 0.155731 -0.0170287 -0.0436546 0.235285 -0.280429 -1.36299 0.106913 0.702353 0.0184445 -0.0672169 -0.555864 -0.683751 0.292369 0.260721 -0.0336886 1.22533 2.04803 0.371664 -0.90336 0.0235816 -1.42897 -2.11874 -2.63422 -3.84105 -5.92896 -0.547273 0.193509 0.965938 -5.70186 -0.695073 -1.34059 -0.441935 0.819236 1.06447 0.886349 -0.0126399 -0.524388 -0.475195 0.0188323 0.605269 -1.27037e-09 -1.04786 0.301092 0.147856 0.416027 -0.715401 4.06156e-09 0.638721 9.57592e-11 -0.366789 0.806653 -0.851009 -0.257627 0.0440273 0.960241 1.53463 7.44192e-10 1.06562 0.491629 1.05696 0.459087 -1.10749 0.190557 1.47293e-10 -0.565883 -0.610879 0.251446 0.923825 11.6904 0.152983 -0.096622 1.28426 0 0.00351231 0 0 6.53639e-05 0.0172188 0 0 0 0.0269243 0.13199 0.0186947 0.0945057 0.0343542 0.0603507 0.0772942 0.0489012 0.0563839 0.0509553 0 0.0347558 0 0.0313907 0.00937174 0.0728789 0.0130697 0.00427205 0 0 0 0 0.0736185 0 0.0672064 0 0.193273 0.00498427 0.0157382 0.0401105 0.122132 0.0693136 0 0 0 0.117883 0.0362051 0.184817 0.0579922 0.0363769 0 0 0 0.0229211 0 0.0358681 0.0233325 0 0 0 0 0 0.0219791 0.0205226 0.0159809 0.00142846 0.0102867 0.152781 0.12672 0.103228 0.0603264 0.141218 0.105433 0.0828644 0.102414 0.00769045 0.015176 0.143592 0.169094 0.00590458 0.00785885 0.00616654 0.0200134 0.0407304 0.0419949 0.0340519 0.0678128 0.00164358 0 0.064489 0.0276879 0.0308121 0 0.0521945 0.0621309 0.0361205 0.0315252 0.0343695 0.0144036 0.0185359 0 0.0266777 0.0226841 0.0339214 0.0243678 0.159846 0.129591 0.104613 0.0325085 0.0300246 0.0380324 0 0 0 0 0 0 0 0.0224178 0.184036 0.356893 0.219119 0.203066 0.355978 0.149711 0 0.0358792 0.0316611 0.126842 0.223214 0.128676 0.31366 0.139193 0 0 0 0 0 0 0.0254703 0 0.109308 0.245996 0.122193 0.0175579 0.0121748 0 0 0 0 0 0.0762332 0.127128 0 0 0 0 0.173196 0.2666 0 0.00101378 0.0188555 0.069166 0.0376268 0 0 0 0.172692 0.191604 0.0129536 0 0.011703 0.0510003 0.0794078 0.0424708 0.0902112 0.029053 0.05845 0.0395145 0.0178647 0 0.00703673 0 0.0998832 0 0.00399824 0 0.181031 0 0.302332 0.172626 0.311656 0.038853 0 0 0.0398077 0 0 0.0280256 0 0.027826 0 0 0 0 0 0.00706871 0 0.00185617 0 0.0176131 0.362247 0 0.192463 0.028365 0.110567 0 0.130192 0.0614858 0.00204834 0.197733 0.00592067 0 0.176737 0 0 0.102355 0 0 0 0.00383777 0 0 0.325961 0.0808431 0 0 0.0196391 0 0.0335349 0.00904063 0.094756 0.191007 0 0 0 0.0201654 0 0.0713504 0.040618 0.0693867 0 0 0.0476465 0.0136901 0.0495096 0.147143 0.310224 0.276471 0.142974 0 0 0.0586847 0.0532103 0.00810771 0.00922944 0.0706278 0 0 0 0 0 0 0 0 0 0 0 0 0 0 0.23983 0.17093 0.289892 0 0.306594 0.0257187 0.037605 0 0.169916 0 0.0580721 0 0.0643355 0.0177249 0 0.0479279 0.00405858 0 0 0 0 0 0.0994525 0.154351
40 9.19497 0.0670004 -0.133495 -0.00237361 0.261754 -0.0798789 11.7429 0.0854667 -0.227556 -0.13877 -0.0851704 -0.0289882 0.238193 0.00810586 0.090355 0.00514886 -0.436183 0.0772938 0.0713161 0.448553 -0.0434122 0.1179 0.0240606 0.160826 -0.103251 0.00230078 -0.0216518 -0.00706268 -0.104906 0.036143 0.0163514 -0.101035 0.141949 -0.0238938 0.118471 -0.0468412 0.0251004 0.152166 0.0143423 0.0518125 0.22793 0.235035 1.341 0.328005 0.699142 0.0492713 0.104913 0.15638 0.0297283 -0.00999448 0.218711 -0.235601 -1.4324 0.110936 0.70156 0.0355153 -0.124472 0.689831 -0.777833 0.345828 0.326661 -0.176381 1.22474 1.17087 -0.176124 -1.16808 -1.45991 -0.877741 0.823222 3.45628 -2.08196 0.089486 -1.31532 0.953799 1.05099 -6.4063 -0.123663 -4.53162 4.17929 2.03004 2.44261 -0.0206033 -0.179027 -0.619016 -1.14023 0.0984844 0.631126 -2.15972e-09 -1.20576 0.381056 -0.00286269 1.13065 -0.957934 4.80723e-09 -1.49317 1.73585e-10 -0.655713 1.20495 -0.121511 0.672949 -0.35511 1.9678 -0.550833 1.64159e-09 1.48372 0.558887 1.32523 0.691395 -1.57962 0.219298 2.81219e-10 -0.514758 -0.612182 0.256875 0.917441 11.7332 0.172078 -0.230125 1.28254 0 0 0.0138764 0 0.011191 0 0 0 0.00708618 0.0151144 0.0395176 0 0.0156615 0.0276014 0 0.0525024 0.0150308 0.00277467 0.108241 0.00162784 0.0875244 0 0.146178 0.0909606 0.182186 0.0925271 0 0 0 0 0 0 0 0.049458 0 0.0378511 0.0065399 0 0 0 0.173268 0.0643014 0.0724086 0 0.341093 0.0264152 0.148692 0.0941117 0.0757623 0.0207213 0 0.00406359 0.0589747 0 0.0771182 0.0604191 0 0 0 0 0.00508656 0.0403141 0.0710674 0.0704471 0.0190013 0.0258925 0.123838 0 0.144345 0 0.201117 0.0146064 0.095548 0.133383 0.0122988 0.0216602 0.121904 0 0 0.000136908 0 0.0108131 0.0259128 0 0.0296063 0.0772907 0.0017658 0 0.10671 0.162554 0.0660975 0.024226 0.0883416 0.101409 0.0561407 0.119345 0.0529614 0.0513627 0.0387261 0 0.0523266 0.0560544 0.0287355 0.0123234 0.145785 0.712327 0.03816 0.346965 0.043431 0.0543536 0 0 0 0 0 0 0 0.00358386 0.0828567 0.316485 0.148945 0.208008 0.382512 0.191452 0 0.032195 0.0290567 0.0981496 0.287812 0.248291 0.347531 0.268027 0.307138 0 0 0 0 0 0.0208369 0 0.165778 0.298963 0.0791166 0.0523108 0.0113312 0 0 0 0.0108427 0 0 0.0357447 0.0402432 0 0.0160897 0 0.215174 0.331512 0 0.000552725 0 0.0260999 0.0753805 0 0 0 0.142509 0.24976 0.0644384 0.418936 0 0.671511 0.0648637 0.0834742 0.0868273 0.0683343 0.0890218 0.0633189 0.0179603 0 0.069538 0.0396969 0.122867 0 0.0139656 0 0.625726 0 0.529277 0.364973 0.40433 0.133625 0.0242991 0 0 0 0 0.0301434 0.0803494 0.0460431 0.0715582 0 0 0.181534 0 0.182548 0 0 0 0.0274444 0.534893 0.179037 0.148307 0.0509629 0.0902695 0 0.384228 0 0.493722 0 0 0 0.445295 0.0112287 0 0 0 0 0 0 0 0 0.270745 0.0841324 0 0 0.0474059 0 0.0654458 0.0194535 0.102702 0.257288 0 0 0 0.00828803 0 0 0 0.0719196 0 0.167517 0 0.124994 0.150073 0.239442 0 0 0.320252 0.0281525 0 0.0118682 0.140667 0.0560828 0 0.00818251 0 0 0 0 0 0 0 0 0 0 0 0 0 0 0.396222 0.45851 0.355384 0.163779 0.397418 0.223921 0.0247988 0 0.353816 0.0218447 0 0 0.0239183 0.0122735 0.0804962 0.0642357 0 0 0 0 0.0223404 0 0.107885 0.142631
41 9.2283 0.0657312 -0.169566 -0.013506 0.266886 -0.0907112 11.7859 0.140918 -0.228308 -0.149479 -0.100357 -0.0853767 0.250846 0.0272265 0.109868 0.0253734 -0.427424 0.0882221 0.122099 0.218028 -0.170597 0.0599032 0.016567 0.255776 0.00449172 0.0143466 -0.0158782 0.00479564 -0.125327 0.0336803 0.0265518 -0.102124 0.138314 0.00626467 0.130172 -0.034719 -0.0262437 0.152765 -0.00916443 0.0500164 0.186339 0.25286 1.34475 0.340108 0.671529 0.0947196 0.0614419 0.155575 0.0528218 -0.0476706 0.337138 -0.243045 -1.39564 0.153162 0.681133 -0.0275199 -0.121695 -0.00255625 -0.814464 -0.308148 0.388108 -0.32264 1.27423 1.37259 -0.0210696 -0.520938 0.0774675 -2.36581 -0.473733 0.903048 0.510836 1.12744 -0.220387 -0.220475 1.24723 -5.3685 -2.3544 -1.66919 0.0641861 2.02298 2.30908 0.0732392 0.0967166 0.347018 -0.365115 -0.14999 0.264125 -1.84242e-09 -0.815379 0.690146 0.288759 0.759587 -1.25228 5.73813e-09 -0.744714 3.74491e-10 -0.187783 1.28165 -0.122294 -0.0187636 -0.978951 0.0613217 -0.658373 1.73015e-09 4.47337e-10 -1.82639 1.12391 1.77158 1.04498 -0.256425 -1.45978 -1.18569 1.00496 0.262955 0.9073 11.776 0.181851 -0.378165 1.28371 0.0403309 0 0.0269447 0 0.0512015 0 0 0 0.0593002 0 0.0700098 0 0.0403435 0 0.00254734 0.0348616 0.0197432 0.0348507 0.115247 0.27178 0.203847 0.263501 0.130966 0.477816 0.238912 0.498184 0.163582 0.0863103 0.0596684 0.0906849 0.0680538 0.125049 0 0.110021 0 0.0918941 0.00960922 0.016553 0.0464818 0.153597 0 0 0.139004 0 0.174699 0.012812 0.112579 0.0924182 0 0 0 0.010011 0.0324297 0 0.0181982 0.0509328 0.0103229 0 0 0 0.0418299 0.02405 0.0699878 0.0441017 0.0329726 0.0169058 0.130293 0 0.130377 0 0.156189 0 0.0422006 0 0.0614629 0.0140786 0.117353 0 0.00744646 0.00609124 0.0297254 0.0154818 0.000633238 0.0423467 0.117128 0.0943278 0.00266842 0.000657039 0.123095 0.0771859 0.0807071 0.0679237 0.11093 0.131736 0.0962125 0.142631 0 0.0628704 0.0633771 0 0.065273 0.0590464 0 0.027428 0.0569786 0.419042 0.035517 0.157991 0 0 0 0 0.00270778 0 0 0 0.0239559 0.0393667 0 0.0127943 0.0204579 0 0.000368472 0 0 0 0.0467885 0.0373888 0 0.0345407 0 0 0.025173 0.133236 0.0195525 0 0.0367288 0 0.0156562 0 0.0489305 0.314268 0.0526786 0.0577002 0.011058 0 0 0 0.0122071 0 0.0352224 0.0648905 0.00296677 0.00461309 0 0.00689405 0.18067 0.333468 0 0.00479531 0.057519 0.197101 0.0244936 0 0 0 0.0582702 0.2793 0.0541894 0.111163 0.00467871 0.340578 0.076622 0.047517 0.10094 0.0301831 0.10273 0.0179256 0.0650467 0 0.075902 0 0.205632 0 0.00682611 0 0.220992 0 0.370158 0.197803 0.130013 0.217289 0.039853 0 0.0259681 0 0.0819847 0.0155812 0.15958 0.0105335 0.0377056 0 0 0.196644 0 0.220318 0 0 0 0.0239589 0.150948 0.00646111 0.224039 0 0.1283 0 0.501747 0 0.581962 0 0.00293328 0 0.413659 0 0.00155836 0.143961 0 0 0 0.0457675 0 0 0.342452 0.0695402 0 0 0.0457675 0 0.0545442 0.0230972 0.0281721 0.27078 0.07633 0 0 0.0205245 0.0467523 0.122723 0 0 0 0.110435 0 0 0.000977791 0.216941 0 0 0.408843 0 0.0371766 0.0872476 0.0166779 0.019246 0.0558681 0.0912849 0 0 0 0 0 0 0 0 0 0 0 0.00663908 0 0.0195295 0.166784 0.443576 0.227992 0.21366 0.181645 0.216357 0.0203584 0 0.271152 0.00815645 0.164997 0 0.0596877 0 0.141589 0.0448322 0 0 0 0 0.057544 0 0.12501 0.185673
42 9.26163 0.0354684 -0.233363 -0.0525893 0.270731 -0.106983 11.8325 0.218659 -0.238779 -0.153098 -0.100357 -0.154509 0.32564 0.0673353 0.121493 0.0476979 -0.374058 0.12533 0.20416 0.0478541 -0.196053 -0.052798 0.0524654 0.287395 0.0403484 0.0153556 0.00700827 0.0439793 -0.0941705 0.0374868 0.0280426 -0.100683 0.156181 0.0255549 0.138105 -0.0382236 -0.0449715 0.152589 0.0223326 0.0523706 0.0935555 0.169835 1.37778 0.417035 0.685804 0.0698758 -0.0136571 0.153584 -0.0160703 -0.0568847 0.432203 -0.188686 -1.4084 0.207525 0.663342 -0.0247626 -0.00199426 -0.883764 -2.13687 -1.15598 0.463301 -0.440874 1.38864 2.14136 -0.346325 -0.451513 -4.12794e-10 -1.62288 2.59623 2.23439 -0.936527 -0.00576596 1.2842 0.457902 2.79914 -3.48017 -0.876809 -2.96062 -0.116081 0.918337 1.08943 -0.181546 0.548684 1.12342 1.0023 0.123879 0.242704 -1.53108e-09 -0.28679 0.516051 0.267674 0.567757 -0.502123 3.94931e-09 -0.387879 3.43221e-10 -1.17052 1.42209 0.497418 -0.100162 -1.28503 0.285696 -1.42181 3.02773e-09 -1.37836 -4.85133e-10 0.63147 1.54781 -1.11609 -0.0207207 -0.137632 0.0851268 0.59648 0.269376 0.892808 11.819 0.198803 -0.447506 1.30146 0.0602226 0 0.0563816 0 0.0287466 0 0.0662667 0 0.138232 0 0.00187077 0.00258201 0 0.0206163 0 0.0512963 0.0412868 0.00281662 0 0.321798 0.00936381 0.305389 0 0.438935 0.00072911 0.408264 0.0219478 0.175124 0.019859 0.25105 0.0604585 0 0.0427536 0 0.08272 0.00968442 0.00101645 0 0.0240299 0.0290527 0.0155066 0 0.337536 0 0.110495 0.0446159 0.00902142 0.0152136 0.019625 0.0133532 0 0.0364411 0.00821359 0 0.00642234 0.0391158 0 0 0.00213684 0 0.0140035 0 0.0141993 0.0310602 0.00949148 0.0116294 0 0.014832 0.0319871 0.117598 0.0172251 0.138388 0.11962 0.42334 0.0432226 0 0.0158536 0.0179662 0.00627532 0 0.0341728 0.00587877 0 0 0.0648702 0.0772677 0 0 0.0275175 0 0.026386 0 0.0244028 0 0.0185434 0 0 0.0373892 0.00990201 0 0.00609777 0 0.00918378 0.0150719 0.102779 0.364498 0.00225141 0.136698 0.00693545 0.00104002 0.014084 0 0.0260158 0 0 0 0.0111372 0 0.140593 0.335002 0.0362833 0 0.013761 0 0 0 0.000656243 0.00867168 0.0159773 0.163932 0.0160647 0.261722 0.0851995 0.126222 0.00282479 0.000881091 0.0572451 0 0 0 0.047176 0.302925 0 0.0416246 0.0755543 0 0.0053822 0 0.0128944 0 0.0116126 0 0 0.0247686 0.010073 0.0255751 0.0687373 0.344541 0 0 0.0411676 0.274991 0 0 0.0289806 0 0.063975 0.212273 0.0285324 0.414038 0.0368997 0.657079 0.0456505 0.12603 0.0617768 0.13831 0 0.00114806 0 0 0 0.0124413 0.132003 0 0.00361328 0 0.321316 0.274769 0.3872 0.0524154 0.0987499 0.211441 0.155529 0 0 0 0.169305 0 0.253752 0 0.0327585 0.12722 0 0.690109 0 0.64304 0.00218982 0 0 0.015169 0.051527 0.183907 0.266272 0 0.272499 0 0.430371 0 0.39104 0 0.00198372 0 0.292333 0 0.132668 0 0.0239843 0.0223169 0.118819 0 0 0 0.301449 0.0355861 0.00413323 0 0.0845941 0 0.0893503 0 0.014112 0.256761 0.10023 0 0 0.0141602 0.0955641 0 0 0 0 0.231613 0 0.15295 0 0.189612 0 0 0.0662194 0 0.0169154 0.0492671 0.00134612 0 0.0194758 0.0195921 0 0.0598821 0 0.0147926 0 0.176952 0.0018219 0.0219729 0 0.0512445 0 0.0794253 0 0.0791879 0 0.327052 0 0.405737 0 0.428368 0 0 0.308295 0.0436538 0.0639588 0.000742279 0.0113655 0 0.181166 0 0.0440565 0.015083 0.00679317 0 0.0220474 0 0.0477975 0.139451
43 9.29497 0.000991697 -0.313515 -0.0931599 0.2737 -0.123763 11.8828 0.298553 -0.248342 -0.168164 -0.100357 -0.210753 0.403829 0.0781055 0.144509 0.0477957 -0.316775 0.163676 0.287656 0.0174183 -0.0119723 -0.13227 -0.176741 -0.0320976 -0.134054 0.00715138 0.0275979 0.0674821 -0.0549428 0.0444368 0.0420714 -0.10176 0.194616 0.0504066 0.156227 -0.0569598 -0.0654446 0.152312 0.0329365 0.0531819 0.0830925 0.178888 1.38113 0.450138 0.664672 0.073617 -0.0200456 0.153254 -0.0276812 -0.0577786 0.478155 -0.175597 -1.41991 0.205356 0.687613 0.0273602 -0.03678 -0.644992 -2.42409 -0.72484 0.60004 -0.470871 1.43436 1.8594 0.516627 -0.981565 -4.00476e-10 -1.44912 7.5513e-09 0.00315094 0.679679 0.00846386 1.75398 0.464831 2.09157 0.199725 10.9547 0.965635 -13.9302 -7.85215 -4.12475 -0.610826 0.516361 0.17787 0.909195 0.174499 0.602771 -1.64737e-09 1.68969 8.25864e-10 0.498795 -1.07804 0.458965 7.66905e-09 -0.0104022 4.98047e-10 0.143375 0.592105 0.125839 0.197449 -0.190731 0.248875 0.350763 6.71732e-09 0.147878 -7.73111e-10 -0.0384225 1.04779 -0.51061 0.289159 1.56353 1.0335 -1.12468 0.276892 0.877475 11.8623 0.231293 -0.482102 1.2785 0.0562967 0.0172077 0.0312098 0.00290705 0.0225791 0 0.0400988 0.0394953 0.135479 0.0317481 0 0.0368534 0 0.0493562 0 0.0908819 0.115416 0.0650232 0 0.326662 0 0.372924 0 0.44642 0 0.495547 0 0.361572 0 0.502575 0.10194 0.0311653 0.107277 0 0.214141 0.00324408 0 0.00485292 0.0820092 0.177434 0.0269827 0 0.310987 0 0.00823722 0.0473108 0 0.00143307 0.020299 0 0.00203911 0.0349391 0.00714227 0 0.0017192 0.0104078 0 0 0.00378198 0 0.0721596 0.0169432 0 0.00866057 0.00259628 0.0106675 0.334587 0 0.367038 0 0.3395 0.00496412 0.433866 0.0988387 0.103345 0.0329832 0.353605 0 0.0260453 0.0156028 0.0802659 0.0392284 0.0328704 0.000403058 0.0185041 0.0715889 0 0 0 0 0 0 0 0.00876816 0 0.0395494 0 0 0 0 0 0 0.00887536 0.00475677 0 0.402053 0 0.171653 0.0548409 0.0353143 0.0248203 0 0.119294 0 0.0682636 0.0359612 0.171612 0.00503451 0.244927 0.0847015 0.179658 0 0.0585563 0 0.0289691 0.0350447 0.0591807 0.124762 0 0.222379 0 0.211637 0 0.231488 0 0.06192 0.113179 0 0 0 0.0355667 0.306455 0 0.0921742 0.0828426 0 0.00541236 0 0.0283529 0 0.00205956 0 0 0.093541 0 0.104706 0.0596033 0.391272 0 0 0.0777671 0.0663882 0.00793091 0 0.0225979 0 0.0615746 0.170122 0.0297594 0.256329 0.224017 0.418585 0.358865 0.0628678 0.408158 0.0722419 0 0.0752897 0 0.0672874 0 0.00234019 0.18709 0 0.000364463 0 0.117068 0.329859 0.244997 0 0.00246933 0.0826638 0.0907675 0.0190796 0 0.00636174 0.16174 0 0.287602 0 0.0852292 0.202637 0 0.706068 0 0.678618 0 0 0 0.0202527 0 0.214411 0.208661 0 0.249132 0 0.26768 0.0246298 0.181514 0 0.0172646 0 0.14312 0.00710914 0.286198 0.186022 0.0666412 0.0114993 0 0 0 0.0693064 0.376727 0 0 0 0.0737295 0 0.0817769 0 0.0196229 0.245081 0.169614 0 0 0.0958932 0.257295 0.29779 0.0337086 0 0 0.266796 0 0.162546 0 0.12074 0.542104 0 0 0 0.0177404 0.126237 0 0 0.0304649 0.0950075 0.0181654 0.0721312 0.0215681 0.0135777 0.183776 0.209799 0.038216 0.0357183 0.0287445 0.0787284 0.0568072 0.0910705 0.0086715 0.0880928 0 0.301316 0 0.481971 0 0.557495 0 0 0.22404 0.0809573 0.107068 0.00282199 0.00574235 0 0.208222 0.00481468 0.0428588 0.0280937 0.0162077 0 0.0403367 0 0.0392832 0.203576
44 9.3283 -0.00529475 -0.270383 -0.0453822 0.28222 -0.14105 11.9277 0.314506 -0.253875 -0.239114 -0.0159076 -0.257499 0.233246 0.244514 0.0211475 0.00867923 -0.377792 0.13912 0.213427 0.16838 0.220651 -0.180429 -0.157193 -0.0836086 -0.170036 0.0529261 -0.00956344 -0.0177223 -0.131217 0.0540935 0.0734887 -0.104783 0.243877 0.033829 0.181563 -0.134711 -0.0411905 0.160351 -0.00730681 0.0501452 0.0554654 0.121394 1.41024 0.503572 0.687734 0.164269 0.0709621 0.153297 -0.0259947 -0.057162 0.380659 -0.159171 -1.43049 0.0543491 0.64871 0.1078 -0.0858392 -1.03636 3.69799 2.74197 0.559141 -0.227939 0.997893 1.00613 -1.26068 -2.97734 3.29382 -2.00198 -3.11417 -0.0505135 -1.53381 -1.82446 -2.04516 0.00269807 -4.17095 7.33566 -4.01898 -2.91037 1.69079 9.41983 9.35709 4.96997 -1.53832 -4.60049 -4.91273 0.287211 1.51185 -4.85838e-09 2.7335 -2.0271 1.25608 -3.00348 2.03078 5.38289 -2.19341 1.16783e-09 -3.74291 4.94538 0.888604 -0.578263 -1.71815 3.32099 0.561441 4.26857e-09 -1.88989 -6.98108e-10 0.266099 0.0490405 1.02496 -0.982886 2.32743 3.62741 -0.883397 0.284059 0.86145 11.9045 0.185803 -0.194253 1.17967 0 0.400334 0 0.413197 0 0.395835 0 0.31414 0 0.651264 0.670427 0.640539 0.544993 0.591666 0.561744 0.503628 0.106407 0 0 0.0276896 0 0 0 0.0555621 0.00205111 0.101062 0.0201809 0.0721531 0 0 0.102055 0.250257 0.0589259 0.221722 0.191389 0.283547 0 0.0260342 0.175038 0.16776 0 0 0 0.720822 0.0773449 0.037271 0.154303 0.0709212 0.0878129 0 0.00392494 0.00140717 0 0 0 0.0213803 0 0 0 0 0.0114582 0.0164971 0.0110328 0.0462391 0 0.0195009 0.0924692 0 0 0 0.0321098 0 0.106945 0 0.0300058 0.0290194 0.0704365 0 0.0156255 0 0.0307626 0.00887506 0.0614773 0.0301608 0.0333759 0.152704 0.00100133 0.00206385 0 0.00415209 0 0 0.0154438 0.00545332 0 0 0.104578 0.148537 0 0.00588009 0 0.114024 0.0791664 0.048825 0 0.14902 0 0.0256701 0.0802743 0 0.0244476 0 0.208347 0.0125013 0.0337956 0 0.403247 0.095762 0.410912 0.351367 0.311121 0 0.311136 0 0.202163 0 0 0 0 0 0 0 0 0 0 0 0.0545485 0 0 0 0.0443742 0 0 0.330636 0 0 0 0 0.0971191 0.0305632 0.21646 0.663953 0 0 0 0 0.123263 0.392573 0 0.00751499 0.162986 0.699867 0 0 0 0 0 0.232151 0.0391735 0 0.0758035 0.0531913 0.0698722 0 0.0694059 0 0 0 0 0 0 0 0.143951 0 0 0 0 0.842182 0 0.938123 0.0183247 0.883246 0 0.770759 0.0443859 0 0 0.778062 0 0.768114 0 0 0.206544 0 0.0196168 0 0.172446 0.122613 0.065631 0 0.0163991 0 0 0.450122 0 0.0590212 0.0384274 0.0796727 0 0.759474 0 0 0.0425228 0 0 0.213838 0 0 0 0.0163307 0 0.233284 0.378967 0.0262337 0 0 0 0 0 0.0753617 0 0.122046 0.0999818 0 0 0 0.0674857 0.164279 0.123712 0.0476816 0 0 0 0 0 0.235593 0.540666 0 0 0 0 0.102346 0 0 0 0.119481 0.232418 0.00545488 0.283098 0.0125664 0.712797 0.137074 0.466618 0 0.300066 0 0.37325 0.0774624 0.367851 0.0793706 0 0.120063 0.101054 0 0.104507 0 0.128814 0 0.453748 0.68616 0.813471 0 0.281644 0.170413 0 0.646444 0 0.21413 0 0 0.0199202 0 0 0.221484
45 9.36163 0.00502869 -0.159491 -0.0202808 0.287508 -0.142524 11.9658 0.324808 -0.24933 -0.248333 0.0698205 -0.208532 0.126197 0.195642 -0.0468389 -0.136946 -0.439627 0.132166 0.151201 0.299349 0.128424 -0.285369 -0.114749 -0.0627783 -0.0291888 0.0413917 -0.00843553 -0.047111 -0.131737 0.0200262 0.0605118 -0.104925 0.290048 0.0367221 0.182375 -0.199888 -0.0614971 0.160266 -0.00480087 0.0521589 0.122102 0.129628 1.40959 0.492357 0.551115 0.0640802 0.00131317 0.152564 -0.0515772 -0.0591274 0.34895 -0.163535 -1.37069 0.0805394 0.705417 0.0570308 -0.0847834 0.686627 3.35151 0.135183 0.294441 0.0993067 1.10135 0.216313 0.296933 0.597616 2.01406 3.22977 -2.89329 -2.3868 -2.56232 -5.92683 -0.860251 0.325476 -1.26568 1.7316 -1.27018 -3.17128 1.43603 -2.16769 1.24928 -1.20026 -0.100024 -0.348389 0.598508 -0.574179 -0.386193 -1.56526e-09 1.69993 0.407735 0.0168135 -2.37427 -0.453928 6.20069e-09 1.12832 6.94787e-10 1.32303 -1.52678 -0.135877 -0.764821 -0.730349 -2.34037 0.151402 2.92749e-09 -3.33461e-10 -4.20729e-10 -2.90482 -1.21313 1.90132 0.4567 8.07167e-11 -2.11757 1.28538 0.289074 0.861094 11.9416 0.149043 0.103196 1.07245 0.00971569 0.0118438 0.00963481 0.00526939 0.0173432 0.00280816 0.00489183 0.00790707 0 0.0678153 0.0959411 0.0523477 0.0868028 0.0521443 0.0931283 0.0503327 0.0533873 0.0356517 0 0.0747327 0.00804395 0.0687156 0.000423389 0.122928 0.00988094 0.0555035 0.000973277 0.122491 0.0123748 0.0580638 0.00545791 0.022052 0.00307429 0.0132211 0.0260725 0.00965448 0.00334576 0 0.0884772 0.168895 0 0 0 0.0997244 0 0.0119598 0 0 0 0 0 0.0149973 0 0 0 0.0202033 0 0 0 0 0 0.0114319 0.029046 0.00487272 0.00951644 0.00792701 0.260802 0.0370156 0.252474 0.0291738 0.272891 0.0402428 0.373591 0.0912565 0.0267561 0.0329562 0.282443 0.0144772 0.00495265 0.00614849 0.0281328 0.0244429 5.93252e-05 0.00807496 0.0777376 0.0563963 0 0.000565392 0 0 0 0 0 0 0 0.0422454 0.0266756 0.0457323 0 0.0513035 0 0.0553558 0.0331885 0.0260797 0 0.150734 0.0208831 0 0.0321161 0 0.0299941 0 0.0401512 0 0.023116 0 0.0325763 0 0.00270786 0.174704 0.0073407 0 0.029154 0.0027196 0.0330212 0 0 0 0.0260522 0 0 0 0.0190149 0.0239383 0.00416911 0 0 0 0 0 0.123105 0.16179 0 0.022692 0 0 0 0 0 0 0.00436024 0.0285366 0.00521024 0 0.015657 0 0.348082 0.162486 0.000461603 0.000774236 0 0.400684 0 0 0 0 0.103447 0.133373 0.098138 0.181215 0.218707 0.414825 0.175271 0 0.174789 0 0.0150747 0 0.0211427 0 0 0 0 0 0 0 0 0.116357 0.0331093 0.222505 0.0575642 0.289392 0.000698829 0.0829037 0.001377 0 0.00431665 0.0817214 0 0.121878 0.00530131 0 0.175819 0 0.202065 0 0.0418084 0 0 0.000774968 0.0357895 0 0.122709 0 0.0915628 0 0 0.0135295 0 0.138392 0 0.0326571 0 0.0145364 0.14677 0.234549 0 0 0 0.00562225 0 0.410971 0.229733 0.12289 0.00847598 0 0.0102662 0 0 0 0.092507 0.112153 0 0 0.00443967 0 0.0519454 0.218999 0.00603804 0 0.0319957 0 0.00188194 0 0.0615607 0.0764352 0.443645 0 0.145667 0.00562847 0.0380679 0.039475 0.00337085 0 0.0510896 0.0314338 0.110022 0 0.124191 0 0.431151 0.0587565 0.184385 0.0199718 0.1343 0.0172171 0.216832 0.0239011 0.194824 0.0103021 0.0127383 0.111347 0.0261839 0.0282143 0.0274055 0 0 0 0.127434 0.142042 0.183783 0 0.0289682 0 0 0.0680081 0.0150088 0 0 0 0 0 0.0669252 0.185711
46 9.39497 0.00627001 -0.0832567 0.00469085 0.29261 -0.138625 12.0007 0.304844 -0.188486 -0.253707 0.191851 -0.0647461 0.013266 0.213664 -0.222691 -0.375784 -0.419248 0.125721 0.0983111 0.317205 0.087045 -0.346503 -0.0888246 -0.176191 -0.221045 0.0806476 -0.00142376 -0.087264 -0.175035 -0.00386349 0.0667259 -0.106274 0.211195 0.0157444 0.193808 -0.159885 -0.0521445 0.158715 0.0527106 0.0567627 0.224205 0.149544 1.3707 0.450438 0.586136 0.0420444 0.0891653 0.151068 -0.00647214 -0.0557725 0.245289 -0.21533 -1.34001 0.0139565 0.641494 0.0722377 -0.075132 0.323933 2.36432 0.705232 0.232419 0.102308 0.989234 -1.03375 1.91311 -0.0223782 3.30804 3.51379 -3.53502 -0.534878 -3.39594 -5.87449 0.499698 0.110848 -1.4677 0.392349 -0.862467 -1.92963 0.97196 -3.02003 -5.28449 0.930016 0.345261 -1.07955 -1.24653 -0.783025 0.146686 -2.11138e-09 -0.888829 -0.760632 0.45602 -0.171762 0.196642 8.86498e-09 1.78897e-09 8.35993e-10 2.31678 -0.614884 -0.594871 -0.814652 3.90228 -1.22141 2.53731 2.50304e-09 -0.164389 -2.16163e-10 -0.416027 -1.65377 1.25275 -0.381771 -0.690791 2.11139 -1.06526 0.293268 0.864485 11.9769 0.117472 0.0841512 1.03832 0 0.135044 0 0.0849277 0 0.104176 0 0.0360949 0 0.0897925 0.0538761 0.396806 0 0.392172 0 0.38941 0.00237421 0.167823 0 0 0 0 0 0.0481898 0 0.142867 0.059998 0 0 0 0 0.0728436 0 0.0298367 0.038886 0 0.00796384 0.000435742 0.0665975 0.230994 0 0 0 0 0.00849715 0.0220506 0.152629 0.0689618 0 0.113559 0 0 0 0 0.0159655 0 0 0 0 0 0.0138317 0.086019 0.10303 0 0.0286158 0.00130957 0.103313 0.10053 0.0415783 0.0579351 0.0537458 0.0878147 0.00868242 0.144578 0.0162181 0.0774981 0.107059 0.130135 0 0.034564 0 0.0603442 0.00451712 0.116081 0.125076 0.00241965 0.00260364 0 0.0548174 0.00948597 0.0207789 0.00589518 0.0410093 0.0682624 0.0339511 0.0429572 0.0427209 0.0162447 0 0.000591762 0.00392127 0.0782065 0.0176738 0.0530097 0 0.0582511 0 0 0.115168 0 0 0 0.125844 0 0 0 0.292701 0.0110324 0.157219 0.136399 0.19308 0.0401959 0.219303 0 0.131649 0.00408784 0.0294796 0 0 0 0 0.0160686 0 0 0 0 0 0.134391 0.000554529 0 0.148407 0.0979742 0.00566552 0.152013 0 0 0 0 0 0.00246045 0.112766 0.187782 0 0 0 0 0.318831 0.286226 0 0.000523227 0.00892873 0.113617 0 0 0 0 0.148878 0.214786 0.00531675 0 0 0.0190958 0.0808909 0.0371747 0.0942607 0.0186998 0.0217284 0 0.0454091 0 0 0 0 0.0401822 0 0 0 0.0617339 0.0561029 0.309717 0.109492 0.151717 0 0.206715 0 0.0125353 0 0.0745973 0 0.0498421 0 0 0.0975261 0.0863328 0.0272099 0.114571 0.0202066 0.0166732 0 0 0 0 0 0.216859 0 0.00596736 0.124957 0.0357695 0.00928533 0.0684375 0 0 0.057972 0.0845541 0 0.278304 0 0.00112311 0 0.032599 0 0 0.0878862 0.229021 0 0 0 0 0 0.0568084 0.123416 0.129307 0 0.00603961 0 0 0 0.33666 0.0691506 0.0376035 0 0.0228585 0 0 0.0524661 0.131037 0.350451 0.350514 0 0 0.043159 0 0 0 0.0552595 0 0.0953511 0 0.105861 0 0.311243 0.156833 0.198586 0 0.0723125 0 0.0783628 0.0591734 0.0409156 0.0678608 0.00980433 0.395156 0.0911687 0 0.0336259 0 0.0134958 0.0365805 0.0432803 0.148722 0.0317419 0.079984 0.038624 0.107525 0 0.0848707 0 0.00498592 0 0 0 0 0.0942242 0.166199
47 9.4283 0.0353794 -0.0336375 0.0147156 0.298732 -0.131976 12.0349 0.200992 -0.153986 -0.26209 0.370661 0.172045 0.00884794 0.176848 -0.345467 -0.614795 -0.402484 0.126225 0.0674898 0.299006 0.0599503 -0.390283 -0.0704285 0.0543529 0.0594754 0.0452356 -0.00290422 -0.0845969 -0.159719 -0.0140284 0.0530697 -0.107753 0.186724 0.000756909 0.188224 -0.14656 -0.0462112 0.15875 0.0504501 0.0554892 0.177825 0.200885 1.38361 0.272539 0.62743 -0.0176249 0.0588509 0.155553 -0.0518951 -0.0589964 0.219201 -0.162053 -1.31157 0.136238 0.699162 0.0386366 -0.0705944 0.620017 1.74115 -0.0761577 0.233068 0.290544 1.08786 -2.51562 0.244401 0.0898572 4.84719 6.81212 0.707438 -2.57211 3.00286 -3.96744e-07 1.16554 0.0494806 -0.524537 -1.06164 -0.486173 -1.6102 0.663274 11.0835 13.5179 -1.09931 -0.373744 0.267687 0.708347 -0.0468576 -0.137736 -1.68847e-09 -0.979 -0.536304 -0.105916 0.595164 0.316959 5.35051e-09 1.21476e-09 6.5542e-10 -0.26942 -0.239726 0.0215594 -0.516578 4.32683 -4.60761 0.654672 3.54011e-09 -5.4276e-11 -1.97392e-10 -2.05638 -1.34219 0.48253 0.155536 -0.541502 -2.19451 0.184132 0.296797 0.87038 12.0123 0.113909 0.245526 1.0832 0.0227751 0.00357301 0.0278974 0.000674783 0.0190226 0 0.0129876 0 0.0012591 0 0.0555833 0.15689 0.0421483 0.136535 0.0401184 0.143497 0 0.173324 0 0.0870262 0.0038744 0.070269 0 0.153626 0 0.0778164 0 0.0979352 0 0.058224 0.0213084 0.00192217 0.0412107 0 0.082587 0 0.00491138 0.00287837 0 0.294645 0 0 0.0726749 0 0 0 0.00598494 0 0 0.085755 0 0 0 0 0.0204572 0 0 0 0 0 0 0 0.11719 0 0.0363396 0 0.185044 0.0490306 0.17396 0.0417611 0.202886 0.0658212 0.323695 0.231041 0.0036665 0 0.200401 0.106324 0 0.0258109 0.0012091 0.0134718 0 0.145578 0.162066 0 0.000190289 0.000763857 0 0 0 0 0 0 0 0.0976489 0.011396 0.123154 0 0 0 7.37617e-05 0.00340943 0.101401 0.00170318 0.22722 0.344672 0.258951 0.103136 0 0.0687294 0 0.10108 0 0.0399262 0 0.0782234 0 0.058684 0.251722 0.0937711 0 0.108792 0.0191531 0.0787973 0 0.0278183 0 0.0134603 0 0 0 0.00376099 0 0 0 0 0.00106727 0 0 0.195671 0.139676 0.067768 0.146775 0.0281783 0 0 0 0 0 0.0955009 0.0768633 0 0 0 0 0.415872 0.316926 0 0.00596472 0.00544425 0.333365 0 0 0 0 0.247725 0.220221 0.122012 0.296333 0.213294 0.48665 0.129336 0.0928928 0.129408 0.0945983 0.0013985 0 0 0 0 0 0 0 0 0 0.0364391 0.0117033 0.194172 0.166671 0.0987168 0.289525 0.0315254 0 0 0 0.0732833 0.00230833 0.0565944 0.00768686 0 0 0.0269701 0.20342 0.0408833 0.208113 0 0 0 0 0.0234664 0.0245607 0.0347978 0.0340407 0.0485736 0.00479699 0.0663072 0 0.0237577 0.0114084 0.0605153 0.0539216 0.00282251 0 0 0.26291 0 0 0 0.0692523 0 0.319966 0.233955 0.189643 0.00396273 0 0.00527248 0 0 0 0.236162 0.205238 0 0 0 0 0 0.25315 0.0194837 0 0.00412949 0.0206328 0.00498482 0 0.0966421 0.145113 0.290074 0 0 0.0216693 0.0366928 0 0 0.0170478 0.0389288 0 0.0490953 0.0192528 0.0511019 0.0199207 0.167353 0.291755 0.0575554 0.0600369 0.0590859 0.0924698 0.0854062 0.146781 0.0832807 0.0959609 0 0.143998 0 0.0682057 0.00495333 0 0.0093991 0 0.148272 0.0206541 0 0.0588367 0.0488573 0.0434309 0.0171188 0 0.0287052 0.00431861 0 0 0 0 0.133163 0.205132
48 9.46163 0.0246277 -0.0294044 0.0126527 0.305171 -0.120631 12.0709 0.0678185 -0.106511 -0.275666 0.598552 0.53908 0.0243294 0.12068 -0.188754 -0.587389 -0.298638 0.133914 0.0590535 0.215542 0.0513921 -0.400024 -0.065954 0.0124309 0.0748388 0.0486089 -0.00177806 -0.0709788 -0.143714 -0.0155094 0.0442616 -0.108941 0.080217 -0.0115929 0.185036 -0.0451869 -0.0130075 0.15875 0.0504501 0.0554892 0.116314 0.211562 1.39278 0.172875 0.701733 -0.0478596 0.0513835 0.155787 -0.0437343 -0.0583198 0.221169 -0.191837 -1.29609 0.168686 0.667876 0.0150633 -0.089847 -0.554338 -0.0546727 -0.144158 0.205884 0.33707 1.09186 -3.96643 0.944427 0.0608887 5.84515 9.47186 -1.8192 -0.0281694 2.79341 3.39967 3.40563 -0.0338317 0.151231 -2.51974 -0.299735 -3.76784e-09 0.201024 -2.08133 -0.470403 -0.029083 -0.130446 0.417027 0.864101 -0.118245 -0.147041 -2.11706e-09 -2.19507 -0.560635 -0.0547831 2.01925 0.966935 5.67814e-09 7.0052e-10 2.24671e-10 -0.635329 0.221301 -0.0999841 0.0640713 3.07365 -0.896713 0.274304 4.02618e-09 0.410395 -1.01968e-11 0.312357 -0.950239 0.294344 0.0238622 -0.857202 -0.094811 -0.649352 0.300281 0.880791 12.0498 0.0991613 0.29298 1.14178 0.00890349 0.0307838 0.0142105 0.0205297 0.0122375 0.0287804 0 0.000367396 0 0.00220123 0.0721654 0.295578 0.0447391 0.249866 0.0379238 0.244098 0 0.121579 0 0.0839266 0 0.11557 0 0.153171 0 0.15147 0 0.180892 0 0.187947 0.0332139 0.0494901 0.0655056 0 0.113406 0 0 0.00692105 0 0.215451 0 0 0.186076 0 0.00209362 0 0.00869285 0 0.00695329 0.00500323 0 0 0 0 0.0324691 0 0 0 0 0 0 0 0.071339 0 0.0213184 0 0.121498 0.00330885 0.113568 0 0.133503 0.00160616 0.223949 0.0196855 0.00413417 0 0.139745 0.0456992 0 0.0204352 0.00329303 0.0203462 0 0.0855222 0.106439 0 8.84195e-05 0 0 0.0324487 0 0.0190534 0 0.0237505 0 0.0376807 0.0100713 0.0497891 0 0.0470849 0 0.0507227 0.00697229 0.0587943 0 0 0.144677 0 0.113364 0 0.116191 0.000651799 0.169949 0 0.0731492 0.0847043 0.117734 0.0403777 0.0741556 0 0.129109 0 0.120907 0 0.105874 0.000834251 0.0527869 0 0.0199468 0 0 0 0 0.0670104 0 0.0278928 0 0 0 0 0.160656 0.133918 0.19383 0.33667 0.0732584 0 0 0 0 0 0.154205 0.18163 0 0.0230116 0 0.0160659 0.410729 0.49042 0 0.00302892 0.0199756 0.0275102 0 0 0 0 0.321137 0.21801 0.0858733 0 0.168617 0.0137483 0.106526 0 0.10572 0 0.0109907 0.0141674 0 0.0541631 0 0.000203148 0 0 0 0 0 0.059253 0.171271 0.311437 0.16336 0.213233 0 0.0281212 0.00369946 0.0309226 0.0460249 0.0152225 0.0247702 0 0 0 0.0075135 0.081411 0.00396164 0.129411 0 0 0 0 0.0147886 0.00143829 0.0749248 0.010446 0.103171 0 0.175029 0.0164166 0.12124 0.0152416 0.132134 0.0123929 0.0837067 0.0106571 0 0.156183 0.00164264 0 0 0 0 0.0154892 0.266837 0.192795 0 0 0.0106568 0 0 0 0.269354 0.267351 0 0 0 0.0117968 0 0.175628 0.0255613 0 0 0.0235178 0.00768985 0 0.163404 0.189093 0.198078 0.100024 0 0.0349597 0.0136408 0.0209931 0.00727837 0.010676 0.01707 0.0407172 0.0246251 0 0.0226744 0 0.0686128 0.124007 0.0295087 0.0352485 0.0225485 0.0273542 0.0350093 0.0591018 0.0338625 0.00369955 0 0.0695711 0 0.100616 0 0.0736225 0.000554809 0.0173099 0.0955481 0.0382042 0 0.0487526 0.0660243 0.109114 0 0 0.00454104 0 0 0 0 0 0.185135 0.243935
49 9.49497 0.0405155 -0.0488819 0.00911718 0.308335 -0.111555 12.1052 -0.110645 -0.0364806 -0.256057 0.790876 0.544461 -0.10704 0.0798117 0.164362 -0.261468 -0.20711 0.156976 0.0567503 0.102966 0.0487766 -0.398843 -0.0709623 -0.187043 -0.18503 0.0456624 0.0077071 -0.0705665 -0.162683 -0.0433478 0.048364 -0.10947 -0.00377009 -0.00700841 0.206036 0.0440137 -0.00857213 0.15875 0.0504501 0.0554892 0.118025 0.206871 1.39201 0.180178 0.702768 -0.0325586 0.00624739 0.156772 -0.00861591 -0.0553362 0.145118 -0.193822 -1.31583 0.102916 0.645042 0.0504802 -0.0769583 0.321303 -0.474191 -0.509903 0.095874 0.244468 1.03399 -4.81188 1.29401 1.66589 3.88907 -0.244061 -4.54089 1.17867 7.73095 8.46291 2.82872 0.583831 0.73143 -3.1356 -4.60018 0.446985 -0.923435 0.731827 0.154718 0.0927366 0.0700845 0.723608 -0.685393 -0.667066 -0.395223 -2.04087e-09 -0.287112 0.445939 0.58242 0.236363 -0.344472 8.9842e-09 2.41512e-10 3.68347e-10 0.190736 -0.365572 0.00560774 0.616303 7.49655e-11 0.414047 -1.06311 4.41517e-09 0.0115889 0.0406503 0.189152 0.177303 0.0304662 -0.33358 -0.147473 1.3451 0.122226 0.303267 0.888849 12.0877 0.0831617 0.173858 1.13888 0.00589152 0 0.0131155 0 0.0407207 0 0 0 0 0 0.0915266 0.118466 0.0530224 0.129969 0.0165363 0.153912 0.0115189 0.00954826 0 0.160302 0 0.198079 0 0.394985 0.00301718 0.389409 0 0.0829762 0 0.0864183 0 0.134829 0 0.0878216 0.209406 0.0503813 0.006032 0.0300037 0.0874001 0.138875 0 0 0.0526396 0 0 0.00215267 0.156816 0.0869716 0 0 0 0 0 0 0.0191863 0.0220114 0 0 0 0 0.00436638 0.0371915 0.0619604 0.0241135 0.0133991 0.0154926 0.135419 0 0.0939728 0 0.12768 0 0.152703 0 0 0.023735 0.0998792 0.0122325 0.00249269 0.00507754 0 0.0184816 0.0328085 0.0289092 0.0831322 0.0794999 0.000591769 0.000123579 0.0467736 0.260399 0.00877685 0.253933 0.0274417 0.299539 0.0278162 0.303806 0.0445895 0 0 0.161828 0 0.366917 0.0188511 0 0 0.22701 0.0164889 0 0 0 0.000792004 0 0.169113 0 0 0.207956 0.265371 0 0.0673255 0.043033 0.147707 0 0.0499575 0 0.0670937 0.0140905 0.0036585 0.0197058 0 0 0 0 0 0.08864 0 0.0503651 0 0.0175703 0 0 0.216172 0.159027 0.151728 0.182446 0 0 0 0 0 0 0.0812844 0.134326 0 0.0469679 0 0.0890248 0.40125 0.46662 0.00154712 0.0031757 0.0266922 0.0815128 0 0 0 0 0.362016 0.245026 0.0124184 0 0.00421802 0.0336463 0.10299 0 0.119048 0 0.0719374 0.102196 0.0323198 0.112666 0.00700485 0.0362176 0.0188456 0 0.00553441 0 0 0 0.203997 0.21104 0.00763771 0.179529 0.0363845 0 0.0314454 0.105053 0.0241777 0 0 0 0 0 0.0958019 0.140513 0 0.26292 0 0 0 0 0 0.135226 0.145169 0.0718408 0.0348707 0 0.102331 0.0141273 0.04342 0.0643361 0.0595929 0.00169945 0.156462 0.055356 0.0707398 0.260985 0 0 0 0.122099 0 0 0.290727 0.118034 0 0 0 0 0 0 0.261234 0.253995 0 0 0 0.100431 0 0.341655 0 0.0225104 0 0.15639 0 0 0.0356246 0.0591038 0.280384 0.179219 0.0406265 0.846378 0.023406 0.0775772 0 0 0.0554776 0.140235 0.0356525 0 0.00905101 0 0.00905659 0.155491 0.0336925 0 0 0 0 0.0846237 0 0.0372988 0 0.259311 0.0980379 0.110102 0.0485675 0.139267 0.0230355 0.00204457 0.236711 0 0.0196901 0.0356255 0.0752972 0.0228271 0 0.0138143 0.00476673 0 0 0 0 0 0.21992 0.225623
50 9.5283 0.0241302 -0.0680333 -0.0153772 0.307248 -0.105683 12.1409 -0.236603 -0.00117132 -0.19603 0.906748 0.414339 -0.23462 0.107089 0.183646 -0.195153 -0.0947929 0.176738 0.0835109 0.0131421 0.0491485 -0.393365 -0.0761051 0.0477587 0.0796676 0.045095 0.00381019 -0.0541342 -0.136835 -0.0409862 0.048183 -0.10912 0.0570459 0.0193786 0.197536 -0.0234274 -0.0347046 0.158939 0.0434701 0.054932 0.178983 0.30591 1.36987 0.11112 0.654374 -0.010738 0.0188017 0.155685 -0.0470617 -0.0580892 0.267833 -0.212097 -1.2804 0.197876 0.70049 0.0325375 -0.0123194 -0.678083 -0.559136 -0.824672 -0.00518102 0.16216 1.07458 -3.4164 -0.0892526 2.06346 2.58964 -2.61396 -1.88874 0.325625 -0.0868979 0.848122 3.03149 0.289614 1.29039 -1.89932 -0.656198 0.0649136 -0.0685351 -8.23402e-05 -0.000120859 -0.103065 -0.100255 0.512043 1.06521 0.14769 -0.00105429 -1.60641e-09 0.446934 0.456751 -0.226511 -0.51892 -0.075487 5.57214e-09 1.41343 1.26528e-10 1.07919 -0.516731 -0.112168 -0.173437 -0.353899 -1.51017 0.982373 3.1453e-09 -0.228149 0.0317485 0.448294 -0.138136 0.342016 0.194827 2.68614e-10 -1.14041 1.09721 0.305355 0.894323 12.1258 0.0474103 0.132674 1.1441 0.017652 0.0226947 0.024731 0.0119786 0.0216357 0.0206484 0.011803 0 0 0 0.150246 0.175276 0.115768 0.136729 0.105981 0.127837 0.0145246 0.0372763 0.00138337 0 0 0 0 0.0135622 0 0 0 0 0 0 0.000421898 0 0.0118195 0 0.020407 0 0 0.0123384 0 0.112598 0.0650328 0 0 0.0263501 0 0.00271992 0.000463959 0.0118879 0.0249245 0 0 0 0 0 0.0374713 0.0203416 0 0 0 0 0 0 0.0284587 0 0.00746367 0 0.143203 0.0063993 0.14123 0.00904096 0.162461 0.00617452 0.276639 0 0 0.00534263 0.137014 0.00826137 0 0.00551924 0.00672534 0.0195305 0 0 0.0665437 0.0385907 0 9.61312e-05 0 0.0231826 0 0.010011 0 0.0141455 0 0 0.0147283 0 0 0.0357028 0 0.0373457 0.0202263 0.00701997 0.076609 0.0304317 0.437367 0 0.169961 0.0351305 0.0667538 0.0105758 0.0730256 0.00217368 0.0080962 0.00725713 0.0174935 0 0.274172 0.0209269 0.26617 0.0467506 0.196974 0.0839901 0.128944 0.0281647 0.0349981 0 0.0821579 0.00701426 0.0716759 0.0119781 0 0 0 0 0 0 0 0 0.130438 0.166787 0.146628 0.285793 0.0428115 0 0.0042459 0 0 0 0.111404 0.15137 0 0 0 0 0.252487 0.467981 0 0 0 0 0.00475963 0 0.0163046 0 0.154893 0.243717 0.153373 0 0.264176 0.0107782 0.0987892 0 0.0998285 0 0.0121332 0 0 0 0 0.000831664 0.0199935 0 9.97789e-05 0 0 0.081559 0.11229 0.284527 0.143305 0.1358 0 0.0270443 0.00387066 0 0.00868417 0.0373025 0 0.00996481 0 0 0.0533694 0.0378916 0.0298636 0.0450058 0 0 0 0 0 0.0244854 0.140106 0 0.122912 0 0.0250965 0.0937114 0.0266958 0.0440952 0.0491843 0.00539803 0.0445136 0 0 0.0923777 0.00300683 0.000349808 0.00730365 0 0 0.0402766 0.292336 0.112349 0 0 0.0231501 0 0 0 0.136552 0.272956 0 0 0.00106412 0 0 0.0867227 0.0209268 0.00849164 0.000879885 0.00221791 0.0255571 0.0110739 0.151805 0.157639 0.141012 0.169333 0 0.0916225 0 0.0739713 0.0442849 0.00508156 0 0.0936993 0.00599954 0 0.00494022 0 0.0153358 0 0 0.00575798 0.00896796 0 0.00816002 0 0.00992156 0 0 0.00472211 0 0 0.0108966 0 0.0108159 0 0.106332 0.0533853 0.0831318 0 0.0847701 0.0657117 0 0 0.00410683 0.00364891 0 0 0 0 0.153721 0.217176
51 9.56163 0.00988691 -0.074163 -0.0415145 0.304678 -0.102911 12.1764 -0.340657 -0.0206478 -0.139755 0.943417 0.319032 -0.274608 0.0724502 0.172199 -0.211712 -0.0102124 0.18017 0.114197 -0.0322405 0.0220886 -0.389063 -0.0809649 0.0477542 0.0796629 0.0327234 0.00628721 -0.0391168 -0.0966553 -0.0430368 0.0479841 -0.108561 0.0687691 0.0391977 0.178823 -0.0348477 -0.0489485 0.158704 0.0521379 0.0556238 0.224885 0.332937 1.36127 0.114616 0.684212 -0.0222392 0.0420109 0.155876 -0.0397106 -0.0568691 0.203616 -0.201599 -1.28938 0.211904 0.700036 0.0593113 -0.0387393 -0.437592 -0.00182611 -0.656941 -0.00242494 0.0501933 1.05826 -2.62299 -1.21456 1.26191 0.0451381 -1.98969 0.0630918 -0.815759 -1.73559 -1.66805 2.21413 -0.0800027 1.01593 -1.01469 -0.933119 -0.0392704 0.0685291 -0.000146789 -0.000153289 -0.245949 0.0627052 0.345638 1.06465 -0.101437 -0.0307364 -2.11707e-09 -0.168483 0.306116 -0.509168 0.238697 -0.0402007 5.84183e-09 1.67296e-10 2.23779e-10 0.235278 -0.347027 0.261737 0.404858 0.462404 0.324327 0.0881432 3.65907e-09 0.699402 -3.51134e-11 -0.757403 -1.34741 -0.0178526 0.0525497 2.00148e-10 0.285314 -0.497688 0.30631 0.897022 12.1637 0.01146 0.0410005 1.12886 0 0.0260235 0 0.0229512 0 0.0244976 0 0.0107124 0 0.0503955 0.0775539 0.159291 0.063377 0.131167 0.0608906 0.126194 0.0229745 0.0479631 0.0200769 0 0 0 0.0403935 0 0.0134075 0 0 0 0 0 0 0 0 0 0 0.0200127 0 0.0142797 0 0.118291 0.105219 0 0 0.0423669 0.0294272 0.0510268 0 0.0525766 0.0213536 0 0 0 0 0 0.0305024 0.0155164 0 0 0 0 0 0 0.00960528 0.0100483 0.00220291 0.00356271 0.0630814 0.0458823 0.0692801 0.0302587 0.0922493 0.0326192 0.241037 0.0461853 0 0.00318135 0.0463199 0.069981 0.00101915 0.00637986 0.00406295 0.016615 0 0.0188791 0.02585 0.0656027 0.00115432 0 0 0 0 0 0 0 0.0283094 0 0.0425184 0.0161049 0 0.00894125 0 0.00890223 0.0282066 0.0253339 0.160127 0.155636 0.535665 0 0.185914 0.0963104 0.00128855 0.0185959 0 0.00595938 0 0 0 0 0.449931 0.405883 0.460686 0.332104 0.35633 0.232314 0.141063 0.00967721 0.00978962 0.000391814 0.28242 0.115202 0.316416 0.181276 0 0.0268109 0.00330447 0 0 0 0 0 0.182436 0.215295 0.0468882 0.18869 0.0162706 0 0 0 0 0 0.0364928 0.0748884 0.00783226 0 0.0324113 0 0.311506 0.478783 0 0.00181983 0 0.0426984 0.00769303 0 0.0186755 0 0.128778 0.279354 0.225093 0 0.377087 0.0434585 0.129624 0 0.127776 0 0.0477363 0 0.018875 0 0 0.0090558 0 0 0.00165669 0.000839673 0.0909789 0.186921 0.157306 0.341175 0.172801 0.147916 0 0.0657698 0 0 0.000601299 0.0879269 0 0.087709 0 0 0.355039 0.0219874 0.296046 0.00450437 0 0 0 0 0.171893 0.115424 0.0807186 0 0.0603687 0 0 0.131228 0 0.0109983 0.0584563 0.029765 0.0150565 0.0300902 0 0.130733 0.00552943 0 0.0957288 0 0.00667599 0.00303131 0.210403 0.130967 0.00184735 0 0.00750032 0 0 0 0.131279 0.263187 0 0 0.0111611 0 0 0.0734745 0.0696598 0.0132894 0.136204 0 0.144808 0.00607838 0.159903 0.075239 0 0.240265 0.00127946 0.0560719 0 0.0718221 0.0240281 0 0.00120299 0.103258 0 0 0 0 0 0 0 0 0 0 0 0 0 0 0.126584 0.0234023 0.152855 0 0.213732 0 0 0 0.14025 0.139925 0.0781851 0 0.0298439 0.0457511 0 0.0427014 0.0296845 0.0304785 0 0 0 0 0.138829 0.199429
52 9.59497 0.0218436 -0.0889756 -0.0520394 0.303291 -0.103342 12.2107 -0.447594 -0.0372796 -0.107264 0.890616 0.254964 -0.288704 0.0590683 0.119431 -0.260031 0.0508271 0.181361 0.124177 -0.0830092 -0.000296064 -0.371133 -0.0829058 0.0477338 0.0796219 0.00811082 0.0271704 -0.0298604 -0.0761836 -0.0363314 0.0388658 -0.109169 0.121522 0.0508132 0.163819 -0.0849323 -0.0465252 0.159059 0.0389898 0.0545741 0.255856 0.303819 1.36947 0.173059 0.689667 -0.00756926 0.0807735 0.155602 -0.0494169 -0.0575796 0.230809 -0.202015 -1.2795 0.298315 0.697764 0.00635912 -0.0497212 0.381305 -0.326945 -0.148568 0.0668194 -0.0317646 1.01718 -2.80741 -0.736552 0.594153 -2.55613 -0.464668 1.16435 -0.618285 -5.58665 -3.64998 1.62832 -0.0756823 0.235189 -1.25524 -0.762666 0.403204 0.149487 -0.00227624 -0.00497066 -0.594766 0.577553 0.180001 0.472099 0.189494 -0.267009 -2.26556e-09 0.917306 5.99719e-10 -0.372672 -0.65627 0.674466 6.489e-09 -0.780996 1.5078e-10 0.172511 -0.370229 0.462073 0.194462 -1.00704 1.15434 0.181686 2.72393e-09 0.296286 -6.71019e-11 0.050921 -0.83718 -0.0698713 0.410281 -0.690887 -2.3827 0.841243 0.306259 0.896502 12.2011 -0.0152363 -0.0553193 1.12231 0 0.0513608 0 0.0451226 0 0.0264947 0 0.0597942 0 0.118537 0 0.11403 0 0.105909 0.00380347 0.107592 0 0.018522 0.0368444 0 0.00552761 0 0.0629202 0 0.0478142 0 0 0 0 0 0 0 0 0 0 0 0.002375 0.0176735 0 0.0988669 0.0761827 0 0 0.00410007 0.0433561 0.143103 0.00727072 0.124109 0 0 0 0 0 0 0.0285993 0.0175269 0 0 0 0 0 0 0.0386368 0.0395703 0.0178283 0.0179655 0.0791928 0.116073 0.0809453 0.0861082 0.100373 0.0958532 0.242742 0.140195 0.018133 0.0084702 0.0545353 0.142045 0 0.000455765 0.0141516 0.0202732 0 0 0.0927244 0.118192 0.0008725 0 0 0 0 0 0 0 0.00047949 0 0 0 0 0 0 0 0.0023585 0.00393071 0.0915365 0.34288 0.22768 0 0.0778204 0.0519033 0 0 0 0 0 0 0 0 0.385189 0.258042 0.340709 0.2113 0.21244 0.213984 0.0454891 0 0.0115301 0 0.218013 0.187882 0.285705 0.229723 0.016402 0.153966 0.0032922 0 0 0 0 0 0.114484 0.217809 0 0 0.0064672 0 0 0 0 0 0 0 0.00915167 0 0.0272732 0 0.213302 0.440803 0 0 0 0.00509357 0.00280227 0 0.0173306 0 0.110802 0.194628 0.195145 0 0.349788 0.0287315 0.107407 0.010584 0.105506 0.0120379 0.0244146 0 0.00408275 0 0.00303733 0.0412313 0 0 0.00155443 0.00335136 0.0975939 0.381609 0.112324 0.258274 0.131 0.100856 0 0.143592 0 0 0 0.082016 0.000259444 0.105703 0.0764462 0.0390536 0.33231 0 0.274203 0 0 0 0.0132756 0 0.161041 0.294106 0.00362843 0.0673959 0.000537533 0.0229221 0 0.0996393 0 0.0527105 0.0278555 0.0210303 0.0447385 0 0 0.165877 0.0174422 0 0 0 0.00889738 0 0.155769 0.110639 0 0.00693755 0 0.00128449 0 0 0.122654 0.177158 0 0 0.0123963 0 0 0.109914 0.0383923 0.00214377 0.115394 0 0.115419 0 0.108245 0.0196722 0.053543 0.432003 0 0.0534051 0.0190354 0.0974381 0.0216625 0 0.0322503 0.134575 0 0 0 0 0 0 0 0 0 0 0 0 0 0 0.134096 0.0859714 0.160909 0.0186326 0.209863 0.0259225 0 0.00512563 0.0940906 0.27326 0.0982465 0 0 0.00838589 0 0.105461 0.0144806 0.0306228 0 0 0 0 0.0761627 0.184299
53 9.6283 0.0428633 -0.10053 -0.0579895 0.301932 -0.105741 12.2439 -0.533112 -0.0408128 -0.0776502 0.758022 0.205671 -0.280838 0.0660186 -0.132664 -0.355417 0.084328 0.173007 0.129273 -0.101723 -0.0353289 -0.347881 -0.0801642 0.0475959 0.0792981 -0.0114722 0.0419114 -0.0188336 -0.0684662 -0.0343123 0.028549 -0.108934 0.112683 0.051288 0.148739 -0.0737033 -0.0329761 0.159267 0.0312344 0.0539542 0.260163 0.278509 1.38723 0.176738 0.657739 -0.00646312 0.0959569 0.155623 -0.0486553 -0.05752 0.222225 -0.200358 -1.29159 0.342863 0.684179 -0.0296028 -0.0456497 0.489366 -0.328358 -0.0702868 0.0627958 -0.0588478 0.997449 -2.21566 -0.335451 0.71156 -4.36896 -0.0883909 2.41461 -0.938934 -7.5088 -3.03895 0.842921 -0.313001 0.125141 -4.5914e-10 -1.28906 0.606757 0.390214 -0.00526154 -0.0126672 -0.439978 0.364921 0.293721 0.309121 0.099819 -0.365404 -3.09798e-09 0.287941 5.4319e-10 -0.354904 -0.244504 0.36821 7.10255e-09 0.0202687 2.26494e-10 0.480698 -0.624606 0.461674 0.0754426 -0.937463 -0.160577 -0.0994778 2.34756e-09 0.0731213 -8.23684e-11 0.183499 -0.697812 -0.305745 0.0768762 -1.0471 -0.932573 0.681977 0.30529 0.89388 12.2388 -0.043765 -0.100234 1.14146 0 0.039222 0 0.0302097 0 0.00997645 0 0.0685432 0.0210983 0.113536 0 0.128931 0 0.132718 0 0.136778 0 0.025003 0 0.0376658 0 0 0 0.0669369 0 0.0616279 0 0 0 0 0 0 0 0 0 0 0.000954909 0.0143579 0 0.13222 0.00384528 0 0 0 0.00500525 0.315868 0 0.217141 0 0 0.00438925 0 0 0 0.0210479 0.0199726 0 0 0 0 0 0 0.0309803 0.023035 0.0131185 0.00403728 0.0257982 0.186683 0.0258696 0.142365 0.040611 0.156599 0.140076 0.239917 0.00406912 0 0.0114099 0.215698 0 0.000550189 0.00894817 0.00933193 0 0 0.0896143 0.0877349 0.00062399 0 0 0 0 0 0 0 0.0256793 0 0.00493596 0.017941 0 0 0 0 0.00796408 0.0211021 0.10311 0.467321 0.261715 0 0.0773441 0.0156834 0.00165556 0 0.00497253 0 0 0 0 0 0.368282 0.0715557 0.339767 0.0920513 0.227326 0.250745 0.0463004 0 0.0219782 0 0.108479 0.349245 0.177072 0.3381 0 0.342999 0 0 0 0 0 0 0.115212 0.241287 0 0 0.0111025 0 0 0 0 0 0 0 0 0.0211177 0 0.059855 0.246466 0.45297 0 0.00077981 0 0 0 0 0.00956511 0 0.146297 0.158209 0.157911 0 0.271229 0.0128784 0.0789315 0.0365974 0.0774003 0.0370199 0.00748905 0 0 0 0 0.0719063 0 0 0 0.0100022 0.0475382 0.549907 0.134422 0.260971 0.032959 0.219758 0 0.119413 0 0 0 0 0.0143706 0.0223466 0.120359 0.109566 0.17858 0 0.139919 0 0 0 0.00703553 0 0.0486035 0.568256 0.0227664 0.0271606 0.0163745 0 0 0.0344861 0 0.148097 0.0462216 0.03288 0.000854207 0 0.00798631 0.175185 0.023289 0 0.0584111 0 0.0622299 0 0.120622 0.124753 0 0.01121 0 0 0 0 0.138725 0.157019 0 0 0.000114977 0 0 0.133162 0.0480002 0 0.0479664 0.0105241 0.0707089 0.00459687 0.0662695 0.0083813 0 0.603934 0 0.02057 0.0237705 0.0802944 0 0 0.0301024 0.111669 0.0210028 0 0.0174907 0 0.0715325 0 0.0132781 0 0.0291616 0 0.0410194 0 0.0415688 0 0.026177 0.277836 0.0376145 0.182354 0.0445933 0.189845 0 0.039386 0.149591 0.272426 0.0864477 0.0222255 0 0 0.0262159 0.0715137 0.0365437 0.0432108 0 0 0 0 0.0874223 0.199465
54 9.66163 0.0669946 -0.0964302 -0.0608723 0.299981 -0.109717 12.2777 -0.574237 -0.0424052 -0.0533812 0.540334 0.181135 -0.234728 0.0403247 -0.123717 -0.3205 0.102914 0.159658 0.133193 -0.101723 -0.0779367 -0.336023 -0.0766421 0.0473229 0.0787808 -0.0294084 0.043041 -0.00843302 -0.0640497 -0.0321903 0.0185619 -0.109337 0.127847 0.0504673 0.133066 -0.0920405 -0.0238558 0.159006 0.0409857 0.0547335 0.303066 0.257895 1.39601 0.192138 0.647251 -0.00231577 0.0993951 0.155542 -0.0515448 -0.057746 0.197266 -0.188726 -1.31809 0.374687 0.680646 -0.0233189 -0.0318055 0.686728 0.321911 0.00656889 0.0469384 -0.0834229 1.03261 -0.983746 -0.1161 0.445426 -6.31595 0.57619 1.93454 -0.673851 -3.64117 -1.61606 0.540949 -0.433764 0.0596332 -2.27313e-10 -1.2378 0.11132 0.312964 -0.0105983 -0.0178444 -0.422891 0.102322 0.245786 0.0635238 0.00792093 -0.370233 -2.63842e-09 0.910115 6.14974e-10 -0.433694 -0.973646 0.318594 6.29691e-09 0.21479 2.83944e-10 0.636005 -1.04491 0.578984 0.154086 -0.567584 0.117093 -0.147354 2.10511e-09 -7.20584e-11 -1.31942e-10 0.0247373 -0.632504 -0.576032 0.0396471 -0.668197 -0.389409 0.790347 0.303451 0.889489 12.2768 -0.0662619 -0.1497 1.13755 0 0.0386051 0 0.0271865 0 0.00917736 0.00418773 0.0714147 0.0220761 0.143881 0 0.0327383 0 0.0382427 0.00221875 0.0418933 0.0077114 0.0255825 0.0612205 0.0249471 0.0333382 0 0.101262 0.0473841 0.0861684 0.0488121 0 0 0 0 0 0 0 0 0 0 0 0.0109709 0 0.119277 0 0 0 0 0.00504057 0.272908 0 0.165251 0.0107254 0 0.00626781 0 0 0 0.019171 0.0143553 0 0 0 0 0 0 0.0147564 0.0187547 0.00622532 0.00385337 0.0153859 0.124724 0.0165796 0.0893336 0.0308313 0.100847 0.116892 0.163777 0 0 0.00512644 0.149387 0 0.00050451 0.00612372 0.0104368 0 0 0.0610115 0.0777049 0.000559767 0 0 0.00203569 0 0.000995438 0 1.15409e-05 0.0348195 0 0.019609 0.00663281 0 0.000727519 0 0 0.0176666 0.017797 0.0990693 0.374269 0.317675 0.000158429 0.0282889 0.0055361 0 0 0 0 0 0 0 0 0.311876 0.00977467 0.192943 0.0403592 0.110876 0.157733 0.0058935 0 0.0149558 0 0.169505 0.236072 0.233483 0.216056 0.0199111 0.30876 0.00592407 0 0 0 0 0 0.117192 0.184988 0 0 0.00453657 0.00865167 0 0 0 0 0 0 0.0131309 0.015525 0.0289798 0.0362891 0.242987 0.361962 0 0 0 0 0 0 0.0016986 0 0.129534 0.14378 0.135058 0 0.229411 0 0.0760868 0.0194846 0.0751712 0.0194522 0.0242724 0 0.00939774 0 0 0.0592505 0 0 7.13393e-06 0.00933587 0.166078 0.509292 0.109334 0.267534 0.0802521 0.154183 0 0.12798 0 0 0 0.0389189 0.00195719 0.0806583 0.17799 0.141971 0.431495 0 0.387298 0 0 0 0.0160405 0 0.136458 0.417982 0 0.0711223 0 0.0530608 0 0.125197 0 0.354051 0.0287137 0.0427735 0 0.141728 0.00444683 0.195641 0.0281153 0 0.071214 0 0.0215243 0 0.108159 0.0874409 0 0.0193771 0 0.0224992 0 0 0.133491 0.118893 0 0 0.0166305 0 0 0.136929 0.0339096 0 0.132652 0 0.10929 0 0.0429729 0 0 0.47136 0 0 0.0125818 0.0724154 0 0 0.00662605 0.0977949 0.0123715 0 0.00648073 0 0.0463384 0 0.00308848 0 0.0198946 0 0.0267219 0 0.0275962 0 0.139109 0.188098 0.178658 0.115928 0.227298 0.109682 0 0.00312777 0.163015 0.281783 0.0941586 0.00109208 0 0 0.01633 0.124582 0.033991 0.0447338 0 0 0 0 0.0718707 0.168687
55 9.69497 0.0803743 -0.0576061 -0.0643382 0.296938 -0.115494 12.3151 -0.517311 -0.0475132 -0.0413626 0.189316 0.22555 -0.269693 0.139231 -0.097213 -0.289134 0.129094 0.169024 0.145146 -0.101569 -0.120798 -0.380797 -0.077394 0.0434762 0.0703303 -0.0272048 0.0348761 0.0024971 -0.0761102 -0.0309772 0.0078444 -0.110118 0.149104 0.0450053 0.116795 -0.122397 -0.00874723 0.158754 0.0503081 0.0554778 0.392365 0.247187 1.40805 0.205095 0.632385 0.00587674 0.0531997 0.155573 -0.0504148 -0.0576577 0.165338 -0.152514 -1.35901 0.443039 0.698494 -0.0143762 -0.02855 0.596239 1.16102 0.0115091 -0.0209706 -0.127883 1.17059 1.29121 -0.527966 0.154368 -9.5362 7.02896 -0.330347 -2.46112 -4.84813 -5.64391 0.597278 0.567542 0.249112 -1.48427e-10 -1.32475 -1.67355 -0.088974 -0.00858708 -0.000408553 -0.194529 0.19909 0.308475 -0.480951 0.0188254 -0.549235 -1.59004e-09 1.11377 0.153209 -0.542687 -1.37211 0.067567 1.46933e-09 3.71432e-10 2.37978e-10 1.56292 -1.47239 1.19437 -0.0895202 -0.145658 -0.0948271 -0.950379 2.63646e-09 0.214695 -1.63102e-10 0.0142103 -0.287577 -0.885419 0.678567 -0.671598 -1.55859 1.42716 0.30086 0.882981 12.3148 -0.0832157 -0.213167 1.1446 0 0.0614481 0 0.0422964 0 0.0106543 0 0.106052 0.0509222 0.158731 0 0.111816 0 0.103797 0 0.10043 0.00304937 0.014432 0.130192 0.0743995 0.0915428 0.0428249 0.182473 0.16941 0.15994 0.174602 0.0285481 0.00376042 0.0536032 0 0 0 0 0 0 0 0 0.0038928 0 0.0495328 0.0060627 0 0 0 0.0455135 0.432572 0 0.176433 0.00312782 0.0159235 0.0288354 0.00160587 0 0 0.0272971 0.0150459 0 0 0 0 0 0 0.0271398 0.0205091 0.011739 0.00404259 0 0.025697 0.00324677 0.0494146 0 0.0535842 0.0742494 0.161928 0 0 0 0.0550481 0 0 0.0118026 0 0 0 0.0814815 0.0430511 0.000665356 0 0 0.0445724 0 0.0297352 0 0.0347883 0.0202658 0.0382814 0.0147982 0.028599 0 0.0175294 0 0.020528 0.0133273 0.0265338 0.460817 0.256902 0.196472 0 0 0 0 0 0 0 0 0 0 0 0.345506 0.020371 0.0795962 0 0.00740522 0.137145 0 0 0 0 0.17916 0.359681 0.25796 0.316612 0.0536818 0.479965 0.00695162 0 0 0 0 0 0.182144 0.0991071 0 0 0 0.0348243 0 0 0 0 0 0 0.0174974 0.0463726 0.031273 0.121735 0.290964 0.124564 0 0.00147133 0.0825119 0 0 0.0105458 0.0100753 0.0232022 0.162656 0.168464 0.0449748 0 0.382358 0 0.0463579 0.00706318 0.0495802 0.0153375 0.0222011 0.000604932 0.0112995 0 0.0254915 0.205567 0 0.0207148 0.000447651 0.0121639 0.275612 0.654864 0.195677 0.401586 0.161629 0.304577 0 0.166384 0 0 0 0 0.00511934 0.0307524 0.255245 0.247874 0.549856 0 0.477646 0 0 0 0 0 0.177003 0.548506 0 0.0497512 0.00653884 0.0666289 0 0.444162 0 0.6965 0.0134946 0.0427905 0 0.532836 0.000562729 0.0571837 0.049509 0.0287308 0.0676757 0 0 0 0.0603912 0.151892 0 0 0 0.0108095 0 0.0270911 0.158945 0.122747 0 0 0.0154797 0 0 0.00551427 0.030563 0 0.186712 0 0.147084 0 0.0904796 0.0138784 0 0.36458 0 0.168959 0.0465895 0.0203345 0 0.00685788 0.0362267 0.0226817 0.0305963 0 0 0 0.062633 0 0 0 0.0271648 0 0.0373489 0 0.031063 0 0.204233 0.365382 0.257686 0.305062 0.311221 0.312368 0 0.0107825 0.101327 0.2697 0.0899528 0.0843896 0 0.00108659 0.0246273 0.0978306 0.0195345 0.0415242 0 0 0 0 0.0824884 0.108911
56 9.7283 0.0784563 -0.0248209 -0.0801783 0.293074 -0.122314 12.3538 -0.482937 -0.0391902 -0.0176329 0.0966046 0.328229 -0.174693 0.0568744 -0.573074 -0.545822 0.174358 0.162753 0.173127 -0.101568 -0.167149 -0.396943 -0.0828307 0.0417392 0.0684108 -0.0120187 0.0326972 0.0338417 -0.0861427 -0.0344983 -0.0096716 -0.108695 0.106233 0.0520901 0.103326 -0.0945129 -0.0114575 0.158759 0.0501233 0.0554631 0.42568 0.227602 1.42531 0.192642 0.644005 -0.00244219 0.0962703 0.155636 -0.0481872 -0.0574834 0.203549 -0.159965 -1.37464 0.502299 0.693941 -0.0711901 0.00571989 -0.290285 -0.654118 -2.25193 -0.102778 0.104204 0.92897 0.338326 -0.162667 2.52198 2.20624 -2.17341 -0.181789 0.258683 1.96151 -0.000722164 1.24619 -0.162125 2.61476 -9.24967e-11 -0.286969 1.1045 0.326987 -0.928907 -1.25091 3.1953 0.0110818 2.87001 -2.99428 0.387255 -0.293003 -4.44433e-09 -7.70437 1.48185e-09 -0.275559 7.42031 0.265555 5.93878e-09 9.70252e-10 1.04407e-09 1.12301 -0.617734 -0.0817359 -0.616822 0.288371 -0.260635 0.949828 2.27387e-09 0.451211 -1.53508e-09 -0.517117 -0.30855 -1.37603 -0.805948 -0.22492 -1.95349 1.83084 0.298048 0.876603 12.3505 -0.0823423 0.0387117 0.930076 0.323575 0 0.307403 0 0.278747 0 0.221867 0 0.582148 0 0.534198 0.545 0.485936 0.449744 0.383121 0.481309 0.00167288 0.0833771 0.29496 0 0.318641 0 0.369815 0 0.34858 0 0.348856 0 0.330771 0 0.311158 0.0733912 0.23617 0.18997 0.135082 0.338642 0.000708545 0 0.168607 0.118021 0 0 0.0647056 0.371966 0 0 0 0 0 0.0764325 0.00905309 0 0 0 0 0 0 0 0 0 0.0389467 0.0406192 0.049284 0.0412372 0.0319693 0.0188409 0.00287593 0.170431 0.0081754 0.114272 0.0104689 0.126727 0.0426383 0.208156 0.0764498 0.0741173 0 0.179019 0.00256668 0.0167254 0.0459149 0.0486885 0 0.015685 0.142206 0.0496623 0 0 0 0 0 0 0 0 0.0206287 0.0104501 0 0.0287011 0 0 0 0 0 0.0275216 0.0806967 0 0.394797 0 0 0.305741 0 0.240457 0 0.35241 0.0231599 0.16156 0.0883149 0.310248 0.0624814 0.477037 0 0.485005 0 0.384444 0 0.317963 0 0.12401 0 0.0578697 0 0.104803 0.126996 0 0 0 0.0195361 0.0923972 0.00332608 0 0 0 0.0780029 0 0 0 0 0 0.0264989 0.0624406 0.42023 0.0479623 0.00384527 0 0 0 0.186819 0.0622911 0 0 0.395676 0.121509 0 0 0 0 0 0 0.0863121 0.00406624 0.132213 0.0383897 0.0289367 0.00243911 0.0274545 0.000564076 0 0 0 0 0 0 0.0488916 0.120412 0 0 0.829942 0 0.925565 0 0.736676 0.0482573 0.690543 0 0 0 0.70934 0 0.739815 0 0 0 0 0.0235904 5.52218e-05 0 0.0416867 0.0917528 0 0.0725102 0 0 0.255072 0 0.0892649 0 0.0394234 0.371722 0.0229742 0.122377 0 0 0 0.171898 0.199948 0.157771 0 0.0329512 0.129062 0 0.152015 0 0 0.136229 0 0 0 0 0.0899057 0 0 0 0.00759767 0.105216 0 0 0.233767 0.201414 0 0.0692168 0 0 0.00166728 0.0307153 0.0158627 0.0403204 0 0.616724 0 0.0853781 0.0441289 0 0 0 0.0408895 0 0.0894001 0.191734 0.0984246 0.219913 0.33103 0.613305 0.106062 0.261499 0.123254 0.240144 0.18118 0.361427 0.144527 0.327074 0.0793303 0 0.0232116 0 0.00222956 0 0 0.120799 0.682811 0.222179 0 0.583661 0.15028 0.155493 0.556012 0 0.1032 0 0 0.00398213 0 0.040634 0.0179434 0.00252239
57 9.76163 0.0972124 -0.0644692 -0.113498 0.289874 -0.120804 12.3845 -0.554564 -0.0342914 0.0304275 0.260067 0.158156 -0.147331 0.0529317 -0.590329 -0.605065 0.201102 0.120082 0.199457 -0.101568 -0.124187 -0.30259 -0.0802015 -0.0638615 -0.0480463 0.00376883 0.0354611 0.0603369 -0.104911 -0.0120355 0.00573838 -0.109632 0.129629 0.0460509 0.0885199 -0.0945503 0.00614909 0.15883 0.0475092 0.0552544 0.402347 0.180075 1.41629 0.233403 0.697986 -0.0300443 0.112328 0.155562 -0.0508177 -0.0576892 0.229688 -0.159246 -1.38543 0.546257 0.700538 -0.116399 -0.0669252 0.340507 -1.08894 -0.657547 -0.0266794 0.145624 0.965084 -1.49656 -0.259745 1.04315 4.45939 -5.43467 1.02598 0.215221 2.79097 0.0877374 0.95157 -1.36817 0.595918 -1.38598e-09 1.63888 2.47217 0.757736 -2.59377 -3.54911 0.256494 -0.0235244 0.653885 -0.0914056 0.572211 0.364366 -9.88662e-11 0.151895 -0.130375 -0.220119 0.637522 0.277155 2.58167e-09 -0.340893 4.69602e-10 -0.607867 -0.124083 -0.503778 0.190111 -0.562101 0.885007 -0.637934 7.56504e-09 -3.66267e-10 -6.90506e-10 0.646816 0.0884363 -0.109007 0.342841 -0.00608757 -2.69125 -0.976058 0.295552 0.879335 12.382 -0.079297 0.0950087 0.955052 0 0.10052 0 0.0933521 0 0.088583 0 0.0565261 0 0.0380151 0.0624467 0.0350296 0.0726508 0 0.0978488 0 0.0959306 0.0450758 0 0 0 0 0 0 0 0 0.0090722 0 0.0204027 0.0118082 0.0255045 0.0183066 0.00886217 0.0205762 0.0214132 0.0562856 0 0.00431085 0.161993 0.0634836 0 0 0 0.0557954 0.0293028 0.0283207 0 0.0077057 0 0.00452068 0.0422863 0 0 0 0 0 0 0 0.00110421 6.82124e-06 0.0426336 0 0 0.0163822 0.0079092 0.00790799 0 0 0 0 0 0 0.0234881 0 0.0589589 0.0276021 0.00715037 0 0.023219 0.00588492 0.0589276 0.0305856 0 0 0.0663204 0.0598187 0.00184455 0.000231083 0.152014 0.0915416 0.149987 0.0675196 0.148828 0.0809243 0.228543 0.100797 0 0 0.140757 0.0736918 0.229467 0.0757933 0.0032523 0.0165397 0.126988 0 0.296622 0 0.013175 0.065623 0 0.0511356 0.00667801 0.0736024 0.0115322 0.0385033 0.00501434 0.0495407 0.0890595 0.0353798 0.0613363 0.0766907 0.00980665 0.090232 0.0132627 0.073467 0.00193628 0.0181616 0.0231121 0.00902905 0.00992956 0.00317625 0 0 0 0.00124444 0.0797865 0.0380929 0 0 0.0127577 0 0.0383238 0.0338645 0 0 0 0.0130673 0 0 0.147245 0.219207 0 0 0 0.00273258 0.0933332 0 0 0 0 0.0137144 0 0 0 0.000958631 0 0.0847209 0 0 0 0 0.0185713 0 0.0187728 0 0.0021475 0 0.00146033 0 0.0522708 0.00924926 0 0.0595734 0.00184056 0 0 0.171594 0 0.206591 0.0426366 0.0616341 0 0.0887978 0 0.000752168 0 0.15779 0 0.170395 0.0445568 0.0329531 0.102602 0 0.0835418 0.0118114 0 0 0.0174424 0.0219361 0.00566936 0 0.00650339 0.0387479 0 0 0 0.0786469 0 0.0259211 0.0168744 0 0.00591555 0.0133558 0.223518 0.171128 0 0.0348053 0.586725 0.0166674 0.194311 0 0.0524326 0.116538 0 0 0 0 0 0.0670912 0 0.0556523 0.00611149 0.0622097 0.000677817 0 0.377365 0.116195 0.00552748 0.0155772 0.0155824 0 0.0164339 0.00267882 0 0.0256324 0.0335514 0.625643 0.0200147 0.0359657 0.0794081 0.0234148 0 0 0.055047 0.0248449 0.0494346 0.0153965 0.00127837 0.00949308 0.201016 0.163529 0.0261 0.0315409 0.0476436 0.0286148 0.0807118 0.0377627 0.0813775 0.0052282 0 0 0.00100736 0.00939039 0.0247548 0.00749472 0.000644508 0.023402 0 0.124159 0.0609876 0.002814 0.0195455 0.10607 0 0.102192 0 0.00306525 0 0.00538665 0 0.00449085 0.0777951 0.0919445
58 9.79497 0.0942195 -0.0814875 -0.12296 0.287704 -0.118392 12.4198 -0.538058 -0.0330529 0.043219 0.30941 0.129577 -0.136763 0.0625348 -0.533795 -0.600933 0.230601 0.085171 0.201449 -0.0689327 -0.0556513 -0.253023 -0.0501171 -0.175769 -0.201206 0.0117501 0.031339 0.0712803 -0.0999849 0.00514984 0.0125158 -0.110463 0.124805 0.0320187 0.0898087 -0.0642292 0.0254697 0.156524 0.0332194 0.054162 0.399662 0.178608 1.40279 0.225288 0.66486 -0.0403051 0.102607 0.155562 -0.0508177 -0.0576892 0.218999 -0.180294 -1.39088 0.506521 0.696408 -0.128031 -0.0860213 0.117267 -0.548049 -0.141292 0.00648028 0.172549 1.08931 0.678254 -0.124101 0.251795 0.854104 -0.0847485 0.654594 0.14345 -0.978627 -1.36076e-09 0.439671 -0.957848 0.00716617 1.25229 2.50314 1.42285 0.644727 -3.78139 -5.17189 -0.138058 -0.0930824 0.273281 0.166152 0.487955 0.142266 -6.49351e-10 -0.267167 -0.329507 0.0371694 1.0767 0.372244 -0.47735 0.000413764 2.56485e-10 0.0885998 -0.776135 -0.189699 0.0267587 -0.255627 -0.68506 0.244958 7.94716e-09 -5.89127e-10 -7.89185e-10 -0.482243 -0.317414 -0.135746 -0.565348 0.927104 1.64141 -0.595097 0.292815 0.881879 12.4144 -0.0869594 0.0710515 0.987182 0 0.0759011 0 0.0773057 0 0.0752843 0 0.0428687 0 0.0242714 0.0959083 0.025287 0.102271 0 0.127747 0 0.14143 0.0331098 0.0721919 0 0.055713 0.00202366 0.104986 0 0.0889779 0 0.0351167 0 0.0342546 0.00944189 0 0.0479813 0 0.0499695 0.00819602 0.0837849 0.000433621 0.00179296 0.246784 0.0465325 0 0.0137644 0 0.153509 0.0761421 0.029167 0.0176951 0.00365867 0.0407425 0.023666 0.040462 0 0 0.00686398 0 0.00364256 0 0 0 0.000441871 0.000120565 0 0 0.0216233 0 0.00601957 0 0.0381609 0.00711677 0.0158656 0 0.0105969 0.0177993 0.066612 0.0207898 0.00695279 0.00231186 0.0663584 0.0274675 0.00173901 0.0455691 0.0162663 0.052817 0 0.0229089 0.0487518 0.00157542 0.000559979 0.1512 0.0529685 0.144694 0.0377908 0.150563 0.0473603 0.213974 0.0708364 0.0124135 0.0179534 0.15367 0.0483504 0.186952 0.0481567 0.0442092 0.0257493 0.14577 0 0.26786 0 0 0.0461034 0 0.048138 0 0.0895914 0 0.063224 0 0.099132 0.236578 0.049362 0.0534594 0.0707706 0 0.0678913 0 0.0494091 0.00741464 0.0139906 0.130303 0 0.16707 0 0.0709493 0 0.000356074 0.00295254 0.0588321 0.0225741 0 0.0054551 0.123092 0 0.0349049 0.0345782 0 0.013048 0 0.0216782 0 0 0.138851 0.184487 0.000354217 0 0.0101941 0.00496265 0.253978 0 3.77651e-06 0 0.113085 0.0274997 0 0.0191234 0 0.0178195 0.0696284 0.0766566 0 0 0 0 0.00491058 0 0.00641674 0 0.00961116 0 0 0.00218938 0.0598802 0 0 0.0464003 0.00383329 0 0.0710849 0.105824 0.0855725 0.194684 0.188677 0.062765 0 0.0702813 0 0.000875031 0 0.139869 0 0.165809 0.0332295 0.0211616 0.140897 0 0.0857381 0 0 0 0 0.0257008 0.100567 0 0.00106054 0.050118 0 0.0363124 0.172812 0.126793 0 0.0696997 0.0345174 0.0214146 0.252284 0.0468516 0.272599 0.0882243 0 0.0430343 0.525143 0.00174182 0.076377 0 0.0727417 0.133736 0 0 0 0.00124917 0 0.0406845 0.062254 0.0481419 0 0.0352773 0.00933919 0 0.393422 0.0272259 0 0.011252 0.0507444 0 0.056725 0 0.0197638 0.0175771 0.145456 0.722999 0.0761451 0.0192685 0.0652264 0.00644825 0 0.00231072 0.0423674 0.0067277 0 0.00943006 0 0 0 0.113667 0 0.021815 0 0.0138077 0 0.0166642 0 0.00192659 0.164376 0 0.151449 0.000719461 0.169142 0.00649707 0.00265039 0.0148662 0 0.125527 0.00689388 0.0406584 0.0231261 0.0890362 0 0.0931886 0 0 0 0.00957316 0 0.0237867 0.138397 0.11898
59 9.8283 0.108398 -0.0951463 -0.136673 0.284343 -0.113451 12.4564 -0.512391 -0.0321022 0.0615527 0.317977 0.099089 -0.125181 0.0707263 -0.279903 -0.442856 0.205927 0.0540509 0.208612 0.0214524 0.0298605 -0.216058 -0.0263178 -0.239817 -0.373447 -0.00130229 0.0280985 0.0843133 -0.102219 0.0199756 0.022027 -0.111417 0.0955747 0.0127272 0.0902652 -0.00977512 0.0509043 0.138565 0.0306401 0.0542249 0.400752 0.154 1.39791 0.206931 0.682165 -0.06429 0.113445 0.155555 -0.0510604 -0.0577081 0.167002 -0.183521 -1.4036 0.41397 0.683224 -0.0883659 -0.0748781 0.429361 -0.723537 -0.348026 -0.0500066 0.300361 1.11439 1.05333 -0.195796 0.570218 -0.0958761 -1.28994 0.760733 -0.0170231 9.85804 6.38105 -0.725172 -0.734115 0.145829 2.51039 3.55042 1.44055 -0.409674 -4.64198 -5.59838 -0.458846 -0.0554077 0.303243 -0.0606908 0.38693 0.26707 -1.18456e-09 -1.38689 -0.615915 0.0651989 2.18369 0.687806 0.188311 0.386514 2.00473e-10 -0.513303 -0.0513262 -0.232672 -0.0472922 1.17982 -0.748354 0.741831 6.37368e-09 -7.36925e-10 -6.97986e-10 -0.415572 0.247145 0.160226 -0.223989 1.41934 3.10828 -0.978074 0.289638 0.885992 12.448 -0.102843 0.167057 1.02159 0 0.0443199 0.00370728 0.043035 0 0.042259 0 0.0312854 0 0.0245862 0.0792967 0.0243688 0.0753634 0 0.0858149 0 0.137883 0.0495381 0.0438838 0 0.0300026 0.00608924 0.0675253 0 0.0646412 0.00360935 0.0125781 0.00274918 0.00931869 0.0161901 0 0.0427404 0.00225461 0.0303347 0.0165949 0.0609445 0 0 0.251843 0.033724 0 0.0535094 0 0.112452 0.0684885 0.0294851 0.00343546 0.00228893 0.0658465 0.0802084 0.0327593 0.00432922 0 0.0266227 0.00116068 0.0160783 0 0.0287575 0 0.00262538 0 0 0 0 0 0 0 0 0.00993393 0 0 0 0.0277741 0 0 0 0.021301 0 0.0188686 0.00206826 0.00372152 0.00179112 0.10321 0.00422478 0 0 0.00202128 0.00058513 0.150966 0.11535 0.136533 0.0779802 0.153525 0.0863926 0.222588 0.104678 0.110307 0.0424175 0.16014 0.0784942 0.220362 0.0719113 0.0843765 0.0449662 0.157028 0 0.298003 0 0 0.0423413 0 0.0409374 0 0.0604142 0 0.0516551 0 0.0664205 0.305577 0.0265947 0.0950833 0.0430559 0 0.0576756 0 0.0419854 0.00239289 0.00888154 0.0914043 0.0002458 0.164138 0 0.0455864 0 0 0.0079966 0.0194638 0.0330718 0 0.0163213 0.135695 0.00496129 0.0911642 0.0323582 0.00402217 0 0 0.0178075 0.00490789 0 0.0869155 0.116761 0 0.000290139 0 0.00870364 0.344599 0 0.00569149 0 0.114189 0.0226192 0 0.0548897 0 0.0364132 0.134263 0.0198309 0.00439382 0 0 0 0 0 8.71755e-05 0 0.00680759 0 0.00108236 0.00884829 0.051858 0.00152521 0 0.0652742 0.00350613 0.000591721 0.0666588 0.0706916 0.0958433 0.164969 0.167695 0.0537637 0 0.0485291 0 0.00506933 0.00306383 0.0819206 0 0.0987577 0.0215809 0 0.157568 0 0.0965708 0.00150525 0 0 0 0.0335782 0.0946721 0 0 0.05298 0 0.0356935 0.0624186 0.0950891 0 0.0579043 0.0468414 0.00581867 0.141569 0.0350461 0.242751 0 0 0.0546545 0.553313 0.125912 0.163764 0 0.102555 0.0882338 0 0.000506008 0 0.0141182 0 0.000925306 0.120366 0.0109345 0 0.0185732 0 0.00116754 0.306782 0 0 0.00808848 0.0346345 0 0.0427478 0.00365197 0.0157511 0.00700756 0.158009 0.269137 0.0558918 0.0719359 0.0424185 0 0 0.0162681 0.0207579 0 0 0.00463248 0 0 0 0.100924 0 0.0107914 0 0.0042232 0 0.0076372 0 0.00266369 0.150062 0 0.118319 0.00338921 0.121336 0.00546832 0.00397811 0.000144461 0.00721802 0.098011 0.0141332 0.0262798 0.0263256 0.0564747 0 0.0499818 0 0 0 0.0146244 0 0.0630493 0.165338 0.116304
60 9.86163 0.126769 -0.108955 -0.134688 0.279952 -0.104237 12.4954 -0.46704 -0.0336966 0.0657172 0.289463 0.0707547 -0.107925 0.0658597 -0.076881 -0.27865 0.139467 0.0386919 0.19907 0.149767 0.232366 -0.19569 0.00105835 -0.454686 -0.553124 -0.0246139 0.0222669 0.08383 -0.105652 0.0293702 0.0251769 -0.112219 0.0820081 -0.0049828 0.0886864 0.021054 0.0736069 0.144509 0.0349374 0.0544225 0.391505 0.153768 1.39563 0.202279 0.701818 -0.0736238 0.12409 0.155516 -0.0524345 -0.0578156 0.159927 -0.216222 -1.38372 0.293193 0.652027 -0.0519283 -0.0702546 0.410684 -0.650232 0.0740338 -0.0826132 0.438429 1.20413 1.76009 -0.000617644 0.194555 -1.1187 -0.655564 0.320046 -0.0629194 3.82941 2.74458 -1.90204 -0.120108 -0.298916 3.54676 8.28288 0.507183 -1.16696 -8.696 -10.2026 -0.632504 -0.134134 0.0689479 -0.0412857 0.156077 -0.00535402 -1.74953e-09 -0.343015 -0.599484 -0.148393 0.965002 0.706439 0.420631 0.190572 8.13681e-11 -0.141128 0.477641 -0.21148 0.124044 6.81554e-10 -0.0481943 0.81251 6.62712e-09 -1.09671e-09 -5.82368e-10 0.043553 0.70414 0.690719 -0.489459 2.07949 3.15182 -2.04005 0.285547 0.893786 12.4838 -0.143197 0.261069 1.1224 0 0.0685224 0 0.0773649 0 0.0660379 0 0.0719162 0.0604968 0.0294191 0.107651 0 0.155636 0 0.181215 0 0.144963 0.0640317 0.0393924 0.0376386 0.0188214 0.0404543 0.0676886 0.0603371 0.045931 0.101341 0.0127065 0.00453792 0.00132963 0.0143509 0 0 0.00628105 0 0.0167196 0 0 0 0.24538 0.0353032 0 0.0720296 0 0 0.0363975 0.24352 0 0.0543265 0.0595022 0.0910288 0.0205643 0.00703852 0 0.0372098 0 0.0275218 0 0.040812 0 0.00520004 0 0 0 0 0 0 0 0 0.000404997 0 0 0 0.0160372 0 0 0 0.0384169 0 0.0240412 0.00348651 0.0155076 0.000405166 0.092719 0.0177565 0 0 0.00152571 0.000387271 0.164271 0.056657 0.11861 0.0368316 0.147251 0.0455735 0.195195 0.051184 0.0542958 0.0395867 0.17957 0.0454256 0.213284 0.0441636 0.0637611 0.0480528 0.147763 0.0584183 0.275858 0 0 0.00355337 0 0 0 0 0 0.01789 0 0 0.431848 0 0.129598 0 0 0.0181908 0 0.034803 0 0 0.0341723 0.101439 0.171022 0.0241746 0.018866 0.199084 0 0.0138101 0.0338787 0.0542273 0 0.00661358 0.183925 0.0716088 0 0.0208044 0 0 0 0.0290816 0.0054597 0 0.0301749 0.0604566 0 0.0229371 0 0.0435825 0.384207 0.0133189 0.0023505 0.000138078 0.183828 0 0 0.072288 0 0.050005 0.181347 0.00700007 0.0439079 0 0.0197849 0.0054269 0 0 0 0 0 0.00290175 0 0.00599183 0.0395149 0.0189332 0 0.128829 0.00159529 0.00492374 0.0865664 0.347505 0.0817656 0.195035 0.0900801 0.127102 0.0105856 0.0614012 0 0 0 0.153585 0 0.222129 0.066188 0.141351 0.256688 0 0.178133 0 0 0 0 0.0311441 0.0921232 0.199116 0 0.0822807 0 0.060342 0 0.131683 0 0.402122 0.017708 0 0 0.160283 0.223992 0 0 0.064557 0.524554 0.00816034 0.143391 0 0.0651541 0.0877711 0 0 0 0.0189246 0 0.0800332 0.172662 0.0237365 0 0.0318046 0 0.00669069 0.301759 0 0.00855311 0 0.0265367 0 0.0448135 0 0.0502396 0 0.151002 0.120851 0.080494 0.0680051 0.031676 0 0 0.0209388 0.0188921 0 0 0 0 0 0.0386177 0 0 0 0 0 0.0113149 0 0 0 0.159716 0.0802931 0.0956982 0.0825011 0.0620421 0.103253 0 0.00581585 7.22688e-05 0.221278 0.0599325 0.0260215 0 0.0468684 0 0.16061 0 0.00151526 0 0.00975532 0 0.077268 0.16153 0.118655
61 9.89497 0.113701 -0.107164 -0.108662 0.275241 -0.091621 12.5372 -0.364656 -0.0459911 0.0403972 0.22363 0.0446116 -0.0865006 0.0494512 0.0548993 0.0912884 0.0264221 0.0437176 0.170977 0.378994 0.526958 -0.203208 0.0427313 -0.461276 -0.602422 -0.0264029 0.0143513 0.0618846 -0.095643 0.0250911 0.0208708 -0.112421 0.0826648 -0.0105176 0.0876401 0.0174294 0.0703176 0.151669 0.0274279 0.0537211 0.382701 0.190424 1.39479 0.186862 0.700572 -0.0713211 0.104652 0.155516 -0.0524345 -0.0578156 0.161202 -0.215305 -1.35718 0.244256 0.688264 0.0124409 -0.0524383 -0.67489 -0.366317 0.789991 -0.0612723 0.54236 1.26485 3.38245 -0.158709 -0.742941 -2.0178 -0.117362 0.818511 -1.18584 0.431938 -0.673457 -3.03617 0.788611 -0.855807 6.0174 12.4471 -0.702578 -0.691381 0.641693 -3.4245e-07 -0.0273173 -0.00796869 -0.417322 0.639049 -0.0286148 -0.348554 -1.01654e-09 0.313587 0.172526 0.0152497 -0.471817 -0.564843 4.07297e-09 0.0742066 3.77414e-10 0.00616237 0.495328 -0.137081 0.254145 0.549877 -0.338737 0.166158 2.26493e-09 -4.22456e-10 -2.27775e-10 -0.830105 0.907214 0.6337 0.178415 1.92419 1.5876 -0.255442 0.280544 0.905148 12.523 -0.158041 0.384621 1.22512 0.00617713 0.0436316 0 0.0388235 0 0.0370366 0 0.0229755 0 0.0281379 0.0885771 0.0195736 0.0767048 0.00651166 0.0876105 0.0115408 0.0779178 0.0618835 0.0296161 0.00747235 0.0195444 0 0.0609508 0.00491477 0.0248634 0.00158881 0 0 0 0 0 0 0 0 0 0.00121968 0 0 0.104718 0.0329031 0 0.0139081 0 0.0519993 0 0.0689997 0 0.031294 0.0222482 0.0397272 0 0.00328712 0 0.00590402 0 0.0158332 0 0.0185092 0 0.00296815 0 0 0 0 0 0 0 0.0356237 0 0.0254655 0.00559351 0.0400639 0.0550524 0.112686 0 0 0.0436878 0.0380415 0.00667347 0.00611832 0 0.0142648 0.0435242 0 0 0 0.000456859 0.000323774 0.0511896 0 0.0316701 0 0.0490045 0 0.135193 0 0.0656619 0.00543231 0.0668101 0 0.0655638 0 0.0542117 0.0316792 0.0631324 0.216843 0.413798 0.141643 0 0.0554203 0.00221838 0.0209989 0 0.0151882 0 0 0 0 0.420892 0.11147 0.200627 0.1166 0.0171005 0.136518 0 0.04272 0 0.00408633 0.0149843 0.0855951 0.159034 0.0850721 0 0.0612999 0 0 0 0.0634824 0 0 0.125672 0.0661843 0.0292543 0 0 0.0270165 0 0.0127922 0 0 0.0848321 0.0995882 0 0 0 0 0.280453 0 0.00159943 0 0.121119 0 0 0.0103534 0 0.0234692 0.129377 0.0471958 0.0448099 0.106691 0.0630489 0.251946 0.0303247 0.0429518 0.0308207 0.0419166 0 0 0 0 0.00157023 0.0141517 0 0.0859875 0 0.00201712 0.0341633 0.176344 0.103948 0.192234 0.127527 0.0877451 0 0.0525363 0 0 0 0.0837958 0.00167965 0.0775455 0.00384488 0.00271934 0.281887 0 0.240499 0 0 0 0.00894703 0 0.0455209 0.0732122 0 0.101529 0 0.0720071 0 0.207963 0 0.265298 0.0148356 0.0275915 0 0.202418 0.0561852 0.098963 0.00319262 0.0175871 0.278316 0.0173679 0.189901 0.0387407 0.0763231 0.124973 0 0 0 0.0190311 0 0.086576 0.135746 0.00958854 0 0.0659621 0 0 0.0345553 0.0811905 0.0308503 0.0101271 0.0551184 0 0.0532364 0.00460041 0.0640924 0 0.0187311 0 0.0642541 0 0.00189408 0 0 0 0 0 0.0213115 0 0.0272232 0 0.206321 0 0.0528641 0 0.0640742 0 0.103822 0 0.065357 0 0.0900541 0.00846622 0.0660341 0 0.0253719 0.00272593 5.72111e-05 0.0123761 0 0.126253 0.0425028 0 0.0359901 0.0382051 0 0.0534445 0 0.00598692 0 0.00108592 0 0.0150669 0.101869 0.092573
62 9.9283 0.0908968 -0.102879 -0.094932 0.271546 -0.0805411 12.5787 -0.226878 -0.0692214 0.0233872 0.109344 0.0498864 -0.0374025 0.0345003 0.0642979 0.0824717 -0.102875 0.0310882 0.152864 0.62943 0.423016 -0.0709107 -0.0632057 -0.122486 -0.343048 0.0024245 0.00615802 0.0553455 -0.111935 0.0347527 0.0185139 -0.112045 0.18585 -0.0207853 0.105499 -0.0741089 0.0700068 0.152992 -0.00709364 0.0511208 0.391451 0.262994 1.38187 0.129076 0.668556 -0.0402451 0.0869733 0.155507 -0.0524626 -0.0574537 0.134862 -0.199504 -1.34776 0.173646 0.701588 -0.0101588 -0.0635227 -0.536485 -0.706468 0.477088 0.0221635 0.38061 1.18265 3.61474 -0.275455 -0.688281 -3.10173 0.710557 1.97667 -0.119031 -0.405142 -0.863613 -3.32468 0.301695 -0.903442 5.77404 -3.1824 2.5476 -0.406677 7.12812 6.24912 1.02957 0.0974431 -0.251576 -0.7576 0.327182 0.0876757 -9.24946e-10 1.14976 0.02047 0.607763 -0.69471 -0.263401 1.63725e-09 0.152107 2.5644e-10 1.5756 0.181588 -0.723827 -0.170813 -0.0174339 -0.193104 -0.356977 1.79852e-09 -2.34041e-10 -1.24331e-10 -0.00425786 0.944189 0.214678 -0.205879 1.1326e-09 0.301504 -0.0732265 0.27571 0.915786 12.5633 -0.134283 0.274275 1.19617 0.00641684 0 0 0 0.00226327 0.0147716 0 0 0 0 0.0293268 0.0411102 0.0454396 0.0405587 0.0717256 0.0402615 0.0230178 0.0545083 0 0 0 0 0 0 0.0218211 0 0 0 0 0 0.0893534 0 0.0671997 0 0.11568 0.0455103 0.00720584 0 0.0617451 0.0800417 0 0 0 0.0204568 0.0261772 0.0620399 0.087195 0.155381 0.017376 0.0019801 0 0 0 0 0.0239845 0 0 0 0 0 0 0.00251623 0.0149688 0.0100947 0.00299105 0.00268941 0 0.12055 0 0.116863 0 0.129125 0 0.164024 0 0.0214141 0 0.0456155 0.000766479 0.0066085 0 0.0164994 0.0468871 0.0200289 0.00228978 0.0399469 0 0.00113076 0.167317 0.0464823 0.158586 0.0297607 0.21429 0.04757 0.190299 0.0308134 0.0733244 0.00410248 0.116236 0.0384272 0.300185 0.0459302 0.034698 0.0282567 0.0419534 0.235324 0 0.25146 0 0.079915 0 0 0 0.0275281 0 0 0.0102453 0.0287755 0.158511 0.281274 0 0.395002 0 0.216664 0 0.0855505 0.0390947 0 0 0.0739468 0.146912 0.00845034 0 0 0 0 0 0.0134045 0 0.01176 0.170595 0.035888 0.148988 0 0 0 0 0 0 0 0.123741 0.0683628 0 0 0 0 0.419183 0 0.000869208 0 0.14925 0.0911812 0 0 0 0 0.209168 0.0986641 0 0.342037 0.0460621 0.559602 0 0.131811 0 0.142144 0.0452583 0.0306317 0 0.0221342 0.0282593 0.0613399 0 0.0832325 0 0.00184514 0.037651 0 0.218623 0.166736 0.238478 0.0496875 0 0 0.00949832 0.0473785 0 0 0.0119709 0 0 0 0.1441 0.0248289 0.187785 0 0 0.0170484 0 0.0227563 0.0204911 0 0.0407082 0.154068 0 0.00209195 0.0557855 0.134732 0.00965675 0.0483887 0.002551 0 0.0677531 0.284054 0 0.0962624 0.0535234 0 0.10754 0 0.0689978 0.136995 0.11329 0.229781 0 0 0 0 0.046024 0.0389455 0.22188 0.00788919 0 0.0456471 0.0383828 0 0 0.0709108 0.0959374 0.0447985 0.122737 0 0.0381695 0 0.175899 0 0 0.13869 0.572479 0.253448 0 0.0130484 0.0163195 0 0 0.0267698 0 0 0 0 0.138176 0 0 0.00408981 0 0 0.0405034 0 0 0 0.290631 0.0514942 0.0847443 0.0985816 0.0534638 0.0506531 0.000735582 0.0209951 0.111849 0.0732904 0 0.128592 0.0306819 0.0549431 0.0541578 0 0.00906628 0.0233521 0 0 0 0 0.108512 0.0931888
63 9.96163 0.0775611 -0.0823544 -0.0600432 0.271404 -0.0757539 12.6186 -0.103129 -0.0992491 -0.0305818 -0.00658351 0.0553538 0.0968761 0.018596 0.039675 0.00815319 -0.237143 0.0365254 0.110655 0.790356 0.350151 0.0416001 -0.0110057 -0.0906536 -0.324592 -0.00295547 -0.000511498 0.0379907 -0.0868225 0.0356954 0.00878695 -0.112697 0.183502 -0.0279492 0.0979616 -0.0777454 0.0585048 0.150303 -0.00196771 0.0514877 0.36949 0.209987 1.37165 0.226312 0.702312 -0.0404025 0.0487779 0.155438 -0.0501027 -0.0498128 0.226173 -0.288591 -1.31732 0.129628 0.680991 0.0164264 -0.0399916 -0.438108 0.785888 0.919907 0.108017 0.141036 1.14915 3.21793 -0.548893 -1.80335 -2.66841 0.473578 0.167348 6.40167 -5.34114 -0.982298 -3.71819 0.789577 -0.9458 3.26815 -1.69606 3.8606 0.370596 0.131778 0.0982859 -0.0217373 -0.104287 -0.258974 0.845148 -0.0444708 -0.345648 -1.57512e-09 -0.300042 -0.340534 -0.208557 0.249019 -0.2239 -0.673389 -1.2622 5.81274e-11 -0.420446 0.392796 -0.445385 0.384544 -0.634328 1.70383 -1.27455 1.84331e-09 -6.39367e-10 0.0829802 0.40694 -0.336654 0.259199 -0.587021 1.89064 1.3015 -0.731994 0.27174 0.921324 12.6033 -0.102009 0.0745808 1.20387 0.0255215 0.0110518 0.019038 0.00444142 0.0096098 0.00548568 0.0165349 0.0129744 0.0318984 0.0196715 0.201839 0 0.186788 0 0.185786 0.000964628 0.059431 0.0290484 0.0516484 0.00866699 0.0272552 0 0.0881505 0.00192465 0.0497991 0 0 0 0 0 0 0 0 0 0 0 0 0 0.033641 0 0.0104603 0.0215495 0 0 0.0134601 0.123794 0.00697435 0.0465876 0.042647 0.0254014 0 0 0 0.0122437 0.000747552 0.0224157 0 0.0156345 0 0.00194207 0.00703476 0.00338789 0 0.0371531 0 0.0193164 0.0147573 0.218401 0.0105768 0.205917 0.0104825 0.235233 0.0110703 0.421832 0.0160684 0.0240424 0.0308197 0.200896 0.00827946 0.00195956 0.0161831 0.0220746 0.0259813 0 0 0.0956316 0 1.95072e-05 0.0024675 0 0 0 0 0 0.0110935 0 0.029615 0 0.0192889 0 0.0179188 0 0.0307651 0.0108185 0.0371775 0.254848 0.0635497 0.388956 0.00622894 0.238755 0 0.0244852 0 0.00766656 0 0 0 0 0.427063 0.549305 0.276382 0.535971 0.0950041 0.43491 0 0.147822 0 0.0344924 0.114799 0.266503 0.214227 0.335934 0 0.0450314 0 0 0 0.014184 0 0 0.159968 0.0769025 0.00382866 0 0 0 0 0 0 0.0139777 0.0310641 0.0386867 0 0 0 0 0.358108 0.0375879 0 0 0.0750654 0.0153817 0 0.016222 0 0.0284159 0.109678 0.0321982 0.00199548 0.278525 0.0243296 0.542157 0 0.141176 0 0.138916 0 0 0 0 0 0.00372271 0 0.107978 0.000400949 0.00486286 0.183546 0.174475 0.152279 0.222019 0.11368 0.121162 0.0421824 0.0154814 0 0 0 0.0569708 0 0.0905506 0.0256643 0.00523747 0.400472 0.0112338 0.355766 0 0 0.0295757 0.0259422 0 0.129468 0.0987735 0 0.162322 0 0.0633716 0 0.176233 0 0.226646 0 0 0 0.316861 0 0 0.000352177 0 0 0 0.0511702 0.00265229 0.0185352 0.131081 0 0 0 0.00567566 0 0.0889638 0.152075 0 0 0.00471174 0 0 0 0 0.0394209 0.0674919 0.109234 0 0.0910441 0.0762969 0.154701 0 0.101485 0 0.0847897 0 0 0.0186771 0.00993293 0.0139327 0 0.0140464 0 0 0.00555858 0 0.0977307 0 0.0228685 0 0.0156814 0 0.0402832 0 0 0 0.13208 0.0454181 0.121398 0.0191983 0.114347 0.0572978 0 0 0.0434046 0.144963 0.0759559 0 0.0475088 0 0.00596289 0.0567728 0.0135537 0.0231116 0 0 0 0.0141233 0.0650085 0.0546344
64 9.99497 0.0529865 -0.0646294 -0.030572 0.27217 -0.075578 12.6573 0.00573516 -0.114339 -0.0742051 -0.0731053 0.0333469 0.112406 0.0758232 0.00822842 0.0113508 -0.33782 0.061026 0.0865256 0.8557 0.127919 0.103257 -0.0204428 -0.0273443 -0.257147 0.00962453 -0.00147138 0.0281629 -0.0625615 0.0383015 -0.000432335 -0.114299 0.155404 -0.0394161 0.0950155 -0.0518301 0.0579886 0.10246 -0.0246516 0.0499778 0.382012 0.191447 1.36489 0.246069 0.674202 -0.019828 -0.00769221 0.155452 -0.0500583 -0.0503843 0.22882 -0.289084 -1.31332 0.130736 0.700632 0.0274038 -0.00404666 -0.69002 0.273844 0.865796 0.116121 0.0660384 1.15272 2.79705 -0.207712 -1.29972 -1.34139 -0.889771 0.0315522 0.261068 0.00299121 0.00501315 -2.60878 1.00901 -0.521633 0.663771 -4.97128 -0.54901 -0.163021 1.00282 1.036 0.331665 0.0874333 -0.290315 0.729947 0.0293879 -0.210347 -1.03478e-09 -1.45478 -0.487485 0.00359401 1.49242 0.122733 -0.662321 -0.243356 1.40542e-10 -0.0951869 0.391073 -0.427813 -0.166491 -0.654407 -0.438796 -0.69573 4.06062e-09 -1.64659e-10 -1.34427e-10 0.183443 0.300004 -0.0840354 0.220925 1.79404e-10 -0.269884 1.07274 0.26948 0.922387 12.6436 -0.0342626 0.0270875 1.21635 0.0327754 0 0.0316002 0 0.0251852 0 0.0101951 0 0.0135504 0 0.14232 0.0517499 0.109151 0.0455574 0.102611 0.044004 0.0138064 0.0293589 0.0163172 0 0 0 0.0358736 0 0.0177714 0 0 0 0 0 0 0 0 0 0 0 0.00117133 0 0.00982273 0.0107769 0 0.0378633 0 0 0.0709429 0.147671 0.0430745 0.0602853 0.00930151 0.0350926 0 0 0 0.00300116 0.0316023 0.0270198 0 0 0 0 0 0 0.0316682 0.0398494 0.00297457 0.0183224 0 0.0290152 0 0.0655669 0 0.0960418 0 0.264717 0 0.0111943 0 0.0479331 0 0.000604464 0 0.016007 0.00228875 0 0.0385063 0.068169 6.44317e-05 0.000884747 0.0338523 0 0.0211028 0 0.0242362 0.00595668 0.0332884 0.0335708 0.0612432 0.0132491 0.0300339 0 0.0254576 0 0.0289436 0.0201624 0.0913148 0.328791 0.0676169 0.296669 0.0592328 0.214278 0 0 0 0 0 0 0 0 0.33158 0.731468 0.263513 0.646783 0.215377 0.552157 0 0.0653576 0 0 0.160595 0.331131 0.21029 0.458324 0.0504671 0.0381192 0 0 0 0 0 0.00416788 0.186551 0.0558388 0.130833 0.0046762 0.00284888 0.00698211 0 0.00239424 0 0 0.0933274 0.0705322 0 0 0 0 0.460784 0 0.00174973 0 0.01401 0.0645605 0 0.0181468 0 0.014089 0.24851 0.10731 0.00102392 0.262635 0.0384767 0.469062 0.0140085 0.0942495 0.0167306 0.0936469 0 0 0 0 0.0107651 0.036495 0 0.0429159 0 0.00462586 0.199881 0.082261 0.219833 0.180711 0.157303 0.163425 0.0384542 0 0 0 0.0349315 0.00797636 0.0204219 0.00322845 0.00494041 0.000607967 0.152011 0.0182004 0.133845 0 0 0 0 0 0.167413 0.145025 0 0.0715022 0 0.0402555 0 0.235707 0 0.0608967 0.0421784 0.0527037 0 0.363673 0 0.0165939 0 0.0690803 0.0158278 0 0.0289786 0.0559186 0.203184 0.182484 0 0 0 0.00506098 0 0 0.268185 0.0275053 0 0 0 0 0 0 0.019514 0.104013 0.0250441 0.0181284 0.03114 0.125258 0.158448 0.0808776 0 0 0 0 0.0119695 0 0.0134004 0.0221891 0.0177636 0 0 0 0 0 0 0 0 0 0 0 0 0 0 0 0.0814687 0.0636382 0.0555683 0.0423596 0.0578113 0.105729 0.00714206 0 0.0901018 0.0799433 0 0.0526589 0.0665084 0.027994 0.0141716 0.00202903 0.00182457 0.00253605 0 0.000807803 0 0.0198479 0.122494 0.10096
65 10.0283 0.0603024 -0.0638156 0.00308496 0.274201 -0.0761061 12.6961 0.054709 -0.134621 -0.115941 -0.0969501 -0.00320305 0.127517 0.0780006 0.0160996 0.0117994 -0.393424 0.0690688 0.0572047 0.688463 -0.017545 0.163714 -0.0479929 0.0669929 -0.170428 0.0154949 -0.0125042 0.00181597 -0.0854477 0.037401 0.00998151 -0.10872 0.0754005 -0.0514779 0.095099 0.00226414 0.0497208 0.150826 -0.024794 0.0509597 0.352138 0.26006 1.31964 0.255183 0.701476 0.0645844 0.0957429 0.153961 0.0180694 -0.0380169 0.0623144 -0.212114 -1.38895 0.0509314 0.689273 0.0266164 -0.107977 0.276181 0.0184707 0.815945 0.140671 -0.00465474 1.16295 1.31482 -0.50748 -1.19186 -0.557994 -1.15587 0.455455 0.564202 -0.195641 0.00501651 -1.07805 0.411009 -0.56886 -6.64115 -3.38839 -0.0895219 1.2909 3.37223 3.10078 0.395754 -0.431901 -0.654607 -1.04477 0.133891 0.344396 -9.1061e-10 -0.522784 -5.18646e-10 0.14922 -0.440373 -0.816077 3.93376e-10 -0.386997 5.0893e-11 -0.723937 0.535891 -0.663703 0.274642 4.0309e-10 1.86296 1.30443 4.07603e-09 1.54829 0.71333 0.586957 0.398464 -1.74419 0.407961 0.73755 -0.367225 -1.17747 0.268895 0.921091 12.6843 -0.0042831 -0.0956375 1.2255 0.000429325 0 0 0 0 0 0 0 0 0.0447611 0.138041 0.0121342 0.103413 0.0375957 0.0813737 0.0725358 0.00993211 0.048765 0.128205 0 0.0790949 0 0.123972 0.00188072 0.146056 0 0.00185958 0 0 0 0 0.0114069 0 0.0379911 0 0.111879 0.00556348 0 0 0 0.257233 0.097628 0 0 0.212994 0.0292411 0.130312 0.0767785 0.104918 0.0675979 0 0.00935318 0.0421 0.00242922 0.120386 0.0383344 0 0 0 0 0.00285391 0.0516546 0.0780536 0.0347768 0.0117122 0.0160624 0.0068459 0 0.112403 0 0.121465 0.00920074 0.0140141 0.126705 0.000922892 0.0291008 0.0910207 0 0.00087893 0.00872479 0 0.0173457 0.04602 0.049836 0.0242659 0.0409237 0.0015187 0 0.137187 0.18188 0.0898495 0.0312612 0.108889 0.121186 0.0909581 0.1124 0.107731 0.050159 0.0721926 0 0.0716 0.0366936 0.0358857 0.0252157 0.106363 0.653995 0.0159093 0.201812 0.031383 0.070267 0 0 0 0 0 0 0 0.026499 0.142077 0.577817 0.195455 0.533481 0.413697 0.376182 0 0.00371478 0.0302298 0.0440275 0.264219 0.183353 0.400967 0.319644 0.115121 0 0 0 0 0 0.00961374 0 0.217475 0.117636 0.164599 0 0 0.00338884 0 0 0 0 0.0902385 0.107902 0.0257804 0 0.0191173 0 0.355823 0.0610049 0 0 0 0.136992 0.0654507 0.00594208 0 0 0.156757 0.110818 0.0585983 0.315615 0.00760508 0.566053 0.0677086 0.0471562 0.0734813 0.0350446 0.0525937 0.0234793 0.0355371 0 0 0.0467079 0.0851023 0.0337558 0.00747998 0 0.430559 0 0.413528 0.268748 0.379732 0.158114 0 0 0.0279315 0 0 0.0137228 0 0.0335253 0.0255004 0 0 0 0 0 0 0.00464097 0 0.0496384 0.472061 0 0.0721025 0.121202 0.000860741 0 0.16576 0.050331 0.0269874 0.47683 0 0 0.171495 0.386201 0 0 0 0 0.019416 0 0 0 0.200576 0.193429 0 0 0.0106426 0 0.0299429 0.0780661 0.185563 0.0722784 0 0 0 0 0 0 0 0.143404 0 0 0.0753408 0.0661052 0.303564 0.148024 0 0 0.34497 0.104754 0 0 0.249964 0.0703216 0 0 0 0 0 0 0 0 0 0 0 0 0 0 0 0 0.344907 0.230667 0.372346 0 0.434871 0 0.0214577 0 0.159115 0.0563763 0 0.140853 0.0555915 0.0390541 0 0.0421496 0.0445422 0 0 0 0 0 0.146566 0.0695202
66 10.0616 0.0959713 -0.0519838 0.0156897 0.276981 -0.0807687 12.7331 0.0661964 -0.131176 -0.134405 -0.100175 -0.047379 0.106205 0.0981883 0.00833433 0.0132629 -0.463451 0.0459422 0.0438642 0.461813 0.0131474 0.149705 0.0363521 0.136025 -0.0966618 -0.00178668 -0.0518443 -0.00353241 -0.112035 0.0583782 0.0257735 -0.10918 0.0560426 -0.0497906 0.0929292 0.00505701 0.017393 0.152176 -0.0234084 0.051004 0.294092 0.207954 1.31558 0.318092 0.688546 0.0407017 0.090716 0.154799 0.0530009 -0.02369 0.186153 -0.274032 -1.41455 0.0671817 0.677547 -0.0242576 -0.150973 0.837632 0.609992 0.170872 0.149733 -0.0645808 1.12267 0.596961 0.316824 -0.42436 -8.06133e-11 -1.48103 -0.945161 0.101735 0.00897061 0.00337275 -2.0701 -0.565742 -0.619077 -5.93474 2.34952 -1.49162 3.13728 1.31926 1.33069 -0.469118 -1.19942 -0.350761 -0.4839 0.44405 0.908163 -2.53754e-09 -1.59829 0.0181958 -0.087471 1.16931 -0.99858 2.77287e-09 -0.619939 2.62873e-10 -1.19306 0.856993 -0.527719 0.146633 -1.09358 0.00816497 -0.254582 2.72487e-09 2.86523e-10 -0.271852 2.60755 0.925795 -0.881829 -0.0184375 -1.3032 -0.916524 -0.639981 0.268906 0.916091 12.7251 0.013017 -0.16388 1.23137 0.0554229 0 0.0588616 0 0.0685474 0 0.0344472 0 0.06145 0 0.172557 0 0.168768 0 0.120979 0 0 0 0.164424 0.0502587 0.234122 0.0255436 0.203908 0.188017 0.322931 0.175554 0.0486772 0 0 0 0 0.0633389 0 0.0698704 0 0.0810006 0.00486338 0.00442729 0.0370353 0.0209802 0.0564029 0 0.141447 0 0.218547 0.0397551 0.19049 0.0868765 0.0322193 0.00993237 0 0 0.00571879 0 0.0762778 0.0331604 0 0 0 0 0.0153138 0.0115874 0.09632 0.0575611 0.0298047 0.0215193 0.173916 0.00530107 0.125847 0 0.141339 0 0.098879 0 0.0231812 0.013076 0.149319 0 0 0 0.0047877 0.00948826 0.00465314 0.0115501 0.107261 0.107253 0.00177663 0 0.0503544 0.084297 0.0285854 0.0212964 0.0359667 0.0932227 0 0.102892 0.0448262 0.0674539 0.000695557 0.00941403 0 0.05184 0.0163715 0.0200633 0.220917 0.469503 0.0919016 0.251824 0 0 0 0 0 0 0 0 0 0.0223398 0 0.152941 0 0.0782957 0.0493436 0 0 0 0.0408128 0.0996521 0.0865612 0.112119 0.0479123 0.131594 0.2334 0 0.0560817 0 0 0 0 0 0.221003 0.168458 0.0999482 0 0 0 0 0 3.07141e-05 0 0.00640832 0.049281 0.0808217 0 0.133735 0 0.318492 0.224225 0 0.00299583 0 0.041882 0 0 0 0 0.00379988 0.183296 0 0.0595547 0 0.222702 0.0823334 0.0105071 0.0906585 0 0.108485 0.0367094 0.12817 0 0.0539184 0 0.103703 0 0.0157921 0 0.556033 0 0.453974 0.212772 0.240856 0.157203 0.138093 0 0.0158571 0.00212648 0.052122 0.00499467 0.0829765 0.0348443 0.0870508 0.00921267 0 0.0484316 0 0.0912835 0.0121314 0.0137043 0 0.0188903 0.489779 0.0728603 0.0696881 0.144238 0 0 0.313653 0.00853165 0.568068 0 0 0 0.26454 0 0 0 0 0 0 0.0218783 0 0 0.205123 0.109853 0 0 0.0200965 0 0.0214298 0.0181333 0.0538628 0.13124 0 0 0 0.03615 0 0 0 0.0606355 0 0.0656395 0 0.0316487 0.154121 0.109825 0.394174 0.019747 0.0681127 0.13134 0 0.0129725 0.111334 0.00488594 0.00905096 0.0115692 0 0 0 0 0 0 0 0 0 0 0 0 0 0.000199656 0.340538 0.367601 0.41245 0.111864 0.431044 0.178038 0.0335049 0 0.427198 0 0 0.077282 0.0796662 0 0.131507 0.0504176 0 0 0 0 0.00460779 0 0.143722 0.092816
67 10.095 0.0949535 -0.0729361 0.000423125 0.278716 -0.0885994 12.7722 0.111948 -0.144182 -0.128858 -0.100175 -0.0934753 0.139193 0.0956666 0.0195342 0.013164 -0.476414 0.0715439 0.0682022 0.248382 -0.092468 0.0667238 0.0412624 0.202704 -0.0330868 -0.00292681 -0.0452075 0.0161471 -0.102691 0.0598714 0.0342715 -0.108877 0.0530247 -0.0400115 0.0864556 0.0158025 -0.00392884 0.151748 -0.0101482 0.0520036 0.196768 0.153037 1.33245 0.353081 0.702428 0.050602 0.02306 0.152725 -0.0156382 -0.0505246 0.340556 -0.238544 -1.40475 0.184855 0.684082 -0.0285586 -0.0586355 -0.111604 -1.01612 -0.530782 0.121771 -0.182202 1.19497 1.40584 -0.531012 0.0668874 -9.62798e-10 -1.28383 1.64626 1.05458 -0.464837 0.00241146 -0.609653 0.812848 1.18694 -5.18139 -1.92157 -5.16438 2.85621 1.25007 1.03457 -0.00808962 0.240745 0.614897 0.4309 0.100135 0.162664 -1.56258e-09 -2.83065 0.0887842 -0.226027 2.96835 -0.194319 3.5977e-09 -0.356171 7.89401e-11 -0.544277 1.44408 -0.0835566 0.271803 -0.515085 0.351179 -0.962001 -0.245995 -1.47391 -7.16793e-10 2.18432 1.52782 -1.30194 -0.443368 -2.16776 -0.570946 3.31698 0.269753 0.908801 12.7662 0.0339001 -0.250535 1.23646 0.0505726 0 0.0405991 0 0.0258824 0 0.0551687 0 0.127096 0 0.0685425 0.0258653 0.0547179 0.0156708 0.0494957 0.0306529 0 0.0182007 0.00997828 0.0699938 0.00275446 0.0372298 0.0388547 0.096323 0.0521326 0.0801441 0 0 0 0.00392858 0 0 0 0.00400762 0 0.000305625 0.00359865 0 0.0396706 0 0 0.175371 0 0 0.295489 0.0464062 0.0773501 0.00459716 0.01084 0.0856045 0.00076442 0.0225199 0 0 0.028814 0.0683137 0 0 0 0 0 0 0.112814 0.0227902 0.0301894 0.00385195 0 0 0.0216717 0.0204101 0.0163348 0.0254555 0.0969699 0.220597 0 0 0.031402 0 0 0 0 0 0 0.00221991 0.13931 0.0571876 0.000458098 0.00107071 0.0100896 0.0174252 0.0149373 0 0.0150529 0 0.000176989 0.0409201 0.0623836 0.098691 0.00415999 0 0.00820501 0.0101302 0.0129898 0.0455414 0.123076 0.408813 0.0250012 0.108157 0.0691837 0 0 0 0 0 0 0 0 0 0.0721557 0.371359 0.07664 0.104853 0.203713 0 0.0166045 0 0 0 0.246993 0.100608 0.220067 0.173835 0.278755 0.0166904 0 0 0 0 5.36591e-05 0 0.0932325 0.151647 0.0023221 0.00341866 0.123652 0 0.0062599 0 0.0386541 0 0.0147957 0 0.00979317 0.00404406 0.0464393 0.00996454 0.138055 0.106348 0 0.00191872 0 0.07168 0 0.0124369 0.0149004 0.00656051 0.188984 0.0389366 0.0412954 0.394264 0.057388 0.56503 0.0120768 0.0712342 0.0274137 0.0774054 0.00391545 0.00938758 0 0 0.0188874 0.032612 0.100051 0 0.00683689 0 0.559638 0.0408699 0.471411 0.0182931 0.230518 0.124685 0.155554 0 0 0 0.126218 0 0.17884 0 0 0.086393 0 0.384131 0 0.332216 0.00855687 0 0 0.0652081 0.350396 0.0784594 0.341042 0 0.34025 0 0.192666 0 0.533695 0 0.0423682 0 0.29757 0 0.163138 0 0 0 0.085576 0 0 0.219346 0.323294 0 0.014393 0 0.0953215 0 0.200961 0 0.0651347 0.136697 0.0343081 0 0 0 0.0731948 0 0.000799924 0.0192958 0 0.108883 0 0.0940337 0.00677342 0.224452 0 0 0.0597923 0 0.0181133 0.000452219 0 0.0579057 0.0153991 0 0 0.0585458 0 0.00783685 0 0.159185 0 0.0185496 0 0.0468724 0 0.0682825 0 0.0682817 0.167373 0.127527 0.114069 0.139434 0.139207 0.148161 0.0140415 0 0.274712 0.125669 0 0.192363 0 0.0105415 0.131289 0 0.0189605 0.0302858 0 0 0 0 0.101244 0.0375547
68 10.1283 0.0549142 -0.150355 -0.0360187 0.278027 -0.0996923 12.8162 0.194931 -0.160947 -0.117599 -0.100175 -0.148093 0.239136 0.0715826 0.0570714 0.0168207 -0.407966 0.118136 0.13702 0.0399115 -0.140407 -0.0831212 0.075602 0.240012 0.0069218 0.0183449 -0.0190306 0.0436491 -0.0758121 0.0605687 0.042189 -0.108124 0.0452212 -0.0258559 0.0882824 0.0451167 -0.0108125 0.154922 0.0295796 0.0549274 0.147146 0.138859 1.3389 0.402505 0.693187 0.0675437 0.00793698 0.151812 -0.0513571 -0.0532552 0.437236 -0.238924 -1.4264 0.197857 0.670174 -0.0263208 -0.0425822 -0.86657 -2.72894 -0.95523 0.17487 -0.288205 1.37207 2.1186 -0.480304 -0.000563521 -4.21619e-10 -1.41028 3.37234 0.0454616 0.622643 0.00490236 1.5343 0.763169 2.49771 -4.55708 -0.82409 -4.03258 0.700987 1.06323 1.17949 0.1521 0.611516 0.733673 0.764232 0.0264933 0.267179 -3.67418e-10 -0.278652 0.361435 0.057054 0.744458 -0.214443 3.34077e-09 0.726231 2.44444e-10 -0.453174 1.20738 0.142168 0.208726 -0.46117 0.764578 -0.36338 6.44292e-09 -3.22299e-10 -6.79025e-10 0.727364 0.966236 -1.19875 -0.0118967 1.09166 0.298744 -0.82432 0.271472 0.899109 12.8077 0.0548481 -0.317615 1.24965 0.0706332 0 0.073785 0 0.0560222 0 0.0343805 0 0.072994 0 0.00988006 0.0442037 0 0.0468554 0 0.0789416 0.0936742 0.0475302 0 0.236865 0.00238715 0.209907 0 0.333857 0 0.296282 0.0140679 0.100749 0 0.151854 0.0321472 0 0.0237303 0 0.0498796 0.00324168 0.00168489 0 0.0759424 0 0 0 0.350531 0 0.160077 0.0541841 0.0183324 0.00330472 0.0151114 0.0362435 0.0019653 0.0332057 0 0 0 0.0185377 0 0 0.00233869 0 0.0580347 0 0 0.00809299 0.00255495 0.00769661 0 0 0.0294986 0.0772373 0.0162114 0.0518555 0.105146 0.333606 0.082767 0.0129953 0.0194984 0 0.0216028 0.00689605 0.062861 0.0201779 0.022209 0 0.0296015 0.0506046 0 0.000424668 0.0244563 0.00256316 0.0267688 0 0.0227178 0 0.0183662 0.00313408 0 0.0215701 0.0120447 0 0.011777 0 0.010072 0.0225264 0.120764 0.397745 0.024267 0.178007 0.0230012 0 0.028969 0 0.0205793 0 0 0 0.00128846 0 0.143453 0.324547 0.0486267 0 0.0442209 0 0.0187437 0 0 0.00356627 0.0532121 0.148435 0.0376778 0.238112 0.103905 0.104531 0.00820816 0.00619246 0.0897818 0 0 0 0.0287392 0.197153 0 0.0267343 0.0770199 0 0.0190375 0 0.00391142 0 0.103985 0.0503327 0.00707049 0.0217142 0.0238748 0.0286246 0.0292569 0.18476 0 0 0.0261609 0.192799 0 0 0.0196974 0 0.116132 0.145708 0.0403893 0.390202 0.0414398 0.617525 0.0428187 0.11093 0.055278 0.12178 0 0.0134287 0.00405639 0 0 0.0284268 0.102472 0 0.00401615 0 0.306692 0.217684 0.379507 0.0525248 0.133443 0.176801 0.126105 0 0 0 0.178339 0.00275744 0.228578 0 0.00734044 0.0453573 0 0.61483 0 0.554207 0 0 0 0.0163233 0.0694265 0.153623 0.183352 0 0.200303 0 0.503155 0 0.475015 0 0.0329976 0 0.367903 0 0.266364 0 0.0398642 0.0147227 0.106 0 0 0.0287516 0.260957 0.0656628 0 0 0.059583 0 0.0985951 0 0.060179 0.161793 0.130083 0 0 0.0157299 0.220602 0 0 0 0 0.219269 0 0.145485 0.0110958 0.162696 0 0 0.03791 0 0.0177045 0.0359442 0 0 0.0194963 0.00994367 0 0.0528224 0 0.0201022 0 0.135855 0 0.00391772 0.000741847 0.0461271 0 0.0649623 0 0.0726648 0.00638901 0.252752 0.00349989 0.327417 0.0123911 0.364256 0 0 0.150567 0 0.0233209 0.016758 0.0509595 0.0191776 0.137404 0 0.00783226 0 0.0105551 0 0.00529547 0 0.0700162 0.0960685
69 10.1616 0.0141685 -0.242654 -0.0765914 0.275992 -0.113136 12.864 0.280821 -0.188679 -0.11882 -0.100175 -0.210626 0.35768 0.0374732 0.107995 0.0171483 -0.353617 0.158079 0.215389 -0.00855669 -0.247522 -0.169249 0.0839592 0.2748 0.0467375 0.0257335 0.00846047 0.0688575 -0.0438739 0.0637492 0.0473439 -0.106791 0.105679 -0.00427259 0.100003 0.00572168 -0.0309024 0.154398 0.048706 0.0564133 0.133028 0.150883 1.35035 0.451679 0.699243 0.0741418 -0.0169785 0.152014 -0.0435469 -0.052659 0.453867 -0.201706 -1.44683 0.207517 0.700574 0.0147419 -0.0565819 -0.849397 -2.8237 -0.953035 0.315599 -0.397338 1.4497 2.19488 -0.698844 -0.433341 -7.54242e-11 -1.77263 3.56305 -1.14189 1.75702 0.00839857 1.15911 0.372356 2.32127 -0.0622193 -2.56512 -0.384601 -1.37872 0.41569 0.626396 -0.253756 0.898418 0.646737 0.846447 0.0216758 0.0778494 -1.09353e-09 1.81062 0.627269 0.403646 -1.3106 -0.396631 5.85765e-09 -0.252318 4.2309e-10 -0.0439097 1.23682 0.55907 0.168388 -0.272959 0.83668 -0.803904 9.74192e-09 0.717181 -9.04733e-10 -0.495591 0.769903 -0.438678 -0.0771173 2.55477e-10 0.472732 -0.192971 0.273982 0.887375 12.8496 0.076844 -0.382774 1.26657 0.0471764 0.0116049 0.0388939 0.00531935 0.0234615 0 0.0236513 0.0151482 0.119781 0 0 0.0646626 0 0.0841028 0 0.110484 0.0964189 0.0709869 0 0.346976 0.000538978 0.356406 0 0.474134 0 0.439394 0.0154505 0.345927 0.0211535 0.427515 0.132844 0.0113519 0.123408 0 0.18743 0.0234275 0.00316402 0 0.105055 0.118471 0 0 0.431522 0 0.0195824 0.0521827 0 0.0120925 0.00303087 0.00115189 0.00148309 0.0395133 0 0 0 0.0110768 0 0 0.00325216 0 0.0833208 0.0135757 0 0.00504246 0.0129275 0.00729175 0 0 0.0699739 0.0114067 0.0520638 0.0374707 0.157352 0.254684 0.114499 0.0302569 0.0269504 0 0.0259138 0.0162448 0.080373 0.0370446 0.00997234 0.00283876 0.0478187 0.0601892 0 0 0.0367347 0 0.0300124 0 0.0283019 0 0.0184126 0.00764608 0 0.00255809 0.0125453 0 0.00945362 0 0 0.013705 0.0959976 0.55988 0 0.261831 0.00248443 0.00218762 0.00386757 0 0.0654167 0 0.0523309 0 0.142164 0 0.213009 0.280122 0.0812275 0 0 0 0 0 0.022333 0.0346402 0 0.117404 0 0.197449 0.0160192 0.174516 0.00205583 0.00729675 0.130044 0.00319561 0 0 0.0262168 0.222021 0 0.0685655 0.0768657 0 0.0211109 0 0 0 0.0355981 0.00795351 0 0.0293901 0.000461732 0.0103467 0.0337809 0.293712 0 0 0.103802 0.340999 0 0 0.0186275 0 0.105819 0.159278 0.0424414 0.286469 0.0415796 0.525697 0.0753028 0.0971433 0.0861464 0.109823 0 0 0.00200191 0 0 0.0302615 0.151145 0 0 0 0.228121 0.289156 0.35312 0.0179428 0.0804799 0.176458 0.106165 0.00682999 0 0 0.208178 0.00130667 0.311133 0 0.0631752 0.141411 0 0.636746 0 0.59086 0 0 0 0.0160658 0.00649354 0.177411 0.222562 0 0.248648 0 0.43147 0.0116306 0.353437 0 0.0407642 0.00354702 0.235986 0.00589904 0.346813 0.139205 0.0758449 0 0.11362 0 0.0120063 0 0.28829 0.0546552 0.00965418 0 0.0931969 0 0.0632163 0 0.051331 0.198019 0.206123 0 0 0.0276141 0.305453 0.222066 0.0110475 0 0 0.202696 0 0.114965 0 0.106907 0 0 0.050157 0 0.0277541 0.0792435 0 0 0.0366783 0.0543524 0 0.046706 0.00349066 0.0122953 0.0107247 0.11089 0.00394622 0 0.0131687 0.0420434 0 0.0524722 0.000678362 0.0558268 0 0.334101 0 0.39567 0 0.399562 0 0.00607023 0.12422 0.0159206 0.0393539 0.0271131 0.00773391 0.034556 0.20115 0 0.0151137 0.00124056 0.0225098 0 0.0271634 0 0.0859756 0.161811
70 10.195 -0.000875651 -0.289871 -0.0826328 0.275343 -0.128184 12.9121 0.333218 -0.195129 -0.146773 -0.0759839 -0.237936 0.304499 0.124021 0.0812128 0.00117713 -0.335954 0.195992 0.235683 0.0131858 0.086405 -0.317164 -0.207043 -0.188953 -0.288877 0.00459766 0.01814 0.0576185 -0.0237131 0.0678946 0.0521309 -0.104879 0.186569 0.0223725 0.122493 -0.0590959 -0.055572 0.154574 0.0423164 0.0559173 0.123696 0.136458 1.37642 0.519301 0.691386 0.0833068 -0.050359 0.152254 -0.0342308 -0.0519473 0.428806 -0.16894 -1.43853 0.168718 0.688642 0.0153324 -0.098263 -0.363552 -0.965213 -0.16674 0.44131 -0.459919 1.38717 1.43835 -0.157095 -0.836654 0.926307 -1.27803 -2.13094 1.46869 -1.4015 -0.715399 1.06618 1.67495 0.64849 0.319148 9.37563 -5.98303 -11.8567 -9.85425 -5.86927 -0.620986 0.261301 -0.239083 0.465711 0.113152 0.128235 -1.12508e-09 1.5797 0.903561 0.712647 -1.13648 -0.687327 5.5594e-09 -0.628296 4.26651e-10 -0.172789 0.324278 0.622039 0.635785 -0.799642 1.39597 -1.093 1.03198e-08 -0.129459 -7.25706e-10 -0.503414 0.731238 0.621152 -0.220697 -0.0422682 0.610033 -0.324321 0.277094 0.873407 12.8911 0.094811 -0.454968 1.22597 0.0211713 0.0152723 0.00324436 0.00394281 0.00869086 0.00393811 0.0616392 0.0393507 0.203421 0.0199481 0 0 0 0.00364114 0.0136558 0 0.0919459 0.0452349 0.0990019 0.340915 0.143605 0.351402 0.137947 0.455963 0.184866 0.422395 0.262221 0.382825 0.292849 0.391501 0.178179 0.124814 0.130114 0.0747419 0.122004 0.0302652 0.00506494 0.00288788 0.135686 0.126705 0 0 0.246857 0 0 0.00685434 0.000390712 0.000417819 0 0 0 0.0388957 0 0 0.00548829 0 0 0 0.00101361 0 0.0469358 0.0277102 0.00196695 0.00306515 0.0113641 0.0156465 0.790293 0.00829825 0.798153 0.0156726 0.799579 0.031755 0.864648 0.125007 0.0817664 0.0472144 0.795308 0 0.021357 0.0115707 0.0638045 0.0452986 0.0219247 0 0.0562974 0.0965377 0.000109345 0.00131631 0 0 0 0 0 0 0 0.0298369 0 0 0 0 0 0 0.00625612 0.00552353 0 0.187946 0 0.179251 0 0 0 0 0 0 0.102875 0 0.179376 0.0203891 0.0370953 0.00702434 0 0 0 0.00482622 0 0 0 0 0 0 0 0 0.14156 0.19348 0 0 0.0886142 0 0 0 0.0282671 0.138192 0 0.00728031 0.00432667 0 0 0 0 0 0 0 0.00264514 0.0169548 0 0 0.146042 0.217356 0 0 0.0713506 0.452608 0 0 0 0 0.0271161 0.120331 0.044968 0.221436 0.142678 0.388647 0.495934 0.0717944 0.492403 0.0706069 0 0 0 0 0 0 0.0877847 0 0 0 0.137104 0.160843 0.0561277 0.00276088 0 0.232047 0.132306 0.0178208 0.0226587 0 0.0179954 0 0.0943558 0.00609608 0.183426 0.293177 0 0.265641 0 0.288468 0.0248423 0 0 0.0231952 0.00118434 0.0209835 0.133108 0 0.0995801 0 0.169531 0.0931593 0.110968 0.00698031 0 0 0.0222155 0 0.282216 0.239889 0.035031 0.00573921 0 0.0610205 0 0.177491 0.211284 0.0768076 0 0 0.0328533 0 0 0.0179034 0.0133811 0.144968 0.131948 0 0 0.00109849 0.271668 0.282095 0 0 0 0.061171 0 0 0 0.0165614 0.890003 0 0.00530555 0 0.0330923 0.114465 0 0 0.0430553 0.0957823 0.0454751 0.00752035 0.0379726 0.00979575 0.151294 0.0526842 0.0465698 0.0270061 0.0534302 0.0159307 0.0700615 0.0243119 0.0630844 0.0210078 0.0268122 0.246442 0.0355743 0.219896 0.0138381 0.178379 0 0 0.0619785 0.203498 0.172896 0.029603 0 0 0.126583 0.0321478 0.0335628 0.042032 0 0 0.0128007 0 0.0550895 0.121547
71 10.2283 -0.0186709 -0.237531 -0.0349163 0.278862 -0.142102 12.9526 0.329757 -0.199859 -0.209534 0.0639752 -0.294528 0.169246 0.221448 -0.0343435 -0.0498094 -0.381243 0.192541 0.159169 0.163787 0.24345 -0.405413 -0.128177 -0.21052 -0.31179 0.0704887 -0.013264 -0.031959 -0.101045 0.0625587 0.081545 -0.105141 0.207936 0.0201341 0.147509 -0.105327 -0.049401 0.152661 -0.000678902 0.0526058 0.049421 0.10861 1.4187 0.483587 0.661874 0.13326 0.0567404 0.152237 -0.0349014 -0.0519985 0.340211 -0.157335 -1.42467 0.0493223 0.644885 0.094522 -0.0621732 -1.07177 3.03287 1.87502 0.381087 -0.150791 0.952073 0.0288756 -0.106721 -1.83212 4.82789 -0.204925 -2.32576 -0.549433 -3.53653 -4.8235 -0.991193 0.245847 -2.78313 5.86925 -2.85713 -2.60267 2.49015 2.25824 -0.000351467 3.89936 -0.252498 -2.15048 -3.28603 -0.567328 -0.440901 -3.30167e-09 7.00047 1.18047 0.948306 -8.04544 -1.18751 4.23788e-09 -0.707387 1.17986e-09 -1.70088 0.156808 1.18268 -1.29127 -3.10114 -0.30131 0.716438 1.04702e-09 -2.47078 -4.03068e-10 1.55929 0.473297 1.8612 0.0602176 0.966138 3.2598 -0.203622 0.279844 0.860421 12.9314 0.0673592 -0.110387 1.11955 0 0.187055 0 0.173227 0 0.201652 0 0.0701886 0 0.286989 0.657604 0.406434 0.523909 0.357911 0.492352 0.328649 0.0775359 0.00118699 0 0 0 0 0 0 0.00791804 0.0784762 0 0.039305 0 0 0.0896188 0.194352 0 0.130842 0.087912 0.155758 0 0.013643 0.121345 0.223581 0 0 0 0.521252 0.0712459 0.0876341 0.176172 0.0651519 0.0494124 0.0254884 0 0 0 0 0 0.0664402 0 0 0 0 0 0 0.0272993 0.025729 0 0.0080466 0.141927 0 0.0457787 0 0.107102 0 0.140034 0 0.0198979 0.00280288 0.137823 0 0.00794298 0 0.0187733 0 0.0323843 0.0438157 0.0787453 0.0941388 0.00152464 0.00110881 0 0.0215861 0 0 0.00519036 0.0378589 0 0 0.0834899 0.169151 0 0.0235285 0 0.119757 0.0693976 0.061636 0 0.190663 0 0.00057552 0.0718583 0 0 0 0.154028 0 0.00350156 0 0.428351 0.0769157 0.176417 0.264581 0.122359 0.00851685 0.268958 0 0.148974 0 0 0 0 0 0 0 0 0 0 0 0.00695093 0 0.000387187 0 0.00200729 0.140601 0.00241113 0.423561 0 0 0 0 0.034838 0.0807003 0.273877 0.547349 0 0 0 0 0.0622255 0.54921 0 0.00746003 0.0799054 0.460581 0 0 0 0 0 0.269832 0.0232772 0 0.0204234 0 0.0826373 0 0.0933957 0 0.0283915 0 0.00955031 0 0 0 0 0.0597268 0 0 0 0.504942 0 0.840096 0.192731 0.760019 0 0.379757 0.0246164 0 0 0.521591 0 0.48448 0 0 0.159665 0 0.0323755 0 0.171991 0.108806 0.1005 0 0 0 0 0.37927 0 0.0827651 0.060207 0.0262945 0.00945945 0.655452 0 0 0.00764015 0 0 0.253773 0 0 0 0.108303 0 0.306606 0.112443 0.144655 0 0 0 0 0 0.271043 0 0.150644 0.00608205 0.00555573 0 0 0 0.21771 0.0954839 0.0386822 0 0 0 0 0 0.167334 0.541068 0 0.0714193 0 0 0.035609 0 0 0 0.0514357 0.159385 0 0.193947 0 0.542767 0.137036 0.332558 0 0.201717 0 0.24883 0.0705435 0.207764 0.0873204 0 0.156272 0.0825549 0 0.0763481 0 0.020247 0 0.215349 0.441582 0.551325 0 0.270088 0.121053 0 0.338775 0 0.0781519 0 0 0 0 0 0.271671
72 10.2616 -0.00129401 -0.174345 -0.0126805 0.282378 -0.140237 12.9886 0.278254 -0.17466 -0.228247 0.206272 -0.180682 0.132595 0.223555 -0.216346 -0.208166 -0.414602 0.1307 0.11723 0.259156 0.162606 -0.404584 -0.103244 -0.231464 -0.305674 0.0491285 -0.0128586 -0.044698 -0.0990731 0.0400485 0.0631928 -0.104481 0.213499 0.0265383 0.156415 -0.130471 -0.0705775 0.151697 0.0352512 0.0553485 0.11256 0.177136 1.39386 0.392321 0.549925 0.0336899 0.0310234 0.151706 -0.0554199 -0.0535651 0.335523 -0.164795 -1.36525 0.0948307 0.700889 0.0588927 -0.0658308 0.718447 1.6759 0.181746 0.279784 0.172636 1.10018 -1.3726 -0.0729407 -0.119732 3.16779 5.35155 -0.13435 -0.439293 -5.19754 -7.83775 -0.129929 -1.38158 -1.14053 1.08579 -1.56436 -7.92088e-09 0.882722 -1.46516 0.473007 -1.06998 -0.241085 -0.151256 0.226043 -0.279986 -0.251318 -1.5141e-09 -0.741035 -0.0128504 0.161117 0.156952 -0.243088 6.29289e-09 3.20409 6.35609e-10 1.13696 -1.89702 -0.794809 -0.657443 0.89501 -2.58878 0.834208 2.38825e-09 -6.80908e-11 -2.94279e-10 -3.00619 -0.635176 1.28542 0.473323 2.99885e-10 -2.10771 0.791289 0.281619 0.86262 12.968 0.0601407 0.166393 1.09493 0.0341669 0.00665291 0.0291959 0.0041746 0.0144613 0 0.0168534 0.000744354 0 0.0543907 0.0442001 0.066838 0.0359296 0.0751688 0.0346388 0.0742901 0.0239197 0.0768693 0 0.0747015 0.0764708 0.0752318 0.0814912 0.12537 0.174055 0.0600191 0.0718596 0.130031 0.0922116 0.0766862 0 0.0193454 0 0.0100467 0 0.0134849 0.00173636 0.0018198 0.0346851 0.221791 0 0 0 0.060735 0 0.00341796 0 0 0 0.0141274 0 0.00991851 0 0 0 0.0105853 0 0 0 0 0 0.00139788 0.0384349 0 0.00864909 0 0.138853 0.0527209 0.132859 0.0550728 0.155381 0.0758706 0.222479 0.220011 0.00127009 0.0169341 0.15682 0.0437273 0 0.0130889 0.00971209 0.0235734 0 0.0438162 0.06913 0.000555113 0.000109341 0.000898752 0 0 0 0 0 0 0.0118367 0.0605677 0.0302464 0.0470676 0 0.00511349 0 0.00453746 0.0291515 0.0415744 0 0.228169 0.0530706 0.106003 0.0403184 0 0.141802 0 0.0998193 0 0.108551 0 0.0312994 0 0 0.126129 0 0 0 0.0128962 0.256158 0 0.026252 0 0 0 0 0 0.16539 0.00873212 0.202463 0 0 0 0 0 0.154476 0.233886 0 0.0372888 0.0241438 0 0 0 0 0 0.00705035 0.00523611 0.178445 0 0.290803 0 0.309114 0.264515 0.000227897 0.00187803 0 0.346429 0 0 0 0 0.17001 0.0819094 0.0814962 0.327368 0.156822 0.551295 0.125031 0.0831375 0.127905 0.0844134 0.287449 0 0.385897 0 0 0 0 0 0 0 0.275311 0.0344531 0.160746 0.159501 0 0.231795 0 0.0497923 0.109849 0 0 0.0038453 0 0.02928 0.0059691 0 0.0834771 0 0.30275 0 0.00377486 0 0 0.00676365 0.360464 0 0.173896 0 0.143933 0 0 0.00352668 0 0.0560405 0.0197003 0 0 0 0.0875825 0.188334 0 0 0 0.0718631 0 0.384941 0.299138 0.106973 0.00613266 0 0.0148604 0 0 0 0.129335 0.136393 0 0 0.149401 0 0 0.249334 0 0 0.167694 0 0 0 0.0448828 0.122508 0.315054 0 0.0390555 0.0178833 0.0285654 0.0372736 0 0 0.0338439 0.0338561 0.0710883 0.00876743 0.0799095 0 0.254822 0.19294 0.109085 0.0311306 0.0755721 0.0637563 0.122792 0.0972624 0.110858 0.0741115 0.147421 0.0915119 0.383862 0.0155468 0.410949 0 0.002202 0 0.238092 0.0294022 0.144142 0 0.0215425 0 0 0.0262958 0.0334251 0.0053594 0 0 0 0 0.111505 0.204309
73 10.295 0.0154545 -0.135684 -0.0140129 0.286475 -0.129908 13.028 0.189372 -0.156908 -0.235007 0.36683 0.126466 0.155066 0.184242 -0.442704 -0.606457 -0.372757 0.0980686 0.0992151 0.234717 0.128376 -0.404533 -0.0870625 -0.0961633 -0.0692613 0.02418 -0.0136115 -0.0396678 -0.0973375 0.0387436 0.0585633 -0.105129 0.171614 0.0162865 0.16212 -0.102663 -0.0602667 0.15123 0.0522357 0.056641 0.143322 0.229572 1.37442 0.272164 0.623993 -0.0260331 0.0623784 0.151747 -0.0538276 -0.0534436 0.263915 -0.141454 -1.34082 0.12463 0.687088 0.0294297 -0.0677152 0.511074 1.37374 -0.0129588 0.307489 0.354608 1.20508 -3.05141 0.220005 -0.0126654 5.93817 5.6338 1.174 -11.0308 21.665 -6.16894e-07 1.662 -0.551598 -0.776845 -1.42475 -0.569596 -4.93235e-09 0.812346 1.43107 9.40366 -1.02772 -0.00485834 -0.0994227 0.250954 -0.0807232 0.123657 -2.68978e-09 -2.87795 -0.87542 0.0192967 2.73642 0.806618 6.97157e-09 1.12245e-09 4.05303e-10 -1.04316 -0.912997 0.0955916 0.14415 5.02636 -2.10033 1.61829 3.17023e-09 0.19459 -2.94486e-11 -1.1467 -1.23729 0.792037 0.0109993 -0.431323 -0.368155 -0.34351 0.283882 0.871908 13.0062 0.0815763 0.314466 1.17654 0.0233764 0.0101235 0.0229999 0.00274764 0.00638153 0 0.0170942 0.00564142 0 0.0509902 0.0122503 0.158895 0.00652026 0.164518 0 0.176523 0 0.194004 0.0170688 0.0641376 0.114455 0.0598912 0.113608 0.118208 0.224862 0.044352 0.150919 0.128771 0.18482 0.0711892 0 0.0209463 0 0.0191955 0 0.040406 0.00201546 0.00722158 0.0203234 0.305655 0 0 0.0452605 0.116971 0.00437202 0 0.00623405 0 0 0.0419426 0 0 0 0 0.0139567 0 0 0 0 0 0 0.0012962 0.0636563 0 0.0165173 0 0.158298 0.0493122 0.156827 0.0383579 0.183158 0.0631906 0.276102 0.24132 0 0.00459303 0.168629 0.100846 0 0.0377524 0 0.038961 0 0.14529 0.0854266 0 5.22349e-05 0.000232611 0 0 0 0 0 0 0 0.0729958 0.0169843 0.0381022 0 0.00811264 0 0.0107411 0.016096 0.0737314 0.0243945 0.123819 0.272237 0.0555198 0.0322727 0 0.111455 0 0.0707925 0 0.143665 0 0.0718373 0 0 0.164393 0 0 0 0.00153008 0.198177 0 0.0147713 0 0 0 0 0 0.194004 0 0.176011 0 0 0.0042537 0 0 0.186497 0.189519 0 0.170974 0.0749601 0 0.00401433 0 0.00716731 0 0.028594 0.0197103 0.155578 0 0.247789 0 0.376441 0.445119 0 0.00267941 0 0.398454 0 0 0 0 0.228265 0.202682 0.118526 0.281691 0.205667 0.506461 0.118641 0.0806878 0.123488 0.0832811 0.232482 0 0.325565 0 0 0 0 0 0 0 0.245733 0.0225795 0.194032 0.0906871 0.0252727 0.20129 0 0.0461328 0.111903 0 0.0307371 0 0.0455558 0.00619586 0.0224598 0 0.00249957 0 0.167209 0 0 0 0 0 0.297379 0 0.104786 0 0.133363 0 0 0 0.0120801 0.0905107 0.0853814 0 0 0 0.00643364 0.244122 0 0 0 0.0109762 0 0.224573 0.29421 0.0869719 0.0119244 0 0.0219282 0 0 0 0.184252 0.254951 0 0 0.132571 0 0 0.306734 0 0 0.112427 0 0 0 0.0422629 0.190133 0.30832 0 0 0.0320701 0.0156772 0.0219195 0 0.0273028 0.0194071 0.032368 0.0348854 0 0.0341699 0 0.0735366 0.205506 0.0344778 0.0386909 0.0297532 0.0646299 0.0448677 0.105703 0.0383867 0.0645572 0.112118 0.090824 0.339724 0.0101422 0.377939 0 0.0159988 0 0.221787 0.00611625 0.0497804 0.0210946 0.0232313 0.0173249 0.0206937 0.00975213 0.0270925 0.00255583 0 0 0 0 0.125769 0.208131
74 10.3283 0.0284307 -0.10341 -0.0141913 0.291513 -0.119393 13.0667 0.0362226 -0.111804 -0.238118 0.610846 0.49166 0.15515 0.106108 -0.304004 -0.590314 -0.302625 0.0707626 0.0816622 0.164794 0.115346 -0.404896 -0.0752077 -0.284452 -0.291105 0.0456628 -0.00514313 -0.0470516 -0.148705 0.0175916 0.0645693 -0.104736 0.0306646 0.00920889 0.178167 0.0223861 -0.0327914 0.15123 0.0522357 0.056641 0.10915 0.178606 1.38162 0.225448 0.699932 0.0098787 0.0799546 0.152712 -0.0161514 -0.0505639 0.161679 -0.166603 -1.33948 0.0482075 0.658877 0.0583739 -0.127074 0.102103 1.27326 0.14743 0.249741 0.282233 1.1408 -4.12144 0.663046 0.26017 6.10466 9.96544 -1.49481 -4.6785 11.3055 5.50514 2.21502 -1.10978 -0.776739 -1.85794 -0.40112 -9.24277e-09 0.439096 -5.76037 -6.63922 0.883915 0.149815 -0.461615 -1.47593 -0.728931 0.0445223 -2.79789e-09 -1.23483 -0.0554965 0.625259 0.71857 0.33584 9.69848e-09 2.91037e-10 4.36282e-10 -0.88146 -1.03587 -0.0238458 -0.139795 0.595782 0.241097 -0.113785 4.84332e-09 -0.172389 -2.4405e-11 0.390929 -0.66999 0.584407 -0.272101 -0.422095 1.01287 -1.65998 0.286804 0.881505 13.0469 0.0944984 0.226721 1.23919 0 0.0377677 0 0.0210756 0.0215534 0.0420543 0 0.00507213 0 0.02003 0.141319 0.176114 0.0932312 0.168747 0.064555 0.18165 0.0280248 0.0433865 0 0.0562905 0.133356 0.0866373 0.0652716 0.260845 0.263048 0.24087 0.159548 0.0747486 0.125844 0.0648987 0 0.181827 0 0.120901 0 0.093913 0.00989949 0.02389 0.0954817 0.185847 0 0 0 0.167908 0.0167672 0 0.145813 0.059426 0 0 0 0 0 0 0.0157164 0.0107705 0 0 0 0 0.00423562 0.0168819 0.0567236 0.000941042 0.0106425 0.00203426 0.132605 0 0.0669393 0 0.107379 0 0.112095 0.000705428 0 0.0129473 0.119838 0.049807 0.00326247 0.00641018 0 0.0176103 0.0283335 0.0395726 0.0862574 0.0581823 0.00148382 0.000493213 0.0453176 0.177982 0.0107236 0.184975 0.0236161 0.205839 0.018949 0.239648 0.0340959 0.0251045 0 0.123431 0 0.253659 0.0277373 0.0224978 0 0.0938694 0 0 0 0 0.068769 0 0.0551773 0 0.112067 0.115039 0.368367 0.00312865 0 0.0637518 0 0 0 0 0.25427 0 0.0508351 0.0285223 0 0 0 0 0 0 0.25411 0.0152269 0 0.01577 0 0 0.252007 0.182736 0.154273 0.233479 0 0 0 0 0 0 0.0566236 0.156297 0.182295 0 0.223612 0.00923199 0.473187 0.490825 0.00158462 0.00291148 0 0.118413 0 0 0 0 0.349805 0.246681 0.00300757 0 0 0.034695 0.117069 0 0.136616 0 0.28186 0.0422384 0.293375 0.0422256 0 0.0202445 0.0102624 0 0.00660019 0 0 0 0.135955 0.240859 0.0286743 0.0904571 0 0.00436902 0.0532316 0.046079 0 0.0471548 0 0.0645166 0 0 0.258763 0.10156 0.252841 0.148984 0 0.00850761 0 0 0.214686 0.019747 0.138711 0.0986614 0.0540008 0 0 0.0640421 0.0332354 0.372826 0.0433128 0 0.0353427 0 0.0789918 0.282483 0 0 0 0.0593824 0 0 0.28761 0.0787208 0 0 0 0 0 0 0.254009 0.247288 0 0.00155863 0.104354 0.0534582 0 0.358238 0 0 0.1487 0.046831 0 0 0.0402242 0.0403082 0.417722 0.285757 0 0.515177 0.018438 0.063971 0 0 0.0577352 0.103055 0.0359534 0 0.00469591 0 0.00585807 0.143435 0.0313698 0 0 0 0 0.0685522 0 0.0479363 0.110978 0.068585 0.458525 0 0.497535 0 0.0243173 0 0.245404 0.0563757 0.069647 0.0300545 0.086535 0.0398895 0 0.0836165 0.00331532 0 0 0 0 0 0.234755 0.256923
75 10.3616 0.0450165 -0.106946 -0.00973323 0.294259 -0.110856 13.1044 -0.129508 -0.054872 -0.225951 0.792374 0.561653 0.0145081 0.0533264 0.0864979 -0.266175 -0.21325 0.082252 0.0680189 0.0580506 0.112068 -0.40527 -0.0674192 -0.406344 -0.448428 0.0554421 0.0161624 -0.0556892 -0.187928 -0.0119729 0.0605006 -0.104703 -0.0062639 0.0208427 0.195972 0.0483992 -0.0417248 0.151253 0.0513854 0.0565764 0.132759 0.210695 1.37103 0.155236 0.700086 0.00170309 0.0663924 0.152237 -0.0348892 -0.0519976 0.189471 -0.145728 -1.32243 0.0936081 0.693927 0.0266308 -0.0774263 0.279954 -0.106822 -0.130789 0.153252 0.274136 1.11772 -4.3333 0.840245 1.12705 3.57524 0.767758 -5.56241 2.40795 9.44879 9.27203 2.9408 0.114526 0.0495401 -3.26619 0.0673555 -5.29898e-09 0.0513912 -4.86833 -5.77016 0.372086 0.239832 0.0039172 -0.967845 -0.541783 -0.247364 -2.36915e-09 1.06923 0.770692 0.661937 -1.69057 -0.659772 8.69006e-09 6.86107e-10 4.58405e-10 -0.395506 -0.180355 -0.0302755 -0.545796 2.24647 -1.14607 0.212322 4.05388e-09 -0.276329 -1.54268e-10 -0.301628 0.249802 0.425521 -0.0329699 -0.122853 -1.01749 0.584434 0.289448 0.889054 13.0877 0.0713956 0.191998 1.2207 0 0.00803923 0 0 0.0221161 0.00866627 0 0 0 0 0.0520521 0.171113 0.0267623 0.176801 0 0.203517 0 0.0536478 0 0.154921 0 0.18524 0 0.387004 0.0498017 0.389477 0 0.0738489 0 0.082051 0 0.122642 0 0.108179 0.169108 0.058265 0.014256 0.0272144 0.0607362 0.228794 0 0 0.0294105 0 0.00982802 0 0.164836 0.0779393 0 0 0 0 0 0 0.0105953 0.00823348 0 0 0 0 0 0.0281871 0.0898875 0 0.0248035 0.00058587 0.108704 0 0.0686731 0 0.101708 0 0.119663 0.00512851 0 0.0111585 0.0633494 0.00760439 0 0.0133355 0 0.0137602 0 0.0915148 0.151247 0.0203594 0.000465842 3.50671e-05 0.0569011 0.268667 0.0191315 0.256858 0.0382706 0.302239 0.0309949 0.308821 0.0308002 0.0370659 0.000422917 0.187134 0.00261451 0.383612 0.0133888 0.0222673 0 0.205109 0 0 0.0304215 0 0.0442706 0 0.180092 0 0.00535634 0.214 0.269732 0 0 0.0314501 0.127627 0 0.107332 0 0.136366 0.0287887 0.0188215 0.052712 0 0 0 0 0 0.0957415 0.000842906 0.0520975 0 0.0144485 0 0 0.197448 0.171459 0.117134 0.223865 0 0 0 0 0 0 0.0700056 0.137762 0 0.0515989 0.00683702 0.0976224 0.355984 0.521029 0.00150614 0.00553479 0 0.096609 0 0 0 0 0.308851 0.204216 0 0 0 0.0841773 0.0909088 0 0.106419 0 0.0581647 0.115582 0.0373822 0.123732 0.0154277 0.0441557 0.0161125 0 0.00551713 0 0 0.0295238 0.231816 0.188786 0.0323118 0.161029 0.0111333 0 0.018337 0.103481 0.00225265 0 0 0 0 0 0.17174 0.132808 0 0.260246 0 0.00586491 0 0 0 0.138285 0.175523 0.0674601 0.028673 0 0.0786527 0.0106372 0.0440648 0.0630165 0.00942231 0 0.122223 0.0626743 0.0805257 0.24307 0 0 0 0.14516 0 0 0.240984 0.112445 0 0 0 0 0 0 0.204797 0.233242 0 0 0 0.105365 0 0.352608 0 0.0170828 0 0.162872 0 0 0 0.0604442 0.336442 0.151588 0 0.875087 0.0630759 0.0293045 0 0 0.106068 0.0928044 0.0210772 0 0 0 0 0.14909 0.0251533 0 0 0 0 0.0748214 0 0.0277498 0.00115249 0.225152 0.164041 0.115121 0.155057 0.1639 0.0131565 0 0.205991 0.0728096 0.0188028 0.0330038 0.0532924 0.0496366 0 0.0273275 0.0158993 0.0154327 0 0 0 0 0.184234 0.215726
76 10.395 0.0255858 -0.119897 -0.0346366 0.292532 -0.104127 13.1435 -0.236788 -0.0157596 -0.163124 0.901329 0.424338 -0.168771 0.129027 0.057996 -0.207284 -0.0971148 0.0959545 0.0916737 -0.0220211 0.0957658 -0.404879 -0.0668018 -0.326372 -0.348085 0.0553461 0.0204546 -0.0381209 -0.157687 -0.0144657 0.0543899 -0.105334 0.0564768 0.0502591 0.186717 -0.0225027 -0.0741804 0.15128 0.0504302 0.0565037 0.184022 0.283383 1.35536 0.1005 0.682806 -0.0423566 0.018019 0.151888 -0.0471095 -0.0515398 0.314061 -0.194424 -1.27893 0.199973 0.702662 0.0319736 0.000607597 -0.722903 -0.334505 -0.79922 0.0453772 0.18105 1.17773 -2.93308 0.0894149 2.16507 2.57351 -2.91196 -2.6613 1.40581 -1.3231 0.559382 3.12236 0.133109 1.02672 -1.60535 -0.838984 -2.39707e-09 0.211078 8.97179 9.72825 -0.179083 0.0310572 0.473721 1.19725 0.0988524 -0.03827 -1.68178e-09 0.594771 4.34301e-10 -0.157605 -0.613696 0.54563 4.44532e-09 5.00404e-10 9.09545e-12 0.148183 0.144454 0.0903128 -0.301498 1.32648 -2.11639 0.0601825 2.50796e-09 0.531507 0.0597015 -0.123957 -0.903489 0.617601 0.196366 1.84201e-10 -0.949415 1.16631 0.291195 0.895543 13.1284 0.0417734 0.153312 1.22155 0.0143596 0.0325204 0.0149936 0.0229557 0.0165402 0.0331597 0.00364179 0 0 0 0.106462 0.225293 0.0782324 0.181872 0.0711478 0.166291 0.0198589 0.060023 0.0197744 0 0.0206947 0 0.0184128 0.00727979 0.0295476 0 0.00877716 0 0.0138167 0.00420307 0.00315615 0 0.00875274 0 0.00715409 0 0 0.00528906 0 0.121643 0.0641952 0 0.018542 0.0562016 0.0257975 0.00849836 0.0166886 0.0133717 0.0245676 0 0 0 0.000838465 0 0.0338806 0.00890661 0 0 0 0 0 0 0.0182275 0 0.00467094 0 0.0870762 0.0128349 0.0835031 0.0202465 0.108577 0.0453442 0.2142 0 0 0 0.117579 0.0191639 0 0.0044764 0.00839886 0 0 0.0256005 0.060735 0 0 0 0 0.0198764 0 0.0248018 0 0.0287139 0 0 0.0115244 0.042818 0 0.0449106 0 0.0378781 0.0213649 0.041618 0.0593682 0.0298695 0.416922 0 0.17004 0.0196363 0.0770686 0 0.0679886 0 0.0219871 0.0231195 0.0240367 0.00669063 0.138213 0.00485962 0.209227 0 0.196262 0.0656396 0.156087 0.0260713 0.0325162 0 0.091562 0.00364954 0.0542797 0 0.0285477 0.0151168 0 0.00907349 0 0 0 0 0.114062 0.130749 0.0823819 0.339088 0.0529912 0 0.00539046 0 0 0 0.121593 0.16186 0.0008943 0.00439184 0.0117858 0.00499084 0.177579 0.499792 0 0.00223961 0 0 0.00420718 0 0.0179563 0 0.125947 0.286411 0.100885 0 0.143545 0.0216459 0.0776396 0 0.0814736 0 0.0367986 0.00959563 0.013259 0.0188439 0 0.00140594 0.0136946 0 0.000255062 0 0.000675221 0.0908808 0.152197 0.273572 0.152187 0.122195 0 0.0276384 0.00878112 0.00321012 0.011269 0.0331041 0.00984646 0 0 0 0.0262697 0.0276974 0 0.0454587 0 0 0 0 0.00489845 0.0397408 0.141531 0 0.133578 0 0.0618668 0.141766 0.0842616 0.0556069 0.0570905 0.0114223 0.105234 0.00531904 0 0.040219 0.00443244 0 0.0177956 0 0 0.0416184 0.284463 0.110482 0 0 0.0318576 0 0 0 0.0993969 0.309964 0 0 0.0102584 0 0 0.00921719 0.015633 0.00228162 0.00575879 0.00613718 0.0199906 0.00806464 0.129019 0.180193 0.185317 0.180994 0 0.00664025 0 0.0206333 0.041374 0 0 0.0358445 0 0 0 0 0 0 0 0.00123186 0.00656152 0 0 0 0 0 0 0.00561094 0.0308257 0.0142641 0.077937 0 0.0129753 0 0.0793543 0.0426664 0.0506985 0 0.0728739 0.0800645 0 0 0 0 0 0 0 0 0.122071 0.198815
77 10.4283 0.0101478 -0.125154 -0.0544707 0.290301 -0.101302 13.1822 -0.329971 -0.0264748 -0.111726 0.942484 0.329441 -0.228743 0.101778 0.0622281 -0.205664 -0.0134345 0.101906 0.111106 -0.0525139 0.0582757 -0.40406 -0.0622453 0.00797174 0.0346482 0.0376942 0.0240452 -0.0276212 -0.1089 -0.0235937 0.051846 -0.105588 0.0672925 0.0504426 0.175957 -0.0273474 -0.058859 0.151282 0.0503275 0.0564959 0.221542 0.304389 1.3464 0.11221 0.70212 -0.0173714 0.0283692 0.152875 -0.00756759 -0.0499371 0.21263 -0.200857 -1.28308 0.194616 0.701799 0.0552524 -0.0553183 -0.502394 -0.138935 -0.395706 0.0894476 0.0516874 1.13892 -2.39853 -0.86251 1.10344 0.201849 -2.10894 -0.711491 -0.577863 -0.0614898 -0.347347 2.27504 0.0141737 0.508135 -0.532288 -1.19837 -1.8064e-09 0.445684 0.00401666 0.00555637 -0.323949 0.0281656 0.242135 1.26376 -0.230025 -0.176701 -1.94079e-09 0.902258 4.36827e-10 -0.158462 -0.737002 0.602682 5.26543e-09 -0.0264485 1.14155e-10 0.135355 -0.166525 0.145415 0.210289 -0.180169 1.05258 0.0651377 3.89794e-09 1.11335 -2.60651e-10 -1.42275 -1.76625 0.105557 -0.0658675 1.47591e-10 0.522902 -0.995252 0.292232 0.898437 13.1689 0.0210382 0.0416829 1.20447 0 0.0407876 0 0.0354751 0 0.0317499 0 0.0218969 0 0.0582967 0.0523673 0.169905 0.0441762 0.140499 0.0455766 0.131275 0.0199294 0.0341388 0.0208818 0 0.00625924 0 0.0514357 0 0.0369145 0 0 0 0 0 0 0 0 0 0 0.0189059 0 0.00748683 0 0.0406527 0.128995 0 0 0.0464824 0.0302609 0.0174928 0 0.0233875 0.0221293 0 0 0 0 0 0.0374784 0.0176355 0 0 0 0 0 0 0.0145241 0.0284035 0.00454563 0.00855528 0.0507196 0.0137132 0.0566617 0.00309124 0.0786607 0.00569208 0.210827 0.0118222 0.00235991 0 0.0324184 0.0383966 0.000608738 0.00204427 0.00536069 0.0102412 0 0 0.0365604 0.0730124 0.00091542 0 0 0.00146362 0 0 0 0 0.0378873 0.00194462 0.0441226 0.0193662 0 0.0171743 0 0.0160442 0.0269959 0.0266796 0.158105 0.0810799 0.543817 0 0.177611 0.0827755 0.00406132 0.0279331 0.00124849 0.0225183 0 0 0 0 0.257548 0.293169 0.338734 0.238559 0.267036 0.170796 0.170347 0.0153515 0.0305749 0.00286085 0.237283 0.0645195 0.244222 0.108237 0 0 0.014142 0 0 0 0 0 0.202799 0.219289 0 0.205238 0 0 0 0 0 0 0.0183683 0.0613298 0.0207918 0 0.0556244 0 0.304856 0.497105 0 0.000925386 0 0.0395035 0.00657605 0 0.0186181 0 0.133217 0.294586 0.207893 0 0.339815 0.0389473 0.120397 0 0.118759 0 0.0750671 0 0.0422001 0 0 0 0 0 0.0017115 0.000282489 0.0674798 0.186098 0.147274 0.320534 0.176564 0.113117 0 0.0839193 0 0 0 0.095691 0 0.0924161 0 0 0.281896 0.0428391 0.251365 0.0284272 0 0 0 0 0.164952 0.0561576 0.0220626 0.0626737 0.00266932 0.00965289 0 0.113056 0 0.0293553 0.038297 0.0393808 0.0525064 0.0421364 0 0.0119983 0 0 0.0952155 0 0.00920762 0.00898369 0.19864 0.185633 0 0 0 0 0 0 0.155506 0.269882 0 0 0.0260141 0 0 0 0.0457782 0.0165936 0.129143 0 0.113774 0.00963683 0.195198 0.0927176 0.00303011 0.176556 0.0039691 0.0390269 0 0.0444457 0.0324447 0 0.00805037 0.0629548 0 0 0 0 0 0 0 0 0 0 0 0 0 0 0.140587 0.0113896 0.16405 0 0.227989 0 0 0.000749862 0.102396 0.202612 0.0709994 0 0.0107097 0.0456188 0 0.0521725 0.0203544 0.0265477 0 0 0 0 0.133717 0.197496
78 10.4616 0.0535529 -0.136883 -0.0625836 0.288105 -0.101156 13.2172 -0.448424 -0.0115361 -0.0589488 0.852767 0.319899 -0.32729 0.1319 -0.142312 -0.466308 -0.00352247 0.109931 0.119119 -0.0685038 0.0215909 -0.396957 -0.0568414 0.00813774 0.0348797 -0.00799206 0.055776 -0.0193312 -0.104561 -0.0177252 0.0347028 -0.10603 0.0915125 0.0525482 0.174875 -0.0358942 -0.029187 0.154021 -0.0538472 0.0487506 0.120432 0.304073 1.39944 0.022015 0.694209 0.0346684 0.153332 0.152385 -0.0269424 -0.0517556 0.271056 -0.249127 -1.24256 0.231023 0.694047 -0.0473504 -0.12881 1.18542 0.00289268 -0.110677 0.0658899 0.0172626 1.025 -2.87631 0.062564 1.48587 -3.69021 -0.560079 -3.19937 2.51804 -15.6437 -11.4142 0.368494 0.0992569 0.0397964 -0.549802 -0.952298 -0.0101558 0.334971 0.00569257 0.00794546 -0.824091 0.852415 -0.0247081 -0.247648 0.176197 -0.555405 -2.9032e-09 -0.761858 1.5338e-10 -0.108228 1.38164 0.791367 4.24724e-09 -2.63195 0.0651692 0.287337 0.13164 1.07863 0.124262 0.5698 1.06552 1.35041 4.42402e-09 -0.970194 -3.34371e-11 0.492361 -0.159074 0.710954 0.478764 -0.773797 -2.31462 -1.00836 0.292877 0.897717 13.2085 0.0179495 -0.0694596 1.17203 0 0.0311238 0 0.020202 0 0.0269683 0.0192256 0.0303682 0.00831267 0.0519252 0 0.0742137 0 0.072482 0 0.0513988 0 0.0437399 0.0220123 0.0634648 0 0.13121 0.0990917 0.0145581 0.11893 0.124448 0 0.102662 0 0.000939756 0.032266 0.0141094 0.0471144 0 0.0830246 0 0.00631206 0.00538223 0 0.078906 0 0.0379613 0 0.0252506 0 0.0447135 0.0505384 0.137324 0 0.0631698 0 0 0 0 0.0280587 0.0989941 0 0 0 0 0.0203792 0 0.048257 0.0615643 0.0208119 0.00663038 0 0.0860487 0 0.0513956 0 0.0677152 0 0.062182 0.0170399 0.00867171 0 0.0569811 0 0.00592398 0.0113725 0.00252507 0 0.0620433 0.106906 0.0493241 0 0.000269725 0.0965701 0.0647719 0.0519057 0.0548589 0.0894758 0.0579982 0.137968 0.0321193 0.0308018 0.0791121 0 0.0793465 0.0489461 0.0848904 0.00334009 0.0426961 0.178974 0.0165299 0.451036 0 0 0.0133186 0 0 0 0 0 0.00692259 0.00613208 0.0285834 0.0412055 0 0.0721003 0 0.163612 0.0811044 0.0314799 0.0472173 0.0516315 0.109783 0.121204 0 0.16031 0 0 0 0.00341532 0.0254998 0 0 0 0 0.245031 0.328046 0.00253171 0.0462184 0 0 0 0 0 0 0.00565787 0 0.0137387 0.015647 0.0355826 0.0243285 0.445066 0.434611 0 0.00292161 0 0.0879751 0 0.00539575 0 0 0.273677 0.189336 0 0.0655491 0 0 0.0409775 0.0876998 0.0226156 0.094035 0.0671775 0.0397909 0.0226757 0.0796456 0 0 0.00122226 0.0408854 0 0.00583668 0 0.189004 0.148823 0.400324 0.149888 0.0696772 0 0.0984439 0.0300404 0.0454413 0 0.0231511 0 0.0921558 0 0.0417529 0.225485 0.0485511 0.302247 0.0540562 0 0 0 0.0190581 0.11899 0 0.14814 0.0431622 0.019035 0 0 0.178073 0 0.0283116 0 0 0 0.117423 0 0 0 0 0.211672 0 0 0.104369 0.259296 0.134504 0 0 0 0 0.0140589 0 0.221514 0.216471 0 0 0.0531734 0 0 0 0.0673957 0.0460745 0.140703 0 0.0596858 0.0190075 0.0796052 0.214988 0 0.445758 0 0 0.0330134 0 0 0.184025 0.0398867 0 0 0 0 0 0.00107244 0 0 0 0 0 0 0 0.00198007 0 0.353717 0.0552816 0.168232 0.283362 0.207086 0.254893 0 0 0.175555 0.306035 0.143833 0 0 0.043261 0 0.0839608 0.041876 0.0875803 0 0 0 0 0.142673 0.202443
79 10.495 0.081722 -0.16227 -0.0672975 0.286445 -0.103024 13.2507 -0.553099 -0.00579212 -0.0144644 0.760822 0.273004 -0.357787 0.0821958 -0.276236 -0.598026 0.0328312 0.113583 0.12094 -0.102222 -0.00791321 -0.371195 -0.050607 0.00893716 0.0359748 -0.0289152 0.0710228 -0.00828062 -0.0944376 -0.022175 0.0194979 -0.106639 0.114025 0.0512606 0.149274 -0.0549439 -0.0223363 0.152841 -0.0058851 0.0522185 0.266726 0.281149 1.38976 0.172598 0.686515 0.0100705 0.0728638 0.158257 -0.0422031 -0.0526232 0.219921 -0.178519 -1.26414 0.334778 0.694247 -0.0161662 -0.0454642 0.322316 -0.862613 -0.193022 0.127666 0.0134508 0.976473 -3.04855 -0.436689 1.0411 -1.42591 -1.08184 -0.215796 -1.17752 0.454364 1.71315 1.10413 -0.242166 0.155611 -1.41737e-09 -1.27085 1.07029 0.593244 0.00465352 0.0064672 -0.013178 0.0456491 0.43706 0.429856 0.179167 -0.279626 -5.59301e-09 2.85274 2.00843e-09 -0.495613 -2.98377 0.321893 8.58734e-09 1.11331 1.92934e-10 0.499483 -0.686462 0.402282 0.0200027 -1.33863 0.813997 -1.2842 4.17294e-09 0.725369 -1.58278e-10 -0.339673 -0.987117 -0.430994 0.372426 -1.08268 -0.621886 2.23334 0.292778 0.895801 13.2475 -0.023935 -0.0393774 1.17339 0.000274241 0.02041 0 0.0193359 0 0.00591611 0.0133776 0.0233726 0.0198383 0.0151973 0.0695313 0.113757 0.0760266 0.0863867 0.0849363 0.0882769 0 0 0 0 0 0 0 0 0 0 0 0 0 0 0 0 0 0 0.0845538 0 6.28507e-05 0.0203355 0 0.0899169 0.079849 0 0.176077 0 0 0.128138 0 0.085004 0 0 0.00905916 0 0 0 0.034732 0.0265864 0 0 0 0 0 0 0.0564685 0.109083 0.0175797 0.0316923 0.0112427 0.079599 0.00707327 0.048435 0.0165999 0.0556935 0.0690283 0.0857379 0 0 0.0119623 0.106661 0 0 0 0 0 0 0.113688 0.19542 0.00101779 0 0 0.0198102 0 0.0133784 0 0.0127224 0.0782816 0.00868807 0.0634342 0.0189839 0.00187741 0.0286287 0.000169552 0.0262033 0.0231343 0.0031417 0.179941 0.291318 0.511042 0 0.146256 0.0625124 0.0227776 0 0.174571 0 0 0 0 0 0.681756 0.0272264 0.584091 0.0978468 0.464906 0.343578 0.0484135 0.036835 0.00976822 0 0.0932548 0.385015 0.204239 0.311766 0 0.0722083 0 0 0 0 0 0 0.11754 0.250739 0 0 0 0.0701489 0 0 0.0217353 6.77374e-05 0.0170536 0.0161694 0 0.0356474 0 0.10249 0.322625 0.450177 0 0.000627517 0.104204 0 0 0 0.0109381 0 0.0850158 0.205318 0.127743 0 0.186496 0.0172402 0.0604415 0 0.0600223 0 0 0.0687245 0 0.00828233 0 0.0339869 0 0 0 0.00359163 0 0.489182 0.0479458 0.393807 0 0.278309 0.0217499 0.0315184 0 0 0.010595 0.00312086 0.0146304 0.00302895 0 0 0 0.231909 0 0.333657 0 0 0.00230583 0 0 0.490255 0 0.0676807 0 0.090461 0 0 0.0887925 0 0.0135929 0.121164 0.0430258 0 0 0.217482 0 0 0.187702 0 0.184413 0.00812835 0.120045 0.043986 0 0.0381783 0 0.0440862 0 0 0.094322 0.143923 0 0 0 0 0 0.121464 0.121717 0 0 0.174165 0.042633 0.0861371 0.103549 0 0 0.410057 0.0149191 0 0.0267553 0.125497 0 0 0.0263202 0.166041 0.0677088 0 0.0681141 0 0.209307 0 0.0427517 0 0.0904471 0 0.121795 0 0.123605 0 0 0.243045 0 0.202344 0 0.227215 0 0.107169 0.134688 0.293453 0.0453273 0.0265864 0.000941298 0.0219894 0.0155028 0.00863583 0.0322269 0.0424379 0 0 0 0 0.0606576 0.265507
80 10.5283 0.0990273 -0.187329 -0.0788724 0.285101 -0.10558 13.2831 -0.633319 -0.00527093 0.0289761 0.64229 0.176374 -0.377291 0.0711121 -0.33489 -0.544181 0.0626029 0.0991993 0.128574 -0.102222 -0.0504247 -0.329007 -0.0383642 0.00833961 0.0351564 -0.0350815 0.0772662 0.0105464 -0.0794101 -0.0152653 0.0123104 -0.108741 0.207562 0.0514046 0.129314 -0.14681 -0.0243072 0.151895 0.0295648 0.054927 0.304458 0.274626 1.39286 0.177127 0.650856 0.000772138 0.094749 0.15807 -0.0492665 -0.053012 0.205642 -0.166305 -1.2842 0.401482 0.694937 -0.0132455 -0.0130203 0.483395 -0.475421 -0.210425 0.155166 -0.000158591 0.955031 -2.1433 -0.47505 0.882859 -4.0708 -1.17506 2.81584 -1.52058 -4.86301 1.60668 0.82265 -0.504748 0.0902314 -1.12199e-09 -1.08166 0.973563 0.604509 -0.0820852 -0.112091 -0.0560168 0.168964 0.465004 0.414026 0.175271 -0.233087 -3.43836e-09 2.0018 1.00877e-09 -0.500696 -1.84782 0.306214 7.49005e-09 1.02399 2.92715e-10 0.584094 -0.723873 0.313963 -0.0230364 -0.664435 -0.323604 0.449447 2.65064e-09 0.0603334 -1.03348e-10 0.160436 -1.04737 -0.438964 0.261923 -0.492407 -0.758278 0.671526 0.291549 0.893886 13.2865 -0.0506894 -0.0744084 1.16759 0.00540069 0.0318775 0 0.0180975 0 0.0080404 0.0152467 0.0452237 0.0443936 0.0555029 0 0.0406844 0.0158624 0.0378579 0.018087 0.0440634 0.00515116 0.0398539 0 0.0116181 0 0 0 0.0354305 0 0.0267316 0 0 0 0 0 0 0 0 0 0 0 0.0145545 0 0.159219 0.0727843 0 0 0 0 0.283323 0 0.178456 0.00362724 0 0.00977931 0 0 0 0.0241185 0.0143912 0 0 0 0 0 0 0.0210433 0.00237308 0.00940367 0.000434962 0.0134708 0.165966 0.00650189 0.121332 0.013447 0.135303 0.0568848 0.219972 0.00263812 0 0.00715691 0.194512 0 0.00427348 0.00974009 0.0186261 0 0 0.0735512 0.076338 0.00117124 0 0.05857 0 0.0449184 0 0.0644152 0 0.154796 0 0.0116597 0 0.0596072 0 0.0601692 0 0.0155627 0.0187167 0.203266 0.398527 0.619609 0 0.128731 0.0286398 0.0168384 0 0.0558881 0 0 0 0 0 0.43869 0.0407303 0.429183 0.0722544 0.300448 0.279431 0.0904149 0 0.0246988 0 0.100285 0.358173 0.180927 0.321261 0 0.265519 0 0 0 0 0 0 0.114063 0.205656 0 0 0.00877327 0.00566031 0 0 0.010225 0 0 0 0 0.0249995 0 0.0741402 0.260339 0.330805 0 0 0 0 0.00305655 0 0.0151133 0 0.0664365 0.15161 0.0719717 0 0.109656 0.0349145 0.0478053 0.0293102 0.0473951 0.0290298 0.0114528 0.0170774 0.000585755 0 0.0104808 0.0575029 0.00880476 0 0 0.00979272 0.0150596 0.517291 0.105674 0.308876 0 0.247142 0.0131591 0.0532434 0 0 0.00627902 0.00681785 0.00764115 0.0228128 0.0548683 0.0675988 0.130927 0 0.0840143 0.000461167 0 0.00440073 0.00984123 0 0.0232799 0.533184 0.0200431 0.0203728 0.0187479 0.00322774 0 0 0 0.130734 0.0245086 0.0622894 0 0.0116532 0 0.256009 0.0193603 0 0.421164 0 0.190468 0 0.143785 0 0 0.0142578 0.00081243 0.00455469 0 0 0.0782619 0.109192 0 0 0 0 0 0.190309 0.0677584 0 0.0238681 0.0331566 0.0649446 0.0130093 0.0958821 0 0.0414629 0.544481 0.0652649 0 0.0155407 0.0888164 0.00356426 0 0.0149987 0.124047 0.0336954 0 0.0328108 0 0.11441 0 0.0303184 0 0.048438 0 0.0655183 0 0.0663425 0 0 0.261583 0.000235878 0.171118 0.00710185 0.176758 0 0.0380586 0.130458 0.23719 0.0892312 0 0 0 0.0255858 0.0494646 0.0286871 0.0451453 0 0 0 0 0.0593412 0.229291
81 10.5616 0.107215 -0.164753 -0.0789945 0.283887 -0.108513 13.318 -0.610797 -0.00620851 0.0398575 0.346179 0.197427 -0.342149 0.056384 -0.403513 -0.506215 0.0945538 0.0835858 0.126052 -0.102222 -0.0701114 -0.334295 -0.0253748 -0.0106316 0.0092493 -0.0300877 0.069176 0.0184432 -0.0700389 -0.0160386 0.00493735 -0.109651 0.2459 0.0499115 0.111142 -0.185381 -0.0200792 0.151325 0.0503432 0.0565094 0.341066 0.251102 1.4023 0.188934 0.649848 -0.0152672 0.113062 0.158048 -0.0501265 -0.0530803 0.153957 -0.167258 -1.32232 0.427081 0.698853 -0.00232811 -0.00766318 0.432122 1.06052 0.139066 0.160991 -0.0153636 1.0695 0.754783 0.0343236 -0.139508 -8.77348 1.39113 3.90735 -1.35131 -7.04971 1.60971 0.67868 -0.421619 -0.223133 -9.63589e-10 -0.61831 -0.646684 0.432371 -0.466103 -0.639705 -0.0713595 -0.049532 0.202677 0.144583 -0.0603808 -0.425494 -1.98156e-09 1.42501 5.27568e-10 -0.506986 -1.5186 0.231673 6.28429e-09 -0.0210437 2.61239e-10 0.384564 -1.09747 0.677426 0.42757 -0.133456 -0.255591 0.345286 2.20826e-09 -1.33373e-10 -1.51e-10 -0.252022 -1.19696 -0.857748 0.300544 -0.272082 -0.215393 0.714448 0.289664 0.890408 13.3252 -0.0607546 -0.135068 1.15467 0 0.0418693 0 0.0267851 0 0.0116383 0 0.0427793 0.0336837 0.0590802 0 0.0138245 0.00764747 0.0141103 0.0206635 0.0144175 0.037486 0.0515519 0.0373158 0.0443011 0.0183282 0.0069985 0.0694148 0.0957341 0.0602042 0.0853477 0 0 0 0 0 0 0 0 0 0 0 0.00952734 0 0.143883 0 0 0 0.00887133 0 0.431837 0 0.23743 0.0193774 0 0.0129875 0 0 0 0.0200575 0.00873022 0 0 0 0 0 0 0 0 0 0 0 0.257738 0 0.209223 0.0003074 0.229332 0.0514737 0.358255 0 0 0 0.286382 0.000880138 0.00719462 0.0115494 0.0214402 0 0.00233334 0.0357543 0.0631199 0.00118179 0 0.0518636 0 0.0435791 0 0.0577676 0 0.134135 0 0.0246569 0.00779728 0.0344946 0 0.0327786 0 0.0282283 0.0254994 0.197476 0.398578 0.656461 0.07632 0.0580649 0.0078377 0 0 0 0 0 0 0 0 0.254328 0 0.18349 0.0228114 0.14696 0.191044 0.0357684 0 0.0220476 0 0.163813 0.296257 0.199706 0.253317 0.0112814 0.462417 0.00793082 0 0 0 0 0 0.147939 0.135877 0 0 0 0.0495942 0 0 0 0.00051844 0 0 0.014161 0.0414053 0.0316968 0.0905826 0.29837 0.214642 0 0 0 0 0 0 0.00185898 0 0.142484 0.166392 0.0693981 0 0.0858249 0.0567174 0.0683082 0.0681392 0.0673982 0.0677184 0.0368883 0.0216388 0.0201189 0 0.00693221 0.0716984 0 0 0 0.0181691 0.179321 0.580622 0.210819 0.406432 0.106931 0.282635 0.00251475 0.0680118 0 0 0.0047234 0.0345502 0.00610423 0.0564343 0.051782 0.0655285 0.425346 0 0.386611 0 0 0.00176122 0 0 0.128827 0.539173 0.0470864 0 0.0293829 0.0149683 0 0.30721 0 0.668569 0.0227642 0.108852 0 0.381606 0.00166358 0.25984 0.0234729 0 0.363513 0 0.0634196 0 0.113356 0.118337 0 0.00389245 0.0016923 0.00444391 0 0 0.145297 0.109821 0 0.00102601 0.0166116 0 0 0.187485 0.0421836 0 0.11758 0 0.102128 0 0.0798669 0 0.046549 0.649937 0.0694664 0 0.0160949 0.0725213 0 0 0.0044807 0.0944456 0.0550185 0 0.0587443 0 0.14807 0 0.0428313 0 0.0626359 0 0.0813537 0 0.0894802 0 0.110201 0.290452 0.145035 0.212643 0.190288 0.195385 0 0.00887126 0.0381444 0.189812 0.0911569 0 0 0 0.0108742 0.0735992 0.00281311 0.03459 0 0 0 0 0.0789618 0.183191
82 10.595 0.10581 -0.104636 -0.0706519 0.282032 -0.114612 13.3565 -0.550091 -0.0212843 0.0278655 0.0769736 0.219153 -0.207313 0.0206191 -0.461399 -0.460747 0.13467 0.0780326 0.122547 -0.102222 -0.0998144 -0.387289 -0.0195853 -0.0230905 -0.00801074 -0.0194543 0.0473361 0.0195717 -0.0652794 -0.0197006 -0.00315355 -0.110823 0.264612 0.043062 0.0920466 -0.210582 -0.00773819 0.151388 0.0480655 0.0563362 0.406094 0.240134 1.40874 0.202848 0.640135 0.00345485 0.103241 0.158048 -0.0501265 -0.0530803 0.131535 -0.172314 -1.35893 0.474168 0.694571 -0.0335358 -0.00577307 0.0607215 1.94801 0.195724 0.0733127 -0.100843 1.20029 1.16462 -0.421836 -0.517741 -5.64962 0.216372 3.59368 -1.08263 -1.75097 0.942378 1.05642 -0.129878 0.00737404 -6.59876e-10 -1.03989 -1.82986 0.192781 -0.233596 -0.330112 0.0812199 -0.563598 0.0108386 0.0360513 -0.0655459 -0.273637 -8.84015e-10 0.987139 0.0761794 -0.573088 -1.25033 0.0888887 6.40271e-09 -0.221842 4.53822e-10 0.642707 -1.24436 0.719494 0.081652 -0.552608 0.464216 -0.181647 3.35764e-09 -1.76843e-10 -2.30248e-10 -0.160881 -0.868746 -1.01974 0.305836 -0.863313 -1.73774 0.934834 0.287305 0.884647 13.3634 -0.0719967 -0.202986 1.13843 0.00537217 0.0423335 0.000449855 0.0290849 0.00453245 0.0235461 0 0.0194566 0 0.0810244 0.0227402 0.0110092 0.0277077 0.00324366 0.0387649 0.00284648 0.0265763 0.0545325 0.216521 0.0420123 0.207409 0.0260726 0.309331 0.0589971 0.327813 0.0565709 0.0825851 0.000647109 0.166387 0 0 0 0 0.000987354 0 0 0 0.00569271 0.0694923 0.0881222 0 0 0 0.340455 0 0.217044 0 0.0870415 0 0 0.035883 0 0 0 0.00794348 0 0 0 0 0 0.00224812 0 0.00122484 0.0120534 0.00885603 0.00913407 0 0.120227 0 0.090827 0.00323195 0.108384 0.0700993 0.196675 0.030448 0.0250601 0 0.148015 0.00293493 0.00867662 0.0300565 0.0320641 0 0 0.0842432 0.0791031 0.00106222 0 0.0449411 0 0.0489295 0 0.0618589 0 0.139619 0.0102231 0 0 0.00534877 0 0.010525 0 0.00878586 0.0173821 0.243023 0.118589 0.715774 0.0941741 0.0176284 0 0 0 0 0 0 0 0 0 0.365549 0.0456496 0.187563 0.00713583 0.0505423 0.0288219 0 0 0.0309553 0 0.283927 0.0668456 0.338874 0.056017 0.128614 0.212684 0.0102189 0 0 0.0237219 0 0 0.133705 0.0179304 0.00262704 0 0 0.0475144 0 0.000231017 0 0 0.0162911 0.0396245 0.0333454 0.00165138 0.0555828 0.00506139 0.29656 0.0139934 0 0 0.0324512 0.00571038 0 0 0 0 0.130276 0.0954428 0.0668323 0.015591 0.0723303 0.0817452 0.085991 0.0549699 0.0863263 0.0552665 0.0247514 0 0.00587212 0 0.00976158 0.0201118 0 0 0 0.00810737 0.347692 0.343248 0.183687 0.386079 0.202607 0.156904 0 0.0875265 0 0 0.010052 0.106079 0 0.134945 0.04232 0.00187573 0.690125 0 0.663396 0 0 0.0130183 0.000356155 0 0.235755 0.130088 0.0119353 0.0585734 0.00314236 0.0574524 0 0.626413 0 0.665239 0.0219763 0.0704773 0 0.52127 0.0939291 0.244843 0.0068466 0.00242305 0.359699 0 0.0136755 0 0.0951386 0.156839 0 0 0 0.0194167 0 0 0.144087 0.0420002 0 0.0420101 0.0353375 0 0.0883236 0.196126 0.0314981 0 0.262541 0 0.190711 0 0.0452184 0 0.0464913 0.331602 0.0669296 0 0.0697641 0.0493276 0 0 0.0426813 0.0639985 0.051851 0 0.0628169 0 0.153438 0 0.0458411 0 0.0612937 0 0.0833114 0 0.089712 0 0.245234 0.0795247 0.369729 0.0427205 0.467738 0.0351181 0.0102013 0 0.0209405 0.081354 0.0297728 0.00701779 0.011209 0.0127947 0 0.0951044 0 0.0049598 0 0 0 0 0.0779886 0.118772
83 10.6283 0.0781119 -0.0561276 -0.0653696 0.278788 -0.123473 13.3987 -0.494056 -0.0674548 0.0326649 -0.0106553 0.192934 -0.0129669 0.0155244 -0.34936 -0.411637 0.208247 0.0537816 0.12421 -0.0962347 -0.140473 -0.400459 -0.0111963 -0.0352992 -0.0251772 0.00813186 0.0265142 0.0230942 -0.0594284 -0.0210966 -0.00790686 -0.111808 0.14455 0.0191468 0.0768796 -0.0912805 0.0294352 0.151313 0.0507794 0.0565426 0.463046 0.220317 1.41218 0.230168 0.665127 -0.00859365 0.0439778 0.158048 -0.0501265 -0.0530803 0.104364 -0.152192 -1.39782 0.521195 0.687761 -0.0672437 -0.015482 -0.602032 0.761036 0.122369 -0.036197 -0.175817 1.32559 1.01072 -0.814798 0.279394 -0.129015 0.827971 1.68803 -8.52959 5.10414 -3.35754 1.88351 -0.811198 0.179899 0.486367 -0.975563 -1.04109e-08 0.617701 -0.704219 -0.979763 0.267215 -0.556298 -0.00995195 0.240422 0.0575423 0.0342659 -1.92439e-09 -2.71752 -0.796178 -0.345628 2.74063 0.797457 5.46311e-09 2.51719e-10 4.91424e-10 0.209665 -0.747069 0.307579 -0.0595659 0.634176 -0.308278 -0.636186 9.17986e-09 -6.70495e-11 -7.62471e-10 -0.045598 0.0116656 -0.683427 0.241187 -1.5191 -1.47224 1.13231 0.284415 0.876764 13.4014 -0.0913826 -0.251157 1.13386 0 0.100001 0 0.0924341 0 0.0879405 0 0.0423328 0 0.0774749 0 0.139303 0 0.0838096 0 0.0529793 0.0374056 0.0852629 0.282651 0 0.280671 0 0.376335 0 0.377679 0 0.198808 0 0.296587 0 0 0.0818854 0 0.104118 0 0.132088 0.00311771 0.0019312 0.181901 0.0708465 0 0.0566319 0 0.3797 0.0535615 0.0300636 0.0612188 0.00525088 0 0.0469442 0.0596872 0 0 0.0254111 0.0206638 0.0286496 0 0.0284248 0 0.00738376 0.0316782 0.0114006 0.0274193 0 0.0204172 0.00168436 0 0.0309108 0.0174271 0 0 0 0.0605747 0.0335468 0.0499793 0.0398558 0.00489222 0.0275852 0.0116956 0.0153005 0.0446599 0.040028 0 0.0101087 0.131157 0.00330834 0.00161016 0 0.149441 0.0927756 0.0656774 0.0696309 0.114938 0.079252 0.172751 0.0818313 0 0 0.040667 0.0697754 0.139792 0.0724949 0 0.0256719 0.3709 0 0.623837 0 0.182227 0.0709182 0 0.0943966 0 0.154667 0 0.118834 0 0.187087 0.308951 0.23106 0.326711 0.202849 0.230426 0.119832 0.1536 0.0624132 0.17744 0.0411159 0.423377 0 0.470907 0 0.215399 0 0.0434305 0.00270131 0.0366413 0.101325 0 0.0162944 0.13594 0.0183096 0.141076 0.0365636 0.00605427 0.0548264 0 0.0263876 0 0 0.108717 0.191072 0.0795175 0.00376838 0.128467 0 0.363933 0 0 0 0 0.0686823 0 0.0628196 0 0.0550747 0.174249 0.115748 0.0456939 0 0 0 0.0415091 0 0.04318 0 0.11005 0.00366321 0.0510388 0.0215766 0.0741996 0 0 0.0955552 0.00121322 0.000295079 0.381501 0.128872 0.209463 0.283575 0.27703 0.0142818 0 0.135778 0 0.00619028 0 0.13642 0 0.148736 0.0289337 0 0.647765 0 0.567399 0 0 0 0 0.0187712 0.333583 0 0 0.0549231 0 0.0915076 0.141645 0.441123 0 0.277169 0.0824293 0.106989 0.221607 0.251475 0.297449 0.155581 0 0.0875235 0.486841 0.00282109 0 0 0.144876 0.192112 0 0.00546297 0 0.0430316 0 0 0.1641 0.0492677 0 0.0987979 0.102022 0.00455661 0.408708 0.0969105 0.0397983 0.0283505 0.283314 0 0.242159 0 0.0329391 0 0 0.848556 0 0 0.135941 0.00120468 0 0.01416 0.106487 0.000840854 0 0 0 0 0 0.00934984 0 0 0 0 0 0 0 0 0.305245 0 0.447018 0 0.550251 0 0.0362194 0.036011 0 0.127104 0 0.10828 0.0138712 0.107104 0 0.0814297 0 0 0 0.0326057 0 0.075303 0.166344 0.16475
84 10.6616 0.0864756 -0.0486487 -0.0883301 0.273592 -0.128865 13.4398 -0.503048 -0.0785062 0.0621183 0.0509789 0.368538 0.0757515 0.0274167 -0.648472 -0.601231 0.22554 0.0372154 0.152171 -0.0482177 -0.16648 -0.385953 0.00852986 0.00977843 -0.0840504 -0.00372406 0.014674 0.0521178 -0.0614397 -0.0175722 -0.00717264 -0.112776 0.0928117 0.000250792 0.0752926 -0.0213835 0.0577168 0.151571 0.0414369 0.0558316 0.422619 0.189207 1.41818 0.197767 0.680251 -0.0578163 0.0896777 0.158048 -0.0501265 -0.0530803 0.153129 -0.164344 -1.39544 0.555526 0.680272 -0.0868046 -0.0240601 0.296346 0.00706665 -0.832452 -0.128564 0.0378541 1.23085 -0.0259015 -0.185415 0.900697 1.81953 2.9613 -0.226011 -0.215341 -2.05e-08 -1.54102e-09 0.364799 -0.511341 0.973812 1.37789 0.772695 0.702751 0.766028 -2.46258 -3.35629 -0.40541 -0.287991 0.791086 -0.0817902 0.0550865 0.178157 -1.70339e-09 -1.40675 -0.735756 0.0309638 1.99385 0.979745 2.57816e-09 -0.0797834 6.24297e-10 -0.490979 -0.122323 -0.206958 -0.164242 0.746577 -1.43859 1.16303 9.77275e-09 -6.50267e-10 -9.29236e-10 0.84002 0.459047 0.155419 0.3379 0.288552 -0.911643 -0.352989 0.280145 0.871688 13.4383 -0.145333 -0.0517191 1.09485 0.039342 0.0191321 0.0302309 0 0.023496 0 0.0225786 0.00098202 0 0.0288631 0.125648 0 0.121607 0 0.116019 0 0.104707 0.080654 0.0484263 0 0.0130472 0 0.0586563 0 0.0392236 0 0.00410921 0 0 0 0 0.00103369 0.00208003 0.0164162 0 0.0673945 0 0 0.2668 0.0923776 0 0.0455995 0 0.049939 0.0577083 0.0264697 0 0.00964542 0 0.0635959 0.0551705 0.00423327 0 0.0212299 0 0.0161309 0 0.0218824 0.000522236 0.00547119 0.0400982 0 0 0 0.00407373 0 0 0.720529 0.0111608 0.731563 0 0.709354 0.0504487 0.775887 0.0539931 0.0145001 0.0199107 0.764255 0.0238356 0.0122516 0.0592979 0.0235766 0 0.024061 0.0633325 0 0.00167543 0.00083221 0.220423 0 0.187709 0 0.18847 0.00424841 0.294129 0.0165694 0 0.0161607 0.151237 0.00448158 0.255086 0.0108754 0.00538991 0.0345428 0.327418 0 0.640693 0 0.00896847 0.118906 0 0.0988001 0 0.131558 0 0.0840003 0 0.0736925 0.4425 0.0357524 0.306163 0.0961892 0.0573909 0.143185 0 0.138789 0.0101369 0.0198899 0.176149 0.0272184 0.272151 0.00798185 0.0276292 0 0 0.00359737 0.0729668 0.090122 0 0.0131499 0.107222 0 0.0859129 0 0.00921691 0 0 0.0135877 0.0149268 0 0.0400024 0.0535818 0.00183358 0 0.0142286 0 0.335326 0 0 0 0.0309848 0.0126523 0 0.0608163 0 0.0368949 0.0922959 0.0103096 0.00566732 0 0 0 0.0397675 0.0829743 0.0352179 0.0784641 0.00870583 0.0156531 0.00317481 0.0252339 0.0816116 0 0 0.120304 0.00229368 0 0.167785 0.0271468 0.0674492 0.160299 0.099107 0.0342311 0.00826077 0 0 0.00765971 0.013242 0.0261591 0 0.0788901 0.0538139 0 0.241354 0.0325832 0.160239 0.0277991 0 0 0 0.0567657 0.122883 0 0.00487934 0.0471256 0 0.0362964 0.0934261 0.0635074 0 0.0150171 0.0472894 0 0.198054 0.0192575 0.339136 0.0895309 0 0.0963235 0.605093 0.0145459 0.0900406 0 0.127468 0.0395266 0 0.00166039 0 0.0185371 0.0160191 0 0.083657 0.00531683 0.00287088 0.0941872 0.00561027 0.000994924 0.473947 0.0739568 0.0164642 0.0359131 0.0964051 0 0.106682 0.0196692 0 0.00392417 0.103012 0.938553 0.00914218 0 0.103307 0 0 0.00605004 0.0678818 0 0 0.0269445 0 0.028535 0 0.201071 0 0.0432868 0 0.0429989 0 0.060999 0 0.0429396 0.137532 0 0.153177 0 0.180925 0.007598 0.0187775 0 0.0574841 0.0369123 0.0514015 0.0250234 0.046782 0.0192701 0.00360979 0.0399919 0.00611153 0.00625484 0 0.0273598 0 0.0772478 0.161822 0.105152
85 10.695 0.0919365 -0.0814433 -0.108407 0.268311 -0.123076 13.4766 -0.526168 -0.0781643 0.0951599 0.167157 0.272118 0.103155 0.0164831 -0.618234 -0.600236 0.212407 0.0263303 0.162172 0.0445199 -0.0705622 -0.336231 0.0364908 -0.15439 -0.283979 0.00742644 0.0141598 0.069738 -0.0785288 -0.00241918 0.000346173 -0.113292 0.0686973 -0.0099093 0.080999 0.0214824 0.0731636 0.127716 0.0506527 0.0571201 0.398021 0.146755 1.41459 0.186062 0.701337 -0.0615642 0.117472 0.158035 -0.0506325 -0.0531205 0.131732 -0.218062 -1.38646 0.404362 0.618928 -0.0941107 -0.0604126 -0.109162 -0.870184 -0.160544 -0.0781063 0.327948 1.1616 0.219937 -0.209345 0.441275 2.62223 -2.73352 0.844803 -0.521273 1.19117 -1.09216e-09 -0.230475 -0.140257 -0.114646 2.81443 3.88334 1.57287 -1.36361 -5.86834 -6.01838 0.0472515 -0.311713 0.339476 0.109804 0.333736 -0.00994668 -2.1844e-09 -0.921073 -0.165439 0.202246 1.4585 0.0699524 -0.428217 1.25547e-10 2.07736e-10 -0.618513 -0.0705881 -0.361967 0.315195 3.72879e-10 0.0830541 0.925653 9.17463e-09 -1.81238e-09 -1.12389e-09 1.30569 -0.359547 0.818858 -1.61213 1.48038 4.04753 -2.70626 0.2755 0.877244 13.4744 -0.14117 0.226845 1.10339 0 0.116879 0 0.129673 0 0.127404 0 0.0743525 0.0151222 0 0.198031 0.0206252 0.232062 0 0.263445 0 0.182959 0.0670988 0.0159887 0 0.00885903 0 0.0192053 0 0.0200633 0 0.0115887 0 0.00204809 0.00126214 0.00346938 0 0.000152018 0.0128713 0.00975242 0.0642277 0 0.00108479 0.401285 0.0689368 0 0.0300031 0 0.094725 0.0629429 0.0265659 0 0.00862192 0.0908844 0.0482836 0.0260388 0.00279779 0 0.0126677 0 0.00759201 0 0.00837984 0 0.00256488 0 0 0 0 0 0 0 0.0180215 0.00741655 0 0 0 0.0290826 0.0224804 0.00735929 0.0017317 0.0145209 0.0417368 0.0387559 0.00744016 0.039383 0.0164629 0.12681 0.0190552 0 0 0.0018703 0.000290091 0.272604 0.076366 0.222478 0.0585615 0.228395 0.0713169 0.322278 0.0949519 0.0512474 0.0325269 0.20803 0.0692516 0.291357 0.0734016 0.0650668 0.0425443 0.0498762 0 0.513854 0 0.00673697 0.124121 0 0.0894275 0 0.113889 0 0.0488563 0 0.0547066 0.331609 0.062526 0.245696 0.138287 0.0426252 0.167026 0 0.133539 0.00705246 0.0351543 0.124192 0.0255088 0.183457 0.0103685 0.0240044 0 0 0.0049499 0.0709933 0.0293313 0 0.00261652 0.160873 0.0184192 0.137888 0.058347 0 0.0110179 0 0.0292459 0.00696268 0 0.175233 0.256219 0 0 0.00298649 0.00370868 0.458145 0 0.00268497 0 0.0212138 0.0114971 0 0.0285641 0 0.0245859 0.121271 0.0803697 0 0 0 0 0.0209112 0 0.0209012 0 0.00840614 0.00118507 0.00199909 0.00314026 0.0660175 0.0084412 0 0.0543433 0.00262837 0 0.0321736 0.156804 0.0732039 0.241955 0.133541 0.110218 0 0.0720603 0 0.000646865 0 0.208398 0 0.228003 0 0.047238 0.156573 0 0.0849658 0 0 0 0 0.0317759 0.0779965 0 0 0.0639884 0 0.0362373 0.0674627 0.104226 0 0.0317471 0.0253144 0.0194329 0.15815 0.0399887 0.330493 0.0921986 0 0.0395281 0.623114 0.0127264 0 0 0.0752489 0.159663 0 0 0 0 0 0.0709131 0.145555 0.0491346 0 0.0167021 0.000544545 0.00470909 0.502029 0.0357504 0.00669715 0.0258339 0.0462156 0 0.0587245 0.0118532 0.101768 0.00721447 0.227943 0.789829 0.063641 0 0.0419364 0 0 0.00657918 0.0227856 0 0 0.010247 0 0.0039747 0 0.119694 0 0.0230211 0 0.0196314 0 0.0232717 0 0.00062173 0.0994632 0 0.0974979 0 0.123672 0 0 0.0573371 0 0.257285 0.01568 0.0871337 0.0074474 0.151611 0 0.133177 0 0.0131973 0 0.00701692 0 0.0279144 0.190716 0.147878
86 10.7283 0.0909216 -0.0836291 -0.091693 0.264154 -0.110541 13.5185 -0.48885 -0.0836961 0.079257 0.197787 0.209557 0.112223 0.0153324 -0.55474 -0.542902 0.152733 0.0486227 0.139788 0.18238 0.244174 -0.358907 0.102634 -0.539565 -0.620382 -0.0097517 0.00498179 0.0590445 -0.0639363 -0.00441844 -0.00265028 -0.112741 0.116469 -0.00735076 0.0767757 -0.0268564 0.0620988 0.157756 0.0424631 0.0557074 0.370817 0.200149 1.39715 0.165017 0.679132 -0.0521841 0.106286 0.158035 -0.0506325 -0.0531205 0.151016 -0.253348 -1.35827 0.339159 0.682476 -0.000302503 -0.0614845 -0.0725442 0.273526 0.236222 -0.0800089 0.536661 1.30148 1.79101 -0.0620371 -0.376113 -0.0150243 -1.23501 -0.677207 0.400358 1.15893 2.24465 -2.09463 0.804085 -0.357386 3.98751 10.9061 -1.32294 -0.972353 -11.1764 -12.5978 -0.619681 -0.188266 0.0826766 0.437096 -0.0914827 -0.209616 -3.52298e-09 2.57148 0.591159 -0.324687 -2.82029 -0.794824 3.8896e-09 -0.337372 3.73256e-10 -0.0236064 0.17889 -0.410913 0.0879886 0.301493 -0.219479 0.583985 5.9583e-09 -1.11991e-09 -4.91655e-10 -0.444817 0.645269 0.429101 0.221277 3.74855 1.61659 -1.13642 0.270324 0.888707 13.5132 -0.169102 0.387762 1.218 0.0117438 0.0548197 0 0.0508173 0 0.0439819 0.00523845 0.0309767 0.0562332 0.0364221 0.239027 0 0.270681 0 0.294493 0 0.177151 0.0617312 0.0177534 0.00380981 0 0 0.037316 0.00703271 0 0 0 0 0 0 0 0 0 0 0 0 0.00330785 0 0.254952 0.0628985 0 0 0 0 0 0.115672 0 0.0475467 0.0333987 0.0088912 0.00129413 0 0 0 0 0.00875879 0 0 0 0 0 0 0 0.0179345 0 0.00660571 0 0.0542644 0 0.0252756 0 0.0438163 0.0286406 0.115236 0.00245817 0.0201491 0.0350341 0.0821337 0.0325927 0.00762309 0.0355134 0.028798 0.116481 0 0 0.0550168 0.000817792 0.000292917 0.0738521 0.000486549 0.0471995 0 0.0675501 0.00252403 0.182005 0.0292047 0.0547932 0.00566108 0.0789329 0.00808955 0.0786415 0.00720846 0.071952 0.0277072 0.0770318 0.119049 0.452369 0.0577886 0 0.0906208 0.000164516 0.0223652 0 0 0 0 0 0 0.68767 0.0812338 0.382314 0.129159 0 0.214403 0 0.0657719 0 0.00132312 0.0401917 0.156584 0.319265 0.145534 0 0.0930817 0 0 0.0119829 0.0334932 0 0 0.207451 0.0981212 0.0061358 0 0.00672827 0.0874182 0 0.015264 0.00874364 0.0133809 0.00732909 0.00799982 0 0.000607949 0 0.0110867 0.456924 0.107023 0.00161366 0 0.325199 0 0 0 0 0.00738725 0.0864536 0.194486 0.0186731 0.0404112 0.0187446 0.125386 0.0215563 0.028258 0.0219238 0.0280465 0 0.00603198 0 0 0.00623285 0.0166619 0 0.0285722 0 0.00456069 0.0660289 0.323714 0.0508831 0.247324 0.115741 0.126107 0.0650416 0.0332954 0 0 0 0.177143 0 0.267711 0.0675095 0.0963538 0.368065 0 0.278674 0 0 0 0.00300034 0 0.0647793 0.140404 0 0.105222 0.00705033 0.135967 0 0.0920422 0 0.241667 0.0144521 0.109171 0 0.171255 0.188783 0.242573 0 0.000709755 0.295132 0 0.106782 0 0.0778522 0.0133624 0.00386281 0.0164998 0.00159234 0.0396766 0 0.140729 0.139329 0.0922186 0 0.0442093 0 0 0.285553 0.142357 0.0804966 0.0081263 0.0517354 0 0.103112 0.0162934 0.121708 0 0.076292 0.201542 0.0478065 0 0.0240529 0.0147486 0.00755118 0 0.01865 0.0267827 0 0 0 0 0.0535072 0 0.0106906 0 0.0134246 0 0.0264796 0 0.0170935 0 0.1628 0.0523323 0.0677192 0.0266887 0.029243 0.0534672 0.0488763 0.0085738 0 0.238318 0.120702 0.0193436 0.0174405 0.00254287 0 0.18368 0 0.0162928 0 0 0 0 0.127983 0.137758
87 10.7616 0.0738569 -0.064458 -0.0703122 0.25989 -0.0950672 13.5632 -0.385453 -0.0901087 0.0528283 0.148204 0.176804 0.112645 -0.0020374 -0.424597 -0.33808 0.0395447 0.0589223 0.113715 0.413918 0.581562 -0.29286 0.081553 -0.542304 -0.618413 -0.0130518 -0.00361055 0.0497792 -0.0534663 -0.00789911 -0.0107941 -0.11292 0.10173 -0.00872502 0.0899402 -0.0165431 0.0531819 0.15762 0.0474479 0.0561024 0.374634 0.197677 1.38773 0.174768 0.678972 -0.0532644 0.083166 0.158036 -0.0505729 -0.0531157 0.108559 -0.245915 -1.35274 0.245335 0.694003 -0.000993102 -0.0598314 -0.594266 0.112889 0.474021 -0.0799797 0.508635 1.34741 3.21309 -0.0314234 -0.617188 -1.54755 -1.12093 -0.0950606 -0.22462 2.49486 5.89974 -3.04557 0.622904 -0.860976 5.6224 11.6432 2.53882 -2.82051 2.78335 0.944719 -0.235775 -0.159776 -0.0355946 0.529998 -0.0126959 -0.29427 -1.13126e-09 0.118625 0.104507 0.31466 -0.258954 -0.515052 1.91605e-09 0.242761 3.82263e-11 0.020094 0.0201961 -0.414157 0.130392 0.127903 -0.0602192 0.177814 3.7583e-09 -3.69854e-10 -1.0317e-10 -0.51372 0.680911 0.379467 -0.14082 0.960376 1.78662 -0.709751 0.264416 0.902702 13.5548 -0.182647 0.382881 1.27351 0.0193897 0.0293557 0.0107769 0.0205276 0.00855531 0.0225208 0.00197575 0.014833 0.0200421 0 0.0886387 0.0245941 0.0808445 0.00714368 0.0816099 0.0124225 0.0704166 0.0483414 0 0.0253612 0.00335835 0.0102109 0.0152846 0.0221047 0.00433581 0.0319175 0 0.000989109 0 0.00035977 0 0 0 0 0.000275766 0 0.00143574 0 0.148569 0.0115446 0 0.0129918 0 0.00934344 0 0.0554123 0 0.023891 0.00151846 0.0217343 0 0 0 0.0049401 0.00813073 0.0136418 0 0.0111027 0 0.00141876 0 0 0 0.0059038 0 0.000560271 0.0560163 0.0527377 0.0443039 0.0371153 0.0514019 0.0563903 0.1297 0.119505 0 0 0.0939231 0.0736803 0.00585994 0.00280953 0.000264396 0.0159194 0.0424692 0 0 0.0296814 0.000402145 1.11598e-05 0 0 0 0 0 0 0.0462703 0.00977139 0.0680586 0 0.00297442 0 0.00355397 0 0.0506505 0.0249008 0 0.092192 0.0780862 0.116034 0 0.0320535 0 0.00826327 0.000498275 0 0 0 0 0 0.20322 0.0315418 0.0638182 0.0328074 0.0088021 0.0713531 0 0.042401 0 0 0.000268396 0.0697674 0.0308103 0.0390787 0 0.0569009 0 0 0 0.029569 0 0 0.135848 0.0706036 0.166676 0 0 0.0347686 0 0.00911529 0 0 0.0873789 0.0806745 0 0 0 0 0.417714 0 0.00158966 0 0.046524 0 0 0.00790439 0 0.0196327 0.155375 0.0802439 0.050442 0.0879007 0.0987801 0.190716 0.0419679 0.0457655 0.0412758 0.0453871 0 0 0 0 0 0.00457936 0 0.0479994 0 0.00254812 0.0585253 0.0523488 0.136242 0.0693314 0.0591285 0.0928755 0.0234686 0.00137354 0 0 0.0178599 0.00824331 0.0225766 0 0 0.0181759 0.0449905 0.0213787 0.0192037 0.00426862 0 0 0 0 0 0.054078 0 0.118177 0 0.0844041 0 0.0805342 0 0.152531 0.0109593 0.0442775 0.00529736 0.0997094 0.078001 0.0785147 0.00886559 0.00113042 0 0.00293668 0 0.00252758 0.0770945 0.173435 0 0 0 0.00932147 0 0.0700705 0.19899 0.0269207 0 0.0179003 0 0 0.0800054 0.0256354 0.0135645 0 0.00799433 0 0.00757165 0.0149099 0.111105 0 0.167112 0.106436 0.0624137 0 0.0173858 0.000147395 0 0 0.0132432 0.0050856 0 0 0 0 0.114271 0 0.0215768 0 0.0302525 0 0.0560068 0 0.024119 0 0.0103828 0.0207944 0.00559756 0.00877782 0 0.035588 0.000206238 0.0134718 0 0.0942452 0 0.0672153 0.0259849 0.0441264 0.0189464 0 0 0.00601912 0 0 0 0 0.139842 0.106156
88 10.795 0.0446013 -0.0421233 -0.0591029 0.256284 -0.0828151 13.6067 -0.251018 -0.108248 0.0372181 0.0633798 0.154045 0.113934 0.00474203 -0.0686937 0.079729 -0.0781099 0.0544559 0.0896393 0.648036 0.533642 -0.0919676 0.0211899 -0.406438 -0.520294 0.0130467 -0.00726089 0.048584 -0.0600632 -0.00777754 -0.0131873 -0.113125 0.112922 -0.0135221 0.106181 -0.0314396 0.0463018 0.151608 0.0287024 0.0548525 0.367401 0.189931 1.37761 0.185598 0.69112 -0.0402761 0.0463604 0.158024 -0.0510281 -0.0531374 0.1045 -0.265019 -1.34415 0.165626 0.692668 0.0262317 -0.0351193 -0.755636 0.353526 0.493833 -0.0418483 0.368387 1.27185 3.72866 -0.48679 -0.831585 -2.47413 -0.586494 0.28616 0.0707155 13.2321 -0.0068993 -3.15069 0.192869 -1.18315 5.46932 -2.26507 5.00875 -2.6485 2.77962 2.08526 0.576173 -0.0496859 -0.133835 -0.0945567 -0.0032993 -0.0917199 -1.36227e-09 -0.299696 -0.107658 0.525339 0.216157 -0.295415 1.66223e-10 -0.562908 6.71623e-11 -0.386379 0.371295 -0.506851 0.06081 0.00828944 0.234317 -0.725519 2.51599e-09 -5.19153e-10 -1.16655e-10 -0.254198 0.4485 0.0638403 -0.250483 1.23319 1.7554 -0.317725 0.258758 0.914322 13.5965 -0.157067 0.307816 1.23371 0.00571469 0.0214281 0.00203669 0.0225819 0.00514223 0.0380868 0 0.00452086 0 0 0.114518 0.0952936 0.0934112 0.0648353 0.102564 0.0585628 0.0481409 0.0404995 0 0 0 0 0.0164772 0 0.0163857 0 0 0 0 0 0 0 0 0 0.0155046 0.0547691 0 0 0.0885002 0.00919765 0 0.0153701 0 0.00409403 0 0 0 0.00657941 0.00573702 0.0160422 0 0 0 0.00757647 0.0107786 0.00193671 0 0.00673972 0 0 0 0 0 0.0121592 0 0.00310001 0 0.0905127 0 0.0853607 0 0.111668 0 0.192555 0 0 0.00185144 0.0692473 0.00176815 0.00161124 0 0.00806064 0.0362914 0 0 0.0357123 5.50339e-05 5.38699e-05 0.0497841 0 0.0421722 0 0.0572478 0 0.0668255 0 0.0674509 0.00906068 0.0552145 0 0.0818296 0 0.0470439 0.0315075 0.0498649 0.113809 0.0412583 0.228518 0 0.179196 0 0.0647754 0 0.10158 0 0 0 0.0132644 0.059844 0.312144 0 0.336458 0 0.278869 0 0.138823 0 0.0434512 0.018286 0.0782742 0.0320795 0.077724 0 0 0 0 0 0 0 0.0056511 0.114574 0.0395225 0.284741 0 0 0.0232548 0 0.00783005 0 0 0.132696 0.136412 0 0 0 0 0.458149 0 0.000874782 0 0.0388129 0 0 0.0075388 0 0.00729285 0.217547 0.0876554 0.00655565 0.20872 0.0273794 0.387131 0 0.0728151 0 0.0756813 0.00866232 0.013799 0 0 0.00290413 0 0 0.0363128 0 9.40538e-05 0.02991 0 0.135787 0.102605 0.144164 0.0776854 0.00285707 0.0268434 0 0.0095305 0.00486767 0.046578 0.0120681 0.0289881 0 0.00382913 0.168844 0.0454129 0.138581 0 0 0.00499356 0 0.00462039 0.0333899 0 0 0.129833 0 0.0762614 0 0.110851 0.00599134 0.0417655 0.0108906 0.0451029 0.0221849 0.115745 0 0.0424569 0.0319536 0 0.0106202 0.0426238 0.0830524 0.0577132 0.111938 0.19763 0 0 0 0.0138031 0.00563056 0.0308875 0.255763 0.015508 0 0.000528984 0.00213108 0 0 0 0.0175845 0.0660485 0.0355773 0 0.0234732 0.0360997 0.1899 0 0.0254523 0 0.210183 0.0088283 0 0.0100209 0 0 0 0.00524977 0 0 0 0 0.129097 0 0 0 0.00330283 0 0.0491264 0 0 0 0.0451829 0 0.0286824 0 0.0322211 0 0.00703126 0.018312 0.0390787 0.122761 0 0.0686208 0.0436353 0.0756955 0.0202064 0.00497797 0 0.012197 0 0 0 0 0.13706 0.0991331
89 10.8283 0.035993 -0.0150233 -0.041767 0.25389 -0.0748635 13.6475 -0.148531 -0.118807 0.0161304 -0.011455 0.132445 0.102112 0.0135058 0.0294337 0.0768013 -0.208243 0.0673533 0.0575488 0.801298 0.400322 0.0728252 0.0371366 -0.365078 -0.491854 0.00386728 -0.0159854 0.0410151 -0.0406282 -0.0059631 -0.0142593 -0.113739 0.0991984 -0.0223151 0.104156 -0.0254485 0.04565 0.152465 -0.00338387 0.0523624 0.371177 0.22121 1.3562 0.214877 0.698494 -0.0494031 0.0326564 0.158039 -0.0504308 -0.0530574 0.175568 -0.321219 -1.31586 0.133595 0.700215 0.00364988 -0.0350953 -0.418669 0.74929 0.586293 -0.0462884 0.208087 1.19376 2.87646 -0.0940545 -0.967179 -1.79537 -0.783396 -0.52301 1.32468 2.6055 -0.892812 -3.34025 0.795188 -1.03849 2.9709 -2.91687 4.17437 -0.227525 0.703036 0.48647 -0.0580851 -0.0996058 -0.233851 0.623267 -0.0487349 -0.132259 -1.41494e-09 -0.030753 -0.270996 -0.0372136 -0.163228 -0.0284188 8.81018e-10 -0.924297 1.52348e-11 -0.131232 0.936872 -0.61286 0.19001 0.140588 0.255473 -0.241496 2.99907e-09 -2.88554e-10 -8.4386e-12 0.387686 0.202414 0.153017 -0.150623 4.80659e-10 0.122645 -0.600832 0.253962 0.922411 13.6374 -0.132642 0.173871 1.22508 0.0245867 0.0144881 0.0165885 0.00719961 0.0120135 0.0113306 0.0135244 0.018776 0.0250532 0.00278489 0.133064 0 0.116216 0 0.111424 0.00576894 0.0328836 0.0399369 0.0402571 0.015326 0.0261067 0 0.0630876 0.0085773 0.0453189 0 0 0 0 0 0 0 0 0 0 0 0 0 0.0275871 0 0 0.0664043 0 0 0.00695042 0.100227 0 0.0364067 0.00593837 0.0362077 0 0 0 0.0130317 0.0136835 0.0214808 0 0.00775157 0 0 0 0 0 0.0113919 0 0.00395812 0.00485014 0.0840707 0.00250492 0.0750853 0.000814713 0.090502 0 0.184843 0 0 0.020876 0.0785114 0.00292884 0.000153558 0.00480516 0.00973776 0.011601 0 0 0.0430951 0.000460073 0 0.00784806 0 0 0 0.00575502 0 0.027193 0 0.0297401 0.0113751 0.0251188 0 0.0240889 0 0.0246007 0.0303548 0.0409142 0.177867 0.0568626 0.0919961 0.0126474 0.196117 0 0.0191377 0 0.00870625 0 0 0 0 0.305323 0.406682 0.210155 0.396481 0.0874355 0.344308 0 0.115019 0 0.030691 0.117106 0.236761 0.151446 0.26335 0 0.0406678 0 0 0 0 0 0.00228407 0.160978 0.0685563 0.175112 0 0 0 0 0 0 0 0.03094 0.0299475 0 0 0.00572363 0 0.453356 0.00524264 0 0 0.0204652 0 0 0.0159423 0 0.0283587 0.175715 0.0587264 0.000389125 0.142617 0.00777817 0.324299 0 0.050335 0 0.0505946 0 0 0 0 0 0.0129737 0 0.0400646 0 0.00394184 0.175063 0.129787 0.152618 0.176024 0.0771062 0.121504 0.0297009 0.0141417 0 0 0 0.0231903 0.000670828 0.0250464 0 0.000526942 0.311394 0.0176977 0.266478 0 0 0.0136283 0.00633897 0 0.0909566 0.0953042 0 0.141906 0 0.0695854 0 0.106826 0 0.146564 0.00236497 0.00136608 0 0.204248 0 0.00975896 0.0160152 0 0 0 0.0609282 0.0191129 0.0912381 0.141138 0 0 0 0.00737398 0 0.0409518 0.224846 0.0121047 0 0 0 0 0 0 0.0317384 0.0248638 0.0869752 0.00480005 0.0713498 0.0612008 0.177564 0.00965929 0.0791399 0 0.0898645 0 0 0.00488368 0.00470043 0.0302256 0 0 0 0 0 0 0.0695587 0 0.0177222 0 0.008826 0 0.0290015 0 0 0 0.0804159 0.0481229 0.0847068 0.0178689 0.101684 0.0534711 0 0 0.0607835 0.135592 0.00564091 0.0347456 0.0395803 0.00219259 0.0125671 0.0181965 0.0129304 0.0227368 0 0 0 0 0.118979 0.0861104
90 10.8616 0.0163534 0.00972356 -0.0252025 0.251929 -0.0704196 13.6865 -0.0465743 -0.118324 -0.00324526 -0.0689155 0.106675 0.0780915 0.0194301 0.0280129 0.0751253 -0.310571 0.0951318 0.0343339 0.86779 0.224498 0.137151 0.0391973 -0.299043 -0.423045 0.0163973 -0.0252022 0.0338208 -0.0264187 0.00171569 -0.0156036 -0.114337 0.089202 -0.0321562 0.103422 -0.0237253 0.0470348 0.112421 -0.00965057 0.051808 0.366243 0.189405 1.35729 0.226449 0.686711 -0.0343209 0.00202881 0.158039 -0.0504308 -0.0530574 0.204585 -0.332275 -1.31023 0.133301 0.700074 0.00683627 -0.0179153 -0.681345 0.589165 0.645317 -0.0557207 0.104996 1.1499 2.89264 0.0465235 -0.962581 -1.45028 -0.847283 -0.568459 1.03858 -0.719964 -0.726921 -2.68993 1.0488 -0.736398 0.961053 -4.15411 -0.424881 -0.656977 1.56228 1.51067 0.534976 -0.160831 -0.419753 0.376298 0.173656 0.0054209 -1.40807e-09 0.0694443 -0.341344 -0.038218 -0.246066 0.126065 -1.04607 0.0339762 3.65427e-11 -0.00788503 -0.19298 -0.0800319 -0.121895 -0.414629 -0.014968 -0.363398 4.65379e-09 -1.42626e-10 -1.12236e-10 0.280674 0.30823 -0.167854 0.0608082 7.78612e-11 -0.00765058 0.348131 0.250237 0.927148 13.678 -0.0948488 0.0985877 1.21262 0.0259616 0 0.0256379 0.00337608 0.0193531 0.00323951 0.00446868 0.000165273 0.00909469 0 0.149502 0.0598892 0.121701 0.0437672 0.118602 0.0346726 0.0308032 0.0462773 0.0140555 0 0 0 0.0265039 0 0.00111306 0 0 0 0 0 0 0 0 0 0 0 0.00351287 0 0.0340263 0 0 0.0806011 0 0 0.0186714 0.118795 0.0224169 0.0469786 0 0.0549289 0 0 0 0.00930042 0.0250178 0.0363575 0 0.003666 0 0 0 0 0.0294042 0.0316928 0.00642221 0.0155581 0 0.0420682 0 0.0421537 0 0.0613219 0 0.182955 0.00167089 0.0160433 0 0.035424 0.0028669 0.00525633 0.00758455 0.0216717 0.0126916 0 0.0630553 0.0622579 0 0.000609355 0.0318329 0 0.020649 0 0.0260918 0 0.0418826 0.00875309 0.0488068 0.0242809 0.0448903 0.00313773 0.0431052 0.00242943 0.0301926 0.0274253 0.0795649 0.237844 0.0526808 0.257882 0.0558444 0.250789 0 0.00383436 0 0 0 0 0 0 0.310796 0.632847 0.234279 0.587456 0.188232 0.521089 0 0.132343 0 0.00467478 0.143237 0.309584 0.184443 0.371027 0.0169056 0.0501521 0 0 0 0.000101835 0 0.00569849 0.218898 0.0927145 0.192669 0.00541599 0 0.0137889 0 0.00151276 0 0 0.0780195 0.056702 0 0 0 0.00861911 0.529887 0.00870585 0.00171595 0 0.021378 0.0222435 0 0.0288443 0 0.0237095 0.288449 0.111364 0 0.171097 0.0241673 0.344557 0.0152358 0.0658728 0.0144137 0.0653398 0 0.0157066 0 0 0.00399375 0.0227988 0 0.0770833 0.000210284 0.00434229 0.154921 0.104282 0.224398 0.192276 0.157497 0.161068 0.0276861 0 0 0 0.0355093 0.00434373 0.0157551 0.00468251 0 0 0.191241 0.0278095 0.164043 0 0 0 0 0 0.11956 0.143554 0 0.10943 0 0.0643486 0.00120713 0.162147 0 0.0278752 0.0357478 0.0579473 0 0.277628 0 0.0124115 0 0.0610358 0.0194084 0 0.0366145 0.0380587 0.155202 0.186732 0 0 0 0.0074997 0 0.0333288 0.302687 0.0361929 0 0 0 0 0 0 0.0162326 0.0728362 0.0371428 0.0344052 0.0437098 0.0985712 0.149036 0.0965394 0 0.0190205 0 0 0.0240007 0 0 0.0405159 0.0353093 0 0 0 0 0 0 0 0 0 0 0 0 0 0 0 0.0674399 0.0613273 0.0423722 0.0609428 0.0399555 0.140067 0 0 0.0713606 0.123395 0 0.0808184 0.0552216 0.027203 0 0.00506398 0.0108312 0.0123277 0 0 0 0.0228627 0.144922 0.101322
91 10.895 0.0243412 0.00925879 -0.00294364 0.250884 -0.0678483 13.7254 0.00921972 -0.124726 -0.0250855 -0.100845 0.0699391 0.0899521 0.00087804 0.0568517 0.0786173 -0.36319 0.111341 0.00877481 0.714263 0.0803307 0.193128 -0.0654905 -0.190856 -0.325733 0.022571 -0.0237819 0.0140186 -0.0522401 -0.00853734 -0.00396014 -0.114921 0.0313962 -0.0509283 0.11604 0.0152582 0.0508353 0.147721 0.00481304 0.0530504 0.362486 0.255183 1.31679 0.225887 0.703798 0.0617117 0.0979365 0.158049 0.0130389 -0.0442568 0.0787047 -0.267251 -1.38089 0.0645885 0.697233 0.0108221 -0.120781 0.391675 -0.475271 0.551794 -0.0421122 0.0613894 1.14746 0.877329 -0.133393 -0.63572 -6.13414e-10 -1.35528 0.587049 0.0308512 -0.000330712 -0.000388861 -0.99403 0.724881 -0.370534 -6.28298 -3.05975 -1.31192 0.0507206 3.3601 2.95811 0.419663 -0.227849 -0.623867 -1.29011 0.0719358 0.555753 -6.38486e-10 -0.270228 -7.04472e-10 0.222726 -0.384699 -0.696887 -0.974417 0.597976 6.46959e-11 -0.180966 -0.786435 -0.233386 0.371995 4.67468e-10 1.78923 1.10096 3.40201e-09 1.88602 0.303736 0.0626432 0.513921 -1.53754 0.131821 1.29556 -0.440109 -1.39739 0.247677 0.928535 13.7182 -0.0650886 -0.00675415 1.20629 0 0 0 0 0 0.00311314 0 0 0 0.00629906 0.087285 0.11877 0.0496582 0.124733 0.0272088 0.152871 0.00364262 0.0555898 0.0769469 0 0.0347085 0 0.0631814 0 0.0877545 0 0.0018045 0 0 0 0 0 0 0.0473724 0 0.19657 0.00189439 0.000176916 0 0 0.220966 0.0376099 0 0 0.283476 0.0505099 0.128159 0.0447315 0.0998454 0.0719884 0 0 0.0286166 0 0.106652 0.0340113 0 0 0 0 0 0.0447691 0.0809264 0.0375351 0.0112039 0.0158033 0 0.00195575 0.0978453 0.00298836 0.110167 0.0613806 0.0155868 0.179673 0 0.0214429 0.0582014 0.0135328 0.000570843 0.00879167 0 0.0142621 0.0456366 0.0602887 0.0197806 0.0400344 0.00165228 0 0.112561 0.160291 0.0726971 0.0379009 0.0932398 0.104107 0.0705383 0.128222 0.107588 0.0477074 0.0651462 0 0.0624571 0.0456156 0.0361074 0.0287797 0.121979 0.539363 0.036361 0.150892 0.0655553 0.145013 0 0 0 0.0188346 0 0 0 0.0281738 0.274659 0.643232 0.282742 0.676344 0.417271 0.527353 0 0.0707121 0.0295323 0.0865585 0.26678 0.170976 0.433285 0.366864 0.110318 0 0 0 0 0 0.00346578 0 0.160961 0.106781 0.182573 0 0 0 0 0 0 0 0.106963 0.128588 0.0180018 0 0.0333747 0 0.296053 0.0906184 0.000496313 0 0.0138796 0.166986 0.0568394 0 0 0 0.167369 0.0893594 0.078953 0.318635 0.0297486 0.698886 0.0361761 0.0555815 0.053488 0.0439357 0.0410387 0.025185 0.0331913 0 0 0.00730543 0.0470429 0.0615649 0.00468644 0 0.373023 0 0.44546 0.225112 0.413253 0.115875 0 0 0.0158339 0 0 0.00518238 0 0.00733355 0 0 0 0.031577 0 0 0 0.0178219 0.00664258 0.028324 0.436392 0 0.0270045 0.150394 0 0 0.290816 0.0126509 0.0910397 0.049529 0 0 0.197943 0.0879735 0 0 0 0 0.0350257 0 0 0 0.13508 0.253247 0 0 0 0 0.0305835 0.083571 0.203626 0.038147 0 0 0 0 0 0 0.000394084 0.191647 0 0.0447482 0.0645725 0.121299 0.298925 0.116478 0 0.0257182 0.267912 0.0170613 0 0 0.227184 0.0631056 0 0 0 0 0 0 0 0.029649 0 0 0 0 0 0.0405861 0 0.0512934 0.294565 0.146206 0.320847 0 0.388951 0 0.0167324 0 0.084806 0.102278 0 0.138229 0.0572296 0.0694183 0 0.0215976 0.0351417 0 0 0 0 0 0.132202 0.05058
92 10.9283 0.0901833 -0.00437295 0.0119174 0.250815 -0.0681018 13.7602 -0.0202472 -0.120989 -0.0410846 -0.100845 0.0353486 0.0997267 0.0297052 0.0362882 0.0577686 -0.454705 0.102202 -0.0122019 0.484227 0.0469971 0.163504 -0.0245445 -0.0498817 -0.208256 -0.00795561 -0.0385393 0.00333253 -0.104584 -0.000981086 0.00946838 -0.11605 -0.0134569 -0.0503858 0.115981 0.0516033 0.0287383 0.150765 0.0248785 0.0545297 0.324416 0.210533 1.31448 0.290016 0.701798 0.0596234 0.0831291 0.159127 0.0510837 -0.0247889 0.152888 -0.27189 -1.42876 0.0568359 0.67659 -0.0433782 -0.149607 1.60217 -0.601756 0.402169 0.00550623 0.0718645 1.00728 -0.57915 0.211322 -0.347062 -1.29829e-09 -1.03625 0.349818 0.0788262 -0.0546013 -0.0705631 -2.41361 -0.0294766 -0.656386 -6.50769 1.86798 -2.45097 4.12958 4.01275 3.61044 -0.396549 -0.493973 -0.454392 -1.50149 0.334195 0.68071 -2.37894e-09 -2.20804 -5.29823e-10 -0.0201768 1.98747 -0.892259 3.51033e-09 -0.17761 2.3452e-10 -1.17466 0.959583 -0.228822 0.246679 -0.240023 0.507474 -0.380983 2.25306e-09 2.04336e-10 0.148147 2.60195 1.70545 -1.32563 -0.0441555 -1.83174 -1.50674 -0.00151995 0.245747 0.927236 13.7579 -0.0476068 -0.037915 1.17744 0.0134799 0 0.0129144 0 0.00763064 0 0.0432263 0 0.00429515 0.0479905 0.0373666 0.00786454 0.0370121 0.0364839 0.0134093 0.0572064 0 0.0298071 0.161579 0 0.195016 0 0.21093 0 0.308253 0.00762723 0 0 0 0 0 0.0570685 0 0.0777833 0 0.134832 0.0118091 0 0 0 0.0824363 0.14815 0.0720693 0 0.352033 0.034603 0.147138 0.0485356 0.0505756 0.0704483 0 0.00175074 0.00198276 0.000361232 0.0983448 0.0578691 0 0 0 0 0 0.0132582 0.114297 0.0466573 0.0274781 0.01319 0.0806172 0 0.110585 0 0.139182 0 0.0606663 0 0 0.00434183 0.0836322 0 0 0.000515992 0 0.00691575 0 0.0294256 0.090421 0.0680605 0.00143421 0 0.142248 0.108288 0.0975889 0.0220336 0.124402 0.10568 0.0942871 0.138391 0.0631271 0.0803059 0.0685006 0 0.0755711 0.135633 0.0170092 0.031473 0.159385 0.525212 0.0495808 0.258074 0 0.0451612 0 0 0 0 0 0 0 0.00673325 0 0.350775 0 0.304692 0.220773 0.24033 0 0.0377225 0.00468802 0.126693 0.203965 0.0957801 0.188076 0.178049 0.369524 0 0.065252 0 0 0 0 0 0.184697 0.182424 0.0474156 0.00795454 0 0 0 0 0.0190349 0 0 0.0494387 0.105754 0 0.171395 0.00464165 0.310706 0.215494 0 0.00254016 0 0.0215134 0 0.0247104 0 0.00569365 0.0655658 0.145822 0.0351318 0 0 0.30466 0.0358959 0.000780681 0.0656027 0 0.0866035 0.0409645 0.110761 0 0.0427618 0.0150156 0.0974597 0.036226 0.0163929 0 0.609524 0 0.523953 0.324998 0.416541 0.0744485 0.00591209 0 0.0101017 0 0 0.0310821 0.006975 0.031696 0.0656892 0 0 0.107946 0 0.138716 0 0.00148538 0.00412553 0.0335129 0.57385 0.0133265 0.0535621 0.132077 0 0 0.323685 0.0323943 0.55894 0 0 0 0.382814 0.0404691 0 0 0 0.000876635 0 0.302829 0 0.233819 0.15627 0.0718137 0 0 0.00396033 0 0.0642234 0.0371689 0.0928418 0.109871 0 0 0 0.0300284 0 0 0 0.103081 0 0.172068 0 0.0879264 0.200904 0.170742 0.0148839 0 0.287071 0.0783029 0 0.00981385 0.164258 0.0655469 0 0.013414 0 0.0318049 0 0 0 0.183127 0 0.0208928 0 0.00626232 0 0.100616 0 0.0996063 0.397261 0.19094 0.441446 0.0913804 0.476767 0.129383 0.019548 0 0.351172 0.0749721 0 0.13213 0.0484505 0.0106389 0.0416754 0.0455739 0.0285382 0 0 0 0 0 0.129954 0.0556251
93 10.9616 0.0786161 -0.0444315 0.00193032 0.249336 -0.071561 13.7971 0.033198 -0.130879 -0.0344499 -0.100845 -0.00779267 0.14966 0.0366197 0.035772 0.0546634 -0.45803 0.122458 0.0126094 0.286338 -0.0384642 0.0336747 0.0287565 0.0246416 -0.141263 0.0133834 -0.0329636 0.0137698 -0.1052 0.0104335 0.0192852 -0.11456 0.0422675 -0.0440659 0.103768 0.0107288 0.0152437 0.150341 0.0320482 0.0548963 0.198306 0.164703 1.34728 0.318206 0.690128 0.0550062 0.022645 0.156683 -0.0192908 -0.0507782 0.355487 -0.253919 -1.4048 0.194263 0.672768 -0.0252186 -0.0686678 -0.515425 -1.23137 -0.613786 -0.0359659 -0.0628494 1.1385 1.86639 -0.17458 0.442929 -1.16274e-09 -1.29184 1.47443 0.0343577 -0.00276516 0.00630259 -0.492491 0.614108 1.44945 -4.38389 -1.71509 -5.67544 2.88795 1.43232 1.30823 0.499703 0.281984 0.50183 0.342661 0.370168 0.276876 -1.01543e-09 -1.39172 0.190217 -0.230767 1.71461 -0.0571588 2.71099e-09 -0.825569 2.01448e-10 -0.455009 2.07574 0.25522 0.109149 -0.982712 0.0848958 -1.26098 -0.307861 -1.73483 -8.93071e-10 2.29217 1.66925 -1.23483 -0.621323 -2.04084 -0.372748 3.04558 0.244403 0.923799 13.7972 -0.0368078 -0.121219 1.18398 0.0582099 0 0.0531013 0.000167964 0.0502878 0.00364402 0.0284326 0 0.0981254 0 0.179938 0.0948279 0.142179 0.0599939 0.121081 0.0700606 0 0.0150239 0.0275393 0 0.0172819 0 0.0565231 0 0.0685003 0 0 0 0 0 0.00761967 0.00704848 0 0.00439084 0 0.0205299 0.0012306 0 0.0479855 0 0 0.116994 0 0 0.287865 0.0349061 0.0784427 0.00921211 0.0115517 0.0758864 0 0.0259576 0 0 0.0292237 0.0591791 0 0 0.00060436 0 0 0 0.109857 0.026294 0.0323653 0.00373364 0 0 0.0256549 0 0.00878365 0.0174885 0.0698508 0.158351 0 0 0.032749 0 0 0 0 0 0 0 0.143161 0.072205 3.55044e-05 0.000940147 0.0156342 0.0103862 0.0222051 0 0.0211969 0.000491856 0.0109176 0.0186291 0.0374257 0.112217 0.00279421 0 0.0135753 0 0.00754801 0.0521348 0.114153 0.375925 0.0248423 0.168928 0.037615 0.0824053 0 0 0 0.00547242 0 0 0 0 0 0.391966 0.0202893 0.304484 0.14193 0.227432 0.0227762 0.0189991 0 0.00895487 0.206551 0.051572 0.155455 0.110912 0.285523 0 0 0 0.00814298 0 0.00582266 0 0.0546217 0.126126 0.0416407 0.0610402 0.14138 0 0.00563288 0 0.0297074 0 0.138373 0.0670755 0.0130155 0 0.053276 0 0.0248942 0.080224 0 0.0025535 0 0 0 0.00123928 0.0155496 0.00888149 0.175989 0.0802337 0.0435215 0.121065 0.0440748 0.428725 0 0.0569958 0.00786372 0.0609395 0.0100176 0.00025782 0 0 0.0168562 0.0266646 0.0889983 0 0.00584953 0 0.51796 0 0.536889 0.0243945 0.274955 0.0936125 0.133089 0 0 0 0.110242 0 0.131599 0 0 0.0219398 0 0.164722 0 0.131106 0.018218 0 0 0.0551015 0.323418 0 0.298656 0 0.314027 0 0.192787 0 0.522854 0.0211635 0.074858 0 0.249531 0.0126106 0.155276 0 0 0 0.0935295 0 0 0.0367646 0.390763 0.0138707 0.0108756 0 0.090869 0 0.176323 0 0.0418407 0.151838 0.0453624 0 0 0 0.0732348 0 0 0.0378495 0 0.0316342 0 0.0521998 0.0118385 0.184177 0 0 0.0594497 0 0.00244038 0.0144606 0 0.0361643 0 0.00531077 0 0.0736723 0 0.0196703 0 0.235541 0 0.0536212 0 0.0679118 0 0.0948614 0 0.106739 0.147985 0 0.114576 0 0.141392 0 0.0542495 0 0.165623 0.109086 0 0.196923 0.0710038 0.039203 0.0718666 0 0.00708547 0.0296242 0.00593168 0 0 0 0.111006 0.0461481
94 10.995 0.0409404 -0.11151 -0.0267249 0.245686 -0.0782418 13.8383 0.118654 -0.134658 -0.0168124 -0.100845 -0.0546008 0.222542 0.0439345 0.0356621 0.0549038 -0.401567 0.149764 0.0741872 0.0800709 -0.0951513 -0.08696 0.026234 0.0786471 -0.0899481 0.0326547 -0.0144454 0.0332245 -0.0785936 0.0200734 0.0281179 -0.11451 0.0337183 -0.0345552 0.105207 0.0438323 0.012276 0.15073 0.0509224 0.0563096 0.15633 0.165571 1.36394 0.383338 0.69244 0.0690171 0.00495323 0.155853 -0.0517121 -0.0533222 0.436783 -0.250235 -1.4234 0.203449 0.678496 -0.0241107 -0.0760185 -0.750892 -2.08952 -0.873162 0.0114944 -0.181634 1.27044 2.22401 -0.199157 0.415029 -8.71773e-10 -1.37671 2.40687 0.179252 -0.00341624 0.00798826 0.97954 0.298353 2.16939 -4.82944 -1.20355 -3.15953 -0.163026 1.63376 1.6219 0.127374 0.376186 0.587719 0.712033 0.272551 0.313177 -6.90151e-10 -0.584051 0.276546 0.0869351 1.13656 -0.231409 2.58744e-09 -0.0541495 2.44345e-10 -0.196682 1.66272 0.477865 0.254649 -0.870289 1.07285 -0.587905 7.4195e-09 -4.56718e-10 -6.69874e-10 0.280972 0.927835 -1.03024 0.285465 1.56659 0.191901 -0.782429 0.243436 0.9181 13.8366 -0.0294703 -0.192122 1.18202 0.0541943 0 0.0475659 0.00391044 0.0375705 0 0.0313376 0 0.054766 0 0.0293455 0.00378835 0.00367879 0 0 0.0170516 0.102979 0.0342332 0.0232023 0.111745 0.0466599 0.0962424 0.0369143 0.162354 0.0547803 0.168893 0.0327063 0.00955625 0.0373776 0.0494164 0.0295196 0 0.00460196 0 0.00182451 0 0.00200705 0 0.0689742 0 0 0 0.270452 0 0.177546 0.045084 0.0284276 0.00716329 0.00829758 0.0190929 0.0012902 0.0357173 0 0 0 0.0220394 0 0 0.00217991 0 0.0431256 0 0 0.0132811 0 0.00997953 0 0 0.0190729 9.92343e-05 0 0.0150875 0.0786756 0.182002 0.0715874 0.0129606 0 0 0.0227333 0.00286861 0.0593534 0.0195418 0.0313631 0 0.0191387 0.0699546 0 0.000596204 0.0308085 0.00367473 0.0337231 0 0.031523 0 0.0237787 0.0260687 0 0.012104 0.0200539 0 0.0235058 0 0.0190281 0.0167471 0.0996533 0.376093 0.00874083 0.187168 0 0.0252379 0.0145549 0 0.0166229 0 0 0 0 0 0.0653014 0.278726 0 0.146496 0.009336 0.0291771 0 0.00271839 0 0.022026 0.0342951 0.183759 0.0339859 0.220194 0.141131 0.071076 0 0.0077413 0.0902883 0 0 0 0.00649944 0.187583 0.0118684 0.0479409 0.0749204 0 0.0142731 0 0 0 0.0877059 0.0441926 0.000125783 0.0276416 0.0130215 0.0528167 0.0229699 0.262822 0 0 0.0164852 0 0 0 0.0138068 8.98479e-05 0.113717 0.190026 0.032647 0.143275 0.0433642 0.474878 0.0201168 0.0690289 0.0303087 0.0787457 0 0.0294768 0 0.00622551 0 0.0267137 0.084999 0 0.00362337 0.00111998 0.250871 0.197229 0.325048 0.0685689 0.130468 0.108521 0.0984054 0 0 0 0.0920316 0.00368669 0.113332 0 0 0.0127837 0 0.559703 0 0.499484 0 0 0 0.00582858 0.0755738 0.126633 0.1507 0 0.167088 0 0.413095 0 0.436732 0 0.0463102 0.0146164 0.302212 0 0.246161 0 0.0345768 0.0157472 0.10371 0 0.0035457 0.00360841 0.24882 0.0649441 0 0 0.0528646 0 0.0474163 0 0.0566184 0.199385 0.124109 0 0 0.0208395 0.211497 0 0 0.0181745 0 0.184432 0 0.128434 0.0333007 0.124086 0 0 0.089082 0 0.0170971 0.0522225 0 0 0.0142131 0.022068 0 0.0849652 0 0.0326223 0 0.227482 0 0.0475534 0 0.0768804 0 0.101677 0 0.115452 0.0262195 0.152069 0.0239224 0.229934 0.0247662 0.309941 0.00237799 0 0.119015 0.00630021 0.018466 0.014477 0.0411341 0.0202163 0.0712675 0 0.00909094 0 0.00953453 0 0.00219592 0 0.0590971 0.0924633
95 11.0283 0.00569536 -0.178213 -0.061751 0.240762 -0.0875906 13.8817 0.206656 -0.149742 -0.0024013 -0.100845 -0.105057 0.308392 0.0559791 0.0359263 0.0559384 -0.36429 0.173498 0.144047 0.00319443 -0.178397 -0.157082 0.00338846 0.125542 -0.0414165 0.0404001 0.00628054 0.0538117 -0.0501504 0.0276444 0.0352374 -0.112985 0.0951266 -0.0120891 0.116331 0.000448823 -0.0103171 0.150819 0.04769 0.0560646 0.140089 0.190429 1.38614 0.44211 0.686726 0.0611759 -0.0152688 0.15587 -0.0510676 -0.0532717 0.467025 -0.223471 -1.43632 0.218981 0.701865 -0.0172918 -0.0516948 -0.808812 -1.91725 -0.894819 0.10036 -0.295819 1.33567 2.4169 -0.462547 0.114635 -4.93505e-10 -1.50794 2.51506 0.309195 0.00028898 0.00579733 0.633341 0.0894753 2.01044 -0.963068 -1.90734 -0.563637 -1.38091 1.06341 1.09861 -0.154103 0.679928 0.540994 0.810428 0.133652 0.150784 -1.07385e-09 1.91131 0.741499 0.325962 -1.53337 -0.506452 6.9772e-09 -0.262901 5.10571e-10 0.280986 1.24184 0.623067 0.252548 -0.868684 0.905898 -0.77997 6.68118e-09 0.132885 -7.59446e-10 -0.174395 0.750772 -0.351903 -0.172419 -0.0855083 -0.0916042 0.556533 0.242695 0.910249 13.876 -0.0249232 -0.261698 1.18162 0.0504599 0.0046212 0.0416067 0.00667197 0.0292942 0 0.0190771 0.00216004 0.0719157 0 0 0.0302794 0 0.0414014 0 0.0620284 0.0792367 0.0397952 0 0.230266 0.0186781 0.235334 0 0.320273 0 0.332627 0.0500435 0.18494 0.0549114 0.288468 0.134034 0 0.108356 0 0.135779 0 0.0028895 0.00318361 0.0805582 0.129184 0 0 0.368206 0 0.0452842 0.0544224 0.00214788 0.0176202 0 0 0 0.0471631 0 0 0.00424185 0.015289 0 0 0.00352062 0 0.0513697 0.00979855 0 0.0154997 0.00889352 0.0137868 0 0 0.0253657 0 0 0.0272025 0.0885306 0.199883 0.0841015 0.0307103 0 0 0.0191445 0.00907447 0.0618937 0.0370855 0 0 0.0522659 0.0951688 0 4.04441e-05 0.0339378 0.00572286 0.0306046 0 0.0275405 0 0.0239264 0.00895272 0 0 0.0195698 0 0.0194915 0 0 0 0.0934917 0.384961 0 0.213856 0 0.0239875 0 0 0.0376895 0 0.0477682 0 0.129237 0 0.149085 0.288821 0.0183475 0 0 0 0 0 0.00199973 0.0612647 0 0.192269 0 0.27267 0.0383157 0.147915 0.00357043 0.0196363 0.105221 0 0.00288433 0 0.0165607 0.216917 0 0.107982 0.0811429 0 0.0270844 0 0 0 0.0416267 0.0117212 0 0.0383929 0.00565348 0.0410304 0 0.343733 0 0 0.089522 0.0813494 0.00860815 0 0.0275442 0 0.100503 0.196972 0.0103114 0.160564 0.0365716 0.479312 0.0420104 0.0688131 0.0490569 0.0816804 0 0.020183 0.000635108 0 0 0.0347552 0.131795 0 0.00113097 0.000928875 0.178256 0.302244 0.292288 0.0569383 0.0814119 0.103221 0.0861674 0 0 0 0.147413 0.00208884 0.205527 0 0.017046 0.0567232 0 0.672805 0 0.623569 0 0 0 0.00197564 0.0121361 0.182843 0.195906 0 0.227296 0 0.434978 0 0.33581 0 0.0479315 0.0189551 0.236218 0 0.270424 0.196627 0.0726148 0.000440154 0.102877 0 0.0102813 0 0.282655 0.0572904 0.00815105 0 0.0903458 0 0.0349678 0 0.0363469 0.221926 0.166093 0 0 0.0432429 0.217184 0.278525 0.00531644 0 0 0.224875 0 0.152563 0 0.103654 0 0 0.113599 0 0.0282222 0.11215 0 0 0.0318379 0.0892191 0 0.0712987 0 0.0286708 0 0.186629 0 0.0288129 0.00488416 0.0610442 0 0.0894633 0 0.0896094 0 0.238419 0 0.356648 0 0.443788 0 0.000429952 0.110588 0 0.0368374 0.0123566 0.0216688 0.0208441 0.124313 0 0.00063172 0 0.0233089 0 0.0363019 0 0.0787212 0.167581
96 11.0616 -0.00931085 -0.199829 -0.074878 0.238139 -0.0983847 13.9269 0.273913 -0.147594 -0.00884344 -0.093935 -0.162871 0.327831 0.0728587 0.0309582 0.0564426 -0.359734 0.158838 0.160763 0.0121122 -0.301126 -0.0496328 -0.112469 0.16555 -0.00118683 0.0209853 0.0137824 0.0603455 -0.0284899 0.036804 0.0330584 -0.110259 0.19499 0.0222762 0.135427 -0.0862009 -0.0501521 0.150873 0.045715 0.0559149 0.127 0.170458 1.41075 0.500424 0.686875 0.0881331 -0.0234625 0.155884 -0.0505224 -0.053229 0.430017 -0.189249 -1.43326 0.181835 0.696526 0.014353 -0.0930138 -0.249654 -0.178132 -0.219709 0.257844 -0.356967 1.34491 1.67345 0.250896 -0.430092 0.45159 -1.9377 0.0246172 -0.0808141 0.0201493 0.0167963 0.00186715 -0.533776 -0.252441 0.419296 -2.60115 3.71019 -1.70649 0.876403 0.997078 -0.689863 0.302061 0.142348 0.438676 0.203932 -0.110481 -1.35461e-09 1.60183 0.888509 0.544388 -1.14716 -0.696036 8.33361e-09 -0.446413 5.84401e-10 -0.0187048 0.0987908 0.371818 0.54991 -0.954804 1.47533 -0.524152 8.57537e-09 -2.74572e-10 -7.04879e-10 -0.66939 0.384899 0.61364 -0.092277 0.671608 1.33128 -0.993273 0.242075 0.900788 13.9158 -0.0176591 -0.318543 1.19816 0.0396463 0.00367263 0.0338744 0 0.011942 0 0.0594889 0.0098134 0.186577 0 0.0296307 0 0.0455084 0 0.0482974 0 0.10279 0.0510356 0.0546628 0.255254 0.0906125 0.283335 0.0896037 0.352853 0.108605 0.385345 0.158128 0.191878 0.174752 0.300078 0.15135 0.0041021 0.13392 0 0.148432 0 0 0.00781509 0.100062 0.185322 0 0 0.284195 0 0 0.00279441 0 0.0029522 0.0161243 0 0.00164363 0.0499287 0 0 0.000666262 0.00436882 0 0 0.00165597 0 0.0363699 0.0289858 0 0 0 0.0140679 0 0 0 0 0 0 0 0.0700381 0.0672096 0.0560176 0 0 0.021602 0.0133854 0.0551393 0.054658 0.0334345 0 0.0184445 0.111761 0 0.00033715 0.0302975 0 0.0213854 0 0.0265353 0 0.0397422 0.0314114 0 0 0.0381992 0 0.0367372 0 0.0162068 0 0.0697301 0.146576 0.037129 0.417282 0 0.0107391 0 0 0 0 0.0411153 0 0.138153 0 0.0986339 0.182659 0 0 0 0 0 0 0 0.0652683 0 0.117658 0 0.187964 0.0721435 0.177456 0 0.0115976 0.0957512 0.0142689 0 0 0.0306023 0.179702 0 0.0104209 0.00773754 0 0.00733373 0 0 0 0 0 0 0.0337163 0 0.0398038 0.102541 0.265052 0 0 0.103554 0.11236 0 0 0.00340902 0 0.0650069 0.101597 0 0.137024 0 0.175207 0 0.0895944 0 0.0909939 0 0.00383338 0 0 0.000384871 0 0.131751 0 0 0 0.143797 0.277456 0.103748 0.0690762 0 0.143868 0.143397 0 0 0 0.0621551 0 0.126291 0.00865657 0.101432 0.204739 0 0.566296 0 0.543294 0 0 0 0.0177844 0 0.110199 0.20406 0 0.151569 0 0.30643 0.0751182 0.177827 0 0 0 0.105063 0.00871536 0.229447 0.311377 0.0477267 0 0.0548638 0.0835153 0.0663893 0 0.225233 0.0655286 0 0 0.0442535 0 0.000930898 0 0.0373659 0.146902 0.14137 0 0 0.0375326 0.219804 0.423834 0 0 0 0.185315 0 0.109218 0 0.0476711 0 0 0 0 0 0.151546 0 0 0 0.13131 0.00698707 0.0239363 6.23828e-05 0.0198578 0.0382532 0.0554927 0.00643084 0 0.00282079 0.0223327 0.0122863 0.0321098 0.0107344 0.0306827 0.0193483 0.22146 0.0046301 0.330788 0 0.388726 0 0 0.0989876 0.14875 0.143512 0 0 0 0.128707 0.00982859 0.0333329 0.0306796 0.00427069 0 0.00963103 0 0.0436057 0.140236
97 11.095 -0.0234104 -0.214525 -0.0867941 0.237317 -0.11121 13.9727 0.306067 -0.143692 -0.0219491 -0.0232913 -0.244179 0.344045 0.0787597 0.074635 0.124793 -0.341864 0.14204 0.156249 0.0349294 -0.313219 0.0337934 -0.12849 0.168597 -0.028033 0.00924268 0.0209422 0.0660209 -0.0189092 0.0445729 0.0325661 -0.10816 0.213093 0.0451308 0.156618 -0.098321 -0.0661299 0.150733 0.0508054 0.0563007 0.112389 0.174949 1.41382 0.483608 0.659413 0.0904848 -0.00361683 0.155902 -0.0498124 -0.0531734 0.430921 -0.16635 -1.40519 0.191213 0.694115 0.0283443 -0.0746291 -0.0204554 0.287012 0.167937 0.338707 -0.409338 1.32749 0.41286 -0.631497 -0.752658 2.31195 -2.36806 0.445567 -0.182638 -0.372722 36.374 0.132473 -0.449881 -1.55604 0.424256 8.03168 0.0559415 15.0093 -9.01281 -24.5871 -0.824614 -0.430407 -0.688362 0.190294 0.269836 0.396834 -1.36144e-09 0.403798 0.798626 0.707861 -0.491731 -0.634546 7.74771e-09 5.01261e-10 9.17352e-10 0.366239 0.389977 -0.236866 -0.961292 -0.278415 -1.09637 0.331248 4.44933e-09 -0.0264869 -7.72933e-10 -0.0530562 0.507555 0.902878 -0.17683 -0.455688 -0.109373 0.572654 0.241566 0.888475 13.9561 -0.0174623 -0.382916 1.2132 0.0581677 0 0.043752 0 0.0193711 0 0.0612209 0 0.154103 0 0 0.00359339 0.0031493 0.00960213 0 0.0185481 0.0620464 0.0851024 0 0.213914 0.00910097 0.224696 0.0051302 0.302762 0.00778579 0.312402 0.0240115 0.121302 0.0284396 0.225019 0.0765496 0 0.0905777 0 0.13691 0 0 0.00501006 0.0395855 0.254996 0 0 0.23898 0 0 0 0.00133834 0 0.0179273 0 0 0.0396037 0 0 0.0111239 0 0.00460078 0 0.00263035 0 0.012844 0.031465 0.00928281 0 0.00750748 0.00668618 0 0 0 0 0 0 0 0.0778369 0.0421602 0.0517974 0 0 0.0100449 0.0197375 0.0362945 0.0526783 0 0.0090558 0.0462114 0.0644269 0 0.000576329 0.00476622 0 0.00195852 0 0.00349505 0 0.0151009 0.0693941 0 0 0.00768588 0 0.00582839 0 0.0117608 0.0092682 0.0677351 0.229552 0.084043 0.60723 0.00292272 0.0101957 0.00755867 0 0.054787 0 0.0352144 0 0.103574 0 0.102609 0.325345 0.0491276 0.00857445 0.00103022 0 0 0 0.0164361 0.0718613 0 0.154039 0 0.249467 0.0147371 0.128427 0 0.00825307 0.0701076 0.0146068 0 0 0.0501609 0.220058 0 0.0217535 0.0393457 0 0.00931851 0 0 0 0 0 0 0.0250302 0 0.0339856 0.079355 0.303104 0 0 0.0745838 0.0974992 0 0 0.021697 0 0.0791591 0.136694 0 0.16218 0.0355969 0.193201 0.00220412 0.106227 0.00134707 0.107882 0 0.00534314 0 0 0 0 0.139625 0 0 0 0.185722 0.238829 0.183297 0.0392807 0 0.136964 0.128949 0 0 0 0.128425 0 0.191321 0.00125369 0.0448876 0.129937 0 0.625921 0 0.59516 0 0 0 0.0213978 0 0.124855 0.249139 0 0.213996 0 0.267065 0.0821648 0.154415 0 0 0 0.108659 0.0012557 0.124184 0.287206 0.0355906 0 0.0381889 0.20034 0.0509666 0.0346889 0.277435 0.0570442 0 0 0.0572411 0 0.0397536 0 0.0283035 0.194167 0.0991441 0 0 0.0352066 0.0900569 0.390568 0.0107985 0 0 0.208889 0 0.140335 0 0.115884 0 0 0 0.0170675 0.00629948 0.109181 0 0 0.00183383 0.0866174 0.0124926 0.0245229 0.00470052 0.0150984 0.0377899 0.0884571 0.00829093 0.00421538 0.00861986 0.0352779 0.0161012 0.0491599 0.0146136 0.0467644 0 0.223378 0 0.337833 0 0.402701 0 0 0.200306 0.0516544 0.105307 0.00608281 0 0.000691041 0.161785 0 0.0345301 0.0184698 0.00359811 0 0.0144415 0 0.0460494 0.164715
98 11.1283 -0.0281286 -0.201549 -0.10345 0.237344 -0.120216 14.018 0.294778 -0.141541 -0.0229298 0.107151 -0.25434 0.340442 0.059657 -0.0194453 -0.00324539 -0.332897 0.145534 0.148783 0.0424646 0.0442907 -0.133882 -0.0562971 -0.153946 -0.282347 -0.00421592 0.0173914 0.0686005 -0.0188359 0.0493709 0.0415107 -0.106974 0.18049 0.0504351 0.17189 -0.0837961 -0.0645182 0.150743 0.0504713 0.0562754 0.104106 0.200291 1.40248 0.408142 0.647648 0.046981 -0.00148535 0.139317 -0.050563 -0.0536264 0.405542 -0.13826 -1.38324 0.160711 0.698054 0.0442119 -0.0683141 -0.454876 0.829147 -0.579866 0.312821 -0.190128 1.39928 -0.0616039 0.0788595 0.237365 3.87421 2.0803 -0.4251 -0.713805 -4.8799 -6.63892 0.77579 1.0884 0.0657765 0.495928 8.08096 -8.80406 -3.54875 -8.18979 -4.95117 -0.416057 -0.0817946 0.0519993 0.128793 0.173227 0.414506 -2.44941e-09 -0.724886 6.80072e-11 0.509709 0.195918 0.120322 7.41902e-09 7.88135e-10 7.58062e-10 0.078629 -0.512136 -0.427834 -0.547782 1.31293 -1.97579 1.05546 -0.68548 -4.19264e-10 -3.11995e-10 -0.844563 0.472994 0.668812 -0.072416 1.42747 1.09773 -0.604909 0.241811 0.87937 13.9976 0.0301116 -0.172922 1.27138 0.0944324 0 0.0690795 0 0.0492695 0 0.118077 0 0.188936 0 0.147903 0 0.156544 0 0.146991 0 0.0597896 0.117347 0.0446046 0.0922774 0.0638285 0.0708802 0.0549792 0.138783 0.0916353 0.108551 0.105022 0.0120932 0.129178 0.037353 0.0642605 0 0.0414884 0 0.0408065 0 0 0.00295395 0.0408729 0.309437 0 0 0.0788454 0 0.00177418 0.000689544 0.00618957 0.00413975 0.0629308 0.0235008 0.00206909 0.0160909 0 0 0.00390685 0.00312133 0 0 0.00129742 0 0 0 0 0 0 0 0.551859 0 0.56025 0 0.567797 0 0.68014 0.0161512 0 0.0049491 0.561352 0 0.00427858 0.0217945 0.00830662 0.0272581 0.0213493 0.0830657 0 0 0 0.00160292 0 0.064788 0 0.0326988 0 0.0669458 0 0.235132 0.0508753 0.0438578 0 0.056242 0 0.0598313 0.0473952 0.0515265 0 0.326123 0.00338341 0.711463 0 0 0 0 0 0 0.0560049 0 0.0781172 0 0 0.481044 0 0.0610516 0 0 0 0 0 0.00708427 0 0.103952 0 0.248222 0.0815853 0.0193806 0 0 0.0115542 0 0 0 0.0986988 0.286115 0 0.0107721 0.0868479 0 0.00653177 0 0.00704475 0 0 0 0.00368576 0.00328638 0 0.00419738 0.166589 0.441387 0.000572781 0.0025222 0.014658 0.165209 0 0 0.017699 0 0.127673 0.203526 0.0625968 0.0836254 0.166173 0.08299 0.345626 0.0593994 0.345176 0.0593014 0 0 0 0 0 0.0119263 0.0838025 0 0 0 0.21455 0.156097 0.103232 0.066206 0 0.203186 0.211976 0 0.0102693 0 0.0839274 0 0.127114 0.00760268 0.130181 0.156832 0.010212 0.523404 0.00660556 0.470144 0 0 0 0.0173691 0.0021175 0.101837 0.239457 0 0.250931 0 0.0598173 0.0304811 0.0315403 0 0.0247155 0 0 0.011428 0.0307082 0.255113 0.00673384 0 0 0.526362 0 0.196543 0.34319 0.0092523 0.000886034 0 0.0696839 0 0.0332488 0 0.0574727 0.274324 0.00241532 0 0 0.00629968 0 0.314029 0 0.00688031 0 0.137733 0 0.104702 0.00824886 0.166714 0.704707 0 0 0.117894 0 0.058252 0 0 0 0.0496343 0.0274671 0 0.0249218 0 0.0849008 0.0830531 0.0259992 0.00704166 0.0363307 0.0250915 0.0430957 0.0405263 0.0402109 0.0281988 0.00391233 0.191305 0.0180609 0.212216 0.0130511 0.242136 0.0135383 0 0.334438 0.0239127 0.234735 0 0.00952307 0 0.147958 0 0.0412357 0.00444119 0 0 0 0 0.0783995 0.208412
99 11.1616 -0.0476551 -0.176307 -0.10825 0.23978 -0.125234 14.0645 0.24469 -0.1553 -0.0465076 0.316584 -0.141491 0.350919 0.0755927 -0.283459 -0.302107 -0.321688 0.169594 0.132673 0.121951 0.203712 -0.251766 -0.0260898 -0.36445 -0.484189 0.0153712 0.031712 0.0517924 -0.0426522 0.0302912 0.0540319 -0.104866 0.103854 0.0544512 0.192399 -0.0285881 -0.047387 0.150745 0.0503965 0.0562698 0.0590842 0.16739 1.39711 0.33516 0.698075 0.0927257 0.11767 0.150371 -0.0409519 -0.0525731 0.297556 -0.14908 -1.37636 0.0419133 0.663815 0.0823747 -0.0559866 -0.72597 1.0246 0.0155805 0.378126 -0.196683 1.39196 -1.46288 -0.486115 -0.664991 6.06829 4.4604 0.611433 1.51442 -7.62034 -8.3798 0.571095 0.272804 -0.369186 2.60261 3.92252 -1.2523 1.14929 -5.26024 -4.23876 0.345206 0.195394 -0.350021 -0.337639 -0.490195 0.145829 -1.97277e-09 -1.47647 6.0932e-10 0.586385 0.802374 0.399955 8.2621e-09 3.26357e-10 5.07493e-10 -0.435916 -1.04596 -0.478359 -0.0125235 1.56951 0.644009 1.50547 5.88225e-10 -1.29273 -2.40983e-10 0.336959 0.400396 0.588131 -0.128309 0.398798 2.29088 -0.524106 0.243428 0.874337 14.0414 0.067689 -0.14536 1.33817 0 0.0016299 0 0 0.000683151 0 0 0.0385395 0.0398065 0.057213 0.0310376 0 0.00892643 0 0 0.0605062 0.0298503 0.0884763 0.0116249 0 0.0474217 0 0 0 0.0561514 0.111457 0.0251862 0 0 0 0.00654881 0 0 0 0 0 0 0.00988362 0.0626456 0.211726 0 0 0 0 0 0.0360525 0.124447 0.0474408 0.0196652 0 0 0 0 0 0.0117975 0.0107944 0 0 0 0 0 0 0.0388911 0 0 0 0.245414 0 0.162401 0 0.182503 0 0.149487 0 0 0 0.217763 0.0116053 0.00107636 0.0125134 0 0.0101226 0.024644 0.0642154 0.0245996 0.0045543 0.00219814 0.000564337 0.040965 0.056312 0.00765306 0 0.0238137 0.0714045 0.0103775 0.194037 0.0606028 0.079283 0 0.00804705 0 0.0531945 0.0426847 0.0539077 0 0.315049 0 0.434119 0 0 0 0 0 0 0 0 0.205417 0 0 0.412474 0.0386629 0.0659444 0.0755109 0 0 0 0.0316807 0.0855481 0 0.0571143 0 0.137576 0 0 0 0 0 0.0107713 0.0111856 0 0.176069 0.360411 0.012092 0.15269 0.0142555 0 0 0 0 0 0 0.0378911 0 0 0 0 0.216324 0.55581 0 0.00241879 0.0537477 0.185362 0 0 0 0 0.253928 0.28103 0 0.0447016 0 0.133854 0.0160859 0.0534744 0.0305504 0.0354851 0.0474241 0.0304562 0.0250532 0 0 0.00138897 0.095692 0 0.00149329 0 0 0 0.16094 0.134343 0.0886651 0.168883 0.0130549 0.0838439 0.00424758 0 0.0137048 0.0121956 0.106143 0.0446577 0.0237883 0.0735501 0.231185 0.44351 0.134875 0.362456 0.00135793 0 0 0 0.0266808 0.127372 0.213019 0.0597899 0.10335 0 0.0613935 0 0.00809433 0 0.00656491 0 0.0364937 0.0452052 0.00868644 0.179881 0 0.0132449 0 0.257598 0 0 0.352668 0.0912535 0 0 0.00320648 0 0.0227985 0.00110161 0.146689 0.338942 0 0 0 0.0103321 0 0.248211 0.0221858 0.0697048 0.00699946 0.16383 0.00686835 0.093691 0.00186074 0.198871 0.632545 0 0.149465 0.00187596 0.00227657 0.058444 0 0 0 0.0581828 0.0240022 8.25934e-05 0.0451543 0 0.0660229 0.315114 0.0530248 0 0 0.0250693 0 0.153193 0 0.134749 0.0757622 0.461597 0.167871 0.155979 0.115322 0.188013 0.00388555 0.000542477 0.275353 0.144189 0.1576 0 0.00662035 0 0.0897895 0.0705205 0.0387867 0.0469147 0 0 0 0 0.117564 0.241768
100 11.195 -0.0655514 -0.136221 -0.0996526 0.243908 -0.124064 14.1085 0.12787 -0.15494 -0.0688131 0.591301 0.160111 0.333309 -0.00362572 -0.481445 -0.606775 -0.306228 0.169851 0.109617 0.217046 0.166347 -0.289663 0.00558704 -0.232363 -0.317268 0.0257438 0.0226199 0.0347429 -0.0455006 0.0167897 0.052661 -0.106429 0.166777 0.050457 0.213269 -0.112335 -0.0358278 0.150596 0.0515099 0.0563556 0.0846158 0.228845 1.37876 0.204438 0.604221 -0.00715611 0.0418499 0.137157 -0.0544269 -0.0539488 0.373131 -0.150469 -1.33773 0.132223 0.707574 0.0633573 -0.0594798 -0.805973 1.85983 0.217751 0.292007 0.0827526 1.30325 -2.78686 0.0357571 0.0858034 7.16083 9.967 -1.54985 -0.124653 1.62781 -1.38496e-07 1.18462 0.026849 -0.507812 2.0725 -2.37796 -1.68464 1.2544 5.90594 7.01465 -0.00816372 -0.0906116 -0.173484 0.570802 -0.300292 -0.21524 -1.82992e-09 3.65464 1.2308e-09 0.833161 -4.33643 0.778105 5.77933e-09 8.28636e-10 4.18523e-10 0.258199 -0.551957 -0.205308 -1.13354 2.60555 -3.94165 0.956098 1.90819 -5.81516e-10 -2.49346e-10 -1.16155 -2.62874 1.79288 0.442777 1.92658e-10 -2.00792 0.305146 0.246017 0.875937 14.0859 0.0887779 0.168308 1.30437 0.00898561 0.0179552 0.00309545 0.0121369 0.00873183 0.0154442 0.0116035 0.00101472 0 0.0408869 0.0848656 0.0643801 0.0750804 0.0518199 0.0748631 0.0517454 0.0263963 0.0749745 0.00276552 0.0374307 0.00828335 0.0615998 0.00315313 0.0736226 0.00196513 0.0654851 0.00180065 0.131909 0.00365822 0.122338 0.00774662 0.0476177 0.0194163 0.00895303 0.0334941 0 0 0.00510107 0 0.245156 0 0 0 0.017723 0 0 0 0 0.0100657 0.00822377 0 0 0 0 0 0.00679406 0 0 0 0 0 0 0.0373867 0 0.0129982 0 0.0971122 0 0.0917247 0 0.11219 0 0.186035 0.0133528 0.0105466 0 0.109437 0.0349286 0 0.00773743 0.0136939 0 0 0.0670626 0.0622489 0 0 0.000125555 0 0 0 0 0 0 0 0.0869947 0.0043845 0.112498 0 0.0204165 0 0.0253018 0.0233523 0.0688351 0 0.00879338 0.215811 0.121939 0.0678385 0 0.0655206 0 0.0725264 0 0.0351256 0.0553629 0.0366235 0.0355544 0.00733111 0 0.0385349 0 0.0433574 0 0.0628302 0 0.0197732 0 0.000653666 0 0 0 0.00667039 0.0170634 0.00678103 0.0127818 0 0 0 0 0.0638011 0.186694 0 0.337473 0.0395912 0 0 0 0.0113183 0 0.00993811 0.0738121 0.00657142 0.00916273 0.0144178 0 0.139414 0.531395 0 0.00497357 0 0.0797716 0 0 0.000954667 0 0.168221 0.28336 0.0822418 0.0338168 0.13641 0.0662377 0.079617 0.0110798 0.0804742 0.0126038 0.022047 0 0.0274693 0.0191588 0 0 0.00149547 0 0 0 0 0.167399 0.0202529 0.238435 0.0678019 0.0972438 0 0.0713345 0 0.0190659 0 0.0830522 0 0.095737 0 0 0.102312 0.0283293 0.10662 0.049315 0 0 0 0 0.0256478 0 0.104952 0.000528391 0.0963574 0 0 0 0 0 0.027357 0.0217878 0 0 0.0195282 0.154765 0.00468178 0.0174596 0 0.0606737 0 0.0794473 0.37876 0.0112185 0 0 0.00806363 0 0 0 0.116535 0.322009 0 0 0.00404895 0.00313414 0 0.148168 0.0104141 0 0.0263168 0 0.0132972 0 0.0515466 0.224409 0.279505 0 0 0 0.00246717 0.0101867 0.00486043 0.0115595 0.000210548 0.0221195 0.0896527 0 0.100905 0 0.309501 0.288669 0.134176 0.0718661 0.10383 0.0917983 0.155401 0.148326 0.139971 0.0745088 0.00776947 0.0159479 0.0209082 0.0167996 0.0230289 0 0 0 0.116029 0.0882408 0.183958 0 0.0459451 0.0118997 0.000410476 0.0369593 0.0150947 0 0 0 0 0 0.0380783 0.242809
101 11.2283 -0.0735022 -0.109057 -0.0765413 0.248131 -0.11759 14.1493 -0.00832468 -0.121889 -0.0850987 0.806398 0.466496 0.208934 -0.0055588 -0.223566 -0.45008 -0.237298 0.186786 0.073565 0.199594 0.116281 -0.323289 0.0136017 -0.166007 -0.293575 0.044876 0.0572986 0.00639722 -0.0684285 -0.00954025 0.0472428 -0.103817 0.0719423 0.0553983 0.230783 -0.0491809 -0.042619 0.150596 0.0515099 0.0563556 0.100455 0.209081 1.37769 0.154518 0.698568 0.00668074 0.0762712 0.100422 -0.0348771 -0.053522 0.390305 -0.164326 -1.3145 0.133478 0.694242 0.0375595 -0.0409761 -0.101808 0.97152 0.575904 0.21898 0.132759 1.17659 -3.77441 0.968579 0.283915 4.44308 5.18336 -5.87054 4.99385 12.4838 8.53083 2.26921 0.475767 -0.637004 -1.14591 -0.865559 -1.23943 0.576922 1.37494 -0.43509 0.648046 0.799686 -0.648662 -0.802919 -0.775122 -0.238698 -1.82142e-09 -0.076356 1.21251e-09 0.523255 -0.652877 0.155284 5.89282e-09 4.14963e-10 2.55333e-10 -0.46512 -1.49789 0.268119 0.335148 2.12507 0.483018 0.532911 -1.24022 0.081614 -1.72287e-10 -0.0774944 0.299895 0.387202 -0.0428222 0.120079 -0.0225836 0.0599603 0.248735 0.88246 14.1283 0.0801701 0.198363 1.24847 0 0.048763 0 0.00509238 0 0.0258004 0 0.00325337 0 0 0 0.137072 0 0.159044 0 0.190242 0.0311128 0.0307291 0 0.161604 0 0.168266 0 0.385338 0 0.411795 0 0.0153481 0 0.0550969 0 0.0830562 0 0.0738471 0.0918993 0 0.00368008 0.0178136 0.0145382 0.118455 0.0414142 0 0.011655 0 0.00399865 0.0180719 0.123006 0.104635 0.023698 0 0 0 0.0102508 0 0.0161896 0.0104262 0 0 0 0 0.00803007 0.00897068 0.0673031 0.0131234 0.0217276 0.00545615 0.0714788 0.0146197 0.022738 0 0.0687848 0 0.00574725 0.0220861 0.0180585 0 0.0120769 0.083518 0.00231776 0.0051892 0.00887655 0.00353253 0.014588 0.0556996 0.0885407 0.0203353 0.00133607 0.000686075 0.0937684 0.226734 0.0456081 0.195431 0.0704804 0.253 0.0594021 0.278935 0.0296753 0.0604179 0.029712 0.125937 0.0396031 0.287942 0.0310669 0.0294074 0 0.0689414 0.0727771 0 0.0801107 0 0.00363021 0 0.158791 0 0 0 0.197663 0 0.274808 0 0.372708 0 0.23952 0 0.0688021 0.0394855 0.0194114 0.0992314 0 0.0695808 0 0 0 0.0370781 0 0.0280927 0 0 0.0324975 0 0.0660691 0.240611 0.00345096 0.251084 0 0 0 0 0 0 0 0.0808077 0 0.0537942 0 0.0938039 0.106701 0.58195 0 0.004286 0.0516824 0.0971555 0.0212829 0 0 0 0.222835 0.270161 0.00320489 0.0454749 0 0.228767 0.0651304 6.00014e-05 0.0811065 0 0.0263528 0.125813 0.0196825 0.0163771 0.00859449 0.0287363 0.0934419 0 0.000955217 0 0 0.0961453 0.0681437 0.20245 0.029256 0.0433531 0 0.0899749 0.0527259 0.0328056 0 0 0.0648389 0.00796988 0 0 0.145385 0.316932 0 0.348284 0 0 0 0 0 0.211571 0.114205 0.133267 0 0 0.0942818 0 0 0 0.000769839 0 0.0660455 0.0185071 0 0.0846821 0 0.0343928 0 0.105837 0 0 0.279501 0.0943081 0 0 0 0 0.0585791 0 0.132203 0.313045 0 0 0 0.0721456 0 0.103944 0.0701397 0.0237317 0 0.226525 0 0.0615007 0.00733783 0.187117 0.234319 0.206441 0 0.742369 0.015057 0.0099137 0.0138288 0.00361338 0.0238486 0.0591488 0.0883058 0 0.0819501 0 0.246569 0.173303 0.16711 0 0.0539194 0 0.0674917 0.0898841 0.0119527 0.0393308 0 0.304459 0.0578504 0.174511 0.00110514 0.235758 0.00651956 0.00993158 0.152189 0.183299 0.18308 0 0.00480988 0.0490891 0.0167567 0.0502316 0 0.0282247 0 0 0 0 0.0755457 0.217275
102 11.2616 -0.0662032 -0.0813815 -0.0844514 0.249264 -0.107208 14.1888 -0.116191 -0.0914954 -0.0474191 0.869869 0.265991 -0.111008 0.0978902 -0.0838581 -0.386559 -0.145279 0.213911 0.0726805 0.103388 0.111014 -0.375791 0.0150279 -0.118675 -0.306221 0.0543948 0.0614775 0.00360693 -0.100087 -0.0322549 0.0501095 -0.104236 0.0868025 0.0546299 0.249061 -0.0706209 -0.0167453 0.150591 0.0517201 0.0563715 0.196582 0.247035 1.36147 0.107421 0.691012 -0.00013281 0.0664281 0.10515 -0.033605 -0.0533727 0.311857 -0.13334 -1.31685 0.135099 0.700975 0.0685626 -0.0533266 0.359502 0.789139 -0.72406 0.0739751 0.250843 1.1994 -2.99032 0.299873 1.79457 0.182627 -5.68791 -7.4736 2.21771 3.34194 0.641748 2.80637 0.220064 0.849907 -3.58588 0.136523 -1.12694 -0.171993 -2.27266 -3.42414 0.0279066 -0.0934233 0.401769 -0.978136 -0.555598 0.106766 -1.61684e-09 -1.4741 5.40493e-10 0.408803 1.48766 0.625639 9.70362e-09 5.18563e-10 5.20734e-10 -0.183904 -1.01557 0.254993 -0.706983 1.86056 -1.20823 0.377581 -0.0775078 -0.0629151 -1.57998e-10 -2.48776 -0.348008 -0.140162 -0.219581 -0.0559369 0.260169 -0.644163 0.25071 0.891383 14.1688 0.0465566 0.27168 1.19903 0 0 0 0 0.0120027 0.000930997 0 0 0 0.00192056 0.0142176 0.113407 0 0.125418 0 0.165119 0.0173905 0.0510482 0 0.0261557 0 0.019601 0 0.145538 0 0.171414 0 0 0 0 0 0.0699608 0 0.0888492 0.0230046 0.0276595 0.00886095 0.0245438 0.0608889 0.228939 0 0 0 0 0.0835207 0.0642986 0.131741 0.0922933 0 0 0 0 0 0 0.0038626 0.0108424 0 0 0 0 0.00458655 0.0344056 0.0600271 0 0.0193652 0.0015133 0.0854733 0.136415 0.0551511 0 0.0835358 0.0240464 0.018772 0 0.01279 0.00594273 0.0330315 0.0611789 0.00368256 0.013751 0.0040159 0.0195851 0.0100964 0.0612636 0.0700848 0.0162082 0.00107265 0.000523249 0.113695 0.11349 0.0761869 0.065119 0.0985302 0.119739 0.068891 0.0999526 0.0223556 0.0230218 0.0608355 0 0.0676365 0.103147 0.0199613 0.014291 0 0.161592 0 0 0.164241 0.0389988 0.00418311 0 0.15301 0 0 0 0.0319905 0 0.491484 0.145299 0.545838 0 0.381734 0.140326 0.140494 0.0189495 0 0.0940804 0.0923985 0.15614 0.256882 0.0776224 0 0 0 4.174e-05 0 0 0.0176778 0 0.113555 0.229846 0.0219337 0.188812 0.0201269 0 0 0 0.00100892 0 0.0569931 0.0908816 0 0.0200049 0 0.0572108 0.174822 0.573335 0 0.00532704 0 0.0254898 0 0 0 0 0.259805 0.161625 0.0171927 0 0 0.0920014 0.0237957 0 0.0365121 0 0.0220091 0.0849018 0.0091235 0 0.00026615 0 0.0617595 0 0 0 0 0.0933758 0.262263 0.195316 0.0795383 0.239667 0.0179322 0.00785741 0.00826307 0.00293418 0.0591321 0 0.120753 0 0 0.00665416 0.248176 0.233957 0.0153099 0.243575 0 0 0 0 0.00304895 0.17039 0.14333 0.0939692 0.0556218 0 0.0601048 0.00485146 0 0 0.00664964 0 0.1662 0.0157303 0.0627829 0.280628 0 0 0 0.000742212 0 0 0.251368 0.138129 0 0 0 0 0.0860879 0 0.158365 0.234468 0.012212 0.000668975 0 0.0295833 0 0.403942 0.145374 0.0638207 0.0306544 0.121389 0.0788438 0.0655384 0.00686602 0.0670916 0.0819871 0.340278 0.0680903 0.00108298 0.0286213 0.0860755 0 0 0.0268471 0.130143 0.0441877 0 0.0349453 0 0.203293 0.02939 0.0895774 0 0 0 0 0.000771457 0 0 0 0.269005 0.0249542 0.14778 0 0.187094 0.0119787 0.00408122 0.220846 0.0349725 0.097905 0 0.0398543 0.0578561 0.0466494 0.0393566 0.0047779 0 0 0 0 0 0.119843 0.218701
103 11.295 -0.0354168 -0.0430027 -0.0755325 0.25148 -0.101167 14.2291 -0.2193 -0.10283 -0.0513112 0.828598 0.170781 -0.252892 0.104807 -0.161685 -0.346708 -0.0623044 0.203934 0.0502564 -0.0209173 0.115134 -0.400653 0.00940572 -0.223407 -0.451657 0.0217037 0.0257955 -0.012923 -0.108709 -0.0426824 0.0530675 -0.10198 -0.00771892 0.0405847 0.238299 0.00119622 -0.00643927 0.150591 0.0517201 0.0563715 0.300026 0.227372 1.34588 0.182112 0.70342 -0.0188152 0.033642 0.138642 0.0257968 -0.0508218 0.271392 -0.247016 -1.30338 0.0544055 0.701697 0.0562781 -0.0907712 0.905287 1.44495 0.441112 0.124358 0.0371934 1.1839 -2.7794 -0.419291 -0.429864 -1.9986 -2.72272 -1.78548 -0.314398 -4.28228 0.511816 2.00586 -1.36921 -0.63243 -2.88668 -0.0123884 -5.76963e-09 -0.0819217 -3.35633 -4.35235 -0.843382 -1.33723 -0.612514 -0.378933 -0.390485 0.0287369 -7.12215e-10 -0.287596 -0.589877 -0.293758 -0.282108 0.43474 1.37963e-09 2.47966e-10 1.18909e-10 -1.62861 -1.34776 0.549871 0.447836 4.26904e-11 1.2648 -0.535519 3.61009 0.556239 -1.0797e-10 -1.45393 -4.11935 1.30761 -0.432626 9.27703e-10 0.515246 -0.94962 0.252036 0.895937 14.2086 0.0374286 0.0363209 1.19537 0 0 0 0 0 0.0107612 0.0169156 0.00433762 0 0.0566448 0.00598225 0.00202574 0.0400254 0.0113539 0.0788281 0 0.0181357 0.0213765 0.0225138 0 0 0.0495042 0.122696 0 0.106866 0.0322117 0 0 0 0 0.016244 0.0215092 0.0327386 0 0.0420665 0.0084744 0.00443301 0.0127406 0.0226925 0.0234987 0 0 0 0.0149337 0.053912 0.116051 0.0809482 0.143767 0.0333097 0 0 0 0 0 0.0217272 0 0 0 0 0 0.0143785 0.00693029 0.0291256 0.0643409 0.0128911 0.0197322 0.0449673 0.146501 0.00619676 0.111372 0.0344038 0.127648 0.103688 0.123151 0 0.0175976 0.113264 0.101527 0.00129201 0.00197528 0 0.0114331 0.0400172 0.00825937 0.0287429 0.105541 0.000390504 0.000746645 0.0929157 0.0866543 0.0280531 0.0609417 0.0999804 0.0730941 0.0857726 0.0407216 0.0578047 0 0 0.0785314 0.0481136 0.0951944 0.0262995 0.00935799 0 0.115465 0 0.0252809 0.0346157 0.00647329 0 0 0 0 0 0 0 0.0303361 0.273126 0.166287 0.325729 0.258296 0.280595 0.136653 0.020414 0.0143688 0.0535085 0.105125 0.271819 0.00511605 0.345601 0.135673 0 0 0 0.00015625 0 0 0 0.00104309 0.145493 0.100429 0 0.0196532 0 0 0 0 0 0 0.0289581 0 0.0170869 0 0.0593323 0 0.241371 0.218488 0.00130842 0 0 0.183859 0 0 0 0 0.0312174 0.23305 0 0.0437795 0 0.0430015 0.0515756 0.0982945 0.0336837 0.110172 0.0703169 0.0214285 0 0.00922812 0.0104866 0.00739159 0.0118088 0.0404654 0 0.00585932 0.120098 0.147458 0.190932 0.327639 0.126619 0.0756266 0 0.0475388 0 0.0434932 0 0.0655116 0 0.14793 0.070406 0.00918006 0.228724 0.0607257 0.301774 0 0.0187613 0 0 0 0.289785 0 0.113517 0.103798 0 0 0 0.291626 0 0.0194462 0 0 0 0.156899 0 0 0 0 0 0 0 0.0552859 0.187645 0.187303 0 0 0 0 0.0205719 0.0293502 0.0510662 0.177905 0 0.00256553 0.0559716 0 0 0 0.0212986 0.072274 0.137361 0 0.0453782 0 0.0998371 0 0.37341 0.455985 0 0.026947 0 0.0563051 0.0391616 0 0 0.0712059 0 0 0 0 0 0 0 0 0 0 0 0 0 0 0.434279 0 0.23996 0.121267 0.298711 0.109944 0 0.00294085 0.14949 0.139573 0.0096776 0.00325353 0.0166301 0.018861 0 0.103021 0.019465 0.0607779 0 0 0 0 0.0477433 0.0477607
104 11.3283 0.0451464 -0.0588991 -0.0647435 0.253624 -0.100168 14.2616 -0.408301 -0.0473161 -0.0444643 0.781664 0.22348 -0.315884 0.150086 -0.261601 -0.499882 -0.0647523 0.209017 0.0284318 -0.0930334 0.110152 -0.389238 0.00990436 0.023564 -0.316893 -0.0299032 0.0635754 -0.00853118 -0.141139 -0.0580652 0.0231302 -0.103806 0.0961396 0.0508857 0.222391 -0.0817683 0.00964112 0.153284 -0.0528291 0.028713 0.180279 0.245591 1.41745 0.0459863 0.705559 -0.0438745 0.156416 0.156905 -0.030583 -0.0536101 0.352733 -0.187579 -1.26721 0.249337 0.682601 -0.115565 -0.0562625 1.82001 -0.407104 0.175297 0.0935432 0.0481994 0.917898 -5.02694 1.17898 0.825611 -1.65968 1.30079 -0.874074 1.17087 -7.43554 -5.25599 0.423115 -0.0433889 -0.408451 -1.94052 -0.230164 0.530258 -0.0220331 10.9159 6.14073 -0.680183 0.935417 0.197623 -0.889029 -0.394986 -0.909309 -3.02091e-09 2.06926 0.581185 -0.125421 -1.03343 0.571184 8.22431e-09 -1.80453e-09 -1.08148 0.287549 -0.8513 2.02054 1.39119 3.47663e-09 -1.37752 1.74138 5.04976e-09 0.593719 0.116613 -0.573669 -0.425937 0.244873 1.00499 -2.19829 -4.74903 1.43313 0.253288 0.896821 14.2482 0.0407776 0.0144304 1.17523 0 0.0127911 0 0.0079583 0 0.014961 0.0483822 0.0399911 0.0137508 0.0303145 0 0.00394288 0 0.0246763 0.00161831 0.0232602 0 0.0331161 0.0488693 0.122499 0 0.260767 0.170386 0.141761 0.152371 0.3482 0 0.187526 0 0.149335 0.0544573 0.012599 0.080167 0 0.122583 0 0.0109058 0 0 0 0.200985 0.384102 0 0 0.0222723 0.116917 0.0610766 0.13806 0 0.134714 0 0 0.00493307 0.0641821 0.0611285 0.136128 0 0 0 0 0.0243915 0 0.0758477 0.0743331 0.0321036 0 0 0.15528 0 0.110783 0 0.136245 0 0.0928858 0.0277252 0 0 0.0944858 0 0 0.0210962 0 0 0.0592574 0.145783 0.0126174 0 0.000360563 0.0998143 0.0620233 0.0570236 0.0518211 0.0895886 0.0563607 0.084837 0.0367927 0.0248644 0.169623 0.00089241 0.0682206 0.0997041 0.0748612 0 0.0714717 0 0.165645 0.19122 0.0343034 0.00711124 0 0 0 0 0 0 0.11621 0 0.0710189 0.0352544 0 0.1001 0 0.181748 0 0.0215387 0.0553057 0.077637 0.0890392 0.16402 0 0.158316 0 0 0.120061 0.00366278 0.215421 0 0 0 0 0.210364 0.375801 0 0.0473035 0 0 0 0 0 0 0.0366386 0 0.0219861 0.148318 0.0530922 0.202705 0.374626 0.455897 0 0.00532605 0 0.019262 0.0413467 0.0736229 0.0074608 0 0.17222 0.0819914 0 0.052388 0 0 0.0223877 0.14327 0.00811749 0.151268 0.0776877 0.12595 0 0.227924 0.00875968 0 0.0710595 0.109037 0 0.0151944 0.0262364 0.384379 0.215981 0.427071 0.100745 0.124671 0 0.0449292 0.0290797 0.0537613 0.00364484 0 0 0.0304719 0.0449654 0.151906 0.085798 0 0.202417 0.00438095 0 0 0 0 0.11502 0.264935 0.105244 0.0707442 0 0 0.00776411 0.129326 0 0.0880397 0 0 0 0.170395 0 0 0 0 0.0781113 0 0 0.0418908 0.14394 0.0690772 0 0 0 0 0.0695556 0.0212099 0.147749 0.141704 0 0 0.0597071 0.103646 0 0 0 0 0.0848345 0 0 0 0.154126 0.348499 0.108777 0.473656 0 0 0.0285848 0 0.0597079 0.281801 0.0590216 0 0 0 0 0 0 0 0 0 0 0 0 0 0 0 0.305535 0.175929 0.178946 0.464957 0.258693 0.500051 0 0.00160419 0.267677 0.420242 0.20148 0 0.0184725 0.0442266 0.0313551 0.0692153 0.040201 0.090717 0 0 0 0 0.0745314 0.181334
105 11.3616 0.0497322 -0.0622609 -0.0612624 0.254868 -0.100172 14.2937 -0.50931 -0.0348018 -0.031652 0.7226 0.21654 -0.295711 0.113724 -0.325061 -0.493271 -0.0222691 0.198747 0.0243512 -0.102427 0.0717049 -0.374643 0.017302 0.0454755 -0.205615 -0.0250899 0.0714489 -0.00395096 -0.116107 -0.060986 0.00804922 -0.104051 0.10576 0.0503507 0.195148 -0.0883358 0.0152639 0.152477 8.1338e-05 0.0494113 0.327732 0.231052 1.38719 0.19367 0.694723 0.00278206 0.0950217 0.153941 -0.0250096 -0.0531796 0.244171 -0.155094 -1.29516 0.29667 0.633422 -0.0477262 -0.0268039 -0.299745 -0.275372 0.128774 0.100099 0.0372095 0.976392 -2.66229 0.0889419 0.42734 -1.46183 0.229446 0.881598 -0.827425 -3.27477 0.738357 1.63341 -0.357897 0.0781729 -7.03413e-10 -1.2377 0.671651 0.36179 -0.020155 5.1862 0.273339 0.0787827 0.140882 1.15137 0.128526 -0.358972 -1.86322e-09 0.568832 3.09767e-10 -0.503897 -0.478729 0.118441 3.6881e-09 0.739033 1.29755 0.116993 -0.6967 -0.880633 -0.135873 -1.00402 3.03717 -1.79738 2.46526e-09 0.582848 -1.67072e-10 -1.16716 -2.26015 -0.308449 -0.297133 -1.52566 1.85938 0.404955 0.254592 0.897403 14.2878 0.035354 0.011731 1.19479 0 0.0488044 0 0.033099 0 0.0310575 0 0.0380683 0.0252864 0.0157124 0 0.117923 0 0.0923606 0.00440943 0.0882847 0 0 0 0.0256407 0 0.0263472 0 0.0652687 0 0.110354 0 0 0 0 0 0 0 0 0.0177229 0 0 0.0116714 0 0.0158492 0.0355374 0 0.0384722 0 0 0.216409 0 0.152774 0.00673075 0 0 0 0 0 0.0269455 0.0101581 0 0 0 0 0 0 0.0381955 0.0835909 0.0112709 0.032184 0.0220553 0.13052 0.0200597 0.088917 0.0313003 0.100489 0.108031 0.157777 0 0.00413468 0.020215 0.165966 0 0 0 0.012064 0 0 0.0893043 0.166777 0.000491853 0 0 0 0 0 0 0 0.0271159 0 0.0506683 0 0 0 0 0 0.0190349 0 0.0355998 0.387828 0.188221 0 0.131711 0 0.0155231 0 0.0708355 0 0 0 0 0 0.31217 0 0.293378 0 0.275354 0.0661054 0.0848537 0.0229897 0.0354151 0 0.0691013 0.166091 0.0944466 0.0942791 0 0.313054 0.000120041 0.0340978 0 0 0 0 0.0855675 0.0951468 0 0 0.00101203 0.0236452 0 0 0 0 0.0371949 0.0422836 0 0.0612997 0 0.109507 0.197537 0.238118 0 0 0 0 0 0 0.00752106 0 0.135762 0.100543 0.0838817 0 0.146452 0.0138754 0.0622454 0.0112009 0.062193 0.0113044 0.0105065 0.0685639 0 0.0669632 0 0.0527298 0 0 0 0.00616608 0.00919834 0.384815 0.124245 0.244984 0.0294226 0.166777 0 0.0315476 0 0.0023613 0.0179096 0.0063971 0.02026 0 0.00840949 0.0326896 0.0341302 0 0.0222486 0 0 0.00740059 0 0 0 0.454233 0.0153169 0.0302618 0.0106328 0.0227478 0.0114099 0.0736537 0.0045478 0.154411 0.0301317 0.0515765 0.0595839 0.00731668 0.00339444 0.0775618 0 0 0.0268972 0 0.00150675 0 0.0733413 0.146063 0 0.003644 0 0.00142498 0 0 0.112382 0.071602 0 0 0.00231434 0.0269083 0 0.0101709 0.0411597 0 0.0149975 0.00758577 0.0320616 0 0.0907501 0 0.053089 0.523108 0 0.00449235 0.00887925 0.0812491 0 0 0.0130399 0.101245 0.0422974 0 0.0408308 0 0.14065 0 0.0284661 0 0.0591061 0 0.0800533 0 0.0845916 0 0 0.170859 0 0.197878 0.0015765 0.226893 0 0.041398 0.00482896 0.193388 0 0.050065 0 0.0494885 0.0232677 0.0170428 0.00248575 0.0259163 0 0 0 0 0.0733741 0.136064
106 11.395 0.0359281 -0.0449331 -0.0583522 0.256447 -0.101629 14.3287 -0.531019 -0.0418975 -0.0263421 0.557922 0.175763 -0.29993 0.108379 -0.358414 -0.471307 0.0363514 0.186553 0.0223149 -0.102427 0.0297064 -0.377764 0.0247103 0.0362839 -0.0775747 -0.0172702 0.0617562 -0.000202276 -0.0788163 -0.0563473 0.00167032 -0.104754 0.142867 0.049898 0.182961 -0.132983 0.0113488 0.151869 0.0228338 0.0543067 0.353565 0.224805 1.39566 0.19491 0.644364 0.00543932 0.104581 0.153502 -0.0414898 -0.0543565 0.206464 -0.167526 -1.31122 0.341152 0.64341 -0.0175367 -0.0236644 -0.174025 0.715155 0.331601 0.120404 -0.0396096 1.06045 -0.477056 -0.20934 -0.289828 -5.46217 -0.195881 2.48675 -1.32901 -3.85423 0.435516 1.5324 -0.370894 -0.207787 -3.59148e-10 -1.27224 -0.31347 0.404778 0.00532169 6.29232 0.0366936 -0.160915 0.0163033 0.942128 0.0593591 -0.406575 -9.13801e-10 0.294573 0.0200588 -0.393147 -0.401955 0.000817163 4.23515e-09 0.635815 4.0874e-10 0.793577 -0.652427 0.550308 0.106983 -0.874534 -0.305094 0.530925 1.84823e-09 -0.291392 -1.03784e-10 -0.223605 -1.47269 -0.264387 0.0646068 -0.000549903 -0.815363 0.211581 0.255679 0.896111 14.3275 0.0319827 -0.0737415 1.1868 0 0.0340952 0 0.0170681 0 0.00913963 0.0124578 0.050902 0.00772329 0.120967 0 0.0257944 0 0.0320417 0 0.0349941 0.0182271 0.035971 0.0576559 0.0209112 0.0271297 0 0.1019 0.0407356 0.0939986 0.0462662 0 0 0 0 0 0 0 0 0 0 0 0.00655854 0 0.112658 0.00757181 0 0 0.0302254 0.00962092 0.306952 0 0.187552 0.0110281 0 0 0 0 0 0.0153844 0.00769674 0 0 0 0 0 0 0.00330283 0.00881499 0.00552098 0.00254 0.0958927 0.150179 0.0899466 0.108799 0.107542 0.122885 0.231219 0.203885 0.0104025 0.00107165 0.0823408 0.179786 0 0.0032496 0.0147318 0.0180751 0 0 0.055988 0.0771889 0.000406938 0 0 0.0011452 0 0.00107496 0 0.00119446 0.0011536 0.00245767 0.0100013 0.00716991 0 0 0 0 0.0140154 0.0205222 0.0166682 0.406345 0.218623 0 0.0794026 0.0160378 0 0 0 0 0 0 0 0 0.298462 0.00501381 0.25657 0.0433576 0.194925 0.178453 0.0498003 0 0.0305547 0 0.260849 0.248724 0.283939 0.205303 0.0352272 0.349543 0.00960577 0 0 0 0 0 0.142606 0.0803916 0 0 0 0.0130961 0 0 0 0.00301241 0 0 0.0228639 0.0130025 0.0525298 0.0417519 0.222052 0.149009 0 0 0 0 0 0 0.00459806 0 0.115126 0.0896959 0.114916 0 0.198919 0.0100343 0.109943 0.0306451 0.107281 0.0305631 0.0422416 0.00605613 0.0162344 0 0 0.0678071 0 0 0 0.0109977 0.247447 0.501497 0.128725 0.363991 0.0971167 0.189262 0 0.102111 0 0 0.00392943 0.0549444 0.00800372 0.0987521 0.142072 0.0957188 0.532588 0 0.478007 0 0 0.0315103 0.0103227 0 0.187621 0.432543 0.0016826 0.0704338 0 0.0427054 0 0.298236 0 0.467007 0.0122414 0.0349197 0 0.218851 0 0.202676 0.0191492 0 0 0 0 0 0.0743593 0.166092 0 0 0 0.00518586 0 0 0.126346 0.0427347 0 0.000898729 0.025397 0 0 0.134628 0.0415049 0 0.1721 0 0.14086 0 0.0790227 0 0.291816 0.51873 0 0 0.0206584 0.0531086 0 0 0.021645 0.0694075 0.0257777 0 0.0236979 0 0.085985 0 0.0196782 0 0.0335918 0 0.046491 0 0.0480976 0 0.168354 0.175755 0.230824 0.111768 0.310371 0.122973 0 0 0.110821 0.166616 0.0674222 0.0159286 0 0 0.0177873 0.11079 0.0292178 0.0389349 0 0 0 0 0.0842427 0.11584
107 11.4283 0.0409613 -0.0110855 -0.0551479 0.257587 -0.104512 14.3658 -0.502069 -0.0358241 -0.0236649 0.276252 0.19329 -0.272974 0.0856547 -0.380156 -0.444328 0.0763265 0.165319 0.0212219 -0.102427 -0.0152275 -0.389101 0.0275448 0.0365409 0.076592 -0.0215362 0.0469577 0.00311104 -0.0609017 -0.056145 -0.00506193 -0.104489 0.123043 0.0422298 0.163335 -0.119512 0.0234619 0.151161 0.0488057 0.0562828 0.429957 0.22784 1.40028 0.213642 0.634559 -0.00282558 0.107233 0.153258 -0.0505778 -0.055057 0.163482 -0.156439 -1.34205 0.392501 0.670605 -0.0346612 -0.014487 0.404871 0.878373 0.250665 0.0567008 -0.0763505 1.12129 0.460313 0.115405 -0.0197368 -7.5856 0.636009 2.6729 -1.24335 -3.94066 0.244298 0.949911 -0.637948 -0.120467 -6.28769e-10 -1.30355 -0.20079 0.355022 0.00943998 0.0032445 -0.255782 -0.207736 -0.00628304 0.257902 -0.0887784 -0.315193 -1.14291e-09 -0.558106 -0.241363 -0.558615 0.485334 0.316728 5.11407e-09 0.714297 4.09829e-10 0.514973 -0.949318 0.771775 0.0123422 -0.0584584 0.0386858 0.166136 2.41214e-09 0.343044 -1.36657e-10 -0.530479 -1.20392 -0.844672 0.134169 -0.683944 -1.39975 1.1521 0.256652 0.892912 14.3669 0.0311415 -0.114037 1.1785 0.00280461 0.0398596 0 0.0214308 0 0.00815105 0.0109815 0.0585479 0.0283113 0.115572 0 0.0413092 0 0.0512176 0 0.0549827 0.0100208 0.0615278 0.0925784 0.0742409 0.0736519 0.0668668 0.144844 0.134485 0.154951 0.162513 0 0 0.0349349 0 0 0 0 0 0 0 0 0 0 0.0601112 0 0 0 0.0702668 0 0.300259 0 0.148031 0 0.00248571 0.0140879 0 0 0 0.0176581 0 0 0 0 0 0 0 0.00699961 0.00674058 0.00798435 0.00590457 0.0147572 0.16555 0.0136724 0.127102 0.0227561 0.144433 0.0866202 0.236328 0.0112777 0.0253238 0.0127721 0.191671 0 0.00852064 0.0157811 0.0336054 0 0 0.0738516 0.0689242 0.000974454 0 0.000499483 0 0 0 0.00672893 0 0.0534425 0 0.0117937 0 0 0 0 0 0.012324 0.0223995 0.0890178 0.297966 0.44913 0.0592038 0.0665466 0 0 0 0 0 0 0 0 0 0.230645 0 0.191946 0 0.139417 0.00594457 0.0393403 0 0.0507437 0 0.253559 0.134701 0.262082 0.0879188 0.0578211 0.38332 0.0140801 0.0170621 0 0.0293823 0 0 0.141524 0.0466663 0 0 0 0.0150468 0 0 0 0 0 0 0.0305707 0.052646 0.063732 0.0861485 0.268039 0.0762296 0 0 0 0 0 0 0 0 0.154587 0.0520482 0.063313 0 0.0748471 0.0432136 0.0795302 0.0455767 0.0783588 0.0451379 0.0467795 0.0385488 0.0192234 0.0321629 0 0.0472091 0 0.0365967 0 0.0123987 0.321674 0.473501 0.179094 0.274017 0.119515 0.156645 0 0.103376 0 0 0 0 0.00976379 0.0367369 0.157707 0.137889 0.574065 0 0.536306 0 0 0.0145822 0.0121417 0 0.186543 0.373754 0 0.104403 0 0.0733978 0 0.385602 0 0.61332 0.011852 0.0228181 0 0.384665 0.00284718 0.156255 0.0213178 0.0123972 0.0971458 0 0 0 0.045585 0.154247 0 0.00108605 0 0.0249249 0 0 0.159885 0.0182434 0 0.0465615 0.0355968 0.00911104 0 0.129432 0.0358367 0 0.190873 0 0.141009 0 0.0388076 0 0.110974 0.499664 0 0 0.03456 0.0206957 0 0 0.0203744 0.0223336 0.0528092 0 0.0604799 0 0.146362 0 0.0378801 0 0.0607044 0 0.0806361 0 0.0869023 0 0.177968 0.206071 0.249062 0.188932 0.351862 0.180849 0 0 0.116797 0.154779 0.0255967 0.0603822 0 0 0.0289563 0.0833437 0.0252025 0.0426253 0 0 0 0 0.0733117 0.0760219
108 11.4616 0.0314534 0.0173219 -0.0524624 0.257868 -0.109382 14.4055 -0.450203 -0.061029 -0.00977999 0.0458126 0.198228 -0.148112 0.0961491 -0.265967 -0.351264 0.135606 0.151914 0.0250775 -0.102427 -0.0659412 -0.401833 0.0283546 0.037291 0.077173 0.000686037 0.0333817 0.00783082 -0.0638359 -0.0519455 -0.0117179 -0.104477 0.0578171 0.0229669 0.140576 -0.0594385 0.049802 0.151116 0.0504396 0.0564069 0.466323 0.221452 1.41887 0.213748 0.666102 -0.0101033 0.057202 0.153352 -0.0470867 -0.054788 0.121643 -0.132389 -1.38558 0.446529 0.67262 -0.0625879 -0.015591 -0.163239 0.454271 0.0837069 -0.0179794 -0.14009 1.21662 0.936537 -1.2202 0.438812 -4.81249 0.414693 5.48241 -1.10019 3.8008 2.83862 1.68242 -0.396995 0.255772 -7.17846e-10 -1.51087 -3.68365e-09 0.346523 0.0114632 -0.000694016 0.442429 -0.300702 0.11677 -0.158579 0.176222 -0.174096 -1.35001e-09 -1.87241 -0.529027 -0.585537 1.81499 0.455953 2.4348e-09 3.08694e-10 3.13569e-10 0.137364 -0.446165 0.736611 0.0225506 1.0573 -0.259615 -0.576366 4.09585e-09 0.360734 -2.02435e-10 -0.294918 -0.665518 -1.09652 -0.00996065 -1.79994 -1.574 1.13814 0.257511 0.88858 14.4061 0.0246423 -0.151072 1.16885 0.00217259 0.0431005 0.00814495 0.0342193 0.00763377 0.0254738 0 0.0357316 0 0.0776905 0 0.0774519 0 0.0515261 0 0.0502863 0 0.0855597 0.208491 0.00818747 0.203212 0.0145016 0.286706 0.0107771 0.318872 0.0233871 0.108652 0.0219506 0.19284 0.011124 0 0.00054986 0 0 0 0 0 0 0.0272346 0.0508887 0 0.0627801 0 0.310212 0.0374822 0.228179 0.01832 0.045137 0.000238974 0.0693713 0.0451035 0.00148531 0 0.0288276 0.0235852 0.0267084 0 0.0287404 0 0.0062149 0 0 0.0394214 0 0.0192825 0 0 0 0 0 0 0 0.0196482 0.0662352 0.0119728 0.0123311 0 0 0 0.0116295 0.0152403 0.0235287 0 0.0260966 0.112067 0 0.00120328 0 0.164602 0.0505789 0.1674 0.0450504 0.170807 0.0477525 0.217615 0.0667194 0.0060989 0.0161696 0.125806 0.0432048 0.169498 0.0490546 0.00421245 0.0391646 0.108492 0.0614588 0.325443 0 0.110511 0.020654 0 0.00720384 0 0 0 0 0 0 0.249153 0.0681198 0.211368 0 0.159244 0.0588271 0.0790313 0 0.109625 0 0.34348 0.0536803 0.366314 0.0369257 0.131348 0.141196 0.0340293 0.000557247 0 0.067983 0 0.0134218 0.166934 0.0312122 0.0513132 0 0.00704961 0.0449546 0 0.01779 0 0 0.0155635 0.0325689 0.0676581 0.000499407 0.115912 0.00921138 0.341843 0 0 0.000617985 0 0.015301 0 0.0628885 0.00124225 0.0584836 0.265011 0.0616716 0 0 0 0.0150824 0.0378138 0.0197468 0.0435254 0.025685 0.0872357 0 0.0371252 0 0.0653932 0 0 0.0946301 0.00042799 0.0039286 0.398493 0.258454 0.178304 0.301939 0.189962 0.0954306 0 0.105562 0 0 0.0143541 0.0506318 0 0.0817182 0.0570627 0 0.715183 0 0.660495 0 0 0 0 0.0117534 0.255348 0.118871 0 0.0941862 0 0.123375 0 0.565446 0 0.585719 0.0731536 0.0538949 0 0.441932 0.0918967 0.0496304 0.010409 0.0727703 0.459792 0.0126181 0 0 0.0617547 0.182794 0 0.0152129 0 0.065745 0 0 0.222775 0.0225748 0 0.0623467 0.0754412 0 0.00934849 0.0224766 0.0657572 0 0.250623 0 0.200227 0 0.0470814 0 0.0857742 0.113887 0 0.163324 0.0741292 0 0 0.021359 0.0472591 0 0.0564633 0 0.034382 0 0.129669 0 0.0198387 0 0.0379913 0 0.0583973 0 0.0650524 0 0.249954 0.0297074 0.388701 0.0162539 0.520965 0.0211513 0.00600028 0.00537163 0.0146351 0.0863097 0 0.0723408 0.00120671 0.0221374 0 0.0546074 0 0.000385508 0 0.0194218 0 0.0736803 0.118809 0.0792869
109 11.495 0.0251821 0.0302475 -0.0492258 0.256504 -0.116521 14.4462 -0.443577 -0.12923 0.030954 -0.0102926 0.167068 0.00307525 0.0102322 -0.230384 -0.287877 0.193359 0.122412 0.0292131 -0.101493 -0.105912 -0.376222 0.0010394 0.0542047 0.0445452 0.0189186 0.0116489 0.00560352 -0.0752537 -0.0477074 -0.0127943 -0.104546 0.0238866 -0.00311611 0.137118 -0.0197157 0.0869385 0.15131 0.043417 0.0558733 0.492989 0.236326 1.42054 0.211046 0.699895 0.00358683 0.0843807 0.153275 -0.0499468 -0.0550083 0.192707 -0.130328 -1.39656 0.554284 0.676542 -0.076894 -0.0336925 -0.155902 0.390753 0.0978673 -0.0774046 -0.214119 1.24137 0.137133 -1.78561 0.893934 -0.33012 -1.98666 1.73831 -1.97271 3.06123 2.9513 1.47865 -0.908094 0.30127 0.448597 -1.7334 0.521595 0.479036 -0.00224719 -0.0032258 0.30915 -0.53059 -0.124812 -0.164427 0.111641 0.0181704 -1.52696e-09 1.29098 -0.86832 -0.293839 -1.04555 1.36571 3.6304e-09 -0.540437 5.64615e-10 -0.209931 0.05661 0.0711119 0.0149139 1.13249 0.350141 0.264071 2.89933e-09 0.0343999 -1.62866e-10 1.39131 0.348334 -0.556007 0.99455 -0.828192 -2.16322 0.226695 0.258253 0.882531 14.4448 0.0220375 -0.216293 1.15394 0.0305568 0 0 0 0.000900525 0 0.0268752 0 0.0489276 0.0317193 0.135059 0 0.186996 0 0.25343 0 0.0178276 0.10414 0.280046 0 0.249657 0.0502307 0.480248 0.0013851 0.521154 0.0472309 0 0.125875 0.0552781 0 0 0.200412 0.0204465 0 0 0.233109 0.00718967 0 0.0159663 0.0804673 0 0.0131183 0 0.185061 0.0635699 0.109232 0.0712871 0.0557614 0 0.0256089 0.0357815 0 0 0.0447616 0.0247541 0 0 0.030531 0 0 0.043869 0.0360276 0.0591914 0.00589049 0.0302344 0.00898022 0 0.0451801 0 0.0074256 0 0.0239002 0 0.0440373 0.0353968 0.0690472 0 0 0.00453725 0.0218483 0.0318084 0.0518087 0 0.0369776 0.132384 0.0358795 0.000885962 0.00158718 0.126158 0.101075 0.0754774 0.0646637 0.169944 0.0884182 0.20724 0.0704381 0 0 0.12163 0.0766897 0.153275 0.0807782 0 0.0247183 0.252992 0.0953937 0.0382309 0.0115449 0 0 0 0 0 0 0 0.0527539 0 0.262618 0.353255 0.17897 0.0154819 0.0526116 0 0 0 0 0.077552 0.0268179 0.199175 0 0.305319 0 0.105557 0 0 0 0 0.0989772 0 0.0252647 0.223812 0.00136761 0.0546923 0 0 0 0 0.0168549 0 0 0.0314367 0 0.0473744 0 0.0680846 0 0.301346 0.0283969 0 0 0.152446 0.221754 0 0.0820622 0 0 0.278397 0.124668 0 0.148392 0 0.113121 0.0374107 0.0717262 0.0207464 0.0875905 0.0499858 0.0620908 0 0.0476903 0 0.0788719 0 0.215209 0 0.00602022 0.134697 0 0.169526 0.406473 0.161921 0.176497 0.0993827 0 0 0 0 0.14728 0 0.332792 0.112843 0.0790843 0.680731 0 0.564589 0 0 0 0.0157368 0 0.201578 0 0 0.182554 0 0.0613907 0 0.473157 0 0.448047 0.0281294 0 0 0.420186 0.0630821 0.137586 0.0501658 0.0769985 0.474017 0.0067552 0.0416414 0 0.216902 0.208396 0 0 0 0.0152256 0.0433578 0.0835668 0.243996 0.0816952 0 0.162206 0.0558931 0 0.0133479 0.0982783 0.0574578 0 0.300576 0 0.200478 0 0.127855 0 0 0.376867 0 0.0120859 0.100338 0 0 0 0.0871353 0.00698495 0 0 0 0 0.0367446 0 0 0 0 0 0.00651952 0 0.0335928 0 0.530432 0.0542676 0.387326 0.140407 0.446932 4.07659e-05 0.076271 0.00575882 0.205773 0.060253 0.0732032 0.0242056 0.04015 0 0 0.167632 0 0 0 0.0212699 0 0.08193 0.0843497 0.0516257
110 11.5283 0.0162043 0.0540801 -0.0493865 0.256013 -0.12256 14.4875 -0.43572 -0.153707 0.0460426 0.0252986 0.288604 0.181134 0.0184863 -0.639638 -0.600943 0.23318 0.104231 0.0393827 -0.0644556 -0.147689 -0.380572 0.0108097 0.0294789 0.0108427 0.0148452 0.00275124 0.0129694 -0.0568685 -0.0524445 -0.0173683 -0.104763 -0.0290825 -0.0107349 0.134518 0.028346 0.0904063 0.151784 0.0259847 0.0545467 0.423448 0.188794 1.43064 0.210293 0.680351 -0.0152003 0.0810743 0.153257 -0.0505995 -0.0550586 0.205666 -0.191347 -1.40648 0.50174 0.673072 -0.0961042 -0.0294926 -0.16509 0.614275 -0.327224 -0.0751972 -0.0563314 1.21705 0.27896 -0.508641 0.077881 1.76944 4.78982 0.967583 -0.197179 -1.99273e-08 -2.46339e-09 0.864759 -0.340046 0.696613 1.20264 -0.0768112 -0.170245 0.499681 -1.693 -2.30775 -0.246646 -0.324637 0.468675 0.564804 -0.10421 -0.0122741 -1.18343e-09 -2.17189 -0.343362 0.0559668 2.13395 0.100679 5.58155e-09 -0.449124 7.74982e-10 -0.457025 0.32429 -0.530875 -0.033147 -0.785905 -0.45148 -0.20323 1.10126e-08 -1.03948e-09 -1.28741e-09 0.753572 -1.11934 -0.231798 -1.30038 1.58393 2.48717 -0.493902 0.25828 0.876813 14.4826 -0.0255218 -0.0737837 1.10547 0.0308234 0.0310105 0.0181836 0.00856265 0.0158543 0.0154168 0.0185548 0.00663847 0.0374411 0.0225865 0.198698 0 0.206998 0 0.211363 0 0.152556 0.0712866 0.0977345 0 0.0714316 0 0.139062 0 0.130711 0 0.00778921 0 0.0339066 0.00280392 0 0.0031028 0 0.0209858 0.00149169 0.0469346 0.00618081 0 0.385022 0.0537908 0 0 0 0.135264 0.0296575 0 0 0 0.0188202 0.0407408 0.0284244 0.00190206 0 0 0 0.0161038 0 0.0121162 0 0.00370476 0.0583601 0.00921081 0 0.0192617 0 0.0100545 0 0.755853 0 0.75816 0 0.759732 0.000882771 0.810138 0.0733464 0.0398859 0 0.759564 0.0362746 0.0112674 0.0709554 0.0358162 0.0559883 0.00473833 0.0289625 0.0494379 0.00144573 0.000255914 0.117976 0 0.0924188 0 0.114933 0 0.206375 0 0 0.0159936 0.0933461 0 0.087784 0 0.0245083 0.0271111 0.279909 0 0.760653 0 0.023396 0.09038 0 0.132749 0 0.155042 0 0.121744 0 0.107987 0.449061 0.0267252 0.300506 0.0829865 0.058944 0.0837795 0 0.148699 0.0662466 0.0541759 0.241601 0.0167798 0.311578 0 0.0619016 0.0156358 0.0102896 0.0150119 0.0899239 0.0952648 0 0 0.107784 0.0231706 0.00953287 0 0 0 0 0.0123101 0 0 0.0323678 0.0461858 0.0206457 0.013996 0.0399869 0.0162124 0.233944 0.00343092 0 0 0.0148553 0 0 0.0204886 0 0.0295321 0.00651739 0.0545961 0.00913801 0.0069273 0 0.0449668 0.0398764 0.379557 0.0403048 0.379221 0.0217204 0.0380001 0.00851438 0.0474226 0.0299798 0 0 0.115068 0.00123431 0 0.279557 0.113786 0.0924354 0.20089 0.0610468 0.0475185 0.0516638 0.00733764 0 0.0451917 0 0.115171 0 0.17114 0.0406568 0.0413664 0.491033 0.020695 0.416658 0.017412 0.00346964 0 0 0.0134756 0.142116 0 0 0.0839459 0 0.0593891 0.17925 0.121279 0 0.0790463 0.0203689 0.004093 0.195257 0.067442 0.440484 0.13383 0 0.0770434 0.524719 0 0.0846264 0 0.0613718 0.0756669 0 0 0 0.0224283 0 0 0.0182225 0.0261468 0 0.122279 0.0328756 0.017288 0.616253 0.10292 0.0232311 0.011108 0.163064 0.00420432 0.137892 0.00480123 0.0132326 0 0.0992024 0.920512 0.113199 0.306731 0.076725 0 0.00754735 0 0.0626314 0 0 0.0409776 0 0.0473076 0 0.141602 0 0.0583014 0 0.0464045 0 0.0706483 0 0.062311 0.171074 0 0.249352 0.0219393 0.335592 0.0317612 0.00291631 0 0.0183272 0.0754278 0.0460789 0.0392791 0.0448724 0 0.00124212 0.105321 0 0.00316067 0 0.0164044 0 0.038276 0.144505 0.0897852
111 11.5616 0.0270069 0.0468791 -0.0546615 0.255847 -0.120612 14.5261 -0.47424 -0.149829 0.0486784 0.150478 0.284586 0.185451 0.0103045 -0.639638 -0.600943 0.224943 0.0942141 0.04435 0.00801979 -0.0964369 -0.367896 0.0647901 -0.0967117 -0.157299 -0.000962674 0.00431088 0.0217907 -0.0479294 -0.0501632 -0.015199 -0.104848 -0.0104574 0.00110782 0.127224 0.0138551 0.0642612 0.151706 0.0288865 0.0547677 0.374591 0.200079 1.41682 0.149851 0.639376 -0.0355941 0.0920884 0.153257 -0.0505995 -0.0550586 0.181937 -0.212556 -1.41689 0.452285 0.701861 -0.0493306 -0.0319713 0.170756 -0.314661 -0.151935 -0.0765047 0.188196 1.19321 -0.498774 -0.24407 0.155156 3.23821 -1.70047 0.431677 -0.591756 -4.37562e-09 -1.58029e-09 -0.184757 -0.193448 0.210249 2.22247 2.36033 0.570957 -0.503463 -4.05551 -4.43472 -0.483905 0.0137907 0.253175 0.397467 0.0619765 0.0763349 -1.8921e-09 0.846781 0.506767 -0.241416 -0.847141 -0.848749 4.78028e-09 1.15877 6.11432e-10 -0.206296 -0.0774991 -0.765852 -0.248381 -0.121805 -1.36247 0.637902 8.76882e-09 -9.57615e-10 -9.5906e-10 0.00321271 -0.0971952 0.0923661 -0.150057 7.08333e-10 0.925216 -0.802024 0.257168 0.879036 14.5199 -0.0329582 0.164554 1.12949 0.0156927 0.0538423 0.00449547 0.0287851 0.00459039 0.0307832 0.00840118 0.0208447 0.0370021 0.022332 0.146975 0 0.164946 0 0.174604 0 0.158328 0.0559457 0.0167882 0 0.000532454 0.00542192 0.0273663 0.0160661 0.006253 0.0294352 0 0 0 2.2068e-05 0 0 0 0 0 0 0.00505463 0.00139237 0.331727 0.120158 0 0 0 0.00613931 0.0458761 0 0.00450686 0 0.0192259 0.00716449 0.01903 0 0 0 0 0 0 0 0 0 0.00648639 0 0 0.0140017 0 0.00420976 0 0.218045 0 0.195787 0 0.219545 0 0.32007 0.0238994 0.0157957 0 0.248773 0.031995 0.00637508 0.045344 0.0230477 0.0953035 0.0111421 0 0.047346 0.00132138 0 0.171348 0 0.130512 0 0.161632 0 0.27877 0.0269195 0.0411331 0.0407254 0.165437 0 0.164163 0 0.0577657 0.0351748 0.25045 0 0.721131 0 0.0174772 0.0410623 0 0.083144 0 0.0888075 0 0.0621138 0 0.0277518 0.574794 0 0.406574 0.0223331 0.0944505 0.0418494 0 0.1118 0.0316948 0.0323573 0.174357 0.0165056 0.270498 0 0 0.0426742 0 0.0451771 0.0437109 0.0136285 0 0 0.163664 0.0509351 0.0113186 0 0 0.0674508 0 0.00605823 0 0.00976823 0.0265003 0.03424 0 0.044304 0.000856209 0.0697481 0.334294 0.0866413 0.00174039 0.000659332 0.0281444 0 0 0 0 0 0.043982 0.113926 0 0.0677285 0 0.159734 0 0.135425 0.000407683 0.135755 0 0.0751786 0 0.0937973 0.0427305 0 0 0 0.00198048 0 0.10263 0.223084 0.035307 0.196272 0.0132463 0.0466387 0.042633 0.0251234 0 0.0367181 0 0.108007 0 0.155302 0.0282856 0.0582918 0.223744 0.0489211 0.146842 0.095658 0.00200551 0.0277794 0 0.0032032 0.0531402 0.0821614 0 0.0731007 0 0.106744 0.225728 0 0 0.00581594 0.00263526 0.0728142 0.278941 0 0.329353 0.272095 0 0 0.619489 0 0.232291 0 0.0243603 0.0979529 0.000376765 0.011338 0.000409035 0.0306291 0 0.0317769 0.07701 0.0376084 0 0.037691 0.00363169 0.0335899 0.476737 0.167918 0.0422776 0.0073493 0.0619676 0.0391752 0.0847768 0.00397706 0.0589135 0 0.15332 0.528121 0.0910012 0.150078 0.060396 0.0217302 0 0 0.0452504 0.0291362 0 0.0376261 0 0.0419961 0 0.126864 0 0.0549616 0 0.0415902 0 0.0643459 0 0.0557326 0.0726355 0.0218345 0.0885174 0.0848247 0.140354 0.0846168 0.000968878 0.00276905 0 0.140705 0.0289106 0.0440676 0.0232337 0.00517501 0 0.107552 0 0.0129188 0 0 0 0 0.153226 0.121689
112 11.595 0.037657 0.0317125 -0.0566127 0.256231 -0.113259 14.5668 -0.473943 -0.138709 0.0508107 0.218811 0.221098 0.183511 0.00024652 -0.458674 -0.506368 0.189743 0.0943932 0.044793 0.116784 0.0321825 -0.345123 0.0657091 -0.295805 -0.373843 -0.0135581 -0.00157589 0.0355469 -0.0533813 -0.0278683 -0.0189783 -0.104841 0.012329 0.00333448 0.13924 -0.00103246 0.0572843 0.151088 0.0514718 0.0564853 0.355145 0.165216 1.39716 0.165405 0.676872 -0.0492463 0.0825579 0.153262 -0.0504397 -0.0550463 0.155566 -0.257919 -1.40925 0.314319 0.658624 -0.0741831 -0.0927203 0.303941 -0.843255 -0.0987574 -0.0525614 0.292207 1.24507 0.510051 0.298848 0.349495 1.37896 -1.84752 0.40034 -0.892425 7.71684 4.98564 -1.08168 0.127216 -0.0755587 3.20519 4.69549 1.21079 -1.96774 -6.87187 -6.99002 -0.331502 -0.161615 0.462105 -0.231884 0.568424 -0.0188272 -2.14756e-09 -0.811427 -0.190334 0.406032 1.16549 0.10058 6.30912e-10 4.31045e-10 1.84656e-10 -0.626634 -0.00225621 -0.837259 0.318375 0.810238 -0.137478 -0.0622694 6.96017e-09 -1.1364e-09 -7.39942e-10 0.860523 0.201483 0.454668 -0.844891 1.25064 2.24101 -1.97065 0.256166 0.88596 14.5583 -0.0311844 0.232022 1.16764 0 0.0498059 0 0.032142 0 0.0268739 0.000260151 0.0456762 0.0479098 0 0 0.0403876 0.00681234 0.0116696 0.0223411 0 0.137711 0.0484876 0 0.0136747 0 0.0451982 0 0.0660147 0 0.103521 0 0.0415594 0 0.0553571 0 0 0 0 0.0197179 0 0.00195564 0.00177282 0.328174 0.0556232 0 0 0.0956765 0 0.035721 0.0386923 0.00189384 0.0053227 0.0155766 0.0171453 0.0274258 0 0 0 0 0 0 0 0 0 0 0 0 0 0 0 0 0 0 0 0 0 0.0268138 0 0 0 0.0119751 0 0.0257785 0.00444448 0.0217486 0.0113495 0.0968361 0.010675 0 0 0.00163516 0.000241733 0.207806 0.0940977 0.210453 0.0707484 0.213839 0.0781482 0.27172 0.0960589 0.0558316 0.0152424 0.221048 0.0698402 0.25404 0.0716256 0.0598363 0.0300103 0.0791987 0 0.405431 0 0 0.00449327 0 0.00517258 0.0153711 0 0 0.0200985 0 0 0.374494 0 0.250039 0 0.0353417 0 0 0.078813 0 0.011129 0.0348601 0.0359407 0.083553 0 0.00493159 0.0539003 0 0.0725629 0.0145126 0.00039385 0 0 0.167044 0.0308983 0.0896052 0.00897274 0 0.0273914 0 0.00572481 0 0 0.0193242 0.029649 0 0.0622696 0 0.109558 0.40964 0.0869284 0.00402041 0 0.0820649 0 0 0 0 0.00440296 0.134734 0.111831 0 0.0597905 0 0.0268262 0.00741294 0 0.00742078 0 0 0.0781489 0 0.114824 0.0601095 0.0168169 0 0.0421157 0.00155171 0 0.0216562 0.141821 0.0646925 0.0823316 0.0216559 0.0451598 0.00873254 0 0 0.0218941 0.00953767 0 0.0117506 0 0 0.0374685 0.0401595 0.0905289 0.0143132 0.200155 0 0 0 0.00111659 0 0.17863 0 0.124479 0 0.090925 0.0179275 0 0.102471 0 0.00979607 0.018558 0.0703039 0 0.266132 0.0923023 0 0.0222728 0.605282 0.0781827 0.0575849 0 0.0382583 0.228156 0 0 0 0.00963392 0 0 0.174617 0.0791578 0 0 0 0.0575308 0.38485 0.0410076 0.0431691 0 0.00481962 0.0720287 0.017713 0.0179597 0.0998698 0.0374062 0.12329 0.222492 0.0925845 0 0.0629164 0.00101447 0 0.00632679 0.0434112 0 0 0.0163477 0 0.0115385 0.0283436 0.106578 0 0.0120825 0.00636327 0.0158183 0.0257896 0.0220801 0.000411082 0.00403565 0 0.0801065 0 0.15472 0.0105234 0.156723 0 0.0402433 0.00460113 0.217303 0 0.125048 0 0.0446177 0.0137654 0.00898896 0.00707424 0.0329281 0 0 0 0 0.146788 0.103438
113 11.6283 0.0394801 0.0248545 -0.0475038 0.256215 -0.100568 14.6089 -0.421608 -0.129705 0.042771 0.215979 0.183168 0.182531 -0.0139401 -0.298426 -0.30857 0.0792777 0.115523 0.0349795 0.333805 0.374843 -0.329495 0.125791 -0.618067 -0.617179 -0.0247014 -0.00594944 0.0346614 -0.0477418 -0.0270537 -0.0195955 -0.104855 -0.00989438 0.00133139 0.141049 0.0242848 0.0546798 0.150716 0.0503626 0.0563827 0.360166 0.196364 1.3697 0.152529 0.680353 -0.0409473 0.0722817 0.153262 -0.0504397 -0.0550463 0.159945 -0.266495 -1.39424 0.263033 0.686458 -0.00945113 -0.0685626 -0.30071 -0.528734 0.135924 -0.0755606 0.449972 1.3123 2.21687 0.550154 -0.01583 -0.452625 -0.828051 -0.597054 -0.171378 4.15294 5.01385 -3.08204 0.798716 -0.391215 6.85029 8.53203 1.32607 -1.56216 -1.74663e-07 -2.67157e-07 -0.229967 0.0688629 0.121323 0.397092 0.126723 -0.0635816 -1.47924e-09 -0.718319 0.295194 0.141803 0.666639 -0.654493 0.679766 2.90261e-10 1.84537e-10 -0.263789 1.01734 -0.95739 -0.00166899 0.647065 -0.257447 0.523006 5.36164e-09 -5.58468e-10 -4.39792e-10 -0.367463 0.768559 0.41477 0.111291 1.91796 1.60836 -0.219826 0.255027 0.897439 14.5993 -0.0424411 0.377159 1.26437 0.0211801 0.0194322 0.00779657 0.00881291 0.00967812 0.0060824 0.0105091 0.00835877 0.0511735 0 0.0395132 0.0327136 0.0342895 0.0221384 0.0391615 0.0312158 0.0949585 0.0386376 0 0.0412808 0 0.0532725 0 0.0812949 0 0.126553 0 0.0293309 0 0.0329762 0 0 0 0 0.0390025 0 0.00487027 0 0.202186 0.0134995 0 0 0.0588957 0 0 0.0488829 0 0.021636 0 0.0257544 0.00260812 0 0 0 0 0 0 0 0 0.000833886 0 0 0 0.00992234 0 0 0 0.0286021 0 0.019496 0 0.0324554 0.0230119 0.0761813 0 0 0.0146614 0.0472726 0.0139178 0 0.0146411 0.00407639 0.0532134 0 0 0.0192518 0.000459394 0 0.123195 0.00540926 0.0914461 0.00452568 0.113861 0.00561748 0.216427 0.024606 0.0524654 0.0269089 0.142058 0.0100183 0.14492 0.0083978 0.0480588 0.0368004 0.0507895 0.0276509 0.451176 0.116638 0.00225421 0 0 0.00928213 0.0546429 0 0 0.00366197 0 0 0.630154 0 0.400364 0 0.0505314 0.0109866 0 0.0473794 0 0 0 0.0503701 0.12995 0 0 0.111387 0 0.0443873 0 0.00039611 0 0 0.150522 0.0695293 0.109444 0 0 0.0380056 0 0.00211587 0 0 0.0429814 0.0371708 0 0.0580788 0 0.0969456 0.372612 0.0674159 0.00240373 0 0.218474 0 0 0 0 0.0127427 0.108912 0.129549 0 0.0457136 0 0.111245 0.00161233 0.0436253 0.000894779 0.0429736 0 0.0732811 0 0.0799323 0.0152336 0.00115559 0 0.0075754 0 0.00178714 0.00242993 0.131345 0.0631108 0.0867982 0.0564081 0.0749885 0.044947 0 0 0.0139116 0.0357016 0 0.0633053 0 0 0.0191688 0.032478 0.0483522 0 0.101889 0 0 0 0 0 0.184929 0 0.0815496 0 0.0595243 0 0 0.0147019 0.0221667 0.0140309 0.061906 0.027108 0.00158194 0.183365 0.0436996 0 0.00177814 0.479381 0.00400774 0.322276 0 0.0598046 0.172919 0 0 0 0.00406662 0 0.0209019 0.143382 0.0702542 0 0 0 0.0352523 0.243996 0 0.0755321 0 0 0.0587211 0.0172414 0.0173371 0.0770173 0 0.119272 0.132435 0.0110163 0 0.0443984 0 0 0 0.0349258 0 0.0266575 0 0.0253651 0 0.254799 0 0.0448651 0 0.0916895 0 0.135701 0 0.0996841 0 0.00111066 0.0852011 0 0.149374 0 0.177029 0 0.0282524 0.0253523 0.121323 0 0.089724 0.00899115 0.0276308 0.0453072 0 0 0.0120259 0 0 0 0 0.143099 0.0909889
114 11.6616 0.0205049 0.0362258 -0.0468141 0.255008 -0.0880454 14.6527 -0.301254 -0.128134 0.0410355 0.138812 0.147848 0.170636 -0.00577978 0.036733 0.0818787 -0.0515342 0.119534 0.0343882 0.571096 0.664481 -0.175141 0.0980293 -0.566928 -0.589033 -0.0219308 -0.0136213 0.0386192 -0.0339891 -0.0281688 -0.0185335 -0.10479 -0.0408467 -0.00695316 0.14508 0.0593469 0.0562717 0.150707 0.0501967 0.0557877 0.3557 0.191663 1.35153 0.188155 0.701201 -0.0301296 0.064994 0.153254 -0.0507311 -0.0550688 0.154939 -0.283384 -1.37714 0.181474 0.679703 0.00606889 -0.0498808 -0.561964 -0.282134 -0.0584807 -0.110864 0.337473 1.27911 3.34906 -0.00216824 -0.0387712 -2.0486 -0.725136 0.248044 -0.0881066 10.2263 0.00435812 -3.42264 0.201711 -0.354322 5.57484 3.97649 6.48735 -4.02518 2.31808 1.36626 0.07499 -0.104352 0.0937899 0.466133 -0.0100301 0.0777523 -1.01388e-09 -2.07868 -0.634261 0.206186 2.43156 0.384128 1.95791e-09 0.142064 -0.0508848 -0.556158 0.54363 -0.520487 0.0884261 -0.0603292 0.649542 -0.315604 3.24759e-09 -2.60466e-10 -1.12428e-10 -0.341405 0.636341 0.402079 -0.213151 0.844588 1.87203 -0.437831 0.253691 0.908965 14.6417 -0.0409171 0.300962 1.26314 0.0344156 0.00854094 0.0251373 0 0.0205646 0.00684827 0.0116552 0.000429802 0.0132038 0 0.0931412 0.089479 0.0693719 0.0751956 0.0656927 0.0871139 0.0545391 0.0296123 0.00905135 0.0166289 0.0222264 0.0019475 0.0308934 0.00980717 0.0323829 0.00577938 0.0371521 0 0.0420245 0 0.0155997 0.00443592 0 0.0133921 0 0.0502688 0.00194751 0 0.123271 0 0 0.0782131 0 0.053249 0 0 0 0 0 0.0300581 0 0 0 0.0110478 0.007265 0.0199755 0 0.00366315 0 0 0 0 0 0.0216033 0 0.00431926 0.00578202 0.0621615 0.00287855 0.0655024 0.00205762 0.0825006 0.0119436 0.160528 0 0 0.0267285 0.0615777 0.00416188 0 0 0.00532305 0.0323366 0 0 0.0399625 0.0004465 0 0.0213589 0 0.00758031 0 0.0180579 0 0.0451326 0 0.054486 0.00304986 0.0411705 0 0.0407679 0 0.0422911 0.027619 0.0351682 0.0819145 0.0466652 0.194083 0 0.0799126 0 0.0541885 0.000855113 0.0840234 0.0274835 0.00549991 0.0140417 0.0197348 0.0199786 0.110982 0 0.122019 0 0.111686 0 0.0729327 0 0.0223942 0 0.0388799 0 0.0283569 0.00106643 0 0.00680658 0 0 0 0 0 0.118835 0.0730633 0.257748 0 0 0 0 0.00144436 0 0 0.113272 0.0731993 0.0067216 0 0.0042938 0 0.397806 0.0695666 0.00120155 0 0.0328858 0.027799 0 0.0204507 0 0.0198987 0.206574 0.0316293 0.0182191 0.161892 0.0294676 0.314222 0 0.0765366 0 0.0757449 0 0 0.00822604 0 0 0 0 0.0166914 0 0.000126982 0.140358 0 0.229452 0.0343175 0.109867 0.0760819 0.0445822 0 0.00840002 0 0.0477792 0 0.0527876 0 0 0 0.0634188 0.0495233 0.0429921 0.0383851 0 0 0 0.00107783 0 0 0 0.121475 0 0.0594992 0 0.11137 0 0.0527161 0.0263959 0 0 0.0671847 0.0613732 0 0.0187078 0 0 0.0129924 0.0672345 0.0298244 0.0987728 0.169718 0 0 0 0.0133978 0.0182537 0 0.218063 0.0253341 0 0 0 0 0.0297973 0 0.00707719 0.0286237 0.00996234 0.00405233 0.0102719 0.0164449 0.107346 0.0347806 0.0431079 0 0.0904654 0 0.0146955 0 0 0.0387361 0.0149371 0 0 0.00574897 0 0.013125 0.140283 0.0399739 0.0352109 0.0142619 0.0348698 0.00839327 0.0662942 0.0220244 0.0185733 0.0217739 0.017791 0.00477774 0.0221422 0 0.00497784 0 0.0013384 0 0.103466 0.0298179 0 0.0916012 0.0397045 0.0419374 0.0311006 0 0 0 0 0 0 0.00129803 0.171112 0.0805308
115 11.695 0.010365 0.0370629 -0.02196 0.255362 -0.0771922 14.6941 -0.196388 -0.161056 0.0160178 0.0618486 0.126168 0.211494 -0.00132461 0.0388508 0.0813029 -0.155886 0.122972 0.0001047 0.670009 0.814115 -0.143537 0.00156273 -0.0450301 -0.185666 -0.0148734 -0.0207732 0.0168305 -0.0343159 -0.0239129 -0.0167427 -0.103915 -0.0211909 -0.0385552 0.145341 0.044059 0.0823269 0.141315 0.0391254 0.0551849 0.369236 0.201835 1.3369 0.227746 0.702282 -0.0337197 0.0307988 0.153256 -0.0506376 -0.0550616 0.207174 -0.335927 -1.34627 0.0919917 0.657695 0.00777244 -0.0165321 -0.220564 -0.0704312 1.0299 -0.00612069 0.31641 1.21948 2.78307 -0.846588 -1.39404 -2.19667 -0.564136 1.16621 0.0478463 -0.00724375 -0.0070583 -2.82073 0.174495 -1.45374 2.24647 2.01888e-08 2.92716 -6.9025 16.7282 12.5347 0.130596 -0.228758 -0.756311 -0.0175512 0.0574168 -0.103318 -1.61193e-09 1.62298 -0.738812 -0.133829 -1.41966 0.555303 -1.29058 -0.463674 4.78861e-11 0.146399 -0.342287 -0.000821199 0.191622 -0.224267 0.0883747 -0.527944 3.9005e-09 -8.70417e-10 -2.40974e-10 -0.274111 0.744222 0.281226 -0.422551 1.68144 1.45153 -0.240879 0.253086 0.919038 14.6831 0.00175705 0.289165 1.2243 0.00270554 0.0438854 0 0.0357827 0.00444491 0.0373445 0 0.0544369 0 0.0377829 0.0730971 0.0806513 0.0762079 0.0297811 0.10657 0.0189924 0.130408 0.0328593 0.0848993 0 0.0741946 0 0.11716 0 0.14406 0 0.0484278 0 0.0407922 0 0 0 0 0 0 0.0663101 0.00822962 0.00793304 0.149478 0 0 0.0256827 0 0 0.0927682 0.129693 0.0259785 0 0.0180944 0.0356175 0.00680962 0.00134948 0 0.0139836 0.000951708 0.0190468 0 0.000794864 0 0 0 0 0 0.0111696 0 0.0118077 0.111918 0 0.139203 0 0.104964 0.0290905 0 0.150524 0.002845 0.00875718 0.0694284 0 0.0214572 0.00209304 0.0339365 0.0141154 0.0722133 0 0.00672573 0.0610894 0.000298412 0.001072 0 0 0 0 0 0 0 0 0.0355418 0.0121032 0.178116 0 0 0 0.0538506 0.0277888 0 0.156762 0 0.00759888 0.048554 0.266133 0 0.107825 0 0.103778 0 0 0 0.00779388 0.212608 0.580298 0.0242037 0.582584 0.105936 0.445777 0 0.199214 0 0.0422859 0.204039 0.169486 0.157279 0.246794 0.0898493 0 0 0 0 0.00382965 0 0 0.135814 0.0977739 0.106068 0.0306701 0 0.037969 0 0.00394552 0 0.00543639 0.043344 0.0705941 0.000804159 0 0.00322073 0 0.397307 0.157436 0.00316361 0 0.00128054 0.0589107 0 0.0289428 0 0.0172242 0.23266 0.0795469 0.0630811 0 0.234583 0.309686 0.000694666 0 0 0 0.0234214 0 0 0 0.039252 0.0113966 0 0.0712744 0.00232022 0 0.0664885 0.155774 0.178522 0.208598 0.175931 0.0461941 0 0.0522299 0 0 0 0.0858624 0 0.125182 0 0 0.434078 0.0174803 0.385209 0 0 0 0 0 0.163026 0 0 0.151184 0 0.137126 0 0.12757 0.0122185 0.0478981 0.0145801 0.0117889 0 0.188414 0.0839599 0 0 0 0.555537 0 0.553634 0.0604175 0.126459 0.230565 0 0.00773039 0 0.0397372 0 0.0890297 0.240582 0.0708538 0 0 0 0 0.0923458 0 0.00626674 0.0880521 0.146365 0.0147616 0.125585 0.0716217 0.0767939 0.0216272 0.0969745 0 0 0 0.0443898 0.00593898 0 0.00814217 0.0391564 0.00122043 0.0145313 0 0.0171891 0 0.19825 0.0135123 0.0268796 0.0203801 0.0315929 0.00127921 0.0689594 0 0.0307497 0.00587946 0.160946 0 0.172467 0 0.236091 0 0.00391744 0 0 0.202155 0.00401556 0.0352419 0.0116876 0.0442913 0 0.0866558 0 0.0138523 0 0 0 0.0162753 0.127971 0.0823143
116 11.7283 -0.0032439 0.038344 0.0282647 0.258724 -0.0667879 14.7335 -0.102319 -0.186119 -0.041325 -0.00237746 0.11832 0.240832 0.0141188 0.0234326 0.0619558 -0.238695 0.122481 -0.0548023 0.729936 0.488632 -0.00675643 -0.196211 0.215823 0.0106038 -0.00426064 -0.0328245 -0.0135566 -0.0294981 -0.0182137 -0.0330059 -0.102713 0.0233766 -0.0533725 0.143359 -0.00279442 0.0826521 0.134977 0.0158521 0.0537128 0.324419 0.207591 1.34348 0.251387 0.703352 -0.0536845 -0.0159006 0.153256 -0.0506376 -0.0550616 0.251682 -0.34602 -1.32374 0.0693628 0.668448 0.0496625 0.0117368 -0.446813 -0.0528749 1.31084 0.084105 0.301394 1.15003 2.50115 -0.391444 -1.81093 -1.81146 0.394944 0.790703 0.249936 -0.878997 -1.20872 -2.26572 0.507451 -1.32167 1.46235 -18.1745 -1.9267 -0.783819 3.6205 2.905 0.358208 -0.27297 -0.53142 0.16372 0.186215 -0.630846 -1.3709e-09 1.3922 -6.35491e-10 -0.0965957 -1.60385 -0.403738 -0.0471784 -1.23359 1.81566e-10 -0.712916 1.6816 -0.186611 0.18898 1.53662e-10 0.0239248 -0.550555 3.71533e-09 -5.83004e-10 -1.81811e-10 0.0743348 0.792895 0.153046 -0.0270201 1.23018 1.00499 0.404697 0.254124 0.929184 14.7232 0.0526342 0.308784 1.18326 0.00852865 0.00337784 0 0.0140751 0.0134805 0.0194413 0 0 0.0164954 0.0056327 0.146892 0.141498 0.10641 0.122012 0.113581 0.12339 0.0245051 0.0497018 0.0127158 0 0 0 0.0388697 0 0.00302215 0 0 0 0 0 0 0 0 0 0 0 0.00345606 0.00380131 0.0947514 0.000726784 0 0.0403008 0 0.00916945 0.12699 0.0672343 0.0334276 0.0596953 0.00885307 0.0532213 0 0 0 0.000238093 0.019675 0.0220878 0 0 0 0 0 0 0.0159369 0.0240775 0.00427089 0.0108441 0 0.034589 0 0 0 0.0383783 0 0.106196 0 0 0 0 0.00385165 0.00503615 0.000980712 0.00593399 0.0365099 0.00639738 0.00616621 0.0261023 0 0.00180717 0.0728962 0.00677902 0.0477404 0 0.0651084 0.00517414 0.0617271 0.0423876 0.0404123 0.0331002 0.0578285 0 0.0688116 0 0.0270032 0.0366433 0.0367847 0.72405 0 0.407406 0.0382153 0.490279 0 0.035198 0 0 0 0 0.000265028 0 0.357365 0.845702 0.303122 0.784748 0.221429 0.755171 0 0.283901 0 0 0.207573 0.480403 0.227221 0.557533 0.0494454 0 0 0 0 0 0 0 0.170975 0.0838185 0.151971 0.0437254 0 0.0263017 0 0 0 2.19941e-05 0.126729 0.13876 0 0 0 0.0191876 0.460449 0.10536 0.00205068 0 0.00220667 0.0681762 0 0 0 0.0063189 0.298952 0.100446 0.00416574 0.257699 0.101801 0.408452 0 0.0236816 0 0.0285225 0 0.0259201 0 0 0.028682 0.0317161 0 0.0194736 0 0.00458878 0.207855 0.118599 0.228445 0.258324 0.221027 0.164752 0.00581721 0.00807316 0 0 0 0.0484954 0 0.0378842 0 0.0046648 0.210843 0.059255 0.234086 0 0 0 0 0 0.186571 0.160423 0 0.0876118 0 0.0681332 0 0.119499 0 0 0.0103657 0.0654273 0 0.314648 0 0 0.0158866 0 0.102011 0 0.0122601 0.185743 0.0672049 0.236061 0 0 0 0.00143248 0 0.0810762 0.303844 0.0362513 0 0 0 0 0 0 0.00331243 0.22326 0.0776843 0.0252365 0.0666233 0.209926 0.136369 0.0512051 0 0 0.0800029 0 0.026377 0.00597111 0.00999815 0.0260522 0.0315633 0.00125371 0 0 0 0 0 0 0 0 0 0 0 0 0 0 0.117773 0.0648922 0.0792038 0.00293064 0.107117 0.0498458 6.10854e-05 0.00218395 0.0235581 0.183581 0 0.0740553 0.0687389 0.0523806 0 0.0170829 0 0 0 0 0 0 0.15922 0.0921668
117 11.7616 -0.0143589 0.0200069 0.023659 0.259483 -0.0611302 14.7728 -0.0106427 -0.191593 -0.0326306 -0.065078 0.0386267 0.264822 -0.0899836 -0.0120394 -0.129034 -0.28099 0.136302 -0.0293936 0.655318 0.165412 0.0198879 -0.107641 0.268643 0.0770598 0.0173228 -0.0293417 -0.00248773 -0.0452845 -0.0277959 -0.0245773 -0.102119 0.0429602 -0.0503018 0.144246 -0.0160724 0.0568016 0.15781 -0.00124711 0.0522402 0.255474 0.277711 1.32524 0.189535 0.68634 0.0533973 0.0603088 0.153999 -0.0184495 -0.0470123 0.226163 -0.267056 -1.34775 0.118256 0.700225 -0.0114576 -0.0791923 -0.0703388 -0.941418 -0.246714 -0.0232526 -0.00387425 1.16992 2.11381 0.433231 0.0845336 -1.28538 -1.63166 -2.04455 -1.01261 -2.13914 -6.19958 -1.28755 -0.110015 1.0322 -3.21655 -6.66213 1.50466 -1.94308 0.750063 1.31499 0.452348 0.412633 0.173158 -0.596024 -0.280725 0.504967 -1.35611e-09 -1.72784 -0.254392 0.0674878 1.84632 -0.316437 3.42593e-09 0.582315 2.86963e-11 -0.0538026 0.710027 -0.685948 -0.343432 -0.476177 1.09051 0.774011 4.28965e-09 1.85827 0.504617 0.508218 0.385873 -0.947761 0.367761 -1.07455 -2.45756 -0.685493 0.256017 0.934345 14.7626 0.054817 0.0031051 1.18041 0 0 0 0 0.00253591 0 0 0 0 0 0.0694157 0.00824572 0.0454451 0.0403095 0.0199834 0.0880548 0.0203464 0.0495653 0.00286474 0.0157476 0 0 0 0.14283 0.0223912 0.105875 0.010772 0 0 0 0 0.0381047 0 0.0518771 0.00416478 0.0966648 0.00363627 0.0137604 0 0.0987463 0.0881866 0 0 0 0.103874 0.0483096 0.114623 0.0862111 0.0209932 0 0 0 0 0 0.0596833 0.0263863 0 0 0 0 0.0147742 0.0259488 0.0708553 0.0238045 0.0209654 0.016259 0.00642813 0.0847982 0 0.0391537 0.00341581 0.114607 0 0.105146 0.0222321 0.0200048 0 0.15968 0.00362266 0.00619221 0.00922152 0.0207078 0.00729951 0.0412516 0.0778712 0.0723007 0.000941701 0 0.101235 0.0398242 0.0663859 0.0315303 0.0903406 0.104092 0.0665027 0.108414 0.0208785 0.0157818 0.0657505 0 0.0699413 0.0258135 0.0171839 0.0213976 0.165924 0.148882 0.0879738 0.015597 0.0271475 0.0360984 0 0 0 0 0 0 0.0261825 0.00227686 0.231002 0.282632 0.266702 0.191646 0.227386 0.174355 0 0.0308212 0.0522687 0.139172 0.0517197 0.214067 0.220185 0.237658 0 0 0 0 0 0 0.00753981 0 0.18885 0.168966 0.105788 0 0 0 0 0 0 0 0 0.0599805 0 0 0.00170186 0.021057 0.31713 0.243516 0 0.00214565 0.050588 0 0.0186877 0 0 0 0.26182 0.17309 0.0398728 0 0.0410776 0.0915393 0.0361079 0.0340355 0.0562936 0.0230636 0.0444825 0.0365627 0.0435121 0 0 0.0114992 0.0392408 0 0.000927486 0 0.0941491 0 0.248912 0.210251 0.15759 0.106932 0 0 0.0394864 0 0.00398952 0 0.0427007 0 0 0.0154676 0.0385328 0.0468315 0 0.113153 0 0.00487229 0 0.00657178 0.102842 0.1627 0.119644 0.0838878 0.0431248 0 0.183007 0.00719048 0.00474939 0 0.0184493 0 0.219827 0 0 0.0854397 0 0 0 0 0 0 0.222519 0.17297 0 0 0 0 0.00374242 0.0190933 0.217554 0.141948 0 0 0 0.0362996 0 0.0765724 0.0494903 0.0107403 0 0.0999217 0.0123272 0.026881 0.143383 0.0938221 0.0313301 0.299182 0.0424991 0 0.00209438 0.0460356 0.0801934 0.0152447 0.016717 0.0556374 0 0 0 0 0 0 0 0 0 0 0 0 0 0 0.0853149 0.320269 0.176697 0.141235 0.190092 0.222747 0.0229642 0.00457507 0.103521 0.0704832 0 0.0264047 0.0354877 0.00826147 0.039143 0.00885214 0.0416205 0 0 0 0 0 0.13929 0.116506
118 11.795 0.0172333 -0.00109153 0.019362 0.259816 -0.066103 14.8093 0.014991 -0.186103 -0.0331367 -0.101829 0.0681545 0.191075 0.0257944 -0.0348545 0.0608041 -0.364597 0.129979 0.00574914 0.536867 -0.0207594 0.0276354 -0.0916713 0.316476 0.122147 -0.00714126 -0.0263901 0.009598 -0.0533731 -0.0211904 -0.0234968 -0.101197 0.0737657 -0.0446433 0.130805 -0.0347243 0.0390895 0.156722 0.0239279 0.042857 0.215113 0.221661 1.34461 0.279883 0.699443 0.0600333 0.0339397 0.153565 -0.0243206 -0.0175218 0.309424 -0.219877 -1.37014 0.228548 0.674731 -0.0418174 -0.104242 0.636553 -0.523377 -1.35592 -0.0715375 -0.108355 1.0613 0.842874 -0.0201128 1.39173 -1.5424e-09 -1.22037 0.56538 -0.168494 -2.16129 18.9573 -2.57076 -0.363689 2.42848 -3.56713 -3.10702 -2.97808 5.79522 2.0179 1.31929 -0.298475 0.402176 1.0474 -0.071778 -0.112148 0.692786 -2.23002e-09 1.34207 0.328538 -0.399593 -1.05756 -0.475605 3.61837e-09 -0.572769 0.230199 -1.03362 0.966345 -0.359919 0.751729 0.339088 2.16574 -0.775879 3.21864e-09 -0.0687398 -0.0964075 0.865731 0.881194 -0.292486 0.0113466 -2.04475 -1.88002 0.367331 0.257907 0.929648 14.8019 0.0649018 -0.116717 1.18565 0.301069 0 0.29095 0 0.232801 0 0.25419 0 0.524673 0 0.556772 0 0.541365 0 0.492507 0 0 0.0434205 0.166759 0 0.229847 0 0.256641 0 0.312538 0 0.265907 0 0.278888 0 0.0467087 0 0 0 0 0.00957888 0.00580468 0 0 0 0.068745 0.196942 0.133636 0.00549704 0.0987937 0.0329763 0.0132731 0 0 0.0419436 0 0.0213279 0.00320179 0.00564761 0.0379661 0.0533482 0 0 0 0 0 0 0.0922315 0.0119837 0.042006 0.00461558 0 0.0787125 0 0.0730015 0 0.160823 0 0.299322 0.0300488 0 0 0.0355982 0 0.00422701 0.0181396 0.0163159 0 0 0.155443 0.0499406 0 0.00150589 0.0301778 0 0.0308695 0 0.0345014 0 0.0198618 0.0239444 0 0.0512304 0.0126925 0 0.0211588 1.3311e-05 0 0.0399013 0.0962715 0.266938 0.00379442 0.0505531 0 0.234606 0 0.000605353 0 0.00914488 0.0605852 0 0.00747694 0 0 0.622623 0 0.644054 0 0.516458 0 0.12743 0 0 0 0.239255 0 0.378481 0.283978 0 0.0482849 0 0 0 0.000959234 0 0.0554144 0.237427 0.0582136 0 0.0114723 0 0 0 0.0039084 0.000225698 0.139971 0 0.0580944 0 0.0575626 0.00180548 0.13202 0.279137 0 0 0 0 0.000965232 0.0283095 0.0224876 0.021752 0.143604 0.106957 0.00464282 0.198526 0.0796094 0.490102 0 0.0574241 0 0.0624681 0.0194833 0.0335667 0.073125 0 0.0133709 0 0 0 0 0 0.749659 0 0.6084 0 0.110062 0.0795789 0.641938 0 0.0290296 0 0.419226 0 0.494259 0 0.00880095 0.246165 0 0.447024 0 0.354108 0 0 0 0.028849 0.116698 0.0846889 0.0644359 0.0308601 0.0317197 0 0.0943027 0 0.271643 0.00961842 0 0 0.026214 0.0205568 0 0 0 0.0526532 0.0241594 0 0.0451326 0 0.203427 0.0719282 0 0 0 0 0 0.0374848 0.0904375 0.154831 0 0 0.0164514 0 0 0 0 0.158652 0 0.0741669 0 0.149901 0.10226 0.21872 0 0.0798191 0.118738 0 0.0269446 0.00159687 0.0514319 0.0980577 0.0327612 0.0100988 0 0.0499513 0 0.0100991 0 0.223831 0 0.0759507 0 0.0430703 0 0.0872071 0 0.109609 0.0773545 0.043525 0.137919 0.063704 0.120513 0.109309 0.024575 0 0.493119 0.0348297 0 0.256668 0.151593 0 0.400539 0 0.0618219 0 0 0 0 0 0.0980871 0.134963
119 11.8283 0.0193213 -0.0107002 -0.00654008 0.258925 -0.0696607 14.8457 0.0593562 -0.167298 -0.00895551 -0.101829 0.0207405 0.185461 0.0212806 0.0570333 0.100211 -0.400463 0.102765 0.0614492 0.368644 -0.0873418 0.0577719 -0.026816 0.347153 0.161819 -0.00566176 -0.0301124 0.0233963 -0.0454152 -0.0036817 -0.00367673 -0.101277 0.0745719 -0.0470658 0.128435 -0.0244791 0.0465856 0.156586 0.0333105 0.051062 0.191575 0.193401 1.34375 0.365976 0.680761 0.0452249 0.00477872 0.153724 -0.0382026 -0.0478367 0.358767 -0.231664 -1.34281 0.211689 0.623024 -0.00166365 -0.102595 0.033975 -0.00793448 -0.703923 0.00677215 -0.0991069 1.08564 1.40294 0.618409 0.491456 -8.29044e-10 -1.33089 -0.559624 -0.0736431 -0.0406233 -0.0348125 -1.40141 -1.00102 1.07436 -4.31704 -0.389482 0.771929 3.28063 1.18949 1.40496 0.077118 -0.120624 0.424835 0.286049 0.416818 0.427677 -1.88579e-09 -0.817691 -0.135096 0.0211223 1.17309 0.249305 2.52847e-09 -0.351406 1.44361e-10 -0.040688 1.01554 0.0893414 0.366649 -0.892902 0.494683 -0.328731 2.97936e-09 -0.958789 -1.29608 -0.36501 0.890785 0.702854 -0.468773 0.460747 1.71499 -0.597266 0.260223 0.926187 14.8415 0.0714939 -0.103841 1.18682 0.0685428 0 0.0559805 0 0.0330124 0 0.0611253 0 0.0689149 0 0.160685 0 0.161497 0 0.154641 0 0.0348945 0 0.129736 0.0106444 0.178139 0.0119775 0.225834 0.0262481 0.304246 0.0281469 0.163907 0 0.188453 0.0126508 0.00647399 0 0 0.00362861 0 0 0 0 0 0 0.0852875 0.0209431 0.0472912 0 0.147714 0 0.0720957 0 0.052637 0 0 0.0127986 0 0 0.0354364 0.0333202 0 0 0 0 0 0 0.0149809 0.0314898 0.00198419 0.0153476 0 0 0 0 0 0 0 0.0301063 0.0042054 0.00682581 0 0 0.00274682 0 0.0104152 0.0133252 0.000310796 0 0.0243189 0.0943229 0 0.000372536 0.0324574 0 0.0247339 0 0.0254402 0.00145889 0.0212618 0.0392964 0.0458968 0.0151738 0.0266167 0.0152576 0.0251772 0.0174167 0.0338161 0.0131353 0.218899 0.0833057 0.0659793 0.198511 0 0.0305075 0 0 0 0 0.0223318 0 0 0.00310987 0 0.0959077 0 0.0669653 0 0.0297057 0.00014251 0.0180183 0 0.0144252 0.0252002 0.0667781 0 0.06793 0.353317 0 0.0567787 8.44684e-05 0 0 0 0 0.150613 0.123324 0 0 0.0334986 0 0 0 0.0122088 0 0 0 0.0740774 0.00382514 0.104249 0.00594615 0.282358 0.210518 1.66419e-05 0 0.000501352 0 0 0 0.000737747 0.00607816 0.110358 0.14818 0 0.0852243 0 0.145364 0 0.0350171 0 0.0370458 0.0571523 0.00153706 0.0969071 0 0.0289922 0 0.0268553 0 0.0052076 0 0.37694 0.0171173 0.150626 0.0956401 0.0899954 0.078316 0.120766 0 0.0335958 0 0.0189783 0.00374657 0.0297972 0.0290279 0.0426635 0.0360897 0 0.163444 0.00266574 0.154218 0 0 0 0.0164629 0.268433 0.00282731 0.0629562 0.0296062 0.0518849 0 0.204364 0 0.34849 0 0.0152738 0 0.156129 0.0134638 0 0 0 0.0166835 0.0148118 0.0430225 0.0129597 0.113037 0.205965 0.0695084 0 0 0 0 0.0427385 0 0.115878 0.153036 0 0 0.0413681 0.0057807 0 0 0 0.0162057 0 0.0451047 0 0.0482171 0.135741 0.148401 0.184972 0 0 0 0 0.0233157 0.0423294 0.0120852 0 0.0121702 0 0.0483703 0 0.0468488 0 0.14069 0 0.0370621 0 0.0547806 0 0.0781013 0 0.0750812 0.16576 0.015562 0.222645 0.0327687 0.209734 0.067091 0.0306405 0 0.261662 0 0.0623975 0.0314564 0.0285126 0 0.0607369 0.00566676 0.0324598 0 0 0 0 0 0.0935468 0.0820742
120 11.8616 0.00755162 -0.0339074 -0.0269823 0.259296 -0.0746135 14.8852 0.119574 -0.148667 0.00460466 -0.101829 -0.0239222 0.190634 0.0281158 0.025102 0.0893491 -0.370009 0.087726 0.104898 0.131906 -0.176479 0.10377 -0.0339168 0.393289 0.229541 0.000467861 -0.0206629 0.0381064 -0.0321153 -0.000268356 0.00298011 -0.101495 0.0562482 -0.0396573 0.132294 0.00547332 0.0429726 0.156141 0.0507341 0.0523118 0.167979 0.180174 1.35746 0.423145 0.687446 0.0375512 0.00785693 0.149931 -0.0512642 -0.0518212 0.403965 -0.223485 -1.35526 0.204032 0.659775 0.0146481 -0.0854447 -0.157177 -0.664751 -0.692545 0.0626013 -0.167465 1.20671 1.67241 0.489473 0.332161 -3.74839e-10 -1.43678 0.259098 0.0104021 -0.206612 -0.00499265 0.474166 -0.693457 1.24429 -5.88156 -2.46014 0.180951 -1.14155 0.874552 1.36991 0.045713 0.0564179 0.460904 0.241898 0.0994101 0.279196 -6.91659e-10 -0.109978 0.363963 0.0941057 0.263083 -0.427384 2.2422e-09 -0.00173212 1.38815e-10 -0.443782 0.885723 0.420369 0.297582 -0.538796 0.697882 -0.527188 -1.54979e-05 -2.03067e-10 -1.83075e-10 0.833012 0.930474 -0.804658 0.437865 1.37255 -0.0356557 -0.0769194 0.262811 0.9218 14.8811 0.0811973 -0.145768 1.18817 0.0498803 0 0.0393643 0 0.0211875 0 0.0588819 0 0.121349 0 0.0702097 0 0.0741588 0 0.0697883 0 0.047481 0.0330909 0.0663351 0.146869 0.0781884 0.145365 0.0984441 0.21643 0.122816 0.231904 0.0500964 0.0383817 0.0595327 0.0991771 0.0174625 0 0.00675531 0 0 0 0 0 0.0477911 0.0102413 0 0 0.167512 0 0.113533 0.0117911 0.0375432 0 0.0218762 0.0062542 0 0.026669 0 0 0.00372928 0.0210495 0 0 0 0 0 0 0 0.00792515 0 0.00956667 0 0 0 0.00766168 0 0.0466899 0.0104416 0.0899907 0 0.0137341 0 0.0035688 0.0034467 0.00225263 0.00737964 0.0220966 0.0184784 0 0.0270645 0.0676561 0.000117029 0.000233992 0.0269731 0 0.019825 0.0252194 0.0210022 0.013186 0.0249968 0.00715358 0.0508594 0.0109677 0.0122317 0 0.00991328 0 0.0397373 0.0201955 0.119196 0 0.0953754 0 0 0.0147769 0 0 0 0 0 0 0 0 0.0434912 0.327986 0 0.175488 0 0.039657 0 0 0 0.0268397 0.0197787 0.233205 0.0201334 0.284192 0.16681 0.0852281 0 0.00830948 0 0 0 0 0.0492009 0.141483 0.0062228 0 0.0333994 0 0.000629576 0 0.00187386 0 0 0 0 0.0284669 0 0.0508089 0.0907909 0.237787 0.00173608 0 0.0187137 0 0 0 0.00642493 0 0.0910392 0.15495 0 0.0166614 0.00851267 0.109561 0 0.0304244 0 0.0328439 0 0.0165255 0 0 0.0115119 0.00138334 0.0333952 0 0.0015379 0 0.282418 0.287543 0.182554 0.0987309 0.0483952 0.119408 0.137139 0 0 0 0.0510892 0 0.102568 0.00333066 0.0697866 0.122961 0.0170495 0.592246 0.0106873 0.55617 0 0 0 0.0182056 0.0571166 0.164095 0.140944 0 0.108467 0 0.427854 0 0.458209 0 0.000896244 0 0.326688 0.00187814 0.0298275 0 0 0.0210719 0.0180683 0 0.039903 0 0.209805 0.0815634 0 0 0.0218212 0 0.0433943 0 0.0579738 0.176577 0 0 0 0.0283296 0.0081381 0 0 0.0239608 0 0.212287 0 0.157974 0.0214927 0.120127 0 0.0833921 0 0 0 0.0396766 0 0 0 0.0130541 0 0.0330267 0 0.0373891 0 0.104291 0.00012659 0.0454328 0 0.0362078 0 0.0592667 0 0.0459942 0.05134 0.196872 0.0348709 0.28482 0.0250894 0.375781 0 0 0.178422 0.0466254 0.077979 0.0181678 0.010533 0 0.106484 0 0.0328773 0.0100358 0 0 0 0 0.0548121 0.0834041
121 11.895 -0.0112882 -0.0720744 -0.0564849 0.259892 -0.0823135 14.9279 0.191041 -0.140067 0.0215775 -0.101829 -0.0740616 0.223005 0.0360657 0.0321095 0.072701 -0.338762 0.109639 0.158085 -0.000281625 -0.237468 -0.0164389 0.0213941 0.416127 0.26567 0.0106287 -0.00826579 0.0581464 -0.0229524 -0.000683329 0.0137151 -0.100944 0.0546637 -0.0207598 0.138132 0.00866135 0.0233643 0.156232 0.0471692 0.052032 0.121562 0.16261 1.39032 0.468094 0.691882 0.0472616 -0.00394344 0.147401 -0.0505467 -0.0518387 0.447665 -0.193379 -1.38347 0.21742 0.681804 -0.0272397 -0.0336318 -0.373744 -1.33155 -0.844658 0.134959 -0.269352 1.3168 2.01099 0.0901152 0.218799 -4.38773e-10 -1.53437 1.35418 0.206206 5.10407 -0.0119969 0.582758 0.413642 1.67618 -2.26552 -1.53601 -4.37389 1.06643 0.354598 0.96405 -0.0332324 0.31542 0.595841 0.267718 -0.0475329 0.272932 -7.08567e-10 -0.014773 0.592262 0.181603 -0.0838751 -0.607266 3.55059e-09 -0.388074 1.82444e-10 -0.463927 0.999607 0.869064 -0.0274932 -1.10466 1.05899 -1.24758 0.852601 0.097414 -3.0977e-10 0.47445 0.231595 -0.862365 -0.0924343 -0.373721 -0.878578 1.31128 0.265854 0.915275 14.9207 0.0952839 -0.226125 1.19221 0.0298246 0.0142491 0.0210128 0.010332 0.00914689 0.00235844 0.0173915 0.0145793 0.0876757 0 0 0.0706335 0 0.0776896 0 0.0898548 0.0402443 0.0189826 0 0.258596 0 0.255983 0 0.35109 0 0.362415 0 0.177201 0 0.286879 0.0623603 0 0.0602183 0 0.115172 0 0.00109291 0 0.0300188 0.0166487 0.0183677 0 0.38281 0 0.0840795 0.0432616 0.018847 0.0250444 0.0197973 0.0180339 0 0.0383991 0.0090357 0 0.00909755 0.0305116 0.00420792 0 0.0028511 0 0 0 0.00466448 0.0222804 0.000547446 0.0119999 0 0 0.00757493 0 0 0.0503293 0.0808821 0.0858969 0.00929361 0.00377903 0 0 0.00331756 0 0.0167398 0.0158584 0 0 0.0399048 0.074039 0.000124123 0 0.0366427 0 0.0328532 0 0.0285035 0 0.0220229 0.0156165 0.0173436 0.018391 0.00946437 0 0.0101192 0 0.0251277 0.013714 0.0955219 0.0505313 0.0210539 0.0901842 0.0224509 0.0168763 0.0264775 0 0.0628186 0 0.0235629 0 0.0770831 0 0.203585 0.461491 0.111561 0.207253 0.0532709 0 0.01985 0 0.0231716 0.0768821 0 0.299756 0.0091415 0.405483 0.0679813 0.140756 0 0.0155209 0.032446 0 0.00955246 0 0.036009 0.218349 0 0.0766608 0.0581656 0 0.0109152 0 0 0 0.0168552 0.00270179 0 0.0469598 0 0.055125 0 0.351096 0 0 0.065472 0.0430668 0.0191608 0 0.043829 0 0.0891436 0.231299 0.00640025 0 0.0425801 0.00985167 0.0515509 0.0244146 0.059086 0.0355118 0 0.00825842 0.00257349 0 0 0.0315429 0.0817554 0 0.00215314 0 0.190617 0.37607 0.305562 0.0635814 0.078205 0.111546 0.083918 0.0153085 0 0 0.138769 0.00293404 0.215953 0 0.025441 0.0959482 0 0.749216 0 0.699655 0 0 0 0 0.0131826 0.227226 0.170447 0 0.173595 0 0.451369 0 0.381436 0 0.0298592 0.0121591 0.303664 0.00453578 0.0707815 0.0153563 0.0387529 0.0422176 0.0987072 0 0.0134081 0 0.260902 0.104796 0.00426215 0 0.0659536 0 0.0385197 0 0.0368949 0.252615 0.0533684 0 0 0.0497144 0.0177929 0 0.0153369 0.0359093 0 0.275494 0 0.218358 0 0.139635 0 0.201776 0.0604952 0 0.00352345 0.0501802 0.00267259 0 0.00578701 0.0192347 0 0.0793628 0 0.0282949 0 0.211949 0 0.0552234 0.00262459 0.0680208 0 0.0946037 0 0.095742 0 0.292692 0 0.410007 0 0.525156 0 0.0060275 0.129238 0.0259266 0.0299734 0.0120463 0.00444412 0.018143 0.133886 0 0.0107343 0 0.0099659 0 0.0308817 0 0.0853237 0.152136
122 11.9283 -0.0261658 -0.0974647 -0.0710552 0.262198 -0.0915434 14.9734 0.255838 -0.133455 0.0181925 -0.0915004 -0.133133 0.244193 0.0494246 0.040519 0.070329 -0.329469 0.111617 0.182153 -0.00607713 -0.354205 -0.00537539 -0.0817534 0.428194 0.293514 0.00318751 -0.00278121 0.0661529 -0.00889236 0.00697271 0.0174933 -0.100732 0.138615 0.00628094 0.14854 -0.0650856 -0.00824991 0.156174 0.0494215 0.0522088 0.134664 0.166501 1.40534 0.498092 0.663787 0.0731613 -0.0285125 0.158359 -0.0470727 -0.0512731 0.433989 -0.178937 -1.40345 0.190805 0.681618 0.00749626 -0.0839338 -0.316347 -0.549001 -0.291453 0.245786 -0.329255 1.36548 1.68347 0.271163 -0.400053 0.57178 -1.96271 0.328044 0.0897862 -0.00219715 -0.0144427 0.214668 -0.220107 0.266467 0.354791 -2.615 1.87117 -2.60181 0.194033 0.443075 -0.374566 0.320467 0.133481 0.335436 0.167536 0.0675362 -7.61863e-10 1.73206 0.771291 0.197094 -1.42592 -0.684921 6.90949e-09 0.0922369 5.37775e-10 0.40834 -0.194312 0.281875 0.325078 -0.551916 0.866949 -0.0818843 6.76328e-09 -0.0511481 -7.39005e-10 -0.252438 0.524021 -0.380689 -0.148973 0.691771 1.14733 -1.16118 0.269254 0.907053 14.9609 0.102182 -0.281277 1.21372 0.033857 0.000617869 0.0260742 0 0.00475701 0 0.042148 0.0112001 0.162123 0 0 0.0127277 0.0011879 0.0210393 0.00188871 0.0207791 0.0960746 0.0565269 0.00874864 0.235944 0.03103 0.254054 0.0222298 0.33409 0.0306242 0.359425 0.079927 0.143156 0.0923783 0.257492 0.117943 0 0.117319 0 0.174456 0 0 0.00490134 0.0804949 0.173227 0 0 0.306286 0 0 0.00426317 0.00314476 0.003995 0.0173969 0 0 0.0421379 0 0 0.00625342 0.00246465 2.02022e-05 0 0.00320136 0 0.039002 0.0227636 0 0 0.000402121 0.0115906 0 0.0256312 0 0.0281726 0 0.0423431 0 0.137249 0.0679906 0.0471585 0 0.0119193 0.0205037 0.0131818 0.0538738 0.0492369 0.0260005 0 0.0214401 0.0868022 0 6.09049e-05 0.00758816 0 0.00488976 0 0.00811044 0 0.0206924 0 0 0 0.0130969 0 0.0116109 0 0.0126255 0.000774612 0.0635936 0.0712752 0.0868531 0.213281 0 0.00685457 0 0 0.0226652 0 0.0296243 0 0.124425 0 0.12047 0.304514 0.0448821 0 0 0 0 0 0 0.062655 0 0.148908 0 0.243981 0.0255608 0.164416 0 0.0104678 0.107131 0.00874095 0 0 0.0390562 0.167976 0 0.00722223 0.0207582 0 0.00944973 0 0 0 0 0 0 0.0320064 0 0.0424673 0.0331606 0.240336 0 0 0.101482 0.0966631 0 0 0.0166144 0 0.0654851 0.0984537 0 0.129611 0.0181671 0.202653 0.000310145 0.0861182 0 0.087596 0 0.00413484 0 0 0 0 0.153094 0 0 0 0.169042 0.271065 0.170159 0.0342017 0 0.119107 0.105872 0 0 0 0.113846 0.00296116 0.197731 0.00574495 0.0772545 0.184142 0 0.605744 0 0.573673 0 0 0 0.0155633 0 0.133658 0.196322 0 0.156889 0 0.310181 0.0785987 0.191194 0 0 0 0.12818 0.0184892 0.207854 0.256578 0.0611532 0.00204193 0.0423835 0.00148967 0.0554279 0 0.214102 0.0760048 0 0 0.0507702 0 0.0370993 0 0.028644 0.135722 0.15406 0 0 0.0365064 0.193824 0.356324 0.0120881 0 0 0.205468 0 0.131382 0 0.0584537 0 0.105651 0 0 0 0.118718 0 0 0 0.0949012 0.0103732 0.0264437 0.00445577 0.0242937 0.0400747 0.0610939 0.00439712 0.0160371 0.00871371 0.0229153 0.0158397 0.0339441 0.0153145 0.0296695 0.000182539 0.236066 0 0.34861 0 0.414881 0 0 0.105074 0.086629 0.0832579 0.0292564 0 0.00741809 0.161942 0 0.0304728 0.0222034 0.0133196 0 0.0263196 0 0.059402 0.13447
123 11.9616 -0.0398645 -0.116105 -0.0772973 0.266166 -0.103161 15.0201 0.292699 -0.127938 0.00115884 -0.0301018 -0.212984 0.265409 0.0445725 0.0279508 0.041519 -0.313648 0.105487 0.181588 0.0226443 -0.393876 0.0400058 -0.150034 0.434033 0.303493 -0.00605573 0.00585057 0.0684365 0.000878709 0.0126155 0.017864 -0.101196 0.177759 0.0292044 0.162664 -0.101375 -0.0341746 0.156154 0.0502239 0.0522717 0.139012 0.171385 1.4095 0.494902 0.66688 0.0679467 -0.00198075 0.158486 -0.0419793 -0.0508678 0.44125 -0.159755 -1.40348 0.190956 0.699193 0.0305984 -0.0823366 -0.263095 -0.458885 -0.208958 0.330529 -0.435476 1.37714 0.917981 0.12959 -0.585551 1.91866 -2.52953 0.39004 0.0289882 -0.0834621 -0.114551 0.518469 -0.240467 -0.164692 0.931685 -0.88128 1.12398 -1.1382 0.318889 0.305469 -0.462247 0.23449 0.153983 0.279127 0.134932 -0.019088 -1.05243e-09 1.17549 0.709719 0.33634 -1.23438 -0.651759 8.43409e-09 3.95611e-10 6.4136e-10 0.140652 -0.0850946 -0.0263828 -0.145049 0.4587 -0.310195 0.481261 5.40675e-09 0.403288 -5.84305e-10 -0.0847726 0.391314 0.15539 -0.0226658 0.310942 0.148225 0.0114562 0.272872 0.895879 15.0018 0.112349 -0.387387 1.22867 0.0296221 0.00213036 0.0157092 0 0.000710968 0 0.0326159 0.0237996 0.120885 0.0181917 0 0.0423167 0.00180404 0.0605637 0 0.0775307 0.082375 0.103169 0 0.169968 0 0.175221 0 0.245149 0 0.250747 0 0.0801442 0 0.167317 0.0545238 0 0.0685145 0 0.125406 0 0 0.00536427 0.0533654 0.243648 0 0 0.196568 0 0 0 0.00327741 0.00214645 0.0282431 0 0.000524551 0.0381711 0 0 0.0141446 0 0.011494 0 0.00418806 0 0.0256772 0.0344845 0 0 0.00263697 0.00431023 0 0 0 0 0 0 0 0.0380312 0.0538767 0.0536339 0 0 0.0154835 0.0241431 0.0444568 0.0574235 0.0120398 0.0170875 0.0234534 0.0499842 0 0.000431975 0 0 0 0 0 0 0.00597576 0.0617678 0 0 0 0 0 0 0.0138688 0.0114982 0.0631999 0.194677 0.100433 0.515865 0.00895446 0.0122757 0.00985009 0 0.0597 0 0.0226096 0 0.0754519 0 0.102964 0.33799 0.0561923 0.0247069 0.0128871 0 0.0026121 0 0.0195486 0.0677246 0 0.135312 0 0.233448 0.00169499 0.0975236 0 0.00603032 0.0977565 0.030815 0 0 0.0506608 0.189402 0 0.0105681 0.0176376 0 0.00801495 0 0 0 0 0 0 0.0204839 0 0.0311728 0.0426062 0.284055 0 0 0.0692388 0.0900971 0.0127099 0 0.032433 0 0.0641309 0.117814 0 0.119006 0.0459587 0.128257 0.0147874 0.0824527 0.0138069 0.0846398 0 0.00581358 0 0 0 0 0.155151 0 0 0 0.163282 0.226722 0.175404 0 0.00447984 0.0612722 0.05562 0.0322787 0 0 0.122298 0 0.225384 0.000125192 0.0953947 0.172971 0 0.57164 0 0.536267 0 0 0 0.00905158 0 0.105838 0.190795 0 0.15592 0 0.219044 0.0724682 0.133666 0 0 0 0.0959997 0.00588077 0.140062 0.311932 0.064239 0 0.0370423 0.157529 0.0467496 0.0376719 0.202009 0.0717184 0 0 0.046244 0 0.0309143 0 0.0293318 0.156556 0.131603 0 0 0.0302443 0.119398 0.418342 0.0170402 0 0 0.177014 0 0.122331 0 0.0878958 0 0 0 0 0.00086835 0.106487 0 0.00268919 0 0.0835109 0.0189164 0.0247308 0.0118194 0.0161651 0.0475302 0.0799731 0.0155825 0.00454281 0.0139512 0.0313149 0.0238327 0.0439358 0.0220143 0.0418101 0 0.20641 0 0.284757 0 0.344837 0 0 0.13122 0.0695912 0.0677594 0.0464025 0 0.00180393 0.179965 0 0.0346718 0.0279933 0.010543 0 0.0355846 0 0.05962 0.161106
124 11.995 -0.0568264 -0.128368 -0.088723 0.270717 -0.114347 15.0667 0.299758 -0.13231 -0.0166651 0.0886418 -0.253244 0.279835 0.0751372 0.00941898 -0.0385472 -0.293495 0.0973776 0.180994 0.0569094 -0.129765 0.033867 -0.0737522 0.147767 -0.0440485 -0.00788331 0.00856111 0.0712946 0.00536588 0.0182891 0.0223269 -0.103097 0.186427 0.0511787 0.183026 -0.117372 -0.0531894 0.15614 0.0507628 0.052314 0.0933797 0.172281 1.41847 0.412875 0.659362 0.0499973 -0.00202824 0.158584 -0.0380541 -0.0505552 0.438871 -0.149773 -1.39345 0.180429 0.688173 0.0429852 -0.0700589 -0.768463 0.071273 -0.227083 0.332218 -0.289896 1.37252 0.388 -0.150222 -0.485542 3.56723 0.354125 0.389444 -0.216721 -3.24556 -4.42412 0.675064 -0.17908 0.101722 1.03832 12.4517 -0.187799 0.104649 -10.4711 -10.9509 -0.0187572 0.171341 -0.164728 0.327999 0.108781 0.28757 -1.78234e-09 1.26455 0.676038 0.504845 -1.54941 -0.512137 7.68771e-09 9.52199e-10 8.51375e-10 0.177259 -0.14343 -0.20119 -0.689243 0.341299 -2.95091 0.316717 2.92558e-09 -0.421562 -6.07379e-10 -0.169659 0.209961 0.553886 -0.10292 -0.0256912 0.686249 -0.13873 0.276888 0.884567 15.0436 0.138825 -0.232108 1.26508 0.0384465 0 0.0205365 0 0.0133978 0 0.0301193 0.0031407 0.0952567 0 0.00015345 0.0867459 0.00447131 0.0871642 0 0.0994008 0.0632987 0.10575 0 0.146128 0 0.126775 0 0.213576 0 0.18599 0 0.0418552 0 0.0950604 0.0564942 0 0.0762759 0 0.160568 0 0 0.00236343 0.0427989 0.311097 0 0 0.248232 0 0 0 0.00321593 0.00102945 0.0475256 0.0315694 0.0019685 0.0204676 0 0 0.0113966 0.00720513 0.00833868 0 0.00315057 0 0.00848118 0 0.00415552 0 0.00399595 0 0.576261 0 0.570402 0 0.55849 0 0.633562 0.0528211 0.0303989 0 0.574231 0.00604161 0.00925561 0.0181808 0.0278972 0.015272 0.00294895 0.0731647 0.00958336 0 0 0.00102126 0 0 0 0 0 0 0 0.123816 0.00361341 0.066722 0 0 0 0 0.0197284 0.0558745 0 0.298918 0 0.635698 0.0224047 0 0.0214792 0 0.0824535 0 0.034556 0 0.102421 0 0.129995 0.493188 0.0918374 0.048436 0.0392708 0 0.0133224 0 0.0282685 0.0166955 0 0.119999 0 0.265743 4.49754e-05 0.0433304 0 0 0.0762086 0 0 0 0.0549971 0.218848 0 0.155738 0.0815071 0 0.00926962 0 0.0233381 0 0 0 0 0.00886755 0 0.0128105 0.0708597 0.416039 0 0.00366325 0.0831167 0.176625 0 0 0.0264036 0 0.0720827 0.218118 0 0.150751 0 0.178566 0.208496 0.082473 0.208662 0.0846952 0 0 0 0 0 0 0.152402 0 0 0 0.167416 0.213241 0.251098 0.0513492 0.0542866 0.155319 0.0682034 0.00424246 0 0 0.155066 0.00241947 0.227649 0.000503719 0.00522908 0.0711603 0 0.599314 0 0.559552 0.00804953 0 0 0.00668603 0.00611625 0.117927 0.175584 0 0.203721 0 0.222231 0.0423553 0.138693 0 0.0105354 0 0.108969 0.0163868 0.103201 0.27852 0.042577 0.00105495 0 0.28361 0 0.173116 0.329162 0 0 0 0.059373 0 0.0660228 0 0.0165553 0.262174 0.105335 0 0 0.0138404 0.0648443 0.350105 0.0242527 0.0084377 0 0.179849 0 0.131388 0 0.155342 0.839144 0 0 0.0340227 0 0.056253 0 0 0 0.0373513 0.0300947 0.00436034 0.0300972 0 0.0861941 0.107126 0.0270007 0.00846058 0.031388 0.0372746 0.0419381 0.0547194 0.0397273 0.0417124 0 0.233383 0 0.285533 0 0.323714 0 0 0.147362 0.0308692 0.0722684 0.0411272 0 0.0266964 0.161591 0 0.0274337 0.00982356 0.0094244 0 0.0265449 0 0.0435382 0.221847
125 12.0283 -0.0397132 -0.118379 -0.0742714 0.279007 -0.120846 15.1112 0.231044 -0.150651 -0.0593973 0.262705 -0.217149 0.307163 0.0593954 -0.141943 -0.236292 -0.342211 0.0879113 0.153775 0.175102 0.0178426 0.0251591 -0.0539631 -0.0556879 -0.271116 -0.0143378 0.0198067 0.0499906 -0.0302019 0.0126308 0.0294005 -0.101136 0.111175 0.053698 0.194705 -0.0610571 -0.0525909 0.156377 0.0414307 0.0515814 0.095262 0.139525 1.40542 0.394312 0.70354 0.102906 0.104377 0.15688 -0.00893302 -0.0511114 0.345053 -0.170405 -1.39612 0.0343301 0.661361 0.0977687 -0.0841733 0.14245 0.427776 0.565802 0.490939 -0.176719 1.3497 -1.48846 -0.383992 -1.34931 4.63977 2.03852 0.202025 1.26412 -4.9182 -5.50728 -0.450438 0.099915 -1.19794 3.11983 0.909376 0.77174 2.63346 -0.804752 -3.6159 0.205426 0.436249 -0.507393 -1.07051 -0.324772 -0.000822485 -2.32706e-09 -0.62904 5.76003e-10 0.284155 0.142859 -0.0137906 9.80535e-09 -0.0501387 6.05197e-10 -0.0679341 -1.63961 -0.603345 0.574261 2.29156e-10 1.94002 1.10482 3.79369e-10 -0.776715 -3.57814e-10 0.985337 0.453715 0.189651 0.0289277 0.819458 2.9803 -0.929088 0.282548 0.878561 15.0865 0.19441 -0.133336 1.30462 0 0.0359047 0 0 0 0.00148677 0 0.104563 0.167053 0.142177 0 0 0 0 0 0.0305122 0.0373519 0.0816229 0.0533581 0 0.107664 0 0.0482741 0 0.116466 0.103052 0.0962823 0 0.0589269 0 0.00961916 0 0 0 0 0 0 0.00898546 0.119735 0.167427 0 0 0 0 0 0.0225275 0.12807 0.0360023 0.0150473 0 0 0.00504102 0.00678751 0 0 0.0242578 0 0 0 0 0 0.0172883 0.0242701 0 0 0 0.18416 0 0.11331 0 0.129239 0 0.0290323 0 0 0.00992143 0.149337 0.0120488 0 0.0148854 0 0.0280134 0.0271267 0.0266152 0.0228605 0.0319438 0.00236767 0.00145296 0.0569096 0.126725 0.0205989 0.0573234 0.0380126 0.113802 0.0384847 0.237311 0.0791844 0.0391796 0.00248472 0.0482568 0.0102358 0.090498 0.0516099 0.0378418 0 0.263502 0 0.641986 0 0 0 0 0 0 0 0 0.202896 0 0 0.646464 0.0672653 0.160301 0.0143207 0 0 0.00844796 0.0585424 0.0520467 0 0.0684697 0 0.370379 0 0 0.0065657 0 0 0.032743 0.00669948 0 0.148751 0.431546 0 0.012653 0 0 0 0 0 0 0 0.0212405 0.00210479 0 0 0 0.165257 0.53943 0.00052 0.000507252 0.0940967 0.345293 0 0 0 0 0.174997 0.223974 0 0 0 0 0 0.0514462 0.00540011 0.0328571 0.0401244 0.0204543 0.0160584 0 0 0.0221401 0.142576 0.0295311 0.00104302 0 0.066662 0.0767317 0.221638 0.159292 0.0431536 0.216437 0 0.179175 0 0 0.00680039 0.0425882 0.223121 0.0771005 0.265 0.344375 0.300293 0.664744 0.177686 0.536483 0 0 0 0 0 0.193218 0.167863 0.0765315 0.0682705 0 0.0407817 0 0 0 0 0 0.0428228 0.0549891 0.0495618 0.207449 0.00177414 0.00468775 0 0.532974 0 0 0.252033 0.113598 0 0 0.00595703 0 0.0360091 0.00273757 0.12022 0.275501 0.0359406 0 0 0 0 0.294089 0.0300371 0.132673 0.0484915 0.199413 0.0373118 0.204462 0 0.14353 0.411883 0.145524 0 0 0.008732 0.0670642 0 0 0.00549297 0.0629479 0.0237078 0.00794262 0.0496902 0 0.13339 0.380652 0.0809221 0.00113122 0 0.0552388 0.0144688 0.189369 0 0.157335 0.100194 0.634373 0.187087 0.277917 0.154324 0.252315 0 0.00644235 0.363566 0.331056 0.182898 0 0.000908976 0 0.186057 0.128467 0.0526355 0.0825703 0 0 0 0 0.115351 0.245334
126 12.0616 -0.0443954 -0.108884 -0.0853279 0.287332 -0.123199 15.1584 0.123852 -0.155269 -0.074032 0.509027 0.0815782 0.301376 -0.00777749 -0.520996 -0.611479 -0.310256 0.0782378 0.150911 0.206662 0.155865 0.0195766 -0.046416 -0.24146 -0.395617 -0.0199792 0.00639185 0.053181 -0.034889 0.0132314 0.0386073 -0.100999 0.101627 0.0513415 0.206969 -0.0678101 -0.0438683 0.15649 0.0368716 0.0519156 0.110918 0.205732 1.37987 0.237023 0.57655 0.00924432 0.0535458 0.154434 -0.0499663 -0.0543683 0.416374 -0.130769 -1.379 0.136108 0.705272 0.0516581 -0.0594241 -0.689308 1.93154 0.84564 0.398772 -0.0139297 1.30134 -2.75264 -1.20419 -0.990321 6.45252 11.7016 -0.352613 0.00346256 -11.3751 -14.7437 0.0396621 -0.178722 -1.5765 3.81836 -3.30902 -1.49092 0.666276 10.4663 11.387 1.35366 -1.11933 -1.50946 -1.30234 -0.0900104 0.455549 -3.31908e-09 3.66937 -0.893574 0.856565 -4.18645 1.90476 1.24777e-10 2.14888 1.19269e-09 -0.649762 -1.92071 -0.230655 -1.16486 1.0347 -4.7349 -0.871384 -0.66104 -6.97672e-11 -6.74922e-10 0.0876621 0.491933 0.629007 -0.23536 -0.143397 -2.70401 0.858348 0.288986 0.875903 15.132 0.199588 0.0346863 1.37283 0 0.327112 0 0.305997 0 0.256086 0 0.314755 0 0.723277 0.332868 0.197825 0.258752 0.223493 0.330989 0.170667 0.00061515 0.0118981 0 0.0957781 0 0.0691009 0 0.130389 0 0 0 0.15273 0 0 0 0.191949 0.0462722 0.244298 0.128934 0.299003 0 0 0.0464934 0.185597 0 0 0.0616743 0.71031 0.000364371 0 0 0 0.0125934 0 0 0 0 0 0.0213298 0.0191929 0.000375483 0 0 0 0.0248021 0 0.0794885 0.00106748 0.0372482 0 0.0409293 0 0.0306753 0 0.0427899 0 0.105534 0.0465817 0.0491818 0 0.0294239 0.0641361 0 0 0.0311536 0 0 0.0319618 0.110062 0 0.000662073 0.000194704 0 0 0 0 0 0 0.00304457 0.101864 0 0.139941 0 0 0 0 0 0.0571128 0.0140952 0 0.116577 0.0995413 0.243279 0 0.184004 0 0.271642 0 0.106681 0 0.154647 0.0208603 0.237556 0.269408 0.320238 0 0.289406 0 0.254522 0 0.119864 0 0.04581 0 0.0235959 0 0 0 0.00230889 0 0.0337747 0 0 0 0.243655 0.0374894 0 0 0.0216569 0 0 0 0.0266873 0 0 0.0529027 0.00785233 0 0.010672 0 0.310116 0.00488871 0 0.00709292 0 0.762222 0 0 0 0 0.0509794 0.099192 0.0590182 0.0180672 0.114082 0.0693946 0.0621673 0.0242428 0.0624345 0.0249891 0.00644465 0 0.0190653 0 0 0 0.30134 0 0 0 0 0.804638 0 0.877493 0 0.695521 0 0.695335 0 0 0 0.753386 0 0.829673 0.478061 0 0.0581395 0 0.0290467 0 0 0.00887257 0 0.0728116 0 0 0.299042 0.0369176 0.143232 0 0.026868 0 0 0.687225 0 0 0.0372937 0 0.0650204 0.00642593 0.00732313 0 0.00527797 0.052726 0 0.0562491 0.638677 0.0331472 0 0 0 0 0.24412 0 0.102386 0.15309 0.054428 0 0 0 0.105973 0.0530736 0.0558681 0 0.0216169 0 0.0194807 0 0 0.185816 0.186668 0 0 0 0.0235615 0 0 0 0.0145511 0 0.194359 0.0305371 0.211072 0.014604 0.556131 0.362431 0.250619 0.0555946 0.217267 0.107099 0.330277 0.190483 0.29085 0.112229 0 0.120588 0 0 0 0 0.228385 0 0.585871 0.528022 0.782782 0 0.0394434 0 0 0.698182 0.156767 0.215226 0 0 0 0 0.0741068 0.0658864
127 12.095 -0.0696044 -0.0876799 -0.0708036 0.294454 -0.117528 15.2014 -0.000912463 -0.128915 -0.0906805 0.768988 0.395063 0.178491 0.0083945 -0.460096 -0.569704 -0.242836 0.0952946 0.120935 0.227624 0.0876907 -0.0142015 -0.0321832 -0.00874882 -0.0875634 -0.00237715 0.015681 0.0405138 -0.0309513 0.00584604 0.024533 -0.102239 0.152868 0.0503218 0.220368 -0.131882 -0.0402436 0.15604 0.0543302 0.0532863 0.154602 0.242135 1.36886 0.140406 0.630336 -0.073147 0.0443716 0.14913 -0.0507154 -0.0545684 0.422429 -0.144666 -1.34253 0.173736 0.696571 0.0287827 -0.0278637 -0.624961 1.00586 0.218873 0.261235 0.148518 1.26459 -3.38605 0.328434 0.432962 6.01851 7.04853 -4.70983 2.78179 2.06535 2.31749 2.45074 0.477365 -0.389663 -0.530335 -1.33657 -1.45268 0.457087 4.96213 7.27717 0.155559 0.0780581 -0.204177 0.410955 -0.107406 -0.305515 -1.14931e-09 0.185491 2.05671e-10 0.426214 -0.572344 0.224587 4.66586e-09 7.85601e-10 4.12841e-10 -0.877148 -1.09423 0.386146 0.245505 4.26839 -1.6174 0.688995 -0.188566 -1.63503e-10 -2.10929e-10 0.0721272 -0.680783 1.21041 0.1398 -0.434038 -0.390406 0.673645 0.2948 0.882075 15.1759 0.163537 0.230215 1.28768 0.00220908 0.0584638 0 0.0432585 0 0.0397349 0.00139983 0.0378789 0 0.0843369 0 0.201382 0 0.191701 0 0.185575 0.0398678 0.119706 0 0.0910907 0 0.122515 0 0.142431 0 0.155828 0 0.160322 0 0.170171 0.00911294 0.0380975 0.0469027 0 0.116717 0 0 0.00563133 0 0.21042 0.028715 0 0.0332193 0 0.00634648 0 0.00181665 0 0.0335146 0.012608 0 0 0.0031809 0 0.0177609 0 0 0 0 0 0 0 0.0351396 0 0.0146933 0 0.0277289 0.0130918 0.0241548 0.00238452 0.034423 0.00526261 0.0867882 0.0318585 0.0146134 0.00195252 0.0323927 0.0569416 0.000942049 0.0228283 0.0180926 0.0251824 0 0.0986161 0.0729233 0 0 4.57057e-05 0 0.00984807 0 0 0 0.00742536 0 0.0351701 0.0137264 0.0567582 0 0.0327219 0 0.037125 0.0314308 0.05846 0.0316869 0 0.102579 0 0.149973 0 0.0776715 0 0.112691 0 0.0123511 0.058371 0.0644186 0.0240093 0.337718 0 0.297123 0 0.195175 0 0.102649 0.0124136 0.0441711 0 0.0483316 0 0.0635518 0 0 0.0680302 0 0.025378 0 0 0.00221156 0 0.0549113 0.151828 0 0.221184 0.0445313 0 0.00122034 0 0 0 0.0102239 0.0608711 0 0.0272351 0 0.0295998 0.039298 0.434517 0 0.00298121 0.0736615 0.0543259 0.00296578 0 0.0217603 0 0.119288 0.207826 0.0677535 0 0.154222 0.0267851 0.0333302 0 0.0337335 0 0 0.0134101 0 0.043034 0 0 0.0141305 0 0 0 0 0.251364 0 0.209221 0.0621266 0.0361054 0 0.144983 0 0.0230092 5.74961e-05 0.0610776 0.031845 0.0622037 0.0257796 0.00259069 0.0743309 0.115836 0.0173566 0.147667 0 0 0 0 0 0.0148684 0.144276 0 0.130912 0 0.0603644 0.00695568 0 0.00337917 0.0271146 0 0.0260597 0 0.0124545 0.123349 0.00768282 0.00512199 0.024224 0 0.0123948 0 0.228621 0.101438 0 0 0.030224 0 0.0367995 0 0.0639138 0.245822 0 0 0 0.019654 0 0.128515 0.0499239 0 0 0.0423631 0.0275124 0 0.0234164 0.165221 0.0926506 0.0701929 0 0.0368147 0.00368707 0.0133005 0.0243518 0.00965008 0.000479689 0.0282215 0.0978076 0 0.104136 0 0.344178 0.117782 0.145117 0.0390529 0.11461 0.0183489 0.172878 0.0543528 0.157442 0 0 0.0660904 0 0.100461 0 0.0920963 0 0 0.0816369 0.0905706 0.11741 0 0.0117753 0.0475947 0.0105983 0.0419588 0.00676124 0.00355601 0 0 0 0 0.0579827 0.190212
128 12.1283 -0.0687828 -0.080078 -0.0617905 0.299666 -0.108721 15.2426 -0.129069 -0.103367 -0.0851085 0.895293 0.415943 -0.0541038 0.102252 -0.417232 -0.507149 -0.149335 0.118842 0.100698 0.149509 0.0701199 -0.0382634 -0.0238029 -0.0702839 -0.0753842 -0.0180111 0.0287087 0.0353316 -0.0164793 -0.00069934 0.0121943 -0.102199 0.151353 0.0503984 0.220212 -0.137213 -0.03599 0.156042 0.0542638 0.0532811 0.239645 0.268214 1.36182 0.122996 0.671239 -0.0416498 0.0140022 0.150585 -0.0296531 -0.0529544 0.402746 -0.18009 -1.31273 0.197402 0.701618 0.0331728 -0.0277356 0.296747 0.100067 0.0216426 0.221069 0.183284 1.20531 -3.74055 0.352806 0.692031 1.71914 0.00395846 -5.99885 3.51807 1.28842 1.84271 2.8067 0.432625 -0.127729 -2.87457 -0.218365 -0.474678 0.170981 -4.69614 -3.44426 -0.533701 0.179522 0.0134995 0.260869 -0.101216 -0.205027 -1.27606e-09 0.174947 1.94847e-10 -0.0638691 -0.258912 0.215255 2.78143e-09 3.00824e-10 6.43019e-11 0.549098 -1.01477 0.41267 0.129049 1.08451 0.232054 -0.486908 1.31815e-09 0.726397 -1.22785e-10 -0.794101 -1.15036 0.70971 0.252319 1.07139e-10 -0.179761 -0.0845367 0.299608 0.890406 15.218 0.131911 0.229698 1.24708 0 0.0415692 0 0.0263255 0 0.0161732 0.0184962 0.0808301 0.0713741 0.0743081 0 0.107861 0 0.131268 0 0.143514 0.0451242 0.0528824 0 0.0949119 0 0.0869209 0 0.143465 0 0.145978 0 0 0 0.0129728 0 0 0.00705365 0 0.044213 0 0 0 0 0.0452662 0.0871462 0 0.018364 0 0.0042129 0.00115751 0.00129472 0.00121421 0.0489722 0.00322198 0 0 0.00957243 0 0.0301251 0.0108746 0 0 0 0 0 0 0.0186617 0.00617745 0.00728302 0.00479256 0.00960102 0.0111427 0 0 0.0100492 0 0.0740343 0.0102946 0.00853949 0.00409981 0.0179686 0.0401918 0.00204317 0.00662883 0.0157863 0.0176806 0.00119181 0.0161674 0.0540636 0.0221152 0 0.000342272 0 0.0215562 0 0.00695068 0 0.0171589 0.0029595 0.0364334 0.0348233 0.0266319 0 0.0516352 0 0.0554361 0.0381117 0.0331625 0.020201 0 0.00347021 0 0.122224 0 0.0460333 0 0.0622051 0 0 0 0 0 0.420045 0.133524 0.333204 0 0.192845 0.000944912 0.0711185 0 0.0214642 0 0.0703703 0.1206 0.11709 0.124297 0 0.0308686 0 0.00466451 0 0 0 0 0.0809042 0.169253 0 0.00142764 0 0 0 0 0 0 0 0 0 0.0205036 0 0.0387923 0.0953545 0.328381 0 0 0.0721507 0.0234082 0.013857 0 0.0191275 0 0.0323038 0.18091 0.0526634 0 0.159625 0.0200231 0.0274993 0 0.0274147 0 0 0.016688 0 0.00494692 0 0.00203866 0.0148198 0.00964616 0 0 0.0736123 0.279663 0.0786204 0 0.0150452 0 0 0.10438 0 0 0.025293 0 0.133743 0 0.138095 0.185565 0.099423 0.456274 0.047148 0.444435 0 0 0.00435091 0 0 0.152632 0.0290859 0.0424987 0.00838765 0.00508479 0.0228455 0 0 0 0 0 0.0352269 0 0 0 0.00582555 0.0301837 0.0110345 0 0.00878597 0.0349017 0.0864416 0.103877 0 0 0 0 0.0408969 0 0.0520827 0.168359 0 0 0 0.00756261 0 0 0.0521129 0 0 0.148046 0.0395766 0.0869157 0.0727888 0.0811756 0.0525121 0.172751 0 0.0663852 0 0 0.0474187 0.0018503 0 0 0.0480791 0 0.0482536 0 0.140485 0.0956933 0.0674597 0.0319009 0.0525605 0.00766602 0.0734775 0.041804 0.0698327 0 0 0.160088 0 0.192686 0 0.230531 0 0 0.098738 0.249085 0.0728736 0.0404981 0 0.0110552 0.113891 0.0125415 0.0375728 0.0643277 0 0 0 0 0.0396273 0.113348
129 12.1616 -0.0595428 -0.0764304 -0.0671846 0.303468 -0.101815 15.2814 -0.251373 -0.0994885 -0.0649632 0.926931 0.33388 -0.218515 0.138367 -0.383112 -0.452968 -0.058093 0.126235 0.0972738 0.0531635 0.0651399 -0.0445663 -0.0212235 -0.125945 -0.0999271 -0.0254048 0.0275262 0.0377869 -0.0125894 -0.00986661 0.0126136 -0.101364 0.0945034 0.0441475 0.206603 -0.0863572 -0.0287898 0.156042 0.0542638 0.0532811 0.297292 0.265254 1.36025 0.143921 0.685205 -0.0337618 0.0120469 0.153397 -0.00289452 -0.0509374 0.334005 -0.185233 -1.31361 0.210294 0.698255 0.0237386 -0.00197772 0.0972298 0.253218 -0.248333 0.176084 0.0898094 1.13476 -3.26362 -0.382204 0.738888 0.12577 -1.92086 -2.61222 0.436968 0.573149 1.1062 2.61921 -0.0869451 0.193056 -2.47672 -0.293949 -0.170557 0.0544685 -0.353806 1.07255 0.0849461 -0.215048 0.0826264 0.0651155 -0.269835 0.0846855 -1.47344e-09 -1.48356 -0.264428 -0.374578 1.33115 0.143487 3.8553e-09 4.80181e-11 1.7216e-10 0.403904 -0.763438 0.370294 0.22456 -0.0563568 0.405482 -0.161686 1.59223e-09 0.802977 -8.77059e-11 -0.965397 -1.39795 0.289417 0.110082 -0.208331 -0.457889 0.40592 0.30348 0.896755 15.2592 0.104911 0.140464 1.23471 0.0139532 0.0216415 0.00568565 0.0141906 0.000779996 0.0126204 0.0136018 0.0232322 0.0136746 0.0365324 0.0359295 0.040944 0.0314251 0.0376981 0.0284758 0.0462895 0.0259506 0.0413528 0.00266966 0.0153953 0 0 0.0158798 0.0130921 0 0.00509425 0 0 0 0 0 0 0 0 0 0 1.63801e-05 0.0059823 0 0.0582124 0.0584982 0 0 0 0.00931904 0.0405203 0 0.0260351 0.0153457 0 0 0 0 0 0.0230848 0.0126103 0 0 0 0 0 0 0.0148797 0.0189397 0.00623327 0.0070689 0.0298592 0.0178643 0.0244347 0 0.0331602 7.42525e-05 0.0961766 0.015802 0.0020725 0.00365803 0.0279163 0.0477681 0.000177379 0.00346685 0.0104456 0.0169543 0 0 0.0497822 0.0667545 0.000720687 0 0 0.00740174 0 0 0 0.00367579 0.0230866 0.0119564 0.0327415 0.00477579 0.00969831 0.0259667 0.00790593 0.025273 0.0255558 0.0230997 0.0204593 0.106212 0.0759765 0 0.090297 0.01237 0.00381992 0 0 0 0 0 0 0 0.406633 0.151013 0.373087 0.097703 0.238924 0.0873808 0.0411928 0 0 0 0.13594 0.0982861 0.211815 0.110341 0 0.0240236 0 0 0 0 0 0 0.103815 0.169832 0 0 0.0118337 0 0 0 0 0 0 0 0 0 0 0 0.178174 0.308115 0 0 0 0.00850035 0 0 0.00756566 0 0.0762952 0.166924 0.0777204 0 0.185297 0.0443236 0.0295843 0 0.0275748 0 0 0 0 0 0 0.00047664 0.0199974 0 0 0.00126844 0.093253 0.170473 0.0899435 0.123026 0.0483941 0.0790005 0 0.0420293 0 0 0.00298924 0.0205756 0.00413662 0.0215987 0.0322817 0.0227119 0.214308 0.0736021 0.16386 0.0389458 0.00030344 0 0 0 0.0693304 0.0995684 0.0552936 0.0192501 0.0319925 0 0 0 0 0.00579307 0.0276884 0 0 0.0103511 0 0.0811356 0.00933613 0 0.0201173 0 0.0171013 0.018591 0.110115 0.0888773 0 0 0 0 0.0237128 0 0.0550766 0.147118 0 0 0 0 0 0.013022 0.045746 0.00140078 0.064461 0.0137851 0.077557 0.027118 0.076798 0.0110267 0 0.252824 0 0.0141242 0 0.0411542 0.0147621 0 0.00756942 0.057808 0 0 0 0 0.0415848 0 0.00836989 0 0.0100752 0 0.0226218 0 0.0128027 0 0.0606986 0.0535128 0.0409353 0.0257699 0.0581597 0.0416124 0 0 0.129898 0.129737 0.0659822 0 0.0038542 0.00856094 0.0178016 0.0252856 0.0210297 0.0220601 0 0 0 0 0.0601093 0.100661
130 12.195 -0.035842 -0.0755579 -0.0640529 0.307668 -0.0995501 15.3184 -0.369888 -0.104258 -0.0600613 0.873932 0.288734 -0.293148 0.122114 -0.375333 -0.428941 0.0115706 0.121859 0.0843648 -0.0349861 0.0564243 -0.0365788 -0.0163639 -0.258027 -0.215931 -0.0408001 0.0290359 0.0382772 -0.012432 -0.00364951 0.00472737 -0.101104 0.0909832 0.0478476 0.188435 -0.08606 -0.0305149 0.156341 0.042672 0.0523369 0.357264 0.25665 1.36275 0.180168 0.695587 -0.0106334 0.0707726 0.152941 -0.0206361 -0.0516129 0.280946 -0.158553 -1.31284 0.260048 0.692511 -0.00446466 -0.0248317 0.616161 0.216436 -0.0143525 0.209258 -0.0261937 1.07449 -3.02858 -0.27518 0.291037 -2.64229 -0.968769 -0.701939 -0.418275 -0.99091 0.182562 1.85937 -0.267574 -0.0821716 -2.15218 -0.333085 -0.0153109 -1.1655 -5.56435 -4.56061 -0.198016 0.0413497 0.282904 -0.0695394 0.153538 -0.41804 -1.504e-09 0.078957 0.0349934 -0.566196 -0.0887022 0.0630325 2.92125e-09 -0.399674 9.20929e-11 0.568874 -0.721662 0.578884 0.128322 -0.558814 1.17527 0.636596 2.18061e-09 -0.262834 0.0337893 -0.706014 -1.14318 0.263586 0.137967 -0.702637 -1.05788 0.0175627 0.306697 0.898758 15.3002 0.0905299 -0.00234153 1.22682 0 0.0291394 0 0.0163655 0 0.00961061 0.0178659 0.0598355 0.0330913 0.104436 0 0 0 0 0.00371659 0 0.00912804 0.0280049 0.0371015 0.0103325 0.0151088 0 0.0641155 0.00802818 0.0445847 0 0 0 0 0 0 0 0 0 0 0 0 0.00376374 0 0.036238 0.0957089 0 0 0.00808612 0.0129411 0.1069 0 0.0875494 0.00910792 0 0 0 0 0 0.0269284 0.00903884 0 0 0 0 0 0 0.0249716 0.0253031 0.012439 0.0127012 0.0877916 0.0744903 0.0725256 0.0411668 0.0833994 0.0488318 0.175157 0.0824464 0.0120254 0.00809684 0.0849417 0.103764 0 0.00042318 0.015019 0.0193668 0 0 0.0714016 0.0781937 0.000728248 0 0 0.000487607 0 0 0 0 0.0172722 0.00544748 0.00488339 0 0.000130152 0.00885699 0.001568 0.00856966 0.0120149 0.0102256 0 0.270346 0.0453463 0 0.0447838 0.0145966 0 0 0 0 0 0 0 0 0.39939 0.154211 0.322947 0.102804 0.189554 0.114683 0 0 0 0 0.17819 0.134151 0.265105 0.151775 0 0.112113 0 0 0 0 0 0 0.113416 0.0900563 0 0 0 0 0 0 0 0.0102124 0 0 0.00379675 0 0.0166972 0 0.196117 0.204074 0 0 0 0.00991537 0.0098206 0 0.0142902 0 0.0283051 0.115005 0.0556581 0 0.160908 0.0386659 0.0453528 0 0.0436143 0 0.00326408 0 0 0 0 0.0268425 0.0162041 0.0110637 0.000138744 0.00265877 0.173083 0.290104 0.0554695 0.149898 0.0343274 0.0792093 0 0.0756969 0 0 0 0.0250847 0 0.0615203 0.156641 0.123842 0.358185 0.0129066 0.297625 0 0 0 0.0170137 0 0.125462 0.214092 0 0.0717407 0 0.0173793 0 0.0752393 0 0.0600867 0 0.00329707 0 0 0 0.0886234 0.0317655 0 0 0 0 0.000519181 0.0377979 0.09349 0 0 0 0 0 0 0.0599452 0.0802766 0 0 0.00140172 0 0 0.0275174 0.0371288 0 0.102963 0 0.101802 0.00617068 0.108491 0 0.258784 0.393809 0 0.0330551 0.00272717 0.0348812 0.0235197 0 0.0145431 0.0478933 0 0 0 0 0.00394516 0 0 0 0 0 0.00154301 0 0 0 0.124042 0.0751082 0.128398 0.018311 0.166028 0.0229788 0 0 0.143741 0.239321 0.0491553 0.0193224 0 0 0.0218238 0.09539 0.0323671 0.0437382 0 0 0 0 0.0577667 0.0869236
131 12.2283 -0.00944178 -0.0619551 -0.0572076 0.311455 -0.100364 15.3543 -0.453836 -0.101439 -0.0602025 0.731974 0.23419 -0.297813 0.109103 -0.411901 -0.461925 0.0583584 0.105865 0.0692145 -0.0911929 0.0410048 -0.0309212 -0.0125068 -0.359781 -0.345149 -0.0517127 0.0288689 0.0349309 -0.0161197 -0.00258443 -0.00306823 -0.100774 0.0692091 0.0441986 0.173637 -0.0697217 -0.0232104 0.156323 0.0433539 0.0523905 0.391037 0.229165 1.38088 0.195065 0.677871 -0.0102339 0.0909087 0.152311 -0.0448591 -0.0533438 0.242632 -0.151562 -1.31395 0.302421 0.699205 -0.0141469 -0.0354675 0.657161 0.501733 0.313953 0.178574 -0.0650166 1.06358 -2.15483 0.104288 -0.0767511 -4.60167 -0.395035 2.9815 -1.7993 -4.15429 -0.547086 1.35057 -0.502347 -0.4659 -1.32556 -0.676886 0.0149694 0.123232 -1.77547 -2.56344 -0.156385 0.0376676 -0.226088 -0.06843 -0.0201861 -0.241201 -1.47001e-09 -0.61707 -0.1819 -0.394058 0.500193 0.199793 2.38068e-09 0.0766996 3.32896e-10 0.654297 -0.831452 0.816263 -0.0193398 -0.759547 0.000448638 -0.128013 3.1466e-09 -0.317472 -8.86028e-11 -0.477597 -1.27169 0.116132 0.121451 -0.238372 -0.671582 0.159484 0.30927 0.897633 15.3411 0.0688507 -0.0620893 1.22947 0 0.0369741 0 0.0231952 0 0.00943671 0.0159898 0.0840148 0.0271348 0.180245 0 0.0649101 0 0.080662 0 0.0870183 0.0147331 0.0235571 0.0301359 0.0400978 0.00452284 0.00209459 0.0548286 0.0639655 0.0327761 0.0699107 0 0 0 0 0 0 0 0 0 0 0 0 0 0.0407105 0.0941254 0 0 0 0.0338989 0.328876 0.00564401 0.227412 0.0214146 0 0 0 0 0 0.0284959 0.00861063 0 0 0 0 0 0 0.011701 0.0236113 0.00446105 0.00551176 0.0445366 0.176439 0.0321142 0.128725 0.0401391 0.143298 0.0960249 0.230967 0 0 0.0458182 0.209952 0 0 0.00920676 0.00721898 0 0 0.0560901 0.0668606 0.000399582 0 0.00464405 0 0.00107608 0 0.00693134 0 0.0276117 0.00738915 0.0250653 0.00705151 0.015248 0 0.0167106 0 0.0221145 0.0238155 0.0135487 0.471313 0.0692649 0.0040819 0.0474549 0.00160551 0 0 0 0 0 0 0 0 0.459407 0.0136418 0.373559 0.0430184 0.200978 0.174441 0.000620818 0 0.00916736 0 0.207329 0.280861 0.299051 0.248911 0.00609977 0.396957 0.00122809 0 0 0 0 0 0.160217 0.0500323 0 0 0 0.000526539 0 0 0 0.00315005 0 0 0.00641549 0.0195876 0.0215513 0.050979 0.272041 0.107862 0 0 0 0 0.0041436 0 0.0159273 0 0.0748545 0.0882169 0.0157072 0 0.0925963 0.00890677 0.0217362 0.0421124 0.0201695 0.042623 0.0115721 0.00994306 0 0 0.00733195 0.0761404 0 0 0.00121627 0.01044 0.19234 0.536679 0.0924491 0.264498 0.0636946 0.163387 0 0.144028 0 0 0 0.0121198 0.00284628 0.0682802 0.240086 0.181582 0.363172 0 0.293082 0 0 0.000376124 0.0157358 0 0.128356 0.508617 0 0.0592558 0 0.0280068 0.00194776 0.19108 0 0.335139 0.00435166 0.0103089 0.088632 0.0979364 0 0.0887565 0.0271266 0 0 0 0 0 0.0303672 0.0900969 0 0 0 0 0 0 0.107076 0.0452341 0 0 0.00741171 0 0 0.0301146 0.0441291 0 0.105562 0 0.113819 0 0.117595 0 0.152394 0.606614 0 0.0252677 0.00275088 0.015979 0.0167596 0 0.0157824 0.0210896 0 0 0 0 0 0 0 0 0 0 0 0 0 0 0.138602 0.210713 0.140942 0.148837 0.185422 0.170865 0 0 0.18073 0.205882 0.0814476 0.0438077 0 0 0.0262588 0.124459 0.0436689 0.0467177 0 0 0 0 0.0880963 0.0708865
132 12.2616 0.0165096 -0.0280669 -0.0582611 0.313941 -0.101992 15.3901 -0.497796 -0.0949782 -0.0556213 0.580483 0.174246 -0.18278 0.0365798 -0.181988 -0.549757 0.0782991 0.080636 0.0673964 -0.100765 0.00422284 -0.0380455 -0.0112418 -0.373978 -0.395857 -0.0601051 0.0150296 0.0349846 -0.0185763 -0.00146105 -0.00639421 -0.100413 0.0386775 0.0360109 0.158161 -0.0479462 -0.00876435 0.156148 0.0501637 0.0529251 0.436101 0.204956 1.39966 0.212981 0.677067 -0.0125251 0.107698 0.152158 -0.0506809 -0.0537891 0.179999 -0.160098 -1.33095 0.321351 0.700599 -0.0207432 -0.034242 0.74359 1.17039 0.00545947 0.102157 -0.0513946 1.08395 -0.763226 0.245534 0.067704 -4.75522 -1.15625 1.74221 -0.426639 1.99263 2.06766 0.422142 -0.686266 -0.0184204 -3.73742e-10 -1.23586 -0.446094 0.0321562 1.36682 0.300951 -0.279045 -0.362389 -0.181663 -0.0312986 0.0675004 -0.0119504 -1.403e-09 -1.01937 -0.328951 -0.403636 0.86238 0.455384 3.14916e-09 -0.0149733 3.23259e-10 0.370175 -0.883758 0.951549 0.111441 -0.364796 0.220739 0.295449 3.32055e-09 0.0980562 -7.20183e-11 -0.585992 -1.64822 -0.297652 0.193256 -0.11676 -0.532186 0.302064 0.311549 0.89597 15.3813 0.0697916 -0.0754618 1.18951 0.0194742 0 0.00615166 0 0 0 0.059237 0.0174401 0.0642874 0.085425 0.0624773 0 0.0882273 0 0.107566 0 0.0410261 0.0504701 0.0637112 0.018906 0.0524121 0.0522065 0.101206 0.0411232 0.101267 0.0821994 0 0.0798025 0.0146322 0.0985792 0 0.0212351 0 0 0 0 0 0 0 0.0200375 0.0186419 0 0 0.0723573 0.0034915 0.00167841 0 0.00365786 0.0102529 0.0120832 0.00461976 0 0 0 0.0237985 0.0037642 0 0 0 0 0 0 0.00654876 0.0219332 0.00388892 0.00952911 0.00409119 0 0 0 0 0 0.0266356 0.00453842 0.00191306 0.0156554 0.0102569 0.0127749 0.00139596 0.00433886 0.013459 0.0249177 0 0 0.0511128 0.0734068 0.000450634 0 0.0134009 0.00964242 0.00630032 0.00529247 0.0135655 0.00743784 0.0418245 0.0199024 0.0448349 0.0133314 0.0228552 0.0212234 0.0224277 0.0195634 0.0350951 0.0292059 0.00911573 0.017113 0.0717807 0 0.00209218 0 0 0.0203133 0 0.0207077 0 0.0617464 0 0.0404816 0.197647 0 0.0718785 0 0.00098028 0 0 0.00640484 0 0 0.110373 0 0.155962 0 0.0218557 0.0635689 0.00434508 0.0350173 0 0.0236001 0 0 0.218422 0.0527513 0 0 0 0.00230148 0 0 0 0 0 0 0.0139711 0.0324169 0.026456 0.0438939 0.371273 0.0475956 0 0 0.0107116 0 0 0 0.00504455 0.00917108 0.142192 0.0761414 0 0 0.0292058 0.0368755 0.0107732 0.0254981 0.0100837 0.0252171 0.0168568 0.0266041 0.00366965 0.0510794 0.00404672 0 0 0.0425136 0.000418325 7.43794e-05 0.187793 0.156673 0 0.153893 0 0.0147244 0.0638199 0 0 0.037876 0 0.033843 0 0.128685 0.203143 0.15795 0.400409 0.00949734 0.361968 0.0141515 0 0 0 0.00181314 0.106011 0.0484788 0 0.105944 0 0.0689979 0 0.0297493 0 0.0419292 0.00874115 0.00839079 0 0 0 0.0835617 0.0219598 0.0226703 0.0382852 0 0.00320144 0.0114987 0.0586166 0.132949 0 0 0 0.0186553 0 0 0.177207 0.0357437 0 0.0407851 0.0110826 0.0240031 0 0.0403479 0.0115095 0 0.112865 0.00566939 0.0802057 0 0.120015 0 0.0700886 0.0696857 0 0 0.0118836 0.0037051 0 0 0.00920979 0.000626439 0.0354333 0 0.0404732 0 0.107209 0.015203 0.0349706 0.00384948 0.0417271 0 0.0590645 0.00651375 0.060038 0.00567121 0.128701 0.0071561 0.150135 0.0591666 0.196469 0.0592126 0 0 0.202877 0.118567 0.0331713 0.0629064 0 0 0.0134162 0.118073 0.0501371 0.037308 0 0.00011275 0 0 0.110484 0.0676571
133 12.295 0.0549612 -0.0283417 -0.0680329 0.314389 -0.104481 15.426 -0.519076 -0.0518508 -0.0267211 0.346178 0.15378 -0.244675 0.0802729 -0.196785 -0.514223 0.0842548 0.0669073 0.076398 -0.100765 -0.039106 -0.0219091 -0.0132699 0.0599573 0.110026 -0.0780302 0.022851 0.0424706 -0.0225762 -0.00637617 -0.0102632 -0.100003 0.0153672 0.0360589 0.138612 -0.020182 -0.0040105 0.156148 0.0501637 0.0529251 0.457565 0.196607 1.42031 0.203851 0.673457 -0.025372 0.108352 0.153489 -0.0407396 -0.0529954 0.18644 -0.154027 -1.34079 0.441778 0.685488 -0.0523446 -0.016054 1.17259 -0.477994 -0.155498 0.0341767 -0.0538191 1.04958 -1.11299 0.58652 1.16651 -6.49862 0.374376 -0.696077 0.467699 -3.59552 1.09482 0.196509 -0.407003 0.110219 -1.87618e-09 -1.34844 0.963916 0.0890186 -0.0112753 -0.0121814 -0.389538 0.226533 0.13638 -0.138782 -0.0698141 -0.151052 -2.46366e-09 -0.975836 -0.0508627 -0.532159 1.08983 0.0162595 5.62737e-09 2.71263e-10 4.85174e-10 0.112636 -0.214666 0.508323 0.0322363 0.290963 -0.428416 0.233508 2.38957e-09 0.918109 -9.35675e-11 0.441884 -0.758021 -0.286426 1.22287 -1.68705 -2.80009 1.96144 0.313514 0.893416 15.4214 0.0505547 -0.0907158 1.20631 0 0.0188594 0 0 0 0 0.0355421 0.07082 0.15946 0.119926 0 0.0791816 0 0.110103 0 0.124783 0 0.0812366 0 0.165247 0 0.18617 0 0.303002 0 0.376038 0 0.086231 0 0.0833286 0 0 0 0 0.0652958 0 0.00468303 0 0 0.0477601 0 0 0.199642 0 0 0.2626 0 0.151547 0 0.0221106 0.0266381 0.00081867 0 0 0.0171197 0 0 0 0 0.000273343 0 0 0.0396845 0 0.0250639 0 0.0191361 0.126175 0.0126591 0.084456 0.0155899 0.0919258 0.0316932 0.143678 0.0270992 0.0195878 0.00430725 0.14141 0 0.0123339 0.0252623 0.0324952 0 0.00573307 0.139113 0.016661 0.00138866 0 0.104567 0 0.0844682 0 0.102275 0 0.183109 0 0 0.00309322 0.138449 0 0.140028 0 0 0.0311111 0.0894035 0.336402 0.356003 0 0.00623875 0 0.00150311 0 0.0898042 0 0 0 0 0 0.539961 0 0.352203 0 0.0585375 0 0 0.000508183 0 0 0 0.190904 0.0499819 0.130356 0 0.447411 0 0.0852186 0 0.0511389 0 0 0.0866757 0.0508599 0 0 0 0 0 0 0 0.00314036 0 0 0 0.144929 0 0.22439 0.241399 0.1216 0 0 0.130023 0 0 0 0 0.00165544 0.13858 0.0306234 0.00486885 0 0.0426164 0.0181792 0 0 0 0 0 0.124419 0 0.145664 0.0225373 0.0470361 0 0.074209 0 0.00917295 0.0147614 0.553611 0.0284684 0.163682 0 0.159776 0.0509005 0.097016 0 0.0183026 0.0609913 0 0.199681 0 0.245191 0.275479 0 0 0 0.011669 0 0 0.0021682 0 0 0.59299 0.00968506 0.0393329 1.35787e-05 0.00600189 0.029126 0 0.117402 0.0585153 0.0164011 0 0.0404843 0 0.0233781 0.102009 0.0343254 0.034665 0.48669 0 0.362765 0 0 0.10796 0 0 0 0.00202162 0 0.00588066 0.119606 0.0253663 0 0.0831374 0 0.0593702 0 0.105943 0.0538901 0 0 0.0987848 0 0 0.00496772 0 0.124114 0.486754 0.00819686 0 0.0864026 0 0 0 0.0684562 0 0.0805859 0 0.0839492 0 0.257328 0 0.046687 0 0.110427 0 0.146129 0 0.140883 0 0 0.375355 0 0.428333 0 0.423555 0 0.0482855 0.241135 0.252915 0.0662986 0.103347 0 0 0.176564 0.0392627 0.0616986 0.0693326 0 0 0 0.00549778 0.0382456 0.0376033
134 12.3283 0.0687811 -0.0121873 -0.0657932 0.314575 -0.1094 15.463 -0.497701 -0.0547813 -0.00915576 0.101596 0.175711 -0.217571 0.0721279 -0.214287 -0.470953 0.115946 0.0495835 0.0749308 -0.100765 -0.0812403 -0.0193252 -0.0135529 0.0563814 0.105279 -0.0668146 0.0173701 0.0374033 -0.0288844 -0.0077652 -0.0137778 -0.100259 0.0317978 0.0392636 0.122149 -0.0377579 -0.003877 0.15642 0.0395605 0.0520925 0.455016 0.168411 1.43561 0.212361 0.680477 -0.00322828 0.107362 0.153323 -0.0470807 -0.0534841 0.139939 -0.15 -1.36677 0.466501 0.647622 -0.0746062 -0.00302747 0.4581 0.737211 0.154908 0.0362363 -0.125828 1.13044 0.257822 -0.413348 0.293949 -5.67195 0.440819 2.40549 -0.847709 -2.47339 0.913313 0.868435 -0.477972 -0.0828793 -9.76524e-10 -1.51251 -0.250637 -0.0304351 0.111665 0.156154 0.232197 -0.138155 -0.187039 -0.225681 -0.0367623 -0.162513 -1.17506e-09 0.0703655 0.0378256 -0.439588 -0.0273345 0.10805 6.3541e-09 -0.607126 5.02652e-10 -0.0431481 -0.349321 0.332452 0.00902864 -0.822057 0.819235 -0.256173 3.52437e-09 -0.148571 -1.89902e-10 -0.608481 -1.40582 -0.59537 -0.547118 -1.39364 0.373488 0.192506 0.315067 0.889054 15.4612 0.0438 -0.175399 1.18765 0.012714 0.0314832 0.00605143 0.0123834 0.0064918 0.0126423 0.0136408 0.0167526 0.0157529 0.0639732 0.0562695 0.0018675 0.0651552 0.00374171 0.080016 0.00459018 0.0103865 0.0628278 0.118526 0.0536496 0.106625 0.0368615 0.18158 0.0720259 0.177163 0.067686 0.0278673 0.00168791 0.065483 0 0 0 0 0 0 0 0 0 0.0656269 0.0392232 0 0 0 0.166388 0.00315493 0.175132 0 0.0653679 0 0.00459036 0.028819 0 0 0 0.0146299 0.00386447 0 0 0 0.000904303 0.00204698 0.0109833 0.0165735 0.0126116 0.0153822 0.0105509 0.00195883 0.0865724 0 0.0623909 0.000483304 0.0766625 0.0132969 0.137435 0.0319432 0.0425254 0 0.106493 0 0.0110633 0.0289034 0.0413527 0 0 0.0901073 0.0676241 0.00099245 0 0.0662466 0 0.0528151 0 0.0643027 0 0.125776 0.00633134 0 0 0.086012 0 0.0847933 0 0.000588564 0.0112436 0.120305 0.137356 0.391928 0.0529435 0 0 0 0 0 0 0 0 0 0 0.333887 0.0287155 0.0648324 0 0 0.021651 0 0 0 0 0.131194 0.0659779 0.202477 0.0681657 0.0476096 0.184257 0.00401259 0 0 0.06511 0 0 0.161006 0.0159629 0 0 0 0.0500217 0 0.00696545 0 0 0 0.00596597 0.0175439 0 0.0263119 0 0.301102 0.0448076 0 0 0.0914632 0.000405889 0 0 0 0.00859354 0.128944 0.101277 0.0416987 0 0.0713705 0.0533905 0.00961081 0.0268059 0.00899896 0.0256862 0.00970774 0 0.00272854 0 0.0119224 0.0199683 0 0.0706281 0.000160709 0.00739975 0.212578 0.309945 0.0937214 0.328496 0.127134 0.158881 0.0093336 0.0489369 0 0 0.000534519 0.0880836 0 0.132817 0.0659354 0.0468667 0.498407 0 0.462667 0 0 0 0 0 0.12755 0.119918 0 0.110428 0 0.117322 0 0.433183 0 0.556802 0.0189229 0.0533692 0 0.398033 0.0718341 0.186128 0.00811363 0.0327901 0.320273 0 0.207043 0 0.0609577 0.148899 0 0.00392011 0 0.0426546 0 0.0412019 0.146038 0.0444092 0 0.106359 0.0106723 0 0.0533725 0.132346 0.0116732 0 0.141467 0 0.101539 0 0.0341589 0 0.0944615 0.279617 0.0492709 0 0.0566448 0.0113607 0 0 0.032647 0.0129863 0.0462874 0 0.0567729 0 0.151323 0 0.0541948 0 0.0586951 0 0.0822491 0 0.0807221 0 0.173724 0.0874376 0.213935 0.035417 0.253095 0.0187577 0 0 0.0134641 0.0957032 0.036971 0.0122392 0.0126751 0 0.00062751 0.100964 0 0.0134171 0 0.00622955 0 0.000965456 0.0996941 0.0771765
135 12.3616 0.0587524 0.0241973 -0.059637 0.314811 -0.117418 15.5027 -0.468072 -0.0934301 0.00446424 -0.0134152 0.15899 -0.059271 0.0645021 -0.13664 -0.391477 0.174152 0.0450433 0.0754908 -0.100765 -0.125514 -0.0484161 -0.0291663 0.0226958 0.0750538 -0.0389301 0.00373878 0.0361157 -0.0325004 -0.0132799 -0.0213017 -0.100096 0.0149763 0.0275746 0.105932 -0.016434 0.0124873 0.15645 0.0384172 0.0520027 0.497284 0.169616 1.43356 0.235541 0.681424 0.00183524 0.0568658 0.153206 -0.0515593 -0.0538291 0.0994613 -0.158089 -1.39123 0.482015 0.649731 -0.0462788 -0.0136039 -0.174243 1.23279 0.206308 -0.0124709 -0.18501 1.24489 0.552875 -1.31215 0.0531943 -1.74383 0.866666 6.63609 -4.82813 2.51142 1.14076 1.59235 -0.118717 0.0695342 -3.30508e-10 -1.40041 -1.14669 -0.241692 -0.077533 -0.105502 0.380541 -0.419186 -0.0900019 -0.00462979 -0.158225 -0.194972 -2.74348e-09 -0.300379 -0.407488 -0.431365 0.471828 0.47564 4.02515e-09 -0.215276 4.19389e-10 0.23084 -0.259836 0.121301 -0.0840897 0.18106 -0.153709 -0.576937 6.6641e-09 -6.1891e-10 -4.53858e-10 -0.396274 -0.950964 -0.556207 0.0204649 0.0139278 -0.331496 -0.0561641 0.316229 0.882073 15.5007 0.029701 -0.230349 1.17799 0 0.0676868 0 0.0715157 0 0.0683216 0.000157226 0.0418762 0.0206396 0.0571058 0.161245 0 0.1903 0 0.226299 0 0.0836304 0.0838612 0.221592 0 0.214384 0.00418938 0.292979 0 0.302513 0 0.0902037 0.0227213 0.141523 0.0196901 0 0.04289 0 0.0498867 0 0.0590009 0 0 0.194689 0.0354169 0 0.0750908 0 0.386537 0.06022 0.154694 0.0137151 0.00705732 0.00567769 0.0716242 0.0505071 0 0 0.0363139 0.00285236 0.0347344 0 0.0411001 0 0.00727601 0 0.00713042 0 0 0.00243397 0 0 0 0.0217967 0 0 0 0.0384112 0.0546566 0.0148289 0.0341815 0.00564315 0 0.016634 0.0118061 0.0333907 0.0354398 0.017246 0.00641127 0.055896 0.0121107 0.00137621 0 0.0983092 0.0355469 0.0987121 0.0308309 0.10129 0.0368221 0.181077 0.0583531 0.00604547 0 0.0679209 0.0359487 0.161055 0.0403645 0.0256649 0.029498 0.226684 0.0503383 0.434605 0 0 0.0292634 0 0.0346649 0 0.0494644 0 0.00892548 0 0.0623639 0.445689 0.11325 0.0932536 0.0683123 0 0.0499584 0 0.0285389 0 0.00279891 0.199743 0.0104888 0.340895 0.00567452 0.11557 0.0711724 0.00639865 0.0108418 0 0.0964369 0 0.0145832 0.209257 0.0416679 0.111902 0.0165931 0.00110822 0.0938813 0 0.0425043 0.000638036 0 0.076663 0.135916 0.0312495 0.00461668 0.0408943 0.00834711 0.463176 0 0 0 0.189864 0.0392543 0 0.0697946 0 0.0684582 0.261006 0.117671 0.00511036 0 0 0.00851015 0.025198 0.0341709 0.0313963 0.0341539 0.0189454 0 0.0010964 0.0103079 0.043258 0 0 0.130973 0.00111573 0.00303532 0.262161 0.279787 0.110265 0.335299 0.212319 0.126432 0 0.0930208 0 0 0 0.222763 0 0.303133 0.0785188 0.0498803 0.587101 0 0.505626 0 0 0 0 0.0115091 0.194165 0.0361267 0 0.140176 0 0.204392 0 0.531171 0 0.453809 0.0644951 0.102308 0.00287322 0.365365 0.200396 0.1237 0.0155044 0.091025 0.542835 0.00967721 0.110996 0 0.102431 0.193936 0 0.0203973 0 0.0860369 0 0.0641495 0.267716 0.0469067 0 0.106595 0.0190245 0.00290815 0.257524 0.0426411 0.0256492 0 0.213441 0 0.175056 0 0.124123 0 0 0.0953163 0 0.147518 0.0870305 0 0 0.0231748 0.0589581 0 0.00134186 0 0 0 0 0 0 0 0 0 0.00331724 0 0 0 0.290397 0 0.332454 0 0.383827 0 0.0477691 0.0245999 0 0.179357 0.0534558 0.0250146 0.0146162 0.0590089 0 0.184443 0 0.000166003 0 0.028554 0 0.0812729 0.198016 0.140804
136 12.395 0.0514624 0.0485335 -0.0584622 0.314425 -0.122037 15.5438 -0.465521 -0.12666 0.0169067 0.036079 0.288951 0.1871 0.0527103 -0.604715 -0.601407 0.218814 0.034191 0.0819547 -0.0808287 -0.136167 -0.0617197 -0.0320044 -0.0206248 0.0160309 -0.0277585 -0.00408961 0.0391988 -0.0296724 -0.0233112 -0.0231353 -0.103472 -0.0465561 0.0166331 0.106351 0.0429818 0.0256307 0.156666 0.029931 0.0513357 0.430334 0.148122 1.43629 0.188812 0.687617 -0.0305444 0.0882706 0.153206 -0.0515593 -0.0538291 0.113614 -0.189676 -1.3917 0.490508 0.653103 -0.0710367 -0.0137932 -0.12294 0.295817 -0.202355 -0.0892377 0.0663499 1.23831 0.205294 -1.0196 0.265874 1.99786 3.3195 4.32688 -0.424184 -2.10926e-08 -2.22674e-09 1.03328 -0.298371 0.427797 0.821203 1.19452 0.0153307 -0.0433702 -2.7128 -3.69671 0.115345 -0.255728 0.250288 0.103895 -0.244048 0.0544236 -1.56758e-09 -1.27878 -0.298172 -0.151222 1.19359 0.213274 5.87712e-09 0.303672 8.34015e-10 -0.591014 0.159028 -0.594855 -0.176933 0.78516 -1.19671 0.668306 8.72549e-09 -7.49202e-10 -9.77447e-10 0.899384 -0.0624334 0.0960839 0.263408 0.250141 -0.369144 0.124178 0.316361 0.877895 15.5392 -0.0172209 0.0101162 1.14259 0.0207023 0.0422818 0.01139 0.0166604 0.0133701 0.0285878 0.00846591 0.00983761 0.0184902 0.0349199 0.13963 0.00413344 0.142228 0 0.150214 0 0.0833177 0.0932149 0.0855061 0.0138849 0.0541195 0.0295284 0.126577 0.0207866 0.0907766 0.0321369 0 0.0704745 0.0066328 0.0879658 0 0.0630452 0 0.0702455 0 0.081831 0.00190947 0 0.273859 0.0723972 0 0.000231655 0 0.180531 0.0901487 0 0.0184855 0 0 0.0720217 0.0307314 0.00273926 0 0 0 0.0103535 0 0.0137115 0 0.00306664 0.0171664 0.00705107 0 0 0 0 0 0.729541 0 0.732405 0 0.737522 0 0.801317 0.0355216 0.0353306 0 0.736328 0.0168329 0.0153996 0.0412538 0.0352567 0.0142795 0.0261924 0.0412216 0 0.00161714 0.000266643 0.0792058 0 0.0460417 0 0.0779406 0 0.207629 0 0.00701684 0.0351008 0.118304 0 0.114884 0 0.0237139 0.0405289 0.40089 0 0.692047 0 0 0.00463244 0 0.0527596 0 0.0896483 0 0.130881 0 0.151409 0.516843 0.0229235 0.181865 0.0115751 0 0 0 0.0346816 0 0.0296012 0.139398 0 0.267997 0 0.0928861 0.0398603 0.00527133 0.0101852 0.0271797 0.100078 0 0.000229729 0.146048 0.0244076 0.144963 0 0 0.0486827 0 0.0180882 0 0 0.0509151 0.0687075 0.00951071 0.0111136 0.0148483 0.00736618 0.369627 0 0 0 0.176302 0.0052666 0 0.0152345 0 0.0267242 0.124619 0.0833195 0.040387 0.055385 0.0968297 0.136562 0 0.400309 0 0.399015 0.00374901 0.0101252 0.0035206 0.0275596 0.0388899 0 0 0.10017 0.00436497 0 0.214861 0.128834 0.124481 0.246891 0.17689 0.0874098 0.0221586 0.0348271 0 0.0429444 0 0.11188 0 0.142985 0.0340428 0.0327216 0.136614 0 0.0768836 0 0 0 0 0.00367163 0.117479 0 0 0.118479 0 0.138579 0.423825 0.147618 0 0.0964006 0.0316559 0.0600225 0.393948 0.0577131 0.329459 0.154285 0 0.0672629 0.449354 0 0.311782 0 0.0653654 0.166147 0 0.00815403 0 0.0549534 0 0.0238352 0.155233 0.023596 0 0.127284 0.0129524 0.00989398 0.460945 0.100197 0 0 0.0548464 0 0.0567248 0 0.0629221 0 0.0431658 0.883641 0.0809825 0.321745 0.0901157 0 0 0 0.072787 0 0 0.0438859 0 0.0490355 0 0.150445 0 0.0535031 0 0.0534823 0 0.0739187 0 0.0692739 0.183574 0 0.19011 0.0190506 0.228419 0.0118042 0 0 0.00300491 0.0683275 0.029609 0.0312619 0.0445303 0.0061288 0 0.087636 0 0 0 0.0177851 0 0.0315025 0.191089 0.113057
137 12.4283 0.049199 0.0430591 -0.060276 0.313751 -0.117851 15.5845 -0.481537 -0.134385 0.0196045 0.152671 0.268283 0.211677 0.0352775 -0.604715 -0.601407 0.223692 0.0278858 0.0858287 -0.00842057 -0.0538461 -0.0531644 -0.0282342 -0.163713 -0.17878 -0.023635 -0.00427309 0.0426169 -0.0288937 -0.0245469 -0.0190165 -0.103514 -0.0388296 0.0156399 0.105704 0.0406625 0.0206512 0.156351 0.0422748 0.0523057 0.397169 0.156793 1.4156 0.147699 0.68182 -0.0511322 0.0912843 0.153206 -0.0515593 -0.0538291 0.113503 -0.216927 -1.3892 0.450318 0.646702 -0.0681524 -0.0233415 -0.186572 -0.175558 -0.0747548 -0.0975828 0.256858 1.25011 0.0697415 -0.263366 0.00763343 3.03765 -1.87428 0.419745 -0.658542 -4.57349e-09 -1.13678e-09 -0.0922236 -0.196927 0.160708 2.6575 3.72018 0.305624 0.0350085 -5.53195 -7.5194 -0.0282229 -0.0536582 0.126399 0.254619 -0.0312956 0.110588 -2.03287e-09 -0.0296927 0.119247 -0.0304621 0.166239 -0.307413 3.14791e-09 0.866821 5.26617e-10 -0.275517 -0.0790362 -0.845015 0.0678635 0.521837 -0.74443 0.312682 7.79595e-09 -7.9013e-10 -7.16461e-10 0.483128 -0.21542 0.176512 -0.611826 0.557029 1.1407 -0.785582 0.315051 0.882202 15.578 -0.0485193 0.197727 1.18248 0.015358 0.0454668 0.00349455 0.0277526 0.00732311 0.0349959 0.00615455 0.0177454 0.0170699 0.0224148 0.143119 0.0102308 0.150133 0 0.15755 0 0.100486 0.0654723 0.00118569 0.00909416 0 0.00891074 0.0153341 0.00831309 0 0.00789386 0 0.00134662 0 0.00152082 0 0.0106386 0 0.0106198 0 0.0200436 0.00387486 0 0.282152 0.0557375 0 0 0 0.0348784 0.0584443 0 0.0028944 0 0 0.0305829 0.0210511 0 0 0 0 0 0 0 0 0 0.00495708 0 0 0.00410737 0 2.69714e-05 0 0.167114 0 0.134209 0 0.151948 0.00917739 0.225447 0.0235442 0.0147334 0.00487929 0.19694 0.0191906 0.00755538 0.0358335 0.023303 0.0368061 0.00805553 0.0167531 0.0180889 0.00118474 0 0.0475814 0.00721998 0.0197148 0.00172983 0.0468914 0.00615285 0.175335 0.0382005 0.0266692 0.0343213 0.0999264 0.00129408 0.0991725 0.00185001 0.0378478 0.0380467 0.210597 0 0.518407 0 0 0.0289507 0 0.0447875 0 0.0614411 0 0.0439072 0 0.0437879 0.54684 0.00137465 0.28509 0.0191561 0.00502476 0.0235034 0 0.0496442 0 0.02162 0.0576915 0.00295168 0.182351 0 0 0.011673 0 0.0050653 0.00904573 0.0333085 0 0 0.188166 0.0422643 0.170865 0 0 0.0764769 0 0.0117981 0 0.00260871 0.0671234 0.073566 0 0.00714909 0 0.00746989 0.475351 0.0230839 0.00062864 0 0.128087 0 0 0 0 0.00234198 0.119228 0.155491 0.0474592 0.0175302 0.10699 0.0564741 0 0.0438337 0 0.0431471 0 0.00566455 0 0.0083979 0.0200933 0 0 0.0246917 0.0035027 0 0.0426222 0.126203 0.0374891 0.20107 0.0689259 0.0941664 0.0190192 0.0264066 0 0.00950661 0 0.0922595 0 0.120535 0.016646 0.0331147 0.0324512 0.0330973 0 0.0379975 0 0.00690294 0 0 0 0 0 0.131326 0 0.150357 0.254207 0.0252436 0.00323708 0.0263419 0.0160351 0.0880536 0.315318 0.0027395 0.258675 0.187311 0 0.0155572 0.301357 0 0.31756 0 0.0454977 0.175419 0 0.00941699 0 0.0409795 0 0.0534489 0.185017 0.0560316 0 0.0548477 0 0.00245757 0.387307 0.0716421 0.0230544 0.00261069 0.008905 0.00582459 0.0345061 0.00912746 0.128994 0 0.0221793 0.580399 0.0292632 0.0819131 0.0738 0 0 0 0.0600114 0 0 0.0351534 0 0.0359643 0 0.117928 0 0.0493123 0 0.0386718 0 0.0575968 0 0.052496 0.0641781 0 0.0412295 0.000140305 0.0418757 0 0 0.0138813 0 0.126806 0.00852245 0.0409348 0.035582 0.0257782 0 0.0779463 0 0.00964841 0 0.00565287 0 0 0.196379 0.118552
138 12.4616 0.0592106 0.0384361 -0.0601371 0.312191 -0.108187 15.6268 -0.46832 -0.126609 0.0201454 0.205084 0.209498 0.201245 0.0366302 -0.489838 -0.408847 0.167327 0.0325716 0.0889989 0.123601 0.174432 -0.058197 -0.00805297 -0.438752 -0.608325 -0.0383438 -0.00541856 0.0439193 -0.029967 -0.0224085 -0.0159962 -0.103499 -0.0395818 0.0154899 0.11174 0.0433898 0.0215252 0.156147 0.0502016 0.052928 0.378449 0.158907 1.39008 0.137367 0.698941 -0.0583214 0.0872794 0.153229 -0.0506928 -0.0537623 0.102642 -0.255474 -1.38225 0.342378 0.631319 -0.035842 -0.0520104 0.37315 -0.532271 -0.152985 -0.14761 0.380395 1.26299 0.773228 0.375376 0.434457 0.824226 -1.40452 -0.134376 -0.40417 4.28966 8.37848 -1.98349 0.435586 0.190502 4.09131 6.84995 0.0910122 -0.0352078 -6.81593 -9.29121 -0.412901 0.0508176 0.18158 -0.152669 0.0256849 0.120531 -2.5165e-09 -0.795033 -0.0280955 0.172411 0.899708 0.0673378 2.30229e-09 3.85217e-10 3.36373e-10 -0.744957 0.29827 -0.959175 0.234317 0.73912 -0.454065 0.30595 6.53981e-09 -9.08103e-10 -5.76045e-10 0.320007 0.401709 0.231141 -0.48355 1.46949 2.72983 -1.61323 0.313039 0.890981 15.6183 -0.0709318 0.283589 1.22675 0.0231537 0.025399 0.0126436 0.0142799 0.0062351 0.0140513 0.0145836 0.0148864 0.0310441 0 0.070293 0.00952301 0.0683449 0.000922091 0.0720182 0.00129119 0.118906 0.0716127 0 0.0101009 0 0.0333064 0 0.0417596 0 0.0722324 0 0.0323581 0 0.0346298 0 0 0 0 0.0181446 0 0.0044746 0 0.272499 0.0375029 0 0 0.105241 0 0.00100198 0 0 0 0.0142797 0.0300792 0.0111991 0.000148721 0 0 0 0.000710795 0 0 0 0.000342013 0 0 0 0 0 0 0 0.047313 0 0.0342226 0 0.0560526 0.0263084 0.13018 0 0.00867363 0.024515 0.0625771 0.0194959 0.00860118 0.0173852 0.0216888 0.0786033 0.0111628 0 0 0.000874009 0 0.0283503 0 0.00631635 0 0.0264393 0 0.139843 0.0103519 0.0532495 0.0102984 0.0663542 0 0.0658979 0 0.0576805 0.0354428 0.139698 0.0394533 0.329055 0.155843 0 0.0089432 0 0.026672 0.0100371 0.0165752 0 0.011872 0 0 0.476273 0 0.231747 0 0.000874959 0.00852801 0 0.0625106 0 0.00134982 0 0.0129023 0.0374064 0 0 0.0479782 0 0.052822 0 0.0288781 0 0 0.186722 0.0480641 0.189122 0 0 0.0365536 0 0.00724712 0 0 0.0241734 0.0244997 0 0.0532674 0 0.0864484 0.497598 0.057486 0.00276057 0 0.154301 0 0 0.00142646 0 0.0137726 0.144178 0.119854 0.0606261 0.101724 0.111099 0.211824 0.00952239 0.0607519 0.00876889 0.0602653 0 0.077672 0 0.101797 0.00433682 0 0 0.047082 0.000832447 0 0.012341 0.121235 0.0331253 0.102647 0.0215612 0.0583862 0.032828 0.00247897 0 0.0225533 0.00596186 0 0.0166085 0 0 0.0139616 0 0.0871222 0 0.175235 0 0 0 0 0 0.127296 0 0.140849 0 0.113485 0.0310051 0 0.0601613 0.00473467 0.0113836 0.048645 0.0329441 0 0.215361 0.117864 0.000850606 0.0127268 0.204578 0.00289 0.287055 0.00026256 0.0293037 0.184563 0 0.00535961 0 0.0264173 0 0.0114146 0.209091 0.0470153 0 0.0334839 0 0.035604 0.306208 0.0373546 0.0343572 0 0 0.0676271 0 0.00968102 0.135642 0 0 0.0755758 0.00273125 0 0.0445739 0 0 0 0.0357981 0 0 0.0157711 0 0.0241901 0.052524 0.0728191 0 0.0279286 0.016662 0.015792 0.0302468 0.0319305 0.0194766 0.0289667 0 0.0507856 0 0.112071 0 0.12173 0 0.0196405 0.0484231 0.1555 0 0.0681235 0.00983959 0.01974 0.0193703 9.15988e-05 0.00857536 0.026615 0 0.00027147 0 0 0.177193 0.0874185
139 12.495 0.0603972 0.0266797 -0.0505734 0.309124 -0.0949126 15.6708 -0.407558 -0.118505 0.0192419 0.192299 0.174227 0.182576 0.0268506 -0.323003 -0.0294826 0.0683915 0.0441071 0.0876548 0.340881 0.390719 -0.0658677 -0.0167238 -0.426709 -0.608325 -0.0444489 -0.00569077 0.0360147 -0.0322503 -0.0225652 -0.0175296 -0.103364 -0.0465358 0.0114862 0.118761 0.0544724 0.0267856 0.155778 0.0500402 0.0529252 0.370446 0.174862 1.36519 0.147017 0.700394 -0.0459758 0.0740944 0.153235 -0.0504428 -0.0537431 0.105556 -0.270479 -1.3677 0.251825 0.639817 -0.00667426 -0.0658965 -0.180178 -0.982691 0.463371 -0.173168 0.530779 1.35023 2.18861 0.362379 0.0577045 -0.577657 -0.250977 -1.31582 -0.643969 4.4002 9.25115 -2.56589 0.685796 -0.310431 5.56137 9.62854 -0.289091 -0.428361 1.34126 -5.32203e-07 -0.156114 0.0713264 -0.245293 0.0534988 0.0890273 -0.235629 -2.48289e-09 0.447692 0.184093 0.24805 -0.385059 -0.320772 -0.178839 2.61559e-10 1.97562e-10 -0.196161 0.539321 -0.695064 0.0966506 2.42921e-10 0.0986366 -0.0364739 5.49327e-09 -6.24939e-10 -4.04777e-10 -0.580962 1.14917 0.257958 -0.344525 1.52166 1.76511 -0.744686 0.310521 0.903117 15.6602 -0.0833914 0.426918 1.29693 0 0.0553914 0 0.0404707 0 0.0375338 0 0.0364377 0.010672 0.00412849 0 0.0769978 0.000992037 0.0583413 0.014066 0.0502587 0.0779976 0.0373234 0.00280074 0.0482907 0 0.0536395 0.0114634 0.0685902 0 0.100716 0 0.0464082 0 0.0547096 0 0.0146511 0 0 0.0114527 0 0.00264716 0 0.191776 0.0133511 0 0.00409822 0.0202629 0.00356776 0 0.0353735 0 0.0122457 0 0.0306693 0.00299895 0 0 0 0.00646539 0.00380741 0 0.00177079 0 0.000592435 0 0 0 0.0139869 0 0 0 0.0153446 0.00097171 0.00556768 0.00653535 0.0195096 0.04085 0.0705339 0 0 0.0183247 0.0333444 0.0106899 0 0.00662426 0.00273524 0.0549739 0 0 0.0294162 0.000723174 0 0.0984821 0 0.0703914 0 0.0920273 0 0.191965 0.00976324 0.0612314 0.031559 0.104229 0.000734687 0.104985 0 0.0464951 0.0401967 0.163955 0.0470664 0.581261 0.0795199 0 0 0 0.00117434 0.0134134 0 0 0.0114429 0 0.0065633 0.431189 0 0.262778 0 0.0135308 0.00408144 0 0.0162284 0 0 0.00235828 0.0177226 0.0727316 0 0 0.0796803 0 0.0132949 0 0.00437523 0 0 0.182709 0.0776334 0.165895 0 0 0.0726173 0 0.00596289 0 0.00549059 0.0543013 0.0587166 0 0.0247051 0 0.0349834 0.474786 0.08003 0.00289525 0 0.0981684 0 0 0 0 0.0156388 0.17389 0.121164 0.0234708 0.0713801 0.0439034 0.167021 0.0252299 0.0368466 0.0237463 0.0357122 0 0.019132 0 0.0148712 0.010457 0 0 0.0402144 0 0.00143952 0.010563 0.114425 0.0260605 0.0995909 0.0147508 0.0621542 0.000521079 0.0393351 0 0.00930202 0 0.0200582 0.00218409 0.0180536 0 0.0145545 0.0503637 0.00472161 0.0167874 0.00752189 0 0.00555783 0 0 0 0.0645453 0 0.161937 0 0.143864 0 0.00101278 0.000664463 0.0688806 0.00253885 0.0717818 0 0.031469 0.126515 0.0700284 0.00431421 0 0.477014 0.000736941 0.282 0.00326074 0.0196402 0.264346 0 0.00335128 0 0.0291277 0 0.0576236 0.239867 0.0459049 0 0 0 0.0123272 0.176235 0 0.0428113 0 0.0111817 0.0101479 0.0109072 0.0106568 0.131496 0 0.0754095 0.0285244 0.0725188 0 0.0363243 0 0 0 0.0273743 0 0.0191442 0 0.0182351 0 0.198177 0 0.0418535 0 0.0665459 0 0.102505 0 0.0759673 0 0 0.0299654 0 0.0579591 0 0.0768779 0 0.0495118 0 0.224842 0 0.113711 0 0.0537934 0 0.0308524 0 0.0281763 0 0 0 0 0.169962 0.0998066
140 12.5283 0.0391479 0.0350458 -0.0457615 0.306547 -0.0840197 15.7151 -0.28358 -0.131679 0.0171742 0.114746 0.13171 0.189986 0.0197048 -0.320757 0.0582714 -0.0672077 0.0323919 0.0897896 0.621634 0.498035 -0.0019865 -0.0676488 -0.148816 -0.399021 0.00259527 -0.0233745 0.0482279 -0.0735433 -0.00597201 -0.0283399 -0.103498 0.0261156 -0.0248498 0.143487 -8.46475e-05 0.0553005 0.090162 0.0152284 0.0500896 0.413633 0.165646 1.35467 0.125343 0.6915 -0.00993208 0.0992645 0.153239 -0.0503074 -0.0537327 0.0921628 -0.247518 -1.36633 0.188035 0.689425 -0.024573 -0.102351 -0.939598 -0.538928 -0.0367213 -0.116891 0.279092 1.30459 3.64428 -0.205936 -0.205871 -1.90624 -0.782159 0.761246 1.69077 -6.03392 -0.00229194 -3.30209 0.109909 -0.0809703 7.50466 -0.249697 1.71712 -1.00677 8.35304 7.47739 1.99964 -0.168147 0.43013 -1.56328 0.614864 -0.0880507 -1.01419e-09 -1.60402 -0.988472 1.05641 2.36777 0.560346 -1.82581 -0.0263419 0.0998435 0.881295 -1.60136 -0.297365 0.0920284 -0.319085 0.523948 0.419735 5.08124e-09 -2.93103e-10 -1.73461e-10 -0.114104 1.37325 -0.0547451 0.286661 1.23894 0.0967143 0.0144572 0.307673 0.913385 15.7038 -0.0905465 0.234671 1.30601 0 0 0 0.000530586 0.0212878 0.0361211 0 0 0 0 0.0969243 0.118763 0.0784736 0.0762746 0.0878557 0.0560583 0.0315592 0.038137 0.0395368 0 0.0300891 0 0.128266 0 0.151976 0 0 0 0 0 0.129022 0.0115832 0.0724846 0 0.154033 0.102514 0.0174774 0.00849278 0.142923 0.0245956 0 0.036144 0 0.0441263 0.0307812 0.0236705 0.0927796 0.139124 0 0.0303359 0 0 0 0.0290557 0.0150281 0.0176343 0 0.0111315 0 0 0 0.0083224 0.00779294 0.0372814 0.000819837 0.0102773 0 0.178498 0 0.124207 0 0.165776 0 0.247518 0 0.0136197 0 0.125134 0.003366 0.00334802 0 0.00824962 0.0583002 0.0226556 0.0218019 0.0653914 0.000639151 0.000691645 0.191971 0.0108453 0.1819 0 0.239202 0.0140552 0.210265 0.0166517 0.0776217 0.000735266 0.126887 0 0.336474 0.000364482 0.0371349 0.0267164 0.042772 0 0.0189075 0.100165 0 0.032742 0 0 0 0.103405 0.00640584 0 0.02223 0.0985624 0.00969935 0.110594 0 0.2766 0 0.16006 0 0.0579526 0.101785 0.0181048 0 0 0 0 0 0 0.00557161 0 0 0 0 0.0399423 0.175167 0.0386891 0.291556 0 0 0 0 0 0 0 0.219445 0.146171 0.0187022 0 0.0508595 0 0.542634 0 0.00288044 0 0.114356 0.055694 0 0.0193348 0 0 0.257326 0.239817 0 0.32668 0.022428 0.541817 0 0.156508 0 0.172734 0.0712673 0.050895 0 0.0445256 0.0560837 0.0463737 0 0.124217 0 0.00195548 0 0 0.272311 0.0698561 0.196806 0.0986338 0.003206 0 0.0181671 0.0684951 0.0126658 0 2.26253e-06 0 0 0 0.0533598 0 0.139273 0 0 0 0 0 0 0 0 0.266095 0 0.0845658 0.0928558 0.125764 0.0419004 0 0.0158436 0.00186187 0.0667126 0.192209 0.0628495 0.0263953 0.011305 0 0.127898 0.00238025 0.0952687 0 0.137713 0.33202 0 0 0 0.0121495 0.00820276 0.060292 0.308629 0.0898607 0 0.0015797 0.0667894 0 0.0820618 0 0.00229354 0.0147167 0.0611957 0 0 0 0.1958 0 0 0.231952 0.725163 0.113176 0.0299803 0.0160944 0 0.0248914 0.066585 0.0378929 0 0.0144024 0 0.00705904 0.16185 0.0194751 0 0.0327565 0 0 0.0561699 0 0.00115295 0 0.125156 0.025156 0.0899336 0.100216 0.0701795 0.0526021 0.000189581 0.0258708 0.0476944 0.141693 0 0.194047 0.0530555 0.0929547 0.0132648 0 0.0163585 0.0195592 0 0 0 0 0.1911 0.0949877
141 12.5616 0.0384025 0.0277545 -0.0131161 0.306977 -0.0740978 15.759 -0.197049 -0.166481 -0.0152017 0.0544078 0.10553 0.235657 0.0302762 -0.13644 0.0744442 -0.158981 0.0226693 0.0445474 0.703668 0.272779 0.163826 -0.147943 -0.0463401 -0.296543 0.0159653 -0.036731 0.0193522 -0.105026 0.0251293 -0.0224337 -0.103761 0.0333869 -0.0472172 0.160461 -0.00760211 0.074987 0.0661071 0.0287456 0.0509041 0.398326 0.0823663 1.35397 0.193941 0.703779 -0.0967622 -0.00505882 0.153196 -0.0519433 -0.0538586 0.190645 -0.334323 -1.34567 0.0608103 0.616544 -0.00906955 -0.029648 0.192257 0.200841 1.29295 0.0197837 0.337951 1.29601 2.22073 -0.643504 -1.6684 -1.85886 -0.801875 0.769661 0.102969 5.29495 0.00473489 -2.50095 0.171565 -1.63977 0.033917 -5.84487 2.54405 -1.2697 1.65586 2.63309 0.00139228 -0.53651 -0.921481 -0.770286 0.558278 -0.026875 -2.58995e-09 -0.462105 -0.727469 0.316946 0.551834 0.623043 1.28496 -0.147801 9.58558e-12 -2.28653 1.58909 -0.524043 0.262782 3.36406e-10 -1.37789 -0.666488 4.89216e-09 -1.63878e-09 -4.99629e-10 2.19938 0.538138 -0.100017 -1.75781 2.22682 2.23861 -0.328942 0.305825 0.922355 15.7468 -0.0319708 0.24769 1.28458 0 0 0 0.014465 0 0.0406878 0 0.00221042 0.0208282 0.0419279 0.260845 0 0.283382 0 0.324467 0 0.0631149 0.00797154 0.0622854 0 0.0179062 0 0.139583 0 0.169061 0 0 0 0 0 0.0131768 0.00190643 0.0330822 0 0.0268204 0.0287943 0.0137085 0.0095334 0.22061 0.0181194 0 0.0687613 0 0 0.0534594 0.107988 0.0860338 0.105202 0 0.0364085 0 0 0 0.029908 0 0.0217222 0 0 0 0 0.0189623 0 0.0159462 0.0624676 0.00509215 0.0198062 0 0.0345778 0 0 0 0.012776 0 0.0381824 0 0.000792119 0.0228386 0 0.0147258 0 0.0145389 0 0.0762317 0.0022506 0 0.071941 0.000932808 0.000930715 0.13003 0.113435 0.0642873 0.0780215 0.0932803 0.0969248 0.0360581 0.0741675 0.0537751 0.023841 0 0.0900118 0.145777 0.098271 0.0294771 0.0234219 0.0852637 0.111333 0 0.00264949 0 0.272017 0 0.0556688 0 0.210736 0 0 0 0.0146802 0.286239 0.566355 0.157835 0.653954 0.14304 0.514794 0 0.233488 0.015518 0 0.151145 0.188045 0.253708 0.295627 0 0 0 0 0.0012323 0 0 0.0221123 0.185093 0.108776 0.156217 0 0 0 0 0 0 0.0122299 0.0882113 0.0694338 0.0218484 0 0.0567716 0 0.543022 0.189152 0.00334781 0 0.0425111 0.0237795 0 0.0259275 0 0 0.210699 0.185896 0 0.129771 0.0498467 0.110295 0 0.0961716 0 0.109961 0.0857747 0.00500202 0 0.0187786 0 0.0601442 0 0.135252 0 0.00179646 0.0372126 0.064551 0.250004 0.336794 0.32458 0.117878 0.0328557 0.0818806 0.00235076 0 0 0.222985 0 0.333107 0.0421229 0 0.375254 0.115207 0.365375 0 0 0 0.00778955 0 0.22983 0 0 0.219963 0 0.0643892 0 0.102566 0 0.000853296 0 0 0.0134838 0.399402 0.143045 0 0.0141655 0 0.0946497 0.0155112 0 0 0.0403603 0.239686 0 0 0 0 0.0131157 0.0406391 0.2704 0.0860872 0 0 0.0154998 0 0.226899 0 0.0813401 0.16394 0.225457 0.00156878 0.11284 0.0641212 0.192392 0.021331 0.135638 0.298378 0.0602966 0.160912 0.00789366 0.0144026 0.00438314 0.0302008 0.0385034 0.0185665 0 0 0 0 0.0678969 0.0441512 0 0.00974769 0 0 0.00873757 0 0.0065704 0 0.375297 0 0.211945 0.031848 0.217353 0.0238223 0.0057215 0.00686709 0 0.314058 0.0690243 0 0.0645656 0.0142052 0.00380805 0.171743 0 0 0 0 0 0.00420172 0.138799 0.0479368
142 12.595 0.0246843 0.0406572 0.0213744 0.308732 -0.0665399 15.8018 -0.0921508 -0.185168 -0.0547391 -0.0165975 0.0853727 0.242731 0.0388149 0.0490601 0.0707823 -0.241327 0.0449242 0.0108913 0.735153 0.0916615 0.146477 -0.114719 0.014597 -0.231907 0.0206865 -0.0416681 0.00143699 -0.093706 0.0277175 -0.0302426 -0.103745 0.0367178 -0.0527896 0.141466 -0.00900009 0.0606714 0.153323 -0.012615 0.0500167 0.309677 0.184878 1.32066 0.230948 0.704466 -0.0835044 -0.0205641 0.153196 -0.0519433 -0.0538586 0.264761 -0.299162 -1.33079 0.162763 0.700193 0.0210682 -0.0307211 -0.45193 0.296201 0.854494 0.00537047 0.221 1.23865 2.93316 -0.0875466 -1.27957 -2.03608 -0.230361 -0.0542903 0.181844 -0.406981 -0.553363 -2.64536 1.01092 -0.642467 1.01688 -4.3888 -2.55808 1.34589 1.3728 1.46036 0.0917392 0.152368 -0.289173 0.572306 0.130964 -0.380027 -8.60868e-10 0.504904 -1.34931e-10 -0.592608 -0.54086 -0.496468 1.35775e-09 -1.83506 0.243051 -0.480989 1.6527 -0.855569 0.596534 1.16453e-10 1.19739 -0.688272 3.37674e-09 -2.78739e-10 -1.25815e-10 0.148678 1.11964 -0.0498805 0.781662 -0.409414 -2.19909 2.01179 0.305286 0.929537 15.7893 -0.00363284 0.194211 1.26063 0.0547059 0 0.0456716 0 0.0473955 0 0.0257395 0 0.0285926 0 0.152502 0.101904 0.105362 0.0873086 0.098949 0.0950997 0 0.0324817 0.0136888 0 0 0 0.0349962 0 0.0368882 0 0.00026065 0 0 0 0 0 0 0 0 0.00581129 0.0145157 0.00075547 0.0349463 0 0 0.0342076 0 0 0.153387 0.0496797 0.0500943 0.0574494 0 0.040586 0 0.00401484 0 0.000415272 0.016266 0.0242637 0 0 0 0 0 0 0.043333 0.0295372 0.015371 0.0120372 0 0.014864 0 0 0 0.0461082 0 0.144586 0 0 0 0 0 0.00148516 0.00051447 0.00656818 0 0 0.0844979 0.0440871 0 0.00167168 0.0515188 0.00288793 0.0359175 0 0.0437356 0 0.0377663 0.0193021 0.00598038 0.0175832 0.0394807 0 0.0442495 0.00271631 0.00884684 0.0226456 0.0522676 0.693439 0 0.275902 0.0193859 0.250926 0 0 0 0.0150436 0 0 0.00281088 0 0.22532 0.534059 0.180634 0.577334 0.149425 0.502504 0 0.118074 0 0 0.154448 0.232968 0.150854 0.324619 0.115342 0.0303018 0 0 0 0 0 0.000685381 0.0942217 0.0581432 0.123406 0.0298416 0 0.0124312 0 0 0 0 0.126431 0.0984429 0 0 0.00323843 0.0104954 0.31017 0.0194402 0 0 0 0 0 0 0 0.00136778 0.247663 0.0684267 0.00226257 0.28175 0.0581513 0.452885 0 0.0401836 0 0.0406605 0 0.00974623 0 0 0.0139457 0.063198 0 0.0213815 0.0016332 0.00136606 0.225918 0.0637873 0.23529 0.189657 0.19073 0.145332 0.0367852 0 0 0 0.0429481 0.00235328 0.0445123 0 0 0.00217445 0.0246109 0.0055013 0.00587976 0 0 0 0 0 0.180681 0.133166 0.0212593 0.0420942 0 0.0294392 0.0470547 0.175892 0 0.0302854 0.00618346 0.0459644 0.0123092 0.256176 0.0395533 0.00085575 0.000272 0 0.124252 0 0 0.232819 0.101999 0.197236 0 0 0 0 0 0.0224237 0.233988 0.0133117 0 0 0 0 0 0 0.0107868 0.0459422 0 0.044314 0.00227961 0.0833209 0.0713674 0.076855 0 0 0.0679558 0 0.0788162 0.00217077 0 0.0305209 0.0882679 0 0 0 0 0 0 0 0 0 0 0 0 0 0 0 0.0756484 0.0790401 0.0656682 0.0568668 0.102295 0.0879496 0.000729873 0.00422674 0.122667 0.0753069 0 0.0506214 0.0923111 0.0321441 0.0280739 0 0 0 0 0 0 0 0.0925607 0.054534
143 12.6283 0.0438759 0.0489229 0.0126858 0.308322 -0.0623174 15.8412 -0.0185181 -0.184804 -0.039418 -0.102259 0.130398 0.239125 -0.00525405 -0.0066644 -0.0406821 -0.353684 0.0511522 0.0233342 0.702643 0.0235785 0.145698 -0.0689599 0.0959763 -0.144577 0.00480683 -0.0541094 0.012749 -0.0991778 0.0221422 -0.0189957 -0.105303 -0.0243562 -0.049435 0.148929 0.0406375 0.0450021 0.153712 -0.0292221 0.0506086 0.267159 0.232968 1.29191 0.198859 0.690351 0.056172 0.0990155 0.155075 0.0225609 -0.0431006 0.173015 -0.255837 -1.38218 0.11414 0.682387 -0.0298834 -0.111834 0.519402 -0.163243 -0.121326 -0.080084 0.0800012 1.14571 2.06759 0.46374 0.325916 -2.71272 9.70362 2.05702 -8.26476 -19.3475 -31.3746 -2.92608 0.10801 0.0892618 -1.96665 -1.48136 0.610536 1.30235 2.47916 3.02692 -0.198655 -0.0648399 -0.045811 -0.301476 -0.316985 0.524502 -1.99761e-09 -2.54719 0.00368281 0.262281 2.01458 -0.519091 2.93792e-09 0.54741 -0.0043905 -0.401223 1.01252 -0.789651 -0.109953 -0.659967 1.49036 1.68642 4.51659e-09 2.29372 0.498581 0.673981 -0.025281 -1.1948 0.170656 -0.182236 -0.68463 -0.742111 0.305059 0.933763 15.8307 -0.00500949 0.0353847 1.23491 0.00741627 0 0.0071724 0 0.0251356 0 0 0 0.0154997 0 0.050142 0.0140473 0.0470615 0.0562713 0.0185471 0.106218 0.0297001 0.0140079 0.0639735 0.0585189 0.0925845 0.0247891 0.0263556 0.228888 0.10006 0.186611 0.0687975 0 0 0.0121471 0.0127286 0.0545411 0 0.0841267 0.0104407 0.115086 0 0.00442188 0.0172366 0 0.112805 0 0.014545 0 0 0.0468256 0.0850849 0.103758 0.0504878 0.0321132 0 0 0.00666218 0 0.0713358 0.0498459 0 0 0 0 0.00425179 0.0351492 0.0573254 0.0512292 0.00771679 0.0228327 0.0141998 0.0440305 0 0 0.0199492 0.021359 0 0.0761263 0.0102106 0.0220807 0 0.0536727 0.00471267 0.000334184 0.00193787 0.0111834 0.0464555 0.0302329 0.0539153 0.0797848 0.00148837 0 0.1278 0.0955544 0.0920193 0.0529688 0.109472 0.107256 0.0895944 0.128302 0.0795187 0.0402509 0.0951309 0 0.094303 0.037728 0.0342153 0.0165472 0.103409 0.361754 0.0736538 0.199159 0 0 0 0 0 0 0 0 0.0894978 0.00457613 0 0.113656 0.0123671 0.117742 0.0868086 0.140681 0.0178206 0.0265282 0.0923302 0.120993 0 0.19653 0 0.204586 0 0 0.00127061 0 0 0 0 0 0.225049 0.205227 0.0570301 0 0 0 0 0 0 0 0 0.0548461 0 0.00656995 0 0.045628 0.372873 0.281611 0 0.00113112 0.119477 0 0.0155559 0 0 0 0.182419 0.178802 0.0177846 0.180522 0 0.413024 0.0684901 0.0676846 0.0806174 0.0551059 0.0468215 0.0642199 0.0532071 0 0.00364979 0 0.0481844 0 0.0017198 0 0.112262 0 0.328202 0.163753 0.13654 0.11934 0.0206005 0 0.0369234 0.00783172 0.0275471 0 0.0781933 0 0 0.000880109 0.0374425 0 0.000305718 0.0776588 0 0.00351228 0 0 0.00888831 0.185387 0.098103 0.115186 0.0180043 0 0.204762 0.0298903 0.0189473 0 0 0 0.158597 0.0555216 0 0 0 0 0 0 0.00373865 0 0.221153 0.144422 0 0 0 0 0.0103599 0.0245094 0.171526 0.150767 0 0 0 0.0573631 0 0 0.0228168 0.00734476 0 0.0660648 0 0.00297069 0.186908 0.183088 0.0213017 0.252474 0.253685 0.0343618 0 0 0.108283 0.0431061 0 0 0 0 0 0 0 0 0 0 0 0 0 0 0 0 0.064754 0.315825 0.16679 0.176563 0.170128 0.255844 0.0115252 0 0.195646 0.12251 0 0.0714896 0.0487815 0.00129186 0.0855848 0.00302963 0.0396381 0 0 0 0 0 0.153357 0.108673
144 12.6616 0.0422439 0.0340855 0.00884371 0.307425 -0.0669627 15.8793 0.0343518 -0.166743 -0.0329317 -0.102259 0.0509479 0.18257 0.0082966 0.0105539 -0.000882271 -0.424026 0.0601902 0.0345038 0.618973 -0.0312902 0.121643 -0.0330196 0.11814 -0.117385 0.000614977 -0.0528392 0.0147494 -0.0799507 0.0295661 -0.00942033 -0.104677 0.00390332 -0.0414002 0.149205 0.0197072 0.0288556 0.152393 0.0281928 0.0413939 0.211523 0.162271 1.30854 0.305761 0.699042 0.0229595 0.0387329 0.155031 0.015201 -0.0370761 0.324023 -0.280575 -1.36383 0.209437 0.647144 -0.0227431 -0.0885077 -0.161114 -0.346034 -0.251342 -0.0836684 -0.220135 1.14297 1.70673 0.566748 0.042201 -6.08454e-10 -2.91421 -1.65774 2.29094 -0.628056 1.77188 -2.11425 0.134958 0.57398 -2.3814 -1.09824 -1.26539 0.662359 0.495347 0.401773 -0.0916671 0.11933 0.175279 0.747462 0.108739 0.283239 -1.00349e-09 -1.04031 -0.0545304 0.112383 1.37865 -0.116813 3.72069e-09 0.177684 -0.623086 -0.38471 1.50529 0.316701 0.309791 -0.600409 0.895852 -1.42884 3.5083e-09 -0.533038 -0.136283 1.04853 1.0011 -0.0750109 -0.0580276 -0.994396 -1.17161 0.125184 0.304892 0.929689 15.8721 -0.00993049 -0.239354 1.24087 0.0430539 0 0.0362693 0 0.0335962 0 0.0285022 0 0.020127 0 0.0621709 0.0374548 0.047055 0.0338158 0.0427886 0.0466894 0 0 0.00942783 0 0 0.000324778 0.0101845 0.00343228 0.0186982 0.00395551 0 0 0 0.00359106 0.000949286 0.00163274 0 0.00416397 0 0 0.0130393 0 0.0314927 0 0 0.101438 0.00548647 0.00398053 0.0737712 0 0.048231 0 0 0.00846822 0 0.00831972 0 0 0.0150259 0.0456792 0 0 0 0 0.0155756 0 0.0567072 0.0384845 0.0318904 0.014321 0.011436 0 0.000334068 0 0.00823291 0.0110729 0.059017 0.0942757 0.0412206 0 0.0307104 0.00228151 0 0 0.0297068 0 0 0 0.145432 0.0895469 0.000191624 0.000618883 0 0 0 0 0 0 0 0.0187406 0 0.0352559 0 0.00651027 0 0.00871835 0 0.0204134 0.164416 0.0695244 0.111774 0.162789 0.032919 0.040882 0.00143846 0 0 0.00611819 0 0 0 0.00627184 0.0454102 0.136243 0.0424456 0.0864265 0.0972816 0.0591092 0 0.0235718 0 0 0.109818 0.0287411 0.0921361 0.0458185 0.0944074 0 0 0 0 0 0 0 0.0945414 0.147804 0 0 0.0154476 0 0.000806249 0 0.00191292 0 0.0516101 0.0429894 0 0 0.00371198 0 0.204007 0.230808 0 0 0 0 0 0.003932 0 0.0157066 0.156123 0.114791 0 0.127001 0.0258824 0.239313 0.0252254 0.0485239 0.0237134 0.0500142 0 0 0 0 0.0103949 0 0 0 0.00153139 0 0.209885 0 0.175507 0.0534682 0.105712 0.0361656 0.0445934 0 0 0 0.0555659 0.0106167 0.0488112 0.0182116 0.00312038 0.00206351 0.0258535 0.050293 0 0.0542362 0 0 0 0.00983682 0.138611 0 0.0902895 0.0120102 0.0570236 0 0.0485424 0 0.10212 0 0.0253931 0 0.0221504 0.0295147 0.111073 0 0 0 0.00453605 0.0246761 0.00494047 0.098284 0.187591 0.0994206 0 0 0 0 0 0 0.105427 0.143562 0 0 0 0 0.0451671 0 0.00354029 0.0183535 0 0.0167067 0.000999558 0.0257736 0.0195058 0.192299 0.125032 0 0 0 0.0856348 0.0135583 0 0.0375373 0.103396 0.013115 0 0.0298559 0 0.0290837 0 0.102132 0 0.0325978 0 0.0395789 0.000708388 0.0600797 0.000167267 0.0575537 0.0446908 0 0.0212913 0 0.0311331 0.00619879 0 0 0.168655 0.00309719 0.00507689 0.0310367 0.0495297 0.00105307 0.042342 0.00366114 0.0227533 0 0 0 0 0 0.0900539 0.0828713
145 12.695 0.0570267 0.0160849 4.98166e-05 0.306965 -0.0722022 15.9169 0.0652155 -0.154049 -0.0255808 -0.102259 -0.0121582 0.187168 0.011487 0.0266339 0.0213114 -0.460707 0.0532884 0.0467758 0.404597 -0.092537 0.173546 -0.0726245 0.189855 -0.044522 -0.00820303 -0.0460014 0.0233848 -0.0779195 0.0252321 -0.00460147 -0.10543 -0.0295465 -0.0369665 0.147205 0.0545713 0.0218624 0.152592 0.0262967 0.0497818 0.0978215 0.147934 1.32703 0.31286 0.703552 0.0414956 0.0539926 0.154198 -0.0164804 -0.0532444 0.338656 -0.224767 -1.37492 0.192394 0.6319 -0.0188507 -0.0731236 0.507164 -0.495238 -0.203955 -0.0191406 -0.0533698 1.11369 0.796642 0.419628 0.0858141 -1.5379e-09 -1.19612 0.0744257 -0.060672 -0.0937475 -0.117461 -1.08127 -0.0354019 0.131728 -6.50017 -1.70174 0.174369 0.735454 2.68511 2.36125 -0.0598248 -0.0332334 0.0841334 -0.189283 0.014265 0.205075 -2.73302e-09 -0.171804 0.326639 -0.112005 -0.045424 -0.59397 6.99177e-09 -0.714317 0.797365 -1.37136 1.99217 -0.161818 0.15865 9.5117e-11 0.0219748 -0.216268 2.10763e-09 -1.48194 -1.13499e-10 1.27518 1.71101 -0.871033 0.110391 0.11461 1.02666 0.681201 0.305043 0.924203 15.9134 0.0161236 -0.109862 1.23732 0.0468417 0 0.0306209 0 0.0159525 0 0.0493355 0 0 0.044526 0.0810776 0.03492 0.066873 0.0353507 0.0588918 0.0409971 0.00361618 0.0298719 0.117401 0 0.112553 0 0.200212 0 0.235426 0 0 0 0 0 0 0.00618234 0 0.0127069 0 0.0206606 0 0 0.00754841 0 0.115937 0.231468 0 0 0.310476 0.0262497 0.107783 0 0.0761058 0.0851097 0.00264796 0.0155143 0.019152 0.00963613 0.0501152 0.0731686 0 0 0 0 0 0 0.0191208 0.0024282 0 0 0 0 0 0 0 0 0 0.0219505 0 0 0 0 0 0 0 0 0 0.0156594 0.00631611 0.0195373 0 0.000843553 0.0765488 0.0983455 0.054378 0.0610161 0.0622322 0.0832558 0.0449637 0.155682 0.101154 0.0823971 0.0350948 0.0511395 0.0360935 0.159622 0.0507395 0.0436052 0.14014 0.433876 0 0.332411 0 0.0919254 0 0 0 0.00761633 0 0 0 0 0 0.405063 0 0.31993 0.0468456 0.225729 0 0.0227215 0 0.01148 0.271329 0.0520585 0.201129 0.130643 0.470031 0 0.0128765 0 0 0 0.00207533 0 0.137748 0.330145 0.0222756 0.0046481 0.0281762 0 0 0 0.0103373 0 0.00410375 0.00848815 0.0674663 0 0.124457 0 0.131653 0.516212 0.000574954 0.000418521 0 0.010776 0.027164 0.0330125 0.0310038 0.0220463 0.128127 0.143166 0 0 0.0103879 0 0 0.028892 0 0.0363527 0.0534183 0.000552919 0.0487059 0 0.0457841 0.054217 0.0847678 0 0.00850218 0 0.517789 0.0545806 0.385359 0.17894 0.355086 0.0826607 0.0384217 0 0 0 0 0.00231989 0 0.0115103 0.00172094 0 0 0.16727 0 0.147107 0 0 0 0.00456824 0.522512 0 0.204592 0 0.173396 0 0.167667 0 0.52715 0.0133852 0 0 0.237713 0.0156226 0.0095267 0 0 0 0.0579565 0.357818 0.0013463 0.303736 0.242057 0.0226985 0 0 0.0346887 0 0.0575618 0 0.0692644 0.257656 0 0 0 0 0 0 0 0.0484162 0 0.0364318 0 0.0528394 0.0942395 0.335996 0 0 0.161319 0 0 0.00486627 0.0635592 0.0882984 0 0.0153485 0 0.0632336 0 0.0197881 0 0.229539 0 0.0401524 0 0.07349 0 0.0940269 0 0.0845023 0.323166 0.0238022 0.293372 0.00518261 0.312691 0.00850076 0.0144959 0 0.29312 0.0681743 0.0341569 0.00930346 0.0276035 0 0.00466281 0 0.0305183 0.0146291 0 0 0.000658835 0 0.135096 0.172624
146 12.7283 0.038988 -0.049038 -0.0155882 0.306905 -0.0779878 15.9576 0.127878 -0.153685 -0.021558 -0.102259 -0.0571511 0.254135 0.0202727 0.0257307 0.0205286 -0.403545 0.0794557 0.0788584 0.11972 -0.0926265 0.112883 -0.0340469 0.248708 0.0169856 0.0132607 -0.0269228 0.0348103 -0.0725578 0.0261551 0.00195073 -0.104401 0.0397015 -0.0130669 0.142136 -0.00124319 -0.0121733 0.152235 0.0410592 0.053096 0.0458902 0.161338 1.35259 0.357378 0.698541 0.0363653 0.0288739 0.150202 -0.0500129 -0.0558476 0.442359 -0.204936 -1.3922 0.222786 0.67355 -0.0341382 -0.0576822 -0.357559 -2.3054 -0.708738 0.0453787 -0.172942 1.25428 1.73326 -0.194194 0.188503 -8.75858e-10 -1.3848 2.55225 0.243211 -0.00464819 0.0116039 1.20113 0.828036 1.66435 -6.64165 -0.00704588 -5.69833 4.39734 2.12006 1.98207 0.420658 0.421904 0.463324 0.112513 0.068831 0.418697 -1.60131e-09 1.51947 0.698665 -0.123921 -1.23484 -0.691219 4.57423e-09 -0.0397496 2.03507e-10 0.138909 1.89885 0.707547 0.192207 -0.394472 0.864753 -0.323411 1.40152e-09 -2.62484e-10 -3.34322e-10 0.490399 0.99714 -1.47873 -0.0617554 0.863298 -0.405389 0.057281 0.306032 0.91877 15.9544 0.0329872 -0.190112 1.22665 0.0574831 0 0.0511083 0 0.042463 0 0.0315727 0 0.0482045 0 0.0690119 0.0630705 0.0355426 0.0444193 0.0213821 0.0659723 0.070847 0.0187046 0.00792694 0.089312 0.0133488 0.055489 0.0238157 0.128471 0.0438879 0.128349 0 0 0 0.000846319 0.00256854 0 0 0.0029934 0 5.31841e-05 0 0 0.02683 0 0.0502243 0 0.126493 0 0.280982 0.0372414 0.0537348 0.00139986 0.0749603 0.0341382 0.00276811 0.0288991 0.0215074 0 0.0296175 0.0373837 0.0208222 0 0.0053299 0 0.00215215 0 0 0.0235761 0 0.0109318 0 0 0 0 0 0.0205923 0.0192175 0.164046 0.020045 0 0 0 0.0101679 0.000410896 0.0244535 0.00826456 0.0240677 0 0 0.0736459 0 0.00119247 0.0341221 0.00109872 0.0333038 0 0.0331471 0 0.0216132 0.0341963 0.0211876 0.0455249 0.0159092 0 0.0234793 0 0.038418 0.0261282 0.125049 0.508147 0.0387067 0.204287 0.0316974 0.0333037 0.00388822 0 0 0 0 0 0 0 0.0772061 0.458765 0.0402527 0.320807 0.117642 0.143467 0.0213576 0 0 0.0244 0.169766 0.277795 0.113333 0.35561 0.226012 0.0464821 0 0.00122779 0.0506674 0 0.0183053 0 0.0453776 0.287569 0.030628 0.217747 0.0735549 0 0.0155114 0 0 0 0.0719152 0.0329682 0.00928401 0.0214616 0.0366458 0.0467703 0 0.527523 0 0.00111375 0 0 0.0410924 0 0.0620502 0.00596461 0.151043 0.26358 0.0136751 0.148214 0.0215265 0.485092 0 0.0745589 0 0.0858293 0.0162493 0.0188134 0 0 0.00484958 0.0326864 0.0814752 0 0.00771802 0.000772337 0.388395 0.209719 0.448429 0.116765 0.231231 0.165543 0.0982451 0 0 0 0.0960334 0.00440263 0.120928 0 0 0 0 0.651406 0 0.57161 0 0 0 0 0.221656 0.178401 0.202365 0 0.215694 0 0.492327 0 0.599304 0 0.0615253 0.0297549 0.439134 0 0.0332951 0 0.0421138 0.0252936 0.0256842 0 0.0268428 0 0.279095 0.0926322 0.000886118 0 0.0747769 0 0.0223493 0 0.0510093 0.323584 0.0383104 0 0 0.0155141 0 0 0 0.0652028 0 0.185157 0 0.178549 0 0.265316 0 0 0.106429 0 0 0.0544897 0.0188618 0.00826724 0 0.0406848 0 0.0797729 0 0.0271926 0 0.197301 0 0.0362105 0 0.0636128 0 0.0881462 0 0.0970325 0.0897333 0.200092 0.0545215 0.260387 0.0771744 0.350046 0 0 0.204077 0.00642818 0.0318484 0.00856776 0.046694 0.0201495 0.0685336 0 0.0154546 0 0.0146852 0 0.044935 0 0.112504 0.200084
147 12.7616 0.0119255 -0.131845 -0.0465917 0.305511 -0.087145 16.0014 0.203898 -0.161337 -0.0133176 -0.102259 -0.106344 0.34687 0.0356007 0.0249211 0.0215489 -0.361889 0.117669 0.138271 0.00331076 -0.192139 -0.0771159 0.0737568 0.288979 0.0642779 0.0266978 -0.00139736 0.0543988 -0.0531094 0.034567 0.0105643 -0.10344 0.101389 0.0103106 0.13695 -0.0440403 -0.0347235 0.152059 0.0477944 0.0536108 0.0594838 0.201605 1.37413 0.422829 0.691789 0.0680653 -0.00874105 0.15036 -0.0442459 -0.0554121 0.469216 -0.198124 -1.41685 0.203622 0.690894 -0.00752269 -0.0738125 -0.604303 -2.42027 -0.833907 0.128426 -0.280945 1.34965 2.12253 -0.305588 -0.0557426 -4.74325e-10 -1.53401 2.80068 0.36386 -0.00245918 0.0179334 0.751116 0.62871 1.91795 -1.59708 -2.31034 -4.67551 0.916059 0.476942 0.854297 0.00354172 0.735206 0.505502 0.635613 0.190526 0.208443 -1.67671e-09 1.61022 0.666964 -0.196807 -1.12488 -0.42535 7.94371e-09 -0.296519 4.68703e-10 1.02309 1.28488 0.928734 0.412715 -0.979017 1.39245 -1.24964 6.38788e-09 0.376996 -8.01233e-10 0.0372683 0.55843 -0.614311 -0.136769 1.14898 1.04742 -0.537996 0.307438 0.911002 15.9953 0.0390568 -0.257486 1.2274 0.0536567 0.00788753 0.0544041 0.00853958 0.0387537 0.00137774 0.0156511 0 0.0507547 0 0 0.092931 0 0.0891063 0 0.111618 0.103973 0.0419286 0 0.229361 0 0.225761 0 0.315293 0 0.31629 0 0.180547 0 0.285471 0.0889086 0 0.0802746 0 0.141223 0 0.00143876 0.00755144 0.0874616 0.132874 0.00854437 0 0.398766 0 0.079864 0.0495679 0.0123624 0.0114365 0.021537 0 0 0.0449228 0.00449108 0 0.00813829 0.0187993 0.000180613 0 0.0043506 0 0.0586841 0.0130892 0 0.0167237 0 0.013992 0 0 0.0320041 0 0.0123119 0.032294 0.126779 0.203353 0.0834474 0.0282679 0.00742169 0 0.0246191 0.0103301 0.0637445 0.034725 0.027945 0 0.00851567 0.10646 0 0.000425384 0.0218227 0 0.0226968 0 0.0168285 0 0.01166 0.0211162 0 0 0.00284151 0 0.00352358 0 0.0107632 0.00441184 0.120172 0.469275 0.02088 0.235814 0.0111373 0.0194159 0.0210121 0 0.0652053 0 0.0424458 0 0.112293 0 0.185644 0.355962 0.08119 0.102177 0.0240534 0 0.0223309 0 0.0223318 0.08679 0 0.235715 0 0.327978 0.0531704 0.132161 0.0022993 0.0197233 0.121655 0 0.00672799 0 0.0351173 0.26255 0.000511773 0.27849 0.112945 0 0.0326124 0 0 0 0.0891518 0.0530602 0 0.0408304 0.00762519 0.0460994 0 0.515615 0 0.000645224 0.0757565 0.0571665 0.0172568 0 0.036498 0 0.123093 0.254955 0.0273341 0.165016 0.0341287 0.483006 0.0592837 0.076108 0.0694079 0.0899843 0 0.0150656 0.0102959 0 0 0.0410611 0.151005 0 0.00284633 0.00108546 0.185967 0.289259 0.366422 0.0678122 0.138218 0.127235 0.0835506 0 0 0 0.167019 0.00252042 0.206703 0 0.00476527 0.0212423 0 0.691647 0 0.634775 0 0 0 0 0.0253845 0.199674 0.236023 0 0.287194 0 0.477234 0 0.382059 0 0.0713715 0.0164097 0.303057 0.00445712 0.291781 0.17512 0.0734072 0.00933097 0.117486 0 0 0 0.317841 0.0737193 0.0104595 0 0.108578 0 0.0805969 0 0.0382854 0.311024 0.176193 0 0 0.04913 0.23104 0.259308 0.00573964 0.00820451 0 0.233429 0 0.175325 0 0.18032 0 0 0.0261683 0 0.0094007 0.131195 0 0.00242576 0.0122864 0.113962 0 0.0723021 0 0.0335696 0 0.171263 0 0.0165073 0.00777015 0.0568317 0 0.0814436 0 0.089487 0 0.23537 0 0.354629 0 0.452424 0.00193771 2.05692e-05 0.139032 0 0.041591 0.00641804 0.0354635 0.0485566 0.11398 0 0 0 0.0275498 0 0.0421362 0 0.112604 0.238422
148 12.795 -0.0114968 -0.172532 -0.0617249 0.305217 -0.0981751 16.0481 0.277294 -0.163034 -0.0247383 -0.0927419 -0.167328 0.391193 0.0490149 0.0251123 0.0227514 -0.346015 0.12311 0.159045 0.00920269 -0.314691 -0.0411281 -0.0715057 0.309336 0.0933547 0.0221534 0.0109811 0.0593096 -0.0322909 0.0416466 0.0137512 -0.102322 0.16893 0.0338035 0.149497 -0.0962411 -0.054484 0.151988 0.0505016 0.0538176 0.0807029 0.204308 1.39805 0.495123 0.68653 0.0953186 -0.0247396 0.150271 -0.0474854 -0.0556568 0.451037 -0.160991 -1.42168 0.188832 0.701868 0.0174349 -0.0928947 -0.513714 -0.776396 -0.307246 0.282217 -0.376194 1.39369 1.86247 0.126342 -0.59963 0.572852 -2.0196 0.68724 0.0101395 -0.00578275 0.0268699 0.347578 -0.116149 0.100945 0.568793 -2.97993 2.99413 -3.63469 0.46611 0.563462 -0.364117 0.390623 0.106825 0.521135 0.183693 0.06491 -1.31374e-09 0.993302 0.64909 0.343917 -0.582364 -0.386744 1.02366e-08 -0.23714 5.99781e-10 0.328687 0.115201 0.616987 0.498708 -0.861556 1.84682 -0.392289 7.40403e-09 0.0793969 -6.96022e-10 -0.295136 0.44668 0.335367 -0.0402015 2.69621e-10 0.442785 -0.423799 0.308975 0.901296 16.0366 0.0442448 -0.336747 1.24413 0.0417913 0.00158153 0.0337147 0 0.0127904 0 0.0346842 0 0.109581 0 0.00140381 0 0.00394575 0 0.00491051 0 0.100384 0.0521677 0.0140079 0.225355 0.0407436 0.256247 0.0301398 0.31865 0.0433941 0.356042 0.104081 0.173996 0.118837 0.28222 0.139005 0.00627685 0.134204 0 0.171559 0 0 0.0164239 0.0740872 0.229449 0 0 0.322639 0 0 0.00207255 0.000779558 0.00518806 0.0210255 0 0 0.0504046 0 0 0.0100362 0.0120799 0.00400261 0 0.00350929 0 0.0421431 0.0532594 0 0.00998758 0.00169225 0.0216953 0 0.029706 0 0.0349063 0 0.0523413 0 0.175561 0.072688 0.0728851 0 0.0256731 0.0214435 0.0167627 0.0574784 0.0645178 0.0255466 0 0.0246278 0.145793 0 0.000413311 0.0163787 0 0.0115271 0 0.0157299 0 0.0288673 0.0248836 0 0 0.024038 0 0.021706 0 0.0131476 0 0.0615927 0.161027 0.0750961 0.549865 0 0.0178646 0 0 0.00792909 0 0.0424994 0 0.146506 0 0.109872 0.108713 0.024606 0 0 0 0 0.00862219 0 0.0743843 0 0.121439 0 0.166583 0.0303441 0.169228 0 0.015059 0.112448 0.0212868 0 0 0.0403427 0.19206 0 0.168924 0.0546944 0 0.0201745 0 0 0 0 0 0 0.0348087 0 0.045329 0.040095 0.385187 0 0 0.100383 0.0619462 0 0 0.0214557 0 0.0977738 0.16207 0 0.172816 0.0102081 0.221396 0 0.134392 0 0.13524 0 0.0148772 0 0 0 0 0.151442 0 0 0 0.115979 0.233229 0.172255 0.0805942 0.0222553 0.134629 0.0936422 0 0 0 0.0945652 0.00575532 0.136411 0.0037298 0.0165564 0.0803676 0 0.531402 0 0.509781 0 0 0 0.0118941 0 0.110365 0.233536 0 0.216791 0 0.331209 0.0686582 0.194459 0 0.0208458 0.00453318 0.131149 0 0.226891 0.34775 0.0608189 0 0.0444248 0.0756655 0.0584224 0 0.282305 0.0673575 0.00313056 0 0.0724934 0 0.0340378 0 0.0369291 0.225024 0.156082 0 0 0.0410337 0.194908 0.491802 0.00634262 0 0 0.170605 0 0.0972048 0 0.104963 0 0.126665 0 0 0 0.194659 0 0.0182013 0 0.181776 0.00828205 0.026714 0.00220712 0.0221591 0.0451197 0.0697387 0.00578112 0.00310712 0.0073683 0.0277822 0.015559 0.038305 0.0149099 0.0376146 0 0.186453 0 0.298359 0 0.359594 0 0 0.0848841 0.0422183 0.0950578 0 0 0.00444417 0.106156 0 0.0146985 0.00136795 0.0151762 0 0.024833 0 0.0797575 0.208089
149 12.8283 -0.0324768 -0.191546 -0.0801533 0.306054 -0.112097 16.0958 0.319805 -0.155428 -0.0350692 -0.0236086 -0.240168 0.400531 0.0696296 -0.000773507 0.0501486 -0.323624 0.118669 0.161968 0.0375776 -0.342804 0.0167966 -0.113604 0.301341 0.0467903 0.0154942 0.0165989 0.0678257 -0.0180921 0.0480864 0.0180162 -0.101172 0.182954 0.0502096 0.16679 -0.105264 -0.0611963 0.151988 0.0505016 0.0538176 0.071378 0.21019 1.41246 0.482319 0.669688 0.0941811 -0.0003532 0.150569 -0.0365266 -0.0548287 0.448641 -0.149832 -1.4007 0.191405 0.702634 0.0300526 -0.0802655 -0.265296 0.612619 -0.00774214 0.364908 -0.458516 1.38771 0.818624 -0.892977 -0.580728 2.29532 -2.24747 0.446262 -0.325438 -0.565253 -0.783735 0.17164 -0.135275 -1.38818 0.661036 8.53206 -1.03369 15.7609 -10.4994 -28.0403 -0.704299 -0.492919 -0.66199 0.301134 0.207 0.624368 -2.07244e-09 0.730073 6.11868e-10 0.731054 -0.66978 0.548224 1.04488e-08 4.78488e-10 9.92956e-10 0.148239 -0.214712 0.0865507 -0.351133 -0.240012 -1.05633 -0.000446971 4.30678e-09 0.189119 -7.81236e-10 -0.166603 0.085788 0.846461 -0.215391 -0.00917783 0.186174 0.359754 0.310461 0.88794 16.0784 0.041695 -0.416535 1.25944 0.0889536 0 0.081291 0 0.0527669 0 0.0701983 0 0.126921 0 0.0861467 0 0.0895135 0 0.0785256 0 0.0773654 0.0762812 0 0.188245 0 0.20881 0 0.269953 0 0.305367 0 0.114428 0 0.227199 0.0595393 0 0.080976 0 0.14032 0 0 0.0100743 0.0455655 0.288999 0 0 0.239165 0 0 0 0.00224706 0.00060031 0.0328845 0 0 0.0453132 0.000708433 0 0.0162312 0.00387444 0.0133065 0 0.00449126 0 0.0217395 0.0311122 0 0 0.00281782 0.00159454 0 0 0 0 0 0 0.0127065 0.0796553 0.0498882 0.0466159 0 0 0.0136698 0.0199972 0.0414598 0.0527282 0.00650904 0 0.0198004 0.066185 0 0.000622617 0 0 0 0 0 0 0.00200846 0.072617 0 0 0 0 0 0 0.0142474 0 0.061961 0.230827 0.116102 0.631152 0.020442 0.0499963 0.0221616 0.00487266 0.0767068 0 0.0330755 0 0.0958752 0 0.111403 0.141745 0.0696358 0.104751 0.0212941 0.0277154 0.010065 0.0480917 0.0248147 0.125692 0 0.2112 0 0.247974 0.00536934 0.140265 0 0.0202792 0.0850668 0.0210674 0 0 0.0738554 0.227568 0 0.159905 0.0827106 0 0.0163365 0 0.0169919 0 0.00503124 0 0 0.0361144 0 0.0606353 0.0821393 0.422976 0 0 0.0742719 0 0.00622851 0 0.0322467 0 0.0907061 0.185503 0 0.159321 0.0579382 0.180041 0.0231469 0.115817 0.0230317 0.117267 0 0.0402259 0 0.0142446 0 0 0.168144 0 0 0 0.160657 0.221635 0.159039 0.0495124 0 0.0964965 0.166205 0 0 0 0.13201 0 0.160215 0.00671585 0.019371 0.0565083 0 0.600119 0 0.578148 0 0 0 0.0171243 0 0.137618 0.219881 0 0.221192 0 0.257313 0.0835348 0.155958 0 0.0248997 0 0.114412 0.00629228 0.128594 0.374417 0.0453816 0 0.0285081 0.198479 0.042162 0.00244901 0.378084 0 0 0 0.058565 0 0.0698936 0 0.0318476 0.259654 0.11048 0 0 0.0558033 0.0886664 0.519298 0.0194255 0.0139962 0 0.213295 0 0.144989 0 0.138172 0 0 0 0.0163365 0 0.165281 0 0 0 0.147717 0.016829 0.0175774 0.0100798 0.00737766 0.0518025 0.0628034 0.013963 0 0.0138777 0.0245167 0.0230551 0.0333158 0.0211011 0.0317415 0 0.171238 0 0.321352 0 0.417627 0.0252991 0 0.202338 0.00631006 0.156743 0 0.0144247 0 0.125438 0 0.0288675 0.00708715 0.00738717 0 0.025989 0 0.0745237 0.235952
150 12.8616 -0.0453311 -0.169159 -0.0932 0.307753 -0.121913 16.1434 0.323803 -0.15301 -0.0391471 0.100644 -0.249355 0.386291 0.0450253 0.0122998 -0.0810568 -0.313449 0.123037 0.15428 0.0559885 0.0840241 -0.0804445 -0.0603456 -0.0910622 -0.296006 0.00373368 0.013392 0.0631245 -0.0124251 0.0480179 0.0300783 -0.100127 0.128265 0.0482669 0.179819 -0.0738623 -0.0527218 0.152 0.0500256 0.0537813 0.0730593 0.222715 1.40787 0.413196 0.649236 0.0544822 0.0169723 0.15211 -0.0444928 -0.0554018 0.405511 -0.137591 -1.37749 0.161089 0.687301 0.0444888 -0.0734306 -0.556452 0.987489 -0.407054 0.341472 -0.260153 1.46962 0.2359 0.0170484 0.0632029 3.74009 1.92904 -0.570254 -0.859362 -4.75666 -6.47834 0.866763 0.0107369 -0.0137079 0.818906 9.44838 -1.20688 0.379045 -8.07368 -6.74862 -0.596463 -0.0965007 -0.0852235 0.346977 0.0169803 0.396679 -2.53864e-09 -1.12238 -0.0660307 0.401215 0.406255 0.0698173 1.02114e-08 1.01303e-09 8.86829e-10 0.0160473 -0.809196 -0.21194 -0.700827 1.29506 -1.65412 1.07895 8.19102e-10 -0.906418 -3.37612e-10 -0.664554 0.333124 0.76703 0.085759 0.463566 0.781064 -0.0900674 0.312883 0.878064 16.1213 0.101033 -0.218727 1.30615 0.0741186 0 0.0479983 0 0.0319097 0 0.0917167 0 0.129701 0.0072789 0 0 0 0 0 0.0141531 0.0344831 0.116627 0.0261745 0.0610906 0.0356211 0.0239352 0.0292068 0.100161 0.0504078 0.03951 0.0568598 0 0.0738661 0 0.0448321 0 0.0286696 0 0.0361965 0 0 0.0102826 0.042525 0.380038 0 0 0.0501383 0 0 0 0 0.00413102 0.0213758 0 0 0.0199558 0 0 0 0 0 0 0 0 0 0.00618329 0.0126857 0 0 0 0.524593 0 0.513358 0 0.509497 0 0.59254 0.0143375 0 0.0134034 0.531549 0 0 0.0247357 0.0034118 0.0348657 0 0.0653055 0.0151279 0.00833193 0 0.00161181 0 0.0584986 0 0.0294632 0 0.0604678 0 0.227915 0.0393552 0.0173668 0 0.0492324 0 0.0534244 0.0350614 0.0382113 0 0.297296 0 0.689623 0 0 0.00649033 0 0.0118187 0 0.0340039 0 0.0557201 0 0.00881855 0.620346 0 0.150155 0 0 0 0 0 0 0 0.0807859 0 0.287715 0.0347846 0 0 0 0.00102365 0.00959324 0 0 0.087594 0.300731 0 0.144511 0.119628 0 0.00764168 0 0.00657799 0 0 0 0.0021395 0 0 0 0.127411 0.581339 0.000154915 0.00209738 0.0163695 0.262853 0 0 0.0052566 0 0.178305 0.225388 0 0.0795099 0 0.0716791 0.173682 0.0601447 0.173241 0.0595665 0 0 0 0 0 0.0106161 0.0445169 0 0 0 0.187193 0.180693 0.144465 0.0696708 0.0322342 0.18652 0.117852 0 0 0 0.0886953 0 0.139462 0 0.107844 0.118915 0.038558 0.532585 0.036838 0.468705 0.00560342 0 0 0.00762932 0 0.0946583 0.262938 0 0.29117 0 0.0317779 0.0293337 0.016041 0 0.0750304 0 0 0.0245029 0.141252 0.359592 0 0 0 0.485906 0 0.164548 0.333386 0.0131292 0.0138176 0 0.0845147 0 0.0408307 0 0.0710492 0.331782 0.0119439 0 0 0 0.0177242 0.491663 0.000392631 0.0317167 0 0.122197 0 0.113051 0.00430284 0.201438 0.845478 0 0 0.0957262 0 0.10762 0 0.006113 0 0.102661 0.0360683 0 0.0370992 0 0.115588 0.0818446 0.0454239 0.00131571 0.0434171 0.0273523 0.0577589 0.04229 0.051946 0.0327388 0.0024234 0.209314 0.00712677 0.19594 0.00698008 0.195151 0.00445741 0 0.321609 0.0194493 0.192369 0 0.00369228 0 0.154471 0 0.0433987 0.00227154 0 0 0 0 0.123452 0.262587
151 12.895 -0.0365234 -0.122653 -0.100185 0.31182 -0.126818 16.1925 0.250725 -0.168554 -0.0436656 0.305685 -0.0846101 0.3716 0.00364579 -0.317997 -0.49498 -0.328479 0.115824 0.141323 0.134119 0.236698 -0.129455 -0.0303954 -0.291831 -0.439089 -0.0273082 -0.000886168 0.0540275 -0.0164698 0.0416648 0.0393004 -0.103656 0.0552765 0.0443676 0.196291 -0.0171944 -0.0344598 0.151966 0.0513371 0.0538814 0.0794218 0.213338 1.40157 0.323422 0.646219 0.0192309 0.0273662 0.151462 -0.0503871 -0.0558614 0.341887 -0.127274 -1.36091 0.100527 0.693898 0.0610122 -0.100448 1.66235 3.81657 1.85164 0.346431 -0.1064 1.35198 -3.9686 -3.23126 -1.13844 6.27912 4.47972 -0.243839 0.393307 -7.10062 -8.51634 -3.60127 -1.32244 -3.3747 5.73019 -3.82966 -1.30501 1.24413 12.7755 13.4895 -2.59484 -2.46736 -4.10491 -0.266433 -0.13237 2.03932 -3.83102e-09 -1.4392 -0.168116 0.717137 1.03501 0.194376 7.17355e-09 1.39227e-09 1.35836e-09 -0.239066 -1.3743 -0.12579 -1.07671 1.54483 -1.48434 0.436701 2.70665e-09 -9.06814e-10 -1.25779e-09 0.273443 -0.521429 0.827719 -0.705036 0.623824 1.09907 -0.590618 0.316814 0.872866 16.1666 0.152102 -0.054088 1.36322 0.0120466 0 0 0 0 0 0.0584261 0.0276304 0.064515 0.0564466 0.0182912 0 0.021587 0 0.0240089 0.000802698 0.0529258 0.103936 0.0597155 0.0343073 0.087671 0.0245637 0.0914675 0.0577144 0.140033 0.0331232 0.096027 0.00845681 0.117603 0.00708746 0.0243927 0 0.00285425 0 0.000554321 0 0 0.00504136 0.0664634 0.271242 0 0 0 0 0 0 0.000674511 0.0045323 0.0315746 0 0.000858616 0.00489446 0 0 0 0.00586162 0 0 0 0 0 0 0.00596165 0 0 0 0.324054 0 0.297475 0 0.308564 0 0.390275 0.0230973 0 0.00200876 0.342129 0.0192908 0.00397065 0.020056 0.00842684 0.0237382 0.0200583 0.0664263 0 0 0 0.00071202 0 0 0 0 0 0 0 0.148577 0.0424836 0.0384254 0 0 0 0 0.0417532 0.0482256 0 0.14126 0 0.388643 0 0 0 0 0 0 0.0186872 0 0.0154622 0 0 0.381017 0 0 0 0.00483092 0.00116268 0 0 0 0.0113958 0.015344 0 0.092627 0.089455 0 0.0206656 0 0 0 0 0 0.138199 0.287048 0 0.123042 0.0574959 0 0 0 0.00319921 0 0 0 0.0308715 0 0.0408452 0 0.272614 0.603503 0 0.00227925 0 0.152566 0 0 0 0 0.219445 0.213463 0.0176003 0.077661 0.0561418 0.0937964 0.0810919 0.0535927 0.080687 0.0537101 0.0126704 0 0.0264931 0 0 0 0.00435919 0 0 0 0.108266 0.150601 0.04712 0.0843337 0.0233554 0.0984953 0.0361514 0.0267387 0.00467219 0 0 0 0 0.0405812 0.148799 0.115429 0.101277 0.343954 0.146367 0.311841 0 0 0 0 0.0724723 0.0440953 0.154703 0 0.147077 0 0 0 0 0 0.0517032 0 0 0 0.111995 0.214976 0 0.0013128 0 0.102588 0 0.0931921 0.22623 0.0674663 0 0 0.0223495 0 0 0 0.145939 0.302513 0 0 0.0137387 0 0 0.268385 0 0.00698691 0.0402384 0.0648821 0.00493353 0.0382887 0.0322827 0.193254 0.77139 0 0.0338081 0 0 0.0532027 0 0.00522349 0 0.0541878 0.0309706 0.0041091 0.0352787 0 0.0984257 0.229636 0.0429133 0.0289908 0.0340652 0.0730491 0.051212 0.114637 0.045112 0.0764044 0.0469424 0.107096 0.0878631 0.0770225 0.0970395 0.0746312 0 0 0.262856 0.211476 0.157965 0 0 0 0.038075 0.0453132 0.0494875 0.0434798 0 0 0 0 0.108913 0.187979
152 12.9283 -0.0519147 -0.079622 -0.0870232 0.317997 -0.12222 16.2357 0.115757 -0.152889 -0.0588936 0.60586 0.223352 0.286514 -0.0170263 -0.413575 -0.62527 -0.308262 0.123435 0.111119 0.219719 0.143957 -0.176214 -0.00896132 -0.174949 -0.284324 -0.0073018 0.00416976 0.0412576 -0.0306976 0.0266658 0.0273463 -0.104573 0.111983 0.0452879 0.208612 -0.087094 -0.0339883 0.151977 0.0509338 0.0538506 0.0986487 0.242809 1.39231 0.199372 0.642175 -0.0356261 0.04836 0.153903 -0.0515119 -0.0558649 0.340119 -0.14287 -1.32701 0.143827 0.701982 0.0496194 -0.0549906 -0.717569 1.62689 0.167061 0.254919 0.133526 1.30924 -3.36993 0.228838 0.282968 7.42782 11.1548 -3.31543 3.63665 -1.00181 0.0794089 1.55184 0.216074 -0.461822 1.25154 -2.10896 -1.71884 0.896647 2.77948 4.12513 0.294122 0.000396969 -0.186995 0.211638 -0.237599 -0.199096 -1.75194e-09 0.0170538 0.199411 0.462675 -0.55371 -0.108843 6.25265e-09 8.19837e-10 3.92212e-10 -0.536035 -1.19593 0.0501725 -0.379103 2.73102 -2.46967 1.76831 1.86577e-09 -3.54585e-10 -1.29169e-10 -2.03891 -1.01797 0.888011 0.448268 7.6711e-11 -1.00779 0.411368 0.321224 0.877748 16.2114 0.132518 0.192952 1.32449 0.0103071 0.0307274 0.00486611 0.0234924 0.00379399 0.0244517 0.0123526 0.00972469 0 0.0373866 0.000884427 0.135525 0 0.119099 0.00165039 0.113954 0.022138 0.116669 0 0.0328509 0 0.0533195 0 0.0699248 0 0.061072 0 0.095108 0 0.0870606 0.0115561 0.0273631 0.0188212 0.0024756 0.0469381 0 0 0.00640883 0 0.26455 0 0 0 0.00413352 0.00144543 0 0.00116351 0 0.0142956 0 0 0 0 0 0.0120928 0.00258463 0 0 0 0 0 0 0.0382946 0 0.00853008 0 0.0691417 0.118413 0.0614578 0.0901508 0.0800327 0.101633 0.145924 0.200317 0 9.67281e-05 0.0835853 0.169229 0 0.0215639 0.00388392 0.0229837 0 0.0870256 0.0456304 0 0 8.49237e-05 0 0 0 0 0 0 0 0.0412559 0.0271846 0.0471952 0 0 0 0 0.0297283 0.0547059 0 0 0.155482 0 0.112101 0 0.0694335 0 0.0788581 0 0.00734025 0.03088 0.0277979 0.0196215 0.0994549 0 0.126585 0 0.126795 0 0.0769597 0 0.0218832 0 0.0280967 0 0.0170739 0 0.00467858 0.0214954 0 0.00640097 0 0 0 0 0.115526 0.167422 0 0.282507 0.0408008 0 0.00106025 0 0 0 0.0129759 0.0677118 0 0.00553202 6.83246e-05 0 0.210273 0.519489 0 0.00248319 0.0132592 0.0948923 0 0 0.00430336 0 0.246371 0.203507 0.0736176 0 0.131822 0.0479604 0.0619355 0.0370708 0.0634756 0.0373535 0.00214824 0 0 0.00735032 0 0 0 0 0 0 0 0.169007 0.0128494 0.219338 0.0677114 0.0919751 0 0.0828547 0 0.00995833 0 0.058214 0 0.0620188 0 0 0.0929465 0.0724043 0.0733106 0.0763174 0 0 0 0 0.0119097 0 0.192484 0 0.155498 0 0.0192956 0.0120669 0 0 0.0482965 0 0 0 0.0162283 0.171815 0.00260612 0.00283665 0 0 0 0 0.280334 0.12589 0 0 0.0238194 0 0 0 0.172415 0.279782 0 0 0 0 0 0.233859 0.0227967 0 0.00916011 0.0040096 0.016572 0 0.0783144 0.19962 0.212723 0.446224 0 0.00546372 0 0.0293507 0.00609153 0.00984212 0 0.0426576 0.0746898 0 0.0811036 0 0.257831 0.163141 0.115672 0.0486152 0.0862649 0.0387352 0.129352 0.0757222 0.117161 0.0055842 0 0.0389346 0 0.0294099 0 0.00833951 0 0 0.117328 0.0844262 0.129137 0 0.0280228 0.0329476 0 0.0317867 0.0171365 0.00388019 0 0 0 0 0.0934253 0.20255
153 12.9616 -0.0636077 -0.061815 -0.0626246 0.323434 -0.114968 16.2773 -0.02402 -0.125734 -0.0809386 0.822074 0.486509 0.0976706 0.0237143 -0.0894703 -0.399177 -0.221613 0.143684 0.0748378 0.180264 0.102744 -0.205386 0.00240844 -0.179212 -0.309084 0.0199471 0.0319047 0.0106752 -0.0572864 0.00448895 0.0235822 -0.101532 -0.00250761 0.0536726 0.230137 0.00242057 -0.0393267 0.151977 0.0509338 0.0538506 0.138678 0.222405 1.39017 0.166589 0.701649 -0.00254102 0.0784472 0.154682 -0.0225795 -0.0536229 0.264596 -0.159439 -1.31459 0.120054 0.691883 0.0428233 -0.0646283 -0.224153 0.584718 0.453544 0.194314 0.164668 1.21791 -3.84163 0.676631 0.169553 4.344 4.49765 -6.83167 5.03582 10.9212 8.35444 2.71582 0.359927 -0.492434 -1.64109 -0.774529 -0.818159 0.356702 -1.86282 -3.30541 0.772858 0.464489 -0.560527 -0.798456 -0.560086 -0.151455 -1.55649e-09 -0.846274 5.07192e-10 0.628579 0.325625 0.223403 5.94703e-09 3.71565e-10 3.15103e-10 0.1823 -1.63491 0.269302 0.320928 5.26764e-10 0.511126 0.162717 2.12459e-09 0.148349 -1.8287e-10 -1.10698 -0.907615 0.490644 -0.130048 -0.00123605 0.0974635 -0.406303 0.325112 0.884851 16.2544 0.107214 0.218641 1.27097 0 0.0432461 0 0 0 0.0168575 0 0.00663868 0 0 0 0.12622 0 0.152647 0 0.191905 0.014622 0.0326512 0 0.12323 0 0.110586 0 0.310013 0 0.333022 0 0 0 0.0206881 0 0.063421 0 0.0765332 0.120974 0.00347842 0.000829566 0.0170467 0.00199515 0.119155 0.0107491 0 0.00145952 0 0.0223912 0.00255489 0.131642 0.0969953 0.0117304 0 0 0 0 0 0.0202152 0.0096938 0 0 0 0 0.00673043 0.018482 0.0807829 0.00992105 0.0211577 0.00669591 0.0626441 0 0.0206513 0 0.0577769 0 0.0148048 0.0177531 0.00992142 0.00514348 0.0139318 0.0679513 0.000649073 0.00540905 0.00135165 0.0119917 0.015893 0.0441043 0.0843862 0.032805 0.00152028 0.000125199 0.0858869 0.231254 0.0461166 0.21054 0.0692551 0.258619 0.06355 0.273956 0.0509632 0.0438053 0.0321756 0.135539 0.0406965 0.29501 0.0291816 0.0235498 0 0.117686 0.0100023 0 0.119793 0 0 0 0.128003 0 0 0 0.161622 0 0.377429 0 0.451553 0 0.294066 0.0229949 0.105504 0.0288782 0.00653232 0.0886517 0 0.107225 0.0475634 0.0712128 0 0 0 0.0153684 0 0 0.0104851 0 0.145425 0.222209 0.00321335 0.164091 0 0 0 0 0 0 0 0.0699644 0 0.0372188 0 0.07258 0.209608 0.529038 0 0.00327925 0.049191 0.103645 0 0 0 0 0.27741 0.197121 0.0141592 0 0.00544236 0.180098 0.0634032 0 0.0757707 0 0.0171673 0.100904 0.0202921 0 0.00931298 0.0313655 0.0115458 0 0.00199059 0 0 0.0996467 0.113123 0.176938 0.0246669 0.0772075 0 0.0449765 0.0468163 0.0178334 0.0210771 0 0.107145 0 0 0.00574489 0.181608 0.363091 0 0.387285 0 0 0 0 0 0.227765 0.0881886 0.145617 0 0 0.0923462 0 0.00897058 0 0.00706588 0 0.123867 0.0126672 0 0.0983592 0 0.0052147 0 0.102738 0 0 0.228952 0.17668 0 0 0 0 0.0107251 0.00882004 0.202675 0.245299 0 0 0 0.0509091 0 0.154211 0.0990424 0.0468922 0 0.247771 0 0.0994146 0.0754561 0.141646 0.178967 0.215142 0.00359327 0.770789 0.00985904 0.0227915 0 0 0.011069 0.065944 0.0758864 0 0.0712114 0 0.209292 0.164029 0.144471 0 0.0345046 0 0.0433487 0.0765577 0 0.0318468 0 0.323961 0.0537186 0.173949 0 0.238933 0.00355707 0.0074799 0.137473 0.167771 0.108946 0.0102986 0.00755624 0.0579822 0.0297948 0.0440902 0 0.0303047 0 0 0 0 0.119947 0.171319
154 12.995 -0.0539081 -0.0407731 -0.079888 0.325213 -0.104677 16.3184 -0.129477 -0.101924 -0.0386538 0.867345 0.252438 -0.222495 0.131547 0.00887776 -0.36641 -0.132963 0.166428 0.0862234 0.0888199 0.0932942 -0.247502 0.00241127 -0.107534 -0.30341 0.0253533 0.0251203 0.0143559 -0.0896502 -0.0151122 0.0335298 -0.102447 0.0319391 0.0519162 0.247727 -0.0340725 -0.0157959 0.151957 0.0516714 0.053907 0.235528 0.25531 1.37068 0.1154 0.679275 -0.0100856 0.0640333 0.154909 -0.0140069 -0.0529573 0.214656 -0.139653 -1.32292 0.12252 0.69311 0.0897741 -0.0455656 0.446481 0.610233 -0.912574 0.0570501 0.242011 1.25202 -2.79829 0.144135 1.75954 -0.405888 -5.74909 -5.87226 1.90757 1.52255 -0.176761 2.61642 0.222758 1.03489 -3.24064 -0.0575846 -0.94169 -0.118321 -0.640754 -2.09458 -0.0588575 -0.344339 0.521622 -1.05209 -0.455483 0.295725 -1.49156e-09 -0.52346 2.87869e-10 0.341709 0.628228 0.697189 1.15053e-08 4.43323e-10 6.45983e-10 -0.183594 -1.2187 0.122582 -0.819027 1.59316 -1.48134 0.451615 1.61833e-09 0.151525 -7.76821e-11 -0.381136 -0.213151 -0.0916289 -0.0197757 0.222799 0.760851 -0.0686941 0.327855 0.893546 16.2959 0.0668518 0.248434 1.23134 0 0 0 0 0.00509997 0.0054343 0 0 0 0.0333904 0.0190689 0.0842321 0.00745983 0.0923609 0 0.127516 0.0128266 0.0594614 0 0 0 0 0 0.0262964 0 0.0817637 0 0 0 0 0 0.0699335 0 0.0915938 0.0148455 0.0853961 0.00661255 0.0261447 0.0524092 0.248103 0 0 0 0 0.0906059 0.0400147 0.137456 0.0813041 0 0 0 0 0 0 0.00985556 0.0167049 0 0 0 0 0.00231534 0.0471178 0.058518 0 0.0170464 0.00381046 0.0451675 0.136742 0.0616685 0.00549692 0.0924826 0.0374571 0.0472579 0.00439643 0.00961391 0.0176179 0.0321314 0.082026 0.00248702 0.0169537 0.00150724 0.0280751 0.00814738 0.055218 0.0651935 0.0233314 0.000847691 4.44636e-05 0.136641 0.0999287 0.0966627 0.0508142 0.119341 0.0922362 0.095826 0.0778996 0.0212706 0 0.0784024 0 0.0858956 0.0799915 0.0174971 0.00749117 0 0.198946 0 0 0.156529 0.0354504 0 0 0.0784477 0 0 0 0 0 0.456034 0.222876 0.529789 0.0867178 0.367302 0.199517 0.123637 0.011164 0 0.072234 0.146056 0.141589 0.29429 0.0999387 0 0 0 0 0 0.0241218 0.00493855 0 0.139093 0.210057 0.0142544 0.139668 0.00761478 0 0 0 0 0 0.0467564 0.0863219 0 0.0102862 0 0.0393711 0.225383 0.528368 0 0.00377717 0 0.0730279 0 0 0 0 0.243431 0.12002 0.00829738 0 0 0.062919 0.0181419 0 0.0279319 0 0.0173397 0.0638686 0.00481898 0 0 0 0.0264974 0 0 0 0 0.0751357 0.239452 0.164659 0.0763919 0.227735 0.0124538 0 0 0 0.0460262 0 0.102358 0.0243479 0.0175275 0.0102615 0.376499 0.145423 0.0981967 0.181315 0 0.00650034 0 0 0.0354466 0.117743 0.0979659 0.118935 0.0108049 0 0.0251344 0.053979 0 0.0167911 0 0 0.0662391 0.0323453 0.0259478 0.328123 0 0 0 0 0 0 0.208759 0.176025 0 0 0 0 0.0519844 0 0.175233 0.178661 0.00912157 0.0156852 0 0.022861 0 0.47458 0.140581 0.0596245 0.0677279 0.0625949 0.142048 0.0320381 0.0367273 0.0125572 0.0173589 0.346692 0.136942 0.0302223 0.0271552 0.100031 0 0 0.0216702 0.140822 0.0351969 0 0.0260735 0 0.140282 0.0183689 0.0608217 0 0 0 0 0 0 0 0.0177393 0.220759 0.0586556 0.110286 0.0415952 0.135977 0.0148488 0.00088402 0.224516 0.0189594 0.096442 0 0.0492657 0.0511951 0.0318517 0.0559749 0 0 0 0 0 0 0.147901 0.195043
155 13.0283 -0.0254275 -0.0130566 -0.0761657 0.32805 -0.0995681 16.3598 -0.231977 -0.111121 -0.0403244 0.828234 0.162461 -0.311654 0.108537 -0.0974807 -0.335837 -0.054995 0.157256 0.0729364 -0.0188391 0.0928653 -0.261682 -0.000372067 -0.198918 -0.435926 -0.00315634 -0.00556062 0.00228935 -0.102373 -0.0235156 0.03816 -0.100207 -0.0483541 0.0350399 0.238885 0.0276665 0.00302284 0.151957 0.0516721 0.053898 0.339833 0.220297 1.3514 0.200067 0.698479 -0.0307344 0.0214645 0.152881 0.0199398 -0.0499716 0.274909 -0.23014 -1.30478 0.0914829 0.701202 0.0663216 -0.0855986 0.78461 1.12712 0.437702 0.109101 0.0254975 1.21526 -2.83913 -0.324052 -0.441248 -1.7006 -2.22568 -0.72791 -1.10092 -5.37495 -0.0386464 1.83534 -0.517568 -0.557666 -2.25686 -0.35616 -0.519306 0.0625353 -2.34823 -3.47192 -0.679695 -1.02525 -0.596732 -0.472872 -0.507775 -0.0193718 -6.6559e-10 -0.324568 -0.716223 -0.203466 -0.034471 0.754562 2.08572e-09 4.26118e-11 2.67669e-10 -1.28169 -1.5413 0.480219 0.416977 -0.619018 1.33104 -1.0767 2.04405e-09 0.375088 -2.0512e-10 0.721165 -0.380917 0.197147 -0.18814 2.38709e-10 -0.0741737 -0.665031 0.329895 0.897305 16.3368 0.0590568 0.0185535 1.23115 0.000770282 0 0 0 0 0.0146566 0.0158208 0.0023918 0 0.10885 0 0.0100593 0.00249283 0.0155314 0.0375807 0 0.0133384 0.0142085 0.0119433 0.0194442 0 0.0841833 0.0828544 0 0.0847248 0.0575145 0 0.0126447 0 0 0.0201322 0.0287529 0.0209804 0 0.0632701 0.00877143 0.00400213 0.00956816 0 0.00200794 0 0.0567165 0 0.0164569 0.0451142 0.0936085 0.0702265 0.135519 0.0314755 0 0 0 0 0.0125125 0.0326751 0.018133 0 0 0 0 0.025809 0.00606866 0.0426839 0.0709106 0.0203357 0.0223556 0.0325652 0.164354 0 0.130413 0.00895211 0.144901 0.0508133 0.139126 0.00965999 0.0180784 0.0994948 0.122339 0.00114369 0.000489254 0.00826737 0.0101904 0.015365 0 0.0495872 0.103247 0.000302541 0.000809496 0.0922864 0.0917105 0.0268218 0.061635 0.106963 0.0752431 0.0891677 0.0428732 0.0261786 0 0 0.0779376 0.068103 0.0901742 0.0143705 0.00724032 0 0.131291 0 0.0351708 0.0097902 0 0 0 0 0 0 0 0 0.0358055 0.298072 0.0759794 0.316789 0.187856 0.21883 0.0668626 0.00471619 0.0101899 0.0353609 0.110138 0.240568 0 0.330139 0.0613804 0 0 0 0.00471337 0 0 0 0.0140245 0.156907 0.0874227 0 0.019153 0 0 0 0 0 0 0.0276161 0 0.0110393 0 0.0416743 0 0.240992 0.186539 0 0 0 0.197183 0 0.0211373 0 0 0.074034 0.211186 0 0.0393903 0 0.0521539 0.0302258 0.11081 0.014347 0.122183 0.0598608 0.0293639 0 0.0159721 0.00617488 0.00708112 0.00744522 0.0399672 0 0.0063133 0 0.239813 0.0935959 0.387451 0.0839512 0.0552284 0 0.0869431 0 0.0416822 0 0.113473 0 0.20971 0.100616 0.0176653 0.224458 0.0330082 0.28755 0 0.0114074 0 0 0 0.235959 0 0.113197 0.0917476 0 0 0 0.293885 0 0.0173558 0 0 0 0.160198 0 0 0 0 0.0143608 0 0 0.0396076 0.191148 0.171429 0 0 0 0 0.0295308 0.0259396 0.0682659 0.157339 0 0 0.0488758 0 0 0 0.0485527 0.0565972 0.15123 0 0.0708293 0 0.0815498 0.0210636 0.238254 0.475419 0 0.0490359 0 0.0438073 0.0371586 0.00962069 0 0.056725 0 0 0 0 0 0 0 0 0 0 0 0 0 0 0.450753 0 0.206461 0.116095 0.251729 0.116622 0.00590946 0.00211296 0.202773 0.123261 0.0405504 0 0.0169267 0.00636077 0 0.149987 0.0364429 0.0647559 0 0 0 0 0.0728592 0.0453754
156 13.0616 0.0573704 -0.0457857 -0.0649549 0.33097 -0.099426 16.3933 -0.434184 -0.052281 -0.0352422 0.792039 0.212719 -0.357436 0.127183 -0.184426 -0.438563 -0.0563488 0.155545 0.0521505 -0.0907469 0.0890614 -0.225705 0.00137853 0.0315498 -0.127443 -0.0619977 0.0412446 0.00886632 -0.126983 -0.0391322 0.00813484 -0.102055 0.0593682 0.0357588 0.215251 -0.0557923 0.0249178 0.154298 -0.0497906 0.0242971 0.243107 0.252821 1.41248 0.0650673 0.703684 -0.0282754 0.123977 0.151788 -0.0219856 -0.0519507 0.356469 -0.178074 -1.27557 0.250052 0.686135 -0.112493 -0.0672589 2.00788 -0.942262 0.272022 0.109692 0.0374506 0.933259 -5.57686 1.19624 0.775813 -1.47045 1.13341 -0.99239 1.00337 -6.99149 -4.48122 0.428868 -0.509911 -0.473515 -2.13021 -0.182962 1.58084 -0.0102749 0.00614211 17.3308 -0.870195 1.15891 0.182201 -0.695279 -0.126597 -0.787089 -3.6571e-09 1.98282 -0.0302824 -0.590552 -1.1178 1.0296 5.2222e-09 -1.69573 -0.799257 1.17363 0.463663 1.374 0.0390342 1.61584e-09 -0.545949 1.35051 5.45789e-09 0.641046 0.0915034 -0.45498 -0.774896 0.254732 0.735573 -1.82545 -4.40985 1.28181 0.331746 0.897627 16.3775 0.0541738 0.00113306 1.21024 0 0.00354213 0 0.0054308 0 0.010903 0.0552606 0.0583333 0.0509296 0.0871975 0 0 0 0.0344842 0 0.0492416 0 0.0679293 0.0487563 0.12353 0.00708669 0.260532 0.163921 0.146814 0.145581 0.350776 0 0.162451 0 0.123103 0.0484319 0.0122892 0.0685304 0 0.115911 0 0.00825802 0 0 0 0.224563 0.381366 0 0 0.0340565 0.0820729 0.0681723 0.108494 0.00324809 0.142849 0 0 0.0116687 0.0858108 0.0668535 0.112316 0 0 0 0 0.02803 0 0.064573 0.0339295 0.0272295 0 0 0.138145 0 0.0905128 0 0.118878 0 0.0613048 0.0278412 0 0 0.0747797 0 0.00633213 0.0241954 0 0 0.0810643 0.118483 0 0 0.000634337 0.161951 0.0721561 0.0983975 0.0554636 0.140677 0.0622289 0.136497 0.0456023 0.036993 0.158282 0.0640305 0.0751441 0.177229 0.0833311 0.00373871 0.0788389 0.0454545 0.125892 0.262391 0.0182931 0.000734188 0 0 0 0 0 0 0.092708 0 0.0733797 0.0755175 0 0.140882 0 0.159283 0 0.0101854 0.0381134 0.0606676 0.0810274 0.170776 0 0.169539 0 0 0.113996 0 0.216462 0 0 0 0 0.247626 0.337434 0 0.0210218 0 0 0 0 0 0.00981474 0.0367528 0 0.0180199 0.168629 0.043908 0.198332 0.390314 0.380999 0 0.00493876 0 0 0.0570639 0.0938235 0.00919386 0 0.15185 0.0237222 0 0.0543498 0 0.00093897 0 0.132249 0 0.136844 0.0762484 0.146615 0 0.234757 0.0258094 0 0.0900493 0.163186 0 0.0130323 0.0618304 0.425371 0.189256 0.373938 0.0672342 0.0701613 0 0.0843328 0.0249843 0.0543465 0.0220155 0 0.0222322 0.0136754 0.131584 0.255233 0.0455833 0 0.170404 0.0536523 0 0 0.00868082 0.0048085 0.117967 0.28785 0.107139 0.0775883 0 0 0.00463983 0.0843506 0 0.0376606 0 0 0 0.141589 0 0 0 0 0.192838 0 0 0.0638079 0.0702394 0.098269 0 0 0 0.00573003 0.0573985 0.0709536 0.14855 0.0763504 0 0 0.0595709 0.110536 0 0 0 0 0.0862616 0.0413087 0 0 0.167581 0.266726 0 0.4559 0 0 0.00576474 0 0.0656724 0.233732 0.0426958 0 0 0 0 0 0 0 0 0 0 0 0 0 0 0 0.347869 0.210522 0.191521 0.474236 0.258884 0.502162 0 0.00494728 0.253585 0.499979 0.131757 0 0.00504709 0.0343733 0.0685185 0.104622 0.0488085 0.105339 0 0 0 0.0198747 0.081007 0.143191
157 13.095 0.0590618 -0.0541049 -0.0606167 0.332708 -0.100158 16.4265 -0.530199 -0.0451091 -0.0236931 0.720432 0.216422 -0.289891 0.0856657 -0.343985 -0.455625 -0.00832946 0.139863 0.0466785 -0.100439 0.0496484 -0.20031 0.00398552 0.0321299 0.0628118 -0.0500778 0.0494877 0.0114431 -0.106639 -0.0415489 -0.00552568 -0.102174 0.0858063 0.0490324 0.189616 -0.0790752 0.0094088 0.153597 -0.0129965 0.0467846 0.352026 0.221041 1.38241 0.201578 0.694285 0.0069757 0.0905806 0.156367 -0.0219456 -0.051817 0.254418 -0.157118 -1.30064 0.295916 0.638431 -0.042924 -0.0292711 -0.394372 -0.27638 0.155285 0.105599 0.0227464 1.02584 -2.3057 -0.0714504 0.388786 -2.06704 0.506364 4.06603 -2.10679 -7.16978 -0.509186 1.80682 -0.473868 -0.0323296 -5.54101e-10 -1.35846 0.747 0.249658 0.0162443 0.00673975 0.501514 0.184057 0.108484 0.969456 0.0514998 -0.382922 -1.60434e-09 1.42642 0.528523 -0.528676 -1.51931 -0.47958 3.0828e-09 0.510629 1.19467 0.405656 -0.885852 -0.850005 0.097024 -1.3598 2.81291 -1.58716 2.41258e-09 0.295681 -1.45761e-10 -0.879172 -2.05871 -0.215394 -0.119873 -1.16247 1.92288 0.365428 0.333428 0.897554 16.4184 0.0445759 -0.0154011 1.2327 0 0.0547739 0 0.0377247 0 0.0319601 0 0.0466413 0.0334079 0.0236512 0 0.0635463 0 0.0496437 0 0.0484462 0 0 0 0.0306363 0 0.00634375 0 0.0614093 0 0.0835968 0 0 0 0 0 0 0 0 0 0 0 0.00948148 0 0 0.036781 0 0 0 0.00138486 0.325179 0 0.218759 0.0104392 0 0 0 0 0 0.0252603 0.0115443 0 0 0 0 0 0 0.0328762 0.0817847 0.00828721 0.0312805 0 0.213058 0 0.170611 0 0.187365 0.035744 0.287416 0 0.00113876 0 0.250272 0 0 0 0.00965501 0 0 0.0794399 0.168036 0.000466537 0 0.0108064 0 0.00722228 0 0.0126984 0 0.0412145 0 0.0498956 0 0.0252948 0 0.0247704 0 0.0216543 0 0.0549368 0.427557 0.146431 0.0498909 0.10252 0.00462109 0.00677559 0 0.0125675 0 0 0 0 0 0.300129 0 0.289165 0.0276787 0.239334 0.165936 0.0604528 0 0.0239628 0 0.0804787 0.262713 0.115429 0.206909 0 0.397748 0 0 0 0 0 0 0.0897521 0.0629807 0 0 0 0.0482731 0 0 0 0.00776563 0.0201712 0.0208789 0 0.0373786 0 0.0815104 0.200684 0.180185 0 0 0 0 0 0 0.00764735 0 0.108458 0.121827 0.047383 0 0.0998487 0.0220033 0.024428 0.0654022 0.0234127 0.0651456 0.00657198 0.0355624 0 3.16761e-05 0.00271817 0.06692 0 0 0 0.0108289 0.0465939 0.450275 0.128674 0.252024 0.0148182 0.208362 0 0.0400983 0 0 0.0149249 0.0167064 0.0187314 0.00695155 0.0270704 0.0630798 0.0995384 0 0.0817204 0 0 0 0.000779074 0 0.00951192 0.523295 0.0337951 0 0.0146955 0.0133628 0 0.129324 0 0.327551 0.00358009 0.0845485 0.0499693 0.0896913 0 0.0410414 0 0 0.0691103 0 0.0802996 0 0.0599628 0.13642 0 0 0 0 0 0 0.0983338 0.0771964 0 0 0 0 0 0 0.0387516 0 0.0284808 0 0.0407028 0 0.0980215 0 0 0.640692 0 0.0235155 0.00721318 0.0752658 0 0 0.0128229 0.088471 0.0222264 0 0.0209481 0 0.0877571 0 0.0181441 0 0.0342292 0 0.0495322 0 0.0513278 0 0.00135731 0.214161 0.00395854 0.183913 0.0187891 0.207576 0 0.0354042 0 0.190857 0.0021975 0.0370875 0 0.0297073 0.0228465 0.0398589 0 0.0210607 0 0 0 0 0.0699503 0.11622
158 13.1283 0.0418257 -0.0332052 -0.0633434 0.334275 -0.102009 16.463 -0.537391 -0.059192 -0.0133453 0.537171 0.181642 -0.275949 0.141579 -0.227116 -0.364198 0.0547462 0.144627 0.0500334 -0.100439 -0.000158109 -0.221427 0.00735691 -0.109951 -0.152831 -0.0209281 0.0401828 0.018671 -0.0929384 -0.0371119 -0.00930013 -0.102926 0.122009 0.0457273 0.173848 -0.1219 0.00911617 0.152852 0.0137273 0.0540283 0.405967 0.219895 1.3865 0.196877 0.636099 0.0042839 0.0732766 0.155783 -0.0443296 -0.0533426 0.185899 -0.149931 -1.3302 0.329462 0.669425 -0.0153264 -0.0441068 -0.198278 0.833741 0.0677462 0.0987063 -0.037365 1.10789 -0.215913 -0.413413 -0.047343 -5.59167 0.25495 -0.543495 -0.581525 5.03083 2.85496 1.5331 0.29478 0.0449737 -1.35362e-10 -1.38152 -1.11894 0.135324 -3.48476 -5.53126 0.584938 -0.144565 0.175022 0.203444 0.0668628 -0.241391 -8.87052e-10 0.633425 -0.15982 -0.508985 -0.663802 0.290462 1.37448e-09 1.28937 1.6622e-10 1.52036 -1.30085 0.801072 0.0742346 -0.600856 -0.785499 0.012405 3.78917e-09 -0.420904 -1.28813e-10 -0.0365276 -1.33907 -0.471947 0.406757 0.365343 -0.53236 -0.207302 0.334643 0.895683 16.4594 0.0329513 -0.0811248 1.22439 0 0.019416 0 0.0146222 0 0.00240768 0.00895855 0.0620834 0.0701103 0.0744787 0.00439275 0 0.0457196 0 0.0744302 0 0.0306469 0.00731582 0.0866243 0 0.0513964 0 0.115748 0.0253881 0.121872 0.0529054 0 0 0.00958898 0 0 0 0 0 0 0 0 0.00309737 0 0.0174113 0.115004 0.0396596 0 0.00137356 0.0508214 0.349036 0 0.175697 0.0534192 0.0339511 0.0134737 0.00252797 0 0.00904437 0.0424064 0.026876 0 0 0 0 0 0 0.0121895 0.0165987 0.00123619 0.0018817 0 0 0 0 0 0 0 0.0202941 0 0 0 0 0 0 0.0013919 0 0 0 0.0349154 0.0376147 0.00035695 0 0.0225752 0.0451033 0 0.0287966 0.0249026 0.0342656 0.0279955 0.0422566 0.0520877 0.0296215 0 0.0260112 0 0.029238 0.0339598 0.0276608 0.0272347 0.245103 0.0444413 0 0.0521897 0.0894359 0 0 0 0 0 0 0 0 0.428356 0.0754469 0.296681 0.108409 0.202339 0.281298 0 0.00598091 0.0169339 0 0.291271 0.282016 0.330595 0.269158 0.0534218 0.364519 0.00136214 0 0 0 0 0.00133453 0.206338 0.086561 0 0 0 0.012734 0 0 0 0.00111296 0 0 0.0226945 0.00545365 0.0450874 0.0513284 0.282469 0.0544713 0 0 0 0 0.00937886 0.0167343 0.0160127 0.0249748 0.120945 0.130096 0 0 0 0 0.0305816 0 0.0319052 0 0.0240694 0 0 0 0.02593 0.142452 0 0.0391705 0 0.0048967 0.316633 0.520826 0.157514 0.356248 0.0736341 0.20717 0.0223038 0.0430604 0 0 0 0.023903 0 0.10473 0.157343 0.153877 0.603145 0 0.519366 0 0 0 0 0 0.195638 0.487743 0 0.108912 0 0.086364 0 0.321431 0 0.515238 0 0.0110079 0 0.174969 0 0.0187897 0.0205201 0.00898194 0 0 0 0 0.0562884 0.16573 0 0 0 0.012602 0 0.0296552 0.148338 0.0704859 0 0 0.0186359 0 0 0 0.0552918 0 0.180629 0 0.1694 0 0.155456 0.0151161 0 0.329683 0 0.153185 0.0137526 0.00687243 0.0423013 0.0242306 0.0216541 0.00614239 0.0278142 0 0 0 0.0633916 0 0 0 0.0256769 0 0.0373639 0 0.0266258 0 0.200458 0.193578 0.27311 0.150924 0.355962 0.185463 0 0 0.0876947 0.243458 0.0620866 0.036915 0 0 0.0082012 0.106382 0.0176461 0.0209585 0 0 0 0.00438434 0.0930955 0.0952154
159 13.1616 0.0506729 0.00151699 -0.0620013 0.33498 -0.105879 16.502 -0.510391 -0.0473595 -0.00881832 0.258349 0.190602 -0.314531 0.112812 -0.243232 -0.364231 0.0922184 0.130616 0.0519639 -0.100439 -0.0459525 -0.238147 0.000964738 0.0566986 0.0875852 -0.0318685 0.0280427 0.0185888 -0.0733026 -0.0377084 -0.0113968 -0.10268 0.0841998 0.0368862 0.155308 -0.0931483 0.0227925 0.151994 0.045149 0.0564326 0.466181 0.203151 1.39983 0.214671 0.660796 -0.006237 0.106289 0.155124 -0.0503173 -0.0538247 0.188409 -0.168843 -1.34923 0.402976 0.699695 -0.0419575 -0.0168332 0.361854 0.860537 0.245668 0.0337103 -0.098741 1.18685 0.489127 0.242234 -0.0208384 -7.48432 0.215838 2.02875 -2.13619 -3.97994 -1.29697 1.04737 -0.467542 -0.0935413 -3.99301e-10 -1.42598 -0.378774 0.167635 0.00266604 -0.00239801 -0.318286 -0.0598639 -0.107397 0.376708 -0.148627 -0.24301 -1.29869e-09 -1.44635 -0.316849 -0.47093 1.25094 0.266961 5.23789e-09 0.390066 4.89638e-10 0.179237 -0.755968 0.836728 0.0398384 0.485694 0.234629 0.65859 3.11761e-09 0.0807539 -2.02724e-10 -1.03355 -1.08738 -0.840428 0.495779 -0.192245 -2.36129 1.1234 0.335561 0.891706 16.5003 0.0258345 -0.141525 1.23142 0 0.039638 0 0.0173507 0 0.00405276 0.0103469 0.0688604 0.054085 0.125559 0 0.038691 0 0.0587972 0 0.0673793 0.016992 0.0893824 0.0554363 0.081919 0.0317194 0.066967 0.0945607 0.147664 0.0837167 0.170956 0 0 0 0 0 0 0 0 0 0 0.00234273 0 0.0300175 0.041295 0 0 0 0 0 0.310428 0 0.148531 0 0.0217355 0.0240297 0.000385039 0 0 0 0.0074845 0 0.0048455 0 0.00179336 0.00199912 0.0128232 0 0 0.00989912 0 0.008575 0.141958 0.00699684 0.102179 0.0136949 0.116785 0.0584248 0.194418 0.0294251 0.0403093 0.00383279 0.165448 0.00180083 0.0154001 0.0328426 0.0455223 0 0.00287017 0.0889612 0.0327584 0.000646288 0 0.00671826 0 0.00480811 0 0.0101015 0 0.0431351 0 0 0 0 0 0 0 0 0.0215413 0.0568211 0.327351 0.311479 0.0248589 0.0397104 0 0 0 0 0 0 0 0 0 0.320467 0 0.22444 0 0.113121 0.0131949 0.011026 0 0.026344 0 0.197034 0.172095 0.241945 0.127809 0.0206361 0.391035 0.0074041 0.00993006 0 0.0704537 0 0 0.127552 0.0637208 0 0 0 0.00446351 0 0.00116067 0 0 0 0 0.0177474 0.052499 0.038275 0.0851921 0.250401 0.0522745 0 0 0 0 0 0.00595282 0 0.0142217 0.12067 0.0368605 0.0352136 0 0.0527223 0.0259404 0.0537945 0.0239085 0.0522413 0.0235707 0.0286004 0.0293205 0.0107023 0.0189141 0 0.0533107 0 0.108845 0 0.0130569 0.273284 0.499184 0.156916 0.2247 0.0881525 0.150719 0 0.116078 0 0 0 0 0.0431876 0.0110818 0.20216 0.191949 0.475512 0 0.420512 0 0 0 0.0144874 0 0.137593 0.403872 0 0.106678 0 0.0729105 0 0.238847 0 0.567594 0.0174162 0.00435459 0 0.324524 0.107974 0.120208 0.0185184 0.0454284 0.0713789 0 0 0 0.0303607 0.114051 0 0 0 0.0268758 0.00256619 0.00786109 0.1237 0.0121411 0.000440704 0.0924843 0.0191845 0.00310957 0.102307 0.114323 0.038864 0 0.135559 0 0.113512 0 0.0190528 0 0.0911836 0.476172 0 0 0.0792896 0.00532503 0 0 0.0649771 0.000314811 0.0301957 0 0.0300877 0 0.0921595 0 0.0183476 0 0.0384635 0 0.0510603 0 0.0537809 0 0.141288 0.238692 0.173524 0.208252 0.237889 0.198171 0 0.0012773 0.12665 0.171709 0.0510286 0.0562646 0 0 0.0602853 0.0789254 0.0267228 0.0459501 0 0.00723413 0 0.0277089 0.0840037 0.078193
160 13.195 0.0435819 0.0445789 -0.0550747 0.335365 -0.112267 16.5435 -0.459001 -0.0648926 -0.0086152 0.0360927 0.176861 -0.210295 0.0750961 -0.140197 -0.301883 0.149382 0.121479 0.0537647 -0.100439 -0.0970297 -0.270504 -0.0025829 0.0566269 0.0873238 -0.0197155 0.0111121 0.0183388 -0.0663731 -0.0375893 -0.0189968 -0.102535 0.0422627 0.023761 0.133995 -0.0600804 0.0403659 0.15195 0.0467423 0.0565542 0.489074 0.179633 1.42279 0.228514 0.698951 -0.0112406 0.0711148 0.155124 -0.0503173 -0.0538247 0.119819 -0.149639 -1.39621 0.431871 0.681811 -0.0626772 -0.0137793 -0.0691667 1.30158 0.169293 -0.0440959 -0.165426 1.26657 0.881904 -0.577646 -0.0508159 -3.96385 -0.915888 3.67256 -4.18061 3.66791 -0.245215 1.51485 -0.258178 0.241368 -6.80806e-10 -1.54977 -1.01738 0.00565936 -0.00232223 -0.010074 0.15815 -0.462515 -0.0455036 0.0943019 0.0498283 -0.168302 -1.93073e-09 -1.43474 -0.345415 -0.542432 1.24907 0.259121 3.85327e-09 -0.355453 3.51771e-10 0.144098 -0.353954 0.747807 0.0766768 0.845087 0.0390584 -0.57297 5.96017e-09 -6.0635e-11 -3.86543e-10 -0.984014 -1.14793 -1.11424 -0.28905 -1.72065 -0.556476 0.784734 0.33618 0.886028 16.5411 0.0168605 -0.19258 1.20561 0.00576176 0.0435596 0.00540411 0.0346189 0.00201654 0.0308633 0.00266009 0.0320707 0 0.0618775 0.0555412 0 0.0723897 0 0.0927238 0 0.0205375 0.0927481 0.239883 0 0.24007 0.0155282 0.314756 0 0.349884 0 0.131978 0.0425443 0.217509 0.0447272 0 0.0893363 0 0.0776553 0 0.0681799 0 0 0.100494 0.0407748 0 0.0808207 0 0.39103 0.0320318 0.0864954 0.00899691 0.00783601 0 0.0777717 0.0484244 0 0 0.0382846 0.0219203 0.0376542 0 0.0445196 0 0.00783824 0 0 0.0253943 0 0.0117022 0 0 0 0 0 0 0 0.0376403 0 0.00826579 0.0165993 0 0 0.00157879 0.0127345 0.0209926 0.0280026 0 0.0208042 0.0974209 0 0.000967899 0 0.115057 0.0920795 0.111292 0.0678208 0.120889 0.0750749 0.188106 0.0897548 0.00931341 0.0114116 0.0804938 0.0625496 0.138463 0.063634 0.0102618 0.0385488 0.223324 0.00999501 0.349308 0 0.0140436 0 0 0.00443206 0 0.0236378 0 0.00744839 0 0.0860509 0.346393 0.0858465 0.150653 0.00618474 0 0.00417644 0 0 0.0365578 0 0.264276 0 0.364774 0 0.129665 0.0539195 0.0113694 0.00860745 0 0.0929944 0 0.0176483 0.20108 0.0424992 0.0925272 0.00449324 0 0.0636808 0 0.0254034 0 0 0.0180458 0.0479727 0.0404128 0.00359953 0.0535378 0.00560119 0.418631 0 0 0 0.0652875 0.0605312 0 0.0740435 0 0.0690157 0.233229 0.0734066 0 0 0 0 0.0336351 0 0.0393383 0 0.0184374 0 0 0.00481138 0.0585819 0 0 0.12434 0.00119809 0.00186604 0.345104 0.188843 0.129611 0.287103 0.163221 0.0826229 0 0.080407 0 0 0.00149257 0.129532 0 0.177905 0.0566745 0 0.703467 0 0.644312 0 0 0 0 0.0180408 0.226953 0.0310392 0 0.111521 0 0.158437 0 0.483385 0 0.397483 0.0523616 0.0612033 0 0.288907 0.149875 0.0658086 0.00760057 0.0851191 0.485109 0.0110267 0.0308786 0 0.0503209 0.157193 0 0.0145638 0 0.0780409 0 0.0245576 0.220573 0.0165957 0 0.0860126 0.0358367 0.000337597 0.146823 0.0212885 0.0514945 0 0.234266 0 0.192407 0 0.0660612 0 0.0695535 0.418696 0 0.0594716 0.0830355 0 0 0.0213264 0.0568726 0 0.0531216 0 0.022885 0 0.141678 0 0.0202996 0 0.0382669 0 0.0604137 0 0.0659573 0 0.261118 0 0.371383 0 0.471267 0 0.0104647 0 0.00354365 0.154182 0.00104124 0.0411307 0.0131324 0.0144626 0 0.10687 0 0.0111553 0 0.0262508 0 0.0878113 0.159507 0.110046
161 13.2283 0.0450836 0.074328 -0.0614344 0.334516 -0.118818 16.5858 -0.445857 -0.0846926 0.00872544 0.0179144 0.26196 -0.050413 0.013898 -0.630546 -0.586002 0.198056 0.106463 0.0713547 -0.100139 -0.139819 -0.28213 -0.00574587 0.0475775 0.0748166 -0.0238587 -0.00285462 0.029556 -0.0583316 -0.0415746 -0.0219054 -0.102129 -0.0158405 0.0110766 0.122214 0.00345276 0.0581752 0.15209 0.0416583 0.0561659 0.48074 0.165322 1.4332 0.227817 0.702546 -0.0179787 0.0774707 0.155124 -0.0503173 -0.0538247 0.128782 -0.154386 -1.41498 0.487045 0.679106 -0.069223 -0.0273497 0.3097 0.510429 -0.508897 -0.123336 -0.0745178 1.25481 0.553337 0.205706 0.646436 0.113593 7.60765 0.218147 -3.14691 -8.81392e-09 -8.31416 1.07988 -0.181535 0.889476 -1.49783e-10 -0.502034 -0.153096 0.0616579 -0.944214 -1.2903 -0.369639 -0.208932 0.706351 0.108007 -0.123592 -0.151185 -2.06395e-09 -2.02826 -0.673917 -0.198943 2.29627 0.828378 5.78714e-09 -0.221702 8.42493e-10 -0.0224388 0.127791 -0.0436069 -0.184657 1.01119e-10 -0.190162 -0.143138 1.00657e-08 -3.9814e-10 -8.62375e-10 0.342835 -0.184718 -0.353143 0.387417 -0.476308 -1.53885 0.0291519 0.336152 0.880082 16.5799 -0.0184159 -0.126259 1.12156 0.0330292 0.0220464 0.02934 0.00159193 0.0159488 0.00222762 0.0378893 0.0219286 0 0.0942395 0.0486236 0 0.0531722 0 0.0644718 0 0.0714038 0.0974256 0.182546 0.00551987 0.162293 0.0187656 0.246171 0.00449549 0.237195 0.000142727 0.113732 0.0165547 0.147612 0.0292161 0 0.136413 0 0.151887 0 0.16443 0.00181441 0 0.216965 0.0615161 0 0.0396252 0 0.21863 0.0814276 0.0461121 0.0323962 0.00453622 0 0.0533635 0.0544313 0 0 0.0226615 0.00999306 0.0215199 0 0.0271458 0 0.00749297 0.0458793 0.0273394 0 0 0.0126938 0.00231866 0 0.13738 0.00460836 0.0684668 0 0.0553824 0.035717 0.0415637 0.0593663 0.0565808 0.00222272 0.159009 0.0197426 0.01871 0.0575594 0.0484821 0 0.0203723 0.0999641 0.0123231 0.00142474 0.000411776 0.183473 0.139959 0.143887 0.103898 0.175364 0.116162 0.237764 0.135641 0 0 0.139523 0.100924 0.194031 0.103907 0 0.0248856 0.225564 0 0.562588 0 0.0011009 0 0 0.00821487 0 0.0758126 0 0.0409257 0 0.175709 0.301393 0.259469 0.12985 0.118777 0 0 0 0 0.0580567 0 0.234087 0 0.300523 0 0.13609 0 0.0185357 0 0.0446077 0.123081 0 0.0093985 0.179371 0 0.0993652 0 0.0101136 0.00772006 0 0.0183816 0.00831241 0 0 0.0295917 0.0302308 0 0.0515566 0 0.37308 0 0 0 0.06005 0.126707 0 0.0575694 0 0.0437638 0.17386 0.0340526 0.0140312 0 0 0 0.0277757 0 0.0269327 0 0.0295954 0 0.0079377 0 0.0656602 0.00196369 0 0.154105 0.00416484 0 0.250943 0.0830297 0.0160795 0.208858 0.105296 0.0437824 0.00410857 0.0621181 0 0 0.000727176 0.0977134 0 0.181913 0.107886 0.000706309 0.431502 0 0.355795 0 0 0 0 0.0360618 0.19628 0 0 0.0883171 0 0.0946106 0.161225 0.181749 0 0.0789797 0.0593149 0.00265126 0.202546 0.0558266 0.331658 0.141125 0 0.101771 0.573194 0.0174631 0.0363567 0 0.105413 0.114874 0 0.00130401 0 0.0446966 0.00803821 0 0.163392 0.0163119 0.00198698 0.140544 0.0424468 0 0.442007 0.115699 0 0.0146638 0.188049 0 0.138397 0 0.000959133 0 0.0775332 0.917503 0.0242656 0 0.123239 0 0 0.00434816 0.0959473 0 0 0.0429383 0 0.0471156 0 0.265467 0 0.0675784 0 0.0456409 0 0.0748096 0 0.0763478 0.227264 0 0.297441 0 0.379755 0 0.0378532 0 0.0837057 0.0712539 0.0311417 0.0155279 0.0281819 0 0 0.113859 0.0168072 0.0191166 0 0.0306377 0 0.0818122 0.173528 0.0732117
162 13.2616 0.0560542 0.0532117 -0.0779042 0.333179 -0.119713 16.6252 -0.482355 -0.0736928 0.0315981 0.132745 0.290267 -0.0385477 0.0185779 -0.630546 -0.599207 0.22704 0.0847841 0.0866589 -0.0861654 -0.113606 -0.237369 0.0190826 -0.0310116 -0.0396121 -0.0273616 0.00208315 0.0483052 -0.0601239 -0.0400305 -0.0190652 -0.101919 -0.0543231 0.0107757 0.110757 0.0500735 0.0546017 0.152018 0.0442674 0.0563652 0.39434 0.158117 1.43636 0.151823 0.665464 -0.0406987 0.0916828 0.155124 -0.0503173 -0.0538247 0.161382 -0.169046 -1.41217 0.519025 0.672764 -0.0906972 -0.0205738 0.361918 -1.12066 -0.69992 -0.125537 0.15479 1.12902 -1.3536 -0.273963 1.16629 4.3704 -3.2652 0.945146 -0.268984 -3.40426e-09 0.8145 0.613972 -0.819131 0.668381 0.67324 2.04861 2.1083 0.529592 -3.25916 -4.42698 0.0769587 -0.0499866 0.70077 -0.170265 0.310676 0.287546 -1.78101e-09 -0.501311 0.437765 -0.27426 0.575445 -0.870422 6.31423e-09 1.12987 8.32736e-10 -0.609173 0.266629 -0.678219 -0.126825 -0.0558734 -1.83245 0.366266 6.54864e-09 -2.28663e-10 -1.07961e-09 0.851036 0.101391 0.138896 -0.0129511 -0.225473 -0.666834 0.711695 0.335051 0.879807 16.6174 -0.0364412 0.120994 1.11644 0.0577931 0 0.0424146 0 0.0434132 0 0.036807 0 0.19192 0 0.10913 0.105623 0.1072 0.0983335 0.0975512 0.102662 0.0651837 0.0729212 0 0 0 0 0 0 0 0 0 0 0 0 0 0 0 0 0 0 0.00399794 0 0.23153 0.121618 0 0 0.159728 0 0.0797693 0 0.0088494 0 0 0.0251204 0.0273853 0.00108145 0 0 0 0 0 0 0 0 0.0255098 0 0 0 0.00376538 0 0 0.183614 0 0.134077 0 0.152104 0 0.22877 0.0496061 0.0112886 0 0.204856 0.0141569 0.00914917 0.0471723 0.0235236 0 0.0131248 0.0678079 0.0177323 0.00111504 0 0.144727 0.00180244 0.109281 0 0.134697 6.77276e-06 0.227189 0.0243994 0 0.0401176 0.166264 0 0.158628 0 0.0141591 0.0387633 0.176189 0 0.607703 0 0 0.197353 0 0.167592 0 0.1494 0 0.0309644 0 0.0240432 0.647113 0.0149137 0.388178 0.152873 0 0.248759 0 0.244222 0 0.0565107 0.0227864 0.0839036 0.115802 0.0259898 0 0 0 0.0101112 0.0258879 0.0420377 0 0 0.0572807 0.0253467 0.0209479 0 0 0.0137027 0 0.00137041 0 0.0203885 0.092792 0.0490326 0 0.00995689 0 0.019658 0.161266 0.090639 0 6.5219e-05 0.199215 0 0 0 0 0 0 0.042685 0 0.00638886 0 0.00409526 0 0.0170851 0 0.016858 0 0.0539571 0 0.0397763 0.0450858 0 0 0.0563541 0.00391639 0 0.235223 0 0.370832 0 0.168449 0 0.192727 0 0 0.0192526 0.235461 0 0.306166 0 0 0.00946242 0 0.13441 0 0.120424 0.00787 0.0598659 0.0261951 0 0 0.0299313 3.74799e-05 0.13454 0 0.0689847 0.126239 0 0.438312 0 0 0 0.306291 0.0080756 0.277695 0.239923 0 0 0.506278 0 0.2418 0 0.0229096 0.227251 0 0 0 0.00386581 0 0.0311888 0.0305942 0 0 0.0734012 0 0.0116499 0.41606 0.188903 0.0448689 0.0300681 0 0.0290382 0 0.0274735 0.0351678 0 0.167891 0.705306 0.0546066 0.0724405 0.0932011 0 0 0 0.0705095 0.0104325 0 0.0719274 0 0.0801193 0 0.278642 0 0.123485 0 0.0807688 0 0.13422 0 0.121513 0 0 0 0.009885 0 0.0139906 0 0.0588418 0.150385 0.207886 0 0.174878 0.00496627 0.0365628 0.193357 0 0.0122258 0.0332011 0 0 0 0 0.0987978 0.0782329
163 13.295 0.0541516 0.0267263 -0.0867758 0.332705 -0.115265 16.6639 -0.495548 -0.0735081 0.0474405 0.243618 0.206335 -0.0130199 0.0324704 -0.344549 -0.427501 0.227042 0.0480042 0.0891741 -0.00405594 -0.0318308 -0.161531 0.00198941 -0.207713 -0.237497 -0.00843404 -0.00108009 0.0600418 -0.0763982 -0.0157159 -0.0131461 -0.10228 -0.00588769 0.0169142 0.120391 0.0219339 0.0406365 0.151456 0.0521435 0.0569713 0.374623 0.146398 1.41558 0.172862 0.70028 -0.0493918 0.0903674 0.155112 -0.0507873 -0.0538613 0.163895 -0.251555 -1.39436 0.387299 0.617405 -0.108646 -0.0957088 -0.0380248 -0.931511 -0.0924769 -0.0480644 0.192657 1.20396 0.219815 0.0535935 0.289281 2.12778 0.910396 1.21347 3.52363 4.97382 3.34885 -0.163727 -0.891789 9.21906e-05 2.76325 2.23892 1.86046 -1.38776 -4.66354 -4.71174 0.293107 -0.171118 0.257704 -0.296181 0.608183 0.192017 -1.97354e-09 -1.09781 -0.0941718 0.402075 1.85049 -0.0908899 1.1908e-09 2.90615e-10 1.29282e-10 -0.684304 0.293797 -0.810583 0.253968 1.83879e-11 0.422984 0.00918516 6.8682e-09 -1.35296e-09 -8.05576e-10 1.78495 -0.344698 0.549119 -1.00981 1.25982 3.03661 -2.50221 0.3341 0.884332 16.6553 -0.0270307 0.127189 1.14925 0 0.0818127 0 0.0809022 0 0.0826917 0 0.0548514 0 0 0.101995 0.0399358 0.113636 0 0.140332 0 0.157803 0.045197 0 0 0 0 0 0 0 0 0.00420346 0.000132825 0 0.0125356 0.0118268 0.0254493 0 0.012596 0.0100154 0.0286291 0 0.00474439 0.310461 0.0435327 0 0 0.0391739 0.0256383 0.0670159 0.0372233 0.00546277 0.00964968 0.0781191 0.0133421 0.0256548 0 0 0 0 0 0 0 0 0 0 0 0 0.00197105 0 0.00450394 0 0 0.00506326 0 0 0 0.0254163 0 0 0.0131456 0 0 0.0306193 0.00481635 0.0280016 0.0194951 0.113729 0 0 0.029057 0.00218717 0.000208333 0.160068 0.127219 0.16012 0.0927612 0.157992 0.098672 0.234053 0.115122 0.0616442 0.00128118 0.18213 0.0889215 0.218402 0.0855568 0.0676268 0.025269 0.120167 0.0323076 0.328251 0 0 0.0773712 0 0.0441732 0 0.0562936 0.00275861 0.0180779 0 0.0228929 0.302593 0.0105261 0.18819 0.0692141 0.0173883 0.116507 0 0.0767564 0 0.019865 0.0677467 0.0300268 0.0932221 0.0203284 0.00903859 0 0 0.00912413 0.0311348 0.00851665 0 0 0.16011 0 0.176311 0.0318463 0 0.030796 0 0.0166075 0 0 0.150716 0.189548 0 0.00199191 0 0.0152353 0.411119 0.0576739 0.00342898 0 0.0623602 0.00102554 0 0 0 0.00468555 0.155908 0.107574 3.42727e-07 0.030482 0 0.0145849 0.00668467 0 0.00769651 0 0 0 5.28442e-05 0.0118724 0.0554375 0.0168363 0 0.0169041 0.0038951 0 0.00797539 0.0569698 0.068157 0.193771 0.102656 0.115064 0 0.0270032 0 0 0 0.103854 0 0.0989723 0 0.0183684 0.0287039 0 0 0.0155759 0 0 0 0.0136835 0 0.00403238 0 0.0687957 0 0.0588641 0.127314 0.0507168 0.138066 0.0216445 0.0278796 0.0408065 0.214313 0.0105569 0.247912 0.105569 0 0.027878 0.57773 0.197748 0.059754 0 0.038902 0.22448 0 0 0 0.00395063 0 0.00173024 0.165088 0.0769123 0 0.00764903 0 0.000778377 0.350616 0.0368997 0 0.015992 0.00515685 0.00754835 0.0160458 0.0177935 0.132207 0.0373017 0.169045 0.333025 0.0791792 0 0.0436986 0.013962 0.00343412 0.00619046 0.0227896 0.0134209 0 0.00939361 0 0 0 0.0962961 0 0.00951398 0 0.00659176 0 0.010887 0 0.00490911 0.016641 0 0.0067174 0.0106136 0.0367392 0.00868576 0 0.054316 0 0.194504 0 0.110099 0.0152354 0.117827 0 0.0611045 0 0.0183143 0 0 0 0 0.17774 0.122187
164 13.3283 0.0621441 0.00213132 -0.0800455 0.332555 -0.106339 16.7057 -0.474041 -0.0758004 0.047374 0.280783 0.149212 0.0175178 0.022702 -0.0816054 -0.0433722 0.174732 0.0575302 0.0757501 0.130016 0.16051 -0.164825 0.0679545 -0.416744 -0.548675 -0.0263271 -0.00151859 0.0570262 -0.0678517 -0.0110249 -0.00883735 -0.102085 -0.031244 0.0133606 0.1176 0.0530084 0.0413964 0.151497 0.050672 0.0568592 0.368776 0.186296 1.38819 0.154981 0.686906 -0.0450446 0.0874257 0.155112 -0.0507873 -0.0538613 0.156764 -0.256007 -1.38987 0.341906 0.683904 -0.0319988 -0.0577884 0.267699 -0.798338 0.225839 -0.0594428 0.44576 1.29336 1.17031 -0.133672 -0.0110267 0.245738 -0.774518 0.972982 -0.929858 4.95857 10.3231 -1.72796 0.469104 -0.487993 3.77362 8.14873 0.245816 -0.0445024 -7.94753 -10.3127 -0.707874 0.0562264 0.00633177 0.31264 0.115037 -0.019613 -2.21754e-09 0.375735 0.311532 -0.112176 -0.402815 -0.564402 1.70107e-09 2.48415e-10 4.24384e-10 -0.388709 0.613497 -0.726021 0.00428172 0.691752 -0.654435 0.603627 6.88557e-09 -7.91974e-10 -7.01312e-10 -0.924492 0.65244 0.115813 -0.14061 2.12007 1.66325 0.327865 0.33284 0.892518 16.6948 -0.0503255 0.338375 1.22464 0.011668 0.0278111 0 0.0165059 0 0.01218 0.0136452 0.0251651 0.045503 0.0318578 0.089334 0 0.102315 0 0.115621 0 0.108636 0.0454781 0 0.0162023 0 0.0117225 0 0.0248889 0 0.0324426 0 0.000163838 0 0.00258427 0 0.00524429 0 0 0 0 0.00591748 0 0.271861 0.0524917 0 0 0 0.00311328 0 0.00730236 0 0.00380321 0 0.0210748 0.00788009 0 0 0 0 0 0 0 0 0 0 0 0 0.00679327 0 0 0 0.036086 0 0.0286621 0 0.0411975 0.00843866 0.0987805 0 0 0.0124809 0.0487331 0.0164985 0.00176395 0.018184 0.0105625 0.0591568 0 0 0.0162336 0.00104234 0 0.128046 0 0.087517 0 0.118883 0 0.260856 0 0.0579595 0.0262895 0.153554 0 0.156828 0 0.055328 0.0351288 0.107124 0.0427655 0.494145 0.094122 0 0.0102918 0 0.0111967 0 0.01818 0 0 0 0 0.763994 0.000915439 0.546881 0.011081 0.00797675 0.0440707 0 0.0025477 0 0.000553805 0.04434 0.0230643 0.350272 0.0153319 0 0.0162332 0 0 0.00310426 0.0123497 0 0 0.204062 0.0671522 0.0589802 0 0 0.0670443 0 0.0047545 0 0.00289919 0.00201002 0 0 0.0065816 0 0.00657997 0.4247 0.0896836 0.00231567 0 0.339731 0 0 0 0 0.00615865 0.104653 0.15729 0 0.0688558 0 0.177332 0 0.0457656 0 0.045319 0 0 0 0 0.019111 0 0 0.0147622 0 0.000350433 0.0152655 0.154279 0 0.128064 0.122644 0.0527324 0.0408115 0.0270551 0 0 0 0.0592835 0.00246284 0.10547 0.0575264 0.0713102 0.229863 0.0714702 0.130235 0.0671683 0 0 0 0 0.00579481 0.0337352 0 0.116372 0 0.126754 0 0 0 0.00604256 0.0130247 0.0787028 0.0560657 0 0.253482 0.161596 0 0.00220641 0.528226 0.00128053 0.359508 0.0137759 0.0359127 0.133521 0 0.00778597 0 0.0347453 0 0.0571844 0.154291 0.0791179 0 0.0154769 0 0 0.349043 0.0606445 0.127064 0.00747725 0.0153016 0.00932888 0.0987756 0.0192929 0.0831449 0 0.0923555 0.0286482 0.0212348 0 0.0534985 0 0 0 0.0487146 0 0 0 0 0 0.0044566 0.00194691 0 0 0 0 0 0 0 0 0.10578 0.00668703 0 0.0046329 0 0.00739716 0 0.00762582 0.0171798 0.189032 0.00577686 0.0658268 0.00598267 0 0.00390655 0.0889229 0.00241173 0.0169878 0 0 0 0 0.16351 0.102846
165 13.3616 0.0506572 0.000735901 -0.0644252 0.33138 -0.0913308 16.7507 -0.380199 -0.0752608 0.0333503 0.234784 0.122375 0.0333731 -0.000581368 0.0458087 0.0504387 0.0616551 0.0729084 0.0624299 0.358729 0.511518 -0.163991 0.109998 -0.463552 -0.631083 -0.0311879 -0.00500385 0.0488483 -0.0570071 -0.00823964 -0.013256 -0.102044 -0.0308197 0.0101445 0.123252 0.0550073 0.037148 0.150185 0.0505784 0.0568831 0.360286 0.200043 1.37536 0.159217 0.700121 -0.0429958 0.0860488 0.155095 -0.0514442 -0.0539125 0.135914 -0.26513 -1.37685 0.249098 0.680759 -0.0129095 -0.0620764 -0.512036 -0.632233 0.297221 -0.100028 0.522997 1.36934 2.94143 0.206325 -0.135304 -1.38126 0.10528 0.460099 -0.86921 -0.458195 -1.4197 -3.11649 0.679071 -0.263149 6.29777 11.6358 -0.893385 -1.00516 0.345554 -3.21222e-07 -0.122536 0.137846 -0.0637198 0.446482 0.141465 -0.15243 -1.7341e-09 -0.374791 0.026232 0.251723 0.495885 -0.334821 3.47536e-10 3.1637e-10 1.58295e-10 -0.0739323 0.628168 -0.463495 -0.0670262 0.399317 0.0435343 0.316112 4.52832e-09 -4.52776e-10 -2.96519e-10 -0.784933 0.69196 0.37513 -0.208836 1.38112 2.16802 -1.17734 0.331031 0.905955 16.7376 -0.0586356 0.428078 1.31747 0.0149796 0.0193994 0.00279284 0.0141718 0.00497464 0.0146155 0.00611283 0.0126991 0.039333 0 0.0312626 0.0719439 0.0272101 0.0591688 0.0320222 0.0673501 0.0811637 0.0298041 0 0.0416731 0 0.0269432 0.00598924 0.0488347 0 0.0794526 0 0.0021635 0 0.00741031 0 0.00113176 0 0 0.0140614 0 0.00303421 0 0.175033 0.0182935 0 0 0.0105148 0 0 0.0664978 0 0.0335198 0.00336838 0.023179 0 0 0 0 0.00472141 0 0 0 0 5.66915e-05 0 0 0 0.0145901 0 0 0.00352145 0.0376742 0.000799006 0.0283871 0.00858484 0.0438765 0.0535398 0.104007 0 0 0.0400593 0.0471709 0.00995869 0 0.00167531 0.00283489 0.0581071 0 0 0.0273915 0.000491509 0 0.0619463 0 0.040275 0 0.0584662 0 0.145085 0.00127201 0.0601913 0.00816135 0.0861501 0.00212595 0.086054 0.000627566 0.0497023 0.0295902 0.0537675 0.148323 0.342886 0.138418 0.00095169 0.00286851 0.0015815 0.000152364 0.0243402 0 0 0.00198352 0 0 0.453551 0 0.283579 0 0.0214279 0.0472879 0 0.0282053 0 0 0 0.0853539 0.0850063 0.0408472 0 0.0970122 0 0 0 0.00452643 0 0 0.152933 0.0580314 0.147296 0 0 0.0334224 0 0.00442833 0 0 0.0565117 0.0478697 0 0.0151281 0 0.02406 0.398647 0.0709433 0.00230735 0 0.109856 0 0 0 0 0.00864753 0.149686 0.101981 0.027924 0.088976 0.0566487 0.198702 0.0196904 0.0466214 0.0181539 0.0460572 0 0.00646676 0 0 0.00128564 0.00896002 0 0.0233818 0 0.00215288 0.0454392 0.0765953 0.10675 0.0677007 0.045118 0.0853222 0.035085 0 0 0.000835836 0.0421472 0.00213375 0.0705941 0 0 0.0103667 0.0405152 0.0116771 0.00949202 0.00136721 0 0 0 0 0 0.106356 0 0.125445 0 0.0895782 0 0.0217052 0 0.0966449 0.00793702 0.0447214 0 0.052727 0.11504 0.0625821 0.0040171 0 0.292239 0.0116162 0.236932 0.0181429 0.0553258 0.205669 0 0 0 0.0119425 0 0.0218056 0.190681 0.0502906 0 0 0 0.00250543 0.135927 0.00436552 0.0511612 0 0.00694143 0.00353162 0.0130939 0.0185576 0.0922402 0 0.0274416 0.0701608 0.0440901 0 0.0231402 0 0 0 0.0197645 0 0.0195685 0 0.0175659 0 0.222739 0 0.0449805 0 0.0757075 0 0.115118 0 0.0774181 0 0 0.0374704 0 0.0490098 0 0.0852014 0 0.0284212 0.0508597 0.134112 0 0.0955904 0.00484646 0.0381492 0.045797 0 0.00161747 0.0154369 0 0 0 0 0.150109 0.0831649
166 13.395 0.0293898 0.0142284 -0.06023 0.329408 -0.0804715 16.7959 -0.235819 -0.0903383 0.0268844 0.122029 0.0838699 0.0777947 -0.0107567 0.08357 0.0837256 -0.0730559 0.0580061 0.065399 0.631704 0.45698 -0.022366 -0.0658363 -0.130348 -0.359116 -0.00204684 -0.0153211 0.0480364 -0.0785261 0.00194282 -0.0113538 -0.102435 0.0532277 -0.0108555 0.145712 -0.0110856 0.054931 0.119281 0.0214445 0.0554491 0.350935 0.206001 1.37556 0.101599 0.681669 -0.0177052 0.0855502 0.155126 -0.050252 -0.0538184 0.0963914 -0.241858 -1.37723 0.1737 0.701372 -0.0251196 -0.0934506 -0.728978 -0.41214 0.0979253 -0.0733213 0.253452 1.32726 4.03194 -0.0995893 -0.386796 -2.98482 -0.333707 0.561974 2.89095 -2.24947 -0.0609813 -3.27594 0.380828 -0.169055 6.48146 -2.06967 1.60567 -0.371134 7.65193 6.7223 1.42739 0.119325 -0.0763895 -1.17755 0.333989 0.235849 -1.10469e-09 0.213061 -0.425148 0.868753 0.50388 0.214845 -0.74146 0.414675 1.1481e-10 0.612858 -0.821539 -0.229753 -0.142511 -0.430522 -0.0315146 -0.160653 3.54118e-09 -6.20667e-11 -1.21028e-10 -0.023671 1.12361 0.0823167 0.0744168 5.03317e-10 0.243906 -0.00180883 0.329127 0.91611 16.781 -0.0588805 0.215298 1.29541 0 0 0 0 0.00499998 0.0256786 0.00284693 0 0 0 0.0284157 0.0414272 0.0441504 0.0264007 0.0772134 0.0129348 0.0230335 0.0370786 0 0 0 0 0 0 0.0495037 0 0 0 0 0 0.0990065 0.0116265 0.0734993 0 0.1273 0.00235078 0.0148652 0.00634867 0.10157 0.0767048 0 0 0 0.0220486 0.0282926 0.0844857 0.0822213 0.165128 0 0.00503539 0 0 0 0 0.0188293 0 0 0 0 0 0 0.00662136 0.00979031 0.027159 0.000659721 0.0061102 0 0.133988 0 0.101956 0 0.131364 0 0.169045 0 0.0101544 0 0.0771455 0.000696463 0.00471721 0 0.00700511 0.0563592 0.0311013 0.0127319 0.0510125 0.000937029 0.000714976 0.180584 0.0359555 0.164435 0.0149083 0.225907 0.0371134 0.205932 0.0267595 0.0907354 0.0111826 0.131521 0.0247755 0.316011 0.0303457 0.0400407 0.026009 0.0540244 0.0418663 0 0.082475 0 0.0142656 0 0 0 0.0127566 0 0 0.012141 0.0519949 0.0729568 0.0932805 0 0.263153 0 0.145268 0 0.0331143 0.0985629 0.00956246 0 0.072194 0.00072924 0 0 0 0 0 0 0 0 0.0204902 0.229556 0.0454298 0.243859 0 0 0 0 0 0 0 0.116256 0.0515973 0.00380159 0.00804444 0.0318375 0 0.518829 0.0382429 0.00248415 0 0.187913 0.047295 0 0 0 0 0.252916 0.18308 0 0.311077 0.031784 0.520068 0 0.122389 0 0.135724 0.0573525 0.0433288 0 0.0300579 0.052725 0.0503289 0 0.107199 0 0.00507591 0.0518801 0 0.209616 0.0858181 0.182774 0.106533 0.0171986 0 0 0.0604074 0 0 0.0189031 0 0 0 0.102492 0.0549448 0.164204 0 0 0.0163218 0 0 0.00448734 0 0 0.250068 0 0.0664792 0.0654501 0.12036 0.0285168 0 0.00050262 0 0.0593702 0.202296 0 0.0800254 0.0317989 0 0.11096 0 0.0899642 0.0113392 0.109868 0.317094 0 0 0 0 0.0246158 0.0512152 0.301417 0.064504 0 0.0283531 0.0524735 0 0 0.00265358 0.030357 0.00655361 0.0930253 0 0 0 0.203015 0 0 0.161407 0.647256 0.156409 0.00769261 0.0153862 0.00596325 0 0.0385105 0.0344554 0 0.00896283 0 0.00382246 0.165601 0.000595452 0 0.0125024 0 0 0.0509405 0 0 0 0.172006 0.0500125 0.0839059 0.13848 0.0584304 0.113474 0 0.0208919 0.106864 0.133435 0 0.193039 0.0103672 0.0529572 0.0524332 0 0.0154804 0.0354501 0 0 0 0 0.174711 0.0927541
167 13.4283 0.0422296 0.00380943 -0.0175268 0.331325 -0.0724365 16.8394 -0.1568 -0.12645 -0.0218651 0.0457355 0.0800529 0.137148 0.02833 0.015418 0.0289081 -0.175934 0.0637849 0.0136415 0.69334 0.215176 0.112678 -0.133327 -0.0277381 -0.261757 -0.0101396 -0.0198469 0.01127 -0.0982777 0.0288046 -0.00979355 -0.103055 0.0492849 -0.0359678 0.152782 -0.0100741 0.078731 0.0496562 0.0478666 0.0587248 0.441682 0.0986798 1.3735 0.218718 0.706133 -0.0988106 -0.0117549 0.15505 -0.0531539 -0.0540446 0.166266 -0.315372 -1.35685 0.0428072 0.624113 -0.0238333 -0.0166275 0.486011 -0.118316 1.48688 0.0912957 0.302061 1.25312 2.0359 -0.557769 -1.81758 -2.20996 -0.517497 0.958334 0.250034 0.00373279 0.00525122 -2.67638 0.644592 -1.68006 -0.405387 -6.08457 1.50952 -0.368738 1.64903 2.58225 -0.185441 -0.12117 -0.980818 -0.621923 0.167643 -0.271464 -2.2575e-09 0.434509 -0.465932 -0.228288 -0.10048 0.465794 -2.54188 -0.106392 2.71953e-10 -0.540523 -2.12635 0.607792 0.346855 2.38942e-11 -0.193152 -0.810755 3.30893e-09 -2.63002e-09 -7.62093e-10 3.49987 0.627492 0.244726 -1.8996 0.31576 1.59233 0.658602 0.328397 0.92332 16.8238 0.0105821 0.214069 1.27208 0 0.00260179 0 0 0 0.00437155 0 0.0528992 0.0143587 0.0775112 0.0265114 0 0.055663 0 0.0869535 0 0.0180308 0.00192519 0.0233873 0 0 0 0.0631769 0 0.112375 0 0 0 0 0 0.00803502 0 0.0310879 0 0.0361241 0.0104533 0.0120024 0.012288 0.10443 0.00905733 0 0 0 0 0.0131129 0.176366 0.0670466 0.0850912 0 0.0236528 0 0 0 0.0192922 0.0318554 0.00741138 0 0.00828178 0 0 0.0083719 0.00759021 0.0075797 0.0601873 0.000880152 0.0258859 0 0 0 0 0 0 0 0 0 0.0196139 0.00510579 0 0.00539007 0 0 0.00428056 0.0463675 0 0 0.104983 0.0013009 0.00103045 0.132207 0.168054 0.0744877 0.117797 0.0983009 0.133085 0.0253113 0.123131 0.0566265 0 0 0.120581 0.128078 0.125694 0.0185073 0.00515471 0.0991404 0.385806 0 0.168419 0.0133482 0.300586 0 0 0 0.0570219 0 0 0 0 0.313724 0.683491 0.261627 0.742047 0.220245 0.588705 0 0.218899 0.0373605 0 0.178685 0.297041 0.28054 0.483346 0 0 0 0 0 0 0 0.0197246 0.201323 0.0996094 0.130394 0 0.00389382 0 0 0 0 0 0.0362246 0.00790673 0.0276317 0 0.0681208 0 0.462714 0.086446 0.00352395 0 0.0411762 0.0360416 0 0.0230635 0 0.00384326 0.0989188 0.230801 0 0 0.0607489 0 0 0.0881818 0 0.102324 0.101847 0 0 0.00516401 0 0.0427941 0 0.155118 0 0.00286703 0.116315 0.183794 0.264821 0.323675 0.290581 0.0898151 0 0.0694093 0 0 0 0.0785522 0 0.202217 0.0391229 0.078398 0.319725 0.199767 0.343007 0 0 0 0 0 0.230428 0.0913761 0 0.236932 0 0.0842236 0 0.0683851 0 0.00281485 0 0 0 0.407461 0.0400627 0.0182161 0.0312963 0 0.0845626 0.124851 0 0.179919 0.111651 0.228794 0 0 0 0 0.02703 0.124494 0.188112 0.107375 0 0.0262755 0.0215588 0 0.161358 0 0.0545047 0.206537 0.189789 0.0607722 0.0876398 0.197996 0.146077 0 0.119399 0.336582 0.054289 0.214083 0.012556 0.0264338 0.0249582 0.00149697 0.0400761 0.0299052 0 0 0 0 0.0243922 0.0227822 0 0.0161142 0 0 0 0 0 0 0.340047 0.0541271 0.206485 0.0536709 0.201103 0.048063 0 0.0127191 0.097487 0.294554 0 0.121446 0.0135227 0.0176798 0.0168172 0.131418 0.00824649 0.0110536 0 0 0 0.00118096 0.114145 0.0690302
168 13.4616 0.0305923 0.00797645 0.0181062 0.334422 -0.0660688 16.8804 -0.0543296 -0.151673 -0.0640542 -0.0325441 0.0746786 0.158681 0.0388068 0.00646093 0.0166977 -0.266802 0.0960247 -0.0115919 0.728692 0.0791955 0.0449382 -0.0612177 0.0217103 -0.211005 0.00259017 -0.0258007 -0.00668401 -0.0905896 0.0326689 -0.0171506 -0.102505 0.0839735 -0.0540736 0.131439 -0.0367336 0.0777704 0.138444 0.00884276 0.0547055 0.323852 0.18946 1.34554 0.239696 0.702314 -0.0741637 -0.019292 0.15505 -0.0531539 -0.0540446 0.268874 -0.297062 -1.33111 0.163621 0.705242 0.0189957 -0.024579 -0.54142 0.0327976 0.897557 0.0920978 0.202263 1.18726 2.90691 -0.306304 -1.35055 -2.00817 0.21412 0.394212 0.282616 -0.689784 -0.940424 -2.83725 1.13463 -0.352964 1.39645 -3.42412 -3.46717 2.22139 1.23661 1.26731 0.47787 0.19788 -0.330312 0.483904 0.0387262 -0.320039 -8.38592e-10 0.628061 -6.34926e-10 -0.506985 -0.472071 -0.626664 0.801785 -1.58693 2.90357e-10 -0.357467 2.39567 -1.03834 0.406515 -0.258867 1.22283 -1.10068 3.76174e-09 -3.04297e-10 -1.95414e-10 0.430265 1.03424 0.010389 0.784415 -0.36732 -2.26094 2.04989 0.329542 0.929708 16.8659 0.054157 0.187411 1.25421 0.0489612 0 0.0366578 0 0.0409422 0 0.00949888 0 0.0176716 0.0103421 0.138444 0.0975421 0.0903038 0.0859165 0.0850467 0.0979977 0 0.0463053 0.0220177 0 0 0 0.0498217 0 0.03705 0 0 0 0 0 0 0 0 0 0 0 0.0106232 0.00122692 0.00158111 0 0 0 0 0 0.212604 0.0996441 0.0710601 0.0830928 0 0.0254087 0 0.0016567 0 0 0.021144 0.0141265 0 0 0 0 0 0 0.0529997 0.022172 0.0167903 0.00965618 0 0.0216665 0 0 0 0.0434973 0.00395768 0.152116 0 0 0 0 0 0.00330244 0 0.0089324 0 0 0.0822174 0.0389988 5.40899e-05 0.00145247 0.0357266 0.0105754 0.0257043 0 0.0334653 0 0.0256799 0.0297443 0.00989472 0.00989588 0.0296955 0 0.0342144 0 0.009486 0.0253621 0.0810612 0.718475 0 0.413973 0.0474818 0.293372 0 0 0 0 0 0 0 0 0.296358 0.75962 0.261341 0.706837 0.238604 0.632976 0 0.0964339 0 0 0.265906 0.32662 0.25657 0.440771 0.200665 0.057731 0 0 0 0 0 0 0.115795 0.0420819 0.1351 0.0290452 0 0.00590462 0 0 0 0 0.120807 0.0990272 0 0 0.0207555 0.00845096 0.362369 0.00678813 0 0 0 0 0 0 0 0 0.277196 0.0567731 0.0416846 0.289488 0.0664826 0.46501 0 0.0421651 0 0.0443279 0.00641441 0 0 0 0.0109229 0.0740787 0 0.0117089 0.00404369 0.00310389 0.339035 0.0703706 0.286428 0.222909 0.256804 0.161688 0.0251774 0 0 0 0.0218079 0.00799443 0.0234534 0 0.000698527 0 0 0 0 0 0 0 0 0 0.310247 0.153826 0.0327091 0.017154 0 0.0120178 0.0572086 0.275382 0 0.0946745 0.00690141 0.035568 0.0179631 0.386284 0 0.000220113 0.00304836 0.0032145 0.10882 0 0 0.1767 0.111441 0.184849 0 0 0 0 0 0.00236025 0.257458 0.0085732 0 0 0 0 0 0 0 0.081578 0.00108959 0.0350007 0.00705644 0.115554 0.0866774 0.0347609 0 0 0.0295664 0 0.063938 0.00164868 0.00142227 0.0113444 0.0710518 0 0 0 0 0 0 0 0 0 0 0 0 0 0 0 0.162314 0.0665781 0.128738 0.0331322 0.16584 0.0827728 0.0142556 0.000981826 0.117129 0.0910098 0 0.0631119 0.0823131 0.0363843 0.0187313 0 0 0 0 0 0 0 0.0932011 0.037347
169 13.495 0.0462392 0.0101907 0.014238 0.335885 -0.0623629 16.9185 0.0119149 -0.15518 -0.0576058 -0.1028 0.102137 0.157092 0.0044323 -0.0029063 -0.0349953 -0.378837 0.0907689 0.00540969 0.691085 -0.0232763 0.0608846 -0.0668023 0.103937 -0.130001 -0.00452702 -0.0427741 0.00389731 -0.0945762 0.035154 -0.0111447 -0.104547 0.00433814 -0.0498642 0.138303 0.0333059 0.0634659 0.155868 -0.00439666 0.053625 0.26282 0.229392 1.31852 0.227695 0.684825 0.0585318 0.100239 0.156516 0.00461679 -0.0471247 0.198612 -0.262532 -1.36895 0.124604 0.68194 -0.0180296 -0.0969183 0.988716 -0.918072 -0.105236 0.0225087 0.0779236 1.07077 0.158242 0.681798 0.254038 -2.59752e-09 -0.857436 -0.0557184 -2.49492 1.64098 -0.343045 -3.55946 0.223518 0.398256 -2.25659 -2.00055 1.64537 0.443853 2.54913 2.80221 -0.507697 0.426316 0.165503 -0.314634 0.0573804 0.267634 -1.8431e-09 -2.70166 0.0257767 0.325279 2.13037 -0.520397 2.92052e-09 0.149282 5.14072e-11 -0.527117 1.01915 -0.722066 -0.0920189 -1.09432 1.74242 1.61057 3.26166e-09 1.61373 0.25654 0.324892 0.056193 -0.794465 0.0770639 -0.144575 -0.324498 -0.852845 0.33131 0.933729 16.9074 0.0524518 0.0386226 1.24524 0.0147278 0 0.0141383 0 0.0321625 0 0 0 0.00545759 0 0.112149 0 0.0938714 0.0109638 0.0589158 0.0619167 0.0359807 0.0130483 0.0639607 0.00395624 0.0961433 0 0.0395479 0.123347 0.122325 0.119072 0.0749658 0 0 0 0.00447269 0.0645603 0 0.0808546 0.00114763 0.121234 0 0.00743486 0.0226559 0.00191403 0.0784932 0 0.00228028 0 0.00197734 0.0601264 0.0971986 0.101777 0.0400673 0.0111922 0 0 0.0022729 0 0.053071 0.0373497 0 0 0 0 0.00246946 0.0295823 0.0422731 0.0469041 0.00484299 0.021964 0.0311087 0.0432835 0.0126591 0 0.040763 0.0146411 0 0.0560937 0.0110435 0.0230375 0.0154992 0.0488077 0.00528061 0 0.0051735 0.0129578 0.0388927 0.0153215 0.0531887 0.0856307 0.00146241 0 0.130622 0.108029 0.0911676 0.0559284 0.1103 0.12478 0.097606 0.148373 0.0585159 0.0254093 0.0962204 0 0.0912348 0.0515403 0.0325103 0.0127185 0.0898309 0.436554 0.0690778 0.233694 0 0 0 0 0 0 0 0 0.103493 0.0181747 0 0.13763 0 0.0723723 0.036394 0.052703 0.00783031 0.00830232 0.0482989 0.134096 0 0.158403 0 0.152277 0 0 0.0256802 0 0 0 0 0 0.180825 0.205219 0.0862301 0.00184593 0 0 0 0 0 0 0.0193235 0.0659473 0 0 0.0139662 0.0230788 0.32628 0.276555 0 5.87802e-05 0.0600154 0.0400459 0.00982471 0 0 0 0.182589 0.206059 0.0317523 0.18201 0 0.420172 0.0730823 0.0557794 0.0841388 0.0436533 0.0628555 0.0525288 0.0917654 0 0.00551295 0.010962 0.0589789 0 0.00269874 0 0.159539 0 0.345873 0.12409 0.158375 0.101229 0.0475213 0 0.0360805 0.00171179 0.0337928 0 0.0594326 0 0 0 0.0227061 0 0.0198935 0.0125625 0 0.00147166 0 0 0.0721027 0.097138 0.133415 0.0870584 0.0571445 0 0.132888 0.0596512 0.0201276 0.151891 0 0 0.158233 0.199264 0 0 0 0 0 0 0 0 0.260404 0.108305 0 0 0.00687426 0 0.0231887 0.0212023 0.145307 0.182675 0 0 0.00633996 0.0514102 0 0 0.0139877 0.0118037 0 0.0193153 0 0 0.140191 0.157749 0.0274621 0.174196 0.307483 0.0743457 0 0.00345204 0.0768285 0.0216427 0 0.0144485 0 0 0 0 0 0 0 0 0 0 0 0 0 0 0.103812 0.260416 0.229963 0.133053 0.239263 0.216725 0.0192865 0 0.248414 0.0424684 0 0.052422 0.0544905 0 0.0764663 0.0132367 0.0374026 0 0 0 0 0 0.139403 0.113342
170 13.5283 0.0463722 -0.0188932 0.0256149 0.338215 -0.0637595 16.9557 0.0519427 -0.157526 -0.0774556 -0.1028 0.060136 0.185766 0.0198695 -0.00868393 -0.0354148 -0.417965 0.0850649 0.00395225 0.514178 -0.0202663 0.138806 -0.0555556 0.186708 -0.0285493 0.0346543 -0.0343367 -0.00725483 -0.134131 0.0277459 -0.00313528 -0.105087 -0.0166985 -0.0471405 0.153789 0.0530219 0.0535126 0.155502 0.00913549 0.054681 0.1889 0.204398 1.32377 0.253485 0.70142 0.0734099 0.116219 0.157456 0.0387302 -0.0226505 0.184301 -0.214564 -1.42248 0.126893 0.674835 -0.0124778 -0.132511 -0.0323707 -0.816022 0.307726 0.0832978 -0.0758365 1.12724 1.23155 0.0289031 -0.709778 -5.4839e-10 -1.87317 0.801389 0.718666 0.0173588 0.644181 -0.94962 -0.0671933 0.0157263 -5.49716 -0.743124 1.17496 1.20029 2.78323 3.18267 1.13451 0.155082 -0.453034 -1.13724 -0.173396 0.356396 -2.21341e-09 -0.191552 0.00265738 0.463676 0.0910557 -0.206216 4.93975e-09 -0.433999 8.95085e-11 -0.961903 1.37714 -0.0560667 0.221317 -0.0819651 0.488911 -0.147697 4.12893e-09 0.608657 0.754706 1.6254 0.981066 -1.38812 0.135913 -0.917664 -0.331106 -0.288025 0.333118 0.932123 16.9488 0.0550193 -0.11897 1.239 0 0 0.0145289 0 0.033682 0 0.00430572 0 0 0.042879 0.0848722 0.0551968 0.052724 0.0581438 0.0206637 0.106814 0 0.0354432 0.0548093 0 0.0810251 0 0.0573726 0 0.153236 0 0.0161379 0 0 0 0 0.00618093 0 0.0424808 0 0.147777 0.00399411 3.17518e-05 0.00498593 0 0.100456 0.104441 0.010149 0 0.229692 0.00137867 0.125428 0.0419916 0.0313161 0.0549236 0 0.00114502 0.0224838 0 0.0602668 0.0663666 0 0 0 0 0 0 0.0676306 0.0414634 0.0144381 0.0121893 0 0 0.105852 0 0.0869744 0 0 0.0285094 0 0 0.0501215 0 0 0 0 0 0.0044831 0.0342191 0.0510238 0.0594124 0.000304669 0 0.136986 0.104948 0.103058 0.0542339 0.119181 0.117071 0.0743949 0.114164 0.053129 0.0912913 0.0929309 0 0.0879715 0.0776989 0.0218532 0.0438283 0.0361811 0.518205 0 0.159793 0 0.0422495 0 0 0 0 0 0 0 0.00281965 0 0.223957 0 0.121377 0.189831 0.113193 0 0.0424256 0.00176475 0.0794827 0.144831 0.0561678 0.105156 0.0566105 0.233475 0 0.00426419 0 0 0 0.00406132 0 0.118499 0.265853 0.0963844 0.0904906 0.0120991 0 0 0 0 0 0.0924234 0.1035 0.0209061 0 0.0811102 0 0.218366 0.376062 0 0.00147605 0 0.0257124 0.0203736 0 0 0.00384965 0.170126 0.241678 0.0564095 0.155308 0.00985361 0.485362 0.00770568 0.0261723 0.0247851 0.0181938 0.0948881 0.0421418 0.0553457 0 0.00621512 0.0309607 0.0417104 0 0.00816628 0 0.339926 0 0.358889 0.133414 0.329317 0.0645862 0 0.0101135 0.0243793 0 0 0.0435138 0 0.0589 0.0290763 0 0 0.0782291 0 0.0488963 0 0 0 0 0.466861 0 0.101873 0.061404 0.0498457 0 0.253848 0.0140176 0.358457 0 0.000683256 0 0.149933 0.0515908 0 0 0 0 0.0699131 0.0153848 0 0 0.263366 0.0984922 0 0 0.0153976 0 0.00372889 0.0177277 0.126578 0.228127 0 0 0 0.0126681 0 0 0 0.0509765 0 0.0491998 0 0.0319604 0.149684 0.286779 0 0 0.303005 0 0 0.00793583 0.0858768 0.0655282 0 0.0104526 0 0.0108257 0 0 0 0.134804 0 0 0 0 0 0.0583942 0 0.0386684 0.249042 0.098349 0.298167 0 0.33875 0.0201055 0.0433775 0.00638761 0.241177 0.0994725 0.056439 0.0500739 0.0933249 0.0127706 0 0.0761984 0.0407492 0 0 0 0 0 0.160677 0.150926
171 13.5616 0.048127 -0.050477 0.0161516 0.339091 -0.0728326 16.9942 0.0982567 -0.142343 -0.0738694 -0.1028 -0.0370631 0.185191 0.0188117 0.0444002 0.0253759 -0.447342 0.0892919 0.0346478 0.337298 -0.0650374 0.12108 -0.0207687 0.217918 0.00341327 0.0245176 -0.031651 0.000949401 -0.110343 0.0351758 0.00375656 -0.103795 0.0386674 -0.0329273 0.146456 0.00978668 0.0264146 0.151159 0.0318737 0.0562838 0.162294 0.172138 1.33134 0.356462 0.693743 0.0413288 0.0202599 0.156967 0.0070911 -0.0349071 0.394856 -0.26432 -1.37992 0.223021 0.658768 -0.0208055 -0.080597 -0.0264235 -0.939003 -0.338559 0.0641227 -0.342914 1.1601 1.47771 0.480406 -0.0449225 -5.29584e-10 -3.38669 -0.629802 1.73508 0.4414 2.41042 -1.16873 -0.0477743 1.05401 -4.17127 -0.89259 -1.1391 0.712522 0.779558 0.718169 -0.167921 0.0970235 0.274036 0.703003 0.172587 0.207297 -1.41051e-09 0.455543 0.339793 -0.108303 -0.102504 -0.551285 3.40692e-09 -0.434084 -0.0103777 -0.323013 1.63528 0.0841489 0.349485 -1.04107 0.613572 -1.4686 1.79176e-09 -0.984465 -0.721649 1.32835 1.52526 0.238743 -0.0948908 -0.339583 -1.21084 0.818656 0.335107 0.923838 16.9899 0.0552548 -0.359072 1.22417 0.0445547 0 0.031018 0 0.0232355 0 0.0346877 0 0.0328806 0 0.00271343 0.013384 0.0040653 0.0138127 0 0.0283766 0.0166436 0 0.0179734 0.0820004 0.0164611 0.0786271 0.0333428 0.127256 0.0415193 0.121461 0.000112019 0.0486022 0.00250991 0.0676191 0 0.00633655 0 0.00358969 0 0 0.00488847 0 0 0 0 0 0.0784831 0 0.113074 0 0.0517434 0 0 0 0 0.0232874 0 0 0.0118752 0.0279525 0 0 0 0 0.030759 0 0.0451336 0.0341947 0.0291807 0.0166945 0.0365009 0.00643358 0.0212677 0.00984628 0.0302625 0.0268472 0.0936264 0.132966 0.058667 0.00293867 0.0501031 0.00371814 0.00348731 0 0.0405574 0.0116677 0 0 0.130477 0.113978 0.00012246 0.000178306 0 0 0 0 0 0 0 0.00963925 0 0.0106849 0 0 0 0 0 0.013151 0.158233 0.0808941 0.129048 0.234341 0.0207652 0.00708834 0.00373558 0 0 0 0 0 0 0 0.0201574 0.0489177 0.009663 0 0.0505071 0.00176655 0 0 0 0 0.0687767 0.0773409 0.0424299 0.0803817 0.147527 0.0298694 0 0.00287931 0.015157 0 0 0 0.0418379 0.171978 0 0 0.0382288 0 0.00952759 0 0 0 0 0 0.00119572 0.0125488 0.012514 0.0167716 0.0783555 0.319763 0 0 0.000749957 0.039529 0 0 0.00888443 0 0.0844242 0.18024 0 0.157132 0.0349624 0.281474 0.020471 0.0765853 0.0193676 0.077254 0 0.00485824 0 0 0.0120663 0 0.0647618 0 0.0036326 0 0.245321 0.110183 0.221458 0.0715005 0.0933878 0.0827871 0.0573286 0 0 0 0.0613127 0.000313349 0.0746072 0.0101616 0.0109742 0.0141376 0 0.333795 0 0.319909 0 0 0 0.00600429 0.124984 0.0573222 0.14952 0 0.124689 0 0.23647 0 0.353445 0 0.0160885 0 0.200603 0 0.0572958 0 0.0141515 0.000991004 0.00363395 0.0196352 0.00205304 0.0268723 0.183965 0.0506813 0 0 0.0345875 0 0.0378835 0 0.0430586 0.199522 0.0288987 0 0 0.0088479 0.033881 0 0 0.000630345 0 0.0945368 0 0.0654663 0.0181141 0.135346 0.157646 0 0 0 0.0467146 0.0632601 0.012217 0 0.0493898 0.0456657 0 0.0430855 0 0.0450813 0 0.125818 0 0.0417898 0 0.0470571 0 0.0690339 0 0.0643435 0.0567099 0.0991791 0.0331527 0.125303 0.0319146 0.154145 0.00389291 0 0.196932 0.0152358 0.0379093 0.00563843 0.010742 0 0.0619918 0 0.0284405 0 0 0 0 0 0.054546 0.0907578
172 13.595 0.0319047 -0.105236 -0.019318 0.338876 -0.0836202 17.0368 0.163301 -0.150541 -0.0564085 -0.1028 -0.0897531 0.249497 0.07256 0.0302865 0.0358153 -0.402888 0.105908 0.1008 0.0995967 -0.121294 0.0828956 -0.0148219 0.277545 0.0661526 0.0279603 -0.016105 0.0306244 -0.0890137 0.0395358 0.0113105 -0.102019 0.0484627 -0.0161521 0.142667 0.0138296 0.00811436 0.150968 0.0386889 0.0568009 0.11452 0.171378 1.3491 0.39454 0.692565 0.0521702 0.00457608 0.140704 -0.0416741 -0.0551705 0.458596 -0.20115 -1.39338 0.222728 0.658287 -0.0278102 -0.0337487 -0.177718 -1.55653 -0.912537 0.139634 -0.252539 1.32561 1.68506 -0.142006 0.311074 -5.093e-10 -1.45117 1.86234 0.294909 -0.000126008 0.0187673 0.829776 0.215907 1.84376 -5.90343 -1.34812 -2.86414 1.16068 1.56153 1.66473 -0.254953 0.282187 0.672731 0.44165 0.135523 0.247432 -1.21456e-09 -0.0791783 0.547933 -0.182971 0.332155 -0.680095 3.51876e-09 -0.344117 2.4973e-10 0.0990789 1.1407 0.490574 0.387519 -0.542237 0.285142 -0.324161 0.429952 -1.20148 -3.22225e-10 0.21529 1.12286 -1.13222 0.020056 1.17312 0.272705 -0.532646 0.337311 0.913856 17.0313 0.0764828 -0.255876 1.25614 0.0645416 0 0.0583312 0 0.0455269 0 0.0499075 0 0.0515175 0 0.0233813 0 0 0 0 0.0150618 0.0630558 0.0316226 0.0412048 0.135302 0.0606664 0.102364 0.067177 0.194227 0.088789 0.179636 0.018705 0.0123898 0.0133089 0.0398043 0.0176744 0 0 0.00317794 0 0 0 0 0.0310491 0 0.0354494 0 0.158288 0 0.233661 0.0547344 0.0394002 0.004395 0.06538 0.0387362 0.00510256 0.0337561 0.0174187 0 0.0192111 0.0346387 0.0158445 0 0.00406837 0 0 0 0 0.00870748 0 0.00346139 0 0 0 0.0196475 0 0.0375572 0.039809 0.238839 0.00320501 0 0 0 0.0074485 0.000913424 0.0153445 0.0065626 0.0202088 0 0 0.0491384 0 0.000920953 0.0379128 0.0020913 0.0347048 0 0.0343528 0 0.0267897 0.030354 0.0468232 0.043539 0.023206 0 0.0241403 0.00938552 0.0421603 0.0286269 0.105059 0.480244 0.00868752 0.165917 0 0.00228738 0.00131944 0 0 0 0 0 0 0 0.0671689 0.416247 0 0.211482 0.0144333 0.00307593 0 0 0 0.0100152 0.0871619 0.211791 0.0692179 0.295267 0.198079 0.0692082 0 0.00142839 0.0487073 0 0.00884448 0 0.0696222 0.24927 0.0164609 0.0431011 0.0668449 0 0.0177182 0 0.00685345 0 0.0354387 0 0.000217453 0.0173497 0.0125444 0.0355966 0.00946337 0.337937 0.000181619 0.000621145 0.00281854 0.0410514 0.0270898 0 0.0443338 0.00359968 0.0603022 0.212032 0 0.34745 0.0148961 0.551888 0.00974627 0.0849374 0.0195831 0.0937373 0 0.0171853 0 0 0 0.0269301 0.120972 0 0.00483944 0.000677073 0.331923 0.248729 0.328348 0.108911 0.162129 0.144478 0.115256 0 0 0 0.0941374 0.00127866 0.123234 0 0 0.000157357 0 0.595121 0 0.525142 0 0 0 0.0102085 0.149639 0.164604 0.206192 0 0.216748 0 0.42729 0 0.517174 0 0.0119103 0 0.356857 0 0.0255975 0 0.029003 0.0162945 0.0820072 0 0.0191547 0.110391 0.250057 0.0310821 0.00335721 0 0.0724003 0 0.0795144 0 0.00154412 0.242084 0.0508905 0 0 0.0113411 0.000750363 0 0 0.0356052 0 0.2003 0 0.158775 0 0.185883 0 0 0.114283 0 0 0.0383158 0.011717 0 0 0.0142868 0 0.0486975 0 0.0117455 0 0.0851629 0 0 0 0.0335557 0 0.0459431 0 0.0540067 0.0790404 0.203217 0.0404158 0.278603 0.040807 0.345225 0 0 0.23662 0 0.0377963 0.00945801 0.0352783 0 0.0873858 0 0.0235945 0 0.00967309 0 0.0473186 0 0.0789002 0.134179
173 13.6283 0.00448317 -0.178585 -0.0547775 0.338088 -0.0950904 17.0837 0.24267 -0.161796 -0.0503249 -0.1028 -0.141669 0.337641 0.087383 0.0333476 0.0900672 -0.354265 0.135931 0.169871 0.000684459 -0.228893 -0.050714 0.0453984 0.312428 0.106473 0.0304362 0.00857517 0.0528102 -0.0637791 0.0439137 0.0184561 -0.100986 0.0988209 0.00423247 0.140868 -0.0183214 -0.0113172 0.150619 0.0511206 0.0577429 0.113202 0.166967 1.36877 0.467516 0.695583 0.0597844 -0.0140261 0.160401 -0.0483542 -0.055209 0.462973 -0.18358 -1.41555 0.209056 0.692613 -0.00209488 -0.0449146 -0.580698 -2.46052 -0.902754 0.243486 -0.359308 1.43211 2.09653 -0.402115 -0.243882 -1.65325e-10 -1.53131 2.99735 0.653681 -0.000340171 -0.000374111 1.05695 0.361902 2.15833 -1.15455 -2.31296 -3.43131 0.335836 0.513332 0.777095 -0.368448 0.792772 0.597596 0.780818 0.0604136 0.131549 -1.3084e-09 1.12735 0.638855 -0.0626448 -0.719813 -0.485743 5.64503e-09 -0.268899 3.39356e-10 0.178073 0.938417 0.791884 0.216993 -0.652994 1.46019 -1.02323 4.59292e-09 0.428005 -6.82912e-10 -0.271992 0.897585 -0.805179 -0.0947484 0.892754 0.522388 -0.157398 0.340215 0.903834 17.0732 0.085215 -0.333315 1.25698 0.0342747 0.0126008 0.0305977 0.00925977 0.0149732 0 0.0120002 0.00985606 0.0977036 0 0 0.0879107 0 0.0984798 0 0.118333 0.0955374 0.0393804 0 0.312941 0 0.322055 0 0.418665 0 0.425455 0.00178774 0.230495 0 0.360255 0.101737 0 0.0957263 0 0.16627 0 0.000844542 0 0.0719334 0.0745847 0.0090307 0 0.454683 0 0.055423 0.0540612 0.00505522 0.0320887 0.0226343 0 0 0.0440745 0.0077125 0 0.00437196 0.015287 0.00124984 0 0.00414524 0 0.0362347 0.00926049 0 0.014948 0 0.0136596 0 0 0.0206094 0.0746658 0.00255057 0.0837034 0.109697 0.359419 0.0632576 0.0277113 0 0.000976234 0.0204009 0.00809203 0.0521532 0.033299 0.0249125 0 0.000438041 0.0797169 0 2.58377e-05 0.0232233 0.00394585 0.0226048 0 0.0167414 0 0.013346 0 0 0 0.00355568 0 0.00267338 0 0.017453 0.00172438 0.114454 0.371297 0.0113611 0.198348 0.0013777 0.0144083 0.0139515 0 0.0669002 0 0.0489741 0 0.127928 0 0.217444 0.42619 0.0907774 0.0222821 0.013083 0 0 0 0.0169142 0.0614971 0 0.224111 0 0.372926 0.0474843 0.163775 0.00246344 0.0158832 0.0957415 0 0.00598824 0 0.029371 0.213708 0 0.148631 0.0746764 0 0.0225966 0 0 0 0.0325252 0.00750188 0 0.045907 0.00272754 0.0391611 0 0.350348 0 0 0.0857576 0.170582 0.0155721 0 0.0346503 0 0.0892907 0.202463 0.00533765 0.371539 0.0374326 0.633249 0.0582754 0.105319 0.0667752 0.117714 0 0.00376814 0.00438017 0 0 0.0285124 0.133867 0 0.00204988 0 0.196017 0.379417 0.346011 0.0906455 0.0962456 0.153026 0.0918077 0 0 0 0.173367 0.00345083 0.258661 0 0.0337064 0.101483 0 0.736682 0 0.68482 0 0 0 0.00707626 0.0176184 0.22476 0.218317 0 0.244264 0 0.505093 0 0.425979 0 0.0452553 0.0125807 0.322464 0.0131937 0.214965 0.117031 0.064482 0.0146793 0.117009 0 0 0 0.260147 0.0883965 0.0113391 0 0.0927601 0 0.0519171 0 0.0254655 0.236171 0.145908 0 0 0.0465392 0.160405 0.163016 0.00686313 0 0 0.262301 0 0.194273 0 0.134286 0 0 0.0717316 0 0.00491247 0.0799968 0 0 0.00755385 0.0562552 0 0.0545585 0 0.0248732 0 0.119136 0 0 0.00709674 0.0404704 0 0.0611605 0 0.0631894 0 0.314001 0 0.430471 0 0.496553 0 0.0243465 0.130881 0.0158636 0.0275679 0.0368399 0.00868282 0.0404635 0.156815 0 0.00477738 0 0.0216456 0 0.0418989 0 0.0832743 0.175702
174 13.6616 -0.0139104 -0.214864 -0.0711424 0.339212 -0.108803 17.133 0.312146 -0.167042 -0.0669024 -0.0923109 -0.203839 0.382231 0.106881 0.0324642 0.0889336 -0.334798 0.135429 0.192982 0.0171505 -0.357753 -0.00497247 -0.0849656 0.332258 0.130712 0.0136301 0.0174066 0.060798 -0.0400945 0.0507854 0.0184126 -0.101154 0.191153 0.0368312 0.15556 -0.0957443 -0.0463187 0.150907 0.0408728 0.0569664 0.120161 0.159708 1.39174 0.517067 0.686957 0.0935605 -0.0345284 0.160545 -0.0430324 -0.0547799 0.446814 -0.151058 -1.41921 0.182011 0.700736 0.0204056 -0.0972815 -0.415861 -0.511079 -0.395024 0.411971 -0.455801 1.43683 1.85328 0.0368743 -0.637562 0.516197 -1.92399 0.625099 0.181174 -0.150674 -0.202176 0.399546 -0.310913 0.108044 0.737862 -2.7964 2.83875 -2.95512 0.425068 0.430048 -0.610542 0.306969 0.246565 0.557643 0.147367 -0.0119148 -1.03777e-09 1.86767 0.870607 0.366465 -1.43205 -0.608409 7.66809e-09 -0.656275 5.20258e-10 0.196282 -0.0627849 0.469144 0.402014 -0.817781 1.46464 -0.539231 7.79813e-09 -0.00117924 -7.34145e-10 -0.2358 0.579703 0.304627 -0.113916 2.96022e-10 0.567441 -0.88659 0.343333 0.891395 17.1155 0.0930257 -0.419969 1.27562 0.0421181 0.00453246 0.0333598 0 0.0120033 0 0.0560246 0.00646835 0.182316 0 0.0261287 0 0.0424156 0 0.0469535 0 0.101792 0.0495122 0.0477873 0.247024 0.0820829 0.271875 0.0812628 0.346195 0.0993995 0.358583 0.153884 0.214706 0.170816 0.301617 0.150879 0.0151427 0.133488 0 0.150083 0 0 0.00531086 0.0722535 0.159915 0 0 0.279929 0 0 0 0.00139569 0 0.0246705 0 0.00187805 0.0497695 0 0 0.00710894 0.00411617 0.00458637 0 0.00335552 0 0.0467815 0.0340853 0 0 0.00218869 0.0147102 0 0.0281247 0 0.0377968 0 0.0599505 0 0.206409 0.0764611 0.0584403 0 0.0137325 0.0221918 0.0130212 0.0590973 0.0544649 0.0258017 0 0.0170225 0.106277 0 0.000461103 0.0164891 0 0.0114743 0 0.0152299 0 0.0259952 0.0206684 0 0 0.0229304 0 0.0211055 0 0.00967168 0 0.067211 0.202951 0.0669567 0.565683 0 0.00688665 0 0 0 0 0.0380778 0 0.137627 0 0.0886131 0.0867578 0.00124551 0 0 0 0 0 0 0.059376 0 0.0676329 0 0.11422 0.0701537 0.163441 0 0.00969985 0.116404 0.0133505 0 0 0.027098 0.161632 0 0.00547737 0.00700336 0 0.0127896 0 0 0 0 0 0 0.0262427 0 0.027416 0.0588167 0.23834 0 0 0.0997174 0.147623 0 0 0.0160202 0 0.0431496 0.117343 0 0.247115 0.00177502 0.354106 0 0.14937 0 0.150258 0 0 0 0 0 0 0.164045 0 0 0 0.149521 0.211262 0.113251 0.0442852 0 0.146535 0.142682 0 0 0 0.0715207 0 0.13108 0.00931545 0.0903078 0.193651 0 0.489962 0 0.477227 0 0 0 0.0174465 0 0.0807234 0.199499 0 0.151328 0 0.293434 0.088586 0.168499 0 0 0.00153976 0.0992445 0 0.186301 0.286183 0.0667984 0.00112063 0.0475908 0.115706 0.0603618 0 0.223708 0.0705938 0 0 0.0508388 0 0.0101243 0 0.021045 0.150518 0.169411 0 0 0.0305166 0.189626 0.379005 0.0010194 0 0 0.14783 0 0.0741044 0 0.0489652 0 0 0 0.0229547 0 0.139654 0 0 0 0.1154 0.0121189 0.0214439 0.00610777 0.0150289 0.0551533 0.0588015 0.0122323 0.000580855 0.0102211 0.0227641 0.0209693 0.031623 0.0189575 0.0297835 0.0185678 0.203057 0.00419486 0.286791 0 0.317285 0 0 0.0705379 0.122097 0.121378 0.0107097 0 0.00446054 0.127272 0.00617669 0.0268028 0.0258768 0.0120394 0 0.0337857 0 0.0415528 0.139137
175 13.695 -0.0341819 -0.21937 -0.0807748 0.341778 -0.122089 17.1812 0.34659 -0.169184 -0.0901233 -0.0129784 -0.254541 0.392814 0.128823 -0.0187663 0.0246876 -0.317534 0.130344 0.190331 0.0374883 -0.0192342 0.00535056 -0.0800088 -0.0525404 -0.252859 0.0101923 0.0208733 0.0551808 -0.03078 0.0524023 0.0255791 -0.103986 0.228647 0.0507841 0.178133 -0.124855 -0.0496783 0.150664 0.0495038 0.0576204 0.112686 0.150211 1.39985 0.49298 0.651579 0.0905349 -0.0269615 0.160563 -0.0423378 -0.0547238 0.444966 -0.137225 -1.39807 0.178662 0.700801 0.0412122 -0.0839299 -0.775674 0.0929437 -0.186404 0.417583 -0.37121 1.38933 0.890598 -0.070544 -0.736286 2.79284 -0.693181 0.397411 -0.304077 -2.06749 -2.81769 0.866036 -0.0256978 0.0116292 0.619934 13.8719 -0.340217 0.198726 -9.09523 -7.86081 -0.213578 0.128194 -0.268572 0.535698 0.0682771 0.318598 -7.11973e-10 1.87933 7.87535e-10 0.77343 -1.56531 0.730918 7.63197e-09 1.04178 6.04147e-10 0.45891 -0.755386 -0.293795 -0.490699 -1.05982 -1.65221 -0.194096 4.44386e-09 -0.0590488 -6.47229e-10 -0.0115291 0.247579 0.936848 0.099781 -0.0395588 0.615117 0.250218 0.346685 0.878516 17.1584 0.110949 -0.339094 1.27883 0.0278549 0.0047791 0.00896422 0 0.00239075 0.00147604 0.0288766 0.00566108 0.0675022 0.00358345 0 0.0180389 0 0.0190971 0 0.0299315 0.0750512 0.0514914 0.00822842 0.204511 0.0218782 0.20512 0.0134683 0.295546 0.0238127 0.28235 0.049289 0.164059 0.0632049 0.22147 0.0953461 0.00304073 0.103018 0 0.163554 0 0 0.00222517 0.0416573 0.221679 0 0 0.268625 0 0 0 0 0 0.0338617 0 0.000509074 0.0329627 0 0 0.0117381 0.010327 0.0095412 0 0.00357462 0 0.0131707 0 0 0 0.000256079 0.00393 0.726095 0.0153979 0.722148 0.0188356 0.710104 0.0431533 0.774952 0.188478 0.0371113 0.0141573 0.724527 0.00802448 0.0124248 0.00865597 0.0348097 0.027745 0.0138297 0 0.00725766 0.0506258 0 0.000641316 0 0 0 0 0 0 0 0.0612506 0 0.00324948 0 0 0 0 0.0177366 0.0170593 0 0.228829 0 0.555206 0 0.00676864 0.00675249 0 0.0558772 0 0.0605713 0 0.144473 0 0.0980253 0.144425 0.0483488 0 0 0 0 0 0.00594307 0.0405704 0 0.0696251 0 0.106476 0.0181868 0.107048 0 0.00769465 0.0787128 0.00303346 0.000163795 0 0.021516 0.177236 0 0.0521984 0.019396 0 0.0095847 0 0 0 0 0 0 0.0180556 0 0.0182083 0 0.276668 0 0 0.0791314 0.147517 0.00466788 0 0.0264534 0 0.0845762 0.0877087 0 0.25063 0 0.371781 0.29129 0.134878 0.291363 0.135892 0 0 0 0 0 0 0.105046 0 0 0 0.0804896 0.221797 0.147445 0.0601748 0.0212662 0.11514 0.0476835 0.0133513 0 0 0.0890707 0.00443878 0.139346 0.00182786 0.0137509 0.0598841 0 0.49653 0 0.48505 0 0 0 0.00200886 0.000906504 0.0864063 0.173735 0 0.142182 0 0.221876 0.0777716 0.137344 0 0 0 0.0984659 0 0.126181 0.265172 0.0508375 0 0 0.172899 0 0.0158058 0.192516 0.118884 0 0 0.0368088 0 0.00786172 0 0.0346676 0.131136 0.108827 0 0 0.0232415 0.077624 0.353326 0.014233 0 0 0.152314 0 0.0805788 0 0.0650202 0.932167 0 0 0.00712689 0 0.0896063 0 0 0 0.0667067 0.0375596 0.0168415 0.0388507 0.00772763 0.12334 0.0767427 0.0378701 0.0135295 0.0418516 0.029777 0.0589168 0.0405104 0.0551553 0.0403716 0 0.188192 0 0.269133 0 0.295384 0 0 0.0794718 0.0227038 0.103115 0 0 0.0132679 0.10794 0 0.0181318 0 0.01361 0 0.0228549 0 0.0555877 0.162808
176 13.7283 -0.0227568 -0.19197 -0.061405 0.348219 -0.133825 17.2266 0.300861 -0.160528 -0.12852 0.145633 -0.289825 0.370895 0.113411 -0.103313 -0.0906583 -0.374931 0.127354 0.153264 0.167796 0.188989 -0.0327176 -0.0612157 -0.270799 -0.437878 0.0122132 0.0236767 0.0210246 -0.071542 0.0465894 0.0370128 -0.10165 0.125238 0.0519444 0.195313 -0.0518595 -0.0473216 0.150975 0.0384443 0.0567823 0.0478373 0.0778224 1.42341 0.453808 0.700731 0.125983 0.119877 0.161053 -0.022562 -0.0516729 0.268064 -0.112014 -1.4044 -0.00174258 0.598669 0.109666 -0.0697372 0.230203 1.07486 0.700807 0.532426 -0.360426 1.33372 -1.19322 0.0890122 -1.15024 4.61226 0.265238 -0.836284 -0.688149 -3.65884 -4.99869 -1.11264 0.180272 -1.44379 3.68988 4.54755 -0.872737 0.736236 -5.92952 -4.50478 0.118581 0.122358 -0.973027 -1.14913 -0.313793 0.196434 -1.97488e-09 -0.772138 5.62441e-10 0.493374 -0.090706 -0.0534142 7.4088e-09 -0.524923 4.1827e-10 -0.382113 -1.27523 0.0723289 0.243506 2.85683e-10 1.07399 0.847688 1.24012e-09 -1.31578 -3.28639e-10 0.762541 0.59374 0.594901 -8.01293e-11 0.117619 3.84709 -0.618216 0.351406 0.867397 17.2019 0.170295 -0.328187 1.32196 0 0.0381945 0 0 0 0.0161791 0 0.0861586 0.019286 0.116238 0.00816349 0 0 0.0347002 0 0.106545 0.0290318 0.074542 0.0581859 0 0.111412 0 0.0407773 0.0291345 0.114864 0.145096 0.0867375 0 0.0389045 0 0 0 0 0 0 0 0.00577548 0.00477154 0.116739 0.178757 0 0 0 0 0 0.0397707 0.137841 0.0371735 0 0 0 0.00999546 0 0 0 0.016743 0 0 0 0 0 0 0.0354782 0 0 0 0.264797 0 0.18164 0 0.199087 0 0.149315 0 0 0 0.232535 0 0 0.00550432 0 0 0.0263038 0.0595746 0.0404118 0.00982453 0.00256543 0.000623372 0.0349231 0.0643087 0.00493062 0 0.0179012 0.0756505 0.00549948 0.156101 0.0681863 0.130795 0 0.0256336 0 0.0716723 0.0451341 0.073719 0 0.269224 0 0.446071 0 0 0 0 0 0 0 0 0.224514 0 0 0.487235 0.0319716 0.094093 0.0464224 0 0 0 0.0581222 0.0447254 0 0.0484129 0 0.213843 0 0 0 0 0 0 0.00658316 0 0.12809 0.408714 0 0.104882 0 0 0 0 0 0 0 0.0282361 0 0 0 0 0.18057 0.547323 0.000712919 0.00418094 0.0670591 0.263201 0 0 0 0 0.180399 0.266629 0 0 0 0 0.00585921 0.0309273 0.0143056 0.0128697 0.056966 0.00832309 0.0274738 0 0 0 0.0623145 0.00886911 7.32944e-05 0 0 0.00311877 0.182275 0.085865 0.0797855 0.175278 0 0.165956 0 0 0.00241757 0.0270621 0.121219 0.0664074 0.0963095 0.13481 0.24447 0.497705 0.160453 0.392516 0.0227151 0 0 0 0.0300689 0.130279 0.193665 0.0766101 0.0748509 0 0.0458044 0 0.00669952 0 0 0 0.0499435 0.0701165 0.0732117 0.117362 0 0.0124784 0 0.35114 0 0 0.308297 0.106666 0 0 0 0 0 0 0.0898524 0.316544 0.00551399 0 0 0 0 0.131389 0.0421028 0.0968251 0.0335246 0.138755 0.0326061 0.120871 0 0.214179 0.643468 0 0 0.155313 0.0316551 0.0530915 0 0 0.0406048 0.0380272 0.0245279 0 0.0636842 0 0.132551 0.178269 0.0834999 0 0.0132762 0 0.0150939 0.0817555 0 0.0803543 0.0850663 0.572106 0.193876 0.176089 0.132258 0.179087 0 0.00274381 0.203463 0.254939 0.173165 0 0 0.000168063 0.0965671 0.106031 0.0334083 0.0612311 0 0 0 0 0.10625 0.241695
177 13.7616 -0.0248746 -0.126716 -0.0490237 0.355282 -0.135211 17.2706 0.222445 -0.155755 -0.144127 0.367578 -0.0745957 0.329926 0.0483053 -0.354575 -0.553932 -0.400229 0.11924 0.114591 0.294025 0.135895 -0.0908109 -0.0392322 -0.167237 -0.268891 0.0163819 0.0102658 0.00390611 -0.0857986 0.0261491 0.0361492 -0.102282 0.157383 0.0499589 0.205221 -0.106036 -0.0488493 0.151024 0.0367159 0.0566512 0.12073 0.175463 1.40089 0.299286 0.538853 0.0206424 0.0299785 0.160333 -0.0503038 -0.0539117 0.365591 -0.134117 -1.35362 0.105898 0.700402 0.0742008 -0.0747084 -0.424779 2.25516 0.158734 0.344556 0.103413 1.29509 -2.05196 -0.0421399 0.268678 6.0695 9.17251 -1.82007 -0.57911 -9.14729 -12.5615 0.580525 0.109867 -0.856766 2.25938 -2.44943 -2.11682 1.00153 0.399169 2.61184 -0.164193 -0.151596 -0.16707 0.361602 -0.455892 -0.242322 -8.8853e-10 2.36912 0.533064 0.27413 -3.18702 -0.391799 6.01209e-09 2.81372 6.90729e-10 1.94205 -2.42967 -0.642453 -0.773328 0.449193 -4.45785 0.385171 1.73167e-09 -3.23632e-10 -3.50836e-10 -0.383042 -0.604507 1.55802 0.711585 7.23359e-11 -2.46937 0.651546 0.356621 0.86624 17.2455 0.158112 0.117664 1.29088 0.0165546 9.69209e-05 0.0161475 0.00364827 0.0159205 0.0102365 0.0105986 0 0 0.0542803 0.131721 0.058405 0.113092 0.047996 0.11085 0.0487691 0.0232939 0.0648923 0 0.0318115 0.0048608 0.0545313 0.00133622 0.0661481 0.000777744 0.0535997 0 0.109574 8.17887e-05 0.0919442 0.0124325 0.0353118 0.0210098 0.0123002 0.0482707 0 0.00350751 0.0012202 0.0276311 0.241367 0 0 0 0.103546 0 0 0 0 0 0.0168939 0 0 0 0 0 0.0223268 0 0 0 0 0 0 0.0480816 0 0.0193011 0 0.0672937 0 0.0534842 0 0.0716189 0 0.145119 0 0.0220234 0 0.0895705 0.0192217 0 0.0055643 0.0206476 0 0 0.0590442 0.0915928 0 1.10676e-05 0.000484224 0 0.00619533 0 0 0 0.0035721 0 0.119318 0 0.120326 0 0.0342943 0 0.0366639 0.0164725 0.0667698 0 0.056351 0.0630394 0.101051 0.0760789 0 0.0552429 0 0.0639288 0 0.017385 0.0261431 0.0349089 0.0208348 0.0362391 0.00828033 0.0692076 0 0.0847681 0 0.055242 0 0.0136104 0 0.0197395 0 0 0 0.00699001 0.0199113 0 0.00272033 0 0 0 0 0.0381592 0.168727 0 0.0989254 0.00596675 0 0.00323694 0 0 0 0.0443991 0.0942376 0.00306985 0.000182012 0.00787973 0 0.107821 0.290318 0 0.00514781 0.00443309 0.119985 0 0 0 0 0.144449 0.0642994 0.0623035 0.0357053 0.136826 0.0903125 0.0602162 0 0.0613765 0.00104923 0.00798482 0 0.00716163 0 0 0 0 0 0 0 0 0.128356 0.0113927 0.244964 0.0611419 0.138352 0 0.069954 0 0.00780867 0.00645174 0.103921 0 0.130839 0 0 0.13778 0 0.137022 0.0100381 0.0150761 0 0 0.0191736 0.0281119 0 0.217923 0 0.153065 0 0 0 0 0.110777 0 0 0 0 0.156015 0.18668 0 0 0 0.0913914 0 0.162176 0.263782 0.0669776 0 0 0.0237148 0 0 0 0.0686621 0.123816 0 0 0 0 0.0465368 0.235503 0.0175604 0 0.0201228 0 0.0109421 0 0.0224365 0.108426 0.195606 0 0 0 0.0376817 0.0132993 0.00115979 0 0.0437381 0.0167478 0.10549 0 0.118256 0 0.396949 0.193428 0.169356 0.0294544 0.12548 0.0612158 0.197354 0.0985276 0.174722 0.0502793 0.00838632 0.012777 0.00944677 0.0139243 0.00937589 0 0.000937154 0 0.152287 0.0428827 0.214595 0 0.0655246 0.00729862 0 0.0517604 0.0150305 0 0 0 0 0 0.0634903 0.170094
178 13.795 -0.048874 -0.089644 -0.0456399 0.361296 -0.126607 17.3128 0.0943454 -0.130263 -0.149051 0.657469 0.297131 0.249088 0.0151301 -0.389606 -0.598446 -0.323792 0.129835 0.0936018 0.292188 0.0833047 -0.133938 -0.0222187 -0.149409 -0.220726 0.0260905 0.0166796 0.0025166 -0.0699807 0.016004 0.0285711 -0.102795 0.141831 0.0391873 0.211969 -0.110176 -0.0364199 0.150558 0.053256 0.0579046 0.177973 0.244469 1.38266 0.1794 0.626376 -0.0727556 0.0628259 0.159289 -0.0469759 -0.0536755 0.323196 -0.124776 -1.32221 0.16719 0.694481 0.0205604 -0.0613341 -0.723197 1.32535 0.0590831 0.258322 0.246426 1.26235 -3.49286 0.362713 0.41179 7.00129 9.83321 -3.24735 1.51208 2.20485 2.43965 2.78215 0.216885 -0.260833 -0.976464 -1.08666 -1.49485 0.577348 0.853809 1.5813 -0.000628418 0.00867753 0.0194883 0.771396 -0.251024 -0.138134 -1.61692e-09 -1.24497 -0.706681 0.288852 0.855218 0.810323 6.09261e-09 1.11141e-09 4.42006e-10 -0.897623 -0.818243 0.357561 0.129764 5.73465 -2.09561 1.22083 3.6653e-09 0.251639 -8.71754e-11 -1.50548 -1.47347 0.930761 0.121059 -0.624355 -1.07842 0.0573253 0.361223 0.874541 17.2883 0.131237 0.290983 1.27133 0.00306207 0.0420028 0 0.0314712 0.00111208 0.0311793 0 0.0174691 0 0.024957 0.00194884 0.272341 0 0.252283 0 0.24684 0.00661113 0.177196 0 0.0722095 0 0.0829554 0 0.120899 0 0.104085 0 0.0927731 0 0.0832897 0.00997408 0.0104389 0.0499763 0 0.118664 0 2.51941e-05 0.00645025 0 0.292666 0.0760678 0 0.0543132 0 0.00131739 0 0.00231276 0 0.0260904 0.0383891 0 0 0 0 0.0421617 0 0 0 0 0 0.00628669 0.00834527 0.0828074 0 0.0291118 0 0.0453198 0.0264052 0.0332877 0.0108761 0.0495421 0.0188403 0.111977 0.0677729 0.0249705 0.0159252 0.0621058 0.0777669 0 0.0355635 0.0161891 0.0412936 0 0.139557 0.119901 0 0 0 0 0 0 0 0 0 0.00588404 0.0430631 0.0227642 0.0563789 0 0.0177664 0 0.0234146 0.0186635 0.072403 0 0 0.0999187 0 0.188086 0 0.0956791 0 0.12571 0 0.0225347 0.00839823 0.0731454 0.00196021 0.324496 0 0.32046 0 0.245462 0 0.135944 0 0.0502119 0 0.0588772 0 0.0738829 0 0 0.0215356 0 0.00764479 0 0 0 0 0.147259 0.142732 0 0.24842 0.0615425 0 0 0 0 0 0.0713516 0.106403 0 0.0097634 0 0.00780865 0.257245 0.440599 0 0.00330084 0.0591262 0.0865717 0 0 0.0114204 0 0.22796 0.185197 0.0504027 0 0.117128 0.0546577 0.0480689 0.00500369 0.0492253 0.0055529 0 0.00162241 0 0.00698814 0 0 0 0 0 0 0 0.151534 0.0999776 0.193207 0.103499 0.115275 0 0.0835556 0 0.00255598 0.0385435 0.0106581 0.0643875 0 0 0 0.0587746 0.220145 0.00918643 0.226572 0 0 0 0 0 0.0353799 0.103929 0 0.114606 0 0.0856199 0 0.00446171 0.000394991 0.0691409 0 0.0357525 0 0 0.213499 0 0 0.00628652 0 0 0 0.226434 0.145375 0 0 0.0172144 0 0.00511039 0 0.177952 0.227422 0 0 0 0.00389251 0 0.275244 0.0514692 0 0 0.0550972 0.0286671 0.0155997 0.141528 0.187331 0.181533 0.113036 0 0.0195006 0.0141895 0.00926833 0.0522102 0.0298317 0.0108489 0.0267696 0.0851564 0 0.088081 0 0.305755 0.142475 0.125085 0.0431905 0.101517 0.0287784 0.152196 0.065808 0.140207 0 0 0.101361 0 0.0936786 0 0.082093 0 0.00247406 0.0761239 0.0398507 0.042449 0.0158699 0.0285138 0.0807585 0.0212427 0 0.0042167 0.000671752 0 0 0 0 0.114689 0.205764
179 13.8283 -0.045603 -0.0807827 -0.0222347 0.366977 -0.115251 17.3522 -0.0640411 -0.0948812 -0.16705 0.844112 0.487324 0.0496311 0.0563703 -0.0556054 -0.366585 -0.212267 0.144856 0.055356 0.175338 0.0836742 -0.148768 -0.0187138 -0.154882 -0.25077 0.0351726 0.0423501 -0.020367 -0.0907052 -0.0147956 0.0224726 -0.100246 0.0237632 0.050973 0.223886 -0.00982104 -0.0523491 0.150558 0.053256 0.0579046 0.159692 0.197083 1.40064 0.15295 0.700931 -0.0176485 0.0705665 0.160616 0.00492014 -0.0500708 0.221083 -0.155512 -1.3179 0.112952 0.66841 0.0673422 -0.0997603 0.320243 0.268038 0.256997 0.225474 0.279266 1.15018 -4.48176 0.589898 0.392082 3.31698 3.26032 -6.94321 3.53452 9.91615 7.89251 3.35011 0.198094 -0.406915 -3.99922 0.37743 -0.348721 0.100512 -3.09906 -5.07598 0.233609 0.22006 -0.209053 -0.738936 -0.655775 -0.158994 -2.2128e-09 -0.648766 2.50411e-10 0.271605 0.296528 0.0543946 8.49719e-09 7.14276e-11 3.24129e-10 -0.0047974 -1.23482 0.228279 0.662661 1.17112e-10 0.720405 -0.50422 3.01491e-09 0.444848 -0.105623 -0.897504 -0.943637 0.405466 -0.155067 0.215247 1.24668 -1.20437 0.364996 0.884945 17.3296 0.100778 0.292619 1.22229 0 0.0381469 0 0 0 0.00770923 0 0.0178194 0 0 0 0.0831709 0 0.103221 0 0.139708 0 0.0315538 0 0.0833899 0 0.0803253 0 0.237867 0 0.260528 0 0 0 0 0 0.0592966 0 0.0756503 0.00920314 0.0193174 0 0.022019 0.0226053 0.125012 0 0 0 0 0.0185436 0.00186056 0.143546 0.083203 0.00925481 0 0 0 0 0 0.0232174 0.0183469 0 0 0 0 0 0.0241708 0.0845849 0.00738482 0.019178 0.00750581 0.079229 0 0.0381428 0 0.0641365 0 0.0330378 0 0 0.0121456 0.0382297 0.056322 0 0.00643198 0 0.0186773 0.0146885 0.0275377 0.0732531 0.0395309 0.00162479 0.000386777 0.085483 0.236764 0.0428233 0.210294 0.0681638 0.252776 0.0653435 0.264084 0.0639363 0.0142747 0.0307727 0.136068 0.03705 0.297767 0.0279036 0.0120375 0 0.156273 0 0 0.0841206 0 0 0 0.0773846 0 0 0 0.12983 0 0.299083 0.0399755 0.389078 0 0.23412 0.0348136 0.0774154 0 0.00695804 0.015875 0.031526 0.108759 0.0459649 0.104113 0 0 0 0.00279158 0 0.0103357 0.000449185 0 0.193198 0.234406 8.87774e-05 0.114635 0 0 0 0 0 0 0 0.0410337 0 0.0189888 0 0.0406938 0.29264 0.513456 0 0.0023473 0.0184851 0.131837 0 0 0 0 0.290073 0.148826 0.00281242 0 0.0114296 0.094638 0.0558283 0 0.066382 0 0.0319032 0.0785562 0.0128786 0 0.00934849 0.0247362 0.0229013 0.0067424 0.00430906 0 0 0.0536985 0.155018 0.173067 0.000101328 0.0872661 0 0.0370775 0.0407029 0.0065193 0.0273801 0 0.11989 0.0153342 0.0605496 0.0445179 0.253853 0.35468 0.0318209 0.385737 0 0 0 0 0 0.234489 0.0809848 0.134655 0 0 0.0654435 0 0 0 0.0131259 0 0.0404241 0.0442335 0 0.187275 0 0 0 0.0951454 0 0 0.194125 0.148008 0 0 0 0 0 0.00219558 0.224911 0.198816 0 0 0 0.033976 0 0.282826 0.0887065 0.0971974 0 0.248162 0.0228295 0.128443 0.0647252 0.0490186 0.206914 0.232566 0.0317633 0.755648 0.00421507 0.0401928 0 0 0.00559118 0.0920207 0.0662636 0 0.053061 0 0.136037 0.165086 0.11293 0 0.0107391 0 0.0128033 0.0811425 0 0.0427254 0.00203978 0.392585 0.0633966 0.120423 0.006059 0.158848 0.00336687 0.00508363 0.213679 0.183035 0.0908519 0.0133079 0 0.0473491 0.0530794 0.0515559 0.0175932 0.0416903 0 0 0 0 0.141105 0.186187
180 13.8616 -0.0315497 -0.0491728 -0.0500771 0.367997 -0.104536 17.3917 -0.166636 -0.0737524 -0.106714 0.865659 0.31127 -0.223454 0.143729 0.0455898 -0.330036 -0.114397 0.161953 0.0755098 0.0503068 0.0929404 -0.19773 -0.0245639 -0.18777 -0.333599 0.0396648 0.0200928 -0.00588741 -0.125281 -0.0279451 0.0358303 -0.10047 0.0288991 0.0467682 0.239417 -0.0230142 -0.0356289 0.150838 0.0433261 0.0571524 0.270434 0.257179 1.37509 0.108582 0.661429 -0.00621947 0.0573541 0.160146 -0.0135672 -0.0515484 0.201612 -0.127492 -1.32129 0.128847 0.700524 0.0374891 -0.0416236 0.472073 1.13889 -1.0727 0.0441355 0.232396 1.20964 -2.56893 0.0435966 2.17934 -0.71595 -3.73676 -4.29981 1.40951 1.24855 -0.488275 2.51715 0.359896 1.16315 -3.40776 0.181116 -1.59837 -0.115096 -2.27416 -3.50863 -0.131555 -0.718733 0.610838 -0.97105 -0.241088 0.408656 -1.47434e-09 -0.839809 -0.234955 0.30158 0.721192 0.580886 1.14872e-08 0.618898 5.94892e-10 0.67297 -1.65381 0.0244801 -0.30195 0.457066 -1.10045 0.199097 1.39496e-09 -0.502553 0.00422553 -0.481463 -0.0147035 0.0360597 0.0378642 1.09094e-10 -0.452956 0.834391 0.367654 0.893806 17.3699 0.0687323 0.212987 1.20654 0.0332333 0 0.0300698 0 0.0652822 0 0.00457775 0 0 0.0210183 0.126866 0.0223735 0.107729 0.0196774 0.0771517 0.0545211 0.0147558 0.0373266 0 0 0 0 0 0 0 0.0153903 0 0 0 0 0 0.0897924 0 0.0797341 0.0129372 0.134883 0.00404342 0.0307652 0.0390748 0.201962 0 0 0 0 0.0768932 0.0513421 0.151355 0.0789353 0 0 0 0 0 0 0.012742 0.0236986 0 0 0 0 0.00777945 0.0535905 0.0545398 0.000464061 0.015657 0.0106139 0.0832922 0.138969 0.0761912 0.00456194 0.103053 0.036117 0.0855723 0.0362103 0.0131441 0.0314909 0.0393465 0.0818888 0.00268409 0.0137343 0.00408284 0.0317038 0.0139536 0.0284557 0.0722478 0.0600189 0.000188791 0.000194936 0.113515 0.100315 0.0770915 0.0547971 0.100847 0.101375 0.0768168 0.0859136 0.0237423 0 0.0541733 0 0.0653566 0.101664 0.0197701 0 0 0.238788 0 0 0.0848808 0.0431727 0 0 0.0137265 0 0 0 0.0462728 0 0.299358 0.150103 0.38654 0.049046 0.237121 0.20902 0.072776 0.0128348 0 0.0469777 0.159202 0.117388 0.243337 0.0750116 0 0 0.00360474 0 0 0.0237556 0.00743286 0 0.155503 0.172655 0.0487429 0.0949374 0.016022 0 0 0 0.00308337 0 0.143243 0.149614 0 0 0.00769183 0.00991103 0.24932 0.402909 0 0.003694 0 0.0615168 0 0 0 0 0.216505 0.101873 0.0187248 0 0 0.0356348 0.0395637 0 0.0517082 0 0.0479566 0.0423092 0.00574651 0 0 0 0.0595844 0 0.00100947 0 0 0.00577351 0.207516 0.226695 0.0818262 0.249904 0.0522019 0 0.00333751 0 0.0444546 0 0.0216952 0.0432223 0.0823367 0 0.394038 0.0959005 0.139946 0.136135 0 0.00622496 0 0 0.0382327 0.0380431 0.129452 0.0958738 0.0416847 0 0.028473 0.296474 0 0.145979 7.90488e-05 0 0.0183968 0.10653 0.0104041 0.329595 0 0 0 0 0 0 0.235399 0.123019 0 0 0 0 0.0327166 0 0.153857 0.131282 0.00195727 0.0167993 0 0.0225566 0 0.480747 0.0927469 0.0853948 0.0849058 0.046408 0.120232 0.0489382 0.0499883 0 0.112809 0.333368 0.149328 0.0555538 0.0228237 0.124738 0 0 0.022791 0.169073 0.0256912 0 0.00629221 0 0.0151529 0 0.0126046 0 0 0 0 0 0 0 0.0404775 0.13394 0.131725 0.0210802 0.152291 0.0484301 0.035279 0 0.246662 0 0.112354 0 0.141937 0.0107718 0 0.0514337 0 0 0 0 0 0 0.161094 0.184596
181 13.895 -0.0092581 -0.00899433 -0.0614849 0.368776 -0.100291 17.4313 -0.261336 -0.0751114 -0.0808118 0.834489 0.167917 -0.286944 0.129289 -0.0836245 -0.321342 -0.0553017 0.146462 0.0820137 -0.0204865 0.0790426 -0.217478 -0.0232498 -0.319611 -0.504974 0.0165601 -0.00203867 -0.00588627 -0.13317 -0.033561 0.0399191 -0.102542 -0.0398476 0.0324275 0.232948 0.0341326 -0.017849 0.15058 0.0512298 0.0570615 0.391863 0.224107 1.35482 0.224754 0.700057 -0.0572249 0.0132377 0.155835 -0.0017155 -0.0505123 0.248582 -0.216434 -1.29656 0.10146 0.700945 0.0487991 -0.0845767 0.253125 1.33813 0.0763391 0.0300484 0.037848 1.17346 -2.3128 -0.204233 0.159673 -1.34806 -3.29475 -0.0454687 -0.998019 -6.37338 -0.803795 1.54239 -0.688424 -0.0274982 -0.995623 -0.885793 -0.639365 0.0616799 -1.21184 -2.36817 -0.0847431 -0.573946 -0.481153 -0.446236 -0.562586 0.0889039 -1.10211e-10 -2.63859 -0.906282 -0.221837 2.50757 0.493188 2.16724e-09 1.37305e-10 2.71478e-10 -1.19869 -1.19588 0.621985 0.324451 -0.452669 1.15196 -1.01856 1.70245e-09 -0.0379246 -2.15991e-10 0.711035 -0.74489 0.479532 -0.212934 1.04703e-09 0.870134 -1.1607 0.369542 0.897 17.4105 0.0509664 0.0233267 1.22432 0 0.0172279 0 0.00194444 0 0.0276885 0 0 0 0.0858923 0 0.126792 0 0.11816 0.0217073 0.0918748 0.0120904 0.00781758 0 0.0296809 0 0.0933212 0.0150777 0.00097094 0.0163282 0.0639266 0 0.0203676 0 0 0.015909 0.027367 0.0190065 0 0.126615 0.000708932 0.00469206 0.00944855 0.00420417 0.00289313 0 0.0922536 0 0.00959197 0.0455066 0.100252 0.0665653 0.160442 0.0413536 0.0126448 0 0 0 0.0302338 0.0403421 0.0194977 0 0 0 0 0.00903656 0.010659 0.0408229 0.0745478 0.0155187 0.0248112 0.0306896 0.1729 0 0.141354 0 0.159954 0.0273066 0.155355 0 0.0234624 0.0829134 0.137433 0 0 0 0.0120722 0.0131441 0 0.0359809 0.11378 0 0.00050004 0.0998507 0.0842242 0.0305252 0.0566444 0.114198 0.0677426 0.0776091 0.035266 0.0404055 0 0 0.0703737 0.076766 0.0813997 0.0220259 0.00200641 0 0.169792 0 0.0375262 0.0519156 0.0209863 0 0 0 0 0 0 0.00294336 0.0219713 0.432652 0.0445142 0.472447 0.177037 0.317847 0.122488 0.0418094 0.0167034 0.039634 0.115191 0.237059 0 0.341959 0.0944163 0 0 0 0.0125335 0 0 0 0.0237003 0.196777 0.0268493 0.0264306 0.0133731 0.00778615 0 0 0 0 0 0.0551748 0.0340044 0 0 0.0190237 0 0.266353 0.069749 0 0 0 0.181934 0 0.0373915 0 0 0.130114 0.220695 0 0.0379085 0 0.0410136 0.0211458 0.113758 0.00440323 0.123244 0.0577012 0.0280709 0 0.0102135 0.00658275 0.00129891 0.0132261 0 0 0.00507368 0 0.293593 0.0668544 0.495726 0.101409 0.123126 0 0.0807806 0 0.0324265 0.0016371 0.117838 0 0.190284 0.0216976 0.00706345 0.0537821 0.0307565 0.145538 0 0.00958587 0 0 0.00971546 0.142946 0.00922941 0.153004 0.0513684 0 0 0.00406545 0.29404 0 0.0133859 0 0 0.0228231 0.160513 0 0 0 0 0.0206308 0 0 0.0345834 0.242278 0.185217 0 0 0.000810713 0 0.0641372 0.0194304 0.097657 0.151684 0 0 0.0421702 0 0 0 0.108631 0.0552958 0.0813898 0 0.0567547 0 0.0935781 0.0148278 0.192819 0.506127 0 0.039958 0 0.0403671 0.0405892 0.0235823 0 0.0553203 0 0 0 0 0 0 0 0 0 0 0 0 0 0 0.372465 0.0275697 0.1375 0.154896 0.164098 0.170109 0.00321681 0.00428785 0.160541 0.092861 0.0301499 0 0.00467861 0.0505661 0 0.1363 0.0285706 0.0655275 0 0 0 0 0.102036 0.0313901
182 13.9283 0.0613096 -0.0260873 -0.0532854 0.370122 -0.100127 17.4655 -0.433269 -0.0304215 -0.0737392 0.770831 0.233361 -0.305074 0.0911258 -0.222301 -0.509341 -0.0579381 0.150271 0.0679779 -0.0673241 0.0591484 -0.201021 -0.0241843 -0.119451 -0.365615 -0.0480337 0.0379239 -0.0029373 -0.138718 -0.0453932 0.0111371 -0.103536 0.0289907 0.022563 0.215824 -0.0164293 0.0174702 0.152769 -0.0377457 0.0392157 0.30408 0.261785 1.40308 0.0905751 0.701022 -0.0144604 0.122101 0.154904 -0.0368789 -0.0520457 0.304088 -0.166931 -1.26704 0.264185 0.692107 -0.0884624 -0.0728816 1.71365 -0.61151 0.287828 0.0592309 0.0340287 0.974353 -4.67067 0.948432 0.531066 -2.49304 0.607065 -1.07626 0.329969 -7.55634 -5.76239 0.356214 -0.0961486 -0.408485 -1.39705 -0.583741 0.835336 0.0259889 6.13794 3.93384 -1.12359 1.0412 0.0367408 -0.21193 -0.0430465 -0.801126 -3.39611e-09 1.81433 -0.318449 -0.46722 -1.08698 1.39761 2.11503e-09 -1.41078 -0.296071 0.590602 0.48728 0.854736 -0.0229253 1.37385e-09 -0.0599754 1.36847 6.46525e-09 1.08503 0.111698 -0.873304 -1.24866 0.282181 0.863626 -1.20518 -4.56707 1.23096 0.371035 0.896937 17.451 0.0410272 -0.0225398 1.20834 0 0.0190055 0 0.0129367 0 0.019133 0.0501213 0.0667537 0.0420075 0.115545 0 0.032739 0 0.0719053 0 0.0851818 0 0.0787192 0.0245314 0.0876659 0 0.206321 0.110978 0.0905408 0.112675 0.256 0 0.111996 0 0.0627738 0.0636601 0.0206983 0.061388 0 0.114671 0 0.00778222 0 0 0.0354331 0.251207 0.280158 0 0 0.0328958 0.063515 0.0587953 0.107656 0 0.111832 0 0 0.008172 0.0786811 0.0674511 0.0741636 0 0 0 0 0.0208482 0 0.0572389 0.0120241 0.0243063 0 0 0.121463 0 0.0783136 0 0.10705 0 0.0610339 0.0188974 0 0 0.0636225 0 0.00868795 0.0185046 0.00246859 0 0.0839042 0.106824 0 0 0.000707139 0.124073 0.0713428 0.0714082 0.052289 0.109106 0.060624 0.0820019 0.0413224 0.0451061 0.121912 0.0295892 0.0755578 0.151503 0.0860502 0.00824323 0.0716628 0 0.0685226 0.0533324 0.00509226 0 0 0 0 0 0 0 0.0617355 0 0.0213916 0.111248 0 0.111891 0 0.108313 0.000809187 0 0.0103194 0.0297181 0.0668865 0.13363 0 0.15035 0 0 0 0 0.13388 0 0 0 0.00167534 0.262115 0.249449 0 0.0130922 0 0 0 0 0 0.00381619 0.036701 0 0.00961293 0.103844 0.0206021 0.132584 0.454085 0.297474 0 0.00318159 0 0.0101115 0.0425258 0.0778329 0.0100083 0 0.170347 0.01321 0 0.057868 0 0.00677858 0 0.12687 0 0.129967 0.0627989 0.0685005 0 0.152229 0.00620132 0 0.044102 0.183667 0 0.00976728 0 0.377524 0.125897 0.336449 0.0238568 0.0620728 0 0.11201 0.0119064 0.0414203 0.0210444 0 0.0253359 0.0404719 0.141465 0.243067 0.168609 0.0148767 0.261059 0.0492592 0 0 0.00979911 0.00831055 0.0907518 0.192105 0.0736201 0.139813 0 0.0246434 0 0.0850858 0 0.0177301 0 0 0 0.147878 0 0 0 0 0.115849 0 0 0.0808011 0.0602127 0.123678 0 0 0 0.00908639 0.0547673 0.0951013 0.199762 0.0411554 0 0 0.044899 0.0605623 0 0 0.0288391 0.03225 0.111703 0.0336949 0.0260749 0.0157885 0.221063 0.156648 0 0.405904 0 0 0.00658459 0 0.0680302 0.150478 0.044527 0 0 0 0 0 0 0 0 0 0 0 0 0 0 0 0.335758 0.189279 0.164183 0.405932 0.194877 0.43654 0 0.00560082 0.221878 0.487823 0.0667761 0 0 0.0462056 0.0622324 0.130828 0.0364794 0.0797407 0 0 0 0.0296021 0.0839578 0.100033
183 13.9616 0.0670377 -0.0332256 -0.0542558 0.370738 -0.101002 17.4999 -0.525463 -0.0235525 -0.0606587 0.719743 0.214076 -0.341539 0.0842779 -0.216883 -0.592577 0.000440535 0.141103 0.0687732 -0.102495 0.030741 -0.18251 -0.0251267 -0.228617 -0.429472 -0.0499771 0.0444726 0.000180738 -0.1146 -0.0467885 0.00133505 -0.103728 0.0497328 0.0325656 0.195486 -0.0388706 0.00950694 0.151772 0.00286811 0.0511352 0.361713 0.218168 1.39577 0.19439 0.689239 0.00432867 0.0873737 0.154947 -0.00987526 -0.049963 0.203764 -0.167429 -1.29497 0.287158 0.625649 -0.0565035 -0.0419431 -0.20844 -0.0162645 -0.11083 0.0498914 0.0332134 1.04566 -2.04105 -0.158703 0.398719 -1.55382 -0.339747 -1.41248 0.795305 0.0864037 1.58912 1.55137 -0.276843 0.278692 -5.29101e-10 -1.36193 0.257844 0.126421 -1.88798 -0.576106 0.150719 0.0721585 0.165619 0.987226 0.154633 -0.224512 -2.04875e-09 1.73331 0.634006 -0.440839 -2.08426 -0.414375 2.93209e-09 0.457175 1.86946e-10 0.151425 -0.224235 0.399778 0.0778186 -1.47383 1.4625 -1.24112 3.70612e-09 0.493723 -1.44169e-10 -0.792988 -2.32464 -0.332979 -0.472287 -1.63911 1.48552 0.0460427 0.372141 0.896865 17.491 0.0267817 -0.0060101 1.20482 0 0.0378677 0 0.0299555 0 0.0243864 0.00524379 0.0410711 0.0243094 0.0370251 0 0.0501661 0 0.0395281 0.00102267 0.0380512 0 0 0 0.00566217 0 0.00956616 0 0.0181676 0 0.0286484 0 0 0 0 0 0 0 0 0 0 0 0.00507129 0 0.031312 0.0248858 0 0 0 0 0.0180923 0 0.0138021 0.00716157 0 0.00793321 0 0 0 0.0359289 0.0141409 0 0 0 0 0 0 0.0371891 0.0829476 0.0134477 0.0274997 0.0420404 0.0264785 0.0340122 0.00279354 0.0460175 0.00636093 0.126171 0.0268176 0 0 0.0373795 0.0553924 0 0 0 0.00442749 0 0 0.093422 0.147856 0.000517715 0 0 0.00359924 0 0.00030892 0 0.000895638 0.0263509 0.00311733 0.0552985 0.0111712 0.00708236 0.0229199 0.00496174 0.0210624 0.0240999 0.0109941 0.0078309 0.0516417 0.0591919 0 0.0738964 0.00427905 0.000269461 0 0 0.00167697 0 0 0 0 0.252633 0 0.250168 0.00811952 0.204745 0.0560132 0.0364709 0 0.0167983 0 0.0775347 0.0538557 0.118139 0.0283938 0 0.0194958 0 0 0 0 0 0 0.170953 0.07025 0 0 0 0.0615385 0 0 0 0.0150428 0 0 0 0.0118003 0 0.0236276 0.354316 0.160767 0 0 0 0 0 0 0.00442776 0 0.157685 0.120851 0.0685533 0 0.164891 0.0436434 0.0465807 0 0.0453301 0 0.00129893 0 0 0 0 0 0 0 0 0.000558424 0.0127366 0.209796 0.0305281 0.127544 0 0.0567128 0 0.0408905 0 0 0.00241775 0.0219353 0.016089 0.018149 0.0409904 0.0527242 0.123836 0.158954 0.107326 0.179399 0 0.0153835 0 0 0.0208311 0.136608 0 0.0712704 0 0.0849859 0 0 0 0 0 0.0745612 0.0309025 0 0 0.111062 0 0 0.0108095 0 0.0038541 0.0251607 0.0397024 0.144556 0 0.00504791 0 0.0152333 0 0.0135135 0.172073 0.0564216 0 0.0010566 0 0 0 0.0259607 0.0376504 0.00284197 0.0329923 0.0436326 0.0464906 0.0220109 0.127687 0 0.0771345 0.224826 0 0 0.0153659 0.0500215 0 0 0.0142597 0.0590424 0.0302116 0 0.0311649 0 0.115521 0 0.0327467 0.00376528 0.043409 0 0.0642668 0 0.0624965 0 0.00913295 0.0616034 0.0111155 0.0599263 0.0216717 0.05949 0 0.0113509 0.0639128 0.195019 0 0.054337 0 0.0216744 0.0226625 0.0367017 0.0115589 0.0207634 0 0 0 0 0.095061 0.0928067
184 13.995 0.0630387 -0.0401511 -0.060636 0.370886 -0.103384 17.5356 -0.565984 -0.0153869 -0.0400101 0.58868 0.163994 -0.388768 0.0977267 -0.245853 -0.546781 0.0521528 0.126722 0.0768513 -0.102495 -0.0112256 -0.1608 -0.0217922 0.0265113 -0.144084 -0.0492048 0.0497866 0.00821624 -0.0823931 -0.0450285 -0.00341287 -0.104148 0.0927578 0.0426337 0.181835 -0.0824965 0.000154477 0.151217 0.0243339 0.0527659 0.383423 0.231313 1.40124 0.184146 0.638049 0.00192694 0.0926836 0.154461 -0.0290081 -0.0522424 0.196508 -0.162605 -1.30484 0.377835 0.648832 -0.0368028 -0.0302556 -0.0289683 -0.392454 0.0307442 0.062757 -0.0338162 1.07645 -1.16559 -0.0848621 0.442988 -4.36761 -0.368948 1.95183 -1.0093 -3.18418 1.45932 1.49271 -0.536934 0.0762661 -5.8081e-10 -1.43702 0.899108 0.215757 0.00587834 15.1515 0.0349156 0.188851 0.164263 0.832039 0.0187258 -0.242498 -1.85454e-09 1.30614 0.312023 -0.401722 -1.29526 -0.117573 4.56408e-09 1.09643 3.35427e-10 0.552654 -0.299551 0.249451 -0.0646529 -0.682462 -0.687857 0.249002 2.0978e-09 0.114815 -8.41721e-11 -0.119043 -1.09214 -0.357221 0.456844 -0.349618 -1.74794 0.603104 0.372809 0.895035 17.5315 0.0128964 -0.08077 1.22026 0 0.0476055 0 0.0281102 0 0.0174209 0.0058821 0.0706472 0.0475522 0.101528 0 0.0697196 0 0.0773697 0 0.0829108 0 0.0435602 0 0.0490926 0 0.0339236 0 0.0932692 0 0.115406 0 0 0 0 0 0 0 0 0 0 0.00019615 0.00606114 0 0.118684 0 0 0 0 0.0052304 0.200418 0 0.117172 0 0 0.0134208 0 0 0 0.0171699 0.00554698 0 0 0 0 0 0 0.0176688 0 0.0119157 0 0 0.113615 0 0.0752137 0 0.0875632 0.0182882 0.146162 0.0101391 0 0 0.14312 0 0.00407926 0.01385 0.0184752 0 0 0.083496 0.0519665 0.000658155 0 0.0326749 0 0.0254582 0 0.0311907 0 0.064478 0 0 0 0.0512547 0 0.0503726 0 0.0044414 0.0198549 0.0593804 0.31086 0.141738 0 0.0564453 0 0 0 0.000398661 0 0 0 0 0 0.311543 0 0.258295 0.00331517 0.15243 0.0748612 0.0289914 0 0.0141415 0 0.0626368 0.195023 0.114801 0.155635 0 0.249936 0 0.00239728 0 0 0 0 0.114553 0.0866643 0 0 0 0.0285176 0 0 0 0.0155692 0 0 0 0.0444956 0 0.0792959 0.236045 0.185219 0 0 0 0 0 0 0.00147458 0 0.114807 0.0582787 0.028676 0 0.0737088 0.0280185 0.00952452 0.00904527 0.00872406 0.00858723 0 0.0225536 0 0.00478357 0.00795243 0.0380718 0 0 0 0.00665306 0.0343809 0.456332 0.0543865 0.159231 0 0.127207 0 0.0970393 0 0 0 0 0.0267531 0.00675219 0.140711 0.151469 0.117469 0 0.0962423 0.000358595 0 0.0381801 0.018488 0 0.0139661 0.416031 0 0.0657944 0 0.0564331 0 0 0 0.130907 0 0.0348198 0.0320469 0.0237907 0 0.195981 0.0177032 0 0.124883 0 0.123631 0 0.0168363 0.151541 0 0.00166659 0 0.009989 0 0 0.128744 0.0204462 0 0.00687971 0 0.00155402 0 0.140308 0.0311763 0 0.0293341 0.0294268 0.0399732 0 0.0703663 0 0.0393543 0.443024 0 0 0.0395005 0.0481896 0 0 0.035369 0.0644903 0.0217223 0 0.0195533 0 0.0780276 0 0.0153569 0 0.0317473 0 0.0446467 0 0.0467912 0 0.0046426 0.216132 0.017188 0.186907 0.0239114 0.19045 0 0.021539 0.0932349 0.21475 0.0313634 0.0557863 0 0 0.0422437 0.0703553 0.0278214 0.0349817 0 0 0 0 0.0719124 0.108777
185 14.0283 0.0713223 -0.0296519 -0.0630776 0.370851 -0.107518 17.5729 -0.548899 -0.0110103 -0.0249369 0.314911 0.168066 -0.36703 0.0766653 -0.297598 -0.507627 0.0912043 0.100379 0.0804722 -0.102495 -0.0583299 -0.143101 -0.0201613 0.0268605 0.0487257 -0.053916 0.0415606 0.0142915 -0.0653146 -0.041203 -0.00855283 -0.104534 0.120953 0.0462738 0.163393 -0.114229 -0.00174151 0.15051 0.051048 0.0547899 0.41846 0.218966 1.40646 0.202875 0.64154 -0.00653365 0.102628 0.154083 -0.0435383 -0.053368 0.167085 -0.161064 -1.33128 0.412945 0.641302 -0.0375723 -0.0166537 0.528116 0.419005 0.221158 0.0502455 -0.0917819 1.12651 0.217455 -0.0481411 0.108351 -7.77029 0.439406 3.75922 -1.73421 -5.20903 1.48908 0.844796 -0.704833 -0.166925 -9.95498e-10 -1.38436 0.282392 0.175171 0.0142137 0.0127089 -0.241704 0.0787325 -0.0108329 0.244368 -0.0954733 -0.330146 -2.03298e-09 0.492685 0.113422 -0.575337 -0.531515 -0.0250262 3.61179e-09 2.85006e-10 3.34177e-10 1.13652 -0.349629 0.310097 -0.103853 -0.420232 0.221172 0.031914 2.49888e-09 -0.0857992 -1.25641e-10 -0.19318 -1.1201 -0.648608 -0.0915892 -0.520609 -0.292979 0.458419 0.373096 0.890701 17.572 0.00501596 -0.16093 1.21416 0 0.0573961 0 0.0376208 0 0.0165856 0 0.0843529 0.0376922 0.13331 0 0.0867295 0 0.101501 0 0.103092 0.013597 0.0540216 0.052217 0.091162 0.0283559 0.0675049 0.0868227 0.155624 0.079266 0.168499 0 0 0 0 0 0 0 0 0 0 0 0 0 0.0839092 0 0 0 0 0 0.326478 0 0.161666 0.0131497 0.00624679 0.0125098 0 0 0 0.0199065 0 0 0 0 0 0 0 0.00916973 0.00900668 0.00819075 0.00678425 0 0.178184 0 0.138559 0 0.15603 0.0139963 0.25553 0.0129569 0.0164194 0 0.203597 0 0.00685025 0.0172886 0.0284284 0 0 0.0688227 0.0679327 0.00112217 0 0.0685737 0 0.0566768 0 0.0671737 0 0.121859 0 0.0127129 0 0.0799387 0 0.0792383 0 0.0147233 0.0226275 0.104737 0.313722 0.407803 0.0485647 0.0191045 0 0 0 0 0 0 0 0 0 0.220964 0 0.109566 0 0.0293604 0.0260706 0.0115669 0 0.00593076 0 0.122959 0.189959 0.164243 0.162659 0.0115596 0.397537 0.00639572 0 0 0.00343944 0 0 0.155049 0.070351 0 0 0 0.0265435 0 0 0 0.0119519 0 0 0.0146958 0.042568 0.0300976 0.0698263 0.31424 0.151791 0 0 0.00793304 0 0 0 0 0 0.0906971 0.111055 0.0407718 0 0.0670569 0.0442206 0.0218002 0.0444298 0.0208597 0.0437957 0.0258709 0.0105288 0.0152809 0 0.0105117 0.0509229 0 0.0160505 0 0.0137401 0.184945 0.525027 0.13007 0.246669 0.0832555 0.193827 0 0.137448 0 0 0 0 0.0161425 0.0278224 0.175716 0.177799 0.399944 0 0.367169 0 0 0.00971864 0.0185131 0 0.11216 0.418728 0 0.111208 0 0.0851664 0 0.239136 0 0.55913 0 0.0284081 0 0.318184 0 0.189371 0.0213972 0 0.29812 0 0.151496 0 0.0198954 0.0993221 0 0 0 0.0174437 0 0.0228089 0.126957 0.0535745 0 0.0115515 0.0139563 0 0 0.124785 0.028006 0 0.109423 0 0.083187 0 0.0768837 0 0.0901483 0.509898 0.0383712 0 0.019127 0.0251364 0 0 0.00841949 0.0299674 0.0515814 0 0.0579002 0 0.148817 0 0.0438622 0 0.06124 0 0.0809138 0 0.0868928 0 0.114828 0.258482 0.14399 0.199894 0.186468 0.177885 0 0.00583585 0.0929113 0.23742 0.0187879 0.0946662 0 0 0.0297383 0.0975813 0.0227371 0.0450182 0 0 0 0 0.0607493 0.0933614
186 14.0616 0.0653707 0.014466 -0.0577866 0.37033 -0.114255 17.613 -0.485342 -0.0414939 -0.0214564 0.0491368 0.200639 -0.21627 0.0789678 -0.209444 -0.4234 0.143926 0.0953527 0.0831005 -0.102495 -0.107346 -0.18052 -0.0253305 0.0276248 0.0495429 -0.0307177 0.0223799 0.0158222 -0.0698812 -0.0393151 -0.0167551 -0.105411 0.121951 0.0320689 0.139796 -0.120466 0.018091 0.150876 0.0510583 0.0547808 0.46318 0.216067 1.41963 0.21457 0.650032 -0.00321864 0.0500657 0.153822 -0.0534657 -0.0541361 0.129294 -0.143431 -1.36884 0.463461 0.671467 -0.0461379 -0.0260771 -0.0217171 1.53299 0.176389 -0.030381 -0.155106 1.24562 1.34018 -1.32122 -0.193348 -5.81075 0.88412 6.55546 -1.97194 3.19141 2.80425 1.36293 -0.102987 0.182077 -7.34595e-10 -1.47515 -1.4262 -0.178679 0.0204506 0.0210274 0.426681 -0.486375 0.0154515 -0.258936 0.0934812 -0.294654 -1.28978e-09 -0.0179599 -0.227517 -0.670967 -0.117579 0.317989 1.51755e-09 7.48259e-11 2.66132e-10 0.587779 -0.699205 0.848072 -0.00895827 0.0226781 0.083145 -0.978423 3.7741e-09 -1.72099e-10 -1.95081e-10 -0.858603 -0.879733 -1.12236 0.191554 -0.513313 -1.60406 0.71775 0.372932 0.884366 17.6122 -0.0078136 -0.211387 1.19857 0.00398109 0.0520908 0.000875124 0.0482146 0.00138045 0.0358241 0 0.0387374 0 0.0717354 0.052915 0 0.0803607 0 0.104915 0 0.0388852 0.0477411 0.245198 0.0155018 0.234397 0.0219336 0.32119 0.0254919 0.347543 0.0344782 0.0882893 0.0224343 0.160588 0.0106669 0 0 0 0 0 0 0 0.00245131 0.0541625 0.0455195 0 0.0536127 0 0.32136 0.0310996 0.263684 0.00122186 0.0734947 0.00690536 0.042895 0.0433355 0 0 0.0242652 0.0147865 0.0257971 0 0.01602 0 0.0045096 0 0 0.0135602 0.000719445 0.00770671 9.2166e-06 0 0 0.00599482 0 0 0 0.0441838 0.127086 0.00956256 0 0 0 0.00638784 0.00268861 0.0220646 0.012399 0 0 0.072783 0.0304172 0.0013292 0 0.0738069 0.0359925 0.0771477 0.031565 0.0925358 0.0349084 0.156618 0.0551015 0.00544523 0.0225203 0.0236875 0.032758 0.105406 0.0387314 0.0157863 0.0320593 0.340167 0.119298 0.32926 0 0.00637474 0.0113688 0 0.00216714 0 0 0 0 0 0 0.389182 0.0825346 0.114913 0.00726556 0 0.044934 0 0 0.00165399 0 0.245128 0.0790217 0.359934 0.0607429 0.116574 0.187101 0.00524289 0 0 0.0405148 0 0.00957876 0.189512 0.0500406 0.0258289 0 0 0.0636583 0 0.0184186 0 0 0.016783 0.0434905 0.0347653 0.00146117 0.0491671 0.0115643 0.36278 0 0 0.000515216 0.116218 0.00776995 0 0.0472702 0 0.0526152 0.230703 0.107318 0.00878419 0 0 0.0148178 0.042258 0.033315 0.0493248 0.0393506 0.0163181 0 0 0 0.0494307 0.00373519 0 0.0726422 0.000937441 0.00603017 0.340679 0.384634 0.159434 0.382573 0.198698 0.168848 0 0.0970638 0 0 0.00550764 0.135686 0 0.209984 0.0801852 0.00690347 0.695885 0 0.633525 0 0 0 0 0.00881785 0.21822 0.171881 0 0.113277 0 0.148369 0 0.630755 0 0.672771 0.0408168 0.0648837 0 0.510197 0.0758372 0.0811807 0.0151205 0.0557813 0.471682 0.00293056 0.0314354 0 0.0626157 0.172745 0 0.00700927 0 0.0592103 0 0.0369485 0.217575 0.0441115 0 0.0410193 0.0234652 0 0.0322657 0.0223146 0.0561157 0 0.233777 0 0.198114 0 0.0815992 0 0 0.154885 0 0.153373 0.0669879 0.00716284 0 0.0195422 0.0448933 0.0105924 0.0547711 0 0.0279776 0 0.155803 0 0.0240028 0 0.0459912 0 0.0652994 0 0.0752399 0 0.276552 0.06167 0.365115 0.0323284 0.453977 0.0280311 0.00901256 6.99908e-05 0.00178333 0.16998 0.0248026 0.0288059 0.00107874 0.0193898 0 0.13746 0 0.0108902 0 0.0127429 0 0.0487185 0.11834 0.110889
187 14.095 0.0526792 0.0538496 -0.0545213 0.368794 -0.121636 17.6552 -0.463406 -0.0744589 -0.0101328 0.0288658 0.271169 0.0395758 0.0514468 -0.659496 -0.587433 0.205603 0.0877998 0.092955 -0.101981 -0.143886 -0.210526 -0.0311471 0.09371 0.031236 -0.0202882 0.00806054 0.0187462 -0.0587465 -0.0459647 -0.0220179 -0.104845 0.0571765 0.0257802 0.12873 -0.0688554 0.0255453 0.150899 0.0501997 0.0547157 0.427628 0.181317 1.43633 0.197502 0.666695 -0.00546986 0.0974383 0.153822 -0.0534657 -0.0541361 0.157431 -0.170155 -1.38073 0.507893 0.661928 -0.0825569 -0.00425468 -0.168123 0.934444 -0.182549 -0.11246 -0.0895175 1.26895 0.508089 -0.83301 0.227848 1.03643 6.76094 5.85949 -0.216539 -1.97165e-08 -6.62307 1.51684 -0.0962309 0.639104 0.0410195 -0.310134 -0.773826 -0.13363 -1.11411 -1.49839 -0.0582234 -0.454056 0.335807 0.336512 -0.0413168 -0.125648 -5.96437e-10 -1.46575 -0.106407 -0.234314 0.980804 -0.0425006 8.76355e-09 -0.0705982 8.49647e-10 -0.741813 -0.197774 0.0772612 -0.0328571 0.123788 -0.193156 0.525894 7.62765e-09 -3.99346e-10 -9.09209e-10 1.11466 -0.352574 -0.208858 0.272699 -0.172806 -1.21444 0.403253 0.372199 0.877769 17.6511 -0.0363686 -0.143355 1.12857 0.0231294 0.0345708 0.011922 0.0137309 0.0175675 0.0145446 0.00508348 0.00859627 0.0140526 0.0442355 0.0674718 0 0.0736882 0 0.0773384 0 0.0620249 0.0867738 0.223949 0.0112655 0.228229 0.0214761 0.310085 0.0163754 0.325613 0.0173889 0.139841 0.0598197 0.213727 0.0736733 0 0.120669 0 0.141748 0 0.178571 0.00369793 0 0.209574 0.0794909 0 0 0 0.335835 0.00590557 0 0 0 0 0.01342 0.0388893 0 0 0 0 0 0 0 0 0.00089984 0.0319595 0.013363 0 0 0.00770911 0.00191331 0 0.765255 0 0.763262 0 0.762287 0.0213798 0.810409 0.0534404 0.0450272 0 0.768501 0.0151601 0.0163873 0.0509621 0.0434851 0 0.0122667 0.0690255 0.0308233 0.00117784 2.8935e-05 0.0641323 0 0.0476374 0 0.0637612 0 0.149574 0 0 0 0.0568022 0 0.0521523 0 0 0.0194884 0.210311 0 0.682744 0 0 0 0 0.0468061 0 0.103328 0 0.131655 0 0.218819 0.259031 0.0860832 0 0.0349961 0 0 0 0.00901847 0.0216526 0.0291796 0.124476 0 0.19589 0 0.126475 0.0178353 0.0138703 0 0.0369433 0.0951184 0 0 0.100043 0 0.00401854 0 0 0.0371837 0 0.0142261 0 0 0.0410362 0.0475786 0.0300688 0.00466596 0.0356881 0 0.201359 0 0 0 0.12036 0.0634467 0 0 0 0.0019458 0.0632949 0.0800003 0.0432251 0 0.0573874 0 0.0359114 0.35221 0.0362883 0.351599 0.00416597 0 0 0.000317607 0.0121451 0 0 0.0659882 0.00101686 0 0.298924 0.0872653 0.170592 0.17547 0.179817 0.044799 0.0159621 0.0358885 0 0.019891 0.00687026 0.0913479 0 0.12108 0.0378183 0.0248122 0.494005 0 0.46075 0 0 0 0 0.00246323 0.109699 0 0 0.0735669 0 0.0871442 0.11278 0.315706 0 0.171093 0.0285318 0.0458612 0.100778 0.136735 0.314188 0.248972 0 0.0534644 0.411035 0 0.110735 0 0.073899 0.148081 0 0.00146948 0 0.0418374 0.00163473 0 0.0669229 0.0357754 0.00250452 0.139318 0.0303625 0 0.431968 0.201667 0 0.000892058 0.173692 0 0.107873 0 0.00181144 0 0.0487873 0.935492 0.0724017 0.216898 0.0954444 0.00356027 0 0 0.0747753 0.00170136 0 0.0336498 0 0.0394561 0 0.136988 0 0.0354521 0 0.0444485 0 0.0619033 0 0.058951 0.211369 0 0.295262 0 0.346539 0 0.00085294 0 0.0135128 0.02077 0 0.0715759 0.0309211 0.0057012 0 0.0824926 0 0 0 0.0129558 0 0.00847389 0.117089 0.096689
188 14.1283 0.0524946 0.0432979 -0.0739484 0.366518 -0.122111 17.6939 -0.492846 -0.0805859 0.0173121 0.15452 0.280353 0.0789191 0.0424708 -0.659496 -0.602379 0.237972 0.0731616 0.115946 -0.0760725 -0.121421 -0.182623 -0.0224923 0.0197516 0.0200383 -0.0145422 0.0114526 0.0405945 -0.0553179 -0.0412568 -0.0177748 -0.104417 0.0121917 0.0201474 0.115885 -0.0160736 0.0298739 0.150849 0.0520725 0.0548577 0.393987 0.185923 1.42668 0.155485 0.644029 -0.0334418 0.0984491 0.153822 -0.0534657 -0.0541361 0.154103 -0.182149 -1.39361 0.513061 0.673471 -0.0846269 -0.00305948 -0.167632 -0.62961 -0.611645 -0.142229 0.192725 1.10046 -0.387702 -0.486351 0.837634 3.61878 -2.93756 0.769911 -0.576673 -8.06419e-09 -2.20932 0.801898 -0.769929 0.720878 1.09497 2.39156 1.46654 0.367262 -3.74018 -5.09241 0.37343 -0.0572016 0.482525 0.294998 0.117784 0.347601 -2.23327e-09 -2.81109 -0.638639 -0.275074 3.20181 0.626289 6.0309e-09 5.37452e-10 7.22467e-10 0.389073 0.72272 -0.997487 -0.38984 0.490087 -1.74238 0.394462 9.11222e-09 -7.63015e-10 -8.50848e-10 -0.28714 -0.434089 -0.217715 -0.218442 0.183747 0.321382 -0.265373 0.370203 0.877976 17.688 -0.0602654 0.158305 1.07694 0.0341025 0.00645909 0.0254215 0 0.0271717 0.0153634 0.0142485 0 0 0.00317816 0.160737 0.0731905 0.140522 0.0591566 0.122995 0.0646176 0.100336 0.0882545 0.00351084 0.00257229 0 0 0.0209585 0 0.00656187 0 0 0 0 0 0 0.0112517 0 0.0202638 0 0.0632681 0.00449272 0 0.290379 0.125897 0 0 0 0.0149454 0.0417225 0 0 0 0 0.047534 0.0259002 0.000736594 0 0 0 0 0 0 0 0 0.0234879 0.00680762 0 0.00172148 0 0.00257129 0 0.338346 0 0.297486 0 0.311507 0 0.400895 0.0450165 0.0316205 0 0.365207 0.0204796 0.0140586 0.0469636 0.0348454 0.0253251 0.0309435 0.0475452 0.0216498 0.0012346 0.000142807 0.0962942 0.00708179 0.0696357 0 0.0900616 0.00354491 0.175744 0.0273292 0.0145083 0.0348495 0.126607 0 0.121337 0 0.0325014 0.0426804 0.111663 0 0.525227 0 0.0196664 0.144829 0 0.103999 0.00184234 0.113286 0.00542926 0.0421114 0 0.0655306 0.274398 0.0577522 0.197508 0.15142 0.0229719 0.195887 0.0126015 0.142965 0.024486 0.0460969 0.0893017 0.0555959 0.119933 0.0458754 0 0 0.00290756 0 0.0387626 0.0445613 0 0 0.102088 0.00195292 0.155427 0 0.010372 0 0 0 0.0142436 0 0.121304 0.12626 0.000979071 0 0.00451615 0 0.403116 0.0902919 0 0 0 0.000429805 0 0 0 0 0.0466466 0.0826094 0 0 0.00833688 0.00861263 0 0.0751959 0 0.0743128 0.00908709 0.00280634 0.00617525 0 0.0224949 0 0 0.000499476 0.00256604 0 0.042341 0.0321554 0.0979091 0.210988 0.0726311 0.105553 0.00471836 0.0100656 0 0 0.00605334 0.0397746 0 0.0219726 0 0 0.00257624 0.0849296 0 0.0526401 0.00487564 0.0302572 0 0.00903281 0.00131673 0 0 0.0867275 0 0.0355366 0.252864 0.0248845 0.0995461 0 0.0390625 0 0.284679 0.006072 0.323183 0.245627 0 0.00676701 0.367367 0 0.195484 0 0.0339789 0.0320011 0 0.00700354 0 0.012465 0 0 0.0676414 0.0324431 0 0.0435138 0.00914099 0 0.467007 0.172232 0.0107793 0.0343514 0.0239331 0.000805775 0.0373956 0.0247039 0.0468321 0.0113433 0.12467 0.817529 0.0389008 0.0840256 0.083765 0 0 0 0.0672565 0 0 0.0732504 0 0.0774515 0 0.275489 0 0.112063 0 0.0847995 0 0.13528 0 0.121216 0.0284985 0 0.0586824 0 0.0800432 0 0 0 0.0874867 0.0166261 0 0.0143366 0.0686279 0.0349608 0.0100159 0 0 0 0 0 0 0 0.160889 0.0924758
189 14.1616 0.0527412 0.0258512 -0.0814847 0.365164 -0.116784 17.7315 -0.498639 -0.087816 0.0312217 0.24812 0.193501 0.102338 0.035546 -0.425951 -0.465684 0.229498 0.0436974 0.118933 0.011449 -0.0285049 -0.136224 -0.00454782 -0.135032 -0.188401 -0.00103944 0.00631169 0.052419 -0.0660005 -0.0170163 -0.0154018 -0.104414 0.0249025 0.0253814 0.123016 -0.0112326 0.0208083 0.15085 0.052059 0.0548566 0.378652 0.175221 1.40582 0.169323 0.673931 -0.0425553 0.0952446 0.153834 -0.0529964 -0.0540998 0.144432 -0.25347 -1.38228 0.389394 0.633327 -0.107352 -0.0809767 0.131371 -0.88351 -0.142093 -0.0771483 0.216913 1.16241 0.148564 -0.309648 0.369235 2.13238 -2.28454 1.06098 -0.494323 10.6716 7.47367 -0.367685 -0.720568 -0.0244557 2.62664 3.1991 1.92939 -0.65839 -5.1671 -6.17534 0.125259 -0.121049 0.349563 -0.297932 0.63241 0.115205 -2.16532e-09 -1.44543 -0.0893519 0.239443 2.07567 -0.0810029 1.87476e-09 3.93954e-10 1.95675e-10 -0.356322 0.0663666 -0.845379 0.0895391 0.0561528 0.157592 0.259796 7.18599e-09 -1.26292e-09 -8.27528e-10 1.56959 -0.207098 0.438529 -0.872201 1.07126 2.24435 -2.31356 0.368292 0.883227 17.7247 -0.0604436 0.156914 1.10979 0 0.0910237 0 0.0926355 0 0.0937719 0 0.0579866 0 0 0.082267 0.0582834 0.0947958 0.00361569 0.126378 0 0.151654 0.0448995 0 0 0 0 0 0 0 0 0.005901 0.000311793 0.000711228 0.010249 0.0164702 0.0229364 0 0.0155171 0.0121969 0.0372102 0.000831078 0.00405753 0.326521 0.0577966 0 0 0.0144078 0.0465731 0.0608406 0.0326361 0 0.00547383 0.0609473 0.0121642 0.025748 0 0 0 0 0 0 0 0 0 0 0.000496533 0 0.00621198 0 0.00665887 0 0 0 0 0 0 0.0150758 0 0 0.0209945 0 0 0.0301786 0.00585803 0.0287696 0.0232022 0.107089 0 0 0.0351526 0.00218931 0.000221652 0.183582 0.0974787 0.179712 0.0731557 0.176149 0.078085 0.242492 0.098784 0.0575032 0 0.199787 0.0718118 0.219203 0.0705138 0.0633994 0.0220039 0.0613603 0.0212311 0.296997 0 0 0.0762801 0 0.0517586 0 0.0643629 0.00693439 0.0283381 0 0.029369 0.237559 0.0226345 0.126611 0.0811764 0.0115667 0.115872 0 0.078598 0 0.0249768 0.0561584 0.0244386 0.0748759 0.0174075 0.00544796 0 0 0.00956567 0.0254694 0.00906167 0 0 0.160674 0.00303636 0.192294 0.0363467 0 0.0458793 0 0.0160766 0 0.000522454 0.15624 0.202436 0 0 0 0.0114112 0.442788 0.053397 0.00329664 0 0.0642502 0.00319737 0 0 0 0.00348238 0.136972 0.142014 0 0.0500207 0 0.0309309 0.00272868 0 0.00439045 0 0.0018228 0 0.00178789 0.0118122 0.0579614 0.0143138 0 0.0140618 0.00370941 0 0.00663781 0.0743288 0.0604621 0.217279 0.11508 0.112259 0 0.0407179 0 0 0 0.111569 0 0.107218 0 0.0128902 0.037872 0 0 0.010275 0 0 0 0.0093437 0 0 0 0.0856016 0 0.075534 0.100194 0.0643949 0.0960826 0.0282175 0.0178884 0.05676 0.177749 0.0168788 0.252931 0.153135 0 0.0244407 0.584112 0.165569 0.0311483 0 0.0275191 0.26125 0 0 0 0.00423516 0 0.00691557 0.170697 0.0935236 0 0.0109697 0 0.00119811 0.384211 0.0680223 0 0.0174246 0.00253389 0.00757855 0.0134819 0.0176599 0.134874 0.0444859 0.16355 0.254597 0.0829651 0 0.0569955 0.0135298 0 0.00548786 0.038911 0.0130054 0 0.00770228 0 0 0 0.0990529 0 0.00881039 0 0.00666055 0 0.0111309 0 0.00384188 0.0274562 0 0.00773886 0.00791303 0.0351784 0.00947315 0 0.066251 0 0.216338 0 0.135912 0.00393395 0.130255 0 0.0624824 0 0.0214032 0 0.000112307 0 0 0.180296 0.1368
190 14.195 0.0667225 0.00651345 -0.0837072 0.363317 -0.108671 17.7711 -0.477479 -0.086767 0.0406193 0.271541 0.138075 0.120644 0.0302087 -0.176491 -0.13494 0.165171 0.0420399 0.1176 0.147692 0.202401 -0.122112 0.0180282 -0.461365 -0.612587 -0.0190521 0.00508853 0.0548228 -0.0625267 -0.0136315 -0.00791099 -0.104025 -0.0148198 0.0228015 0.117016 0.0340001 0.0247952 0.150871 0.0512727 0.054797 0.363264 0.193046 1.3786 0.153843 0.663742 -0.0499537 0.0894912 0.153834 -0.0529964 -0.0540998 0.136281 -0.249141 -1.38268 0.356391 0.687288 -0.0362177 -0.0529446 0.480689 -0.656105 -0.0568558 -0.110254 0.370156 1.213 1.06563 -0.125539 0.284318 -0.0345183 -1.07432 0.644672 -0.336267 4.8473 10.6812 -2.28795 0.0479443 -0.0744893 5.23134 3.58778 0.714491 0.181277 0.871779 -6.46759e-07 -0.777525 -0.0737136 0.235998 0.22527 0.123821 -0.0032893 -2.06624e-09 -0.334501 0.218834 -0.168605 0.360759 -0.385202 2.06474e-09 2.78284e-10 3.64961e-10 -0.441028 0.369906 -0.790483 0.0603605 0.490238 -0.745071 0.195375 6.55709e-09 -6.17739e-10 -5.45131e-10 -0.955161 0.697862 0.0291263 0.0183977 1.56347 1.49514 0.260633 0.365966 0.890426 17.7626 -0.0828295 0.271138 1.15665 0.0101109 0.0329176 0 0.0254654 0 0.020139 0.00285824 0.0196573 0.0135994 0.0150149 0.0558281 0.00763828 0.0567461 0.000139592 0.061981 0 0.0931621 0.0472566 0 0.00826903 0 0.0132117 0 0.0210187 0 0.0335051 0 0.00357562 0 0.00422175 0 0 0 0 0 0 0.00538118 0 0.235396 0.0524331 0 0 0.0101268 0 0 0 0 0 0 0.0174698 0.0116664 0 0 0 0 4.18104e-05 0 0 0 0 0 0 0 0.00186641 0 0 0 0.0606009 0 0.0519067 0 0.0711712 0.0266222 0.146049 0 0 0.0227517 0.0731958 0.0131156 0.00308827 0.0166886 0.0117098 0.0397567 0 0 0.0154916 0.000944035 0 0.0743955 0 0.0454105 0 0.0718201 0 0.201101 0 0.0490849 0.0233287 0.111011 0 0.111027 0 0.0484706 0.0333655 0.105319 0.0417265 0.386707 0.166286 0 0.0319235 0 0.027979 0 0.0312015 0 0 0 0 0.629751 0 0.399143 0.00971529 0.0147355 0.0555528 0 0.0322138 0 0.00589155 0.015524 0.0171831 0.178055 0 0 0.0139357 0 0.00876109 0 0.0137269 0 0 0.172741 0.0527993 0.12209 0 0 0.0594744 0 0.00465609 0 0.00158287 0.0278762 0.032955 0 0.0152624 0 0.0233557 0.438442 0.0562942 0.0021349 0 0.225497 0 0 0 0 0.00591999 0.102589 0.15356 0.0205427 0.0957748 0.0558627 0.208213 0.00176177 0.0661416 0.000883665 0.06526 0 0.0124078 0 0.0132165 0.00871285 0 0 0.0151343 0 0 0 0.128413 0 0.138567 0.0671396 0.0566369 0.0103316 0.0346221 0 0.00368889 0 0.0324821 0.00558827 0.0374581 0 0.00948333 0.0422648 0.0773702 0 0.102702 0 0 0 0 0 0.0555613 0 0.111797 0 0.10451 0 0 0.00649326 0.00787902 0.0164799 0.0790063 0 0 0.224474 0.161575 0 0.00376937 0.379833 0 0.344398 0 0.0394519 0.167019 0 0.00139687 0 0.021211 0 0.0355103 0.161872 0.0733004 0 0.017515 0 0.00384517 0.31779 0.0696728 0.083896 0.00734505 0 0.0253759 0.0350787 0.0174581 0.100713 0 0.0387803 0.0656822 0.00679609 0 0.0615327 0 0 0 0.0547451 0 0 0.00157862 0 0.00708433 0.069795 0.0378924 0.00572389 0.00977918 0.0227636 0.0030718 0.0367281 0.015803 0.0258285 0.0125286 0.0234775 0.0101449 0 0.0229873 0 0.0267422 0 0.0251669 0.0113068 0.151028 0 0.0590039 0.00803943 0.0220402 0.00743796 0.0310364 0 0.0192938 0 0 0 0 0.163572 0.102909
191 14.2283 0.0568316 -0.000403149 -0.0662724 0.360669 -0.0944163 17.8141 -0.38928 -0.0911276 0.0292231 0.229042 0.108396 0.129473 0.0109118 0.000343388 0.0688552 0.0667918 0.0550867 0.104674 0.367647 0.456571 -0.130721 0.049919 -0.415221 -0.612587 -0.0198476 0.00275477 0.0421741 -0.0575563 -0.0138997 -0.0108104 -0.103888 -0.0258572 0.0201853 0.116692 0.0501677 0.020918 0.150871 0.0512727 0.054797 0.359813 0.197845 1.36136 0.175492 0.693959 -0.0501272 0.0830864 0.153913 -0.0500109 -0.0538689 0.119723 -0.26258 -1.37169 0.251164 0.665405 -0.017798 -0.0518952 -0.505431 -0.604831 0.610964 -0.1357 0.559301 1.34024 3.01852 0.0805469 -0.34229 -1.50184 -0.000752549 -0.551814 -0.917199 5.1467 -1.1994 -2.78554 0.810871 -0.574138 5.79386 11.6951 -0.474376 0.160341 1.63759 -5.31912e-07 -0.134553 0.0858408 -0.335115 0.360805 -0.0349328 -0.251807 -1.94283e-09 -0.0860091 0.097433 0.0196293 0.234127 -0.469871 6.50675e-10 1.42309e-10 1.77693e-10 -0.235137 0.406349 -0.416198 0.147758 0.67773 0.313532 0.140618 4.62353e-09 -6.77619e-10 -3.92689e-10 -0.476454 0.883746 0.359485 -0.372955 1.28544 2.51508 -1.3586 0.36307 0.903374 17.803 -0.0966105 0.456767 1.26452 0 0.0641785 0 0.0546272 0 0.0542646 0 0.0315617 0 0.00430602 0.054137 0.0758123 0.0482475 0.0509638 0.0648486 0.0410751 0.0830385 0.0242384 0.00488927 0.0363095 0 0.0254287 0.0205788 0.0470552 0 0.0586572 0 0.00406475 0 0.00604717 0 0 0 0 0.000254447 0 0.00122706 0 0.186165 0.00963105 0 0.00659852 0 0.0405018 0 0.0723956 0 0.0315423 0.0147175 0.0251548 0 0 0 0.00107063 0.00525408 0.00908737 0 0.00659012 0 0.00134142 0 0 0 0.0238081 0 0.001503 0 0.048184 0 0.0350065 0.00341495 0.0522744 0.0483015 0.119334 0 0 0.0281709 0.0620506 0.0108026 0 0.00213198 0 0.0617666 0 0 0.0387281 0.000740197 0 0.0669669 0 0.0403975 0 0.0632648 0 0.174178 0 0.0679853 0.0219919 0.0947631 0 0.0952837 0 0.0518074 0.0333478 0.164084 0.126732 0.507866 0.127002 0 0.00331065 0 0 0 0 0 0 0 0 0.477833 0.000595578 0.22971 0.00708775 0.00761721 0.0370739 0 0.0182448 0 0 0 0.0496134 0.0855515 0.0257758 0 0.0937683 0 0 0 0.011407 0 0 0.151223 0.0804813 0.180219 0 0 0.0634318 0 0.00835846 0 0 0.11126 0.131826 0 0.00397052 0 0.00744358 0.421519 0.0515593 0.00253598 0 0.166243 0 0 0.00426019 0 0.0204654 0.164455 0.113793 0.0444916 0.0796375 0.086497 0.191065 0.0234134 0.0404211 0.0220554 0.038915 0 0 0 0 0.00363541 0.00710797 0 0.0301372 0 0.00240533 0.00332466 0.158791 0.0622979 0.18701 0.0974091 0.116196 0 0.0497104 0 0.00014684 0 0.0710853 0.000331223 0.055534 0 0.000787079 0.114699 0 0.0750204 0 0 0 0 0 0 0.0766052 0 0.118366 0 0.10235 0 0.148619 0 0.241448 0.0120783 0.0764029 0 0.155554 0.114136 0.0550488 0.00725292 0 0.398764 0 0.376706 0.000588411 0.0445816 0.242333 0 0 0 0.0176234 0 0.0544674 0.20959 0.0490774 0 0 0 0 0.150372 0 0.0348772 0 0.0169362 0 0.0161058 0.00549826 0.113877 0 0.0176115 0.0921922 0.0411226 0 0.0184378 0 0 0 0.0110006 0 0.0295825 0 0.0299093 0 0.23921 0 0.0557914 0 0.0793154 0 0.124013 0 0.0891298 0 0.0230155 0.0223919 0.00501096 0.0219572 0 0.0395311 0 0.0528059 0 0.196339 0 0.0684108 0.0152936 0.0782792 0 0.0470994 0 0.0257645 0 0 0 0 0.168598 0.110962
192 14.2616 0.0359671 0.00979537 -0.059351 0.357787 -0.0816528 17.8579 -0.251673 -0.109724 0.0244742 0.122578 0.0949702 0.145498 0.0064795 -0.0283904 0.0723473 -0.0681108 0.0402656 0.100675 0.636989 0.450393 -0.0135294 -0.0671616 -0.11127 -0.372869 0.012208 -0.0146133 0.045307 -0.0854826 0.00372174 -0.0146121 -0.104667 0.0290629 -0.0074529 0.140088 0.0091975 0.0456464 0.0767046 0.00790143 0.0514237 0.392864 0.185986 1.3678 0.108723 0.675593 -0.0319965 0.0928802 0.153894 -0.0507217 -0.0539238 0.093886 -0.241206 -1.37056 0.173611 0.701315 -0.0309864 -0.10107 -0.763523 -0.445848 0.285117 -0.0956851 0.326537 1.29311 3.92842 -0.191977 -0.440211 -2.81757 -0.371641 0.713703 0.553606 -4.71075 -0.00144986 -3.29511 0.206256 -0.539834 6.66436 -1.93157 2.12593 -0.862907 7.23704 6.67087 1.28776 -0.167795 -0.127117 -1.04855 0.577452 0.136728 -1.00815e-09 -0.935446 -0.846545 0.821868 1.58705 0.64675 -2.29498 0.0720761 9.84064e-11 1.76646 -2.27969 0.230081 0.0237458 -0.224275 -0.449937 0.158548 4.11764e-09 -1.26535e-10 -1.12419e-10 0.316848 1.3527 0.0882391 0.271035 7.46719e-10 0.155387 -0.348865 0.359837 0.915385 17.8449 -0.0962863 0.282027 1.25464 0 0.00432872 0 0.00472874 0 0.0369155 0 0 0 0 0.0464775 0.0445238 0.0453474 0.0256131 0.0737537 0.0118991 0.0338256 0.0427847 0.00820786 0 0 0 0.0569268 0 0.0980012 0 0 0 0 0 0.0951193 0.0105672 0.0600817 0 0.12144 0.0549656 0.015629 0.00504866 0.120394 0.0521964 0 0 0 0.0261417 0.0294445 0.0344803 0.0908577 0.144325 0 0.026749 0 0 0 0.0159355 0.0144255 0.00514352 0 0.0161281 0 0 0 0 0.00205536 0.0236111 0 0.00312422 0 0.148805 0 0.114167 0 0.142579 0 0.166932 0 0.0041667 0 0.0881794 0.00409778 0.00431506 0 0.00364082 0.067541 0.0323112 0 0.0355164 0.000754975 0.000692514 0.178971 0.0517856 0.169589 0.0218081 0.218942 0.0463949 0.195584 0.0383925 0.0809124 0.0109848 0.115414 0.0259175 0.317229 0.0308591 0.0380321 0.0305508 0.0488633 0 0.00933259 0.100376 0 0.0340578 0 0 0 0.0700318 0 0 0.0089766 0.0805491 0.0221267 0.0880749 0 0.271342 0 0.148078 0 0.0420366 0.0780437 0.0242946 0 0.0209742 0 0 0 0 0 0 0 0 0 0.0312818 0.21486 0.0437781 0.257836 0 0 0 0 0 0 0 0.133835 0.0794216 0.0101989 0.00106819 0.0368364 0 0.519538 0 0.00260311 0 0.149176 0.0541531 0 0.00504008 0 0 0.222408 0.201153 0 0.263494 0.0218911 0.424161 0 0.130903 0 0.143334 0.067486 0.0438054 0 0.0349994 0.0407376 0.0477345 0 0.149842 0 0.00364513 0 0 0.184761 0.136373 0.183951 0.0957303 0 0 0.00750943 0.0545459 0 0.0057222 0 0.000748593 0 0 0.127813 0.0482055 0.196803 0 0 0 0 0 0.0294492 0 0 0.269904 0 0.0705411 0.0653324 0.107284 0.0186417 0 0.0108436 0 0.0696737 0.165969 0.0242988 0.0316722 0.0177492 0 0.106833 0 0.0789523 0 0.139463 0.298597 0 0 0 0.00616637 0.0207257 0.0827995 0.285378 0.0731476 0 0.022587 0.0567013 0 0.0417401 0 0.0311097 0.0165849 0.110019 0 0 0 0.19911 0 0 0.245034 0.635637 0.150228 0.0115321 0.00691067 0.0073597 0 0.0442129 0.0256529 0 0.0120628 0 0.00614307 0.150407 0.0109352 0 0.0286614 0 0 0.0478823 0 0 0 0.209218 0.0320734 0.10013 0.0964979 0.0775949 0.0436567 0 0.0212783 0.0646766 0.140891 0 0.147652 0.0265554 0.0578933 0.0204099 0 0.0140963 0.0270924 0 0 0 0 0.170436 0.0880772
193 14.295 0.0332608 0.019761 -0.0405791 0.356646 -0.0739707 17.9002 -0.144271 -0.128609 0.00433181 0.0284529 0.0840539 0.158219 0.0381291 0.0535916 0.0655489 -0.198116 0.0442716 0.076686 0.790842 0.36571 0.101582 -0.00682328 -0.078356 -0.34777 -0.00264497 -0.0192211 0.034572 -0.0694783 0.0064334 -0.0163429 -0.104902 0.0208607 -0.0226846 0.135067 0.0207791 0.0576478 0.153592 0.0226528 0.0509187 0.358463 0.214728 1.33515 0.216119 0.700988 -0.0406824 0.0465049 0.154002 -0.046399 -0.0532378 0.207391 -0.313794 -1.33866 0.142145 0.663203 0.00367838 -0.0347239 -0.164148 0.370286 0.656981 -0.0499726 0.231399 1.22183 2.93001 -0.307181 -0.898464 -2.36876 -0.505059 0.0764597 0.0896873 -0.00748405 0.00315676 -3.40517 0.511356 -0.81287 2.57681 -1.87582 3.87849 0.991944 0.37206 0.532516 -0.246888 -0.0146527 -0.354555 0.501394 -0.028066 -0.128181 -1.73288e-09 -0.0722361 -0.255269 -0.113518 0.0710419 -0.0206005 1.49323e-09 -0.900526 2.90873e-11 -0.354124 0.695802 -0.500063 0.566434 -0.232184 1.61048 -1.41353 2.92318e-09 -0.768234 -7.60778e-11 0.457067 0.936205 0.0275569 -0.344951 0.856041 1.49188 0.434112 0.357238 0.923124 17.8865 -0.0603455 0.191796 1.24165 0.00788459 0.0211325 0.00226615 0.0137865 0 0.017115 0.00927138 0.0219764 0.000993319 0.0231639 0.0680952 0.0126118 0.0591601 0.00967332 0.0610969 0.0165469 0.0210484 0.0209851 0.051882 0.00971012 0.037595 0 0.0874156 0 0.0729693 0 0 0 0 0 0 0 0 0 0 0 0 0 0.0239735 0 0 0.0766343 0 0 0.004114 0.0338514 0 0.00911665 0 0.0275414 0 0 0 0.0144895 0.0148008 0.0272142 0 0.00465044 0 0 0 0 0 0.0405256 0 0.0152373 0.00883639 0.0711275 0.00733488 0.0703513 0.00441825 0.0871631 0 0.19066 0 0.0031232 0.0113681 0.0584783 0 0 0 0.0115107 0 0 0.0124011 0.0867772 0.000212445 0 0.0124927 0 0 0 0.00943192 0 0.0166653 0 0.0474801 0.00536728 0.0283954 0 0.0294681 0 0.0299403 0.0218136 0.037465 0.117833 0.0542265 0.220923 0.000407992 0.215807 0 0.0392451 0 0.0395569 0 0 0 0 0.240833 0.466661 0.133581 0.44438 0.0543122 0.351879 0 0.134888 0 0.0386691 0.118928 0.182252 0.143771 0.235733 0.00180949 0 0 0 0 0 0 0 0.15917 0.0879328 0.0687835 0 0 0 0 0 0.00165959 0.00138777 0.0025919 0.00980109 0.00429297 0 0.0139508 0 0.353684 0.100992 0.000307315 0 0.0170266 0.0118757 0 0.0199453 0 0.0238158 0.120646 0.0283221 0 0.168363 0 0.345242 0 0.0764075 0 0.0756379 0.000412452 0 0 0 0 0 0.00299033 0.0563764 1.91328e-05 0.00165527 0.169666 0.073401 0.112269 0.140992 0.0905923 0.0517484 0.00653166 0.0376732 0 0 0 0.0335954 0 0.0416969 0.000742816 0 0.363766 0.0790572 0.324341 0 0 0.0172815 0.0123147 0 0.114686 0 0 0.128849 0 0.0555663 0 0.0592175 0 0.0229322 0 0 0 0.12165 0 0 0.0140227 0 0 0.00554106 0.0622023 0.0244366 0.0561737 0.105675 0 0 0 0.00751368 0 0.0322767 0.148862 0.0102354 0 0 0 0 0 0 0.0236486 0.0536335 0.106392 0.000744964 0.0759883 0.0753427 0.103381 0.0256276 0.12256 0 0.0799202 0 0.00550723 0.0137053 0 0.0351084 0.00151948 0.00911552 0 0 0 0 0.0885312 0 0.0195688 0 0.0119761 0 0.0364183 0 0 0 0.105094 0.00142566 0.117484 0 0.141029 0.00367272 0 0 0.0997546 0.163964 0 0.0500234 0.0111512 0.00816483 0.00588823 0.0294706 0.0175152 0.0264174 0 0 0 0.0010706 0.102553 0.0708684
194 14.3283 0.0178476 0.0308684 -0.0183445 0.356446 -0.0696043 17.9403 -0.0343737 -0.13306 -0.018863 -0.0527087 0.0789077 0.162758 0.0170788 0.0314375 0.0624681 -0.301484 0.0690369 0.05649 0.856037 0.21347 0.155627 0.0489159 -0.0211883 -0.277115 0.00713175 -0.0227266 0.0222313 -0.0556688 0.0108054 -0.0194257 -0.104615 0.0493342 -0.0295447 0.12802 -0.00794293 0.0546825 0.146068 0.00138629 0.0500186 0.322697 0.216871 1.33225 0.228449 0.681832 -0.0173549 0.00598848 0.153885 -0.0508662 -0.0535834 0.250546 -0.314878 -1.33182 0.148479 0.692759 0.0314669 -0.00224915 -0.526116 0.11459 0.756414 -0.0194223 0.0843996 1.17419 2.92149 0.085105 -1.0426 -1.83681 -1.00145 -0.145356 0.126221 0.273683 0.376975 -2.84826 1.00687 -0.591758 1.16656 -4.12191 -0.21899 0.0441826 1.15376 1.74899 0.405534 0.12678 -0.338174 0.420344 0.0652512 -0.215626 -1.35498e-09 1.52124 -0.104051 -0.209978 -1.49409 -0.0289249 1.031 -0.382551 0.0585405 -1.09516 2.1309 -0.737776 -0.233524 -0.48801 -0.00257765 -0.37798 3.69096e-09 -2.19333e-10 -8.07423e-11 0.191389 0.655587 -0.1703 0.188096 0.745421 -0.18417 0.613221 0.355813 0.927796 17.9277 -0.0273218 0.0794086 1.23045 0.00231975 0.0203962 0.00683871 0.0212225 0.00283056 0.018059 0 0.0131905 0.00535113 0 0.0995419 0.0900626 0.0810582 0.0731205 0.0840355 0.0571766 0.0374632 0.029404 0.00804037 0 0 0 0.0183071 0.00142146 0 0 0 0 0 0 0 0 0 0 0 0 0.00185505 0 0.0277576 0 0 0.0351559 0 0 0.0229001 0.0902342 0.0213956 0.0368589 0.00148826 0.0268118 0 0 0 0 0.0184375 0.0295488 0 0 0 0 0 0 0.021028 0.0344383 0.00631663 0.0162968 0 0.00695252 0 0.00452577 0 0.018951 0 0.10235 0.00501805 0.01225 0 0.0175809 0.00361383 0.00226103 0.0109318 0.0168108 0.0144375 0 0.0523474 0.0696151 0 0.000685787 0.0457596 0 0.031779 0 0.0366368 0 0.0455808 0.0376275 0.0367456 0.0248232 0.058816 0.000950205 0.0575687 0.000555572 0.0297967 0.0242144 0.0933632 0.191985 0.0383055 0.311617 0.0438489 0.172753 0 0.00522283 0 0 0 0 0 0 0.250205 0.565244 0.177417 0.528308 0.153306 0.374046 0 0.0935303 0 0.0114175 0.135898 0.208081 0.161008 0.274969 0.016216 0.0292075 0 0 0 0 0 0.000393216 0.178197 0.0978477 0.0798428 0.00888922 0 0.0181801 0 0.000362552 0 0 0.0557693 0.0712198 0 0 0 0 0.387757 0.106138 0.00109966 0 0.0200924 0 0 0 0 0.0116386 0.23247 0.123776 0 0.10103 0 0.206844 0.000454136 0.047336 2.71562e-05 0.0464687 0 0.00126329 0 0 0.00805292 0.0191686 0 0.0468137 0.000410124 0.00304899 0.126598 0.132377 0.164695 0.188649 0.159027 0.103548 0 0.0127926 0 0 0.00620451 0.0232454 0.000116768 0.0138509 0 0 0.184514 0.00831885 0.157259 0 0 0 5.45945e-05 0 0.125099 0.102224 0 0.113218 0 0.0690938 0 0.141662 0 0.0438468 0.0227525 0.0513352 0 0.218685 0 0.0106971 0.00469947 0.0259506 0.0263904 0.0294316 0.0443051 0.0311388 0.108079 0.179929 0 0 0 0.00775601 0 0.0437061 0.240582 0.0497468 0 0 0 0 0 0 0.0143313 0.0522757 0.0342563 0.0234411 0.0419869 0.0559629 0.0970732 0.0876878 0 0.0258686 0 0 0.017961 0 0 0.0244424 0.0247956 0 0 0 0 0 0 0 0.00116345 0 0 0 0 0 0 0 0.066701 0.0395476 0.0406024 0.0424084 0.0389808 0.0943433 0 0 0.0358872 0.15714 0 0.0315397 0.0390651 0.0337242 0 0.0104541 0 0.0169132 0 0 0 0 0.0955134 0.0795556
195 14.3616 0.0375236 0.0177264 0.0140212 0.35811 -0.0673412 17.9791 0.0159983 -0.142211 -0.0537682 -0.102124 0.0549212 0.183004 0.0226195 0.0336734 0.0612516 -0.371492 0.07959 0.0212829 0.715926 0.0335161 0.257102 -0.0528057 0.0814794 -0.168998 0.00768056 -0.0246202 -0.00473312 -0.0855973 0.0105348 -0.00969416 -0.104283 0.0132538 -0.0451508 0.132656 0.00934358 0.0516654 0.158854 -0.00210699 0.0500957 0.323545 0.26813 1.30005 0.225749 0.70229 0.0706822 0.119962 0.152999 0.0141793 -0.0468634 0.109525 -0.236632 -1.39754 0.0582759 0.700617 0.00523555 -0.135702 0.656271 -0.85493 0.910825 0.0448984 0.0711665 1.12584 0.417244 -0.378803 -1.11827 -1.38621e-09 -1.20017 1.19314 0.682922 -0.516622 -0.529768 -1.50622 0.468383 -0.894245 -5.86676 -3.9897 0.59096 -0.750488 3.46869 3.40336 0.33712 -0.279199 -0.84202 -1.36805 0.182159 0.552859 -1.16658e-09 -0.69475 -0.431766 0.0227059 0.101348 -0.240144 8.31284e-10 0.732432 -0.0462768 -0.829546 0.202289 -0.526221 0.34928 3.03792e-10 1.8161 1.64748 2.79682e-09 1.75901 0.115872 -0.111145 0.778005 -1.20353 0.127393 5.79823e-10 -0.733711 -2.01074 0.355384 0.929059 17.9684 -0.00586368 -0.00726831 1.22475 0 0 0 0 0 0.00605009 0 0 0 0 0.151413 0.127214 0.118707 0.114506 0.0860232 0.135364 0.0129316 0.0366265 0.106182 0 0.100987 0 0.107198 0 0.163488 0 0.017491 0 0 0 0 0.0149684 0 0.0633362 0 0.264653 0.003838 0 0 0 0.211519 0.0347048 0 0.0513236 0.223387 0.0400829 0.131837 0.0412353 0.0912177 0.0659849 0 0.00521979 0.0278785 0 0.0891846 0.0432583 0 0 0 0 0 0.0451849 0.0613151 0.0429288 0.00327125 0.0180369 0 0 0.0977108 0 0.102849 0.0256359 0 0.0654178 0 0.0183666 0.03992 0 0.00220277 0.00492465 0 0.00935308 0.0528388 0.0526955 0.018464 0.0523995 0.00153601 0 0.137093 0.143007 0.0895086 0.0366923 0.112841 0.122371 0.0869514 0.137919 0.104368 0.0557087 0.0799274 0 0.076566 0.0830888 0.0388571 0.0266841 0.086534 0.577996 0.0106698 0.174965 0.0280488 0.0595796 0 0 0 0.126462 0 0 0 0.0202606 0.104924 0.611155 0.145907 0.577474 0.331686 0.425466 0 0.00843217 0.0273168 0.0810253 0.180597 0.0638185 0.310133 0.252161 0.106063 0 0 0 0 0 0.00953931 0 0.0941972 0.128035 0.14719 0.0245635 0 0 0 0 0 0 0.158325 0.161237 0.0361855 0 0.0319311 0 0.22173 0.200969 0.000154418 0.000597332 0.05486 0.184145 0.0382201 0 0 0 0.118382 0.111144 0.0605964 0.306952 0.0167112 0.574249 0.0508542 0.0397193 0.0628454 0.0235258 0.0368428 0.0151699 0.0392715 0 0 0.0386758 0.0350293 0.0535213 0.00669672 0 0.327534 0 0.446246 0.171573 0.409393 0.063383 0 0 0.0252511 0 0 0.0197687 0 0.000632647 0 0 0 0 0 0 0 0.028196 0.0369574 0 0.396423 0 0 0.200787 0 0 0.2696 0.0749483 0.0466915 0.17171 0 0 0.140581 0.0634415 0 0 0 0 0.0402988 0.119441 0 0.125343 0.106637 0.188619 0 0 0 0 0.0380178 0.0641055 0.13705 0.0513663 0 0 0 0 0 0 0 0.188855 0 0.00212432 0.0279502 0.0752316 0.25779 0.15341 0 0 0.299589 0.0632065 0 0 0.191808 0.0686947 0 0 0 0.0352431 0 0 0 0.203613 0 0.0323006 0 0.0260535 0 0.106285 0 0.119842 0.266905 0.0322032 0.334942 0 0.379659 0 0.0137434 0 0.106088 0.126466 0 0.135602 0.0948285 0.0845144 0 0.00860727 0.0274735 0 0 0 0 0 0.0934162 0.0809518
196 14.395 0.0740553 -0.00898887 0.0118322 0.359518 -0.0675664 18.0153 0.0168918 -0.13658 -0.0541956 -0.102124 0.0379371 0.202663 0.0304947 0.00996516 0.0306545 -0.438072 0.0699846 0.0249652 0.510925 0.0598269 0.206475 0.0268841 0.143927 -0.0972817 0.00214266 -0.050051 0.00134486 -0.124132 0.0346526 0.0097348 -0.105619 -0.0383399 -0.0502538 0.131329 0.058681 0.0397001 0.125785 0.0240577 0.0521753 0.321146 0.207462 1.29856 0.288354 0.699595 0.0323831 0.081585 0.153756 0.0511169 -0.0503 0.191399 -0.238673 -1.41795 0.0688108 0.675131 -0.0284223 -0.151506 0.875545 -0.732175 -0.100613 0.042364 0.0262732 1.07842 0.276341 0.302954 0.0132937 -7.19168e-10 -0.812338 0.40318 -0.00907207 -0.343666 -0.465525 -1.906 -0.361155 0.0341123 -5.41368 1.69627 -2.86308 2.94808 1.38069 1.36012 -0.0474038 -0.749866 -0.0113511 -0.925356 0.699447 0.808596 -1.23622e-09 -3.21895 -7.13133e-10 0.046743 3.084 -0.892299 0.516343 -0.193164 3.51982e-10 -1.20591 1.5246 -0.480879 -0.00952118 -0.199943 -0.26178 -0.396252 1.44367e-09 1.83609e-10 -1.13304e-10 2.79358 1.6163 -1.07749 0.0263587 -2.19285 -0.818671 0.955509 0.35528 0.927844 18.0088 -0.00197443 -0.0624544 1.20292 0.0209219 0 0.0120136 0 0.0187095 0 0 0 0 0 0.0933552 0 0.0913704 0.0359956 0.0533209 0.0643691 0 0.0263478 0.112728 0 0.189195 0 0.145256 0.0681438 0.26558 0.0961452 0.0548112 0 0 0 0 0.0886652 0 0.0789625 0 0.113576 0.00570186 0.00247018 0.0428522 0.00208397 0.011701 0 0.143375 0 0.193764 0 0.183808 0.0573348 0.0173595 0.036001 0 0 0 0 0.0614948 0.0254961 0 0 0 0 0 0.0115372 0.111327 0.0424515 0.0266384 0.0157625 0.166693 0 0.111823 0 0.137744 0 0.107085 0.0163333 0 0.0153944 0.147943 0 0 0 0 0.0126907 0 0.0254701 0.119242 0.0881606 0.00191716 0 0.0424041 0.114366 0.0237117 0.0406329 0.0304552 0.120422 0 0.187191 0.0737707 0.0627333 0 0.00660883 0 0.0547813 0.0258938 0.0268133 0.209167 0.381619 0.0997583 0.392352 0 0 0 0 0 0 0 0 0 0.0166811 0 0.130876 0 0.0688488 0.0989487 0.0711814 0 0.0428838 0.0483276 0.190804 0.0903568 0.0998223 0.000216275 0.0861168 0.187396 0 0.0682671 0 0 0 0 0 0.183121 0.126536 0.055397 0 0 0 0 0 0.0216897 0 0.0263323 0.0736342 0.0640883 0 0.11123 0.00657062 0.290785 0.103694 0 0.00237657 0 0.0236512 0 0 0 0 0.0396995 0.123765 0 0.286714 0 0.521841 0.0938159 0.0889392 0.109508 0.0743627 0.0871637 0.059187 0.131107 0 0.0306704 0 0.0847548 0.0222808 0.0146111 0 0.436403 0 0.443449 0.233584 0.276823 0.044899 0.0185414 0 0.00829588 0.00302269 0.0279691 0 0.0420978 0.00488174 0 0 0 0.14928 0 0.196564 0.0286228 0.0215621 0 0.0460066 0.455343 0.0257017 0.0742572 0.145202 0.000549991 0 0.359557 0 0.531309 0 0 0 0.34645 0 0 0 0 0 0 0.136605 0 0 0.198843 0.0975368 0 0 0 0 0.0893332 0.0468647 0.0478725 0.0776298 0 0 0 0.0477454 0 0 0 0.0678552 0 0.148252 0 0.0526012 0.104969 0.0596281 0.390918 0 0.00242444 0.149597 0 0 0.0771816 0.0186759 0.00566576 0 0 0.0274563 0 0 0 0.0981185 0 0.00365018 0 0 0 0.0596584 0 0.0926405 0.308779 0.17143 0.395659 0.104484 0.413694 0.176823 0.0179812 0 0.290835 0.0081533 0 0.149869 0.048735 0.00515922 0.0519037 0.0163304 0.00663517 0 0 0 0 0 0.105697 0.00502774
197 14.4283 0.0669125 -0.0476652 0.00540482 0.359858 -0.0727463 18.0536 0.0678118 -0.147606 -0.0541893 -0.102124 -0.0276002 0.2542 0.0179402 0.0424875 0.0527601 -0.445814 0.0898421 0.0448274 0.323215 -0.053741 0.0963681 0.0230933 0.208821 -0.0337151 0.00876371 -0.0415151 0.00883941 -0.113255 0.0418056 0.0181862 -0.104333 0.0164632 -0.0406948 0.119979 0.0195159 0.0191036 0.152214 0.0376138 0.0525352 0.182002 0.16792 1.32665 0.326094 0.700428 0.0503038 0.0313651 0.152012 -0.0142533 -0.0552863 0.377931 -0.228169 -1.41528 0.185009 0.669807 -0.0107656 -0.0762276 -0.268344 -1.15369 -0.186878 0.0467381 -0.171819 1.15552 1.61236 -0.327631 -0.161807 -1.01416e-09 -2.49415 1.48607 0.0849097 0.971499 1.3422 -0.590368 0.725865 0.88855 -4.49244 -2.15652 -5.71686 2.38097 1.23549 1.08108 0.17285 0.23165 0.191357 0.468358 0.208988 0.235705 -1.38461e-09 0.3014 0.259291 -0.147458 0.109625 -0.526541 4.67887e-09 -0.615028 7.53495e-11 -0.842316 1.63565 0.306484 0.474685 -0.362814 1.12622 -1.20032 2.12617e-09 -1.34779 -2.69878e-10 1.17532 1.38772 -0.969777 -0.0952725 -0.299622 -0.719066 0.596931 0.355565 0.923028 18.0489 0.0105472 -0.213804 1.19783 0.0384136 0.00141186 0.0277771 0.00367258 0.0187007 0.00561453 0.0339428 0 0 0.0270993 0.0249924 0.0282651 0.00865143 0.0228961 0.00265763 0.0348738 0 0.0217437 0.0379118 0 0.0180294 0 0.0719343 0 0.0914347 0 0 0 0 0 0 0.00956626 0 0.0122018 0 0.00977353 0.00327101 0 0.0129104 0 0 0.141805 0 0 0.31761 0.0371746 0.0965031 0.0105957 0.00518016 0.0520892 0.00148983 0.0220715 0 0 0.012843 0.0579948 0 0 0.00140061 0 0.00303402 0 0.0551535 0.0163534 0.0259146 0.000174676 0 0 0.0216602 0 0.0118931 0.017121 0.0890637 0.161036 0.0327737 0 0.0308185 0 0 0 0.0237531 0 0 0 0.0982997 0.04318 0.000218402 0.000526053 0.0226215 0.00233154 0.0248486 0 0.0233916 0 0.00779109 0.0197305 0 0.0753287 0.007854 0 0.0142258 7.20657e-05 0 0.0390891 0.124484 0.492933 0.0239262 0.186448 0.0395336 0.0755726 0 0 0 0 0 0 0 0 0.0572121 0.279144 0.066082 0.218057 0.206262 0.154899 0 0.0259327 0 0.00657754 0.289688 0.0806683 0.264696 0.0968715 0.319695 0 0 0 0.0360575 0 0 0 0.040537 0.205683 0.0235102 0.00780713 0.017928 0 0.00727245 0 0.00522207 0 0.01312 0.0184817 0.0193628 0.000926469 0.0685261 0.0064217 0.0469407 0.28522 0 0.000817545 0 0 0.00204044 0.0125781 0.0204611 0.0189664 0.0787887 0.131803 0.0391696 0.196478 0.0492425 0.449493 0 0.0708218 0.00922431 0.0767599 0.00938485 0.00661711 0 0 0.018549 0.0360731 0.101019 0 0.00849513 0 0.383138 0.0789122 0.288081 0.128066 0.25047 0.0334131 0.0173521 0 0 0 0 0.0114216 0 0.0158733 0.0105985 0 0 0.231014 0 0.199322 0 0 0 0.0124785 0.4187 0.0128563 0.152841 0 0.11577 0 0.110045 0 0.478872 0.00646868 0 0 0.235836 0.00815706 0.0841344 0 0.019281 0 0.0859232 0 0 0.0761566 0.180716 0.0303396 0 0 0.0269418 0 0.0591435 0 0.0341919 0.167029 0.0612195 0 0 0 0.0655079 0 0 0.0123749 0 0.0595628 0 0.0596874 0.016987 0.206684 0 0 0.045192 0 0.0217057 0.017511 0.00817673 0.0601651 0.0160469 0.0115768 0 0.0852828 0 0.0251972 0 0.25046 0 0.0470804 0 0.0766776 0 0.105455 0 0.107929 0.213837 0.0114357 0.163373 0.0289701 0.190604 0.0487282 0.0153126 0 0.16219 0.0321347 0.034424 0.0071331 0.0296532 0.00882086 0.00185772 0.00974441 0.0234239 0.00983819 0.00270815 0 0.0188769 0 0.0686211 0.092093
198 14.4616 0.040378 -0.106323 -0.0259907 0.357961 -0.0817273 18.0948 0.141831 -0.160309 -0.0383377 -0.102124 -0.0779327 0.327665 0.0510064 0.0294022 0.0441985 -0.399592 0.126941 0.102776 0.103326 -0.111222 -0.0492543 0.0433496 0.251692 0.00788571 0.0197371 -0.0235768 0.0347129 -0.0870845 0.0464161 0.0257425 -0.103937 0.0257595 -0.0267385 0.11886 0.0289212 0.00296975 0.151967 0.0471303 0.0532623 0.142939 0.166006 1.34568 0.384621 0.68744 0.0799963 0.0142945 0.150975 -0.0513131 -0.0581055 0.454864 -0.218398 -1.43028 0.189693 0.673877 -0.0190824 -0.0651986 -0.532515 -1.62392 -1.01165 0.0506026 -0.225152 1.27728 2.05239 -0.286548 0.488342 -9.98738e-10 -1.42892 2.07406 0.0991026 -0.00605898 0.000702258 0.794362 0.686756 2.04093 -5.37886 -1.04231 -4.19942 0.572414 1.22538 1.36079 -0.0579996 0.293227 0.679467 0.754209 0.0928136 0.38599 -1.484e-09 -0.548782 0.310556 -0.0414607 0.952327 -0.358071 3.24759e-09 -0.352762 2.88584e-10 -0.063222 1.52017 0.580331 0.152545 -1.1712 0.980078 -0.609568 6.07573e-09 -5.90276e-10 -6.50203e-10 0.240965 0.716503 -0.74324 -0.192606 1.41422 0.375236 -0.910473 0.356046 0.915078 18.0889 0.0166323 -0.23319 1.20901 0.0823865 0 0.0750483 0 0.0618995 0 0.056689 0 0.0624671 0 0.0991832 0 0.0678475 0 0.0538706 0 0.101573 0.0266167 0.0388951 0.074252 0.0616855 0.0604791 0.0628906 0.10855 0.0882686 0.121998 0.0228213 0 0.0284591 0.0328005 0.0257047 0.00154021 0 0.00244257 0 0 0 0 0.074953 0 0 0 0.173486 0 0.212105 0.0406574 0.0375868 0.00897505 0.0379089 0.0192333 0.00559491 0.0305133 0 0 0 0.0295506 0 0 0.00375027 0 0.0584916 0 0 0.0203073 0.00265057 0.0114811 0 0 0.0212153 0 0 0.0240693 0.089211 0.21232 0.0835273 0.0109801 0.00076992 0 0.0234705 0.00196199 0.0635107 0.0154015 0.0314067 0 0.019056 0.075294 0 0.000937 0.0206084 0 0.0266951 0 0.0250068 0 0.0154979 0.0231046 0 0.0239344 0.0123363 0 0.0168537 0.000927135 0.0150347 0.018124 0.109983 0.498483 0.0208642 0.204126 0 0.0258664 0.00409593 0 0.00712725 0 0 0 0 0 0.060435 0.254626 0 0.130986 0.0135541 0.0274225 0 0.00641008 0 0.0201211 0.0649366 0.159236 0.0553758 0.184583 0.177648 0.045938 0 0.00568486 0.1007 0 0 0 0.0265871 0.214978 0.0233743 0.0290515 0.0752526 0 0.0151377 0 0.00686972 0 0.0795311 0.0329759 0 0.0230416 0.0135781 0.0458675 0.0598699 0.301716 0 0 0.00201532 0 0 0 0.0247913 0.000164469 0.0990097 0.198945 0.0323821 0.286999 0.0449684 0.516859 0.0253915 0.0876177 0.0366979 0.0972906 0 0.0254527 0 0.00540173 0 0.0232361 0.13148 0 0.0048871 0.000925159 0.28262 0.149311 0.31081 0.0611803 0.141992 0.101274 0.130512 0 0 0 0.0783116 0.000481792 0.0931822 0 0 0.0132227 0 0.506365 0 0.444857 0 0 0 0.0080252 0.119355 0.10813 0.175538 0 0.177513 0 0.366353 0 0.452428 0 0.0343455 0 0.298207 0 0.211808 0 0.0385325 0.00433157 0.101246 0 0 0.080741 0.267105 0.0410714 0 0 0.0513677 0 0.0907752 0 0.0489677 0.21732 0.133178 0 0 0.0174081 0.191434 0 0 0.0169168 0 0.15554 0 0.117103 0.0154694 0.140732 0 0 0.0497223 0 0 0.0491182 0 0 0 0.0219111 0 0.0897539 0 0.0352717 0 0.233775 0 0.041104 0 0.0768718 0 0.101727 0 0.118471 0.0571645 0.124454 0.0386439 0.182765 0.0417706 0.254477 0.0280333 0 0.176658 0 0.10014 0 0.0655974 0.000511244 0.0655087 0 0.0272726 0 0.00796948 0 0.0185812 0 0.0669147 0.0948794
199 14.495 0.00840105 -0.169153 -0.0606009 0.354781 -0.092186 18.1391 0.22624 -0.16972 -0.0273007 -0.102124 -0.12918 0.402816 0.0628623 0.0291836 0.044266 -0.3579 0.156872 0.164726 0.00426668 -0.203216 -0.135212 0.0171461 0.288743 0.0527162 0.0279824 0.00131886 0.0549433 -0.0605921 0.0471747 0.0330241 -0.102828 0.0818854 -0.00707634 0.12436 -0.00980067 -0.0149801 0.15199 0.0462433 0.0531945 0.146828 0.174681 1.36894 0.47133 0.692261 0.0614539 -0.00727629 0.151261 -0.0412049 -0.0573378 0.491453 -0.196363 -1.43237 0.216532 0.700239 -0.00261943 -0.0526077 -0.663999 -2.02127 -0.821112 0.159428 -0.319156 1.35614 2.20846 1.81865 -0.138198 -6.40245e-10 -1.53272 1.49251e-08 -0.158531 -0.0069634 0.00321173 0.825951 0.32217 1.77288 -1.44366 -2.11092 -0.837256 -1.48574 0.854608 0.927108 -0.165384 0.821526 0.566027 0.736963 -0.0444499 0.0457874 -1.12465e-09 1.34127 0.652074 0.164487 -0.938006 -0.456674 6.01912e-09 -0.452925 4.16543e-10 0.200277 1.05843 0.858367 0.360624 -0.601615 1.50651 -0.788274 5.30822e-09 0.783206 -6.34782e-10 0.162445 0.716696 -0.0696077 0.0191453 7.38178e-11 -0.370877 0.475767 0.35687 0.906193 18.1292 0.0220873 -0.292241 1.20565 0.0449822 0.00709362 0.032622 0.00439907 0.0191059 0 0.0184472 0.0104818 0.0969326 0 0 0.0598965 0 0.0745572 0 0.0966748 0.085241 0.0369025 0 0.299109 0.00314709 0.313267 0 0.402446 0 0.426723 0.0212263 0.23704 0.02182 0.371083 0.122427 0 0.108257 0 0.158927 0 0.00169315 0.00117888 0.0579935 0.0818724 0.0241185 0 0.440321 0 0.044971 0.0498514 0.00372714 0.0303558 0.020678 0 0 0.0469093 0.0150539 0 0.0128744 0.0141873 0.0117628 0 0.00521687 0 0.0423601 0.0130962 0 0.0231067 0.00347575 0.01709 0 0 0.0203699 0.0135783 0 0.0482933 0.0962865 0.256026 0.0728108 0.0358761 0 0 0.0182422 0.00855325 0.0555342 0.0386021 0.0059114 0 0.03203 0.101727 0 0 0.0353534 0.00195989 0.0300173 0 0.0273218 0 0.0254101 0.00405847 0 0 0.015922 0 0.0150998 0 0.00856139 0 0.107996 0.47678 0.00296333 0.237072 0 0.0279155 0.000239387 0 0.0565746 0 0.0502307 0 0.135879 0 0.195715 0.334742 0.063661 0 0.00339778 0 0 0 0.0110017 0.0729608 0 0.23597 0 0.346227 0.0463673 0.176815 0.00334224 0.0207692 0.104771 0.00380914 0.00651242 0 0.0238213 0.200689 0 0.0739371 0.0614295 0 0.0222484 0 0 0 0.0263699 0.000405047 0 0.0492563 0.00774879 0.0479747 0 0.301686 0 0 0.0901346 0.111588 0.0287191 0 0.043839 0 0.0814626 0.19224 0.00935045 0.293607 0.0373519 0.531584 0.0494183 0.0887384 0.0575114 0.101 0 0.0157752 0.0038012 0 0 0.03017 0.143924 0 0.00171165 0 0.191533 0.364172 0.316753 0.0718266 0.0786637 0.120178 0.0904356 0.000976339 0 0 0.169949 0.00166017 0.25395 0 0.038228 0.102891 0 0.742236 0 0.698017 0 0 0 0.00605189 0.0198072 0.226362 0.193688 0 0.209718 0 0.495958 0 0.406953 0 0.038618 0.0226284 0.295072 0.00420357 0.194029 0.156063 0.0740893 0.00596477 0.108306 0 0.00664025 0.0421224 0.23726 0.0864165 0.0107327 0 0.0853718 0 0.0556106 0 0.0262484 0.206238 0.147957 0 0 0.0534153 0.147544 0.2143 0.00693765 0.0033522 0 0.268743 0 0.191672 0 0.0977514 0 0 0.0822257 0 0.0142729 0.0977074 0 0 0.0176492 0.0722264 0 0.0793876 0 0.0380727 0 0.203455 0 0.0261756 0.00842215 0.0640112 0 0.0949747 0 0.0965879 0 0.296374 0 0.43318 0 0.520161 0 0.017789 0.133097 0.00723984 0.0337467 0.0351728 0.01004 0.0285421 0.159195 0 0.00898713 0 0.0218774 0 0.0539448 0 0.07776 0.15266
200 14.5283 -0.00854578 -0.180263 -0.0735596 0.353928 -0.104794 18.185 0.297135 -0.157231 -0.0335967 -0.0947059 -0.187323 0.397369 0.0843214 0.0174026 0.0439135 -0.352978 0.147515 0.173626 0.0144074 -0.335506 -0.0470439 -0.117386 0.314505 0.0822359 0.0128324 0.00907365 0.0597299 -0.0382424 0.0509291 0.0319272 -0.100919 0.18496 0.0202764 0.141194 -0.0972205 -0.0447022 0.152174 0.0391773 0.0526547 0.141985 0.159661 1.39728 0.511125 0.673712 0.0964707 -0.0283032 0.15133 -0.0387708 -0.0571528 0.449748 -0.158741 -1.42175 0.186802 0.689152 0.0106215 -0.0909768 -0.367607 -0.0660702 -0.288098 0.284523 -0.422909 1.35662 1.86498 0.161911 -0.419311 0.416008 -2.08751 0.0527301 -0.168839 0.110722 0.148717 0.10528 -0.363987 -0.241642 0.544512 -2.89049 3.58679 -2.54128 0.448252 0.644284 -0.560819 0.410114 0.142657 0.542579 0.0736404 -0.0495498 -7.93218e-10 1.86851 0.788711 0.470597 -1.33052 -0.559857 7.83065e-09 -0.372706 5.83245e-10 0.126219 -0.00959623 0.459814 0.191185 -0.980165 1.0294 -0.299311 6.51179e-09 -0.0827026 -6.43176e-10 -0.501707 0.374756 0.806232 -0.116836 0.110304 0.835893 -0.527076 0.357859 0.894949 18.1696 0.0319642 -0.3879 1.2121 0.0354225 0.00615575 0.0249434 0 0.00625262 0 0.0557538 0.018673 0.188391 0 0 0 0 0 0 0 0.0867053 0.0466644 0.0212743 0.276543 0.0496405 0.302678 0.0424094 0.380735 0.056054 0.411906 0.11293 0.203955 0.129526 0.322199 0.141427 0.00277406 0.135127 0 0.166619 0 0 0.00549259 0.0607058 0.171718 0 0 0.317194 0 0 0 0.000611894 0 0.0216957 0 0.000435799 0.0481406 0 0 0.00648832 0.00497895 0.00385324 0 0.00277957 0 0.0296881 0.032041 0 0.00173642 0.00209679 0.0154377 0 0 0 0.00644556 0 0.0236549 0 0.133557 0.060381 0.0578347 0 0 0.01729 0.0127471 0.048547 0.0539327 0.0175232 0 0.0252741 0.105909 0 0.000455967 0.0209054 0 0.0146835 0 0.0185392 0 0.0301728 0.0350052 0 0 0.028385 0 0.026792 0 0.0126262 0 0.0720414 0.193538 0.0522657 0.546541 0 0.0110478 0 0 0.00469269 0 0.043359 0 0.14412 0 0.113692 0.19793 0.0242426 0 0 0 0 0 0 0.0763419 0 0.134656 0 0.212988 0.041477 0.189042 0 0.013324 0.0951228 0.0172986 0 0 0.0224714 0.142508 0 0.00625923 0 0 0.00451851 0 0 0 0 0 0 0.0366279 0 0.0439432 0.0429472 0.216041 0 0 0.103151 0.108121 0 0 0.0146756 0 0.0467006 0.0832283 0 0.188639 0.00149873 0.249709 0 0.121871 0 0.123235 0 0.00638879 0 0 0 0 0.138413 0 0 0 0.148581 0.30231 0.135622 0.0476293 0 0.130504 0.125973 0 0 0 0.0876757 0 0.158948 0.00576026 0.0973848 0.211074 0 0.6157 0 0.594567 0 0 0 0.0114494 0 0.133117 0.169049 0 0.114757 0 0.333757 0.081956 0.191927 0 0 0 0.127549 0.00428196 0.156496 0.297215 0.0568798 0 0.0501687 0.126066 0.0654643 0 0.183028 0.0907126 0 0 0.0321819 0 0.0192013 0 0.0268524 0.113521 0.141206 0 0 0.0427727 0.150597 0.403335 0.00435071 0 0 0.213096 0 0.127299 0 0.0256275 0 0 0 0.00487958 0 0.135609 0 0 0 0.112235 0.00764298 0.0305228 0.000392734 0.024281 0.0398498 0.0774977 0.00630931 0.00211424 0.00308009 0.0311929 0.0131792 0.043649 0.0114047 0.0413221 0.00133955 0.245778 0 0.371139 0 0.430329 0 0 0.0936942 0.143958 0.110434 0.00929536 0 0.00448918 0.148515 0.009396 0.0318297 0.0321197 0.00845172 0 0.0234858 0 0.0398662 0.12352
201 14.5616 -0.0234388 -0.180377 -0.0817387 0.354793 -0.118321 18.2307 0.331897 -0.151169 -0.0473332 -0.0253036 -0.262315 0.397367 0.0843863 0.00406339 0.0253947 -0.338446 0.131043 0.16168 0.0259297 -0.148094 0.000400565 -0.0464567 0.0388144 -0.195207 0.00627739 0.0117545 0.0567259 -0.0304186 0.0543991 0.0349729 -0.100769 0.206413 0.0417654 0.159421 -0.115713 -0.0611516 0.151869 0.0508879 0.0535492 0.12857 0.154682 1.40664 0.481518 0.650284 0.0834934 -0.00865125 0.151307 -0.0395871 -0.0572148 0.448881 -0.144875 -1.38982 0.191336 0.691542 0.032157 -0.0723373 -0.547426 0.288459 -0.041312 0.293405 -0.349327 1.30816 0.86377 0.17741 -0.550203 2.37733 -1.17893 -0.208316 -0.594784 -1.3821 -1.90143 0.489184 0.31632 -0.0954787 -0.00894774 15.7269 -3.77021 -2.45738 -12.93 -6.90024 0.0242434 0.219581 -0.254483 0.12326 0.0994892 0.0184144 -2.06962e-09 1.70873 0.836043 0.373333 -1.82091 -0.699785 7.46927e-09 8.64447e-10 7.82089e-10 0.649278 0.273469 0.0289872 -1.23529 -0.581504 -2.03723 0.27413 1.99584e-09 -0.30899 -4.40929e-10 -0.270841 0.254252 1.22805 -0.0167105 0.0703132 0.506079 0.123413 0.359155 0.881906 18.2104 0.0615538 -0.322433 1.22361 0.0182155 0.0105556 0.00940285 0 0.00298708 0.000699217 0.0191782 0.00116786 0.0757799 0 0 0.0966892 0.0031941 0.0832056 0 0.0859854 0.0673492 0.0755072 0 0.195343 0 0.19307 0 0.280727 0 0.288556 0 0.0997012 0.0035289 0.191751 0.0629443 0 0.0822237 0 0.15107 0 0 0.000282673 0.0202291 0.292137 0.00147354 0 0.300915 0 0 0 0.00191862 0 0.047332 0.0175986 0.000485562 0.0269357 0.00479269 0 0.0115691 0 0.0190462 0 0.00386451 0 0.00266395 0.00229964 0 0 0.000756221 0.00611895 0.751226 0 0.754696 0 0.744736 0 0.812897 0.0735546 0.0257679 0.0243724 0.750548 0 0.00924117 0.0142824 0.0257667 0.0340948 0.00729675 0.00847294 0.00232472 0.0435459 6.7814e-05 0.000682632 0 0 0 0 0 0 0 0.0878084 0.000100628 0 0 0 0 0 0.0222309 0.0219847 0 0.242723 0 0.60442 0.0444474 0.0145244 0.0686458 0 0.127377 0 0.0728538 0 0.134912 0 0.0805272 0.308918 0.0813999 0.0298592 0.0438805 0 0.0425524 0.00456181 0.0345542 0.06798 0 0.169608 0 0.253615 0.00326326 0.118642 0 0.0117931 0.0632135 0.0155602 0 0 0.0145124 0.154836 0 0.131659 0 0 0.00165937 0 0.00208567 0.0131338 0.0114911 0.00369007 0 0.0254655 0 0.0379549 0.0484589 0.352634 0 0 0.0578341 0.0736138 0.01378 0 0.0262988 0 0 0.098018 0 0.152408 0 0.177262 0.389369 0.0983992 0.388786 0.100961 0 0.0132167 0 0 0 0 0.141491 0.0153557 0 0 0.123849 0.225573 0.287742 0.0468255 0.0700152 0.124241 0.0617931 0 0.00148804 0 0.146993 0 0.18542 0.00238905 0 0.0143097 0 0.620828 0 0.592771 0.0164232 0 0.00798545 0.00629782 0.00885548 0.143511 0.142903 0 0.100478 0 0.268237 0.0759685 0.168795 0 0 0 0.127031 0 0 0.291587 0.0486471 0 0 0.228687 0 0.0546275 0.13533 0.010318 0 0 0.0226708 0 0 0.0168787 0 0.125648 0.0807461 0 0 0.0376036 0.00259432 0.392917 0.0194892 0.00542143 0 0.215588 0 0.146705 0 0.0845096 0.922098 0 0 0 0 0.0588488 0 0 0 0.0360515 0.0218666 0.0204101 0.0198492 0.0102874 0.062243 0.0741981 0.0149077 0.0081781 0.019316 0.0295625 0.0299932 0.0413245 0.027571 0.0417392 0 0.208148 0 0.339114 0 0.411331 0 0 0.105098 0.0872079 0.070522 0.0106156 0 0.0459705 0.113094 0 0.0197368 0.0167829 0.00828817 0 0.0479401 0 0.00233003 0.150538
202 14.595 -0.00699898 -0.16345 -0.0624242 0.358904 -0.128447 18.2734 0.284339 -0.152559 -0.0834755 0.120563 -0.307238 0.388143 0.0682566 0.0254176 -0.0664636 -0.398888 0.144177 0.128851 0.142721 0.0776259 -0.0833773 -0.0533181 -0.190506 -0.38984 -0.00203478 0.0231977 0.0226797 -0.0617583 0.0425649 0.0467423 -0.102664 0.114667 0.0514095 0.183541 -0.0464467 -0.0706706 0.152004 0.0457053 0.0531535 0.071919 0.0920672 1.42707 0.461081 0.70355 0.124868 0.118408 0.151507 -0.0276476 -0.0550657 0.268403 -0.0997107 -1.39715 0.0327542 0.625886 0.0930989 -0.0401918 0.290194 0.587666 0.603112 0.407955 -0.253932 1.30123 -1.2011 -0.174064 -1.06512 4.27055 0.285189 -0.26263 -0.70673 -3.38094 -4.60759 -1.07819 0.205213 -1.10404 3.51614 4.57088 -0.540718 0.597871 -7.93117 -6.29997 -0.112378 0.281961 -0.873245 -0.887163 -0.397275 0.227825 -1.93349e-09 -1.48535 4.69163e-10 0.54545 0.84401 -0.16588 7.6123e-09 -0.484934 5.11049e-10 -0.23616 -0.877572 0.0569645 0.262944 3.81444e-10 1.86771 0.504806 5.82235e-10 -1.12759 -3.75657e-10 -0.0842626 0.52012 0.478585 -0.106126 0.0668763 3.67105 -0.194017 0.362197 0.872358 18.252 0.12001 -0.241293 1.26695 0 0.0272341 0 0 0 0.0073381 0 0.0730704 0.0398342 0.0891559 0.00098841 0.0172227 0 0.0851401 0 0.145299 0.0204625 0.0768709 0.0228363 0 0.044518 0 0 0 0.0437164 0.118876 0.0619435 0 0 0 0.0116172 0 0 0 0 0 0 0.0037571 0.104126 0.176278 0 0 0.00100715 0 0 0.0351328 0.11375 0.0374536 0.0180583 0 0 0.00985629 0 0 0.00604452 0.013387 0 0 0 0 0 0 0.0383527 0 0 0 0.332002 0 0.256783 0 0.270338 0 0.214579 0 0 0 0.306364 0.00329473 0 0.00786064 0 0 0.0260382 0.0621857 0.0260991 0.0105684 0.00277514 0.0010422 0.0294411 0.0820279 0 0.00616923 0.00838295 0.103889 0.0044996 0.200725 0.0857017 0.118947 0 0.0275143 0 0.0774664 0.0498568 0.0675672 0 0.302809 0 0.582746 0.00857326 0 0 0 0.0264364 0 0 0 0.267997 0 0 0.650615 0.019069 0.161553 0.0921515 0 0.0028975 0.0120423 0.0508509 0.0696323 0 0.102666 0 0.354142 0 0 0.0082386 0 0 0 0.0118967 0 0.140054 0.399266 0 0.111643 0.00885637 0 0 0 0 0 0 0.0345892 0 0 0 0 0.166692 0.530885 0.000589773 0.0035047 0.0617389 0.324706 0 0 0 0 0.24867 0.233508 0 0.00657913 0 0 0.0620486 0.0415399 0.0753971 0.0233839 0.0542067 0.0153361 0.0323838 0 0 0 0.07528 0 0.001194 0 0 0.0995488 0.225427 0.158017 0.0956441 0.226448 0 0.165024 0 0 0.0264332 0.0178684 0.192547 0.023223 0.0916436 0.164298 0.120049 0.633562 0.0872626 0.498237 0 0 0 0 0 0.193049 0.203233 0.0592842 0.106529 0 0.0749562 0 0.0115856 0 0 0 0.0621919 0.0653095 0.0260981 0.114993 0 0 0 0.501197 0 0 0.313778 0.116295 0 0 0.00664566 0 0.0220788 0 0.131347 0.296907 0.00426436 0 0 0 0 0.158114 0.00266487 0.118204 0 0.17442 0 0.189227 0 0.206756 0.649212 0 0 0.339564 0 0.0489013 0 0 0 0.0344489 0.00956529 0 0.0445273 0 0.1065 0.166197 0.0570933 0 0.00214636 0 0.00790258 0.0758969 0 0.0721573 0.0458271 0.631921 0.141551 0.274617 0.076716 0.270725 0 0.00852598 0.22271 0.247041 0.175493 0 0 0.0105794 0.135182 0.0665754 0.015958 0.0473941 0 0 0 0 0.123264 0.246955
203 14.6283 -0.00716676 -0.123149 -0.0701174 0.36363 -0.132225 18.3206 0.21991 -0.165599 -0.0919878 0.32246 -0.120365 0.391785 0.019241 -0.331698 -0.471488 -0.39344 0.130435 0.118298 0.2044 0.203649 -0.116256 -0.0298427 -0.271373 -0.40882 -0.0206009 0.000317542 0.0207189 -0.0596531 0.0370181 0.0560788 -0.103508 0.123386 0.0348007 0.194542 -0.0719771 -0.0416311 0.152468 0.0277526 0.0517811 0.126486 0.188342 1.40425 0.322312 0.566114 0.0360637 0.0357921 0.152413 -0.0514232 -0.0568288 0.370413 -0.127266 -1.35694 0.107117 0.701556 0.0665689 -0.0674356 -0.950018 1.75247 0.111549 0.335892 0.0790696 1.35975 -1.23429 0.604096 -0.135549 5.73685 7.10166 -1.21448 1.18041 -9.24175 -10.5742 1.10108 0.515149 -0.554248 2.33476 -3.71942 -2.38902 1.05525 4.02093 4.84464 0.944346 0.426315 0.199796 -0.47687 -0.611539 -0.688347 -2.66389e-09 4.30708 -0.507766 0.0995618 -4.66172 1.33487 6.38103e-09 1.867 9.29317e-10 0.319751 -1.64281 -0.105258 -1.50866 -0.114791 -4.29903 -1.24296 1.21926 -7.1298e-10 -1.23848e-10 0.394145 -1.62814 1.9107 0.218328 1.6023e-11 -1.27264 -0.549525 0.366175 0.868362 18.2958 0.132281 0.0687281 1.3165 0.00546141 0.0214447 0.0187827 0.0225352 0.0165969 0.0293385 0.00676646 0 0 0.188956 0.365702 0.107908 0.321811 0.0906619 0.316059 0.0859951 0.0394079 0.0282812 0 0.0148428 0 0.0337994 0.00361692 0.032346 0 0.0202334 0 0.0887481 0 0.0645501 0.0116828 0.0479245 0.0382889 0.0342816 0.0894449 0.0279317 0 0.00264604 0.0267271 0.244654 0 0 0 0.242214 0 0 0 0 0.0336029 0 0 0 0 0 0 0.0378026 0 0 0 0 0.015854 0 0.0318588 0.00684166 0.0145334 0 0.0938096 0 0.0743154 0 0.094427 0 0.179092 0.0382877 0.0343236 0 0.109 0.0266829 0.00294889 0 0.0249238 0 0 0.029215 0.0536005 0.0209816 0 0.000612188 0 0 0 0 0 0 0 0.127693 0 0.139719 0 0 0 0 0.0218122 0.0623032 0 0.1048 0.101276 0.391418 0.110443 0 0.0701898 0 0.100597 0 0.0261615 0.0129745 0.0603707 0.0233021 0.100929 0.0713273 0.134154 0 0.136765 0 0.0810196 0 0.0296151 0 0.0183693 0 0.017481 0 0 0 0 0 0.00372649 0 0 0 0.0411693 0.119658 0 0.128147 0 0 0 0 0.0519471 0 0.0408785 0.166061 0.00224061 0 0.00497315 0 0.164271 0.363608 0 0.00544723 0.0127702 0.16091 0 0 0 0 0.0702815 0.0395941 0.0822501 0.0884492 0.156901 0.110892 0.0674513 0.0554121 0.0681169 0.0568106 0.00506985 0 0.00289274 0 0 0 0.0526419 0 0 0 0 0.345538 0 0.597987 0.0899085 0.330577 0 0.213281 0 0.00433534 0 0.310285 0 0.378572 0 0 0.123118 0 0.117367 0 0.0330264 0.00564562 0.00680292 0.0114404 0.0299474 0 0.0809281 0.0712835 0.0305388 0.0176966 0.00573312 0 0 0.253662 0 0 0 0 0.0524547 0.201036 0.00229955 0 0 0.12089 0 0.100613 0.228643 0 0 0 0 0 0 0 0.0235662 0.0603996 0.00805352 0 0 0 0.0180744 0.242634 0.0272082 0.00220064 0.0208301 0 0.0121534 0 0.040309 0.10063 0.215527 0 0 0 0 0.0218 0 0 0 0.0260149 0.131302 0.0226604 0.149412 0.00665992 0.459269 0.312739 0.198217 0.038701 0.157304 0.114194 0.245357 0.16593 0.217071 0.118579 0.0145434 0 0.0140905 0 0.0107864 0 0.00355515 0 0.327315 0.205973 0.40598 0 0.127761 0 0 0.188009 0.0391887 0.00206718 0 0 0 0 0.00632797 0.134559
204 14.6616 -0.0352112 -0.0890795 -0.0653929 0.369283 -0.124462 18.3641 0.09994 -0.150436 -0.10479 0.614886 0.215376 0.332793 -0.0248359 -0.415085 -0.614556 -0.328247 0.137641 0.0978557 0.235988 0.133265 -0.153986 -0.0134668 -0.282497 -0.378 -0.00348373 0.00543083 0.018062 -0.0530413 0.0250102 0.0457758 -0.103877 0.146981 0.0330211 0.205762 -0.117348 -0.0414411 0.151843 0.0518802 0.0536249 0.162634 0.240328 1.38642 0.196969 0.614719 -0.0629448 0.0598654 0.152129 -0.0512252 -0.0568216 0.347344 -0.118242 -1.32809 0.165834 0.699729 0.0313641 -0.0572017 -1.0002 1.3372 -0.0371502 0.255618 0.248951 1.32223 -3.06621 0.00497581 0.253659 7.27171 12.6772 -1.42511 0.356186 2.03674 -3.58969e-08 2.66767 0.137985 -0.153507 -0.125087 -1.57131 -1.47815 0.672053 -1.29746 -0.167934 0.216607 -0.118369 0.100969 0.670861 -0.13035 -0.172068 -1.51117e-09 -0.735745 -0.0979048 0.401467 -0.0088325 0.121834 5.86892e-09 1.08947e-09 4.43464e-10 -0.72452 -0.861181 0.0938387 0.0845281 5.45659 -2.4315 1.87758 3.78238e-09 0.0332473 -5.01733e-11 -1.17007 -1.10624 0.801226 0.219608 -0.285615 -1.17298 0.196154 0.370222 0.875955 18.3395 0.118992 0.280566 1.30068 0.0133395 0.0251632 0.0044035 0.0162488 0.00689133 0.0177648 0.00582681 0.00826665 0 0.0255882 0 0.214205 0 0.200982 0 0.203969 0.0146388 0.180031 0 0.0593489 0 0.0659169 0 0.0963983 0 0.0749517 0 0.0604204 0 0.0502813 0.00620237 0.000300863 0.0252916 0 0.0742571 0 0 0.00592682 0 0.297306 0.100851 0 0.0361223 0 0 0 0.000167083 0 0.0314819 0.0401516 0 0 0.00319026 0 0.0410963 0 0 0 0 0 0 0.00317856 0.0623123 0 0.0205754 0 0.0500906 0 0.0337235 0 0.0523314 0 0.117428 0.0181403 0.0147423 0.00909353 0.0698365 0.0521649 0 0.0357396 0.0133505 0.0372406 0 0.143922 0.0913084 0 0 0 0 0 0 0 0 0 0.00631222 0.0653825 0.023883 0.0540198 0 0.00981838 0 0.0130263 0.0239053 0.0736561 0 0 0.0642534 0.05672 0.160801 0 0.0860321 0 0.0981779 0 0.0123498 0 0.0457045 0 0.216292 0.0520213 0.241189 0 0.209241 0.00736903 0.121146 0 0.0374219 0 0.0478398 0.00616329 0.0522972 0.0051388 0 0 0 0 0 0 0 0 0.142096 0.165136 0 0.21296 0.0466132 0 0.00309415 0 0 0 0.0518985 0.0756133 0 0.000968027 0 0 0.227203 0.42334 0 0.00338315 0.03173 0.114156 0.00153672 0 0.0195621 0 0.186562 0.206837 0.0558296 0.0121011 0.123295 0.0426772 0.0489574 0.0112581 0.0504423 0.0116827 0.000326723 0 0 0 0 0 0 0 0 0 0 0.120444 0.0814911 0.13935 0.0729717 0.095008 0 0.0640824 0 0 0.040142 0.00712721 0.0594247 0 0.00734797 0 0.0646759 0.245888 0.0246723 0.237359 0 0 0 0 0 0.0282803 0.140445 0 0.135428 0 0.0478059 0 0.00239858 0 0.0431514 0 0.0208029 0 0 0.219844 0.00388584 0 0 0 0 0.00368296 0.249988 0.119503 0.00443367 0 0.0329298 0 0 0 0.143 0.245432 0 0 0 0 0 0.261397 0.0406741 0 0 0.051356 0.0260711 0.026573 0.126843 0.187765 0.199395 0 0 0 0.00825051 0.0102423 0.0569755 0.0299647 0.00530924 0.0235218 0.0667897 0 0.0686524 0 0.230704 0.19585 0.100128 0.0502396 0.0785096 0.0503515 0.11515 0.0945247 0.105576 0.0249232 0 0.0940563 0 0.0679973 0 0.0596146 0 0 0.106294 0.00565962 0.050414 0.00707507 0.029304 0.0554665 0.0275717 0 0.0101937 0 0 0 0 0 0.114604 0.208429
205 14.695 -0.0429922 -0.0786853 -0.045506 0.374769 -0.114917 18.405 -0.048538 -0.11785 -0.123199 0.830317 0.488835 0.15409 0.0162416 -0.074199 -0.387147 -0.226303 0.154375 0.0649566 0.161249 0.113733 -0.173632 -0.00470377 -0.295834 -0.401877 0.0197768 0.0309766 -0.0044944 -0.0802106 0.00253955 0.0407979 -0.101235 0.0299343 0.048225 0.223751 -0.0186384 -0.0545631 0.151843 0.0518802 0.0536249 0.156653 0.203183 1.39214 0.162507 0.701634 -0.0159453 0.0793371 0.15319 -0.0123805 -0.0538442 0.275483 -0.150539 -1.31991 0.125915 0.68892 0.0513199 -0.0952571 -0.0842076 0.391684 0.347956 0.221314 0.22466 1.185 -4.12898 0.78399 0.296678 4.3382 4.78765 -6.88104 5.33285 10.9126 8.44419 3.04716 0.350944 -0.414292 -2.55482 -0.34246 -0.63251 0.243266 -2.19663 -3.12576 0.707959 0.389636 -0.346932 -0.875425 -0.477238 -0.220608 -1.83852e-09 -1.61572 0.274915 0.475581 1.1445 -0.276764 8.69643e-09 2.1218e-10 4.49564e-10 -0.073815 -1.25926 0.0350028 0.398555 3.0327e-10 0.506404 -0.240511 1.58514e-09 0.0682216 -1.17294e-10 -1.01335 -0.809179 0.337888 -0.135412 0.307732 0.544566 -0.881594 0.373764 0.885077 18.3818 0.0988543 0.250842 1.25574 0 0.0360214 0 0 0 0.010153 0 0.0144342 0 0 0 0.0620769 0 0.0873569 0 0.126818 0.0129804 0.033383 0 0.120378 0 0.122344 0 0.311833 0 0.336289 0 0 0 0.026455 0 0.0705869 0 0.0756302 0.0513966 0.013388 0.000204006 0.0206187 0.0103095 0.14632 0 0 0 0 0.0102986 0.00167974 0.126934 0.0945763 0.0152301 0 0 0 0 0 0.019091 0.0215145 0 0 0 0 0.00189119 0.0268067 0.0747355 0.00689635 0.0184521 0.00743039 0.0731441 0 0.0240355 0 0.0526296 0 0.0272267 0.0236021 0.00198373 0.0127742 0.0283476 0.0623633 0 0.00701134 0 0.0167031 0.0202808 0.0385397 0.0719281 0.0387549 0.00142006 0.00050967 0.0801456 0.237999 0.0388618 0.209959 0.0638469 0.258836 0.0549078 0.279356 0.0532618 0.0204176 0.0274259 0.14138 0.0348799 0.305974 0.0294594 0.0139067 0 0.111231 0 0 0.0700939 0 0 0 0.099106 0 0 0 0.167467 0 0.256037 0.000457358 0.34621 0 0.206981 0.00913507 0.068914 0.0103931 0.0211896 0.0646509 0 0.0856051 0 0.0406842 0 0 0 0.0245552 0 0.0225856 0.0107778 0 0.15059 0.215651 0 0.100497 0 0 0 0 0 0 0 0.0545161 0 0.040888 0 0.0774377 0.244806 0.486311 0 0.00250442 0.0373619 0.0879091 0 0 0 0 0.269741 0.124773 0.0159974 0.0118899 0.0130031 0.188621 0.0561051 0 0.0690198 0 0.0333533 0.101224 0.0229303 0.024817 0.00472714 0.0282098 0.0522025 0 0.00351561 0 0 0.0760447 0.100761 0.170558 0 0.0265844 0 0.018599 0.048252 0.0293417 0.00911567 0 0.074272 0.0297425 0.0314383 0.0154699 0.205395 0.307166 0.0157221 0.359117 0 0 0 0 0 0.210683 0.143541 0.0987428 0.00891434 0 0.0795322 0 0.00275739 0 0 0 0.0509075 0.0345182 0 0.188876 0 0 0 0.109901 0 0 0.190435 0.154725 0 0 0 0 0.0154129 0.0109218 0.193941 0.183668 0 0 0 0.0635555 0 0.317581 0.0687983 0.049721 0 0.240629 0 0.084389 0.0546611 0.0432421 0.192092 0.209136 0 0.774355 0.00506337 0.0395118 0 0 0.00916052 0.0872324 0.0640647 0 0.0514263 0 0.140168 0.17786 0.114965 0 0.00926425 0 0.0171339 0.0841562 0 0.0401991 0.00147599 0.317444 0.0747562 0.153344 0.00321503 0.217026 0.00762114 0 0.204116 0.146226 0.110935 0 0.00412031 0.0450848 0.0282621 0.0638779 0.0167452 0.0313361 0 0 0 0 0.12541 0.163961
206 14.7283 -0.0358091 -0.0537748 -0.0683921 0.376227 -0.1047 18.4454 -0.148758 -0.0903553 -0.0695497 0.872301 0.266277 -0.174819 0.115252 0.0401322 -0.341922 -0.133765 0.175046 0.0809455 0.0643106 0.105541 -0.215951 -0.00421418 -0.238857 -0.39668 0.0288505 0.0238032 0.00730261 -0.11178 -0.0160962 0.0481587 -0.101271 0.0341884 0.0516621 0.240878 -0.0284103 -0.0376958 0.151884 0.0503341 0.0535069 0.251171 0.243075 1.36417 0.126615 0.677419 -0.0184566 0.055971 0.152884 -0.0237105 -0.0546979 0.240195 -0.12089 -1.3276 0.142199 0.700677 0.0780761 -0.0507026 0.296313 0.901911 -0.929662 0.0571039 0.235283 1.22648 -2.54181 0.124923 1.9851 -0.439165 -5.69253 -6.59178 2.09862 2.14952 -0.156897 2.55455 0.0408715 1.03145 -3.00348 -0.103208 -1.06326 -0.109592 1.25707 0.653162 0.109123 -0.457113 0.372802 -1.0132 -0.360149 0.453928 -1.5909e-09 -0.701343 3.5884e-10 0.446219 0.684091 0.611044 1.15068e-08 3.08842e-10 5.37651e-10 0.0576678 -1.06854 -0.20349 -0.606557 1.1858 -1.23257 0.340203 1.4174e-09 -0.335388 -1.10038e-10 -0.74296 -0.138491 -0.135174 -0.0134772 7.17913e-11 0.393548 0.43816 0.37633 0.893706 18.4231 0.0649137 0.221408 1.2297 0.0153704 0 0 0 0.0284693 0 0 0 0.0476516 0.00226856 0.0756674 0 0.062592 0.000822842 0.0455573 0.0411709 0.0129327 0.0520419 0 0 0 0 0 0.0676194 0 0.104701 0 0 0 0 0 0.0653932 0 0.0907838 0.0286378 0.0955926 0.00586978 0.0272865 0.0459715 0.222388 0 0 0 0 0.0675385 0.0649733 0.122176 0.069862 0 0 0 0 0 0 0.00784012 0.0176007 0 0 0 0 0.00384139 0.0543606 0.057038 0 0.0179014 0.00993852 0.00409064 0.133978 0.086133 0 0.0491685 0.0196236 0.0269048 0 0.011834 0.0285405 0.0261629 0.0485657 0.00238167 0.0166617 0.0028731 0.0331012 0.00765668 0.036744 0.0663645 0.040826 0.000428833 0.000123284 0.19034 0.100287 0.132381 0.0491327 0.155049 0.107031 0.134857 0.0869532 0.0185206 0 0.111532 0 0.114111 0.0833427 0.0156897 0 0 0.197974 0 0 0.0770129 0.0396833 0 0 0.0678227 0 0 0 0.0405032 0 0.371057 0.147342 0.441145 0.0380207 0.243392 0.186408 0.0593704 0.0118901 0 0.0578144 0.104356 0.155402 0.219661 0.0812463 0 0 0 0 0 0.0228831 0.00842965 0 0.123953 0.207494 0.0227537 0.0964403 0.00952565 0 0 0 0.00823901 0 0.0623485 0.0854529 0 0.00993309 0 0.0383609 0.229817 0.504207 0 0.00299299 0 0.033054 0 0 0 0 0.212331 0.122363 0 0 0 0.064391 0.0101155 0 0.022466 0 0.0278998 0.0671851 0.00278331 0 0 0 0.0493367 0 0 0 0.0467897 0 0.279361 0.119367 0.0250264 0.206207 0.0845603 0 0.00318193 0 0.0936734 0 0.14494 0.0188107 0.0438859 0.0269341 0.306343 0.164631 0.0671734 0.194105 0 0.00501626 0 0 0 0.110842 0.112992 0.10116 0.0282964 0 0.0534738 0.0908544 0.00361919 0.0200679 0 0 0.0740804 0.0490347 0.0268582 0.310091 0 0 0.0726156 0 0 0 0.208986 0.120117 0 0 0 0 0.0359291 0 0.147196 0.173609 0.010316 0.0160018 0 0.030366 0 0.459355 0.104387 0.0837027 0.0289249 0.076424 0.0753041 0.0588705 0.0416823 0 0 0.348022 0.135835 0.0260713 0.0257383 0.107235 0 0 0.0221466 0.147012 0.0133427 0 0 0 0.0340376 0.0126189 0.0134152 0 0 0 0 0 0 0 0.0119059 0.219886 0.073999 0.09329 0.0611382 0.134283 0.0158875 0 0.241845 0 0.0650558 0 0.0652475 0.0374667 0.0809293 0.0282789 0 0 0 0 0 0 0.129031 0.188546
207 14.7616 -0.0148318 -0.0203506 -0.0669519 0.378225 -0.100166 18.4862 -0.242801 -0.0948006 -0.0618419 0.83553 0.158028 -0.289698 0.106761 -0.0759133 -0.320481 -0.060122 0.161618 0.0717604 -0.0234369 0.0945382 -0.232192 -0.00914296 -0.286746 -0.497435 0.00518826 0.00061666 -0.00254028 -0.118324 -0.0294476 0.0489122 -0.100831 -0.047177 0.0454286 0.233431 0.033866 -0.0303097 0.151884 0.0503341 0.0535069 0.310991 0.203176 1.34882 0.192599 0.697392 -0.0355792 0.0234974 0.150761 0.011421 -0.0520637 0.289692 -0.228181 -1.30749 0.0904073 0.700473 0.068961 -0.0743915 0.5005 1.20607 0.273109 0.0830979 0.0388304 1.20652 -2.5048 -0.195599 -0.083235 -1.69384 -2.42 -1.49591 -0.453884 -5.89577 -0.508321 1.79408 -0.715662 -0.319403 -1.7239 -0.605898 -0.436443 0.0607828 -0.953243 -2.60899 -0.571616 -0.802291 -0.443219 -0.191944 -0.643458 -0.150637 -6.56085e-10 -0.201997 -0.282832 -0.273956 -0.263706 0.220086 3.18649e-09 6.92927e-11 1.50243e-10 -0.707502 -1.11163 0.148421 0.372691 -0.649748 0.994489 -0.904018 1.26901e-09 0.267693 -1.64796e-10 0.4974 -0.599343 0.294263 -0.250931 5.66352e-10 0.564175 -0.780473 0.378211 0.897001 18.4642 0.0514801 0.0229179 1.23517 0 0 0 0 0.0019416 0.00684054 0.000814639 0 0 0.0155221 0.00286148 0.0202604 0.0333294 0.0217945 0.0668398 0 0.0221374 0.00732065 0 0.0167386 0 0.0719949 0.00973855 0 0.0277188 0.060263 0 0.00567146 0 0 0.027052 0.0187288 0.0395783 0 0.0888439 0 0.00553571 0.00911237 0.0129024 0 0 0.0792482 0 0.00327631 0.0379051 0.110233 0.0653278 0.162905 0.0386676 0.00688159 0 0 0 0.00875276 0.0238751 0.0281149 0 0 0 0 0.016173 0.00583764 0.0345715 0.0764659 0.0149724 0.0201771 0.0250379 0.160131 0 0.125744 0.00813443 0.142246 0.0394926 0.141816 0.000313208 0.0101324 0.0946498 0.123269 0.00218117 0 0.00404617 0.00309082 0.0319475 0.0040771 0.0401919 0.0899656 0.000134846 0.000745861 0.100587 0.0818803 0.0315306 0.0590206 0.117589 0.069684 0.0888768 0.0361238 0.0408706 0.00847622 0 0.0718135 0.0754365 0.087116 0.02306 0.0105088 0 0.17328 0 0.0390397 0.0452653 0 0 0 0 0 0 0 0 0.0200013 0.331062 0.0629969 0.374638 0.187897 0.291653 0.132536 0.0380363 0.0192794 0.053225 0.0941652 0.224505 0.0290178 0.327176 0.130922 0 0 0 0.00668153 0 0 0 0.00567543 0.127886 0.126147 0 0.017906 0 0 0 0 0 0 0.0440031 0 0.00148842 0 0.0306829 0 0.185231 0.241723 0 0 0 0.149922 0 0.00717132 0 0 0.0562765 0.218911 0 0.0418493 0 0.0392233 0.0240864 0.105123 0.00661019 0.121089 0.0616126 0.0320055 0 0.0191555 0.00567605 0.00655438 0.0138542 0.026195 0 0.00679436 0.0543363 0.182499 0.207486 0.331876 0.106687 0.103812 0 0.0235737 0 0.0370447 0 0.0410869 0 0.0935489 0.0413629 0.0163684 0.104178 0.0507439 0.202721 0 0.023718 0 0 0 0.198055 0.031285 0.150342 0.0594537 0 0 0 0.247575 0 0.0122571 0 0 0 0.159377 0 0 0 0 0.0275295 0 0 0.0310638 0.204894 0.169 0 0 0 0 0.0237849 0.0255474 0.03742 0.183693 0 0 0.0471599 0 0 0 0.0457786 0.0577478 0.115873 0 0.0418316 0.00817808 0.0593498 0.0629326 0.233907 0.495202 0 0.0403253 0 0.0323743 0.0311135 0.0192127 0 0.0451141 0 0 0 0 0 0 0 0 0 0 0 0 0 0 0.387081 0.0459018 0.168842 0.182171 0.212872 0.203538 0.000949278 0.00785091 0.125534 0.113271 0.0420934 0 0.0120128 0.0243046 0 0.0651706 0.023133 0.0703453 0 0 0 0 0.0434892 0.0482714
208 14.795 0.057786 -0.0457313 -0.054981 0.380506 -0.0999181 18.5207 -0.421032 -0.0441722 -0.0571824 0.774314 0.234174 -0.341515 0.117944 -0.24545 -0.525438 -0.0565268 0.161584 0.0519985 -0.0831241 0.0794216 -0.204169 -0.00898822 -0.0442237 -0.337728 -0.0524298 0.0455217 0.00159766 -0.135512 -0.0433718 0.0168782 -0.103249 0.0584656 0.0480242 0.217223 -0.049537 -0.0120356 0.154139 -0.0452475 0.0232416 0.212481 0.240524 1.40644 0.0625068 0.702478 -0.0209564 0.125803 0.156823 -0.0321399 -0.0542369 0.365501 -0.18322 -1.27314 0.255258 0.691757 -0.103006 -0.0671169 1.72544 -0.881218 0.326967 0.100205 0.0359765 0.98044 -4.8374 1.07966 0.626154 -2.29248 1.43152 -1.19522 0.929502 -9.60223 -7.58371 0.591173 -0.324386 -0.47735 -1.75958 -0.446572 1.319 0.0248147 7.70154 4.74003 -0.888645 1.14373 0.145079 -0.522584 -0.028082 -0.900669 -3.44547e-09 2.01435 0.0290747 -0.405321 -1.19189 0.960717 6.57084e-09 -1.36676 -0.964629 1.36371 0.451729 1.45958 0.190278 1.39735e-09 -0.227763 1.19696 5.05645e-09 0.733473 0.118445 -0.594151 -0.799454 0.289672 0.821573 -1.68168 -4.63489 1.31341 0.379792 0.897107 18.5051 0.0450073 -0.0133371 1.21978 0 0.0171561 0 0.0143889 0 0.0223408 0.045587 0.0518111 0.0369161 0.0808958 0 0.0334465 0 0.057775 0 0.0624533 0 0.0576821 0.019853 0.106531 0 0.229014 0.107122 0.11661 0.105277 0.297861 0 0.130773 0 0.0793176 0.050801 0.0161888 0.066815 0 0.131993 0 0.00818476 0 0 0 0.210892 0.374526 0 0 0.0363733 0.0659315 0.0643182 0.10134 0.00362987 0.134934 0 0 0.0106653 0.075901 0.0621239 0.119641 0 0 0 0 0.0284697 0 0.0608061 0.0439805 0.0271243 0 0 0.12219 0 0.0822996 0 0.107513 0 0.058776 0.0293095 0 0 0.0678988 0 0.00493761 0.0253626 0 0 0.0750386 0.121025 0 0 0.000540705 0.122307 0.0706126 0.0693351 0.0562599 0.109145 0.0615809 0.0865759 0.0431151 0.0291029 0.155802 0.0330159 0.0778349 0.144347 0.0882426 0.00254647 0.0727514 0 0.0708252 0.0931813 0.0106759 0 0 0 0 0 0 0 0.0561727 0.00481138 0.0424786 0.13027 0 0.168222 0 0.166967 0 0 0.0339787 0.0515857 0.0715351 0.157941 0 0.184922 0 0 0.00639349 0 0.16946 0 0 0 0 0.2285 0.350048 0 0.0317306 0 0 0 0 0 0.00420572 0.0351266 0 0.0109271 0.116187 0.0298484 0.157626 0.353293 0.412356 0 0.00466956 0 0.0115504 0.0532552 0.0836789 0.00984136 0 0.170659 0.0438713 0 0.0518174 0 0 0 0.125646 0 0.131519 0.061975 0.0998733 0 0.1877 0.0144472 0 0.0803994 0.139354 0 0.0120414 0 0.385746 0.166874 0.369449 0.0811296 0.0745513 0 0.086978 0.0225422 0.0459916 0.00844511 0 0.00341515 0.0274325 0.108907 0.213266 0.0355792 0.0209334 0.156485 0.0776108 0 0 0.00294722 0 0.0929008 0.212633 0.115565 0.0668751 0 0 0.0144035 0.0763619 0 0.0217188 0 0 0 0.128731 0 0 0 0 0.104679 0 0 0.08527 0.0818092 0.119009 0 0 0 0 0.0553697 0.0370133 0.154066 0.0960815 0 0 0.0519675 0.0763425 0 0 0.012592 0.0212694 0.0812495 0.0553103 0.00391405 0.0151883 0.155089 0.29369 0.0143105 0.426217 0 0 0.0118442 0 0.0640532 0.24508 0.0439086 0 0 0 0 0 0 0 0 0 0 0 0 0 0 0 0.334911 0.187756 0.165025 0.429368 0.219399 0.463445 0 0.00484159 0.230169 0.465633 0.157281 0 0 0.0451842 0.0458603 0.102865 0.0463089 0.0941612 0 0 0 0.00711363 0.0814235 0.149869
209 14.8283 0.0650512 -0.0599092 -0.0553426 0.381541 -0.100608 18.5548 -0.523947 -0.0338215 -0.0403787 0.734111 0.214751 -0.367932 0.0919621 -0.242341 -0.59077 -0.00674713 0.144892 0.0518909 -0.104083 0.0423048 -0.171721 -0.00741317 -0.0361685 -0.316684 -0.0525701 0.0554397 0.00703305 -0.113187 -0.0444034 0.00458383 -0.103289 0.0608959 0.0504519 0.193848 -0.0466486 -0.00734934 0.153739 -0.00553739 0.0356125 0.325826 0.228153 1.38086 0.195651 0.69106 0.00152069 0.0980431 0.153783 -0.0212219 -0.0534558 0.257521 -0.151208 -1.30454 0.296122 0.639993 -0.0454088 -0.0322885 -0.187303 -0.311731 -0.0755843 0.0814658 0.041544 1.03792 -2.40138 -0.0717476 0.585441 -1.20093 -0.489908 -1.00073 0.243571 -0.430587 1.73989 1.57158 -0.4809 0.222651 -5.81973e-10 -1.37165 0.782425 0.169434 3.04787 3.45487 0.174257 0.141438 0.137011 1.00222 0.167336 -0.200583 -1.76214e-09 0.917618 5.62931e-10 -0.443381 -0.848088 0.339201 3.48714e-09 0.360525 0.979713 0.217824 -0.485226 -0.772511 0.112138 -1.28627 2.2737 -1.11617 2.43479e-09 0.449529 -1.40385e-10 -1.07003 -2.17545 -0.315116 -0.233368 -1.33793 1.74751 0.0414334 0.381111 0.897303 18.5457 0.0324767 -0.000562834 1.22001 0 0.0393187 0 0.0282269 0 0.0230026 0.00603405 0.0406565 0.025647 0.0436728 0 0.0426375 0 0.0340142 0.0019315 0.036708 0 0 0 0.00487899 0 0.00443207 0 0.017466 0 0.0289843 0 0 0 0 0 0 0 0 0 0 0 0.00835411 0 0 0.0350092 0 0 0 0 0.0395112 0 0.025072 0.011084 0 0.00774619 0 0 0 0.0249101 0.0138272 0 0 0 0 0 0 0.0347767 0.0805055 0.0122674 0.0319845 0.00987795 0.0423233 0.00721681 0.0162903 0.0134264 0.0208419 0.055444 0.045686 0 0.0123125 0.00316012 0.0722617 0 0 0 0.0148921 0 0 0.0898936 0.16143 0.000452569 0 0 0.00361953 0 0.000194285 0.00195964 0.00071485 0.0243739 0.00303773 0.056151 0 0.0170656 0.0211747 0.0146953 0.0196222 0.0265346 0 0.0365312 0.100613 0.071155 0 0.0924239 0.00627657 0.00465467 0 0.0186518 0 0 0 0 0 0.301978 0 0.288816 0.0110209 0.230716 0.0782533 0.0506011 0 0.018707 0 0.0719012 0.0928702 0.119519 0.0592514 0 0.0383654 0 0 0 0 0 0 0.0905135 0.11329 0 0 0.0038937 0.0145156 0 0 0 0 0 0.000399881 0 0.0156821 0 0.0345625 0.200478 0.256496 0 0 0 0 0 0 0.00733796 0 0.1225 0.139807 0.0500419 0 0.120413 0.0419536 0.0257897 0 0.0249142 0 0.00155869 0.00834499 0 0 0.00101355 0.00143849 0 0 0 0.00127917 0.00876086 0.25875 0.0369698 0.130502 0 0.0631665 0 0.0457456 0 0 0.00462931 0.024372 0.0168456 0.0213681 0.050764 0.0594295 0.0927853 0.135594 0.0779663 0.170611 0 0 0.00281181 0 0.00839924 0.191733 0 0.0613758 0 0.0394937 0 0 0 0 0.0341465 0.0480674 0.0355288 0 0.00281012 0.0158821 0.000187295 0 0.0333531 0 0.0552057 0.0207649 0.099369 0.105872 0 0.00881327 0 0.00917139 0 0 0.109975 0.101807 0 0 0 0 0 0 0.0445012 0 0.0247875 0.0534443 0.0425061 0.0235316 0.0834208 0.00979461 0 0.27035 0 0 0.012469 0.06783 0 0 0.011238 0.0802556 0.0289859 0 0.0288276 0 0.108814 0 0.0319936 0 0.0422233 0 0.0616607 0 0.0601101 0 0.00225884 0.0844949 0.00217351 0.0805007 0.00781884 0.0850141 0 0.0188293 0.0484035 0.183943 0.0183928 0.0192304 0 0.0164343 0.0267846 0.0415256 0.0102467 0.0184633 0 0 0 0 0.0688561 0.122532
210 14.8616 0.0575439 -0.066404 -0.060648 0.381926 -0.102373 18.5906 -0.564034 -0.0291493 -0.0186922 0.60449 0.153508 -0.385845 0.0903357 -0.279761 -0.543832 0.0486202 0.129973 0.0575329 -0.104083 -0.00491325 -0.1487 -0.00526404 0.047252 -0.0548251 -0.0470894 0.0609268 0.0151582 -0.0809472 -0.0425848 -0.00209973 -0.104276 0.102911 0.0504864 0.180837 -0.0870285 -0.0055799 0.153159 0.0144554 0.0533223 0.328147 0.225507 1.37729 0.175755 0.638844 0.00444042 0.0889011 0.153262 -0.0404477 -0.0544834 0.238372 -0.152417 -1.31625 0.369405 0.657053 -0.0213746 -0.0218896 -0.127159 -0.219112 0.0265613 0.0965448 -0.0267816 1.0774 -1.06595 -0.142003 0.432562 -4.43466 -0.567845 2.50961 -1.19648 -3.55614 1.45547 1.56625 -0.500545 0.0572165 -4.4173e-10 -1.40799 0.706873 0.212875 -0.020054 13.5039 0.16663 0.191357 0.183287 0.827491 0.0537078 -0.287407 -1.49822e-09 1.17953 4.85265e-10 -0.367997 -1.06391 0.268822 4.22386e-09 1.05442 2.29643e-10 0.532445 -0.407823 0.417301 0.00478568 -0.38431 -0.851955 0.224946 9.75277e-10 -0.166024 -9.04533e-11 -0.391097 -1.22615 -0.276168 0.33979 -0.148481 -1.44246 0.38743 0.381974 0.895923 18.5865 0.0192173 -0.0720361 1.22994 0 0.0390527 0 0.0200591 0 0.0125039 0.00966914 0.0580767 0.0446768 0.0873404 0 0.0404856 0 0.0446912 0 0.0517519 0.00909439 0.0234966 0.00269684 0.0409894 0 0.0162103 0.0151196 0.0715019 0.000379968 0.0824951 0 0 0 0 0 0 0 0 0 0 0 0.00310891 0 0.106676 0 0 0 0 0.00515501 0.220257 0 0.130171 0 0 0.0105191 0 0 0 0.00892621 0.0143364 0 0 0 0 0 0 0.0117836 0.0139782 0.00945963 0 0 0.125125 0 0.0855489 0 0.0984541 0.0236485 0.165625 0.00968776 0 0 0.156107 0 0 0.0164716 0 0 0 0.0731608 0.0518097 0.000498511 0 0.0244833 0 0.0190082 0 0.0241662 0 0.0498958 0 0 0.0462469 0.0383823 0 0.0384935 0 0.008864 0.0327327 0.0558012 0.327148 0.145168 0 0.0652624 0 0 0 0 0 0 0 0 0 0.354405 0 0.29716 0.0206616 0.190783 0.127361 0.0273686 0 0.0240834 0 0.102632 0.225916 0.159688 0.195543 0 0.252777 0 0 0 0 0 0 0.0782594 0.154929 0 0 0.000295001 0 0 0 0 0 0 0 0 0.0252709 0.00260252 0.0528091 0.138033 0.287673 0 0.000794365 0 0 0 0 0.00434871 0 0.0876957 0.105857 0.0279707 0 0.0730305 0.0254014 0.0149746 0.0186224 0.0140559 0.0180771 0.00291559 0.000552174 0 0 0.00627701 0.0432558 0 0 0 0.00757372 0.0788186 0.444594 0.0966784 0.167425 0.0159899 0.141029 0 0.0807181 0 0 0 0 0.0175511 0.00901876 0.129556 0.138275 0.203547 0 0.169819 0 0 0.0150132 0.021441 0 0.0417332 0.409339 0.00172245 0.0619335 0 0.0219008 0 0.00742683 0 0.170175 0.0136578 0.0121118 0.0212531 0.039902 0.00525346 0.110926 0.0253233 0 0.0985238 0 0.0872859 0 0.10329 0.0899128 0 0.0011662 0 0.000462141 0 0 0.0840166 0.0793028 0 0 0.000231067 0 0 0.0444925 0.0366559 0 0.0518984 0.0111925 0.0581117 0.00505218 0.0445239 0 0.0246286 0.457056 0 0 0.0275856 0.0306684 0 0 0.0239793 0.043375 0.0151606 0 0.0124339 0 0.0613447 0 0.0129028 0 0.0244076 0 0.0347382 0 0.0350033 0 0.0328638 0.203968 0.0470855 0.147643 0.066326 0.150183 0 0.00475949 0.112012 0.201856 0.078654 0 0 0 0.0376555 0.0639616 0.0263453 0.0327123 0 0 0 0 0.0559554 0.133766
211 14.895 0.0658082 -0.0482658 -0.0625327 0.381966 -0.106281 18.6281 -0.545499 -0.0246223 -0.00572736 0.324368 0.163283 -0.36918 0.0761824 -0.329792 -0.505786 0.0864559 0.103001 0.0600603 -0.103682 -0.0456635 -0.137921 -0.00450177 0.0273819 0.0480597 -0.0518788 0.0505469 0.0205511 -0.0629602 -0.0380519 -0.00928191 -0.104575 0.115324 0.0501848 0.161602 -0.10274 -0.00218952 0.152313 0.0458854 0.0557322 0.386935 0.217723 1.38489 0.20403 0.647669 -0.00748427 0.10541 0.152993 -0.0504426 -0.0552523 0.18989 -0.149162 -1.34396 0.404937 0.663256 -0.0226352 -0.0127506 0.506965 0.642853 0.23689 0.0756779 -0.0857503 1.13584 0.321381 0.0391044 0.0148647 -8.02318 0.613085 3.48354 -1.56458 -5.25442 1.49512 0.855604 -0.711448 -0.201394 -8.67607e-10 -1.37367 0.0735679 0.166518 0.00606416 0.0248561 -0.241881 -0.0139354 -0.0233854 0.252851 -0.046567 -0.423024 -1.60403e-09 0.705717 0.202783 -0.608411 -0.80526 -0.164932 3.51562e-09 0.627358 2.59605e-10 0.838023 -0.793831 0.770171 0.113632 -0.274677 0.228405 0.0661707 1.91888e-09 0.0987176 -1.38961e-10 -0.556649 -1.33199 -0.631615 0.019746 -0.500378 -0.567772 0.824236 0.382483 0.891696 18.6274 0.0130711 -0.153898 1.2244 0 0.0533604 0 0.0319971 0 0.0109911 0.00246676 0.0833869 0.0511798 0.128608 0 0.0347961 0 0.0477945 0 0.0505033 0.0208178 0.0362935 0.0549859 0.0831185 0.029673 0.0585647 0.0922201 0.147587 0.0824128 0.159637 0 0 0 0 0 0 0 0 0 0 0 0.000709234 0 0.0654147 0 0 0 0 0 0.353529 0 0.180949 0.0120021 0 0.0115273 0 0 0 0.0171019 0.00619917 0 0 0 0 0 0 0.00199382 0.0145582 0.00432909 0.00469221 0 0.189082 0 0.146225 0 0.163504 0.0118216 0.266121 0.00424477 0 0 0.215708 0 0.00214072 0.0155065 0.0169305 0 0 0.0584528 0.0703114 0.000979261 0 0.0680238 0 0.0574545 0 0.0659015 0 0.110986 0 0.0136355 0.00667376 0.074166 0 0.0737841 0 0.0182436 0.0225841 0.0852445 0.349606 0.373909 0.041961 0.0274468 0 0 0 0 0 0 0 0 0 0.279351 0 0.167058 0 0.0668312 0.0538861 0.00931118 0 0.0120806 0 0.155482 0.213713 0.203375 0.178695 0.018011 0.422436 0.0062591 0 0 0 0 0 0.128175 0.0858315 0 0 0 0.0303656 0 0 0 0.00859493 0 0 0.0155665 0.0464987 0.0327783 0.0804109 0.240623 0.158247 0 0 0.00395828 0 0 0 0 0 0.108221 0.0982406 0.0311444 0 0.0542752 0.0385725 0.0213511 0.0437234 0.0201818 0.0428563 0.0261432 0.017877 0.0128266 0 0.0107553 0.0588324 0 0.00390339 0 0.0147276 0.213395 0.551306 0.150628 0.260054 0.0832104 0.199657 0 0.120531 0 0 0 0.000620581 0.0109709 0.0376859 0.185874 0.187966 0.441386 0 0.39854 0 0 0.0100515 0.0207181 0 0.126195 0.455396 0 0.0773495 0 0.0665281 0 0.24832 0 0.587793 0 0.0441892 0 0.326069 0 0.131774 0.0281187 0 0.262922 0 0.112115 0 0.0330967 0.122875 0 0.00141336 0 0.0168202 0 0 0.123319 0.0519997 0 0.00363267 0.0152149 0 0 0.0752288 0.0355002 0 0.122023 0 0.0982743 0 0.0491424 0 0.0952167 0.540592 0.0231056 0 0.0209543 0.0314452 0 0 0.0106111 0.0368379 0.0461213 0 0.0505937 0 0.126992 0 0.0378493 0 0.0530169 0 0.0695484 0 0.0758172 0 0.12675 0.268698 0.159613 0.210286 0.210386 0.190762 0 0.00406137 0.0891593 0.254749 0.0560791 0.0470277 0 0 0.0312927 0.109219 0.0238367 0.0481687 0 0 0 0 0.0625772 0.094791
212 14.9283 0.064355 -0.000466254 -0.0573104 0.381458 -0.11254 18.6683 -0.48822 -0.0497887 -0.00515806 0.0552291 0.203871 -0.228021 0.0873889 -0.241045 -0.423282 0.134873 0.0914755 0.0614444 -0.103682 -0.0945979 -0.172679 -0.00840271 0.0281416 0.111575 -0.0332558 0.0320341 0.0210741 -0.0672104 -0.0355067 -0.0192685 -0.105527 0.125015 0.0379849 0.134474 -0.120989 0.0153835 0.150042 0.0513926 0.0562086 0.448791 0.213567 1.40679 0.219226 0.664685 0.00309865 0.0557915 0.152993 -0.0504426 -0.0552523 0.11997 -0.128716 -1.3882 0.439636 0.681952 -0.042621 -0.0199137 0.0884347 1.62973 0.179957 -0.0133166 -0.139964 1.24088 1.11185 -1.12242 -0.263812 -5.85859 1.07606 6.31526 -1.83346 3.37292 2.79112 1.25749 -0.260195 0.137148 -5.68758e-10 -1.46647 -1.34639 -0.131521 0.00949844 0.00665302 0.370293 -0.497529 -0.0756548 -0.295594 0.120237 -0.280674 -1.38275e-09 -0.338602 -0.257553 -0.710209 0.125308 0.369967 1.99035e-09 1.35228e-10 3.00516e-10 0.585579 -0.748148 1.18666 0.0415057 0.276238 0.328624 -1.08562 3.78896e-09 -1.0717e-10 -2.28251e-10 -1.09758 -1.09084 -1.12293 -0.0373704 -1.09725 -1.42841 0.928739 0.382598 0.885794 18.668 0.00160246 -0.195039 1.2103 0.00289626 0.0459403 0.000600439 0.0378212 0 0.0244829 0 0.0421398 0 0.0892688 0 0.00511937 0.0103706 0 0.0342892 0 0.0193966 0.0552241 0.234647 0.0219312 0.22253 0.0289027 0.305146 0.0351316 0.333188 0.0450102 0.0790021 0.0250883 0.149934 0.015875 0 0 0 0 0 0 0 0.00266573 0.0390567 0.0434537 0 0.0556593 0 0.283715 0.0356231 0.272904 5.72195e-05 0.0764607 0.0128528 0.0410556 0.0439077 0 0 0.0234262 0.0217993 0.0255074 0 0.0154974 0 0.00458913 0 0 0.0227399 0 0.0100704 0 0 0 0 0 0 0 0.0318755 0.126644 0.000303719 0 0 0 0.000230745 0.00438428 0.0135411 0.0132947 0 0 0.0841894 0.019181 0.00144022 0 0.0956177 0.0343507 0.108177 0.0296154 0.113819 0.0331143 0.171803 0.0528921 0.0187988 0.0220012 0.0523247 0.0320801 0.123713 0.0367196 0.0170669 0.0345517 0.264001 0.112647 0.320371 0 0.00639 0.00835011 0 0 0 0 0 0 0 0 0.424178 0.0538079 0.200584 0 0.00517438 0.0346797 0 0 0.0181011 0 0.279963 0.0814975 0.385525 0.0558569 0.109493 0.202385 0.00392783 0 0 0.0430025 0 0.0105372 0.207367 0.040381 0.030408 0 0 0.0626619 0 0.0115569 0 0 0 0.0223001 0.0366958 0.00151712 0.0552807 0.0136632 0.379108 0 0 0.000576367 0.0825831 0.00977176 0 0.0503065 0 0.0524972 0.252065 0.0941213 0 0 0 0.0138584 0.0363463 0.0300048 0.0434623 0.0367363 0.0143395 0 0 0 0.0585263 0.00576134 0 0.0661774 0.00106107 0.00607374 0.341551 0.399964 0.154441 0.389037 0.204548 0.155473 0 0.108352 0 0 0.00484648 0.104969 0 0.172949 0.0799998 0 0.690671 0 0.624637 0 0 0 0 0.0112639 0.225231 0.186002 0 0.0878863 0 0.12962 0 0.613834 0 0.665375 0.0468312 0.065694 0 0.496592 0.0670263 0.0748734 0.0176858 0.0567905 0.469381 0.00131951 0.0178447 0 0.0636763 0.170674 0 0.00539045 0 0.0558373 0 0.00869552 0.229275 0.0375877 0 0.0404946 0.0270395 0 0 0.0250602 0.0650369 0 0.23552 0 0.205953 0 0.0715027 0 0.035821 0.153175 0 0.160945 0.0632945 0.00827796 0 0.0226294 0.0400465 0.0122421 0.0400426 0 0.0213192 0 0.091664 0 0.0032247 0 0.0301192 0 0.0425501 0 0.0521062 0 0.273265 0.0742491 0.363689 0.0414403 0.462864 0.0365 0.00694484 0 0.0214356 0.169784 0.0288384 0.0186614 0 0.00493928 0 0.118307 0 0.0205033 0 0.013387 0 0.0505965 0.117701 0.095479
213 14.9616 0.0530586 0.0418569 -0.0504602 0.379891 -0.120351 18.7107 -0.469431 -0.0694839 0.000878847 0.0107515 0.226802 -0.0541747 -0.00613183 -0.572553 -0.522324 0.196765 0.0803544 0.0664604 -0.103595 -0.137557 -0.202387 -0.0137498 0.0201035 0.100264 -0.0247022 0.0167245 0.0180341 -0.0544203 -0.0437935 -0.0245494 -0.104753 0.0620974 0.0323857 0.122362 -0.0736855 0.0208114 0.150044 0.0513196 0.0562031 0.420466 0.188027 1.43345 0.193997 0.673499 -0.00132364 0.104682 0.152993 -0.0504426 -0.0552523 0.165987 -0.161572 -1.39001 0.507508 0.676657 -0.0827248 -0.00453192 -0.200785 1.12431 -0.0926976 -0.0883107 -0.123909 1.29092 0.318653 -1.02855 0.051834 1.0444 6.91418 10.4491 2.30994 -41.033 -12.5815 1.61316 -0.299094 0.541635 0.0338052 -0.764721 -0.762242 -0.0937273 -0.723779 -1.00077 -0.0628692 -0.579286 0.247763 0.402813 -0.106571 -0.162658 -6.89979e-10 -0.637201 -0.00389257 -0.302947 0.0115583 -0.178492 9.40386e-09 -0.0238246 8.75457e-10 -0.441522 -0.166757 0.333649 -0.109519 0.209228 -0.402775 0.674501 7.71514e-09 -3.16754e-10 -8.67263e-10 1.29084 -0.330306 -0.0236845 0.426592 -0.163919 -2.27114 0.683377 0.382284 0.879011 18.7078 -0.0188339 -0.175635 1.15619 0.0237651 0.0340291 0.00797465 0.0144725 0.0130956 0.016273 0.00401826 0.00756456 0.0141371 0.0527743 0.0968171 0 0.110427 0 0.113719 0 0.0507343 0.0960759 0.239437 0.00548943 0.245063 0.0269423 0.328873 0.017769 0.352472 0.0304357 0.138474 0.0853554 0.228386 0.102501 0 0.121542 0 0.130265 0 0.13819 0.0033192 0 0.175075 0.0939801 0 0 0 0.352154 0.0118831 0 0 9.5237e-05 0 0.0119179 0.0433439 0 0 0 0 0 0 0 0 0.00062198 0.0423818 0.0177475 0 0 0.0122116 0.0008965 0 0.696151 0 0.691845 0 0.696172 0.0149101 0.778086 0.0669877 0.0510059 0 0.706868 0.0139803 0.0186758 0.0585702 0.0491988 0 0.0163575 0.0909163 0.0331906 0.00117831 5.59629e-05 0.0878897 0 0.0694458 0 0.0861787 0 0.162877 0.00632027 0 0 0.0768775 0 0.0715262 0 0 0.0203174 0.204593 0 0.686687 0 0 0 0 0.0682686 0 0.105313 0 0.168578 0 0.231536 0.287021 0.0346028 0.0422224 0.0144341 0 0 0 0.0409326 0.035548 0.0268522 0.174342 0 0.243963 0 0.151879 0.0388797 0.0149563 0.0175256 0.0387398 0.0944464 0 0 0.0959995 0.0135616 0.000590519 0 0 0.0489078 0 0.0119488 0 0 0.0339352 0.0397606 0.0350743 0.0150957 0.0464302 0.0117083 0.177105 0.0268943 0 0 0.0761091 0.0245253 0 0 0 0 0.0580345 0.0759124 0.0234137 0 0.0295091 0 0.0294488 0.389139 0.0292025 0.38903 0.0105039 0.0232381 0.00259284 0.0369892 0.0175463 0 0 0.0619885 0.00111392 0 0.333257 0.111982 0.151478 0.199518 0.145613 0.0356632 0.0199969 0.0395299 0 0.0476502 0.00828962 0.114282 0 0.164502 0.0570049 0.0379519 0.547688 0 0.513856 0 0 0.00236248 0 0.00312086 0.142545 0 0 0.0709979 0 0.0978763 0.121929 0.304743 0 0.194235 0.0140054 0.0482776 0.116476 0.125074 0.306867 0.280617 0 0.0448164 0.456621 0 0.10375 0 0.063668 0.152731 0 0.00251763 0 0.0454214 0 0.0187921 0.0597271 0.0319992 0.00392923 0.137864 0.0368547 0.0119921 0.429269 0.236092 0 0 0.202711 0 0.131883 0 0.000839144 0 0.0890121 0.919896 0.0854498 0 0.10834 0.00687253 0 0 0.0870362 0.00811214 0 0.0340941 0 0.0371829 0 0.128024 0 0.0366019 0 0.0415112 0 0.0558674 0 0.0527252 0.224691 0 0.33931 0.0149305 0.413681 0.00614003 0.00366382 0 0.0153431 0.0271509 0.00966114 0.0680201 0.0329459 0.00101664 0 0.10676 0 0 0 0.0109229 0 0.0054803 0.110881 0.102259
214 14.995 0.0499822 0.056791 -0.0630679 0.378454 -0.122559 18.7513 -0.470523 -0.0743504 0.0131775 0.0854769 0.338732 0.0132772 0.0292004 -0.656685 -0.573204 0.23198 0.0743021 0.0883922 -0.0777659 -0.132527 -0.208456 -0.00979613 -0.0387581 0.0194379 -0.0220439 0.0141333 0.0401161 -0.0466798 -0.0427494 -0.0295715 -0.104758 0.0537751 0.029925 0.117701 -0.0600435 0.0130279 0.150129 0.0482178 0.0559691 0.389632 0.180372 1.44 0.156323 0.651599 -0.0357488 0.0868424 0.152993 -0.0504426 -0.0552523 0.184539 -0.202485 -1.38638 0.514419 0.684286 -0.100456 -0.00808486 0.163879 -0.563818 -1.15398 -0.167291 0.19248 1.03949 -0.675045 -0.40167 1.44025 3.47233 -2.85154 0.364941 -0.340714 -7.74692e-09 0.205935 0.279051 -0.54602 1.30852 1.25601 1.64084 1.36838 0.336224 -3.05687 -4.18751 0.857438 -0.27688 0.875403 -0.67609 0.253309 0.630598 -2.28839e-09 -3.95222 -0.348108 -0.192786 4.56315 0.0567022 6.71628e-09 1.4134 8.80878e-10 -0.467324 -0.267683 -0.486177 -0.0923148 -0.354106 -1.32226 -0.165864 6.53849e-09 -4.70393e-10 -1.38915e-09 -0.444459 -0.499186 -0.398676 -0.378419 0.769231 0.118638 0.563221 0.380865 0.877137 18.7453 -0.045929 0.155723 1.0655 0.111634 0 0.0959854 0 0.0963858 0 0.0548532 0 0.228784 0 0.262419 0.32182 0.221129 0.279463 0.185448 0.286907 0.0848541 0.058194 0 0 0 0 0 0 0 0 0 0 0 0 0.000567415 0 0.00397729 0.0461439 0.0208526 0.130895 0.00577769 0 0.301584 0.128603 0 0 0.253384 0.0382981 0 0 0 0 0 0.017441 0.0169022 0 0 0 0 0 0 0 0 0 0.0148283 0 0 0.0219584 0.00117391 0.0072215 0.000264 0.362743 0.00100809 0.312268 0.00321026 0.326691 0 0.386639 0.0387098 0.0226355 0 0.378791 0.0174614 0.00834372 0.0434451 0.0262431 0.00820841 0.000517178 0.0552611 0.0513365 0.000959311 0 0.087738 0 0.0626046 0 0.083822 0 0.153485 0.0194028 0.0240127 0.0312272 0.111689 0 0.104898 0 0.0346597 0.0318795 0.0531532 0 0.43412 0 0.00123881 0.313169 0 0.227285 0 0.235546 0 0.0545835 0 0.10599 0.247192 0.205167 0.00593811 0.343116 0 0.400463 0.00188881 0.340898 0 0.099593 0 0.122635 0 0.0814989 0 0 0 0 0.0282305 0.0389156 0 0 0.0236189 0 0.209752 0 0.000824511 0 0 0 0.00827823 0.0233862 0.244944 0.104836 0 0 0 0 0.298632 0.0596853 0 0 0.186241 0.0121065 0 0 0 0 0.063319 0 0 0.00830699 0.013438 0.0263149 0 0.0505427 0 0.0498894 0 0.0288491 0 0 0.00834472 0 0 0.0218927 0 0 0.412649 0 0.659938 0 0.38257 0.0802882 0.298662 0 0 0.00327112 0.355082 0 0.396409 0 0 0 0 0.0902645 0 0.0200071 0.0174686 0.0897154 0.000918876 0.0254875 0 0.000447653 0.107819 0.00966698 0.0550236 0 0.0340746 0.0692965 0.320181 0 0.0123249 0 0.0186101 0.0281418 0.340674 0.212186 0 0.00202325 0.392126 0 0.229769 0 0 0.119799 0 0 7.27735e-05 0 0.0629602 0 0.021343 0 0 0.0688606 0 0 0.458665 0.20218 0 0.0578799 0 0 0 0.0460925 0.054563 0 0.110329 0.808011 0.0416328 0.356601 0.0696679 0.016225 0 0 0.0607651 0.0288921 0 0.110075 0 0.122294 0.0341731 0.402683 0 0.16275 0.0130304 0.130925 0.0201265 0.2062 0.016165 0.185605 0 0 0 0 0 0 0 0.0108791 0.358746 0.155622 0 0.266782 0.0546447 0.0919909 0.238459 0 0.0161994 0 0 0 0 0.0041865 0.138688 0.0663256
215 15.0283 0.0595256 0.0281032 -0.0755447 0.377392 -0.117325 18.7874 -0.511832 -0.0747556 0.0340327 0.221246 0.230851 0.0456014 0.0489588 -0.54081 -0.571195 0.229247 0.0364368 0.0917224 -0.018022 -0.042248 -0.139818 0.0123421 -0.102749 -0.171201 -0.00856029 0.00959545 0.0521246 -0.0646662 -0.0168779 -0.0195485 -0.104914 0.0763902 0.0330239 0.121418 -0.0626851 0.00595607 0.150046 0.0512433 0.0561973 0.35731 0.15916 1.42241 0.165317 0.684769 -0.0431087 0.0908199 0.152909 -0.0535338 -0.0554899 0.131787 -0.241421 -1.39528 0.387009 0.626311 -0.112998 -0.0861048 0.234871 -1.05073 -0.213709 -0.0552529 0.211637 1.15008 -0.674143 -0.0352158 0.495989 3.34867 -2.63558 1.14612 0.793172 4.09593 1.34851 0.080206 -0.962496 -0.0463566 1.67929 3.47255 2.05918 0.423655 -4.81797 -6.53811 0.164337 -0.171065 0.466869 -0.383566 0.54618 0.142184 -2.41313e-09 -1.42445 -0.0212213 0.10358 2.15129 -0.127549 3.60236e-09 3.68843e-10 1.826e-10 -0.576805 0.117592 -0.856915 0.117303 -0.0390219 0.55684 -0.0484094 5.95926e-09 -1.58813e-09 -8.11156e-10 2.05778 -0.363638 0.480943 -1.3749 -0.220577 2.07061 -1.37925 0.379452 0.882686 18.7818 -0.0495291 0.156271 1.11605 0 0.098854 0 0.104218 0 0.104619 0 0.0660172 0.00369162 0 0.141467 0.0187586 0.170048 0 0.200269 0 0.112387 0.0578652 0 0 0 0.0107292 0 0.00360769 0 0.0108623 0.00217696 0.0194135 0 0.0371429 0.0134468 0.0212564 0 0.00324864 0.00314502 0.010738 0 0.00714426 0.304721 0.0962081 0 0 0.0266328 0.0384556 0.0652811 0.034384 0.0142953 0.00505569 0.085348 0.00280946 0.0236675 0 0 0 0 0 0 0 0 0 0 0.00587098 0 0 0 0.00515117 0 0 0.000707997 0 0 0 0.0118766 0 0 0.0296554 0 0 0.0180366 0.00824759 0.010995 0.0301603 0.076395 0.00240743 0.0159124 0.0366729 0.00195214 4.04767e-05 0.220258 0.088246 0.209769 0.0696406 0.201607 0.079464 0.28391 0.0993163 0.0939216 0 0.235287 0.0770815 0.255959 0.0772095 0.0661811 0.0202121 0.0113607 0.0145113 0.413988 0 0 0.0361825 0 0.0325483 0 0.0452815 0 0.0360408 0 0.0209162 0.332192 0 0.217237 0.0183114 0.0219027 0.0467337 0 0.0556739 0 0.0201922 0.0749413 0.000146603 0.115898 0 0.00684934 0 0 0.0234426 0.0149667 0.0157463 0 0 0.175622 0.0106023 0.17363 0.0307968 0 0.0236075 0 0.0200138 0 0.022944 0.169019 0.229446 0 0.012532 0 0.02514 0.453011 0.14927 0.00426313 0 0.0511798 0 0 0 0 0 0.16992 0.0783871 0 0.0140447 0 0 0.000229508 0 0.00176927 0 0.0022834 0.0030802 0.00144502 0.034597 0.0637017 0.0187698 0 0.0442902 0.00321409 0 0.00808265 0.121333 0.0451245 0.21089 0.0888152 0.122469 0 0.0477822 0 0.00628597 0 0.163155 0 0.177219 0.0065915 0.0497234 0.0195575 0 0 0.0130384 0 0.00968739 0.00570402 0 0.001288 0.00458436 0 0.0994562 0 0.0672881 0.198231 0.0557126 0.160602 0.0261903 0 0.00842476 0.280711 0 0.207571 0.193688 0 0.0135949 0.618316 0.0249219 0.0134861 0 0 0.272247 0 0 0 0 0 0 0.207945 0.056757 0 0.0153091 0 0.0143077 0.31043 0.134774 0 0 0.00902903 0.0169177 0.0192659 0.0123844 0.157422 0.0345023 0.18903 0.384402 0.0866146 0.00767233 0.0377785 0.0289358 0 0 0.0112079 0.0367511 0 0.00733791 0 0 0 0.0948974 0 0.0132405 0 0.00967936 0 0.0118198 0 0.00324575 0.0212972 0 0.0106784 0.0228488 0.0371956 0.00464763 0 0.0536167 0 0.200912 0.0113773 0.0640295 0.0162435 0.13528 0 0.108856 0 0.0128639 0 0 0 0 0.169369 0.120853
216 15.0616 0.0692353 0.0155301 -0.0709658 0.376766 -0.108497 18.8284 -0.492334 -0.0758571 0.0332665 0.257244 0.178623 0.0709391 0.0316112 -0.296936 -0.335175 0.175963 0.0424699 0.0854471 0.110562 0.192424 -0.139772 0.0377143 -0.440995 -0.60884 -0.0237228 0.00261644 0.0509528 -0.0599569 -0.0159684 -0.0124821 -0.104624 0.0350214 0.025649 0.114642 -0.0169215 0.0158711 0.150055 0.0508885 0.0561706 0.36478 0.190853 1.39037 0.150071 0.658626 -0.044634 0.084573 0.152909 -0.0535338 -0.0554899 0.143526 -0.259839 -1.3873 0.348571 0.674588 -0.0339559 -0.0603077 0.311114 -0.590566 -0.13824 -0.0943143 0.402569 1.23934 0.991285 0.0410294 0.357929 0.425125 -0.924839 0.448985 -0.242832 7.58837 10.1312 -2.07844 0.381871 0.095777 5.26315 3.24494 0.121041 0.1901 0.652631 -5.03099e-07 -0.515048 0.000555119 0.289024 0.114165 0.0584885 0.167174 -2.32742e-09 -0.771638 0.147088 -0.21368 0.784938 -0.269758 4.01574e-09 0.446677 4.3165e-10 -0.0548818 -0.0816263 -0.878229 0.0984699 -0.0877228 -0.529607 0.334445 7.11625e-09 -7.86976e-10 -6.43294e-10 -0.613326 0.546606 0.0340451 0.0187884 2.15699 1.47349 -0.108474 0.377602 0.890709 18.8206 -0.0666896 0.297618 1.18657 0.0229197 0.0188986 0.0108242 0.0137389 0.00835057 0.0155547 0.0141785 0.00317052 0.0344671 0 0.138439 0 0.136823 0 0.141176 0 0.120567 0.051275 0 0.00690587 0 0.00363621 0 0.0102022 0 0.013882 0 0.00190287 0 0 0 0.00507435 0 0 0 0 0.00670958 0 0.265043 0.0568706 0 0 0.00154683 0 0 0.00014253 0 0.000336204 0 0.00269384 0.0136551 0 0 0 0 0.00279218 0 0 0 0 0 0 0 0.00919517 0 0.00241735 0.010303 0.0314717 0.00427408 0.0220484 0.00853253 0.0388152 0.0339961 0.0946442 0 0.0129437 0.0195904 0.043403 0.0201255 0.00563882 0.0263848 0.0226946 0.0628864 0 0 0.0406946 0.00100865 0 0.0827472 0 0.0531686 0 0.0803001 0 0.198603 0.00833624 0.0466132 0.00532171 0.106291 0 0.107116 0 0.0532335 0.0256223 0.161481 0.0517245 0.523928 0.153688 0.00147504 0.0507835 0 0.0344728 0.0169623 0.0392408 0 0.00100886 0 0.00123565 0.574544 0 0.397533 0.0276845 0.0553169 0.0882 0 0.0358126 0 0.010065 0.0436154 0.0228888 0.163898 0.00578874 0 0.00549281 0 0 0.00754136 0.02188 0 0 0.170347 0.0542753 0.14898 0 0 0.0534956 0 0.0070083 0 0.00715098 0.0424952 0.0422462 0 0.00604427 0 0.00624877 0.462998 0.0611427 0.00205554 0 0.103852 0 0 0 0 0 0.0883501 0.157104 0.021603 0.080591 0.0513758 0.17405 0.0133493 0.046853 0.0121219 0.0455845 0 0.000485755 0 0 0.0108801 0 0 0.0198842 0 0.000316592 0 0.0580696 0 0.10868 0 0.0760767 0.0461206 0 0 0.00251103 0.000431411 0.0288448 0.00668851 0.0324238 0 0.0192475 0.0917634 0.0678574 0.0413612 0.0605817 0 0 0 0 0 0.0304037 0 0.112316 0 0.0995381 0 0 0 0.0101318 0.0149021 0.075863 0 0 0.244369 0.203205 0 0.00348017 0.465624 0.01168 0.346427 0.0119359 0.0171553 0.14206 0.000361076 0.00323834 0 0.0205873 0 0.0376442 0.154125 0.0690569 0 0.0382626 0 0 0.363541 0.113293 0.0808049 0.011778 0.00559512 0.00728344 0.0380388 0.0175955 0.115657 0 0.0440796 0.0538093 0.0360145 0 0.0634128 0.00929466 0 0 0.0546058 0.0150577 0.019393 0 0.0203823 0 0.15367 0.0174425 0.0325303 0.00405499 0.0556466 0 0.0820859 0.00566344 0.0680609 0.0039835 0 0 0 0 0 0 0 0.0234571 0.0195792 0.129572 0.00435249 0.0338364 0.0279588 0.0223868 0.0105516 0.0130758 0 0.0128337 0 0 0 0 0.157174 0.109412
217 15.095 0.0589861 0.0160294 -0.0532831 0.375025 -0.0943204 18.873 -0.402885 -0.0750811 0.0198521 0.219228 0.147626 0.0641515 0.00440109 -0.131553 -0.0615941 0.0777189 0.0596307 0.0756303 0.340325 0.421621 -0.165203 0.0806805 -0.398628 -0.60884 -0.0268256 -0.000337316 0.0397893 -0.0535474 -0.0158181 -0.0135493 -0.104379 0.00117451 0.0180188 0.115802 0.0205743 0.0192193 0.150055 0.0508885 0.0561706 0.376652 0.196667 1.3685 0.172716 0.684945 -0.0503384 0.0825955 0.152969 -0.0513403 -0.0553213 0.117009 -0.265526 -1.38137 0.254429 0.668518 -0.0163601 -0.0577654 -0.496252 -0.464209 0.611785 -0.129385 0.550432 1.38939 3.00195 0.395959 -0.242918 -1.29139 -0.523462 -1.82183 -0.288817 4.60055 6.26388 -2.81013 0.861091 -0.426274 6.21408 10.5773 -1.50235 0.482486 1.11538 -5.68104e-07 -0.174038 0.119489 -0.296444 0.31013 0.00813862 -0.20738 -1.90767e-09 -0.807771 -0.0764178 0.0692411 0.960122 -0.324226 1.30364e-09 1.5672e-10 1.77564e-10 0.115572 0.110527 -0.455207 0.131429 0.522481 0.244852 -0.0558387 5.19607e-09 -5.26525e-10 -4.10095e-10 -0.519694 0.813723 0.336839 -0.38584 0.926843 2.09848 -0.674734 0.375253 0.903515 18.862 -0.0749836 0.438939 1.29797 0.0001681 0.0574859 0 0.0433687 0 0.04128 0 0.0321154 0.0135973 0 0.013494 0.0763476 0.0136847 0.0562084 0.0276192 0.0505548 0.067313 0.0284933 0.00147976 0.0762634 0 0.0713748 0.0104811 0.111685 0 0.146407 0 0.0326405 0 0.0372321 0 0 0 0 0.0077582 0 0.00174467 0 0.189184 0.0116524 0 0.0190299 0.00866905 0.00580501 0 0.116463 0 0.0531052 0 0.0252232 0 0 0 0.00472454 0.00771192 0.0113707 0 0.0104163 0 0.00178028 0 0 0 0.0142748 0 0 0 0.0216846 0 0.000837568 0.000895708 0.0147736 0.0407657 0.051438 0 0 0.0222866 0.0411034 0.00726836 0 0 0.000107966 0.045711 0 0 0.0290166 0.000767738 0 0.104668 0.0100561 0.0731659 0.00676679 0.0982547 0.00752192 0.212033 0.0128195 0.061432 0.0150377 0.121111 0.0152953 0.121383 0.0140107 0.0444772 0.0329445 0.177417 0.191851 0.56816 0.0401936 0 0 0 0 0.00565081 0 0 0 0 0 0.499996 0 0.304631 0 0.0135994 0.00265519 0 0.00703238 0 0 0 0.0648063 0.0935611 0.0292967 0 0.192826 0 0.00484412 0 0.0145056 0 0 0.161626 0.0735834 0.174755 0 0 0.056953 0 0.00728388 0 0 0.0915608 0.101584 0 0.0249847 0 0.0329357 0.434444 0.0235236 0.00222119 0 0.134386 0 0 0.0108508 0 0.0239393 0.163394 0.101307 0.0148324 0.0252132 0.0405718 0.0956356 0.0202919 0.00197025 0.0187302 0.000846304 0 0.00946938 0 0 0.0124699 0.0250155 0 0.0335823 0 0.00386333 0.0137525 0.203759 0.0744242 0.16209 0.0539846 0.137512 0.00202293 0.0303523 0 0.00478859 0.00244078 0.0335453 0.00764953 0.0180372 0 0.0180538 0.0813642 0 0.0394306 0 0 0 0 0 0 0.162634 0 0.119395 0 0.0987106 0 0.133707 0.0025135 0.285812 0.0139743 0.0686806 0 0.165478 0.130815 0.0634181 0.00479579 0.000288336 0.497832 0 0.369479 0.00468603 0.0396737 0.243012 0 0 0 0.0167655 0 0.0429878 0.210415 0.0376984 0 0 0 0.00845055 0.178006 0.00141215 0.0464607 0 0.0115323 0 0.01579 0 0.101172 0 0.0591834 0.167156 0.0495047 0 0.0293523 0 0 0 0.0211472 0 0.0248171 0 0.0228451 0 0.221196 0 0.0477635 0 0.0748938 0 0.115327 0 0.0843139 0 0 0.0779643 0 0.0819845 0 0.095734 0 0.0544287 0.00105402 0.189431 0 0.0871681 0.00655439 0.0641613 0.00569511 0.0345078 0 0.0289496 0 0 0 0 0.170987 0.115073
218 15.1283 0.0360119 0.0230508 -0.0432407 0.373187 -0.0823899 18.9178 -0.271713 -0.0959058 0.0123309 0.132191 0.111119 0.0815167 -0.00448011 0.027958 0.0499815 -0.0589601 0.047887 0.0708487 0.626371 0.462294 -0.0509648 -0.0612975 -0.120906 -0.386022 0.0121375 -0.0167779 0.0457172 -0.0873022 0.00622586 -0.0199295 -0.105063 0.00518708 -0.0232388 0.14351 0.0279099 0.058891 0.09859 0.0290685 0.0553097 0.431381 0.185435 1.3593 0.150949 0.684087 -0.018332 0.0936005 0.152994 -0.0504152 -0.0552502 0.096203 -0.246584 -1.37774 0.186984 0.700145 -0.0226712 -0.0907084 -0.898587 -0.699661 0.236586 -0.0799 0.305664 1.31318 3.75101 -0.321183 -0.407664 -2.20934 -0.663151 1.09008 1.29043 0.730002 -0.0145111 -3.25839 0.203568 -0.470909 7.25264 -1.19452 2.02989 -1.53218 7.71489 6.9068 1.62731 -0.158018 0.146295 -1.24761 0.78913 0.00467181 -1.12721e-09 -1.60071 -1.09373 1.0166 2.11055 0.786721 -2.43809 0.212493 1.02082e-10 1.58182 -2.56396 0.244256 0.0807909 -0.17446 0.15562 0.166286 4.85168e-09 -1.21456e-10 -1.51947e-10 0.136886 1.27489 0.170321 0.237986 1.37765e-09 0.246869 -0.185902 0.372593 0.914749 18.9052 -0.0846989 0.26184 1.28948 0.00552057 0 0 0 0.0227371 0.0291491 0 0 0 0 0.0585223 0.0569942 0.0448716 0.033229 0.0638041 0.0232545 0.0329697 0.0459713 0.0138762 0 0.00165267 0 0.0738537 0 0.115426 0 0 0 0 0 0.118076 0.0145093 0.0782048 0 0.153881 0.0767122 0.0172948 0.00701796 0.132824 0.0367422 0 0.00153911 0 0.0291673 0.0272585 0.0354492 0.0905939 0.133468 0 0.0343811 0 0 0 0.0342401 0.0169539 0.00366653 0 0.0271928 0 0 0 0.00661502 0.00724879 0.0317729 0.00153984 0.00828135 0 0.123171 0 0.0927063 0 0.119949 0 0.14163 0 0.0167279 0 0.0642342 0.00460967 0.00456008 0 0.0107285 0.0542248 0.0239211 0.018087 0.0575002 0.000982574 0.000688465 0.179559 0.0606355 0.179591 0.0282684 0.230225 0.0544761 0.199091 0.0423033 0.0673576 0.000306409 0.126665 0.0362743 0.310804 0.0441411 0.033397 0.0274657 0.0444864 0.0239734 0 0.117273 0 0.0115741 0 0 0 0.053688 0 0 0.0157928 0.0999378 0.00533489 0.0445035 0 0.224605 0 0.090334 0 0.0379612 0.0938635 0.0333367 0 0 0 0 0 0 0 0 0 0.00331387 0 0.0400863 0.198055 0.0501496 0.264445 0 0 0 0 0 0 0 0.151474 0.0763818 0.0110741 0.00705407 0.035907 0 0.529447 0 0.00186827 0 0.145865 0.065131 0 0.0319644 0 0 0.22682 0.219901 0 0.263449 0.0538231 0.435678 0 0.125509 0 0.14134 0.062274 0.0492732 0 0.0388022 0.0483223 0.0471819 0 0.183078 0 0.00325315 0.00700587 0 0.246932 0.0156059 0.164645 0.0872641 0.0250243 0 0.0118626 0.056743 0.0300147 0 0.0386808 0 0 0 0.0554086 0.0735921 0.130181 0 0 0 0 0 0 0 0 0.280846 0 0.0904218 0.0999659 0.101088 0.042881 0 0.0185552 0 0.0651762 0.102451 0.0521942 0.0255714 0.0142249 0 0.1217 0.00434883 0.078927 0.0323224 0.146445 0.312146 0 0 0 0.0131086 0.019846 0.0847588 0.289897 0.0866346 0 0.0416775 0.0594595 0 0.0955865 0 0 0.00137892 0.0607196 0 0 0 0.200394 0 0 0.201821 0.631066 0.114913 0.033992 0.00576663 0.0114659 0.00887304 0.0649255 0.0253136 0 0.00513789 0 0.00636811 0.171541 0.0208299 0 0.0316639 0 0 0.0556841 0 0 0 0.128921 0.0399903 0.078275 0.129211 0.0552276 0.0727539 0 0.0261572 0.0833069 0.140858 0 0.196875 0.0238435 0.0738576 0.0499367 0 0.0110209 0.0306934 0 0.00554283 0 0.0153638 0.176714 0.0876786
219 15.1616 0.0403669 0.0107161 -0.00709016 0.373936 -0.0724388 18.9619 -0.178984 -0.13035 -0.0242445 0.0500648 0.095264 0.130917 0.0165851 0.027362 0.0424176 -0.154504 0.0466198 0.0250598 0.70108 0.246001 0.0941202 -0.135766 -0.0325542 -0.295031 0.00484972 -0.0300576 0.0165521 -0.100528 0.039585 -0.0150501 -0.105089 0.00430043 -0.051813 0.155669 0.0277422 0.081285 0.0406562 0.0351938 0.0567874 0.465269 0.091487 1.3622 0.215418 0.706215 -0.111681 -0.0147925 0.153026 -0.0492228 -0.0551585 0.157547 -0.316155 -1.36027 0.0530555 0.626308 -0.0152316 -0.0298282 0.340509 -0.0563376 1.32889 0.0450443 0.329153 1.28018 2.43607 -0.464607 -1.62163 -2.54305 -0.427192 0.802521 0.209571 0.00126968 0.00310871 -2.56567 0.452732 -1.49474 -0.194166 -5.48809 1.99963 -0.152497 1.36115 2.51555 -0.354472 -0.229047 -0.818647 -0.449568 0.580309 -0.155787 -1.95663e-09 0.744618 -8.87534e-10 0.227662 -0.889934 -0.481443 -1.20868 -0.628401 9.59911e-11 -1.14706 -0.819584 0.272342 0.312125 3.29426e-10 -1.65065 -1.0248 5.35135e-09 -1.59881 -1.35733e-10 1.42263 1.82531 0.168473 -0.578121 1.10227 2.21012 -0.0437912 0.370903 0.923725 18.9476 -0.025808 0.234232 1.26122 0 0 0 0 0 0.00848535 0 0.0395508 0.0294635 0.0820712 0.0722146 0 0.0959272 0 0.127712 0 0.0259485 0.0169577 0.0307807 0 0 0 0.0747423 0 0.121997 0 0 0 0 0 0.00594948 0 0.0232191 0 0.0309806 0 0.0133602 0.0101732 0.113931 0.0192221 0 0.0514046 0 0 0.035726 0.169021 0.0670596 0.102603 0 0.0555298 0 0 0 0.0368777 0.0300575 0.0227386 0 0.0137886 0 0 0.0147132 0 0.0102788 0.0409525 0.00159241 0.0126197 0 0 0 0 0 0 0 0 0 0 0.0157986 0 0.00791817 0 9.72748e-05 0 0.0564233 0.00906734 0 0.0591472 0.00138377 0.00118794 0.130315 0.159014 0.0631377 0.112471 0.0925781 0.129477 0.0248165 0.10958 0.0594587 0.0224268 0 0.116893 0.139889 0.123714 0.0206646 0.0269842 0.074045 0.286798 0 0.0619393 0.00589918 0.271208 0 0 0 0.0666761 0 0 0 0 0.342281 0.550698 0.248084 0.65874 0.183893 0.520119 0 0.191608 0.014628 0 0.170665 0.252863 0.268183 0.373967 0 0 0 0 0 0 0 0.0256877 0.251017 0.121601 0.164273 0 0 0.0106346 0 0 0 0.0161494 0.0293399 0.000520674 0.022784 0 0.0578183 0 0.526817 0.116152 0.00337575 0 0.0414882 0 0 0.0463396 0 0.00729488 0.167416 0.23658 0 0.0171015 0.082936 0.00079024 0 0.0876547 0 0.100948 0.090901 0.00648869 0 0.00496459 0 0.0450809 0 0.182348 0 0.00450634 0.0901607 0.162667 0.260476 0.336278 0.286222 0.098259 0.0346884 0.0636294 0 0 0 0.0912395 0 0.230191 0.0634483 0.0860583 0.361649 0.129525 0.356648 0 0 0 0 0 0.222191 0.0864864 0.00506645 0.183478 0 0.0732211 0 0.0770191 0 0.011182 0 0 0 0.374645 0.048872 0.00815231 0.0395711 0 0.0963746 0.133564 0 0.0457505 0.0437889 0.288702 0 0 0 0 0.00504912 0.174122 0.247787 0.113832 0 0.010575 0.0150233 0 0.122488 0 0.0779373 0.14947 0.203379 0.0470513 0.105432 0.153883 0.17918 0 0.147427 0.36298 0.040847 0.162982 0.0121808 0.00331165 0.0207626 0.027042 0.0433715 0.00445854 0 0 0 0 0.0695409 0.012007 0 0.00563529 0 0 0.0113173 0 0 0 0.36341 0.0536039 0.195162 0.061248 0.203816 0.0584145 0.00509377 0.00946995 0.104364 0.299275 0 0.094691 0.0226941 0.00167447 0.0144014 0.146177 0.0110459 0.0116076 0 0 0 0.00713827 0.175489 0.0763885
220 15.195 0.0285099 0.0209912 0.0300509 0.37582 -0.065321 19.0034 -0.0732414 -0.153091 -0.0664047 -0.0303328 0.0842069 0.143557 0.0259327 0.0229185 0.0363249 -0.246594 0.0744423 -0.00230211 0.739138 0.090339 0.0647044 -0.0907826 0.0211553 -0.237092 0.0136594 -0.0332367 -0.00093139 -0.0921412 0.0393262 -0.0254479 -0.104019 0.0450644 -0.0539509 0.133614 -0.00613365 0.0605219 0.140812 -0.0149365 0.0529052 0.332244 0.184815 1.33658 0.237023 0.703523 -0.0757317 -0.0205509 0.152884 -0.0544674 -0.0555617 0.267414 -0.302044 -1.33049 0.164707 0.699439 0.0272172 -0.0235634 -0.528661 0.251842 0.988321 0.0402755 0.21235 1.19626 2.98824 -0.134511 -1.40093 -2.08049 -0.0785673 0.0244661 0.250803 -0.444072 -0.60879 -2.87055 1.10711 -0.481657 1.3206 -3.80422 -2.54434 1.65231 1.30116 1.42458 0.38296 0.226754 -0.415705 0.454036 -0.000254086 -0.331884 -9.71461e-10 1.01822 -5.77479e-10 -0.524333 -0.893893 -0.592461 0.916216 -1.93543 2.55446e-10 -0.44608 2.4702 -0.965731 0.446215 -0.319121 1.62628 -1.24028 3.57393e-09 -3.24351e-10 -1.80146e-10 0.133359 1.05368 0.0278531 0.853261 -0.29669 -1.87651 1.923 0.370763 0.930598 18.9895 0.0133903 0.190958 1.246 0.0482639 0 0.0341456 0 0.0398721 0 0.00864295 0 0.00971164 0.00511742 0.167096 0.0848183 0.117756 0.0705914 0.110996 0.0808458 0 0.042336 0.0271488 0 0 0 0.0541765 0 0.0404705 0 0 0 0 0 0 0 0 0 0 0 0.0105837 0.00169004 0.0289535 0 0 0.0111308 0 0 0.167195 0.0597628 0.0588559 0.0784912 0 0.0254052 0 0 0 0.000441609 0.0175155 0.0189439 0 0 0 0 0 0 0.0372702 0.0256724 0.0128645 0.0119417 0 0.016418 0 0 0 0.0333195 0 0.114237 0 0 0 0 0 0.00361876 0.00160894 0.00997358 0 0 0.0739649 0.0421507 4.76088e-05 0.00152652 0.0422033 0.00834685 0.0314241 0 0.0393524 0 0.0302989 0.0238475 0.00945176 0.00705084 0.038074 0 0.0416526 0 0.0128144 0.022238 0.0635945 0.703596 0 0.380901 0.0295751 0.28962 0 0 0 0 0 0 0 0 0.290768 0.698995 0.250479 0.661055 0.205039 0.606827 0 0.104539 0 0 0.242489 0.274869 0.230378 0.372433 0.157659 0.0406578 0 0 0 0 0 0.000544785 0.103773 0.0359893 0.141225 0.0320875 0 0.00755984 0 0 0 0 0.131116 0.109307 0 0 0.0130771 0.0122348 0.347506 0.00755097 0 0 0 0 0 0 0 0 0.250459 0.0668214 0.0253353 0.198097 0.0672631 0.419234 0 0.0348202 0 0.0356684 0 0.00413049 0 0 0.0125759 0.0695271 0 0.0232712 0.00232539 0.00259248 0.304715 0.0489453 0.271594 0.202465 0.246565 0.138203 0.0188117 0 0 0 0.0157649 0.00937892 0.0100203 0 0.00309814 0 0.0514946 0 0.0394301 0 0 0 0 0 0.276515 0.11438 0.0244068 0.0270193 0 0.0189999 0.0159213 0.304303 0 0.170227 0.00436173 0.0419807 0 0.382612 0.015371 0.00140066 0.00463485 0.00425667 0.112572 0 0 0.160248 0.118104 0.165472 0 0 0 0 0 0.00810198 0.239178 0.00648245 0 0 0 0 0 0 0.0068073 0.0723383 0.0208889 0.0325928 0.0292878 0.100417 0.0788251 0.051807 0 0 0.0534502 0 0.0696621 0.00127873 0 0.0216009 0.0778289 0.00166321 0 0 0 0 0 0 0 0 0 0 0 0 0 0 0.14572 0.0393739 0.119825 0.0123045 0.157966 0.0545391 0.0210823 0.00174931 0.107373 0.0884214 0 0.0435383 0.0929978 0.0345071 0.0109049 0 0 0 0 0 0 0 0.0989375 0.0402575
