# Kinematics Data (Joint Angles, Velocities, COM, Muscle Activations)
# Total frames: 216
# Control Hz: 30
# Time step: 0.0333333 seconds
# Number of DOFs: 56
# Number of Muscles: 304
# DOF names: Pelvis_rot_x, Pelvis_rot_y, Pelvis_rot_z, Pelvis_pos_x, Pelvis_pos_y, Pelvis_pos_z, FemurR_x, FemurR_y, FemurR_z, TibiaR, TalusR_x, TalusR_y, TalusR_z, FootPinkyR, FootThumbR, FemurL_x, FemurL_y, FemurL_z, TibiaL, TalusL_x, TalusL_y, TalusL_z, FootPinkyL, FootThumbL, Spine_x, Spine_y, Spine_z, Torso_x, Torso_y, Torso_z, Neck_x, Neck_y, Neck_z, Head_x, Head_y, Head_z, ShoulderR_x, ShoulderR_y, ShoulderR_z, ArmR_x, ArmR_y, ArmR_z, ForeArmR, HandR_x, HandR_y, HandR_z, ShoulderL_x, ShoulderL_y, ShoulderL_z, ArmL_x, ArmL_y, ArmL_z, ForeArmL, HandL_x, HandL_y, HandL_z
# Muscle names: L_ab1, R_ab1, L_ab2, R_ab2, L_ab3, R_ab3, L_ab4, R_ab4, L_ab5, R_ab5, L_Internal_Oblique, R_Internal_Oblique, L_Internal_Oblique1, R_Internal_Oblique1, L_Internal_Oblique2, R_Internal_Oblique2, L_Abductor_Pollicis_Longus, R_Abductor_Pollicis_Longus, L_Adductor_Brevis, R_Adductor_Brevis, L_Adductor_Brevis1, R_Adductor_Brevis1, L_Adductor_Longus, R_Adductor_Longus, L_Adductor_Longus1, R_Adductor_Longus1, L_Adductor_Magnus, R_Adductor_Magnus, L_Adductor_Magnus1, R_Adductor_Magnus1, L_Adductor_Magnus2, R_Adductor_Magnus2, L_Adductor_Magnus3, R_Adductor_Magnus3, L_Adductor_Magnus4, R_Adductor_Magnus4, L_Anconeous, R_Anconeous, L_Bicep_Brachii_Long_Head, R_Bicep_Brachii_Long_Head, L_Bicep_Brachii_Short_Head, R_Bicep_Brachii_Short_Head, L_Bicep_Femoris_Longus, R_Bicep_Femoris_Longus, L_Bicep_Femoris_Short, R_Bicep_Femoris_Short, L_Bicep_Femoris_Short1, R_Bicep_Femoris_Short1, L_Brachialis, R_Brachialis, L_Brachioradialis, R_Brachioradialis, L_Coracobrachialis, R_Coracobrachialis, L_Deltoid, R_Deltoid, L_Deltoid1, R_Deltoid1, L_Deltoid2, R_Deltoid2, L_Extensor_Carpi_Radialis_Longus, R_Extensor_Carpi_Radialis_Longus, L_Extensor_Carpi_Ulnaris, R_Extensor_Carpi_Ulnaris, L_Extensor_Digiti_Minimi, R_Extensor_Digiti_Minimi, L_Extensor_Digitorum_Longus, R_Extensor_Digitorum_Longus, L_Extensor_Digitorum_Longus1, R_Extensor_Digitorum_Longus1, L_Extensor_Digitorum_Longus2, R_Extensor_Digitorum_Longus2, L_Extensor_Digitorum_Longus3, R_Extensor_Digitorum_Longus3, L_Extensor_Digitorum1, R_Extensor_Digitorum1, L_Extensor_Hallucis_Longus, R_Extensor_Hallucis_Longus, L_Extensor_Pollicis_Brevis, R_Extensor_Pollicis_Brevis, L_Extensor_Pollicis_Longus, R_Extensor_Pollicis_Longus, L_Flexor_Carpi_Radialis, R_Flexor_Carpi_Radialis, L_Flexor_Carpi_Ulnaris, R_Flexor_Carpi_Ulnaris, L_Flexor_Digiti_Minimi_Brevis_Foot, R_Flexor_Digiti_Minimi_Brevis_Foot, L_Flexor_Digitorum_Longus, R_Flexor_Digitorum_Longus, L_Flexor_Digitorum_Longus1, R_Flexor_Digitorum_Longus1, L_Flexor_Digitorum_Longus2, R_Flexor_Digitorum_Longus2, L_Flexor_Digitorum_Longus3, R_Flexor_Digitorum_Longus3, L_Flexor_Digitorum_Profundus2, R_Flexor_Digitorum_Profundus2, L_Flexor_Hallucis, R_Flexor_Hallucis, L_Flexor_Hallucis1, R_Flexor_Hallucis1, L_Flexor_Pollicis_Longus, R_Flexor_Pollicis_Longus, L_Gastrocnemius_Lateral_Head, R_Gastrocnemius_Lateral_Head, L_Gastrocnemius_Medial_Head, R_Gastrocnemius_Medial_Head, L_Gluteus_Maximus, R_Gluteus_Maximus, L_Gluteus_Maximus1, R_Gluteus_Maximus1, L_Gluteus_Maximus2, R_Gluteus_Maximus2, L_Gluteus_Maximus3, R_Gluteus_Maximus3, L_Gluteus_Maximus4, R_Gluteus_Maximus4, L_Gluteus_Medius, R_Gluteus_Medius, L_Gluteus_Medius1, R_Gluteus_Medius1, L_Gluteus_Medius2, R_Gluteus_Medius2, L_Gluteus_Medius3, R_Gluteus_Medius3, L_Gluteus_Minimus, R_Gluteus_Minimus, L_Gluteus_Minimus1, R_Gluteus_Minimus1, L_Gluteus_Minimus2, R_Gluteus_Minimus2, L_Gracilis, R_Gracilis, L_Inferior_Gemellus, R_Inferior_Gemellus, L_Infraspinatus1, R_Infraspinatus1, L_Latissimus_Dorsi, R_Latissimus_Dorsi, L_Latissimus_Dorsi3, R_Latissimus_Dorsi3, L_Latissimus_Dorsi5, R_Latissimus_Dorsi5, L_Longissimus_Capitis3, R_Longissimus_Capitis3, L_Longissimus_Thoracis, R_Longissimus_Thoracis, L_Longus_Capitis2, R_Longus_Capitis2, L_Multifidus, R_Multifidus, L_Obturator_Externus, R_Obturator_Externus, L_Obturator_Internus, R_Obturator_Internus, L_Omohyoid, R_Omohyoid, L_Palmaris_Longus, R_Palmaris_Longus, L_Pectineus, R_Pectineus, L_Pectoralis_Major, R_Pectoralis_Major, L_Pectoralis_Major2, R_Pectoralis_Major2, L_Pectoralis_Minor1, R_Pectoralis_Minor1, L_Peroneus_Brevis, R_Peroneus_Brevis, L_Peroneus_Longus, R_Peroneus_Longus, L_Peroneus_Tertius, R_Peroneus_Tertius, L_Peroneus_Tertius1, R_Peroneus_Tertius1, L_Piriformis, R_Piriformis, L_Piriformis1, R_Piriformis1, L_Plantaris, R_Plantaris, L_Platysma1, R_Platysma1, L_Popliteus, R_Popliteus, L_Psoas_Major, R_Psoas_Major, L_Psoas_Major1, R_Psoas_Major1, L_Psoas_Major2, R_Psoas_Major2, L_Psoas_Minor, R_Psoas_Minor, L_Quadratus_Femoris, R_Quadratus_Femoris, L_Quadratus_Lumborum1, R_Quadratus_Lumborum1, L_Quadratus_Lumborum2, R_Quadratus_Lumborum2, L_Quadratus_Lumborum3, R_Quadratus_Lumborum3, L_Rectus_Femoris, R_Rectus_Femoris, L_Rectus_Femoris1, R_Rectus_Femoris1, L_Rhomboid_Major2, R_Rhomboid_Major2, L_Rhomboid_Minor, R_Rhomboid_Minor, L_Sartorius, R_Sartorius, L_Scalene_Anterior1, R_Scalene_Anterior1, L_Scalene_Middle4, R_Scalene_Middle4, L_Semimembranosus, R_Semimembranosus, L_Semimembranosus1, R_Semimembranosus1, L_Semispinalis_Capitis1, R_Semispinalis_Capitis1, L_Semitendinosus, R_Semitendinosus, L_Serratus_Anterior2, R_Serratus_Anterior2, L_Serratus_Anterior4, R_Serratus_Anterior4, L_Soleus, R_Soleus, L_Soleus1, R_Soleus1, L_Splenius_Capitis1, R_Splenius_Capitis1, L_Splenius_Cervicis, R_Splenius_Cervicis, L_Splenius_Cervicis1, R_Splenius_Cervicis1, L_Sternocleidomastoid1, R_Sternocleidomastoid1, L_Subclavian, R_Subclavian, L_Subscapularis1, R_Subscapularis1, L_Superior_Gemellus, R_Superior_Gemellus, L_Supraspinatus, R_Supraspinatus, L_Tensor_Fascia_Lata, R_Tensor_Fascia_Lata, L_Tensor_Fascia_Lata1, R_Tensor_Fascia_Lata1, L_Tensor_Fascia_Lata2, R_Tensor_Fascia_Lata2, L_Teres_Major, R_Teres_Major, L_Tibialis_Anterior, R_Tibialis_Anterior, L_Tibialis_Posterior, R_Tibialis_Posterior, L_Triceps_Lateral_Head, R_Triceps_Lateral_Head, L_Triceps_Long_Head, R_Triceps_Long_Head, L_Triceps_Medial_Head, R_Triceps_Medial_Head, L_Vastus_Intermedius, R_Vastus_Intermedius, L_Vastus_Intermedius1, R_Vastus_Intermedius1, L_Vastus_Lateralis, R_Vastus_Lateralis, L_Vastus_Lateralis1, R_Vastus_Lateralis1, L_Vastus_Medialis, R_Vastus_Medialis, L_Vastus_Medialis1, R_Vastus_Medialis1, L_Vastus_Medialis2, R_Vastus_Medialis2, L_iliacus, R_iliacus, L_iliacus1, R_iliacus1, L_iliacus2, R_iliacus2, L_iliocostalis, R_iliocostalis, L_Rectus_Abdominis1, R_Rectus_Abdominis1, L_Serratus_Posterior_Inferior, R_Serratus_Posterior_Inferior, L_Transversus_Abdominis, R_Transversus_Abdominis, L_Transversus_Abdominis2, R_Transversus_Abdominis2, L_Transversus_Abdominis4, R_Transversus_Abdominis4, L_Trapezius, R_Trapezius, L_Trapezius3, R_Trapezius3, L_Trapezius5, R_Trapezius5
# Format: frame_index time pos[0..n] vel[0..n] com_x com_y com_z com_vel_x com_vel_y com_vel_z muscle_act[0..m]

0 6.07447 -0.0359287 -0.0380434 -0.0499983 0.194412 -0.106874 7.2815 -0.211782 -0.0820774 -0.0912054 0.895372 0.386796 -0.12961 0.118559 -0.222465 -0.47368 -0.10383 0.198343 0.0899108 -0.0460124 0.179611 -0.355211 -0.0534749 0.0376198 0.0956916 0.00638388 0.0197521 0.00471504 -0.0633948 -0.0261595 0.0258164 -0.102607 0.0169968 0.0523278 0.217853 -0.0359199 -0.0490217 0.153083 0.0502022 0.057301 0.262335 0.252216 1.3508 0.134292 0.698527 -0.0405905 0.0168347 0.152024 -0.0203308 -0.0502729 0.382442 -0.170556 -1.30934 0.205652 0.707298 0.0381648 -0.00188487 -0.174049 -0.0483135 -0.248634 0.186119 0.142855 1.02157 -3.79143 -0.0748964 0.881616 2.03612 -2.68525 -3.2996 0.993537 0.73085 1.42287 2.67351 -0.0682762 0.316637 -2.23311 -0.319453 0.061667 0.0636661 0.00743448 0.00296943 0.216966 -0.100593 -0.0141073 0.442822 -0.203557 0.1009 -1.23508e-09 -0.415496 6.91032e-11 -0.42368 0.278214 0.0203213 3.61709e-09 8.17509e-11 1.48258e-10 0.497813 -0.371718 -0.097389 0.268167 0.579458 -0.334004 -0.814511 1.11661e-09 0.525776 -3.45464e-11 -1.68477 -1.21906 0.470964 -0.117098 1.50102e-10 -2.33712 0.993205 0.19464 0.891882 7.26242 0.179235 0.173865 1.15826 0.00695982 0.0278309 0.000891408 0.0275521 0.00163162 0.0294413 0 0.00621479 0 0.0323055 0.114226 0.123259 0.0915776 0.100726 0.0870424 0.101953 0.0203126 0.0412693 0 0.0160096 0 0.00927606 0.0281627 0.0129611 0.018053 0.0137715 0 0.00683061 0 0.00350501 0 0 0 0 0 0.00192972 0.0034013 0.00131752 0 0.0393015 0.113348 0 0 0.0365302 0.0633984 0.00619178 0.0134633 0.00381794 0.0216405 0.00828813 0 0 0.00622866 0 0.0208602 0.0159592 0 0 0 0 0 0 0.0298108 0.0235666 0.0145236 0 0.111343 0.000131356 0.111792 0 0.132235 0 0.276697 0 0.016847 0 0.078863 0.0318751 0 0 0.0173258 0.000249918 0 0.00193943 0.0777455 0.0510961 0.000484568 0 0 0.00819833 0 0.001787 0 0.00608785 0 0.0158228 0.0197736 0.0638811 0 0.0323101 0 0.0307523 0.0159406 0.0448383 0.133991 0.0494352 0.328463 0 0.171561 0.0234783 0.00490433 0.0227057 0.00185264 0.0211536 0 0 0 0.00418956 0.222467 0.0863319 0.317402 0.0618685 0.281681 0.0346957 0.138103 0.0347112 0.0370883 0 0.215522 0.0158454 0.197709 0.0168701 0.0419425 0.00470905 0.00919973 0 0 0 0.00148036 0 0.0975322 0.177567 0 0.0128467 0.00745251 0 0 0 0 0.00131022 0.0741748 0.100962 0.0152421 0 0.0451145 0 0.0991624 0.346233 0 0.00187773 0 0.00584336 0.0162304 0 0.0149456 0 0.0261222 0.197907 0.189259 0 0.342652 0.0356532 0.116203 0 0.11366 0 0.0556792 0 0.0250331 0 0.00592619 0 0.0421047 0 0.00247781 0.000425664 0.0615812 0.141404 0.15304 0.262834 0.151501 0.129603 0 0.0584226 0 0 0.00457338 0.0785275 0.00239246 0.0624534 0 0 0.0162767 0.052515 0.0242778 0.0203049 0.00247897 0 0 0 0.147883 0.0031796 0.0484179 0.0254292 0.025705 0 0.100132 0.067933 0.0106655 0.0471491 0.0177939 0.00423592 0.149549 0.0355161 0 0.0165845 0.0219382 0 0 0 0 0.0237756 0.110369 0.0966464 0 0 0.00107576 0 0.00432898 0 0.00175969 0.159663 0 0 0.0202595 0 0 0 0.0310659 0.00248766 0.0621243 0 0.0514429 0.00961743 0.0765347 0.0349917 0.238145 0.174145 0 0.0370584 0.00833571 0.0140084 0.0337441 0 0.0231257 0.0275143 0 0 0 0 0 0 0 0 0 0 0 0 0 0 0.0897812 0.00444712 0.107684 0 0.178256 0.00648023 0.000368391 0 0.107871 0.108211 0.0957268 0 0.0399195 0.0499535 0.00497979 0.0218186 0.0127231 0.0166555 0 0 0.0104309 0 0.0645174 0.105274
1 6.1078 -0.0252198 -0.0344387 -0.0467346 0.200799 -0.103673 7.31441 -0.335364 -0.0894169 -0.0866489 0.891662 0.356786 -0.212599 0.103286 -0.218108 -0.534584 -0.0419366 0.20375 0.0767113 -0.103186 0.163062 -0.362366 -0.0506006 0.0383984 0.094614 -0.00197476 0.0255111 0.000900083 -0.0491476 -0.0207791 0.0197796 -0.103608 0.0554904 0.050347 0.197173 -0.0744708 -0.0399448 0.15353 0.0340906 0.0559958 0.328499 0.262163 1.33606 0.179993 0.696916 -0.0209436 0.062164 0.153815 -0.0328189 -0.0484966 0.308101 -0.161089 -1.30416 0.235343 0.706324 0.0108419 -0.035942 0.0675294 0.50236 0.308037 0.232776 0.0447587 0.936851 -2.89705 -0.28964 -0.0615615 -1.39282 -0.563061 -0.472727 -0.959527 0.127552 -7.0233 1.16613 0.24721 -0.439719 -1.05174e-09 -1.062 -0.747013 0.556561 0.00805439 -0.00552766 0.289474 0.389006 -0.233047 0.243257 0.0218693 -0.263139 -1.57226e-09 0.932493 5.49335e-10 -0.582836 -0.880217 0.250238 2.39908e-09 -0.670026 9.99554e-11 0.169809 -0.3671 0.241125 0.0944051 -0.539145 1.18081 0.569289 2.38932e-09 -0.673291 -0.0695764 -1.98708 -1.46146 0.531076 0.197269 3.18881e-11 -0.736495 -0.644384 0.200419 0.895037 7.3006 0.168561 0.0546734 1.13981 0 0.0508134 0 0.0506127 0 0.045599 0 0.02517 0 0.0545516 0.105656 0.178088 0.0894517 0.145683 0.0900224 0.134208 0.0450444 0.0214873 0 0 0 0 0 0 0 0 0 0 0 0 0 0.000421323 0 0.00100067 0 0.027187 0.00159297 0.00140642 0 0 0.154164 0 0 0.0462984 0.00279429 0.0286585 0 0.024033 0.0323695 0 0 0 0.00741785 0 0.0262601 0.0131631 0 0 0 0 0 0 0.00672102 0.0486514 0.00581608 0.0186412 0.12053 0.0168175 0.122241 0 0.144314 0.005914 0.311952 0.0265235 0.0173571 0.00712397 0.092085 0.0518845 0.00480072 0 0.0210667 0.0146396 0 0 0.0505637 0.0976721 0.000648859 0 0 0.00667145 0 0.000880582 0 0.00380791 0 0.0147778 0.0239569 0 0 0.0207969 0 0.0205205 0.0262661 0.0167323 0.0152603 0.089296 0.153109 0 0.136396 0.0362215 0.00161537 0.00480862 0.00240208 0.0116793 0 0 0 0 0.259071 0.217687 0.298563 0.144546 0.24657 0.0996475 0.109918 0 0.0238311 0 0.130893 0.0406476 0.138711 0.0773075 0 0.0137739 0.00173134 0 0 0 0 0 0.0892785 0.102952 0 0 0 0 0 0 0 0.014303 0.0745709 0.11783 0.00230056 0 0.0164397 0 0.123994 0.231369 0 0 0 0.0381341 0.0329179 0 0.0178918 0 0 0.189586 0.22221 0 0.392164 0.0409558 0.129801 0.00194339 0.12765 0.00143321 0.0276922 0 0.00746204 0 0 0.00271179 0.0340693 0.018319 0.00020267 0.000952886 0 0.211038 0.0895795 0.307495 0.123831 0.142305 0 0.096181 0 0 0 0.105359 0 0.0894623 0 0 0.176049 0.00496842 0.153008 0 0.00178085 0 0.0241311 0 0.0685388 0.0604727 0 0.140406 0 0.063924 0 0.115467 0 0.0464986 0 0 0.0249035 0.0403289 0 0 0.0320933 0 0 0 0 0.0081395 0.0700054 0.0725872 0 0 0 0 0 0.0106585 0 0.10378 0 0 0.0044026 0 0 0 0.0387109 0.00660959 0.0683404 0 0.0629039 0 0.129171 0.0180912 0.148691 0.186764 0 0.0423359 0.00394955 0.0219191 0.0454317 0 0.0167224 0.0291099 0.052617 0 0.0612921 0 0.165215 0 0.0550007 0 0.0643634 0 0.090441 0 0.0909717 0 0.0248247 0.0166881 0.0448203 0 0.0654351 0 0 0.00402374 0.0528104 0.187232 0.109501 0 0.0272006 0.0709751 0 0.0473228 0.00801357 0.0253735 0 0 0.0176217 0 0.0271257 0.0890922
2 6.14113 0.0197409 -0.0258978 -0.0533009 0.205333 -0.101147 7.34416 -0.457203 -0.0651037 -0.0585496 0.825756 0.334987 -0.259372 0.103307 -0.333233 -0.611746 -0.0526068 0.211405 0.0754701 -0.103186 0.127971 -0.377453 -0.0450441 0.0386479 0.0938031 -0.021779 0.0486099 0.0153301 -0.0663814 -0.0155835 -0.00224611 -0.102833 0.0196957 0.0468532 0.197649 -0.0296514 -0.0102069 0.1556 -0.0465919 0.048711 0.204898 0.239008 1.39409 0.0709122 0.702339 0.00118837 0.156254 0.153404 -0.0506351 -0.0519102 0.27074 -0.197849 -1.28269 0.22003 0.703399 -0.0830855 -0.0924211 1.23009 0.441327 -0.416018 0.11589 0.096709 0.896747 -2.8329 0.377377 1.25695 -2.24485 -0.685177 -1.90156 0.738572 -1.39969 -6.30835e-08 -0.263333 0.249877 0.204549 -8.64409e-10 -0.991561 -0.632488 0.324611 0.00699492 -0.0106162 -0.344994 0.386672 0.493093 -0.683482 0.223677 -0.611029 -1.86907e-09 -1.4313 -0.282559 0.0291537 1.86136 0.94034 5.47064e-09 -1.4042 0.00823815 0.300816 -0.248872 1.0128 0.0864049 8.58779e-10 0.105073 0.906205 3.37968e-09 -4.01273e-10 -5.34628e-11 -1.01287 -1.64651 0.521794 -0.275432 2.92002e-10 -1.48775 -1.37071 0.20573 0.897329 7.33752 0.154732 0.0646088 1.08121 0.0537615 0 0.021089 0 0.04488 0 0.0183626 0 0.0567549 0 0.0587344 0 0.0766831 0 0.114751 0 0.0610091 0.0427941 0 0 0 0.0939059 0 0 0 0.0733642 0 0.0433207 0 0 0.0652288 0 0.0737764 0 0.227527 0 0.00338117 0 0 0.0111934 0.0167654 0.251864 0 0.0226209 0.0246381 0.0131975 0.0375982 0.108841 0.0327825 0.0982566 0 0 0 0.0523609 0.0213379 0.0864195 0 0 0 0 0.00029628 0 0.00802516 0.0607104 0.00190796 0 0 0.0874455 0.0106167 0.0348873 0 0.0683419 0.0657352 0.0368656 0 0 0.0583134 0.0505854 0.00682655 0.00265691 0.0130307 0 0.0325842 0.0570887 0.0250984 0.0212489 0 0.000230293 0.0471189 0.0620358 0.0177803 0.0479438 0.0382261 0.0582606 0.0164828 0.0385983 0.0536848 0.130768 0 0.0728559 0.025751 0.0827817 0.039972 0.0620432 0 0 0 0 0.0584989 0.0219668 0 0 0 0 0 0 0 0 0.253861 0 0.279032 0 0.324952 0.141114 0.0769149 0.00195292 0.0808987 0.0504424 0.104 0 0.195932 0 0 0 0 0.0296801 0 0 0 0.00232556 0.252901 0.205355 0.0422896 0 0 0 0 0 0 0 0.0501918 0 0.00247901 0.021656 0.0074905 0.044143 0.471046 0.23702 0 0.00197164 0.0376699 0.0503306 0 0.0507507 0 0 0.340012 0.0878019 0 0.0901132 0.0446433 0.0498536 0.0690474 0.11478 0.0527729 0.124048 0.063982 0.0237642 0 0.0941798 0 0 0.00731243 0.0417705 0 0.00161014 0 0.0445083 0.135015 0.289837 0 0.175249 0.0692914 0 0.0239298 0.0607669 0.0234443 0 0.0165716 0 0 0.0707114 0.0973245 0.251078 0.183231 0.259774 0 0 0 0.0141569 0 0.0283182 0.123255 0.0755721 0 0 0.0473672 0 0 0 0 0 0.0180449 0 0 0 0 0 0.0245758 0 0 0.116509 0.182737 0.185579 0 0 0 0 0.0479535 0 0.285593 0.0986014 0 0 0.0314944 0 0 0 0.108169 0.0966932 0.116338 0.113753 0.0622913 0.155697 0.167215 0.21215 0.209503 0.360231 0 0 0 0 0 0.179382 0.00440938 0 0.00953299 0.00928604 0 0.0488218 0.183052 0.214536 0.0366105 0.0988691 0 0 0.0897826 0 0.0963911 0 0.152786 0.12068 0.0371068 0.310755 0.0552256 0.295887 0 0.00934641 0.178645 0.123698 0.0938643 0 0.0251079 0.050443 0.0581248 0 0.0214901 0.0658064 0 0 0 0 0.156706 0.141162
3 6.17447 0.0110146 -0.0348225 -0.0521419 0.209637 -0.100234 7.37646 -0.495892 -0.0462907 -0.0445409 0.724814 0.227684 -0.301883 0.106905 -0.364163 -0.552855 0.000291935 0.213127 0.0731241 -0.103186 0.0843875 -0.36935 -0.0390675 0.0492456 0.0933596 -0.0040835 0.0590956 0.0155994 -0.0530993 -0.0241375 -0.0118725 -0.102642 0.00862364 0.0499848 0.177477 -0.0188952 -0.012509 0.153999 0.0142268 0.054314 0.336049 0.226349 1.38821 0.188492 0.699108 -0.00709461 0.0705426 0.124123 -0.0356668 -0.0520054 0.247668 -0.1481 -1.2984 0.342602 0.697522 -0.0389578 -0.0269815 -0.425951 -0.806573 0.263651 0.189186 0.0102185 0.970572 -1.22347 0.301813 0.269221 -3.10155 -1.43742 1.28757 -0.71368 -3.02289 1.60918 1.91513 -0.205101 -0.104389 -1.36984e-09 -1.32762 0.945957 0.4678 -0.0174383 -0.0158731 0.473981 0.232496 -0.0552856 0.647477 -0.158984 -0.263209 -2.03596e-09 1.53886 1.35383e-09 -0.424112 -1.64343 0.129177 4.25619e-09 1.53112 1.68405e-10 0.483719 -0.495822 0.418339 -0.115158 -0.485939 0.991123 -0.897213 2.6435 1.11729 -1.66667e-10 -2.05727 -4.04797 0.292198 0.733035 -1.07705 -1.51169 1.84791 0.210666 0.898162 7.374 0.141036 0.000731778 1.10013 0 0.0489388 0 0.0341243 0 0.0360403 0.00297382 0.0258448 0.052551 0.0092853 0 0.203968 0 0.182397 0.00246479 0.170278 0 0 0 0.0672249 0 0.0497983 0 0.134817 0 0.180972 0 0 0 0 0 0 0.00466374 0 0.15911 0 0.000954576 0.0117949 0 0.058394 0.041505 0 0.388872 0 0 0.200179 0 0.12815 0 0 0.0112665 0 0 0 0.0135878 0.0104989 0 0 0 0 0 0 0.0287883 0.0678064 0.0104532 0.0222066 0.00344657 0.120097 0.00490862 0.0797444 0.00882466 0.0915911 0.0702645 0.147279 0 0 0.000836648 0.153636 0 0 0.00280702 0.00905107 0 0 0.103114 0.138659 0.000662655 0 0 0 0 0 0 0 0.0383724 0 0.0354569 0 0 0 0.000307971 0 0.0180417 0.00523266 0.124244 0.357733 0.287254 0 0.08979 0 0.0241957 0 0.217695 0 0 0 0 0 0.563907 0 0.41201 0.0170836 0.326002 0.185919 0.00801801 0.0148309 0.0216302 0 0.0268554 0.346053 0.0455742 0.26183 0 0.272296 0 0.0259276 0 0 0 0 0.0232626 0.100651 0 0 0 0.029533 0 0 0 0.00529351 0.0600693 0.078622 0 0.0861389 0 0.161612 0.0744437 0.208834 0 0 0.104496 0 0 0 0.00766406 0 0.0625462 0.0729284 0.118596 0 0.186059 0.0175294 0.051536 0.0151026 0.0527103 0.0126147 0 0.0969248 0 0.0553984 0 0.0458058 0.012574 0 0 0.00569534 0.00577397 0.519414 0.0830229 0.339296 0 0.257423 0.0115138 0.0540781 0 0 0.0424207 0 0.0904426 0 0 0.0305082 0 0.0716588 0 0.166433 0 0.0291669 0.00850485 0 0 0.56925 0 0.0776327 0 0.0459408 0.106062 0 0.313532 0 0 0.0445775 0.101824 0 0 0.140379 0.0129266 0 0.0757781 0 0.134511 0 0.0715863 0.185896 0 0 0 0.00223394 0 0 0.0618475 0.0389326 0 0 0 0.0269116 0 0.0696871 0.0447861 0 0 0.147674 0 0.0441222 0.057338 0 0 0.480988 0 0 0.0446187 0.0761449 0 0 0.0383323 0.0956442 0.0751798 0 0.0683528 0 0.216635 0 0.0178708 0 0.100585 0 0.125792 0 0.136218 0 0 0.314025 0 0.323234 0 0.365612 0 0.11484 0.0169146 0.188468 0.010175 0.0630492 0 0.0786003 0.0663892 0 0.00830592 0.0348698 0 0 0 0 0.0241181 0.132918
4 6.2078 0.0193313 -0.0426758 -0.0479648 0.214326 -0.10106 7.40889 -0.509551 -0.0425303 -0.0337831 0.506287 0.191169 -0.321164 0.108288 -0.394043 -0.513431 0.0357998 0.194697 0.0650057 -0.103186 0.04298 -0.341738 -0.0341728 0.0432327 0.0894022 -0.0109469 0.0591616 0.0137546 -0.0388339 -0.0249302 -0.0163914 -0.104194 0.070654 0.0499574 0.167786 -0.0795843 -0.0131763 0.15305 0.0487707 0.0569767 0.364347 0.21248 1.40003 0.198087 0.689361 0.000440143 0.102685 0.157218 -0.0271037 -0.0507257 0.165751 -0.173787 -1.318 0.375234 0.661968 -0.0491988 -0.0166807 0.369976 -0.0949236 0.298277 0.189333 -0.0311926 0.950584 -0.305514 -0.0806346 0.11088 -6.88453 0.0638454 2.16132 -1.20616 -4.23743 1.49878 0.94253 -0.612679 -0.374022 -1.16878e-09 -1.1729 0.684138 0.478478 -0.00429253 -0.0153593 -0.113785 0.124422 -0.101039 0.218884 -0.128705 -0.286304 -2.17294e-09 0.801094 2.10031e-10 -0.299583 -0.628668 0.105596 4.26912e-09 0.805386 3.13644e-10 0.708868 -0.576117 0.553488 0.111426 -0.586919 0.149052 0.347986 2.96718e-09 0.324968 -1.35773e-10 -0.0608295 -1.49071 -0.328519 -0.148152 -1.09652 -0.294225 0.383539 0.215183 0.896724 7.41031 0.128122 -0.0654399 1.08268 0.00117655 0.0387034 0 0.023968 0 0.0100179 0.00630347 0.0581138 0.046013 0.0692323 0 0.0791194 0 0.0857758 0 0.0885243 0 0.0398833 0 0.079992 0 0.0371225 0.00531354 0.124715 0 0.138106 0 0 0 0 0 0 0 0 0 0 0 0.00438376 0 0.0973767 0 0 0 0 0 0.357898 0 0.221641 0 0 0.00642496 0 0 0 0.0287524 0.00528996 0 0 0 0 0 0 0.0219142 0.00203802 0.008858 0 0 0.177705 0 0.129967 0.00753276 0.144366 0.0637622 0.235836 0 0 0 0.211426 0 0.00221267 0.00622186 0.0169687 0 0 0.0769239 0.0615179 0.000472824 0 0 0 0 0 0 0 0.0339838 0 0.0114053 0.000342086 0.00363937 0 0.0021798 0 0.00827038 0.022392 0.106789 0.461281 0.254469 0 0.0910162 0 0 0 0 0 0 0 0 0 0.291253 0.00512768 0.274692 0.0237137 0.204904 0.139981 0.0583599 0 0.0354735 0 0.12126 0.293979 0.145853 0.266058 0 0.439113 0.00155841 0 0 0 0 0 0.163031 0.0916811 0 0 0 0.0284867 0 0 0 0.00936355 0 0 0.00248142 0.0295553 0.0126305 0.0557829 0.316144 0.184209 0 0 0 0 0 0 0.00115503 0 0.145187 0.0803164 0.102299 0 0.168837 0.0079289 0.0524981 0.0296932 0.0510644 0.029428 0.0183554 0 0.00295873 0 0 0.0763033 0 0 0 0.0127885 0.105957 0.515392 0.135868 0.271476 0.0163087 0.246928 0.0107769 0.0764948 0 0 0.0098096 0 0.0345964 0 0.0886557 0.109129 0.248505 0 0.210858 0 0 0.0301016 0.0111974 0 0.0517955 0.527915 0 0.101448 0 0.0796391 0 0.116799 0 0.390026 0 0.0382862 0.00498513 0.130038 0 0.18057 0.0116856 0 0.0541168 0 0.102856 0 0.0383197 0.172659 0 0.000825234 0 0.0139816 0 0 0.171064 0.0356958 0 0.00318885 0.00728785 0 0 0.122314 0.0425201 0 0.0669876 0 0.0689292 0 0.105236 0 0 0.594627 0 0 0.0202403 0.0406086 0 0 0.017251 0.0544158 0.067132 0 0.0720422 0 0.200675 0 0.0506586 0 0.0800135 0 0.111178 0 0.112368 0 0.0218764 0.272825 0.0440106 0.192961 0.0704147 0.194195 0 0.030329 0.100226 0.230294 0.0290078 0.0566556 0 0 0.0417939 0.0517338 0.0304225 0.042214 0 0 0 0 0.0825253 0.109315
5 6.24113 0.0346633 -0.0217712 -0.0415843 0.218265 -0.103436 7.44202 -0.472605 -0.0397634 -0.0287544 0.191098 0.213397 -0.282876 0.0854425 -0.419466 -0.473031 0.0609843 0.167328 0.0547612 -0.103186 0.00471219 -0.337595 -0.0179198 0.0365261 0.0731713 -0.0164719 0.0504354 0.010102 -0.0368425 -0.0274781 -0.0217421 -0.104361 0.0762317 0.0490659 0.14878 -0.0875244 -0.00986219 0.153003 0.0504549 0.0571062 0.408976 0.218359 1.41172 0.208891 0.68257 -0.00305365 0.106425 0.156619 -0.0507171 -0.0525866 0.131615 -0.162889 -1.33981 0.415443 0.6613 -0.0378548 -0.00757803 0.600014 0.645454 0.361667 0.142217 -0.0620921 0.987504 0.614274 -0.0534097 -0.0389369 -8.10705 0.702911 3.14129 -1.30284 -3.73484 1.00168 0.61932 -0.834864 -0.422382 -1.34142e-09 -1.12377 0.177791 0.406883 0.000255401 0.00217824 -0.158466 -0.156171 -0.199609 -0.129109 -0.144581 -0.281075 -2.11373e-09 -0.0986715 -0.0746058 -0.548092 0.116806 0.153878 5.82401e-09 1.16034e-10 4.39472e-10 0.319422 -0.423131 0.655585 0.0339445 -0.295945 0.158322 -0.00326941 2.77202e-09 -2.55661e-10 -1.78942e-10 -0.174874 -1.16643 -0.512135 -0.0197784 -0.401378 -0.214084 0.205738 0.219174 0.893782 7.44604 0.113882 -0.0926012 1.06456 0 0.040168 0 0.0209205 0 0.0111867 0.00639714 0.0455682 0.0284237 0.0668312 0 0.0120931 0 0.017334 0.00943703 0.0189076 0.0236556 0.0620609 0.0454909 0.080403 0.0261037 0.056066 0.0804935 0.133015 0.071363 0.148422 0 0 0 0 0 0 0 0 0 0 0 0.000791416 0.03039 0.0818191 0 0 0 0 0 0.304456 0 0.138783 0.0228856 0 0.0138858 0 0 0 0.0149081 0 0 0 0 0 0 0 0.00690163 0.00455016 0.00564439 0.00403294 0 0.171501 0 0.132856 0 0.150722 0.0429344 0.254921 0.0101458 0.0204588 0 0.19999 0.000130063 0.00828266 0.0161958 0.0325224 0 0 0.0644966 0.0745865 0.000708289 0 0.00513471 0 0.00280345 0 0.0115358 0 0.0599414 0 0.0176372 0.00384049 0.00684438 0 0.0069126 0 0.0187979 0.026782 0.119563 0.263306 0.395687 0.0720171 0.0620682 0 0 0 0 0 0 0 0 0 0.295526 0 0.239028 0 0.156423 0.0772548 0.0297765 0 0.0374446 0 0.210759 0.192596 0.238069 0.16298 0.00508161 0.356804 0.00891849 0 0 0.0235424 0 0 0.179617 0.0390685 0 0 0 0.0493102 0 0 0 0.0108117 0 0 0.0172862 0.0321019 0.0418263 0.0554648 0.349952 0.118123 0 0 0 0 0 0 0 0 0.163716 0.0914654 0.0825639 0 0.12156 0.0591469 0.0572621 0.0521307 0.055937 0.0515396 0.0351763 0.0117232 0.0154835 0 0 0.0441107 0 0.013646 0 0.0130389 0.213054 0.479365 0.153143 0.338605 0.0894145 0.217267 0 0.0700823 0 0 0 0.0244937 0.0033899 0.0533431 0.0759778 0.0862248 0.505942 0 0.456059 0 0 0.0247348 0.00598598 0 0.140711 0.349588 0 0.116365 0 0.118944 0 0.322609 0 0.608232 0.00482671 0.0553976 0 0.399759 0 0.219497 0.0149703 0 0.119371 0 0.0763866 0 0.0140234 0.159512 0 0.0108459 0 0.040698 0 0 0.180182 0.0312616 0 0.037658 0.0214798 0 0 0.163745 0.0484329 0 0.144695 0 0.124351 0 0.0734837 0 0 0.48559 0 0 0.0215174 0.0315505 0 0 0.0025468 0.0375971 0.0793006 0 0.0896511 0 0.236116 0 0.0675645 0 0.0943884 0 0.12819 0 0.12899 0 0.125151 0.220025 0.163557 0.16157 0.2309 0.15602 0 0.00884056 0.0779847 0.207097 0.0262717 0.0299169 0 0 0.0165969 0.0804783 0.0181896 0.0429279 0 0 0 0 0.0875172 0.0848943
6 6.27447 0.018022 0.01613 -0.0289459 0.221726 -0.107798 7.47758 -0.414514 -0.0754149 -0.0302707 -0.0141422 0.192467 -0.104178 0.0758912 -0.294609 -0.380087 0.121223 0.165769 0.0447399 -0.103186 -0.0397066 -0.373707 -0.0154768 0.0368096 0.0736175 0.019788 0.0333792 0.00596182 -0.0486159 -0.0299948 -0.0315167 -0.104629 0.0677255 0.0329182 0.131786 -0.0818032 0.00796176 0.15019 0.0503728 0.0571751 0.445654 0.220151 1.43155 0.201438 0.672994 0.00119355 0.0494431 0.156619 -0.0507171 -0.0525866 0.0955123 -0.14783 -1.37209 0.481416 0.69417 -0.0564558 -0.0281832 -0.409201 1.36959 0.361511 0.0818193 -0.127216 1.09867 1.16561 -1.27037 -0.335787 -3.78634 -0.585696 6.39531 -1.56385 3.82759 2.68636 1.70641 -0.0339919 -0.0670748 -1.54655e-09 -1.29811 -1.38976 0.223063 -0.00067575 -0.000959615 0.78971 -0.364661 -0.150635 -0.33501 -0.0788733 -0.21534 -1.38804e-09 0.481426 -0.246575 -0.413713 -0.617932 0.21201 1.7572e-09 3.03786e-10 3.63161e-10 0.425683 -0.561107 0.860202 -0.0346531 0.0463581 -0.262707 -0.777399 3.63091e-09 -2.1503e-10 -1.48056e-10 -0.247887 -0.851156 -0.866318 0.332332 -1.17045 -2.16195 1.27613 0.222578 0.890013 7.48126 0.0970111 -0.127328 1.04677 0.001366 0.0526404 0.000195856 0.0498577 0.00212539 0.0401811 0 0.0252943 0 0.0599949 0.0660709 0.0230725 0.0582278 0 0.0759503 0 0.0193317 0.0563264 0.143266 0 0.11594 0 0.196786 0 0.217127 0 0.0146746 0.0300759 0.0652787 0.0148327 0 0 0 0 0 0.00688684 0 0.00343203 0.0133202 0.047213 0 0.0392029 0 0.338113 0.0128797 0.209719 0 0.028445 0.00972726 0.0334296 0.03948 0 0 0.0152719 0.0224859 0.0145974 0 0.00632739 0 0.00331618 0 0 0.0280334 0 0.0136442 0 0 0 0 0 0 0 0.0250228 0.0745269 0.0109096 0.00321458 0 0 0.00180095 0.00499659 0.0176526 0.0156428 0 0.000791836 0.088027 0.0244391 0.00102898 0 0.0531381 0.0446249 0.0628772 0.0417288 0.0786019 0.0451929 0.122862 0.0664208 0.0122637 0.0223762 0 0.0402229 0.0616106 0.0469956 0.0142361 0.033844 0.369252 0.0595419 0.260122 0 0.0357559 0.0426442 0 0.0179671 0 0.00341571 0 0 0 0 0.331495 0.104443 0.213735 0.0519861 0.094591 0.100626 0 0.0213359 0.0469969 0 0.272136 0.0499356 0.338573 0.044781 0.0807069 0.108056 0.0105623 0.00247342 0 0.0395225 0 0.0108044 0.150703 0.00710259 0.139675 0.0116188 0.00145955 0.0784383 0 0.0180369 0 0 0.0751068 0.121097 0.0313564 0 0.0641381 0.00667995 0.386645 0 0 0.000444842 0 0.0225437 0 0.0311753 0.00128272 0.0450909 0.2515 0.126378 0 0 0 0.0165345 0.0485636 0.0259256 0.0556209 0.0336508 0.037141 0.00740014 0.010048 0.00699327 0.0401241 0 0 0.0512129 0.00134799 0.00461263 0.245202 0.28494 0.133277 0.388001 0.196655 0.147147 0 0.100492 0 0 0.005336 0.12304 0 0.153911 0.0311504 0 0.697271 0 0.63697 0 0 0 0 0 0.203343 0.0843001 0 0.117656 0 0.15457 0 0.567984 0 0.567178 0.0551296 0.0932343 0 0.450998 0.0143264 0.114826 0.0184578 0.0432111 0.364275 0.0158951 0.0113241 0 0.10158 0.21132 0 0.00583247 0 0.0556872 0 0.0210215 0.248552 0.0469416 0 0.0474746 0.0347625 0 0 0.0427305 0.0688643 0 0.226422 0 0.185482 0 0.119874 0 0.0208263 0.094839 0 0.158757 0.0632612 0.00532648 0 0.0164511 0.0368244 0.00993432 0.103641 0 0.0556982 0 0.319299 0 0.0873458 0 0.0933691 0 0.140884 0 0.1427 0 0.204721 0.0119964 0.309296 0.00563031 0.430132 0.00635938 0.0300691 0.00584893 0.000430759 0.127065 0.0421262 0.00613066 0.0224049 0.0392095 0 0.086326 0 0 0 0.014101 0 0.0351179 0.131161 0.0972597
7 6.3078 0.0121687 0.0474848 -0.0172055 0.224128 -0.112768 7.51397 -0.420822 -0.0894841 -0.0242485 -0.0204939 0.0930372 -0.017007 0.0246001 -0.319597 -0.382434 0.171644 0.150422 0.0379514 -0.103186 -0.0756032 -0.389723 -0.0119849 0.0288413 0.0626359 0.0174444 0.0204838 -0.00186858 -0.0347894 -0.0400407 -0.0335358 -0.104039 0.0130686 0.0241925 0.129092 -0.0356458 0.0149441 0.15019 0.0503728 0.0571751 0.412426 0.186861 1.4457 0.197412 0.691159 -0.00652146 0.0998826 0.156619 -0.0507171 -0.0525866 0.126288 -0.187944 -1.37868 0.511422 0.659454 -0.0910892 0.0061418 -0.245535 0.84542 0.333994 0.015529 -0.114051 1.10876 -0.178257 -0.418472 0.190268 1.04568 -0.624213 4.22614 -6.61607 1.34914 -1.33717 1.56371 -0.588235 -0.00666802 -7.24546e-10 -0.583673 -0.313066 0.30299 -0.644118 -0.884447 -0.110286 -0.543478 -0.22301 0.479887 -0.255976 -0.0301087 -1.07266e-09 -0.521276 -0.144344 -0.0323129 0.157008 -0.0761563 9.38433e-09 1.37475e-11 7.65036e-10 -0.513418 -0.0588171 -0.0718363 0.0549542 -0.115669 0.23464 0.479684 6.8008e-09 -4.42151e-10 -7.06754e-10 1.13395 -0.506742 -0.125258 0.134289 -0.471667 -0.661231 0.365303 0.225518 0.886012 7.51586 0.0802837 -0.1067 1.0255 0.00471523 0.0563164 0 0.0400378 0.00115779 0.0318535 0.00276212 0.0245537 0 0.0994569 0.0481041 0 0.0524489 0 0.0626441 0 0.0571333 0.0888413 0.174237 0.0230606 0.161682 0.0383919 0.252806 0.032482 0.267117 0.03833 0.0603571 0.0936711 0.134396 0.106362 0 0.117452 0 0.127064 0 0.157318 0.00307339 0 0.191255 0.0846698 0 0 0 0.309396 0 0 0 0 0 0.00124829 0.0402164 0 0 0 0 0 0 0 0 0.00138361 0.0236277 0.0247679 0 0 0.00801968 0.00574262 0 0.0160097 0 0.0107543 0 0.0209865 0.0266088 0.0590244 0.048308 0.0576992 0 0.0293942 0.0130281 0.0174107 0.0473498 0.0517716 0 0.00469568 0.0815545 0.0424701 0.00120768 0 0.0876118 0.00631665 0.0732102 0.00274547 0.0875324 0.00675836 0.156986 0.0280652 0 0 0.0514704 0.00659785 0.0484179 0.00676804 0.000556092 0.0136829 0.261195 0 0.731275 0.0645735 0.0347496 0 0 0 0 0.0295236 0 0.0513484 0 0.145638 0.264831 0.0947459 0.210331 0.0276739 0.0579124 0 0.015439 0 0.0694615 0.00789393 0.262085 0 0.303968 0 0.107723 0.0129869 0.0164149 0 0.0139151 0.0896381 0 0 0.139234 0.0132587 0.0481126 0 0 0.0518452 0 0.0126851 0 0 0.0181328 0.0399234 0.0346924 0 0.064788 0 0.283184 0.0397757 0 0 0 0.0868159 0 0 0 0 0.0952598 0.0956713 0.0496047 0 0.0374218 0.0384446 0.0665616 0.0413733 0.0665393 0.0403751 0.0368317 0 0.0130427 0 0.0184541 0 0 0.0703064 8.80241e-05 0 0.25421 0.194951 0.0835665 0.288324 0.129145 0.0637058 0 0.0984582 0 0 0.00420552 0.165003 0 0.205644 0.0534104 0 0.622534 0 0.593342 0 0 0.00372182 0.00069913 0 0.19347 0 0 0.122099 0 0.131961 0 0.339801 0 0.17031 0.0125092 0.0467894 0 0.145898 0.260622 0.276334 0 0.0353707 0.457477 0 0.054597 0 0.0572477 0.177804 0 0.00402145 0 0.0484255 0 0.0241386 0.12585 0.0372681 0 0.13595 0.0444766 0 0.376881 0.232733 0.0234941 0.0029051 0.229584 0.000384909 0.163331 0 0.0390354 0 0.0655654 0.0658195 0.102279 0 0.103943 0.0127118 0 0 0.0791101 0.0179624 0.0079235 0.00178615 0.0152891 0.00425538 0.0562024 0.0187533 0.0170211 0 0.0190527 0.004309 0.0309516 0.00652311 0.0277224 0.00924055 0.21185 0 0.340405 0 0.439115 0 0 0 0.0108101 0.101696 0.0278543 0.0192292 0.0106028 0.00764253 0 0.140104 0 0.0112574 0 0.0083568 0 0 0.123549 0.090541
8 6.34113 0.0102317 0.0620763 -0.0201492 0.226003 -0.112863 7.54963 -0.437705 -0.128053 -0.00719073 0.0601237 0.170692 0.28403 0.0705609 -0.626869 -0.598117 0.209937 0.122738 0.0445956 -0.0967946 -0.0425121 -0.360695 -0.0347258 -0.0665494 -0.0553529 0.0138406 0.0123781 0.00749074 -0.0259616 -0.0459467 -0.0331505 -0.103657 -0.0241572 0.0159849 0.128947 0.00465244 0.0207144 0.150181 0.0507003 0.0571999 0.401015 0.187928 1.43304 0.186275 0.673521 -0.0246898 0.0882011 0.156619 -0.0507171 -0.0525866 0.120704 -0.213623 -1.388 0.501312 0.673047 -0.0804519 -0.00809802 0.0573618 0.300204 -0.227641 -0.0285218 0.124659 1.0578 -0.173646 -1.02272 0.32556 2.26269 0.71566 6.18402 0.226833 -1.62464e-08 -1.26264 0.839129 -0.925461 0.420809 0.276359 1.84371 0.640957 0.39115 -2.76564 -3.77182 -0.184934 -0.242804 0.320215 0.220063 -0.150695 0.116256 -1.97598e-09 -1.51079 -0.335388 0.021131 1.66749 0.161627 6.75322e-09 2.92285e-10 7.81238e-10 -0.309054 0.195554 -0.687347 -0.115642 0.27721 -0.90784 0.111481 9.09479e-09 -9.21354e-10 -9.80529e-10 0.0689505 -0.474576 -0.163586 -0.222572 0.886536 0.569103 -0.491307 0.227331 0.886272 7.5491 0.0370265 0.117271 0.977915 0.0220754 0.0379669 0.00911244 0.0107063 0.00597696 0.0179824 0.0112626 0.0127133 0.0134911 0.0449495 0.132033 0 0.136415 0 0.138972 0 0.109481 0.0760842 0.0779242 0.0032919 0.0400952 0.00041287 0.117613 0 0.0852684 0.00476564 0 0 0 0.00179921 0 0.0172944 0 0.0274381 0.0044692 0.0490289 0.00405621 0 0.306366 0.0712929 0 0 0 0.0892172 0.0627683 0 0.00447599 0 0 0.029206 0.0273906 0.000680018 0 0 0 0.00207633 0 0 0 0.00069362 0.020625 0.0118751 0 0.0099131 0 0.0064581 0 0.546101 0 0.543293 0 0.556977 0 0.666698 0.0371514 0.0386827 0 0.562634 0.0229931 0.0126028 0.0448063 0.0370186 0.0408814 0.0120419 0.02659 0.0325863 0.00139621 0.000292807 0.0824292 0 0.0565029 0 0.0808275 0 0.183803 0 0.0145848 0.0195062 0.0835913 0 0.0770335 0 0.0324212 0.0291369 0.341978 0 0.739611 0 0.0279155 0.0303671 0 0.0654895 0.000249947 0.0992471 0 0.0885193 0 0.0906237 0.518772 0.0264006 0.362811 0.0362647 0.114899 0.0209589 0 0.06131 0.0600527 0.0346218 0.26766 0.00217867 0.332616 0 0.0884105 0.0199909 0.00902794 0 0.0350235 0.0749356 0 0 0.176784 0.0242162 0.121303 0 0 0.0465119 0 0.00815305 0 0 0 0.0100282 0.0163171 0.00409874 0.0356224 0 0.433202 0.0438535 0.000296004 0 0.0178284 0 0 0 0 0.00862693 0.087705 0.139551 0.0373095 0.0611951 0.0601567 0.161855 0.0295214 0.325255 0.0293307 0.323933 0.0192504 0.00364813 0.00583576 0.00752326 0.030691 0 0 0.0698976 0.00359882 0 0.255168 0.139335 0.086431 0.238143 0.0642656 0.0753798 0.0316433 0.0366709 0 0.0261774 0.000344515 0.0960307 0 0.145658 0.0259294 0.00969228 0.292371 0.032834 0.228088 0.0115834 0 0 0 0.000329218 0.140479 0 0 0.147711 0 0.145249 0.396205 0.0809668 0 0.0486525 0.0147774 0.0533314 0.377797 0.0167687 0.329321 0.219732 0 0.0440079 0.403859 0 0.147146 0 0.0549696 0.170288 0 0.00541856 0 0.0423232 0 0.0125435 0.15528 0.0651559 0 0.105132 0.0309809 0.00263322 0.486352 0.153612 0.0272606 0.0109962 0.12361 0 0.113226 0.00245168 0.0991668 0 0.0235297 0.783588 0.0686747 0.0862016 0.086234 0 0 0 0.070225 0 0 0.0458346 0 0.0480588 0 0.155067 0 0.0564128 0 0.0535039 0 0.0771895 0 0.0712447 0.152969 0 0.237815 0.00120741 0.329432 0 0 0 0.0254679 0.106379 0.0232182 0.0368551 0.0270889 0 0 0.0923139 0 0.00817378 0 0.0101743 0 0 0.180654 0.105729
9 6.37447 0.0189392 0.062533 -0.0120988 0.227423 -0.104985 7.58463 -0.448822 -0.141503 -0.00338287 0.13616 0.156662 0.339835 0.0330111 -0.59975 -0.577154 0.205292 0.105571 0.0340298 -0.0452662 0.0683107 -0.359447 0.0367296 -0.198226 -0.264464 0.00365279 0.0101086 0.00322093 -0.0224886 -0.0467851 -0.0307607 -0.10387 -0.00146498 0.0202088 0.125202 -0.0129788 0.00488201 0.150197 0.0501072 0.0571551 0.368911 0.202496 1.41576 0.141511 0.658663 -0.0445867 0.0862548 0.156619 -0.0507171 -0.0525866 0.0918436 -0.232384 -1.39322 0.438024 0.671222 -0.0684837 -0.0209038 0.270625 -0.17205 0.322759 -0.0363824 0.327432 1.08695 0.158157 -0.0479743 0.121276 1.5017 -0.440102 -1.91574 0.388496 2.67424 1.29465 -0.405078 -0.373848 -0.427154 1.91391 4.08312 0.558107 0.646356 -3.9965 -5.67099 -0.449131 0.0118746 -0.0710556 0.161101 0.0107696 -0.0678005 -3.07141e-09 0.718176 0.310751 -0.130742 -0.647368 -0.619491 3.49378e-09 4.29807e-10 5.09411e-10 0.220039 0.296347 -0.837932 -0.230033 0.381033 -0.988821 0.587172 7.53012e-09 -9.02093e-10 -7.97401e-10 0.104226 -0.162388 0.167758 -0.642373 0.714576 1.44502 -0.848697 0.228121 0.893881 7.5824 0.0128356 0.292705 1.02007 0 0.0849834 0 0.0635971 0 0.0543392 0 0.0497907 0 0.081762 0 0.0389515 0.000807233 0.0253382 0.0172602 0.0140101 0.111348 0.0686427 0.0460643 0.0341101 0.0120206 0.0424433 0.0721558 0.0467914 0.0400533 0.0620108 0 0.0636631 0 0.0718532 0 0.0398152 0 0.012624 0.00460564 0.00299702 0.00325672 0 0.30355 0.118648 0 0 0 0.0347206 0.104243 0 0.0224158 0 0 0.0175061 0.0184238 0 0 0 0 0 0 0 0 0 0 0 0 0 0 0 0 0 0 0 0 0 0 0.0313572 0.0136733 0.0139592 0 0.0244393 0.0207631 0.00815795 0.0317347 0.0238959 0.0579738 0.0151851 0.00145747 0.0214022 0.00111976 0 0.138682 0.0137461 0.100622 0.0103324 0.128353 0.0147816 0.240146 0.0486901 0.042328 0.0276277 0.133839 0.0193153 0.134528 0.0188587 0.0451208 0.0375395 0.387392 0 0.757034 0.0124739 0.0257802 0 0 0.00183495 0 0.00365651 0 0.0323446 0 0.0339119 0.648 0 0.487376 0 0.161252 0 0 0.000931852 0.0368542 0 0.252519 0 0.371502 0 0.0581764 0.037722 0 0.00442409 0 0.00759863 0 0 0.223326 0.0588616 0.1308 0 0 0.0987767 0 0.00566029 0 0.0222433 0 0.0145979 0.00309902 0.0111358 0.0111156 0.00740303 0.512472 0.142116 0.00136216 0 0.0482569 0 0 0 0 0 0.108669 0.173281 0 0 0 0.0439416 0.0055262 0.0249195 0.00466767 0.0231996 2.00309e-05 0.00523897 0 0.0039126 0.0518109 0 0 0 0.00526636 0 0.146006 0.218513 0.0529383 0.240858 0.101021 0.0602749 0 0.111332 0 0.00721934 0 0.118882 0 0.149789 0.00842614 0 0.177645 0.0237123 0.11182 0.0158206 0 0.0223252 0 0 0.114754 0 0 0.160957 0 0.182318 0.441746 0.0247805 0 0.0332336 0 0.0959754 0.465817 0 0.25346 0.284697 0 0 0.497893 0 0.182153 0 0 0.199527 0 0.0143735 0 0.0486679 0 0.0502652 0.198766 0.0668434 0 0.00769594 0.0109268 0.00237178 0.401845 0.163373 0.0499097 0 0.0783677 0.00121009 0.106063 0.00370916 0.129981 0 0.12574 0.0935634 0.0718746 0 0.064822 0.000305086 0 0 0.0490425 0.00932416 0 0 0 0 0 0.0139157 0 0.00395529 0 0 0 0.00359792 0 0.00147842 0.142668 0 0.17701 0.00956322 0.25888 0.00673314 0 0.0233792 0 0.281017 0 0.0981404 0 0.0250661 0 0.115421 0 0.0281692 0 0 0 0 0.175588 0.130643
10 6.4078 0.0350997 0.0616945 0.00429421 0.228241 -0.0914067 7.62233 -0.42807 -0.135914 -0.00175937 0.14618 0.175224 0.259025 0.0249253 -0.514659 -0.532107 0.151054 0.111419 0.014012 0.0617656 0.26518 -0.355948 0.100769 -0.390327 -0.53033 -0.0189675 0.00699843 -0.00266535 -0.0225857 -0.0462453 -0.0352432 -0.103702 -0.0183131 0.0230066 0.128075 0.00351159 -0.00621216 0.150197 0.0501072 0.0571551 0.352751 0.196487 1.39513 0.14305 0.677997 -0.0513168 0.0801562 0.156617 -0.0508071 -0.0525937 0.0983691 -0.262688 -1.37642 0.356445 0.661415 -0.0305981 -0.0471234 0.393871 -0.289121 0.352949 -0.0691229 0.500064 1.16543 0.98863 0.27934 0.389345 0.0408415 0.0977737 -2.67735 0.398605 2.51316 1.57349 -1.7981 0.386121 -0.618304 3.28023 8.24898 -0.00726787 0.519463 -7.51168 -9.89246 -0.661037 -0.0970067 0.053287 -0.0495937 -0.00618067 -0.18701 -2.80485e-09 -0.494097 0.134057 0.0436155 0.454278 -0.414728 2.59353e-09 2.63913e-10 3.52082e-10 -0.36768 0.041129 -0.74883 0.123285 0.197388 0.0643549 -0.109112 6.9941e-09 -9.29463e-10 -6.92544e-10 0.412457 0.64465 0.425667 -0.530086 1.31371 1.8373 -1.21876 0.228233 0.906344 7.61783 -0.00809857 0.423651 1.1006 0.00371947 0.047924 0 0.0304547 0 0.0234815 0 0.0360087 0.0229895 0.0241952 0.0261841 0.00591512 0.0355695 0 0.0449737 0 0.109333 0.045781 0 0.0607486 0 0.0617824 0 0.0955689 0 0.117279 0 0.0511922 0 0.0520401 0 0.00273356 0 0 0 0 0.00660581 0 0.281046 0.0551775 0 0 0 0 0.025423 0.05784 0 0.0252746 0 0.00161284 0.00767458 0 0 0 0 0.000873336 0 0 0 0 0 0 0 0.0100295 0 0.00110447 0 0 0 0 0 0 0 0.00499849 0.00338591 0.00278007 0 0.0117804 0.0198935 0.00266741 0.0256821 0.015929 0.0595827 0 0 0.0254981 0.000825997 0 0.111373 0.0260775 0.081137 0.0187499 0.101742 0.0236892 0.203262 0.047828 0.0360159 0.00971229 0.11372 0.0312359 0.114048 0.0308236 0.0443434 0.0268156 0.135256 0.0342308 0.611737 0 0.0265425 0 0 0 0.00996303 0 0 0 0 0 0.677092 0 0.534116 0 0.163359 0 0 0.000224182 0.0111843 0 0.133735 0.0450781 0.293082 0.02508 0 0.108731 0 0.0172869 0 0.00737453 0 0 0.189638 0.0584131 0.152884 0 0 0.0853725 0 0.00577007 0 0.0136683 0.0114646 0 0 0.0354407 0 0.0520571 0.483573 0.110192 0.00128239 0 0.0996191 0 0 0 0 0 0.108863 0.175542 0.000834647 0 0 0.0394818 0.00929187 0.0116435 0.00867298 0.0107479 0 0.0325335 0 0.0267793 0.0221775 0.00692177 0 0.0116517 0.0023715 0.00195158 0.0305961 0.23706 0.0610158 0.161203 0.0344196 0.106952 0.0139056 0.0344366 0 0 0.00637551 0.0300952 0.00496489 0.053896 0 0.0268671 0.0917499 0.00680256 0.0331464 0.0315063 0 0 0 0 0 0.14452 0 0.142947 0 0.150754 0.123567 0 0 0.0395622 0.00421689 0.0860548 0.2657 0 0.242135 0.202702 0.00116515 0 0.387996 0 0.177613 0 0 0.212187 0 0.00999462 0 0.038592 0 0.0394298 0.188348 0.0823331 0 0.0129292 0 0.00994645 0.371924 0.0854203 0.0931393 0 0.0218247 0.0263322 0.0864833 0.00749568 0.122475 0 0.0913068 0.107083 0.0394529 0 0.0569357 0.00414868 0 0 0.0495785 0.0128774 0 0 0 0 0 0 0 0 0 0 0 0 0 0 0.0328694 0.0898417 0 0.104802 0.0208512 0.105956 0 0.0334219 0 0.235493 0 0.117646 0 0.00991936 0.00105169 0.0604663 0 0.0249475 0 0 0 0 0.168653 0.11015
11 6.44113 0.0261298 0.0790472 0.0264663 0.228044 -0.075824 7.66247 -0.352616 -0.131039 -0.00565771 0.125807 0.17181 0.17186 0.0231525 -0.431027 -0.478883 0.0446865 0.129948 -0.00367089 0.278795 0.61427 -0.340016 0.161941 -0.540509 -0.602254 -0.0187942 -0.0036031 -0.0104626 -0.0211955 -0.0481959 -0.0426839 -0.10351 -0.0315459 0.0169375 0.135843 0.0158981 -0.011219 0.151331 0.0502346 0.0570723 0.356394 0.19596 1.37399 0.16185 0.682088 -0.0407591 0.073133 0.156591 -0.0518281 -0.052674 0.101585 -0.290733 -1.35412 0.256296 0.665881 0.00102375 -0.073346 -0.603199 0.180021 0.445569 -0.1132 0.450674 1.23948 2.58778 0.347472 0.129843 -0.244766 -0.0808886 -2.38883 0.266501 2.12962 1.70275 -2.99367 0.916954 -0.40926 6.24947 9.9552 -0.200366 -1.17085 -0.255891 -2.23813e-07 0.052765 -0.183328 0.0718353 0.269454 0.00837422 -0.364368 -2.16765e-09 -0.403046 0.0670919 0.262575 0.354716 -0.526584 7.23706e-10 1.06594e-10 5.92972e-12 -0.0840282 0.134779 -0.562048 0.0167231 -0.134347 0.22647 0.0519295 5.91167e-09 -6.92407e-10 -3.29056e-10 -0.340267 0.669646 0.473992 -0.339739 1.93844 2.19005 -1.37942 0.227947 0.920536 7.65607 -0.00864646 0.389595 1.17712 0.0104828 0.0400389 0.00199595 0.0311693 0.00684719 0.0321494 0 0.0208909 0.0183411 0 0.10092 0.0676145 0.0850547 0.0364234 0.0979095 0.0293149 0.105359 0.0248181 0 0.042304 0 0.0212766 0 0.0502834 0 0.0712039 0 0.00234938 0 0.00142607 0 0 0 0 0.0451275 0 0.00655021 0 0.236469 0 0 0 0.115375 0 0 0.0890721 0 0.0386578 0 0.0120074 0 0 0 0 0 0.00575905 0 0.00132011 0 0.000700204 0 0 0 0.0265611 0 0.00501812 0.00582547 0.00160304 0.00665408 0 0.0117078 0 0.0648406 0.0209381 0 0 0.0426997 0.0264101 0.0181386 0 0.016827 0.00526875 0.0688768 0 0 0.0400346 0.00037046 0 0.0315825 0.0342813 0.0180318 0.0231389 0.0322647 0.0282511 0.0997729 0.0391607 0.0349236 0 0.0404585 0.0318335 0.0394081 0.0317462 0.0431931 0.0227642 0.0655004 0.0888802 0.313671 0 0.0142732 0 0.00355693 0 0.0653551 0 0 0 0 0 0.463643 0 0.288368 0 0.0731507 0.0352868 0 0.0163044 0.00615195 0 0.00108168 0.100911 0.0587656 0.0581039 0 0.112174 0 0 0 0 0 0 0.148824 0.0877714 0.254129 0 0 0.0647498 0 0.00610056 0 0.00471692 0.11697 0.108802 0 0.0165651 0 0.0288194 0.476981 0.103982 0.00155644 0 0.0863746 0 0 0 0 0.0140141 0.134611 0.159438 0.0420578 0.00265256 0.0597313 0.0434043 0.0351533 0.0110803 0.033779 0.0109259 0 0.0170528 0 0 0.0047663 0.0165987 0 0.0235435 0 0.00297285 0.00852298 0.123508 0.109827 0.143194 0.026938 0.17805 0.0233015 0 0 0 0.0141954 0.0104227 0.0108217 0 0 0.00231244 0.0112427 0.0149329 0 0.00327273 0 0 0 0 0 0.143804 0 0.144754 0 0.126566 0.0357665 0 0.0537335 0.11666 0 0.0740716 0.0633083 0.0548917 0.171065 0.053592 0 0 0.162189 0 0.0880359 0 0.0329642 0.258678 0 0 0 0.0154452 0 0.0339218 0.212647 0.0754893 0 0 0 0.00216607 0.261186 0 0.0458249 0 0 0.00652886 0 0.019229 0.154985 0 0 0.175673 0.0502064 0 0.0518227 0 0 0 0.0464152 0.00210937 0 0 0 0 0.107497 0 0.00777476 0 0.0381683 0 0.0600143 0 0.0365278 0 0 0.0708459 0 0.0700422 0 0.0944737 0 0.047007 0 0.183293 0 0.117947 0.0288339 0.0699425 0.00631938 0.00588305 0 0.0243546 0 0 0 0 0.178955 0.117251
12 6.47447 -0.0176786 0.115019 0.0771342 0.230537 -0.065554 7.70513 -0.220438 -0.155952 -0.0533766 0.0758015 0.266439 0.188695 -0.0273853 -0.0696693 0.00976408 -0.0534088 0.156965 -0.0443907 0.492293 0.843787 -0.250076 0.10272 -0.214821 -0.239245 0.00525948 -0.0276152 -0.0290294 -0.00954698 -0.0431684 -0.0628187 -0.103035 -0.0595136 -0.0140404 0.156028 0.0435887 0.0066502 0.137095 0.0402103 0.0422649 0.386069 0.172214 1.36926 0.236671 0.697249 0.0021801 0.0613521 0.156612 -0.0509968 -0.0526086 0.1131 -0.341285 -1.32701 0.125383 0.649715 0.0206643 -0.0490833 -1.18105 -0.0295288 0.932123 -0.036909 0.221487 1.27368 3.15434 -0.259025 -1.39113 -0.726448 -2.50523 0.575128 -0.148797 0.971176 56.6866 -2.66749 0.829349 -0.968254 6.08177 3.48952e-08 2.60959 -4.18597 22.8165 23.1013 0.407851 -0.582406 0.0288822 0.33465 0.530592 -0.460528 -2.67392e-09 -1.77225 -0.79534 0.624081 1.87742 0.156963 -0.786311 -0.171688 -0.753844 0.0296552 -0.380419 0.201502 0.551423 -0.634654 1.91898 -0.841885 6.57129e-09 -1.01471e-09 -5.43135e-10 -1.43576 0.66397 0.0772535 -0.689983 2.095 2.70011 -0.240556 0.227822 0.930023 7.69642 -0.0147385 0.247945 1.19666 0.0271718 0.00864326 0.0275278 0.00941168 0.0371592 0.0174346 0 0.0247468 0.055935 0 0.151748 0.171359 0.129685 0.0949319 0.149848 0.0957535 0.122772 0.0155668 0 0 0.0134406 0 0 0 0 0 0.113586 0 0.0663134 0 0.140228 0.0115088 0.139832 0 0.162381 0.0310805 0.0130739 0.00624872 0.277121 0 0 0.0514989 0.218248 0 0.0545654 0.0418433 0.0239476 0 0 0.0251645 0.000178298 0.00124482 0 0.0221724 0.00367358 0.025758 0 0.0118387 0 0 0 0.00233421 0 0.0111374 0 0.0177059 0 0 0.094938 0 0 0 0 0.0351084 0 0.012964 0.121006 0 0.0202516 0 0.0226946 0.0144721 0.0689305 0 0 0.0483573 0.00132695 0.00221182 0 0.157819 0 0.113133 0 0.120496 0 0.135728 0.0374497 0 0.0591061 0.10142 0 0.0897003 0.0506401 0.00766686 0.624551 0.462449 0.128406 0.341851 0.0118642 0.110211 0 0.0630231 0.0164324 0.0384309 0 0.00723693 0.0734174 0.0219141 0.159545 0.129948 0 0.178344 0 0.220477 0 0.0930286 0.00736603 0.0385323 0.014895 0.0825479 0 0.105947 0.0215152 0 0 0 0 0.0151762 0 0.014051 0.124749 0.0746679 0.366554 0.0330378 0 0.0725388 0 0.0165697 0 0.00949405 0.159872 0.0716674 0 0 0 0 0.572117 0.0616202 0.005741 0 0.235273 0.00778274 0 0.0530455 0 0.0341484 0.276076 0.0828235 0.281722 0 0.547525 0.00741819 0.0192556 0 0.00538758 0 0 0.00462589 0 0 0.0784583 0.0281204 0 0.0877802 0.00410997 0 0.0865146 0 0.351139 0.100308 0.232334 0.193998 0.078343 0 0 0 0.129372 0 0.0958917 0.00919037 0 0 0.0348395 0.0435543 0.0109199 0.0102345 0 0 0 0.00178414 0 0.0110464 0 0.189993 0 0.181634 0.0811517 0 0.220692 0 0.0185218 0.0742811 0.0235262 0.0188747 0.173925 0.0077627 0 0.0186487 0.686356 0.287385 0.707757 0.185052 0.0296653 0.41281 0 0.00849507 0 0.0379803 0 0.0487523 0.320291 0.0478217 0 0 0 0 0.276768 0 0.014861 0.0598091 0 0.0274731 0.0305439 0.0540238 0.161044 0 0 0.246926 0 0 0.0909686 0 0 0.0146387 0.0930614 0 0.0534586 0.000858546 0.00764771 0.0596399 0.286633 0.0355363 0.0683082 0.0364056 0.0785617 0.00716003 0.117618 0 0.0831257 0.0153769 0 0 0 0 0 0 0 0.0707211 0 0.200453 0 0.342444 0.00847154 0.104221 0.00629805 0.00533571 0 0 0 0.0062655 0 0.038966 0.213217 0.102665
13 6.5078 -0.0430333 0.075437 0.110624 0.233392 -0.0562402 7.74536 -0.131725 -0.156338 -0.0862615 0.044449 0.236902 0.229502 -0.027694 -0.0740829 0.00354416 -0.101955 0.15412 -0.0837842 0.556509 0.420979 -0.0533647 -0.0478337 -0.0423649 -0.0704309 0.0442964 -0.0454615 -0.0344886 -0.0478887 -0.0137821 -0.0708819 -0.102059 -0.11586 -0.0503071 0.192073 0.105908 0.0217092 0.150967 0.0281338 0.05226 0.262145 0.183345 1.35938 0.138007 0.654369 -0.0661935 0.000735397 0.157423 -0.0182663 -0.0495337 0.0769078 -0.269977 -1.34898 0.0887385 0.700756 -0.0108675 -0.0327277 -0.598812 -1.7076 0.713736 0.0141418 0.211057 1.16506 2.05886 0.249586 -0.877422 -0.882362 -0.113023 1.5673 -0.320404 -0.684025 -0.942093 -1.03695 0.106688 -1.10166 -0.114802 -15.8603 3.7007 1.69161 5.23842 4.28619 1.22065 0.173123 -0.259152 -1.47423 0.206768 0.270395 -1.6138e-09 0.927575 -3.00054e-09 1.18565 -0.945497 -1.96086 -1.17106 0.7278 1.96505e-09 -1.62142 0.068191 -0.178607 -1.81929 0.699301 -4.51378 -2.28681 5.32189e-09 1.36054 -0.363816 0.228462 1.77247 -0.0614009 0.462535 0.394168 -1.16205 -0.0696839 0.227519 0.938331 7.73501 -0.00791263 0.231906 1.1305 0.00313983 0 0.00113322 0 0.00663309 0 0.04972 0 0.0481754 0 0.120551 0.0424533 0.114237 0.0542217 0.0760249 0.100257 0.0325066 0.0125428 0.0404079 0 0.0399863 0 0.0496793 0.0114627 0.104374 0 0 0 0 0 0 0.0334492 0 0.0771073 0 0.136131 0.0132898 0.000113341 0.102264 0 0 0 0 0 0.0847119 0.0577893 0.067323 0.0613643 0.00878177 0.0583961 0 0 0 0 0.0496249 0.0217881 0 0 0 0 0 0.026122 0.0531564 0.0498621 0.00234043 0.0221502 0 0 0 0 0 0.00477358 0 0 0 0.00820982 0 0 0.0062746 0.00090176 0 0 0.0485856 0.0420714 0.0746299 0.0396506 4.21255e-05 8.77286e-05 0.184683 0.227846 0.129437 0.139274 0.168284 0.18526 0.137703 0.238363 0.0693102 0.0501976 0.129764 0.0923068 0.138259 0.198754 0.0392549 0.0225424 0.0130052 0.430672 0 0.203658 0 0.137697 0 0 0 0 0 0 0.0128449 0.0223123 0.122978 0.313291 0.21633 0.45214 0.0839803 0.440844 0.00641728 0.0915902 0 0.0786949 0.0236001 0.201632 0.192986 0.276724 0 0 0 0 0 0 0 0 0.243199 0.101753 0.192834 0 0 0 0 0 0 0 0.00652278 0.0309575 0 0 0.0606765 0.031618 0.536864 0.193594 0.00233262 0.00160238 0.0767113 0.0517154 0 0 0 0 0.223891 0.111283 0.0674284 0 0.00419637 0 0 0 0 0 0 0.0537408 0.000222035 0 0 0.0477756 0.00991519 0.0335811 0 0 0.135012 0 0.31697 0.168185 0.144042 0.159032 0.117854 0 0.0139781 0 0.0649482 0 0.114232 0 0 0 0.235903 0 0.134957 0.0665661 0 0.015881 0.000742253 0.0062404 0.00235582 0.129111 0.109849 0.10648 0 0 0.0490554 0.0299538 0 0 0 0 0.0154499 0.0254677 0 0 0 0 0.131953 0.374876 0 0 0.109922 0.249826 0 0 0 0 0 0.090072 0.262119 0.0691627 0 0 0 0.0330815 0 0 0.0652632 0.0616189 0.0379962 0.0746723 0.12017 0.0337516 0.185362 0.106347 0 0.138794 0.763582 0 0.0120445 0 0.0764353 0.0258971 0.0461007 0 0.0302845 0 0.0206996 0 0.060285 0 0.0166699 0 0 0 0 0 0 0 0.0106439 0.263675 0.133378 0.0761142 0.178366 0.103361 0.0148529 0 0.148421 0.169097 0 0.16045 0.0382939 0.0324416 0.0515937 7.87042e-05 0.0404426 0 0 0 0 0 0.221614 0.076347
14 6.54113 -0.043599 0.0465846 0.108275 0.234273 -0.0533965 7.78422 -0.0569032 -0.171918 -0.0828261 -0.0100666 0.100143 0.213759 -0.0462361 -0.0568687 -0.0694301 -0.163768 0.140835 -0.0737132 0.536034 0.264647 -0.0113827 -0.0421232 0.0339055 -0.00193038 0.0589544 -0.0409788 -0.0177995 -0.0853618 -0.0119217 -0.0631598 -0.0896074 -0.0337288 -0.0506887 0.182218 0.0427737 0.0025702 0.0853368 0.0448781 0.0544168 0.404909 0.173335 1.31266 0.185487 0.710673 0.0950643 0.0199857 0.157287 -0.00431573 -0.0350921 0.205369 -0.322664 -1.34664 0.0202157 0.645423 -0.055925 -0.0577675 0.0766587 -0.859034 -0.102285 -0.0531939 -0.125751 1.16419 1.98555 -0.0572817 -0.176046 -1.4904 -3.06109 -2.11824 0.243084 0.294774 -2.77935 -1.93522 -0.294533 0.449883 -0.684876 -3.13321 -0.117277 0.0728192 2.01599 2.02638 0.199619 0.441523 0.379049 -0.978246 -0.147742 0.336995 0.176339 -0.597275 -7.00202e-10 -0.374547 1.16565 -0.6588 -1.31631 -0.247493 -0.0152095 0.665489 -1.3021 -0.599149 0.555646 -0.0406272 4.01886 -0.71542 -0.282312 -1.11359 0.848595 3.12386 2.65255 -1.3287 -0.0419335 0.177568 0.392138 -0.56059 0.227397 0.94065 7.77254 -0.00529948 -0.083288 1.12584 0 0.00868066 0 0 0.0122655 0.00853008 0 0 0 0 0 0.0645079 0 0.0755464 0 0.126028 0.0406378 0.0603153 0 0.0495579 0 0 0 0.177994 0 0.13225 0 0 0 0 0 0.042636 0 0.061947 0.0240301 0.0969709 0.0074376 0.00711897 0.046181 0 0.0111515 0.0459199 0 0 0.157248 0.0715723 0.0631283 0.0990882 0.037483 0.0324701 0 0 0.00180067 0.000910582 0.0547636 0.0432001 0 0.0149911 0 0 0.013107 0.0535061 0.0381267 0.0315384 0.0134855 0.0242483 0 0.0928149 0 0 0 0.103343 0 0.0712225 0.021452 0.0433112 0 0.0470657 0.00928502 0.0108842 0.0100333 0.0334589 0.0539456 0.0167348 0.0316533 0.0632184 0.00120881 0 0.117219 0.0946065 0.0760069 0.0326664 0.101373 0.0921298 0.0532676 0.120368 0.0320882 0 0.0670071 0 0.0751444 0.0270825 0.0272193 0.00802654 0 0.190263 0 0 0.0296411 0.0461869 0 0 0.00115985 0 0 0 0.102925 0.0104602 0.191926 0.280362 0.273106 0.155027 0.107705 0.175683 0.0199578 0.0318606 0.0303041 0.120255 0 0.230681 0.0864745 0.275006 0 0 0 0 0 0.0159175 0.00870904 0.00358515 0.113424 0.118878 0.0606022 0.0161755 0 0 0 0 0 0 0 0.0735524 0 0 0 0.0231487 0.149014 0.0642214 0 0 0.0607044 0.0160863 0.00799294 0.0290375 0 0 0.161933 0.100508 0.0805334 0 0.019417 0.102417 0 0.0141307 0 0 0.0237554 0.0546208 0.014431 0 0 0.0207691 0.112763 0.104128 0.000943642 0 0.00698147 0 0.231664 0.189686 0.0770971 0.109244 0 0 0.0343031 0 0.0525304 0 0.134106 0 0.0164762 0.0208251 0.054778 0.0784243 0 0.148591 0 7.66958e-05 0.00376242 0.0248522 0 0.230483 0.0962417 0.100685 0 0 0.262568 0.0374893 0.0181097 0 0 0 0.250421 0.0151538 0 0 0 0.0680225 0.0141633 0 0 0 0.14219 0.210016 0 0 0 0 0.0694293 0.102983 0.152063 0.04821 0 0 0 0.0325874 0 0 0.039644 0 0 0.137555 0 0.034784 0.118482 0.0322096 0 0.349072 0.0936619 0 0 0.00475359 0.0823583 0.0588383 0.00117524 0.0170304 0 0 0 0 0 0 0 0 0 0 0 0 0 0 0 0.420976 0.0663951 0.166576 0.11392 0.227022 0.0197143 0.00814028 0.0222273 0.0891787 0 0.00860343 0.0190927 0.0597987 0.0561042 0 0 0 0 0 0 0.0179314 0.0737466 0
15 6.57447 -0.00707074 0.0448998 0.0952498 0.233358 -0.0612247 7.81981 -0.0225744 -0.170846 -0.0695543 -0.0614121 0.0853022 0.157081 -0.0186659 0.0214903 0.106091 -0.29416 0.105711 -0.0429593 0.537846 0.173205 0.014659 -0.0936416 0.0874528 0.0524023 0.0336313 -0.0535288 0.00406995 -0.107764 0.00645203 -0.0556736 -0.104295 -0.0193051 -0.0464472 0.178809 0.0333363 -0.0176369 0.149364 0.00859822 0.0450413 0.313878 0.19482 1.29442 0.27103 0.703316 0.0827963 0.0726626 0.0856595 -0.0314976 -0.00189071 0.359923 -0.241712 -1.39198 0.0846052 0.70196 0.037625 -0.101036 0.782963 -0.243023 -1.98998 -0.189864 -0.132071 1.0046 1.65375 0.32402 2.24336 -1.62798 -0.439462 -0.194918 -0.209163 0.0144998 -0.000608079 -3.83367 -1.44815 2.49155 -0.435925 -2.27531 0.589596 -2.02128 1.1629 1.27289 0.312483 0.541233 1.99554 -1.19181 -0.0424247 0.444246 -1.86575e-09 0.338765 0.855455 -0.44481 -0.496199 -1.30932 4.26487 -1.89434 0.829656 -3.03779 5.42794 -2.57593 -0.441562 -0.703634 1.54488 0.527659 0.00758026 0.35176 -0.449042 -0.469359 0.804772 -0.255262 -0.179318 3.19259e-09 1.18553 -1.4256 0.227194 0.933524 7.80996 -0.0134882 -0.125255 1.11229 0.477169 0 0.455149 0 0.410985 0 0.43258 0 0.691736 0 0.630009 0 0.596999 0 0.539214 0 0.0884313 0.0372645 0.309221 0 0.375276 0 0.347248 0 0.465718 0 0.45874 0 0.481054 0 0.329167 0 0.0651964 0 0 0.14097 0 0.00780564 0.0202271 0 0.192393 0.146796 0 0 0.0438337 0 0.026363 0.0737768 0.09107 0.064814 0 0 0.0609599 0 0.0303293 0.0668271 0.0116845 0 0 0 0 0.0272451 0 0.0500328 0 0.0205048 0.081794 0.0307433 0.0408161 0 0.0505343 0.00584455 0.0849919 0 0.0258965 0.019663 0.0159177 0 0.0135454 0.00863212 0.0266011 0.02983 0.0170738 0 0.0198754 0.0746021 0 0 0.0395046 0.106674 0.0150175 0.0765509 0.0295533 0.0896607 0 0.138598 0.024665 0.0454639 0.0118052 0 0.014512 0.0013803 0.0539223 0.0255243 0 0.619038 0 0.158894 0 0.0955755 0 0 0 0 0.166268 0 0.27986 0 0 0.605789 0 0.761975 0 0.516878 0 0.0342099 0.0275553 0 0 0.325936 0 0.457965 0.123218 0 0.234782 0 0 0 0.0314614 0 0 0.185929 0.320152 0.0561596 0.0221866 0.0250899 0 0 0 0 0.135018 0 0.0884316 0 0.108542 0 0.0127939 0.336122 0 0 0.179465 0.0227674 0.0933613 0 0 0.00692812 0.0325833 0.193021 0.0696902 0.190025 0 0.503995 0.0904586 0.0219791 0.101297 0 0.0896928 0.0488622 0.156706 0 0 0.0237857 0.117619 0.0585941 0 0 0.859882 0 0.842827 0 0.218277 0.0954251 0.746062 0 0.0660265 0 0.633627 0.00567314 0.705982 0 0 0.263397 0 0.0908267 0.0115503 0.120598 0 0 0.0915765 0.0244581 0 0.0578981 0.107539 0.126961 0.0516755 0.0224787 0.0542483 0 0.00251445 0 0 0 0.0611907 0.150467 0 0 0.0216936 0.019751 0 0 0 0 0.184888 0.263268 0 0 0.0472825 0 0.0550406 0.160163 0.0149914 0.186065 0.000303343 0 0.124042 0 0 0 0 0.327286 0 0.0798499 0 0.140537 0.113935 0.141174 0 0.0509288 0.003551 0.0636722 0 0.0105579 0.120073 0.120963 0 0.0486314 0 0 0 0 0.0511112 0 0 0.0080964 0 0 0 0 0 0 0.0303101 0.260588 0.213868 0.0898206 0.1327 0.132145 0 0.00053209 0.704114 0 0 0.357244 0.265671 0.00439442 0.650992 0 0.173453 0 0 0 0.0518115 0 0.103691 0.118401
16 6.6078 0.017815 0.0338784 0.0628146 0.229606 -0.0639322 7.85316 0.0155562 -0.161205 -0.0286661 -0.101589 0.0645845 0.157164 -0.0221258 0.0581505 0.106085 -0.404285 0.0836814 0.00651 0.494601 0.0865755 0.0867288 -0.12447 0.151804 0.108821 0.0101804 -0.0514246 0.0187935 -0.101392 0.014628 -0.0283634 -0.10387 0.00431907 -0.0294844 0.16486 0.0111648 -0.0380078 0.153999 -0.0110309 0.0501015 0.203433 0.178678 1.3108 0.279194 0.681722 0.035437 0.037206 0.14496 -0.0413459 -0.0494568 0.382462 -0.204645 -1.33295 0.212404 0.699698 0.0038652 -0.089771 0.262154 -0.501507 -0.697852 -0.128583 -0.0511943 0.96561 0.984526 0.196067 0.746008 -9.84802e-10 -1.13924 0.2781 -0.188325 -0.000147926 -0.000168442 -2.77293 -0.809311 0.767267 -1.37514 -2.48378 2.30424 -0.759688 1.68727 1.54902 -0.196671 0.0686732 0.296547 0.400285 0.186529 0.553457 -2.29492e-09 0.0504048 0.459916 -0.0909784 -0.0895029 -0.471946 5.40443e-09 -0.298146 1.78347e-10 -0.827469 1.68198 0.169338 0.129923 0.304551 -0.768271 -0.0938592 4.97818 0.699133 -1.27442 -3.16667 -3.88043 2.3702 0.0955893 -0.306677 -2.72161 1.54674 0.226745 0.93144 7.84677 -0.0171004 -0.0454002 1.10545 0.0730886 0 0.0564153 0 0.0464638 0 0.0649914 0 0.028826 0.00512167 0.156123 0.0186026 0.12685 0.0289744 0.107167 0.0410562 0 0.0222205 0.13259 0 0.204656 0 0.232958 0 0.317614 0.00254928 0.198935 0 0.228402 0.0101553 0.00368444 0.0151954 0 0.0137477 0 0.0207467 0 0 0 0 0.166946 0.201892 0.0768036 0.00260997 0.140488 0.0336117 0.0500187 0.0113297 0.045141 0.0775672 0 0.00866353 0.0188184 0.00299425 0.051883 0.0744573 0 0 0 0 0 0 0.053171 0.0223074 0.0152424 0 0 0 0 0 0 0 0 0 0 0 0.000349491 0 0 0 0 0 0 0.0125967 0.0676219 0.0211351 0.00013673 0.000231152 0.0793824 0.141546 0.058292 0.139993 0.0647046 0.14298 0.05154 0.178827 0.0283744 0.118418 0.043729 0.11651 0.04396 0.11031 0.0173812 0.0564512 0.029575 0.201366 0 0.126849 0 0.0473418 0 0 0 0.0306425 0.0513914 0 0 0.00313477 0 0.112848 0 0.0706636 0 0.0705138 0.0444606 0.00803429 0 0 0.00895153 0 0 0.0387733 0.315642 0 0.0803788 0 0 0 0 0 0.110735 0.185113 0.0325446 0 0.0110107 0 0 0 0.0238194 0 0.071363 0.0354228 0.0774088 0.000592963 0.114771 0 0.213264 0.298678 0 0.00278248 0 0 0.0289153 0.0103612 0.03022 0.0140071 0.0528156 0.107035 0 0 0 0 0 0 0 0 0.0928922 0 0.14885 0 0.0121843 0.0342868 0.108805 0 0.000627318 0 0.352902 0.0199538 0.266295 0.0978304 0.130438 0.0796993 0.0938526 0 0.0552589 0 0.030429 0 0.0363156 0 0.0123989 0 0 0.0350587 0.0175728 0.0352804 0 0 0 0.0318367 0.274308 0 0.172033 0 0.116475 0 0.0793523 0.0129386 0.322819 0.0545114 0 0 0.0274276 0.0328273 0 0 0.00522928 0 0.00237795 0.306403 0.00437616 0 0.191377 0.00594035 0 0 0.019086 0 0.0641487 0 0.0539138 0.159468 0 0 0.0559912 0 0 0 0 0.0254436 0 0.0131226 0 0.0282324 0.14577 0.281521 0 0.181079 0 0 0.000137333 0 0.0886415 0.0757335 0 0 0 0.044127 0 0.0198219 0 0.17968 0 0.044058 0 0.0575352 0 0.0794443 0 0.0715999 0.139981 0 0.230479 0 0.23316 0 0.0165607 0 0.329207 0.00259989 0.0135387 0.0193709 0.0661403 0 0.0459563 0 0.0290733 0 0 0 0.007808 0 0.0994597 0.101488
17 6.64113 0.00284974 -0.00519381 0.039672 0.226381 -0.0671603 7.88827 0.0733463 -0.147509 -0.00472161 -0.101589 0.0233062 0.181956 -0.0239511 -0.120118 -0.106743 -0.415518 0.0851843 0.0468644 0.35153 0.109429 0.114513 -0.0411628 0.157463 0.112706 0.0135436 -0.0427849 0.0278495 -0.0730641 0.0232572 -0.0138642 -0.103812 0.00768584 -0.0263713 0.167623 0.0222309 -0.0323474 0.15278 0.0361119 0.0537278 0.185053 0.15878 1.31796 0.359054 0.697768 0.0346017 0.0112047 0.158297 -0.0183937 -0.050284 0.4039 -0.219388 -1.34223 0.210881 0.642269 -0.0057764 -0.067754 -0.37053 -1.17379 -0.724154 -0.104932 -0.110828 1.06852 1.69996 0.392232 0.582837 -3.92854e-10 -1.25168 0.794996 -0.166424 -5.60336 -6.24159 -0.278522 -0.122146 1.24261 -4.20429 1.64289 -0.526583 3.51408 0.353732 0.370915 0.0175207 0.175724 0.204479 0.75573 0.178751 0.520769 -7.73722e-10 0.162632 0.0821809 0.0796863 0.223859 0.0919607 2.50616e-09 0.707937 1.33952e-10 -0.0517235 1.13195 0.1303 0.209155 -0.71169 1.14418 -0.668421 8.95043e-10 0.266747 -1.97318e-10 1.30412 0.66107 -0.648212 0.135479 -0.652515 0.424641 -0.361601 0.22626 0.928924 7.88352 -0.016304 -0.0920611 1.10074 0.0377531 0 0.0195442 0 0.0143832 0 0.0523491 0.0025201 0.0976891 0 0 0 0 0 0 0.00137925 0.0206684 0.0148163 0.0317296 0.103867 0.0285573 0.0854871 0.0570104 0.16484 0.0662252 0.160289 0.00420315 0 0.00980199 0.0244246 0 0 0 0 0 0 0 0 0.00508369 0 0 0.02737 0.0869046 0 0.160886 0.0114577 0.0648694 0.00644094 0.0149655 0.0139219 0 0.0124144 0 0 0.0167973 0.0303124 0 0 0 0 0 0 0.03704 0.025493 0.0107846 0.0168589 0.069896 0.0810477 0.0438216 0.0631829 0.0486834 0.0788828 0.10033 0.160237 0.00113041 0.0230593 0.0884901 0.0967643 0 0 0.00838647 0.0230455 0 0 0.0836069 0.0876335 0 0.000257484 0 0 0 0 0 0 0 0.0166921 0.0344909 0.0108211 0 0 0 0 0.0282797 0.0137615 0.111775 0 0.0033032 0.0235552 0.00697482 0.0405585 0.0021698 0 0 0 0 0 0 0 0.016401 0.317249 0.00362296 0.196217 0.0485986 0.113645 0 0.0091083 0 0.0211161 0.0840229 0.237911 0.0482871 0.284651 0.185933 0.0607824 0 0.00638887 0 0 0 0 0.0635283 0.136535 0 0 0.0381945 0 0 0 0 0 0 0 0.0158289 0.0259351 0.0331663 0.0537423 0.0984625 0.234467 0 0 0.00531722 0 0 0 0.00732165 0.00354189 0.149693 0.0966811 0 0.0218715 0 0.0838073 0 0.0565764 0 0.0573464 0.00556612 0.028622 0.000505724 0.00318328 0.00774941 0 0.0217219 0 0.00639091 0 0.348209 0.270805 0.26695 0.0862387 0.0973328 0.101512 0.0798976 0 0 0 0.0707167 0 0.128754 0.0014648 0.0730567 0.120201 0 0.583134 0 0.546406 0 0 0 0.0188442 0.154889 0.183582 0.123485 0 0.095132 0 0.297855 0 0.456077 0 0.0264102 0 0.290001 0 0.0219793 0 0.000120353 0.0147596 0 0 0 0 0.181111 0.0761984 0 0 0.0124953 0 0.0404323 0 0.0888902 0.138203 0 0 0 0.0247746 0 0 0 0.0328846 0 0.191003 0 0.142546 0.0198117 0.143117 0.439275 0.298786 0 0 0.0105544 0.0243289 0 0.0161419 0.00113484 0.013093 0 0.0292076 0 0.0342604 0 0.105908 0 0.0466588 0 0.0353773 0 0.0563577 0 0.0532838 0.0882149 0.200024 0.0754976 0.265378 0.0736308 0.346972 0 0 0.229669 0.0672408 0.0197192 0.0457759 0 0 0.125026 0 0.0388089 0.0156227 0 0 0 0 0.0576284 0.0731009
18 6.67447 0.000732903 -0.0450769 0.0264191 0.224365 -0.0709343 7.92558 0.119887 -0.139796 0.00466643 -0.101589 -0.0200771 0.213837 -0.0217401 0.0262589 0.0623311 -0.377818 0.068127 0.0713755 0.103302 0.11439 0.205113 -0.0504117 0.211775 0.168891 0.00834484 -0.0321118 0.03085 -0.0614582 0.0261371 -0.00416457 -0.10212 0.0410412 -0.0169497 0.16716 -0.00203588 -0.0437071 0.152473 0.0476574 0.054613 0.163482 0.159566 1.3395 0.418414 0.700545 0.0599632 0.0234787 0.145656 -0.0208093 -0.0505678 0.434002 -0.190537 -1.37662 0.183922 0.644562 0.0121914 -0.0830544 0.171153 -0.916504 -0.476811 -0.00386314 -0.139023 1.10975 1.16467 0.250514 0.253013 -1.20549e-09 -1.30206 0.670652 -0.0580052 0.0129776 -0.000162223 0.496449 -0.548702 0.601303 -6.15001 -3.20485 1.91938 -2.55419 1.93514 1.88935 -0.1897 0.16872 0.20844 0.0568482 0.0992499 0.26962 -1.13873e-09 0.894467 0.48702 -0.0641958 -0.79291 -0.530274 3.70672e-09 -0.564731 1.01836e-10 0.158981 1.10624 0.732142 0.822207 -0.413024 1.41998 -0.820224 -0.185731 -0.5265 -2.5616e-10 0.440892 1.08769 -1.30638 -0.135243 0.779512 0.731651 -0.512363 0.22589 0.925503 7.92021 -0.0119418 -0.112734 1.09694 0.0347892 0 0.0154369 0 0.0126855 0 0.0514237 0 0.0700026 0 0.0351475 0 0.0349709 0 0.0327073 0 0.0542562 0.043799 0.0876846 0.0572138 0.112968 0.0399454 0.127906 0.0793267 0.167392 0.0878957 0.0465128 0 0.0636212 0.0215242 0.0254381 0.00145378 0 0.000209752 0 0 0 0 0.0294703 0 0.0492212 0.0877462 0.0601567 0 0.154646 0.0408197 0.045224 0.011514 0.0738214 0.0473908 0.00262917 0.0246425 0.0205686 0 0.0277827 0.0418337 0.0192698 0 0.00459804 0 0 0 0 0.00537806 0 0.00365852 0.0106306 0 0 0 0.00575567 0 0.0346219 0.0126268 0.00159564 0.00150083 0.00198562 0 0.00532983 0.00440422 0.0118279 0.0169009 0.0134718 0 0 0.0489195 0 0.000748476 0.0592073 0.135959 0.0471316 0.100098 0.0540033 0.111121 0.0398906 0.170203 0.0434777 0.0311128 0.0348977 0.0781973 0.0374396 0.0923813 0.0412557 0.0282603 0.0311517 0.376118 0 0.198685 0 0.0364908 0 0 0 0 0 0 0 0 0.0152575 0.290643 0 0.188425 0 0.0725524 0 0.00633658 0 0.0256022 0.0619044 0.157061 0.0538327 0.194812 0.212178 0.0353056 0 0.00218029 0.0340027 0 0.00727444 0 0.0524835 0.19575 0.0141087 0 0.00212263 0 0.000600112 0 0 0.00288001 0.00891312 0 0 0.0205798 0.00457177 0.0451124 0.0158382 0.290219 0 0 0.0083021 0 0.0319661 0.000240019 0.041075 0.0157286 0.0115281 0.149908 0.00917443 0 0 0 0 0.0409687 0 0.0432877 0 0.0174837 0 0.00356262 0.011654 0.0532212 0.127361 0 0.00371657 0.0017528 0.270484 0.194476 0.227727 0.0851858 0.138288 0.082156 0.0862177 0 0 0 0.0149964 0 0.046427 0 0.0338705 0.0686626 0 0.489205 0 0.430539 0 0 0 0.0189853 0.143072 0.101945 0.158282 0 0.111514 0 0.291569 0 0.46782 0 0 0 0.271217 0 0 0 0.030489 0.0218412 0.00616466 0.317481 0 0 0.166356 0.0390322 0 0 0.0333737 0 0.0338863 0.00276894 0 0.180219 0.0276389 0 0 0.0164642 0 0 0 0.0294241 0 0.133416 0 0.108834 0.0244948 0.169267 0 0.151575 0.0382823 0 0 0.0300662 0.0245488 0.0352108 0 0.01529 0 0.086217 0 0.0296984 0 0.250794 0 0.0559039 0 0.080737 0 0.102463 0 0.107246 0.100022 0.124035 0.0743595 0.15435 0.0821956 0.218266 0 0 0.164703 0.0786977 0.0456043 0.0264502 0.0109698 0 0.0569851 0 0.0287635 0.0151504 0.00557387 0 0.0556697 0 0.0536784 0.100907
19 6.7078 -0.0113552 -0.0792103 0.00330654 0.222723 -0.077206 7.9636 0.179819 -0.142499 0.0193445 -0.101589 -0.065884 0.251364 -0.0173354 0.0718102 0.0623269 -0.35436 0.0825751 0.0981589 -0.0263208 -0.00345061 0.150462 -0.0672835 0.252631 0.207001 0.014647 -0.0186317 0.042191 -0.0505786 0.024436 0.00834235 -0.101487 0.0789989 -0.00433893 0.165773 -0.0315217 -0.0565241 0.152501 0.0466061 0.0545324 0.136425 0.156823 1.37482 0.478467 0.684416 0.0574231 -0.00701981 0.151069 -0.0514519 -0.0528002 0.483168 -0.167868 -1.40414 0.211886 0.697628 -0.0173417 -0.0698513 -0.374912 -1.06885 -0.694558 0.048579 -0.224722 1.15406 1.82531 -0.118989 0.251227 -1.0776e-09 -1.41594 1.21845 0.0467236 21.6345 -0.000131644 0.408175 0.461894 0.79496 -2.23688 -2.57989 -3.84475 1.73899 0.79301 0.678059 0.090288 0.330251 0.364487 0.380151 -0.0607352 0.361793 -8.84155e-10 0.760784 0.328339 0.0172832 -0.638155 -0.150154 3.64167e-09 -0.29341 2.07296e-10 -0.194291 1.35544 0.965219 -0.190103 -1.33381 0.575643 -0.935726 1.93728e-09 -1.08235e-10 -3.7172e-10 0.0546439 0.370491 -1.12651 0.095105 1.11684 -0.688339 0.317743 0.225651 0.920405 7.95656 -0.00781427 -0.179208 1.08673 0.0308569 0.0100925 0.0147601 0.0125736 0.010413 0.003846 0.0238476 0.0138765 0.0753991 0 0 0.00485827 0 0 0 0.0124238 0.0958438 0.00413612 0 0.184144 0.0148332 0.168711 0 0.255913 0 0.259116 0.0282718 0.117903 0.0340965 0.197587 0.0779343 0 0.0561833 0 0.0662772 0 0 0 0.0335379 0.0335812 0.0465716 0 0.323277 0 0.0581835 0.0373663 0.0170702 0.00483104 0.0683575 0 0.000688014 0.0402021 0.0240589 0 0.0206905 0.0235001 0.0313571 0 0.0070625 0 0.015077 0 0 0.033191 0 0.0181304 0 0 0 0 0 0 0.0158506 0.0241691 0.0382038 0.0142493 0 0 0.0165799 0 0.0380618 0.0202638 0.0292019 0 0 0.0970165 0 0.000316081 0.0434536 0.112753 0.036659 0.0843227 0.040084 0.0927285 0.0282825 0.149925 0 2.15191e-05 0.0192611 0.0446423 0.0229642 0.0611625 0.0324887 0.00402887 0.0585104 0.264484 0 0.179324 0 0.0177285 0.0101598 0 0.026043 0 0 0 0.0563624 0 0.13354 0.354662 0.0172156 0.194732 0.00284276 0 0.00261732 0 0 0.0799662 0 0.248966 0.00602663 0.331234 0.0495882 0.100281 0.000562146 0.0141058 0.0818656 0 0.0138735 0 0.0125135 0.169792 0.00281461 0.046648 0.0386754 0 0.0125971 0 0 0 0.0271956 0.00368706 0 0.0347396 0.00158701 0.0513384 0 0.30476 0 0 0.062512 0.0105633 0.0443258 0 0.0577902 0 0.0384241 0.213436 0.0168645 0 0 0 0 0.045087 0 0.0515132 0 0.0171534 0.00538371 0 0 0.0515993 0.13048 0 0.0024078 0.00167074 0.155038 0.303412 0.250606 0.0564868 0.0547688 0.091129 0.0829725 0 0 0 0.0927159 0.00132123 0.136645 0 7.53705e-05 0.0630747 0 0.693534 0 0.63981 0 0 0 0.00178436 0.00917641 0.179861 0.134578 0 0.133797 0 0.404256 0 0.345254 0 0.0112409 0.0262774 0.257005 0 0.0283178 0.0714173 0.0608741 0.0260431 0.00817135 0.235423 0 0 0.196092 0.0863551 0.00213235 0 0.0601919 0 0.0382392 0 0.00794172 0.207295 0.0856196 0 0 0.0416692 0.00437181 0.023918 0.00311468 0.0420912 0 0.205517 0 0.167559 0 0.0858972 0 0.207785 0.0597886 0 0 0.0641719 0.00954201 0 0 0.0319984 0 0.104444 0 0.0445826 0 0.304749 0 0.0783625 0 0.0897848 0 0.128871 0 0.132979 0 0.218241 0 0.320557 0 0.428045 0 0.000720173 0.104218 0.0475656 0.0340264 0.00553408 0.00296991 0.011802 0.0891608 0 0.0123474 0.0038485 0.0179645 0 0.0709139 0 0.0556613 0.124198
20 6.74113 -0.0286058 -0.112149 -0.0190414 0.221387 -0.085336 8.0032 0.247579 -0.142783 0.028161 -0.101589 -0.114202 0.286007 -0.0107855 0.0718063 0.0623227 -0.345238 0.103948 0.115462 -0.0379721 -0.0925326 0.00233459 0.0253177 0.273084 0.228433 0.0142177 -0.00105915 0.0523611 -0.0296753 0.0299313 0.0184416 -0.100897 0.102166 0.00854964 0.165371 -0.0505601 -0.0658383 0.152397 0.0504795 0.0548292 0.0994967 0.16115 1.41258 0.473891 0.655126 0.0528435 -0.0299969 0.151071 -0.051365 -0.0527936 0.474134 -0.161155 -1.42554 0.193106 0.700644 -0.0193998 -0.0634271 -0.368981 -0.874813 -0.633965 0.099545 -0.304521 1.19836 1.89391 -0.00688392 0.0783044 -7.20493e-10 -1.49918 0.91793 0.0527965 -0.000126487 -0.000135316 0.157871 0.537956 0.460281 0.310602 -1.82804 -4.24646 2.46232 0.487457 0.59957 -0.250874 0.653642 0.283619 0.580928 0.11615 0.277834 -1.335e-09 0.577498 0.303726 -0.0139985 -0.456658 -0.086515 7.73927e-09 2.55952e-10 6.13786e-10 0.462312 0.655369 0.647494 -0.36246 -0.894324 -0.716414 -0.127301 7.0199e-09 0.0293065 -7.81275e-10 -0.105983 0.0148106 -0.220991 -0.033038 2.08517e-10 0.655964 0.0417287 0.225495 0.913208 7.99279 -0.00633463 -0.247613 1.08594 0.0292332 0.0129405 0.0147486 0.0111877 0.00967262 0.00118445 0.026885 0.0278222 0.0832566 0.0108755 0 0.0611843 0 0.0688142 0 0.0901345 0.0919153 0.0503721 0 0.200741 0.00949077 0.191724 0 0.278992 0 0.268942 0.0167218 0.16913 0.0316247 0.257315 0.107909 0 0.0948782 0 0.137624 0 0 0.00290314 0.0827863 0.20348 0 0 0.282499 0 0.0303955 0.0469038 0.00103103 0.00855274 0.00734791 0 0 0.0420937 0 0 0 0.0132963 0 0 0.00326068 0 0.0438967 0.000389039 0 0.00687912 0.00095839 0.00797075 0.00325626 0 0.0115996 0 0.0132049 0 0.0516373 0.0326898 0.0740018 0.0181656 0.00461574 0 0.0219213 0.0115919 0.0583746 0.0300066 0.0171401 0 0.021002 0.0642551 0 0.000256367 0.0512704 0.111526 0.0421781 0.0911008 0.0420319 0.0919142 0.0209862 0.164123 0 0.00762298 0.0175494 0.047589 0.0192373 0.0541132 0.00788662 0.00968365 0.0558804 0.307782 0 0.198365 0.00108604 0.0125543 0.0162945 0 0.0665715 0 0.0413391 0 0.117762 0 0.146274 0.390874 0.046105 0.10369 0.0130166 0 0.00624391 0 0.00946825 0.0850365 0 0.207959 0 0.315722 0 0.114127 0 0.0170982 0.0967615 0 0 0 0.0170164 0.233032 0 0.121299 0.0705386 0 0.0155896 0 0 0 0.013154 0.00197887 0 0.0328304 0 0.0393658 0.0166951 0.417901 0 0.000800176 0.0907226 0.107425 0 0 0.0224689 0 0.118214 0.195222 0.0213605 0 0 0 0.0213965 0.0475924 0.0322648 0.0571816 0 0.00966049 0.00531219 0 0 0.0558721 0.132445 0 0 0.00140287 0.146569 0.289764 0.248267 0.0069232 0.0542979 0.0762412 0.0617828 0.0251055 0 0 0.125384 0 0.203954 0 0.0586833 0.120573 0 0.66774 0 0.613718 0 0 0 0.00132357 0 0.173452 0.19953 0 0.215446 0 0.290341 0 0.230643 0 0.0350144 0 0.162348 0 0.276742 0.228864 0.0614882 0.0114872 0.00539548 0.269996 0 0 0.271622 0.0664199 0.00315034 0 0.0763529 0 0.0405859 0 0.0555163 0.243622 0.164023 0 0 0.0468509 0.215521 0.333544 0.0131244 0.00809501 0 0.21324 0 0.159241 0 0.110838 0 0.177811 0.0220893 0 0.0179603 0.0970285 0 0 0.0185664 0.0707857 0.000774203 0.0719501 0.00295792 0.0237489 0.01559 0.193635 0 0.0293485 0.00258601 0.0634818 0 0.0828298 0.00531533 0.0874844 0 0.240299 0 0.329426 0 0.425686 0 0 0.13448 0.0369612 0.0482995 0.0141372 0 0.0151155 0.138864 0 0.0204543 0.00863507 0.0184714 0 0.0208228 0 0.0716147 0.176342
21 6.77447 -0.0330532 -0.121718 -0.024341 0.221712 -0.0938692 8.04342 0.283141 -0.129879 0.0213757 -0.067621 -0.176532 0.28306 -0.00799151 0.0693557 0.0589933 -0.352374 0.112659 0.0971682 -0.00819042 -0.0963098 -0.0446584 0.0162822 0.278065 0.2375 0.00510042 0.00415899 0.0495883 -0.0215565 0.0384597 0.0206177 -0.100251 0.131163 0.0229789 0.174448 -0.0782222 -0.0754767 0.152397 0.0504795 0.0548292 0.127685 0.185855 1.41773 0.481995 0.675563 0.0691412 -0.00698285 0.151476 -0.0355621 -0.0515928 0.443531 -0.157147 -1.42254 0.180712 0.70044 0.0256408 -0.0789506 -0.0341254 -0.00755417 -0.0801821 0.183943 -0.296557 1.19809 0.840342 0.261934 -0.33851 1.22914 -1.68134 -0.291682 -0.239723 -0.333602 -0.454091 -0.0906078 0.212143 -0.811681 0.87736 -0.709694 -0.241504 -0.9092 0.464271 0.4143 -0.38957 0.198689 -0.114212 0.226337 0.17898 0.0177361 -1.64584e-09 0.841062 0.389929 0.277042 -0.79553 -0.14907 1.02482e-08 5.70844e-10 7.91524e-10 0.382383 -0.30242 0.159803 0.485632 1.01592 1.08782 0.382259 6.10245e-09 0.362544 -6.91417e-10 -0.265684 -0.264418 0.58593 0.0589009 1.25548e-10 0.727561 -0.370945 0.22545 0.905242 8.02952 0.00297349 -0.244148 1.10856 0.0338743 0 0.0142714 0 0.00196146 0 0.0538026 0.0257803 0.137163 0.0145553 0 0.0246855 0.00199247 0.0488834 0.000589715 0.0675126 0.0819645 0.106355 0.00113216 0.139113 0.00546284 0.115649 0 0.199581 0.00340884 0.173665 0.010791 0.031597 0.0148281 0.0875801 0.0424219 0 0.050202 0 0.0765172 0 0 0.00847908 0.0647453 0.29643 0 0 0.112373 0 0 0.028859 0.00128303 0.0128148 0.0218869 0 0 0.0405545 0 0 0.0122861 0 0.000564571 0 0.00355152 0 0.0199541 0.0451151 0 0 0.000921829 0.00173601 0 0 0 0 0 0 0.0305647 0.00146059 0.0481968 0.0550322 0.00290017 0 0.0153718 0.0275723 0.0418507 0.0605808 0.0164024 0.0206455 0.0157816 0.0476043 0 0.00119292 0.00807273 0.097008 0.00357184 0.0733715 0.00550079 0.0943199 0.0112444 0.189029 0 0 0.00319323 0.0720124 0.00294414 0.0735781 0.0166247 0.00537645 0.0129175 0.155921 0.0195225 0.629061 0.00925464 0.00181174 0.0169888 0 0.0479019 0 0.021633 0 0.0606109 0 0.0621463 0.523525 0.0251441 0.261647 0 0.0156769 0.00360758 0 0.0113558 0.0476059 0 0.203818 0 0.326766 0.0058164 0.0898834 0 0 0.0943081 0.0395483 0 0 0.0541649 0.216541 0 0.0209809 0.0387049 0 0.00457969 0 0 0 0 0 0 0.0126594 0 0.0235386 0.0736407 0.372612 0 0 0.0416591 0.0571347 0 0 0.0222269 0 0.0955416 0.122079 0 0.00888785 0.00825527 0 0.0148783 0.036493 0.0133251 0.0376289 0 0 0 0 0 0.0205292 0.152643 0 0 0.000659052 0.199886 0.262413 0.199156 0.000287975 0.0204029 0.0547751 0.0701156 0.016201 0 0 0.117028 0 0.222446 0 0.106272 0.187167 0 0.548646 0 0.491584 0 0 0 0.0102516 0 0.146363 0.196747 0 0.176688 0 0.148299 0.193172 0.0898581 0 0 0 0.0584135 0.139474 0.190501 0.368583 0.061425 0 0 0.445855 0.00615428 0.0177944 0.211828 0.0530544 0 0 0.051709 0 0.0473918 0 0.0521627 0.183276 0.135549 0 0 0.019835 0.162807 0.51959 0.00289304 0.0206816 0 0.172567 0 0.140476 0 0.0940102 0.103225 0.101158 0 0.0631139 0.00802553 0.135726 0 0.00816883 0.0038392 0.115646 0.0104694 0 0.00550537 0 0.0204268 0 0.00511682 0 0.00909134 0 0.0118126 0 0.011984 0 0 0.219216 0 0.304135 0 0.370169 0 0 0.217189 0.0959743 0.0691444 0.0440238 0 0 0.191358 0 0.0448803 0.0328285 0.00970901 0 0.018056 0 0.0752836 0.174556
22 6.8078 -0.0437128 -0.133017 -0.0440409 0.22195 -0.100565 8.08489 0.29278 -0.1303 0.023973 0.0255831 -0.203081 0.296592 -0.0168001 0.0106887 -0.0208046 -0.341312 0.122256 0.0905487 0.0416734 -0.0571599 -0.0615538 0.00949695 0.288316 0.245355 0.000797304 0.00916626 0.0567928 -0.0127106 0.0464123 0.0263741 -0.102552 0.125702 0.0341254 0.190075 -0.0766359 -0.0758732 0.152397 0.0504795 0.0548292 0.106231 0.201734 1.42247 0.417987 0.675941 0.0741254 0.0127907 0.151507 -0.0343188 -0.0514982 0.431984 -0.16106 -1.40706 0.175143 0.685942 0.035251 -0.0635163 -0.410473 -0.234728 -0.704034 0.179466 -0.201425 1.28684 0.241366 -0.106728 0.20067 3.02828 0.495983 0.482642 -0.389753 -2.98958 -4.06416 0.764679 0.203997 -0.0360941 1.48342 0.499999 -0.202419 -0.239167 0.677017 0.56949 -0.288069 0.109473 0.22231 0.337733 0.232479 0.283666 -1.64631e-09 -0.324711 0.221879 0.348043 0.104605 0.0915255 9.3773e-09 9.31324e-10 9.19447e-10 0.0638635 0.12553 -0.0853361 -1.00915 0.85215 -1.90377 0.476508 3.25748e-09 -0.326201 -5.05162e-10 0.0112249 0.0769727 0.586921 -0.00477013 -0.290525 0.237874 0.017012 0.225602 0.898403 8.06731 0.00746851 -0.158975 1.15471 0.0998149 0 0.076179 0 0.0565103 0 0.0784989 0 0.131384 0 0 0.00565835 0.00261067 0.039814 0 0.0698732 0.053649 0.119214 0 0.121828 0 0.0796284 0 0.181071 0 0.126175 0 0 0 0.0312527 0.0294102 0 0.046064 0 0.0817286 0 0 0.00791755 0.0504181 0.364174 0 0 0.126634 0 0 0.0168607 0.0021777 0.0123797 0.0206649 0 0 0.0271722 0 0 0.0139781 0 0 0 0.00283977 0 0 0.0157736 0.00645089 0 0.0049519 0 0.0047698 0 0 0 0.00310243 0 0.0460079 0.00789822 0.0246477 0.0267016 0.0131925 0 0.00656665 0.0277261 0.0256424 0.0445511 0 0.0562176 0.0318322 0.0196831 0 0.00150564 0.00807439 0.107611 0.00416597 0.0768175 0.00556871 0.106311 0.0115486 0.243279 0.00484253 0 0.00196133 0.0795011 0.00225215 0.0819089 0.0203455 0.027822 0.0133152 0.26604 0.0194029 0.712827 0.0145412 0 0.0300113 0 0.0684876 0 0.0204052 0 0.0591682 0 0.0951499 0.648476 0.0463334 0.317822 0.00545637 0.00181498 0.0151434 0 0.0188394 0.0191611 0 0.191889 0 0.391151 0 0.0415298 0 0 0.0543714 0.0216623 0 0 0.0906567 0.260801 0 0.0458882 0.0853593 0 0.0160553 0 0.00136084 0 0 0 0 0.00334242 0 0.0102851 0.117126 0.425841 0 0.000197153 0.0459313 0.202828 0 0 0.0232063 0 0.137815 0.181099 0 0.0318399 0.0175325 0 0.0138889 0.0511111 0.0130305 0.0524013 0 0 0 0 0 0.0217714 0.125092 0 0 0 0.288491 0.254244 0.228766 0.0424848 0.023525 0.162559 0.124937 0 0 0 0.211567 0 0.299162 0 0.0775723 0.115348 0 0.645385 0 0.584142 0 0 0 0.0209464 0 0.163989 0.257948 0 0.26097 0 0.166993 0.0819847 0.0962353 0 0.0267041 0 0.0699565 0.0685531 0.160172 0.352482 0.0331707 0 0 0.554034 0.00439475 0.0858978 0.302567 0.0411646 0.00302645 0 0.0746183 0 0.0936411 0 0.0643917 0.26112 0.0789609 0 0 0.00796021 0.0914133 0.502017 0.00480676 0.0402567 0 0.190278 0 0.167126 0 0.150643 0.143622 0.0553055 0 0.11633 0.00844749 0.103621 0 0.00453504 0.00501287 0.0904863 0.00467206 0 6.69798e-05 0 0.00759224 0.000517241 0 0 0.00413031 0 0.00449644 0.00121202 0.00500639 0 0.000249788 0.271155 0 0.324379 0 0.373074 0.000163009 0 0.321453 0 0.103111 0.0189362 0.0119814 0 0.237603 0 0.0310825 0 0.00263199 0 0 0 0.103454 0.206301
23 6.84113 -0.0527222 -0.151938 -0.0795295 0.221699 -0.103829 8.12897 0.255039 -0.154442 0.0322193 0.196338 -0.131813 0.342738 -0.0623021 -0.176326 -0.162701 -0.303032 0.127718 0.101237 0.0726603 -0.0469308 -0.0582294 0.0233899 0.308897 0.260622 -0.0110097 0.0131604 0.0721396 -0.00342267 0.0517346 0.0379845 -0.101419 0.101307 0.0458797 0.205301 -0.0527893 -0.0694715 0.152404 0.0502296 0.05481 0.0818223 0.217656 1.41799 0.324828 0.688676 0.0352609 0.00740818 0.151396 -0.0386845 -0.0518302 0.418123 -0.169572 -1.39358 0.140069 0.66976 0.044878 -0.0741095 -0.381717 -0.235553 -1.00995 0.213797 -0.147527 1.35075 -1.17037 -0.655165 0.402011 5.19755 3.27545 0.604602 0.395635 -6.36266 -7.60208 1.36819 -0.034258 0.242572 0.802902 0.148218 0.202268 0.438963 0.559616 0.417204 -0.407141 -0.0359714 0.359525 0.298107 0.183789 0.356788 -2.1587e-09 -0.525066 0.362146 0.405487 0.406514 0.030363 8.87329e-09 8.17757e-10 7.94787e-10 -0.331378 -0.479995 -0.308696 -0.4632 1.76369 -1.83183 0.720574 1.64792e-09 -0.79314 -3.25634e-10 -0.0172952 0.376619 0.481003 -0.0368828 -0.00349699 0.657268 -0.597752 0.225859 0.894313 8.10719 0.00932316 -0.104379 1.22668 0.0795696 0 0.0570947 0 0.0317578 0 0.108327 0 0.164861 0 0.0283372 0 0.0374418 0 0.0276077 0.0070339 0.0482324 0.13573 0.0103948 0.0437701 0.00644293 0.0101809 0.0102902 0.0745257 0.019137 0.0236711 0 0 0 0 0.010678 0 0.00103579 0 0.00829783 0 0 0.0103302 0.0553489 0.357559 0 0 0.0127867 0 0.0169416 0 0.00823222 0 0.0104111 0 0 0.0144809 0 0 0.00368502 0.00457817 0 0 0 0 0 0.00103185 0.00271126 0 0.00118841 0 0 0 0 0 0 0 0.0310765 0.044941 0.0109363 0.00655295 0.0047491 0.0181422 0.00499298 0.0287017 0.0178599 0.0340909 0.00157805 0.0903572 0.0216951 0 0 0.00130636 0.0108968 0.0391636 0.00725106 0.0159474 0.00773791 0.0437714 0.010982 0.202493 0.0136134 0.0302944 0.00571803 0.0222051 0.00548721 0.0243845 0.0245785 0.0470669 0.0163045 0.185601 0.0185287 0.656323 0.00431824 0 0.0135456 0 0.0109862 0 0.0040396 0 0.00773885 0 0.0322481 0.617885 0.00725623 0.242922 0.0149151 0.00316721 0.00988169 0 0 0.00191357 0.0335905 0.102898 0.0134757 0.288531 0.0202394 0 0 0 0.0156086 0.00888731 0 0 0.103774 0.293011 0 0.0416714 0.0734741 0 0.0036457 0 0.00971077 0 0 0 0.0033862 0 0.00397859 0 0.168878 0.495032 0 0.00249468 0.00260795 0.21622 0 0 0.00485572 0 0.158205 0.153833 0 0.0751897 0.0256689 0.0538323 0.000975258 0.0775898 0.00113348 0.0782744 0 0 0 0 0 0.000524976 0.106358 0 0 0 0.25993 0.151685 0.129366 0.05156 0.00587979 0.172545 0.150639 0 0 0 0.0865883 0 0.144554 0 0.150018 0.16417 0.031758 0.56116 0.0177408 0.502329 0 0 0 0.0294474 0.0313205 0.0896984 0.278657 0 0.252009 0 0.00758624 0 0.0304876 0 0.010287 0 0.00395713 0.00177761 0.155683 0.323256 0.00530192 0 0 0.371962 0.000121983 0.032491 0.291034 0.0208934 0 0 0.0553972 0 0.0897839 0 0.0751059 0.266241 0.0427651 0 0 0 0.0738075 0.462766 0 0.0425728 0.00452934 0.132804 0.0104599 0.122487 0 0.154961 0.158027 0 0 0.0577941 0.00824819 0.0885036 0 0.00424621 0.00677439 0.0872342 0 0.00768158 0 0.00164399 0 0.199991 0 0.0185096 7.31573e-05 0.0692007 0 0.104392 0 0.0757003 0.0153735 0.200269 0.0138134 0.189866 0.0258195 0.214969 0 0 0.391281 0.039676 0.172498 0 0 0 0.169726 0 0.0557652 0.0190814 0 0 0 0 0.0980687 0.196011
24 6.87447 -0.0719912 -0.182974 -0.121486 0.221393 -0.108106 8.17339 0.15527 -0.174103 0.0384118 0.462434 0.126201 0.349342 -0.107049 -0.550855 -0.625587 -0.242649 0.136312 0.121339 0.100711 0.0344093 -0.0698873 0.0491416 0.24035 0.16939 -0.00731977 0.0181626 0.0861019 0.00506792 0.0545019 0.0534433 -0.101529 0.116631 0.0505678 0.219091 -0.0669635 -0.044696 0.152346 0.0523765 0.0549744 0.0636713 0.243422 1.3988 0.218291 0.690582 0.00995669 0.019232 0.134564 -0.0505703 -0.0531125 0.446105 -0.153 -1.37701 0.154072 0.680843 0.0494369 -0.0795208 -1.05601 -0.306524 -0.866254 0.267326 -0.267993 1.31959 -2.59499 -0.367713 0.201441 8.49333 4.97886 -0.428566 0.185856 0.337271 -3.44844e-07 2.14994 0.40184 0.451676 -0.0510825 10.6436 -5.25551 3.6557 -15.1278 -18.1143 0.583913 0.00439252 0.0343424 0.143187 -0.0467088 0.390875 -2.15213e-09 1.07055 6.36016e-10 0.649971 -1.09827 1.0193 6.951e-09 7.18988e-10 6.53227e-10 -1.10039 -0.319384 -0.353088 -0.653882 1.94577 -2.09391 0.990198 -1.5706 -0.325082 -7.88083e-11 -0.0185724 1.63118 0.094799 0.148009 0.307835 -0.0278942 -0.488845 0.225973 0.889346 8.14977 0.0105206 -0.181413 1.30312 0.0343233 0 0.0323256 0 0.0246086 0 0.0497027 0 0 0.148783 0.0960134 0.0011237 0.0850447 0.00848148 0.0778939 0.0201684 0.0533327 0.114024 0.0167325 0 0.0255934 0 0.0541154 0 0.0971223 0 0 0.00140542 0.00426386 0.0171075 0 0.00480892 0 0.0120179 0 0.011941 0 0.00794596 0.0229718 0.284319 0 0 0 0 0.149347 0 0.0700137 0 0.0387608 0 0.00136101 0 0 0 0.0116721 0.00641003 0.000784794 0 0.00198954 0 0.0100058 0.00456897 0.00777155 0 0.00735571 0 0.492692 0 0.48452 0 0.487277 0 0.596189 0.113065 0.0268468 0.00726512 0.502376 0.0810262 0.00594338 0.0237178 0.0259489 0.0291469 0 0.0691115 0.028777 0 0 0.000148432 0 0 0 0 0 0 0 0.124462 0 0.0306925 0 0 0 0 0.0219111 0.0414086 0 0.0777541 0 0.451971 0.0648958 0.0530922 0.0479242 0.00762619 0.0150058 0.043322 0.0183638 0.0109312 0 0.008945 0 0.0570361 0.0535434 0.0795875 0.138493 0.0548102 0.120222 0.046478 0.00440312 0.032931 0.138985 0.0115321 0.0528094 0.0287913 0.189933 0 0.0575169 0.000431982 0.0253972 0 0 0 0.12376 0.222634 0.000921397 0.191726 0.058541 0 0.00373242 0 0.0385712 0 0.000608507 0.0236384 0.0759934 0 0.129798 0.000430227 0.176985 0.52236 0 0.00184484 0 0 0 0 0.0142788 0 0.119187 0.183368 0 0.0779116 0 0.0603317 0.250296 0.0974183 0.251973 0.100189 0.105384 0.00581773 0.1133 0.000282942 0 0 0.168592 0 0.00507285 0 0.110995 0.28003 0 0.410163 0.0653185 0.0570606 0 0.0941736 0.0119766 0 0 0.142852 0 0.229557 0.113273 0 0 0.159892 0 0.154695 0.00500035 0 0 0.0306822 0.273314 0 0.246076 0 0.183177 0 0.0344111 0 0.20954 0 0 0 0.143525 0 0.0677209 0.231267 0 0 0 0.0697967 0 0 0.395269 0 0 0 0.0115802 0 0.159353 0 0.0688414 0.286615 0.0313383 0 0.0418383 0.0057251 0.00952397 0.337902 0 0.0356384 0.0307118 0.0208988 0 0.0398044 0 0.219902 0.867798 0.0538992 0 0 0 0.0690168 0 0.0115146 0 0.0778216 0 0.0678033 0 0.0645534 0 0.46601 0 0.0972869 0 0.169104 0 0.249634 0 0.179444 0.123737 0 0.207542 0 0.256948 0 0.0370399 0 0.376881 0.0240956 0.286682 0 0.0418948 0 0 0.131714 0.0583615 0.00273176 0 0 0 0 0.0528436 0.18894
25 6.9078 -0.0894355 -0.183196 -0.121868 0.222487 -0.114356 8.21647 0.0328806 -0.183157 0.012225 0.733236 0.379893 0.290966 -0.0824518 -0.510919 -0.617897 -0.198625 0.141318 0.106909 0.125369 0.159857 -0.141158 0.0319646 0.0450409 0.0595352 -0.000842237 0.0132562 0.0574618 0.00801234 0.0533234 0.0609474 -0.102065 0.141543 0.0511092 0.233476 -0.1012 -0.0213173 0.152338 0.0526801 0.0549977 0.0976717 0.273971 1.37442 0.145566 0.681843 -0.00431002 0.00613804 0.0963408 -0.0497317 -0.0539285 0.464324 -0.13171 -1.35489 0.148151 0.680194 0.0577123 -0.0635827 -0.905013 0.975587 1.11381 0.344555 -0.0487702 1.16483 -2.60958 0.527707 -1.0029 5.22559 7.26781 -2.48627 2.91864 0.131401 1.68658 1.01241 0.318078 -1.3446 2.791 -2.78618 -0.950946 0.883293 -0.000352658 -0.000290679 0.82099 0.33835 -0.736962 0.055605 -0.349417 -1.1239 -2.45088e-09 4.90645 1.88436e-09 0.454308 -5.18756 1.32269 6.22588e-09 2.81341e-10 5.70092e-10 0.716078 -1.0346 -0.0170608 -0.432249 -0.476355 -1.68112 -0.779802 0.279943 -1.07421 -6.48532e-10 -1.08012 -0.841882 1.41304 -0.484411 0.456555 0.673292 0.560815 0.227054 0.883941 8.19333 0.0675252 0.062896 1.24599 0 0.191588 0 0.166077 0 0.143305 0 0.13369 0 0.249072 0.147004 0.215159 0.131045 0.180795 0.153239 0.122758 0.035769 0.0261046 0 0.127526 0 0.189164 0 0.183365 0 0.232742 0 0.232442 0 0.266834 0.00087481 0.111712 0.058427 0.042326 0.147059 0 0 0.00958841 0 0.213081 0.0382489 0 0.0341039 0.0100093 0.000160828 0 0 0 0.0735045 0 0 0 0.00267109 0 0.0122178 0.0370613 0 0 0 0 0 0 0.0329896 0 0.00632418 0 0 0.0418554 0 0.0313699 0 0.0339524 0.00998991 0.0951597 0 0 0 0.098412 0 0 0.00500119 0 0 0.0223376 0.0312919 0.0218839 0 3.62453e-05 0.0540646 0 0.042817 0 0.0478033 0 0.0548792 0.0268462 0.046875 0.109551 0.0398672 0 0.0410933 0.000330475 0.0428064 0.0511022 0.103869 0 0.382572 0 0.187083 0 0.0778346 0.00861553 0.142266 0 0.00439333 0.093543 0.0731105 0.0612312 0.365738 0 0.33528 0 0.228147 0 0.128098 0.0374199 0.0591493 0 0.0503846 0 0.0734682 0 0 0.12724 0 0.0327914 0 0 0.00422149 0 0.029214 0.149265 0 0.5149 0 0.000837102 0 0 0 0.0396336 0 0.148606 0 0.0380603 0 0.0436101 0 0.651568 0 0.0049936 0.0769268 0.0282747 0.00744283 0 0.0078055 0 0.0322282 0.309915 0.0752402 0.0269727 0.107607 0.0656266 0.0287913 0.028421 0.0288963 0.0279966 0 0.0180152 0 0.0449841 0.00267511 0 0 0.0165425 0 0 0 0.56177 0 0.541852 0.0674569 0.181957 0 0.371503 0 0.0315098 0 0.341617 0 0.368071 0 0 0.0987029 0.0225545 0.0356123 0.0561892 0.0073772 0 0.0389809 0 0 0 0.0594937 0.0959105 0.00157742 0.038843 0.0442298 0.00743678 0 0 0 0.0124584 0.0145487 0 0 0.180884 0.013135 0.00662478 0.124341 0 0.055925 0 0.149403 0.105151 0 0 0 0 0 0.118696 0.0205649 0.310063 0 0 0 0.0330213 0 0.214776 0.0611691 0 0 0.0331239 0.0369682 0.00588786 0.046069 0.172792 0.125514 0.0489207 0 0.0307697 0 0.0614112 0.0264219 0 0 0.0884906 0.137291 0 0.145381 0 0.443021 0.237705 0.189138 0.0862912 0.158703 0.0539995 0.235886 0.118273 0.212672 0.0251927 0.0129529 0.0150387 0 0.085418 0 0.0979069 0 0 0 0.479403 0.276115 0 0.0170173 0.0791829 0 0.264104 0 0.0524911 0.000621858 0 0.00330261 0 0.0403673 0.255002
26 6.94113 -0.0874515 -0.144817 -0.122712 0.224502 -0.107911 8.25477 -0.0740599 -0.154728 0.0325678 0.832225 0.785262 0.109566 0.0415829 -0.578051 -0.572197 -0.149091 0.157121 0.0958642 0.112535 0.118558 -0.191185 0.0433678 0.0450325 0.0595305 -0.00413387 0.0205264 0.0546825 0.00279002 0.0479235 0.0473214 -0.103331 0.196436 0.0507853 0.246115 -0.156928 -0.00903157 0.152405 0.0501677 0.0548053 0.252429 0.32962 1.32924 0.124228 0.672661 -0.0120044 0.033011 0.0693968 -0.0476254 -0.0546293 0.439819 -0.112461 -1.32335 0.196461 0.703793 0.0506319 -0.0477229 0.259164 1.60892 -0.227928 0.178008 0.15528 1.10987 -3.02591 0.792372 1.43958 1.63902 -1.9692 -7.0295 10.3605 3.80759 3.92046 1.922 0.324962 0.0855851 -1.97879 -0.409815 -1.87538 0.367113 -0.000178302 -6.94131e-05 -0.107869 0.212329 -0.0657057 -0.519837 -0.212212 -0.122217 -1.36456e-09 0.349295 6.08935e-10 0.285246 -0.144234 0.596937 6.30585e-09 1.48761e-10 2.75081e-10 1.46647 -1.98402 0.0957952 -0.190709 0.239734 -0.710188 0.976916 0.960109 0.650253 -8.58851e-11 -1.82936 -2.61267 1.52476 0.0360647 4.39924e-11 -1.4551 0.891703 0.229132 0.890274 8.233 0.0665579 0.21668 1.15613 0.0234264 0.0234903 0.0131448 0.00594263 0.0102165 0.0020032 0.00487316 0.0382708 0 0.0845925 0.0525256 0.041002 0.0483395 0.0368475 0.049201 0.0403596 0.0568616 0.0453022 0 0.0717141 0 0.120612 0 0.134605 0 0.203765 0.000573272 0.226013 0.00234719 0.229544 0.0174935 0.0335695 0.0134927 0.00312758 0.0404829 0 0.00215133 0.0250469 0 0.167541 0.0997534 0 0 0 0.00388704 0.01646 0 0 0.0417754 0 0 0 0.0155429 0 0.00807934 0.0193063 0.00263337 0 0 0 0 0.0105925 0.0136063 0.00530278 0.0100106 0.0100707 0 0.0966137 0 0.00578551 0 0.0429891 0.0466302 0.00465341 0.0153046 0.0208847 0 0.0578063 0.00758151 0.0085566 0.0290843 0.0265098 0 0.0213311 0.0598581 0.0702425 0.00144187 0.000116309 0.0446294 0.0875772 0.0303301 0.0660802 0.0193275 0.0869762 0.0993442 0.11819 0 0 0.00657882 0.0890452 0.0310622 0.0952907 0.0246878 0.0132941 0.415919 0.120344 0.20855 0 0.104962 0 0 0 0.0779742 0 0.000984829 0.0383761 0.00195252 0.0172501 0.171366 0 0.1486 0 0.239055 0 0.0219256 0.0694463 0.00202017 0 0.0145394 0 0.0610063 0 0 0.0353154 0 0.0523977 0 0 0.00564948 0 0.0784495 0.20756 0.0186277 0.0244084 0 0 0 0 0.00312623 0 0.00543021 0.0149702 0 0.0238008 0 0.051658 0.0890424 0.389817 0 0.00371688 0.00655788 0.00561445 0.0358664 0 0.0101099 0 0.0555643 0.171219 0.0483318 0.161541 0.101381 0.115911 0.0113214 0 0.00116132 0 0.00308048 0.0483947 0 0.0811688 0 0.0355043 0.0575246 0 0 0 0.0118499 0.178725 0.0414859 0.147561 0.0476191 0.00946821 0 0.0830033 0 0.0122394 0 0.0307685 0 0.0822373 0.0533507 0 0.0301584 0.203783 0.0154845 0.262832 0 0 0 0.00244539 0 0.0688703 0.0551288 0.0265085 0.0207392 0 0.0626246 0.00522884 0.101792 0 0 0 0.0274797 0 0 0.169832 0.0308592 0.0127069 0.317986 0.0758209 0.00353132 0.0692402 0.166852 0.063952 0 0 0 0 0.0265487 0 0.0105148 0.195548 0 0 0 0.0422224 0 0.151052 0.0345029 0 0.00474891 0.0641354 0.0331957 0.015051 0.0210336 0.0738157 0.0378394 0.408149 0.020529 0 0.012712 0.0888917 0.0299124 0.00336558 0.0267684 0.119546 0.0284078 0.00498239 0 0.0168849 0.163197 0.196595 0.0167396 0.0234695 0.0427922 0 0.079367 0.0274257 0.0703151 0 0 0.0276156 0 0.148727 0 0.180905 0.000585551 0 0.0846352 0.132415 0.134119 0 0.0122528 0.0142703 0 0.0756166 0.000222008 0.00916565 0 0 0.0168784 0 0.0714138 0.198834
27 6.97447 -0.0579799 -0.089604 -0.0971958 0.228433 -0.102804 8.29388 -0.170354 -0.13955 0.0215583 0.863446 0.689218 0.101426 0.00274388 -0.611345 -0.61058 -0.065434 0.178104 0.0504109 -0.0185849 0.13416 -0.261416 0.0503241 -0.0121072 -0.0141804 -0.0251833 0.0454238 0.0377232 -0.0229384 0.0250868 0.0181917 -0.0999455 0.075649 0.0566413 0.236358 -0.0458873 0.00258021 0.1534 0.00397265 0.0345732 0.212165 0.267414 1.39141 0.0682466 0.706069 -0.0683247 0.0773441 0.159576 -0.0287504 -0.0508915 0.18995 -0.179493 -1.30651 0.0856005 0.648329 -0.0594964 -0.0792272 1.17398 2.20251 0.811937 0.243893 0.0194274 1.16447 -2.51427 0.370282 -0.221436 0.742705 -2.44454 2.32438 1.03287 -1.23904e-09 -1.93292e-07 2.07018 0.393823 -1.24453 -3.60321 0.339907 -2.46329 0.285995 -2.74904 -3.51615 -0.734632 0.503274 -0.506074 -1.02944 -0.814446 -0.911204 -2.27568e-09 -1.42945 -0.0725328 -0.34341 1.43701 0.424436 6.89879e-09 -1.41868 -1.10515 2.24589 -1.58697 2.06569 0.334227 9.12885e-10 -0.37894 0.0920907 4.77026e-09 -0.313996 -9.79336e-11 -0.462203 -1.27534 0.808952 -0.586225 -2.38943 -0.0469124 -0.112639 0.231647 0.894901 8.27053 0.0937434 0.0719759 1.10711 0.0513375 0 0 0 0 0 0.0311307 0 0.173363 0.000521228 0 0.00782016 0 0 0.0308468 0 0.0253915 0.0663019 0 0.126721 0 0.205896 0 0.189941 0 0.300704 0 0 0 0 0.102168 0.00255548 0.0521946 0 0.22959 0 0.0107727 0 0.0680548 0.0248503 0 0.318127 0.171556 0 0.0440082 0.0862085 0.0779109 0.109346 0 0.109337 0 0 0 0.0750662 0.0272951 0.105064 0 0 0 0 0 0 0.0274942 0.0660759 0.00755861 0.00161718 0.0973374 0.154386 0.0846126 0.12131 0.0799993 0.163766 0.148315 0.153511 0 0.000653937 0.162755 0.112359 0 0.00518026 0.00470899 0.00835747 0.0272683 0.0429392 0.0601531 0.0403111 0 0 0.0616635 0.0265685 0.0027396 0.0329987 0.0122175 0.0582554 0.0124345 0.0623372 0.065848 0.120344 0 0.0707765 0.0253774 0.0795999 0.0370376 0.0745496 0 0 0.00337164 0.106121 0 0 0 0 0 0 0.0433769 0 0.00850283 0 0.191484 0 0 0 0.023471 0.00287973 0 0 0.0453943 0 0.0805481 0.209885 0.0254788 0.252518 0 0 0 0.0360941 0 0 0 0.001723 0.262306 0.377725 0 0.0474305 0 0 0 0 0 0 0.0148243 0 0 0.0711613 0.00450212 0.117422 0.492197 0.37058 0 0.00268816 0.0948783 0.0313379 0 0.114326 0 0.0167983 0.266944 0.2092 0 0.191273 0 0.0623737 0.0606311 0.152743 0.0403842 0.145913 0.0293782 0.0234987 0 0.0140371 0.027306 0 0 0.110582 0 0.00560363 0 0.427712 0.113222 0.240099 0 0.205321 0.0526457 0.0226363 0.0296817 0.0230256 0.0061216 0 0.0444916 0.0454695 0.0552151 0.243319 0 0.79358 0.020931 0.784484 0.00554051 0 0 0.00317982 0 0.243131 0.0747349 0.163796 0 0.0110808 0.205471 0 0.406453 0 0 0 0.113384 0 0.0299151 0 0 0 0 0.153533 0 0.0903818 0.162572 0.237868 0 0 0 0 0 0.0567882 0.254127 0.209477 0 0 0.043479 0.00474378 0 0 0.008879 0.113692 0 0.366089 0 0.355299 0.0442187 0.183613 0.345036 0.110967 0 0.908446 0 0 0 0.208272 0.0339003 0 0 0.108974 0 0.158489 0 0.40767 0 0.331659 0 0.00351445 0 0.0909447 0 0.0275578 0.0887777 0.299481 0.0713638 0.390407 0.078611 0.474089 0 0.0148144 0.150599 0.441461 0.208642 0 0 0.0277434 0.121922 0.0338134 0.035275 0.100061 0 0 0 0 0.172713 0.19765
28 7.0078 -0.00202398 -0.0527652 -0.0925809 0.23159 -0.100559 8.32888 -0.282018 -0.0887513 0.0481585 0.866344 0.48318 0.0888285 0.045828 -0.523257 -0.600026 -0.0385404 0.17887 0.0325681 -0.101593 0.134422 -0.29854 0.0496823 0.0430233 0.0704737 -0.0388204 0.0836114 0.0462013 -0.0732109 -0.0105039 -0.0149589 -0.102397 -0.0466243 0.0497463 0.217681 0.0703576 0.0244289 0.153906 -0.0384668 0.0340284 0.322776 0.265811 1.39903 0.0977842 0.70279 -0.00851255 0.0413795 0.159199 -0.0436458 -0.0520837 0.242951 -0.165348 -1.27376 0.244058 0.691318 -0.0836781 -0.0847444 2.16387 1.46762 -0.0827035 0.11784 0.0494324 0.926408 -4.14203 0.737558 1.24978 -0.076417 -4.54859 -0.657464 0.981331 5.2073 -1.16645e-07 -1.25049 -0.336212 -0.365265 -3.4437e-09 -0.953894 -0.987095 0.320545 0.00151405 -0.000137037 -0.676946 -0.0659877 0.128874 -1.54136 -0.557377 -0.733889 -3.42976e-09 -1.61413 -0.437168 -0.628243 1.55849 0.7685 9.23156e-10 -1.34426 0.831682 -0.232551 -1.14054 0.164566 0.0129269 3.47497e-11 0.70229 -0.750263 6.10786e-09 0.927656 -3.10785e-11 -0.606026 -1.09799 0.37499 0.813546 -1.81287 -2.89021 -0.00177074 0.234794 0.896936 8.30752 0.105298 0.0340934 1.11581 0.0991953 0 0.0415395 0 0.042597 0 0.109398 0 0.349301 0 0 0.0258846 0 0.0163088 0 0.0265103 0 0.0890318 0 0.236727 0 0.344752 0 0.369656 0 0.579938 0 0 0 0 0.0401836 0 0 0 0.367519 0 0.0126464 0.00566733 0 0.0378171 0 0.0971804 0.56336 0 0 0.0296735 0.0490761 0.103083 0 0.0635051 0 0 0 0.0448269 0.0323595 0.0588749 0 0.00315388 0 0 0.00372237 0.0177295 0.0593536 0.0542916 0.022162 0.0166953 0 0.0853426 0 0.0561192 0 0.107245 0 0.0979398 0.0141103 0.0451965 0 0.0732564 0 0.013778 0.0222807 0.0384121 0 0.0283608 0.158311 0.114382 0 0 0.092483 0.0847575 0.025455 0.0650336 0.0265956 0.0895902 0.0125383 0.107138 0.0478072 0.0261156 0 0.0959145 0.0441687 0.109701 0.0197796 0.0534207 0.04874 0 0.38483 0.0646147 0.10501 0 0 0 0.16007 0 0 0 0 0 0.506275 0 0.359183 0 0.341579 0.0125946 0.0260449 0.181912 0.0364156 0.0679221 0.205894 0.282805 0.165091 0.0842894 0 0.0722611 0 0.423902 0 0 0 0 0.243969 0.175276 0.0645266 0.041251 0.00090285 0 0 0 0 0 0.042231 0 0 0.421384 0 0.459495 0.577689 0.208314 0 0 0.189518 0 0 0.0404279 0 0 0.309353 0.0245444 0 0.119569 0.0117855 0 0.0502475 0.156147 0.0270224 0.157149 0.0599569 0.382237 0 0.384652 0.00328001 0 0 0.17276 0 0.0074354 0.00109662 0.741455 0.357705 0.548447 0 0.339527 0.192527 0 0 0.0655837 0.187782 0 0.350197 0 0 0.311307 0 0.857941 0.0406298 0.891391 0 0 0 0.0260729 0 0.697077 0.118116 0.144711 0 0 0.440853 0 0.715417 0 0 0 0.493334 0 0 0 0 0 0.0383635 0.0560259 0 0.0947622 0.103117 0.211776 0 0 0.00854262 0 0 0.0722303 0.286036 0.0658773 0 0 0.0081146 0.203297 0 0 0.0963772 0.0271654 0 0.670324 0 0.40526 0.0673758 0.0380386 0.0350103 0.337302 0 0.523775 0.0639353 0 0 0.111768 0.09786 0.00959918 0 0.0437164 0 0.0943343 0 0.247261 0 0.213935 0 0 0 0.0379538 0 0 0 0.560596 0 0.743186 0 0.819397 0 0.0601844 0.279292 0.481967 0.0504209 0.0254899 0.0118679 0.0329897 0.3665 0 0.0109348 0.0498378 0 0 0 0.0248465 0.164413 0.0959335
29 7.04113 0.0411834 -0.0620646 -0.125525 0.231705 -0.0955493 8.35694 -0.398023 0.013067 0.131368 0.785801 0.133313 -0.152304 0.141255 -0.474798 -0.488741 -0.050802 0.193442 0.0663251 -0.101593 0.114448 -0.302768 0.0428499 0.0256411 0.0487419 -0.00748581 0.124878 0.0769387 -0.142679 -0.0281917 -0.0260233 -0.104237 0.0232346 0.0517049 0.209606 0.0161541 0.0445137 0.153307 -0.0529715 0.0518689 0.24994 0.180478 1.42177 0.0589626 0.674958 0.00104699 0.124292 0.159429 -0.034517 -0.0512951 0.201682 -0.187507 -1.28291 0.2374 0.628992 -0.15273 -0.093331 1.06812 -0.598642 -0.996374 0.0240011 0.215338 0.748913 -3.67085 2.41762 2.77423 -3.21663 -8.33382 -6.80841 2.93932 -0.912402 3.1685 -0.316567 0.102052 0.995541 -2.34794e-09 0.0300433 0.57474 0.0708293 -0.821682 -1.12688 1.17865 1.03454 0.962974 -1.8059 -0.35938 -0.190585 -4.40655e-09 0.397376 9.41575e-10 -0.167995 0.237314 0.780672 4.86211e-09 -1.91596e-11 2.47895e-11 -0.178035 -0.289261 0.760648 -0.258743 1.13531 0.00805721 1.72472 5.29768e-09 -0.375058 -1.88364e-10 -0.216046 -0.942073 -0.206869 -0.165622 -2.14343 -0.588222 0.134153 0.238064 0.900878 8.34474 0.0955549 0.160832 1.11493 0.0253592 0 0.0266809 0 0.0393675 0 0.0422471 0 0.307912 0 0.180638 0.194953 0.167571 0.160911 0.18742 0.168868 0.0234884 0.0606485 0 0.543297 0 0.629543 0 0.700503 0 0.836176 0 0 0 0.0559712 0 0 0 0 0.644943 0 0.00690493 0.00151966 0 0.0130726 0 0.332865 0.80108 0 0 0.241296 0.0589238 0.158438 0.008036 0.131691 0.0156478 0 0 0.0894276 0.0419436 0.0982377 0 0 0 0 0 0 0.0477106 0.0403639 0.00530059 0 0 0.130987 0 0.118982 0 0.116898 0 0.0966006 0 0.00307934 0 0.108246 0.00386569 0.00436558 0.0024541 0.00192164 0.0238665 0.0396362 0.0591848 0.0537065 0 0.000551552 0.233804 0.10127 0.176423 0.0755213 0.21109 0.0946924 0.221175 0.058345 0.112041 0.124872 0.269422 0.0763787 0.355329 0.0803849 0.0390142 0.0713484 0 0.141265 0.417415 0.0187337 0.158539 0.0435499 0 0 0.617687 0 0 0 0 0 0.843869 0 0.704027 0 0.604499 0 0.020533 0.57007 0 0.0355291 0.146855 0.53842 0.357909 0.0574889 0 0.617451 0 0.549202 0 0 0 0 0.22124 0.202017 0.057862 0.0605592 0 0 0 0 0 0 0.120295 0 0 0.687596 0 0.632031 0.515885 0.210989 0.000432355 0 0.601243 0 0 0.0597768 0 0 0.263787 0 0 0.0602723 0 0 0.0135241 0.125499 0.0124183 0.154767 0.0249688 0.620976 0 0.58839 0.0312125 0.0312485 0 0.121195 0 0.00681129 0 0.910384 0.405006 0.824637 0.0651608 0.617548 0.223302 0 0 0.0644216 0.310556 0 0.411235 0 0 0.0858935 0 0.556561 0 0.887146 0.0123432 0.0183583 0 0.0430871 0 0.864193 0.0829701 0.166688 0 0 0.44884 0 0.784698 0 0 0 0.425515 0 0 0 0 0 0.78896 0 0.281598 0.0476132 0.0824116 0.198382 0 0 0 0 0 0.0536907 0.241821 0 0 0 0 0.398199 0 0 0.291058 0 0 0.764316 0.0262795 0.296181 0.131878 0.193477 0.0407318 0.547868 0 0.041846 0.0393351 0 0 0.224092 0.0297724 0 0.0597069 0 0 0 0.345471 0.0210494 0.0160334 0 0.0111708 0 0.0995377 0 0.158191 0 0 0.707854 0 0.846587 0 0.883957 0 0.129243 0.218942 0.474162 0.096674 0.0984594 0.00550878 0.0786339 0.269006 0 0 0.0112702 0 0 0 0.0292999 0.126198 0.157196
30 7.07447 0.0420645 -0.0511206 -0.124521 0.23491 -0.0931332 8.38578 -0.445492 0.00879493 0.137961 0.582446 0.149328 -0.273107 0.130579 -0.487261 -0.447009 -0.0172903 0.191126 0.0617552 -0.101593 0.107378 -0.308943 0.0524549 0.00094385 0.0144623 0.00969306 0.116 0.0780851 -0.122096 -0.040551 -0.0278202 -0.103694 0.00164623 0.0500889 0.177465 0.0259135 0.0470682 0.151331 0.0186998 0.0573343 0.416267 0.18391 1.40324 0.220899 0.699195 0.00854173 0.0916311 0.145202 -0.0514466 -0.0499302 0.190293 -0.147758 -1.30758 0.374843 0.663238 -0.0375487 -0.0264605 -0.104612 -0.107477 0.181019 0.181778 -0.0196419 0.8707 -1.46454 -0.333828 -0.229276 -5.83452 3.53333 -0.512441 -3.3779 2.08854 2.8971 1.3514 -0.109866 -0.15676 -1.1519e-09 -1.66466 0.294928 0.36074 0.496167 0.668928 0.41634 -0.37482 0.0679612 0.875001 -0.0590808 -0.114934 -1.42975e-09 0.329275 8.04439e-10 -0.748368 -0.739473 0.0140955 4.6888e-09 0.74594 1.16194e-10 1.45426 -0.17267 -0.127831 0.228933 -0.757112 3.12403 -0.299249 3.59863 0.365488 0.222735 -3.04374 -5.0261 -0.2665 0.78153 0.19326 -0.740707 1.06083 0.241212 0.902743 8.38209 0.0928408 -0.0675855 1.12321 0.0200856 0 0.0159359 0 0.0112418 0 0.0148905 0 0.099211 0 0.0215355 0.114089 0.0178546 0.101784 0.0214262 0.113821 0.00355584 0.0252052 0 0.0531407 0 0 0 0.0949191 0 0.0998289 0 0 0 0 0 0 0.000816297 0 0.134883 0 0.00349602 0.00932457 0 0 0 0 0.305784 0 0 0.127334 0 0.0834408 0 0 0.0222603 0 0 0 0.00170847 0 0 0 0 0 0 0.0126226 0.00433978 0.0535246 0.00465287 0.0315461 0.0561829 0 0.05313 0 0.0650243 0 0.159438 0 0 0.0518111 0.0657777 0 0 0.00424753 0.00726337 0.0457999 0 0 0.0833367 0.156699 0.000524497 0 0 0.112781 0 0.0832855 0 0.0883541 0.00208278 0.0821438 0.00852239 0 0 0.097187 0 0.0962129 0.0137077 0 0.0320006 0.315204 0.170292 0.0329323 0.087293 0.0422127 0.024376 0 0.196248 0 0 0 0 0 0.5292 0.187701 0.412013 0.179535 0.309334 0.291245 0.00779928 0 0.0199529 0 0.0438505 0.365481 0.0743377 0.356808 0 0.166172 0 0 0 0.018497 0 0 0.0744566 0.0159538 0 0 0 0.0198309 0 8.73432e-05 0.000686131 0.00200519 0.0480715 0.0271486 0 0.0272394 0 0.0682338 0.164149 0.0621802 0 0 0.0808698 0 0 0 0 0 0.115677 0.0230414 0.0953298 0 0.178654 0 0.0738778 0 0.0735518 0 0 0.0203141 0 0 0 0.0531604 0 0.0243616 0 0.00412173 0.0270091 0.332976 0.169399 0.215758 0 0.250384 0.0745126 0 0 0 0.119637 0 0.176656 0 0 0.0159365 0 0.263384 0 0.305378 0.000491522 0.027614 0 0.000693767 0 0.447114 0.00109946 0.0873601 0 0.0539252 0.111711 0 0.199146 0 0.00724074 0.0284437 0.103379 0 0.00711711 0.131153 0 0 0 0.0441122 0 0.0342775 0.0501711 0.1487 0 0 0 0.0126423 0 0 0.0882996 0 0 0.0488784 0 0 0 0.0971285 0.0529058 0.0033401 0 0.142523 0.0149171 0.0944984 0.0169493 0 0.058511 0.324679 0 0 0.0734143 0.0764388 0 0.00105109 0.0544406 0.0895363 0.0820389 0 0.0779615 0 0.269803 0 0.0416138 0 0.117606 0 0.155172 0 0.145298 0 0 0.251047 0 0.205712 0 0.232531 0 0.0712977 0.0524373 0.0921327 0 0.0833972 0 0.0310961 0.116404 0 0.0149074 0.0143382 0 0 0 0 0.0306444 0.0617372
31 7.1078 0.052568 -0.0408122 -0.119057 0.238801 -0.0975899 8.4155 -0.462622 -0.00303728 0.140975 0.317717 0.143109 -0.398261 0.0742824 -0.280493 -0.269628 0.012645 0.168501 0.0527364 -0.101593 0.0368977 -0.2956 0.0539384 0.0307695 0.0548624 0.00936556 0.093019 0.0742915 -0.0977391 -0.0396279 -0.0260084 -0.104009 0.0141941 0.0501149 0.154301 0.00405122 0.0396546 0.151003 0.0301529 0.0582032 0.431512 0.201278 1.40475 0.221988 0.662546 0.0025159 0.120248 0.153014 -0.0404163 -0.0500117 0.127863 -0.155512 -1.33896 0.420955 0.649011 -0.0500247 -0.00230439 0.320204 0.457779 0.53404 0.211702 -0.130061 0.876019 -0.35983 -0.0390037 -0.522208 -7.93514 -0.0839976 1.03226 -0.120565 -3.85238 -3.19393 0.920709 -0.619874 -0.657729 -1.61718e-09 -2.16371 0.234501 0.424683 1.00727 1.36506 0.235313 -0.406298 -0.216068 0.408963 -0.190337 -0.299808 -1.85179e-09 0.738136 3.94327e-10 -0.602758 -0.992725 -0.125029 3.96731e-09 0.364374 3.8163e-10 0.127256 0.102426 0.202255 -0.021256 -0.509495 -0.536083 0.477121 3.40301e-09 0.440192 -1.5864e-10 -0.282429 -1.62337 -0.657346 0.0298871 -1.01198 -0.719799 0.836114 0.244712 0.898272 8.41865 0.108106 -0.180153 1.08186 0.0194514 0.0252259 0.0142773 0.0118948 0.0145968 0.0101351 0.0145616 0.0152661 0.0316012 0.00521826 0.0717629 0.0255588 0.0694403 0.0253863 0.063545 0.0346716 0 0.0548863 0 0.0572449 0 0.00734902 0 0.084086 0 0.0988957 0 0 0 0 0 0 0 0 0 0 0 0 0 0.0224651 0 0 0 0 0 0.260335 0 0.127573 0 0.00985154 0.0204504 0 0 0 0.0239452 0 0 0 0 0 0 0 0.0170361 0.00597397 0.00913843 0.00424787 0 0.130331 0 0.0899014 0.00321225 0.102581 0.048873 0.173412 0.00304321 0.0188536 0 0.157342 0 0.00617412 0.00767751 0.0299823 0 0 0.0768945 0.0513864 0.000775665 8.77935e-06 0.0495519 0.00300166 0.0412818 0.00141905 0.0520479 0.00112577 0.109554 0 0.00243731 0 0.0537398 0.00758526 0.0528646 0.00810737 0.00524282 0.0184695 0.0936644 0.300834 0.496324 0 0.154116 0.0296286 0.0177444 0 0.049491 0 0 0 0 0 0.388039 0.0319167 0.386138 0.0829957 0.290598 0.22022 0.115203 0.0140152 0.0383396 0 0.108255 0.307611 0.142667 0.267388 0 0.287061 0.000869137 0 0 0.0350217 0 0 0.170151 0.0340995 0 0 0 0.0518208 0 0.00568653 0.00105382 0.00298953 0.00877475 0.00407565 0 0.0265596 0.00404609 0.058266 0.351963 0.0591029 0 0 0 0 0 0 0 0 0.160382 0.0872728 0.0562239 0 0.0917096 0.0449502 0.0430618 0 0.0426546 0 0.0245112 0.0180717 0.0122999 0 0.00077881 0.0430254 0 0.053625 0 0.0101351 0.0483055 0.382839 0.113013 0.311506 0 0.241721 0.0254006 0.01116 0 0 0.0146898 0.0048308 0.0241676 0 0 0.00406655 0.202562 0 0.161713 0 0 0.0121782 0 0 0.0175487 0.385198 0 0.124191 0 0.118269 0 0.0414455 0 0.317236 0.00501155 0.0464026 0.0207842 0.179898 0 0.133209 0 0.00599226 0.261357 0 0.100958 0 0.0482827 0.139665 0 0.00417931 0 0.0321258 0 0.0516014 0.17362 0.0291722 0 0.0631134 0.000563826 0 0 0.0865592 0.0648179 0 0.0507473 0 0.0702566 0.0247836 0.0799731 0 0.0711091 0.462053 0.0309446 0 0.0435259 0.0057912 0 0 0.0234874 0.00408991 0.0806842 0 0.0889484 0 0.253534 0 0.069299 0 0.100746 0 0.139369 0 0.138326 0 0 0.199394 0.0137218 0.159418 0.0208122 0.200295 0 0.0260972 0.0550093 0.12094 0 0.0263498 0.0141242 0.0029924 0.031728 0.000921482 0.019438 0.0259276 0 0 0 0 0.0739998 0.0626849
32 7.14113 0.0402705 -0.00485078 -0.0871871 0.245157 -0.103267 8.44794 -0.421654 -0.0251106 0.101451 0.0526634 0.169778 -0.321863 0.114822 -0.213683 -0.235064 0.0681654 0.163459 0.015129 -0.101593 -0.00829189 -0.325868 0.0622776 0.0895425 0.0605569 0.0455915 0.0699388 0.0577274 -0.100797 -0.0385501 -0.0380145 -0.104225 0.0218874 0.0458012 0.14048 -0.0177695 0.0313281 0.142593 0.051392 0.0600052 0.458551 0.180019 1.42282 0.229042 0.678354 0.0128424 0.0708833 0.152748 -0.0511845 -0.0508387 0.0807111 -0.152638 -1.37807 0.458736 0.654922 -0.0206113 -0.00379861 -0.343675 1.28331 0.807893 0.212703 -0.109454 1.02621 0.731524 -0.416912 -1.22607 -5.01599 -4.11306 0.789278 4.60604 5.23553 4.27578 1.69862 -0.223976 -0.801394 -1.04705e-09 -1.25134 -1.0456 0.432302 0.00180798 0.0211816 0.844845 -0.672888 -0.327419 -0.196676 0.0292236 -0.270477 -8.32138e-10 -0.0139863 -0.0557716 -0.431673 -0.359323 -0.308075 -0.00199678 4.70229e-10 1.80745e-10 0.0276768 -0.342065 0.65269 0.0630181 0.701997 -0.0229124 -0.355682 3.29617e-09 -1.93209e-10 -2.52414e-10 0.281108 -1.04403 -1.04246 0.413609 -0.0506227 0.0376438 0.288211 0.248305 0.893233 8.45439 0.110428 -0.136375 1.05561 0 0.0685357 0 0.0754663 0.00181355 0.07846 0 0.0243348 0 0 0.161627 0.0710674 0.13538 0.0194029 0.16027 0 0.0353543 0.0630532 0.106568 0 0.0804078 0 0.150645 0 0.168954 0 0 0.0198014 0.0234238 0.0137951 0 0.0357064 0 0.0351026 0 0.0392073 0 0 0 0.029419 0.0198241 0.0412984 0 0.409425 0.0347177 0.108496 0.00855978 0.0136224 0.0590566 0.0711022 0.0335959 0.00279161 0 0.0187366 0.0318547 0.0194245 0 0.0194854 0 0.00363575 0 0 0.0112796 0 0.00368074 0 0 0 0 0 0 0 0.018906 0.00690212 0 0 0 0 0.00328427 0.00459982 0.00867045 0.0097181 0.0027385 0.0144133 0.0459219 0 0.00103926 0 0.120437 0.0708624 0.126383 0.0523625 0.11484 0.0561247 0.171768 0.0687502 0.0516933 0.0376349 0.0828397 0.0523157 0.101064 0.05393 0.0345714 0.0461556 0.188065 0 0.254656 0 0.0819341 0.0550291 0 0.0312203 0 0.0392821 0 0 0 0.0316913 0.414295 0.117372 0.359858 0.0639746 0.239324 0.088953 0.0245026 0.0446289 0.0540626 0 0.354403 0.0170962 0.39471 0.0130494 0.0678794 0.0452967 0.0091652 0.00132644 0 0.0225605 0 0.0133795 0.148283 0.012483 0.228736 0.0541051 0 0.0857792 0 0.0202608 0 0 0.186117 0.245303 0.0396775 0 0.0838306 0 0.368619 0 0 0.000157788 0 0.0472012 0 0.0344152 0.00872203 0.0509909 0.200737 0.153226 0 0 0 0 0.0313242 0 0.0350932 0 0.0450368 0 0.0062926 0 0.0484443 0 0 0.032014 0.00101446 0.00104094 0.282084 0.17046 0.214199 0.381916 0.262968 0.170551 0 0.0626229 0 0 4.57056e-05 0.142095 0 0.133242 0 0 0.692825 0 0.618521 0 0 0 0 0 0.234997 0.00995792 0 0.0957749 0 0.135372 0 0.553132 0 0.474044 0.0385946 0.0950189 0 0.379188 0 0.0383182 0.0222168 0.0300407 0.342283 0 0 0 0.0756555 0.244224 0 0 0 0.0401778 0 0.0617026 0.219424 0.0648266 0 0.00694206 0.0387531 0 0 0 0.0817631 0 0.212043 0 0.196865 0 0.187306 0 0.0550736 0.488562 0 0.0368762 0.0306552 0 0.00472419 0.0191513 0.00771286 0 0.0577271 0 0.0283364 0 0.168043 0 0.0284556 0 0.0433893 0 0.0708928 0 0.0797994 0 0.229803 0 0.318249 0 0.442584 0 0.00350633 0.0192186 0 0.13157 0 0.057771 0.0500163 0.111999 0 0.0471123 0 0 0 0.0102075 0 0.0266081 0.147382 0.10506
33 7.17447 0.0223985 0.0241353 -0.0620197 0.250025 -0.109525 8.48281 -0.405383 -0.0746731 0.0876377 -0.0363921 0.179038 -0.210384 0.0140355 -0.163286 -0.190135 0.132904 0.129023 -0.0114095 -0.101593 -0.0516785 -0.319885 0.0711578 0.0895136 0.134826 0.0826702 0.038572 0.0308618 -0.111934 -0.0364115 -0.029248 -0.103826 -0.00296247 0.0295865 0.138349 0.0060675 0.0548066 0.151599 0.0367016 0.0586531 0.481052 0.216186 1.41659 0.233796 0.702354 0.00034914 0.0490182 0.152794 -0.0493405 -0.0506971 0.135639 -0.184064 -1.39658 0.532793 0.681702 -0.049457 -0.00961476 -0.487978 0.618888 0.545255 0.11587 -0.16305 1.08131 0.223772 -1.74576 -0.260499 -1.38018 0.289931 2.9877 -2.87526 2.01272 1.7757 1.93093 -1.21281 -0.383762 -6.33936e-10 -1.24826 0.616642 0.496044 -0.00377167 -0.00136757 0.722442 -1.07051 -0.556915 -0.110038 0.110706 0.250939 -1.19945e-09 -0.217651 -0.396502 -0.12642 0.25084 0.582922 5.58174e-09 -0.680525 6.76451e-10 0.467481 0.359737 -0.372777 0.0763044 4.59749e-10 -0.410299 -0.344987 3.05879e-09 0.184909 -2.52371e-10 1.13003 -0.21135 -0.928151 0.566873 -0.375934 -1.80127 0.663697 0.251944 0.88818 8.48928 0.111419 -0.162995 1.03758 0.00410688 0 0 0 0.0264318 0.00214406 0 0 0 0 0.0384818 0 0.0365005 0 0.0671397 0 0.00457222 0.113447 0.12433 0.0319252 0.0732813 0.0928076 0.272375 0.0528377 0.305902 0.112342 0 0.159445 0.00173934 0.0823488 0 0.188424 0 0.0195174 0.0132012 0.217979 0.00189266 0 0.0310492 0.0854888 0 0 0 0.176985 0.0771552 0.137412 0.0689183 0.0676195 0 0.0362814 0.0309771 0 0 0.0436437 0.0334102 0 0 0.0291291 0 0 0.044132 0.0429256 0.0566624 0.000492789 0.0290419 0.00619958 0 0.073432 0 0.00989241 0 0.0281941 0 0.049717 0.0332239 0.0700345 0 0 0.00234708 0.0237436 0.0268943 0.0513206 0 0.0439041 0.121452 0.0336797 0.00153241 0.00106826 0.265484 0.0970383 0.202481 0.0676867 0.278368 0.0878144 0.29777 0.0624078 0.00520868 0 0.236786 0.0817457 0.335978 0.0847323 0 0.0295681 0 0.0840091 0.3583 0.0435069 0.0339367 0 0 0 0 0 0 0.0629864 0 0.287558 0.403977 0.0348608 0.276056 0 0.0523513 0 0.0366957 0 0.163959 0.0162592 0.301496 0 0.334014 0 0 0 0 0 0 0.10576 0 0.0319588 0.233969 0 0.22191 0.0294171 0.0133434 0 0 0.0146415 0 0 0.133545 0.0760094 0.0313022 0 0.0893972 0 0.385885 0.00628363 0 0 0 0.252407 0 0.0766258 0 0 0.360231 0.182934 0 0.1348 0 0.137458 0 0.0882643 0 0.0988427 0.084889 0.0507937 0 0.0278883 0.0491104 0.0659445 0 0.172316 0 0.0078318 0.180614 0 0.248909 0.368752 0.226389 0.201791 0 0 0 0 0.0362315 0.0552621 0.00286343 0.107318 0 0 0.570669 0 0.476067 0 0 0 0 0 0.206065 0 0 0.153722 0 0.0941688 0 0.385253 0 0.368011 0.0625411 0.0347264 0 0.350047 0.0672922 0.175938 0.0828099 0.0604197 0.622421 0.00439595 0 0 0.145462 0.257405 0 0 0 0.0309443 0.0361615 0.0327834 0.312511 0.0818573 0 0.171374 0.0660952 0 0 0.103409 0.0748791 0 0.256284 0 0.16908 0 0.18964 0 0 0.418561 0 0.077712 0.0763549 0 0.0124259 0 0.054747 0.00469772 0 0 0 0 0 0.0045259 0 0 0 0 0 0 0 0 0.40764 0.0772421 0.322893 0.158102 0.427351 0.0234317 0.0295242 0.0215756 0.149187 0 0.00111419 0.0742263 0.0497999 0.0176334 0.0244428 0.026935 0 0 0 0.02594 0 0.0774849 0.16712 0.100015
34 7.2078 0.0348854 0.0343647 -0.0386192 0.255482 -0.113732 8.51813 -0.442931 -0.0820685 0.077509 -0.0152853 0.118577 -0.103122 -0.0360005 -0.153561 -0.224849 0.163385 0.0971392 -0.0413982 -0.0998633 -0.0567751 -0.298363 0.0887194 0.0558022 0.0890619 0.0509561 0.0230952 0.0163495 -0.0845521 -0.0458437 -0.0312255 -0.103341 -0.0334618 0.022304 0.132292 0.0366055 0.0552463 0.151764 0.0309881 0.0582179 0.401887 0.198009 1.42081 0.197404 0.674375 -0.0205629 0.084636 0.152768 -0.0503832 -0.0507771 0.154651 -0.224796 -1.41321 0.512653 0.673289 -0.0884405 -0.019592 0.390268 0.355236 0.722315 0.146784 0.0131622 1.08521 -0.884623 -0.134892 -0.429159 1.00534 -0.789868 4.64001 -3.55791 -0.53289 -2.73414 1.02945 -1.00942 -0.845942 -0.258232 1.44805 0.572808 0.539316 -2.17643 -2.95933 -1.055 -0.588593 -0.351026 0.859147 -0.203967 -0.118414 -1.62282e-09 -0.414816 -0.129933 -0.203125 0.398999 -0.224036 4.25448e-09 0.426786 6.56951e-10 -0.406929 0.293044 -0.549415 -0.0525766 -0.306852 -0.74292 0.728182 9.71505e-09 -1.04754e-09 -1.15002e-09 1.19176 -0.562244 -0.343383 -0.600582 0.646619 0.88902 -0.505834 0.25569 0.885064 8.52363 0.112955 -0.00713123 1.02177 0 0.0760805 0 0.054427 0 0.0426557 0.00743659 0.0395384 0.000386626 0.126506 0.133763 0 0.160207 0 0.181569 0 0.10199 0.0617929 0.14989 0.0300735 0.0514835 0.0409622 0.216617 0.0468202 0.137766 0.0583545 0 0.0880255 0 0.100038 0 0.085387 0 0.0845836 0 0.102509 0.00320055 0 0.317088 0.056208 0 0 0 0.174775 0.219138 0 0.0874471 0 0 0.0336836 0.0269535 0 0 0 0 0.00745167 0 0 0 0.00143663 0.0556798 0.00273141 0 0.0187569 0.00333489 0.00652999 0 0.0465329 0 0.0403837 0 0.0479929 0 0.0786264 0.0653469 0.0272527 0 0.0669056 0.0257451 0.00861803 0.0600673 0.0273496 0.0231365 0.0112212 0.0490467 0.0498333 0.00141274 0 0.190704 0.0368491 0.149219 0.0279 0.177927 0.0313326 0.276991 0.0465438 0 0.042501 0.185092 0.0317977 0.185789 0.0310122 0.0143005 0.03566 0.519474 0 0.801444 0.0498604 0.0632089 0 0 0.0104915 0 0.0394366 0 0.0736118 0 0.119137 0.746494 0.0187092 0.637963 0.00279618 0.263156 0 0 0.00981592 0.0466864 0.0108822 0.525116 0 0.619175 0 0.22519 0.0331198 0 0 0.0661904 0.0516833 0 0 0.151106 0.0503271 0.0375992 0 0 0.0459104 0 0.00317209 0 0.00143204 0 0.00311068 0.01726 0.00322959 0.0499577 0 0.294283 0.0626025 0 0.000408343 0.082875 0.0407882 0 0 0 0.0107777 0.0456874 0.0936363 0 0 0 0 0 0.0511448 0 0.0495741 0.0115779 0 0 0 0.0993206 0 0 0.0645292 0.00932933 0 0.495032 0.286666 0.198286 0.387559 0.21704 0.103474 0.00166396 0.112085 0 0.0110725 0.000508226 0.239693 0 0.324947 0.0907644 0.0349532 0.447186 0 0.356228 0 0 0.00295662 0.00746217 0.00240074 0.360945 0 0 0.13657 0 0.135869 0.604663 0.223367 0 0.102523 0.00629952 0.0330374 0.606092 0.0810587 0.361487 0.160759 0 0.0300732 0.610919 0 0.241974 0 0.0354025 0.127309 0 0.00671832 0 0.0473198 0 0.0742173 0.0850323 0.0320585 0 0.0801989 0.0307549 0 0.551678 0.110017 0.0712464 0 0.222621 0 0.243719 0 0.0459247 0 0.218631 0.282485 0.137996 0.000252496 0.0869508 0 0 0 0.0727297 0 0 0.00412682 0 0.015257 0 0.0343144 0 0.00680667 0 0.0113361 0 0.0158652 0 0.0171392 0.364591 0 0.477831 6.24463e-05 0.596049 0 0.00174721 0 0.0313542 0.253091 0.0526626 0.048347 0.0057459 0 0 0.219145 0 0.0268476 0 0.00516114 0 0 0.133694 0.0900455
35 7.24113 0.0405143 0.0292736 -0.0338928 0.260813 -0.112098 8.55433 -0.46014 -0.0965487 0.0908573 0.0430966 0.123166 0.0564892 -0.0193578 -0.10262 -0.205627 0.178086 0.0723314 -0.0535724 -0.0656638 0.000511176 -0.253558 0.0808113 -0.0947389 -0.0721282 0.0393851 0.00989968 0.0265584 -0.0771563 -0.040545 -0.0336227 -0.103956 0.0187739 0.0218399 0.130064 1.02196e-06 0.0359711 0.151302 0.0469059 0.0594296 0.347782 0.170832 1.40913 0.186056 0.675504 -0.0442495 0.112262 0.152768 -0.0503832 -0.0507771 0.131431 -0.251453 -1.4325 0.437812 0.697777 -0.091141 -0.0578487 -0.0351719 -0.526274 0.00294166 0.0762882 0.151997 1.13393 0.162744 -0.445294 0.672813 1.5501 0.295089 4.43592 -0.646911 0.953048 -0.0534618 0.551673 -0.120208 0.215206 0.619246 6.51608 4.71777 -17.572 -32.3777 -23.1462 -0.203536 -0.194284 0.141079 0.222057 0.0856665 0.23426 -1.62933e-09 0.591809 -0.0932824 -0.017777 -0.0968817 -0.299079 2.74549e-09 0.828321 3.84211e-10 -0.652754 0.00888699 -0.697923 -0.0130252 -0.130275 -0.228876 0.340532 9.74212e-09 -1.30471e-09 -1.0771e-09 0.0695493 -0.102485 -0.239614 -0.622021 1.74059 0.839396 -0.992723 0.259426 0.886932 8.55812 0.117717 0.0967516 1.04707 0 0.0618545 0 0.040121 0.00729163 0.0351849 0 0.0315295 0.0162071 0.00689563 0.0926163 0 0.104739 0 0.109051 0 0.131162 0.0351843 0.0501558 0.0782776 0.00280876 0.120029 0.0631179 0.128536 0.0525259 0.158134 0 0.165974 0 0.194316 0 0.108862 0 0.0511943 0 0.0100314 0 0.00237887 0.348568 0.0767053 0 0 0 0.099465 0.046101 0.0345967 0.0583149 0.00685817 0 0.00456918 0.0386297 0 0 0 0 0 0 0 0.000514373 0 0.0112885 0 0 0.014991 0 0.00742582 0 0 0 0 0 0 0 0.0401891 0.0127903 0.00880371 0 0 0.0298048 0.00317233 0.0394697 0.0134092 0.0870381 0 0 0.0382892 0.000931586 0.000894559 0.429131 0.00134068 0.356017 0.0136974 0.358491 0.0128874 0.424994 0.00778243 0.032952 0.018991 0.451441 0.0186714 0.415175 0.0195134 0.0389611 0.0245596 0 0.0327882 0.734523 0 0.047833 0 0 0 0 0 0 0.0492159 0 0.0630168 0.696277 0 0.519708 0 0.224196 0 0 0 0.0184809 0 0.293808 0 0.392861 0 0.141308 0.0584269 0 0.0207501 0.0540102 0.0123169 0 0 0.152412 0.029759 0.197333 0 0 0.0317017 0 0.0111145 0 0 0.0276283 0.0427117 0.00708141 0.0143773 0.0293168 0.0185921 0.421232 0.063752 0.000955434 0 0.015602 0.0323427 0 0 0 0 0.152721 0.0742817 0 0.0513123 0 0.15711 0 0.0282679 0 0.0324121 0 0 0 0.0357442 0.128028 0 0 0.0314965 0.00196295 0 0.267967 0.146251 0.119863 0.204898 0.155906 0.119091 0 0.0354925 0 0.0112455 0.00590175 0.0736809 0 0.101833 0.0199048 0.0214404 0.0865454 0.00229455 0.0227816 0.0243814 0 0 0 0.00206418 0.138932 0 0 0.104305 0 0.0993202 0.549959 0.0589149 0 0.0765364 0.00830141 0.0296957 0.551937 0.00191474 0.355874 0.156021 0 0.0259533 0.7602 0.0054963 0 0 0.0566052 0.175895 0 0 0 0.0225538 0 0.00252416 0.188166 0.041643 0 0.0231611 0.0113462 0.007911 0.52703 0.109624 0.0135872 0 0.105585 0.0194854 0.107798 0.00603584 0.0797293 0.0222786 0.243422 0.0426065 0.0858433 0 0.0829312 0.0142065 0 0 0.0516811 0.00846341 0 0.00493963 0 0.000554548 0 0.0383875 0 0.00290773 0 0.00142011 0 0.00187146 0 0 0.15642 0.00820998 0.219326 0.0490784 0.358846 0.0273985 0 0.00129304 0 0.156479 0.00492486 0.043142 0 0.0341005 0.00109129 0.0720128 0 0.0103 0 0.000672756 0 0 0.190304 0.134707
36 7.27447 0.0424871 0.0163959 -0.0201067 0.265318 -0.105426 8.5929 -0.461093 -0.109911 0.103304 0.119188 0.14635 0.140128 -0.0116471 -0.0725558 -0.168152 0.182205 0.071713 -0.0745104 -0.0132829 0.117517 -0.240467 0.103642 -0.248707 -0.271139 0.0131344 -0.00467039 0.0217678 -0.0486238 -0.0444177 -0.0322053 -0.104079 0.0109651 0.000200896 0.131801 0.0295823 0.0579471 0.122603 0.0501629 0.0604362 0.360907 0.189039 1.38747 0.177883 0.695838 -0.0851882 0.111673 0.152764 -0.0505567 -0.0507905 0.0893417 -0.281167 -1.4358 0.29603 0.661967 -0.0435934 -0.0423314 0.0535724 -0.51485 0.539531 0.0929939 0.352968 1.18758 0.316479 -0.132146 0.338217 2.03174 0.295728 0.317479 0.736018 0.940031 1.19628 0.212169 0.0997871 -0.650731 1.17388 4.86302 -0.0233717 -1.55375 -5.93457 -6.21034 -0.718038 -0.5666 -0.247788 0.746252 -0.218979 -0.0321082 -2.62557e-09 0.321259 -0.556775 0.0936565 0.336321 0.48274 -0.741109 3.87337e-10 3.34805e-10 -0.380066 0.264705 -0.48449 0.188568 1.99283 -0.990669 0.140584 1.1304e-08 -1.47872e-09 -1.17058e-09 -0.898122 -0.0176217 0.284086 -1.59576 2.18848 3.44596 -1.44631 0.263381 0.893367 8.59367 0.128082 0.290983 1.08862 0 0.0714323 0 0.0382059 0 0.0187401 0.014918 0.0870368 0.074159 0.0826646 0.052801 0 0.0993302 0 0.12012 0 0.140754 0.0495149 0.0433969 0.0928852 0 0.139867 0.052348 0.153296 0.0404818 0.198016 0 0.198496 0 0.222203 0 0.0919419 0 0.0231121 0 0 0.0078431 0 0.434366 0.0713709 0 0.0445924 0 0.0586159 0.0828123 0.0644434 0.0340027 0.00974606 0 0.0635833 0.0337984 0.00182129 0 0.0135171 0.00309784 0.0179447 0 0.0041764 0 0.00135771 0.00700534 0 0 0 0 0 0 0 0 0 0 0 0.0111909 0.0440133 0.0027394 0 0.00149234 0 0.0335874 0.00112561 0.0381353 0 0.108971 0.0167989 0 0 0.00155537 0.000913419 0.319977 0.0214096 0.259421 0.0195031 0.266007 0.0247972 0.325422 0.0195146 0.0326249 0.0577217 0.376662 0.0242764 0.405158 0.0244416 0.0396771 0.0494761 0.177182 0.0226753 0.767965 0 0.0134051 0 0 0 0 0 0 0.0581225 0 0.0479547 0.81474 0 0.658218 0 0.182372 0 0 0 0.0141347 0 0.365489 0 0.560775 0 0.0872881 0.079738 0 0.0353163 0.0472691 0.0177676 0 0 0.250285 0.119131 0.200404 0.00767376 0 0.0245921 0 0 0 0 0 0 0.00242167 0.0268134 0.0145794 0.0316681 0.599561 0.0817344 0.00311117 0.000170411 0.213214 0.0105382 0 0.0348304 0 0.0346557 0.151316 0.136093 0 0.0562322 0 0.0200068 0 0.022269 0 0.0220921 0 0.00689325 0 0.0518507 0.102708 0 0 0.106197 0.00120821 0 0.360261 0.243735 0.132336 0.212658 0.227829 0.079993 0.0328035 0.0714066 0 0.0216088 0 0.0779131 0 0.178435 0.129574 0.15489 0.386806 0 0.244262 0.0282732 0 0 0 0.00213588 0.222109 0 0 0.2127 0 0.16332 0.467676 0.0413565 0 0.0627768 0 0.00247896 0.54075 0 0.410486 0.0924444 0 0.0479917 0.744096 0.0044114 0.249054 0 0.0773885 0.202024 0 0 0 0.0296618 0 0.0696999 0.256716 0.0921067 0 0 0 0.0159287 0.623171 0.0388479 0.0868047 0 0.134963 0.0139605 0.219688 0 0.0711819 0.00470848 0.227395 0.121545 0.0506754 0 0.123732 0 0 0.0236615 0.103137 0 0 0 0 0 0 0.0120569 0 0 0 0 0 0 0 0 0.273589 0.0296394 0.2724 0.069479 0.389151 0.0468294 0 0 0.0714597 0.370453 0.00385069 0.0855204 0 0 0.00300971 0.167628 0.0255712 0.053859 0 0.00237872 0 0.0147513 0.234905 0.14793
37 7.3078 0.0116458 0.0458336 0.0146265 0.271473 -0.0942352 8.6332 -0.384457 -0.128163 0.0753693 0.139179 0.174479 0.153686 0.0151918 -0.04526 -0.129593 0.112684 0.098738 -0.104767 0.206202 0.368154 -0.257712 0.128869 -0.549293 -0.630904 0.0334446 -0.026547 0.0170466 -0.0355181 -0.0395751 -0.0534311 -0.103984 0.0378137 -0.00455718 0.142543 0.00299785 0.0387912 0.108873 0.0465381 0.0581333 0.343852 0.158916 1.38887 0.207147 0.696713 -0.0156948 0.101768 0.152764 -0.0505567 -0.0507905 0.0789806 -0.320363 -1.39882 0.209226 0.704271 0.0118396 -0.11596 -1.29755 0.888461 0.873213 0.11696 0.318506 1.28467 2.89195 -0.303404 -1.02315 0.614287 0.379452 1.60988 -1.07145 1.46932 0.728321 -2.62891 0.98966 -0.529445 8.63678 4.61375 -1.29977 -2.04935 -1.58321 -5.08042e-07 0.503986 -0.324444 -0.104657 0.732949 0.225908 -0.505706 -1.92974e-09 -1.15759 0.197489 0.486252 1.10595 -1.10382 0.466736 -0.107927 -0.306416 0.0995206 0.705433 -0.0532756 0.138477 -0.832232 1.98387 -0.636548 1.17037e-08 -1.19335e-09 -8.5446e-10 -0.138055 0.347137 1.10714 0.355283 1.01923e-09 1.39623 -1.49677 0.267931 0.903314 8.63219 0.150903 0.282229 1.18643 0 0.0990727 0 0.102128 0 0.104644 0 0.0445478 0.0205876 0 0.221742 0.0396971 0.21088 0 0.241746 0 0.162386 0 0 0 0 0 0 0.00871281 0 0.022487 0 0 0 0 0 0.00386405 0 0 0.0471932 0 0.0125275 0.00442505 0.438577 0.00541929 0 0.0513937 0.261042 0 0.0246987 0.220905 0.0340312 0.0462862 0 0.015119 0.0197287 0 0 0.0115945 0.0368749 0.0243745 0 0.000778368 0 0.000596289 0.0183194 0 0 0.0691593 0 0.01913 0 0 0.00181007 0 0 0 0.0175364 0.0306058 0.00423784 0 0.0377655 0 0.039336 0 0.0434162 0 0.105431 0 0 0.0641865 0.00119724 0.000217882 0.179544 0.0134793 0.12229 0.0169878 0.148204 0.0214779 0.162726 0.0196807 0 0.0273356 0.257522 0.0235832 0.150627 0.027923 0.0309666 0.0129199 0.185243 0.0391955 0.351089 0 0.00113054 0.0903167 0 0.0106597 0.0877688 0 0 0 0 0 0.656728 0.00248748 0.436716 0.0749554 0.0768626 0.182292 0 0.0909962 0 0.0115065 0 0.17001 0.115608 0.106356 0.0167043 0.0923332 0 0 0.0635793 0 0 0.00414092 0.151948 0.0478084 0.401658 0.156232 0 0.0603332 0 0.0150824 0 0 0.237939 0.274784 0 0.00703361 0 0.0333151 0.602404 0.0482047 0.00217427 0 0.229836 0 0 0.0369581 0 0.0377753 0.123005 0.223058 0.0901292 0.033399 0.0851662 0.023094 0.0163075 0.00349299 0.00981963 0.00724582 0 0.0153145 0 0 0.0850688 0 0 0.0263008 0.00318991 0 0 0.179278 0.115078 0.303715 0.138145 0.287529 0 0 0 0 0 0.12025 0 0.0996163 0 0.0504497 0.0253854 0 0 0 0 0 0 0.021216 0 0.163288 0 0.0770024 0 0.0515808 0.0632293 0.037149 0.213621 0.198171 0.0180387 0.0982652 0.104588 0.0791692 0.389838 0.0427561 0 0.0267607 0.630744 0 0.238849 0 0.120753 0.298 0 0 0 0 0 0.125342 0.231823 0.15725 0 0 0 0 0.643825 0 0.0871831 0 0 0.0125696 0 0.0450611 0.152229 0.0447925 0 0.103637 0 0 0.132947 0.00558163 0.0494856 0.0243841 0.135072 0.000358824 0.0376301 0 0.00210465 0 0.13272 0 0 0 0.0523309 0 0.0731175 0 0.0540723 0 0 0.0679502 0 0.0663063 0 0.0896628 0 0.0933999 0 0.174105 0 0.119302 0.0505387 0.160059 0 0.0547304 0 0 0 0.00313785 0 0 0.265 0.214851
38 7.34113 -0.022659 0.113711 0.0526755 0.277641 -0.085848 8.67635 -0.256012 -0.132048 0.0325339 0.0814009 0.200673 0.1641 -0.0828538 0.0430532 -0.0581996 -0.0336069 0.125098 -0.123048 0.525922 0.711332 -0.240631 0.137999 -0.540582 -0.623046 0.0332737 -0.0378008 0.000474735 -0.00359196 -0.0472538 -0.059468 -0.104129 0.0345056 -0.0142578 0.155596 -0.00622682 0.0194207 0.151159 0.0197702 0.0524217 0.337441 0.22963 1.37555 0.203064 0.656466 -0.00895615 0.0827482 0.152772 -0.0502273 -0.0507629 0.0887718 -0.344404 -1.36518 0.172324 0.700319 0.01137 -0.0488116 -0.974928 1.50081 0.616319 0.0376548 0.0982685 1.33642 3.58608 0.682935 -0.936768 -1.50072 -4.11432 -5.37471 0.240873 2.73008 22.2606 -4.0036 0.590752 -0.383102 7.6257 8.80648 2.63513 -3.52448 1.95319 0.725233 -0.0938528 -0.0491823 -0.0188474 0.836806 -0.0379641 -0.119539 -1.35245e-09 -0.720539 -0.0629898 0.387556 0.372112 -0.815192 1.76871e-09 -0.385246 -0.191898 0.26061 0.0236042 0.00725943 0.0364619 -0.441414 -0.285763 0.0346829 4.37203e-09 0.110904 0.000836537 -0.0397355 0.448924 0.613855 0.330759 3.07314e-10 0.811354 1.02648 0.27315 0.91096 8.67344 0.153352 0.137241 1.25957 0.0217547 0.0138154 0.0193125 0.00110931 0.0187309 0.0100815 0.00321449 0.00376855 0.0502391 0 0.0619765 0.101376 0.0424075 0.0821299 0.0474589 0.0937823 0.0292747 0.0377117 0.00634558 0.0440347 0.00167344 0.0214556 0.00969708 0.0520477 0.00915779 0.0796179 0 0.00298281 0.000302564 0.0114659 0 0 0.00516898 0 0.0157226 0 0.0103281 0 0.11402 0.0108582 0 0 0.000509834 0 0 0.130722 0 0.0549893 0 0.00586359 0 0 0 0 0.0184335 0.0100774 0 0 0 0 0 0 0 0.0154046 0 0.00584794 0.189616 0 0.167158 0 0.177106 0 0.276012 0 0 0 0.198702 0 1.56639e-05 0.00243118 0 0.014512 0.0250832 0 0.0377979 0.0461116 0.000421621 0.000339438 0 0.154126 0 0.113812 0 0.119834 0.0205035 0.109729 0.0646207 0 0 0.107402 0 0.107808 0.0348968 0.0177358 0 0.11342 0.0149739 0.211469 0.0280224 0.0691039 0 0.00242077 0.0461416 0 0 0 0.000599569 0 0.195704 0.0310238 0.145765 0.0857801 0.0220022 0.152237 0.000329646 0.0643765 0.00539646 0.000169571 0.015606 0.170292 0.0487876 0.125675 0 0.15234 0 0 0 0 0 0 0.152819 0.0668006 0.38904 0 0 0.0552552 0 0.00506614 0 0 0.0835419 0.046735 0.000330857 0.0195916 0 0.0400883 0.559516 0.0822955 0.00291939 0 0.0212574 0 0 0 0 0 0.245619 0.180756 0.0449978 0 0.0841979 0 0.0853392 0 0.0863171 0 0 0.0530324 0 0.0137069 0 0.0370662 0 0 0 0.0044633 0.174464 0.0891836 0.265305 0.0945385 0.087308 0.147917 0.0636003 0 0 0.000630971 0.0713357 0 0.094751 0 0 0.00149925 0.0714006 0 0.0373465 0 0 0 0 0 0 0.165702 0 0.146155 0 0.119055 0.0285546 0.134175 0 0.246418 0.00928029 0.0883287 0.0361039 0.19827 0.00232509 0.104311 0.0148134 0 0 0.0702601 0 0 0.123364 0.286485 0 0 0 0.00797065 0 0.025388 0.317582 0.101961 0 0 0 0.00528014 0.00714741 0.00732425 0.0333096 0.00331147 0.00102123 0.0119432 0.0166996 0.0105978 0.200995 0 0.453342 0.434432 0.12514 0.0283292 0.0774937 0.0168278 0.00954667 0 0.0771438 0.0186029 0 0 0 0 0.172438 0 0.0457523 0 0.0512868 0 0.0797831 0 0.041793 0 0.0016108 0.0855492 0.00100871 0.0948797 0 0.147311 0 0.0220308 0.0546132 0.0945823 0 0.174663 0.0111572 0.0437208 0.0516584 0 0 0.00507854 0 0 0 0 0.188598 0.121298
39 7.37447 -0.0609847 0.100459 0.0612042 0.282895 -0.0760645 8.7184 -0.140161 -0.146611 0.0217892 0.0407148 0.164839 0.192686 -0.0833467 0.0377474 0.09008 -0.0953455 0.144728 -0.123945 0.626022 0.498286 -0.0166241 -0.062293 -0.446206 -0.499805 0.087889 -0.0306637 0.00241519 -0.0475457 -0.0415558 -0.0478979 -0.104235 -0.0174345 -0.0507709 0.195756 0.0418236 0.0476163 0.150343 0.0506694 0.0547606 0.321952 0.206172 1.36519 0.187498 0.680179 -0.0726101 0.0100043 0.153545 -0.019855 -0.0500636 0.0657084 -0.329072 -1.37337 0.0736017 0.638135 -0.0102076 0.019646 -0.260833 -0.986209 0.342059 0.0744182 0.217491 1.26177 2.5325 -0.473812 -0.637636 -1.58259 -0.352711 1.47015 -0.0622917 -0.468188 -0.640669 -1.91268 0.607217 -0.610292 0.87759 -10.9836 3.92897 0.119819 7.75283 6.11458 0.329683 0.918766 0.2218 -0.999738 -0.391778 -0.14312 -6.07501e-10 0.7889 -1.31891e-09 0.819196 -0.891954 -0.639567 4.87847e-09 6.8959e-10 7.25725e-10 -4.15758 0.594148 -0.113484 -0.231826 4.092 -2.67274 0.437368 3.27098e-09 0.182009 -1.03678e-10 0.0960702 1.90047 0.156685 0.115249 0.0922372 1.2113 -0.443449 0.277094 0.919946 8.71335 0.114357 0.272389 1.15692 0.0100192 0 0.00496656 0 0.0216661 0 0 0 0.0403748 0 0.137253 0.15322 0.112388 0.15105 0.0529157 0.192283 0.0453099 0.0997624 0.0247402 0 0.0375234 0 0.0143139 0.00491223 0.0636252 0 0 0 0 0 0 0.0257752 0 0.0615903 0.0733679 0.085069 0.0165818 0.0168456 0.145135 0.169477 0 0 0.00236701 0 0.00923637 0.0377936 0.0647227 0.0342207 0.0245404 0.0568766 0 0 0 0 0.0745378 0.0130079 0 0 0 0 0 0.0756874 0.0425101 0.0209112 0.00537514 0.0198221 0 0 0 0 0 0.011457 0 0 0.00784141 0.0486836 0 0 0.0100238 0.0251732 0.00582079 0.037442 0.0603985 0.105716 0.0838057 0.0555315 0 0.000118076 0.19074 0.22853 0.135104 0.138666 0.18212 0.2044 0.163803 0.259347 0.054219 0 0.14832 0.108836 0.160761 0.188945 0.0351327 0.0199233 0.0342627 0.415046 0.0245051 0.257436 0 0.113668 0 0 0.0237319 0 0 0 0.142918 0.00359741 0.135178 0.276928 0.164466 0.3773 0 0.411067 0.0356549 0.0883847 0.0359724 0.137737 0 0.194835 0.0224247 0.267142 0 0 0 0 0 0.069644 0 0 0.162329 0.0490105 0.253432 0.0346671 0 0.00484684 0 0 0 0 0.094161 0.0645066 0 0.00707525 0.0106635 0.0605253 0.397874 0.0884033 0.00234603 0.00329313 0.148765 0.0157605 0 0 0 0 0.233535 0.160017 0.0851249 0 0.00204493 0 0 0.00795073 0 0 0 0.0636269 0.000164867 0.000285065 0 0.0347179 0 0.0508223 0 0 0 0 0.320076 0.163367 0.111736 0.201985 0.113937 0 0.0216094 0 0.170828 0 0.218617 0 0 0 0.0636866 0.0563104 0 0.172779 0 0.029027 0.0209078 0 0 0.100802 0 0.251871 0 0.0574053 0.293153 0 0.028535 0 0 0 0.104427 0 0 0.202089 0 0 0.164183 0.467788 0.0100791 0 0.17882 0.31675 0 0 0 0 0 0.0641609 0.294001 0.0367627 0 0.0148854 0 0.0485921 0 0.244529 0.00625579 0.06429 0 0.13405 0 0.052606 0.205908 0 0 0.0946853 0.848456 0 0.0069569 0.0447681 0.134611 0 0.0388663 0.0690597 0.0358169 0 0.0161241 0 0.111385 0 0.0395046 0 0 0 0 0 0 0 0 0.171738 0.0487128 0.124935 0.0408197 0.159233 0.0133917 0.0187063 0.0797149 0.020541 0 0.152406 0.0440157 0.0654487 0.0588905 0 0 0 0 0 0 0 0.163409 0.0911494
40 7.4078 -0.0365258 0.0942934 0.0573873 0.286886 -0.0703578 8.75811 -0.0643742 -0.157109 0.0251026 -0.0546703 0.157675 0.218642 -0.0733079 -0.0281672 -0.00698971 -0.199611 0.138755 -0.117252 0.615121 0.356531 0.0902512 -0.0473701 -0.259443 -0.346911 0.066582 -0.0419861 0.0126296 -0.0814259 -0.0337529 -0.0416349 -0.10418 -0.0153028 -0.0508819 0.199036 0.0343918 0.0330733 0.150537 0.0433898 0.0542103 0.350276 0.256345 1.32513 0.145113 0.701901 0.0803621 0.068952 0.153462 -0.0154702 -0.0227377 0.163479 -0.315643 -1.37912 0.0898443 0.67067 0.012346 -0.0691177 0.892066 -0.19825 -0.172659 -0.0150125 -0.00525342 1.16315 1.86755 -0.344509 -0.151989 -2.58243 -0.279074 0.575634 4.21683 -10.5665 -8.35117 -3.30904 -0.347039 0.277554 -0.965922 -2.40341 1.99842 0.215365 4.96501 4.30426 -0.688928 -0.195482 0.283857 -1.00634 0.205453 0.271929 -1.46394e-09 -0.694296 -3.09378e-10 -0.126517 0.504783 -0.515147 1.19295e-09 0.508125 6.7422e-11 0.404579 -0.36851 -0.770995 -0.00779208 -0.42756 2.43609 0.521077 4.74311e-09 0.0899321 1.45549 1.65199 1.56593 -1.51681 0.17667 1.02554 -0.041422 -1.61394 0.2809 0.924987 8.75137 0.107421 0.0316502 1.14107 0.0208842 0 0.0163239 0 0.0240707 0 0.045012 0 0.0764346 0 0.0934696 0 0.0688956 0 0.0365254 0.0481162 0.0217972 0.0440651 0.0321799 0 0.0366768 0 0.0226826 0.0706634 0.074215 0.0435302 0 0 0 0 0 0.0549324 0 0.0673272 0 0.146716 0.000362896 0.0053582 0 0.000331957 0.219023 0 0 0 0.0838263 0.0806113 0.0450322 0.0714042 0.091785 0.0230469 0 0 0.0281336 0 0.105905 0.0249707 0 0 0 0 0.0175928 0.0281962 0.0646933 0.0399113 0.0155088 0.0214172 0 0.154149 0.0247023 0.0420517 0.00646348 0.196383 0 0.198831 0.0215412 0.0172165 0 0.112132 0.00544774 0.00514155 0.00385442 0.0152166 0.0286313 0.0322132 0.0500175 0.0689225 0 0 0.164998 0.0381498 0.115828 0 0.148809 0.0159038 0.111672 0.0698409 0.0555829 0.0165636 0.110799 0 0.111651 0 0.0299547 0.0190868 0 0.205562 0 0 0 0.0638044 0 0 0 0 0 0 0.000121027 0.0242134 0.0777274 0.271778 0.18571 0.218988 0.113188 0.212347 0 0.0275258 0.0171742 0.148494 0.0356363 0.188156 0.188206 0.185589 0 0 0 0 0 0 0 0 0.190766 0.115653 0.177632 0 0 0 0 0 0 0 0 0.0311603 0 0 0.0553623 0.0367887 0.349136 0.186031 0 0 0.0538529 0.0285162 0.0455633 0 0 0 0.15333 0.188416 0.0753683 0.101698 0.0183909 0.317857 0 0.0176765 0 0.00171282 0.0352084 0.054225 0.024646 0 0 0.0318242 0.084874 0.00907329 0 0 0.245705 0 0.310032 0.164114 0.149296 0.125634 0.105886 0 0.0216954 0 0.0680694 0 0.135498 0 0.00139704 0.0125542 0.157348 0 0.11297 0.0255526 0 0.00410813 0.00491406 0.0199333 0.0970263 0.102437 0.081478 0.106055 0 0 0.0476828 0.0915509 0 0.0678717 0 0 0.0610816 0.164355 0 0 0 0 0.0464594 0 0 0 0.171077 0.165041 0 0 0 0 0 0.0589874 0.187949 0.117182 0 0 0 0.0509889 0 0 0.0472736 0 0.0111553 0.0727676 0.0853579 0 0.282947 0.0560012 0 0.480269 0.549527 0 0 0.0194268 0.208148 0.029256 0 0.020938 0 0 0 0 0.00140493 0 0 0 0 0 0 0 0 0 0.0657278 0.2194 0.175902 0.126801 0.23308 0.176675 0.0157505 0 0.251345 0.115765 0 0.117862 0.0441492 0.0132642 0.0979383 0 0.0397629 0 0 0 0 0 0.117209 0.050328
41 7.44113 0.00598734 0.0791895 0.0403175 0.288232 -0.0693009 8.79316 -0.0390433 -0.153474 0.0467416 -0.103487 0.137161 0.232118 -0.0757407 0.0469864 0.0658398 -0.328971 0.113408 -0.090567 0.568196 0.21991 0.179287 -0.0608992 -0.0933633 -0.199414 0.0446883 -0.0514667 0.0238061 -0.12001 -0.0130117 -0.0288214 -0.105998 -0.0901573 -0.0498359 0.192235 0.0939487 0.0206946 0.15031 0.0518831 0.0548523 0.346686 0.235553 1.30662 0.201411 0.700253 0.0588245 0.109104 0.153332 0.00439494 0.0187744 0.156898 -0.273824 -1.43614 0.066992 0.701463 0.0650529 -0.151985 0.669963 -0.894255 -0.400602 -0.0526875 0.0205494 0.988065 0.543064 0.187464 0.4626 -1.69474e-09 -1.14056 0.615024 -0.20165 -0.0179323 0.00169214 -3.17338 -1.26222 0.46254 -1.70722 -3.76783 2.16254 -2.18779 3.80443 3.76802 0.194037 -0.24602 0.206616 -1.04018 0.538088 0.429443 -2.56348e-09 -2.22944 -0.139154 -0.108899 1.72768 -0.511992 3.18393e-09 4.28116e-10 2.0398e-10 -1.28061 0.943647 -0.432193 0.0105835 4.68072e-11 0.22236 0.683946 5.15728e-09 0.591666 0.955514 0.330283 1.06031 -1.34233 0.245501 5.81917e-10 0.559688 -1.38447 0.284392 0.926236 8.78895 0.0931213 0.0270392 1.12049 0.0299901 0 0.0351031 0 0.0352873 0 0.0391917 0 0 0 0.131598 0.151992 0.1116 0.148454 0.0682578 0.191028 0.0105856 0.0300199 0.119771 0 0.195167 0 0.122074 0 0.278473 0.0146306 0.107553 0 0.0213519 0 0 0.0598118 0 0.0883249 0 0.215508 0.00317599 0 0 0 0.298229 0.076071 0.0673361 0 0.13405 0.0258813 0.0663904 0.0398561 0.10469 0.0669627 0 0 0.0441699 0 0.114618 0.0474623 0 0 0 0 0 0.00898926 0.0717628 0.0465265 0.00882719 0.0165849 0 0 0.0515234 0 0.019559 0 0 0 0 0 0.0127753 0 0.000506757 0.00066239 0 0.00253155 0.0228981 0.033654 0.0323324 0.0603667 0.000215964 0 0.146908 0.127477 0.10481 0.0691266 0.13144 0.143213 0.084687 0.211101 0.0868018 0.066056 0.0896439 0.0608939 0.0882697 0.146383 0.0407262 0.0292811 0 0.476732 0 0.110841 0 0.0487026 0 0 0 0.00971369 0 0 0.0232842 0.0177849 0 0.302146 0 0.240735 0 0.260227 0.0518456 0.0462662 0.0144633 0.171773 0 0.0581603 0 0.0987755 0.0835081 0 0.16642 0 0 0 0 0 0.147683 0.13308 0.195809 0.0369602 0 0 0 0 0.0015601 0 0.0814698 0.102195 0.0388476 0 0.0966028 0.0187492 0.317735 0.296714 0 0.00110038 0.0293685 0.0213789 0.0484568 0 0 0.00500474 0.0361482 0.19586 0.0773288 0.10752 0.000718854 0.193033 0.0202907 0.00503563 0.036519 0 0.0551236 0.0475186 0.186822 0 0 0.0357689 0.0779058 0.000590621 0.00689936 0 0.218132 0 0.427222 0.170364 0.290147 0.0623932 0.0352064 0 0.0308565 0 0.0468719 0.00281851 0.0654629 0 0 0 0 0.0265478 0 0.0671166 0 0.00463572 0.00343577 0.0255557 0.254682 0 0.0683623 0.107954 0 0 0.168146 0.070461 0.267564 0.00842028 0 0 0.15984 0.0139383 0 0 0 0 0 0.310044 0 0.0749099 0.127015 0.0911995 0 0 0.00364047 0 0.0101409 0.0295353 0.0775531 0.14542 0 0 0.0844769 0.0393287 0 0 0 0.0815926 0 0.101206 0 0.0302329 0.313789 0.187262 0 0.0137746 0.0745436 0 0 0.000520321 0.244987 0.0667783 0 0.00157149 0 0.071618 0 0 0 0.331822 0 0.108217 0 0.0771457 0 0.14149 0 0.14571 0.116149 0.0288912 0.293957 0.038778 0.32695 0.063864 0.0150333 0 0.332301 0.0499034 0 0.181254 0.0944849 0.0703737 0.0376612 0 0.0253637 0 0 0 0.00287103 0 0.124344 0.0374671
42 7.47447 -0.00127355 0.0471688 0.0158415 0.28735 -0.0704923 8.82775 0.0113729 -0.140909 0.0738893 -0.103487 0.0962606 0.250584 -0.0791071 0.0463127 0.0561749 -0.398308 0.1145 -0.038052 0.508865 0.282119 0.114744 0.0501801 -0.0874605 -0.194912 0.0438505 -0.0548096 0.0303066 -0.0991074 0.00949261 -0.00811913 -0.105122 -0.0509327 -0.0501526 0.179666 0.0638492 0.0190986 0.15886 0.048591 0.0543996 0.228642 0.178399 1.32486 0.286779 0.699872 0.0118784 0.0216291 0.154151 -0.0383194 -0.00423637 0.363854 -0.267158 -1.37206 0.220923 0.695276 0.00149994 -0.0851719 -0.459781 -0.9122 -0.768833 -0.105341 -0.0577752 1.04808 1.8707 0.322745 0.692665 -4.19184e-10 -1.24772 0.4415 -0.305079 -0.0222263 -0.075206 -1.84362 -0.302772 1.58817 -1.49136 1.72837 -2.47382 3.70853 0.387368 0.473423 -0.00597275 -0.0212084 0.097039 0.921452 0.407283 0.65061 -1.30855e-09 0.0910455 -1.47952e-10 -0.151115 0.30777 -0.0176592 3.79173e-09 -0.459905 2.29012e-10 -1.66257 1.64784 0.0628733 0.447838 -1.23706 0.989404 -2.11202 1.79401e-09 -0.279389 -1.52391 0.717692 2.02767 1.3299 0.39423 -0.92196 -2.85535 1.89085 0.287361 0.925607 8.82608 0.0814737 -0.0376768 1.10872 0.07992 0 0.066823 0 0.0571405 0 0.0550837 0 0.0158031 0 0.0943656 0 0.0785749 0 0.0575464 0.00306132 0 0 0.0623094 0.00720677 0.0605998 0.00592254 0.0977316 0.0372342 0.129883 0.0259521 0.00755678 0 0.014073 0 0 0 0 0 0 0 0.00685808 0 0 0 0 0.0654078 0.0631297 0 0.176734 0 0.0789094 0 0 0.00928252 0 0.00174035 0 0 0.0191547 0.0538487 0 0 0 0 0.000654596 0 0.0897856 0.0541204 0.0381468 0.0195097 0.111477 0.0515946 0.0798395 0.0380078 0.0926703 0.051728 0.161896 0.127731 0.0309767 0 0.143699 0.0694928 0 0 0.0219228 0 0 0 0.169456 0.104856 0 0 0 0.00315373 0 0 0 0 0 0.0318602 0 0.0624936 0 0 0 0 0 0.0245779 0.101755 0 0 0.175137 0 0.118744 0 0 0 0 0 0 0 0 0 0.21627 0 0.176107 0.0174657 0.187752 0.0225785 0.0837282 0 0.0439067 0.107189 0.149498 0.0384151 0.131979 0.243264 0.0095327 0.00668268 0.00394507 0 0 0 0 0.0908951 0.106186 0.00502173 0.00290162 0.0407757 0 0.00234392 0 0.00841457 0 0.0668764 0.0546032 0.0310783 0.0128363 0.0614266 0.034003 0.169234 0.25267 0 4.41749e-05 0 0 0 0 0 0.00924247 0.153874 0.125157 0 0 0.000582041 0.0122964 0.00509819 0.0585009 0.00360321 0.058782 0.0187929 0.0312754 0.0194251 0.00380912 0.00531777 0 0.0223341 0 0.00732916 0 0.329807 0.0884068 0.229958 0.141078 0.137565 0.113816 0.0679704 0 0 0 0.0606727 0.00542138 0.060836 0.0171424 0.0229853 0 0.0156831 0.278508 0 0.269145 0 0 0 0.0172207 0.214814 0.0751072 0.065599 0.0218567 0.0400033 0 0.219547 0 0.386724 0 0.0379055 0 0.208856 0.0386132 0 0 0 0 0 0 0 0 0.18756 0.0650793 0 0 0 0 0.0441083 0 0.113157 0.141316 0 0 0.00770865 0.0156233 0 0 0 0.0269147 0 0.0907627 0.00142655 0.0590398 0.0403785 0.141143 0.549806 0.370315 0 0 0.053938 0.0124482 0.0113183 0.0172009 0.0563392 0.0112436 0 0.0232222 0 0.0214222 0 0.0947851 0 0.0308747 0 0.0352937 0 0.0509283 0 0.0525116 0.115193 0.0637035 0.138496 0.0893298 0.161098 0.143463 0.0271439 0 0.224488 0 0.0447576 0.00681237 0.0631546 0 0.0588491 0 0.0294235 0 0 0 0 0 0.0817729 0.060358
43 7.5078 -0.0103491 0.00721788 0.00632535 0.286804 -0.0717686 8.86381 0.065671 -0.140435 0.0818102 -0.103487 0.0539434 0.287389 -0.0722466 0.034805 0.0628301 -0.409526 0.0968729 0.000933288 0.346922 0.272499 0.16833 -0.0144152 -0.0297699 -0.137872 0.0358519 -0.0412286 0.0253843 -0.0730481 0.0174889 0.00168611 -0.104968 -0.0457977 -0.0409819 0.175977 0.071536 0.00576308 0.159185 0.0359583 0.0529532 0.179674 0.190128 1.33849 0.331213 0.691358 0.0765253 0.0231051 0.154892 -0.0438365 -0.0525274 0.352472 -0.207704 -1.34042 0.184239 0.649494 -0.00940302 -0.0810945 -0.0508895 -1.03065 -0.426637 -0.0403065 -0.0761003 1.06427 1.41235 -0.134209 0.273983 -1.41221e-09 -1.29717 1.07287 -0.245319 0.00159261 0.00292024 -0.616295 -0.914604 1.13467 -4.41943 -4.1938 1.29711 -4.45408 2.55847 2.40468 -0.284121 0.379084 -0.0641465 0.530035 0.201047 0.319927 -1.63764e-09 -0.314361 0.0520607 -0.13249 0.628386 -0.215083 3.52842e-09 -1.02881 -0.0251397 -0.00362196 1.79349 0.317127 0.349244 -0.990779 1.60897 0.00799531 2.36453e-09 -0.865845 -3.26585e-10 1.33021 1.36764 -0.529777 -0.282907 -1.76597 2.38794 1.0107 0.290143 0.92428 8.86274 0.0786032 -0.0422084 1.09238 0.0182747 0.00697626 0.00784559 0.00905055 0.00630061 0.00900962 0.0227798 0.00266472 0.0204172 0.00579695 0.0359312 0.0301888 0.0300128 0.0191694 0.0255019 0.028415 0 0.0336428 0.0790562 0.0191976 0.105528 0 0.130024 0.0191598 0.186063 0.0196496 0.0487806 0 0.0631968 0 0 0 0 0.000534218 0 0.00545298 0 0 0.0540107 0 0.0246109 0.056893 0.0266964 0 0.206032 0.0367284 0.0658213 0.00477805 0.0664019 0.0377993 0.00691414 0.0153655 0 0 0.034091 0.0393044 0 0 0 0 0 0 0.0576146 0.0147426 0.000809692 0.00711917 0.0034499 0 0 0 0 0 0.0141595 0.00983778 0 0.00177444 0.00669151 0 0 0.00264511 0 0.0151815 0 0 0.0234342 0.0592755 0 8.26512e-05 0.0531753 0.107913 0.0457125 0.0830707 0.0528842 0.0905659 0.0359184 0.125013 0.124346 0.0206737 0.0297774 0.0459046 0.0361703 0.0488347 0.0494255 0.0230973 0.0227994 0.39408 0 0.176588 0 0.106065 0 0 0 0 0 0 0 0 0 0.381 0 0.370769 0.00897762 0.25664 0.00993104 0.0417545 0 0.0465136 0.078733 0.186032 0.0239852 0.265462 0.265678 0.0200693 0.018715 0 0 0 0 0 0.0963302 0.180368 0.00523408 0.00793624 0.0460325 0 0 0 0.00819694 0 0.00913755 0.00492269 0.0316605 0.0156956 0.060161 0.0395504 0.155468 0.30691 0.00103584 0 0 0 0 0 0.0146724 0.0108161 0.116659 0.16239 0.0209642 0 0 0 0 0.0425005 0 0.042908 0.032093 0.0237584 0.0365502 0 0.0146128 0.0479945 0.0376347 0 0.00432542 0.00058236 0.284056 0.173983 0.236127 0.124495 0.163129 0.0722212 0.0275903 0.00465177 0 0 0 0 0 0 0.00618978 0.00940099 0 0.456108 0 0.394436 0 0 0 0.00997871 0.258253 0.0949862 0.143754 0 0.137834 0 0.158406 0 0.447039 0 0.0118113 0 0.164304 0.00294511 0 0 0 0.00450706 0 0.172151 0 0 0.220787 0.0253345 0.004341 0 0.0431736 0 0 0 0.0652388 0.191437 0 0 0.0113989 0.0115295 0 0 0 0.0590206 0 0.109554 0 0.109885 0.071215 0.164913 0 0.313612 0 0 0 0.0277516 0 0.038431 0 0.0206626 0 0.090378 0 0.0358109 0 0.285534 0 0.0752326 0 0.0903269 0 0.11572 0 0.12015 0.124336 0.0753325 0.135973 0.0919399 0.153054 0.156085 0 0 0.109615 0.135045 0 0.0477574 0.0138093 0 0.0122136 0.000672461 0.00469377 0.0127671 0 0 0 0 0.0949164 0.105668
44 7.54113 -0.0218293 -0.0342431 -0.00952629 0.286198 -0.0749041 8.90143 0.124468 -0.12648 0.0928111 -0.103487 0.009379 0.314927 -0.0732141 -0.0127353 -0.0615077 -0.374056 0.0867431 0.0442834 0.125809 0.209261 0.167473 0.0488898 -0.00193675 -0.112437 0.0315327 -0.0322624 0.0280344 -0.053862 0.0224563 0.0095843 -0.104546 -0.0124087 -0.0293008 0.176065 0.0510542 -0.00960659 0.15883 0.0495121 0.0540359 0.163808 0.182172 1.35642 0.417631 0.684422 0.0547868 -0.0152809 0.1547 -0.0512525 -0.0531043 0.443573 -0.201421 -1.34307 0.211092 0.687183 0.0175859 -0.0865825 -0.185503 -0.965858 -0.592428 0.0184654 -0.15074 1.13324 1.65556 0.386938 0.300027 -4.4529e-10 -1.35001 0.501143 -0.239521 -0.846841 -3.40469 0.594894 -0.309719 1.27268 -5.38889 -1.59619 -2.09775 2.98638 1.03539 1.23625 -0.226405 0.0963773 0.154881 0.441162 0.192505 0.296034 -7.28976e-10 1.17132 0.597911 0.010064 -1.0596 -0.611711 2.55955e-09 -0.4156 1.15919e-10 -0.185664 1.30396 0.590805 0.282061 -1.01132 0.51728 -0.987577 7.01034e-10 -1.64053e-10 -1.20919e-10 0.82146 1.14515 -0.806954 0.163879 0.960819 -0.315024 -0.263118 0.292726 0.921703 8.899 0.0713387 -0.0976845 1.08569 0.0420601 0 0.025539 0 0.0215011 0 0.0559997 0 0.103178 0 0.090309 0 0.103515 0 0.104253 0 0.0599646 0.0127503 0.0893479 0.123992 0.0988836 0.119973 0.127449 0.188449 0.160509 0.205579 0.0598398 0.0270835 0.0744669 0.0810416 0 0 0 0 0 0 0 0 0.006982 0 0.0441138 0 0.153384 0 0.129475 0.0105161 0.0451024 0.0123202 0.0516564 0 0 0.0218429 0.00620904 0 0.0167647 0.0224426 0.00158942 0 0.00113954 0 0 0 0.00994191 0.0211039 0.00323529 0.0158531 0.027836 0.11114 0.00647395 0.0963407 0.0117355 0.107547 0.0428477 0.183313 0.0139773 0.0202197 0.0488605 0.122346 0.00540703 0.000504876 0.0206783 0.0247287 0.00722453 0 0.0500027 0.0978508 0 0.000412634 0.0181878 0 0.0115303 0 0.0138499 0 0.0153255 0.0151883 0.0376288 0.00647577 0.0150697 0 0.0160475 0 0.0420767 0.0111741 0.101278 0 0.00400264 0.190498 0 0.0688276 0 0 0 0 0 0 0 0 0.00807599 0.336783 0 0.266366 0 0.138035 0 0.0349859 0 0.0727159 0.0245587 0.271683 0.00828327 0.296873 0.208964 0.092529 0 0.0105108 0.00439802 0 0 0 0.0637972 0.134212 0 0 0.00586541 0 0 0 0 0 0 0 0.0173148 0.0325891 0.0227402 0.0680366 0.0630265 0.261705 0 0 0.0195207 0 0.0120201 0 0.0218348 0 0.0382064 0.19569 0 0 0 0 0 0.0834329 0 0.0844126 0 0.0360898 0.00183797 0.00248404 0.00880831 0 0.0449993 0 0.00523738 0 0.237539 0.344701 0.131007 0.146788 0.0530193 0.133288 0.109586 0 0 0 0.015864 0.00175357 0.0490594 0.0189229 0.0723423 0.120463 0.0120321 0.614054 0 0.586255 0 0 0 0.0193122 0.0855693 0.183987 0.12029 0 0.0712452 0 0.384043 0 0.468601 0 0 0.00367463 0.325782 0 0 0.00377387 0.0167776 0.0172682 0 0 0 0 0.200261 0.0713799 0 0 0.0248928 0 0 0 0.0256277 0.197487 0 0 0.00291662 0.0382111 0 0 0 0.038871 0 0.207488 0 0.146746 0.0372312 0.0903864 0.385191 0.452823 0 0 0 0.0561504 0.0261551 0 0 0.0335083 0 0.0408982 0 0.0517253 0 0.146848 0 0.051676 0 0.0519624 0 0.0762114 0 0.0771322 0.0763841 0.195096 0.0861275 0.283221 0.0854948 0.399308 0 0 0.139128 0.0880489 0.097462 0.008278 0.0108269 0 0.0726762 0.0110521 0.0350722 0.0112475 0 0 0.0141366 0 0.0574559 0.086534
45 7.57447 -0.0392916 -0.0583238 -0.029057 0.286006 -0.0803181 8.94111 0.19301 -0.116616 0.104787 -0.103487 -0.0397666 0.329432 -0.0746977 0.0471931 -0.0237405 -0.340469 0.0851577 0.0826889 -0.00509849 0.0434851 0.0909081 -0.000452828 0.068473 -0.0360635 0.0311439 -0.0223222 0.0340506 -0.0370864 0.0214845 0.0183576 -0.103772 0.0426334 -0.0047776 0.176898 -0.00289164 -0.0359694 0.15903 0.0418942 0.0534276 0.126635 0.172644 1.39011 0.465731 0.679036 0.0659563 -0.0181131 0.148865 -0.0510935 -0.0532497 0.477608 -0.171556 -1.36683 0.209007 0.700119 0.0122405 -0.0818149 -0.377763 -0.431312 -0.560131 0.0842791 -0.232951 1.20284 1.9497 0.216088 0.193915 -4.80487e-10 -1.48448 0.126697 -0.239468 -0.00502352 1.78933 0.564707 -0.0072205 0.906448 -2.44641 -4.33167 -4.01568 -0.337006 1.34287 1.35571 -0.232992 0.258559 0.217665 0.468665 -0.0817439 0.236943 -8.11966e-10 0.929458 0.695799 0.00783101 -1.03245 -0.552949 3.61361e-09 -0.688321 1.47094e-10 0.00866717 0.988892 0.819388 0.0237392 -1.13504 1.06102 -0.655602 0.548515 -4.53926e-11 -2.76402e-10 0.215465 0.248011 -0.671277 -0.043385 1.74193e-10 0.0866069 0.0151523 0.29511 0.917292 8.93518 0.0679752 -0.156676 1.08515 0.0231945 0.0141343 0.0114025 0.0137574 0.00476629 0.00279032 0.0378554 0.022974 0.100146 0 0 0 0 0 0 0 0.0592903 0.00800065 0.000772808 0.235488 0.0205699 0.236597 0.00269703 0.313969 0.0135028 0.34362 0.0394325 0.183142 0.0439348 0.306356 0.102749 0 0.065974 0 0.0622388 0 0 0 0.0358407 0.0149109 0.0257591 0 0.333673 0 0.0628322 0.048967 0.0201637 0.043767 0.0460422 0.00540784 0 0.0364568 0.0116917 0 0.0113551 0.0284136 0.0116973 0 0.00384604 0 0 0 0 0.025932 0 0.01627 0 0 0 0 0 0 0.0291488 0.0136247 0.00987479 0.00797765 0 0 0.00677012 0 0.01813 0.0153557 0.00473595 0 0 0.0798618 0 0 0.0497764 0.142196 0.0462388 0.118833 0.0489013 0.0996451 0.0332213 0.15159 0.020934 0.0122113 0.02837 0.0617235 0.0327494 0.047459 0.0334138 0.00975587 0.056581 0.0341608 0 0.0831778 0 0.0318035 0.0027656 0 0.0175087 0 0.0082459 0 0.0751839 0 0.0998894 0.487192 0 0.315719 0 0.00287168 0.000408896 0.00593867 0 0.12202 0 0.360008 0 0.407156 0.0723005 0.131816 0.00179275 0.0203596 0.0384356 0 0.00880547 0 0.025247 0.20409 0 0.0255468 0.019366 0 0.00349914 0 0 0 0.00867823 0 0 0.0580355 0.00654491 0.0787864 0 0.350476 0 0 0.062023 0 0.0263317 0 0.0407506 0.000726686 0.0251472 0.246824 0.0302232 0 0.00184911 0 0 0.0348775 0 0.0379519 0 0.0174176 0.000564315 0 0 0.051781 0.0973972 0 0.0021065 0.000678467 0.133363 0.430641 0.19078 0.100426 0.0343625 0.122177 0.097863 0.0121162 0 0 0.0452994 0 0.087845 0 0.0420173 0.115044 0 0.748068 0 0.698384 0 0 0 0.000158953 0.00853596 0.234554 0.154891 0 0.118189 0 0.409901 0 0.350032 0 0 0.0214551 0.265354 0 0.012528 0.027949 0.0418262 0.0303243 0.00679783 0.022421 0 0 0.23653 0.0919593 0.00205993 0 0.054927 0 0 0 0.00585539 0.246843 0.0490145 0 0 0.0694231 0 0 0.00301339 0.0513676 0 0.255534 0 0.206406 0.00732448 0.10951 0 0.57975 0.0507549 0 0 0.0587418 0.00912752 0 0 0.0263668 0 0.0820525 0 0.0269573 0 0.222162 0 0.0629614 0 0.0688143 0 0.0973174 0 0.0922243 0 0.266892 0 0.394033 0.00327421 0.537992 0 0 0.0999338 0.127846 0.105474 0 0 0 0.0680827 0.0153443 0.0167692 0.0167095 0.0110434 0 0.0497654 0 0.0571535 0.129087
46 7.6078 -0.0531657 -0.069212 -0.0485721 0.286662 -0.0879205 8.98227 0.259643 -0.102832 0.116435 -0.103487 -0.0911938 0.328253 -0.0759035 0.046588 0.0653727 -0.333555 0.111467 0.105774 -0.0199172 -0.076935 -0.0876752 0.0568818 0.0979947 -0.0027182 0.0221337 -0.0117482 0.0426992 -0.0204825 0.0178749 0.0263007 -0.103259 0.0827892 0.0129053 0.182053 -0.0492234 -0.0502761 0.158843 0.0490096 0.0539958 0.145625 0.180515 1.40258 0.505042 0.655168 0.056876 -0.02432 0.152679 -0.0446051 -0.0526538 0.503558 -0.15782 -1.38467 0.225935 0.701084 0.0240974 -0.0523019 -0.250424 -0.230062 -0.564582 0.130159 -0.318471 1.23169 1.86767 0.263483 0.19324 -4.87064e-10 -1.5354 -0.0827398 -0.246104 -0.0066911 0.00412411 0.0495276 0.662356 0.672247 0.265372 -2.41418 -4.91973 2.10301 0.776847 0.930481 -0.496328 0.389122 0.304295 0.475719 -0.112558 0.192042 -1.05199e-09 1.01313 0.517496 0.130588 -1.25523 -0.217725 6.56377e-09 0.150567 4.14467e-10 0.478616 0.0965389 0.354002 0.117553 -0.298736 0.511152 0.204688 3.03555e-09 0.501766 -3.97505e-10 0.219642 0.249555 -0.527693 0.0755824 1.99859e-10 0.00642048 0.456023 0.297412 0.910618 8.97141 0.0682847 -0.235203 1.08717 0.0144896 0.0171642 0 0.0125198 0 0 0.0367275 0.0496244 0.0978815 0.0364173 0 0.0432789 0 0.0674145 0 0.0837137 0.086068 0.0318447 0 0.239108 0.00121715 0.232883 0 0.318058 0 0.329658 0.00703303 0.204198 0.0162521 0.318818 0.094331 0 0.082948 0 0.119838 0 0 0.0012451 0.0341628 0.125585 0.0591094 0 0.269158 0 0.0352447 0.052079 0.00655857 0.0422975 0.0663104 0 0 0.0471472 0.0253015 0 0.0246759 0.0105024 0.0300351 0 0.00666014 0 0.00700805 0.0176969 0 0.0146384 0 0.0169628 0.0210402 0 0.01096 0 0.00766395 0 0.0514214 0.00186007 0.0336629 0.0354861 0.0112934 0 0.014407 0.00956569 0.0339473 0.0376527 0.0208301 0 0 0.0793625 0 0.000286016 0.0489672 0.216723 0.0451471 0.18765 0.0439195 0.16467 0.0231707 0.223979 0.00273176 0 0.0174637 0.156849 0.0223689 0.120099 0.029022 0 0.0550195 0.0301489 0 0.124566 0.012301 0.0193508 0.0271398 0 0.0686647 0 0.0311337 0 0.0990724 0 0.15618 0.570671 0.0618596 0.297278 0.0259995 0 0.02712 0 0.0137961 0.109942 0 0.338315 0 0.436205 0.0155807 0.127611 0 0.01326 0.0801101 0 0.00968783 0 0.0462159 0.231928 0 0.0413676 0.019637 0 0.00702847 0 0 0 8.03564e-05 0 0 0.0412427 0 0.0454603 0 0.373465 0 0 0.0824929 0.0838588 0.0475284 0 0.0569871 0 0.053459 0.195256 0.0364616 0 0 0 0.0265524 0.0339458 0.0371371 0.0413118 0 0 0.0101788 0 0 0.0657733 0.150225 0 0.000601366 0.00150654 0.139272 0.42081 0.198624 0.041076 0.0292846 0.0840225 0.0532934 0.0561194 0 0 0.0970635 0 0.196175 0 0.129272 0.18892 0 0.7488 0 0.693569 0 0 0 0 0 0.229565 0.170333 0 0.139509 0 0.292177 0.0021749 0.244985 0 0 0.0138638 0.188591 0.0116598 0.0601606 0.187483 0.0654338 0.0178206 0.00401419 0.259049 0 0 0.213255 0.0849283 0.00279001 0 0.0593178 0 0.0297426 0 0.0241777 0.21619 0.098229 0 0 0.0575182 0.027776 0.249189 0.00996815 0.0386111 0 0.248016 0 0.20918 0 0.0818046 0 0.626551 0.0293722 0 0 0.103451 0.0158239 0 0 0.0704125 0 0.0709043 0 0.0253727 0.0138087 0.174859 0 0.0356295 0.00218074 0.0537998 0 0.0738183 0.0018736 0.0716555 0 0.303713 0 0.407446 0 0.538392 0 0 0.150313 0.114703 0.0689271 0.002775 0 0.000731397 0.142095 0.0173177 0.0393877 0.0292993 0.017929 0 0.0654965 0 0.0747434 0.163586
47 7.64113 -0.0516222 -0.0706549 -0.0479331 0.289135 -0.0955949 9.02343 0.282825 -0.082783 0.108009 -0.0575851 -0.162297 0.308258 -0.0804217 0.0450837 0.134175 -0.337516 0.122263 0.0961109 -0.00626879 -0.0753549 -0.134473 0.040297 0.106356 0.00918259 0.00351447 -0.00345676 0.0369483 -0.0136948 0.0193565 0.026263 -0.102722 0.121221 0.0308804 0.187146 -0.0940041 -0.066156 0.158813 0.0501364 0.0540858 0.145329 0.181477 1.41874 0.499433 0.65996 0.0630554 -0.00686039 0.15343 -0.015091 -0.0503864 0.46817 -0.150758 -1.39639 0.194976 0.698884 0.0305419 -0.0695878 0.192053 0.0563727 0.232019 0.203963 -0.300398 1.20771 0.423984 0.504139 -0.562039 1.59453 -2.16063 -0.787168 -0.468768 -0.00873059 -0.00964739 -0.0470973 0.18558 -0.622392 0.491013 -0.993804 0.251758 -1.26287 0.640763 0.489274 -0.647413 0.382746 -0.232823 0.194161 -0.042418 -0.149275 -1.73425e-09 1.06248 0.474476 0.113831 -1.21667 -0.316515 8.01138e-09 4.72319e-10 6.45173e-10 0.110407 -0.144938 0.325688 0.0551339 0.176641 0.0513122 0.303209 5.07495e-09 0.609612 -5.78565e-10 -0.338901 -0.132735 0.0850208 0.101386 0.504429 0.397 -0.445637 0.299737 0.903269 9.00822 0.0737195 -0.235867 1.10695 0 0.0398993 0 0.0162315 0 0.00291158 0.02962 0.0974705 0.130011 0.102374 0 0.113146 0 0.162251 0 0.18235 0.089467 0.0906522 0 0.147308 0 0.112196 0 0.216131 0 0.182531 0 0.0120038 0 0.0745173 0.0334641 0 0.0413355 0 0.0718813 0 0 0.0050011 0.0492808 0.246553 0.00732078 0 0.092647 0 0.00213733 0.0104551 0.00402246 0.00657243 0.0544683 0 0 0.0336687 0.00718285 0 0.0263923 0 0.0218268 0 0.00621734 0 0.0126223 0.0120741 0 0 0 0.00131592 0 0.0113717 0 0.0105705 0 0.0125497 0.0238173 0.00740754 0.0402194 0.0310763 0.00514452 0 0.0145906 0.0213845 0.0374154 0.0457941 0.0255206 0.0158875 0.00573592 0.043211 0 0.000780737 0.00803257 0.139098 0.00486836 0.118559 0.00676229 0.125256 0.0188771 0.159111 0.00986026 0 0.00601665 0.0911901 0.0058452 0.0964956 0.0293918 0.0182307 0.0120931 0 0.0233031 0.472452 0.0149685 0.00120112 0.0234761 0 0.0608664 0 0.0149015 0 0.0481303 0 0.0936278 0.676802 0.0372286 0.410764 0.00791116 0.015434 0.0204078 0 0.0117053 0.0478328 0 0.243361 0 0.418537 0 0.0759771 0 0 0.0972813 0.0132702 0 0 0.0816203 0.223493 0 0.00738779 0 0 0 0 0 0 0 0 0 0.00934046 0 0.019191 0.0648547 0.377033 0 0 0.0417304 0.135726 0.0255401 0 0.0438347 0 0.0412746 0.13847 0 0 0.011931 0 0.0114051 0.0161424 0.0105628 0.0170472 0 0 0 0 0 0.0138823 0.163305 0.00480652 0 0 0.149823 0.419991 0.162391 0 0.0252064 0 0 0.133378 0 0 0.0885833 0.0021976 0.255041 0 0.22483 0.312432 0.0017678 0.683237 0 0.619679 0 0 0.00277893 0 0 0.170829 0.134745 0 0.0841312 0 0.12847 0.140345 0.0837673 0 0 0 0.0543711 0.0766207 0.08511 0.291686 0.0784707 0.0149119 0 0.412856 0.00372995 0 0.122748 0.0768332 0 0 0.0227571 0 0.0434982 0 0.0388688 0.174514 0.116675 0 0 0.0139687 0.0919533 0.405866 0.00085427 0.0545991 0 0.222471 0 0.192432 0 0.0833042 0.0789568 0.477684 0 0.0272792 0 0.102307 0 0.00257759 0 0.0780108 0.0037298 0 0.00144617 0 0.0110318 0 0.00208863 0 0.00335989 0 0.00666567 0 0.00692848 0 0 0.272639 0 0.361435 0 0.443382 0 0 0.192424 0.248754 0.0839988 0.0815122 0 0 0.21047 0.0252559 0.0599828 0.0739465 0.00886775 0 0.0450834 0 0.0633989 0.155992
48 7.67447 -0.0503602 -0.0733184 -0.0489336 0.292311 -0.102927 9.06413 0.276392 -0.079399 0.0976795 0.0399743 -0.199208 0.293536 -0.0539126 -0.043947 0.0193909 -0.339915 0.124645 0.0852733 0.042517 -0.0326217 -0.118329 0.00926034 0.122872 0.0232797 -0.00883468 0.00343959 0.034551 -0.00990377 0.0225426 0.0257723 -0.102424 0.129706 0.0374378 0.192822 -0.107533 -0.0679033 0.158816 0.0500412 0.0540782 0.136456 0.197285 1.42247 0.448701 0.654186 0.0616111 0.0150663 0.153694 -0.00473525 -0.0508379 0.449248 -0.149942 -1.39482 0.179982 0.68624 0.0383271 -0.0667445 -0.0903226 -0.013105 -0.100953 0.194175 -0.257672 1.23921 -0.122755 -0.161903 -0.222141 3.07559 -0.829367 0.0706631 -0.512394 -1.83013 -2.49429 0.36189 0.0538639 -0.26781 1.48207 0.490058 0.669276 -0.820898 0.860768 0.684714 -0.377263 0.209384 -0.0504305 0.217066 0.067783 0.0255194 -1.4432e-09 0.0738904 0.164955 0.176419 -0.263407 0.0128925 8.20736e-09 7.85096e-10 7.82895e-10 0.254173 0.0860992 -0.0662233 -0.819243 0.681713 -1.18965 0.642143 3.97465e-09 -0.130555 -5.70702e-10 -0.0423641 0.0186746 0.228293 0.0118856 -0.138021 0.294888 -0.12939 0.302167 0.895813 9.04565 0.0725885 -0.2074 1.13486 0.0109086 0.00451325 0 0 0 0 0.0425039 0.049384 0.12479 0.0541625 0 0.099622 0 0.139953 0 0.165194 0.0637249 0.110521 0 0.0954259 0.00294471 0.055034 0 0.145956 0 0.085341 0 0 0.00202959 0.0076996 0.0341736 0 0.0435308 0 0.0732582 0 0 0.00510802 0.0406821 0.316707 0 0 0.0993354 0 0.00127876 0 0.00298321 0 0.035417 0 0 0.0249664 0.00068572 0 0.0214897 0 0.00990418 0 0.00456277 0 0.0080189 0.00987919 0.000712747 0 0.00391881 0 0 0 0 0 0 0 0.0102727 0 0.033706 0.0268352 0 0 0.00925177 0.0245561 0.0300662 0.0429867 0.00639037 0.0462027 0.031255 0.0253643 0 0.00137146 0.0110632 0.127012 0.00724607 0.0973659 0.00857753 0.122074 0.0190712 0.239081 0.00611704 0.00490256 0.00898076 0.108038 0.00892745 0.112605 0.0217283 0.0296091 0.0134927 0.123709 0.015953 0.604677 0.00948733 0 0.0234558 0 0.05858 0 0.0205551 0 0.0541391 0 0.0668893 0.704761 0.0240061 0.393599 0.00174362 0.00335665 0.0133164 0 0.0121936 0.0162034 0 0.174508 0 0.399243 0.00444656 0 0 0 0.0760838 0.0150482 0 0 0.0800657 0.241538 0 0.0213083 0.0371578 0 0 0 0 0 0 0 0 0 0 0.000572596 0.0624886 0.394527 0 0 0.0383663 0.237782 0.00742321 0 0.035637 0 0.0932682 0.166359 0 0 0.0142108 0 0.00323397 0.0206988 0.00292861 0.021927 0 0 0 0 0.000434559 0.0150218 0.131143 0 0 0 0.192876 0.32766 0.202415 0.000928904 0.044195 0.0750844 0.0150051 0.0674277 0 0 0.125832 0 0.270932 0 0.16239 0.239562 0 0.667971 0 0.601744 0 0 0 0.00425655 0 0.119894 0.172821 0 0.159137 0 0.127094 0.0634016 0.0787545 0 0 0 0.0536853 0.0508481 0.114548 0.312434 0.0585463 0.00480377 0 0.543293 0.00537592 0.07175 0.191204 0.0840571 0 0 0.0434217 0 0.0729797 0 0.0525407 0.21635 0.0995904 0 0 0.00080556 0.0796063 0.424221 0.00172867 0.0657145 0 0.191657 0 0.183561 0 0.120936 0.0751584 0.105544 0 0.103529 0 0.0821382 0 0.00815106 0 0.0645024 0.00312482 0 0.000377848 0 0.00936393 0.0113808 0 0 0.00402499 0.00115664 0.00492267 0.00627262 0.00394357 0.00010239 0 0.268881 0 0.303154 0 0.352159 0 0 0.224598 0.106391 0.0835075 0.0710074 0 0 0.219378 0 0.0511609 0.0368374 0.00697218 0 0.0199303 0 0.0834962 0.182309
49 7.7078 -0.0466797 -0.0790589 -0.0661239 0.294744 -0.107484 9.10634 0.229723 -0.104392 0.0964165 0.203766 -0.170405 0.329506 -0.0832625 -0.177982 -0.173667 -0.323742 0.121039 0.0901126 0.0758993 -0.00939804 -0.0887492 0.0126842 0.1465 0.040645 -0.0281172 0.00887102 0.043099 -0.00406483 0.0244828 0.029979 -0.10169 0.106023 0.0426038 0.201517 -0.0892854 -0.0633232 0.158758 0.052237 0.0542534 0.113273 0.216918 1.42076 0.347271 0.649729 0.0353449 0.023576 0.15334 -0.0185897 -0.0519043 0.440872 -0.151675 -1.3917 0.152575 0.667613 0.0475976 -0.0677904 -0.135116 0.283114 -0.514785 0.186711 -0.152867 1.30585 -1.17283 -0.870762 0.117389 4.77185 1.7214 0.469139 1.24882 -5.13597 -5.14733 0.900663 -0.290488 -0.0201031 0.776188 0.483598 0.941588 0.272572 0.66435 0.471685 -0.397348 -0.00205234 0.186703 0.14828 0.119197 0.137309 -2.09384e-09 -0.739068 0.180223 0.21029 0.477607 -0.0399461 7.66346e-09 8.60559e-10 8.06552e-10 -0.0524395 -0.375958 -0.184043 -0.769086 1.63954 -2.16994 1.00723 3.04657e-09 -1.20256 -4.334e-10 0.0610378 0.42955 0.227904 -0.00598239 -0.104485 0.589096 -0.461717 0.304356 0.890644 9.08476 0.0627228 -0.114451 1.20195 0.0216141 0 0.00435627 0 0 0 0.0736183 0.0387792 0.102429 0.0867339 0 0.021133 0 0.0751401 0 0.102126 0.0538933 0.127694 0.0346553 0 0.0482601 0 0.0519568 0.00940824 0.0794377 0 0.0430288 0 0.0569319 0 0.0244339 0 0.00611029 0 0.00438331 0 0 0.00549312 0.047173 0.3355 0 0 0.00179884 0 0.00980028 0.00309202 0.0035576 0.0151059 0.0193942 0.00193429 0 0.00669106 0 0 0.0143238 0 0 0 0.00223482 0 0.00475259 0 0.00218997 0 0.00265395 0 0 0.0718608 0 0.0516742 0 0.064307 0.0109549 0.139174 0.0230336 0.000698318 0 0.107836 0.00607519 0.025831 0.0236073 0.0301429 0.00246529 0.0809898 0.0198828 0 0 0.00150978 0.00799022 0.200413 0.00568745 0.161412 0.00762627 0.177642 0.0115427 0.309933 0.00159643 0.0400811 0.0121943 0.107175 0.0122835 0.116394 0.0226307 0.0501037 0.00761596 0.073194 0.0146209 0.761072 0 0 0 0 0 0 0.00828302 0 0.00776795 0 0 0.778183 0 0.51248 0 0.00899957 0 0 0 0 0.0206078 0.101419 0.000576449 0.418092 0.044902 0 0.00253986 0 0.0471033 0 0 0 0.113732 0.288464 0 0.0156729 0.0571896 0 0 0 0.00180655 0 0 0 0.00790092 0 0.0121034 0 0.141358 0.465708 0 0.00220125 0 0.320097 0 0 0.0178153 0 0.110262 0.178015 0 0 0.0210762 0 0 0.084998 0 0.0848691 0 0 0 0 0 0.0220128 0.129242 0 0 0 0.205395 0.189794 0.104557 0.0279619 0.0315554 0.12499 0.0173897 0.058935 0 0 0.0534283 0 0.17352 0 0.235806 0.23 0.0558332 0.569683 0.045892 0.469563 0 0 0 0.0205902 0.028128 0.0856869 0.2346 0 0.212696 0 0 0.00782214 0.0140258 0 0 0 0 0.0863411 0.143185 0.288784 0.0249169 0.0057603 0 0.631708 0.00640697 0 0.237271 0.0423643 0 0 0.0515758 0 0.108147 0 0.0622841 0.251106 0.0735535 0 0.00211115 0 0.0819156 0.40951 0 0.0993207 0.00713525 0.100391 0.00627554 0.146788 0 0.142312 0.093243 0.722425 0 0.156055 0.000391319 0.0640851 0 0.00552976 0.00377462 0.0564718 0 0.0174708 0 0.0126055 0 0.226239 0 0.027903 0 0.0803503 0.000434557 0.116169 0 0.0917761 0.022539 0.20231 0.035296 0.129607 0.0527739 0.143418 0 0 0.367377 0.0824204 0.140283 0.0332614 0 0 0.189076 0.00423081 0.0647596 0.0364389 0 0 0 0 0.0941575 0.188921
50 7.74113 -0.0638379 -0.0901271 -0.0987763 0.296626 -0.109103 9.15065 0.138361 -0.139954 0.0974189 0.457857 0.0384412 0.388328 -0.102823 -0.483651 -0.521319 -0.26723 0.119568 0.109166 0.0973852 0.0250445 -0.0564384 0.0248584 0.172008 0.0637606 -0.0257405 0.0123978 0.0591448 0.00248089 0.0283837 0.0398803 -0.101068 0.0961551 0.0505873 0.211047 -0.0854115 -0.0547995 0.158767 0.0518899 0.0542257 0.10183 0.238322 1.40777 0.246074 0.661256 -0.000488284 0.0400923 0.152642 -0.0452836 -0.0539546 0.449844 -0.145991 -1.38492 0.157898 0.677831 0.0557939 -0.0594908 -0.892176 0.196536 -0.858226 0.189238 -0.117148 1.38106 -2.65192 -1.69425 0.169816 7.29067 14.2666 6.27624 -5.80078 -14.9345 -21.0672 2.0515 -0.377982 0.372317 0.837742 0.606457 0.951982 0.275109 0.75041 0.792406 0.16123 -0.162413 0.241302 0.382536 0.159965 0.401042 -1.54207e-09 0.238727 5.88735e-10 0.404839 -0.416459 0.594687 7.0511e-09 6.40488e-10 5.42881e-10 -0.415173 -0.752158 -0.317279 -0.328822 1.86026 -1.97047 0.909838 6.82114e-10 -0.86137 -2.01561e-10 -0.124818 0.108406 0.288681 0.00701396 0.307746 -0.0211182 -0.201322 0.305928 0.888334 9.12706 0.0411093 -0.0527525 1.31539 0.0654334 0 0.0473015 0 0.0308826 0 0.0752403 0 0.0438284 0.0273506 0 0 0 0 0 0.00245589 0.0604912 0.114318 0.0609707 0.00283627 0.0705152 0 0.0863899 0.00719493 0.123096 0 0.0471509 0 0.0648267 0 0.0188462 0 0.00210324 0 0 0 0 0.00698846 0.0244334 0.283606 0.0085133 0 0 0 0.046769 0 0.019486 0 0.0330461 0 0.00015875 0.00188372 0.00429672 0 0.0191828 0.00760784 0.0137495 0 0.0033854 0 0 0 0 0 0 0 0 0 0 0 0 0 0.000935897 0.104261 0.0128995 0 0 0.0779879 0.00624425 0.0222112 0.0208892 0.0236951 0.00180626 0.0752614 0.00633085 0 0 0.00100427 0.0248247 0.0145401 0.0179439 0 0.0184069 0.0220602 0.0164015 0.199241 0.00385746 0.0394921 0.0218211 0.00299254 0.0225487 0.00555577 0.0293561 0.0477988 0.0273857 0.114878 0.0119694 0.602696 0 0 0 0 0 0 0.00351776 0 0.000600636 0 0.00232225 0.613387 0 0.28086 0 0.00866272 0 0 0 0 0.0458799 0 0.0224676 0.143399 0.0939062 0 0.00531456 0 0.0426295 0 0 0 0.108542 0.249727 1.90735e-06 0.101692 0.0578264 0 0.00990057 0 0.00965816 0 0 0.000727123 0.018422 0 0.0267754 0 0.0856588 0.472303 0 0.00280686 0 0.243165 0.00599709 0 0.0296061 0 0.0903194 0.207777 0 0.0807267 0.0165698 0.063671 0 0.0938667 0 0.0949198 0.001242 0 0 0 0 0 0.131521 0 0.00116268 0 0.164264 0.0614311 0.0285793 0.0684263 0.0549022 0.0945975 0.0458373 0 0 0 0.0225921 0 0.0378612 0.0111107 0.103349 0.040004 0.0466421 0.336123 0.028463 0.299694 0 0 0 0.018439 0.0921651 0 0.166698 0 0.151955 0 0 0 0.0301836 0.00269641 0 0 0.00272577 0.0306091 0.050141 0.251131 0.0236335 0 0 0.250737 0.00059812 0 0.275944 0.0237289 0 0 0.0253824 0 0.111046 0 0.0478804 0.266656 0.0422772 0 0.00455485 0 0.0112126 0.316682 0 0.0404519 0.0141303 0.0446349 0.0170447 0.0446343 0 0.157421 0.152765 0.0402272 0 0.030619 0 0.0545113 0 0.00791166 0 0.0601839 0 0.0329412 0 0.0347784 0 0.384583 0 0.0564554 0 0.135761 0 0.201515 0 0.141434 0.0609768 0.0545785 0.0779033 0.0118234 0.103095 0 0.00745053 0 0.252904 0 0.14764 0 0.0112387 0 0.0802865 0.00339917 0.0353208 0 1.38122e-05 0 0.0167129 0 0.0811014 0.200612
51 7.77447 -0.0917946 -0.0985107 -0.121302 0.298291 -0.112844 9.19632 0.0135903 -0.165138 0.0872161 0.745848 0.396627 0.391127 -0.0821795 -0.575301 -0.612625 -0.184848 0.126414 0.121315 0.0818241 0.201707 -0.0877496 0.016028 0.0258325 0.0662677 -0.016456 0.0127232 0.0562063 0.0137946 0.0282967 0.05427 -0.101175 0.100154 0.0503385 0.224747 -0.0955602 -0.0337064 0.158799 0.0506625 0.0541278 0.120625 0.269113 1.38446 0.158261 0.664258 -0.0181626 0.0560692 0.149633 -0.0492618 -0.054334 0.458495 -0.148198 -1.37001 0.179749 0.699986 0.041509 -0.0515173 -0.873859 0.629086 0.497149 0.177368 -0.208438 1.31435 -3.32393 -0.742357 -0.817162 6.60186 10.83 -1.24943 3.47278 -0.665505 0.070176 1.52013 0.418848 0.240689 1.96604 -2.69539 -0.39908 -12.9439 -10.4572 27.9044 0.556339 -0.175497 -1.78143 -0.0410262 -0.0607461 0.819457 -2.52037e-09 0.416053 -0.0230624 0.712855 -0.656629 0.489263 4.19453e-09 1.18742e-09 1.25186e-09 -1.33844 -0.752556 0.0550304 -0.763637 1.76165 -1.61098 -0.0271788 -1.20133 -0.264295 -2.97038e-10 0.00190235 0.764224 0.351863 -0.11927 0.159885 -0.605513 0.542547 0.307393 0.884843 9.17208 0.0864613 -0.0764442 1.34181 0 0.255031 0 0.225488 0 0.180776 0 0.213841 0 0.638895 0 0.483246 0 0.498627 0 0.480365 0.0421761 0.0639313 0 0.0319505 0.0057488 0.0416264 0.0197489 0.0456269 0.0321304 0.00276661 0 0.046788 9.74499e-05 0 0 0.0100439 0 0.0240062 0 0.0755115 0 0.00737498 0.024996 0.227155 0.0353604 0 0.0314616 0.282333 0.00277934 0 0.000329595 0 0.0457452 0 0 0 0.0150032 0 0.0257924 0.00632269 0.0212776 0 0.00178947 0 0 0 0.00377602 0 0.00237142 0 0.318629 0.102902 0.324508 0.0821395 0.357349 0.0928695 0.526219 0.205249 0.00892758 0 0.310388 0.174959 0.00250767 0.0119383 0.0166671 0.010999 0 0.0450716 0.0310947 0 0.00111237 0.000393666 0 0 0 0 0 0 0 0.0374269 0 0.0489019 0 0 0 0 0.0246783 0.0355137 0.1185 0 0.096543 0 0.0956153 0 0.125798 0 0.16012 0 0.12464 0 0.0784796 0 0 0.335775 0.0702429 0 0.0820019 0 0.200536 0 0.0707582 0 0.0304937 0 0 0 0.0505105 0 0.0372237 0 0.0323044 0 0 0 0.206189 0.119993 0.00398842 0.110758 0.0676543 0 0 0 0.0249671 0 0 0.0318905 0.0329854 0 0.0418454 0 0.188615 0.314171 0 0.00398723 0 0.443951 0.0233153 0 0.0263893 0 0.0811625 0.210193 0.335303 0.043315 0.613321 0.0910254 0.264402 0.0603851 0.267989 0.0592479 0.0369961 0 0.068397 0 0 0 0.212652 0 0 0 0 0.770824 0 0.791445 0.0457998 0.352122 0 0.643957 0.0302754 0 0 0.564378 0.00280021 0.665232 0.41305 0 0.110354 0 0.089508 0 0 0 0 0.031367 0 0 0.265348 0 0.205745 0 0.000102044 0.0520741 0.0425047 0.212402 0 0 0.00323081 0.0255163 0.0275982 0.191076 0.00362945 0 0 0 0.0302908 0 0.519913 0 0 0 0.0187555 0 0.248564 0 0.0669665 0.261485 0.0270168 0 0.0274447 0 0.00087869 0.275349 0.0209571 0 0.0409926 0 0.0148026 0 0 0.185731 0 0.292928 0.149617 0.038368 0 0.0767874 0 0.0145481 0 0.101058 0.0833888 0.00908986 0.0930181 0.0055984 0.275038 0.36733 0.129528 0.0890725 0.0911992 0.10599 0.139453 0.183339 0.1228 0.0905528 0 0.0351904 0.0588628 0 0.0826489 0 0.109408 0 0.439009 0.210192 0.582904 0 0 0.0104259 0 0.548438 0.0664723 0.0579091 0 0 0.00382673 0 0.0930681 0.170557
52 7.8078 -0.0952804 -0.0674195 -0.131502 0.299375 -0.104593 9.23867 -0.0658086 -0.164201 0.101706 0.817566 0.718785 0.276009 0.0386622 -0.582713 -0.561888 -0.124814 0.162991 0.126073 0.0687124 0.15342 -0.152415 0.0217487 0.0261139 0.0666637 -0.0195074 0.0235852 0.0585928 0.00210771 0.0250674 0.0450358 -0.102981 0.182951 0.0518912 0.248515 -0.173578 -0.008499 0.158779 0.0514284 0.0541889 0.235497 0.323649 1.36435 0.0596461 0.62358 0.000959875 -0.0116144 0.144351 -0.0489251 -0.0544511 0.395345 -0.11228 -1.34981 0.222497 0.700666 0.0376854 0.008065 0.321006 1.23176 -0.99717 0.0372483 0.209134 1.26232 -1.88604 0.168584 1.60844 0.244825 -4.06189 -4.27411 9.85893 5.85892 3.58561 2.18874 0.561284 1.13425 -2.48353 -0.392161 -1.87416 0.102367 0.0137452 0.0188527 -0.425788 0.584044 0.546058 -0.668597 -0.212609 0.112 -1.4476e-09 1.1133 8.58988e-10 0.486382 -0.565085 1.21561 7.96209e-09 3.09148e-10 4.6379e-10 1.79064 -1.99769 0.271924 -0.806619 0.873686 -0.900616 0.28211 -1.53363 0.373465 -3.18184e-10 -1.36512 0.411069 0.293463 0.354362 -0.866635 -1.23103 2.13231 0.309216 0.892412 9.21307 0.043581 0.28087 1.16838 0 0.0223253 0 0 0 0 0.0113619 0.0551462 0.0666614 0.10296 0 0.0950363 0.011249 0.0894445 0.0183936 0.0956154 0.0335562 0.0726308 0 0.0283161 0 0.0116265 0 0.0624675 0 0.0693171 0 0.0187066 0 0.0219135 0 0 0 0 0.00707473 0 0.00314082 0.0217865 0.0202638 0.239218 0 0 0.0127695 0 0.0403031 0.0430693 0 0.0210253 0.00437373 0 0 0 0 0 0.0049299 0.0254373 0 0 0 0 0 0.00196202 0.0165441 0 0.0122082 0 0 0.00953036 0 0 0 0 0.00767914 0.00698722 0.0101227 0.0158121 0 0 0.0060653 0.0156847 0.0204535 0.0287201 0 0.0661501 0.0538533 0.0209585 0.00245921 0 0.0575715 0.102264 0.0481814 0.0740065 0.034038 0.0969034 0.110117 0.133081 0 0.0184111 0.0342381 0.0899028 0.0902326 0.0946869 0.00901541 0.0246366 0.379071 0.0845426 0.290468 0 0.230293 0 0.00899852 0 0.037292 0 0 0 0.000601239 0 0.499711 0.185141 0.528579 0.154115 0.446508 0.0629831 0.129583 0.0201013 0.0249913 0 0.187295 0.163828 0.248915 0.174727 0 0.00893092 0 0.0103447 0 0 0.00250628 0 0.0509165 0.290187 0.0383943 0.0285785 0.0108704 0 0 0 0.00578617 0 0 0 0 0.00189835 0.0131708 0.0495293 0.0575939 0.497986 0 0.00531117 0 0.00462917 0 0 0 0 0.145474 0.160305 0.0311002 0.127869 0.0163756 0.108643 0.00510235 0 0 0 0.025138 0 0 0 0.00381839 0.0251414 0.0381242 0 0 0.000621072 0.0973827 0.260514 0.122293 0.0728657 0.04303 0.0559112 0 0.0779031 0 0 0.00282797 0 0.0506716 0.0146145 0.136835 0.120941 0.1815 0.48999 0.10715 0.541442 0 0 0 0 0.0947143 0.229924 0.0463395 0.0324555 0.0228213 0 0 0 0.00442843 0 0.0371601 0 0.0134035 0 0.0597991 0.242947 0.0090705 0.0105938 0.362543 0.0611141 0.0223014 0.0314292 0.189422 0.0921154 0 0.0113631 0 0 0.0806395 0 0.0582149 0.219945 0.0114584 0 0 0.0242857 0 0.253153 0.0721998 0 0.042254 0.188012 0.087826 0.113455 0 0.0908067 0 0.337544 0.0447463 0 0.0207365 0.092101 0 0.0100885 0.0223448 0.132843 0.00172207 0 0 0.0310961 0.113048 0.203413 0.0186916 0.01014 0.0152433 0 0.0595029 0.0368862 0.0364189 0 0.0312671 0.139129 0.00382896 0.208241 0.00943426 0.279169 0 0 0.126103 0.184427 0.149441 0 0 0 0.0477368 0.0516522 0.00336094 0.0188154 0 0 0 0 0.0453217 0.202315
53 7.84113 -0.0456866 -0.0419665 -0.104691 0.30402 -0.0988154 9.27879 -0.178386 -0.16284 0.0689106 0.839975 0.622431 0.252534 0.0270873 -0.602363 -0.600502 -0.0565912 0.18833 0.0761007 -0.0642431 0.13792 -0.181135 0.0373493 -0.0226027 0.00343054 -0.0570468 0.0667368 0.0448452 -0.0325243 -0.00089572 0.0127707 -0.106181 0.0220829 0.0514073 0.250377 -0.0131352 0.0189825 0.159112 0.0120357 0.0196812 0.261564 0.288667 1.42273 0.0563938 0.702197 -0.0717023 0.0715009 0.160041 0.00891009 -0.0503197 0.255099 -0.185433 -1.32813 0.085194 0.642942 -0.0594378 -0.0993982 1.51737 1.30591 0.920506 0.217725 0.0175409 1.17646 -3.01846 0.316268 -0.918928 0.427417 -4.42305 3.99533 -0.338775 -1.76283e-09 -1.08504e-07 1.87693 0.552759 -1.44157 -3.48446 -0.0301285 -2.73739 0.458101 -2.66636 -2.90593 -0.777369 0.784262 -0.505972 -1.29403 -0.647742 -0.95352 -3.45976e-09 -0.272521 -0.0185502 -0.310631 0.345234 0.688556 5.1672e-09 -1.92276 -1.68979 2.72832 -0.851592 2.51376 0.42732 8.98578e-10 0.0368719 0.803087 5.70516e-09 -0.366282 -7.36475e-11 0.909088 -0.85872 0.998337 -0.48442 -1.69294 0.330432 -1.23883 0.310877 0.897823 9.25134 0.0650567 0.0600192 1.13327 0.0433127 0 0 0 0 0 0.0776483 0.0803732 0.211399 0.0964295 0 0.0102294 0 0 0 0.0107761 0.039064 0.0795254 0 0.0817502 0 0.127829 0.0295321 0.144263 0 0.245985 0 0 0 0 0.121432 0 0.0448185 0 0.21313 0 0.0165248 0 0.110145 0.0360536 0 0.261458 0.0986803 0 0.0746611 0.0458646 0.0975855 0.120976 0.000753894 0.0897556 0 0 0 0.0638974 0.026563 0.0908295 0 0 0 0 0.00358467 0 0.0237776 0.0519256 0.00779227 0 0.117064 0.198439 0.0923142 0.156173 0.0966587 0.194243 0.168232 0.259009 0 0.0153911 0.177673 0.161833 0 0.00943045 0.0085725 0.0200498 0.0511007 0.0440428 0.062212 0.0484505 0 0 0.0403368 0.0185013 0 0.0236252 0 0.0468505 0 0.0644903 0.0625603 0.0865028 0 0.0350107 0.00443451 0.0486777 0.0356131 0.0644349 0 0.00719402 0.0342597 0.22065 0 0 0 0 0 0 0.0342151 0 0.0204231 0 0.12336 0.0211605 0 0.0508203 0 0.0948304 0 0 0.0398444 0 0.0686645 0.299633 0.0210104 0.361719 0 0 0 0 0 0 0 0.000376374 0.241043 0.40635 0 0.0156392 0 0 0 0 0 0 0.000225507 0 0.0057165 0.0611631 0.013893 0.10453 0.494544 0.423573 0.000682043 0.000887854 0.0668335 0 0 0.0947033 0 0.00986112 0.218897 0.160166 0 0.190993 0 0.0742997 0.0596568 0.202082 0.0392029 0.199312 0.0353022 0.0353765 0 0.0127459 0.0347769 0 0 0.183432 0 0.00329379 0 0.583317 0.117143 0.254901 0 0.192348 0.0392773 0.075991 0.0123214 0 0.0220405 0 0.121219 0 0.187423 0.357566 0 0.833655 0.0136603 0.819658 0.0119812 0 0 0 0 0.401582 0.0493983 0.182477 0 0.0286882 0.222555 0 0.330073 0 0 0 0.146336 0 0.0766189 0 0 0 0 0.118178 0 0 0.0416821 0.217488 0 0 0 0 0 0.0680691 0.201153 0.173117 0.00503404 0 0.0468409 0 0.0405445 0 0 0.16142 0 0.452863 0 0.410405 0.0180484 0.138313 0.381392 0.356727 0 0.874881 0.00804338 0 0 0.175496 0.0528626 0.00139223 0 0.113713 0 0.145609 0 0.376107 0 0.302517 0 0.000417203 0 0.0794099 0 0.0102122 0.175969 0.361205 0.102166 0.400087 0.103178 0.508908 0 0.0349874 0.237212 0.577382 0.168124 0.0362851 0 0.0201289 0.202199 0.0796859 0.0621653 0.12988 0 0 0 0.00341396 0.178653 0.187131
54 7.87447 0.0161006 -0.0368464 -0.0925 0.307672 -0.0989659 9.31147 -0.324344 -0.0951749 0.0726039 0.850607 0.416887 0.17815 0.0687991 -0.545258 -0.606692 -0.0550787 0.189311 0.0534194 -0.102644 0.134575 -0.189962 0.0255925 0.0631325 0.0616242 -0.0594006 0.111189 0.0500134 -0.0929525 -0.0309126 -0.0233177 -0.104353 -0.0483403 0.0530767 0.226463 0.0590751 0.0343166 0.156011 -0.0461528 0.00458621 0.342086 0.300298 1.44303 0.0850753 0.697277 -0.00561729 0.0533157 0.158909 -0.0347809 -0.0535968 0.324721 -0.160193 -1.28881 0.229068 0.686358 -0.114721 -0.0844316 1.18756 -0.225075 0.385349 0.12645 0.0362548 0.8846 -4.08919 2.46425 0.751235 -0.0075602 -4.85519 -0.833404 2.05352 -1.08958 -3.23825e-08 0.0346358 -0.192027 -0.554147 -1.76914e-09 -1.08435 0.546987 0.160498 -0.000835494 0.0132768 0.911706 0.909282 0.270942 -1.6615 -0.49923 -1.09798 -3.67397e-09 -0.667159 -0.0549708 -0.421016 0.900159 0.446227 1.46456e-09 -1.43861 1.072 -0.777084 -0.484937 -0.302008 0.0390524 -0.33656 1.0613 -0.905609 4.85518e-09 -0.243065 -8.18317e-11 -0.25408 -0.435256 0.733764 0.595152 -2.20157 -2.93193 0.259665 0.313136 0.897975 9.28967 0.0728269 0.0154071 1.16037 0.0429027 0 0.00909759 0 0.0245198 0 0.0469742 0.0137742 0.244697 0 0.0271449 0.102445 0.00134494 0.0783999 0.0260319 0.0844412 0.00323087 0.0789943 0 0.22441 0 0.413824 0 0.391562 0 0.663395 0 0.0667428 0 0.114713 0.0612454 0 0.0224804 0 0.542113 0 0.0083219 0.00941402 0 0.0146639 0 0.174353 0.674285 0 0 0 0.0581922 0.0964835 0 0.074054 0 0 0 0.0498233 0.0325538 0.0828922 0 0 0 0 0 0.0254865 0.061341 0.0456334 0.0176013 0.0153286 0 0.0981078 0 0.0477431 0 0.0994839 0 0.0781028 0.00387241 0.0480731 0 0.070223 0 0.0125995 0.0177377 0.0372678 0 0.0220075 0.135137 0.121525 0 0 0.133127 0.0728548 0.104919 0.0574301 0.102087 0.0741286 0.0945041 0.0913034 0.0666614 0.0199199 0.0649703 0.0745797 0.182434 0.0887109 0.0266888 0.0484511 0 0 0.361342 0.0656804 0.0258959 0 0 0.0175377 0.391436 0 0 0 0.0436044 0 0.629179 0 0.40409 0 0.342379 0 0 0.306819 0 0.0884418 0.107653 0.0649721 0.176972 0 0 0.235485 0 0.571313 0 0 0 0 0.176245 0.167176 0.0534635 0.0376057 0 0 0 0 0 0.00233563 0.087659 0 0 0.534241 0 0.569535 0.448574 0.236948 0.00140105 0 0.269353 0 0 0.0278121 0 0 0.235562 0 0 0.108766 0 0 0.0188592 0.154322 0 0.166809 0.00932881 0.529762 0 0.550887 0.0133825 0 0 0.181407 0 0.00694663 0 0.762823 0.252038 0.581084 0 0.335579 0.0960288 0 0 0.0923602 0.182053 0 0.300297 0 0 0.204038 0 0.654287 0 0.88085 0.0114537 0.000791944 0 0.0235961 0 0.744884 0.132978 0.130857 0 0.00170176 0.278327 0 0.668132 0 0 0 0.177851 0 0 0 0 0 0.370724 0.0153079 0.0237048 0.0744326 0.0103268 0.203964 0.00206095 0 0.0115707 0.000379473 0.0177422 0.0943682 0.210116 0 0 0 0 0.302965 0 0 0.152441 0 0 0.688165 0.0131428 0.291325 0.0805103 0.107373 0 0.364573 0 0.206852 0.0431658 0 0 0.163565 0.064801 0.01864 0.122031 0 0.00917507 0.0102488 0.306075 0.0476889 0 0.0485969 0.0797438 0 0.14461 0 0.161066 0 0 0.541673 0 0.796669 0.0168814 0.858476 0 0.0856271 0.129805 0.533433 0.042291 0.0198923 0.0185491 0.0392186 0.251327 0 0 0.034127 0 0 0 0.0336519 0.1399 0.106649
55 7.9078 0.0583415 -0.0649698 -0.0920815 0.310187 -0.0979438 9.33913 -0.464448 -0.0200163 0.0941414 0.787006 0.214221 0.0191922 0.121228 -0.499572 -0.505356 -0.0606271 0.172403 0.0509857 -0.102644 0.099544 -0.144141 0.0281421 0.0630753 0.0620883 -0.0410325 0.146261 0.0682984 -0.131957 -0.0499765 -0.0528683 -0.107528 0.0759085 0.0501255 0.21116 -0.0447163 0.0598435 0.154863 -0.0531716 0.0494387 0.234259 0.22342 1.43647 0.0298925 0.664685 -0.00984831 0.159603 0.158709 -0.0421043 -0.053905 0.309147 -0.140964 -1.27699 0.320263 0.683507 -0.14659 -0.0949422 1.19634 -0.969762 -0.0311549 0.117536 0.0713232 0.771071 -4.14832 1.72344 1.08325 -2.75131 -4.53984 -5.28347 1.36831 0.20633 3.37161 -0.105634 -0.616291 -0.0500217 -1.99624e-09 -0.971419 1.6838 0.0920286 -0.00244945 0.0143524 0.627352 0.723958 0.565345 -0.940457 -0.118322 -0.645623 -3.54218e-09 3.29556 1.41388e-09 -0.416824 -2.62211 1.16158 6.71925e-09 0.0814908 1.25165 -1.55491 -0.037995 -0.651474 -0.25914 1.1172 -1.08719 2.16464 2.55888e-09 0.186692 -1.19252e-10 -0.94694 -1.16012 0.248011 0.496914 -1.79407 -1.62827 0.0786547 0.315384 0.898751 9.32823 0.0610734 0.0166157 1.15389 0.0396807 0 0.00991481 0 0.0223054 0 0.0490859 0 0.172287 0 0.0804057 0.135548 0.0760336 0.123612 0.118597 0.11547 0.0323951 0.0388648 0 0.180045 0 0.328727 0 0.306615 0 0.547412 0 0 0 0 0.0326893 0 0.0400849 0 0.453875 0 0.00445707 0 0 0 0.0180965 0.304784 0.522383 0 0.0287306 0.0761514 0.0364821 0.146874 0 0.113204 0 0 0 0.0376136 0.0218146 0.104418 0 0 0 0 0 0 0.0230439 0.0544982 0.00595206 0.0011886 0 0.130496 0 0.0941992 0 0.121796 0 0.0508056 0 0.00257754 0 0.12286 0.000745935 0.00435916 0.0188104 0 0 0.0368411 0.086829 0.0345757 0.000235304 0.000247586 0.13488 0.0871725 0.106077 0.0721328 0.139208 0.0807124 0.151503 0.0785249 0.0536181 0.108903 0.109862 0.0719577 0.203481 0.0791413 0.0291321 0.0559068 0 0.169814 0.307096 0.00773567 0.0533208 0.00747008 0 0 0.31008 0 0 0 0 0 0.606705 0 0.475399 0 0.390236 0.0131027 0.0164369 0.224275 0.0338765 0.0551191 0.0683277 0.0504313 0.20401 0 0 0.17654 0 0.407455 0 0 0 0 0.103536 0.27609 0.0206838 0.0141387 0.00156061 0 0 0 0 0 0.100502 0 0 0.433756 0 0.456746 0.264492 0.37426 0 0.00093599 0.225196 0 0 0.0134575 0 0 0.184207 0.0228215 0 0.0712558 0 0 0 0.119232 0 0.134925 0.0182961 0.40166 0 0.443048 0.0224988 0 0.00263564 0.0689071 0 0.0116817 0 0.681248 0.290085 0.600111 0 0.389083 0.0496571 0 0 0.0589852 0.135934 0 0.200756 0 0 0.140761 0 0.225027 0 0.561785 0.00693411 0 0.0036964 0 0 0.682022 0.0614322 0.146584 0 0.00626941 0.138172 0 0.51796 0 0 0 0.0962332 0 0 0 0 0 0.460148 0 0.207439 0.0397836 0.131582 0.0935136 0 0 0 0.00165014 0.0251605 0.0321427 0.125938 0.0714405 0 0 0.00652999 0.176585 0 0 0.133832 0 0 0.506277 0.00329012 0.250612 0.0777697 0.296191 0 0.453818 0 0 0.0343498 0 0 0.228729 0.0325246 0 0.0770031 0 0 0 0.300304 0 0 0 0.0724102 0 0.145305 0 0.150672 0 0 0.453745 0 0.715658 0.00974805 0.749039 0 0.0744517 0.135782 0.396288 0.118126 0 0.020435 0.0543227 0.180412 0 0 0.0379643 0 0 0 0 0.0662996 0.209896
56 7.94113 0.0832557 -0.0638303 -0.101188 0.311912 -0.0971818 9.36769 -0.522997 -0.034862 0.12215 0.609737 0.176452 -0.0577264 -0.00444592 -0.2529 -0.566437 -0.0504453 0.160039 0.0583992 -0.102644 0.0645559 -0.131711 0.0293776 0.0630128 0.0589209 -0.0118886 0.149777 0.0845113 -0.16202 -0.0512989 -0.0645212 -0.109352 0.154894 0.0502278 0.199688 -0.112937 0.0763848 0.154517 -0.0431123 0.0529676 0.270049 0.194909 1.45058 0.0860068 0.698338 -0.0105889 0.165488 0.158498 -0.0500331 -0.0545312 0.244474 -0.15919 -1.28921 0.315018 0.634345 -0.0975508 -0.0782832 0.785836 0.098857 -0.339437 0.0877406 0.0901669 0.873665 -1.26791 -0.484653 0.892683 -4.49199 -0.619335 -3.31997 -0.887648 4.85969 3.73221 0.242604 -0.265123 0.2846 -5.2988e-10 -1.07058 0.238329 0.078415 -0.00229049 -0.0633426 0.630148 -0.00208807 0.474811 -0.800055 0.0894755 -0.279935 -1.11089e-09 0.766657 4.45286e-10 -0.320585 -0.307253 0.652373 2.74404e-09 -0.464637 2.16652e-10 0.56422 -0.253853 0.726726 0.246043 -0.450486 0.801765 0.537792 1.52868e-09 -2.68042e-10 -2.33432e-10 -1.22588 -1.9223 -0.143215 -0.689613 -0.33003 1.62577 -0.378358 0.31776 0.898775 9.36568 0.0784814 -0.00313152 1.08721 0.0488818 0 0.0141059 0 0.0358697 0 0.0238399 0 0.0819347 0 0.0748051 0.0490073 0.098184 0.0432677 0.143528 0.0320635 0.0464268 0 0 0 0 0.00732377 0 0 0 0.00977556 0 0 0 0 0.0769696 0 0.0904199 0 0.312827 0 0.000469854 0 0.0370557 0.0254912 0 0.0574954 0.0164174 0 0.00573573 0.0108726 0.0244187 0.0912323 0.038202 0.0258928 0 0 0 0.0193978 0.0242029 0.0395801 0 0 0 0 0 0 0.00801523 0.104365 0.000139308 0.0196792 0.0279736 0 0.0112527 0 0.0239864 0 0.0317473 0 0 0 0.0786246 0 0.00236982 0 0.000996034 0 0.0358285 0 0.0389136 0.111967 0 0 0.0220236 0.169801 0 0.139871 0.0210701 0.150278 0.00171929 0.117643 0.0841189 0.0735874 0 0.156783 0.059206 0.159084 0.0461493 0.0339629 0 0 0 0 0.047892 0.078483 0 0 0.0285473 0 0.00244332 0 0.0372683 0 0.331764 0.018314 0.32643 0.108785 0.324021 0.306395 0.0443348 0.0111876 0.136114 0.00600813 0.0584116 0.0441374 0.169558 0 0 0 0 0 0 0 0 0 0.182724 0.0980341 0.0677936 0.0160369 0 0 0 0 0 0 0.112991 0.0142103 0 0.0305225 0 0.0931418 0.358081 0.086477 0 0 0.0588398 0 0 0 0 0 0.229096 0.0863838 0 0.0236484 0 0 0.0367816 0.0696707 0.0216474 0.0784656 0.055369 0.0264908 0 0.0685062 0.0115059 0 0.02442 0.0208462 0 0.00242984 0.0413251 0 0.114774 0.274104 0 0.256496 0.0481725 0 0.0166145 0.0218482 0.0755508 0 0.092566 0 0 0.0533351 0 0.475642 0.0147312 0.412504 0.00739638 0 0 0.0190211 0 0.0830121 0.10294 0.108095 0 0 0.105887 0 0.0576387 0 0 0 0.0181645 0 0 0 0 0 0.00848303 0 0 0.162204 0.165591 0.156255 0 0 0 0 0.0666214 0 0.157071 0.0405699 0 0 0.0416613 0 0 0 0.10568 0.0899994 0.00746457 0.178286 0 0.252902 0.0828777 0.0743573 0.0944382 0.199006 0 0.0150902 0 0 0 0.0665927 0 0.00471496 0 0.039004 0 0.0760099 0.13029 0.265856 0 0.156424 0 0.00966878 0.0616755 0.0472167 0.0472548 0 0.0661912 0.133999 0.00622482 0.267166 0.0331275 0.236316 0 0.0170879 0.148566 0.0889539 0.0429561 0 0.0195077 0.0608304 0.103022 0 0 0.0334531 0 0 0 0 0.0721108 0.100595
57 7.97447 0.082714 -0.0759273 -0.123094 0.312293 -0.09647 9.39914 -0.505212 0.0128754 0.163897 0.367881 0.115782 -0.319062 0.16496 -0.133404 -0.485497 -0.0090145 0.1671 0.0817398 -0.102644 0.0228494 -0.123582 0.027846 0.0628042 0.0770525 0.0130118 0.150704 0.105588 -0.153923 -0.0565862 -0.0614046 -0.107579 0.0710383 0.050195 0.168899 -0.0343357 0.0726762 0.150367 0.0349097 0.0588082 0.405174 0.176551 1.44267 0.229624 0.698655 -0.00265979 0.0937871 0.151273 -0.0405803 -0.0540053 0.137159 -0.0964871 -1.33699 0.40547 0.700219 -0.034362 -0.025315 0.00909559 -0.628798 -0.460902 0.0945415 0.0712886 0.915175 0.366274 1.86686 1.29728 -7.48469 0.33719 -7.7183 7.70925 0.49048 0.665312 1.21605 0.353185 0.580223 -2.80273e-09 -1.24547 0.316868 0.0687249 -0.00752261 -0.0160651 0.689379 0.109816 0.685911 0.308276 -0.165547 -0.104901 -2.02512e-09 -2.60023 0.057776 -0.670555 2.32941 -0.627088 1.25068e-09 1.4226 2.96029e-10 0.782849 -0.369141 0.27948 0.174031 -0.706908 2.05199 -0.74032 4.23601e-09 1.13208 -5.36234e-11 -0.877657 -1.51501 -0.764553 1.251 -0.188709 -1.68609 1.91349 0.319999 0.899018 9.40218 0.05401 -0.00667868 1.10066 0.0393561 0.0272769 0.0385865 0 0.045997 0 0.0499116 0 0.35416 0 0.141867 0.113485 0.137016 0.0774572 0.148275 0.0799639 0.0138804 0 0 0.297457 0 0.275298 0 0.506522 0 0.600373 0 0 0 0 0 0 0 0 0.485866 0 0 0.00507877 0 0 0.103126 0 0.651772 0 0.000739217 0.370442 0.0290744 0.226028 0.0374868 0 0.0330076 0 0.00103616 0 0.0493554 0.00372401 0 0 0 0 0 0 0.0254722 0.0829508 0.000441744 0.0352482 0 0.0178557 0 0 0 0 0.0328855 0 0 0.0283664 0 0.0368349 0 0 0 0.0204595 0 0 0.0290117 0.119465 0.0005071 0 0.19715 0 0.170445 0 0.189436 0.00429776 0.2475 0 0.0888384 0 0.238458 0.00032682 0.248141 0 0.0463419 0 0.001076 0.202238 0.339271 0 0.176616 0.0996488 0 0 0.394506 0 0 0 0 0 0.904746 0 0.848975 0 0.729611 0.485377 0 0.298798 0 0 0.0823279 0.737216 0.509195 0.501355 0 0.410846 0 0.231785 0 0.0371869 0 0 0.13755 0 0.0120848 0.0382802 0 0 0 0.0128497 0 0.00225496 0.0328375 0 0 0.428581 0 0.619086 0.323425 0 0.000739355 0 0.612045 0 0.00702066 0.0133243 0.0118322 0.000482796 0.100127 0.0750411 0 0 0 0.0190463 0.0175758 0 0.0325571 0 0 0.475509 0 0.367404 0.0255284 0.0490829 0 0.109992 0.00189692 0 0.00205598 0.846695 0.257482 0.752429 0 0.605448 0.246206 0 0 0 0.290952 0 0.404087 0 0 0.109604 0 0.282949 0 0.632005 0 0 0 0.0320328 0 0.854642 0.0366641 0.0273579 0.0261674 0 0.166172 0 0.572847 0 0 0 0.33603 0 0 0.112743 0 0.0486517 0.677329 0 0.125528 0 0.0598194 0.161885 0 0 0 0 0.00958594 0.0588589 0.106107 0.0572157 0 0.0670548 0 0.159213 0 0.0408428 0.38906 0 0 0.637442 0.126629 0.257937 0.133719 0.01396 0.182945 0.435138 0 0.0790772 0.0268661 0.0507 0.0458143 0 0 0.0494203 0.103371 0 0.136739 0 0.483544 0 0.153142 0 0.142922 0 0.198069 0 0.217722 0 0 0.688288 0 0.755534 0 0.760731 0 0.0861533 0.0906503 0.259286 0.117574 0.0500593 0.00466622 0.0613986 0.263147 0 0.0271856 0.036325 0 0.00782114 0 0.0162528 0.0759968 0.0652635
58 8.0078 0.0810691 -0.0611319 -0.10304 0.315112 -0.0989406 9.43141 -0.476712 0.0114397 0.142943 0.100371 0.151272 -0.352759 0.111165 -0.223399 -0.461373 0.0329378 0.151295 0.0572917 -0.102644 0.007675 -0.12676 0.0460071 0.0346668 0.0290932 0.0185691 0.136556 0.0845678 -0.12281 -0.0623229 -0.0559019 -0.109252 0.145346 0.05093 0.145199 -0.117488 0.0551462 0.150578 0.0276112 0.0582568 0.400329 0.217709 1.44708 0.18619 0.668785 0.00834161 0.113067 0.151129 -0.0457735 -0.0541345 0.141659 -0.119113 -1.34669 0.500645 0.686778 -0.0578422 0.00367105 -0.0481418 0.550025 0.691394 0.192453 -0.052983 0.973294 0.294497 -0.423611 -0.944849 -6.26289 0.638117 3.34904 -2.98326 -5.13004 0.322197 1.34531 -0.59938 -0.766612 -1.3761e-09 -1.12993 0.0701783 0.253103 -0.077318 -0.0898276 0.114412 -0.498231 -0.503732 0.915035 0.00255019 0.0169933 -1.96321e-09 2.47139 1.00768e-09 -0.664019 -2.74854 -0.120694 9.44798e-09 0.0981005 5.00003e-10 0.00121618 0.172585 -0.122158 0.0953555 -0.0445416 -0.918122 0.544712 2.0585e-09 0.24659 -3.31578e-11 -0.0708681 -1.70748 -0.482458 0.409578 -0.675452 -2.0139 0.334276 0.321735 0.897296 9.43872 0.0489751 -0.10409 1.09175 0.0213709 0.0163408 0.0200967 0.0102517 0.0222241 0.0164133 0.0156544 0 0.0217335 0 0.118266 0.0520597 0.105185 0.0416723 0.102537 0.0456385 0 0.0965778 0 0.0469606 0 0.00941583 0 0.0743173 0 0.0895109 0 0 0 0 0 0 0 0 0.0214332 0 0 0.0106111 0 0.170042 0 0 0.00689539 0 0 0.261531 0 0.118757 0 0 0.030813 0 0 0 0.00175939 0 0 0 0 0 0.00991894 0.0148518 0.0174822 0 0.0178066 0 0 0.144488 0 0.113294 0 0.129322 0.0252341 0.213808 0.0409497 0.0454169 0 0.174384 0 0.0192022 0.0324617 0.0539998 0 0.0177394 0.106516 0.0530098 0.000555838 0 0.0531605 0 0.0440673 0 0.0526304 0 0.0969032 0 0 0 0.0635446 0 0.0621093 0 0 0.0166935 0.0761033 0.237068 0.374085 0.0478833 0.0908273 0.0344713 0.00874823 0 0.0602844 0 0 0 0 0 0.403783 0 0.34351 0.0465923 0.241957 0.178627 0.0389582 0.0295546 0.035984 0 0.0647111 0.252295 0.110544 0.201123 0 0.279679 0 0 0 0.0375455 0 0 0.0982533 0.0172896 0 0 0 0.0600786 0 0.000440646 0.00728906 0.00197155 0.0915531 0.100051 0 0.0271997 0 0.0590685 0.234036 0.0764625 0 0 0 0 0 0 0 0 0.0996718 0.0411547 0.0385773 0 0.0761352 0.0547433 0.0209941 0.038374 0.0208827 0.0383371 0 0.0245316 0 0 0 0.037786 0.00239718 0 0 0.0108042 0.0241134 0.331532 0.0865358 0.34154 0 0.261136 0.0240347 0 0 0 0.0175746 0.0180006 0.023779 0 0 0 0.07125 0 0.0417845 0 0 0.0610943 0.0019297 0 0 0.336096 0 0.0632458 0 0.0818561 0 0.130134 0 0.426632 0.000650121 0.0938828 0.0080041 0.266996 0.0220855 0.391189 0 0 0.23291 0 0.139586 0 0.0744363 0.0845722 0 0.0155062 0 0.0296064 0 0 0.0882982 0 0.00306389 0.0566749 0 0 0 0.33706 0.0606785 0 0.0115369 0 0.0425129 0.00895396 0.0190363 0 0.0915424 0.425862 0.0132987 0 0.0726806 0.0751266 0 0 0.0448703 0.101341 0.0654024 0 0.0735027 0 0.215509 0 0.0570059 0 0.0858832 0 0.118269 0 0.119635 0 0 0.176313 0 0.145623 0 0.178741 0 0.0507383 0.0221097 0.0317542 0.0115042 0.022572 0.0440631 0.0400135 0.0333222 0 0.00323127 0 0 0 0 0 0.0531294 0.149432
59 8.04113 0.0426366 -0.0348136 -0.0768825 0.318252 -0.107156 9.46508 -0.448184 -0.0445763 0.121027 -0.00313835 0.179859 -0.169884 -0.0578649 -0.337694 -0.427424 0.111558 0.0904969 0.0286279 -0.0895114 -0.0619753 -0.0918226 0.0533029 0.0521998 0.0536421 0.0773617 0.103085 0.0548546 -0.114829 -0.0667121 -0.0405609 -0.11067 0.13275 0.0200843 0.136296 -0.103977 0.0770988 0.150638 0.0255512 0.0581011 0.408969 0.246512 1.42639 0.181351 0.670377 0.00479385 0.111088 0.15158 -0.0286518 -0.0528332 0.151126 -0.169961 -1.36021 0.575848 0.696278 -0.0395527 -0.035503 -1.22962 0.866385 0.695862 0.143744 -0.262359 1.05954 0.592644 -1.66651 -0.898347 -1.33415 0.0343254 4.52124 -4.83435 -0.697893 1.92502 2.31398 -2.03106 -0.54077 0.717236 -2.82239 1.13079 0.369853 1.02156 1.41557 1.51754 -1.29376 -0.727942 0.415336 -0.0109126 0.495104 -1.26395e-09 1.53159 -0.827901 -0.266346 -1.39839 0.667525 7.89493e-09 -0.244334 4.77578e-10 0.32905 0.203659 -0.778499 0.0743829 0.0918388 -0.133809 -0.227063 3.81209e-09 0.568232 -7.53607e-11 0.706057 -1.42631 -0.633773 0.814297 -0.0161949 -0.861892 -0.0755528 0.323265 0.890757 9.47482 0.0454387 -0.270389 1.07387 0 0 0 0 0.0285035 0.0145752 0 0 0 0 0.10251 0.096494 0.12212 0.0795897 0.154464 0.0542506 0 0.0938115 0.151853 0.00246991 0.108594 0.0244078 0.316449 0.0011236 0.356021 0.0653145 0 0.017135 0.0405661 0 0 0.0476003 0.012838 0 0 0.270453 0.00201019 0.00465561 0 0.129641 0 0 0 0.26418 0.0665428 0.0858329 0.0719357 0.094432 0 0 0.0237057 0 0 0 0.0395756 0 0 0 0 0 0.0377409 0.00870572 0.0311512 0.0110882 0.017446 0.00617762 0 0.120007 0 0.0775676 0 0.100701 0 0.060588 0.0241206 0.0464214 0 0.0647789 3.96031e-05 0.0171487 0.0177787 0.0424292 0 0.0228655 0.0885297 0.0726035 0.00030959 0.000861591 0.089687 0.0804756 0.044927 0.0596321 0.120381 0.07565 0.112546 0.0633726 0.0170945 0 0.0744934 0.0725953 0.175984 0.0719697 0.00140946 0.0285695 0.0259318 0.0833077 0.418413 0.0477052 0.00072388 0 0 0 0 0.0043835 0 0.0675218 0 0.245313 0.34739 0.0629553 0.246954 0.0613197 0.0552366 0 0.00491905 0 0.13524 0.0605765 0.293384 0 0.363046 0 0.00696831 0 0 0.00237208 0 0.0458899 0 0.00469371 0.258914 0.0246531 0.187692 0.0139323 0 0 0 0 0 0 0.210533 0.134487 0.0263774 0 0.089612 0 0.414146 0.0533698 0 0 0 0.139963 0 0 0 0 0.3736 0.12113 0 0.120709 0 0.139897 0 0.0805433 0 0.0916489 0.0756177 0.0632567 0 0.0341727 0.0275802 0.0855479 0 0.00933803 0 0.00630593 0.294779 0 0.220209 0.465091 0.316916 0.186857 0 0 0.0041086 0.000318279 0.0149514 0.0379306 0 0.0657933 0 0 0.500763 0 0.445157 0 0 0.0413598 0 0 0.240853 0 0 0.185784 0 0.10297 0 0.493459 0 0.438227 0.0428996 0.0257956 0 0.529437 0 0.271305 0.0512951 0 0.232612 0 0 0 0.150829 0.291205 0 0 0 0.026409 0.00607158 0 0.343576 0 0 0.0724986 0.0808217 0 0 0.204909 0.0656991 0 0.237203 0 0.150173 0 0.256063 0 0 0.337896 0 0.106938 0.0658566 0.0338652 0 0 0.0393359 0.069905 0 0 0 0 0 0 0 0 0 0 0 0 0 0 0.48969 0.0562633 0.383555 0.138856 0.469199 0.0220936 0.0520978 0.01676 0.0990164 0 0.0306684 0.0685865 0.0757224 0.0212613 0.0228939 0.000853821 0 0 0 0 0 0.00733343 0.187784 0.164033
60 8.07447 0.0406998 -0.000294706 -0.0439689 0.322719 -0.11341 9.50161 -0.466944 -0.0553008 0.0795982 -0.00433919 0.11259 -0.0942721 -0.0458714 -0.29055 -0.383707 0.147614 0.0649716 -0.00656424 -0.0704743 -0.0819441 -0.092173 0.0300955 -0.0206777 0.0152376 0.0567027 0.0786868 0.0299024 -0.0779354 -0.0692148 -0.0374176 -0.111 0.103316 0.012756 0.130015 -0.0772322 0.0679358 0.15045 0.0320707 0.0585938 0.388233 0.213519 1.41333 0.196692 0.662333 -0.016217 0.0932948 0.151015 -0.0500403 -0.0542681 0.0858305 -0.214496 -1.39435 0.477482 0.648641 -0.0835758 -0.0142711 0.125633 1.38663 0.80773 0.140331 -0.0370161 1.14085 -0.431389 0.0991696 -1.19222 0.22878 -1.34022 1.85767 0.157458 1.98728 1.25876 1.00697 -0.578242 -0.76701 0.258807 0.435332 -0.891283 0.144072 -1.63874 -2.23443 -0.811028 -0.977418 -0.471888 0.863847 -0.0715546 -0.0176301 -2.03068e-09 -3.07583 -0.494848 -0.168632 3.2482 -0.000129719 4.58859e-09 0.321753 5.39406e-10 -0.573641 -0.559371 -0.506203 0.211226 -0.3812 -0.358919 0.182422 6.81297e-09 -2.17388e-09 -1.24357e-09 1.97778 -2.17294 -0.26343 -2.71806 -1.31041 2.57471 -0.015719 0.32466 0.885561 9.51068 0.0409699 -0.0683124 1.07381 0 0.0948558 0 0.0871212 0 0.0808512 0.00761553 0.0321069 0.0303038 0.0770218 0.362765 0 0.383557 0 0.410463 0 0.076616 0.0469498 0.130593 0.0109367 0.0308193 0.0226678 0.194322 0.0248926 0.0917059 0.0143212 0 0.0428565 0 0.0449194 0 0.0738537 0 0.0853819 0 0.113911 0 0 0.372822 0.0472788 0 0 0 0.285575 0.171354 0.00571145 0.065224 0.00179273 0.0870308 0.0224665 0.00955597 0 0 0 0 0.00376698 0 0 0 0.000598113 0.0113404 0.0063213 0.0198232 0.0418524 0.00909085 0.0170615 0.00200205 0.0111822 0 4.02703e-06 0 0.00735427 0 0.0454111 0.0361452 0.0336411 0 0.0356984 0.015572 0.00581285 0.0322678 0.0279793 0.0323928 0 0.0617156 0.0800405 0.00149811 0 0.100432 0.0182581 0.0689989 0.0136432 0.0965636 0.0183123 0.215949 0.0434255 0.0522341 0.0306123 0.117407 0.0274799 0.117042 0.0274837 0.0351203 0.0270564 0.510642 0.0119975 0.758044 0.0110863 0.0176107 0.00480443 0 0.0196974 0 0.056406 0 0.0468877 0 0.115419 0.766502 0.0413045 0.590301 0.0221703 0.147749 0 0 0.0108777 0.00358159 0.0241764 0.427258 0 0.606876 0 0.155148 0.0210834 0 0 0.0252481 0.048443 0 0 0.192552 0.0560784 0.203013 0 0 0.016049 0 0.012905 0 0.0162735 0.104176 0.144643 0.00680651 0 0.0294283 0 0.512009 0.0798036 0 0 0.247458 0.051487 0 0 0 0.00962846 0.167464 0.0965903 0.0224807 0 0.0763266 0.0373654 0 0.0308604 0.000747377 0.0288212 0.00106415 0 0 0 0.0638576 0.00448889 0 0.0809701 0.00742246 0 0.411674 0.318627 0.22023 0.469485 0.291944 0.19952 0.0264034 0.0878345 0 0 0 0.336184 0 0.419206 0.0829962 0.0664751 0.499724 0 0.404548 0 0 0.0231015 0.0106936 0 0.331917 0 0 0.19806 0 0.143099 0.452588 0.362325 0 0.235826 0 0 0.500511 0.187919 0.253816 0.152564 0.00852843 0.0286463 0.486204 0 0.308212 0.0041216 0 0.239896 0 0 0 0.0348409 0 0.0382185 0.243623 0.0299008 0 0.0722887 0.0153809 0 0.41728 0.107999 0.0657708 0.00591638 0.205209 0 0.235239 0 0.170673 0 0.108276 0.0644717 0.125749 0 0.0139423 0.00310147 0 0 0 0.00357684 0 0 0 0 0 0 0 0 0 0 0 0 0 0 0.377971 0 0.445585 0 0.522948 0 0.00171444 0 0.00726544 0.257891 0.181065 0 0.0658476 0.0445887 0 0.259492 0 0.023667 0 0.00319353 0 0 0.183374 0.0929003
61 8.1078 0.0352876 0.0424156 -0.00783958 0.327026 -0.110457 9.5417 -0.458894 -0.0629972 0.0375099 0.026609 0.126332 -0.0521259 -0.0125882 -0.237552 -0.347038 0.170497 0.0643172 -0.0396339 -0.0283019 0.00152934 -0.133945 0.0429721 -0.146522 -0.157654 0.0388893 0.049861 0.00604099 -0.0538629 -0.0749283 -0.0352817 -0.111452 0.0352841 -0.0025725 0.127099 -0.0150661 0.0700283 0.156465 0.0506005 0.0598232 0.376636 0.205117 1.39398 0.169431 0.645412 -0.0393602 0.0804656 0.151015 -0.0500403 -0.0542681 0.081565 -0.282732 -1.40011 0.407618 0.697444 -0.0421809 -0.0358494 -0.153884 1.10974 0.974648 0.0671906 0.290767 1.27428 0.664969 -0.0183949 -0.947951 1.06336 0.272122 0.928514 0.650013 2.25004 1.52255 0.382012 -0.134707 -0.876709 1.69373 3.82816 -1.01383 0.522099 -3.81532 -5.84915 -0.82729 -0.838316 -0.435756 0.829073 0.0433016 -0.188419 -2.70005e-09 -1.36557 -0.283871 -0.328721 0.963622 -0.389731 2.93212e-09 1.07133e-09 6.34048e-10 0.485962 -0.135128 -0.685912 -0.739706 0.749356 -0.622068 0.358828 9.26675e-09 -1.76966e-09 -1.20235e-09 0.468783 -0.290474 -0.147289 -0.00274998 3.09452 0.351294 -0.936489 0.325974 0.888606 9.54728 0.0419308 0.237667 1.12118 0 0.132111 0 0.119153 0 0.108813 0 0.0569438 0 0.120467 0.164046 0.00360441 0.182307 0 0.212767 0 0.170997 0.0606636 0.0990405 0.0630388 0.0127223 0.0992679 0.139542 0.104962 0.0661856 0.114805 0 0.170107 0 0.1916 0 0.126975 0 0.106288 0 0.0975233 0.00547788 0 0.408635 0.0819651 0 0 0 0.281126 0.239017 0 0.0878676 0 0 0.029382 0.0196775 0 0 0 0 0 0 0 0 0.000248342 0.0265814 0.00142062 0 0.0207185 0 0.00696023 0 0.0023358 0 0 0 0 0 0.0282669 0.0329887 0.0230313 0 0.0220757 0.0378368 0.00778025 0.051948 0.024734 0.118987 0.0150584 0 0.0433163 0.00161586 0 0.150194 0.0204648 0.107936 0.0150201 0.14303 0.0216227 0.292925 0.0433104 0.0469005 0.0518665 0.169139 0.0303637 0.171121 0.0295946 0.0598077 0.0422164 0.642503 0.00427697 0.84796 0.00465654 0.00210865 0 0 0 0 0 0 0.0539474 0 0.131537 0.833749 0.0250622 0.682747 0 0.151703 0 0 0 0.00158059 0.00138019 0.409526 0 0.643835 0 0.150583 0.0735262 0 0 0.0446938 0.0299379 0 0.000802351 0.188217 0.0777776 0.275979 0 0 0.105861 0 0.0203803 0 0.00454209 0.0930715 0.135522 0.00196343 0.00550646 0.0159911 0 0.521899 0.0180334 0.00205676 0 0.317738 0.064122 0 0 0 0.0156649 0.149122 0.169124 0.0169614 0 0.0489367 0.0281882 0 0.0266502 0 0.025666 0 0 0 0 0.104382 0.00218418 0 0.0304943 0.0104025 0 0.368442 0.344802 0.241853 0.474687 0.378111 0.199243 0 0.158924 0 0.00691753 0 0.298792 0 0.342662 0.0469208 0.0409918 0.356808 0 0.263625 0 0 0.00801792 0.00152241 0 0.300898 0 0 0.197287 0 0.226609 0.603014 0.336132 0 0.207294 0.0109621 0.102839 0.661116 0.137214 0.360844 0.206969 0.00709072 0.0232252 0.614456 0 0.385374 0.00468131 0.0494345 0.225628 0 0.0152758 0 0.0778637 0 0.105942 0.235784 0.0511361 0 0.036528 0.00753761 0 0.572662 0.0853164 0.0989263 0 0.145735 0 0.21956 0 0.173469 0 0.0705056 0.0574969 0.12679 0 0.084432 0 0.00885654 0 0.0788075 0 0 0 0 0 0 0 0 0 0 0 0 0 0 0 0.37636 0.00926335 0.390123 0.0114585 0.47808 0 0.00597186 0.012915 0 0.309525 0.016355 0.0892254 0.021574 0.0700499 0 0.23083 0 0.0242987 0 0.0108982 0 0 0.221423 0.161495
62 8.14113 0.030119 0.0974982 0.0229566 0.330703 -0.0981278 9.58496 -0.416344 -0.0790376 -0.00143891 0.0544708 0.121927 0.0312337 -0.0345378 -0.330603 -0.430329 0.138856 0.0860837 -0.0577787 0.0918589 0.196438 -0.198501 0.0829078 -0.350974 -0.452807 0.0161107 0.0254326 -0.00480646 -0.0347222 -0.0778853 -0.040354 -0.111749 0.00253451 -0.0150609 0.134493 0.0015021 0.0615981 0.156476 0.0502385 0.0597947 0.392563 0.197157 1.37606 0.158718 0.660794 -0.0649805 0.0788326 0.151015 -0.0500403 -0.0542681 0.0630034 -0.305963 -1.40964 0.348521 0.701834 -0.0373932 -0.0315034 -0.302156 1.63086 0.438909 -0.0464959 0.469309 1.31799 1.64133 -0.26727 -0.855505 0.631916 -0.905124 1.42925 0.738421 -1.74693 -0.31535 -1.36272 0.500577 0.0212677 4.1235 7.01977 -2.20655 0.144208 -7.41897 -9.44426 -0.576092 -0.562599 0.131014 0.56162 -0.120413 -0.240592 -2.0282e-09 -1.4625 -0.368947 0.250053 1.05623 -0.290587 1.03356e-09 1.49764e-10 2.47434e-10 -0.197922 -0.687224 -0.270578 0.0496438 0.672343 -0.507495 0.123805 9.93913e-09 -9.52777e-10 -7.63738e-10 0.464738 0.151482 0.0654106 0.215666 9.62636e-10 1.42932 -0.503343 0.326781 0.899951 9.58576 0.0182933 0.397903 1.18467 0.0221932 0.0275439 0.00822408 0.0132474 0.00615007 0.00935952 0.0189156 0.0255384 0.0238905 0.0321142 0.150073 0 0.153182 0 0.16005 0 0.104589 0.045475 0.0167023 0.0506329 0 0.0611402 0.020632 0.0630146 0 0.0863624 0 0.0584992 0 0.0651774 0 0.0331166 0 0.0182793 0 0.0204622 0.0148155 0 0.348975 0.0335911 0 0.0118594 0 0.0581896 0.0644305 0.0261862 0.0155846 0.00739713 0 0.0273258 0.015943 0 0 0.000699194 0 0.00861928 0 0.00281188 0 0.00122662 0 0 0 0.00381305 0 0 0.0374638 0.0481316 0.0281813 0.035109 0.0450926 0.0495271 0.184641 0.106115 0.00679541 0 0.05197 0.0714725 0.0210666 0.0016912 0.0336937 0.00828459 0.045432 0 2.9549e-05 0.00168679 0.00092477 0 0 0.00569511 0 0.00370902 0 0.00669533 0.0859891 0.0230483 0.0121581 0.0241543 0.0273873 0.00357631 0.0289951 0.00329424 0.031201 0.0331402 0.284505 0 0.27203 0.0639636 0 0 0 0 0 0 0 0.0140143 0 0.0314609 0.709864 0 0.473967 0 0.0099661 0 0 0 0 0 0.101129 0 0.3346 0 0 0.0628016 0 0 0.020765 0.0212545 0 0.0012185 0.207126 0.065477 0.354281 0 0 0.0381802 0 0.00333136 0 0 0.0133871 0.00352798 0 0 0 0 0.607246 0.016579 0.00208746 0 0.275642 0.00852097 0 0.00699723 0 0.0280597 0.134945 0.15573 0.229378 0.00685671 0.406022 0.0611477 0.0691303 0.0510381 0.0672197 0.0507582 0 0 0 0 0.00857027 0 0 0.0398794 0.0028222 0.000701117 0.130726 0.116867 0.0651862 0.199143 0.135311 0.126051 0.0408932 0.0163007 0 0 0.00337754 0.0781412 0.000521406 0.122714 0.0319691 0.0285138 0.289848 0.0103107 0.208903 0 0 0 0 0.0055451 0.061093 0.000869289 0 0.180774 0 0.14626 0.102334 0.0998984 0 0.117844 0 0.0501515 0.247349 0.0626972 0.375214 0.100833 0.0160237 0.0110452 0.0189517 0 0.306878 0 0.0649491 0.17946 0 0 0 0.0293316 0 0.0315094 0.251967 0.0610262 0 0.00999078 0 0 0.557921 0.0114396 0.0664709 0 0.054424 0 0.0957845 0.00121872 0.14799 0 0 0.193634 0.0393786 0 0.139263 0 0 0 0.143538 0 0 0 0 0 0 0 0 0 0 0 0 0 0 0 0.131875 0.0124031 0.0904146 0.00557817 0.100569 0.0157962 0 0 0.0373675 0.153896 0.0142017 0.062596 0.0280898 0 0.00572046 0.0824736 0.00470926 0.0229172 0 0.00377931 0 0 0.240515 0.135349
63 8.17447 0.0193201 0.14523 0.0492588 0.332389 -0.0831685 9.62926 -0.354528 -0.0840591 -0.0256305 0.0747725 0.125246 0.0263451 -0.0158279 -0.275863 -0.384711 0.0465931 0.115055 -0.0656243 0.303648 0.516989 -0.249193 0.162218 -0.453175 -0.602307 -0.00086981 0.0113778 -0.0152717 -0.0173358 -0.0795964 -0.0442844 -0.112153 -0.0444917 -0.0306327 0.148822 0.0321983 0.057591 0.156466 0.0505802 0.0598216 0.402754 0.184628 1.36383 0.148312 0.670441 -0.0589582 0.0768693 0.151013 -0.0501098 -0.0542733 0.0605411 -0.341431 -1.3963 0.259567 0.669662 -0.0223528 -0.0416688 -0.65429 0.457243 0.698206 -0.145361 0.474327 1.38151 2.19648 0.338083 -0.215817 0.701916 0.0230912 -0.520094 0.467138 1.8053 1.5091 -1.76415 1.29091 -0.265426 3.1431 37.0809 -7.23411 -4.44782 -12.608 -6.22845e-09 -0.391303 -0.151967 -0.165197 0.596388 0.0468742 -0.304738 -2.40952e-09 -1.09367 -0.32286 0.45552 0.651291 -0.445281 2.41388e-09 3.48487e-10 2.15153e-10 -0.257017 -0.184459 -0.363368 -0.218975 0.463631 -0.546591 0.565178 7.91651e-09 -6.10473e-10 -6.11372e-10 -0.326079 0.683633 0.383122 -0.213224 0.938464 1.90038 -1.11322 0.327439 0.913778 9.62662 0.026955 0.409328 1.24437 0 0.0607031 0 0.0447961 0 0.0357369 0 0.0507966 0.00382853 0.0285429 0.00562921 0.113232 0.00407416 0.0947652 0.0182363 0.090502 0.0924883 0.0741742 0.00800846 0.115988 0.00229625 0.137416 0.0163067 0.159362 0.0118076 0.218313 0 0.164216 0.0110729 0.184881 0 0.0562557 0 0.0193801 0 0 0.0166283 0 0.286723 0.037814 0 0.0184048 0 0.0332296 0 0.0144073 0 0.00239454 0 0.0468888 0.010635 0.00173812 0 0.00400942 0.00569714 0.0113488 0 0.0105145 0 0.00236593 0.00218091 0 0 0 0 0 0 0 0 0 0 0 0.0274227 0.00445928 0.0104796 0.0178217 0.000481926 0.0032204 0.0191307 0.0092886 0.0299593 0.0270302 0.048625 0.00232412 0.0199426 0.00622309 0.000593007 4.77976e-05 0.107462 0.0325393 0.0837447 0.023864 0.102741 0.0280265 0.175809 0.0351224 0.0213781 2.02209e-05 0.112599 0.0370526 0.111855 0.0370333 0.0297077 0.0337694 0.10717 0 0.501223 0 0.0200188 0 0 0 0.00545479 0 0 0.0438495 0 0.0397932 0.340889 0 0.230101 0 0.0487425 0 0.00192744 0 0.0186058 0 0.054675 0 0.0985527 0 0 0.140877 0 0.0126093 0 0.0355581 0 0 0.206362 0.0895092 0.323706 0 0 0.0536746 0 0.00856025 0 0.00331341 0.0326325 0.0227929 0 0.0237556 0 0.012699 0.557173 0.0645639 0.00242188 0 0.0365009 0 0 0.00866341 0 0.0277377 0.177371 0.124061 0.00572562 0 0.00403841 0.0416659 0.0236381 0.0287516 0.0208816 0.0292597 0 0 0 0.00232074 0.0122527 0.00190516 0 0.0781986 0 0.000445299 0.0388339 0.072805 0.0615379 0.071443 0.0219624 0.0825563 0.000831373 0.0602288 0 0.025503 0.00569385 0.0174357 0.0134689 0.0166315 0.00570548 0.027605 0.189785 0.0176236 0.154726 0.0063074 0 0 0.00881219 0 0 0.00962585 0 0.217719 0 0.174181 0 0.0214254 0 0.0510319 0 0.0495388 0.015445 0.000235409 0.280773 0.0993918 0.0168847 0.00475609 0.418031 0 0.239909 0.00262338 0.0267907 0.289831 0 0 0 0.034822 0 0.0414517 0.280605 0.0376391 0 0.0231761 0 0.0132858 0.432186 0.0309632 0.0387403 0 0.0392276 0 0.0417022 0 0.163586 0 0.0977439 0.0700958 0.0609276 0 0.135471 0 0.0107135 0 0.138811 0 0.0140002 0 0.0162906 0 0.212232 0 0.049069 0 0.0738601 0 0.109599 0 0.0722611 0 0.00193544 0.0310445 0.0245891 0.0610162 0.0396812 0.0598503 0 0.0392773 0 0.227282 0 0.182722 0 0.042115 0.0033304 0.0395937 0 0.026273 0 0 0 0.000266897 0.21712 0.12207
64 8.2078 -0.0237372 0.185008 0.0635913 0.332631 -0.0751518 9.67419 -0.255935 -0.0854445 -0.0199433 0.112035 0.22743 0.0095763 -0.0553958 -0.215012 -0.311932 -0.0625016 0.110381 -0.0584506 0.598196 0.562452 -0.0503736 -0.0426548 -0.182697 -0.352558 0.0622868 -0.0129481 -0.0152854 -0.067504 -0.0652124 -0.0385949 -0.111138 0.0049213 -0.0517082 0.208883 -0.0144182 0.0470017 0.157528 0.0131996 0.0556319 0.473293 0.195375 1.3266 0.18769 0.696985 0.0518723 0.0775328 0.151013 -0.0501098 -0.0542733 0.0159312 -0.308433 -1.40117 0.176912 0.691464 -0.00706247 -0.0616031 -1.42246 0.774271 0.328606 -0.222217 0.0447928 1.39677 3.18116 0.126274 0.17939 1.35589 2.72668 -0.463948 -0.167594 1.86235 2.11823 -2.68784 0.064301 -0.184091 8.29202 -1.86299 4.11926 -2.4715 10.053 8.60446 1.65739 -0.575688 0.120834 -1.33128 0.532027 0.0927894 -4.01525e-10 -0.791443 -1.0155e-09 1.90159 0.8069 -1.35639 6.34721e-10 -1.87547 -0.176361 1.02815 -0.343759 -0.763974 0.253953 -0.809605 2.15064 -1.0982 7.9412e-09 -6.21736e-10 -2.43077e-10 -0.735817 1.22898 0.399001 -0.085208 1.3507 0.723094 -0.271685 0.328428 0.921835 9.66871 0.0314892 0.093947 1.26378 0 0.0184628 0 0.0711106 0 0.122163 0 0 0 0 0.0802665 0.157722 0.0736557 0.080735 0.121758 0.00186464 0.0671216 0.0719255 0.0189852 0 0.00346721 0.0321316 0.0740344 0 0.13627 0.0311704 0 0 0 0 0.158062 0.0171654 0.104048 0 0.165702 0.224 0.0275893 0.00929951 0.254934 0.0332873 0 0 0.015141 0.0282512 0.0265102 0.0898947 0.0724199 0.134318 0 0.00740069 0 0 0 0 0.0162586 0 0 0 0 0 0.0368308 0.0390378 0.000186346 0.0389253 0.00370365 0.0237461 0 0.0659198 0 0.0174486 0 0.0427796 0 0.0222796 0.014034 0.0624092 0 0.0209421 0.0172543 0.0141156 0.0261845 0.0410161 0.0727272 0.0182973 0.0697137 0.101803 0.00118228 0.000426585 0.224695 0.10039 0.222941 0.0694261 0.275802 0.0916213 0.240967 0.0699457 0.0379431 0 0.180405 0.0808984 0.365196 0.0983198 0.0240604 0.02135 0.0920899 0 0.0151112 0.00876449 0 0 0 0 0 0.0665595 0.0155797 0 0.000949945 0.0915717 0 0.0190866 0 0.16786 0 0.017235 0 0.0612257 0.162301 0.0498263 0 0.00280811 0 0 0 0 0.0135142 0 0.0126117 0.0122477 0 0.020814 0.179357 0.0455407 0.355675 0.0172717 0 0 0 0 0 0 0.271205 0.228541 0.0383848 0 0.0957356 0 0.609292 0 0.00329671 0 0.0813312 0.0833499 0 0 0 0 0.325813 0.220014 0 0.115091 0.102505 0.145788 0 0.07994 0 0.106302 0.0939657 0.0406071 0 0.037395 0.114896 0.044659 0 0.0982695 0 0.00945472 0 0 0.196461 0.13196 0.123632 0.163514 0 0.010102 0.00789959 0.0642475 0 0.117254 0 0.063126 0 0 0.0223604 0.0409396 0.117696 0 0 0 0 0 0 0 0 0.242658 0 0.0842588 0.0838129 0.156339 0.121555 0.0328773 0 0.0300082 0.0501359 0.195867 0.27589 0.0939334 0.0322769 0 0.131198 0.0287133 0.0297661 0.0156287 0.153035 0.380767 0 0 0 0.00553858 0.0220576 0.0462351 0.375027 0.0754373 0 0.059581 0.0843638 0 0.390288 0 0 0 0.0475492 0 0 0 0.221733 0 0 0.268027 0.832971 0 0.131106 0.0284134 0.0187433 0.0154744 0.158651 0.0395336 0 0.00861318 0 0.00815551 0.147747 0 0 0.0170749 0 0 0.0436149 0 0 0 0 0.0600744 0.091859 0.182084 0.128971 0.138053 0 0.042063 0 0.122096 0 0.283311 0.00801385 0.155677 0.0164621 0 0 0 0 0.00212968 0 0 0.236959 0.155657
65 8.24113 -0.0325363 0.166293 0.0845999 0.336024 -0.0678311 9.71705 -0.168934 -0.0956513 -0.0326003 0.0732336 0.190488 0.026678 -0.0528582 -0.0474081 0.0308617 -0.150216 0.111198 -0.0952224 0.748531 0.376202 0.150888 -0.065949 -0.0845802 -0.219438 0.0859487 -0.0306647 -0.00313264 -0.118327 -0.032481 -0.056983 -0.11491 -0.149479 -0.0514728 0.263952 0.130649 0.0163786 0.122247 -0.049981 0.0513039 0.432268 0.170225 1.32349 0.162034 0.701768 -0.11888 -0.00710096 0.151887 -0.0166675 -0.0517304 0.118866 -0.378823 -1.36679 0.0745462 0.640036 0.00433265 0.0243021 0.178745 -2.49002 0.207751 -0.06276 0.388577 1.14487 1.84629 0.0866779 0.0418695 -2.10651 2.62663 2.36041 -0.426981 -2.51184 -3.42271 -2.32033 0.595008 -1.27643 1.56564 -5.70144 5.32866 3.37694 4.65873 4.42229 0.434839 0.471712 0.847314 -1.55114 0.476625 -0.617852 -1.74629e-09 -4.29813 -2.09926e-09 1.14164 3.92489 -1.46662 1.72744 -0.0979158 6.85306e-10 -2.94579 3.27718 -1.51051 -1.2939 3.65433 -3.88791 -0.273441 3.36833e-09 0.0357143 -6.30168e-10 0.547183 2.33499 0.065859 -0.583264 0.491946 1.30612 0.106485 0.328419 0.928816 9.70869 -0.0219638 0.39875 1.11903 0.0554158 0 0.0615565 0 0.0419271 0 0.102252 0 0.197633 0 0.252769 0.272637 0.217631 0.283453 0.154038 0.342994 0.0175052 0.0346589 0.120873 0 0.145769 0 0.108717 0.00224492 0.186642 0 0.122432 0 0.0153404 0 0.025548 0.00579688 0 0.0479135 0.0838329 0.137825 0.0241738 0.011036 0.192566 0.0693837 0 0.183313 0.0661916 0 0 0.0874427 0.0159407 0.0426973 0.00970149 0.17713 0 0 0 0.0469698 0.0694882 0.0668924 0 0.0369758 0 0 0 0.021909 0.0508811 0.0824731 0 0.031755 0 0.0116843 0.0661648 0 0.0383497 0.0168994 0 0 0 0.0233257 0.000958929 0.0100042 0.00341864 0.00337635 0 0.00654749 0.0545201 0.0634743 0.116197 0.0987133 0.00112936 0.000994534 0.189782 0.245773 0.132448 0.134443 0.16679 0.204145 0.134095 0.277334 0.0937302 0.0962243 0.137775 0.187614 0.150577 0.341711 0.0410725 0.0374473 0 0.405073 0 0.617283 0 0.166978 0 0 0 0 0 0 0.203195 0 0.00434521 0.46157 0 0.669199 0 0.578609 0 0.107836 0.0316165 0.00439827 0 0.211625 0 0.401018 0 0 0.0103005 0 0 0.0225168 0 0.0251521 0.170617 0.0601771 0.33644 0.0490394 0 0 0 0 0 0.0152991 0.109692 0.0380478 0 0.00418106 0.00743027 0.0462096 0.4291 0 0.00465274 0.00416615 0.305132 0.0254329 0 0.0885628 0 0 0.284978 0 0.0508251 0 0 0 0 0 0 0 0 0.0409408 0 0 0 0.0246925 0.0250546 0.21724 0 0 0.261046 0 0.622952 0.0780327 0.198261 0.224906 0.232808 0 0.0372303 0 0.259607 0 0.314765 0 0 0 0.0573625 0.152643 0.0121562 0.197574 0 0.0460032 0.0263816 0.0395557 0 0.105292 0.213103 0.0605376 0 0 0.290231 0.00482228 0.0383063 0 0 0 0.0996285 0.057159 0.0302594 0 0 0 0.0797672 0.70855 0 0.570448 0.035353 0.340766 0 0 0 0 0.0262478 0.0843119 0.251667 0 0 0 0 0.0207994 0.0342033 0 0 0.211523 0 0.141808 0 0.118608 0.176358 0.0527978 0 0 0.712759 0 0.0487257 0 0.100587 0.0957747 0.0959177 0 0.0174257 0 0.018212 0 0.124271 0.0896133 0.0208122 0 0 0 0 0.0417325 0 0.0328767 0 0.196394 0.0412581 0.107947 0.0126135 0.0933122 0 0 0.301911 0.148187 0 0.341362 0.0430351 0.0771053 0.169051 0 0.0258708 0 0 0.00116804 0 0.0867381 0.205715 0
66 8.27447 -0.029667 0.0965427 0.0953079 0.337698 -0.0556692 9.75658 -0.0749251 -0.0985907 -0.0357345 -0.018213 0.196802 0.095541 -0.0557451 -0.074932 -0.054904 -0.193159 0.0968031 -0.12743 0.674462 0.293999 0.383902 -0.0645021 0.0482082 -0.0834154 0.0753432 -0.0392315 -0.00898511 -0.125271 -0.00635075 -0.0453599 -0.111156 -0.0768501 -0.0483796 0.253321 0.065611 0.0058397 0.153525 -0.020565 0.0474322 0.324568 0.178193 1.29807 0.139782 0.700195 0.0479629 0.0459148 0.116081 -0.0157866 -0.0478892 0.259548 -0.34321 -1.35197 0.0655306 0.658922 0.0594832 -0.0635506 0.174098 -1.69482 0.318883 -0.0711848 0.17689 1.17391 2.39932 -0.146561 -0.465717 -1.53925 -1.73009 1.95924 -0.819678 0.790851 -1.50897 -1.55858 -0.622553 -0.731239 -3.05738 -1.46993 5.90843 -2.15832 3.42838 3.6511 -0.59773 -0.235438 -0.171153 -0.0317176 0.581526 0.316691 -1.28279e-09 1.91354 0.344905 -0.3365 -1.76932 -0.325699 3.65587e-09 0.608209 -0.681485 -0.828865 0.821716 -0.272967 0.554544 -0.19017 2.7924 0.0829187 -3.28617 -0.0922367 0.237468 2.13284 5.24769 -1.63995 0.0573755 1.04296 0.808239 -1.82462 0.327868 0.939452 9.74539 -0.0198685 0.173924 1.10078 0 0 0 0 0 0.0085743 0.00891065 0.00658702 0 0.145536 0.12019 0 0.118185 0 0.105544 0 0.0553411 0.0404687 0.197878 0 0.222115 0 0.254603 0 0.371292 0 0 0 0 0 0 0.0738529 0 0.0412805 0 0.298453 0.00113644 0.00959588 0.0297137 0 0.00444955 0.179957 0 0.32247 0.118764 0.0617439 0.0873768 0.0500507 0.0586092 0.0377261 0 0 0.0107502 0.00521556 0.0373546 0.0572817 0.00462633 0 0 0 0.0204067 0.0444417 0.0442031 0.050454 0.0190962 0.0258346 0 0.0831598 0.0077428 0 0.0390273 0.0842696 0 0.0252511 0.039993 0.03002 0 0.0356164 0.0122329 0.00525176 0.0227304 0.0185298 0.0417787 0.0422512 0.0576414 0.0845337 0.000564569 0.000336708 0.184256 0.130215 0.125455 0.0309368 0.159006 0.0572032 0.113153 0.0913401 0.00505152 0.0551883 0.126378 0 0.128156 0.0446854 0.0312043 0.0328782 0 0.216154 0 0 0.0290295 0.0632399 0 0 0 0.0652821 0 0.0221095 0 0.00911637 0.0326977 0.449947 0.202928 0.30746 0.301785 0.231856 0 0 0 0.0621758 0.334775 0.0735086 0.484827 0.0764401 0 0 0 0 0.00336461 0 0.00625324 0 0.103799 0.149131 0.121264 0.0122736 0 0.00481544 0 0 0 0 0 0.0590812 0.0521183 0 0.172332 0 0.120747 0.287781 0 0.00211199 0.00267742 0.137091 0.0197322 0.0023605 0 0 0.109134 0.113389 0.00991393 0 0 0.125496 0 0 0 0 0.106899 0.0408731 0.0100291 0 0 0.0322433 0.168297 0.0281885 0.00158563 0 0.383916 0 0.284862 0.257805 0.269262 0 0 0.0382455 0.0099372 0 0 0.126786 0 0.240948 0.138928 0 0.435837 0 0.428892 0.0302512 0 0.0143889 0.0435831 0 0.445861 0 0.12018 0.0935021 0 0 0 0.167658 0 0.470049 0 0 0 0.122384 0 0 0 0 0 0 0 0 0.161908 0.0834879 0 0 0 0 0.0450316 0.0756432 0.0918464 0.0865915 0 0 0.025307 0.0255284 0 0 0.0883622 0.0919331 0.299195 0 0.309131 0 0.0449505 0.168897 0 0.353881 0.401494 0 0 0.00462752 0.0613939 0.0859301 0 0.0338561 0.0128584 0 0.00291174 0 0.0341327 0 0 0 0 0 0 0.0043279 0 0 0.273733 0.00887273 0.417694 0 0.536015 0 0.0370855 0 0.220444 0.0948723 0 0.0249693 0.0607752 0 0 0.16881 0.0412916 0 0 0 0.0290512 0 0.067057 0.0708182
67 8.3078 -0.00270274 0.0369079 0.097903 0.337133 -0.0520458 9.79246 -0.0169391 -0.092077 -0.033123 -0.101463 0.243891 0.17329 -0.0767445 -0.0754318 -0.0982229 -0.277848 0.0859782 -0.124598 0.567119 0.251554 0.402787 -0.0171083 0.120562 -0.0117433 0.0674432 -0.0389047 -0.013896 -0.157676 0.0166859 -0.0286317 -0.111236 -0.0838864 -0.0506456 0.23907 0.0807773 -0.0141299 0.15358 -0.0176168 0.0368558 0.301692 0.202157 1.28288 0.168847 0.698712 0.0783361 0.109838 0.152399 -0.0239092 -0.0133187 0.15925 -0.215299 -1.4203 0.0679099 0.700483 0.05291 -0.119727 0.668093 -2.7787 -0.0609721 -0.0710015 0.080478 0.940882 0.0521802 0.357667 0.253589 -3.34001e-09 -0.212494 2.27545 -0.555881 -0.672878 -0.912976 -2.82352 -0.159035 0.487175 -3.11034 -2.50435 7.51551e-11 -0.869838 1.75345 2.02057 0.69323 0.577355 -0.043826 -1.67382 0.574226 0.478988 -2.46768e-09 -0.790403 -1.62128e-10 -0.488577 1.11874 -0.861092 3.07722e-09 0.752186 0.211668 -1.392 1.18083 -0.83145 -0.0189494 -0.300314 0.389453 0.90532 5.83134e-09 1.41189 1.03968 0.336039 1.43601 -1.74711 0.450578 7.07589e-10 -0.847552 -0.486964 0.327646 0.942419 9.78226 -0.00967695 0.0672743 1.11005 0 0.0328014 0 0 0 0 0 0.0410205 0 0.0202468 0.00677038 0.495777 0 0.475869 0 0.517023 0.0156763 0.0362802 0.121328 0 0.119358 0 0.127803 0 0.222461 0 0 0 0 0 0 0 0 0.0577394 0 0.409015 0.00268254 0.00541209 0 0 0.416782 0.071098 0 0.515575 0.0672437 0.020328 0.088017 0.0505457 0.0930282 0.0560923 0 0.00567601 0.0787694 0 0.114739 0.0578112 0 0 0 0 0 0.0274712 0.0804599 0.0663422 0.0111311 0.0276349 0.103023 0.0182901 0.0824259 0 0.147648 0 0.0796039 0 0 0.0150959 0.0602064 0.00493932 0.000201989 0.00426424 0 0.01087 0.0187723 0.0484986 0.0714302 0.0951435 0.000547184 0 0.0870488 0.167658 0.0549743 0.0835892 0.0786822 0.192881 0.0276472 0.25581 0.103124 0.0591533 0.0444334 0.118453 0.0386766 0.259434 0.0482941 0.0363564 0 0.432005 0 0.270462 0 0.0222519 0 0 0 0.408069 0 0 0 0 0.0445029 0.684512 0.111195 0.493956 0.125799 0.368265 0 0 0.0577557 0 0.0493279 0.0170449 0.166428 0.146192 0 0 0 0 0 0 0.0137282 0 0.161595 0.0973627 0.208644 0.0231415 0 0 0 0 0 0 0.0423259 0.0810123 0 0 0.0259716 0 0.308097 0.304021 0 0.00074518 0.155213 0.333543 0.0840175 0 0 0 0.125121 0.0502415 0.0590833 0 0 0 0.0643903 0 0.0671656 0 0.0319254 0 0.0208736 0 0 0.0500972 0.0805475 0 0.00608655 0 0.191335 0 0.556918 0 0.437755 0 0 0.0958387 0.024288 0 0.122404 0.00284493 0.186716 0 0 0 0.00789046 0.0537061 0.0241426 0 0 0.028807 0.0141907 0.0522763 0.24769 0 0.114239 0.0999468 0 0 0.174 0.136278 0 0.527285 0 0 0.271104 0.050047 0 0 0 0 0 0.458186 0 0.155595 0.0717915 0.0907265 0 0 0 0 0.0523546 0.0216463 0.131529 0.052767 0 0 0 0 0 0 0 0.181822 0 0 0 0.0358344 0.343919 0.197843 0.109077 0.0561797 0.269733 0 0 0 0.267969 0.0879192 0 0.00812985 0 0.077683 0 0.00881096 0 0.387552 0 0.0868389 0 0.112086 0 0.159807 0 0.169442 0.120574 0.0920434 0.201684 0 0.242344 0 0.00972186 0.000258324 0.276944 0.102714 0 0.239216 0.032816 0.115725 0.0256132 0 0 0 0 0 0 0 0.100688 0.0043905
68 8.34113 -0.0040273 -0.0341781 0.0874424 0.333849 -0.0555872 9.82576 0.0224814 -0.0894288 -0.0187316 -0.101463 0.123148 0.151015 -0.0535673 -0.0651749 -0.111253 -0.350677 0.0963147 -0.0753703 0.491991 0.329018 0.245245 0.0765888 0.119097 -0.0189152 0.0610479 -0.0363584 -0.0165946 -0.133046 0.0342339 -0.00797316 -0.109237 -0.00381334 -0.0499694 0.214978 0.027182 -0.0136861 0.155475 0.0508822 0.0371751 0.224559 0.141771 1.29193 0.287617 0.704098 0.0182231 0.0254721 0.152324 -0.0397507 -0.0123331 0.398236 -0.231908 -1.38296 0.223952 0.693704 -0.00700049 -0.0745603 -0.287409 -1.94403 -0.240602 -0.106791 -0.273224 1.00181 1.39234 0.27742 0.169394 -4.83346e-10 -3.47494 -1.68592 0.0543757 1.43988 0.657444 -2.33445 0.01542 1.62339 -1.2998 -0.654975 -4.5048 2.80714 0.555117 0.389687 -0.219616 0.280798 -0.121669 1.01235 0.241454 0.47099 -7.85383e-10 1.01955 0.196362 -0.463906 -0.255376 -0.1559 3.93992e-09 -0.0462971 -0.570315 -1.24522 2.5442 0.477223 0.491252 -0.580745 0.373763 -0.920705 1.4129e-09 0.125508 -0.205862 1.67282 1.61198 0.0295503 0.205371 -1.09045 -2.85041 1.18862 0.32755 0.939554 9.81932 -0.00749542 -0.237549 1.11189 0.0218041 0 0.0121068 0.00237916 0.0155168 0.00204697 0.0167006 0 0 0.0342635 0.00976621 0.0504682 0.00911419 0.0438151 0.0105964 0.051696 0 0.0294137 0.0464808 0 0.01949 0.00251708 0.0691667 0.00918735 0.0844313 0 0.000600731 0.00341918 0.00554657 0 0 0 0 0.000255905 0 0 0.010326 0 0 0 0 0.120886 0.0172281 0 0.16547 0 0.0734984 0 0 0.0281623 0 0.00811458 0 0.000961502 0.0163679 0.0492854 0 0 0.000195225 0 0.0262237 0 0.0960897 0.023513 0.049349 0.0108264 0.120921 0.0078627 0.0974754 0 0.108011 0.00614423 0.177719 0.0449668 0.0612779 0.000476116 0.147316 0.0339487 0 0 0.040352 0.0107433 0 0 0.196093 0.0690315 0 0.000134476 0 0.00271336 0 0 0 0.00206435 0 0.0267139 0 0.0487992 0 0.014057 0 0.0183398 0 0.0344369 0.0523816 0 0.00549976 0.0216518 0.048436 0.0468134 0 0 0 0 0 0 0 0.000129212 0.0891506 0.121013 0.0868232 0.0683408 0.148112 0.050726 0.0384347 0.0240795 0 0 0.195953 0.0290773 0.156857 0.0350524 0.189665 0 0 0 0.00473168 0 0 0 0.0491609 0.143822 0.00270409 0.00579418 0.0301495 0 0.00677385 0 0.00308933 0 0.0297604 0.0286502 0.0258897 0 0.0584355 0 0.0463517 0.261724 0 0 0 0 0 0.00642589 0.0109851 0.0169637 0.122755 0.108542 0.00263632 0 0.0298659 0.0430154 0.0223111 0.00762676 0.0218016 0.00874318 0.0281564 0 0.0118097 0 0 0 0.0418068 0 0.0069516 0 0.218445 0.0747038 0.18173 0.11242 0.132843 0.0246543 0 0.0141514 0 0 0.0131904 0.0248572 0 0.0582557 0.0106132 0 0.0365021 0.092558 0 0.0895371 0 0 0 0.0104962 0.221315 0 0.0947016 0 0.0650192 0 0.117712 0 0.249755 0 0.024598 0 0.173367 0.0126788 0.0692575 0 0.0164283 0 0 0 0 0 0.14317 0.0408187 0 0 0.0100051 0 0.027839 0 0.0649575 0.130778 0.0135049 0 0.00328478 0 0.0194609 0 0 0.0220297 0.000191858 0.0225605 0.0305765 0.0290104 0.00605369 0.181662 0.522826 0.0758412 0 0 0.0706476 0.0111513 0.0194324 0.0434497 0.0788945 0.0110463 0 0.0234645 0 0.0257187 0 0.123851 0 0.0459082 0 0.0437448 0 0.0663321 0 0.0598178 0.119883 0 0.138687 0 0.183834 0.000710268 0.0143424 0 0.122538 0 0.0344172 0 0.0199327 0.00567582 0 0.0399982 0.0218674 0 0 0 0 0 0.044846 0.0627268
69 8.37447 -0.00453803 -0.0976276 0.0657605 0.329379 -0.0664178 9.86005 0.0680467 -0.108488 0.00216676 -0.101463 0.0310934 0.219168 -0.0697899 0.046469 0.059373 -0.383285 0.0826156 0.00256443 0.327102 0.30325 0.259368 0.00596896 0.145769 0.0111638 0.0516045 -0.0221887 0.00155306 -0.107522 0.0412967 -0.0044096 -0.108072 0.0400165 -0.0317714 0.197099 0.00674833 -0.0409767 0.155784 0.0338349 0.0403048 0.144965 0.179652 1.30598 0.321328 0.701393 0.0788001 0.0255068 0.147151 -0.0373302 -0.0423644 0.408762 -0.180189 -1.36771 0.187596 0.656372 -0.0148854 -0.103298 -0.00279957 -1.54573 -1.42467 -0.141501 -0.165573 1.05401 1.33536 -0.528861 1.48503 -1.15048e-09 -1.30893 2.07935 -0.293516 -0.000790679 -0.000563975 -0.849635 -1.39445 3.02561 -5.40504 -3.52681 1.14456 -4.79776 2.31656 2.35538 -0.341672 0.267788 0.397687 0.629233 0.302398 1.06159 -3.02724e-09 1.43303 0.633393 -0.646358 -1.19762 -0.348415 3.75138e-09 -1.2047 1.65905 -2.12557 2.52836 -1.01232 -0.0665364 -0.248687 2.07348 -0.102215 -1.16653 -0.389059 -2.48655 0.181577 2.96624 1.23397 -0.670111 -0.98518 1.78378 -0.515242 0.327487 0.929229 9.85636 -0.0189723 -0.170666 1.12181 0.159839 0 0.144246 0 0.127066 0 0.11802 0 0.0183209 0.0194993 0.193863 0 0.133461 0 0.0784585 0.0392689 0.0490385 0.034869 0.216452 0 0.277921 0 0.337234 0 0.418215 0 0.227251 0 0.24007 0 0 0 0 0 0 0.00931306 0 0 0.0216412 0 0.114799 0.138666 0.0142994 0 0.188944 0.0338193 0.0675773 0.00687058 0.0828315 0.0422046 0.002453 0.00679624 0.0299005 0 0.038429 0.0521803 0.0153391 0 0.00267181 0 0 0.0161991 0.00915517 0.0228525 0.00383486 0.0132103 0.044057 0 0.0469678 0 0.0440872 0 0.0602183 0.0227109 0.0115341 0.0254193 0.0504897 0 0.00342502 0.00936292 0.0202134 0.0256657 0 0 0.0192427 0.0521566 0 0.000940259 0.0198408 0.0367458 0.0197878 0.0235306 0.0279692 0.0306317 0.0100408 0.0616696 0.0196259 0.00826453 0.00921825 0 0.019473 0 0.0392604 0.0146941 0 0.258534 0 0.195141 0 0.115614 0 0 0 0.0381045 0.00443344 0 0 0 0 0.595819 0 0.518953 0 0.366741 0.0204335 0.0239578 0 0.00121219 0.00248884 0.0770069 0 0.271205 0.425484 0 0.0839969 0 0 0 0 0 0.0796105 0.168513 0.0514331 0 0.0191013 0 0 0 0.0421736 0 0.107738 0.0642813 0.0860863 0 0.115553 0 0.15411 0.315382 0 0 0 0.0373338 0.0236697 0 0.0341562 0.00604292 0.0191858 0.10004 0.00311623 0.0295012 0 0 0 0.0383041 0 0.0359912 0.0954609 0 0.160357 0 0 0.0176143 0.179502 0 0.00288365 0 0.475696 0 0.312946 0.107024 0.208065 0.0910858 0.137979 0 0.0287781 0 0.0859681 0 0.0876762 0 0.0500476 0 0 0.168787 0 0.116784 0.025999 0 0 0.0549179 0.344416 0 0.259521 0 0.158272 0 0.115703 0 0.453424 0.00568574 0 0 0.121884 0.0392119 0 0 0 0 0 0 0 0 0.353045 0 0 0 0.0139456 0 0.137682 0 0.00522836 0.19264 0 0 0.0563952 0 0 0 0 0.0995349 0 0.00303894 0 0.0645353 0.046363 0.281481 0.129602 0.395806 0 0 0 0.015 0.0507706 0.073507 0 0.0105848 0 0.0604446 0 0.0213642 0 0.235955 0 0.0581547 0 0.0741363 0 0.0895883 0 0.100326 0.19829 0.019633 0.283334 0 0.277227 0 0.119985 0 0.479896 0 0.13695 0 0.133108 0 0.0888515 0 0.0265072 0 0 0 0.0321422 0 0.110456 0.0825211
70 8.4078 -0.00885002 -0.142531 0.0370568 0.323641 -0.0712825 9.89721 0.120162 -0.103328 0.0283696 -0.101463 -0.0134656 0.258449 -0.0708291 0.00141756 -0.0808476 -0.362697 0.0669479 0.075258 0.0996598 0.229255 0.254743 0.0779628 0.186844 0.0525929 0.0409605 -0.0139884 0.0144962 -0.0854332 0.0517772 0.00510017 -0.106644 0.0961731 -0.0108899 0.19035 -0.0337665 -0.0603032 0.155851 0.0404248 0.0556075 0.118535 0.180616 1.32416 0.402028 0.676637 0.0611134 -0.0187543 0.152893 -0.0506202 -0.0541761 0.474682 -0.169864 -1.36464 0.204712 0.70234 0.0418566 -0.0909396 -0.100764 -0.88042 -0.619462 0.0159597 -0.154243 1.13566 1.50879 0.245647 0.390414 -4.83153e-10 -1.37166 0.585782 -0.164528 -0.368879 -2.89045 0.0897097 -0.500547 1.49226 -5.12956 -3.06678 -2.20444 2.56942 1.14694 1.60614 -0.356463 0.272486 0.241755 0.552498 0.18484 0.252794 -1.76773e-09 1.02009 0.579992 -0.180667 -0.644253 -0.591725 4.1388e-09 -0.692716 1.22683e-10 0.605307 1.47917 0.845358 0.519437 -0.649909 1.10535 -0.200182 2.55222e-09 -1.35133e-10 -2.45137e-10 0.417821 0.7644 -0.626151 0.154775 7.23678e-10 -0.242377 -1.07998 0.326794 0.925278 9.89381 -0.0277808 -0.0997149 1.12436 0.032029 0 0.0187138 0 0.0187207 0 0.0506476 0.0025059 0.109989 0 0.0974091 0 0.107783 0 0.113689 0 0.0887688 0.0190692 0.144911 0.177736 0.179084 0.170846 0.208252 0.257044 0.267076 0.272345 0.174771 0.0555772 0.204575 0.128798 0.0521297 0 0.0220055 0 0 0 0 0 0.0157587 0.006649 0.0583228 0 0.256729 0 0.0925501 0.00590989 0.0264546 0.00729608 0.0957099 0 0.000782572 0.0249806 0.0195213 0 0.030727 0.0352952 0.03022 0 0.00506118 0 0 0 0 0.0175603 0 0.0121304 0 0.102292 0 0.0883287 0 0.0974786 0 0.164938 0.0196824 0.0108076 0.00742203 0.117605 0.0112273 0.00202396 0.0257607 0.0177062 0.0332244 0 0.0109048 0.0850154 0 0.000760343 0.0358682 0 0.0253815 0 0.0292026 0 0.0302053 0.0147885 0.0492555 0.0308698 0.035271 0 0.0361891 0 0.0545192 0.0221561 0.0861897 0 0.00252961 0.171713 0 0.0374697 0 0 0 0 0 0 0.00746729 0 0 0.354046 0 0.241082 0 0.0766628 0 0.0114494 0 0.0494179 0 0.264132 0 0.312345 0.240652 0.108726 0.00866919 0.00756497 0.0487288 0 0.000188177 0 0.0908834 0.224069 0 0.0225 0.0243834 0 0.00541758 0 0 0 0 0 0.0237725 0.031509 0.0177721 0.0604755 0.0746255 0.386795 2.13929e-05 0 0.0340711 0 0.037124 0 0.044719 0.00228974 0.000792029 0.289551 0 0 0 0 0 0.0741164 0 0.0746882 0 0.0239947 0.00781218 0 0.00481247 0 0.106074 0 0.00367512 0 0.192232 0.381352 0.162626 0.148924 0.0621773 0.156479 0.108296 0 0.00675997 0 0.0129593 0 0.0479446 0.00480203 0.058701 0.119574 0.0268005 0.660008 0.00468864 0.635042 0 0 0 0.00879371 0.0307168 0.201955 0.148986 0 0.133127 0 0.448776 0 0.465876 0 0 0.00710962 0.334137 0 0 0 0.0423323 0.0202166 0 0 0.00462433 0 0.229659 0.0420486 0.00745998 0 0.0631485 0 0 0 0 0.283449 0.0217036 0 0.0100708 0.0335738 0 0 0 0.0356531 0 0.231249 0 0.168361 0.0100505 0.155937 0.327842 0.439889 0 0 0 0.0478759 0.0161207 0 0 0.0249395 0 0.045055 0 0.058473 0 0.176982 0 0.0601418 0 0.0607507 0 0.0888304 0 0.0850921 0.0622382 0.229819 0.0966015 0.330296 0.0921324 0.435325 0 0 0.158853 0.161027 0.113685 0 0.0115953 0 0.0704423 0.00669644 0.0391455 0.0220009 0 0 0.0556235 0 0.0566664 0.142313
71 8.44113 -0.0222802 -0.154752 0.0146905 0.319654 -0.0774892 9.93634 0.185345 -0.100711 0.044146 -0.101463 -0.0625008 0.267808 -0.0700955 0.0438066 0.0722292 -0.350521 0.071974 0.112718 -0.0155985 0.0199562 0.153059 0.0349112 0.242673 0.122711 0.039471 -0.00249859 0.0258931 -0.0669499 0.0458916 0.0119031 -0.105772 0.128767 0.00163512 0.186165 -0.0617662 -0.0705018 0.15566 0.0474005 0.0561534 0.121308 0.174442 1.35564 0.488411 0.672864 0.0631314 -0.0158557 0.152927 -0.0493529 -0.0540787 0.494614 -0.159311 -1.3823 0.201736 0.702058 0.0281586 -0.0810746 -0.328216 -0.0224188 -0.650372 0.0810985 -0.239955 1.19081 1.87881 0.190513 0.379603 -5.92269e-10 -1.407 -0.197258 -0.0517804 -0.181505 -0.20255 0.0305887 0.276456 0.75228 -2.12786 -5.18114 -4.81057 -0.340728 0.860298 1.00059 -0.222396 0.328624 0.450657 0.535144 -0.22191 0.123769 -1.23818e-09 0.725004 0.40123 -0.125114 -0.645031 -0.162432 3.68346e-09 -0.556312 1.01369e-10 0.293798 0.95453 1.07087 0.193235 -1.11496 1.50443 -0.594608 1.99138e-09 0.118977 -2.73707e-10 0.267988 0.212668 -0.550151 0.0189345 3.17079e-10 -0.0835445 0.26985 0.325677 0.920638 9.9312 -0.0405682 -0.170875 1.11682 0.0299042 0.00438411 0.0167072 0.00569542 0.00687025 0.00142644 0.046795 0.0148735 0.150734 0 0.0150079 0 0.0215707 0 0.0257634 0 0.0836925 0.0123913 0.0275271 0.30946 0.0696427 0.338005 0.0527863 0.41731 0.0706391 0.465027 0.131429 0.269491 0.136568 0.404712 0.200842 0 0.166063 0 0.154868 0 0 0 0.0282365 0 0.0624995 0 0.423536 0 0.0279265 0.0540433 0.00782824 0.0508448 0.0774593 0 0 0.0413017 0.0296995 0 0.0283627 0.0260083 0.0365124 0 0.00638016 0 0.000336349 0.00175135 0 0.0321722 0 0.0219919 0 0 0 0 0 0 0.0266921 0.00578058 0.0240294 0.0291695 0 0 0.0121803 0.000879602 0.0260123 0.0301441 0.0224084 0 0 0.115583 0 0 0.0545566 0.204387 0.0489561 0.166875 0.0503491 0.151954 0.0315154 0.207073 0.0226568 0 0.0304902 0.136715 0.034738 0.110374 0.0405587 0.00184698 0.0706809 0.0197494 0.00468963 0.0944049 0 0.0274689 0 0 0.00033544 0 0.014868 0 0.166052 0 0.12182 0.321214 0 0.0378255 0 0 0 0.00708013 0 0.0520502 0 0.25494 0 0.340458 0.0713428 0.188293 8.81553e-05 0.0303056 0.0584304 0 0.00936295 0 0.0397391 0.20153 0 0.0602499 0.0362502 0 0.00790297 0 0 0 0.00926558 0 0 0.0710079 0.0063739 0.0794027 0.00895644 0.343676 0 0 0.120961 0.0866657 0.0482223 0 0.0561074 0.00483269 0 0.281386 0.0256451 0 0 0 0 0.0278842 0 0.0315248 0 0.0346695 0 0.00523012 0 0.0508466 0.127772 0 0.000467557 0 0.144244 0.4185 0.232217 0.119898 0.0462205 0.192522 0.142602 0 0 0 0.0835766 0 0.127376 0 0.0435316 0.147634 0 0.74648 0 0.706329 0 0 0 0.00015059 0 0.229393 0.145756 0 0.147441 0 0.488059 0 0.36806 0 0 0.0194987 0.259383 0 0 0.0440888 0.0480913 0.0528614 0.00732995 0.199075 0 0 0.230033 0.0572825 0.00904741 0 0.0787681 0 0 0 0 0.257205 0.0536233 0 0 0.0647176 0 0 0.0146723 0.0173242 0 0.262141 0 0.194864 0 0.11079 0 0.585262 0.00388492 0 0 0.082752 0.0199418 0 0 0.0533849 0 0.0801911 0 0.0220546 0 0.243834 0 0.0687736 0 0.0712248 0 0.102204 0 0.0867564 0 0.312409 0 0.438666 0 0.537591 0 0 0.12382 0.13051 0.107641 0 0 0 0.0998344 0.0149615 0.0191386 0.011155 0.00920682 0 0.0756292 0 0.0464756 0.14091
72 8.47447 -0.0281263 -0.140913 -0.00292246 0.317316 -0.0854364 9.97624 0.243123 -0.0846113 0.0586199 -0.101463 -0.109262 0.238817 -0.0665338 0.036905 0.0645181 -0.369308 0.100186 0.112337 -0.0293694 -0.0763328 -0.036812 0.0984117 0.262613 0.149274 0.0278895 0.00203332 0.0356857 -0.051567 0.038943 0.0178322 -0.105299 0.142111 0.00899727 0.187714 -0.0884667 -0.0734517 0.155578 0.0503592 0.0563848 0.132593 0.195794 1.37845 0.498331 0.636524 0.0661851 0.0034919 0.152982 -0.0472634 -0.0539181 0.496142 -0.157228 -1.39751 0.199047 0.702308 0.0202472 -0.0548698 -0.1694 0.611804 -0.889883 0.121963 -0.28088 1.18825 1.67264 0.218975 0.633121 -1.51739e-09 -0.473748 -0.759696 1.84281 -2.48925 -2.77703 -0.560617 0.559034 0.196993 0.173661 -2.12951 -4.57988 1.28517 0.540664 0.961515 -0.268204 0.149346 1.07892 0.28472 -0.0939613 -0.218262 -1.39446e-09 0.586553 0.268733 0.0975971 -1.12154 -0.0576874 6.91664e-09 7.37675e-10 7.56285e-10 1.19566 0.411967 0.449667 -0.573722 -0.765709 0.286311 0.20591 2.05231e-09 0.0860635 -5.6539e-10 0.0266086 -0.218515 -0.234114 0.00703121 1.68799e-10 0.00220728 0.425483 0.324231 0.913907 9.96826 -0.0498748 -0.220639 1.10765 0.0273471 0 0.0124252 0.00439382 0.0087585 0 0.043577 0.025125 0.0846008 0 0 0 0 0.00703537 0 0.0184295 0.0866103 0.0348646 0.00172478 0.217707 0.0336695 0.232345 0.00732362 0.296413 0.0126112 0.325563 0.0582804 0.219258 0.0843494 0.324766 0.154953 0 0.126373 0 0.139647 0 0 0.00324111 0.0377791 0.166053 0.0418301 0 0.307701 0 0.0377686 0.0523331 0 0.0291781 0.0622172 0 0 0.0454278 0.0206403 0 0.0211161 0.0107178 0.0249217 0 0.00597879 0 0.00672708 0.0120628 0 0.00637743 0 0.0120842 0.0291898 0 0.0101425 0 0.0118571 0 0.0563206 0 0.0324944 0.0293935 0.00949389 0 0.0145253 0.00981227 0.0318285 0.0356718 0.0237078 0 0 0.0823544 0 0.000910997 0.057566 0.368581 0.0508052 0.321946 0.0511298 0.300469 0.0252198 0.386033 0.0088688 0 0.0299459 0.350928 0.0316954 0.331098 0.0294472 0 0.0507651 0 0 0.274283 0 0.020455 0 0 0.032421 0 0.0414324 0 0.139674 0 0.131327 0.341776 0 0.0853232 0 0 0 0.00262397 0 0.0680166 0 0.201616 0 0.292665 0.0178837 0.139074 0 0.0167746 0.0748329 0 0.00988475 0 0.0338147 0.206923 0.000352557 0.0914837 0.0299778 0 0.0134432 0 0 0 0.0106383 0 0 0.0368305 0 0.0354967 0 0.354976 0 0 0.107812 0.0860732 0.0379087 0 0.049377 0 0.0453999 0.177812 0.0291152 0 0 0 0.0255139 0.0178568 0.0382197 0.0258803 0 0.00770664 0 0 0 0.090533 0.156714 0 0 0.00214572 0.123342 0.308168 0.211926 0.0432695 0.0496606 0.115128 0.0783292 0.00384234 0 0 0.096456 0 0.15006 0 0.0319658 0.101078 0 0.64933 0 0.598823 0 0 0 0.00370396 0 0.164078 0.185321 0 0.171022 0 0.318123 0 0.240064 0 0 0 0.159939 0.000509939 0.060922 0.211833 0.0583851 0.0143383 0.0102163 0.637664 0 0 0.226944 0.0632171 0 0 0.0643704 0 0.0378578 0 0.0103714 0.203568 0.094028 0 0 0.0467669 0.0220867 0.304599 0.0072913 0.00888409 0 0.20035 0 0.15458 0 0.0835688 0 0.605996 0 0 0 0.113286 0.0141438 0 0 0.0879742 0 0.066901 0 0.0162263 0.0169192 0.199239 0 0.0398066 0.00407806 0.0581985 0 0.0796647 0.00345476 0.0742548 0 0.237668 0 0.32868 0 0.426561 0 0 0.16923 0.0600997 0.0620496 0 0.000465114 0 0.104869 0.00641074 0.0425081 0.0164062 0.0167577 0 0.0590526 0 0.052003 0.160189
73 8.5078 -0.0246267 -0.114399 -0.010767 0.31616 -0.0937818 10.0168 0.29016 -0.0607367 0.0691836 -0.101463 -0.146629 0.189134 -0.0716255 0.0251623 0.0489076 -0.390961 0.125458 0.0837052 -0.0118809 -0.0909551 -0.159383 0.123848 0.281252 0.176406 0.00654966 0.00633844 0.03599 -0.0403946 0.0361818 0.0213803 -0.10443 0.14597 0.0213341 0.194097 -0.111597 -0.0822207 0.155578 0.0503592 0.0563848 0.126934 0.202111 1.40171 0.473644 0.656798 0.0636029 0.00603413 0.153294 -0.0353941 -0.0530051 0.478339 -0.16148 -1.39583 0.210321 0.701934 0.0199644 -0.0667376 0.268126 0.856381 -0.265219 0.117035 -0.273753 1.21383 1.24291 0.631917 0.279503 -2.33463e-10 -0.599394 -1.45605 -0.39649 -0.736295 -1.01477 -0.43985 0.884796 -0.807751 0.49508 -0.413383 -2.51263 -0.572767 0.651256 0.874417 -0.779603 0.259265 0.0396876 0.258411 -0.117965 0.093399 -1.90126e-09 -0.161215 0.222699 0.200263 -0.353976 -0.0683401 1.0468e-08 6.01168e-10 8.29068e-10 -0.518011 -0.0581003 0.631177 -0.363585 0.875209 -0.438 0.0629229 2.82206e-09 0.469846 -5.85749e-10 -0.191144 -0.608605 0.400328 0.100598 -0.0447884 -0.394234 0.198973 0.322787 0.90632 10.0051 -0.0398235 -0.226176 1.10494 0.0303168 0 0.00713837 0 0.00362551 0 0.0686224 0.0485046 0.140019 0.0495675 0 0.0674496 0 0.102268 0 0.130038 0.0823614 0.100351 0 0.198285 0.00683395 0.158846 0 0.270565 0 0.219974 0.000411957 0.138461 0.020058 0.194896 0.0654452 0 0.0588056 0.00056475 0.0990657 0 0 0.00463437 0.0456761 0.319043 0.0311558 0 0.198441 0 0.0376422 0.0494599 0 0.00907054 0.0437198 0 0 0.0537461 0.0133797 0 0.0160123 0 0.0100971 0 0.0050886 0 0.0196531 0.0210377 0 0 0.00126464 0 0.0365639 0 0.0300159 0 0.0284069 0.000659227 0.0703311 0.00512397 0.0513027 0.0323055 0.0206505 0 0.0160993 0.0259069 0.0420854 0.0480486 0.0096872 0.0332251 0.020681 0.0383791 0.000746501 0.0013727 0.0484375 0.347862 0.040332 0.309398 0.0406879 0.288711 0.014267 0.384355 0 0 0.0239351 0.325054 0.021984 0.336225 0.0174303 0.00980626 0.0407892 0.0115385 0 0.560832 0.011811 0 0.0463563 0 0.0796208 0 0.0225482 0 0.0643619 0 0.117877 0.659959 0.0469006 0.351297 0.0217926 0 0.0262153 0 0.023151 0.0766959 0 0.278514 0 0.445072 0.0108434 0.12161 0 0 0.0831132 0.0300065 0.0028265 0 0.0529744 0.258387 0 0.0783007 0.0383283 0 0.00426781 0 0 0 0 0 0 0.0145088 0 0.016347 0.0518207 0.46277 0 0 0.0644818 0.202414 0.0281644 0 0.0415361 0 0.0840062 0.139857 0.0305705 0 0 0 0.0519151 0.0186329 0.0639096 0.0287272 0 0 0.00586269 0 0 0.103691 0.186209 0 0 0.000213482 0.224195 0.35103 0.240249 0 0.0444936 0.09543 0.0739673 0.0432325 0 0 0.146043 0 0.277537 0 0.152129 0.236417 0 0.64665 0 0.557008 0 0 0 0.00577694 0 0.206053 0.236141 0 0.216768 0 0.173532 0.17028 0.171558 0 0 0 0.108779 0.101913 0.152135 0.323981 0.0742018 0 0.00535596 0.634974 0 0 0.234375 0.048453 0 0 0.0626129 0 0.0868041 0 0.0478172 0.226591 0.125526 0 0 0.026559 0.0956761 0.508824 0.00236777 0.0336009 0 0.223577 0 0.211071 0 0.0936688 0 0.402875 0 0 0.0141171 0.128938 0.0111142 0 0.00800221 0.0988958 0 0 0.00196968 0 0.0176642 0 0 0 0.00591 0.00349877 0.00363225 0 0.00911346 0 0 0.318654 0 0.381372 0 0.463563 0 0 0.292818 0.0970996 0.0620854 0.0237689 0 0 0.215721 0.00214955 0.0644711 0.0420984 0.0173458 0 0.0403814 0 0.0691118 0.20157
74 8.54113 -0.0174539 -0.0992598 -0.0187394 0.315546 -0.0993497 10.0574 0.292488 -0.0539078 0.0767885 -0.0315484 -0.16762 0.163799 -0.0805149 -0.0278959 -0.0238519 -0.402539 0.132017 0.056918 0.0291155 -0.0176149 -0.158632 0.0640902 0.29281 0.190764 -0.0119152 0.0130158 0.0369192 -0.0341392 0.038521 0.0226546 -0.104128 0.115648 0.0214541 0.197342 -0.0875932 -0.0722233 0.155578 0.0503592 0.0563848 0.115179 0.202071 1.4154 0.43411 0.6683 0.061327 0.0117235 0.153658 -0.0213623 -0.0519242 0.415759 -0.169727 -1.39781 0.16837 0.666488 0.0238887 -0.0674122 0.0788937 0.402209 -0.320419 0.104229 -0.116966 1.26726 -0.00258542 -0.0667001 0.284518 2.44614 0.59435 -0.407554 -0.326477 -2.80689 -3.83943 0.191116 0.218272 -0.671463 1.30491 0.535315 0.902935 -2.03789 0.846056 0.77619 -0.621069 0.199548 0.0311573 0.342615 0.0205122 0.0958828 -2.18228e-09 -0.915509 -0.150408 0.0886776 0.788597 0.342744 9.71435e-09 9.37111e-10 9.33864e-10 0.0204914 -0.180521 0.142016 -0.522365 0.88096 -0.498541 0.474597 3.9319e-09 -0.184665 -6.08907e-10 -0.231629 -0.465336 0.34607 -0.102367 -0.258887 0.698487 -0.281597 0.32142 0.900718 10.0428 -0.040082 -0.102171 1.15536 0.0278984 0 0.00737755 0 0 0 0.0704637 0.0507478 0.182989 0.0572225 0 0.0630526 0 0.119891 0 0.157519 0.0484798 0.116795 0.000359178 0.0702618 0.00809571 0.00955659 0.00716656 0.111145 0.00503361 0.0211941 0.0119758 0 0.0153967 0 0.0346228 0 0.0347784 0 0.0571435 0 0 0.00554542 0.0703366 0.35502 0 0 0.0830429 0 0.000611953 0.0942144 0.000174377 0.0305697 0.0153683 0 0 0.0281132 0 0 0.00679832 0 0 0 0.000541038 0 0.000117555 0.0139448 0.0121903 0 0.0057063 0 0 0 0 0 0 0 0.0272065 0 0.0238614 0.0270087 0.00689518 0 0.00630604 0.0264288 0.0224719 0.0449658 0.00918822 0.0568068 0.0459414 0.0321426 0 0.00170424 0.00951021 0.213524 0.0063325 0.166508 0.00878665 0.198185 0.0163215 0.325954 0.0281901 0.0176602 0.00957709 0.216004 0.00936256 0.22147 0.025816 0.0351044 0.006899 0.212546 0.0169479 0.646009 0.00608748 0 0.01675 0 0.0440452 0 0.0192561 0 0.0477011 0 0.057156 0.845174 0.0200623 0.554506 0.000447758 0 0.00534618 0 0.00641585 0.00472711 0 0.198025 0 0.574232 0.00905837 0.00894781 0 0 0.0383986 0.0188199 0 0 0.081549 0.28226 0 0.0319434 0.0787577 0 0 0 0.00250984 0 0 0 0 0 0 0 0.144007 0.485386 0 0.000272929 0.0338788 0.419719 0 0 0.00764648 0 0.162573 0.174457 0 0 0.0158681 0 0.00451977 0 0.00390183 0 0 0 0 0 0 0.0570886 0.0834072 0 0 0.00339032 0.283243 0.356663 0.27082 0.0141548 0.0346925 0.211285 0.0593754 0.0534267 0 0 0.16096 0 0.326545 0 0.204663 0.294443 0.0112211 0.626686 0.000734864 0.514938 0 0 0 0.00407453 0 0.175223 0.204021 0 0.216835 0 0.116392 0.42563 0.0937145 0 0.0427326 0 0.0518981 0.491756 0.202631 0.340921 0.0287288 0.00584019 0 0.670856 0.00596101 0.215693 0.234472 0.0570731 0.00392492 0 0.057908 0 0.098174 0 0.0961582 0.253504 0.0777623 0 0 0 0.121829 0.493681 0.0032896 0.0825851 0 0.171163 0 0.22818 0.000131838 0.130235 0.139574 0.264199 0 0.103497 0.0122994 0.108141 0 0 0.0114645 0.0880645 0 0 0 0 0.00343564 0 0 0 0 0 0.00111794 0 0.00175231 0 0 0.375316 0 0.346062 0 0.364191 0 0 0.356082 0.121207 0.12537 0.049024 0 0 0.285219 0 0.0613 0.045757 0 0 0 0 0.0985899 0.202304
75 8.57447 -0.0167038 -0.107477 -0.0396664 0.314159 -0.0995488 10.1008 0.253298 -0.0821567 0.0832199 0.119849 -0.0990285 0.184665 -0.0686343 -0.0952959 -0.126793 -0.377576 0.135452 0.0510238 0.0627722 -0.00243192 -0.123555 0.0432864 0.316678 0.21108 -0.0293387 0.0210553 0.0443182 -0.0243461 0.040219 0.0292191 -0.103819 0.0917715 0.0230771 0.204354 -0.0647804 -0.0597509 0.155557 0.0511383 0.0564458 0.112643 0.233 1.41013 0.344944 0.673492 0.0403224 0.0272654 0.153508 -0.0271694 -0.0523717 0.401371 -0.182186 -1.39514 0.144905 0.649955 0.0433832 -0.0634301 -0.105103 -0.179856 -0.551908 0.107645 0.0196725 1.36132 -1.28376 -0.89547 0.19232 4.76881 2.79713 1.06807 0.242933 -4.82435 -6.19176 1.15808 0.00505456 -0.224292 0.948249 0.0340072 1.23457 -0.407529 0.701866 0.639017 -0.530852 0.138895 0.113463 0.33162 0.0802361 0.191261 -2.28261e-09 -0.495552 0.0807621 0.185986 0.401467 0.191116 9.59638e-09 1.08851e-09 8.89237e-10 -0.238749 -0.211725 -0.060675 -0.793628 2.0585 -1.88745 1.1031 2.74888e-09 -0.713669 -4.29933e-10 0.0515928 0.145159 0.191015 -0.00330482 -0.0438613 0.458928 -0.324999 0.319854 0.899604 10.0829 -0.0500283 0.0146017 1.23413 0.0230365 0 0.00348836 0 0 0 0.0689917 0.0456793 0.133169 0.0811946 0 0.0365696 0 0.0899407 0 0.126163 0.0421913 0.14504 0.00652763 0.0206953 0.0052995 0 0.00951327 0.0392243 0.0150647 0 0 0 0 0 0.0066704 0 0 0 0.00144265 0 0 0.0111215 0.0636149 0.386821 0 0 0.00787776 0 0.0331089 0.00330296 0.011712 0.0028739 0.00479841 0.000698954 0 0.0126181 0 0 0.00455787 0 0 0 0 0 0 0.00753923 0.00801297 0 0.00332802 0 0 0 0 0 0 0 0.00846127 0.00387444 0.0158117 0.0161614 0 0.00937386 0.00445314 0.0316087 0.0188882 0.0426356 0.000358779 0.0900809 0.0317871 0 0 0.00163289 0.0133565 0.114297 0.00965411 0.0776377 0.0112421 0.108151 0.0174096 0.269564 0.012612 0.0169076 0.011198 0.111169 0.0104309 0.116658 0.0207699 0.0440144 0.0190625 0.156573 0.0139083 0.607412 0.000826791 0 0.00780093 0 0.00214105 0 0 0 0.0015176 0 0.0230848 0.796753 0 0.46813 0.0173617 0 0.00341273 0 0 0 0.0396164 0.0965571 0.0194952 0.440806 0.029254 0 0 0 0.0200194 0.0226411 0 0 0.09566 0.287987 0 0.0310173 0.0682342 0 0 0 0.00772521 0 0 0 0.0018788 0 0.00657687 0 0.160291 0.502775 0 0.00115641 0 0.391364 0 0 0.00314699 0 0.160726 0.154965 0 0.0237717 0.0186352 0 0 0.0242309 0 0.024776 0 0 0 0 0 0.014898 0.0810288 0 0.000532845 0 0.259264 0.225948 0.165813 0.00612596 0.0359691 0.157936 0.0244178 0.0608681 0 0 0.0922856 0 0.24017 0 0.225255 0.264465 0.0268707 0.593213 0.00946797 0.505798 0 0 0 0.012533 0.0436486 0.0740588 0.211827 0 0.206259 0 0.0125597 0 0.0672827 0 0.0259409 0 0.0246248 0.0961597 0.186117 0.358019 0.0149735 0.00429216 0 0.532161 0.00195198 0.137059 0.227486 0.0326749 0 0 0.046508 0 0.0894133 0 0.0924383 0.246602 0.0515613 0 0 0 0.101027 0.510184 0 0.105003 0 0.122596 0.0072367 0.17159 0.00046324 0.129593 0.12889 0.0794351 0 0.113451 0.0142971 0.0917955 0 0.00260947 0.0166332 0.0907323 0 0 0 0 0 0.0537241 0 0 0 0.0178349 0 0.0271852 0 0.0154501 0.0187909 0.266326 0.013898 0.181844 0.0225836 0.188555 0 0 0.361762 0.102847 0.141604 0.0369261 0 0 0.233799 0 0.056808 0.0443109 0 0 0 0 0.103668 0.200567
76 8.6078 -0.0374831 -0.138827 -0.0767241 0.312011 -0.0967833 10.1467 0.159874 -0.114214 0.0927467 0.375135 0.144785 0.22405 -0.110735 -0.411194 -0.540545 -0.304033 0.142144 0.067721 0.0832812 0.0258542 -0.088089 0.0430737 0.334997 0.230579 -0.0245773 0.0273416 0.0607319 -0.0138472 0.0477306 0.0402652 -0.103028 0.0964496 0.0409837 0.213957 -0.0690505 -0.0597086 0.155544 0.0516047 0.0564822 0.0891278 0.258595 1.40272 0.231294 0.678968 -0.00011847 0.033301 0.152881 -0.0510713 -0.0542107 0.423532 -0.179103 -1.38816 0.162488 0.655594 0.042709 -0.0599377 -0.918228 -0.519723 -0.88283 0.141573 0.016073 1.43209 -2.86208 -0.73252 0.259086 7.31253 10.4037 0.739514 2.72997 -12.7 -13.883 2.52458 -0.110747 0.285529 0.825277 0.643089 0.977024 0.199633 0.571491 0.572492 0.142832 -0.00551452 0.247575 0.520146 0.22705 0.342104 -1.99007e-09 0.22641 0.473145 0.341216 -0.339345 0.0936316 7.78725e-09 7.88478e-10 5.81324e-10 -0.460617 -0.485376 -0.279643 -0.427602 1.84112 -2.35045 1.02618 1.05117e-09 -0.835297 -1.77636e-10 0.0607308 0.21245 0.210094 -0.00970774 0.0513272 -0.459952 -0.261845 0.317806 0.901039 10.1263 -0.0731647 0.0360069 1.34867 0.0559709 0 0.03974 0 0.0240477 0 0.0566063 0 0.0143541 0.0220596 0 0 0 0.00770983 0 0.0281082 0.0416099 0.128087 0.0228892 0.0145018 0.0198582 0.00893532 0.0296722 0.0273109 0.0533079 0.00927094 0 0 0 0.00280708 0.00399899 0 0 0 0 0 0.000494178 0.010001 0.0312152 0.320161 0 0 0 0 0.0557957 0 0.0245029 0 0.00766281 0 0 0.0020733 0 0 0.0140014 0.00764759 0.000205453 0 0.00177675 0 0.00170375 0 0.0112912 0 0.00911076 0 0 0 0 0 0 0 0.0148428 0.0538192 0.0229458 0 0.000740306 0.0588601 0.00458317 0.0255884 0.0240121 0.0273964 0 0.0833995 0.0308465 0 0 0.000924272 0.0235543 0.0627219 0.0173791 0.036726 0.0182999 0.058525 0.0140296 0.203751 0 0.0299556 0.0192203 0.0551041 0.01912 0.0575366 0.0121899 0.0482963 0.030667 0.0467056 0.0134649 0.399812 0 0.00161584 0 0 0 0 0.00182285 0 0 0 0.0207417 0.514092 0 0.226903 0.0250266 0.013072 0.00427486 0 0 0.00290158 0.0777325 0.0237807 0.0425864 0.118666 0.0582507 0 0.00341942 0 0.0325741 0 0 0 0.0999023 0.234786 0 0.168092 0.0649187 0 0.0122218 0 0.00999786 0 0 0.00278394 0.0144892 0 0.0277106 0 0.11465 0.509276 0 0.00269131 0 0.126081 0 0 0.0179335 0 0.120985 0.178078 0 0.0198924 0.0227131 0 0 0.0473398 0.000713624 0.0482097 0.00877758 0 0 0 0 0.00439659 0.124706 0 0.00156869 0 0.156075 0.0737572 0.0744989 0.0522314 0.071574 0.0302923 0.0149581 0.00982208 0 0 0.0398051 0.00123119 0.0658426 0.00578909 0.0587756 0.00810072 0.0366405 0.275939 0.0154167 0.249436 0 0 0 0.0252942 0.0981418 0.00223982 0.238627 0 0.20747 0 0 0.00716961 0.0523319 0.000185238 0.00572113 0 0.017376 0.0401515 0.11369 0.284017 0.0132048 0 0 0.213801 0 0.00271759 0.283143 0.0135412 0 0 0.0419402 0 0.100917 0 0.0564998 0.273489 0.0382342 0 0.00236018 0 0.0519287 0.398782 0 0.0284184 0.0112988 0.047519 0.0188483 0.037127 0 0.172929 0.177169 0.125516 0 0.00370679 0.00641213 0.072255 0 0.011435 0.00461983 0.0814046 0 0 0 0 0 0.235865 0 0.0307197 0 0.0753472 0 0.119382 0 0.0688681 0.0490418 0.0430239 0.0585982 0.0403137 0.0886709 0.0420967 0.0196026 0 0.265089 0 0.129919 0 0.0135424 0 0.0831828 0 0.0306106 0 0 0 0 0 0.0926528 0.1966
77 8.64113 -0.0657502 -0.178464 -0.110982 0.309587 -0.100084 10.1932 0.0321478 -0.12839 0.0992175 0.668037 0.460319 0.158482 -0.0562487 -0.46223 -0.611131 -0.204793 0.151876 0.0817661 0.0794009 0.139446 -0.0739988 0.0586939 0.341761 0.239307 -0.013538 0.0338027 0.0711161 0.00119217 0.0549503 0.0497245 -0.102759 0.107081 0.0514265 0.226011 -0.076053 -0.042761 0.155579 0.0503396 0.0563833 0.0989916 0.293146 1.38131 0.144718 0.683247 -0.0158298 0.0281519 0.152985 -0.0470894 -0.0538385 0.432661 -0.177812 -1.37188 0.193769 0.671326 0.0265351 -0.0596967 -0.782527 -0.731801 -0.997256 0.188998 -0.33867 1.38011 -3.23397 -0.333862 0.652173 6.94522 6.88506 -3.40904 3.51703 3.1168 2.27211 2.705 0.0211277 0.600116 0.148036 2.54884 -0.337901 0.999215 0.533725 0.560045 0.110505 0.0520392 0.246568 0.534254 0.226719 0.329331 -1.49049e-09 0.649551 1.00546e-09 0.486383 -0.474716 0.969956 7.46971e-09 4.15833e-10 2.55425e-10 -0.269512 -0.726124 -0.402083 -0.0437676 1.01425 -1.65908 0.341224 6.28496e-10 0.118782 -7.36318e-11 -0.0756095 -0.156703 0.671952 0.0529528 -0.174719 -1.18553 0.394391 0.315416 0.897503 10.1716 -0.0742974 -0.245695 1.36336 0.046612 0 0.0346436 0 0.0227858 0 0.0591235 0 0.0350227 0.00796129 0.046818 0 0.0457255 0 0.0405978 0.00261004 0.0515298 0.0912993 0.0137423 0.0274772 0.00358456 0.0409716 0.0150649 0.0439203 0.0218701 0.0628022 0 0.0183303 0.00290337 0.0435337 0.00730852 0 0.00317818 0.000859957 0.00177837 0 0 0.0127882 0.00491935 0.223151 0 0 0.00558662 0 0.0370296 0 0.0168515 0 0.00430938 0 0 0.00221751 0 0 0.0134153 0.0167099 0.00649166 0 0.00254085 0 0.0242079 0 0.011007 0 0.0162873 0 0.00959431 0.0072626 0.0004302 0 0.0111226 0 0.0425783 0.0487345 0.0477677 0.000877638 0.0153005 0.0785049 0.00784328 0.018956 0.0395594 0.0261495 0 0.0493021 0.0451271 0 0 0.000237041 0.0274292 0.000259057 0.0202147 0 0.0206801 0.0023643 0.0114531 0.0629619 0 0.00116827 0.022141 0.0199458 0.0229776 0.0234789 9.20254e-05 0.0290022 0.0124639 0 0.0183976 0 0.0498184 0.0164832 0.0176849 0 0.0154397 0 0.0112804 0 0.00913944 0 0.0921645 0.100488 0.0904682 0.030564 0.0895106 0.00493363 0.0305626 0.00644912 0.00244935 0.0087649 0.0850104 0.0520279 0.065108 0.0520456 0.0327275 0.00859899 0 0 0.0393227 0 0 0 0.077843 0.22476 0 0.228659 0.0563336 0 0.00590497 0 0.020238 0 0 0 0.00892324 0.00660954 0.0199338 0.00801521 0.0835272 0.543011 0 0.00140545 0 0.0312575 0 0 0.0191947 0 0.0968178 0.249546 0.00900921 0.00456961 0.0460625 0.0262646 0.0114201 0.0113783 0.013896 0.0115709 0.00869307 0 0 0 0 0 0.130551 0 0.0013977 0 0.105648 0.102346 0.0510966 0.0907102 0.0411072 0.0502327 0.0506783 0 0 0 0.0109788 0 0.0122202 0.0141964 0.0557151 0.0268678 0.0552413 0.212468 0.0247192 0.200601 0 0 0 0.00732593 0.0664127 0.0107204 0.149644 0 0.137485 0 0 0 0.0189955 0 0.00466191 0 0.0173995 0.0129669 0.0701961 0.21843 0.020972 0.0124306 0 0 0 0 0.308184 0.00465496 0 0 0.0158693 0 0.105607 0 0.0511129 0.318203 0.0495659 0 0.000150282 0.00631882 0.0264061 0.282257 0.00539941 0.0108447 0.0137076 0.0556292 0.0244438 0.0422091 0 0.176312 0.260046 0.047908 0 0.0403685 0.00439263 0.0954141 0 0.0161101 0.00532018 0.109313 0.00170813 0 0 0 0 0.160047 0 0.0420086 0.000226244 0.0391786 0 0.0747725 0 0.00307343 0.0361985 0.0341693 0.0448076 0.0510742 0.0692532 0.0859114 0 0 0.205156 0 0.1328 0 0.0101971 0.000182375 0.0428738 0.00252965 0.0331714 0 0.000636619 0 0.00683306 0 0.0542245 0.211271
78 8.67447 -0.0618012 -0.162581 -0.12365 0.305323 -0.105754 10.2345 -0.0866902 -0.123336 0.125209 0.804662 0.467682 -0.116551 0.0611601 -0.369819 -0.533783 -0.151151 0.154331 0.0849072 0.0719257 0.138932 -0.0698512 0.0535335 0.0929031 0.0723044 0.0254463 0.0291158 0.0356505 -0.0630596 0.0446776 0.0752174 -0.103332 0.134848 0.051999 0.258322 -0.0979919 -0.0118101 0.155719 0.0452518 0.0559853 0.155843 0.303206 1.3685 0.0844038 0.67215 -0.0308857 -0.0358575 0.14061 -0.0151644 -0.0516028 0.396701 -0.179386 -1.35741 0.161537 0.682732 0.0753342 -0.031278 0.263041 1.9378 0.155421 0.0917834 0.0777736 1.08918 -2.97925 0.693087 1.21062 0.980037 -2.86293 -7.88177 2.47148 2.55991 -1.59759 1.09774 -0.389696 -0.334919 -0.495433 -1.04969 -1.41256 0.20484 -0.0181591 -0.00978466 1.1757 -0.206726 -0.653843 -1.9058 -0.450127 -0.35131 -2.3321e-09 5.56965 1.4055 0.314832 -5.64386 -0.358423 4.23224e-09 0.744431 8.87791e-10 0.328836 -2.03689 0.213617 -0.566423 -0.351174 -0.607617 -0.302782 -0.956661 -0.142691 -4.72391e-10 -2.23025 -0.261992 0.733166 -0.391399 1.95798 2.60543 -0.438962 0.314007 0.891652 10.2153 -0.00892958 0.122316 1.2169 0 0.033591 0 0.0775024 0 0.0622124 0 0.115674 0 0.197634 0.277024 0.203065 0.309017 0.156654 0.3666 0.0837443 0.0303329 0.0391577 0 0.129745 0 0.173789 0.0015298 0.131151 0 0.273984 0 0.251767 0 0.240475 0.00360764 0.0709847 0.0478842 0.0554989 0.167532 0.102005 0.0086719 0.0370378 0.0733023 0.255854 0 0 0 0 0.0623633 0.101048 0.0282632 0.0871745 0.068866 0 0 0 0 0 0.00957759 0.0398352 0 0 0 0 0.00802018 0 0.0472274 0.0377455 0.0160478 0.000943782 0 0.0500723 0 0.00526304 0 0.032395 0 0.0582187 0.00984448 0 0.0475272 0 0.00537655 0.00389855 0.0064415 0.000343215 0.0489714 0.0266951 0.060577 0.151587 0.00116533 0.000915687 0.213218 0.0963199 0.161597 0.0785835 0.21503 0.105294 0.260654 0.0793062 0.0592408 0.0590084 0.206173 0.128388 0.402358 0.146038 0.0251622 0.0390131 0.0794363 0.032835 0.546072 0.0250897 0.176551 0 0 0 0.00511347 0 0.0291629 0.192703 0.019328 0.192198 0.418613 0 0.60498 0 0.552672 0 0.125264 0.0977453 0.0631445 0.0822612 0.163016 0 0.346983 0 0 0 0 0.154662 0.0184087 0 0.00259677 0 0.0224886 0.220502 0 0.277058 0 0 0 0 0.000535235 0.0531927 0.042837 0.134802 0 0.042779 0.0245181 0.137759 0.0428672 0.512378 0.00111592 0.00520676 0.0810622 0.144031 0 0 0 0 0 0.202569 0 0.183366 0 0.0508202 0 0.114247 0 0.118869 0.0627977 0.102732 0.00959098 0.0691783 0.012929 0.00256749 0.050687 0.132039 0 0.00146813 0 0.397073 0.0489952 0.676346 0.106792 0.171119 0 0.310879 0 0.0567175 0 0.324613 0 0.3582 0 0 0.0298697 0.193399 0.103074 0.0519969 0.0337339 0.0802318 0.101763 0 0 0 0 0.363464 0 0.0993152 0.0400894 0.092628 0.0105885 0.0233679 0 0 0.0978203 0 0 0.202158 0 0 0.803796 0.0345644 0.505942 0.109851 0.161669 0.109839 0 0 0 0 0 0.129299 0 0.138746 0.0090664 0 0.0314052 0.114399 0 0.245999 0.218632 0 0.0919678 0 0.0813248 0 0 0.0299072 0 0.523717 0 0.387163 0 0.11098 0.00788332 0.025005 9.42647e-05 0.184527 0 0.01288 0 0 0.176692 0.123083 0 0 0 0 0.0448033 0 0.053641 0 0.0984112 0 0.0377548 0.195297 0.0268548 0.221769 0 0.00176977 0 0.447306 0.322551 0 0.0556414 0.0362715 0 0.178685 0 0.0122959 0.00330851 0 0.024421 0 0 0.244938
79 8.7078 -0.0174322 -0.12969 -0.0901799 0.306542 -0.10262 10.2712 -0.232805 -0.0936036 0.11204 0.843083 0.440258 -0.145466 0.0933816 -0.386573 -0.611531 -0.0993341 0.147252 0.0375654 -0.0290856 0.143379 -0.0960731 0.0547723 0.0805436 0.0656145 -0.00527419 0.0787957 0.0244693 -0.0825842 0.00912943 0.0268581 -0.101719 0.0765843 0.0549618 0.243213 -0.0399086 -0.00448782 0.155913 0.0217573 0.0272819 0.189331 0.299285 1.41167 0.0421422 0.701216 -0.0557894 0.0614759 0.156067 -0.0503007 -0.0542043 0.312646 -0.179863 -1.31583 0.132987 0.689261 -0.049401 -0.0434732 1.29092 1.23909 0.985284 0.192393 0.0224448 1.08632 -3.97411 0.959491 -0.396021 1.22881 -1.01859 2.46873 -0.412382 -2.6477 -1.54627e-07 1.59878 -0.23124 -1.39765 -2.8771 0.0766563 -0.827182 0.202119 -0.0107509 0.00279825 -0.663095 0.897471 -0.594126 -0.638471 -0.737051 -1.1797 -2.71627e-09 -0.0988621 4.12832e-10 -0.431484 0.234024 0.462281 5.90999e-09 -0.839003 -1.38702 2.67574 -0.898646 2.04447 -0.0572466 6.60393e-10 -0.00122287 1.55353 2.53607e-09 -7.88371e-10 -1.87158e-10 -0.331782 -1.11542 1.43031 -0.00789381 0.0179956 -1.07359 -0.347684 0.31401 0.894741 10.2547 0.00908776 0.0478703 1.16745 0.0708551 0 0 0 0.0113889 0.00832395 0.0201029 0 0.129761 0 0.0911905 0.00128578 0.0814503 0 0.102185 0 0.0674835 0.0812995 0 0.110726 0 0.177507 0 0.16436 0 0.338521 0 0 0 0 0.0703293 0 0.0338747 0 0.265037 0 0.00770953 0.00205499 0.012542 0.00208696 0 0.318159 0.327344 0 0.0413938 0.0398792 0.0628309 0.0976333 0.0356311 0.122454 0 0 0 0.0589331 0 0.116342 0 0 0 0 0.0239372 0.0036353 0.0247615 0.0575255 0.00972538 0.00907118 0 0.103876 0 0.0878204 0 0.144497 0 0.15825 0.023437 0.0242262 0.0498104 0.108959 0.00877749 0.0106416 0.0274574 0.0222949 0.0477193 0.0433119 0.0581916 0.0371115 0 0 0.148891 0.0761337 0.0680448 0.060106 0.0930788 0.0802256 0.105201 0.0726356 0.0320745 0.0766548 0.00568537 0.0850364 0.120497 0.0922244 0.0338735 0.0645411 0 0 0.163774 0.131221 0.053362 0 0 0 0 0 0.0655944 0 0 0 0.315024 0 0.132233 0 0.187509 0.115349 0 0.111708 0.0852192 0.0185588 0.146115 0.236182 0.147869 0.115209 0 0 0 0.171481 0 0 0 0.00403275 0.133286 0.319165 0 0.160683 0.00748601 0 0 0 0 0 0.0290045 0 0 0.195401 0 0.2231 0.358279 0.355765 0 0.00155357 0.155824 0 0 0.101711 0 0.0140164 0.247531 0.136777 0 0.134989 0 0.0331261 0.00520003 0.185931 0 0.190875 0.0332124 0.159005 0 0.184909 0.0481022 0 0 0.122604 0 0.00851619 0 0.546406 0.163271 0.422919 0.0112782 0.2571 0.0314744 0 0.0236521 0.0362866 0 0 0.00379391 0 0 0.137814 0 0.824191 0.0123184 0.825945 0 0 0 0 0 0.393236 0.065312 0.122561 0 0 0.428379 0 0.588814 0 0.00091766 0 0.311517 0 0.0327474 0 0 0 0.0608522 0.0242849 0 0.0384661 0.12291 0.17966 0 0 0.00647223 0 0 0.0197866 0.200981 0.163734 0 0 0.029695 0.0686909 0 0 0.0146826 0.104378 0 0.452399 0 0.383626 0.0472774 0.233521 0.102358 0.399121 0 0.355193 0 0 0 0.254779 0.00500103 0 0 0.0848126 0 0.126045 0 0.366218 0 0.2786 0 0 0 0.0777698 0 0 0.0368512 0.289704 0.0179858 0.493908 0.0498287 0.587352 0 0.0448016 0.0857571 0.369443 0.249156 0 0.0324664 0 0.0970284 0 0 0.054403 0 0 0 0.00566147 0.112954 0.175771
80 8.74113 0.0340454 -0.108603 -0.0811331 0.307353 -0.101007 10.3054 -0.372957 -0.0512212 0.126004 0.837583 0.322895 -0.159905 0.109983 -0.451393 -0.600647 -0.0716794 0.138183 0.0202245 -0.103021 0.139423 -0.10906 0.0534685 0.0691548 0.081487 -0.0212265 0.115396 0.0329754 -0.112659 -0.0120887 -0.0084934 -0.105961 0.00709048 0.0581883 0.224797 0.0271885 -0.00317244 0.153501 -0.0208588 0.0197776 0.270493 0.298204 1.42491 0.0650323 0.700252 0.00325138 0.0951314 0.156071 -0.049073 -0.0528704 0.315209 -0.167098 -1.27669 0.272486 0.685079 -0.0836702 -0.0722528 1.15908 0.954964 0.121588 0.127982 0.0660333 0.933531 -3.80125 1.04332 0.61954 -1.07815 -3.90377 -1.35326 2.22768 -2.18868 -4.3934e-08 -0.0823304 -0.0752607 -0.395494 -2.13254e-09 -1.1029 -0.77042 0.200301 0.0109578 0.00519029 0.490856 0.792912 0.226085 -1.33349 -0.37426 -0.919216 -2.56345e-09 0.455359 2.17559e-10 -0.768918 -0.518196 0.40494 1.30302e-09 -1.93854 0.766176 -1.36033 -0.705128 0.213696 -0.0785358 0.530716 1.208 0.00986118 4.9784e-09 0.00703869 0.148992 -0.87881 -1.12749 0.752012 0.742265 -2.67074 -3.31576 0.677546 0.314389 0.896492 10.2936 0.0174142 0.0242711 1.17978 0.00221438 0 0 0 0.00966147 0.0169543 0.00268958 0 0.0158909 0 0.176211 0.198146 0.135969 0.128647 0.148996 0.120144 0.000646002 0.0585903 0 0.19846 0 0.275637 0 0.267445 0 0.489003 0 0 0 0 0.0656895 0 0.0251198 0 0.579565 0 0.0137308 0.0112474 0 0.0131741 0 0.117012 0.759059 0 0 0 0.0369635 0.112989 0 0.0591455 0 0 0 0.0182222 0.0382523 0.0566936 0 0 0 0 0.0106647 0.00746243 0.0713019 0.0611593 0.0289992 0.0169019 0 0.0925901 0 0.061851 0 0.13159 0 0.107999 0.0191119 0.0292155 0 0.0987298 0 0.00832325 0.0227792 0.0238023 0 0.0228449 0.165318 0.0943135 0 3.29339e-07 0.0954663 0.0928598 0.0594225 0.0673951 0.0939551 0.0849214 0.112237 0.072676 0.0328744 0.0367628 0.0166452 0.0970016 0.118183 0.104332 0.0171055 0.047165 0.0391153 0.0064456 0.303866 0.0377228 0.0054225 0 0 0 0.470447 0 0 0 0.0301126 0 0.732321 0 0.511162 0 0.426986 0.0684548 0 0.102142 0 0.0471655 0.0888266 0.0942281 0.219362 0 0 0 0 0.266509 0 0 0 0 0.123959 0.104413 0.0724384 0.0539453 0.00942747 0 0 0 0 0 0.144299 0.0339356 0 0.286352 0 0.294963 0.469203 0.101225 0 0 0.398331 0 0 0.00793018 0 0 0.210113 0.0754777 0 0.10812 0.0716082 0.0219939 0.0157928 0.168599 0.000368535 0.184828 0 0.199428 0 0.246469 0.0158573 0 0 0.0581999 0 0.00750594 0 0.612811 0.0957058 0.633888 0 0.454575 0 0 0 0.057147 0.0351379 0 0 0 0 0 0 0.653346 0 0.803463 0.0103448 0 0 0.0240761 0 0.477617 0.0959463 0.125397 0 0.0145224 0.386569 0 0.725227 0 0 0 0.313289 0 0 0 0 0 0.189968 0.00119775 0 0.09157 0.133586 0.14495 0 0 0.00741884 0 0 0.0694654 0.199564 0.0438575 0 0 0 0.114802 0 0 0.193726 0.100944 0 0.451414 0.00823127 0.335118 0.0881471 0.116553 0 0.425418 0 0 0.0819328 0 0.00687879 0.141772 0.0998897 0 0.114108 0 0.0260886 0.0163372 0.278024 0.0787367 0 0.0599962 0.0833917 0 0.127335 0 0.161346 0 0.00985202 0.353661 0 0.551377 0 0.592772 0 0.0364864 0.0703753 0.39254 0.14064 0 0.0587401 0.0936607 0 0 0 0.0211037 0 0 0 0 0.110134 0.0914702
81 8.77447 0.0691261 -0.090282 -0.0802752 0.308668 -0.100079 10.3363 -0.486802 -0.0110429 0.137686 0.736187 0.197652 -0.260245 0.118641 -0.491351 -0.571286 -0.0703321 0.131024 0.0148214 -0.103021 0.103062 -0.120064 0.0559312 0.0691662 0.081478 -0.012904 0.145015 0.0518694 -0.140032 -0.0320722 -0.0401512 -0.108092 0.0818105 0.0542001 0.221727 -0.0376637 0.0201125 0.15342 -0.0525814 0.039933 0.222096 0.237936 1.43899 0.0393745 0.664627 -0.0231904 0.168505 0.156222 -0.0432147 -0.0524107 0.237772 -0.176448 -1.27471 0.288087 0.634008 -0.130047 -0.0855332 0.750213 0.270581 0.153024 0.140077 0.065186 0.884268 -3.34218 1.15599 0.22749 -2.85314 -5.28478 -1.53366 2.01151 2.32034 -5.30262 0.366707 -0.152417 -0.319625 -1.93403e-09 -1.08495 -0.0240878 0.181144 0.000465281 -0.00144905 0.545131 0.582107 0.431814 -0.695286 -0.134686 -0.764412 -3.36345e-09 1.81082 1.00983e-09 0.0413858 -1.46309 0.785987 7.05638e-09 -2.06927e-10 0.32899 0.190398 -0.671494 0.401714 -0.281858 -0.118306 -0.504639 1.43731 4.32365e-09 0.155649 -1.19145e-10 -1.23829 -1.9153 0.130407 -0.274294 -1.83461 -0.301119 0.145018 0.314818 0.896929 10.3329 0.0133433 0.000535479 1.17871 0.0245191 0 0 0 0.0182349 0 0.0205809 0 0.139012 0 0.13635 0.156186 0.128641 0.126584 0.167626 0.120558 0.0344968 0.00752139 0 0.11222 0 0.194844 0 0.176642 0 0.406516 0 0 0 0 0.0179594 0 0.0264763 0 0.465308 0 0.00560483 0.0019317 0 0 0.0133785 0.316876 0.502609 0 0 0.0858184 0.0212616 0.159993 0.010832 0.101781 0 0 0 0.0504112 0.0367037 0.122996 0 0 0 0 0 0 0.028496 0.0966879 0.005523 0.0126434 0 0.194859 0 0.147432 0 0.188557 0 0.133767 0 0 0 0.183544 0.00144398 0 0.00951828 0 0.00958565 0 0.0719953 0.0819737 0.000359797 0 0.0984911 0.0753945 0.0822284 0.0600322 0.110739 0.0716904 0.111756 0.0583596 0.0695687 0.108608 0.053565 0.063465 0.160024 0.0668008 0.0361637 0.0485847 0 0.257089 0.361671 0.044276 0.0995003 0.0261779 0 0 0.353535 0 0 0 0 0 0.646237 0 0.5592 0 0.482737 0.227884 0.0514901 0.150064 0.0280659 0.0596747 0.0848645 0.220709 0.226426 0.0772601 0 0.0722738 0 0.299793 0 0 0 0 0.187152 0.287992 0.0529631 0.0343852 0 0 0 0 0 0 0.116419 0 0 0.352722 0 0.385302 0.421049 0.296436 0 0.000851135 0.240407 0 0 0.0367567 0 0 0.269166 0.0683636 0 0.07446 0 0.0148774 0.00389528 0.115974 0 0.132054 0.0331621 0.333106 0 0.34668 0.0263378 0 0 0.0794011 0 0.0108535 0 0.684867 0.355914 0.64573 0 0.487797 0.0458446 0 0 0.0328743 0.134658 0 0.156724 0 0 0.0859064 0 0.255849 0 0.559116 0 0 0 0 0 0.714775 0.0488344 0.161352 0 0.0405868 0.12015 0 0.476741 0 0 0 0.134798 0 0 0 0 0 0.344652 0 0 0.00559088 0.123966 0.177756 0 0 0 0.00890522 0 0.0462029 0.226045 0.0680023 0 0 0.011731 0.104865 0 0 0.16368 0.0383325 0 0.499669 0.0227145 0.350756 0.152396 0.276732 0 0.542554 0 0.0335793 0.0213057 0 0 0.253513 0.0230575 0 0.0915986 0 0.0154767 0 0.34518 0 0.0202175 0 0.108525 0 0.178076 0 0.175942 0 0 0.469659 0 0.666499 0 0.700587 0 0.0797579 0.0872205 0.374672 0.0930113 0.000598311 0.0236201 0.0757143 0.135215 0 0 0.0314086 0 0 0 0 0.134572 0.23209
82 8.8078 0.044572 -0.0471297 -0.084684 0.309175 -0.0998837 10.3708 -0.491805 -0.0450879 0.146521 0.630716 0.155618 -0.228591 -0.0113073 -0.237805 -0.594187 -0.00278774 0.128128 0.0180583 -0.103021 0.0590424 -0.157792 0.0564125 0.070376 0.081937 0.0192882 0.114718 0.0568801 -0.116899 -0.0338983 -0.0346834 -0.106251 0.0355742 0.0468993 0.197341 -0.00996662 0.022449 0.151399 0.0209936 0.0551323 0.414051 0.217149 1.40434 0.218869 0.705587 0.00544523 0.0839653 0.150186 -0.043602 -0.0524483 0.144306 -0.162377 -1.30832 0.335485 0.632899 -0.0407489 -0.0236805 -0.519095 1.38121 -0.22519 0.0622271 0.0463134 1.06197 0.169543 -0.570312 0.113608 -2.6665 -0.782915 -1.66601 -0.214968 10.7491 0.721124 1.72997 0.0412923 0.341915 -7.4838e-10 -1.35864 -1.34839 0.0846109 -0.00283334 -0.00713091 0.419424 -0.873024 0.220612 0.772993 -0.0595147 0.152141 -5.81808e-10 -0.617952 0.0196645 -0.625075 -0.0832107 -0.340452 3.53339e-09 0.266358 3.35714e-10 1.15497 -0.960946 0.34898 0.635473 -0.905944 2.50891 -0.641754 3.48852e-09 0.522593 -1.39886e-10 -1.0035 -2.21386 -0.54146 -0.0165853 -0.447682 0.67896 0.660063 0.315694 0.897197 10.3707 0.0314711 -0.000850372 1.09337 0.0642802 0 0.0650704 0 0.0519907 0 0.0325196 0 0.046856 0 0.18786 0.0161966 0.1527 0.00990704 0.127391 0.0338021 0.0222629 0.00949591 0 0 0 0 0 0 0 0 0 0 0 0 0 0 0 0 0.0644427 0 0 0.0024642 0.0127237 0 0 0 0.139178 0 0 0 0 0 0.0179898 0 0.00724621 0 0 0 0.0285729 0 0 0 0 0 0 0 0.00893756 0.103845 0.00435148 0.0390141 0.0837373 0 0.0824654 0 0.0962112 0 0.221299 0 0.00248317 0.035531 0.0784877 0 0 0 0.00708549 0.0301771 0 0 0.069819 0.196952 0.000509789 0 0 0.076249 0 0.055326 0 0.0624124 0 0.072359 0.0754695 0.00706636 0 0.0947803 0 0.0939692 0.0384455 0.0134954 0.0390403 0.0461484 0.230319 0 0.113473 0.12738 0.0210615 0.0147269 0.120469 0 0 0 0 0 0.454155 0.128569 0.402691 0.185005 0.310417 0.327472 0.0558101 0.124618 0.0408246 0 0.064256 0.249673 0.0999383 0.192354 0 0 0 0 0 0.0195455 0 0 0.157841 0.0143288 0.107336 0 0 0.0174211 0 0.00253354 0 0 0.0806977 0.0470494 0 0.00934108 0 0.0490773 0.379989 0 0.000376479 0 0.012645 0 0 0 0 0.000396611 0.167412 0.100778 0.138428 0 0.260046 0.0423637 0.0951781 0 0.0946857 0 0 0.0551767 0 0.0214595 0 0.00194996 0 0.00844607 0 0 0.0663872 0.136747 0.132496 0.179706 0.00383012 0.173559 0.0894591 0 0 0 0.0847724 0 0.0893137 0 0 0 0.00334354 0.46456 0 0.493599 0 0.00257197 0 0.00255402 0 0.193151 0 0.0780328 0 0.0514421 0.0690867 0 0.0498835 0 0.0334815 0.0514215 0.0713513 0 0 0.0994191 0 0.0172962 0 0.0507144 0 0.0883132 0.111824 0.156116 0 0 0 0.00914577 0 0.00164768 0.178017 0.0375271 0 0.0471555 0 0.000218201 0 0.0470692 0.0563637 0.0305669 0.000974454 0.149427 0.0217043 0.116714 0.0920327 0 0.111257 0.0422563 0 0 0.0156116 0.0483488 0 0 0.00410604 0.0524732 0.0517062 0.0597732 0.0500418 0.082587 0.17393 0.332153 0.0320172 0.151218 0.0705652 0.0604604 0.100711 0.149036 0.0927517 0.129727 0 0.0877708 0.00264978 0.0819248 0.00391109 0.112294 0 0 0.07162 0 0 0.0365269 0.0773475 0 0.071087 0 0 0 0 0.00311742 0 0 0.127652 0.0783467
83 8.84113 0.0375989 -0.024806 -0.0865098 0.30988 -0.0984914 10.4059 -0.466863 0.023502 0.154046 0.433179 0.0694231 -0.404886 0.0587164 -0.179032 -0.508467 0.0460341 0.163435 0.0207279 -0.103021 0.0443795 -0.212365 0.0565959 0.0432263 0.0448797 0.0290436 0.124004 0.0628656 -0.0968304 -0.0532151 -0.0362098 -0.105972 0.0290838 0.0514282 0.171179 -0.0154353 0.00687984 0.151304 0.0244267 0.055393 0.429784 0.223989 1.41732 0.19365 0.657366 -0.0172198 0.0949169 0.151017 -0.0532534 -0.0531458 0.1477 -0.153104 -1.31684 0.469696 0.681759 -0.0571581 -0.00504772 0.0232829 0.476101 0.347933 0.0961357 0.129136 0.997938 0.477406 2.30576 0.101923 -6.36848 -0.309092 -5.11609e-09 0.360691 -5.15215 1.25195 1.14848 1.3809 -0.360704 -2.60349e-09 0.700766 -1.79863 0.171346 -1.78094 -2.42777 0.171135 0.341937 0.0540959 0.515925 -0.414705 -0.262759 -2.61606e-09 0.0474759 9.37896e-10 -0.705381 -0.343508 -0.359346 6.2425e-09 0.511427 5.95484e-10 0.264189 -0.318989 0.347134 -0.3267 -0.125649 -1.04711 0.457206 1.60092e-09 -2.12512e-11 -1.47167e-10 -0.739315 -0.846506 -0.601427 1.45206 -0.323412 -2.68582 1.54555 0.316756 0.898196 10.4072 0.035889 0.0828503 1.09644 0.023117 0.0223471 0.0224733 0.00839045 0.0161866 0 0.0137129 0 0.217689 0 0.155896 0.0864344 0.125712 0.0780264 0.127281 0.0826034 0.00201335 0.0743201 0 0.137106 0 0.148862 0 0.351127 0 0.452101 0 0 0 0 0 0 0.00690736 0 0.465623 0 0 0 0 0.0893367 0 0 0.760614 0 0 0.174751 0 0.121128 0 0.00240588 0.0182334 0 0 0 0 0.00261596 0 0 0 0 0.0140157 0 0.0215052 0.0117585 0.0182999 0.00167614 0.01105 0.150883 0.00961176 0.0941555 0.0117642 0.0929409 0.0657809 0.13885 0.0356042 0.0251602 0.00727987 0.177771 0 0.0119797 0.0298466 0.0324091 0 0.0121968 0.101943 0.0437639 0.00159336 0.000258112 0.134691 0 0.103585 0 0.132555 0 0.229533 0 0 0.0212562 0.130205 0 0.128239 0 0.00325462 0.0322918 0.148972 0.302684 0.619359 0 0.0672549 0 0.0139481 0 0.309821 0 0 0 0 0 0.919561 0 0.868145 0 0.562561 0.0909364 0 0.179677 0.00350682 0 0.111918 0.459063 0.544675 0.136643 0 0.352393 0 0.283876 0 0.0434641 0 0.00206444 0.055527 0.050829 0 0 0 0.0107375 0 0 0 0.0227433 0.00922422 0.00411068 0 0.38968 0 0.583568 0.197632 0.0754649 0 0 0.623299 0 0 0 0 0 0.029299 0.0431352 0.029435 0 0.0470708 0.0476953 0.0488863 0 0.0469652 0 0 0.459428 0 0.498519 0 0.0300545 0 0.0691665 0 0.00450291 0 0.78299 0.0729589 0.653401 0 0.499021 0.140374 0 0 0 0.146719 0 0.271673 0 0 0.0519139 0 0.396947 0 0.727337 0.00272772 0.0338902 0 0.00116521 0 0.847066 0.013803 0.0992276 0 0.0578697 0.173625 0 0.632109 0 0 0 0.541872 0 0 0.217152 0 0.00950451 0.610111 0 0.328151 0 0.036625 0.161249 0 0 0 0.00570161 0 0.0634336 0.0478057 0.0205109 0 0.0817093 0 0.164517 0 0.168712 0.420596 0 0 0.594015 0.152313 0.162249 0.0166082 0 0.114056 0.543254 0.0924811 0 0.0618339 0 0 0 0.0458158 0 0.115461 0 0.13562 0 0.359625 0 0.0638436 0 0.173142 0 0.208065 0 0.223461 0 0 0.636868 0 0.752358 0 0.773707 0 0.120717 0.0769282 0.273044 0.0827387 0.00807171 0.0348102 0.0119091 0.172348 0 0.0120464 0.0416228 0 0 0 0 0.0331238 0.0997427
84 8.87447 0.0338496 0.0264517 -0.0716164 0.313089 -0.0974618 10.4412 -0.418664 0.0278054 0.125579 0.178176 0.0961585 -0.383953 0.0110008 -0.240911 -0.484931 0.0888899 0.156871 0.00652967 -0.103021 0.0637954 -0.257182 0.0713891 -0.0135728 -0.0372943 0.0309001 0.0972618 0.0579407 -0.0762508 -0.0602158 -0.0356377 -0.105708 0.0188757 0.0518101 0.154777 -0.0245158 -0.00628077 0.150858 0.040568 0.0566174 0.433066 0.186845 1.41924 0.205447 0.67649 -0.0127371 0.106246 0.15113 -0.0489238 -0.0528171 0.0998712 -0.17896 -1.35001 0.479212 0.645728 -0.0883453 -0.00249289 -0.0101194 1.32975 0.267558 0.0667539 -0.0307144 1.06449 0.648976 0.164304 -0.560502 -5.14056 0.83508 -1.31159 -4.86454 2.11196 1.47292 1.23264 -0.420355 -0.0908591 -8.7731e-10 -0.668577 -0.827641 0.209549 -0.548867 -0.735182 -0.115061 -0.887757 -0.0567258 0.478371 -0.0607102 0.094513 -1.19377e-09 -1.01887 -0.0756459 -0.480379 0.544921 -0.244827 7.34187e-09 0.186225 4.01277e-10 -0.334224 -0.646784 -0.115922 0.0587771 -0.185089 0.873175 -0.0230046 5.06781e-09 0.301663 -2.43646e-10 0.0825085 -1.48538 -0.787835 -0.00111283 -1.26464 0.463393 0.0709868 0.317834 0.899094 10.4436 0.0312949 -0.0547058 1.07351 0.0352437 0.00459896 0.0360351 0.00265257 0.036635 0.0162158 0.0171184 0 0.0158115 0 0.127601 0.0734605 0.101191 0.0525534 0.0896005 0.0566578 0.0212252 0.0818951 0 0.0344522 0 0.0183404 0 0.0326001 0 0.0645194 0 0 0 0 0 0 0 0 0.00979921 0 0.00362292 0.00178431 0.110078 0.0533283 0 0 0.000153159 0.0222904 0 0.0478829 0 0.0181581 0 0 0.0243314 0 0 0 0.0124956 0 0 0 0 0 0.00267979 0.027164 0 0 0.00664889 0.00926827 0.0191188 0.0487707 0.0169459 0.00891004 0.0261847 0.00516812 0.112869 0 0.0216633 0.0575882 0.0291782 0.0713203 0.00206421 0.0165174 0.0229508 0.0531108 0 0 0.0770103 0.0537228 0.000911198 0 0 0.0916125 0 0.0635554 0 0.067887 0.0407515 0.06154 0 0 0 0.0699745 0 0.0706863 0.00733678 0.00908487 0.0763594 0.0137082 0.369844 0 0.09316 0.0289639 0.00406023 0.0163729 0.0624301 0 0 0 0 0 0.349983 0.00473353 0.299544 0.026266 0.203499 0.0631331 0.04669 0.0571444 0.0386826 0 0.0577741 0.058656 0.104649 0.0270327 0 0.0750135 0 0 0 0.0628046 0 0 0.106917 0.012571 0.203094 0 0 0.035303 0 0.00862563 0 0.00536023 0.121328 0.0926106 0 0.00700749 0 0.00393366 0.372264 0.023129 0 0 0 0 0 0 0 0 0.144869 0.0748336 0.0745491 0 0.128171 0 0.0748705 0 0.0737457 0 0.00409127 0 0 0 0 0 0 0.0413165 0 0.00208599 0.0467314 0.0112629 0.122423 0.145404 0.0311486 0.129882 0.0378967 0 0 0 0.0584397 0 0.0532488 0 0.00414451 0 0.0677399 0.0294173 0.0502987 0 0 0.0126623 0 0.00647319 0 0.0278008 0 0.085082 0 0.078099 0 0.0909591 0 0.128959 0.0258509 0.0604522 0.003998 0.0900818 0.139105 0.206302 0.0040488 0.0227303 0.0488488 0 0.00149482 0.000443615 0.0404574 0.186701 0 0.000884512 0 0.0197357 0 0 0.168674 0.0208435 0 0.0941996 0.000939593 0 0.159033 0.167704 0.0511651 0 0.0118926 0 0.0412066 0.0130811 0.0706671 0 0.0440355 0.671427 0 0 0.0779861 0.021519 0 0 0.0600178 0.0254582 0.0583628 0 0.0621787 0 0.199376 0 0.0509543 0 0.0800234 0 0.110982 0 0.109964 0 0 0 0 0.00979302 0 0.0507528 0.000384583 0.0194777 0.0331366 0.00301591 0 0.0742851 0.0587729 0.0448987 0.0408023 0 0 0 0 0.00578383 0 0 0.150117 0.0983099
85 8.9078 0.0389754 0.0728712 -0.0707949 0.315368 -0.100679 10.4777 -0.397289 0.022101 0.116895 0.102106 0.152337 -0.400629 -0.104745 -0.298555 -0.499102 0.126854 0.14591 0.0119003 -0.103021 0.0307481 -0.290426 0.0709082 -0.0237978 -0.0507256 0.0236519 0.0663283 0.06045 -0.0691726 -0.0617109 -0.0271781 -0.104729 -0.0289208 0.0333368 0.140883 0.0153915 0.0178375 0.150681 0.046896 0.0570968 0.436088 0.13571 1.40917 0.246192 0.692164 -0.0262904 0.0924275 0.151077 -0.0509662 -0.0529722 0.0792552 -0.20948 -1.3804 0.470241 0.622736 -0.0797141 -0.00260234 0.345841 1.34628 0.0047028 -0.0227245 -0.048898 1.13152 0.865306 -0.138814 -0.0513131 -0.793169 1.39397 -4.08053e-09 -4.29849 -3.39617 -0.862152 0.880628 -0.315752 0.291341 -9.76041e-10 -0.760033 -0.90726 0.109288 -0.55072 -0.733428 -0.590942 -0.917534 0.0188994 0.147959 -0.0772894 0.215589 -2.06096e-09 -2.06147 -0.84637 -0.463584 2.06636 0.904267 3.06755e-09 -0.378309 4.03329e-10 -0.224038 -0.380876 -0.292032 -0.0108928 -0.0751277 -0.0314973 -0.436834 5.67735e-09 -4.23844e-10 -4.45629e-10 0.668123 -0.697633 -0.668731 -0.117824 -0.317627 0.391801 -0.217704 0.318537 0.896165 10.4777 0.0240475 -0.0984438 0.979345 0.0347692 0.0157069 0.0289702 0.00663892 0.0219354 0.0100283 0.0220666 0.00927597 0.012069 0.0145023 0.181843 0 0.165275 0 0.164879 0 0.0622837 0.0610352 0 0.00331538 0 0 0 0 0 0 0 0 0 0 0.00820279 0.0719749 0.0142677 0.0785915 0.015001 0.0847617 0 0 0.142518 0.0299215 0 0.0443038 0 0.0678329 0.0316337 0.0421991 0.0058552 0.00806355 0.00802009 0.0582619 0.0441283 0 0 0.0230649 0.0113112 0.0221761 0 0.0271508 0 0.00711794 0 0.00567335 0 0.0164458 0 0.00880087 0 0.133849 0 0.0888694 0 0.0787431 0.0223915 0.125475 0.00300593 0.0314704 0 0.154482 0.0121251 0.0106853 0.0187371 0.0280485 0.017426 0.00176299 0.0418172 0.0266079 0.00151359 0.000192895 0.176489 0.0999839 0.179021 0.0753167 0.167407 0.0802806 0.209192 0.0742666 0.0340491 0.00945177 0.199981 0.0735248 0.200509 0.0770426 0.0264122 0.0244034 0.0366728 0 0.393256 0 0.0673847 0.00603737 0 0.0128001 0 0.0548649 0 0 0 0.0668031 0.371211 0.163015 0.300892 0.112261 0.180308 0.0512371 0.0214853 0.00902165 0.0294076 0 0.137133 0.000777719 0.192374 0.0166042 0.00528899 0 0.000562433 0 0 0.0805975 0 0.0138826 0.163367 0.0251797 0.261188 0.0188458 0.0132214 0.036338 0 0.0207935 0 0 0.0515079 0.0669543 0.00245678 0 0.0197518 0 0.443592 0 0.000319012 0 0.0110235 0.0801507 0 0.0612496 0 0.0523287 0.233894 0.0847146 0 0 0 0 0.0210265 0.00764764 0.0194258 0.0032251 0.0144534 0 0.000634937 0 0.0522913 0 0 0.0970935 0.00195195 7.12027e-05 0.0969677 0 0.0366909 0.176332 0.0419959 0.100912 0.0189202 0 0 0 0.0138103 0.0632822 0 0.0957491 0.0436789 0.00535319 0.311081 0.0493063 0.24819 0.0357303 0 0 0 0.018227 0.0704059 0 0 0.111134 0 0.134802 0 0.0521821 0 0.0339374 0.0891067 0.051657 0 0.0180672 0.167801 0.0716171 0.0260441 0.0716797 0.50698 0.00561481 0.0309499 0 0.0863878 0.18365 0 0.0220755 0 0.0690648 0 0 0.247807 0.0293414 0 0.079275 0.010341 0 0.179865 0.01263 0.00129324 0.0260716 0.0759155 0 0.0625564 0.0020952 0.123259 0 0.0841392 0.894284 0.029282 0 0.0632071 0 0 0.00839873 0.0300591 0 0.0257427 0.0297207 0 0.0276703 0.0696855 0.25934 0 0.0552375 0.01799 0.0364893 0.0409685 0.0610892 0.0300516 0.0973674 0.0744558 0 0.0825652 0 0.128457 0 0.0254666 0.011923 0.00795745 0.0562533 0.0199755 0.0173888 0.0439069 0.0185273 0.0154318 0.0449036 0 0 0 0.0222977 0 0.0648934 0.204674 0.110645
86 8.94113 0.0426154 0.0661125 -0.0749853 0.31687 -0.101454 10.5136 -0.397682 0.0316602 0.123692 0.16467 0.176357 -0.399539 -0.0817461 -0.463878 -0.490737 0.153009 0.122201 0.018168 -0.0799565 0.0353999 -0.248274 0.0623999 -0.0997151 -0.132788 0.0254145 0.055293 0.0699331 -0.0759405 -0.0528519 -0.0230436 -0.104018 -0.0574923 0.0143253 0.136769 0.0628125 0.0344463 0.138983 0.0416712 0.05693 0.392964 0.120302 1.40408 0.188272 0.675832 -0.0592972 0.0828031 0.151077 -0.0509662 -0.0529722 0.0936714 -0.226063 -1.39255 0.478441 0.626865 -0.0905489 -0.0403661 0.0338298 -0.860249 -0.296918 -0.0641038 0.128398 1.0492 0.0484529 0.0946794 0.675733 2.23949 -2.18121 0.423921 0.656053 19.6891 14.1792 0.61738 -0.934452 0.374573 0.982835 1.25827 1.94227 0.271346 -2.51324 -3.4223 0.0298662 -0.37466 0.266132 -0.00686182 0.18198 0.372329 -1.39343e-09 -1.80108 -1.11003 -0.190871 2.55439 1.11098 -1.24173 0.635088 4.59617e-10 0.0225425 -0.854501 -0.374166 -0.377156 0.737855 -2.16256 0.353681 8.06545e-09 -5.78786e-10 -7.40852e-10 0.746029 0.290549 -0.21281 0.162331 -0.632329 -0.641307 -0.0911756 0.318803 0.895498 10.5104 0.0022721 0.0891225 0.966876 0.0394407 0 0.0430755 0 0.0571325 0.0182079 0.00504731 0 0 0 0.22565 0.140252 0.171455 0.0983655 0.154994 0.0946605 0.0641046 0.053248 0 0 0 0 0 0 0.00333281 0.00120468 0 0 0 0 0 0.00430782 0 0 0 0 0.00168175 0 0.247901 0.0817077 0 0 0.351667 0 0.0485225 0.0314442 0.0558819 0.0168642 0 0.0624743 0.0440199 0.000407039 0 0.00344501 0 0 0 0.00887835 0 0.00286379 0.0011735 0 0 0.00225089 0.0048717 0.00199602 0 0 0 0 0 0 0.00235226 0 0.0165496 0.00116948 0 0 0.0140112 0.00617591 0.0314523 0.00976546 0.00630538 0.0180736 0.070344 0 0.00235791 0.000492308 0.267408 0.22503 0.244456 0.160952 0.232673 0.165131 0.282198 0.15909 0.0113262 0.0457087 0.287884 0.138963 0.267616 0.124857 0.0213146 0.0402619 0 0 0.370519 0 0.0340232 0.113849 0 0.0491157 0 0.0150084 0 0 0 0 0.508013 0.00322946 0.390733 0.0897476 0.141572 0.194487 0 0.0970358 0 0 0.0707404 0.066161 0.127654 0.0527033 0.0690797 0 0 0 0.0115691 0.0303833 0 0.0133001 0.0765242 0 0.383397 0.0229961 0 0 0 0.0142368 0.00411235 0 0.206364 0.163298 0 0 0 0.0030981 0.439174 0 0.000805125 0 0.0836454 0.00662155 0 0.0256738 0 0.00751211 0.122108 0.0408358 0 0 0 0 0.00131474 0.00255409 0.000480883 0.00252974 0.00249618 0 0.00109882 0.0104016 0.0625154 0 0 0.0619706 0.00216239 0 0.0164236 0 0.221787 0.215701 0.140831 0.206973 0 0 0 0 0.0499782 0 0.000849355 0 0.00696526 0 0 0.205728 0 0.221511 0 0 0 0.022928 0.00200327 0.0361938 0 0.111867 0 0.0727785 0.382888 0 0.577642 0 0.044721 0 0.425418 0 0.263387 0.0524898 0 0.0431741 0.550025 0.425873 0.018058 0 0.0952722 0.169271 0 0.000593468 0 0.018848 0 0 0.150478 0.0119792 0 0.0361668 0 0 0.39271 0.00898882 0.00794538 0.041839 0 0.0260962 0.0172745 0.0308596 0.0764395 0.021169 0.178431 0.583791 0.0855862 0 0.117755 0 0 0 0.0934422 0 0 0.0307718 0 0.0200875 0 0.245696 0 0.0492496 0 0.0294592 0 0.0653277 0 0.0560181 0 0 0 0.00711348 0 0.0074639 0.000241138 0.00997038 0.0349716 0.0322329 0.00372154 0.0257391 0.0982653 0.106683 0 0 0 0 0 0.0107745 0 0.0397627 0.207229 0.0968256
87 8.97447 0.0430352 0.0458958 -0.0673563 0.318896 -0.0978637 10.548 -0.400341 0.0314125 0.118844 0.25269 0.100477 -0.354014 -0.0433663 0.0243289 -0.07118 0.144319 0.0958792 0.00815841 0.0016218 0.0857252 -0.197463 0.0632522 -0.212952 -0.268928 0.0329778 0.044016 0.067024 -0.0867367 -0.0345039 -0.0186732 -0.10411 -0.0314551 0.0114847 0.142519 0.0547389 0.0261583 0.100808 0.0500997 0.0583978 0.405508 0.0788715 1.39108 0.19956 0.703753 -0.0634454 0.0874155 0.151088 -0.0505399 -0.0529398 0.103415 -0.299303 -1.3857 0.360405 0.58032 -0.084715 -0.0854291 -0.0590384 -0.620294 0.298467 0.012022 0.154551 1.06699 0.222873 -0.00038363 -0.253277 2.39555 -2.06484 2.00947 0.837419 -0.232605 13.2405 -0.221747 -0.538167 -0.272789 2.55345 1.60803 0.930516 -1.04741 -3.71161 -3.77059 0.0531908 -0.336434 -0.0708845 -0.144772 0.405693 0.120206 -2.14531e-09 -0.508347 -0.0615985 0.210969 1.091 -0.309682 0.0429145 3.28975e-11 6.24119e-11 -0.423604 0.311685 -0.63577 0.14396 1.9439e-10 0.431749 0.250814 8.28499e-09 -1.26361e-09 -8.20879e-10 0.92909 -0.459181 0.0224889 -1.42267 1.80042 2.64058 -1.91882 0.31916 0.898987 10.543 0.0140739 0.105721 0.987282 0 0.0736776 0 0.0874496 0 0.0881111 0 0.0427775 0.00106844 0 0.229945 0.0267683 0.227297 0 0.247881 0 0.129783 0.045024 0 0 0 0 0 0 0 0 0 0 0 0 0 0.0264917 0 0.00268056 0.000483477 0.0106778 0.00370355 0.00210339 0.346107 0.0324401 0 0.0676182 0.116103 0 0.0805841 0.0671157 0.0188119 0.0243631 0.0130835 0.0555226 0.0256921 0 0 0.0208408 0 0.0130247 0 0.0163168 0 0.00188529 0.000628501 0 0 0 0 0 0 0 0 0 0 0 0.0101549 0 0.00180357 0 0 0 0.0283374 0.00239455 0.0304528 0.00357766 0.0859904 0.0093483 0 0 0.00229637 0.000211408 0.219699 0.160838 0.200829 0.112308 0.192194 0.115398 0.243654 0.120472 0.0266936 0.028462 0.251771 0.102388 0.243786 0.0936577 0.0441054 0.0382099 0 0.0274058 0.350497 0 0.0319963 0.104028 0 0.0412323 0.00308121 0.0355609 0 0 0 0 0.594678 0.057417 0.440146 0.12086 0.162041 0.177331 0 0.0950674 0 0.0171473 0.0663191 0.0713459 0.173039 0.055197 0.0101963 0 0 0 0.0323636 0.00281316 0 0.00995205 0.15658 0.0421784 0.342582 0.0553267 0 0.0371278 0 0.0207527 0 0.00358499 0.181989 0.220684 0 0 0 0.0111171 0.515871 0.0166713 0.00220499 0 0.114094 0.00968709 0 0.0383142 0 0.0338994 0.153215 0.100181 0 0 0 0 0 0.00856716 0 0.0126985 0 0 0 0 0.0575737 0 0 0.0536062 0.00337131 5.05208e-05 0 0.0682061 0.0855892 0.268483 0.105256 0.205971 0 0.0128579 0 0 0 0.126585 0 0.109587 0 0.0146654 0 0.0440907 0 0.0500632 0 0 0 0.0123652 0 0.0112905 0 0.111536 0 0.0923206 0.17223 0 0.274962 0.00920631 0.00552078 0.036711 0.292589 0 0.279092 0.0366806 0 0.0216995 0.549236 0.252859 0.0311243 0 0.0534728 0.253909 0 0 0 0.0102568 0 0.0689433 0.21183 0.0498013 0 0 0 0 0.445908 0 0.0377712 0.0326423 0 0.00528993 0.0266672 0.0360998 0.170513 0.014324 0.134679 0.333236 0.117778 0 0.0794408 0 0.00686112 0.0294793 0.062558 0 0 0.00521691 0 0 0 0.0333625 0 0 0 0 0 0 0 0.00423628 0 0 0 0.0115643 0 0.00815439 0 0.0642797 0 0.215419 0 0.0813679 0.037925 0.134984 0 0.0539698 0 0.00422386 0 0.00317446 0 0.0259138 0.227503 0.150263
88 9.0078 0.0419696 0.0410146 -0.0323465 0.322623 -0.0873594 10.5844 -0.352452 0.0296181 0.0809063 0.252926 0.0806038 -0.331534 -0.0404953 -0.00114764 0.0311136 0.0782149 0.111401 -0.0298839 0.15799 0.306997 -0.207063 0.133721 -0.456885 -0.484065 0.0207817 0.0367176 0.0438075 -0.0756451 -0.0383545 -0.0214778 -0.104033 -0.0451591 0.0103456 0.139995 0.0701925 0.0112145 0.13056 0.0422868 0.0572112 0.380184 0.16407 1.37084 0.147503 0.691524 -0.0533942 0.0833783 0.151088 -0.0505399 -0.0529398 0.115106 -0.316849 -1.38434 0.317933 0.635982 -0.00657964 -0.0559231 -0.124189 -0.420161 0.857615 0.053552 0.509561 1.10756 1.88063 0.281519 -0.869893 -0.804557 1.27688 0.423569 0.360203 -1.92439 -2.6226 -2.44938 0.732277 -1.07804 4.73285 10.4369 -0.515858 -0.229986 -10.0735 -12.425 -0.456447 0.0548262 -0.279367 0.459008 -0.115144 -0.309644 -2.66807e-09 0.409027 0.462672 -0.0880377 -0.594015 -1.05361 -0.424827 0.58542 3.39116e-10 -0.0531568 -0.0901827 -0.283426 0.117001 1.00296 -0.908892 0.620823 7.6359e-09 -1.095e-09 -8.13061e-10 -0.402823 0.707069 -0.153142 0.198164 2.35821 1.48231 -0.15468 0.319913 0.908636 10.5772 0.0226679 0.431071 1.06622 0.0114166 0.0311115 0.0052771 0.0373065 0.00953112 0.031357 0 0.0152407 0.0415362 0 0.250134 0.037999 0.224171 0.00476233 0.225604 0 0.0841792 0.0392109 0 0.0487811 0 0.0324558 0 0.079545 0 0.110708 0 0.00357274 0 0.00760784 0 0 0 0 0.147799 0 0.0100848 0 0.294125 0.0423529 0 0 0.270925 0 0 0.0390177 0 0.0237492 0 0.030123 0.0108471 0 0 0 0 0.00152377 0 0 0 0 0 0 0 0.0035812 0 0 0 0 0 0 0 0 0 0 0 0 0 0 0.0138919 0 0.0090598 0 0.055009 0 0 0 0.000928961 0.000374525 0.131509 0.0821121 0.0922982 0.063103 0.118918 0.0672048 0.235987 0.0552219 0.052122 0.0397994 0.155434 0.103992 0.154817 0.10045 0.0435265 0.036029 0.0143211 0.198744 0.455758 0 0 0 0 0.000371322 0.0527443 0 0 0 0 0 0.88149 0.0151743 0.764262 0.0116061 0.200722 0.0327765 0 0.02157 0 0 0.0388089 0.0957286 0.454822 0.0672259 0 0.0980841 0 0 0 0.0119394 0 0 0.151525 0.0625014 0.333886 0 0 0.0723942 0 0.00724395 0 0.0197417 0.138645 0.13056 0 0.0246623 0 0.0320829 0.544385 0.0338968 0.00325306 0 0.525499 0 0 0 0 0.00750073 0.117179 0.142705 0 0 0 0.0947365 0 0 0 0 0 0.00391828 0 0 0.00941367 0.0198242 0 0.0437787 0 0.00113797 0 0.100076 0.0600039 0.181819 0.140601 0.24615 0.046098 0 0 0.000284568 0.0144114 0.0095205 0.00694375 0 0 0 0.0247467 0.0998954 0 0.0992784 0 0.0136781 0 0 0 0.12383 0 0.145101 0 0.135041 0.0730894 0 0.165322 0.00909334 0 0.0670432 0.395066 0 0.263881 0.125818 0 0 0.446226 0.057079 0.323005 0.0976785 0.0206989 0.205955 0 0 0 0.0154685 0 0.109575 0.208028 0.0408739 0 0.0164876 0 0.00279878 0.422266 0.0203663 0.264238 0.00481401 0 0.031612 0.0956804 0.0288704 0.169841 0 0.107237 0 0.0344937 0 0.0844401 0 0.00213579 0 0.0804456 0 0 0 0 0 0.0428838 0 0 0 0.0224667 0 0.0276564 0 0.013885 0 0.0321184 0.0556144 0 0.0730294 0 0.0936595 0 0.0490662 0 0.234242 0 0.0704834 0.0633358 0.0617418 0.00431273 0 0 0.0202874 0 0 0 0 0.201213 0.115827
89 9.04113 0.0318886 0.0475818 -0.0131028 0.325052 -0.0717047 10.6213 -0.267724 0.0355654 0.0576893 0.194576 0.137201 -0.335199 -0.0327726 -0.0577301 -0.0569136 -0.0554262 0.136976 -0.0419582 0.397949 0.665981 -0.205846 0.163568 -0.478287 -0.609749 0.00941603 0.0268545 0.038551 -0.0554948 -0.0376666 -0.026083 -0.103853 -0.0602546 0.00556139 0.142906 0.0797344 0.00368978 0.149976 0.0509908 0.0572802 0.370328 0.195721 1.35344 0.167995 0.701876 -0.0487563 0.0835753 0.151058 -0.0516838 -0.0530266 0.116493 -0.336626 -1.37915 0.238748 0.636274 -0.00163624 -0.0619526 -0.623826 -0.390082 0.259632 -0.0283285 0.445875 1.1297 2.70998 0.366024 -0.126983 -1.50235 1.88166 0.0189091 0.0425575 -2.09333 -2.99416 -3.26329 0.759707 -0.0624149 5.69731 12.3296 -1.5906 -1.87686 -0.677757 -1.39782e-08 -0.184066 -0.149076 0.0615531 0.761039 0.128562 -0.1305 -1.73192e-09 -0.736984 -0.0617661 0.186386 0.594996 -0.355476 0.891265 1.69552e-10 2.04856e-12 0.162462 1.54182 -0.85926 0.164704 8.21109e-11 0.38023 -0.0137047 7.00196e-09 -3.86307e-10 -2.50932e-10 -0.713608 0.691332 0.0262843 0.00618833 1.18984 1.78696 -1.25331 0.320696 0.923547 10.6138 0.0230221 0.403675 1.11034 0.0440697 0 0.0303913 0 0.0276452 0 0.0197139 0 0.0930282 0 0.119562 0.0730588 0.0971749 0.0650729 0.0902744 0.0846073 0.0752833 0.0389346 0 0.0835134 0 0.052961 0 0.11329 0 0.155659 0 0 0 0.00757067 0 0 0.00156776 0 0.091333 0 0.0136926 0 0.203831 0.00450046 0 0 0.259378 0 0 0.095366 0 0.0486175 0 0.0176675 0 0 0 0 0.00102849 0 0 0 0 0.000429458 0 0 0 0.00621952 0 0 0.0747731 0.021687 0.0668136 0.00257423 0.0746865 0.00949909 0.160062 0.030291 0 0 0.115883 0.0313248 0.0126864 0 0.0135501 0.00351802 0.0382115 0 0 0.0141962 0.000565888 0 0 0.0532984 0 0.0368623 0 0.0417086 0.0342657 0.0256985 0.0147437 0 0 0.0588997 0 0.0594585 0.0282719 0.0295749 0.0270925 0.168765 0.1343 0 0.0278041 0 0.0178973 0 0.123987 0 0 0 0.000123342 0 0.503482 0.0070548 0.323382 0.0172536 0.0910841 0.047782 0 0.0378533 0 0 0 0.185388 0.0503797 0.135672 0 0.159565 0 0 0 0 0 0 0.157218 0.0566311 0.339943 0 0 0.0320651 0 0.00210431 0 0 0.0842646 0.0285695 0 0.0257455 0 0.0445191 0.530565 0.0369122 0.00184813 0 0.162443 0 0 0 0 0.0116472 0.192176 0.103374 0.0764533 5.22509e-05 0.120159 0.0701532 0.0659236 0 0.0636302 0 0 0.00974707 0 0 0 0.0197425 0 0.0118305 0 0.00370461 0.133132 0.108036 0.257676 0.0816267 0.0746543 0.214568 0.0976859 0 0 0 0.124234 0 0.170458 0 0 0.0183193 0 0.128889 0 0.122907 0 0 0 0 0 0.212683 0 0.143927 0 0.113819 0.149636 0 0.145052 0 0.00207875 0.0435369 0.136646 0 0.202356 0.0503445 0.0106379 0 0 0.00766527 0 0.0417627 0.0661197 0.222003 0 0 0 0.0145166 0 0.00784575 0.251096 0.0377044 0 0 0 0.00660404 0.284671 0 0.0454145 0 0 0.0623161 0 0.053628 0.143464 0 0.159682 0.231344 0.127835 0 0.0991418 0 0 0 0.108211 0 0 0 0 0 0.163299 0 0.00516374 0 0.0626789 0 0.0860901 0 0.0491679 0 0 0.132782 0 0.152048 0 0.21518 0 0.0246418 0.0813707 0.0892384 0 0.157904 0.0292228 0.0185499 0.104372 0 0.00155653 0 0 0 0 0 0.206797 0.0983044
90 9.07447 0.0120053 0.0299801 0.012988 0.327318 -0.0607506 10.6594 -0.152593 0.0364471 0.0305166 0.1066 0.155663 -0.314892 -0.0285591 -0.0798438 -0.0872463 -0.145671 0.138344 -0.0588641 0.560229 0.654071 -0.133343 -0.0388577 -0.34865 -0.48051 0.0464756 0.00846495 0.0203479 -0.0957425 -0.016518 -0.0238094 -0.103031 -0.0239519 -0.0250432 0.182832 0.0606168 0.0275744 0.100418 0.041308 0.0575781 0.410334 0.184617 1.35115 0.156124 0.700394 -0.0252361 0.0775128 0.151278 -0.0431542 -0.0523788 0.109023 -0.32431 -1.38666 0.127519 0.629601 -0.034578 -0.0763541 -0.264605 -1.31149 0.741557 0.0619356 0.292886 1.13512 3.00748 0.0715947 -0.739214 -2.61832 0.688797 1.34202 -0.109394 -0.711527 -0.982125 -2.27455 0.367092 -0.730014 3.11038 -0.425449 -0.476041 -1.45378 2.44673 3.52555 0.849171 -0.291933 -0.375509 -1.43666 0.582915 0.0743398 -1.39837e-09 0.341288 -0.887547 1.06377 0.434987 0.683224 -1.72587 0.15868 2.48633e-10 -0.130359 -1.252 0.238587 -0.0330902 3.9467e-10 -0.112586 0.135097 8.0223e-09 -0.735869 -4.41481e-10 0.00207152 2.46713 -0.114615 -0.0725272 0.559144 0.370042 0.0238532 0.321888 0.934105 10.6499 0.0412798 0.267622 1.06666 0.0062915 0 0 0 0.0194678 0.0179083 0 0.0083767 0.0257881 0 0.0595403 0.149137 0.0548592 0.112539 0.0920698 0.0866934 0.0199317 0.0490707 0 0 0 0.00753096 0 0.0197161 0.00696711 0.0618728 0 0 0 0 0.098944 0.00701032 0.0790865 0 0.22911 0 0.0232979 0.0127007 0.233498 0.0521325 0 0 0 0 0.0160447 0.161381 0.0586812 0.117774 0 0.0450942 0 0.00372607 0 0.020497 0.0557626 0 0 0.0139656 0.000378959 0 0.0124327 0.0160063 0.0220335 0.017963 0.00577838 0.00989816 0 0 0 0 0 0.0076046 0 0.0145288 0 0.0208273 0 0 0.0046701 0.00839077 0 0.0072474 0.0499684 0.0384893 0.0472956 0.0511629 0.000958508 0.000522894 0.100598 0.191609 0.0943631 0.131096 0.103709 0.151701 0.0409316 0.128154 0.0540477 0.0106887 0.080717 0.15989 0.121637 0.148351 0.0180766 0.0264982 0.0336374 0.257718 0 0.117206 0.0397793 0.0606212 0 0 0 0 0 0 0 0 0.236787 0.312053 0.0449444 0.455907 0.0626163 0.183874 0.0179838 0.0364146 0.172613 0 0 0.205056 0.0642622 0.238064 0 0 0 0 0 0.0235644 0 0.0386251 0.24646 0.0562251 0.334607 0.0562072 0 0 0 0 0 0 0.148234 0.0798101 0.00706576 0.0060209 0.0407073 0 0.595441 0.0255529 0.00459004 0 0.13891 0.072929 0 0.0217784 0 0 0.244555 0.257956 0 0 0.0483244 0 0 0.0802078 0 0.092378 0.0970091 0.0054893 0 0 0.0370876 0.00573694 0 0.192229 0 0.00666769 0.0141688 0 0.21584 0.0225356 0.184548 0.193974 0.00183237 0 0 0 0.012535 0 0.0354323 0 0 0 0 0.350628 0.0616487 0.0653449 0 0 0 0 0 0.0790184 0 0.338652 0 0.155055 0.172619 0.0242579 0.139442 0 0.000366377 0 0.0517333 0.193317 0.159802 0.0637609 0 0 0.113593 0.193017 0.0740027 0.252477 0.122965 0.355104 0 0 0 0.00502818 0 0.0852021 0.325337 0.0976408 0 0.0644626 0.0592984 0 0.281929 0 0 0.0464619 0.0501638 0.0300854 0 0.141634 0.235972 0 0 0.324982 0.488592 0.0969487 0.0935585 0.00802225 0.0763868 0.0131758 0.121453 0.0204177 0 0 0 0.0110434 0.116715 0.0319408 0 0.0152463 0 0 0.00433588 0 0 0 0 0.115444 0.00872163 0.182721 0.00958527 0.172231 0 0.0263863 0.0524566 0.187883 0 0.267258 0.0155491 0.0893991 0.0672967 0 0.0152116 0.0249631 0 0.00713946 0 0.0202557 0.244293 0.118571
91 9.1078 0.0157152 0.00257774 0.0563605 0.330767 -0.0535456 10.6962 -0.0669076 -0.00538266 -0.0190878 0.0250862 0.150179 -0.242664 -0.026917 -0.080723 -0.089036 -0.239078 0.148907 -0.0881777 0.628005 0.829651 -0.139898 -0.057929 0.202647 0.0947962 0.0257428 -0.00556529 -0.0106451 -0.084368 -0.00475404 -0.0293741 -0.102773 -0.0208692 -0.05098 0.171157 0.0633125 0.049938 0.0918237 0.0292688 0.0572149 0.393432 0.184653 1.34332 0.217636 0.702388 -0.032105 0.038276 0.151089 -0.05049 -0.052936 0.304206 -0.389103 -1.32387 0.143492 0.620098 -0.00601781 -0.0481513 -0.00431433 -1.1618 1.21016 0.0959274 0.192956 1.05833 2.2257 -1.17471 -1.44911 -1.94049 0.0180129 2.47689 -0.0302524 -0.317351 -0.45362 -2.61162 -0.0491205 -0.588308 1.36692 -0.0469652 -0.642217 -5.8001 3.72448 2.91728 -0.438103 -0.344619 -0.768041 0.382547 0.417855 -0.280995 -1.59699e-09 -1.48914 -9.36395e-10 -0.0867264 1.31176 -0.684986 -0.42684 -1.01273 1.86197e-10 -1.03395 1.42344 -0.231406 0.322097 -0.324092 0.558388 -1.00799 4.44234e-09 -5.84023e-10 -3.23879e-10 -1.23547 1.43824 -0.19766 -0.233719 1.94679 0.903351 -0.409608 0.324219 0.94126 10.6852 0.0848969 0.185296 1.05341 0.0281763 0 0.00599244 0.0038306 0.0131431 0 0.00968666 0 0.000283104 0.0318603 0.063948 0.0811178 0.0551364 0.0796883 0.0489712 0.0862563 0.0424534 0.0468691 0.0191033 0 0.00162162 0 0.0688244 0 0.035029 0 0 0 0 0 0 0 0 0 0 0 0.0156696 0.00283301 0.177319 0.00150202 0 0.0403894 0 0 0.0373503 0.000457194 0.016826 0.0380616 0 0.033189 0 0 0 0.00947562 0.0178751 0.010403 0 0.00644399 0 0 0.0212233 0 0.000153597 0.0313277 0.0128735 0.0195296 0.0920968 0.0282441 0.148717 0 0.124304 0 0.0723395 0.0497334 0.0411343 0.019389 0.15948 0 0.0107391 0.00441989 0.0364089 0.0249424 0.0322032 0 0.0489459 0.0612307 0 0.00089526 0.122746 0 0.0914645 0 0.114672 0.00276754 0.111238 0.0464763 0 0 0.0728672 0 0.0772836 0.0259865 0.00575147 0.0219896 0 0.553273 0 0.25824 0.0357205 0.170763 0 0 0 0 0 0 0 0 0.326764 0.833751 0.310283 0.767265 0.225313 0.643011 0 0 0 0 0.261276 0.258419 0.295658 0.485347 0.0559907 0 0.00343149 0 0 0 0 0.00368576 0.119208 0.0712539 0.033639 0.0447702 0 0 0.000200359 0 0 0.013642 0.0358099 0.029594 0 0 0.0356853 0 0.320148 0.0893873 0.00117777 0 0 0.265604 0 0.0212549 0 0.000793465 0.141464 0.00277141 0 0.0186499 0.0308722 0.294173 0.0497305 0.0194921 0.0665848 0.0106444 0 0 0 0 0.0149573 0.0275365 0.0291747 0.0764779 0.000324582 0.00347445 0.284164 0 0.20074 0.134935 0.197178 0.118932 0.0197237 0.00966902 0 0 0 0.0285467 0 0.0584797 0.0135666 0 0.32317 0.0200721 0.395417 0 0 0.0056092 0 0 0.273526 0 0.059151 0.0329187 0.00248806 0 0 0.244692 0 0.186405 0 0 0 0.36126 0.214216 0 0.022377 9.54542e-05 0.00901823 0.12399 0.0386307 0.0519814 0 0.144915 0 0 0 0 0 0.053581 0.156582 0 0 0 0 0 0.203658 0 0.000592637 0.222562 0.161659 0 0.0853704 0.141308 0.0786315 0.000107559 0.259311 0 0.0548688 0 0.0794941 0.00872458 0.0181284 0.0134187 0.105086 0.0103139 0 0 0 0 0 0 0 0 0 0 0 0.000532897 0 0 0.170841 0 0.169712 0 0.203927 0 0.00159981 0 0.113179 0.128859 0 0.0709458 0.0362769 0.0117465 0 0.03387 0 0 0 0 0 0.00506934 0.122033 0.0345159
92 9.14113 0.00785195 -0.0485992 0.105802 0.335777 -0.0476969 10.7306 0.00406525 -0.0429714 -0.0806418 -0.026617 0.150425 -0.154463 -0.0159053 -0.0424146 -0.106239 -0.302616 0.114761 -0.12042 0.627366 0.287961 0.00799968 -0.0119402 0.37879 0.243723 0.0498217 -0.0244792 -0.0404646 -0.110223 0.0175316 -0.0405389 -0.102044 -0.0264292 -0.0506824 0.165782 0.0840423 0.0222384 0.0363452 0.00789246 0.0561607 0.389271 0.227424 1.35002 0.131879 0.658977 0.0768509 0.0477384 0.151338 -0.0406425 -0.0520306 0.199954 -0.266316 -1.36991 0.0740143 0.63867 0.0229909 -0.062268 -0.106159 -1.597 1.36259 0.224679 0.148265 0.995214 1.6326 -1.21185 -1.82926 -1.2424 0.225761 2.84463 0.190165 -0.633996 -0.851206 -2.00691 -1.51668 -1.04877 -1.24804 -11.8756 4.83796 -1.20503 1.24428 1.90639 0.427014 -0.651256 -0.805629 -0.641182 0.707462 -0.15687 -4.42512e-10 0.257205 -8.38567e-10 -0.324321 0.199351 -0.825454 -3.28227 0.618222 3.6674e-10 1.36357 -1.81136 0.760641 -0.290646 0.126781 0.108712 0.1146 8.5071e-10 -0.184667 -2.94562e-10 -0.60226 1.97902 -0.509304 -0.00149249 0.458435 0.499501 -0.191716 0.327678 0.946823 10.7205 0.110991 0.155766 1.06169 0 0.0207082 0 0 0 0.00863948 0 0.00582308 0 0.149134 0.182849 0.0692725 0.155504 0.0667385 0.117711 0.100945 0.0340136 0.0776447 0.177795 0 0.207723 0 0.270703 0 0.422017 0 0 0 0 0 0 0 0 0 0 0.257522 0 0.00771694 0.0118508 0.000679366 0.113306 0 0 0.52308 0.122901 0.00134094 0.124113 0.0179035 0.0708565 0.0531171 0 0.00381631 0.00696389 0 0.0605848 0.021089 0 0.00574023 0 0 0 0.0261298 0.0541181 0.0215012 0.0100314 0.0117221 0 0.0636364 0.00799539 0 0.0113623 0.0366267 0 0 0.00717697 0.0166951 0.00806739 0.0171307 0.00515128 0.0126756 0.00116772 0.0205261 0.039567 0.0794867 0.0571802 0.0597526 0.000404535 0.000221301 0.162906 0.160743 0.11178 0.0299282 0.141774 0.109707 0.128607 0.164036 0.0834395 0.0641044 0.107519 0 0.101652 0.109594 0.0483902 0.046379 0.0402904 0.572432 0 0.323036 0.0126532 0.0140411 0 0 0 0.0518297 0 0 0 9.26238e-05 0 0.860451 0 0.766441 0.246477 0.503464 0.0737113 0 0 0 0.295212 0.171152 0.328994 0.473465 0.106876 0 0.107122 0 0 0.0217602 0.0144856 0.00145321 0.108328 0.0814691 0.195779 0.0121482 0 0 0 0 0 0.000190802 0.0524309 0.121093 0.160821 0 0.236301 0 0.152457 0.0440525 0 0.0031122 0 0.549215 0.000365602 0 0 0 0.145388 0.124329 0.0606553 0.0181241 0 0.255534 0.0172214 0 0.023264 0 0.168736 0 0.131074 0 0 0.0106175 0.0986961 0.103679 0 0 0.430788 0 0.383176 0.228435 0.366864 0.114915 0 0.0340532 0.0167025 0 0 0.126939 0 0.197776 0 0 0.207342 0.0136525 0.355921 0 0 0.0415423 0.00528538 0.00608014 0.520447 0 0.0988211 0.140386 0 0 0 0.199468 0 0.683218 0 0 0 0.465161 0 0.0371414 0 0.0143396 0 0.283932 0 0 0.122376 0.176879 0 0 0 0 0.0383929 0.12833 0.129804 0.0215285 0 0.00664196 0.0516886 0 0 0.0203568 0 0.37534 0.303298 0 0.204896 0.0671834 0.188029 0 0 0 0.414203 0.0825436 0 0.00626206 0.108225 0.00816936 0 0.0157584 0 0 0.00785131 0 0.00551082 0 0 0 0 0 0 0 0 0 0.325295 0 0.516306 0 0.561494 0 0.0315983 0 0.172136 0.098828 0 0.13502 0.0809026 0.032524 0 0.123747 0.0525225 0 0 0 0 0 0.0696397 0
93 9.17447 0.00806037 -0.141797 0.109007 0.339029 -0.0478505 10.7648 0.0466739 -0.0466837 -0.0908148 -0.060576 0.00336362 -0.109702 -0.0637713 -0.0865748 -0.283451 -0.333208 0.111208 -0.0757072 0.501966 0.143385 0.0900755 -0.0176927 0.370822 0.252272 0.0506609 0.002147 -0.038175 -0.108762 0.0250814 -0.0259425 -0.100764 0.0230268 -0.0440028 0.143338 0.0702835 -0.0178007 0.102505 0.0512289 0.0556004 0.264988 0.199816 1.32842 0.269387 0.689011 0.0737784 0.0885107 0.0755586 -0.0233888 -0.0525824 0.419638 -0.246382 -1.37341 0.0939779 0.65698 -0.0279071 -0.045276 -0.256698 -3.05104 -0.0127274 0.210794 -0.171144 0.994864 1.06374 0.20823 -0.278248 -0.876044 -3.88911 -0.526753 0.259193 -2.72677 -5.23908 -0.505706 -0.411588 1.64596 -4.00826 -1.90985 0.724674 0.957895 -0.137595 0.0430041 0.192662 0.753145 0.159516 0.0757209 0.17794 0.481828 -6.6062e-10 1.75988 0.598635 -0.471159 -1.07682 -1.52629 2.70982 -0.0629302 9.2591e-11 -1.83126 4.0799 -1.57692 1.08561 -1.88617 2.2678 -1.1109 -2.08659 1.09271 -8.76761e-11 1.79238 3.01333 -1.6588 -0.0205195 0.957773 -0.649272 0.192668 0.331571 0.946565 10.7558 0.109677 -0.160317 1.06119 0 0.0228949 0 0 0 0.00557073 0 0.0175951 0 0.0590386 0 0.0829851 0 0.0936978 0 0.141869 0.0877461 0.0263841 0.0376373 0.151087 0.067641 0.120482 0.0190365 0.306188 0.0839595 0.333335 0.0033581 0 0 0.0150285 0 0.0593309 0 0.0596446 0 0.0402493 0.00281527 0.0180641 0.0510272 0.0163659 0.0325108 0 0.0931817 0 0.0894629 0.0331343 0.121182 0.0741625 0.0442728 0 0 0 0.0456164 0 0.0324653 0.0170773 0.0512498 0 0 0 0.00747061 0.027603 0.0121554 0.0418258 0.00536191 0.0262396 0.0146875 0.188621 0 0.0595529 0 0.130203 0 0.0559733 0.0311428 0.0264839 0 0.205992 0.0131788 0.00242427 0.0285921 0.0269155 0.0461189 0 0.0462453 0.118212 0.00127865 0 0.0659555 0.0475291 0.026242 0 0.0500854 0.080169 0.0083613 0.0906684 0 0 0.039527 0 0.0382096 0.0714853 0.0375662 0.00279644 0.126198 0.0699916 0 0.0123312 0 0 0 0 0 0 0 0 0.0286441 0 0 0.187419 0.0402804 0.0202965 0 0 0 0 0.0672735 0.103146 0 0.12328 0 0.0967062 0 0.0428693 0 0 0.0339728 0 0.0291241 0 0.0650085 0.193519 0.0445794 0.00286948 0 0 0 0 0 0 0 0.0389143 0 0.00130573 0 0.0110632 0.000386443 0.302715 0 0 0.0294207 0.0964464 0.0953179 0 0.0140643 0 0.135302 0.149049 0 0 0 0.0491688 0 0.000698423 0 0 0.0696196 0.0226183 0.0629222 0 0.0452028 0 0.223037 0.0770789 0.00695977 0 0.0624318 0.00865088 0.263011 0.191208 0.155486 0.0171208 0 0.0902101 0.0241184 0 0.0531259 0.00687799 0.148852 0 0.123581 0.0692952 0 0.291498 0 0.286884 0 0.00310506 0 0.00649053 0.126316 0.17426 0.159313 0.0772345 0.029669 0 0.398659 0 0.304457 0 0 0 0.466192 0 0 0.0818434 0.0324559 0.0310187 0 0 0 0 0.177072 0.127075 0 0 0.00324073 0 0.144184 0.120305 0.083581 0.159091 0.0306767 0 0 0.0322502 0 0.125176 0 0.0153898 0 0.17092 0 0.0493653 0 0.0448642 0.125227 0.197255 0 0.0588235 0 0.087764 0.0214939 0 0.0087508 0.0999576 0 0 0 0 0 0 0 0 0 0 0 0 0 0 0.113941 0.467995 0.176632 0.19633 0.116712 0.229268 0.0201904 0.00378108 0.0960923 0.119819 0.0408402 0.00286079 0 0.0323675 0.0793193 0.0249524 0.0115351 0.000965064 0.00182349 0 0.065925 0 0.0104615 0.0403425
94 9.2078 0.0201936 -0.217482 0.102171 0.340314 -0.0599034 10.797 0.0757033 -0.0500787 -0.0901528 -0.10105 -0.0466429 -0.119161 -0.0500297 -0.120564 -0.311322 -0.378693 0.104538 -0.000248762 0.382197 0.202669 0.0693988 0.0573604 0.365124 0.238006 0.0315423 0.00109386 -0.0323716 -0.0875606 0.048056 -0.0109613 -0.102604 0.0959991 -0.031809 0.130003 0.0315565 -0.0440508 0.139446 0.0423102 0.0536479 0.162736 0.232916 1.32679 0.338679 0.645755 0.0741005 0.0413184 0.152868 -0.0444424 -0.0484694 0.427968 -0.225568 -1.36847 0.215394 0.693613 0.0240427 -0.0779192 0.260362 -2.21528 -0.659487 0.18001 -0.497192 0.884236 0.0608094 -0.688286 0.231693 -2.29472e-09 5.81079 2.22896 4.05505 -19.3528 -14.1996 -1.98741 -0.592825 2.79998 -2.79826 1.55885 -0.696841 2.30487 0.374033 0.117581 -0.144732 0.303037 1.1052 0.264585 0.510479 -0.162066 -1.79579e-09 1.71924 0.344783 -0.155443 -0.727298 -0.65416 6.07234 -0.407416 1.70596e-10 -2.8731 8.21379 -1.56872 -0.0444182 -1.90693 0.442523 -0.796837 2.2181e-09 0.0892805 0.0342582 0.602972 1.20158 -0.518028 0.59682 -0.602608 -1.11495 -0.227414 0.335438 0.935472 10.7912 0.100749 -0.465979 1.0697 0.0181649 0 0.00634043 0 0.00802379 0 0.0108117 0 0 0.0604882 0.0854589 0.0229151 0.0808833 0.0118395 0.078892 0.0193595 0.0342175 0.000263058 0.0742505 0 0.0533351 0 0.124239 0 0.149824 0 0 0.00302113 0 0 0 0 0 0.00862 0 0.0758218 0.00221393 0.0049376 0 0 0.0206206 0 0.000331369 0.296169 0.163173 0 0.0896032 0 0.0245848 0 0 0.0223651 0.0130246 0 0.0343394 0.0256283 0.0256563 0 0.00495563 0 0.0191752 0 0.0441614 0.0387265 0.0261753 0.0206726 0.140777 0.0302252 0.10503 0.0181996 0.109561 0.0249722 0.178212 0.0668042 0.0460788 0.00734881 0.156394 0.0555258 0.00363582 0 0.0359871 0.0153697 0 0 0.109431 0.121301 0 0.000127826 0 0 0 0 0 0 0 0.024547 0 0.00434589 0 0.00410681 0 0.00782256 0.00537348 0.0119553 0.0736459 0 0.00219463 0.0133818 0.00613294 0.00645117 0 0 0 0.0614884 0 0 0 0 0 0.284256 0.0180602 0.0840902 0.11106 0 0.0215552 0 0 0 0.212664 0 0.155172 0 0.213921 0 0.0111402 0 0.0403821 0 0 0 0.0728462 0.143721 0.00500147 0.016312 0 0 0.00810587 0 0.00192367 0 0.00636338 0.0166736 0.0548577 0 0.104189 0 0.0720066 0.284277 0 0 0 0.147343 0.0228523 0 0.0341999 0 0.0258658 0.185126 0 0 0.00755989 0.0456747 0 0.0117987 0 0.0123555 0.0486272 0 0.0310554 0 0 0 0.134934 0.00338631 0.00587972 0 0.283845 0 0.169923 0.150653 0.149526 0.082562 0.000971248 0.0366455 0 0 0.00644894 0.0815105 0 0.135365 0 0 0.0577753 0 0.0530711 0 0 0 0 0.0106578 0.343633 0 0.150442 0 0.0797085 0 0 0.00130592 0.0157583 0.24811 0 0 0.0138208 0.0170787 0 0 0.0306856 0.0291392 0 0.0151633 0 0 0.203173 0.0224935 0 0 0.0141703 0 0.0416461 0 0.00847108 0.194513 0.0316586 0 0.0118136 0 0 0 0 0.0277696 0.0634327 0 0.0409859 0 0 0.140868 0.60048 0.100008 0 0 0.0162567 0.0839101 0.0202907 0.00214394 0.0193043 0.0613354 0 0.0486652 0 0.0423475 0 0.191006 0 0.0376645 0 0.0786355 0 0.105289 0 0.102474 0.202662 0 0.232071 0 0.282241 0 0.0323872 0 0.232873 0.0299585 0.04519 0 0.0238784 0 0 0.0662796 0.0385174 0.00768635 0 0 0.0349067 0 0.00308157 0.0514988
95 9.24113 0.02457 -0.235837 0.0543657 0.339121 -0.0703835 10.8312 0.113802 -0.0678014 -0.0540981 -0.100033 -0.0483422 -0.0701976 0.0244366 -0.303315 -0.347739 -0.387991 0.0647753 0.106568 0.190512 0.219662 0.164167 0.0800682 0.396741 0.264125 0.0205509 -0.00906941 0.0073531 -0.0653194 0.0666695 0.00354334 -0.101157 0.216072 -0.0301851 0.123635 -0.0661602 -0.0425306 0.158926 0.0317135 0.0523408 0.0920453 0.238982 1.33977 0.377524 0.607826 0.0855723 0.018266 0.152753 -0.0506931 -0.0508886 0.434031 -0.216798 -1.3844 0.191757 0.705324 0.0511296 -0.08693 0.0651275 0.504225 -0.971635 0.206287 -0.193114 1.06657 1.37772 0.269154 0.713459 -8.31415e-10 -1.34709 -0.671347 0.303232 3.45226 2.1189 -0.692632 -1.3326 1.80997 -5.31238 -1.39254 3.03452 1.56779 0.991865 0.792113 -0.427934 -0.0679263 0.341675 0.507112 0.293472 0.642057 -3.2595e-09 1.62132 -0.30938 -0.258035 -0.777815 0.706117 4.38549e-09 -0.98573 3.50681e-10 0.534071 0.399556 0.220059 0.845417 -2.14675 -0.247013 -0.272403 9.35635e-10 -7.11361e-10 -2.7787e-10 -0.142563 0.0337146 -0.235969 0.305866 2.85227e-09 1.86109 -1.45314 0.338282 0.926308 10.8279 0.080382 -0.160053 1.13076 0.0948898 0 0.0853793 0 0.0647947 0 0.107903 0 0.132285 0.0106119 0.374587 0 0.385414 0 0.373061 0 0.119169 0.00776599 0.236068 0.0038598 0.297196 0.0135911 0.365539 0.0168499 0.450798 0.00305033 0.284515 0.0103119 0.31714 0.0161067 0.0126663 0 0 0.00235347 0 0.00182835 0 0.000445213 0.0615387 0.0714654 0.0242216 0 0 0.0515287 0.129885 0 0.05014 0 0.0970465 0 0.00573659 0.0237235 0.00948058 0 0.0216401 0.0490132 0.0181028 0 0.00513539 0 0.0149136 0 0 0.0277614 0 0.0130857 0.067717 0.00581673 0.0264606 0 0.0214935 0 0.0360381 0.0251917 0.0344384 0.00636732 0.0812922 0.0268331 0.0201586 0 0.0383506 0.0108195 0.0639026 0 0 0.102108 0 0.000388003 0.0134312 0.00701417 0.00675127 0 0.00675933 0.00778243 0 0.041605 0.043053 0.0576004 0.0121846 0.027442 0.0106097 0.0310513 0.0600854 0.0276783 0.0830065 0 0 0 0 0.0020189 0 0 0 0 0 0 0 0.00164564 0 0.142723 0 0.0370245 0 0 0 0 0 0 0 0.00270097 0 0.0023352 0.406646 0 0.0697209 0 0.0653538 0 0 0 0.120754 0.236139 0.00167281 0 0.0784313 0 0.00800035 0 0.0407558 0 0 0 0.0973867 0 0.118081 0 0.174671 0.356544 0.00126217 0.00197594 0.0220141 0.0386433 0.0221193 0 0.0356467 0 0.0332498 0.266629 0 0 0 0.00614678 0 0 0 0 0.0525059 0 0.110963 0 0 0 0.177475 0 0.00534339 0 0.35439 0.000645365 0.106599 0.0355054 0.0467598 0.0789092 0.23529 0 0.0295795 0 0 0.0228678 0 0.124046 0.0877835 0.0960399 0 0.019881 0.00492977 0.0244477 0 0 0 0.0138166 0.237376 0 0.152325 0 0.141455 0 0.0966582 0 0.253469 0.0112968 0.00669404 0 0.131749 0 0 0.0315446 0.0323895 0.0251951 0 0.0115453 0 0 0.422625 0 0 0 0.0356904 0 0.0856695 0 0.0293076 0.27958 0.0323974 0 0.0483985 0 0.0149857 0 0 0.0214167 0.000549378 0.00772715 0 0.0243894 0.00128452 0.164708 0.590072 0.118179 0 0 0 0.0662422 0.00579933 0 0 0.0461946 0 0.0410599 0 0.0414643 0 0.181727 0 0.0508626 0 0.0657041 0 0.0928823 0 0.085341 0.203237 0 0.28809 0 0.261595 0 0.098337 0 0.358304 0.00157039 0.34682 0 0.050973 0 0.0141122 0.0667331 0.0505365 0.00385017 0 0 0.0403066 0 0.00887318 0.111923
96 9.27447 0.00821102 -0.222748 0.0317826 0.33876 -0.0782128 10.8711 0.184451 -0.0631419 -0.0433431 -0.100033 -0.0984843 -0.0874002 0.0371405 -0.302216 -0.334696 -0.352222 0.043701 0.150438 -0.0178767 0.134219 0.22763 0.124831 0.423359 0.30195 0.0208877 -0.0052629 0.0168279 -0.048241 0.0723271 0.0104937 -0.0998576 0.230379 -0.0126477 0.129502 -0.0722859 -0.059844 0.158558 0.0458757 0.0534699 0.148766 0.210397 1.33501 0.485177 0.606114 0.0649465 -0.00979387 0.150613 -0.0506372 -0.0509414 0.431818 -0.192653 -1.39251 0.199015 0.701046 0.0255432 -0.0723038 -0.379864 0.665354 -0.573939 0.274076 -0.26397 1.20077 2.01116 0.205531 0.230238 -4.27118e-10 -1.56093 -0.759632 0.410705 1.33461 1.63564 0.420066 -0.537203 0.822153 -4.47772 -3.3441 -0.938811 0.751372 0.462259 0.944282 -0.148025 0.109845 0.300425 0.370455 0.127617 0.15806 -6.05276e-10 0.3725 0.679226 0.0706503 -0.309405 -0.725108 1.86794e-09 -0.669918 1.09255e-10 0.249774 -0.161192 0.434327 0.485819 -0.288354 1.33965 -0.333249 4.17636e-10 -1.80331e-10 -2.21159e-10 0.0994502 0.321914 -0.17973 0.119483 -0.382744 -0.764084 0.609266 0.34087 0.920147 10.866 0.0764271 -0.214887 1.14908 0.0451804 0 0.0283496 0 0.0172545 0 0.0634824 0 0.158162 0 0.0546865 0 0.0657826 0 0.0660514 0 0.051692 0.0227573 0.0822693 0.246255 0.101298 0.259114 0.12036 0.352005 0.14434 0.348931 0.115369 0.171466 0.132629 0.245251 0.0738546 0 0.0629964 0 0.0562767 0 0 0 0.0117319 0.0249826 0 0 0.303583 0 0.0461529 0 0.0128609 0 0.0282099 0 0 0.0390359 0.00383223 0 0.0140847 0.0162063 0.00891536 0 0.0019739 0 0 0.0245878 0.0204431 0.0195063 0.00907247 0.0208779 0 0.0296582 0 0.0126703 0 0.0181886 0 0.0633577 0.0177735 0.0440173 0 0.0410242 0.00574415 0.00569344 0.0218497 0.038811 0 0 0.0638268 0.105318 0 0.000634678 0.0465559 0 0.0323002 0 0.0382482 0 0.0330044 0.0155063 0.0183896 0 0.0428266 0.0109822 0.0430766 0.0147068 0.0295277 0 0.0640856 0 0 0 0 0 0 0 0 0 0 0 0.0525855 0 0.101218 0.314069 0.0173202 0 0 0.00214588 0 0 0 0 0 0.110793 0 0.18578 0.131027 0.129727 0 0.00308326 0.0280318 0 0 0 0.0449113 0.132872 0 0.000601833 0.0275911 0 0.00211759 0 0 0 0 0 0.000476879 0.0228901 0 0.0206979 0.0893052 0.161957 0.000387262 0 0.0671927 0.169552 0.011446 0 0.0220232 0 0.0421967 0.168116 0 0 0 0.0416549 0 0 0 0 0 0 0 0 0.00484445 0 0.100033 0.00391045 0.00174649 0 0.183728 0.261411 0.164662 0.0829658 0.0298195 0.204941 0.134384 0 0 0 0.0702741 0 0.12012 0 0.0803659 0.170074 0.00126408 0.590805 0 0.571491 0 0 0 0.0178421 0 0.123657 0.167001 0 0.133625 0 0.444491 0 0.390224 0 0 0 0.279227 0 0 0.0348622 0.0274425 0.0328714 0 0 0.0153583 0 0.22607 0.0814041 0 0 0.0417527 0 0.0340326 0.0125968 0.0313279 0.172302 0.0244318 0 0 0.0140767 0 0.00535431 0 0 0 0.188769 0 0.121834 0 0.105935 0.333032 0.174287 0 0 0 0.0769654 0.00147367 0.000241089 0 0.0516024 0 0.0460472 0 0.0497175 0 0.187211 0 0.0679717 0 0.0646009 0 0.095387 0 0.0745221 0.0180028 0.241712 0.00882676 0.317121 0 0.348837 0 0 0.134886 0.0909306 0.106778 0.0149355 0.000148767 0 0.122239 0.00228405 0.0319359 0.0161105 0 0 0.0209304 0 0.00701729 0.0768629
97 9.3078 -0.00266568 -0.208591 0.00193081 0.339124 -0.0893904 10.9131 0.25279 -0.0548678 -0.0233246 -0.0996975 -0.148768 -0.107239 0.0447445 -0.150234 -0.041314 -0.349534 0.060816 0.182324 -0.0809352 -0.0755009 0.112547 0.0731143 0.442578 0.333807 0.0195726 0.0098614 0.0349816 -0.0423887 0.0536359 0.0200618 -0.101017 0.201303 -0.00336994 0.142742 -0.0519129 -0.0584186 0.155936 0.0485092 0.0537497 0.17545 0.168432 1.34743 0.574657 0.616446 0.0246355 -0.00753655 0.13746 -0.0488587 -0.051167 0.468053 -0.162175 -1.4088 0.221306 0.687632 -0.0165284 -0.0156676 -0.255491 0.0754207 -0.870399 0.288224 -0.374752 1.25877 1.86042 0.357961 0.441825 0.0742058 -1.59541 -0.245558 0.511406 5.49084 10.9716 0.0758484 0.651661 0.907148 -0.807187 -4.7082 -4.89745 0.141664 0.206348 0.269064 -0.263946 0.436168 0.632527 0.136726 -0.553499 0.191782 -4.35587e-10 -0.53435 0.374311 0.260711 0.178226 -0.0976632 1.14856e-09 -0.178322 9.6177e-11 0.00447806 -0.318233 0.559464 0.526225 -0.259705 1.1152 -0.495643 0.0662929 0.11394 -1.69004e-10 0.787397 0.530987 -0.661762 -0.0146691 -0.790526 -0.726647 1.43929 0.3433 0.910736 10.9042 0.0707839 -0.331211 1.14428 0.0191756 0.0137193 2.90312e-05 0.000405629 0 0 0.0520875 0.0527792 0.200624 0.0245106 0 0.0331956 0 0.0684873 0 0.0897734 0.0302335 0.0193085 0 0.413586 0.0103173 0.441832 0 0.540092 0 0.551333 0.0447021 0.330347 0.0528394 0.460281 0.153237 0 0.160318 0 0.219382 0 0 0 0.00612107 0 0.0629851 0 0.472544 0 0.0293355 0.0645634 0.00366796 0.0569991 0.0371862 0.00121318 0 0.0477769 0.023655 0 0.0196099 0.0212669 0.0132352 0 0.00316179 0 0 0.00279171 0.0209962 0.0280408 0.00521301 0.0191088 0 0 0.00774139 0 0.0124217 0 0.0696427 0.0543844 0.00443545 0.0309515 0.00647324 0 0.000602059 0.00243505 0.0122518 0.031652 0 0 0.0607032 0.0867665 0 0 0.05037 0.0127616 0.0422071 0 0.0427516 0 0.0220071 0.00688463 0.0262457 0 0.0161075 0 0.018583 0.00612654 0.0279116 0 0.0767364 0.0212708 0.00758779 0.0243043 0 0.00347264 0 0 0.0520996 0 0.0382566 0 0.1729 0 0.260071 0.510851 0.0878467 0 0 0 0 0 0.00212579 0 0 0.187034 0 0.37673 0.0349511 0.203504 0 0.0129237 0.00711377 0 0.00513315 0 0.0476412 0.140944 0 0.00422188 0.02977 0 0 0 0 0 0 0 0 0.0543806 0 0.0354008 0.0635928 0.143188 0 0 0.137795 0.344702 0.0343767 0 0.0434452 0.00304354 0.0424194 0.160889 0.00962284 0 0 0.202379 0.0163369 0 0.0212006 0 0 0 0 0 0 0.00257384 0.0933106 0.0159627 0 0 0.196004 0.483567 0.297692 0.0979739 0.0303321 0.237792 0.114527 0.0372123 0 0 0.178171 0 0.322722 0 0.144991 0.287163 0 0.772593 0 0.735997 0 0 0 0.0116741 0 0.239091 0.12056 0 0.112547 0 0.465125 0.00255428 0.381551 0 0 0 0.267628 0.0104739 0 0.00316201 0.0303888 0.0752036 0.00726949 0 0 0 0.187257 0.0891757 0.000386463 0 0.0431863 0 0.0436587 0.00768541 0.0389164 0.153946 0.0240845 0 0 0.0386557 0 0 0.0299689 0 0 0.293822 0 0.216669 0.00754073 0.102926 0 0 0 0 0 0.0533279 0.026343 0 0.00125487 0.0191571 0 0.0509654 0 0 0 0.145329 0 0.0377848 5.57899e-05 0.046473 0 0.0615094 0 0.0455928 0 0.436191 0 0.516681 0 0.544585 0 0.00372038 0.182629 0.162895 0.0770506 0.0222164 0 0 0.24039 0.00452086 0.0320513 0.0405286 0 0 0.0381267 0 0.0253278 0.0731872
98 9.34113 -0.00808674 -0.193746 -0.020745 0.340782 -0.101744 10.9573 0.317165 -0.0577387 -0.0123861 -0.100129 -0.190227 -0.115434 0.0620808 0.0417834 0.11749 -0.360874 0.0890235 0.184194 -0.0577329 -0.137719 -0.0501603 0.144007 0.444458 0.342196 0.000100051 0.0129218 0.0510348 -0.0281721 0.0499829 0.0215753 -0.100089 0.210758 0.0231489 0.153589 -0.0769549 -0.0833054 0.155949 0.047988 0.0537088 0.160619 0.157376 1.36937 0.529578 0.599776 0.052883 -0.0199752 0.154097 -0.0501545 -0.050848 0.478182 -0.18761 -1.40969 0.209309 0.685833 -0.00153342 -0.0381628 -0.135444 0.415367 -0.774958 0.329437 -0.36125 1.31425 1.8307 -0.161733 0.379236 -4.70528e-10 -0.53369 -0.0501786 0.641758 -0.966689 -1.32565 -0.113918 0.668315 0.0736412 0.922152 -1.28786 -3.03162 0.761617 0.24955 0.612328 -0.714928 0.151287 0.547585 0.365357 -0.111032 0.101278 -9.22174e-10 0.26029 0.667409 0.232732 -0.71333 -0.544542 6.10169e-09 0.919839 7.07599e-10 0.232285 -0.803703 0.11238 -0.789996 -0.810684 -1.88445 -0.371052 4.08704e-09 -1.81569e-10 -7.04313e-10 -0.0357278 0.131836 -0.150669 -0.0719784 0.889009 0.775562 -0.784072 0.345781 0.899286 10.9427 0.0791531 -0.337411 1.16285 0.0710743 0 0.0484565 0 0.0318554 0 0.117975 0.00144463 0.276625 0 0.0216938 0 0.0359711 0 0.0401276 0 0.0956291 0.0486057 0.031558 0.292973 0.0649319 0.278065 0.0440962 0.40458 0.0486342 0.337092 0.117069 0.226499 0.14683 0.261731 0.188019 0.00438374 0.151417 0 0.153986 0.00217771 0 0 0.067323 0.198176 0.0118921 0 0.282078 0 0.0377812 0.0538246 0 0.00646977 0.0370707 0.0258344 0.0004883 0.0479015 0.00476752 0 0.00177206 0.0153141 0.00123949 0 0.00335706 0 0.0401807 0.0150751 0 0.0121131 0.00161176 0.0132565 0.0201606 0 0.0222746 0 0.0388564 0 0.0900628 0.021576 0.0693621 0.0312206 0.0254687 0 0.0209719 0.0117003 0.05434 0.0338558 0.0243567 0 0.0195313 0.0655584 0 0.00142454 0.073571 0.110205 0.0560514 0.0948149 0.0610852 0.0947619 0.0305183 0.183029 0 0.00380651 0.0321768 0.0967387 0.0321996 0.152506 0.0151511 0.00939956 0.0427413 0.219115 0 0.282134 0 0 0 0 0 0 0.0156831 0 0.129302 0 0.151526 0.529498 0 0 0 0 0 0 0.00151366 0 0 0.0552654 0 0.209591 0.0217909 0.0970517 0 0 0.0947767 0.00760893 0 0 0.0392695 0.144745 0 0.00996215 0.00910307 0 0.00611969 0 0 0 0.00184951 0 0 0.013283 0 0 0.0816843 0.189003 0 0 0.132467 0.474073 0.0169277 0 0.0293731 0 0.0481379 0.0805144 0.019152 0 0 0 0.0532418 0.0114768 0.0636872 0.0188367 0 0 0 0 0 0.0467043 0.194001 0 0 0 0.262476 0.256247 0.187797 0 0 0.299619 0.260848 0 0 0 0.127174 0 0.220731 0 0.172541 0.306026 0 0.540728 0 0.495647 0 0 0 0.0332911 0 0.118722 0.216482 0 0.171073 0 0.250949 0.0493659 0.19549 0 0 0 0.0976251 0 0.165088 0.196225 0.0694987 0.0213473 0.00580574 0.476396 0 0.281078 0.218274 0.0652556 0 0 0.0465177 0 0.0531913 0 0.0462757 0.125472 0.142016 0 0 0.00166611 0.153484 0.318899 0.00447876 0 0 0.166285 0 0.112892 0.0177683 0.0516078 0 0 0 0 0.0128192 0.0698957 0.000459465 0 0.00639871 0.0389364 0.00532799 0.00721945 0.00765078 0 0.02504 0.00484871 0.00547693 0 0.00432946 0.0175539 0.00393926 0.00914967 0.00860496 0 0 0.367031 0 0.359913 0 0.326412 0 0 0.239785 0.0758891 0.13695 0 0 0 0.205297 0.00658966 0.0587885 0.0282566 0.0148993 0 0.0436971 0 0.0350079 0.107348
99 9.37447 -0.00511284 -0.178619 -0.0288639 0.344881 -0.112746 11.0029 0.344327 -0.0594242 -0.0178602 -0.053035 -0.203676 -0.109113 0.0478494 -0.0285195 -0.0112538 -0.372177 0.0946493 0.155166 -0.00522267 -0.102617 -0.054081 0.102024 0.450799 0.356228 -0.0261737 0.0182543 0.0530249 -0.0202253 0.0486868 0.0211855 -0.101944 0.206843 0.0416656 0.169387 -0.0830571 -0.0941579 0.155895 0.0500419 0.0538698 0.165039 0.146841 1.37625 0.484133 0.630869 0.0309903 -0.0166652 0.154197 -0.0461182 -0.0505354 0.412195 -0.1605 -1.41783 0.158697 0.689755 0.0295772 -0.0832068 0.144755 0.445834 -0.235131 0.408424 -0.319712 1.35766 0.485 -0.282777 -0.251741 1.89315 -0.694164 -0.180803 1.16461 -1.44999 -1.9699 -0.0281771 0.181101 -1.03483 1.43526 0.362566 1.24732 -2.02734 0.60377 0.543488 -0.983648 0.274219 0.068447 0.329928 -0.134721 -0.00680446 -1.58335e-09 0.105394 0.419417 0.337161 -0.344009 -0.156981 6.23243e-09 7.702e-10 6.93417e-10 -0.0479057 -0.988144 0.0721846 0.0611548 1.57613 -0.551246 0.501294 7.79168e-09 -0.218776 -7.08158e-10 -0.452457 0.184991 0.248206 -0.0840315 0.172722 0.847976 -0.744292 0.348771 0.888392 10.9824 0.0988371 -0.31928 1.21604 0.0259334 0 0.00342526 0 0 0 0.0858133 0.0676315 0.269923 0.053527 0 0.0268903 0 0.0830731 0 0.11477 0.0775219 0.140436 0.0163328 0.129759 0.0339117 0.0640379 0.0258884 0.207143 0.029618 0.0587057 0.0687614 0.0182065 0.0760356 0.00773508 0.0688393 0 0.0618866 0 0.077958 0 0.00191301 0 0.113693 0.241076 0 0 0.10431 0 0.00820286 0.0761727 0.00918612 0.0309426 0.0118359 0.0471255 0 0.0231894 0 0 0.00418289 0 0 0 0.000572417 0 0.0165835 0.0169297 0 0 0.00424204 0 0 0.000341918 0 0 0 0 0.0138826 0.0126869 0.0430147 0.0286652 0.00553284 0 0.0149588 0.0297848 0.0390066 0.0459567 0.024501 0.077699 0.0338414 0 0 0.00168092 0.0215635 0 0.0137029 0 0.0162594 0 0.0185786 0.11979 0.0156298 0.0281083 0.0134404 0.0440345 0.0150782 0.0482974 0.0248745 0.0501024 0.0125674 0.38078 0.00888163 0.342225 0 0 0 0 0.000876203 0 0.00988916 0 0.0698368 0 0.0708807 0.742968 0.0182794 0.0242391 0 0 0 0 0 0 0 0 0 0.323829 0.0287003 0.0307806 0 0 0.0669604 0.0233435 0 0 0.0638257 0.15721 0 0 0.0137667 0 0 0 0 0 0 0 0.00299988 0 0 0 0.18141 0.243372 0.000147837 0.000739864 0.0535093 0.583398 0 0 0 0 0.0629615 0.110012 0 0.140477 0 0.240528 0 0.00232608 0 0.00334374 0 0 0 0 0 0.0135062 0.115199 0 0 0.0026615 0.305156 0.256534 0.2397 0 0.00955628 0.286307 0.0950884 0.0439756 0 0 0.150401 0 0.330278 0 0.28114 0.418701 0 0.450433 0 0.366915 0 0 0 0.020548 0.00571445 0.124348 0.164787 0 0.131941 0 0.134752 0.341714 0.0614106 0 0 0 0.0299657 0.31438 0.24702 0.229206 0.0341336 0.0334149 0 0.176963 0.0115386 0.454255 0.186952 0.056349 0 0 0.0332118 0 0.0447997 0 0.0581475 0.153587 0.116072 0 0 0 0.225537 0.320337 0 0 0 0.075182 0 0.0851941 0 0.0909058 0.214719 0 0 0 0.0219628 0.0480921 0 2.53674e-05 0.0259184 0.0247883 0.00938321 0 0.00633817 0 0.0241423 0 0.00886539 0 0.0105096 0 0.0136123 0 0.0148425 0 0.00869543 0.407257 0.00416222 0.303604 0 0.203246 0 0 0.264894 0.189195 0.138858 0.0800735 0 0 0.312335 0.0014937 0.0612366 0.0662983 0 0 0 0 0.054756 0.130329
100 9.4078 -0.0145944 -0.185265 -0.0536586 0.349469 -0.121642 11.0512 0.325673 -0.0854926 -0.0281762 0.096742 -0.198586 -0.0594287 0.103755 -0.138617 -0.151097 -0.340687 0.101328 0.142854 0.0321094 -0.0119884 -0.051462 0.0776446 0.357957 0.217482 -0.0394974 0.020111 0.0643376 -0.0124964 0.0460893 0.0302726 -0.100612 0.17165 0.048612 0.184746 -0.0609068 -0.0848678 0.155866 0.0511674 0.0539579 0.146769 0.150391 1.37432 0.389691 0.645839 0.0318852 0.000115467 0.154368 -0.0399851 -0.0512056 0.409421 -0.157142 -1.41213 0.138702 0.671634 0.0477324 -0.0826485 -0.407653 0.24235 -0.57876 0.430619 -0.214387 1.42114 -0.769384 -1.0528 -0.313074 4.87817 1.83825 1.35253 2.12779 -5.00943 -6.01294 1.1461 0.650976 -0.343235 -0.798676 14.1539 -6.23359 4.35395 -21.4496 -26.8349 -0.214059 -0.359804 0.301372 -0.0147136 0.106777 0.0498867 -1.71182e-09 -0.941156 0.028899 0.401981 0.312354 0.337189 3.61435e-09 6.94024e-10 1.05334e-09 -0.198084 -0.634983 -0.0113915 -0.708056 1.71143 -2.44488 0.800062 4.64173e-09 -0.32152 -4.47501e-10 0.262226 0.537391 0.364395 -0.108686 -0.246097 0.143897 -0.251678 0.3521 0.878709 11.0247 0.111604 -0.223542 1.31931 0.0147324 0 0.00526413 0 0 0 0.0824444 0.0567327 0 0.336473 0 0 0 0.0131774 0 0.045796 0.0520929 0.134691 0.0591856 0.0768204 0.0238404 0.0474176 0.124887 0.119834 0.133413 0.0047475 0 0.0623448 0 0.00186769 0 0 0 0.00176204 0 0.0123831 0.00413543 0 0.116959 0.277191 0 0 0 0 0.428991 0 0.179551 0 0.0140791 0.0668132 0.00273878 0.0183489 0 0 0.0102609 0 0 0 0 0 0.014628 0.019825 0.0305497 0 0.0132594 0 0.567911 0.0535363 0.548743 0.0449652 0.548649 0.0655972 0.675444 0.225949 0.0330548 0.0247928 0.581513 0.0662805 0.00929998 0.0280079 0.0307138 0.0370183 0.0145689 0.099288 0.0825996 0 0 0.0011987 0.0080983 0 0.00192329 0 0.00097147 0 0 0.105985 0.0368101 0.0740851 0 0 0 0 0.0283853 0.063754 0 0.33051 0 0.381084 0.014115 0 0 0 0 0 0 0 0 0 0.0256245 0.666653 0.0818624 0 0.246746 0 0 0 0 0 0.377135 0 0.295656 0.0732436 0.400878 0 0.0113638 0 0.0353046 0.000982999 0 0 0.136861 0.125927 0 0 0.0455512 0 0 0 0.0149449 0 0 0 0.0803455 0 0.159876 0 0.288151 0.142467 0.00133538 0.00271789 0 0.637569 0 0 0 0 0.0952229 0.116643 0 0.333329 0 0.542153 0.2948 0.101313 0.294478 0.103249 0.103925 0 0.0597843 0 0 0 0.178724 0 0.020453 0 0.384135 0.444985 0.0824947 0.48753 0.152989 0.41136 0 0.175898 0 0 0 0.139717 0 0.331404 0.423869 0.174287 0 0.175116 0.000572698 0.145709 0.0110176 0 0 0.0768622 0.482734 0 0.32122 0 0.220153 0 0.392421 0.00610628 0.69624 0 0 0 0.596116 0.0332804 0.2488 0.185617 0 0 0 0.165458 0 0.388615 0.425571 0.0381822 0 0 0.0400499 0 0.119568 0 0.086932 0.204088 0.0857998 0 0.0032279 0 0.183979 0.27884 0 0.0129013 0.0242126 0 0.0075803 0 0 0.159734 0.921481 0 0 0.0494995 0.0385872 0.0222993 0 0 0.0498563 0.00331685 0 0 0 0 0 0.120289 0 0.00958801 0 0.0326364 0 0.0546157 0 0.0382169 0.330075 0.277014 0.334465 0.0553665 0.368801 0 0.0523809 0 0.52644 0.117856 0.354634 0.00796102 0 0 0.0359238 0.270075 0.133791 0.0497166 0 0 0 0 0.0796284 0.0985535
101 9.44113 -0.0217533 -0.175071 -0.0786458 0.354575 -0.126084 11.1016 0.252683 -0.124745 -0.0477146 0.318829 -0.0366182 0.019787 0.126549 -0.355615 -0.487127 -0.319315 0.123756 0.132704 0.0648478 0.24637 -0.267792 0.176109 0.235687 0.0713785 -0.0621373 0.00794767 0.0631664 -0.000814284 0.045142 0.0495168 -0.100121 0.160019 0.0512073 0.199396 -0.0645027 -0.0645655 0.155852 0.0516668 0.0539971 0.148859 0.159192 1.36309 0.28246 0.648085 0.0253203 0.00172768 0.154073 -0.0516465 -0.0521091 0.41612 -0.149613 -1.40263 0.128293 0.666105 0.06625 -0.0871537 1.82592 3.46102 1.70967 0.373959 -0.011846 1.38967 -4.47886 -4.65188 -1.72943 6.5512 6.97246 1.74335 1.261 -8.10669 -11.0081 -3.48856 -1.06296 -2.94592 5.4331 -3.85159 -0.493883 -1.82232 -2.85826 -0.0440405 -3.60689 -2.83087 -5.7946 0.632391 -0.0273856 3.85232 -3.43568e-09 0.602965 1.21748e-09 0.985068 -0.953521 0.57755 4.56066e-09 1.63271e-09 1.76073e-09 0.862934 -1.13237 -0.515488 -1.35325 0.993882 -1.51645 0.152547 3.41648e-09 -1.33405e-09 -1.95108e-09 0.968504 -0.312372 0.317442 -1.3041 -0.486179 -0.0816667 0.699472 0.356004 0.873545 11.0708 0.172368 0.013734 1.39554 0.0635607 0 0.035476 0 0.0194219 0 0.144846 0.0047163 0.267172 0.0303817 0.0112073 0 0.0378375 0 0.0371471 0 0.0495692 0.11105 0.0785563 0.124926 0.106621 0.077411 0.114291 0.201227 0.153057 0.0813594 0.122737 0.100499 0.144423 0.0448244 0.0507242 0 0.0251502 0 0.00894398 0 0 0 0.0494065 0.225827 0 0 0.0281749 0 0.00946774 0 0.00946328 0 0.00467054 0.0342114 0 0.00177865 0 0 9.00123e-05 0 0 0 0 0 0 0 0.00839417 0 0.00317724 0 0.367122 0.0581532 0.36424 0.0499725 0.372089 0.0796081 0.46087 0.288114 0.0160697 0.000239958 0.377909 0.099004 0.00596187 0.0198337 0.0211262 0.0241443 0 0.0637726 0.0209695 0 0 0.00120757 0 0 0 0 0 0 0 0.111663 0.00190244 0.0439806 0 0 0 0 0.0223878 0.0532932 0 0.237108 0.020104 0.279541 0 0 0 0 0 0 0.0362564 0 0.0468492 0 0 0.506082 0 0 0 0 0 0 0 0 0 0 0 0.0951303 0.103385 0 0.00697743 0 0.0201199 0 0 0 0.0966643 0.207342 0 0 0.0406566 0 0 0 0.0267892 0 0 0 0.0243503 0 0.0183271 0 0.226244 0.314472 0 0.00100229 0.0109235 0.534451 0 0 0 0 0.0557749 0.165523 0.00327228 0.344653 0 0.565444 0.162856 0.124949 0.163742 0.124586 0 0 0.00677915 0 0 0 0.109408 0 0 0 0.262623 0.129699 0.0528648 0.0342984 0 0.301711 0.198331 0 0.00258766 0 0.0426417 0 0.127805 0.00141522 0.321827 0.356374 0.00939288 0.424711 0.0392923 0.400638 0.00470015 0 0 0.0356507 0.0329367 0.0465931 0.126052 0 0.114147 0 0.0252932 0 0.0116305 0 0 0 0 0.000479838 0.109041 0.190121 0.00951334 0.0279323 0 0.0758948 0 0.275283 0.278361 0 0 0 0.0224707 0 0.0508928 0 0.0563571 0.203721 0.0542828 0 0.00114108 0 0.0868487 0.222047 0 0 0.0100295 0.0673064 0 0.0243646 0 0.113658 0.807809 0 0 0.0174919 0.00501356 0.00370009 0 0.000251627 0.00117257 0.00447243 0.00483897 0.0028786 0.00687154 0 0.0311346 0.258574 0.00486447 0.0477763 0.0139159 0.0819271 0.0152897 0.127553 0.013184 0.0785038 0.0352893 0.292865 0.0518416 0.175051 0.0432965 0.0703961 0 0 0.366941 0.0948759 0.229032 0.0342268 0 0 0.204549 0.0261895 0.0727381 0.0397183 0 0 0 0 0.0412902 0.138521
102 9.47447 -0.0277569 -0.135298 -0.0661747 0.361707 -0.122775 11.1476 0.115611 -0.12123 -0.0862316 0.598898 0.292458 0.0580543 0.0539215 -0.372824 -0.601826 -0.293015 0.132438 0.116393 0.119017 0.200146 -0.281593 -0.0585716 0.029394 0.0568558 -0.0574001 -0.00227872 0.0402575 -0.0144304 0.0380171 0.0440767 -0.100783 0.18767 0.0498761 0.212646 -0.107976 -0.0610725 0.155865 0.0511952 0.0539601 0.203935 0.184592 1.35286 0.203476 0.657693 -0.0198968 0.0418899 0.154103 -0.0504406 -0.0520157 0.425106 -0.161827 -1.36934 0.144283 0.695212 0.0522025 -0.0589112 -0.024877 2.49872 0.929729 0.436641 0.110494 1.27184 -3.72517 -0.499278 -1.02912 6.6536 10.6133 1.02924 -3.63784 3.0379 -2.98106e-08 0.340699 0.0683816 -1.84497 2.00551 -2.01971 -2.07377 1.53582 -0.000363688 -0.000405456 0.212405 -0.906396 -1.12772 -0.617742 -0.0561373 -0.303248 -1.32363e-09 1.799 6.36605e-10 0.555705 -2.2361 0.331326 1.21237e-09 3.42367e-10 7.51436e-10 -0.167168 -1.60127 0.43551 -0.118378 2.02431 -1.55573 1.1077 8.25025e-10 -7.13142e-10 -4.43249e-10 -0.0555729 -0.568069 1.30477 -0.110522 0.115092 -0.641757 0.832548 0.361742 0.876941 11.1169 0.166027 0.141466 1.35645 0 0.14031 0 0.114282 0 0.0904259 0 0.163783 0 0.477384 0.0878531 0 0.0758142 0.00856675 0.115509 0.00822877 0.0406809 0.091586 0 0.164367 0 0.160655 0 0.228788 0 0.128163 0 0.239508 0 0.142674 0 0.16245 0.0490272 0.139402 0.137952 0.146585 0 0 0.00385251 0.137626 0 0 0.0664854 0.300074 0 0 0.000908274 0 0.0285203 0.0208931 0 0 0 0 0 0 0 0 0 0 0 0 0.00740942 0 0.00265814 0 0.132224 0.0100481 0.124215 0.00051157 0.150604 0.0039847 0.259004 0.0385166 0.00759773 0 0.124066 0.0731054 0.00373755 0.0138891 0.0157188 0.0157286 0 0.048365 0.029243 0 0 0.000525899 0 0 0 0 0 0 0 0.0419425 0 0.0453409 0 0.00792641 0 0.00444829 0.026592 0.0503013 0.0513556 0 0.363006 0 0.149087 0 0.0721696 0 0.154991 0 0.0262089 0 0.0917579 0.0310987 0.313976 0.0781567 0.271737 0 0.194379 0 0.0899376 0 0.0439817 0 0.0338749 0 0.0493473 0 0 0.0363634 0 0 0.0162599 0 0 0 0.066003 0.0997347 0 0 0.00845425 0 0 0 0 0 0 0 0 0 0 0 0.149105 0.142476 0 0.000448443 0.0640673 0.592274 0.000798723 0 0.00501221 0 0.0404249 0.188836 0.17673 0.00549354 0.280679 0.0678094 0.100823 0.00097268 0.102082 0 0 0 0 0 0 0 0.0813784 0 0 0 0 0.610106 0 0.661428 0 0.462959 0 0.410125 0 0 0 0.463603 0 0.598667 0.359905 0.0552268 0.0250171 0 0.0168773 0 0 0 0 0.00777436 0.00516712 0 0.0455151 0.079548 0.0170003 0.00138799 0.0693195 0 0.031905 0.265908 0 0 0.0413289 0 0 0.0981431 0.0334993 0 0.0188519 0 0 0.0108122 0.29815 0.0610367 0 0 0 0 0 0.0493733 0.0614761 0.151423 0.0332132 0 0 0 0 0.047372 0.0427828 0 0.00178547 0 0.0104689 0 0.0104514 0.0928942 0.189535 0.0202539 0 0.0234753 0 0 0 0.00574245 0 0 0.0891543 0.00916271 0.0982049 0.00837437 0.295641 0.316673 0.10826 0.0824189 0.107074 0.0960467 0.150548 0.162354 0.134656 0.0790617 0.00642497 0.123607 0 0 0 0 0.0221868 0 0.230374 0.438228 0.425325 0 0.0209444 0 0 0.469826 0.054992 0.0811299 0 0 0 0 0 0.103095
103 9.5078 -0.0218059 -0.101342 -0.0365579 0.369045 -0.115262 11.1883 -0.0317919 -0.0755378 -0.116909 0.789095 0.485935 -0.0427386 0.0664682 -0.0504947 -0.390009 -0.215939 0.160962 0.0627887 0.0532182 0.182924 -0.335452 -0.0396603 0.0281215 0.0568484 -0.0381997 0.0215118 -0.00266059 -0.0504087 0.00801007 0.044021 -0.103385 0.143816 0.0536014 0.226469 -0.0799068 -0.0628169 0.155888 0.0503028 0.0538902 0.261741 0.181289 1.3501 0.170758 0.703322 -0.00512461 0.0655528 0.140759 -0.0500064 -0.0523114 0.347581 -0.146895 -1.35714 0.084031 0.678975 0.0381265 -0.0609891 0.223903 1.09808 0.39148 0.284373 0.220272 1.15 -4.12905 0.941896 0.0285191 3.81581 3.20657 -4.71579 2.10804 9.77899 5.78123 2.80359 0.763629 -0.721387 -2.93205 0.098729 -1.6637 0.477813 -0.274674 -0.000134245 0.765326 0.179182 -0.784141 -1.11337 -0.675635 0.0291713 -1.80264e-09 -1.62122 3.08182e-10 0.0635679 1.36965 -0.0318685 4.39012e-09 4.31171e-10 3.492e-10 0.290057 -1.27982 0.248695 0.103127 9.16777e-10 0.216224 0.261594 -2.19101 -8.14442e-10 -2.40923e-10 0.811451 1.22787 0.268564 -0.669846 -0.628314 0.26983 -0.700788 0.366501 0.884072 11.16 0.134001 0.218302 1.26526 0 0.0448997 0 0 0 0.0257853 0 0.0307004 0 0.00772094 0 0 0 0.00477617 0 0.045068 0.0443183 0.0584134 0 0.185957 0 0.196753 0 0.415827 0 0.447058 0 0.0154865 0 0.0700267 0 0.0761366 0 0.0612587 0.0568775 0 0 0.0125379 0.0583722 0.100669 0 0 0 0 0 0.0289849 0.138749 0.12004 0.0414699 0.0181797 0 0 0 0 0 0.0120882 0 0 0 0 0.0127793 0.0303006 0.0547603 0.0082174 0.0179235 0.0106922 0.0965096 0 0.0297765 0 0.0665973 0 0.141187 0.0104992 0.0218964 0.0211522 0.0325787 0.0514443 0.00565351 0.0109479 0.0139583 0.0182207 0.0291034 0.0684547 0.0679436 0.0110429 0.00126505 0 0.0124697 0.233332 0 0.192174 0.00206277 0.253365 0 0.270422 0.0294017 0.02764 0 0.127049 0 0.292446 0.0322172 0.0266845 0 0.143522 0.00589605 0 0.0862673 0 0 0 0.125988 0 0 0.0654532 0.221376 0 0.293576 0.0301886 0.373737 0 0.204937 0 0.0909643 0.0205856 0.0122433 0.0807744 0 0.0587407 0 0.0715221 0 0.075311 0 0.048276 0 0.0287684 0.00906667 0 0.0467236 0.112774 0 0 0 0 0 0 0 0 0 0.0447956 0 0.0621613 0 0.10758 0.155036 0.342832 0 0.00237673 0.0356832 0.0524367 0 0 0 0 0.187661 0 0.0439024 0 0.0652852 0.106512 0.0731898 0 0.0855371 0 0.0344636 0.11337 0.031905 0.0545307 0.0128784 0.0149225 0.0682425 0.0657622 0 0 0 0.158964 0.0724631 0.139773 0 0 0 0.0156369 0.0264397 0.0552064 0 0 0.033243 0.0681002 0.0863469 0.114794 0.0988091 0.295767 0 0.353702 0 0.0192003 0.00284971 0.00116986 0 0.218123 0.021345 0.212659 0 0 0.117743 0 0.0330474 0 0 0 0.171362 0.0307167 0.00234939 0.0626997 0 0 0 0.0945285 0 0 0.106111 0.120345 0 0 0 0 0.0902172 0.0456114 0.152203 0.0373911 0.0143431 0.00524968 0 0.0883712 0 0.194931 0.0627926 0.0507658 0 0.232692 0 0.0616364 0 0 0.298825 0.262158 0 0.722786 0 0 0 0.00825095 0 0.00872832 0.0343616 0 0.0313246 0 0.0784661 0.176257 0.0750203 0 0 0 0 0.0815151 0 0.0429641 0 0.330351 0.0554504 0.208635 0 0.275396 0.0068413 0.0047889 0.173962 0.154825 0.158124 0 0.00884538 0.0373591 0.0251622 0.08816 0.0322313 0.0330963 0 0 0 0 0 0.0346696
104 9.54113 -0.0208962 -0.0674728 -0.0567642 0.371731 -0.106245 11.2283 -0.13031 -0.0529514 -0.083572 0.838835 0.278845 -0.274876 0.144629 0.0388578 -0.347809 -0.107256 0.189007 0.0688196 -0.065956 0.189949 -0.395632 -0.0393029 0.0311074 0.0457746 -0.00961088 0.00968468 -0.00324494 -0.0884236 -0.0161066 0.0569775 -0.104298 0.176688 0.0519159 0.234428 -0.134833 -0.0468598 0.155874 0.0508636 0.0539341 0.316542 0.215977 1.33974 0.0928439 0.680086 -0.00516299 0.0442001 0.082888 -0.0324928 -0.0530473 0.421527 -0.134976 -1.33707 0.114927 0.701259 0.00905941 -0.0558707 -0.247143 1.03937 -0.87224 0.111066 0.210204 1.22017 -2.21977 -0.258754 1.1402 -0.0495965 -5.78366 -3.82139 0.996065 0.561191 3.02353 3.29844 0.0604014 0.956682 -3.3687 0.0734061 -1.2169 -0.0552239 0.00508752 3.12279 0.876116 -0.804521 0.0274804 -0.910941 -0.483311 0.641303 -5.6648e-10 1.93964 9.80504e-10 -0.0196326 -2.36372 0.936233 8.15104e-09 2.32883e-10 5.33343e-10 3.24731 -0.792336 -0.502805 -0.734389 -0.320215 -1.33726 0.308251 0.719917 1.31024 -1.83593e-10 -1.20113 -1.83811 0.997185 -0.524559 -0.0608526 -1.53488 0.446858 0.36999 0.891795 11.2016 0.0898798 0.190951 1.24143 0.111618 0 0.118699 0 0.129728 0 0.0213841 0 0 0 0.0531729 0.0872983 0.0584027 0.0931634 0.0380548 0.0836312 0.0426408 0.103313 0 0.00492058 0 0.0556634 0.0149598 0.0526077 0 0.0800527 0 0.029586 0 0.00559547 0 0.031449 0.0550708 0 0.125094 0.00208941 0.00452478 0.0174815 0 0.26739 0 0 0 0.00871779 0.0210586 0.179844 0.0877458 0.165933 0.0345103 0 0 1.01118e-05 0 0 0.0265339 0 0.0183911 0 0 0 0.0306103 0.0124674 0.02072 0 0.0126056 0 0 0 0 0 0 0 0 0.104783 0.0182695 0.0297207 0.0432615 0 0.00869723 0.0204118 0.0193485 0.0360268 0.0184351 0.0687497 0.0275628 0.0577589 0.000168231 0.00137541 0.105878 0.0607631 0.0214319 0.0561419 0.0717703 0.0650053 0.0664775 0.0356265 0.0124231 0.00610138 0 0.0844996 0.0382793 0.108462 0.0172655 0.0369026 0.154874 0 0 0 0.213958 0.00146452 0 0 0 0 0 0 0.00147576 0.0210653 0.458159 0.169397 0.560037 0.22785 0.530239 0.0488881 0.149671 0.0704948 0.0704845 0.0617424 0.307626 0.0542539 0.436498 0.186769 0 0 0 0.024072 0.0316378 0 0.000848252 0 0.0545708 0.0646242 0.0748598 0.00403803 0.00878798 0 0 0 0.000434771 0 0.242391 0.17863 0 0 0.0173138 0.0204616 0.0856871 0.229869 0 0 0.027681 0.17511 0 0 0 0 0.113013 0.0646089 0 0.0668816 0 0.0487311 0 0.0999026 0 0.0992795 0.0785438 0.00833242 0 0 0.0659658 0 0.113321 0 0 0 0.195749 0 0.111409 0.196938 0.201259 0.0322848 0.000627607 0 0 0.0346075 0.0413216 0 0.0270908 0 0.0356918 0 0 0.337789 0.000337362 0.088984 0.0133661 0.0712973 0.00925308 0.0139807 0.196503 0 0.111188 0.0800872 0 0 0.293914 0.128656 0.196574 0 0 0 0.406812 0.0121451 0.00691124 0.324118 0.0458537 0 0.0143242 0 0 0.0973101 0.232521 0.0862013 0 0 0 0 0.123813 0 0.0549332 0.0218923 0.0270491 0.0475635 0.0240777 0 0 0.325976 0.102262 0.131691 0.0468797 0 0.0278723 0.113898 0 0 0 0.445676 0 0 0 0.0682256 0.0167862 0 0 0.113317 0 0 0 0 0 0.0432376 0 0 0 0 0 0 0 0 0.376699 0.0616886 0.0919059 0.25148 0.161576 0.256969 0.0240651 0.00874973 0.14474 0 0.0766452 0.0271144 0.167313 0.0284112 0.0558311 0 0 0 0.00342862 0 0 0 0.0267868 0.134361
105 9.57447 0.0013023 -0.0581855 -0.0540298 0.374841 -0.102604 11.2663 -0.240079 -0.024915 -0.0808206 0.789545 0.33259 -0.3551 0.148971 -0.177612 -0.566484 -0.0640261 0.189483 0.059235 -0.100223 0.158434 -0.401602 -0.0326074 0.0347012 0.0524846 -0.0165555 0.0350978 -0.00625047 -0.106109 -0.0227843 0.0376281 -0.104401 0.180437 0.051723 0.212782 -0.139982 -0.0330588 0.157072 -0.00415612 0.0341472 0.230677 0.174786 1.38839 0.0444563 0.709135 -0.0160858 0.106265 0.0695908 -0.0241085 -0.0519874 0.456534 -0.15902 -1.28839 0.185609 0.698028 -0.0405951 -0.0670013 0.388718 0.0174388 0.556514 0.169671 0.0535987 1.11544 -2.90374 0.860583 -0.243122 -2.02261 1.84135 -0.35593 -0.887592 -18.0437 -15.8971 1.17233 0.0406321 -0.60363 -5.19375e-10 -1.34093 -2.95505e-09 0.5577 0.0186605 2.01967 -0.043219 1.02179 -0.494514 -0.245208 -0.227217 -0.689737 -9.55335e-10 0.709038 3.9879e-10 -0.455331 -0.443473 0.368469 5.88886e-09 -1.22246 -0.759919 0.877684 -0.167878 1.36068 0.482581 5.23351e-10 0.912206 0.42004 1.05177 0.583878 -8.76423e-11 -1.5626 -2.25606 1.69457 0.169939 -0.338081 -1.28357 0.46846 0.373264 0.894508 11.2434 0.107279 0.0262244 1.25784 0 0.0710088 0 0.0355783 0.000246596 0.0661055 0 0 0 0.012152 0 0.203128 0 0.178807 0 0.149154 0.0391783 0.0514207 0 0.067284 0 0.191758 0 0.0874002 0.00990685 0.243741 0 0.224331 0 0.230872 0.119945 0.0893441 0.0802343 0 0.251152 0 0.0096735 0.000909373 0 0 0.133864 0.339294 0.101599 0 0.00166892 0.010987 0.0765809 0.0689859 0.0429423 0.0857669 0 0 0.0115458 0.0764641 0.0438519 0.0909432 0 0 0 0 0.00657203 0 0.0347454 0.0440728 0.0143773 0 0 0.0761601 0 0.0526305 0 0.0632795 0.0116874 0.0901187 0.00868587 0 0.0377368 0.0472388 0.00263561 0.00415405 0.0188632 0.000357405 0 0.046319 0.0655605 0.0405148 0 0 0.0804276 0.0669335 0.0521553 0.0521984 0.0816667 0.0609601 0.0457228 0.0349944 0.0261488 0.11094 0 0.0832075 0.0925575 0.0909704 0.0225603 0.0612526 0 0 0 0.00267554 0 0 0 0 0 0 0.155072 0.172558 0 0.103672 0.042327 0 0 0.0125078 0.0580076 0 0 0.0357374 0.0790142 0.0545112 0.020659 0 0.00172446 0 0 0 0.0040468 0.122861 0 0 0.00861695 0.00414018 0.103202 0.212264 0 0.0418461 0 0 0 0 0 0 0.108825 0.0453377 0 0.0473513 0.0138089 0.104516 0.12524 0.214201 0 0.00295819 0 0.146249 0.0603873 0.0649791 0 0 0.120447 0.0928152 0 0.0492348 0 0 0.0369695 0.131318 0.0233907 0.142749 0.0441894 0.047035 0 0.0854365 0 0 0.0846723 0.0783632 0 0.00721895 0 0.174882 0.068533 0.329561 0.0148895 0.039935 0 0.0949426 0.0304867 0.0535526 0 0.027356 0 0.00249551 0 0.0374937 0 0.240029 0.062686 0.202223 0.00348743 0 0 0.00416795 0 0 0.123913 0.0826376 0 0 0.114748 0.0610324 0.149462 0 0 0 0 0.0607003 0 0 0.040311 0 0.0325374 0 0 0.122223 0.141185 0.190677 0 0 0 0 0.101882 0.0562108 0.0803092 0.0822004 0 0 0.0538367 0.0348561 0 0 0.0121299 0.0622105 0.0077492 0.0714131 0 0.0447509 0.0621429 0.202956 0.133624 0.451555 0 0 0 0 0.077324 0.194704 0.0131472 0 0.00481796 0 0 0 0.0856546 0.00346762 0 0 0 0 0.0235263 0 0.0336916 0 0 0.0765259 0.0564521 0.325561 0.0775922 0.380307 0 0.0277856 0.00139581 0.230639 0.150521 0 0.00162829 0.122205 0 0.0233938 0.00128537 0.0526233 0 0 0.00737478 0 0 0.103283
106 9.6078 0.0160134 -0.0682378 -0.044625 0.378003 -0.101314 11.3011 -0.367136 -0.00135577 -0.0785815 0.789887 0.270135 -0.3447 0.117106 -0.261735 -0.580059 -0.0322294 0.18398 0.0466085 -0.100223 0.113231 -0.385014 -0.0243716 0.0353252 0.0649231 -0.0312922 0.0512695 -0.0110761 -0.0877459 -0.032511 0.0191461 -0.101883 0.091139 0.0562795 0.191843 -0.0520227 -0.0363181 0.156709 0.022745 0.0394056 0.374927 0.191224 1.36938 0.17719 0.700083 -0.0107121 0.0942139 0.160801 -0.0260705 -0.0503872 0.264444 -0.153158 -1.27731 0.273305 0.697845 -0.0242076 -0.0338467 0.135702 -0.302881 0.182722 0.156189 0.0437686 0.995363 -3.6097 0.254391 0.285929 -0.0587588 -1.60128 0.311947 -0.205186 -0.426967 1.9495 1.24042 -0.349531 -0.150045 -1.53164e-09 -1.25276 0.660576 0.452844 0.0179938 0.00260694 -0.0244286 0.129054 -0.109564 0.644568 -0.0763193 -0.362158 -2.38393e-09 0.267384 2.77232e-10 -0.287165 -0.476491 0.220068 2.5266e-09 -0.0342377 0.491098 0.283931 0.0885683 -0.340944 -0.00501213 -0.641997 1.70671 -0.316669 4.77951e-09 0.641142 -7.9446e-11 -1.59386 -1.67883 0.357418 0.604724 -1.21013 -1.14852 0.84609 0.376793 0.896211 11.2846 0.102294 0.0430774 1.22296 0 0.0534086 0 0.0400774 0 0.0349755 0 0.0502988 0.0104871 0.0480739 0 0.134634 0 0.118935 0.00732542 0.114699 0 0.000978609 0 0.0513194 0 0.064314 0 0.0872998 0 0.142605 0 0.0342112 0 0.0474704 0 0 0.00372583 0 0.025365 0 0 0.00264177 0 0 0.185717 0 0.06515 0 0 0.0634532 0 0.0386185 0.0145449 0 0 0 0.00219188 0 0.0513017 0.0138499 0 0 0 0 0 0 0.0410628 0.0696184 0.0108277 0.0281697 0 0.0330404 0 0.0163448 0.00207715 0.0228799 0.05703 0.0464367 0 0.0125359 0 0.0671822 0 0 0 0.0172672 0 0 0.0903261 0.134538 0.000982214 0 0 0.00738835 0 0.00278593 0 0.00391989 0.0534935 0.00410631 0.0737374 0 0.0042322 0.0221877 0.00145261 0.021783 0.0275689 0.00531738 0.129155 0.137711 0.381683 0 0.110952 0 0.0123112 0.0105758 0.0763867 0 0 0.000138035 0 0 0.210517 0 0.222253 0 0.214566 0 0.0776187 0.0376653 0.0225606 0 0.0378401 0.0729624 0.0523142 0.0206278 0 0.137346 0.00288487 0.0294105 0 0 0 0 0.125571 0.0862146 0 0 0 0.0170836 0 0 0 0.0164635 0.00878742 0.0142934 0.00160315 0.0462064 0.00561047 0.072065 0.275408 0.183677 4.32009e-05 0 0 0 0.0174538 0 0.0241162 0 0.0603 0.120639 0.122145 0 0.179621 0.0349339 0.0599173 0.00159761 0.0594818 0.000999283 0.0163052 0.0461358 0.00520314 0.0519619 0 0.00569961 0 0.0118695 0 0.00210221 0.00556168 0.288585 0.0542992 0.168494 0.00489663 0.0834603 0 0.0672395 0 0.0120726 0 0.0241907 0.0166812 0.0147638 0.0276981 0.0419297 0.0223141 0.0313795 0.024643 0.0667927 0 0.00787942 0.022265 0 0 0.211433 0 0.108946 0 0.0728523 0 0 0.0173788 0.00909264 0 0.0199023 0.0206858 0 0 0 0 0 0.0997514 0 0.137945 0.013671 0.00225203 0.124258 0 0 0 0.00350411 0 0.00333562 0.103969 0.0565874 0 0 0.00476876 0.0276948 0 0 0.041774 0 0.0135703 0.0389308 0.0193004 0 0.180359 0.00795952 0 0.278385 0 0 0.00607446 0.0390881 0.0420632 0.0101067 0.0218538 0.0442594 0.0826164 0 0.0885546 0 0.273358 0 0.0612723 0 0.112242 0 0.151408 0 0.150839 0 0 0.100472 0 0.151575 0 0.187569 0 0.0286945 0.0409276 0.256232 0 0.0517028 0 0.0390634 0.0163163 0.0428177 0.0062752 0.0253299 0 0 0 0 0.0561973 0.094846
107 9.64113 0.0227945 -0.0778853 -0.044166 0.380773 -0.100885 11.3337 -0.46732 0.00320462 -0.0621068 0.719323 0.18849 -0.383242 0.117567 -0.254285 -0.527038 0.0042188 0.176036 0.0434199 -0.100223 0.0706871 -0.366715 -0.0166097 0.0758114 0.0650908 -0.0330931 0.0583888 -0.00936641 -0.0653519 -0.0340827 0.0110018 -0.103186 0.135196 0.0530556 0.184008 -0.0972806 -0.0292623 0.156673 0.028457 0.0508267 0.376131 0.194611 1.36764 0.182224 0.67628 -0.00286352 0.0896811 0.160877 -0.0229643 -0.05011 0.184135 -0.156251 -1.28374 0.311551 0.684868 -0.0285184 -0.0388024 0.108515 -0.283138 0.0644786 0.160861 0.0150524 0.941293 -2.68616 -0.116385 0.423186 -2.80549 -0.740472 -0.781949 0.605013 -0.242622 1.39756 1.17376 -0.259292 -0.0631337 -1.19772e-09 -1.1792 0.542513 0.452158 -0.00176909 0.00536535 0.18763 0.180063 0.0503971 0.611297 0.00325825 -0.241371 -2.10795e-09 1.11183 2.0639e-10 -0.160165 -1.07128 0.283858 2.74803e-09 0.397383 1.87578e-10 0.150099 0.222531 0.290157 0.0152527 -0.271749 -0.137293 -0.128134 3.82863e-09 0.266589 -1.20869e-10 -0.768044 -2.03658 0.0959751 0.0131256 -0.64517 -0.468165 0.133735 0.38 0.897036 11.325 0.0895061 0.00904104 1.19779 0 0.0425242 0 0.0301796 0 0.0259779 0.000202268 0.0405737 0.0161281 0.0397778 0 0.0699084 0.0010393 0.0611347 0.0117213 0.0618439 0.000636391 0.0207588 0 0.0160144 0 0.0117463 0 0.0289117 0 0.0576488 0 0 0 0 0 0 0 0 0 0 0 0 0 0.0477648 0.0876336 0 0 0 0 0.11425 0 0.0784958 0.0093713 0.00158909 0.00219518 0 0 0 0.0367784 0.00924358 0 0 0 0 0 0 0.0193366 0.0224968 0.00619809 0.000980539 0.00057746 0.0545646 0.00252625 0.0209474 0.0135311 0.0247746 0.0850794 0.0469805 0 0 8.03918e-06 0.0816907 0 0 0.00217883 0 0 0 0.0686358 0.0563611 0.000877187 0 0 0.00975694 0 0.00470419 0 0.00488664 0.0461502 0.00144024 0.0360054 0.0339078 0 0.0209745 0 0.0191426 0.0211303 0.0317085 0.128843 0.272216 0.382403 0 0.129432 0 0.00149292 0.000648536 0.000761221 0 0 0 0 0 0.262111 0 0.279295 0.00754075 0.233188 0.0609891 0.102537 0.00207064 0.040581 0 0.113887 0.103832 0.123275 0.0629794 0 0.153669 0.00207998 0.0047005 0 0 0 0 0.175894 0.0933522 0 0 0 0.0286376 0 0 0 0.00857689 0 0 0.00283717 0.0242842 0.0155216 0.0394359 0.351438 0.173577 0 0 0 0 0 0 0.0108078 0 0.101341 0.14105 0.126233 0 0.195985 0.0108922 0.0687565 0 0.0678528 0 0.0282275 0.0156227 0.00886568 0.00377344 0 0.0247011 0 0 0 0.00329966 0.0277874 0.277193 0.0675063 0.184025 0.0125853 0.0985968 0 0.0486465 0 0 0.00538216 0.0260179 0.0117425 0.0210581 0.0183445 0.0296876 0.206957 0 0.188896 0 0 0.0184754 0.013519 0 0.0454908 0.245069 0 0.128698 0 0.0991352 0 0.036814 0 0.0893433 0 0.0426585 0.0208153 0.0122377 0 0.0856034 0 0 0.0852906 0 0.0961649 0.0179933 0.046811 0.1515 0 0 0 0.0140585 0 0 0.157581 0.0592157 0 0 0.00798691 0.00622925 0 0 0.0387621 0 0.0656587 0 0.0590256 0 0.176146 0 0 0.396137 0 0 0.0139343 0.0123687 0.012956 0 0.0210536 0.0170798 0.0615117 0 0.065875 0 0.19898 0 0.0482801 0 0.0801082 0 0.109217 0 0.109915 0 0.014832 0.0833588 0.0397286 0.085149 0.0660743 0.10766 0 0.00951944 0.0742371 0.219077 0.00521901 0.027341 0 0.0187904 0.0133858 0.0427915 0.0147882 0.0235581 0 0 0 0 0.0798255 0.113963
108 9.67447 0.0311393 -0.0688594 -0.0510229 0.383233 -0.101196 11.366 -0.510005 -0.00258501 -0.0412723 0.545073 0.165223 -0.398782 0.0878848 -0.131832 -0.501509 0.0360445 0.164147 0.0477048 -0.100223 0.0304349 -0.362912 -0.00992995 0.075654 0.065257 -0.0289631 0.0537296 -0.00217006 -0.0509039 -0.0316849 0.00742147 -0.103498 0.141533 0.050825 0.170023 -0.109049 -0.0213472 0.156338 0.0417383 0.0518704 0.390164 0.191453 1.37721 0.200176 0.675596 -0.001539 0.104461 0.160468 -0.039303 -0.0514278 0.123151 -0.160079 -1.29833 0.353972 0.697234 -0.0290713 -0.0350727 0.321705 0.436565 -0.0670497 0.147336 -0.00470923 0.958471 -0.823989 -0.240943 0.281493 -5.84983 -0.382947 0.80836 0.0314369 -1.62609 0.90305 0.84042 -0.327819 0.0323969 -1.1351e-09 -1.11949 -0.0954791 0.414375 -0.00714611 0.00462553 0.205215 -0.0625738 0.0811177 0.222362 0.00546606 -0.149406 -1.41767e-09 -0.285303 -0.200245 -0.402278 0.276902 0.416107 2.21277e-09 0.268199 2.43867e-10 0.356036 -0.100447 0.440211 0.0832806 -0.628898 0.257658 0.073172 4.17054e-09 -0.0200405 -8.1708e-11 -0.242091 -1.80948 -0.211424 0.187034 -0.227045 -0.658391 0.336575 0.382859 0.896714 11.364 0.0829466 -0.0380904 1.15549 0.00714436 0.0273984 0.000386572 0.0163522 0.00021829 0.0189538 0.00805404 0.0242157 0.00916195 0.0341556 0.0314093 0.0195945 0.0311256 0.0182741 0.0368934 0.0223191 0.0105973 0.0319831 0.0114792 0.0232943 0 0.0106507 0.0282495 0.0305168 0.0194334 0.0468234 0 0 0 0 0 0 0 0 0 0 0 0 0 0.0483204 0.0517326 0 0 0 0 0.106743 0 0.055003 0.0049554 0 0.00820894 0 0 0 0.0311674 0.00286284 0 0 0 0 0 0 0.00473358 0.0146506 0.00169985 0.00394302 0.00510282 0.0750193 0.00702261 0.042676 0.0193229 0.0520065 0.102083 0.0905752 0 0 0.00799212 0.100555 0 0 0.00368257 0.0119777 0 0 0.057903 0.0605406 0.000914985 0 0 0 0 0 0 0 0.0450217 0 0.0330333 0.00248943 0 0 0 0 0.0231526 0.0228523 0.116016 0.211788 0.39721 0 0.0966241 0.0073981 0 0 0 0 0 0 0 0 0.254706 0 0.236232 0.0204163 0.186988 0.0738328 0.0698016 0 0.0383976 0 0.144331 0.0955341 0.155655 0.0736576 0 0.128189 0.00447074 0 0 0 0 0 0.248869 0.0392311 0 0 0 0.0179335 0 0 0 0 0 0 0.00772772 0.00646763 0.0246436 0.00701992 0.446967 0.0516514 0 0 0 0 0 0 0.00660476 0 0.143054 0.132216 0.122974 0 0.19422 0.0383088 0.0786339 0 0.0778236 0 0.0292945 0 0.00889527 0 0 0.0183264 0 0 0 0.00338113 0.0984198 0.246268 0.0551763 0.235289 0.0137275 0.123614 0.0085861 0.0354161 0 0 0.00707531 0.0360321 0.00857769 0.0376063 0.00948668 0.00622454 0.328226 0 0.297002 0 0 0.0131614 0 0 0.0821861 0.175123 0 0.145205 0 0.0988138 0 0.0864539 0 0.204133 0 0.0265468 0 0.0974068 0 0.122898 0 0 0.0827331 0 0.0340586 0 0.0660519 0.189198 0 0 0 0.0112397 0 0 0.211328 0.0487598 0 0.00402601 0.0129874 0 0 0.036968 0.0364282 0 0.095538 0 0.0835988 0 0.192694 0 0 0.33472 0 0 0.0251206 0.0192928 0 0 0.0228947 0.0220834 0.0654412 0 0.0704432 0 0.202081 0 0.0522531 0 0.0810891 0 0.111152 0 0.112795 0 0.0587572 0.0645511 0.0896142 0.0377254 0.128067 0.046838 0 0 0.0931013 0.134572 0 0.0523271 0.000554405 0.00859469 0.0110914 0.0409471 0.0201581 0.0252872 0 0 0 0 0.114081 0.0941619
109 9.7078 0.0490656 -0.0480265 -0.0515386 0.38525 -0.102704 11.3992 -0.494689 0.00164142 -0.0290144 0.249685 0.192935 -0.361565 0.0837702 -0.184384 -0.465708 0.0574005 0.144132 0.0460667 -0.100223 -0.00270204 -0.362845 -0.00241429 0.0697751 0.0578279 -0.0296445 0.046668 -0.00155886 -0.0469573 -0.0330592 0.00219799 -0.103483 0.125906 0.0457781 0.151368 -0.0945653 -0.00770291 0.156124 0.0501234 0.0525286 0.410176 0.197925 1.39251 0.19902 0.654899 -0.00950673 0.105526 0.160263 -0.0473954 -0.0520798 0.0877617 -0.164226 -1.31882 0.419952 0.694757 -0.0425262 -0.0185945 0.658047 0.495565 0.247218 0.11833 -0.0184592 0.979902 0.0801631 -0.15793 0.15192 -7.93084 0.851955 3.78512 -1.27077 -5.33799 0.870598 0.523124 -0.642763 -0.318138 -1.90734e-09 -0.727602 0.156937 0.434925 -0.337778 -0.440286 -0.0212879 -0.0893392 -0.123287 -0.03909 -0.0373733 -0.325177 -2.51921e-09 -0.138388 -0.00229598 -0.544654 0.0839938 0.0719272 3.66775e-09 2.06137e-10 3.71064e-10 1.33184 -0.00764171 0.395416 0.0464973 -0.404116 -0.390674 0.0284608 4.18251e-09 0.396039 -1.31775e-10 -0.266139 -1.58079 -0.607436 0.28567 -0.90756 -1.51943 1.34339 0.385566 0.894846 11.4021 0.0815527 -0.0580007 1.13182 0.00307872 0.0449617 0 0.0303518 0.00159264 0.0193894 0 0.036369 0.0128064 0.0262405 0.000156621 0.110359 0.00336535 0.109845 0.00806325 0.108997 0 0.0572085 0 0.110238 0 0.1078 0.0119443 0.192608 0.00780203 0.232438 0 0.0351846 0 0.0378811 0 0 0 0 0 0 0 0 0 0.0798249 0 0 0 0.000817914 0 0.284033 0 0.132022 0 0.00803778 0.0183354 0 0 0 0.0325892 0 0 0 0 0 0 0 0.0151431 0.00165766 0.00775271 0.000773605 0 0.161527 0 0.126577 0.000758822 0.143961 0.0407047 0.2353 0.00350589 0.00132313 0 0.189592 0 0.00544129 0.00941692 0.0211605 0 0 0.0885446 0.0552265 0.00147639 0 0.0988759 0 0.0845944 0 0.10009 0 0.175475 0 0.0201264 0.0193115 0.0927003 0 0.0915577 0 0.0140348 0.0347141 0.160008 0.260673 0.616638 0.0571049 0.0835399 0 0 0 0 0 0 0 0 0 0.152577 0 0.173281 0 0.147944 0 0.0628596 0 0.0472672 0 0.117524 0.114307 0.111095 0.0814437 0 0.3965 0.00689556 0.0226435 0 0 0 0 0.218756 0.0454242 0.0335126 0 0 0.0657073 0 0 0 0.0109165 0 0 0.00903499 0.0649108 0.0265587 0.0939956 0.46702 0.0862727 0 0 0 0 0 0 0 0 0.18567 0.130038 0.0450525 0 0.0532497 0.0529452 0.0499701 0.0476608 0.0495185 0.0470635 0.0322923 0.0436515 0.0159173 0.0428437 0.0139383 0.0394557 0 0 0 0.0122655 0.086647 0.43768 0.132504 0.320533 0.0615371 0.229694 0.00107213 0.0589134 0 0.00332402 0 0.00725692 0.0136925 0.00816302 0 0.0208388 0.28381 0 0.260916 0 0 0.0212233 0 0 0.0623964 0.371372 0 0.127907 0 0.128425 0 0.283371 0 0.556652 0 0.0724402 0 0.345924 0 0.195523 0.00164817 0 0.457284 0 0.139499 0 0.0229873 0.208296 0 0.000865482 0 0.0298977 0 0 0.232108 0.0444097 0 0.0122248 0.0158759 0.0171267 0 0.109798 0.0339681 0 0.0731311 0 0.0705901 0 0.143816 0 0.101666 0.465982 0.087011 0 0.0458693 0.0160369 0 0 0.0311262 0.0179702 0.0866229 0 0.100694 0 0.273061 0 0.0756069 0 0.108898 0 0.146828 0 0.147792 0 0.0394047 0.23368 0.060607 0.222141 0.0962949 0.207749 0 0.034575 0.0528315 0.18506 0 0.0879754 0 0.0120321 0.00941392 0.0305735 0.0129671 0.0343595 0 0 0 0 0.105205 0.103911
110 9.74113 0.0361778 -0.00774156 -0.0440961 0.387339 -0.106196 11.4348 -0.441972 -0.0388401 -0.0217836 0.0224127 0.193743 -0.172369 0.072763 -0.095499 -0.369671 0.11257 0.139682 0.0406327 -0.100223 -0.0343797 -0.401335 0.0134754 0.0528961 0.0354183 0.00782511 0.0293912 -0.00139069 -0.0564737 -0.0325395 -0.00860518 -0.103393 0.0952607 0.037123 0.136873 -0.0750453 0.00301126 0.153082 0.0500415 0.0526027 0.443054 0.214721 1.41245 0.190315 0.658421 -0.0154345 0.0603713 0.160195 -0.0500816 -0.0522961 0.0179093 -0.157618 -1.36288 0.453134 0.67837 -0.0640142 -0.0388606 -0.246103 1.45324 0.187672 0.0674283 -0.101744 1.10201 1.00523 -1.60208 -0.043959 -4.48526 -0.235841 7.15606 -2.04721 2.88483 2.98609 1.4831 -1.40935 0.0845733 -1.7399e-09 -1.18965 -9.37907e-09 0.4071 -0.0436777 -0.0327736 0.75752 -0.440608 -0.0210333 -0.282492 0.0111541 -0.226628 -1.70972e-09 -0.90815 -0.166937 -0.397496 0.592792 0.0817921 6.80518e-10 4.51365e-10 2.41079e-10 0.395863 -0.224662 0.845792 0.0267633 0.515846 -0.300045 -0.685233 4.98207e-09 -1.97138e-10 -1.66383e-10 0.2095 -1.30425 -0.980027 0.121174 -1.57422 -0.617244 0.404885 0.38814 0.891865 11.4394 0.0798804 -0.121254 1.10321 0 0.0584732 0 0.0623828 0.00203072 0.0527493 0 0.0297468 0 0.0300462 0.0970691 0.0681026 0.0893996 0.0157914 0.109858 0 0.0138367 0.0578553 0.160514 0 0.145241 0 0.221439 0 0.252572 0 0.0495001 0.0258488 0.107943 0.0141315 0 0 0 0 0 0.00386253 0 0.00234123 0.0333293 0.0451538 0 0.0413642 0 0.411782 0.0174617 0.215359 0 0.0346826 0.021751 0.0441969 0.0349063 0 0 0.0159739 0.0331758 0.0181109 0 0.00661338 0 0.00299919 0 0 0.0312818 0 0.0109683 0 0 0 0 0 0 0 0.0265566 0.100293 0 0 0 0 0 0.00456588 0.00539668 0.0109487 0 0.0094166 0.0939893 0.0180503 0.00137957 0 0.117076 0.0490653 0.119065 0.0455902 0.132123 0.047768 0.187302 0.0681104 0.0451681 0.0310448 0.0520912 0.0419541 0.131102 0.0478877 0.025364 0.0385106 0.28269 0.0684983 0.335127 0 0.0411543 0.0232113 0 0.0148728 0 0.00411782 0 0 0 0 0.206584 0.101411 0.0927428 0.0272389 0.0484174 0.0720285 0.0198405 0 0.0339924 0 0.237498 0.0454277 0.265271 0.0374059 0.0958963 0.122149 0.0155475 0.00449744 0 0.024473 0 0.0149144 0.210331 0.0258054 0.278093 0.0416676 0 0.100561 0 0.0168141 0 0 0.122581 0.168258 0.0356376 5.99418e-05 0.0659618 0.00943604 0.594322 0 0.000130694 0.00107172 0 0.0212444 0 0.0298532 0 0.051152 0.30832 0.192902 0 0 0 0.0167818 0.0412473 0.0381191 0.0487552 0.0444423 0.0456789 0 0.0226255 0 0.0497407 0 0 0.0236246 0.00179289 0.00482569 0.237439 0.239371 0.172217 0.429721 0.226746 0.211794 0 0.0814625 0 0 0.00477877 0.114479 0 0.128476 0.00549964 0 0.665842 0 0.610318 0 0 0 0 0.00261289 0.181991 0.0958427 0 0.143243 0 0.179374 0 0.631378 0 0.619735 0.0461906 0.117942 0 0.48869 0 0.122971 0.0121628 0.0314653 0.471575 0.0123776 0.0197812 0 0.121719 0.271723 0 0 0 0.0534467 0 0.0511305 0.348383 0.0791416 0 0.0212733 0.0350358 0 0 0.0102335 0.0462863 0 0.221632 0 0.166522 0 0.205377 0 0.0687408 0.101888 0 0.14275 0.0695487 0 0 0.0213303 0.0497235 0.00370003 0.102583 0 0.0508586 0 0.321457 0 0.0831954 0 0.0936944 0 0.143325 0 0.142331 0 0.190321 0.00709012 0.305892 0.000616561 0.424965 0.00475225 0.0101975 0.0196333 0 0.169233 0 0.0700172 0.0256556 0.0758665 0 0.0636063 0 0 0 0.0144392 0 0.0190841 0.177484 0.140387
111 9.77447 0.0303611 0.0141351 -0.0365371 0.387752 -0.112229 11.471 -0.452669 -0.0872374 0.0119656 0.00147202 0.149163 -0.0648555 -0.009695 -0.230905 -0.363711 0.162962 0.0974936 0.036642 -0.0982892 -0.0669982 -0.368658 -0.0112051 -0.00115639 0.0267607 0.0398697 0.00508334 -0.013741 -0.0791143 -0.0366183 -0.00263844 -0.103839 0.0861224 0.0143591 0.139408 -0.0643154 0.032899 0.153327 0.0404656 0.0518656 0.454828 0.251331 1.41191 0.163685 0.680423 0.0073081 0.100116 0.160581 -0.0348368 -0.0510678 0.112999 -0.213544 -1.3628 0.542325 0.684105 -0.0962748 -0.0669547 -0.342252 0.373104 0.16572 -0.00390407 -0.155195 1.13666 -0.0806816 -1.66356 1.06162 0.502096 -1.81191 0.916602 -2.61294 0.315082 2.44068 1.87654 -1.46981 0.089006 -0.197007 -1.0772 1.04541 0.504985 -0.174735 -0.23798 0.947378 -0.900731 -0.241082 -0.585358 -0.108667 0.143004 -1.62407e-09 2.24336 -0.19816 0.00682017 -2.29014 0.408288 1.06993e-08 -0.388753 7.40857e-10 0.532781 0.343648 -0.382026 0.115124 1.11677 -0.00676457 0.325533 5.25314e-09 1.04911 -1.93177e-10 1.90355 -0.319506 -0.772255 0.757879 -0.537747 -2.46696 -0.61709 0.390787 0.886893 11.4758 0.0811861 -0.163011 1.08189 0 0.0109254 0 0.0169439 0 0.0332259 0 0 0 0.074516 0 0.119466 0.0390681 0.0864517 0.0969261 0.0516567 0 0.126708 0.275448 0.0598654 0.235681 0.109681 0.456908 0.0759125 0.552925 0.155222 0 0.16098 0.059543 0.0547422 0 0.256039 0.00568843 0.053371 0 0.353335 0.00590679 0.00425809 0.0296435 0.17534 0 0 0 0.205043 0.10194 0.106727 0.100877 0.114559 0 0 0.0288023 0 0 0 0.0340774 0 0 0 0 0 0.0423651 0.0292311 0.0461353 0 0.0243957 0.00194048 0 0.0804584 0 0.0656055 0 0.0692552 0 0 0.0246418 0.0683751 0 0.028058 0 0.0258183 0.0178369 0.058808 0 0.0479877 0.121025 0.0545906 0.000970614 0.00120544 0.176891 0.0971391 0.109766 0.06818 0.214835 0.0851615 0.229111 0.0755373 0.0162804 0 0.163519 0.088045 0.219405 0.0912131 0 0.0285443 0.0101336 0.0536057 0.604043 0.0248351 0 0 0 0 0 0.0162398 0 0.0868524 0 0.260717 0.306883 0.0540536 0.150317 0.00870111 0 0 0.0102869 0 0.150249 0.0627992 0.347033 0 0.376478 0 0.240162 0 0 0 0 0.0755572 0 0.0157427 0.329554 0.0351386 0.236345 0.02594 0 0.0122777 0 0.000288598 0 0 0.0604012 0.00973344 0.0600369 0 0.135275 0 0.560513 0.0913285 0 0 0 0.205137 0 0 0 0 0.432331 0.134719 0 0.112792 0 0.0789713 0 0.0653121 0 0.0782571 0.112152 0.0806492 0 0.00773071 0.0483821 0.0870156 0 0.0438125 0.00038247 0.00682665 0.281764 0 0.193704 0.491207 0.341624 0.159736 0 0.0597524 0 0.0176212 0 0.119885 0 0.224187 0 0 0.531581 0 0.445987 0 0 0.0417788 0 0 0.3271 0 0 0.213947 0 0.130699 0.00389133 0.448463 0 0.40471 0.0144812 0.0548411 0.210922 0.340214 0 0.343213 0.0305536 0 0.539348 0 0 0 0.111717 0.36029 0 0 0 0.0344811 0 0.00258417 0.422993 0 0 0.117749 0.105426 0 0 0.291501 0.044119 0 0.26665 0 0.191023 0 0.267158 0 0.0534081 0.254969 0 0.0698483 0.10719 0.0344481 0 0 0.0825581 0.0648508 0 0 0 0 0 0 0 0 0 0 0 0 0 0 0.543654 0.0746002 0.495355 0.159937 0.579738 0 0.00733662 0.0155495 0.137675 0.0230478 0.0137082 0.121942 0 0.0227569 0 0.15519 0 0 0 0.00104282 0 0.0169958 0.211988 0.181114
112 9.8078 0.0181087 0.0410541 -0.0208726 0.390294 -0.115632 11.5107 -0.445622 -0.116269 0.0188255 0.0385094 0.187021 0.119323 -0.000596368 -0.636452 -0.557202 0.219793 0.0915457 0.0245265 -0.0943876 -0.0605124 -0.390486 0.00568287 -0.0514184 -0.0417477 0.0358566 -0.0047576 -0.0176598 -0.0583047 -0.0438912 -0.0094066 -0.103738 0.0448223 0.0113227 0.136023 -0.0279348 0.028615 0.153521 0.0328294 0.0512774 0.398552 0.196241 1.41638 0.198816 0.681172 -0.00649145 0.0735291 0.160183 -0.0505454 -0.0523334 0.10219 -0.252165 -1.39048 0.484048 0.659837 -0.0967066 -0.036727 -0.189141 0.849749 0.142287 0.0445241 0.0484387 1.19546 0.109544 -1.53706 -0.359582 1.88119 2.01392 11.0443 4.33359 -3.16119e-08 -7.32201 1.33125 -0.053002 0.0279482 0.218853 1.56599 -0.816568 0.432418 -2.62342 -3.5761 -0.339912 -0.285606 0.33838 0.57016 -0.191193 -0.229837 -2.2532e-09 -1.92315 -0.259279 -0.0809271 1.89517 0.00555866 5.06625e-09 -0.50691 7.54073e-10 -0.523178 0.292082 -0.517891 -0.0367971 -1.40958 0.177995 -0.602304 1.15328e-08 -1.63488e-09 -1.40435e-09 0.384876 -1.37972 -0.828784 -1.77107 1.15558 3.28291 -0.240137 0.392807 0.883919 11.5118 0.036036 0.0294311 1.06877 0.000279367 0.0812613 0 0.0614981 0 0.0684029 0 0.025129 0 0.04065 0.250367 0.0019593 0.250771 0 0.261375 0 0.136751 0.0478437 0.0790688 0 0.0269125 0 0.113402 0 0.0619606 0 0 0 0 0 0 0.0174376 0 0.0391515 0 0.0833269 0.00661749 0 0.454192 0.0509664 0 0 0 0.135321 0.106574 0 0.0248087 0.00488188 0 0.0111739 0.0291401 0 0 0 0 0.0098414 0 0 0 0.000932948 0.0332554 0.0123205 0 0.0506207 0 0.0220988 0 0.592724 0 0.590666 0 0.607929 0.00303563 0.737812 0.047932 0.0442725 0 0.618044 0.0319962 0.00734145 0.0549716 0.0360694 0.072673 0 0.0329506 0.0979498 0.00146507 0.000335725 0.0850495 0 0.0567726 0 0.0828915 0 0.193372 0.00536457 0.0301593 0.0173545 0.0642617 0 0.0568696 0 0.0406629 0.0200705 0.48396 0 0.834631 0 0.026764 0.11195 0 0.105043 0 0.15433 0 0.0818025 0 0.103922 0.677778 0.072065 0.525459 0.154291 0.174869 0.162921 0 0.120131 0.0475994 0.0579464 0.341889 0.0362718 0.471537 0.0361375 0.0791874 0.0169344 0 0 0.0672528 0.0627064 0 0 0.186812 0.0447942 0.218278 0 0 0.0709788 0 0.014952 0 0.00272893 0.0798744 0.112475 0.00406435 0 0.0181963 0 0.557202 0.0141615 0.00137861 0 0.0825897 0.000842791 0 0 0 0.0188335 0.0612418 0.204119 0.0462909 0.0832582 0.0705843 0.19533 0.0517628 0.427909 0.0513485 0.427108 0 0.00149072 0 0 0.0468298 0 0 0.0763574 0.0051851 0 0.284142 0.21201 0.171798 0.348854 0.173016 0.134003 0.00745354 0.0699626 0 0.0131739 0 0.215441 0 0.252777 0.00434396 0.0140863 0.421137 0.0162217 0.331745 0.000500677 0 0 0 0 0.190373 0 0 0.194719 0 0.19107 0.42635 0.187895 0 0.0842059 0 0.0768168 0.464278 0.0799162 0.448644 0.232915 0 0.0415406 0.453059 0 0.127876 0 0.059517 0.187111 0 0.000446465 0 0.048049 0 0.0743048 0.177563 0.0786041 0 0.100006 0.0179714 0 0.674773 0.126294 0.0490096 0.0253417 0.153101 0 0.170163 0 0.135171 0 0 0.787484 0.0805995 0.0479118 0.0984742 0.010916 0 0 0.0911183 0.00985293 0 0.0252195 0 0.0317394 0 0.0945925 0 0.0354654 0 0.0329741 0 0.0480829 0 0.0428124 0.221839 0 0.292363 0 0.395445 0 0.00578646 0.00210628 1.41654e-05 0.220288 0.0372978 0.0448206 0.0539055 0.0338676 0 0.144528 0 0.0134023 0 0.0135294 0 0 0.225923 0.155115
113 9.84113 0.0230359 0.0513282 -0.0103725 0.392873 -0.108486 11.5494 -0.456681 -0.13931 0.00964458 0.126822 0.166193 0.265723 0.0231832 -0.636452 -0.601942 0.219506 0.0853083 0.012245 -0.0370218 0.0436318 -0.392431 0.0522221 -0.188378 -0.230586 0.0186981 -0.00863225 -0.016709 -0.0445017 -0.0463917 -0.0109659 -0.103768 0.0467577 0.00965799 0.129794 -0.0283773 0.0175007 0.153511 0.033247 0.0513096 0.335643 0.194049 1.41116 0.143349 0.639542 -0.0340941 0.0876291 0.160183 -0.0505454 -0.0523334 0.0712537 -0.273141 -1.41743 0.412425 0.700432 -0.0613663 -0.0315694 0.0774041 0.0118561 0.271824 -0.00640332 0.373724 1.19692 0.338202 -0.383361 -0.338644 1.9295 -1.91599 2.07835 -1.2043 -2.01648e-09 0.244211 -0.240036 -0.205065 -0.388144 2.07999 4.69392 0.22349 0.592281 -4.69842 -6.40297 -0.597644 -0.0736112 0.0885753 0.521318 -0.0944598 -0.102417 -2.9649e-09 0.403551 0.173811 -0.211431 -0.445085 -0.541449 2.78572e-09 1.12171 4.44511e-10 -0.300896 -0.0233335 -0.510002 -0.141831 -0.0369991 -1.41381 0.852189 1.00238e-08 -1.35569e-09 -1.12296e-09 0.0701363 0.234388 -0.28446 -0.0872261 1.67692 0.790542 -0.604607 0.393232 0.890851 11.5479 -0.0027037 0.331035 1.09731 0 0.0644642 0 0.0393035 0 0.0302533 0 0.0527539 0 0.103751 0.0677944 0.00308421 0.0817009 0 0.0981352 0 0.13815 0.0404781 0.0787457 0.0278199 0.0210618 0.0423343 0.120312 0.0399718 0.0635825 0.0581412 0 0.0867209 0 0.097503 0 0.0571566 0 0.0399852 0.00055013 0.0345025 0.00827313 0 0.40015 0.0871858 0 0 0 0.087571 0.11498 0 0.0265971 0 0 0.0123001 0.0222699 0 0 0 0 0.00643381 0 0 0 0 0.00212065 0 0 0.019381 0 0.00163018 0 0.106777 0 0.0922066 0 0.110508 0 0.194023 0.0124606 0 0 0.136877 0.0281025 0.00135366 0.0378164 0.00765794 0.0908196 0.00431081 0 0.0373109 0.00131678 0.000180163 0.171794 0 0.130566 0 0.159386 0 0.277277 0.0219642 0.0526723 0.0550869 0.163986 0 0.163379 0 0.0526811 0.0397027 0.41062 0 0.787992 0.0194432 0.0106579 0 0 0.0112873 0 0.0238449 0 0.0725408 0 0.0828023 0.675626 0 0.491365 0 0.115116 0 0 0.00317597 0.0326579 0.00392768 0.299519 0 0.447309 0 0.0782379 0.0422042 0 0.00701903 0.0230231 0 0 0 0.23446 0.0859732 0.245212 0 0 0.0813729 0 0 0 0.0107322 0 0 0.00443135 0.00952043 0.016178 0.00722075 0.612647 0.121308 0.00295522 0.0002345 0.11256 0.00456753 0 0 0 0 0.131525 0.186102 0 0.0377662 0 0.107455 0.00081139 0.0882933 0 0.0860646 0 0.00936271 0 0.0144064 0.0641729 0 0 0 0.00564096 0 0.284621 0.226349 0.113185 0.28164 0.156986 0.0770276 0 0.103727 0 0.0229088 0 0.135317 0 0.188713 0.0556866 0.0222145 0.38477 0 0.296617 0.00524251 0 0.0155371 0 0 0.182738 0 0 0.16522 0 0.1737 0.483619 0.0983739 0 0.0601082 0 0.0955455 0.49932 0.0281845 0.379766 0.197411 0 0 0.5934 0 0.211362 0 0.049151 0.181525 0 0.0113087 0 0.0433309 0 0.0340258 0.247771 0.0758819 0 0.000984899 0.0129668 0.00756212 0.578459 0.0786706 0.0445307 0 0.139425 0 0.155165 0 0.1406 0 0.141016 0.309994 0.0881554 0.0125446 0.103603 0.00547619 0 0 0.094662 0.00994558 0 0.0185605 0 0.0232782 0 0.0745633 0 0.0256978 0 0.0234383 0 0.0347282 0 0.032132 0.229369 0 0.296296 0.0121215 0.381873 0.00799433 0 0.00037065 0.0242999 0.318509 0.0178468 0.0555327 0.00170439 0 0 0.145375 0 0.038349 0 0 0 0 0.221761 0.170447
114 9.87447 0.0366201 0.0480323 0.00940493 0.394906 -0.0928412 11.5905 -0.431932 -0.132782 -0.00302219 0.139322 0.189177 0.228163 -0.00396531 -0.558114 -0.554033 0.156945 0.0998409 -0.0181275 0.0870713 0.306955 -0.398002 0.178872 -0.374654 -0.599945 -0.00968887 -0.00841059 -0.019032 -0.0361102 -0.0488834 -0.0204824 -0.103677 0.0348741 0.0119969 0.130155 -0.0223128 0.00409326 0.15301 0.0528599 0.0528195 0.349017 0.21478 1.39191 0.131302 0.654132 -0.0586602 0.082072 0.160188 -0.0503312 -0.0523162 0.11336 -0.30371 -1.40071 0.357451 0.687674 -0.0420876 -0.0497283 0.410779 -0.408559 0.338407 -0.0193475 0.579916 1.26596 1.01798 0.396441 0.162756 0.0263688 0.239577 -2.34577 0.338046 2.6584 1.77726 -2.39175 0.690181 -0.875227 3.96284 10.8274 -0.183105 0.531285 -9.84765 -12.4431 -0.965194 -0.0809221 0.317747 0.25917 0.0366959 -0.373603 -3.11243e-09 -0.548672 0.332311 -0.0460076 0.302139 -0.762966 3.04251e-09 4.40856e-10 3.63247e-10 -0.139445 0.205669 -0.624535 0.312085 1.55607 -0.8339 0.532958 9.1709e-09 -9.8987e-10 -8.18959e-10 0.484719 1.03325 0.185801 -0.255619 1.177 1.24389 -1.0604 0.392913 0.905227 11.5863 -0.0168113 0.492012 1.20498 0.000852529 0.047064 0 0.0262148 0 0.0213729 0 0.0364994 0.0401976 0.00135972 0 0.0246326 0.00506617 0.0109297 0.013527 0.0176301 0.10914 0.0853825 0 0.108496 0 0.120222 0 0.170103 0 0.201828 0 0.118953 0 0.122133 0 0.00910015 0 0 0 0 0.0146968 0 0.306073 0.0994328 0 0 0 0 0.025698 0.0602008 0 0.0242126 0 0.0147724 0.0182816 0 0 0 0 0 0 0 0 0 0.00690882 0 0 0 0 0 0 0 0 0 0 0 0 0.00884526 0.0236934 0.0124642 0 0.0194387 0.0229937 0.0107228 0.0430363 0.0274944 0.0402206 0.0238295 0.0137989 0.00223766 0.000225663 0.000164191 0.113112 0.0258607 0.0914278 0.0184721 0.0991963 0.0247791 0.120998 0.0492098 0.00915355 0.0204674 0.0939249 0.0323306 0.0958401 0.0317067 0.0288119 0.0417098 0.141239 0.0255802 0.628172 0 0.035514 0 0 0 0.0188971 0 0 0 0 0 0.686116 0 0.560305 0 0.196915 0 0 0 0.0211498 0 0.146926 0.0359109 0.289629 0.0197405 0 0.172415 0 0.02873 0.0213784 0.00901754 0 0 0.192318 0.0831496 0.145813 0 0 0.0859306 0 0.00115594 0 0.0219003 0.0117175 0 0 0.0526313 0 0.0716603 0.511632 0.1387 0.000467411 0 0.0651204 0 0 0 0 0 0.0713475 0.181839 0 0 0 0.0366829 0.0019199 0.0158493 0.00132855 0.0138189 0 0.0457631 0 0.0493677 0.0195404 0.00670952 0 0.0030852 0.0020265 0.00243361 0.0602023 0.236207 0.111314 0.10782 0.0281509 0.1119 0.0261264 0.0154413 0 0.00670104 0.0120479 0 0.0168946 0.00823627 0 0.0475989 0.0700493 0.0497856 0.0164001 0.0943469 0 0.00923057 0 0 0 0.186244 0 0.138181 0 0.14073 0.162524 0 0.0421696 0.0349369 0 0.0861546 0.308938 0 0.337948 0.256679 0 0 0.350335 0 0.0640078 0 0 0.191445 0.00210117 0.0102485 0 0.0336268 0 0.0474129 0.166533 0.0835665 0 0 0 0.0187167 0.526887 0.135651 0.0998535 0 0.012296 0.0470166 0.081126 0.00645439 0.106298 0 0.132017 0.0970003 0.0785184 0 0.120849 0 0 0 0.114338 0.0124815 0 0 0 0 0 0 0 0 0 0 0 0 0 0 0.0208323 0.135858 0 0.166684 0.00806724 0.153873 0 0.0377223 0.012718 0.255565 0 0.153733 0 0.015101 0.0170609 0.0354994 0 0.0297231 0 0 0 0 0.167855 0.134369
115 9.9078 0.0306307 0.0524587 0.0264654 0.395267 -0.0745231 11.6341 -0.361417 -0.125299 -0.00460938 0.124501 0.202349 0.142797 -0.00971909 -0.467933 -0.491853 0.0405757 0.130933 -0.0339486 0.309561 0.712087 -0.371159 0.209169 -0.546102 -0.627958 -0.0189775 -0.0159065 -0.0171778 -0.0287566 -0.0502426 -0.0310622 -0.103634 0.00968623 0.00768771 0.134535 0.00058873 -0.000922064 0.153009 0.0527728 0.0527049 0.348791 0.207965 1.37604 0.168099 0.688547 -0.0411603 0.0701153 0.160183 -0.0505458 -0.0523334 0.136509 -0.321339 -1.38078 0.268948 0.673763 -0.0132488 -0.0659225 -0.511956 -0.220439 0.164233 -0.0857751 0.530354 1.33108 2.43976 0.46243 0.449986 -0.0454721 0.0893676 -2.76446 0.467972 2.34565 1.98283 -3.27547 1.06249 -0.209839 5.61905 13.3074 -1.28996 -3.63255 -1.83555 -9.03944e-08 -0.0805285 -0.157745 0.395142 0.318315 0.0322567 -0.352672 -1.64763e-09 -0.759643 -0.02506 0.135325 0.693805 -0.353146 8.65571e-10 -0.0255045 -0.0080773 -0.0945208 0.293246 -0.481808 0.118909 -0.229845 1.03014 -0.477468 6.77349e-09 -7.53489e-10 -4.26424e-10 0.485194 1.21522 0.499748 -0.227077 1.24014 2.07255 -1.17712 0.392653 0.922099 11.628 -0.00474217 0.456026 1.2855 0.0281546 0.0222193 0.0151879 0.00974339 0.0155483 0.0108959 0.00446753 0.0117858 0.04035 0 0.106993 0.0288625 0.0903689 0.00654698 0.0973991 0.0107118 0.113384 0.017898 0 0.0686352 0 0.0607521 0 0.0918176 0 0.124502 0 0.0456539 0 0.0499722 0 0.00319033 0 0 0.0524931 0 0.0108319 0 0.262226 0 0 0 0.143824 0 0 0.0767951 0 0.031149 0 0 0.00253091 0 0 0 0 0.00706155 0 0.00015087 0 0.00053858 0 0 0 0.0353688 0 0.00947261 0.0332119 0 0.0312812 0 0.0367893 0 0.106455 0.00818085 0.00498874 0 0.0780446 0.0203158 0.0212542 0 0.0305675 0.00622811 0.05562 0 0 0.0559557 0.000291608 0 0.000481319 0.039295 0 0.0264067 0.00571061 0.0326685 0.0696503 0.0434363 0.0104097 0 0.00411374 0.0399662 0.00415925 0.0401124 0.0347606 0.0174589 0.0562646 0.068664 0.275493 0 0.0032503 0 0.00368917 0 0.0693378 0 0 0 0.00148574 0 0.406344 0 0.233764 0 0.0247452 0 0 0.0118426 0.00338952 0 0 0.0625287 0.0334844 0.0238062 0 0.135245 0 0.00585885 0 0.00157911 0 0 0.123255 0.0700936 0.199855 0 0 0.0357449 0 0.00375846 0 0 0.0944433 0.0729056 0 0.0244189 0 0.0344735 0.43247 0.0610329 0.00103022 0 0.101001 0 0 0 0 0.0126188 0.0790829 0.132368 0.0585234 0.00903258 0.0815497 0.0512061 0.0538512 0.00713474 0.0520854 0.00780339 0 0.0157371 0 0.00553185 0 0.0131235 0 0.0196235 0 0.00297492 0.0382637 0.0785851 0.148416 0.0720365 0.0354024 0.158672 0.0480525 0 0 0.0039242 0.0400324 0 0.0438294 0 0 0.0154407 0.0050605 0.0135473 0 0.00520351 0 0 0 0 0 0.121205 0 0.131745 0 0.0964926 0.0649834 0 0.0678968 0.100724 0 0.0455473 0.0832941 0.0405095 0.263646 0.0757969 0 0 0.0623628 0.000902094 0.0142567 0.00157692 0.0350364 0.186706 0 0 0 0.00825524 0 0.019934 0.153529 0.0575201 0 0 0 0.00824207 0.392272 0 0.0371626 0 0 0.00587257 0 0.012651 0.11877 0 0.00204003 0.163413 0.0835565 0 0.0836798 0.0112596 0.00527444 0 0.0846223 0.0218745 0 0 0 0 0.0912356 0 0.00131492 0 0.0333263 0 0.0508696 0 0.025571 0 0 0.0763718 0 0.0846969 0 0.0999271 0 0.0261582 0 0.138883 0 0.111682 0.0316425 0.0417563 0.0289112 0 0 0.0152825 0 0 0 0 0.16126 0.105038
116 9.94113 -0.0166879 0.0578207 0.0602035 0.396488 -0.0643752 11.6802 -0.233445 -0.124924 -0.029314 0.0988125 0.250674 0.0709684 0.0550029 -0.363377 -0.387659 -0.035514 0.142468 -0.0637179 0.520218 0.767519 -0.293915 0.00492842 -0.479903 -0.557977 0.0453497 -0.0344189 -0.027767 -0.0705423 -0.029624 -0.0417433 -0.103962 0.00867473 -0.0316127 0.180843 0.0111633 0.032551 0.0687172 0.0240332 0.0482561 0.392551 0.123354 1.38809 0.191014 0.698197 -0.042847 0.081202 0.160157 -0.0515512 -0.0524144 0.117661 -0.302107 -1.37406 0.153774 0.689161 -0.0118232 -0.100024 -1.26992 -0.139055 1.18857 -0.0026775 0.119808 1.43259 3.50125 0.265688 -1.25726 -0.426144 0.597848 -1.4878 2.08039 2.76369 2.88341 -1.65586 0.433864 -1.43174 4.86211 0.12328 -0.181018 -3.60559 0.494309 1.53494 1.43604 -0.373633 -0.460942 -1.11812 0.467325 -0.300323 -7.22557e-10 -0.489578 -1.07928 1.32834 1.08297 0.686917 -1.67573 -1.1233 -0.32995 0.058339 -1.15728 0.416227 0.0609135 0.0723569 -0.0091348 0.26166 6.59906e-09 -5.23423e-10 -2.13274e-10 -0.527862 1.63618 0.241547 -0.351626 2.14159 1.17029 -0.601881 0.392529 0.931425 11.6708 -0.00445546 0.13069 1.28546 0 0.0145841 0 0.0584845 0 0.0860459 0 0.00799906 0.0211291 0 0.0158176 0.0993468 0.0310652 0.0599271 0.0817947 0.0116663 0.0819201 0.0405838 0 0 0 0.0120702 0 0 0.0402447 0.0103227 0 0 0 0 0.0913027 0 0.0585552 0 0.151051 0 0.0187142 0.0133188 0.239429 0.031102 0 0 0 0 0.0654732 0.177145 0.0470869 0.100714 0 0.0345429 0 0.0019389 0 0.0165028 0.00876928 0.00483668 0 0.0225591 0 0 0.0115647 0.0195084 0 0.0347826 0 0.0151708 0.0346179 0.0450986 0 0 0 0.0465034 0 0.0983371 0 0.0223861 0 0 0.0163635 0.00498667 0.0123652 0.0112133 0.0855723 0.0231483 0.0160848 0.0577887 0.00019341 0 0.0666299 0.0990419 0 0.0668682 0.0424614 0.0869573 0 0.0657121 0.054452 0 0.0181747 0.0940151 0.0611852 0.092944 0.0351321 0.0218043 0 0.0235255 0 0.00906714 0.0160305 0.0229142 0 0 0 0.0022532 0 0 0.00139749 0.0485765 0.186306 0.0290743 0 0.224705 0 0.117613 0.0163138 0.046587 0.147469 0.0081719 0.0308422 0.119583 0 0.00705425 0 0 0.00482983 0 0 0.0122125 0 0.0345251 0.206554 0.0843406 0.187474 0.0239748 0 0 0 0 0 0 0.155089 0.154965 0.0111584 0 0.0413128 0 0.530992 0.0493842 0.00268871 0 0.0642105 0.0466255 0 0.0295876 0 0 0.254135 0.256308 0 0.0660122 0.0543722 0.10355 0.0132135 0.0558853 0 0.0572117 0.0954536 0.0322667 0 0.0318506 0.00593227 0 0 0.15674 0 0.00814291 0 0 0.138663 0.165186 0.138027 0.163079 0 0.0510176 0 0.014969 0 0.0882289 0 0.108228 0 0.0586744 0.0390032 0.0774376 0.0983768 0 0 0 0 0 0 0 0 0.284038 0 0.136704 0.0770003 0.0960219 0.109399 0 0.0048792 0 0.0440417 0.107656 0.178655 0.0572535 0 0.00462151 0.115269 0.0229047 0.0829541 0.0406923 0.153348 0.361097 0 0 0 0.00945815 0.00291128 0.113371 0.304626 0.128559 0 0.027064 0.0558435 0 0.244789 0 0.024043 0 0.0490139 0 0 0 0.154758 0 0 0.340667 0.327255 0 0.0817963 0.0188257 0.00324601 0.000681398 0.094773 0.0330239 0 0 0 0 0.157928 0 0 0 0 0 0.0116362 0 0 0 0 0.0885725 0.0485825 0.175052 0.0813696 0.171419 0 0.0315694 0 0.184868 0 0.160111 0 0.0984681 0.00420023 0.0374742 0 0 0 0.00440642 0 0.017293 0.207079 0.129061
117 9.97447 -0.0201929 0.0487817 0.0790585 0.39804 -0.0591338 11.7256 -0.131011 -0.131742 -0.0439105 0.023808 0.231627 0.144601 -0.0650337 -0.0475091 -0.021863 -0.113813 0.149559 -0.0858062 0.612378 0.464641 -0.232744 -0.0649491 -0.390068 -0.457304 0.0439565 -0.0388609 -0.0244915 -0.0891477 -0.00905213 -0.0503793 -0.101589 -0.0235082 -0.0493458 0.197494 0.0375355 0.0367911 0.0349435 -0.0430311 0.0502439 0.427948 0.154778 1.36969 0.178509 0.700198 -0.105211 0.00691461 0.0784773 -0.0501577 -0.0544435 0.314166 -0.288864 -1.35243 0.109608 0.681208 0.00884214 -0.0216959 0.147628 -1.21606 -0.00380071 -0.0221411 0.214165 1.25334 2.72836 0.254228 -0.00383782 -2.85129 0.559351 0.941779 0.0526007 -0.660798 -0.788333 -2.08622 0.581964 -0.265194 0.697766 -11.2279 2.22547 4.82555 6.46998 5.51249 0.170421 0.690358 0.66892 -0.820781 0.335215 -0.341146 -2.00332e-09 -0.590333 0.289246 0.376587 0.097257 -0.896142 2.22091 -1.87071 5.62424e-10 -1.25767 3.94551 -1.53076 -1.14634 2.72161e-09 -2.20396 -0.490477 -8.56539 -9.05145e-10 -4.88432e-10 3.47515 10.1818 -3.21974 0.97742 1.6221 2.18138 0.189743 0.392284 0.93575 11.7124 -0.0107499 0.211452 1.19402 0.0258445 0 0.0263379 0 0.0131905 0 0.104216 0 0.181224 0 0.0814762 0 0.0808638 0.0176699 0.0447447 0.0593691 0.0655859 0.0276596 0.0356554 0 0.028118 0 0.0403917 0.02309 0.0569801 0.0109276 0 0 0 0 0 0.0111964 0 0.0413251 0 0.0395637 0 0.0133244 0.0647348 0.0540728 0 0.00948607 0 0 0.0445436 0.00374174 0.0299036 0.0853128 0.0603008 0.116813 0 0 0 0.0105612 0.0110734 0.0488136 0.00477845 0.0339708 0 0 0 0.0421106 0 0.0738206 0 0.0313654 0 0.0292207 0.0196291 0 0 0.0371402 0 0 0.00183879 0.0233339 0 0 0.0119855 0.00842616 0.00249586 0.00872511 0.0616963 0.0596248 0.00778251 0.0589965 0.000262534 0.00134542 0.187274 0.263475 0.127278 0.113975 0.164213 0.21092 0.132004 0.274879 0.0505682 0.0336728 0.136894 0.112003 0.144937 0.288387 0.0480823 0.015179 0 0.505861 0 0.505129 0 0.153131 0 0 0 0 0 0 0.11113 0.00696256 0.196967 0.377112 0.215034 0.54043 0 0.497343 0 0.100281 0.0449026 0.0284108 0 0.304803 0.127013 0.426809 0 0 0 0 0.0143825 0.0460788 0.00678626 0.0190983 0.0283225 0.0722186 0.129747 0 0 0 0 0 0.042236 0.0138885 0 0.0266701 0 0.0152452 0 0.0705654 0.202585 0.120388 0 0.00321066 0.157144 0.0189867 0 0.0368176 0 0 0.190546 0.0186904 0.0498009 0 0 0 0 0 0 0 0 0.0913244 0 0 0 0.034071 0.209723 0.189079 0 0 0.193918 0 0.319898 0.123798 0.0331919 0.0997014 0.181489 0 0.0219254 0 0.134055 0 0.234937 0.00665397 0 0.0749263 0.113548 0.269213 0.0392561 0.320444 0 0.0305254 0.00300548 0.000614128 0 0.27812 0.188345 0.0565717 0.0020517 0 0.123396 0 0 0 0 0 0.0557975 0 0.0373451 0 0 0.0489164 0.214993 0.471077 0 0.222123 0.0788311 0.0438908 0 0 0 0 0.194357 0.0624074 0.138856 0 0.0104674 0.00528476 0 0.02956 0.0691934 0 0.0350283 0.0974412 0 0.193295 0 0.126119 0.0194484 0 0 0.0284699 0.821053 0 0 0 0 0.048717 0 0 0.0146989 0 0.0130455 0 0.0715224 0 0.0287912 0 0 0 0 0 0 0 0 0.388498 0.055437 0.208971 0.069041 0.243767 0.00903779 0 0.37578 0.0687761 0 0.00503218 0.0331646 0.0314842 0.183947 0 0.0256484 0 0 0 0 0.0578754 0.0195019 0
118 10.0078 -0.00322958 0.0489079 0.0800847 0.396538 -0.0552175 11.7642 -0.0419178 -0.151546 -0.0390659 -0.0848761 0.230826 0.162579 -0.0617754 -0.0456831 -0.018201 -0.238388 0.136312 -0.0774941 0.668396 0.368484 -0.191837 -0.144339 -0.301281 -0.381973 0.0279354 -0.0428473 -0.0305814 -0.0888914 0.0022076 -0.03793 -0.100235 0.0280629 -0.0436322 0.17603 -0.012909 0.0245905 0.154611 -0.039795 0.050767 0.280954 0.229003 1.3447 0.17574 0.683984 0.0520316 0.0387675 0.0705734 -0.0516567 -0.0364778 0.346972 -0.240434 -1.35687 0.151543 0.700623 0.0415082 -0.0833326 0.391176 0.046648 0.165008 -0.106424 -0.0124916 1.09904 2.25632 -0.235453 -0.209811 -2.25727 -1.4795 0.159428 0.00974021 0.957526 1.30384 -3.93781 -0.371211 0.0970203 1.64209 -2.57389 -0.600084 -1.3241 2.2389 1.66502 -0.269199 0.158111 -0.229233 0.113026 0.334304 0.173077 -1.55137e-09 0.402741 0.47933 -0.559798 -0.416206 -0.832558 4.25093e-09 0.079942 -0.316185 0.15527 0.494518 -0.0656377 0.370966 -1.29599 3.09976 -0.142307 0.64399 0.00132679 1.0263 -0.241741 -0.105805 -0.395908 0.377516 1.02297e-10 -0.7703 -0.995201 0.392356 0.939945 11.7518 0.0119521 0.0174328 1.18453 0.0403458 0.000347951 0.015019 0.000844323 0.0177982 0 0.0244202 0.00137719 0 0.0524453 0.0805227 0.0671216 0.0667849 0.057513 0.0612133 0.0557282 0.0266379 0.00608941 0.0354478 0 0.0115931 0 0.0696957 0 0.065909 0 0 0 0 0 0 0 0 0 0 0 0 0 0.00820456 0 0.0905582 0.164565 0 0 0.0604874 0.0679763 0.0319734 0.0404938 0.0578156 0.0110382 0 0 0.0229919 0.0072959 0.0362628 0.0609554 0.00219674 0 0 0 0 0.00816599 0.012563 0.0432209 0.0075022 0.0206838 0 0.00785982 0 0 0 0.0155108 0 0.00326548 0.00999628 0.0149223 0 0 0.00227521 0.000458145 0.0105386 0.0100655 0 0 0.0195422 0.0580355 0 0.000207612 0.0510837 0.0779199 0.0409867 0.00857163 0.0535915 0.044083 0.0434038 0.0605642 0.0306645 0.0204614 0.0407035 0.0106594 0.0456962 0.0307375 0.03161 0.0115952 0 0.498924 0 0.127182 0.0324619 0.18138 0 0 0 0.0478746 0 0 0.000700775 0 0.187827 0.48354 0.198373 0.501443 0.220608 0.430026 0.00513991 0.0692895 0 0.00483428 0.27019 0.127213 0.255283 0.220159 0.0807778 0.0441832 0.00353803 0 0 0 0 0 0.0791711 0.13917 0.12172 0 0 0 0.00542819 0 0.00854982 0 0.0258132 0.0331045 0.0110226 0 0.0720275 0.00238574 0.109227 0.221682 0 0 0 0 0.0587912 0.0125621 0.0325481 0.0125885 0.0168901 0.113094 0.0117187 0.0320157 0.0406787 0 0 0.00240201 0 0 0.016119 0.0054499 0 0 0 0.0572624 0.125239 0.0110268 0.000524434 0.00150041 0.2971 0.110616 0.199767 0.223321 0.188818 0.0817864 0.00274833 0.0200646 0 0 0 0.0269969 0 0.0597672 0.0396698 0.00025144 0.312602 0 0.380512 0 0 0 0.00409168 0.00462533 0.30031 0.0372605 0.0866228 0 0.0312914 0 0 0.328159 0 0.216071 0 0 0 0.360814 0 0 0.0291608 0 0 0.0546024 0.000468085 0 0.111803 0.0244948 0 0 0.0189622 0 0.015062 0.026986 0.0376551 0.094088 0 0 0.00909714 0 0 0 0 0.0538611 0.159191 0.0149526 0.0868875 0.0279957 0.0807488 0.194577 0.00398543 0.293644 0.0444388 0 0 0 0.0676444 0.0822408 0 0.0090301 0 0 0 0 0 0 0 0 0 0 0 0 0 0 0.170831 0 0.206029 0 0.263895 0.0198864 0.010359 0 0.119878 0.111497 0.0407085 0.00913466 0.0443427 0.00372727 0 0.0412015 0 0 0 0 0.0404082 0 0.0697244 0.0950079
119 10.0411 0.0245836 0.0326719 0.0807265 0.395572 -0.0548471 11.7972 -0.0209334 -0.149212 -0.0369957 -0.10391 0.192129 0.175414 -0.0608379 -0.0379261 -0.00763693 -0.359483 0.11447 -0.072717 0.615342 0.2552 -0.140353 -0.016488 -0.125829 -0.246045 0.0366428 -0.0534262 -0.0316973 -0.121985 0.0158658 -0.0295264 -0.101235 -0.0133055 -0.0509261 0.169857 0.0216444 0.0218152 0.140298 0.0104708 0.054117 0.313517 0.214198 1.32356 0.233688 0.680066 0.110067 0.066061 0.150989 -0.0155283 -0.0121305 0.157332 -0.196703 -1.39918 0.130511 0.699705 0.0802753 -0.125263 0.418375 -0.811798 -0.32733 -0.0677291 0.09619 0.92927 0.580375 -0.11286 0.397324 -2.28924e-09 0.00780673 0.821826 -0.237895 -0.933396 -1.2711 -3.00382 -1.36197 0.145283 -2.85222 -3.28125 3.82536 -1.31079 4.65707 4.18023 0.894194 -0.523209 0.166769 -1.06673 0.461316 0.451042 -1.5021e-09 -1.99642 -9.04936e-10 -0.0310033 1.75945 -0.581161 -0.143837 1.57836 3.61868e-10 -0.3783 0.482531 -0.462842 -0.117499 -1.00397 0.61539 0.134278 5.11738e-09 1.14242 -0.0805371 -1.48483 0.548946 -0.397287 0.269842 0.121065 0.199535 -0.249075 0.39268 0.940545 11.7911 0.00444129 0.0703335 1.16941 0.0736884 0 0.0641171 0 0.0798885 0 0.037334 0 0 0 0.208648 0.14252 0.162852 0.134508 0.109947 0.176339 0 0.0230211 0.198257 0 0.298416 0 0.281692 0 0.462833 0 0.170729 0 0.131336 0 0 0.0253466 0 0.0689675 0 0.385085 0.00383466 0.00252464 0 0 0.298804 0 0 0.375148 0.10333 0.0535472 0.0611009 0.0431057 0.0903555 0.0393332 0 0.000636525 0.0440557 0 0.0952095 0.0303854 0 0 0 0 0 0.0180061 0.0878094 0.0418168 0.0143137 0.0189077 0.0437487 0.0126388 0.0161714 0 0.0652972 0 0 0 0 0.00826397 0.0151501 0 0 0.00050536 0 0.0107955 0.00102806 0.0124552 0.0807469 0.0612618 0.00118954 0 0.15993 0.20296 0.114474 0.118151 0.144811 0.200131 0.0978596 0.258329 0.0891172 0.0453696 0.0933938 0.136127 0.0967709 0.344288 0.036127 0.0214923 0 0.419916 0 0.32043 0 0.0144748 0 0 0 0.2604 0 0 0.134716 0.00704185 0 0.578693 0 0.416247 0 0.28279 0.118571 0 0 0.0619759 0 0.0481297 0 0.128231 0.232801 0 0.245053 0 0 0 0.00306132 0 0.0832831 0.0878686 0.249118 0 0 0.00569566 0 0 0 0 0.185925 0.156958 0.190022 0 0.22272 0 0.282565 0.125575 0 0.000751977 0.00322407 0.228995 0.0445255 0 0 0 0.125483 0.0627233 0.0604833 0 0 0 0.0204723 0 0.0301598 0 0.179193 0 0.29509 0 0 0.0666669 0.0595849 0.031 0.00674536 0 0.435239 0 0.49564 0.123088 0.331471 0.0160162 0.0509313 0 0.0611069 0 0.052014 0.0131699 0.0329952 0.00274013 0 0 0 0 0.112648 0 0 0.0355776 0.00703243 0.0396566 0.410488 0 0.0939743 0.126561 0 0 0.0430732 0.1388 0.0152774 0.380346 0 0 0.079196 0.0118201 0 0 0 0 0 0.543199 0 0.382079 0.114742 0.175965 0 0 0 0 0.0421512 0.0728441 0.136482 0.0296357 0 0 0.149273 0 0 0 0 0.166372 0.0484682 0 0 0.0131756 0.276893 0.0998195 0 0.0141608 0.375503 0 0 0.00351244 0.189867 0.0338009 0 0 0 0.0619926 0 0 0 0.304316 0 0.0412609 0 0.0683256 0 0.133268 0 0.140907 0.21745 0.0128957 0.475239 0 0.512175 0 0.0338001 0 0.347666 0 0 0.227973 0.173456 0.0281966 0.0185651 0 0 0 0 0 0 0 0.133499 0.0244644
120 10.0745 0.0349718 -0.0270092 0.073253 0.394363 -0.0550365 11.8311 0.00389669 -0.154761 -0.0274863 -0.10391 0.147034 0.259581 -0.10098 -0.0100018 -0.0103134 -0.401117 0.123627 -0.0472539 0.435879 0.182375 -0.028506 -0.0797663 -0.00320466 -0.122807 0.0577461 -0.0458429 -0.0303455 -0.152517 0.0192826 -0.0165325 -0.0963231 -0.052094 -0.0501899 0.165432 0.0799488 0.0215198 0.0909347 0.0434618 0.0569197 0.332004 0.223806 1.3191 0.226552 0.688162 0.0632415 0.105623 0.151364 0.0336234 -0.00117646 0.162262 -0.17559 -1.42466 0.0946341 0.700859 -0.0139095 -0.127435 0.264417 -1.81938 0.121714 -0.00449528 -0.121952 1.07142 0.792567 -0.0740532 -0.207067 -3.59049e-10 -3.06219 1.40725 -0.3267 1.68629 2.13055 -1.00617 0.126919 0.500768 -4.92003 -4.88592 2.0558 -2.38641 3.54383 3.71677 0.115091 0.122636 -0.343994 -0.465065 0.181598 0.429506 -0.171188 -1.16991 -5.46206e-10 0.121375 1.62716 -0.215841 -2.48395 0.499215 1.37778e-10 0.272947 -0.938615 0.493115 0.147196 1.65842 -0.441285 0.825054 5.62667e-09 1.08148 0.778267 1.81895 1.00581 -1.2309 0.0350991 3.11268e-11 -1.28108 0.106238 0.392946 0.940021 11.8297 0.00595495 -0.150783 1.15065 0 0.0249468 0 0 0 0.0197538 0 0 0 0 0.00541724 0.109983 0.00398259 0.121574 0 0.176103 0.00196617 0.0819293 0.00544103 0.0435698 0.057806 0.0112718 0.0131583 0.185291 0.0809979 0.163804 0.00191974 0 0 0.0158222 0 0.0694246 0 0.0852332 0 0.129784 0.00662344 0.000445809 0 0.0125438 0.233263 0 0.0474411 0 0.23252 0.0433214 0.0999344 0.0524817 0.0684036 0.0555172 0 0 0.0512518 0 0.0944963 0.0128669 0 0 0 0 0.00425609 0.0048946 0.0872781 0.0102507 0.0171402 0.00484926 0 0.0581158 0.0135178 0 0 0.0855694 0 0 0.00265684 0 0 0 0.00109375 0.00812665 0 0.0148707 0.0239015 0.0644656 0.045009 0.0317193 0.000903893 0 0.122865 0.0407481 0.0903421 0 0.109249 0.0478234 0.0506193 0.110137 0.0827923 0.0544661 0.0682211 0 0.0687226 0.0264856 0.0325109 0.0451376 6.1892e-05 0.109722 0 0.040127 0.0109555 0.015158 0 0 0 0 0 0 0 0.00265594 0 0.134489 0.00737557 0 0.155021 0.028664 0 0.0472055 0.0186529 0.159702 0.0579397 0.123526 0.0521234 0.106466 0.127709 0 0 0 0 0 0.00675161 0 0.181739 0.154423 0.04441 0.0359976 0 0 0 0 0 0 0.0705914 0.146342 0 0.00354336 0.0190838 0.0314036 0.229002 0.0406409 9.15522e-05 0.00310007 0 0 0.0522797 0 0 0 0.140558 0.142054 0.0627513 0.127446 0.000283685 0.198711 0 0.0117855 0 0 0.0546939 0.0545541 0.0663942 0 0.0224742 0.0310945 0.0195482 0.0405363 0.0107625 0 0.188674 0.0420109 0.321713 0.300497 0.283969 0.0592522 0 0 0 0 0 0.0329478 0 0.0251427 0.00377854 0 0 0.260673 0 0.237539 0 0.0176977 0.00598942 0 0.349414 0.0494896 0.0360631 0.13461 0 0 0.520393 0 0.467327 0 0 0 0.606621 0 0 0.0345331 0 0.0556911 0 0 0 0 0.146456 0.168753 0 0 0 0 0.0279962 0.0772096 0.124517 0.0414199 0 0 0 0.0407049 0 0.0321736 0 0.0454852 0 0.200326 0 0.0695728 0.237024 0.0275276 0 0.418313 0.0455493 0 0 0.00711527 0.178963 0.0147391 0 0 0 0.0223915 0 0 0 0.136486 0 0.012554 0 0 0 0.0746217 0 0.0657229 0.246012 0.242768 0.297709 0.113002 0.311578 0.194759 0.0212377 0.00314695 0 0.0556391 0 0.0709785 0.0396785 0.0666758 0 0.0594504 0 0 0 0 0 0 0.135309 0.057699
121 10.1078 0.0338787 -0.0660878 0.0587537 0.393382 -0.0662397 11.8672 0.0526545 -0.144087 -0.016495 -0.10391 0.0166583 0.232524 -0.0508409 0.0283753 0.0437716 -0.434792 0.126807 -0.0107806 0.296918 0.211908 -0.0341943 0.0103771 0.00317992 -0.11993 0.0451825 -0.0408116 -0.015044 -0.121618 0.0282018 -0.0108963 -0.105601 0.00536352 -0.0489476 0.165402 0.0425464 0.0116465 0.0362804 0.0457805 0.0547472 0.293866 0.12143 1.34781 0.366566 0.703011 0.0197973 0.00912607 0.152796 0.00142193 -0.00864501 0.409966 -0.238789 -1.37814 0.232811 0.699076 -0.020313 -0.0817142 0.0567057 -0.807967 -3.27143 -0.0199929 -0.307218 1.0388 1.61513 -0.261192 3.26199 -2.3596e-09 -1.26929 1.16873 -0.233162 -0.00749093 -0.00016845 -2.43226 -1.01059 3.87957 -2.24895 -0.446005 -0.953101 1.70655 0.442117 1.22208 0.576998 0.0622439 5.24173 -0.275803 0.369023 -1.67587 -7.12197e-10 0.643671 -0.36532 0.668553 0.0981013 0.108611 1.99097 -0.563051 8.15693e-10 -1.92459 3.25939 -0.310077 0.871813 -1.21708 2.3835 -3.66681 1.3216e-09 -0.810042 -1.24087 1.51179 1.91489 0.679703 0.251431 -0.541865 -1.47899 0.505682 0.393245 0.929944 11.8679 -0.00615689 -0.303662 1.14876 0.0472883 0 0.0260695 0 0.0238696 0 0.0434301 0 0.0456354 0.00648817 0.0472252 0 0.0515636 0 0.0502873 0 0.00870747 0 0.0593197 0.0233066 0.0578698 0.0266037 0.0849551 0.0504491 0.105195 0.058971 0.00797817 0.00907463 0.00731017 0.0233722 0 0 0 0 0 0 0.00410246 0.00250584 0 0 0 0 0.0598279 0 0.120345 0 0.0466532 0 0 0 0 0.0225618 0 0 0.0165468 0.0172793 0.0025701 0 0.00116999 0 0.02342 0 0.0600313 0.034839 0.0327517 0.0181372 0.0630085 0 0.0348354 0 0.0437178 0 0.0980272 0.0320434 0.0531511 0 0.0876413 0 0.00123619 0 0.0358119 0.0111786 0 0 0.14394 0.119684 6.48412e-05 0.000186838 0 0.00456651 0 0 0 0.00501174 0 0.066387 0 0.0136529 0 0 0 0 0 0.0103723 0.0614844 0.0801854 0.0061809 0.418772 0 0.0497188 0.00387626 0 0 0 0 0 0 0 0 0 0 0 0 0.0537141 0 0.0353831 0 0.02545 0.0479007 0.0966638 0.0176668 0.0679795 0.175112 0.00293254 0 0.006271 0.0107746 0 0 0 0.0440355 0.0539468 0 0.00255276 0.0101752 0 0.00200309 0 0 0 0 0 0.0152749 0.0137992 0.0308147 0.0269242 0.0569136 0.106284 0 0 0.00587458 0 0 0.00075301 0.00825019 0.00853099 0.0471502 0.112435 0 0.0568822 0.00501185 0.0675149 0 0.0558081 0 0.0573803 0.00111899 0.0201012 0.00396161 0.00303068 0.00263005 0 0.0643727 0.0192239 0.00471508 0 0.2558 0.105585 0.131084 0.0742758 0.0414321 0.0586836 0.0706398 0 0 0 0.024551 0.00486451 0.0313121 0.0252125 0.0586013 0.0533236 0.0200398 0.305543 0 0.286529 0 0 0 0.0114436 0.130123 0.0530206 0.0657876 0.021606 0.0303847 0 0.174109 0 0.333023 0 0 0.00354777 0.184312 0.00231574 0.00301213 0.0134896 0.019537 0.0402235 0 0.0752044 0 0.00603729 0.111454 0.061369 0 0 0.00900249 0 0.0421393 0.0320202 0.0315386 0.103476 0.0165904 0 0 0.0152633 0 0 0 0.00892097 0 0.0828551 0.00474328 0.0634935 0.0148439 0.0406524 0.414881 0 0 0 0.043864 0.0665713 0.0194562 0.00294742 0.0416399 0.0542286 0 0.0510394 0 0.0528267 0 0.16117 0 0.0377865 0 0.0593882 0 0.0881382 0 0.0910914 0.083265 0.0586198 0.0821633 0.0829417 0.0796544 0.127716 0 0 0.144714 0.0108792 0.0150652 0.0206268 0.0159064 0 0.0466742 0.0158708 0.0237666 0 0 0 0.000107038 0 0.0247958 0.024137
122 10.1411 0.0206311 -0.100195 0.0220793 0.390675 -0.0726733 11.9063 0.116916 -0.14142 0.0141705 -0.10391 -0.0309684 0.26392 -0.0484743 0.0281347 0.0437724 -0.401662 0.115161 0.0442108 0.0694684 0.207082 0.0597302 -0.036659 0.0766188 -0.0504501 0.0413898 -0.0295678 0.0042185 -0.0934909 0.0371387 0.00952687 -0.104029 0.0253016 -0.0347035 0.160791 0.0415198 -0.00301408 0.154571 0.0240626 0.0520276 0.111071 0.206325 1.36011 0.380942 0.66677 0.0835269 -0.0120663 0.132887 -0.0425495 -0.0559721 0.45033 -0.179878 -1.36494 0.216979 0.689512 -0.01996 -0.0655892 -0.171212 -0.598807 -0.779414 0.0466684 -0.168216 1.17644 1.67844 0.182708 0.471771 -1.15185e-09 -1.43595 0.400945 -0.0963962 -0.00571794 2.93227e-05 0.319543 -0.536733 0.986358 -5.48709 -3.39133 2.29014 -3.37832 2.67637 2.56627 -0.359612 0.229243 0.344326 0.695357 0.192437 0.413048 -1.05607e-09 0.241605 0.426222 -0.0922184 0.15542 -0.653211 6.63994 -0.507318 3.03857e-10 -2.49411 7.87015 -0.795627 0.0642128 -1.48181 1.01113 -0.216572 -0.178776 -1.77294 -2.73211e-10 0.471494 1.35203 -1.12314 0.287877 1.48626 1.26625 -0.481212 0.393112 0.924076 11.9065 -0.00570456 -0.149896 1.15566 0.0578089 0 0.0398568 0 0.0335438 0 0.0589766 0 0.0339322 0 0.116453 0 0.105535 0 0.09561 0 0.0592564 0.024249 0.130041 0.0333082 0.172142 0.018435 0.191513 0.0456298 0.238598 0.0585137 0.130016 0 0.15296 0.0157686 0.0292843 0.00472113 0 0.00754354 0 0.00404892 0 0 0.0443478 0.0427489 0.0425875 0 0.0645116 0 0.126295 0.0451638 0.0395145 0.0123744 0.0859974 0.00407935 0.00582713 0.0281959 0.0164292 0 0.0245438 0.0290518 0.0155147 0 0.00469948 0 0 0 0 0.0146332 0 0.00556925 0.00357041 0 0 0 0 0 0.0118978 0.0154364 0 0 0.00120936 0 0.00233447 0 0 0.00752095 0.0287711 0.00151526 0 0.0752645 0 0.000812897 0.0750435 0.198578 0.0612939 0.155848 0.070011 0.168896 0.0560375 0.235892 0.106913 0.040751 0.0462849 0.142629 0.048432 0.178919 0.0670331 0.0275727 0.0220577 0.337633 0 0.333091 0 0.0597402 0 0 0 0 0 0 0 0 0 0.246366 0 0.198302 0 0.119721 0 0.021597 0 0.036898 0.0139667 0.136483 0.0189546 0.15285 0.228045 0.0299106 0 0 0.0329869 0 0.00431947 0 0.0640146 0.204518 0.0240898 0 0.0260392 0 0.0039213 0 0 0 0.0210187 0.00644786 0.00429457 0.0183447 0.00675762 0.0395522 0.0210104 0.285844 0.00208653 0.00164754 0.0180374 0 0.0270071 0 0.0363704 0 0 0.239854 0.0160194 0 0 0 0 0.0408218 0 0.0431237 0 0.0170522 0 0.000241815 0.0128218 0.0550572 0.11822 0 0.00385825 0.001272 0.221088 0.16 0.192808 0.118491 0.141901 0.113202 0.0929431 0 0 0 0 0 0.00150104 0 0 0.00142154 0 0.383761 0 0.335703 0.00650378 0 0 0.00771958 0.127927 0.076848 0.165218 0 0.136918 0 0.224052 0 0.445816 0 0 0 0.239928 0 0 0.000633053 0.0232799 0.0427124 0.012251 0.44162 0 0 0.252333 0.0303074 0 0 0.0445117 0 0.0368725 0 0 0.239278 0.0200098 0 0 0.0135617 0 0 0 0.0204988 0 0.100929 0 0.0836126 0.0212701 0.116374 0 0.220074 0.0306172 0 0 0.0648296 0.0181802 0 0 0.0350877 0 0.070493 0 0.0244223 0 0.194467 0 0.0341475 0 0.0675692 0 0.0775246 0 0.0849302 0.108785 0.087568 0.0964104 0.110132 0.0845824 0.16592 0.00983514 0 0.205512 0.0113947 0.0831477 0 0.045156 0 0.0222377 0 0.0258833 0 0.00230181 0 0.0492692 0 0.0463181 0.0925702
123 10.1745 -0.00833659 -0.141085 -0.00677836 0.388796 -0.0805309 11.9476 0.199777 -0.15377 0.0262458 -0.10391 -0.0773961 0.30998 -0.0217602 0.0113086 0.0406704 -0.364687 0.131094 0.0851139 -0.0432727 0.0310705 0.0370704 -0.0614221 0.134639 0.00773799 0.0534322 -0.00720048 0.0184972 -0.0711723 0.0359013 0.0202125 -0.10271 0.0786695 -0.0139689 0.161431 0.00240335 -0.020806 0.153887 0.0502329 0.0540545 0.126872 0.180483 1.36679 0.505234 0.665674 0.0566661 0.001528 0.137963 -0.0509291 -0.0563845 0.449898 -0.162896 -1.39707 0.203793 0.702157 -0.025998 -0.0494331 -0.709149 -1.3837 -0.76171 0.129315 -0.263611 1.27035 2.30602 -0.500147 0.0656703 -5.85294e-10 -1.62597 1.87258 0.165871 0.018242 0.00821514 0.689283 0.362337 1.25768 -1.78884 -3.84137 -2.89043 2.27808 1.10756 1.06473 -0.057643 0.62204 0.408196 0.71952 -0.00318291 0.307139 -3.59442e-10 0.779232 0.477251 0.0225198 -0.474722 -0.168202 2.89187e-09 -0.181 9.0259e-11 0.118524 0.789467 0.491367 0.579339 -0.506003 1.69256 -0.166498 0.999205 -3.60249e-10 -2.91476e-10 0.101434 -0.352742 -0.662492 0.296209 2.90228e-10 -0.446083 0.91006 0.393199 0.917691 11.9448 0.00295655 -0.212914 1.15004 0.0217201 0.0195827 0.00977328 0.0228435 0.00947019 0.00997698 0.0053331 0.0114909 0.0373422 0 0 0.060181 0 0.0475741 0 0.0581134 0.0868452 0.0170107 0 0.186502 0.00737579 0.159788 0 0.25996 0 0.250443 0.0162574 0.113223 0.0116994 0.192278 0.0616825 0 0.0479811 0 0.0657718 0 0 0 0.037907 0 0.0259943 0 0.339671 0 0.0542518 0.0451033 0.0162931 0.00280417 0.0545571 0 0.000174303 0.0424059 0.0133468 0 0.0132779 0.0162438 0.0117657 0 0.00447026 0 0 0.0222616 0 0.031111 0 0.0242793 0 0 0 0 0 0 0.00670021 0.0463541 0.0074718 0.0406509 0 0 0.0125551 0.00386414 0.0207672 0.0349414 0.0457726 0 0 0.107988 0 0.000430161 0.0541064 0.0439694 0.0444954 0.0154805 0.0478491 0.0307094 0.0364455 0.0797887 0.0452903 0 0.0257415 0 0.0295315 0.00179439 0.0490727 0 0.0606211 0.401116 0 0.21151 0.00565675 0.027503 0.0234603 0 0.0434247 0 0.00692533 0 0.0592641 0 0.148168 0.461311 0.041843 0.288084 0.0241783 0.0228086 0.0103981 0 0 0.102421 0.00122043 0.308925 0.0140105 0.376835 0.0527871 0.101914 0.000572238 0.0141438 0.0384021 0 0.0124544 0 0.00926048 0.1565 0 0.120298 0.0537641 0 0.0111582 0 0 0 0.0549273 0.0339938 0 0.0368921 0.00340416 0.0547118 0 0.286364 0.000434725 0 0.0519413 0.00877128 0.029133 0 0.0482531 0.00210023 0.0997333 0.215578 0.0231077 0.0235801 0 0 0 0.0565513 0 0.0636074 0 0.0151076 0.0138435 0 0 0.0501781 0.0662416 0 0.00298488 0.00137357 0.125252 0.350703 0.261705 0.0853313 0.0880491 0.104783 0.0563027 0.0102315 0 0 0.0871971 0.00594782 0.122381 0 0 0.0341516 0 0.710674 0 0.648493 0 0 0 0 0.0128421 0.209356 0.136095 0 0.141011 0 0.431629 0 0.374759 0 0.0420087 0.0299461 0.297793 0 0.0385859 0.0154446 0.0446088 0.0368728 0.00882765 0.107301 0 0 0.244942 0.104087 6.27739e-05 0 0.0547348 0 0.0189035 0 0.049206 0.218544 0.0382748 0 0 0.048191 0 0 0.00162887 0.047177 0 0.2231 0 0.182933 0.00228876 0.1188 0 0.122076 0.0733796 0 0 0.0833206 0.0122812 0 0 0.0538703 0 0.0782017 0 0.0324253 0 0.188049 0 0.0296994 0.000723213 0.0609015 0 0.0870156 0 0.0940289 0 0.232103 0 0.345829 0 0.464915 0 0.00369335 0.0545321 0.0312847 0.0265761 0.00611076 0.00819771 0.0370888 0.0610816 0.000292702 0 0 0.0115457 0 0.0339305 0 0.0577121 0.1231
124 10.2078 -0.0224357 -0.170862 -0.027041 0.387677 -0.0899275 11.9909 0.265878 -0.149672 0.0281207 -0.0983878 -0.1337 0.336978 -0.0129433 0.045292 0.0416371 -0.359195 0.135258 0.107197 -0.04318 -0.144655 -0.0122538 -0.0463781 0.170356 0.0409943 0.0379329 0.0126076 0.031609 -0.0463149 0.0386993 0.021885 -0.101139 0.143409 0.0118897 0.168283 -0.0546999 -0.0475863 0.153891 0.0501169 0.0540455 0.112421 0.188511 1.38906 0.507716 0.638517 0.0747965 -0.00926859 0.163649 -0.0412127 -0.0549014 0.43907 -0.186732 -1.40448 0.197824 0.700663 -0.00396646 -0.0694871 -0.279758 -0.636884 -0.488751 0.205367 -0.335051 1.29601 1.68467 0.177188 -0.185772 0.40392 -1.82303 0.448697 -0.0418855 0.00560745 0.00773911 0.0862174 -0.00835731 0.326155 0.421666 -3.81157 -1.12299 -0.160593 0.761764 0.647287 -0.614632 0.70152 0.30805 0.595108 0.0296181 0.0227721 -1.3676e-09 1.63896 0.704589 0.193343 -1.46444 -0.50251 7.85953e-09 1.15147e-10 5.53409e-10 0.458975 0.286648 0.373017 -0.335826 -1.03248 -0.406599 -0.334464 7.04054e-09 0.298532 -7.51454e-10 0.0915474 0.0249333 -0.0230091 -0.0144398 2.89787e-10 0.702311 -0.562292 0.393327 0.909428 11.9833 0.000239354 -0.282522 1.15821 0.0167883 0.00711689 0.00884322 0.00436811 0 0 0.0213592 0.0206664 0.103201 0.000815167 0.00466535 0.00957629 0 0.031559 0 0.0447009 0.0861843 0.0394188 0 0.222717 0.0266829 0.231548 0.00460334 0.309866 0.00729745 0.332058 0.0794946 0.164407 0.0925029 0.273823 0.121265 0 0.108714 0 0.132349 0 0.000237923 0.00377077 0.0882431 0.209423 0 0 0.272101 0 0 0.0351358 0 0.00105101 0.00118357 0 0 0.0479339 0 0 0.00459304 0.0119904 0 0 0.00319407 0 0.0549453 0.0105434 0 0.00779771 0.00573463 0.0124934 0 0 0 0 0 0.00503492 0.0493479 0.0316468 0.0804033 0.0312902 0.014871 0 0.0209884 0.00979051 0.0587607 0.0377976 0.0178842 0 0.0219215 0.083957 0 5.15098e-05 0.0483079 0.0555161 0.0341585 0.0892409 0.0358714 0.0865728 0.0392989 0.128598 0 0 0.0137439 0.00463446 0.0123721 0 0 0.000609392 0 0.17467 0.0160717 0.25634 0 0.0116613 0 0 0.0380785 0 0.0556724 0 0.126744 0 0.121262 0.38159 0.027038 0.0619177 0 0 0 0 0 0.0618535 0 0.215267 0 0.307549 0 0.150444 0 0.013982 0.105632 0 0 0 0.0188881 0.208022 0.00777622 0.110382 0.0493283 0 0.0135378 0 0 0 0 0 0 0.0332577 0 0.0401093 0.039725 0.373138 0 0 0.091156 0.0922805 0 0 0.018184 0 0.0708511 0.177654 0 0 0.016936 0 0.016143 0.0466187 0.0244748 0.0528027 0 0.00406721 0.00202916 0 0 0.0232479 0.151769 0 0 0.000392958 0.156992 0.349349 0.22511 0.0597236 0.0153423 0.120496 0.071673 0.0189345 0 0 0.0940575 0.000258071 0.173366 0 0.0718765 0.136304 0 0.650563 0.00720095 0.6087 0 0 0 0.0169309 0 0.174286 0.222967 0 0.21025 0 0.341316 0.0470832 0.216499 0 0.00263514 0 0.160919 0.0512817 0.236596 0.234961 0.0674646 0 0.00647492 0.11066 0.0123418 0 0.282659 0.0622241 0 0 0.0705238 0 0.0145158 0 0.0313706 0.234603 0.157171 0 0 0.0434527 0.233514 0.349912 0.00622482 0 0 0.24214 0 0.173792 0 0.119934 0 0.0908953 0 0 0.0111367 0.124742 0 0 0.0107983 0.0947737 0.00660695 0.0153495 0.00727952 0.0120667 0.00923335 0.0336946 0.00467225 0 0.0158268 0.0192235 0.00343459 0.029735 0.00135763 0.02053 0 0.259191 0 0.365779 0 0.462517 0 0.00492065 0.125112 0.0938723 0.0694477 0.0136578 0.000922365 0 0.132021 0 0.0241732 0.0186527 0.0184248 0 0.0299262 0 0.0673886 0.179539
125 10.2411 -0.0328746 -0.180017 -0.0371366 0.387776 -0.100086 12.0352 0.299679 -0.140717 0.0194263 -0.0403762 -0.203538 0.338001 -0.0109639 0.0350692 0.0277101 -0.354046 0.137023 0.0990396 -0.00749634 -0.120908 -0.029625 -0.0347851 0.174766 0.045911 0.0242923 0.021083 0.0349754 -0.0345176 0.046833 0.022135 -0.0999603 0.179609 0.029877 0.180418 -0.0904781 -0.0597098 0.153891 0.0501169 0.0540455 0.108198 0.193921 1.40046 0.48415 0.639279 0.0672446 -0.01189 0.163585 -0.0435769 -0.0550957 0.420564 -0.172492 -1.40308 0.186491 0.688667 0.0251974 -0.0726635 -0.330876 0.0633448 -0.35889 0.263386 -0.338095 1.33111 1.03521 0.140932 -0.202066 1.74652 -1.37544 -0.175562 -0.349542 -0.966672 -1.31725 0.444367 0.0159278 -0.371021 1.11103 0.465819 -0.341946 0.329962 0.652497 0.565034 -0.491835 0.186321 0.15327 0.332822 0.20691 0.0619689 -1.26875e-09 0.799746 0.540916 0.351379 -0.889978 -0.249903 8.06589e-09 5.63758e-10 7.62809e-10 0.10689 -0.294801 0.122532 -0.258459 0.328847 -0.487985 0.0342379 5.08053e-09 -0.275786 -6.38779e-10 -0.141343 0.161414 0.347909 -0.0401126 -0.0299913 0.675033 -0.270408 0.393371 0.899615 12.0224 0.00319642 -0.293126 1.18114 0.0441498 0 0.0265881 0 0.0105521 0 0.0552803 0.011626 0.143807 0 0.000410957 0.00812066 0.00528371 0.0246669 0.00343542 0.0413337 0.0735072 0.0911915 0.00540298 0.197683 0.0156795 0.181624 0.00994753 0.278868 0.015502 0.267594 0.0396623 0.0718897 0.0481718 0.157984 0.0746892 0 0.0868793 0 0.116377 0 0 0.0045896 0.0587244 0.280384 0 0 0.215246 0 0 0 0.00212045 0.00113572 0.0207595 0 0 0.037666 0 0 0.010076 0.000575578 0 0 0.00333836 0 0.0136101 0.00712404 0 0 0.00193998 0 0 0 0 0 0 0 0.0261668 0 0.0415216 0.0240289 0 0 0.0125659 0.0197404 0.0376396 0.0395275 0.00628003 0.0299157 0.0211091 0.0332624 0 0.00118752 0.00723051 0.0989016 0.00298015 0.0752796 0.00511996 0.0966189 0.0119073 0.197034 0 0 0.00296306 0.0628282 0.00294225 0.0649494 0.0155667 0.0224463 0.0190142 0.180078 0.0164527 0.667334 0.000591963 0.00365863 0.0141665 0 0.0514739 0 0.0366583 0 0.101025 0 0.0866902 0.501113 0.031125 0.217377 0 0.0112711 0 0 0.0130988 0.0573469 0 0.22234 0 0.341337 0.0166405 0.111976 0 0.00117042 0.0834453 0.0134741 0 0 0.0524408 0.207044 0 0.0609654 0.0452302 0 0.00941361 0 0 0 0 0 0 0.0190421 0 0.0300108 0.0690192 0.328153 0 0 0.0659687 0.0825178 0 0 0.019093 0 0.0769816 0.158358 0 0.0221747 0.00488255 0 0.0130227 0.0498609 0.0121143 0.0512622 0 0 0 0 0 0.0151213 0.143476 0 0 0 0.19365 0.31465 0.208446 0.0524322 0.0186472 0.11904 0.0967105 0 0 0 0.132152 0 0.216171 0 0.0709026 0.156905 0 0.659938 0 0.618941 0 0 0 0.0191754 0 0.162812 0.226446 0 0.207961 0 0.249039 0.105044 0.137418 0 0 0 0.10175 0.0225855 0.163586 0.299185 0.051392 0.000782179 0 0.491338 0.00928537 0.0138903 0.274001 0.0537643 0 0 0.063759 0 0.0305566 0 0.0333713 0.21578 0.118938 0 0 0.0262416 0.135349 0.415499 0.00263413 0.0215146 0 0.227825 0 0.171986 0 0.116942 0.067455 0.0659888 0 0.0816382 0.00347728 0.103117 0 0 0 0.0809891 0.0099874 0 0.00579719 0 0.019155 0.0049626 0.00152769 0 0.00859935 0.000326358 0.0102714 0.00408025 0.0104237 0.000321206 0 0.25099 0 0.367324 0 0.447521 0 0 0.204042 0.0652434 0.0840438 0.0270832 0 0 0.181403 0 0.0423546 0.0219829 0.00859629 0 0.0176957 0 0.0631237 0.174818
126 10.2745 -0.0496235 -0.186842 -0.0641076 0.387497 -0.107968 12.0817 0.304657 -0.140674 0.0238493 0.0840129 -0.213999 0.347173 -0.0299993 -0.0559833 -0.096321 -0.323624 0.139338 0.102159 0.043524 -0.0615145 -0.0416199 -0.0117419 0.192542 0.0615338 0.0124604 0.0236074 0.0491674 -0.0210189 0.0530386 0.0277586 -0.101533 0.158435 0.0465275 0.197862 -0.080028 -0.061741 0.153887 0.0502513 0.0540559 0.0798792 0.202386 1.40745 0.397594 0.638825 0.04948 -0.000349202 0.163394 -0.0506257 -0.0556749 0.411144 -0.167194 -1.39283 0.169044 0.675558 0.0441535 -0.0684668 -0.630781 -0.00757086 -0.841081 0.270659 -0.251973 1.43263 0.0577658 -0.0517093 0.254114 4.03487 1.33672 0.247188 -0.679577 -4.24095 -5.77012 1.31971 -0.0544595 0.152248 1.4823 1.14837 -0.255412 0.577452 0.783431 0.662156 -0.46476 -0.0159597 0.397874 0.411423 0.150439 0.264083 -2.02301e-09 -0.857284 0.406045 0.375752 0.440432 -0.090025 7.57518e-09 1.03299e-09 8.19114e-10 0.0373848 -0.324633 -0.0362085 -0.817343 1.1719 -2.21801 0.80877 3.65561e-09 -5.00004e-10 -5.28095e-10 -0.0317164 0.063796 0.513896 -0.260005 0.340556 0.542255 -0.567806 0.393468 0.891213 12.063 0.0056299 -0.207376 1.24485 0.0868383 0 0.0642602 0 0.0430183 0 0.0894914 0 0.16157 0 0 0 0.00411327 0 0 0.0137968 0.0695588 0.121983 0.00326332 0.112665 0.010683 0.0721588 0.00518744 0.172207 0.010568 0.110573 0.0166246 0 0.0223618 0.0284696 0.0388748 0 0.0458495 0 0.072178 0 0 0.00452765 0.0689373 0.344454 0 0 0.112276 0 0 0 0.00145453 0 0.0337484 0.0194774 0.00103084 0.0221134 0 0 0 0 0 0 0.00210577 0 0.0101072 0 0 0 0.00338971 0 7.53901e-05 0 0 0 0 0 0.0344758 0 0.0356876 0.0060871 0.00728679 0 0.0107467 0.0249845 0.0331528 0.030744 0.0065653 0.0778621 0.0166698 0 0 0.00150477 0.00919024 0.132484 0.00538753 0.0991635 0.00679647 0.12828 0.0118369 0.265469 0 0.0358443 0.00440112 0.0973082 0.00484015 0.10116 0.0203309 0.0456545 0.0135541 0.211874 0.0155004 0.705901 0.00390347 0 0.0164235 0 0.0472694 0 0.0205102 0 0.0567096 0 0.0698768 0.663985 0.0240101 0.288561 0 0 0.00601564 0 0.00798511 0.0169344 0 0.165684 0 0.381474 0.0111867 0.0073815 0 0 0.0588178 0 0 0 0.0832319 0.262788 0 0.0820266 0.0720779 0 0.00958599 0 0.00877861 0 0 0 0 0 0 0.00445712 0.167094 0.456204 0 0.0018635 0.043969 0.249754 0 0 0.0127277 0 0.147451 0.186683 0 0.0105496 0.0172168 0 0.00980227 0.0466044 0.00955325 0.0474171 0 0 0 0 0 0.0203544 0.128204 0 0 0 0.245945 0.266401 0.193406 0.0658468 0.0128448 0.204086 0.148303 0 0 0 0.149708 0 0.21533 0 0.0756979 0.136112 0 0.67372 0.000185041 0.614558 0 0 0 0.0235345 0 0.136509 0.277448 0 0.258703 0 0.146424 0.0550209 0.0855933 0 0.00523466 0 0.0585765 0.0490766 0.184071 0.273292 0.0229286 0 0 0.591731 0.00658715 0.0550276 0.308549 0.0276549 0 0 0.0658282 0 0.0778816 0 0.07655 0.279112 0.0768501 0 0 0.0061257 0.117422 0.396406 0.00172239 0.0421637 0 0.197067 0 0.174226 0.00799763 0.188585 0.116862 0.0789368 0 0.124585 0 0.071851 0 0.00680857 0 0.0561186 0.00332265 0 0 0 0.00514901 0.0646521 0 0 0.00307091 0.0195095 0.00263824 0.0344485 0.00317621 0.0235127 0 0.275145 0 0.317578 0 0.357889 0 0 0.308007 0.029515 0.162517 0 0.00318507 0 0.193457 0 0.0432685 0.00682038 0 0 0 0 0.0739783 0.189528
127 10.3078 -0.0618301 -0.187772 -0.106178 0.386841 -0.113005 12.1304 0.24768 -0.16631 0.0363292 0.302357 -0.103404 0.371039 -0.0707707 -0.273569 -0.270578 -0.278983 0.138734 0.116353 0.0827002 0.00513729 -0.0446284 0.0191732 0.162965 0.0157084 -0.00452327 0.0184254 0.0683432 -0.0106603 0.0570093 0.0426308 -0.100589 0.136504 0.0520236 0.214627 -0.066693 -0.0411489 0.153865 0.05108 0.05412 0.0732872 0.213243 1.40025 0.298209 0.646869 0.0254967 0.000810902 0.163389 -0.0508161 -0.0556905 0.403566 -0.17183 -1.3799 0.1408 0.673431 0.055469 -0.0813448 -0.397549 0.806702 -0.712466 0.272742 -0.214775 1.4563 -1.87607 -1.13084 0.287646 6.39679 4.90228 0.70417 0.136764 -7.29265 -8.84736 1.33134 -0.38296 -0.0926305 -0.374388 11.8523 -4.87467 4.27855 -24.4513 -30.2597 -0.703229 -0.61607 -0.545564 0.279753 0.1533 1.0302 -2.72304e-09 -0.357319 6.36553e-10 0.626328 0.145012 0.682959 8.06553e-09 7.88371e-10 8.24671e-10 -0.26904 -0.933254 -0.21314 -0.715261 1.67666 -1.60684 0.642494 1.1609e-09 -5.67223e-10 -5.59115e-10 0.162074 -0.0935416 0.613131 -0.390073 0.479828 0.445023 -0.61762 0.393462 0.885206 12.1063 0.00897088 -0.155871 1.34426 0.0702947 0 0.0522082 0 0.0237781 0 0.118714 0 0.159989 0.0161102 0.142623 0 0.155437 0 0.148693 0 0.0643162 0.120348 0.0484517 0.0322866 0.052577 0.0170614 0.0706387 0.0532158 0.0960572 0.0326065 0.0373812 0 0.0497369 0.00938667 0.0111067 0 0 0 0.000566043 0 0 0.00876019 0.0633447 0.306031 0 0 0 0 0.0168813 0 0.0082908 0.000367822 0.0249958 0 0.00138578 0.0106239 0 0 0 0.00634955 0 0 0 0 0.00602896 0.00419368 0 0 0.00204582 0 0 0 0 0 0 0 0.0115185 0.05283 0.0247847 0.00958865 0 0.0281279 0.0089337 0.0255983 0.0259197 0.0320796 0.0146813 0.0794699 0.0115303 0 0 0.00100528 0.0185935 0.0407221 0.0123548 0.0188929 0.0134751 0.0433158 0.0124119 0.19561 0.00731683 0.0297783 0.0142048 0.0182761 0.0139704 0.0212596 0.0275582 0.0442578 0.00871736 0.140227 0.0118643 0.612644 0 0 7.35745e-05 0 0 0 0.00612588 0 0 0 0.013136 0.501192 0 0.158758 0 0.00984335 0 0 0 0.0148058 0.0435901 0.0712217 0.027307 0.186668 0.0649013 0 0.00464211 0 0.0178592 0 0 0 0.109417 0.306857 0 0.0302453 0.068467 0 0 0 0.0276105 0 0 0 0.0174473 0 0.0234662 0 0.226915 0.518293 0 0.00224623 0 0.119418 0 0 0 0 0.156879 0.175207 0 0.0580305 0.0212271 0.0240059 0 0.0781918 0 0.0790199 0.00130529 0 0.000407111 0 0 0 0.112964 0 0 0 0.214395 0.133295 0.0293528 0.0852422 0.00617908 0.135928 0.16312 0 0 0 0.00235407 0 0.0344857 0.0218649 0.208962 0.180785 0.104228 0.468655 0.0991905 0.421318 0 0 0 0.0215807 0.0797208 0.0544087 0.220097 0 0.197864 0 0 0 0 0 0 0 0 0 0.137739 0.270856 0.00307312 0 0 0.326224 0.00490513 0 0.316755 0 0 0 0.0288559 0 0.0936786 0 0.0968435 0.274347 0.0348558 0 0.00191677 0 0.0668393 0.366262 0 0.0263377 0.0285122 0.0991749 0.0239177 0.077949 0.0181147 0.162882 0.15637 0.0300649 0 0.0389714 0 0.0756502 0 0.0061674 0 0.0753569 0 0.0183746 0 0.0143749 0 0.28056 0 0.0358139 0 0.0968911 0.000777403 0.145335 0 0.102761 0.0582322 0.124311 0.0720219 0.1171 0.0831606 0.146473 0.00196709 0 0.356322 0.0689074 0.246936 0 0.000615567 0 0.105822 0.0168852 0.0606559 0.0276674 0 0 0 0 0.0599452 0.192519
128 10.3411 -0.071997 -0.17706 -0.122085 0.387594 -0.118962 12.1777 0.133062 -0.184935 0.0223193 0.576591 0.171337 0.363088 -0.0807132 -0.532888 -0.603659 -0.250238 0.149587 0.112269 0.113123 0.213317 -0.190726 0.0269456 0.033049 0.0576507 -0.0163621 0.0115974 0.0544455 -0.00230566 0.0519793 0.0595156 -0.104884 0.13017 0.0524955 0.235095 -0.0748745 -0.0208265 0.153834 0.0522426 0.0542099 0.108668 0.243323 1.37611 0.214385 0.6569 0.00825538 0.0314177 0.106198 -0.0507641 -0.0570816 0.444678 -0.124295 -1.37077 0.144274 0.679164 0.0661676 -0.0633323 0.465672 2.61803 1.86623 0.329303 -0.13481 1.27275 -4.43062 -2.25764 -1.94574 7.73404 6.58138 0.454103 0.895728 14.9135 -2.96604e-07 -1.80142 0.267539 -2.62024 5.28331 -3.76887 -1.96188 1.52047 -0.00189769 29.5065 -1.03665 -1.56463 -3.78164 -0.101809 -0.275077 1.43418 -3.46834e-09 1.39057 4.85517e-10 0.905975 -1.8843 0.693807 5.82084e-09 1.53532e-09 1.78051e-09 -0.84946 -0.868599 0.109664 -1.19946 1.43671 -1.47613 -0.268416 -0.563687 -9.92729e-10 -1.14586e-09 1.44208 -0.134298 0.844407 -1.2399 -0.458552 -0.299775 1.15756 0.394009 0.879214 12.1523 0.0617349 -0.0206867 1.3542 0.00737649 0.103546 0.0014735 0.0872088 0 0.0693832 0.01393 0.0899532 0 0.368008 0.0970621 0.128352 0.0821948 0.133007 0.0953274 0.136607 0.0145246 0.0689678 0.0148459 0.0171726 0.0192742 0.0351681 0.0288557 0.0273265 0.0302682 0.0105312 0.00660183 0.0452288 0.00920471 0.0243021 0.0166342 0.0138426 0.0236052 0.0100356 0.0417157 0.0142056 0 0.00816211 0 0.257002 0.02283 0 0.0176303 0.0489856 0.0027147 0 0 0 0.0401033 0 0 0 0.000925572 0 0.0178078 0.0136528 0 0 0 0 0 0 0.0307837 0 0.0079695 0 0.29046 0 0.286551 0 0.319836 0 0.477261 0.059336 0 0 0.292669 0.0614435 0 0.012905 0.000297695 0.0164846 0 0.0413505 0.0373136 0 0 0.000715803 0 0 0 0 0 0 0 0.132534 0.0203552 0.0467327 0 0 0 0 0.0307338 0.0372101 0.0768272 0.0651573 0.0352385 0.44803 0.0115936 0.00104727 0.0395554 0 0.0722428 0 0.0632887 0 0.0591537 0 0.00855795 0.221427 0.00795122 0.0083235 0.00467334 0.00057409 0.0362778 0 0.0262648 0 0.00663133 0 0 0 0.034953 0 0 0 0 0 0 0 0.102529 0.162259 0 0.194681 0.00975078 0 0 0 0.0069609 0 0 0.00591162 0.00939714 0 0.00813694 0 0.152663 0.419782 0 0.00238516 0 0.228731 0 0 0.00902389 0 0.0644584 0.19876 0.293237 0.090401 0.572144 0.101093 0.235394 0.0653818 0.235075 0.0651651 0 0 0 0 0 0 0.0753713 0 0 0 0 0.530959 0 0.607579 0.0574933 0.261357 0 0.346494 0.00422498 0 0 0.343029 0 0.449876 0.206953 0 0.109241 0.0347491 0.0778259 0.0414814 0.00185287 0 0 0.015898 0 0 0.16764 0 0.115348 0 0.012738 0 0.00673195 0 0 0 0 0 0 0.243284 0.000212768 0 0 0.0932464 0.0315036 0.0519947 0.345949 0.0152005 0 0 0.0107069 0 0.00819271 0 0.0476373 0.242895 0 0 0 0 0 0.295675 0.0172597 0.0108283 0.0105725 0 0.0113751 0.00779478 0 0.165891 0 0 0.168495 0 0 0.0618769 0 0 0 0.0809747 0.0783489 0.059246 0.0844612 0.0593091 0.274448 0.485574 0.115332 0.114328 0.0922458 0.168121 0.138155 0.258923 0.121378 0.179774 0.0119107 0.00211421 0.0163078 0 0.0164518 0 0.0264079 0 0.354301 0.226443 0.419233 0 0.0205642 0 0 0.330601 0.0523751 0.0286212 0 0 0 0 0.0588386 0.191749
129 10.3745 -0.0867343 -0.110267 -0.13935 0.387767 -0.112752 12.2198 0.0363452 -0.160747 0.0562514 0.745625 0.551116 0.284749 -0.0491594 -0.510138 -0.569781 -0.221862 0.173676 0.119156 0.172986 0.137687 -0.274904 0.0251593 0.0165955 0.0418813 0.0323864 0.0278675 0.0445455 -0.06038 0.0286908 0.0656561 -0.106203 0.193409 0.0531239 0.276636 -0.147073 0.0106291 0.154225 0.0373778 0.0530596 0.223186 0.265935 1.35476 0.164773 0.670241 0.0161039 0.057448 0.00268801 -0.0503225 -0.0594357 0.470639 -0.0845285 -1.36574 0.0681271 0.704597 0.08463 -0.0259291 -0.295916 2.55333 -0.565027 0.0773225 0.143976 1.27102 -2.36368 0.81193 1.89853 2.551 7.78506 -4.14139 4.37985 3.78218 3.1559 1.26116 0.569159 0.580055 0.187189 -1.47916 -3.15817 0.836131 0.000106422 0.0168677 0.845844 0.309072 -0.340166 -1.45653 -0.486535 0.361839 -1.11762e-09 0.387641 1.76147e-09 1.00636 -0.646128 0.9082 6.53149e-09 -0.147481 3.78462e-10 1.12682 -2.5026 0.426666 -0.06293 1.75601 -0.119302 0.912148 -4.93234 -0.325041 -3.06217e-10 -0.176728 3.72493 -0.697682 0.280347 3.40723e-09 1.62569 -0.46375 0.395524 0.885377 12.1959 0.0518476 0.223416 1.27493 0 0.00461752 0 0 0 0.0263391 0 0.000428151 0 0.0634897 0.0836561 0 0.0869137 0 0.0831182 0.0187434 0.09001 0.0207809 0 0.125856 0.00729818 0.129934 0 0.377995 0.0192735 0.385379 0 0.0481126 0 0.111463 0 0.107717 0 0.0700848 0.0255684 0.0285104 0 0.0177601 0.0311136 0.149716 0 0 0.0395932 0 0 0.0414347 0.0702076 0.108589 0.0990012 0 0.00810974 0 0.0136118 0 0.00397006 0.0161709 0.0270915 0 0 0 0.0166993 0.0392495 0.000363607 0.0200577 0 0.0127858 0 0.0704874 0 0 0 0.050616 0 0 0.0195324 0.00650086 0 0.0519766 0.0145177 0.00565595 0.0140364 0.00489369 0.065746 0.0516056 0 0.0356451 0.00103674 0.000331674 0.222599 0.0884532 0.14925 0.0325441 0.169664 0.0739016 0.14913 0.0906888 0.0366417 0.0411285 0.146975 0.0498614 0.143261 0.110251 0.0526834 0.0127721 0.0873585 0.135938 0 0 0 0 0 0 0.0857678 0 0 0.0287007 0.221151 0 0.0976806 0 0.215458 0 0.111163 0 0.0102456 0.0217111 0.0124255 0.165133 0 0 0.00319454 0 0 0 0 0.0456551 0.0262245 0 0.0315329 0 0.0531891 0.220344 0 0.0699255 0 0 0 0 0.0182411 0 0 0.0631793 0 0.0627845 0 0.120899 0.0839819 0.382973 0 0.00405006 0.0901293 0 0.0222384 0 0 0 0.134289 0.120978 0 0.106252 0 0.179518 0 0 0 0 0.0115424 0.133243 0.00703176 0.0462757 0 0 0.180377 0 0 0 0 0.144464 0 0.213859 0 0.0660109 0 0.0505168 0 0.0411467 0 0.0597527 0 0.136679 0.0429852 0.0159635 0.237049 0.181269 0.079302 0.170847 0 0.00664138 0 0.000548322 0 0.0561191 0.108106 0.162107 0 0 0.0800352 0 0 0.0331141 0 0 0.0576607 0 0 0.103233 0.00376092 0 0.335352 0.0974873 0 0.00724053 0.315274 0.050781 0 0 0 0 0.145829 0 0.0852454 0.145868 0.0295475 0 0 0.0962415 0 0.192955 0.0325643 0 0 0.0933531 0 0 0 0.0725042 0 0.300494 0.0857578 0.304161 0 0.0505168 0.0242981 0.00721484 0 0.0833489 0 0 0.0124709 0 0.232312 0.299013 0.0669668 0 0 0 0.00109528 0.0736798 0 0.0420569 0.0100338 0.0307873 0.114079 0.156766 0.0805912 0.236991 0.00767529 0 0.156097 0.113668 0.273418 0 0.0297533 0.00202207 0 0.111512 0.0325896 0.0153192 0 0 0.0134665 0 0 0.178026
130 10.4078 -0.0809605 -0.0678305 -0.166559 0.387792 -0.101275 12.2607 -0.0662353 -0.146443 0.0937887 0.792609 0.690376 -0.0662785 0.0893713 -0.58398 -0.543146 -0.139108 0.210723 0.139999 0.0915115 0.124371 -0.352274 0.0268577 0.0166263 0.106036 0.018258 0.0361691 0.0558769 -0.0573694 0.00794361 0.0692445 -0.104987 0.150969 0.0553343 0.276471 -0.115067 0.0235672 0.153872 0.0508041 0.0540987 0.372791 0.30884 1.32726 0.141038 0.682185 -0.00655686 -0.000683902 0.0623482 -0.0164626 -0.0577608 0.402776 -0.121682 -1.324 0.19006 0.696884 0.0392882 -0.0304771 0.073326 0.866178 -1.07629 0.0424155 0.259773 1.20398 -3.06056 0.6433 1.31237 1.13991 -9.48971 -7.68609 11.296 4.16881 2.06462 2.8879 0.439912 1.31251 -3.46539 0.0550323 -1.48041 -0.135518 0.00413975 -0.000132457 -0.247493 0.0708526 0.574788 -0.0218022 -0.525635 0.320024 -1.94715e-09 -0.18881 5.39111e-10 0.0655724 0.179775 0.734201 4.4861e-09 5.09346e-10 3.20449e-10 1.08058 -1.30113 0.127056 -0.0479128 2.00764 -1.51413 0.142413 2.634 1.7968 -1.92431e-10 -1.63042 -3.72141 1.61578 1.21055 -0.768549 -3.49216 2.08534 0.396517 0.895423 12.2368 0.019562 0.310386 1.19608 0 0.0168182 0 0 0 0 0.00104099 0.0285795 0.0865357 0.039783 0 0.179829 0.00341898 0.172768 0.0101551 0.175843 0 0.0897045 0 0.0569507 0 0.0265138 0 0.109625 0 0.103264 0 0 0 0 0 0 0 0 0.0114417 0 0.00602729 0.00607504 0 0.173143 0 0 0.0478856 0 0.04018 0.0501917 0 0.0364565 0 0 0.0103451 0 0 0 0 0 0 0 0 0 0.0254944 0.00121659 0.0499899 0 0.0331156 0 0 0.058187 0 0 0 0.0157219 0.00122543 0 0.042087 0.0235459 0 0.0339367 0 0.0172861 0.0288526 0.0352837 0 0.0520199 0.134331 0 0.00157307 0 0.0363863 0.0791738 0.0374522 0.060113 0.0279149 0.081194 0.0860765 0.110191 0 0 0 0.0967735 0.032429 0.102126 0 0.0291453 0.469909 0.122527 0.196377 0 0.301218 0 0.0406972 0 0.0931483 0 0 0 0 0 0.681114 0.278755 0.63549 0.234506 0.558909 0.0836106 0.138126 0 0.0324913 0 0.169887 0.225817 0.278324 0.23997 0 0.0589764 0 0.00150687 0 0 0 0 0.00539701 0.114315 0.0136857 0 0 0 0 0 0 0 0.0127324 0 0 0 0 0.0400619 0.108452 0.238422 0 0.00190207 0.0388418 0.0298519 0 0 0 0 0.109871 0.0501868 0 0.096399 0.172441 0.0931953 0.0135729 0 0.00676489 0 0.00129843 0 0 0 0 0.00716626 0.00932884 0.00507635 0 0.00142167 0.0278315 0.256497 0.115597 0.12516 0.0059231 0.134201 0.0108192 0.0401783 0 0 0.063915 0 0.149395 0 0.0529297 0.0625071 0.0385268 0.528632 0 0.577698 0 0.019036 0 0.00338898 0.0359574 0.295008 0.0380386 0.0222556 0.012688 0 0.0448462 0 0.151558 0 0.0168298 0 0.127881 0 0.0545348 0.195611 0.013461 0 0.190652 0.0233735 0 0.0797092 0.0521953 0.137405 0 0.00161808 0 0 0 0 0.0485557 0.0567966 0.00317261 0 0 0.0175125 0.00193339 0.16277 0.111955 0 0 0.199435 0.0932838 0.145179 0 0.0177692 0 0.434882 0 0 0.0658644 0.0334492 0 0 0.0627832 0.0534492 0 0 0 0.00487387 0.0666569 0.0850173 0 0 0.0017762 0 0.0487093 0 0.021113 0 0 0.208796 0 0.24948 0 0.315749 0 0.0758855 0.105331 0.159343 0.0300497 0.0727892 0 0.0312188 0.0943827 0 0 0.00889269 0 0 0 0 0.0345461 0.121359
131 10.4411 -0.0712749 -0.0443425 -0.163728 0.391064 -0.0945055 12.3009 -0.149146 -0.146945 0.0692568 0.747914 0.405722 -0.219621 0.0995958 -0.395996 -0.606829 -0.0264591 0.225679 0.124821 -0.0455045 0.125293 -0.384835 0.0286315 -0.00653419 0.0420627 0.0365308 0.0413256 0.0450272 -0.103616 0.00208286 0.0679353 -0.10011 0.0908024 0.0581652 0.269439 -0.0649374 0.0321183 0.154139 0.0316975 0.0398729 0.237027 0.182849 1.3928 0.0593418 0.689346 -0.00463259 0.0805008 0.153641 0.0446752 -0.052059 0.276848 -0.272311 -1.30241 0.102555 0.642694 -0.0712701 -0.072951 0.613867 0.742333 0.204641 0.173767 -0.00371708 1.17448 -2.78504 0.266696 -0.79044 -1.72402 -6.61807 4.02203 0.149894 5.17475 -1.58299e-07 2.5471 0.18374 -0.288622 -3.33352 0.663955 -0.917661 -0.0520517 -3.13805 -4.59021 0.260989 0.0103738 -0.30907 -1.50762 -0.188015 -0.0815411 -1.07799e-09 0.447358 2.46398e-10 -0.194082 -0.340604 0.474175 6.02715e-09 0.0840533 -0.790585 0.071187 -1.82037 1.35561 0.410162 0.771383 0.294472 0.543266 2.89189e-09 0.516698 -4.35407e-11 0.198563 -1.17336 0.296915 -0.685928 -1.07095 0.162022 -0.929554 0.397161 0.900758 12.2766 0.0231612 0.0317972 1.19934 0 0.00950086 0 0 0 0.0164356 0 0.014433 0.0104321 0 0 0.104356 0 0.0732924 0.00347646 0.0512382 0.000924953 0.0500072 0 0.00886167 0 0.0283099 0.0125355 0.00655137 0 0.0534284 0 0 0 0 0.0322861 0.00868881 0.0320787 0 0.12716 0 0.0013923 0.00267603 0 0 0.0408184 0.221147 0 0 0.0717282 0.159591 0.11876 0.0992258 0.0190791 0.0758136 0 0 0 0.0473376 0.047724 0.0697907 0 0 0 0 0.0226949 0.00259564 0.0452591 0.038406 0.0199131 0.000876358 0 0.0431866 0 0 0 0.0409214 0.00295845 0.177247 0 0.00465607 0.0533869 0 0 0.00953896 0 0.00241285 0.0259146 0.0626262 0.0451933 0.00746446 0 0 0.0887096 0.0888692 0.0201219 0.0742532 0.0573255 0.0879053 0.00999648 0.0500285 0.0479018 0.0764588 0 0.0886816 0.00128285 0.103347 0.0149393 0.0438351 0 0.0319806 0 0.0214251 0.0597259 0 0 0 0 0 0 0 0.0218219 0 0.32153 0.132618 0.189031 0.211278 0.20336 0.0443717 0.00331067 0.00718875 0.0734796 0.0276099 0.214744 0.0208193 0.249953 0.142791 0 0 0 0 0 0 0 0.00507766 0.131626 0.244669 0.0191453 0.0803501 0.00254498 0 0 0 0 0 0.0445998 0.000720389 0 0 0.00931004 0.0286464 0.226374 0.314679 0 0.000326431 0.00636179 0.0682133 0 0.0524702 0 0 0.205037 0.195658 0 0.094067 0 0.10899 0.013843 0.108277 0 0.104289 0.0561435 0.0256299 0 0.00900592 0.0296194 0 0 0.0789806 0 0.00693349 0 0.115425 0.210111 0.218298 0.182997 0.0755011 0 0.0558086 0 0.0411156 0 0 0 0.00863989 0.0110502 0.0925949 0 0.317378 0 0.202762 0 0 0 0 0.1076 0 0.074796 0.0986972 0 0 0.215495 0.000856112 0.278763 0 0 0 0.326112 0 0 0 0 0 0 0.052048 0 0.105898 0.162327 0.22578 0 0 0 0 0.00871411 0 0.145523 0.174172 0 0 0.0377436 0.00178143 0 0 0 0.106845 0.000113679 0.0590743 0 0.182476 0.143064 0.186172 0.078173 0.354018 0 0.0623672 0 0 0.0471565 0.130665 0 0 0 0 0 0.000372307 0 0.0689537 0 0 0 0 0 0 0 0 0.342196 0.045584 0.0759478 0.188174 0.152443 0.222408 0 0.0231441 0.0819927 0.150581 0.046651 0 0 0.0560299 0 0.0261427 0.00488926 0.0672859 0 0 0 0 0.059574 0.119875
132 10.4745 0.0279859 -0.0476783 -0.146331 0.39545 -0.0947467 12.3306 -0.380203 -0.0844399 0.0508149 0.751364 0.263444 -0.17389 0.11761 -0.396352 -0.532211 -0.0612525 0.230507 0.0896584 -0.103077 0.137968 -0.369609 0.0151092 0.0767701 0.0440562 -0.0177091 0.083551 0.0447955 -0.14908 -0.0354 0.0367846 -0.10894 0.110377 0.0570322 0.244643 -0.0741157 0.049512 0.154461 -0.0135535 0.00697983 0.298144 0.211592 1.43241 0.0792275 0.707133 -0.028618 0.172556 0.159294 -0.00115536 -0.0543988 0.285468 -0.193287 -1.28787 0.257725 0.682207 -0.12188 -0.0669954 1.88756 0.31659 0.395266 0.151096 0.030119 0.783873 -5.75322 2.23547 0.338359 -0.645807 -2.79198 -1.72708 1.82747 0.335821 2.97787 -0.86297 -0.00675191 -0.85199 -2.03524e-09 -0.836548 -0.0690857 0.347336 -6.04309e-05 1.64506e-05 -0.012271 1.20805 0.217288 -1.34705 -0.854869 -1.18332 -3.81583e-09 1.49508 2.10836e-10 -0.729427 -1.21038 0.856237 5.16126e-09 -1.64905 -0.665421 0.163378 0.39912 1.4561 0.304675 5.42301e-10 0.582599 1.23438 4.5039 -1.08687 -8.81446e-11 -1.81863 -4.56622 1.85607 0.345154 -2.8608 -3.29148 1.08756 0.39853 0.901453 12.3159 0.0558163 0.0243093 1.17333 0 0.018129 0 0.0014365 0.00441549 0.0214157 0 0.0309 0.0027348 0 0.0480264 0.0726197 0.0294237 0.066501 0.0454389 0.0581579 0 0.0409264 0 0.202209 0 0.397185 0 0.309132 0.00676618 0.562923 0 0.407643 0 0.429747 0.139889 0.00196253 0.10434 0 0.293097 0 0.00984764 0 0 0 0.0963876 0.297042 0.104737 0 0.0237701 0.0992131 0.0475237 0.095722 0 0.0926372 0 0 0 0.0686383 0.055925 0.0873236 0 0 0 0 0.00542015 0 0.0665022 0.0559334 0.0257308 0.000945586 0 0.0988524 0 0.0521137 0 0.0669405 0 0.0376103 0.00937735 0 0 0.0357823 0 0.00174896 0.0112996 0 0 0.031365 0.131837 0.0541731 0 0.000316886 0.161646 0.0748009 0.14657 0.0609741 0.166348 0.0616042 0.176207 0.0499346 0.035856 0.100805 0.106062 0.0847958 0.237267 0.0863137 0.00626787 0.056325 0 0.0549852 0.371473 0.0226975 0 0 0 0 0 0 0.177587 0.209073 0 0.222694 0.072051 0 0 0 0 0 0 0.0898478 0.0185729 0.0268714 0 0 0 0 0 0.33369 0 0.405973 0 0 0 0 0.1583 0.222805 0.00344502 0.0850774 0 0 0 0 0 0.00509322 0.0694083 0 0.000328774 0.342284 0 0.363562 0.432001 0.321595 0 0.00193673 0.00780494 0 0 0.058099 0 0 0.120566 0.049481 0 0.0844078 0 0 0 0.147409 0 0.158624 0.0164079 0.275841 0 0.378419 0.0177296 0 0.0380582 0.138331 0 0.013907 0 0.435138 0.0944954 0.480295 0 0.19146 0 0.037557 0.0346482 0.0893019 0.009442 0 0 0 0 0.0698361 0 0 0.0754025 0.120063 0.00150128 0 0.00104995 0 0 0.380835 0.0736577 0.119942 0 0.00438766 0.123186 0.00658349 0.0639867 0.0570042 0 0 0.00656025 0.0840602 0 0 0 0 0.450975 0 0 0.0721457 0.0261158 0.0736697 0 0 0 0.00349608 0.0398076 0.061971 0.134794 0.0482281 0 0 0.0373931 0.214366 0 0 0.0172964 0 0.0173638 0.122649 0 0 0.165877 0.180481 0 0.416892 0 0 0.0371632 0 0.0429193 0.174196 0.0571575 0 0.102199 0 0.0442168 0 0.354392 0 0.031545 0 0.0673181 0 0.180633 0 0.172908 0 0 0.236381 0.0186646 0.596038 0.0657044 0.624191 0 0.0310087 0.113163 0.499944 0.230941 0 0.0258112 0.0744899 0 0.0149672 0 0.058595 0 0 0 0.0174333 0.0603214 0.129412
133 10.5078 0.0316266 -0.0227903 -0.1266 0.399393 -0.0958294 12.36 -0.47902 -0.062568 0.0241051 0.676912 0.186161 -0.230586 0.129526 -0.376966 -0.476888 -0.0268661 0.218845 0.06523 -0.103077 0.102033 -0.380957 0.0214077 0.0767673 0.0440567 -0.000831949 0.0756866 0.0373374 -0.127964 -0.0476993 0.0188062 -0.108327 0.0857938 0.0562081 0.212388 -0.0653548 0.0457293 0.154457 0.0105758 0.0435705 0.410667 0.198385 1.38904 0.220167 0.689114 0.00735291 0.107107 0.155557 -0.0363244 -0.0569463 0.200059 -0.167926 -1.30215 0.291117 0.635309 -0.0577143 -0.0425852 -0.183867 0.539467 0.694927 0.152872 -0.00928368 0.887278 -2.57298 0.747683 -0.635606 -2.55144 -1.1681 -0.628547 0.45245 -1.25344 0.899979 1.42658 -0.335923 -0.658211 -1.64106e-09 -1.05637 -0.154116 0.419901 -9.7705e-05 9.1502e-06 0.533392 -0.376731 -0.252155 0.901148 -0.101825 -0.535376 -1.28815e-09 -0.395033 8.27838e-11 -0.705412 -0.196485 -0.274555 1.85641e-09 0.0372408 1.81435 0.430333 -0.632126 -1.52449 0.254247 -1.517 2.22456 -1.68562 2.64989e-09 -0.576602 -1.56251e-10 -0.844699 -1.7686 0.0958509 -0.259442 -0.868367 1.36572 0.0736311 0.400584 0.901114 12.3548 0.069854 -0.0318004 1.1576 0 0.0599212 0 0.052651 0 0.0576777 0 0.0243918 0.0156217 0 0.0597556 0.135275 0.0552412 0.0938949 0.074023 0.0815916 0.00947893 0 0 0.083665 0 0.150363 0 0.183951 0 0.285618 0 0.169974 0 0.196836 0 0 0.00650292 0 0.0764747 0 0 0.00787117 0 0 0.049029 0 0.187717 0.0870731 0 0.197927 0 0.138476 0.00298526 0 0 0 0 0 0.026115 0.00262773 0 0 0 0 0 0 0.0155955 0.0794005 0.00330105 0.0356228 0 0.0913406 0 0.0586472 0.00498699 0.0653988 0.060775 0.101362 0 0.0278411 0 0.12195 0 0 0 0.0276608 0 0 0.060999 0.172995 0.00123828 0.000127416 0.0493409 0.0032665 0.0419031 0 0.0521678 0.000457857 0.107301 0.0121967 0.0575174 0 0.0398256 0.00834471 0.0400342 0.00813713 0.0301002 0 0.104668 0.334224 0.534493 0 0.0761228 0 0.013797 0.0151716 0.109293 0 0 0.0492402 0.00553762 0.0091598 0.113818 0 0.111549 0 0.164711 0 0.0456615 0.0878302 0.0266472 0 0.00909382 0.0271825 0 0 0 0.428133 0.00290736 0.124008 0 0 0 0 0.129373 0 0 0 0 0.0335916 0 0.00167154 0 0.0061071 0.126251 0.148045 0 0.130923 0.00211236 0.201553 0.240575 0.0515763 0 0 0.00650193 0 0 0 0.00520153 0 0.103613 0.0890351 0.0841266 0 0.105706 0.00870395 0.0602686 0.00255493 0.0611948 0.00208752 0.00912957 0.156464 0 0.221439 0.00709942 0.041792 0 0 0 0.00581819 0.00392732 0.347831 0.105307 0.314893 0.0300121 0.181741 0 0.0155884 0 0.0669565 0.0108208 0.0276098 0.0132219 0 0 0.00737323 0 0 0 0.00804685 0 0 0 0.000730297 0 0.445072 0.00913776 0.0514319 0.000601742 0.0416165 0.046541 0.120857 0.075142 0.258461 0.00247228 0.0436906 0.0458789 0.0272766 0 0.0361502 0 0 0.268923 0 0.0579751 0 0.0309504 0.17808 0 0 0 0 0 0.0104191 0.10575 0.0397404 0 0.0137263 0.00613395 0.0915818 0 0 0.023776 0 0 0.0056238 0 0 0.137894 0 0.0618298 0.463922 0.0641352 0 0.00266405 0.0671395 0 0.00750069 0.00266353 0.0732305 0.0898346 0 0.0968269 0 0.264698 0 0.0502468 0 0.11226 0 0.150041 0 0.158044 0 0 0.164812 0 0.319537 0 0.340572 0 0.0516381 0.00999148 0.173397 0 0.0915555 0.0122437 0.108764 0.0148456 0 0 0.0214278 0 0 0 0 0.0702168 0.0780359
134 10.5411 0.0283777 0.00802678 -0.109519 0.403405 -0.0977632 12.3917 -0.498677 -0.0506343 0.00238568 0.460351 0.169556 -0.291531 0.133227 -0.385426 -0.449103 0.0171844 0.201893 0.0460141 -0.103077 0.0633604 -0.393175 0.0270624 0.0767683 0.0440586 0.00571915 0.0568732 0.0296587 -0.0948461 -0.0531749 0.0118813 -0.107246 0.0964308 0.0500321 0.191158 -0.09268 0.0410666 0.154375 0.0148639 0.0524737 0.414911 0.208307 1.39356 0.20628 0.639272 0.00283885 0.0988689 0.155151 -0.0507179 -0.0580699 0.144094 -0.169259 -1.31794 0.346335 0.67923 -0.0255088 -0.033905 0.0568072 0.749744 0.681264 0.135887 -0.0486938 0.953821 -0.515868 0.566613 -0.657164 -6.69194 0.0902723 0.710098 -0.826347 -2.50443 0.460742 1.21724 -0.429287 -0.659093 -1.14036e-09 -1.10502 -0.283711 0.427495 7.53676e-05 8.10611e-05 0.0774675 -0.265008 -0.270406 0.785711 -0.220561 -0.407192 -1.1573e-09 0.179995 -0.105465 -0.563411 -0.554352 -0.0680754 3.24886e-09 0.518725 3.5194e-10 0.906271 -0.188363 0.354927 0.0529549 -0.622763 -0.34396 0.423582 3.33501e-09 0.247901 -1.15713e-10 -0.875309 -1.6746 -0.387407 0.355042 0.0659156 -1.13489 0.931584 0.403035 0.89929 12.3929 0.0803468 -0.0734127 1.13098 0.00708527 0.0347302 0.00505494 0.0172142 0.00514413 0.0127632 0.000914826 0.0232168 0.0201307 0.0119936 0.0166187 0.0374671 0.0160789 0.0357035 0.0252423 0.0405218 0.0205789 0.0434642 0.0298221 0.066029 0.0162998 0.0785965 0.0552081 0.138212 0.0571101 0.191982 0 0.0382151 0 0.0447226 0 0 0 0 0 0 0.000223143 0 0 0.0501737 0 0 0 0.104509 0 0.306268 0 0.177228 0.00117666 0.00268765 0.00587277 0 0 0 0.024471 0 0 0 0 0 0 0 0 0.0111752 0 0.00120345 0 0.139926 0 0.0943316 0.00736497 0.107593 0.0744747 0.172901 0 0 0 0.16597 0 0.00245224 0.00555444 0.0166581 0 0 0.0511749 0.0676258 0.00103776 9.08619e-05 0 0.00141586 0 0 0.00452255 0 0.0523794 0.00603207 0.0317788 0.0257185 0 0.00176325 0 0.00142801 0.0241262 0.0305512 0.100354 0.406922 0.431537 0 0.0893146 0 0 0.00205162 0 0 0 0 0 0 0.11271 0 0.129929 0 0.146922 0 0.0672215 0.0177505 0.038934 0 0.172724 0.121745 0.139787 0.0444158 0.00126014 0.442528 0.00928881 0.0576361 0 0.00072992 0 0 0.200947 0.0283704 0 0 0 0.0475919 0 0 0 0.00374313 0 0.00185388 0.016774 0.0841972 0.0404656 0.137019 0.362715 0.0427661 0 0 0 0 0 0 0.000429324 0 0.168339 0.104667 0.0903823 0 0.120391 0.00653448 0.0771798 0.00729064 0.0771172 0.0066676 0.0410146 0.0922441 0.0157755 0.105696 0 0.0636349 0 0 0 0.0113748 0.186957 0.451736 0.183576 0.345995 0.0976169 0.195562 0.00524625 0.0310732 0 0.0209328 0.00522586 0.015098 0.01299 0.0161417 0 0.0171624 0.40137 0 0.367148 0 0 0.0234138 0.000343069 0 0.111337 0.466735 0 0.120349 0 0.115134 0 0.347597 0 0.550887 0.000632162 0.0544076 0 0.27127 0 0.151241 0 0 0.0898908 0 0.00528538 0 0.0527922 0.198469 0 0.000298576 0 0.0269918 0 0 0.201181 0.0294529 0 0.0256629 0.0208593 0.0391366 0 0.0826277 0.0278875 0 0.114117 0 0.0923495 0 0.121329 0 0 0.536366 0 0 0.0283116 0.0133903 0 0 0.0242305 0.0098091 0.0731087 0 0.0829892 0 0.214945 0 0.0544237 0 0.0869928 0 0.117865 0 0.123306 0 0.0871785 0.209599 0.12214 0.249903 0.183323 0.256261 0 0.00549113 0.0385087 0.125653 0 0.0249437 0.00166251 0.00258778 0.0161592 0.0271551 0.00440971 0.0217241 0 0 0 0 0.0983945 0.0787363
135 10.5745 0.0368754 0.0427564 -0.0960243 0.406852 -0.10058 12.4249 -0.473386 -0.0412595 -0.0105298 0.166788 0.197233 -0.276474 0.112384 -0.3782 -0.412494 0.0503998 0.175222 0.0321845 -0.103077 0.0238479 -0.400273 0.0314709 0.0767661 0.0440572 0.00341966 0.0377856 0.0236516 -0.075769 -0.0555114 0.00623123 -0.107078 0.0686172 0.0408014 0.169484 -0.0777973 0.049524 0.153832 0.0354683 0.0540671 0.44926 0.205013 1.40199 0.219372 0.635878 -0.0102332 0.106384 0.155261 -0.0468395 -0.0577673 0.101778 -0.164405 -1.34628 0.417454 0.687925 -0.0563149 -0.00747218 0.396786 0.859695 0.47973 0.0677116 -0.0649998 0.998664 0.215708 0.144932 -0.290275 -7.22802 0.526887 2.73823 -1.44685 -2.07297 0.256287 0.839254 -0.8217 -0.410843 -1.49287e-09 -1.12269 -1.14585e-09 0.371727 -0.00036976 -0.000551844 -0.122364 -0.289743 -0.231049 0.309128 -0.107571 -0.23841 -1.39971e-09 -1.17259 -0.319702 -0.582786 0.930572 0.180437 4.95213e-09 0.579104 4.60609e-10 0.281037 -0.455615 0.480941 0.00420563 -0.272058 -0.0200435 0.221149 3.81114e-09 0.460792 -1.40628e-10 -0.148683 -1.34915 -0.697585 0.284164 -1.48262 -1.84999 1.58669 0.405774 0.896731 12.43 0.0877612 -0.0820675 1.09916 0.00444097 0.0365866 0.00354702 0.019336 0.00460805 0.0172942 0.0012235 0.0237319 0 0.0459376 0 0.0613957 0 0.0584544 0 0.0609551 0 0.0684423 0.0968078 0.0995305 0.0874335 0.10352 0.155532 0.153347 0.173199 0.19157 0.00974252 0.0701077 0.0511379 0.0781297 0 0 0 0 0 0 0.00142878 0 0.00963558 0.0259421 0 0 0 0.218435 0 0.222941 0 0.0967836 0 0.0166116 0.0259944 0 0 0 0.0258624 0.00424964 0 0 0 0.000519965 0 0.00144642 0.0270995 0.01074 0.0147952 0.0063126 0 0.117309 0 0.0884787 0 0.104059 0.0412375 0.173882 0.0120386 0.0320573 0 0.138954 0 0.0099276 0.0128992 0.0361102 0 0 0.114409 0.0682792 0.00130299 0 0.0633238 0 0.0549506 0 0.0647662 0 0.114317 0.00087896 0.0139365 0.00223779 0.0465781 0 0.046158 0 0.00782115 0.0263506 0.0970361 0.213656 0.557482 0.0570498 0.112016 0 0 0 0 0 0 0 0 0 0.135711 0 0.166714 0 0.148171 0 0.103227 0 0.0570493 0 0.270648 0.0662743 0.235501 0.044621 0.0527639 0.319291 0.020095 0.0115338 0 0.0524265 0 0 0.176806 0.0291005 0.0582649 0 0 0.0430775 0 0.00757606 0 0 0 0.0012679 0.0371603 0.0356978 0.0794177 0.0488097 0.384743 0.0278785 0 0 0 0 0 0 0 0.00894204 0.224241 0.0699596 0.0560597 0 0.0551206 0.0493677 0.0626388 0.0387038 0.0615242 0.0387581 0.0726848 0.0210293 0.0392945 0.0179812 0.00932163 0.029587 0 0.0550164 0 0.0090836 0.316307 0.353064 0.210198 0.342138 0.162357 0.170395 0 0.0642303 0 0.00157299 0.00326229 0.0340897 0.00771791 0.0449408 0.0108215 0.0103765 0.614091 0 0.587647 0 0 0.0106986 0 0 0.198451 0.228686 0 0.126973 0 0.122521 0 0.506575 0 0.62197 0.0234377 0.0465151 0 0.434483 0.0147805 0.121409 0.0120951 0.0271793 0.281196 0 0.0211711 0 0.0536483 0.194613 0 0.00818376 0 0.0496705 0 0 0.233531 0.0164808 0 0.0765587 0.0429697 0.00865825 0 0.0921173 0.0355213 0 0.213874 0 0.150875 0 0.0750267 0 0.0796213 0.389229 0.0495172 0 0.069339 0.00394248 0 0 0.0481916 0 0.0875908 0 0.106365 0 0.268418 0 0.0792071 0 0.10718 0 0.145797 0 0.142498 0 0.177332 0.139054 0.264369 0.135512 0.374052 0.129502 0 0.000437846 0.0643689 0.0998956 0.00167515 0.0272438 0 0.00710923 0.0109135 0.0437991 0.000328593 0.0188619 0 0.00558126 0 0.00988259 0.107949 0.0735237
136 10.6078 0.0175339 0.0560454 -0.0824184 0.409684 -0.104991 12.4601 -0.44268 -0.0734962 -0.000877834 0.00709591 0.179422 -0.0962921 0.085216 -0.245181 -0.309712 0.117353 0.164401 0.0228529 -0.103077 -0.0222067 -0.401035 0.0354725 0.0767137 0.0439817 0.0396356 0.0244346 0.0209918 -0.0762296 -0.0527947 -0.00153697 -0.106127 -0.000301176 0.0296791 0.151924 -0.0173225 0.0558179 0.153421 0.0507843 0.0552492 0.465897 0.223336 1.41385 0.190717 0.65502 -0.0154357 0.0638112 0.155178 -0.0497469 -0.0579942 0.0904687 -0.155988 -1.37146 0.483889 0.665894 -0.0865167 -0.0108696 -0.477081 0.256452 0.326734 0.027249 -0.128973 1.09547 0.494153 -1.28959 0.312057 -2.78039 -0.378099 5.98328 -1.26647 3.71888 2.70066 1.93006 -0.231958 -0.0339339 -1.49588e-09 -1.37563 -3.62442e-09 0.387579 -0.00266113 -0.00379125 0.720048 -0.370521 0.000365023 0.026167 0.0677355 -0.242726 -1.27258e-09 -0.730841 0.00948164 -0.494765 0.399265 -0.43929 1.50896e-09 6.09861e-10 2.97955e-10 -0.313005 0.16495 0.388231 0.0690278 1.86524 -1.18308 0.0282216 4.03988e-09 0.0310246 -1.42947e-10 0.423804 -0.528498 -0.601117 0.190456 -1.83761 -1.4333 0.611445 0.408723 0.893382 12.4663 0.0914928 -0.121073 1.07611 0 0.0440153 0.00776526 0.0387523 0.00900254 0.0367842 0 0.0150545 0 0.0327389 0.00548054 0.1195 0.00181287 0.0767298 0.0145144 0.0687094 0.00415572 0.108232 0.183937 0 0.183944 0.0090512 0.262896 0 0.30031 0 0.105616 0.0424008 0.188192 0.0363829 0 0.0750776 0 0.0554971 0 0.0417321 0 0 0.0313652 0.0613699 0 0.0565271 0 0.442594 0.0272235 0.148528 0.020348 0.0181863 0 0.0929346 0.0451671 0.0031685 0 0.02353 0.020975 0.0193007 0 0.0240499 0 0.0049486 0 0 0.0367151 0 0.0192393 0 0 0 0 0 0 0 0.00835527 0.047976 0.0182491 0.0084439 0 0 0 0.015193 0.0204616 0.0216968 0 0.0594547 0.118084 0 0.0010984 0 0.193124 0.0524311 0.190996 0.0494494 0.196207 0.0508897 0.241369 0.0704515 0 0.0375568 0.162854 0.0466963 0.199966 0.0522246 0.00412786 0.0545513 0.0437916 0.0491682 0.314686 0 0.107785 0.00143915 0 0.00179274 0 0.00194833 0 0 0 0.0517841 0.144724 0.0949655 0.126463 0 0.127664 0.0187956 0.0876148 0 0.104376 0 0.302884 0.0151003 0.296265 0 0.12327 0.0850118 0.0410366 0.0124466 0 0.0516381 0 0.0153265 0.114357 0.00823372 0.186016 0.0239549 0 0.0852222 0 0.018901 0 0 0.108375 0.143063 0.0715559 0.00199031 0.12235 0.00804507 0.359695 0 0 0.00166489 0 0.0536108 0 0.0474176 0 0.0540887 0.252916 0.105615 0 0 0 0.0135181 0.0273415 0.0248027 0.0336027 0.0306357 0.100104 0 0.0481817 0.00827517 0.0616243 0 0 0.0516096 0.000936051 0.00238095 0.33359 0.148364 0.184574 0.337711 0.228473 0.13054 0 0.0702317 0 0 0.0151595 0.0746178 0 0.0768201 0.0205188 0 0.707622 0 0.65751 0 0 0 0 0.00394222 0.226903 0.0503081 0 0.079087 0 0.136107 0 0.603658 0 0.540616 0.0569477 0.0975752 0 0.413042 0.0678947 0.0586132 0.0183888 0.0519944 0.510327 0.0165872 0.00526844 0 0.0755265 0.229963 0 0.00673395 0 0.0575744 0 0.00392103 0.228755 0.0426028 0 0.0388672 0.0786632 0.00230852 0.0190584 0 0.057807 0 0.241047 0 0.181497 0 0.0930075 0.00293142 0.0886629 0.100493 0 0.154139 0.083594 0 0 0.0204264 0.0567941 0 0.0914249 0 0.0505655 0 0.289069 0 0.0745771 0 0.0803483 0 0.128101 0 0.123444 0 0.223637 0 0.361799 0 0.49212 0 0.0138799 0.0228792 0 0.0709147 0 0.0683503 0.0169904 0.0726646 0 0.0311139 0 0 0 0.0174868 0 0.0483975 0.140555 0.0898882
137 10.6411 0.0161479 0.0586633 -0.0768127 0.41036 -0.11038 12.4963 -0.45981 -0.116633 0.0431298 -0.00131562 0.106853 -0.035434 -0.00362993 -0.317877 -0.311703 0.166304 0.116392 0.0197348 -0.103077 -0.0673888 -0.354435 0.0416003 0.0764869 0.0436658 0.0481934 0.000795943 0.0147379 -0.0777361 -0.0532506 0.000110311 -0.105863 -0.00569296 0.00349886 0.152779 -0.00766458 0.0870876 0.153497 0.0479758 0.0550326 0.49153 0.257886 1.4025 0.195278 0.687964 0.00929343 0.102219 0.155165 -0.0502164 -0.0580308 0.167566 -0.170508 -1.37055 0.577325 0.666553 -0.0984929 -0.02276 0.0301273 0.0923949 0.00392528 -0.0529398 -0.153382 1.10152 -0.317176 -1.64539 1.39703 0.405493 -1.78624 -0.136521 -2.65897 0.65268 1.91379 1.36093 -1.4453 0.272547 -2.09403e-10 -1.24323 1.41904 0.4592 -0.0346705 -0.0474809 0.131551 -0.819364 0.00950437 -0.055411 -0.00713443 -0.0277069 -6.92018e-10 0.750184 -0.674802 -0.0435952 -0.524355 0.885533 4.91487e-09 -0.200111 5.61492e-10 0.338149 0.283978 -0.352236 0.192784 0.467909 0.763906 0.39549 2.46045e-09 0.175477 -1.54213e-10 1.20182 0.429564 -0.450505 1.12262 -0.407569 -1.92238 0.264213 0.411835 0.889066 12.5017 0.0944763 -0.147193 1.04644 0.0235843 0 0 0 0.00781357 0 0.0343473 0 0 0.0701587 0 0 0.0525489 0 0.115489 0 0.00603344 0.0983848 0.278892 0.0341378 0.23633 0.0819365 0.481482 0.0454832 0.548244 0.119929 0 0.154621 0.0623095 0.0392007 0 0.246175 0 0 0 0.261827 0.000788379 0 0 0.0797345 0 0 0 0.163494 0.0600881 0.0961752 0.0711856 0.0805949 0 0 0.026349 0 0 0.00106616 0.0274191 0 0 0.0053509 0 0 0.0300327 0.0173521 0.0300323 0.0107384 0.0184804 0.00952491 0 0.0951213 0 0.0766827 0 0.0819388 0 0 0.0236827 0.0587516 0 0.0363239 0.00152236 0.0181457 0.0234128 0.0495006 0 0.0219574 0.0941804 0.0580935 0.00146946 0.00150365 0.221817 0.111528 0.115406 0.0728926 0.229543 0.0956494 0.236658 0.0924358 0.00265731 0 0.162313 0.0958698 0.212311 0.100251 0.000331631 0.024922 0 0.0567767 0.465716 0.0125094 0 0 0 0 0 0.0137941 0 0.0989195 0 0.247351 0.43907 0.0637369 0.258474 0.0278704 0 0 0.0104583 0 0.179183 0.0350783 0.37405 0 0.478211 0 0.161472 0 0 0 0 0.0764496 0 0.0140751 0.267592 0.00901516 0.0566732 0 0 0 0 0.0121257 0 0 0.0358704 0 0.0555486 0 0.122206 0 0.350514 0.0556107 0 0 0 0.192846 0 0.0160603 0 0 0.307855 0.0911991 0 0.103742 0 0.0701933 0 0.0538671 0 0.0699667 0.0999111 0.081365 0 0.0274259 0.0275047 0.0817966 0 0.119661 0 0.00809808 0.412057 0 0.197552 0.416377 0.218009 0.122192 0.0477349 0 0 0.00576508 0 0.0921853 0 0.254206 0.130714 0.0523652 0.723773 0 0.645087 0 0 0 0 0 0.332107 0 0.048236 0.135489 0 0.0338505 0 0.419797 0 0.380014 0.0291463 0 0 0.367266 0 0.135177 0.0840432 0.0444405 0.52813 0 0 0.00298426 0.159056 0.231018 0 0 0 0.0142507 0.0469208 0.0352238 0.276345 0.0465756 0 0.12318 0.0926052 0 0 0.118526 0.0614212 0 0.314968 0 0.239081 0 0.13506 0 0.0798966 0.253624 0 0.136492 0.0771928 0.000813857 0 0 0.0488934 0.0121373 0 0 0 0 0 0 0 0 0 0 0 0 0 0 0.599685 0.0650749 0.505329 0.151003 0.588763 0 0.00753016 0.00650932 0.251221 0 0.0213699 0.102342 0.00075423 0 0.0113782 0.156171 0.0283322 0 0 0.00632708 0 0.0379416 0.110024 0.0684927
138 10.6745 0.0205339 0.0755074 -0.0571682 0.412756 -0.113669 12.534 -0.469327 -0.123522 0.0575282 0.0270297 0.0751294 -0.0370469 0.0273511 -0.267945 -0.281252 0.207258 0.0985981 0.00084391 -0.102434 -0.049524 -0.364748 0.0880659 0.0034067 -0.0565089 0.0290635 -0.00639328 0.00284401 -0.0562542 -0.0612601 -0.00679525 -0.105844 -0.0276659 0.00158434 0.145923 0.0186868 0.0779761 0.153813 0.0361703 0.0541213 0.406804 0.200666 1.41858 0.203092 0.670211 -0.0127231 0.0723606 0.155143 -0.050991 -0.0580912 0.162636 -0.228003 -1.38116 0.503675 0.657789 -0.0955342 -0.0357214 0.0425524 0.736404 0.648711 0.0151212 0.00262385 1.17095 0.12831 -0.172037 0.100799 0.84994 -0.811552 0.64296 0.372288 1.35228 0.389459 1.27467 0.306221 -0.526852 -1.91168e-10 1.3615 -1.05101 0.335633 -2.44487 -3.33388 -0.583245 -0.133398 -0.303055 0.624109 -0.25527 -0.254055 -2.28553e-09 -0.391723 0.153816 -0.204241 0.516156 -0.609417 4.98571e-09 -0.695442 6.00363e-10 -0.62571 0.390798 -0.301121 0.0636565 -1.04346 -0.507299 -0.463695 1.07001e-08 -1.52619e-09 -1.25597e-09 0.722778 -1.2715 -0.206851 -1.58576 2.06522 3.39297 -1.00107 0.414991 0.886184 12.5366 0.0959221 -0.0180863 1.05387 0 0.107809 0 0.0907299 0 0.0753364 0 0.0430976 0.0119912 0.0659966 0.210611 0 0.255306 0 0.276031 0 0.164436 0.0492035 0.0830067 0 0.0236687 0 0.138678 0.00293548 0.0788128 0 0 0 0 0 0 0.0103383 0 0.0227771 0 0.0525124 0.00453764 0.000303744 0.402739 0.0588361 0 0 0 0.0822644 0.102793 0.0194411 0.0205747 0.00642846 0.027492 0.0175504 0.0152422 0 0 0 0 0.015214 0 0 0 0.00282852 0.0497147 0.000376671 0 0.0310836 0 0.0114363 0.0763536 0.0135366 0.0500897 0.00104732 0.0605289 0.014934 0.0850266 0.0547894 0.0597193 0.0257193 0.0594686 0.0416527 0.039245 0.00505642 0.0659741 0.0264298 0.0746002 0 0 0.0617069 0.00169601 0 0.299394 0.011687 0.255704 0.00978007 0.263096 0.0111238 0.336712 0.0303587 0 0.0220331 0.196914 0.0189096 0.20068 0.0202979 0.0357086 0.0260883 0.153796 0 0.847944 0.0118785 0.141934 0.0792452 0 0.0483545 0 0.0690362 0 0.013974 0 0.0348953 0.708484 0.0587045 0.64445 0.0975146 0.319822 0.126893 0.0746544 0.0850676 0.0768317 0.0139702 0.47136 0.0336853 0.549404 0.032445 0.0823627 0.00181431 0.00308596 0 0.0822305 0.0686583 0 0 0.182072 0.0803046 0.000757934 0 0 0.0752664 0 0.0235167 0 0.012589 0.0413602 0.0649371 0.0127863 0 0.040436 0 0.364902 0.113789 0 0 0.00867029 0.00275095 0 0 0 0.0236871 0.0527585 0.143025 0 0 0 0.0449071 0.0404268 0.0363805 0.0396477 0.036009 0.0341621 0.000969075 0.0085059 0 0.0655503 0 0 0.0991459 0.00533123 0.00119723 0.362198 0.299328 0.144991 0.319844 0.0772787 0.110603 0.025416 0.0873711 0 0 0 0.271224 0 0.355345 0.0651907 0.0824403 0.527729 0 0.413897 0 0 0 0.00592593 0 0.228209 0 0 0.167362 0 0.181057 0.455026 0.179066 0 0.152921 0 0.0474467 0.487357 0.120364 0.397884 0.214872 0 0.0396156 0.698265 0 0.0092552 0 0 0.149182 0 0.0127161 0 0.0620342 0 0.121793 0.101155 0.0679244 0 0.0973995 0.0305187 0 0.612574 0.134327 0.0929608 0.0037884 0.222109 0 0.247153 0 0.0981746 0 0.827849 0.0710185 0.161785 0 0.0647399 0.0113392 0.0113843 0 0.0536414 0.0148985 0 0 0 0 0 0 0 0 0 0 0 0 0 0 0.248006 0 0.368401 0 0.480754 0.00344376 0.00190991 0.00408787 0 0.297652 0.0505809 0.0545493 0.00847077 0.0290711 0 0.233495 0 0.0163096 0 0.00403265 0 0 0.16273 0.124835
139 10.7078 0.0209589 0.110945 -0.0234596 0.417472 -0.109524 12.5741 -0.446679 -0.133906 0.0441838 0.0566244 0.108534 0.0306338 -0.0129178 -0.237047 -0.293032 0.218626 0.0962042 -0.0294693 -0.0485699 0.038688 -0.387707 0.121302 -0.124167 -0.225086 0.0117331 -0.0208319 -0.0129176 -0.0385909 -0.0676801 -0.0168065 -0.105816 -0.0410645 -0.000187864 0.143042 0.032353 0.0608093 0.154013 0.0286351 0.0535391 0.376815 0.200351 1.41166 0.177443 0.641279 -0.0333192 0.0708375 0.155143 -0.050991 -0.0580912 0.121851 -0.256374 -1.39698 0.417389 0.700895 -0.0414172 -0.0317593 -0.0113528 0.966778 0.971817 0.0257347 0.270505 1.26385 0.995551 -0.427503 -0.68007 1.07647 1.30444 5.86519 -2.66276 -4.2191 -3.84331 0.00231861 -0.028326 -0.9358 2.10422 4.06684 -0.884355 0.936698 -4.20803 -5.96723 -0.740499 -0.38554 -0.263714 0.564287 -0.183922 -0.417711 -2.6594e-09 0.129196 0.160235 -0.107348 -0.211347 -0.742872 3.51083e-09 0.446339 5.43695e-10 -0.00102013 -0.238217 -0.500162 -0.0297832 -0.0410986 -0.733064 0.453962 1.01519e-08 -1.54505e-09 -1.21414e-09 -0.726819 -0.137169 -0.22806 -0.343518 1.08233e-09 1.66161 -1.18593 0.418392 0.889799 12.5727 0.101049 0.218063 1.1011 0 0.113845 0 0.092731 0 0.0777827 0 0.0593682 0.0153424 0.103104 0.118291 0 0.156713 0 0.192873 0 0.175367 0.0564243 0.0801222 0.0317766 0.00577979 0.0551781 0.114725 0.0577856 0.0612077 0.0862785 0 0.118971 0 0.140384 0 0.0627055 0 0.0441765 0 0.0273929 0.00512766 0 0.414153 0.0636655 0 0 0 0.121389 0.213158 0 0.0694739 0 0.0191496 0.0198952 0.017004 0 0 0 0 0.00883184 0 0 0 0.000487858 0.0120366 0.00479387 0 0.0192394 0 0.00838585 0 0.132046 0 0.12737 0 0.141305 0 0.208392 0.0131199 0.0270433 0 0.146713 0.0379974 0.00779113 0.0421903 0.0267011 0.130942 0.0071455 0 0.0515406 0.00151626 0.000116587 0.224874 0.0234947 0.181506 0.0167377 0.211966 0.0165345 0.328812 0.0319898 0.0605742 0.0291453 0.215097 0 0.218135 0 0.0651133 0.0320833 0.546702 0 0.853623 0.199221 0.0196481 0 0 0.035729 0 0.0345574 0 0.116351 0 0.114103 0.806579 0 0.670934 0 0.200988 0 0 0.0437225 0.0328924 0.00767507 0.409369 0 0.609338 0 0.115447 0.0570241 0 0.0194595 0.0471638 0.0351758 0 0 0.212752 0.0879949 0.119948 0 0 0.100432 0 0.0177334 0 0.0134657 0.0141615 0.0338616 0.00244018 0.0162777 0.0135496 0.018092 0.467424 0.129298 0.00276648 0 0.196161 0 0 0 0 0.0121634 0.127935 0.154751 0 0 0 0 0 0.102049 0 0.101918 0 0.0287898 0 0.0440205 0.108544 0 0 0.0518536 0.00905769 0 0.374891 0.315579 0.154886 0.329974 0.226435 0.0818243 0.00282576 0.12479 0 0.0492964 0 0.258311 0 0.334981 0.0708631 0.0792621 0.402737 0 0.293624 0.0101936 0 0 0.00203862 0 0.249396 0 0 0.17899 0 0.217466 0.591272 0.12381 0 0.0935781 0.0056011 0.0864756 0.651476 0.0317706 0.379751 0.19834 0 0.0191371 0.694974 0 0.274992 0 0.00826904 0.199644 0 0.0203988 0 0.0740773 0 0.108586 0.198436 0.0648012 0 0.0549494 0.0114865 0.0190127 0.580478 0.112827 0.0882198 0 0.150928 0.00206998 0.218688 0 0.112958 0 0.162572 0.565566 0.116787 0 0.0744606 0.00465523 0 0 0.0663556 0.00616157 0 0.00548456 0 0.0137418 0 0.0316395 0 0.00667285 0 0.00890032 0 0.0134251 0 0.0155306 0.319897 0 0.344728 0.0327711 0.454411 0.0384649 0 0.0056035 0 0.333308 0.0235735 0.0924806 0 0.0211667 0 0.24201 0 0.0135204 0 0.000231342 0 0 0.204457 0.141289
140 10.7411 0.024799 0.140344 0.012093 0.424105 -0.097102 12.616 -0.405233 -0.143767 0.0173245 0.0690286 0.136414 0.144598 -0.0262213 -0.450851 -0.424843 0.167275 0.107013 -0.0677881 0.0819681 0.331443 -0.385929 0.194582 -0.513682 -0.597057 -0.0105201 -0.0285599 -0.0194809 -0.025701 -0.0701306 -0.0307752 -0.105724 -0.0329937 -0.00432655 0.149416 0.0187767 0.0398981 0.153407 0.0464828 0.0549197 0.36577 0.194041 1.39782 0.147046 0.636439 -0.0568592 0.0853318 0.155143 -0.050991 -0.0580912 0.0953962 -0.267382 -1.4024 0.336197 0.69572 -0.0362109 -0.0273352 -0.152388 0.719332 0.399114 -0.0132909 0.422663 1.2737 1.53016 0.035063 -0.128335 0.350076 -0.488079 -1.02812 1.04817 1.28515 0.647246 -2.14845 0.65899 -0.562664 4.84183 8.85184 -0.662945 0.974249 -8.73339 -11.101 -0.454916 -0.224498 0.367744 0.468661 -0.120031 -0.265539 -2.35838e-09 -0.218172 -0.141569 0.140562 0.0690811 -0.391652 1.09921e-10 1.05314 1.59603e-10 0.129656 -0.570624 -0.588112 0.0959289 0.238032 -0.903471 0.699717 8.39442e-09 -7.80906e-10 -6.75297e-10 0.123682 0.308368 0.168507 -0.222201 0.794025 1.30005 -0.687973 0.421641 0.900888 12.6113 0.097504 0.354054 1.20058 0.0218592 0.0319777 0.0120929 0.0152773 0.00705284 0.0116814 0.0161732 0.029827 0.049175 0 0.0665775 0 0.073636 0 0.0782369 0 0.105278 0.0416864 0 0.0648014 0 0.0472156 0 0.0835082 0 0.100525 0 0.0160196 0 0.0122284 0 0 0 0 0 0 0.0111814 0 0.305422 0.0339636 0 0 0 0 0.0212458 0.0719939 0 0.0323819 0 0.0136411 0.00926661 0 0 0 0 0.00158063 0 0 0 0 0 0 0 0 0 0 0 0.0258716 0 0.00537286 0 0.0209499 0.0229002 0.063362 0 0 0.0174231 0.0486523 0.0202581 0.000749649 0.0257261 0.00863645 0.056379 0 0 0 0.000932678 0 0.112002 0.0224065 0.0862594 0.0161435 0.103181 0.0192281 0.185378 0.0353797 0.0249871 0.00792801 0.106145 0.0191196 0.107745 0.020145 0.0378092 0.0275117 0.00161714 0.0502936 0.462055 0.0242025 0.0272481 0 0 0 0.00446504 0 0 0 0 0 0.645621 0 0.491647 0 0.138852 0.0108411 0 0 0.0237697 0 0.133818 0.0794448 0.255288 0.0692391 0 0.101498 0 0 0 0 0 0 0.19195 0.0730609 0.211687 0 0 0.0357253 0 0.00259948 0 0.0110838 0.0110388 0 0 0.0151453 0 0.0222094 0.508272 0.105883 0.00158888 0 0.0698603 0 0 0 0 0.00072738 0.0939551 0.114821 0 0.00541486 0 0.0556609 0.0119488 0.0283397 0.0102956 0.0291782 0 0.00202829 0 0 0.017284 0.00814431 0 0.0408297 0.00207233 0.00244632 0.123314 0.15623 0.123492 0.0851274 0.032795 0.133428 0.0482518 0 0 0 0.00455314 0 0.00655408 0.01409 0.0092682 0.0576138 0.121264 0.0204287 0.0689889 0.0100513 0 0.0167887 0.00605347 0 0 0.130766 0 0.182278 0 0.13907 0.109795 0 0 0.0434657 0 0.0167235 0.258419 0 0.305448 0.0934885 0 0 0.300874 0 0.031155 0 0.0120185 0.162368 0 0.000580197 0 0.02343 0 0.05481 0.189636 0.0434149 0 0 0 0 0.462848 0.00593322 0.0777077 0 0.0359693 0.0159379 0.0763087 0.0205615 0.0867025 0 0.202356 0.184968 0.0552992 0 0.0966455 0 0 0 0.0955473 0 0 0 0 0 0 0 0 0 0 0 0 0 0 0 0.030539 0.0845594 0.00717619 0.0680266 0.0441703 0.0789388 0 0.00173713 0.0738302 0.193672 0 0.102627 0.00436503 0.0038332 0.0172465 0.03009 0.0101219 0.0269288 0 0 0 0 0.1846 0.103647
141 10.7745 0.0208954 0.1696 0.04196 0.42951 -0.0837521 12.6585 -0.350784 -0.143112 0.00333464 0.0840702 0.151018 0.100619 -0.017558 -0.379224 -0.372364 0.0568019 0.140084 -0.0891717 0.319886 0.580895 -0.358506 0.215241 -0.548759 -0.62205 -0.0250428 -0.0389705 -0.0240727 -0.0101458 -0.0728379 -0.0399226 -0.105657 -0.0621454 -0.0124585 0.15692 0.0339397 0.0285913 0.153296 0.0505765 0.0552352 0.371439 0.193132 1.37613 0.15686 0.667543 -0.057902 0.0837055 0.155139 -0.0511397 -0.0581028 0.109141 -0.299263 -1.3804 0.256533 0.677963 -0.0140383 -0.0399189 -0.424052 0.332136 0.841289 -0.0501139 0.416372 1.33445 1.93076 0.347425 -0.199562 0.607399 0.138568 -1.52895 0.484289 2.01716 1.6492 -2.83346 1.15775 -0.704696 5.83216 10.3043 -1.03267 -2.77966 -1.5096 -3.94664e-07 -0.324152 -0.236576 -0.0167531 0.506912 -0.0423261 -0.38571 -2.17117e-09 -0.515778 -0.0868441 0.238158 0.0818938 -0.598287 9.44572e-10 2.13229e-10 1.42531e-10 -0.196925 -0.0241761 -0.677415 0.272601 0.260463 0.102231 -0.179577 6.96227e-09 -5.89545e-10 -5.2868e-10 -0.10514 0.737578 0.45302 -0.386352 1.08393 1.83451 -1.08616 0.425455 0.913146 12.6523 0.132146 0.366437 1.26021 0.00727048 0.0519868 0 0.0335093 0.0010813 0.0247119 0 0.0462313 0.0167753 0.0229224 0.00697794 0.0755944 0.00595054 0.0624712 0.016777 0.0646259 0.0889872 0.0576636 0.00434565 0.110404 0.00145212 0.121021 0.00803754 0.151466 0.000490677 0.206574 0.00241109 0.126044 0.0115295 0.13955 0 0.0336875 0 0.00602601 0.00640285 0 0.00918167 0 0.230158 0.0315617 0 0.0010857 0 0 0 0.0465163 0 0.0130241 0 0.0119643 0.00520808 0 0 0 0 0.00577416 0 0 0 0.00040604 0 0 0 0 0 0 0 0 0 0 0.00300699 0 0.0593997 0.000373457 0.00771232 0 0.0306065 0.00361215 0.0170777 0.00449913 0.0274514 0.0168288 0.0350497 0 0 0.0125892 0.00045028 7.3801e-05 0.0602828 0.0382336 0.0420479 0.0279158 0.0622834 0.0313734 0.140913 0.0370809 0.0140879 0.00391194 0.0697554 0.0398035 0.0694784 0.0402538 0.0271434 0.0317862 0.0763734 0.0119142 0.422635 0 0.013524 0 0 0 0.028585 0 0 0.0179661 0 0.0120122 0.399201 0 0.25558 0 0.0445251 0 0 0 0.0118582 0 0.0282212 0.00358149 0.0919872 0 0 0.154798 0 0.0142986 0 0.0102396 0 0 0.176027 0.0701607 0.174487 0 0 0.0579131 0 0.00433332 0 0.00934516 0.0243985 0.00606048 0 0.0286505 0 0.0280183 0.438007 0.101494 0.000921298 0 0.0622113 0 0 0 0 0.0109279 0.117328 0.119244 0.0336476 0.0036089 0.0417376 0.0455813 0.0381282 0.0271091 0.0360202 0.027897 0 0.0110733 0 0.0106756 0.00433506 0.00371533 0 0.0463699 0 0.00178203 0.0558367 0.105498 0.0827619 0.0365848 0.00610845 0.0808551 0.0179555 0.0371466 0 0.0148968 0.00877835 0 0.0215218 0.000315165 0.0135127 0.0369422 0.140912 0.0120603 0.108183 0.00886327 0 0.00228012 0.00873612 0 0 0.0695886 0 0.169789 0 0.143581 0 0.00733125 0 0.0841638 0 0.0518729 0.026839 0.0281211 0.246935 0.108566 0 0 0.293764 0.00219417 0.163919 0 0.00226564 0.24891 0 0 0 0.0255774 0 0.0394893 0.195779 0.0464861 0 0.00367345 0 0.0130567 0.364477 0.0343829 0.0434215 0 0.0243547 0.00106587 0.0295922 0.0001336 0.106553 0 0 0.0818536 0.0610896 0 0.0904221 0 0 0 0.0894496 0 0.00558916 0 0.00737133 0 0.202875 0 0.0457709 0 0.0699647 0 0.105103 0 0.0653267 0 0 0.0608808 0.00126381 0.0851481 0.00932147 0.0910281 0 0.0374183 0 0.202047 0 0.186248 0 0.024291 0.0118931 0.0341566 0 0.0237079 0 0 0 0 0.170027 0.0980393
142 10.8078 -0.0274025 0.203316 0.0998459 0.437886 -0.0731575 12.7029 -0.234172 -0.160326 -0.0507227 0.0770668 0.240776 0.117291 -0.0746277 0.0447763 0.0922351 -0.0292536 0.167219 -0.13142 0.528641 0.833454 -0.281766 0.102483 -0.243315 -0.21358 0.00728318 -0.062159 -0.0347961 0.0024436 -0.0644147 -0.0643419 -0.105018 -0.0780235 -0.0445963 0.180257 0.0459596 0.0389438 0.125314 0.0321114 0.0452484 0.403307 0.146971 1.36242 0.253763 0.701384 -0.00942919 0.096981 0.155145 -0.0509287 -0.0580864 0.156065 -0.374799 -1.3371 0.136026 0.654049 0.0244545 -0.0416097 -1.45183 -0.0608135 0.849679 -0.00152049 0.258419 1.3298 2.87879 -0.224203 -1.39166 0.309028 -2.36187 0.49561 -0.0343349 0.37231 0.507117 -2.55396 0.437746 -0.90913 6.19123 3.8364e-08 2.13009 -4.76669 24.4828 27.7109 0.716489 -0.535072 0.301706 0.465425 0.418762 -0.48284 -1.38602e-09 -1.81206 -0.982365 0.811598 1.9721 0.233745 -1.13803 -0.482462 -0.345565 0.186513 -0.553631 -0.424932 0.643203 -0.875931 2.60687 -0.702489 6.40861e-09 -1.10843e-09 -6.80154e-10 -0.438984 0.694117 0.311162 -0.568071 1.69989 3.25095 -0.548101 0.429994 0.922968 12.6956 0.11068 0.305473 1.27327 0.0470056 0 0.0568419 0 0.0665125 0 0 0.0213426 0.0933112 0 0.176348 0.176954 0.136137 0.094895 0.142749 0.113175 0.12716 0.00752058 0.0345399 0 0.0572377 0 0.0559996 0 0.027903 0 0.153649 0 0.111904 0 0.210511 0.0141626 0.173817 0.0161586 0.130316 0.0745136 0.0143148 0.00655554 0.296102 0 0 0.0988014 0.244548 0.0201317 0.0397925 0.0265335 0 0 0 0.0226818 0.00237073 0 0 0.0276799 0 0.0279721 0 0.00975537 0 0 0 0.00546746 0 0.019338 0 0.0217018 0 0 0.0455307 0 0 0 0 0.0202088 0 0.0210221 0.119316 0 0.0223113 0 0.0296836 0.0179944 0.0625839 0 0 0.0608606 0.000765725 0.00280733 0 0.250316 0 0.17531 0 0.186657 0 0.191564 0.0129741 0 0.123645 0.156558 0 0.138102 0.0401965 0 0.675442 0.452141 0.193968 0.63677 0 0.125269 0 0.0781091 0.0405213 0.0790676 0.0222093 0.0219176 0.174752 0.0499149 0.129636 0.0777201 0 0.153205 0 0.202292 0 0.10378 0 0.0594494 0 0.0347867 0 0.0494258 0.0508478 0 0 0 0 0.010482 0 0.0159602 0.0614756 0.0459689 0.381029 0.0331167 0 0.0172307 0 0.0173949 0 0 0.223438 0.0769306 0 0 0 0 0.476621 0.0321926 0.00534217 0 0.190986 0.0137066 0 0.0607871 0 0.0341804 0.231351 0.0403176 0.320137 0 0.612239 0 0.0445137 0 0.0285206 0 0 0 0 0 0.0615594 0.0397358 0 0.0941602 0.0058308 0 0.243831 0 0.494118 0.025531 0.256519 0.173993 0.136834 0 0 0 0.206592 0 0.16592 0.00887168 0 0 0.024995 0.0158684 0.00470154 0 0 0 0.0130564 0 0 0 0 0.212767 0 0.158144 0.12536 0.0216649 0.193778 0.0148765 0.00333269 0.0335054 0.00966773 0.04346 0.218827 0 0 0.0247733 0.664957 0.281087 0.746331 0.265325 0.080811 0.39612 0 0 0 0.0216209 0 0 0.273945 0.0296731 0 0 0 0 0.356954 0 0 0.0704084 0.01149 0.0180153 0.0119611 0.0364163 0.150306 0.0115675 0 0.388303 0 0 0.119034 0 0 0.0380319 0.126049 0 0.0673292 0.00909039 0.0113776 0.0596473 0.310365 0.115532 0.0935141 0.0462165 0.077375 0.030451 0.118169 0.0109627 0.0999092 0.0213855 0 0 0 0 0 0 0 0.034684 0 0.127757 0 0.340001 0.0369787 0.0969326 0.0526534 0.00703153 0 0 0 0.00964045 0 0.0482967 0.203071 0.0832717
143 10.8411 -0.0492647 0.150926 0.117759 0.443874 -0.0612461 12.7452 -0.138246 -0.155366 -0.0624655 0.0292958 0.24784 0.162017 -0.0767797 0.0129433 0.0490376 -0.0856485 0.17448 -0.147502 0.597795 0.424617 -0.116312 -0.0473599 -0.0737041 -0.0380799 0.0438863 -0.0632337 -0.0221657 -0.0366145 -0.0471179 -0.0696552 -0.105556 -0.112681 -0.0514273 0.206194 0.0983871 0.0223069 0.154748 0.0224228 0.0518256 0.334754 0.221006 1.32898 0.165376 0.635292 -0.0515947 0.0391881 0.155319 -0.044768 -0.0576057 0.180462 -0.298739 -1.33465 0.138458 0.699125 0.016577 -0.0465733 -0.206946 -2.19917 0.369083 0.00738175 0.259079 1.26729 2.1861 0.228723 -0.379433 -1.66183 0.667398 1.96387 -0.333296 -1.19964 -1.62527 -1.51449 0.237169 -0.624211 0.0434434 -15.7672 3.10083 2.36356 5.25443 4.08139 0.527284 0.562458 0.534581 -1.28011 0.24266 -0.351534 -9.77474e-10 0.596316 -1.12178e-09 0.431662 -0.435179 -0.643967 3.52116e-10 1.10104 3.70525e-10 -2.6234 0.748173 -0.463005 -0.790348 1.78073 -4.49868 0.690623 6.82437e-09 0.0919036 -1.67998e-10 -0.223488 2.66384 0.00807761 0.37116 -0.370015 -1.00682 -0.625461 0.433439 0.933741 12.7361 0.0972843 0.293788 1.18305 0.0313355 0 0.021296 0 0.0316059 0 0.0519776 0 0.0880128 0 0.126287 0.01684 0.114891 0.0536632 0.0672881 0.106031 0.0177686 0.0235575 0.000311662 0 0 0 0.00624061 0.0760211 0.0283514 0.0178937 0 0 0 0 0 0.0454188 0 0.079665 0.00286543 0.0900836 0.0239957 0.0110298 0.149374 0.11231 0 0 0 0 0.10198 0.0575504 0.063678 0.0595375 0 0.0322409 0 0 0 0 0.0292914 0.00126719 0 0 0 0 0 0.00234174 0.0570343 0.0449896 0.01208 0.0187635 0 0 0 0 0 0.00214252 0 0 0.000213694 0 0 0 0.00658505 0.00160069 0.00494275 0 0.0189929 0.0498791 0.119132 0.0524876 0 2.30699e-05 0.185098 0.249961 0.13366 0.169487 0.172963 0.227025 0.130306 0.265836 0.0174529 0.0496255 0.129981 0.127944 0.140897 0.190192 0.0133757 0.0269831 0.028259 0.390604 0 0.182492 0 0.0837963 0 0 0.00508577 0 0 0 0.0853894 0.0250556 0.225482 0.224969 0.244538 0.316045 0.0151885 0.33682 0.0242079 0.0544412 0 0.0987867 0 0.203088 0.120044 0.239232 0 0 0 0 0 0 0 0 0.200865 0.0683162 0.169475 0 0 0.00313205 0 0 0 0 0.0146174 0.0319552 0 0.000313039 0.0417593 0.0416029 0.49191 0.0661483 0 0.00501864 0.0788615 0.0139156 0 0 0 0 0.255 0.0852855 0.0715598 0 0.0016325 0 0 0 0 0 0 0.054555 0.00442413 0 0 0.0360652 0 0 0 0 0.0970976 0 0.321698 0.124116 0.0929365 0.165325 0.173745 0 0.0193156 0 0.133717 0 0.194603 0.000862937 0 0 0.137872 0.015729 0 0.149409 0 0.0288332 0 0.0162859 0 0.132059 0.0816352 0.11399 0 0 0.202061 0 0.00748945 0 0 0 0.0212892 0 0.120553 0.067427 0 0 0.141263 0.331223 0 0 0.146962 0.289566 0 0 0 0 0 0.0592458 0.286784 0.0123285 0 0 0 0.0409635 0.10465 0.0820659 0.042071 0.0381324 0 0.126041 0.0153786 0.0207841 0.124304 0.00575005 0 0.23088 0.76782 0 0.100265 0.01291 0.00981783 0.000651769 0.145887 0.0288514 0.0363183 0 0.0110923 0 0.0692996 0 0.0271473 0 0 0 0 0 0 0 0 0.273412 0.0609993 0.123488 0.0962048 0.176452 0.0220568 0.00319434 0.152918 0.00997022 0 0.14444 0.0413243 0.0159617 0.107096 0 0.0293933 0 0 0 0 0 0.213395 0.0567569
144 10.8745 -0.0461323 0.107508 0.117136 0.44746 -0.0558764 12.7871 -0.059697 -0.162861 -0.0566802 -0.02306 0.158098 0.147653 -0.0682296 0.0448882 -0.0122104 -0.140445 0.143197 -0.140087 0.541761 0.246472 -0.0269575 -0.0520063 0.0153104 0.0345036 0.0523754 -0.065401 -0.0113448 -0.0745214 -0.0357393 -0.0585075 -0.104441 -0.0715325 -0.0535735 0.206627 0.0734894 0.010843 0.116657 0.0503076 0.0546617 0.377972 0.199019 1.29729 0.168893 0.705025 0.0813688 0.0339601 0.153418 -0.0350635 -0.0355866 0.241469 -0.307044 -1.35163 0.0275165 0.659384 -0.0291541 -0.0568059 0.125042 -0.977963 -0.128642 -0.0616466 -0.0652252 1.24598 2.19246 0.040216 0.0178144 -1.1105 -2.00121 -1.86653 0.83636 0.908917 -2.42294 -1.80045 -1.24589 0.379343 -1.77068 -4.09757 1.87335 -0.953068 2.51346 2.2866 0.20765 -0.0121227 0.336651 -1.09871 0.198968 0.338863 -6.96627e-10 0.71206 -3.459e-10 -0.186896 -0.282625 -0.235165 -2.14053 1.75636e-10 6.23961e-11 0.629172 -1.95434 -0.126588 0.461909 3.37074e-10 2.6981 -0.783606 -0.765326 -0.965792 1.31095 2.80662 3.10376 -1.73885 -0.056466 0.851999 0.658268 -0.295179 0.43683 0.938073 12.7754 0.0995164 -0.0228289 1.18069 0.0250678 0 0 0 0.0243623 0 0.0123435 0 0 0.0248202 0.0132481 0.0313066 0.00181556 0.0374886 0 0.0873236 0.0650722 0.0521598 0.051306 0 0.0450966 0 0.0250921 0.050763 0.100136 0.0185215 0 0 0 0 0 0.108521 0 0.093487 0 0.191065 0.00141057 0.00315571 0.0291108 0 0.101434 0 0 0 0.142701 0.103078 0.0664704 0.0785036 0.0670709 0.0468288 0 0 0.0238613 0 0.0520974 0.021847 0 0 0 0 0 0.0361703 0.00704489 0.0249971 0 0.0168332 0 0.0926784 0 0 0 0.0814191 0 0.0509598 0.00830885 0.0240905 0 0.0395695 0.011668 0.00684522 0.0076648 0.0164266 0.0641626 0.0344108 0.00273846 0.0446577 0.000626227 0 0.131576 0.111531 0.0864167 0.0616839 0.113023 0.115014 0.062322 0.13762 0.0547331 0.00692817 0.076989 0 0.0759392 0.0524907 0.0471343 0.0186633 0 0.196218 0 0 0 0.0383209 0 0 0 0 0 0 0.0498858 0.0315763 0 0.211246 0.137672 0.045973 0.0886411 0.0584588 0.0190114 0.0334123 0.00102161 0.164986 0.0916029 0.112371 0.138652 0.0690505 0 0 0 0 0 0 0.00785517 0 0.0994475 0.13838 0.115243 0.015773 0 0 0 0 0.00441165 0 0 0.0655589 0 0 0.0824539 0 0.169167 0.147152 0 0 0 0.068201 0.0233444 0 0 0 0.083993 0.158221 0.0688467 0 0.00666211 0.128237 0.0117343 0 0.0182574 0 0.0512553 0.0417989 0.021237 0 0 0.0198799 0.176943 0.0553917 0.00262264 0 0.125379 0 0.237564 0.119792 0.186536 0.0253756 0 0 0.00799988 0 0 0 0.0318542 0 0.0383416 0 0.129463 0 0.093941 0.0108762 0 0.0142232 0.017226 0.0508425 0.115096 0.00464532 0.151873 0.0819342 0.0150626 0 0.13108 0.120687 0 0.155094 0 0 0.101258 0.00777021 0 0 0 0.00723414 0.00250779 0 0 0 0.170227 0.113195 0 0 0 0 0.069231 0.107402 0.0885846 0.0966277 0 0 0.0213617 0.0391343 0 0 0.0244364 0 0.00377587 0.0335874 0.048938 0 0.109387 0.0634297 0 0.361083 0.051486 0 0 0 0.0939209 0.0389798 0 0 0 0 0 0 0 0 0 0 0 0 0 0 0 0 0.0883289 0.171119 0.214241 0.0312858 0.328223 0.0758506 0.0258856 0 0.131517 0.0474393 0 0.074618 0.0615318 0.0332316 0.0215361 0.0122373 0.0201569 0 0 0 0.0155427 0 0.0592021 0
145 10.9078 -0.0100061 0.0908475 0.107697 0.448738 -0.0601407 12.8247 -0.012684 -0.152081 -0.0429011 -0.0856285 0.124822 0.143852 -0.0617361 0.0264628 0.0448103 -0.266934 0.0941562 -0.115109 0.513604 0.140543 0.0591043 -0.0930755 0.0812569 0.0910872 0.0365459 -0.0787839 -0.000765222 -0.109211 -0.0144791 -0.045782 -0.104003 -0.0511106 -0.0505146 0.185587 0.0618509 -0.00784508 0.0667441 0.0159072 0.0545854 0.376989 0.144535 1.28844 0.236874 0.696176 0.0998165 0.0706355 0.121199 -0.0465126 0.0190109 0.350187 -0.257528 -1.40547 0.0673994 0.705244 0.00816058 -0.0822165 0.889291 -0.562864 -0.548584 -0.110138 -0.146889 1.05683 1.92967 0.453899 0.640047 -2.63164 -1.52475 0.0541296 0.0285016 1.28239 1.74743 -3.85239 -1.73679 0.748079 -0.858779 -2.21357 2.3949 -0.010915 2.24863 1.68049 -0.077358 -0.119268 0.522512 -0.88566 0.430774 0.425091 -1.70746e-09 0.774672 0.415078 -0.650592 -0.645713 -0.904722 -0.169299 -1.75491 3.29014e-10 -1.2084 1.65552 -0.473126 -0.0521899 -1.0818 0.850757 0.0642942 -1.72146 0.692073 1.22218 1.79666 2.36033 -1.92684 0.339441 4.90978e-10 -0.385961 -0.206151 0.439997 0.934317 12.8145 0.0836342 -0.111927 1.15201 0.0773853 0 0.0446662 0 0.0457699 0 0.0630807 0 0.0227085 0.00291299 0.0783552 0 0.0807699 0 0.0628043 0 0.0677523 0.0179413 0.194203 0 0.274679 0 0.267554 0.016746 0.406083 0.0211044 0.230707 0 0.225057 0 0 0.0565041 0 0.0457901 0 0.107657 0 0.00571523 0.0139661 0 0.187673 0.0356644 0 0 0.116553 0 0.0172617 0.12757 0.0802104 0.0421402 0 0 0.0661576 0 0.0566256 0.0483742 0.0187098 0 0 0 0 0.0118507 0.00789528 0.0496891 0 0.0186904 0.0346105 0.0440365 0.0422407 0 0.0694021 0.00688853 0.0234738 0 0.0159612 0.00373726 0.0219186 0 0.00860964 0.00207124 0.0134591 0.00495873 0.0390171 0.0154708 0.0347234 0.0606454 0.000831289 0 0.113012 0.213251 0.0703793 0.116718 0.0961107 0.17554 0.060744 0.246672 0.0455569 0.0561986 0.0530307 0.103798 0.0515518 0.255917 0.0513977 0.0215692 0 0.584158 0 0.492131 0 0.0397143 0 0 0 0 0 0 0.187567 0.0176453 0 0.229773 0 0.153584 0 0.156645 0.0485843 0.0200561 0.0601785 0.111337 0 0.184671 0 0.149365 0.118606 0 0.270548 0 0 0 0.0102408 0 0.0617714 0.161219 0.104683 0.00542487 0 0 0 0 0.0225011 0 0 0.0499852 0.115609 0 0.169601 0.0270075 0.138714 0.203519 0 0.00165825 0.0183739 0 0.0670551 0 0 0.00259972 0.0415707 0.14457 0.0499201 0 0 0 0.03084 0 0.0356294 0 0.170978 0.065918 0.259025 0 0 0.0513308 0.215876 0.082578 0.000480592 0 0.392626 0 0.344351 0.084693 0.0988716 0.071015 0.094946 0 0.0318777 0 0.033662 0.0198292 0.120847 0 0.0793148 0 0.00537588 0 0.0901366 0 0 0 0.000445726 0.0472187 0.220557 0.0645938 0.129377 0.0881835 0.0177692 0 0.0424398 0.182717 0 0.311832 0 0 0.0824154 0.406082 0 0 0 0.0389338 0 0.368645 0 0.00347224 0.154178 0.0657664 0 0 0.0171469 0 0.14501 0.107664 0.045382 0.118174 0 0 0.164119 0.0430378 0 0 0 0.00791021 0.0470586 0.0231246 0 0 0.0914452 0.0942229 0.0104616 0.0247192 0.0606993 0 0 0 0.121395 0.0516546 0.00168123 0.0006871 0 0 0 0 0 0 0 0 0 0 0 0 0 0 0.137063 0.265445 0.371874 0.1465 0.381125 0.238241 0.0220174 0 0.428716 0.00538024 0 0.0648905 0.0715277 0 0.13762 0 0.0253513 0 0 0 0.0520382 0 0.0430799 0
146 10.9411 0.00927251 0.045035 0.0717612 0.446241 -0.0645894 12.8582 0.0173699 -0.140439 0.000438428 -0.103089 0.077138 0.177794 -0.0645952 0.0421869 0.0662384 -0.384159 0.0798311 -0.0461919 0.476516 0.130806 0.0958686 -0.0139101 0.102947 0.109608 0.0231337 -0.0816372 0.0170189 -0.0974202 0.0146468 -0.0206109 -0.102756 -0.000675119 -0.0515995 0.169271 0.0220545 -0.00230417 0.166334 0.033123 0.0535811 0.180108 0.166722 1.29796 0.296342 0.692535 0.0286261 0.0291838 0.144138 -0.0383974 -0.00123442 0.429834 -0.225824 -1.35424 0.207893 0.694126 -0.00167024 -0.0878634 0.0102922 -1.2904 -1.04113 -0.160273 -0.0847947 0.988759 1.25439 0.301286 1.13459 -9.01486e-10 -1.16094 0.925739 -0.295615 0.00325268 0.00462222 -2.91218 -0.96895 1.8485 -1.22293 -0.0146515 1.06561 2.83073 0.830321 0.912231 -0.054602 0.0560499 0.325348 0.770824 0.620156 0.72679 -2.22083e-09 1.44272 -1.14469e-11 -0.129907 -1.22548 0.443406 4.69165e-09 -0.0311589 2.01389e-10 -0.894967 1.98054 0.163791 0.19151 -0.844285 -0.463065 -0.421391 3.3264 0.717133 -1.33041 -1.58528 -2.0604 2.67973 -0.139567 -0.991576 -2.42039 1.20055 0.442404 0.931084 12.853 0.0591281 -0.0627391 1.1526 0.114476 0 0.10237 0 0.09351 0 0.0705358 0 0.0351627 0 0.128565 0.019211 0.0982635 0.0251729 0.0688022 0.0499395 0 0.00648292 0.123038 0 0.18941 0 0.220018 0 0.311794 0 0.195037 0 0.226808 0 0.00757239 0 0 0.0079368 0 0.0144985 0.0023857 0 0 0 0.101468 0.172265 0.0670949 0.0624983 0.0795766 0 0.0329558 0 0.0229111 0.0473955 0 0 0.0119475 0.00529418 0.0400271 0.0655817 0 0 0 0 0.00970995 0 0.0847738 0.0397957 0.0371963 0.00959095 0 0 0 0 0 0 0.000428863 0.0400516 0.0373647 0 0.0236165 0.00890894 0 0 0.0249816 0 0 0 0.145575 0.0641344 0 0.000573231 0.00879776 0.0929795 0.00417602 0.0752355 0.00635767 0.0809157 0.00285658 0.133738 0 0.107829 0.0156203 0.0657014 0.0160612 0.0710382 0.00749038 0.0472897 0.0522214 0 0 0.359702 0 0.0635744 0.0151552 0.00467199 0 0.036966 0.0505133 0.00256334 0.0126821 0.0086762 0 0.111013 0 0.0928422 0 0.100799 0.0716946 0.0409236 0 0.00194477 0 0.0267 0 0.027761 0.290098 0 0.0887936 0 0 0 0 0 0.12286 0.158312 0.011733 0.00145036 0.0644658 0 0.00549156 0 0.0357987 0 0.117156 0.0832474 0.0954736 0 0.136799 0 0.169388 0.280403 0 0.00156103 0 0 0.0131902 0.0153257 0.0267361 0.0187469 0.109312 0.0981639 0 0 0 0 0 0.0315177 0 0.0326891 0.0875139 0.000607777 0.153529 0 0 0.003587 0.0753434 0 0.00259432 0 0.37348 0 0.309841 0.0474163 0.126845 0.0545517 0.109238 0 0.0477678 0 0.116952 0 0.118443 0 0.0049014 0 0 0.0258074 0.0112275 0.0253871 0 0 0 0.0345625 0.184534 0 0.136133 0 0.119848 0 0.0857211 0.00804763 0.195737 0.0288075 0.0164141 0 0.0682389 0.0197686 0 0 0 0 0 0.233541 0.00642044 0 0.262234 0 0 0 0.0198055 0 0.0978077 0 0.0611238 0.148965 0 0 0.0682998 0 0 0 0 0.026692 0.0060039 0.00532813 0 0.018037 0.0772105 0.250531 0.292577 0.318232 0 0 0.0193359 0 0.0639073 0.0538855 0.0169603 0 0 0.0462885 0 0.0421416 0 0.150752 0 0.0279137 0 0.0586406 0 0.0821503 0 0.0875544 0.108709 0 0.238953 0 0.257285 0.000136454 0.0603501 0 0.384631 0 0.0550082 0.0196723 0.109061 0 0.100905 0 0.0418875 0 0 0 0 0 0.0943015 0.0789981
147 10.9745 2.84221e-05 -0.0120208 0.0512242 0.443783 -0.0673936 12.8941 0.0699988 -0.136742 0.02144 -0.103089 0.0350229 0.229987 -0.0655286 0.0423268 0.0664345 -0.394743 0.0609401 0.00984402 0.29554 0.120482 0.227898 -0.060832 0.168782 0.170127 0.0268404 -0.0600095 0.0199684 -0.0744519 0.0207951 -0.00786402 -0.102716 0.000626209 -0.0495075 0.169722 0.0384248 0.0012478 0.166031 0.0445147 0.054532 0.151879 0.188608 1.3126 0.359065 0.699385 0.0338876 0.0296524 0.152098 -0.0141434 -0.0402851 0.375792 -0.156304 -1.32799 0.209444 0.696307 -7.63442e-05 -0.0975093 -0.145969 -1.34511 -0.665829 -0.067782 -0.103055 1.09018 1.49222 0.0765243 0.527472 -6.06396e-10 -1.32014 1.21175 -0.185191 0.00495691 0.00693063 -0.393255 -1.04383 1.46047 -5.03182 -3.25076 3.28525 -3.73046 2.44241 2.22523 0.0182543 0.505526 0.123636 0.467216 0.189842 0.371523 -1.11531e-09 -0.270619 0.102154 0.00517747 0.655848 -0.0653989 3.89607e-09 -0.66046 7.88817e-11 0.120782 1.79997 0.576809 0.637706 -0.159125 1.33128 -0.374928 6.73477e-09 0.354256 -0.744009 -0.699705 0.642572 0.249652 -0.221595 0.442771 0.739355 -0.0852446 0.444349 0.928692 12.8912 0.049429 -0.0803066 1.1459 0.0427932 0 0.0329666 0 0.024986 0 0.0376618 0 0.0314463 0 0.0734593 0.034277 0.0552948 0.0251099 0.0511752 0.0375777 0.0229948 0.0369862 0.0946458 0.0593812 0.143009 0.0505633 0.15642 0.0866797 0.226022 0.0941898 0.112926 0.000151833 0.136576 0.025901 0.0114695 0 0 0 0 0 0 0 0 0 0.297074 0.10186 0.151729 0 0.177618 0.0459873 0.0461732 0.0154978 0.118283 0.0456623 0.00320427 0.018503 0.0436263 0 0.0817124 0.0480045 0 0 0 0 0 0 0.0296604 0.010604 0 0.00579772 0 0 0 0 0 0 0.0211005 0.0183119 0 0.0026453 0.00815373 0 0 0.00313607 0 0.0154152 0 0 0.0202899 0.0510595 0 0.000247929 0.0797658 0.0624163 0.0611676 0.059462 0.068443 0.0534384 0.0569755 0.0841276 0.106292 0.0380201 0.0451445 0 0.0473576 0 0.0538273 0.0288741 0.0307762 0.115646 0 0.14321 0 0.0595363 0 0 0 0 0.020961 0 0 0 0 0.219624 0 0.142316 0 0.109332 0.0109892 0.0244696 0 0.0286123 0.0251181 0.152481 0 0.169904 0.259242 0.04695 0.0347303 0.00294151 0 0 0.00368965 0 0.138298 0.211803 0.0115239 0.00798947 0.036954 0 0 0 0.00357946 0 0.0584509 0.0325526 0.0409643 0.0218205 0.0649501 0.0449716 0.197379 0.289352 0.000913809 0 0 0 0.0472209 0.001775 0.043053 0.0182607 0.0680738 0.209685 0.00657636 0.00527125 0.00278708 0 0 0.0270862 0 0.0295446 0.0324838 0.0223278 0.0604965 0.00178929 0.00642372 0.0374358 0.0271331 0 0.00378563 0.0014664 0.292472 0.164836 0.271319 0.143329 0.131897 0.121069 0.0770922 0 0.0276535 0 0.0331373 0.000390104 0.0469577 0 0 0 0 0.407036 0 0.365394 0 0 0 0.0133578 0.185673 0.0968115 0.109311 0 0.106873 0 0.30495 0 0.476374 0 0 0 0.245618 0 0 0 0 0.0109381 0 0 0 0 0.261176 0.0800191 0.00203694 0 0.0356221 0 0 0 0.0693331 0.223824 0 0 0.0245627 0.0171888 0 0 0 0.0191175 0 0.122327 0 0.0876762 0.215697 0.207672 0 0.399278 0.0100113 0 0 0.0218324 0.133255 0.0434548 0 0.0112395 0 0.0530162 0 0.0252083 0 0.159909 0 0.0387846 0 0.0543518 0 0.069777 0 0.0667626 0.0982753 0.121167 0.142905 0.153308 0.150018 0.213068 0 0.00106871 0.164559 0.0233481 0.0159034 0.0398692 0.0412328 0.00682549 0.0457826 0 0.0195992 0.000600055 0 0 1.55452e-05 0 0.136705 0.148402
148 11.0078 -0.0109848 -0.0521534 0.0293614 0.441944 -0.071927 12.9325 0.129295 -0.128933 0.0387979 -0.103089 -0.0143525 0.258989 -0.0595781 0.0374001 0.0116219 -0.36902 0.0471379 0.0571236 0.088792 0.109894 0.24393 0.0147787 0.194702 0.193085 0.0269895 -0.0463357 0.0263268 -0.054876 0.0293241 0.00178365 -0.102183 0.0209579 -0.0392665 0.171852 0.0313649 -0.010149 0.166044 0.0437073 0.0541392 0.130633 0.194449 1.34456 0.430715 0.686719 0.0547777 -0.0107937 0.152192 -0.0113667 -0.0511728 0.434584 -0.172496 -1.32263 0.203588 0.701455 0.0180242 -0.0862281 -0.244882 -0.827015 -0.728018 0.00357479 -0.176038 1.16651 1.73785 0.30536 0.453022 -4.30032e-10 -1.40629 0.492899 -0.177959 4.79528e-05 0.437329 0.317446 -0.361291 1.23243 -4.67891 -1.4686 -1.82731 2.43404 0.952245 1.10012 -0.0980697 0.260131 0.234969 0.476581 0.230367 0.345649 -9.02856e-10 0.392591 0.362273 0.0230187 -0.127061 -0.393242 3.24582e-09 -0.636698 1.29347e-10 0.0974167 1.39656 0.923705 0.245403 -1.31076 1.18792 -1.27783 2.85304e-09 -0.465742 -6.00425e-11 1.60611 0.775809 -0.589427 0.0942602 5.64425e-10 0.256023 -0.102387 0.445947 0.925061 12.9294 0.0406576 -0.124921 1.1442 0.0441786 0 0.0289003 0 0.0250107 0 0.0478853 0 0.0938103 0 0.0718849 0 0.0796727 0 0.079218 0 0.0564671 0.0078992 0.089674 0.163969 0.109061 0.162076 0.122902 0.242468 0.15851 0.263933 0.102613 0.0557799 0.125409 0.127895 0.0445077 0 0.0208201 0 0.000998146 0 0 0.00104368 0.00321622 0.0180845 0.142878 0 0.254371 0 0.0685298 0.00464094 0.0189463 0.00625156 0.0852531 0 0 0.0260519 0.022497 0 0.0374502 0.0280937 0 0 0 0 0 0.000324347 0.0104101 0.0276032 0 0.0189712 0 0.0691851 0 0.0594213 0 0.0669205 0 0.128501 0 0.0244148 0.00687381 0.0813668 0.00312832 0.000120427 0.00941914 0.0247855 0.0199682 0 0.0371432 0.111853 0 0.000452455 0.0210787 0 0.0145096 0 0.0182324 0 0.0205454 0.00999121 0.081437 0.0070197 0.0240966 0 0.0236687 0 0.0562635 0.0089146 0.0719252 0 0.00212841 0.191048 0 0.0368634 0 0 0 0 0 0 0.0109138 0 0.011912 0.292587 0 0.19362 0 0.0648282 0 0.0141925 0 0.0522712 0 0.248901 0 0.283583 0.15327 0.109588 0 0.00952479 0 0 0.00108794 0 0.0757863 0.17122 0 0 0.0300661 0 0.000660054 0 0 0 0 0 0.00348057 0.0327857 0 0.0606642 0.0677887 0.308203 0.00151374 0 0.0259763 0 0.0231858 0 0.0307868 0 0.0164027 0.245937 0 0 0 0 0 0.0649766 0 0.0655287 0 0.0263541 0 0 0.00182723 0 0.0267703 0 0.00269148 0 0.178947 0.309865 0.175833 0.113855 0.0439025 0.142042 0.105874 0 0 0 0.0602216 0.00255456 0.0923961 0.00755016 0.0272168 0.0795314 0.0305835 0.627831 0.000280349 0.601625 0.0180139 0 0 0.0120402 0 0.186558 0.131603 0 0.110481 0 0.425617 0 0.426676 0 0.000234522 0.00271753 0.301575 0 0 0.026009 0 0.0168996 0 0 0.00944765 0 0.233823 0.0656733 0.000818692 0 0.0429734 0 0 0 0.00605965 0.241011 0 0 0 0.0339856 0 0 0 0.0270651 0 0.218542 0.00351336 0.153979 0.0807472 0.112609 0.24322 0.402772 0 0 0 0.0693085 0.0636883 0 0 0.046556 0 0.0435376 0 0.0511436 0 0.153425 0 0.0514995 0 0.0544436 0 0.0789042 0 0.0762159 0.0180665 0.208275 0.0289208 0.312231 0.0274612 0.416556 0 0 0.156274 0.0484226 0.0806182 0.00800643 0.016357 0 0.0875162 0 0.0303328 0.00481263 0 0 0.00746311 0 0.0760309 0.116281
149 11.0411 -0.0274213 -0.0758566 0.00455803 0.440758 -0.0786416 12.9731 0.198186 -0.11928 0.056242 -0.103089 -0.0641183 0.273441 -0.0591113 0.0375106 0.0656209 -0.348639 0.0515249 0.0928733 -0.0141666 -0.033767 0.157438 -0.00635534 0.238915 0.240341 0.0308981 -0.0293091 0.0350819 -0.0418644 0.0281765 0.0125069 -0.100885 0.0726103 -0.0203574 0.174479 -0.0174848 -0.0288274 0.165918 0.0484422 0.0545342 0.10803 0.188419 1.3822 0.472935 0.663067 0.0671179 -0.0138482 0.151464 -0.039519 -0.0533177 0.477641 -0.164665 -1.34462 0.198834 0.701273 0.0100839 -0.0786336 -0.350587 -0.602094 -0.710933 0.0724683 -0.261593 1.23117 1.94963 0.261868 0.322521 -7.341e-10 -1.52383 0.321398 -0.148001 0.00920678 0.0012056 0.346308 0.179911 0.841441 -1.87731 -3.42066 -4.22545 0.463804 0.807051 0.664882 -0.102207 0.49764 0.291071 0.327986 -0.0797561 0.304102 -1.11641e-09 0.921403 0.446969 0.0205585 -0.855018 -0.200263 4.85317e-09 -0.117895 2.54768e-10 0.375664 0.723988 0.879299 0.0392638 -1.2459 0.483134 -0.281487 9.85049e-10 -0.641297 -2.58114e-10 0.486873 0.497893 -0.963016 -0.0619454 3.57452e-10 0.150806 -0.189016 0.447262 0.919544 12.9675 0.0351539 -0.196168 1.1368 0.0237893 0.0111004 0.0114651 0.0098013 0.00598527 0.00149005 0.0263876 0.0184221 0.0807128 0 0 0.00410895 0 0.0067106 0 0.0174039 0.0711642 0.0175499 0 0.262339 0.0242738 0.275982 0.000897674 0.348447 0.00702629 0.386948 0.0495101 0.226021 0.0526386 0.352873 0.142089 0 0.117105 0 0.131664 0 0 0 0.0307856 0.0769901 0.0443772 0 0.379828 0 0.0281966 0.0506702 0.0084863 0.0374447 0.0698352 0 0 0.0389232 0.0217882 0 0.0219704 0.0257353 0.0246656 0 0.00488771 0 0 0 0 0.0223206 0 0.0139301 0 0 0 0 0 0 0.0384975 0 0.0138498 0.0118582 0 0 0.00935064 0.00151728 0.0189497 0.0212833 0.0196259 0 0 0.0859467 0 0.000181318 0.0493747 0.214101 0.0425899 0.184119 0.0449772 0.165985 0.0277725 0.234117 0.0253692 0.0071787 0.0264814 0.160963 0.0280563 0.142285 0.0375744 0.00816712 0.0618952 0.0431192 0 0.154015 0 0.0280109 0 0 0.0338415 0 0.020106 0 0.129043 0 0.147377 0.402789 0.0147945 0.188838 0 0 0 0.00143031 0 0.0941526 0 0.297227 0 0.381783 0.0477789 0.149141 0.00025858 0.0174384 0.0449795 0 0.0119779 0 0.0434115 0.206284 0 0.103622 0.0449342 0 0.00896552 0 0 0 0.0152234 0.00230581 0 0.0520034 0.00280281 0.0594048 0 0.395706 0 0 0.097427 0.0203946 0.0343764 0 0.0486518 0 0.038494 0.241426 0.0220521 0 0 0 0 0.0297054 0 0.0361089 0 0.00717177 0.00272631 0 0 0.0718873 0.101217 0 0.00129889 0.00127158 0.114374 0.381006 0.252632 0.094582 0.066306 0.140557 0.0811064 0.00661999 0 0 0.094082 0.000800111 0.137235 0 0.00550836 0.0761471 0 0.733222 0 0.682881 0 0 0 0 0 0.218131 0.157173 0 0.153248 0 0.457448 0 0.333865 0 0.00821307 0.0164603 0.248478 0 0 0.0963408 0.0375284 0.0282939 0.00643824 0.340482 0 0 0.240364 0.0751478 0.00482853 0 0.0686127 0 0.00958636 0 0.00102624 0.251769 0.043888 0 0 0.0586729 0 0.0741292 0.0134085 0.0374663 0 0.234403 0 0.194682 0.00113102 0.116162 0 0.547305 0.0420299 0 0 0.0769041 0.0152852 0 0 0.0483158 0 0.0824243 0 0.0298903 0 0.226603 0 0.0547381 0 0.0661125 0 0.098124 0 0.0924544 0 0.275844 0 0.389988 0 0.511234 0 0.000465677 0.136542 0.0675184 0.0700468 0 0.00344119 0.00683358 0.0880042 0.00499904 0.0176174 0.00561411 0.0122334 0 0.0550799 0 0.074482 0.157449
150 11.0745 -0.0343521 -0.0905459 -0.0138905 0.441162 -0.0869484 13.0149 0.258108 -0.103154 0.0662222 -0.103089 -0.114285 0.273186 -0.0604698 0.0372029 0.0620691 -0.348016 0.0764239 0.101963 -0.0301526 -0.111227 -0.009241 0.0740027 0.260467 0.260753 0.0198891 -0.012824 0.0419109 -0.0293485 0.0265337 0.0211353 -0.102673 0.113491 -0.00694844 0.178842 -0.064726 -0.0407135 0.165866 0.0504063 0.0546979 0.12596 0.209455 1.39928 0.492514 0.653805 0.0644009 -0.00263902 0.151246 -0.0478155 -0.0539486 0.472438 -0.147941 -1.37323 0.19943 0.70215 0.0296493 -0.065251 -0.0538866 -0.337923 -0.467374 0.152549 -0.31334 1.24744 1.64747 0.356083 0.0489559 -4.71474e-10 -1.55372 -0.0563815 -0.106874 0.00980456 0.0149328 -0.0123204 0.665 0.0999581 0.0275558 -1.58306 -4.42718 2.00062 0.618964 0.64881 -0.63354 0.506225 0.248017 0.60327 -0.0863516 0.137637 -1.31739 0.949981 0.371686 1.62504 -1.08402 -0.265231 8.16873e-09 3.36261e-10 7.30826e-10 0.376905 0.266127 0.501362 0.258091 0.285643 0.438943 0.422603 1.86091e-09 0.528583 -5.27276e-10 0.186699 -0.445657 -0.420133 0.0740001 2.91893e-10 0.281959 0.088351 0.448494 0.912123 13.0052 0.0364136 -0.251454 1.12435 0.0212626 0.0110653 0.00656895 0.0106586 0.00478983 0 0.0338933 0.0353351 0.0679186 0.0296112 0 0.0924472 0 0.109826 0 0.123519 0.0932807 0.0715037 0 0.209643 0.0141273 0.20747 0 0.285731 0 0.293293 0.0155281 0.19598 0.033716 0.290317 0.118545 0 0.105027 0 0.144349 0.000462303 0 0.00452867 0.0506013 0.225657 0.0354125 0 0.291911 0 0.0335339 0.0526662 0 0.0203359 0.0603404 0 0 0.0509918 0.0173325 0 0.0174085 0.000774727 0.0196121 0 0.00587952 0 0.00911675 0.0247398 0 0 0 0.00630212 0.01077 0 0.0109095 0 0.0148784 0 0.0620256 0 0.0345882 0.0364384 0.0124582 0 0.0164417 0.0193775 0.0343588 0.0461191 0.0331866 0.00257844 0 0.0592864 0 0.000951954 0.0595695 0.300197 0.04905 0.26485 0.0500832 0.244077 0.0231405 0.332865 0.0122027 0 0.0260968 0.264301 0.0266249 0.269265 0.0312097 0 0.0558769 0 0 0.349765 0.000401031 0.0231219 0.0140355 0 0.0646982 0 0.0397692 0 0.122794 0 0.154289 0.456156 0.0469744 0.241627 0.00636281 0 0.00510836 0.00362164 0.0122689 0.0969127 0 0.272503 0 0.37632 0.0122387 0.132682 0 0.0149477 0.0802484 0.015842 0.00830482 0 0.0453718 0.2214 0 0.113862 0.0374498 0 0.013402 0 0 0 0.00775682 0 0 0.0347613 0 0.039449 0 0.419877 0 0 0.0989162 0.0651115 0.0369146 0 0.0474391 0 0.0595662 0.195409 0.0299303 0 0 0 0.0296808 0.0212631 0.040766 0.0299755 0 0.0057343 0.00733863 0 0 0.0870354 0.15369 0 0 0.00218944 0.116157 0.345638 0.221019 0.0247379 0.0639299 0.077482 0.048322 0.0383648 0 0 0.115365 0 0.194913 0 0.0755332 0.123052 0 0.670609 0 0.61061 0 0 0 0 0 0.197503 0.188291 0 0.181346 0 0.306222 0.00335337 0.235422 0 0 0.000686433 0.167777 0.00476875 0.0969625 0.278863 0.0673827 0.00657002 0.00590053 0.563108 0 0 0.227558 0.06081 0.00281082 0 0.0697343 0 0.040804 0 0.0223926 0.231758 0.102645 0 0 0.0492196 0.0503577 0.401049 0.0113638 0.022509 0 0.222044 0 0.175976 0 0.0977273 0 0.545026 0.00111188 0 0 0.12825 0.00750138 0 0 0.0982348 0 0.040707 0.000231566 0.0103272 0.0197554 0.0625779 0 0 0.00481119 0.0286913 0 0.0304438 0.00432028 0.0313656 0 0.264107 0 0.359346 0 0.472357 0 0 0.173412 0.0470678 0.0562214 0.0140002 0 0.0161143 0.127448 0.00851246 0.0397067 0.0154777 0.0191966 0 0.0565325 0 0.0727826 0.178757
151 11.1078 -0.0328735 -0.0972521 -0.0197473 0.443155 -0.0957793 13.0565 0.281942 -0.0900078 0.0615259 -0.0553356 -0.184025 0.265917 -0.059743 0.116429 0.131066 -0.355552 0.091519 0.0869598 -0.00804262 -0.113447 -0.0635435 0.0306761 0.268174 0.269662 0.00399607 -0.00520162 0.0415242 -0.022195 0.0304195 0.0221216 -0.101595 0.128572 0.0104761 0.182915 -0.0862935 -0.0561073 0.165866 0.0504063 0.0546979 0.117479 0.211088 1.41825 0.486446 0.668116 0.0677742 0.00780018 0.15182 -0.0258657 -0.0522783 0.437955 -0.152454 -1.38793 0.183099 0.695681 0.030319 -0.0706867 0.0304676 -0.0856805 -0.158099 0.194343 -0.307802 1.24228 0.591127 0.23026 -0.220696 1.68876 -1.82441 -0.264062 -0.305568 -0.435469 -0.589265 -0.00234209 0.437074 -0.494016 0.725798 -0.866589 -0.38922 -1.81071 0.562494 0.392306 -0.523324 0.262239 -0.0362804 0.274199 0.0594519 0.0287818 -1.79955e-09 0.317792 0.373469 0.17528 -0.521335 -0.214322 9.96189e-09 6.6963e-10 8.17194e-10 -0.0629617 0.0180423 0.301499 -0.0653264 0.278039 -0.106765 0.0899878 4.62621e-09 0.496567 -6.29291e-10 -0.16559 -0.544851 0.010551 0.0403794 -0.0542882 -0.0120116 -0.0426626 0.449764 0.903647 13.0432 0.0395349 -0.26066 1.14651 0.0256789 0 0.008551 0 0.00078566 0 0.0454286 0.0249032 0.11046 0.0288367 0.00263653 0.0557017 0.00193397 0.0878512 0 0.106336 0.0667519 0.0941302 0 0.0997186 0.00462011 0.0726121 0 0.142428 0 0.113989 0 0.00123215 0.00721815 0.041867 0.0299476 0 0.0342943 0 0.0622788 0 0.000132896 0.00859377 0.0643295 0.327733 0 0 0.0744904 0 0 0.0305378 0.00336783 0 0.0181588 0 0 0.0425315 0 0 0.0132015 0 0 0 0.00314544 0 0.0133823 0.0222284 0 0 0.00328574 0 0 0 0 0 0 0 0.0508394 0 0.0399702 0.0365571 0.0281427 0 0.0117924 0.0234701 0.0345224 0.0505041 0.0103446 0.0174458 0.0249862 0.0538098 0.000150536 0.00117501 0.0174291 0.162887 0.0100109 0.164194 0.0112396 0.175446 0.0151691 0.255405 0 0 0 0.142064 0 0.14766 0.0147881 0.0114707 0 0.0901529 0.028037 0.589133 0.0163552 0 0.0232175 0 0.0548543 0 0.0189057 0 0.0413502 0 0.0652189 0.60473 0.0324863 0.333244 0.00766491 0.0173372 0.0224665 0 0.00902199 0.0327398 0 0.20935 0 0.348323 0 0.0583506 0 0 0.078097 0.0208027 0 0 0.0569239 0.244415 0.00486519 0.0643139 0.0498391 0 0.00354111 0 0 0 0 0 0 0.00627131 0 0.0140401 0.0757505 0.453512 0 0 0.0376188 0.0869669 0 0 0.0257702 0 0.106201 0.151357 0.00399054 0 0.0189414 0 0.0282197 0.010571 0.0314906 0.0134577 0 0 0 0 0 0.0320225 0.144532 0 0 0.000744082 0.191055 0.264691 0.204349 0.000341255 0.0303765 0.0469991 0.0503046 0.0323755 0 0 0.105731 0 0.212648 0 0.114881 0.171275 0.0191182 0.521614 0.0133111 0.450237 0 0 0 0.00820869 0 0.123393 0.222377 0 0.201956 0 0.113314 0.24023 0.0928671 0 0.00276536 0 0.0566938 0.208276 0.177379 0.365603 0.0564838 0 0 0.524494 0 0.0142438 0.237675 0.0600128 0 0 0.0515145 0 0.0647087 0 0.0548793 0.233041 0.11425 0 0 0.0118628 0.147547 0.524326 0.00425426 0.0397583 0 0.161282 0 0.153266 0 0.136481 0 0.143673 0 0.0715877 0.0116844 0.147997 0 0.00125636 0.00989902 0.123338 0.00472815 0 0.00423392 0 0.00976228 0 0.00374514 0 0.0117102 0 0.00654791 0 0.00285663 0 0 0.214407 0 0.280395 0 0.347847 0 0 0.235611 0.084857 0.0686672 0.0384306 0 0 0.176248 0 0.0464139 0.028462 0.00961272 0 0.0137089 0 0.0832036 0.198031
152 11.1411 -0.0423058 -0.111771 -0.032838 0.445117 -0.10341 13.099 0.276005 -0.0928113 0.0560813 0.0615855 -0.161334 0.281702 -0.0545898 -0.123925 -0.147021 -0.342353 0.101849 0.0790098 0.0391651 -0.0475378 -0.0702235 0.0106979 0.277675 0.276234 -0.00132198 0.0015129 0.045474 -0.0135637 0.0380293 0.024369 -0.100896 0.117921 0.0204846 0.19223 -0.080311 -0.0566325 0.165873 0.0501492 0.0546765 0.085994 0.229495 1.42683 0.407182 0.659933 0.059705 0.0121146 0.151922 -0.0219055 -0.0519766 0.417223 -0.163342 -1.39292 0.167235 0.673968 0.0334183 -0.0661952 -0.451126 -0.243319 -0.4897 0.210132 -0.260106 1.30598 -0.128723 -0.251649 -0.0681832 3.83392 -0.703946 0.558398 0.533615 -2.51936 -2.51996 0.848174 0.23398 -0.133327 1.48203 1.04788 -0.0577419 -0.487641 0.677533 0.512668 -0.249245 0.15249 0.163069 0.42082 0.205873 0.144285 -1.76313e-09 -0.263448 0.25359 0.297869 0.0171816 -0.0247053 9.24076e-09 1.03882e-09 9.15251e-10 -0.144466 0.148361 -0.0729524 -0.908826 1.05712 -1.78385 0.623106 4.49988e-09 -0.473876 -5.72464e-10 0.137589 -0.199083 0.098307 -0.0523858 -0.485759 0.25443 -0.152122 0.450971 0.895622 13.0822 0.0333629 -0.221093 1.18936 0.0646598 0 0.0431942 0 0.0298517 0 0.0596446 0.00271481 0.103724 0.00741944 0.000139056 0.0306183 0.00259665 0.0623439 0 0.0905343 0.0539311 0.119896 0 0.0903923 0.000574301 0.0556967 0 0.138569 0 0.0880563 0 0 0 0.0136684 0.0301283 0 0.042307 0 0.072618 0 0 0.00974247 0.0602605 0.38269 0 0 0.108683 0 0 4.58881e-05 0.00373383 0.00323825 0.0122395 0 0 0.0238174 0 0 0.0108222 0.000617174 0 0 0.00182337 0 0.00447565 0.00256357 0.00504924 0 0.0056672 0 0.00305738 0 0 0 0.00101124 0 0.0403846 0 0.0309607 0.013544 0.0121547 0 0.00781351 0.0267968 0.0288778 0.0377357 0 0.06788 0.0352029 0.00952455 0 0.00162101 0.00830705 0.143866 0.0046602 0.108149 0.00637533 0.138791 0.0120445 0.27762 0 0.0146167 0.00322983 0.121677 0.00313515 0.125363 0.0151419 0.0346718 0.0129583 0.195698 0.0207271 0.678438 0.010558 0 0.0283127 0 0.0637137 0 0.0241843 0 0.0568978 0 0.0645057 0.639114 0.0263419 0.311377 0.000754744 0.00409345 0.0153223 0 0.0145139 0.0168013 0 0.155893 0 0.348483 0.00402937 0.00797104 0 0 0.0557428 0.0112695 0 0 0.0769399 0.269376 0 0.131321 0.0818524 0 0.0114254 0 0 0 0 0 0 0.000356493 0 0.00432291 0.0931152 0.505453 0 0.00151166 0.0362212 0.187511 0 0 0.0167977 0 0.152187 0.209058 0 0.000756394 0.0211913 0 0.0129353 0.0285134 0.0121381 0.0294991 0 0 0 0 0 0.0229299 0.10807 0 0 0 0.226296 0.239254 0.214693 0.0378101 0.0457129 0.125556 0.0709676 0.00319595 0 0 0.167332 0 0.258442 0 0.0814771 0.12173 0.00370592 0.614393 0 0.551193 0 0 0 0.010052 0 0.11252 0.249647 0 0.250785 0 0.136882 0.0440085 0.081771 0 0.0375238 0 0.052931 0.0416343 0.200123 0.358055 0.0368875 0 0 0.612429 0.00330199 0.104606 0.301345 0.0583014 6.62543e-06 0 0.0680442 0 0.0673658 0 0.0703807 0.299573 0.0915526 0 0 0.00383965 0.12485 0.507144 0.00325597 0.048374 0 0.167991 0 0.151522 0 0.177449 0.130356 0.109203 0 0.136337 0.0133445 0.1066 0 0.00714314 0.0119646 0.0976357 0.00503375 0 0.000790096 0 0.0079035 0.0228694 0 0 0.00491868 0.00480544 0.00453491 0.0123369 0.00480392 0.00381614 0 0.23815 0 0.270165 0 0.310303 0 0 0.270162 0.0168517 0.0940194 0.0276788 0.00339652 0 0.205396 0 0.0372931 0.00674685 0.00543942 0 0 0 0.108382 0.230411
153 11.1745 -0.0497337 -0.125065 -0.0659711 0.445987 -0.108411 13.1439 0.231536 -0.120895 0.0638973 0.243924 -0.113831 0.323202 -0.0710074 -0.259405 -0.319149 -0.309044 0.105972 0.0907142 0.0761413 -0.0338486 -0.0661351 0.0249543 0.301306 0.293472 -0.0162878 0.00576906 0.0612573 -0.0013068 0.0430282 0.0334785 -0.104456 0.0838711 0.0319604 0.210353 -0.0489283 -0.0508031 0.165872 0.0501938 0.0546802 0.0671354 0.246913 1.41957 0.313007 0.664365 0.0280024 0.0135966 0.151667 -0.0317641 -0.0527276 0.402316 -0.178473 -1.39367 0.133972 0.655564 0.042388 -0.0754982 -0.302824 0.0699049 -1.00251 0.206386 -0.178478 1.38577 -1.34124 -0.912423 0.436095 5.35564 3.23944 1.32968 0.547386 -5.91906 -6.82152 1.19266 -0.0739576 0.26529 0.951311 0.114029 0.24365 0.398792 0.63565 0.504835 -0.776515 -0.0262565 0.448589 0.853546 0.128101 0.241529 -2.18033 -0.821191 0.304116 3.03315 0.798884 -0.0763924 8.02627e-09 5.54975e-10 9.48072e-10 -0.265874 -0.536752 -0.332096 -0.324859 1.66229 -1.84439 0.675093 3.47679e-09 -0.574147 -5.7196e-10 0.320125 -0.271511 0.376013 -0.191208 -0.195293 0.619031 -0.418741 0.451939 0.889873 13.1232 0.0238262 -0.136688 1.26364 0.065244 0 0.0443283 0 0.0216595 0 0.105225 0 0.166964 0.0118262 0.000637954 0 0.00896955 0 0.000820892 0.00519546 0.0572705 0.12423 0.0175381 0.0294945 0.0216383 0 0.0235358 0.0535127 0.0413327 0.00696805 0.0142042 0 0.0266812 0 0.0164697 0 0.00368737 0 0.00608169 0 0.000655748 0.011874 0.0950161 0.363874 0 0 0.0108751 0 0.0133466 0 0.00641392 0 0 0 0 0.0145362 0 0 0.00241328 0.00543236 0 0 0 0 0.00291946 0 0 0 0.000688514 0 0 0 0 0 0 0 0.0257101 0.0433586 0.0231258 0.00480632 0.00370505 0.0271503 0.00843672 0.0262599 0.0264272 0.0324315 0.00618215 0.0806508 0.0215133 0 0 0.00147232 0.0128177 0.0704571 0.00922572 0.0427783 0.00979904 0.0725829 0.0119515 0.242475 0 0.0274996 0.00890199 0.0571631 0.00877154 0.0603633 0.0186961 0.0432098 0.0150047 0.198946 0.0155108 0.673111 0 0 0.00604449 0 0.00090874 0 0.00841825 0 0.0114261 0 0.0141773 0.661037 0 0.299614 0.00298941 0.00260472 0.00697459 0 0 0 0.0255472 0.0942287 0.00286773 0.311189 0.0323237 0 0 0 0.0229906 0.000649527 0 0 0.104718 0.310552 0 0.0747901 0.0855209 0 0.000845633 0 0.0145626 0 0 0 0.00697974 0 0.00794743 0 0.184916 0.541889 0 0.00263224 0.000114422 0.250225 0 0 0 0 0.163864 0.17689 0 0.0584863 0.0224034 0.03534 0 0.0655762 0 0.066017 0 0 0 0 0 0.00701676 0.0987081 0 0 0 0.249892 0.154774 0.128836 0.0469501 0.00463623 0.17921 0.135039 0 0 0 0.0671378 0 0.129781 0 0.169304 0.187784 0.0372203 0.572669 0.025753 0.509934 0.00612498 0 0 0.0294773 0.0278405 0.0808264 0.281587 0 0.267306 0 0.00581451 0 0.0260466 0 0.0243356 0 0 0.0198091 0.246391 0.331912 0.00142932 0 0 0.474518 0.00138152 0.0729646 0.30154 0.0170838 0.00222774 0 0.0622038 0 0.0833729 0 0.0755188 0.297165 0.0607722 0 0 0 0.158588 0.474252 0 0.057824 0.00583132 0.128525 0.00754443 0.130063 0 0.174762 0.152749 0.00403438 0 0.0956452 0.0192736 0.102701 0 0.0073129 0.0243892 0.103297 0 0.00785141 0 0.00389259 0 0.23656 0 0.0251513 0.000710189 0.0819155 0 0.12202 0 0.0856393 0.0126885 0.20574 0.0197963 0.174102 0.0353114 0.197921 0 0 0.389136 0.0546271 0.173226 0 0 0 0.166124 0 0.0596684 0.025954 0 0 0 0 0.116696 0.212969
154 11.2078 -0.0742928 -0.144382 -0.10807 0.446045 -0.111826 13.1904 0.133801 -0.147339 0.0724666 0.521586 0.115698 0.343865 -0.0900761 -0.497961 -0.600956 -0.239789 0.119261 0.113962 0.0861807 0.10653 -0.112337 0.0681476 0.189284 0.14742 -0.00979774 0.0121384 0.075832 0.00693973 0.0452903 0.0467124 -0.103861 0.0917461 0.0503652 0.222608 -0.0606493 -0.0448472 0.16587 0.050233 0.0546835 0.0606445 0.265068 1.40203 0.21329 0.670086 -0.00175408 0.0269013 0.151187 -0.0500416 -0.0541177 0.421573 -0.179934 -1.38142 0.15939 0.671258 0.0430687 -0.075665 -1.11982 0.164311 -0.920598 0.228335 -0.216504 1.42032 -2.49409 -0.58167 0.264322 8.24492 6.5223 0.755512 0.720375 -0.210186 -3.6215e-07 2.14848 0.535463 0.612597 -0.0596259 7.45734 -5.21556 2.12478 -3.93843 -4.88412 0.20957 -0.0716354 0.0985721 0.507758 -0.0168099 0.394567 -2.17219e-09 1.27153 6.22198e-10 0.557849 -1.30467 1.09273 7.82499e-09 5.72883e-10 5.30931e-10 -0.576808 -0.939995 -0.363458 -0.111622 1.69367 -2.1728 0.786748 8.14945e-10 -5.36822e-10 -2.41003e-10 -0.348399 -0.429528 0.59243 0.0405733 0.603935 -0.1958 -0.602707 0.452517 0.885853 13.1676 0.0193969 -0.116564 1.36735 0.0517168 0 0.0420035 0 0.0322036 0 0.0707923 0 0.0313885 0.02348 0.159054 0 0.168683 0 0.163834 0 0.0679748 0.106416 0.0417937 0.015044 0.0399758 0.0182179 0.0609363 0.0246754 0.0943642 0.0253107 0 0.00530397 0.0120839 0.0212548 0 0 0 0 0 0 0 0.011257 0.0435347 0.288529 0 0 0.00371541 0 0.101907 0 0.0453943 0 0.0188493 0 0.000185367 0.00404615 0 0 0.00101253 0.0146041 0 0 0.0004784 0 0.0193267 0 0.000300964 0 0.00656317 0 0.33163 0 0.316551 0 0.327442 0 0.42887 0.0769879 0.038523 0.00262551 0.34332 0.0636939 0.0106957 0.0226835 0.0351894 0.0275587 0.00324691 0.0774071 0.0340534 0 0 0.00050026 0 0.014669 0 0 0 0.019225 0 0.169233 0 0.0344219 0 0.0087015 0 0.0119195 0.0183406 0.0417681 0 0.114915 0.0086304 0.529428 0.00548828 0.0101548 0 0 0 0 0.00176411 0 0 0 0.0207266 0.332992 0.0178162 0.112951 0.0350168 0.00599142 0.028495 0 0 0.0159929 0.081497 0.0334643 0.0437448 0.0918485 0.138053 0 0.0149275 0 0.026107 0 0 0 0.0905131 0.25125 0 0.211434 0.0756401 0 0.00732227 0 0.0251175 0 0 0 0.0304365 0 0.0476624 0 0.134406 0.57028 0 0.00285092 0 0.0651908 0 0 0.0100924 0 0.163947 0.214353 0 0.0709382 0.0120115 0.0603303 0.148657 0.0768012 0.148741 0.0789321 0.0274727 0 0.0237494 0 0 0 0.106386 0 0.00350081 0 0.115079 0.123084 0.027973 0.120968 0.044677 0.0774187 0.0851526 0.0020398 0 0 0 0.0184951 0 0.073198 0.061679 0.0149294 0 0.358988 2.70736e-05 0.332975 0 0 0 0.0103254 0.140918 0.0143221 0.191665 0 0.174768 0 0.0617329 0 0.183455 0 0.0216796 0 0.113938 0 0.128689 0.255537 0.0118159 0 0 0.214047 0 0.00757769 0.353284 0 0 0 0.0230693 0 0.0835231 0 0.0923094 0.31082 0.0344529 0 0.0138037 0 0.058582 0.349999 0 0.0213065 0.00570325 0.0713597 0.00684125 0.0493418 0.00232844 0.203619 0.732094 0 0 0.015435 0.0033552 0.0838073 0 0.0119385 0.00197806 0.0955992 0 0.0447842 0 0.0449524 0 0.417263 0 0.0772051 0 0.145335 0 0.218934 0 0.15103 0.0693958 0.0349054 0.10183 0.0418621 0.138355 0.0613893 0.024803 0 0.220257 0 0.247076 0 0.0278844 0 0.0119471 0.0332095 0.03436 0 0 0 0 0 0.0752824 0.216738
155 11.2411 -0.094611 -0.13632 -0.10268 0.44771 -0.114951 13.236 0.0160535 -0.160483 0.0390231 0.774521 0.400199 0.316164 -0.0778774 -0.511744 -0.580049 -0.186269 0.132101 0.0983547 0.111531 0.170618 -0.152485 0.017601 0.0189834 0.0405652 -0.00610147 0.0112945 0.048451 0.0121853 0.0437687 0.045541 -0.1046 0.125137 0.0514781 0.235881 -0.102208 -0.0208967 0.165817 0.0522275 0.0548498 0.116802 0.292052 1.37921 0.144849 0.658452 -0.00791779 0.00731054 0.15 -0.0501974 -0.0541596 0.418106 -0.193053 -1.35448 0.168078 0.664923 0.0320929 -0.052607 -0.816245 0.920922 0.979037 0.293943 0.00400775 1.25369 -2.68264 0.425905 -1.00661 4.61587 6.78101 -3.03156 2.53881 0.984034 1.73973 1.62873 0.437384 -1.14375 1.63691 -2.34465 -1.10044 0.808174 -0.000187096 -0.000344914 0.5416 0.294087 -0.637196 0.189582 -0.206432 -0.97839 -3.16217e-09 3.90533 1.59466e-09 0.37816 -3.98021 1.1056 6.5579e-09 5.6596e-10 4.1518e-10 1.31907 -1.31413 -0.0731269 -0.332703 0.289732 -1.3819 -0.132148 -0.236398 -7.26658e-10 -6.32685e-10 0.724576 -0.921894 1.43043 -0.489862 -0.325689 0.536354 0.481549 0.453849 0.883357 13.2127 0.0591681 0.118559 1.28335 0 0.187789 0 0.154674 0 0.127471 0 0.142639 0.00990597 0.113509 0.036554 0.0949368 0.0531307 0.0608979 0.0686518 0.00646424 0.050387 0.0466103 0 0.114958 0 0.175736 0 0.167926 0 0.241774 0 0.185991 0 0.245502 0 0.0453225 0.0470426 0 0.119049 0 0 0.00968955 0.0555165 0.215306 0 0 0.0201421 0 0 0 0 0 0.0622676 0 0 0 0 0 0 0.0222207 0 0 0 0 0 0 0.035813 0 0.0121648 0 0 0.0265954 0.00677193 0.0197209 0.0178031 0.019365 0.059566 0.0672702 0.0208053 0 0 0.0907663 0.00192458 0.00612181 0.0195309 0.00659108 0 0.0333397 0.0488347 0.0220009 0.000180708 0 0.0437472 0 0.0340589 0 0.0387354 0 0.0485952 0.0336382 0.02918 0.0738524 0.0297366 0.0106217 0.0301516 0.0118333 0.0358497 0.0444311 0.14471 0 0.464939 0 0.17838 0.0195637 0.081509 0.00638878 0.138238 0 0 0.0682512 0.0429611 0.0242995 0.331897 0 0.309439 0 0.212068 0 0.134418 0.0648322 0.0559628 0.0309834 0.0468017 0.0598972 0.0498632 0 0 0.141006 0 0.0410323 0.00455522 0 0 0 0.00513618 0.163763 0 0.415118 0 0 0 0 0.0182589 0.0105669 0 0.0768991 0 0.0495899 0 0.0697281 0.0389426 0.612869 0 0.00374026 0.0688581 0 0 0 0 0 0.0423215 0.248236 0.107024 0.0113638 0.161536 0.0311499 0.0525174 0.0202824 0.0522962 0.0210654 0 0.0422477 0 0.0633438 0.00481451 0 0 0.0221175 0 0 0 0.431866 0 0.233168 0.0407809 0 0 0.246993 0 0.025794 0 0.178431 0 0.179187 0 0.0550023 0.106223 0.171328 0.0529353 0.195661 0.00922622 0 0.0327952 0 0.00490217 0.0628548 0 0.12861 0 0.061561 0.0297366 0 0.0134174 0 0 0 0.0125494 0 0.0250425 0.167153 0.00353725 0.0243829 0.130832 0 0.0631293 0 0.184786 0.0791863 0 0 0 0 0 0.0267641 0.0438111 0.285741 0 0 0 0.049589 0.00532693 0.21681 0.056474 0 0.00342581 0.0877041 0.035431 0.0241946 0.054421 0.169836 0.126946 0.0770129 0 0.0336009 0 0.0641658 0.00309283 0.0102024 0 0.0828293 0.109107 0 0.11518 0 0.352853 0.170018 0.147881 0.0653718 0.122853 0.0302828 0.18115 0.0817495 0.161313 0 0.012331 0.0474243 0 0.153568 0 0.201674 0 0.0525927 0 0.493382 0.167274 0 0 0.09364 0 0.159093 0 0.0869685 0 0 0 0 0.00326327 0.238319
156 11.2745 -0.0831108 -0.100575 -0.109377 0.449177 -0.107244 13.2755 -0.0905682 -0.138455 0.0615752 0.843318 0.625648 0.0909976 0.0606172 -0.596977 -0.567699 -0.136128 0.151359 0.0957348 0.0820068 0.135909 -0.204535 0.0256495 0.0190152 0.04056 -0.0171552 0.0174632 0.0474065 0.00314278 0.0372538 0.0393556 -0.105254 0.149689 0.0502029 0.245852 -0.130021 -0.00495325 0.16587 0.0502423 0.0546843 0.271033 0.338505 1.33644 0.126995 0.663448 -0.00539108 0.0194103 0.134396 -0.0486121 -0.0544626 0.375791 -0.177632 -1.33774 0.20185 0.701902 0.0463519 -0.0282675 0.517758 1.33068 -0.548789 0.105691 0.175108 1.14872 -2.96012 0.66843 1.48234 0.958708 -4.54419 -6.84907 9.93905 4.68387 3.03492 1.77489 0.433888 0.49817 -2.14678 -0.363362 -1.75668 0.237704 0.00391661 -7.09848e-05 -0.353473 0.212282 0.10878 -0.505598 -0.289355 0.10785 -1.39821e-09 0.640566 4.04297e-10 0.196075 -0.476696 0.795747 5.82457e-09 1.45121e-10 3.09597e-10 1.00876 -1.88139 0.137879 -0.338533 0.56336 -0.141924 0.473465 -0.381031 0.204024 -1.89697e-10 -1.43292 -0.977052 0.551764 -0.0258379 -0.101608 -0.736913 0.864287 0.455457 0.890503 13.2531 0.0456904 0.234953 1.17175 0.0175298 0.0241636 0.0063141 0.00309361 0 0 0.0170403 0.0492148 0.029755 0.0791537 0.0103617 0.0559544 0.0169256 0.0423834 0.0219119 0.0433266 0.0188127 0.0520526 0 0.0348251 0 0.0470114 0 0.0674752 0 0.120715 0 0.085926 0 0.0955436 0 0 0.00195719 0 0.0351403 0 0.000939315 0.0210467 0.0240042 0.166569 0 0 0 0 0.0326864 0.0272596 0 0.0188015 0 0 0 0 0 0 0 0.0187781 0 0 0 0 0 0.00236043 0.0191371 0 0.0107447 0.00390644 0 0.0360956 0 0 0 0 0.0215166 0.0256187 0.00281219 0.0165924 0 0.0121505 0.000158602 0.00994543 0.0152607 0.0264668 0 0.0244273 0.0621337 0.0550969 0.00132799 0 0.0453336 0.0690907 0.0243118 0.0552861 0.021145 0.072272 0.0728696 0.0999535 0 0 0.00668699 0.0843542 0.0315189 0.0909143 0.0122721 0.0152927 0.366094 0.0996442 0.142634 0 0.145578 0 0 0 0.0740196 0 0 0 0.00158123 0 0.343484 0 0.391789 0 0.353191 0 0.0611938 0.0526123 0.0218012 0 0.0586671 0.0936169 0.181823 0.0505499 0 0.0164173 0 0.0208848 0 0 0 0 0.0439841 0.200118 0.0229544 0.00839065 0 0 0 0 0.00608832 0 0 0 0 0.00521087 0 0.0422118 0.103339 0.39131 0 0.00287264 0 0 0 0 0 0 0.100873 0.113801 0.0143262 0.106971 0.0551053 0.0758756 0.0127829 0 0.00439775 0 0.0106146 0.00249127 0 0.0135986 0.0147219 0.0157685 0.0203835 0.0138764 0 0 0.0133436 0.196479 0.0798008 0.0815657 0.0488865 0.0183064 0 0.0596579 0 0 0 0 0.00525557 0.0371978 0.0850461 0.0420535 0.0459428 0.352353 0.0157606 0.422851 0.000844908 0 0.00785221 0 0.0283086 0.152056 0.045078 0.0273158 0.0196744 0 0.0308097 0 0.03382 0 0.000696543 0 0.053421 0 0.0202592 0.165655 0 0.00121102 0.244942 0.0220558 0.00414217 0.0672568 0.127455 0.0897971 0 0.00479726 0 0 0.0418939 0 0.0391216 0.153818 0 0 0 0.0288013 0 0.160134 0.0623295 0 0.01676 0.135289 0.047249 0.0615759 0 0.0529395 0 0.419402 0.0363682 0 0.0156781 0.0872708 0 0.00282462 0.0164358 0.120392 0.0188357 0 0 0.0221177 0.133203 0.128026 0.0217415 0.000205532 0.0316878 0 0.0661298 0.0146506 0.0517525 0 0.0110185 0.0726645 0 0.166287 0 0.240544 0 0 0.0994429 0.171314 0.100045 0 0 0.00365398 0.00632241 0.0609711 0.0110188 0.0138662 0 0 0 0 0.0610384 0.163122
157 11.3078 -0.0515633 -0.0743555 -0.0841093 0.452841 -0.102569 13.3149 -0.195601 -0.141656 0.0403676 0.873379 0.589923 0.0418738 0.0260348 -0.54729 -0.600804 -0.050851 0.173785 0.053256 -0.0495993 0.149111 -0.247686 0.0346943 -0.0323316 -0.039037 -0.0314429 0.0464812 0.0295709 -0.0315879 0.0264918 0.0147563 -0.102486 0.047864 0.0552355 0.242967 -0.0261754 0.00560091 0.166754 0.00276587 0.0232637 0.200101 0.270382 1.41591 0.0526592 0.702536 -0.0510621 0.0891891 0.167455 -0.0381011 -0.0521049 0.214755 -0.213601 -1.32675 0.0886563 0.638212 -0.0608485 -0.10115 1.02883 1.17612 0.852983 0.21383 0.000756947 1.19156 -2.61497 -0.204153 -0.545294 0.904786 -0.90937 0.568228 -1.23612 2.16161 -1.74888e-07 2.35183 0.259206 -1.16075 -3.52472 0.225269 -1.32329 0.159564 -2.38593 -3.48934 -0.392444 0.625242 -0.551921 -1.15023 -0.488852 -0.832035 -2.22451e-09 0.794717 3.59642e-10 -0.165918 -0.539621 0.602209 7.69711e-09 -1.09868 -1.53199 2.66409 -1.46266 2.389 0.397768 1.05745e-09 -0.282126 0.493318 5.93589e-09 -0.743972 -1.75987e-10 0.617943 -0.481482 0.914604 -0.323339 -1.87194 -0.167991 -0.702869 0.457496 0.894919 13.2915 0.0817467 0.0600907 1.1398 0.0422317 0.00451273 0 0 0 0 0.000247598 0 0.100537 0.0320843 0 0.0214627 0 0 0 0 0.0401293 0.0628234 0 0.0978118 0 0.165448 0.0144168 0.136642 0 0.204435 0 0 0 0 0.10168 0 0.0652047 0 0.186209 0 0.0148951 0 0.114381 0.0125745 0 0.356201 0.0664349 0 0.0820728 0.070368 0.0975043 0.0849563 0 0.121295 0 0 0 0.0740593 0.0239185 0.121023 0 0 0 0 0.0069188 0 0.0128889 0.0731965 0.0045383 0.00369495 0.0927358 0.119178 0.0723807 0.0878386 0.0627551 0.114437 0.127131 0.0817388 0 3.03984e-06 0.160363 0.0945512 0.0016624 0.00604617 0.0144542 0.00358685 0.0307302 0.0529764 0.0577497 0.0188464 0 0 0.0688728 0.062334 0.0165958 0.0581954 0.0209825 0.0795707 0.0240649 0.0763801 0.0419084 0.133502 0 0.0924232 0.0312714 0.0974487 0.0267706 0.0712637 0 0 0 0.0326279 0 0 0 0 0 0 0 0 0.0269961 0 0.138364 0.131775 0 0.090974 0.0248588 0.0238215 0 0 0.0635222 0 0.102466 0.121457 0.0448939 0.213014 0 0 0 0 0 0 0 0.0032679 0.243082 0.390925 0 0.063593 0 0 0 0 0 0 0.0131884 0 0.000554873 0 0.0170677 0.0347503 0.464603 0.405373 0 0.00366279 0.0441764 0.112503 0 0.117404 0 0.0117016 0.258321 0.222041 0 0.130738 0 0 0.0378111 0.123437 0.0202441 0.117496 0.0321178 0.0128868 0 0.00119772 0.0411103 0 0 0.103259 0 0.00609871 0 0.343014 0.116215 0.231347 0.0379931 0.174023 0 0.0548038 0.0253411 0.0362244 0 0 0.00812402 0.0598578 0.0227004 0.172881 0 0.698055 0 0.732973 0.00543665 0 0 0 0 0.150504 0.0561696 0.167959 0 0.0248317 0.237461 0 0.37256 0 0 0 0.237581 0 0.125941 0 0 0 0 0.103158 0 0.0906539 0.170356 0.238172 0 0 0 0 0 0.0229154 0.245054 0.211255 0.00310993 0 0.0494379 0 0.10331 0 0 0.153792 0 0.276996 0 0.318515 0.0288408 0.248687 0.340439 0.202084 0 0.805972 0.0326442 0 0 0.249231 0.0609205 0 0 0.118779 0 0.163931 0 0.454516 0 0.332811 0 0.0321575 0 0.112693 0 0.0481542 0.180901 0.242906 0.115972 0.302697 0.136174 0.32395 0 0.0192494 0.132717 0.3737 0.162476 0 0 0.021131 0.076621 0.0488321 0.0385608 0.0871839 0 0 0 0 0.18144 0.21968
158 11.3411 -0.00310672 -0.0711066 -0.078849 0.455239 -0.100549 13.3501 -0.30836 -0.0916202 0.0665641 0.868588 0.428659 -0.0157347 0.0527966 -0.43737 -0.606609 -0.0291054 0.172827 0.0401216 -0.10147 0.130944 -0.248648 0.0361126 0.0426246 0.058514 -0.0352771 0.0954036 0.0407865 -0.0792617 -0.0125102 -0.0210154 -0.0998881 -0.0428627 0.0546624 0.212822 0.068152 0.0225795 0.148628 -0.0295068 0.0275416 0.34151 0.273672 1.41329 0.0999361 0.704716 -0.00153547 0.0503411 0.167258 -0.0454672 -0.0524348 0.277871 -0.185029 -1.28979 0.26885 0.688074 -0.0765433 -0.0955242 0.958737 -0.300566 -0.0614304 0.121243 0.0560326 0.978782 -3.07229 1.594 1.48981 -0.152489 -3.0324 -1.69945 1.12622 6.04938 -1.19047e-07 0.307647 -0.0442661 -0.0249783 -1.26685e-09 -1.21122 0.446198 0.223296 -0.000122646 -4.09303e-05 0.693465 1.06697 0.584809 -1.40241 -0.656617 -1.06397 -3.40887e-09 -1.79118 -0.350772 -0.686146 2.05037 0.716038 -1.20104 -1.26261 1.29714 0.604123 -2.09242 -0.106871 0.14936 -0.478049 0.797774 -1.0252 5.23102e-09 0.962034 -3.99958e-11 -1.51694 -0.884403 0.402962 0.667413 -2.23198 -3.64598 0.515556 0.46024 0.89684 13.3298 0.0875998 0.0474511 1.1542 0.085339 0 0.0315448 0 0.0399689 0 0.0605711 0 0.290199 0 0.00846439 0.0838505 0 0.0681253 0 0.0774906 0 0.0796821 0 0.21015 0 0.325113 0 0.336574 0 0.563074 0 0 0 0 0.0697844 0 0.0327242 0 0.536012 0 0.0137681 0.00648405 0 0.019866 0 0.0626725 0.696557 0 0 0.00410286 0.0582397 0.104104 0 0.0610604 0 0 0 0.0382915 0.029148 0.0561417 0 0.00795931 0 0 0.00615436 0.0235601 0.0820677 0.0563239 0.02998 0.0178612 0 0.075464 0 0.0415472 0 0.0918214 0 0.0570601 0.0170575 0.0472046 0 0.0688183 0 0.0124839 0.022533 0.0368052 0 0.0238531 0.177914 0.111248 0 0 0.129999 0.08592 0.0868419 0.0646046 0.0877961 0.0877159 0.082366 0.0914637 0.0397899 0.0162158 0.0184329 0.0965459 0.119085 0.108389 0.0125254 0.0455213 0.045472 0 0.334675 0.0380379 0.035359 0 0 0 0.383626 0 0 0 0.0161148 0 0.660539 0 0.407515 0 0.321603 0 0 0.178541 0 0.076 0.0971073 0.254694 0.160052 0.0391781 0 0.0626096 0 0.425149 0 0.00395748 0 0 0.180235 0.128878 0.0800896 0.0352525 0.00556276 0 0 0 0 0 0.0711245 0 0 0.433077 0 0.460496 0.510895 0.166678 0 0 0.305187 0 0 0.0429573 0 0 0.255565 0.0248602 0 0.111544 0 0 0.0113479 0.126131 0 0.133781 0.00299927 0.387257 0 0.391458 0.0156274 0 0.00288913 0.193857 0 0.00905608 0 0.726905 0.282398 0.539508 0 0.4117 0.154852 0 0 0.0640561 0.212208 0 0.349022 0 0 0.194868 0 0.851442 0 0.893655 0.00743479 0 0 0.0351304 0 0.694081 0.133141 0.12893 0.0019441 0 0.280651 0 0.69307 0 0 0 0.254267 0 0 0 0 0 0.262988 0.0290481 0 0.101264 0.0804958 0.205863 0.00421849 0 0.0158639 0 0.00517189 0.090608 0.235482 0.049692 0 0 0 0.193097 0 0 0.146611 0.0192712 0 0.66347 0.0099047 0.395743 0.0498233 0.0206969 0 0.36495 0 0.302614 0.0841338 0 0 0.0951386 0.101366 0.00838476 0.0986628 0.0254406 0 0.0744215 0.221743 0.225075 0 0.190653 0.0482988 0 0.0981461 0.033221 0.127577 0 0 0.561218 0 0.740648 0 0.803046 0 0.0822583 0.180063 0.479988 0.0407661 0.0198788 0.0203583 0.0347009 0.306778 0 0 0.0324964 0 0 0 0.0395015 0.140772 0.0796559
159 11.3745 0.0457614 -0.109381 -0.110296 0.454543 -0.0955712 13.3785 -0.434651 0.00871791 0.153486 0.78366 0.0853691 -0.263345 0.154765 -0.432212 -0.507545 -0.0425409 0.174102 0.0742072 -0.10147 0.108457 -0.210449 0.0362786 0.0306051 0.0421456 -0.027134 0.136369 0.0719816 -0.120971 -0.0203812 -0.0304306 -0.11193 0.076907 0.0515259 0.21244 -0.0226507 0.0537038 0.154694 -0.0535107 0.0501937 0.229646 0.200329 1.43084 0.052354 0.673911 -0.0150766 0.133832 0.167767 -0.0253216 -0.0505396 0.20055 -0.196877 -1.3033 0.240422 0.608938 -0.141601 -0.101954 1.29321 -1.21259 -0.949124 0.0315154 0.223984 0.727853 -3.88973 2.23992 2.92692 -3.48298 -7.59888 -6.00733 2.31386 -2.44757 2.80614 -0.458614 -0.108109 0.950088 -2.57965e-09 0.242323 1.42067 -0.00539731 -1.00127 -1.36413 0.804258 1.04269 0.902256 -1.35542 -0.0298873 -0.158627 -4.82155e-09 1.43539 9.79588e-10 -0.203087 -0.479668 1.04333 6.53269e-09 -8.80008e-11 1.29426e-11 -0.36737 0.0581893 0.710801 -0.331696 1.03249 -0.0652617 1.63606 5.38007e-09 -0.433099 -1.87453e-10 -0.659622 -1.00037 -0.032107 -0.236614 -2.23739 0.0431633 0.301903 0.462765 0.901126 13.3679 0.0658718 0.183145 1.13211 0.00634543 0 0 0 0.015611 0 0.0610391 0.0242479 0.325153 0 0.142461 0.11951 0.148374 0.0947089 0.176828 0.0911542 0.0099684 0.0179188 0 0.500478 0 0.571939 0 0.652364 0 0.804394 0 0 0 0 0 0 0 0 0.57451 0 0.00353482 0.000227077 0 0 0 0.339229 0.624926 0 0.0144171 0.267658 0.0625919 0.178577 0.0075595 0.123961 0.0131004 0 0 0.0793678 0.0459922 0.11374 0 0 0 0 0 0 0.0422796 0.0714112 0.00236289 0 0 0.140095 0 0.128689 0 0.13326 0 0.0921543 0 0 0 0.122848 0 0 0 0 0.0122146 0.0165881 0.0456188 0.0636194 0.000235221 0.000535497 0.223391 0.0860165 0.163732 0.0646973 0.19481 0.0823587 0.207101 0.0465346 0.117344 0.152505 0.273488 0.0618966 0.374393 0.0637885 0.0363601 0.066664 0 0.19178 0.443248 0.0429019 0.153715 0.0221943 0 0 0.497994 0 0 0 0 0 0.849834 0 0.739405 0 0.629416 0.0342707 0.0392124 0.53697 0 0.0507813 0.146954 0.50668 0.433782 0.0427291 0 0.584826 0 0.524466 0 0 0 0 0.241018 0.274017 0.0136692 0.0261741 0 0 0 0 0 0 0.0671092 0 0 0.663603 0 0.619215 0.564797 0.307168 0.000212624 0 0.574602 0 0 0.0600149 0 0 0.251189 0.015914 0 0.0478873 0 0 0.0130037 0.125663 0.0112822 0.150735 0.0373645 0.604366 0 0.572551 0.0281949 0.0137673 0 0.117213 0 0.00873391 0 0.916748 0.356084 0.829191 0.0543614 0.603955 0.210675 0 0 0.0565574 0.244587 0 0.353848 0 0 0.192953 0.00541758 0.410979 0 0.860349 0.00775993 0 0 0.0373095 0 0.864974 0.0745752 0.161609 0 0 0.267309 0 0.685342 0 0 0 0.328409 0 0 0 0 0 0.795283 0 0.378939 0.0117757 0.124501 0.143767 0 0 0 0 0 0.0557289 0.245849 0.0388437 0 0 0 0.359584 0 0 0.327788 0 0 0.748275 0.0802304 0.302796 0.145729 0.235766 0.0511761 0.58009 0 0.10009 0.0268582 0 0 0.244774 0.00875443 0 0.058632 0 0 0 0.366306 0.0256529 0.0368331 0 0.0238631 0 0.118835 0 0.168045 0 0 0.69295 0 0.827845 0 0.858982 0 0.098132 0.266017 0.534347 0.114816 0.013694 0 0.051187 0.250181 0 0.00516584 0.0712024 0 0 0 0.00304857 0.134738 0.207309
160 11.4078 0.0477156 -0.102377 -0.105734 0.456963 -0.0927005 13.4072 -0.473576 -0.00501739 0.158144 0.557683 0.136588 -0.332343 0.122126 -0.498148 -0.48531 -0.0110638 0.167603 0.0651085 -0.10147 0.109897 -0.216683 0.0548035 0.00590324 -0.00222813 -0.00604082 0.12646 0.0694253 -0.10016 -0.0308309 -0.0318588 -0.111878 0.0753386 0.0513078 0.178646 -0.0278625 0.0479043 0.152868 0.0148389 0.0554554 0.400347 0.212091 1.40646 0.217465 0.698614 0.00996408 0.0940479 0.154466 -0.0512676 -0.0480378 0.192214 -0.15691 -1.32038 0.37619 0.64461 -0.0216524 -0.0259634 -0.0644413 0.0914707 0.336971 0.214808 -0.0140277 0.874215 -1.01116 -0.439473 -0.543744 -6.76336 1.55958 2.33093 -2.72303 -4.15746 0.444247 1.27224 -0.17201 -0.372102 -1.05083e-09 -1.38522 -0.190623 0.147631 0.109882 0.327507 0.518299 -0.376216 -0.0227409 0.84958 -0.1375 -0.163848 -1.71446e-09 1.38314 9.57669e-10 -0.889182 -1.72048 -0.038756 4.90006e-09 0.420137 8.25612e-11 1.52946 -0.0925295 -0.214229 0.220667 -0.963005 3.30192 -0.332203 3.80154e-09 0.288779 0.368779 -2.05898 -1.55511 -0.979069 0.882136 0.491661 -0.498826 0.88367 0.464868 0.903542 13.4058 0.0575218 -0.0650208 1.13978 0.0248536 0.00663274 0.0205896 0 0.0189357 0 0.0183146 0 0.110484 0 0.062619 0.0253157 0.0585385 0.0284579 0.0584218 0.0393626 0.0124747 0.0202032 0 0.0335644 0 0 0 0.0722039 0 0.0687392 0 0 0 0 0 0 0 0 0.101398 0 0.0017115 0.0143026 0 0.0346627 0 0 0.200332 0 0 0.389924 0 0.226398 0 0 0.0145105 0 0 0 0.00532596 0 0 0 0 0 0 0.015856 0.00304944 0.0589059 0.00380653 0.0346154 0.0807841 0.195456 0.0758429 0.14358 0.0863898 0.16154 0.193727 0.2641 0 0.0550964 0.0843996 0.226693 0 0.0033121 0.0126631 0.0489259 0 0 0.075206 0.184253 0 0 0 0.00468001 0 0.00250654 0 0.0034069 0 0.00296987 0.00767025 0 0 0 0 0 0.0156761 0 0.00730488 0.425829 0.11683 0 0.11232 0.10806 0.0231064 0 0.159694 0 0 0 0 0 0.542425 0.12517 0.441791 0.203493 0.339183 0.489395 0.0351111 0.0340362 0.0296832 0 0.0545847 0.58541 0.0929575 0.524025 0 0.354683 0 0 0 0.00524177 0 0 0.0986278 0.0302003 0 0 0 0.0274959 0 0 0.00889147 0.000435786 0.0428615 0.0327629 0 0.046915 0 0.142496 0.207216 0.0793481 0 0 0.0442313 0 0 0 0 0 0.093424 0.0528618 0.0959701 0 0.198446 0.0270611 0.0785448 0.03675 0.0776585 0.0359755 0 0.0765221 0 0 0 0.0713374 0 0 0 0.0154243 0.0662141 0.530342 0.186382 0.356318 0 0.372432 0.0807281 0 0 0 0.0803531 0 0.133674 0 0 0.0503264 0 0 0 0 0.000408396 0.0321152 0.00343167 0 0 0.674268 0 0.0725951 0 0.0417704 0.0935992 0 0.078533 0.10908 0 0.0461392 0.0854145 0.0665996 0 0.218344 0 0 0 0 0 0 0.0675362 0.106049 0 0 0 0.00405208 0 0.00578771 0.0854174 0.0071297 0 0.0270116 0 0 0 0.155924 0.0594492 0 0 0.0939284 0.013335 0.0678615 0.0382093 0 0.127259 0.595354 0 0 0.0535642 0.100843 0 0 0.0434387 0.125715 0.0770506 0 0.0771292 0 0.252318 0 0.0473832 0 0.107397 0 0.140948 0 0.135219 0 0 0.388556 0 0.314161 0 0.381874 0 0.0730846 0.0299732 0.0966666 0 0.0757833 0.0113365 0.008294 0.102537 0 0.00885653 0.017459 0 0 0 0 0.0302564 0.0987051
161 11.4411 0.0522086 -0.0773713 -0.09471 0.460706 -0.0983427 13.4383 -0.464303 -0.0145881 0.140897 0.251048 0.162845 -0.318297 0.0558646 -0.43593 -0.402804 0.0252327 0.147589 0.0498037 -0.10147 0.0355686 -0.224045 0.0483525 0.0272936 0.0370468 0.00306464 0.102902 0.0645039 -0.0784489 -0.0328876 -0.0333927 -0.112736 0.109481 0.0500976 0.152862 -0.076023 0.0375646 0.152851 0.0154455 0.0555019 0.416886 0.227201 1.40745 0.217214 0.651194 0.00839175 0.122098 0.154562 -0.0423584 -0.0432162 0.13244 -0.170587 -1.35017 0.408146 0.635283 -0.0345708 -0.00196807 0.344748 1.02896 0.570482 0.240573 -0.198291 0.927331 -0.0324878 0.00651587 -1.06453 -8.48453 0.642131 3.01755 -1.66457 -3.50479 -0.804637 0.915264 -0.648789 -0.736544 -1.25813e-09 -2.85947 -0.320674 0.382132 1.528 2.0888 0.160831 -0.566388 -0.23282 0.397165 -0.157715 -0.248967 -1.76701e-09 0.92636 3.73815e-10 -0.754576 -1.30666 -0.230619 4.53732e-09 0.0653156 3.15195e-10 0.154278 -0.133286 0.226156 -0.0424935 -0.91009 -0.503719 0.43922 3.43788e-09 0.379507 -0.000332195 -0.328516 -1.79151 -0.48334 -0.0168755 -0.788379 -0.537623 0.581106 0.466846 0.897889 13.4431 0.0582855 -0.242051 1.10566 0.0183486 0.021701 0.0153849 0.00976796 0.0139454 0.00826909 0.0091178 0.0108957 0.0317099 0.00185476 0.0838832 0.00341416 0.0758439 0.00915542 0.0744761 0.0202486 0.00677923 0.0518279 0.010042 0.0413944 0 0 0.0329532 0.0723383 0.0118864 0.0793649 0 0 0 0 0 0 0 0 0 0 0 0 0.000358382 0.0521246 0 0 0 0 0 0.334466 0 0.164238 0 0 0.0184867 0 0 0 0.0223995 0 0 0 0 0 0 0 0.0109163 0.0120498 0.00770796 0.0088537 0 0.172001 0 0.131961 0.00440544 0.151326 0.0557164 0.254591 0.0128675 0.0287056 0.000216804 0.204217 0 0.00730754 0.014158 0.0345332 0 0 0.0764683 0.0787378 0.000574548 0.000105983 0.00551614 0 0.00225249 0 0.0131796 0 0.0672601 0 0.00482397 0 0.0123433 0 0.0108285 0 0.0102424 0.0152608 0.124957 0.316583 0.447754 0.0358119 0.114466 0.0448832 0.000580162 0 0 0 0 0 0 0 0.357254 0.0211066 0.34764 0.0855617 0.229209 0.248042 0.0805557 0.015882 0.0387565 0 0.197208 0.317395 0.209915 0.264491 0 0.353536 0.00254558 0 0 0.0168228 0 0 0.192588 0.0309929 0 0 0 0.0673151 0 0.00352077 0 0.00109057 0.0104704 0.00972867 0.00628211 0.0302994 0.0223715 0.0733677 0.378648 0.0533518 0 0 0 0 0 0 0 0 0.16102 0.122674 0.082323 0 0.132978 0.0609798 0.0529343 0.0456541 0.0524419 0.0452917 0.0310446 0.0378947 0.0121316 0 0 0.0542397 0 0 0 0.0137781 0.176461 0.437323 0.168822 0.374024 0.0483546 0.256413 0.0266011 0.0166857 0 0 0.0124929 0.0162911 0.0209297 0.0094199 0 0.0083272 0.403809 0 0.34625 0 0 0.0210398 0 0 0.0947019 0.427834 0 0.120316 0 0.127367 0 0.263425 0 0.552091 0.0105366 0.0874702 0 0.358672 0 0.199891 0 0 0.143238 0 0.0988982 0 0.0695537 0.139347 0 0.0109215 0 0.0380411 0 0.0256865 0.181352 0.0415981 0 0.0377641 0.00777507 0 0 0.121382 0.0638029 0 0.110607 0 0.111264 0.000467364 0.0793378 0 0 0.502824 0.0046438 0 0.0375844 0.0259779 0 0 0.0187701 0.0306424 0.0691623 0 0.0762767 0 0.215457 0 0.0609655 0 0.0839823 0 0.116601 0 0.118157 0 0.0637717 0.219761 0.0993118 0.175112 0.143081 0.209711 0 0.017781 0.0331477 0.103159 0.011144 0.0225392 0.0189309 0 0.0286792 0.00575403 0.00511738 0.0175604 0 0 0 0 0.0822335 0.0973035
162 11.4745 0.0435259 -0.036093 -0.0521017 0.466769 -0.105775 13.472 -0.445255 -0.0297091 0.0777972 0.0338485 0.132571 -0.183379 0.00663705 -0.477878 -0.399215 0.0773824 0.123048 -0.000745891 -0.10147 -0.0152934 -0.241687 0.058083 0.0359396 0.0491289 0.0191209 0.0800134 0.0366277 -0.0586917 -0.0436638 -0.0415182 -0.112832 0.11149 0.0492015 0.136611 -0.0934497 0.0226171 0.152478 0.0288479 0.0565286 0.432977 0.224316 1.41056 0.215673 0.640463 -0.00217524 0.121936 0.154535 -0.0521261 -0.0527362 0.115896 -0.174283 -1.35834 0.477043 0.645722 -0.0347464 0.00933943 -0.332845 1.13864 1.00292 0.229761 -0.140779 1.05768 0.250708 -0.179141 -1.61968 -4.23813 -0.833957 3.6569 -1.47717 -0.202112 0.208634 1.75092 -0.846713 -1.0697 -1.04609e-09 -1.25005 -0.310886 0.459051 -0.00490849 0.0044022 0.356296 -0.618596 -0.493428 0.594665 -0.205043 -0.227605 -6.29714e-10 0.588809 0.11639 -0.527982 -1.11018 -0.481276 4.36865e-09 0.399233 4.24984e-10 0.216579 -0.494832 0.0966118 0.0140103 -0.0651995 0.00337537 0.262367 2.56258e-09 -4.36328e-11 -1.81372e-10 -0.121367 -1.04394 -0.692739 0.406235 -0.359171 -1.03636 0.658911 0.468754 0.891643 13.4798 0.0581533 -0.153049 1.09514 0 0.0617461 0 0.0508431 0.00322056 0.0558658 0 0.0144672 0 0.0418028 0.0924975 0.0414602 0.0771018 0.0238032 0.0892066 0.0137411 0.0202667 0.0659362 0.136302 0.02516 0.110413 0.0116694 0.213873 0.0281532 0.203772 0.0248998 0.0117123 0.00650361 0.0673155 0.00765479 0 0.0171316 0 0.0228086 0 0.0163288 0 0 0.038107 0.0487038 0 0 0 0.381432 0 0.122587 0 0.037574 0 0.0133395 0.028748 0 0 0 0.017011 0 0 0 0 0 0 0 0.00536223 0.00977063 0.0078221 0.00353547 0 0.076736 0 0.0552673 0 0.071486 0.0403127 0.145716 0.0198296 0.0244856 0 0.105893 0.00018275 0.00902079 0.0198278 0.0311166 0 0.00148136 0.0707383 0.0621593 0.00082821 0 0.036668 0 0.0310215 0 0.0387568 0 0.0905625 0.0158316 0.0206639 0.019425 0.0301824 0 0.0278835 0 0.0181793 0.0323301 0.0978183 0.0465198 0.479976 0.0741621 0.0792143 0 0 0.000808956 0 0 0 0 0 0.0146723 0.441111 0.0531993 0.374347 0.011832 0.184221 0.00185048 0.0453319 0 0.0563445 0 0.355434 0.0209255 0.384957 0.00708854 0.0621925 0.110999 0.0090867 0 0 0.0334309 0 0 0.124846 0.0092727 0.100541 0 0 0.083606 0 0.0130256 0 0.00346226 0.109454 0.140276 0.0284551 0 0.0637399 0 0.294357 0.00878181 0 0 0 0.0103386 0 0 0 0 0.163987 0.102692 0.0471099 0.00150872 0.0711129 0.081995 0.0478622 0.0503395 0.04671 0.0496695 0.0391724 0 0.0133781 0 0.00155499 0.00477056 0 0 0 0.00504185 0.34799 0.237308 0.22663 0.384705 0.219853 0.158293 0 0.0768501 0 0 0.00875505 0.133583 0.000117006 0.127044 0.0105458 0 0.71413 0 0.677676 0 0 0.0270035 0 0 0.226796 0.0215119 0 0.0803368 0 0.119149 0 0.613146 0 0.596501 0.0277905 0.0979049 0 0.479287 0 0.182393 0.0183657 0.00165242 0.218939 0 0.0343317 0 0.0695774 0.186227 0 0.00658564 0 0.0430391 0 0.0464534 0.171473 0.0284752 0 0.0509644 0.0343362 0 0 0.108448 0.0649162 0 0.270037 0 0.217445 0 0.0672032 0 0.0268151 0.21311 0.00272782 0 0.0422803 0.00909613 0 0 0.0121659 0.00963524 0.0516227 0 0.062797 0 0.172239 0 0.0562235 0 0.0647307 0 0.0925128 0 0.0940716 0 0.231968 0.018096 0.353097 0.00324909 0.47158 0.00575026 0.00309111 0.00195994 0 0.0661771 0.00274538 0.0254253 0.031152 0.0681951 0.00189949 0.0672164 0 0 0 0.00312817 0 0 0.112613 0.107671
163 11.5078 0.0246737 -0.0054142 -0.0289695 0.471499 -0.112227 13.5089 -0.437548 -0.0452855 0.0446853 -0.0279666 0.0739562 -0.0880196 -0.010407 -0.439429 -0.376282 0.144062 0.0940926 -0.0270267 -0.10147 -0.0584882 -0.243492 0.0670841 0.0333406 0.0460328 0.0329615 0.0569018 0.0231773 -0.0391393 -0.0499396 -0.0388673 -0.112596 0.0770049 0.038906 0.129245 -0.0689062 0.0239634 0.152075 0.0431828 0.0576249 0.426194 0.205543 1.40827 0.201281 0.637864 -0.0118511 0.113774 0.154535 -0.0521261 -0.0527362 0.119092 -0.190205 -1.37921 0.524641 0.646687 -0.0527163 0.00826607 -0.480757 0.97401 0.53523 0.132312 -0.149104 1.14047 0.185419 -0.26106 -0.81135 -0.703611 -1.39323 2.35293 -0.428672 2.29443 1.17784 1.94759 -0.943362 -0.422167 -4.00108e-10 -1.03247 -0.00815947 0.387438 -0.297344 -0.389847 0.215754 -0.779535 -0.316007 0.484208 -0.100308 0.126164 -5.31654e-10 -0.936594 -0.437145 -0.137024 0.656237 0.146967 5.09685e-09 0.36981 5.60113e-10 -0.474006 -0.506738 -0.0942286 -0.0920137 0.0343951 -0.45317 -0.143876 4.1406e-09 -3.37604e-10 -4.5588e-10 0.561693 -0.538842 -0.529345 0.284525 -0.466203 -1.29041 0.451182 0.470502 0.886604 13.5159 0.0527548 -0.147805 1.07128 0.0181223 0.0236666 0.0162554 0.0116809 0.0212473 0.0135141 0.0076966 0 0 0.0720882 0.115251 0.00581332 0.103329 0.000805055 0.101291 0.00817518 0.0312717 0.069759 0.205515 0.0154241 0.17551 0.0182077 0.298074 0.0222239 0.293498 0.016703 0.0567086 0.0554491 0.136589 0.061572 0 0.106122 0 0.123034 0 0.146059 0.000115549 0 0.125235 0.0441603 0 0 0 0.43449 0.0193878 0.0231269 0 0.00711121 0 0.0212594 0.0417139 0 0 0 0 0 0 0 0 0.0002901 0.010619 0 0 0 0.00714621 0 0 0.0142842 0 0.00333314 0 0.014918 0.00547014 0.0511375 0.0360116 0.0185344 0 0.0332884 0.00594454 0.00880217 0.0349495 0.0271692 0 0.000175797 0.0739769 0.0257178 0.0011577 0 0.112444 0.0162526 0.0971089 0.0106387 0.107619 0.0155849 0.158339 0.0403095 0 0.0111916 0.103315 0.0204606 0.0990565 0.0199165 0.00165515 0.0288735 0.160097 0.019133 0.628203 0.0259172 0.0423054 0 0 0.00500124 0 0.0335098 0 0.033634 0 0.137363 0.496554 0.107018 0.414036 0.0350966 0.123004 0 0.0052549 0 0.0805044 0.0099263 0.371158 0 0.434352 0 0.120231 0.0300477 0.0107452 0 0 0.0586437 0 0.00217175 0.0889527 0 0.144097 0 0 0.0273417 0 0.00920339 0 0 0.0644251 0.0755486 0.0341933 0.00132694 0.0663748 0 0.255281 0 0 0 0 0.077042 0 0 0 0.00580759 0.129187 0.062847 0.00123719 0 0 0.0350739 0.0178893 0.0320579 0.0174705 0.0315478 0.0242893 0.00174296 0.00146562 0 0.0216375 0.00517446 0 0.0273485 0.00074932 0.000708532 0.422127 0.156763 0.202768 0.336668 0.204109 0.114165 0 0.0619123 0 0 0.0175375 0.132818 0.000798478 0.155151 0.0416442 0 0.710758 0 0.67392 0 0 0.00825551 0 0.00178782 0.236596 0 0 0.0885561 0 0.0821466 0.0618239 0.540053 0 0.377514 0.0324459 0.0479984 0.080783 0.308672 0.161341 0.146829 0.0182403 0.0344617 0.439976 0 0.101135 0 0.138621 0.161526 0 0 0 0.0316236 0.00558974 0 0.145372 0.015686 0 0.0866037 0.0447413 0 0.215774 0.104956 0.048032 0 0.292993 0.00751241 0.23426 0 0.0498471 0 0.154981 0.077835 0.092895 0 0.0829797 0 0 0 0.0515808 0 0 0 0 0 0 0 0 0 0 0 0 0 0 0 0.281192 0.00234128 0.432751 0 0.548244 0 0.0281686 0 0.0254492 0.01178 0.0373998 0.013075 0.0492458 0.0117231 0 0.0847206 0 0 0 0.0137722 0 0.0077931 0.122893 0.0914154
164 11.5411 0.0285249 0.0244656 -0.0150081 0.474843 -0.11577 13.5467 -0.45497 -0.0590606 0.0287601 -0.00345842 0.101877 -0.0130453 -0.0386661 -0.419914 -0.398058 0.178845 0.0731101 -0.0401006 -0.0899537 -0.0564808 -0.236914 0.0414462 -0.0391825 -0.0127566 0.0166909 0.0332694 0.0167748 -0.0241489 -0.0521478 -0.0353969 -0.112215 0.0244807 0.0234067 0.125051 -0.0190747 0.0321155 0.151991 0.0461477 0.0578514 0.419093 0.18799 1.40047 0.191946 0.645107 -0.0346704 0.0933955 0.154535 -0.0521261 -0.0527362 0.122944 -0.222473 -1.39069 0.50814 0.642684 -0.0775279 -0.00560039 0.287707 0.722841 0.243496 0.0691392 0.0362619 1.15984 -0.381583 -0.180814 -0.410226 1.40124 5.73614 4.63968 0.722812 -21.1227 -13.4437 0.959133 -0.44981 -0.180452 0.0782078 1.12154 -0.27805 0.30433 -2.1749 -2.96505 -0.649088 -0.678118 0.134105 0.27568 0.0133481 -0.0899432 -1.47658e-09 -1.5236 -0.497827 -0.144303 1.53375 0.0906064 4.19408e-09 -0.02192 6.8983e-10 -0.29452 -0.244622 -0.334794 -0.193321 0.841994 -0.486709 -0.164814 7.39207e-09 -9.07862e-10 -1.03489e-09 0.678241 -0.377566 -0.239787 -0.447551 0.463266 0.42451 -0.275229 0.472076 0.883752 13.5514 0.0396943 0.00659411 1.04594 0.014111 0.0399003 0.00545073 0.0193592 0.00667481 0.0186296 0.0182845 0.0225148 0.0305681 0.0877408 0.134946 0 0.157815 0 0.172251 0 0.0830689 0.0712672 0.165907 0.0263333 0.0748277 0.0449927 0.236545 0.0412937 0.161509 0.0487642 0 0.113595 0.00189469 0.130138 0 0.136924 0 0.133947 0 0.144737 0 0 0.264896 0.0488005 0 0.011715 0 0.25712 0.14233 0 0.0490059 9.62578e-05 0 0.0648649 0.0287296 0 0 0.00463777 0 0.0186607 0 0.0150747 0 0.00415773 0.0234797 0 0 0.0129153 0 0.00377991 0 0.481183 0 0.461966 0 0.46041 0 0.550167 0.03754 0.0218854 0 0.497215 0.0184867 0.00900563 0.0411185 0.0244927 0.0176981 0.0153172 0.0329756 0.0259437 0.00160229 6.59253e-05 0.143467 0 0.11013 0 0.135934 0 0.240833 0 0.00839255 0.0417553 0.144699 0 0.144117 0 0.022959 0.0404971 0.458355 0 0.779937 0 0.0235364 0 0 0.0161753 0 0.0496783 0 0.106511 0 0.194896 0.734525 0.0424923 0.571163 0.00131825 0.162159 0 0 0 0.052687 0.0104651 0.431135 0 0.566651 0 0.18343 0.0299241 0 0 0.0278035 0.0753073 0 0.00129753 0.156272 0.0709688 0.118312 0 0 0.0396003 0 0.00808989 0 0 0 0 0.0148307 0.00161347 0.0395858 0 0.341582 0.00728828 0 0 0.1481 0.0625255 0 0.0227654 0 0.0353137 0.134209 0.0697034 0 0 0.00885025 0 0 0.174555 0 0.173009 0.000258539 0 0 0.00349176 0.0667936 0 0 0.0829031 0.00666865 0 0.529088 0.165086 0.231168 0.264775 0.190096 0.0754961 0.0447452 0.0593801 0 0.0208628 0.00702359 0.143431 0 0.234277 0.0953651 0.0503576 0.542881 0 0.457379 0 0 0 0 0.000893145 0.304691 0 0 0.139728 0 0.138121 0.538094 0.2595 0 0.130888 0.0219728 0.0383631 0.51781 0.0999835 0.293626 0.106372 0.0123167 0.0504736 0.567195 0 0.243679 0 0.0595578 0.165346 0 0.01275 0 0.0632972 0 0.0328032 0.16566 0.019223 0 0.0760983 0.030533 0 0.423171 0.0658574 0.0617419 0 0.23186 0 0.233342 0 0.0801871 0 0.144262 0.856978 0.125963 0 0.0713021 0 0 0 0.0481999 0 0 0.0293383 0 0.0408166 0 0.132881 0 0.0416285 0 0.0413453 0 0.0591544 0 0.0566798 0.338025 0 0.471263 0 0.56747 0 0.0022406 0 0.0269671 0.150513 0.0340829 0.0658932 0.0185967 0 0 0.158985 0 0.0239113 0 0.0114339 0 0.031164 0.167836 0.11497
165 11.5745 0.0340257 0.0456925 -0.00122936 0.478313 -0.109437 13.5852 -0.461585 -0.07141 0.0053083 0.0689568 0.153556 0.032974 -0.00881091 -0.592053 -0.537747 0.186718 0.0692591 -0.053924 -0.0467541 0.0390504 -0.250414 0.0686725 -0.165241 -0.187265 0.00308391 0.01619 0.014767 -0.018402 -0.0514067 -0.0345926 -0.112091 0.000659851 0.0123551 0.122052 0.0104486 0.0277888 0.151836 0.0515852 0.0582666 0.399445 0.182404 1.39089 0.152678 0.639773 -0.0561851 0.0863254 0.154535 -0.0521261 -0.0527362 0.114545 -0.263056 -1.39561 0.431542 0.653406 -0.0687769 -0.0266149 0.0810958 0.507804 0.382148 0.0425449 0.366624 1.18612 0.315036 0.0295892 -0.718975 1.8626 -0.62554 -0.250772 0.152825 2.72781 1.07376 -0.0533161 -0.0683557 -0.399801 1.77811 4.18832 -0.382366 0.552346 -4.13019 -5.90172 -0.480889 -0.440313 -0.0542833 0.305458 0.0943829 0.0380298 -2.4789e-09 -0.789313 -0.324585 -0.243735 0.846866 -0.195568 2.3806e-09 9.06737e-10 5.40072e-10 0.705387 0.000338718 -0.617665 -0.56448 0.541663 -0.55876 0.391594 8.64731e-09 -1.51074e-09 -1.08925e-09 0.58851 -0.252217 0.0284447 -0.688265 1.84216 1.51011 -1.32936 0.472896 0.88976 13.5868 0.017592 0.309893 1.07821 0.00440643 0.0568803 0.00178779 0.0401391 0.00229906 0.0354743 0.0112736 0.0226125 0.0469637 0.0552015 0.160918 0 0.183019 0 0.200936 0 0.143401 0.0536252 0.0286297 0.0608707 0 0.0776617 0.0380529 0.0905689 0.0210189 0.112614 0 0.130082 0 0.145296 0 0.0637825 0 0.0413362 0 0.028109 0.00377688 0 0.367211 0.0542317 0 0 0 0.0673689 0.209106 0 0.0681716 0 0.0107265 0.0337877 0.0183429 0 0 0 0 0.00513462 0 0 0 0 0.0160809 0 0 0.0249195 0 0.00567048 0 0 0 0 0 0 0 0 0.0233723 0.0129327 0 0.0107004 0.02993 0.00504614 0.0411082 0.0184809 0.0973376 0.00744121 0 0.0394179 0.00132311 0 0.17084 0.052979 0.124998 0.0384029 0.157744 0.0456292 0.284584 0.0691697 0.0541453 0.0463913 0.174902 0.0530522 0.17593 0.0524564 0.056007 0.0401932 0.564061 0 0.838378 0 0.0281142 0 0 0 0 0 0 0.0564959 0 0.0709996 0.832796 0 0.705895 0 0.240661 0 0 0 0.0260609 0 0.334841 0 0.565829 0 0.0838776 0.0768405 0 0.00918675 0.0307496 0.0246125 0 0 0.192984 0.0652408 0.184375 0 0 0.059284 0 0.00839781 0 0.00222063 0.00612277 0.00729508 0 0.0150021 0.00262724 0.0111168 0.489623 0.0549515 0.00178388 0 0.207679 0.010815 0 0 0 0.00988109 0.119063 0.142467 0 0 0 0 0 0.00728503 0 0.00675079 0 0.00291271 0 0.0149101 0.0951028 0.00183022 0 0.0255221 0.00887325 0 0.286933 0.19582 0.130481 0.253981 0.180655 0.119745 0.0557529 0.0481937 0 0.0211575 0.00698436 0.147933 0 0.217676 0.0580073 0.0677124 0.155492 0 0.0694043 0 0 0.0062702 0 0 0.150258 0 0 0.157372 0 0.155951 0.589487 0.0857316 0 0.0503439 0.0100868 0.0652754 0.675703 0.010605 0.327779 0.150465 0.00622569 0.0104935 0.593527 0 0.274473 0.00276512 0.0444458 0.169666 0 0.0105559 0 0.0495439 0 0.0504071 0.193684 0.0539208 0 0.033783 0.00551249 0.0050354 0.505295 0.0608069 0.109033 0 0.0614532 0 0.159181 0 0.1242 0 0.129501 0.236368 0.122757 0 0.0663837 0 0 0 0.0559759 0 0 0.00512725 0 0.0101621 0 0.0408029 0 0.0189618 0 0.00714494 0 0.01833 0 0.0175171 0.236059 0.0103726 0.187313 0.0312814 0.298407 0.016586 0 0 0 0.193716 0.0314453 0.0738051 0.0174822 0.00165889 0 0.146451 0 0.016087 0 0.00222355 0 0 0.199281 0.127056
166 11.6078 0.0523772 0.0530478 0.01027 0.480981 -0.0940037 13.6256 -0.456922 -0.0673852 -0.00525844 0.11828 0.179545 -0.00208835 0.00799322 -0.501715 -0.477237 0.13942 0.0849401 -0.0702948 0.0451742 0.280632 -0.279827 0.176473 -0.386007 -0.530627 -0.0234682 0.00869389 0.0146772 -0.020457 -0.0489759 -0.0335604 -0.112032 -0.0132848 0.000932526 0.124018 0.0237167 0.0301839 0.151836 0.0515852 0.0582666 0.392257 0.167855 1.37542 0.153694 0.674205 -0.0667618 0.0845373 0.154537 -0.0520518 -0.0527304 0.103729 -0.276195 -1.39898 0.349863 0.664171 -0.0354084 -0.0528449 0.46072 -0.0498614 0.114986 -0.0115394 0.611328 1.2292 0.546164 0.316102 0.297514 1.12527 0.506908 -1.93422 1.03505 2.3914 1.87688 -1.79146 0.467685 -0.441113 2.98115 9.32059 -0.0811406 0.729247 -8.01294 -10.8438 -0.760047 -0.223326 0.216842 -0.0609283 0.0258833 0.0411818 -2.19974e-09 -0.599581 -0.298646 0.00293895 0.605751 0.0458343 3.28524e-09 1.07269e-10 3.85599e-10 -0.237312 -0.184745 -0.563081 0.159425 0.473766 -0.075899 -0.0687522 6.75392e-09 -1.00254e-09 -7.75898e-10 0.292692 0.725831 0.081543 -0.419797 1.25787 1.57483 -0.899268 0.473441 0.904176 13.6242 0.0134521 0.511378 1.16329 0.0223539 0.0196972 0.0119441 0.00562517 0.00655791 0.00159227 0.0283274 0.0207619 0.0794453 0.0204625 0.112709 0 0.134347 0 0.14658 0 0.102796 0.055636 0 0.139062 0 0.171957 0 0.211858 0 0.259258 0 0.203436 0 0.222453 0 0.0501396 0 0.00897953 0 0 0.00538379 0 0.294993 0.0350147 0 0.0145791 0 0 0.0975616 0.0153571 0.0157667 0.0046843 0 0.0299985 0.00988946 0 0 0.00549913 0 0.0143313 0 0.0106845 0 0.0014646 0 0 0 0.00955703 0 0.000853325 0 0 0 0 0 0 0 0.000821614 0 0.00819726 0 0.0160521 0.0185749 0.00408648 0.0223693 0.017899 0.0628112 0 0 0.0149045 0.000771286 4.47025e-05 0.192479 0.0295098 0.159969 0.0215274 0.1847 0.0263876 0.274673 0.0441471 0.0506164 0.0195446 0.215672 0.0392216 0.202117 0.0377244 0.0472462 0.0334227 0.158377 0 0.585031 0 0.0228642 0 0 0 0 0 0 0.0289082 0 0.0226353 0.814521 0 0.665775 0 0.201412 0 0 0 0.00675025 0 0.212028 0 0.469156 0 0.00037118 0.166893 0 0.0241149 0 0.0400853 0 0 0.186458 0.0739153 0.173695 0 0 0.0343631 0 0.00564114 0 0 0.00383799 0 0 0.0369398 0 0.0315179 0.464908 0.0644391 0.00205802 0 0.233099 0.00541978 0 0.0135662 0 0.0257163 0.144778 0.105979 0 0 0 0.0501919 0 0 0 0 0 0.00407646 0 0.0238274 0.0546048 0 0 0.0594845 0.00425066 0 0.1506 0.16798 0.095552 0.127908 0.106058 0.115414 0.0731369 0 0 0.0231522 0.00293846 0.0160464 0.00293143 0.0849987 0.0861768 0.130535 0.0937357 0.0249401 0.0100937 0.0392732 0 0 0.0032365 0 0.0138053 0.0567549 0 0.153445 0 0.128481 0.323259 0 0 0.0280681 0.0135793 0.0418201 0.501876 0 0.266576 0.103383 0.0265402 0.0195937 0.514105 0 0.264875 0.00901249 0.0400735 0.155073 0 0.00795469 0 0.0417992 0 0.0331725 0.206118 0.0425319 0 0.0333214 0 0.0128033 0.395336 0.0437173 0.130152 0 0.0195258 0.00567127 0.12851 0 0.0997089 0 0.181708 0.110627 0.0128476 0 0.0643773 0 0 0 0.0538061 0 0 0 0 0 0 0.00177249 0 0.0013481 0 0 0 0 0 0 0.127248 0.0736473 0.0326625 0.104501 0.104085 0.074898 0.00135979 0.00024849 0.0524253 0.172482 0.0222675 0.072673 0.0110499 0 0.0160398 0.0803757 0.00602249 0.0229114 0 0.000747997 0 0.0085608 0.183491 0.110224
167 11.6411 0.0391922 0.0604785 0.0331449 0.483037 -0.0745 13.6689 -0.391667 -0.0606117 -0.0162139 0.134172 0.239831 -0.0639287 0.0630405 -0.416136 -0.412018 0.0624831 0.119995 -0.0885594 0.22886 0.629473 -0.286783 0.201259 -0.560835 -0.607477 -0.0185714 -0.0054724 0.0140687 -0.0253911 -0.0377508 -0.0465187 -0.112006 -0.0227081 -0.0169242 0.142229 0.0326902 0.0403073 0.151602 0.0516772 0.0563448 0.386135 0.139051 1.36999 0.196549 0.700001 -0.04209 0.086182 0.154526 -0.0524667 -0.0527626 0.12275 -0.332078 -1.3701 0.204882 0.638522 -0.0211872 -0.100384 -0.836317 -0.556929 0.7321 -0.00734107 0.653949 1.35689 2.46235 0.635792 0.00863878 0.592534 1.07803 -1.47967 1.23071 2.66496 2.00963 -1.32305 1.82476 -0.532224 1.68187 45.6884 -11.1809 -3.85201 -55.2785 -5.25368e-09 0.275656 -0.206819 0.162904 0.0227956 0.312863 -0.635113 -2.18793e-09 -0.188224 -0.393296 0.563689 0.263761 -0.045945 2.75046e-10 4.70133e-11 -0.236616 0.259342 0.343203 -0.0552854 0.116205 2.19035e-10 0.998763 -0.30421 8.24376e-09 -1.15252e-09 -7.06689e-10 -0.741958 0.964013 0.427708 -0.734572 2.67192 2.77614 -2.24321 0.474466 0.922243 13.6643 0.0463727 0.557138 1.23795 0 0.0960533 0 0.0888881 0 0.0791591 0 0.0786972 0.0172136 0.00974207 0.0588631 0.0348477 0.069629 0 0.114791 0 0.153789 0.0151743 0 0.099283 0 0.147154 0 0.16881 0 0.227746 0.0126785 0.193564 0 0.220986 0 0.0471645 0 0 0.0177234 0 0.00814462 0 0.347224 0.0156401 0 0.148207 0.186711 0.00696674 0.0339691 0.0690321 0.0532029 0 0 0.063108 0.0180856 0.000118561 0 0.0326227 0 0.0342845 0 0.00825469 0 0 0 0 0 0.0171863 0 0.00516484 0 0 0 0 0 0 0 0 0 0 0.0161135 0 0.0311583 0 0.0363387 0 0.0976962 0 0 0.0084175 0.00111588 0.000576565 0.224543 0.0359811 0.15548 0.0331978 0.161116 0.0440531 0.205314 0.0463539 0.0220017 0.0374469 0.405678 0.0487866 0 0.0480681 0.0490399 0.0328327 0.145354 0.0431892 0.374322 0 0 0 0 0 0.0566221 0 0 0.0406967 0 0.0294964 0.552151 0 0.328312 0 0.0285787 0 0 0 0 0 0 0 0.100796 0 0.0233234 0.126022 0 0.0434076 0.0214455 0 0 0.00684587 0.180277 0.0644104 0.194556 0.0421769 0 0.0526216 0 0.0134908 0 0.00263667 0.119642 0.13344 0 0.0366563 0 0.0378762 0.476187 0.0361857 0.00322804 0 0.214735 0 0 0.0588751 0 0.0402402 0.167394 0.0745621 0.204789 0.0290514 0.189827 0.0455726 0.0130001 0 0.000495774 0 0 0.0124639 0 0.0681892 0.116483 0.00329465 0 0.0777 0.00383824 0 0 0.165465 0.0562059 0.212904 0.104578 0.171373 0 0.0205537 0 0.0186218 0 0.0929001 0 0.116928 0.00208878 0.0450911 0.0267671 0 0 0.00744234 0 0 0.00136611 0.0166685 0 0.0525136 0 0.144703 0 0.122223 0.0729265 0 0.170251 0.0777922 0 0.0301411 0.0790614 0 0.303072 0.0252925 0 0.0202508 0.808268 0.000918841 0.495821 0.000981663 0.0188131 0.304345 0 0 0 0.012405 0 0.0671422 0.227878 0.0417685 0 0 0 0.0208526 0.474188 0 0.065068 0 0 0.00901889 0.00492545 0.00063021 0.118821 0.0620996 0 0.149691 0 0 0.101559 0 0 0.0630264 0.0904786 0 0.0169353 0 0 0 0.0772789 0.0171001 0 0 0.0396802 0 0.0470551 0 0.0274808 0 0.00775373 0.052639 0 0.110953 0 0.0882733 0 0.0781054 0 0.271354 0 0.173052 0 0.102803 0 0.0987113 0 0.0011886 0 0.00159961 0 0.0218267 0.201005 0.133357
168 11.6745 -0.00102597 0.0972995 0.0435925 0.482855 -0.0612311 13.7134 -0.26286 -0.054326 -0.0104363 0.10768 0.260417 -0.102578 0.0350726 -0.354225 -0.340516 -0.0715842 0.116472 -0.0741577 0.560282 0.60062 -0.0523284 -0.0636828 -0.198549 -0.31478 0.0416646 -0.0229721 0.0124439 -0.0736103 -0.0339898 -0.0392207 -0.111438 0.066594 -0.0503919 0.201742 -0.0368613 0.0571101 0.152849 -0.0172561 0.0395425 0.477611 0.25085 1.34838 0.170067 0.698006 0.0880758 0.0608003 0.154526 -0.0524667 -0.0527626 0.0521001 -0.26148 -1.38451 0.136349 0.703777 -0.0191755 -0.0589969 -1.29254 0.779234 0.386967 -0.109056 0.219878 1.38203 4.00078 0.356943 0.0352553 -0.484748 -0.641504 0.142204 -0.466061 1.5243 2.16095 -3.59716 0.177573 -0.0803291 9.60433 -3.6743 3.68276 -1.624 10.8176 9.08313 1.74386 -0.0345778 -0.120085 -1.50225 0.115154 0.107332 -1.0051e-11 -0.40025 -4.25463e-10 1.94205 0.871283 -1.06181 1.21819e-09 -1.9512 -0.355037 2.62657 0.195192 -0.293651 0.0467135 0.0918369 1.57995 -1.15394 5.42292e-09 -3.19512e-10 -6.69231e-11 -1.4352 1.45464 0.306763 0.312694 2.74655e-10 0.000224925 1.14932 0.476109 0.935117 13.7063 0.0508845 0.238394 1.25805 0 0 0 0.0408291 0 0.0912137 0 0 0 0 0.057595 0.104794 0.0644865 0.0553143 0.11242 0 0.060302 0.0807962 0 0 0 0.0260456 0 0 0.0454485 0.0218818 0 0 0 0 0.100984 0.00925369 0.0521885 0 0.16552 0.0770322 0.0179291 0.00872999 0.169859 0.0411301 0 0 0 0.030506 0.0138161 0.109456 0.0632055 0.146161 0 0.000293981 0 0 0 0 0.0148832 0 0 0 0 0 0.0189272 0.0219881 0 0.0132533 0 0.0102863 0 0.0736245 0 0.0338733 0 0.0497557 0 0.0509842 0.00209421 0.0443168 0 0.0244585 0.0123285 0.0140164 0.0152594 0.0345904 0.0681751 0.034017 0.0299967 0.071585 0.000434408 0.00026928 0.237762 0.0965906 0.231467 0.0703585 0.293632 0.088902 0.257677 0.0615276 0.0543784 0.00642489 0.201247 0.0832852 0.39478 0.10005 0.032013 0.0353308 0.0640634 0.01023 0.0118159 0.0123796 0 0.0261385 0 0 0 0.0160534 0 0 0 0.0392393 0.0745691 0.0397838 0 0.229205 0.00913318 0.106113 0.00595641 0.057364 0.169154 0.0611995 0 0.0662831 0 0 0 0 0.0107243 0 0 0.00405971 0 0.0215379 0.178551 0.0184425 0.270463 0.00703391 0 0 0 0 0 0 0.238187 0.203526 0.03316 0 0.0831203 0 0.550203 0 0.00331524 0 0.0967289 0.0569603 0 0 0 0 0.291876 0.213731 0 0.0947365 0.0456213 0.105082 0 0.0792146 0 0.101941 0.104503 0.024807 0 0.0292748 0.115589 0.0478243 0 0.0461258 0 0.0115296 0 0 0.13145 0.146186 0.0767175 0.143492 0 0.00159662 0.00416437 0.0687595 0 0.0918383 0 0.0483484 0 0 0.0170034 0.0245323 0.0976691 0 0 0.00109762 0 0 0 0 0.00234511 0.206943 0 0.0572246 0.0825442 0.139843 0.1062 0.0361643 0.00198999 0.0380857 0.0712127 0.232073 0.151941 0.103303 0.0350558 0 0.15652 0.0119146 0.0818194 0.0565769 0.165798 0.355624 0 0 0 0 0.0325502 0.0656924 0.32779 0.0630957 0 0.0383857 0.0779664 0 0.213611 0 0 0 0.0509797 0 0 0 0.185279 0.0166075 0 0.356254 0.869483 0 0.0741897 0.0304188 0.0120871 0.011234 0.0913007 0.0378478 0 0.000950036 0 0.00590722 0.151505 0 0 0.00328646 0 0 0.0418551 0 0 0 0 0.077953 0.0745277 0.182186 0.101413 0.157651 0 0.0372743 0 0.0708372 0 0.171404 0.0304567 0.123411 0.0315901 0 0 0 0 0.0020336 0 0 0.201813 0.151846
169 11.7078 -0.0200084 0.0943426 0.0846549 0.486843 -0.0540281 13.7602 -0.148959 -0.0625378 -0.0482193 0.0520995 0.296367 -0.00105515 -0.0552495 -0.0900574 -0.130877 -0.139644 0.127422 -0.11365 0.693262 0.345836 0.13726 -0.0650599 -0.112424 -0.203561 0.05602 -0.0279669 -0.00386056 -0.103215 -0.0091565 -0.0527613 -0.109293 0.0185254 -0.0500671 0.236291 0.00476917 0.029123 0.114492 -0.0506864 0.052405 0.465427 0.168968 1.3509 0.207757 0.701102 -0.0694611 -0.0297231 0.155317 -0.0208747 -0.0507461 0.139108 -0.308963 -1.3548 0.081328 0.646568 0.0254429 0.0119271 -0.141465 -1.26238 0.411312 0.0248544 0.292674 1.31996 2.5828 0.132978 -0.429647 -2.04808 0.65449 1.15631 -0.202166 -0.837959 -1.19453 -1.63767 0.641248 -0.582501 0.985271 -8.12818 4.51963 2.39715 4.67296 4.5342 0.262993 0.409961 0.526083 -1.1975 0.41763 -0.444653 -2.92801e-10 -2.30087 -9.10809e-10 0.74989 2.22234 -1.05883 -2.21571 -2.1598e-10 6.32641e-10 -2.25919 -1.46194 0.977943 -0.74649 -0.209695 -4.01375 -0.861492 2.4545e-09 -0.287204 -4.94365e-10 0.724873 2.33573 0.0207982 0.12902 0.455071 1.81089 0.0821381 0.477582 0.941624 13.7475 0.0382381 0.291155 1.19006 0.0302204 0 0.0362551 0 0.029482 0 0.0860082 0 0.182219 0 0.162839 0.129416 0.129345 0.141836 0.0761098 0.193574 0 0.00841181 0.0486451 0 0.0511216 0 0.0240255 0.000947514 0.0721581 0 0 0 0 0 0 0 0 0.0256299 0.0478471 0.109989 0.0110745 0.0123273 0.0675627 0.0641113 0 0 0 0 0 0.0516589 0.04473 0.0595878 0.00874255 0.091894 0 0 0 0 0.0433232 0.0389187 0 0.00955947 0 0 0 0.0171816 0.0741422 0.0912585 0.00580366 0.0376378 0 0.0343081 0.030606 0 0.0243148 0.0100488 0 0 0 0.013995 0 0.0270518 0 0 0 0.000353318 0.0209733 0.0302632 0.0939462 0.114334 0.000958927 0.000584971 0.199452 0.253885 0.13745 0.138165 0.173406 0.213969 0.126892 0.277793 0.0896899 0.0491842 0.142895 0.195212 0.151176 0.30934 0.0312598 0.0188901 0 0.408377 0 0.482007 0 0.122092 0 0 0 0 0 0 0.146267 0.00500062 0.172265 0.466089 0.140374 0.637313 0 0.544101 0 0.0763014 0.0438031 0 0 0.260327 0.0595805 0.431419 0 0 0 0 0 0.0191736 0 0.00241198 0.116673 0.0207942 0.199352 0.0117049 0 0 0 0 0 0 0.0353709 0.0225462 0 0.00993604 0 0.0520008 0.290781 0.0299728 0.0018943 0.00393458 0.220739 0.0490559 0 0 0 0 0.274033 0 0.054549 0 0 0 0 0 0 0 0 0.0442354 0 0 0 0.0483363 0 0.143122 0 0 0.186372 0 0.463988 0.0478361 0.106077 0.167758 0.209507 0 0.0371865 0 0.225895 0 0.300336 0 0 0 0.0827239 0.20761 0 0.242644 0 0.0586113 0.0457897 0 0 0.19136 0.0425403 0.191135 0 0 0.233525 0 0.0214827 0 0 0 0.0853179 0.00441931 0 0 0 0 0.0501396 0.602841 0 0.4017 0.100973 0.358585 0 0 0 0 0.0144353 0.0662385 0.255985 0 0 0.0208419 0 0.0235246 0 0 0.0298192 0.165079 0 0.154887 0 0.133872 0.147256 0 0 0.0976408 0.654711 0 0.024039 0 0.0513882 0.036764 0.0463218 0.012674 0.0212527 0 0.0169695 0 0.126144 0 0.038536 0 0 0 0 0.00357818 0 0 0 0.295809 0.023825 0.138895 0.0273256 0.159985 0.00155244 0.00153041 0.256855 0.11337 0 0.187953 0.0205761 0.0464838 0.187554 0 0.0393308 0 0 0 0 0.0223487 0.0954783 0.00925352
170 11.7411 -0.0279268 0.0645402 0.0943322 0.489995 -0.0467526 13.805 -0.0490311 -0.0624813 -0.0570376 -0.00859494 0.24416 0.0191682 -0.0418267 -0.0590001 -0.182096 -0.163598 0.0971176 -0.126666 0.618846 0.248156 0.320511 -0.065312 -0.0153537 -0.0963712 0.0513227 -0.0443745 -6.31242e-05 -0.120256 0.00940701 -0.0481132 -0.103584 -0.00996881 -0.0501952 0.231231 0.038522 0.0190187 0.137127 -0.0268152 0.0545449 0.441417 0.1918 1.31563 0.186971 0.699601 0.0720355 0.0629768 0.155262 -0.0176444 -0.0343095 0.231416 -0.318738 -1.35635 0.0244753 0.671564 0.00490189 -0.0562207 0.0214156 -0.623266 0.205714 -0.0167534 0.0181238 1.3224 2.37705 0.118716 -0.280734 -0.719092 -2.41431 0.519801 -0.214754 0.63961 -1.49894 -1.09203 -1.16608 -0.258455 -2.67197 -1.64547 4.30894 -1.95829 2.46738 2.8645 -0.565005 -0.536911 0.15343 -0.288694 0.436898 0.120061 -5.01516e-10 -0.277525 -3.77174e-10 -0.126466 0.277268 -0.278642 -0.0540481 0.639349 8.83288e-11 -0.128015 -0.177939 -0.784147 0.137257 -0.247344 2.84795 0.778048 -0.0397509 -0.628746 1.0839 2.48813 2.15508 -1.27715 0.0209254 1.04828 -0.066486 -1.2207 0.478904 0.947441 13.7869 0.0380614 0.0254521 1.18194 0.0253229 0 0 0 0.0219646 0 0.0347583 0 0 0.0508284 0.0917918 0 0.06591 0 0.0408894 0 0.0492753 0.0735053 0.120292 0 0.133036 0 0.129617 0 0.224124 0 0 0 0 0 0.00296033 0.103189 0 0.0666305 0 0.254315 0.00229263 0.0101907 0.0038246 0 0.136675 0 0 0.1705 0.0965796 0.0888397 0.0869665 0.0754468 0.0684666 0.0488942 0 0 0.0324019 0.00123605 0.0641612 0.0274692 0 0.00908412 0 0 0.0154116 0.0492796 0.0304463 0.0307446 0.00746625 0.0206622 0 0.108937 0 0 0.0277357 0.0476594 0 0.00777806 0.0250171 0.0424308 0 0.0517155 0.0107778 0.0121241 0.0122094 0.0313482 0.0551878 0.04121 0.0277128 0.0753591 0.000597492 0 0.144992 0.11948 0.0983744 0.0429183 0.124693 0.099621 0.0616855 0.116222 0.0398914 0 0.0891173 0 0.0901075 0.0549188 0.035013 0.0187437 0 0.214408 0 0 0 0 0 0 0 0 0 0.0379705 0 0.0253018 0 0.278337 0.117581 0.118017 0.138578 0.0181971 0 0 0.0153167 0.111957 0.1724 0.0365055 0.316138 0.00671881 0 0 0 0 0 0.0269405 0.0112276 0.00433942 0.153117 0.0626843 0.103798 0 0 0 0 0 0.0150845 0 0 0.0587766 0.0194 0 0.104691 0 0.195946 0.0457203 0 0 0 0.0911464 0.0278794 0 0 0 0.115994 0.089503 0.0314734 0 0 0.124881 0 0 0 0 0.0908326 0.038466 0.0178243 0 0 0.0344629 0.183669 0.122872 0.00311576 0 0.258563 0 0.172439 0.111926 0.137022 0 0.0183259 0 0.0309299 0 0 0.00624467 0 0.0696098 0.0978844 0 0.206534 0 0.22998 0.0404847 0 0.0363879 0.0139475 0.0436889 0.288509 0 0.162319 0.0933218 0 0 0 0.0905098 0 0.332764 0 0 0 0.0376013 0 0 0 0 0 0 0 0 0.165876 0.119473 0 0 0 0 0.0869396 0.0950572 0.105243 0.00538807 0 0.022273 0.0358913 0.0460573 0 0 0.0478197 0.0464011 0.138489 0.00600656 0.117772 0 0.129747 0 0 0.355905 0.147898 0 0 0.0098335 0.116945 0.0358944 0 0.0244453 0.0044082 0 0 0 0.00970159 0 0 0 0 0 0 0 0 0 0.171322 0.0216046 0.311034 0 0.418457 0.0224005 0.0285371 0 0.189243 0.0265333 0 0.0995575 0.0409266 0.00137664 0 0.0560192 0.0538562 0 0 0 0.00322458 0 0.062712 0
171 11.7745 -0.0023565 0.0443838 0.0852518 0.490781 -0.0459287 13.8447 0.01037 -0.0457003 -0.0459917 -0.0803924 0.25507 0.019773 -0.0356599 -0.119139 -0.116452 -0.253667 0.0582597 -0.111017 0.540753 0.230406 0.399919 -0.0336234 0.0522465 -0.0280018 0.0351871 -0.0656513 0.00563443 -0.151866 0.0369695 -0.0262013 -0.10489 -0.0615527 -0.0498948 0.221946 0.0901891 -0.00607306 0.129518 -0.0337758 0.0539559 0.443813 0.196315 1.28567 0.211099 0.697241 0.0904265 0.104776 0.154461 -0.0292368 0.00232922 0.242406 -0.223686 -1.41871 0.0652391 0.710555 0.0122541 -0.103507 0.732078 -0.82829 -0.402128 -0.0437995 0.0586858 1.1177 1.81779 0.767351 0.46191 -2.61337 1.23677 0.0235116 -0.0410011 -1.0859 -1.48177 -2.97239 -1.25354 0.464984 -2.25688 -1.0199 1.95959e-10 1.78673 1.99012 2.05097 -0.264931 -0.337369 0.12612 -0.894156 0.710211 0.830632 -1.79632e-09 -1.34687 -4.57441e-10 -0.323747 1.15236 -0.918716 -1.1263 -0.615243 4.7134e-10 0.149607 -0.0735458 -0.488392 -0.169349 -0.186456 0.0264183 0.21325 3.37173e-09 0.984052 0.676204 0.606285 0.879683 -1.42313 0.335447 4.42072e-10 -0.904877 -0.216745 0.480047 0.947789 13.8262 0.029474 0.0587047 1.16419 0.0751876 0 0.0501013 0 0.0657807 0 0.0682525 0 0.00903343 0.00254079 0.152177 0 0.123297 0 0.0871994 0.00363674 0.0409285 0.0502757 0.24275 0 0.284117 0 0.30319 0 0.43175 0.012984 0.117269 0 0.113714 0 0 0.00830833 0 0.00756029 0 0.0760255 0.000886249 0.00839241 0 0.0331445 0.311116 0 0 0.0944031 0.10104 0.00858521 0.0494035 0.117217 0.0880256 0.0785873 0 0 0.06707 0 0.091152 0.0392563 0 0 0 0 0.00304737 0.00587021 0.0471141 0.0552191 0.00742657 0.0174207 0.0760132 0.0645027 0.0706947 0 0.0911816 0 0.0350494 0 0.0153344 0.0047289 0.0674455 0.00546152 0.00585799 0.00762755 0.00785919 0.00643415 0.0346861 0.0668756 0.0617713 0.0628488 0.00097614 0 0.0895539 0.196014 0.0593472 0.0893327 0.0776976 0.15533 0.0295029 0.216855 0.086682 0.0871255 0.0367516 0.122876 0.034443 0.243669 0.0514766 0.0401403 0 0.598075 0 0.461297 0 0.0279896 0 0 0 0 0 0 0.116495 0.00696527 0 0.45828 0 0.374322 0 0.230038 0.0921639 0 0.0637046 0.0300443 0 0.168562 0.020472 0.239655 0.177302 0 0.23527 0 0 0.01283 0.00663285 0.00552698 0.179116 0.0883903 0.14129 0.00205652 0 0 0 0 0.024948 0 0.0126309 0.0670798 0.106984 0 0.169245 0 0.316341 0.041776 0 0.00391937 0.0405909 0.0632622 0.0572995 0 0 0 0.0501257 0.109453 0.0250097 0 0 0 0.05443 0 0.0684254 0 0.204625 0.0300236 0.22551 0 0 0.048391 0.183944 0.10345 0.0021752 0 0.481251 0 0.409739 0.175508 0.169397 0.139141 0.101296 0 0.0340536 0 0.0408926 0 0.0887076 0 0.0719192 0 0.0247633 0 0.117088 0 0 0.0215516 0 0.0606045 0.39112 0.011781 0.147565 0.0865911 0 0 0.0321185 0.262582 0 0.549711 0 0 0.0668534 0.563968 0 0 0 0 0 0.36408 0 0.0723473 0.145934 0.0770643 0 0 0.00370354 0 0.0647177 0.0731592 0.0835568 0.0296257 0 0.0125869 0.158975 0.0154142 0 0 0 0.103821 0.11483 0 0 0.0105577 0.232964 0.0179177 0.128095 0.0721316 0.14156 0.016572 0 0 0.194514 0.0537916 0.00914603 0 0 0 0 0 0 0 0 0 0 0 0 0 0 0 0.212265 0.194971 0.419014 0.0536933 0.480099 0.102357 0.0240976 0 0.462964 0 0 0.135294 0.0863536 0 0.122674 0 0.0196348 0 0 0 0.019222 0 0.119017 0
172 11.8078 0.0161536 0.00645308 0.0794571 0.489603 -0.0485606 13.88 0.0461536 -0.0606717 -0.0392912 -0.10291 0.206853 0.0856865 -0.0437316 -0.108461 -0.105793 -0.350322 0.0527651 -0.0793463 0.469036 0.123982 0.393693 -0.0976257 0.0961884 0.0202007 0.00942352 -0.0616232 0.000892922 -0.134685 0.0449815 -0.00931549 -0.10284 0.0211234 -0.0507969 0.194808 0.0177102 -0.00490534 0.156974 0.0154064 0.0406709 0.307274 0.133893 1.31841 0.293453 0.711819 0.0304275 0.032655 0.140144 -0.0289909 0.00110442 0.382839 -0.198417 -1.40414 0.179509 0.688935 -0.020561 -0.108755 0.0589981 -1.11868 -0.148935 -0.0803816 -0.193086 1.02602 1.24932 -0.551494 0.147199 -4.3782e-10 -3.35548 1.58576 -0.333489 1.76948 2.40615 -2.6587 -0.32779 1.10505 -1.77861 -2.97439 -1.82218 -1.75114 1.07854 0.864993 -0.242902 0.0939807 -0.0670256 0.702768 0.203674 0.294954 -1.3954e-09 1.28956 0.200406 -0.538904 -1.04211 -0.212026 4.47304e-09 0.00724815 -0.913056 -0.414233 2.14593 0.707521 0.736418 2.28939e-10 0.357895 -0.942896 -0.441584 0.337383 -0.283483 0.841898 1.33025 0.0388739 0.0391336 -1.54262 -2.27729 0.609761 0.481234 0.945921 13.865 0.0376489 -0.170863 1.16285 0.04439 0 0.0204765 0 0.0209411 0 0.0593052 0 0.0228878 0.0612882 0.0351702 0 0.024421 0 0.0146418 0.0204088 0 0.0471914 0.0482976 0 0.0361092 0 0.070455 0 0.107019 0 0 0 0 0 0 0.0107554 0 0.00500593 0 0.00640192 0.00698008 0 0 0 0 0.281887 0 0 0.195887 0.043457 0.0713459 0.00241126 0 0.104619 0 0.00242687 0 0.0309749 0.0194722 0.0746072 0 0 0.00205317 0 0.0129293 0 0.0747743 0.0232131 0.0377594 0 0.0147342 0 0 0 0.0120169 0 0.0315232 0 0.045611 0 0.010153 0 0 0 0.0285246 0 0 0.0126488 0.135761 0.0305028 0 0.000646459 0.0266735 0.0757516 0.0232702 0.0489396 0.0289407 0.0542725 0.0104062 0.0787298 0 0.111423 0.0193325 0.0487956 0.0233913 0.065873 0 0.0616209 0.0302213 0.24359 0 0.141152 0.0265216 0.0806571 0 0 0 0.0159524 0 0.00157539 0 0 0.0664411 0.205437 0.082965 0.202283 0.155248 0.14824 0.0202585 0.0318049 0 0 0.196312 0.0493657 0.191586 0.0610773 0.18369 0.00358649 0 0 0.0115206 0 0 0 0.0606047 0.175239 0.0286192 0.00241913 0 0 0.000472906 0 0.0338817 0 0.00318144 0.00498417 0.00579919 0.00276127 0.0389927 0.0061904 0.139326 0.168854 0 0.00331008 0 0 0.00882732 0.0723266 0.0210231 0.0280075 0.0764942 0 0.00562406 0.0576997 0.00897822 0 0 0.00284411 0 0 0 0 0 0 0.0118728 0.0552313 0.143612 0.0541263 0.00136889 0 0.255221 0.0557448 0.152241 0.098714 0.132274 0 0.0333438 0 0 0 0 0.0039171 0.00883175 0.0229116 0.094784 0.0469117 0.00416605 0.0963297 0 0.0839183 0 0 0 0.0344009 0.268474 0 0.145485 0 0.0690966 0 0 0.000272248 0.109591 0.0203897 0 0 0 0.0113565 0.0120848 0 0.0185655 0.0149358 0 0.162551 0 0 0.107109 0 0 0 0.00514611 0 0.0522885 0.0306649 0.0432349 0.0407833 0.0294122 0 0 0 0 0 0.000854723 0 0.003802 0.0194354 0.0121331 0.0272159 0.0205158 0.195544 0 0.404927 0.0496829 0 0.0387629 0 0.0202866 0.102494 0.0383124 0.00296825 0 0.0393414 0 0.00131656 0 0.144362 0 0.028563 0 0.0471749 0 0.0633413 0 0.0541549 0.121699 0.000122795 0.124512 0.00631166 0.173086 0.0136031 0 0 0.22213 0.0409994 0.0410653 0.00925077 0.0196942 0 0.0354582 0.0270328 0.0271086 0.00755117 0 0 0.0225311 0.004506 0.0479245 0.0506177
173 11.8411 0.0140707 -0.0446025 0.0699842 0.487303 -0.0601987 13.9147 0.0938846 -0.0515343 -0.027612 -0.10291 0.0610741 0.0916065 -0.0414893 -0.0227058 0.0119637 -0.394578 0.0548156 -0.0293412 0.326313 0.132485 0.326643 0.00787442 0.108097 0.0252371 0.00212606 -0.0484481 0.000661887 -0.102923 0.0470326 0.000497404 -0.102172 0.0444325 -0.0435763 0.184583 0.0124088 -0.0148584 0.152364 0.0420114 0.0247686 0.240091 0.139216 1.34856 0.348439 0.696658 0.0355731 -0.00220831 0.150854 -0.0267142 -0.0258262 0.460767 -0.205672 -1.36317 0.222494 0.64452 -0.00919829 -0.0910633 -0.104704 -1.47021 -0.418697 -0.0655791 -0.451156 1.02699 1.48177 0.322179 0.386486 -4.1273e-10 -5.25577 0.266337 -0.136996 3.48416 4.73766 -1.34847 -0.343585 1.66144 -4.00902 -0.649089 -2.52602 2.79803 0.740468 0.750654 -0.0302049 0.262297 0.108981 0.790798 0.0800737 0.322906 -9.04823e-10 0.864144 0.315877 -0.234907 -0.438108 -0.353304 1.46216e-09 0.172154 -0.276584 -0.76011 2.29878 0.234997 0.374215 -0.939097 0.512271 -0.4491 8.3678e-10 -0.0175957 -0.897873 0.414957 1.07354 0.48762 -0.101439 -0.850822 0.460056 0.198605 0.482659 0.935412 13.9035 0.0373156 -0.42577 1.14498 0.0294404 0 0.00821715 0 0.0125685 0 0.0459277 0.0173529 0.0823274 0.011522 0 0 0 0 0 0.00173641 0.0308123 0.0295799 0.0630382 0.116127 0.0763114 0.122358 0.0925209 0.174114 0.135504 0.189859 0.0432819 0.0617184 0.0602357 0.107112 0 0 0 0 0 0 0 0 0 0 0.0489933 0 0.131543 0 0.0793818 0 0.0308384 0 0.029599 0 0 0.0164236 0.00958606 0 0.0269554 0.0121582 0.00564992 0 0.000495465 0 0 0 0.0352088 0.0159431 0.016729 0.0147453 0.0305585 0 0.0108416 0 0.0163248 0 0.0498725 0.00725052 0.0258941 0.0192917 0.0501825 0 0.00180169 0.00240067 0.0234758 0.0257698 0 0 0.0881375 0.082213 0 0.000461891 0.00390486 0.0700809 0.00219669 0.054499 0.00256337 0.0604625 0.000107989 0.100997 0.00108129 0 0.00746763 0.0586904 0.00646901 0.0648689 0.0185265 0.0155231 0.0845018 0.00230707 0.000729225 0.280503 0 0.018214 0.00127448 0 0 0 0 0 0 0 0 0.11804 0 0 0 0 0.028871 0.00309655 0 0.00830049 0.0252071 0.0936217 0 0.127162 0.159444 0.0706216 0.0118742 0.00506538 0.00255813 0 0 0 0.0555125 0.0885598 0 0 0.00234729 0 0 0 0 0.00143471 0 0 0.0218826 0.0213938 0.0336454 0.0302972 0.0847163 0.160249 0 0 0 0.0132058 0.0135408 0 0.0214794 0 0.016972 0.109789 0 0 0.000505984 0 0 0.012343 0 0.0126207 0.00581481 0.0105486 0.0138833 0 0 0.00583867 0.0680194 0 0.0027933 0 0.215665 0.161454 0.161205 0.0233228 0.0348706 0.0547041 0.0568259 0 0 0 0.0448764 0 0.0812925 0.00852417 0.0827361 0.118581 0.0170511 0.388518 0 0.369588 0.001389 0 0.00192467 0.0139189 0.0684297 0.0886154 0.0809959 0.01506 0.0436104 0 0.240318 0 0.309095 0 0 0 0.183308 0 0 0.00326369 0.0143076 0 0 0.188842 0.00161887 0.00222242 0.0863473 0.0389987 0 0 0.013995 0 0.0205566 0.0048753 0.0153725 0.0902358 0.00145368 0 0.0118976 0.0142516 0 0 0 0.000368047 0 0.121087 0.00854679 0.0764128 0.0320431 0.0497683 0.307662 0.18398 0 0 0.0026267 0.039606 0.03578 0 0 0.0211088 0 0.0397316 0 0.0396627 0 0.120547 0 0.0352166 0 0.044095 0 0.0644329 0 0.0645396 0.0372978 0.127737 0.0722248 0.171909 0.101811 0.215233 0 0 0.174357 0.0954089 0.0149073 0.0408275 0 0 0.0941527 0.0122949 0.0359568 0.0200888 0 0 0.0124627 0 0.030347 0.0428796
174 11.8745 0.0118202 -0.100874 0.0371984 0.484387 -0.0734016 13.9508 0.144607 -0.0648252 -0.000592337 -0.10291 -0.056788 0.162996 -0.0341075 0.0418034 0.0993783 -0.373275 0.0455113 0.0463308 0.0754018 0.104782 0.354625 -0.0200247 0.172634 0.0927094 0.00323355 -0.0297668 0.0236171 -0.0840281 0.0467282 0.0092556 -0.10097 0.0916188 -0.0334057 0.175135 -0.0242818 -0.0265185 0.153168 0.0363103 0.0507972 0.131612 0.1401 1.35142 0.377509 0.697106 0.0634485 0.00958512 0.150484 -0.0284419 -0.0512221 0.449838 -0.161784 -1.36787 0.199768 0.676473 0.00754579 -0.07749 0.00507549 -0.947974 -1.3562 -0.0172324 -0.246035 1.14446 1.41615 -0.125413 1.24342 -8.40409e-10 -1.38043 1.20512 -0.0640014 -0.0057344 -0.0253572 0.352417 -0.493752 2.20463 -6.35703 -3.13117 -0.592917 -1.87957 2.30945 2.29926 -0.342483 0.574656 0.362566 0.598271 -0.430154 1.08156 -1.98986e-09 5.41737 0.0463983 -0.29772 -5.17908 0.634586 5.2386e-09 -0.996412 1.15065e-09 -1.85503 2.82345 0.986346 -1.27374 -1.8943 0.150913 -2.32691 0.508232 -0.64186 -3.3876e-11 1.02553 0.234908 -0.986068 0.381313 1.10197 2.34004 0.363527 0.483675 0.922951 13.9416 0.0163679 -0.215443 1.16046 0.197307 0 0.179806 0 0.157784 0 0.156042 0 0.0106913 0.0170158 0.164838 0 0.125675 0 0.0820185 0.0352002 0.0253822 0 0.243376 0.0942258 0.328488 0.0579671 0.358858 0.134463 0.435392 0.116237 0.347424 0.0177559 0.369066 0.0337637 0.112458 0 0.0482799 0 0 0 0 0 0.0851931 0.0332026 0.172398 0.0512591 0.317743 0 0.0736925 0.0525235 0.024053 0.0103328 0.169438 0.126185 0.014955 0.00507705 0.0377078 0 0.0362449 0.0879647 0.0111575 0 0.00134548 0 0 0 0.0239808 0.0636002 0 0.0153064 0 0 0 0 0.000697564 0 0.0442929 0.0131667 0 0 0 0 0 0 0 0 0.00318176 0 0 0.0908974 0 0.00188589 0.0433107 0.107865 0.0340254 0.0760357 0.0426152 0.0878143 0.0335011 0.179691 0.177772 0.0985173 0.0296505 0.00973618 0.0346486 0.100006 0.0904837 0.0356488 0.0370176 0.438415 0 0.351262 0 0.0145469 0 0 0 0 0 0 0.0388611 0 0 0.446483 0 0.287555 0 0.0634411 0 0 0 0.0137338 0 0.202036 0 0.307229 0.357938 0.057057 0.0243278 0 0.01191 0 0.00992584 0 0.0795827 0.296418 0.0596394 0 0.0551987 0.00940293 0.00478578 0 0 0 0.0924429 0.0507962 0.0354576 0.0163937 0.0117063 0.0330313 0 0.289896 0.00243189 0 0.0307884 0.0469493 0.0559191 0 0.0539946 0.0203559 0 0.364539 0.00215694 0 0 0 0 0.0361966 0 0.0411908 0 0.0109391 0.0249229 0 0.0016376 0.0309505 0.0320496 0 0.00297479 1.19898e-05 0.229166 0.294005 0.140693 0.233014 0.146453 0.215901 0.169366 0 0.00874724 0 0.0826485 0 0.0557573 0 0.096335 0 0 0.534525 0 0.465013 0 0 0.0272249 0 0.125805 0.151407 0 0.0862167 0 0.0816125 0.406204 0 0.422856 0 0.00693981 0.0778601 0.241467 0 0 0.0473921 0.0461366 0.0157359 0.00581189 0.319618 0 0 0.401121 0.0339908 0 0 0.0046748 0.00470195 0.000424709 0 0 0.26038 0 0 0.00740498 0 0 0 0 0.0442019 0 0.154327 0 0.142476 0.059686 0.154184 0 0.039123 0.0290275 0 0 0 0.0423372 0 0 0 0 0.0395516 0 0.0234236 0 0.124552 0 0.00726614 0 0.0457522 0 0.0516896 0 0.058915 0.0971157 0.241386 0.135993 0.240195 0.0994045 0.290229 0.104219 0 0.540923 0 0.456528 0 0.174082 0 0.0778651 0 0.066673 0 0.00139819 0 0.0563796 0 0.0770358 0.217707
175 11.9078 0.00213832 -0.132835 0.00121702 0.481714 -0.0823174 13.9897 0.204742 -0.0713977 0.0272409 -0.10291 -0.102805 0.203428 -0.0339779 0.102612 0.0914605 -0.367333 0.0701479 0.0998608 -0.0310644 -0.0277128 0.201028 -0.0121797 0.216932 0.137659 0.00471998 -0.0140126 0.0411272 -0.0654206 0.0444346 0.0210197 -0.101815 0.127185 -0.00979342 0.168859 -0.0535424 -0.0454458 0.152882 0.0477054 0.051673 0.117295 0.143212 1.37617 0.458021 0.687307 0.0361262 -0.0213393 0.153126 -0.0504658 -0.052804 0.488692 -0.156078 -1.38803 0.218898 0.703618 -0.00774167 -0.0785589 -0.283434 -1.03218 -0.830284 0.0990382 -0.269391 1.18864 1.76727 -0.144124 0.438799 -7.66935e-10 -1.4872 1.2189 0.127391 -0.0200492 -0.0112092 -0.0494361 0.683318 1.27847 -1.55129 -2.6939 -6.46826 2.10906 0.745168 0.688268 -0.106749 0.544543 0.414665 0.577783 -0.109051 0.208187 -1.30668e-09 0.640451 0.491545 -0.223042 -0.482388 -0.162228 4.05482e-09 -0.308792 2.09218e-10 0.377739 1.38768 0.677566 0.296331 -0.373282 1.43493 -0.186737 1.20933e-09 0.0108841 -3.11369e-10 0.19982 0.0932291 -0.73555 0.09629 2.98424e-10 -0.784072 0.0216168 0.484376 0.915796 13.9801 0.0184445 -0.224649 1.14792 0.0287534 0.00632099 0.0125957 0.00570557 0.00773002 0 0.0314443 0.0206627 0.114865 0 0 0.019147 0 0.0276593 0 0.049333 0.0970825 0.0196295 0 0.309882 0.0203336 0.318016 0 0.399906 0.00299638 0.431002 0.0534108 0.225744 0.0629967 0.35444 0.141633 0 0.126965 0 0.154214 0 0 0 0.0343186 0.042803 0.0606488 0 0.418061 0 0.0342368 0.0461874 0.0102694 0.0349604 0.0797809 0.00281187 0 0.0435657 0.0295842 0 0.0255219 0.0195349 0.0337658 0 0.00606029 0 0.00576467 0 0 0.024765 0 0.0152376 0 0 0 0 0 0 0.0226836 0.0394978 0.0257185 0.0153072 0 0 0.0156305 0.00160152 0.0298132 0.0234216 0.0397276 0 0 0.0934075 0 0.000673838 0.0320383 0.136679 0.0278947 0.113347 0.0304626 0.113059 0.0161113 0.210137 0.0101563 0 0.00967955 0.0920261 0.0150406 0.100371 0.0398579 0.00845773 0.0756808 0.353625 0.00785808 0.206575 0 0.0108602 0 0 0.0328134 0 0.0272979 0 0.141772 0 0.164801 0.490417 0.0243407 0.169175 0 0 0 0 0 0.0586665 0 0.286438 0 0.424845 0.059986 0.15397 0 0.0123388 0.0646477 0 0.0126114 0 0.042704 0.212915 0 0.0649645 0.0541936 0 0.01175 0 0 0 0.0151764 0 0 0.0526306 0.00224643 0.0532433 0 0.344113 0 0 0.103908 0.12883 0.0474301 0 0.058316 0 0.0326408 0.226763 0.016698 0 0 0 0 0.0478215 0.006624 0.0547811 0 0 0 0 0 0.0573043 0.133989 0 0.00136132 9.53025e-05 0.17667 0.401926 0.303491 0.105776 0.0766844 0.191458 0.0981741 0.00886359 0 0 0.131121 0.00145781 0.200669 0 0.0231888 0.115015 0 0.764407 0 0.722455 0 0 0 0 0.00963299 0.233807 0.161735 0 0.180062 0 0.495808 0 0.374476 0 0.00634616 0.0104641 0.280668 0 0 0.0656102 0.0529986 0.0272812 0.00439532 0.355083 0 0 0.227953 0.0426187 0.010662 0 0.0807095 0 0.0390562 0 0.00156994 0.229512 0.0622902 0 0 0.048832 0 0.0255419 0.0197586 0.0424759 0 0.273442 0 0.229848 0 0.115005 0 0.0899628 0.0282786 0 0 0.0695975 0.0171046 0 0 0.0426545 0 0.0819844 0 0.026169 0 0.239289 0 0.0502526 0.00225534 0.069515 0 0.0999739 0 0.0979398 0 0.330883 0 0.42665 0 0.526857 0 0 0.169249 0.0757527 0.0672754 0 0 0.00491487 0.136366 0 0.0243358 0.0110088 0.0132543 0 0.0698365 0 0.0527679 0.150258
176 11.9411 -0.012022 -0.149501 -0.0100245 0.48133 -0.0913424 14.0308 0.262866 -0.0641484 0.0258485 -0.0886481 -0.159854 0.213061 -0.027689 0.100316 0.0898389 -0.370831 0.0860058 0.103947 -0.0288067 -0.0439065 0.049032 0.0438963 0.2172 0.142037 0.00211735 -0.00174737 0.0405147 -0.0462379 0.0495677 0.022572 -0.100381 0.178108 0.00688876 0.173332 -0.0944609 -0.0565509 0.152816 0.0502821 0.0518709 0.113793 0.163081 1.39664 0.481614 0.675119 0.0757419 -0.028772 0.153346 -0.0419138 -0.0521456 0.444055 -0.153293 -1.40674 0.183136 0.693422 0.0136837 -0.095138 -0.315526 -0.316635 -0.157579 0.201516 -0.307641 1.23995 1.4368 0.26662 -0.284007 0.80194 -1.93806 -0.0369198 -0.0645512 -0.0174215 -0.0129941 -0.0224066 0.237906 -0.258263 0.590419 -1.75891 -2.44737 0.16177 0.390996 0.42149 -0.270538 0.523757 -0.0803621 0.53995 0.0860492 -0.0242278 -1.14446e-09 1.05225 0.394196 0.142537 -0.736722 -0.0861522 7.91702e-09 1.71968e-10 5.63573e-10 0.316316 0.472866 0.443741 0.254544 -0.443909 0.943111 -0.119917 7.5282e-09 0.130974 -7.33114e-10 -0.375551 -0.374392 0.0224725 0.0292367 0.365981 1.21616 -0.455146 0.485033 0.907957 14.0187 0.0185888 -0.266317 1.15897 0.00906141 0.0185625 0 0.00531416 0 0.00152258 0.0215418 0.0356963 0.11905 0.00954056 0 0.0414411 0 0.0621899 0.00338064 0.0735198 0.0865198 0.0590091 0.00747648 0.255339 0.027394 0.26237 0.0203553 0.360913 0.0259171 0.375272 0.0779431 0.143865 0.0884765 0.260555 0.118414 0 0.131159 0 0.175992 0 0 0.00722091 0.0733638 0.203203 0 0 0.347149 0 0 0.00608337 0.00468638 0.00326897 0.0159403 0 0 0.0432146 0 0 0.00565506 0.00199714 0 0 0.00260214 0 0.0216324 0.0201393 0 0 0 0.00889696 0.0250103 0 0.0155648 0 0.0205157 0 0.0604463 0.00952121 0.0501992 0.0393084 0.0301974 0 0.0170076 0.0153977 0.0443768 0.0477192 0.0209006 0 0.0117378 0.075033 0 0.00084064 0.00643704 0.0807714 0.00323536 0.0640944 0.00574568 0.0722495 0.0130105 0.120763 0 0 0.00294038 0.0434157 0.00312476 0.0475874 0.0161188 0 0.022187 0.043729 0.0332072 0.441704 0 0.00826364 0 0 0.0428491 0 0.0417075 0 0.150681 0 0.127678 0.404672 0.0466134 0.0913094 0 0 0 0 0.00652083 0.0556605 0 0.188768 0 0.299387 0.0207105 0.166659 0 0.00826784 0.092988 0.00511052 0 0 0.0331723 0.200968 0 0.0640594 0.0426978 0 0.00521262 0 0 0 0 0 0.000778259 0.0315636 6.16518e-05 0.0422945 0.056745 0.326616 0 0 0.10019 0.0888169 0 0 0.00848578 0 0.0887465 0.146008 0 0 0.000218437 0 0.017238 0.0362739 0.0170274 0.0368123 0 0.00187542 0 0 0 0.0074215 0.120223 0 0 0 0.132995 0.353771 0.23068 0.0598642 0.0441795 0.112813 0.0391324 0.0343702 0 0 0.124656 0.00662771 0.219165 0.000917705 0.0781765 0.162806 0 0.644639 0 0.617556 0 0 0 0.00337121 0 0.165758 0.18443 0 0.177729 0 0.36283 0.0640953 0.197523 0 0.00431396 0 0.142546 0.00165716 0.221872 0.273786 0.054229 0.00145643 0 0.289712 0.00368371 0 0.243274 0.0694358 0 0 0.0597292 0 0.0251284 0 0.0475735 0.187559 0.143417 0 0 0.0341345 0.193226 0.382525 0.00678646 0.00213251 0 0.233425 0 0.157568 0 0.0885927 0.170786 0.251945 0 0 0 0.130017 0 0 0 0.11014 0.00582716 0 0.00230402 0 0.0219764 0.0215825 0 0 0.00688974 0.00675732 0.00937283 0.0114649 0.00942516 0.00817107 0 0.270634 0 0.395188 0 0.462076 0 0 0.0921547 0.120424 0.0787879 0.0227712 0 0.00692365 0.163283 0 0.0234561 0.0239058 0.0101909 0 0.00753506 0 0.0554453 0.165826
177 11.9745 -0.0248255 -0.156615 -0.0195432 0.481956 -0.101123 14.0733 0.296193 -0.0632451 0.02045 -0.0292393 -0.212776 0.211946 -0.00223753 0.0437754 0.0405614 -0.369262 0.0976617 0.0919877 0.0138413 -0.0490444 -0.00976617 0.030023 0.224299 0.148997 -0.00375339 0.00434192 0.0405266 -0.0303662 0.0535915 0.0220525 -0.102519 0.170496 0.0200227 0.185977 -0.0938198 -0.0604635 0.152816 0.0502821 0.0518709 0.0929968 0.184029 1.41052 0.461018 0.673544 0.078385 -0.00159321 0.153415 -0.0392254 -0.0519385 0.428748 -0.15632 -1.40492 0.178205 0.68871 0.026329 -0.074628 -0.364646 -0.0775128 -0.395074 0.227409 -0.305291 1.29621 0.980086 -0.0437509 -0.0117634 1.79657 -1.00948 0.179542 -0.13126 -1.29157 -1.77057 0.354987 0.319065 -0.272264 1.24403 -0.65945 -0.884094 -0.826924 0.550603 0.460159 -0.324103 0.14415 0.076024 0.447173 0.101551 0.0777928 -1.84148e-09 -0.368584 0.300047 0.262612 0.00741002 -0.0306941 9.49233e-09 6.1551e-10 7.80067e-10 0.0244322 0.490526 0.196506 -0.453856 0.271854 -0.684448 0.49442 5.94214e-09 -0.0735673 -6.38824e-10 -0.00214529 -0.153514 0.312794 -0.0297314 -0.258763 0.216577 0.168105 0.485715 0.898704 14.0578 0.0228023 -0.26492 1.18545 0.0398177 0 0.0207889 0 0.00835971 0 0.0562683 0.0238941 0.143506 0.0186606 0.00409155 0.0216573 0.0017079 0.0560022 0 0.0841769 0.0631025 0.0951695 0.000132993 0.145932 0.00838542 0.109767 0.00260841 0.217579 0.00333475 0.156588 0.0186846 0.0230529 0.0229134 0.0696359 0.0531947 0 0.067357 0 0.0982519 0 0 0.00836057 0.0634854 0.307648 0 0 0.164584 0 0 0.0228367 0.00343209 0.0111576 0.0132431 0 0 0.0371038 0 0 0.00964639 0 0 0 0.00228199 0 0.00831761 0.0216603 0.000272373 0 0.00451135 0 0.00869793 0 0.000579033 0 0.00527438 0 0.0443726 0 0.0358258 0.0340754 0.0159098 0 0.0103687 0.023176 0.0336283 0.047272 0.000139672 0.0233349 0.0308408 0.0455769 0 0.0014634 0.00842313 0.0946374 0.00484067 0.0682174 0.00624069 0.0930844 0.0128891 0.208866 0 0 0.00362474 0.0828652 0.00382316 0.0859652 0.0152798 0.0152699 0.0185316 0.193099 0.0230104 0.619549 0.00671384 0 0.0191141 0 0.0560056 0 0.0247099 0 0.0807671 0 0.0772809 0.640083 0.0338036 0.247558 0 0 0.002264 0 0.0146671 0.0176034 0 0.163664 0 0.367332 0.00811635 0.0696405 0 0 0.0697693 0.0141542 0 0 0.0677944 0.259015 0 0.0917906 0.0813828 0 0.00540087 0 0 0 0 0 0 0.00430176 0 0.00749816 0.115699 0.437983 0 0 0.054577 0.223738 0 0 0.0142653 0 0.131032 0.194951 0 0.0231289 0.00880627 0.00134131 0.0138154 0.0285838 0.0131885 0.0295774 0 0 0 0 0 0.0181378 0.123994 0 0 0.000351083 0.219284 0.288512 0.248944 0.0304064 0.0394673 0.145753 0.0664366 0.0151975 0 0 0.149659 0 0.261149 0 0.113172 0.188777 0 0.601324 0 0.540336 0 0 0 0.0098365 0 0.151303 0.24699 0 0.257196 0 0.199932 0.178248 0.109116 0 0.0319299 0 0.0738344 0.130463 0.209834 0.329897 0.042777 0 0 0.486362 0.00338073 0.101966 0.311929 0.0369368 0.00837786 0 0.0791322 0 0.0496427 0 0.0653411 0.27126 0.109822 0 0 0.00768192 0.152406 0.464065 0.00418613 0.0241871 0 0.17782 0 0.155201 0 0.150064 0.148716 0.0807824 0 0.0828033 0.0119348 0.12748 0 0.00210749 0.0105789 0.109605 0.00743489 0 0.00305491 0 0.0148512 0 0 0 0.00770424 0 0.00821704 0 0.00855076 0 0 0.280773 0 0.336641 0 0.367232 0 0 0.24964 0.0674728 0.0973447 0.0287567 0 0 0.21769 0 0.0454573 0.0249439 0.00475401 0 0 0 0.0859926 0.21872
178 12.0078 -0.0419827 -0.16944 -0.049547 0.481878 -0.107928 14.1189 0.298691 -0.0784204 0.0298235 0.0947886 -0.197121 0.246705 -0.0309963 -0.076157 -0.135123 -0.336928 0.107301 0.0986419 0.055827 -0.0194486 -0.0296227 0.0229562 0.239531 0.161053 -0.0108889 0.00883691 0.0544684 -0.0151652 0.0590314 0.0282688 -0.101069 0.14188 0.0339722 0.199759 -0.0756421 -0.0588629 0.152795 0.0511047 0.0519341 0.0619699 0.213007 1.41571 0.375209 0.66668 0.0555744 0.000676072 0.153354 -0.0415985 -0.0521213 0.415792 -0.163332 -1.39855 0.159197 0.671316 0.0407364 -0.0674486 -0.593735 -0.0971804 -0.935768 0.244431 -0.20239 1.41625 -0.0624412 -0.455434 0.459473 3.99492 1.98167 0.736294 -0.360265 -4.78938 -6.52414 1.30993 0.134983 0.209792 1.2116 0.484544 -0.337033 -0.11517 0.755295 0.641173 -0.424142 0.0780067 0.391131 0.490086 0.159866 0.280262 -2.22737e-09 -0.875314 0.324821 0.36968 0.462743 0.0312078 9.04686e-09 9.10441e-10 8.74333e-10 -0.0287936 0.0369365 -0.0379084 -0.797775 1.18117 -1.92596 0.665828 4.52235e-09 -0.457873 -5.28674e-10 -0.0104573 0.0943247 0.367682 -0.0179153 -0.134691 0.646169 -0.322814 0.486467 0.891477 14.0986 0.0229131 -0.165868 1.25774 0.079619 0 0.0575361 0 0.0369062 0 0.0909932 0 0.166706 0 0 0 0 0.0235946 0 0.0520858 0.0586388 0.122438 0.00860702 0.0969362 0.0187589 0.049796 0.0133406 0.156146 0.0220491 0.0704228 0.0258348 0 0.0333651 0.00158771 0.0396102 0 0.0428491 0 0.0631212 0 0 0.00877008 0.0706233 0.37125 0 0 0.109077 0 0 0 0.00248497 0.000408905 0.0102404 0 0 0.0218492 0 0 0.00668913 0.00387722 0 0 0.00100729 0 0 0 0 0 0.000570265 0 0.00360495 0 0 0 0.00022836 0 0.0389821 0 0.0230959 0.00338275 0.0128178 0 0.00826748 0.0262522 0.0265415 0.0321985 0.00126083 0.0746833 0.0187566 0 0 0.00162965 0.0106762 0.111931 0.00734239 0.0789893 0.00854685 0.109067 0.0133082 0.259941 0 0.0265121 0.0065301 0.0965006 0.00674102 0.100925 0.0195645 0.0416454 0.0145477 0.196585 0.0171657 0.653813 0 0 0.0135621 0 0.0359834 0 0.0226392 0 0.0558796 0 0.0545054 0.707492 0.0184585 0.239799 0 0 0.0023332 0 0.00456216 0 0 0.107759 0 0.37145 0.0210187 0 0 0 0.0435935 0.00340042 0 0 0.0988394 0.300274 0 0.129878 0.105304 0 0.00945112 0 0.0095435 0 0 0 0 0 0 0 0.169892 0.513278 0 0.00181659 0.0369054 0.342907 0 0 0.00747833 0 0.167055 0.230367 0 0.0253705 0.0156381 0 0.00506117 0.0366885 0.00506317 0.0369305 0 0 0 0 0 0.0144048 0.114131 0 0 0 0.263702 0.243144 0.208086 0.0576565 0.0222582 0.229591 0.125561 0 0 0 0.161139 0 0.250642 0 0.129001 0.179056 0.00972352 0.642285 0.00715005 0.578973 0 0 0 0.023679 0 0.115579 0.299511 0 0.310356 0 0.136232 0.0477821 0.0885303 0 0.0432014 0 0.0485109 0.0539685 0.220078 0.322035 0.0203079 0.000222514 0 0.55581 0.00524375 0.112949 0.366471 0.012256 0.0124983 0 0.0908078 0 0.0745454 0 0.0771411 0.334122 0.0793565 0 0 0 0.137308 0.463344 0.00209334 0.0389858 0 0.168832 0 0.157891 0 0.201663 0.160505 0.0632986 0 0.115248 0.0104739 0.0983255 0 0.00741712 0.0107606 0.0898772 0.00152174 0 0 0 0.00174052 0.0466254 0 0 0.00236417 0.0132625 0.000640685 0.0246434 0.00107329 0.013194 0 0.295693 0 0.296731 0 0.301907 0 0 0.35832 0.0342015 0.154637 0.00338198 0.00191612 0 0.227564 0 0.0482699 0.0110908 0 0 0 0 0.106584 0.237609
179 12.0411 -0.0572584 -0.180858 -0.0923028 0.481563 -0.112112 14.1669 0.242064 -0.111884 0.0434181 0.306484 -0.0256036 0.287797 -0.0768074 -0.390151 -0.509809 -0.28562 0.113883 0.113892 0.0895511 -0.00222606 -0.0268057 0.030926 0.261489 0.179743 -0.0222988 0.0111135 0.0735871 -0.0016843 0.0620369 0.0398911 -0.104674 0.12064 0.0510803 0.220601 -0.0617758 -0.0535506 0.152809 0.0505875 0.0518944 0.0449241 0.234105 1.40943 0.281952 0.673194 0.0250252 0.00554178 0.153205 -0.0474294 -0.0525703 0.411433 -0.171731 -1.38731 0.139772 0.665932 0.0517417 -0.081386 -0.609829 0.0382566 -0.971812 0.290977 -0.237381 1.43686 -1.77085 -0.883655 0.394179 6.31918 5.33705 1.06361 -0.537509 -6.93516 -9.13981 1.64076 -0.108589 0.109964 1.0221 0.240049 0.399403 0.0797774 0.514441 0.486592 -0.296257 -0.0541497 0.283841 0.365761 0.0978195 0.340644 -2.42574e-09 0.52833 6.69522e-10 0.488417 -0.652507 0.886781 9.3264e-09 6.44731e-10 6.03918e-10 -0.258603 -0.570167 -0.253307 -0.266443 1.60382 -1.76616 0.806627 1.37027e-09 -0.707796 -2.70368e-10 -0.159492 0.279838 0.425694 0.0569806 -0.0387701 0.194843 -0.530893 0.487069 0.886317 14.1423 0.0187303 -0.186907 1.34003 0.0434475 0 0.0280397 0 0.0104804 0 0.084028 0.00350438 0.10311 0.0267111 0.0194737 0 0.0217747 0 0.0145598 0 0.0479973 0.124248 0.0138178 0.0332003 0.0118332 0.0162443 0.0190215 0.0554796 0.0330604 0.0345482 0 0 0.00109405 0.00820925 0.00717151 0 0 0 0.00527214 0 0.000306662 0.0134143 0.0537372 0.328464 0 0 0.00376587 0 0.021217 0 0.0109468 0.00254718 0 0 0 0.0114543 0 0 0.00155857 0.00811051 0 0 0 0 0 0.00368154 0.00219477 0 0.00261071 0 0 0 0 0 0 0 0.0105077 0.069658 0.0171524 0.0062589 0 0.047049 0.00589559 0.0273663 0.0217172 0.0338539 0 0.076542 0.0191082 0 0 0.000847765 0.0213743 0.0137122 0.0151083 0 0.0165767 0.0146793 0.0145539 0.1626 0 0.0164293 0.0171385 0 0.0164427 0 0.0185595 0.0405581 0.015972 0.110197 0.0114308 0.491552 0.000763945 0 0.00738017 0 0.00655379 0 0.00581606 0 0.00223821 0 0.0260491 0.482184 0.0106278 0.0969295 0.0247758 0 0.00714474 0 0 0.00615991 0.0551305 0.0541918 0.0281109 0.164129 0.0270075 0 0.00219508 0 0.0131956 0 0 0 0.101724 0.30843 0 0.168427 0.0689793 0 0 0 0.0335938 0 0 0 0.0100464 0 0.0175822 0 0.193407 0.601025 0 0.00258926 0 0.128191 0 0 0 0 0.142612 0.19213 0 0.0576169 0.0228601 0.0369927 0 0.0776779 0 0.0779088 0.00218174 0 0 0 0 0 0.123556 0 0.000119551 0 0.172353 0.128424 0.0923947 0.0606842 0.0307565 0.0997294 0.0783857 0 0 0 0.0195946 0 0.0562859 0.00477597 0.155613 0.131297 0.0694072 0.433889 0.0533633 0.38927 0.00519495 0 0 0.0199452 0.0598984 0.0545576 0.243415 0 0.212115 0 0 0.0017582 0.0111228 0 0 0 0 0.00336913 0.161187 0.31376 0 0 0.00177965 0.158254 0.00449132 0 0.344888 0 0 0 0.0291173 0 0.102238 0 0.0745307 0.319695 0.0428719 0 0 0 0.0876998 0.446593 0 0.0127653 0.0188661 0.0884676 0.0197201 0.0657217 0 0.199773 0.161387 0.0656122 0 0 0.0115343 0.108267 0 0.0147857 0.0117223 0.114223 0.00160517 0.0104597 0 0.00467732 0 0.242817 0 0.0264035 7.844e-05 0.0821669 0.00109874 0.124994 0 0.0835661 0.0304549 0.129501 0.0428064 0.116769 0.066641 0.135135 0 0 0.340909 0.105308 0.169846 0 0 0 0.101705 0.0104724 0.0558545 0.0353538 0 0 0 0 0.0713378 0.229393
180 12.0745 -0.08157 -0.185664 -0.129521 0.480497 -0.118326 14.2134 0.132294 -0.137571 0.0518085 0.606796 0.194723 0.273995 -0.0837586 -0.458741 -0.603971 -0.239285 0.138822 0.140212 0.119757 0.21048 -0.152564 -0.017646 0.0180473 0.0920581 -0.0146141 0.0146243 0.066875 0.00615119 0.0540298 0.0675481 -0.105322 0.148395 0.0507899 0.240228 -0.0956324 -0.0221142 0.152773 0.0519759 0.052001 0.0573231 0.279026 1.38286 0.176861 0.669062 0.000146432 0.0320192 0.122348 -0.0502211 -0.0535957 0.448734 -0.15202 -1.37015 0.16648 0.687605 0.0337556 -0.0806572 -0.00673256 2.30596 1.64427 0.276666 -0.147119 1.24893 -4.30789 -2.70846 -1.78991 8.16661 7.82601 0.000372152 1.30769 0.327676 -1.92161e-07 -1.64165 0.94465 -2.12316 5.7267 -3.94123 -2.66996 1.49256 0.0141716 0.00580255 -0.430779 -1.25589 -4.12688 -0.26081 -0.298523 1.80637 -3.75855e-09 1.82128 0.553524 1.27902 -2.29521 0.346088 5.88284e-09 2.24712e-09 2.18083e-09 -1.44458 -0.498562 0.0688636 -1.30386 1.76765 -2.20345 -0.0871608 -1.21287 -6.1483e-10 -1.30156e-09 0.562059 0.391231 0.688548 -0.855962 -0.374247 -0.739977 0.837049 0.488034 0.880132 14.1885 0.0624884 -0.0126785 1.36505 0.0157214 0.11323 0.0107094 0.106108 0.00550435 0.0948767 0.0189559 0.0675948 0 0.347155 0.122959 0.299607 0.0775618 0.28102 0.0835984 0.276493 0.0396138 0.0707339 0 0.0267221 0 0.0609009 0.00236598 0.0407614 0 0.0422798 0.00147342 0.0574825 0 0.0506482 0.0338565 0.0139189 0.0680275 0.00393015 0.109621 0.0220627 0 0.0115794 0.0152147 0.346903 0 0 0.0810117 0.137628 0.0113939 0 0.00699834 0 0.0428492 0 0 0 0 0 0.0166541 0.019914 0.0024801 0 0.00141985 0 0.0136856 0 0.0106506 0 0.0107581 0 0.248415 0 0.231784 0 0.28282 0.00618407 0.457007 0.0454619 0.0288308 0 0.295239 0.0599229 0.00463285 0.0155371 0.0239462 0.0205979 0 0.0505567 0.0309693 0 0 0.000195689 0 0.0128595 0 0.0276277 0 0.0488532 0 0.126803 0 0.050412 0 0.0239599 0 0.01679 0.0156787 0.0345545 0.0471226 0.0795849 0 0.257765 0.0286918 0 0.0467868 0 0.115188 0.0067274 0.0821201 0 0.119662 0.00308166 0.0823208 0.121943 0.0766442 0 0.0441507 0.00536545 0.0511711 0 0.0447922 0 0 0 0 0 0.00733026 0.00507851 0 0 0.0246137 0 0 0 0.105737 0.112289 0.0175142 0.413048 0.0590474 0 0.00273032 0 0.0296522 0 0.00851945 0.133585 0 0 0 0 0.145542 0.525267 0 0.00399945 0.0331572 0.183326 0 0 0.0133221 0 0.11265 0.208721 0.375127 0.0260184 0.659638 0.0234021 0.245909 0.0301159 0.251799 0.0313404 0 0 0 0 0 0 0.137324 0 0 0 0 0.554345 0 0.676263 0.151848 0.296436 0 0.371366 0.00380688 0 0 0.35082 0 0.397235 0.147529 0 0.0575535 0.00993313 0.00978839 0.0218846 0.00242982 0 0 0.0285376 0 0 0.249584 0 0.201376 0 0.0629312 0.00897954 0.0552966 0.047835 0 0 0.016039 0 0.044679 0.265702 0.00360055 0 0 0.0968246 0.0218236 0.0169254 0.469875 0 0 0 0.0218133 0 0.0842758 0 0.0588762 0.30518 0.0276133 0 0 0 0.0225864 0.402681 0.0291758 0.00587473 0 0 0.00918697 0.00423736 0 0.259955 0 0 0.120982 0.0201981 0 0.0955924 0 0.0299137 0 0.117103 0.0688722 0.0278395 0.0779862 0.0282823 0.287791 0.393709 0.106423 0.0966907 0.0903167 0.119697 0.131585 0.192022 0.128904 0.116243 0.00786205 0 0 0 0 0 0.0494365 0 0.398362 0.0987704 0.479974 0 0.056575 0.017298 0 0.275974 0.0491331 0.00786474 0 0 0 0 0.0598345 0.231558
181 12.1078 -0.0887584 -0.135586 -0.115014 0.481565 -0.112361 14.2554 0.0272844 -0.114265 0.0512154 0.759204 0.564937 0.154519 -0.0193429 -0.428276 -0.577161 -0.194282 0.158127 0.111342 0.137984 0.149373 -0.216319 0.00206469 0.022556 0.0942355 0.0162709 0.0331274 0.0304769 -0.0452436 0.0321684 0.0596404 -0.104421 0.117397 0.0530808 0.281763 -0.0802452 0.0020551 0.152803 0.0507978 0.0519105 0.189423 0.31973 1.34963 0.12731 0.677883 0.00614553 0.0984008 0.151603 -0.0517599 -0.0530034 0.279977 -0.157611 -1.35764 0.0581474 0.687199 0.0650455 -0.0520481 0.23369 1.96439 0.233286 0.161152 0.134508 1.22627 -2.7859 0.870246 0.879013 1.84464 7.34459 -5.35848 5.12328 4.21932 0.28331 1.69251 0.47705 -0.419527 -1.2251 -0.775348 -2.27484 0.608803 6.65332e-05 -0.000114214 0.644764 0.439928 -0.772633 -1.77772 -0.666619 -0.260467 -2.2382e-09 0.323539 7.70424e-10 1.00973 -0.342378 0.915494 9.96335e-09 4.29314e-10 5.64207e-10 -0.353356 -2.07861 0.397261 -0.386511 2.17382 -0.214431 2.16434 1.20725e-09 -8.99868e-10 -2.42774e-10 -0.738502 -1.00586 1.07032 -0.230492 1.75516 1.91112 -0.233555 0.48975 0.885839 14.2312 0.0560921 0.199799 1.23689 0 0.0427543 0 0.0085237 0 0.0351894 0 0.0432897 0 0.0906615 0.0373475 0 0.0325356 0.0282749 0.011156 0.0714892 0.0546432 0.0435336 0 0.119948 0 0.117376 0 0.334017 0.0339031 0.366745 0 0.0321573 0 0.0929197 0 0.079827 0 0.0688186 0.0365655 0.00997193 0 0.0297138 0.0944752 0.260416 0 0 0.0237132 0 0.0490176 0.0423125 0.117199 0.0979338 0.0350295 0 0.00500012 0 0 0 0 0.0010973 0 0 0 0 0 0.0446288 0.0258745 0 0.000280677 0.00650608 0 0.0574154 0 0 0 0.0447733 0 0 0 0.0166242 0 0.0488778 0.00912423 0.0116809 0 0.0240576 0.0624117 0.0441123 0 0.0631694 0.000987028 0.000223203 0.18838 0.0835034 0.124025 0.0525556 0.149259 0.0880253 0.129042 0.104807 0.075994 0.00489228 0.122421 0.0649138 0.116041 0.115517 0.0500585 0.00540683 0 0.171231 0 0 0.0275189 0 0 0 0.0992337 0 0 0 0.184282 0 0.176146 0 0.261006 0 0.167354 0 0.027893 0.0300863 0 0.181019 0.028162 0 0.0606278 0 0 0 0 0.0428115 0 0.000765603 0.00557221 0 0.111549 0.268547 0 0.162603 0 0 0 0 0 0 0 0.0504043 0 0.0590268 0 0.114028 0.297552 0.611119 0.000145027 0.00502957 0.0656003 0 0 0 0 0 0.272377 0.136161 0 0.057142 0 0.159922 0 0 0 0 0.0122321 0.124154 0 0.047894 0 0 0.0444533 0 0 0 0 0.184591 0 0.196025 0.0122528 0.0903068 0 0.0909701 0.00543929 0.0267139 0 0.0277449 0 0.112629 0.0473091 0.0164833 0.342668 0.218058 0.0868662 0.211216 0 0.0181652 0 0 0 0.101176 0.135546 0.161053 0 0 0.0608721 0 0 0.0151203 0 0 0.0138392 0 0.0313246 0.273393 0 0 0.206254 0.0825233 0 0.0112447 0.263704 0.135255 0 0 0 0 0 0 0.211771 0.212497 0 0 0 0.0934406 0 0.438494 0.0552006 0 0 0.130677 0.0208177 0.0250025 0.0532063 0.0715434 0 0.308172 0.0422925 0.367476 0 0.154617 0 0 0 0.192248 0.0133366 0 0.0372562 0 0.250451 0.266829 0.0855998 0 0 0 0.0163777 0.0678083 0 0.0259065 0.0205791 0.0818031 0.12349 0.184128 0.0910934 0.267955 0 0 0.169721 0.232306 0.217272 0 0.0138088 0.0203874 0 0.134004 0.0482511 0.0672268 0 0 0 0 0.0900972 0.227807
182 12.1411 -0.0726342 -0.0892058 -0.137091 0.481358 -0.102062 14.2949 -0.0773817 -0.105836 0.0925719 0.802495 0.724593 -0.034535 0.0601104 -0.595737 -0.540789 -0.121119 0.184087 0.124168 0.0509407 0.142811 -0.286038 0.0042594 0.0225879 0.0942457 0.00370364 0.0337917 0.0381487 -0.0552128 0.0162429 0.0572686 -0.103475 0.0834433 0.0548323 0.275024 -0.0500962 0.0166831 0.152803 0.0507978 0.0519105 0.271176 0.290162 1.33829 0.144456 0.700553 -0.0099894 0.0140909 0.15387 -0.0430305 -0.0522733 0.31439 -0.171724 -1.32006 0.180152 0.706565 0.0258505 -0.0189739 0.274932 1.14396 -0.967102 0.0566505 0.222076 1.16977 -3.04783 0.448251 1.50281 1.49883 -9.8165 -3.34444 10.061 4.28564 3.72583 2.52625 0.371896 1.06503 -3.24358 0.0950461 -1.60824 -0.0377818 -9.44354e-07 -9.81476e-05 -0.246697 -0.107332 0.400799 -0.277744 -0.387033 0.242374 -1.43091e-09 0.01939 4.45034e-10 -0.118649 0.0481948 0.688699 5.20044e-09 3.17111e-11 1.91681e-10 0.936978 -1.96703 0.0108343 0.604794 -0.364006 -0.631882 -1.32372 1.78156e-09 0.763134 -1.40504e-10 -1.25534 -0.886715 0.547658 0.913114 -0.512933 -3.3147 1.7704 0.490954 0.894932 14.271 0.0286007 0.271803 1.16888 0.00091616 0.0263553 0 0.0069359 0 0 0 0.0301995 0.0224874 0.0274053 0.0186496 0.148918 0.0257544 0.122787 0.0326499 0.114208 0 0.0277186 0 0.0432797 0 0.0300457 0 0.0902606 0 0.0991904 0 0.0196966 0 0.0268248 0 0 0 0 0.023808 0 0.00494328 0.0186038 0 0.124678 0 0 0.0282134 0 0.0579516 0.0387691 0.00230506 0.0306869 0 0 0.0150376 0 0 0 0.00723309 0.0211206 0 0 0 0 0.0143258 0 0.0543298 0.015496 0.0320267 0.00745584 0 0.0850383 0 0.0155334 0 0.0527383 0.0148624 0.0444007 0.0342873 0 0 0.0607853 0 0.00214838 0.0240556 0.00826291 0 0.00465782 0.139132 0.0651542 0.00105368 0 0.00741307 0.0927376 0 0.0683593 0 0.0894997 0.0267065 0.119024 0 0.0264913 0 0.0960466 0.0123562 0.101874 0 0.0223999 0.427119 0.108755 0.150668 0 0.202431 0 0.0160767 0 0.119762 0 0 0 0 0 0.538732 0.174185 0.532779 0.148621 0.454303 0.0584624 0.080875 0.0162871 0.0162185 0 0.074828 0.179525 0.21197 0.176655 0 0.0319334 0 0.00755274 0 0 0 0 0.0540246 0.17993 0.0233822 0.0302113 0 0 0 0 0 0 0.0342614 0.0365907 0 0 0 0.0335287 0.154708 0.381208 0 0.00403455 0.0283152 0.00996232 0 0 0 0 0.146488 0.121246 0 0.101728 0.251821 0.105903 0.00775427 0 0 0 0.00510319 0 0 0 0.00298227 0.0229237 0 0.00936479 0 0.000159378 0.0174885 0.218428 0.140606 0.15671 0.0524295 0.115669 0 0.0287547 0 0 0.0246218 0 0.0510371 0 0.0236156 0 0.013364 0.442143 0 0.493033 0 0 0 0 0.00473893 0.221942 0.0297674 0.0556717 0.0103988 0 0.131638 0 0.239263 0 0.0257835 0 0.163856 0 0.0300194 0.0845599 0 0 0.111616 0.0758296 0 0.0438348 0.13608 0.174836 0 0.00195597 0 0 0 0 0.0903135 0.14825 0 0 0 0.0205012 0 0.0754961 0.0997306 0 0 0.167373 0.0582196 0.105539 0 0.0416238 0 0.325577 0 0 0.0759907 0.0726836 0 0 0.0701847 0.0968622 0 0 0 0.00310302 0.0271892 0.091255 0 0 0.00457068 0 0.0328361 0 0.0152309 0 0 0.140823 0 0.208448 0 0.280776 0 0.0333503 0.0632019 0.161659 0.067563 0.000942506 0 0.0529517 0.0340796 0.00608847 0 0.00310131 0 0 0 0 0.0689121 0.137307
183 12.1745 -0.0404882 -0.0637017 -0.11199 0.485905 -0.0973079 14.3335 -0.19493 -0.110775 0.0504623 0.834672 0.601422 0.0503777 0.0309584 -0.588533 -0.601622 -0.0388771 0.214332 0.0757553 -0.0755173 0.13289 -0.346145 0.0504216 -0.0280333 0.0215654 -0.0108266 0.062209 0.0208874 -0.0857335 -0.000547971 0.0336218 -0.10438 0.115915 0.0531575 0.271564 -0.0777233 0.0396076 0.154526 -0.0276513 0.0154457 0.164922 0.245967 1.41683 0.0380565 0.68513 -0.0392474 0.104804 0.154291 -0.0264904 -0.0509937 0.299252 -0.234592 -1.28686 0.145847 0.651671 -0.0791178 -0.127467 0.851559 1.38545 0.771038 0.244721 -0.00122469 1.1532 -2.88146 -0.237722 -1.33738 1.05355 -4.50451 4.81059 -0.851738 0.625626 -1.32205e-07 2.37353 0.410923 -1.23527 -3.11157 0.0254837 -2.27339 0.708216 -1.39212 -1.83191 -0.0758181 0.520349 -0.374088 -1.1912 -0.569512 -0.824581 -2.51387e-09 3.25141 1.03368e-09 -0.140704 -2.74061 1.24708 8.78866e-09 -1.53934 -1.79282 1.86608 -1.08454 2.36908 0.361514 1.71319 -0.197361 1.06907 4.36218e-09 -0.607658 -1.64024e-10 0.913405 -0.685132 0.846959 -0.310684 -2.25317 -0.300225 -1.78331 0.492037 0.89966 14.3096 0.0470283 0.0440815 1.1406 0.0347878 0.0127438 0 0 0 0.00935892 0.00108717 0 0.0572702 0.0104362 0.0186283 0.0256074 0.0292948 0 0.0511775 0 0.0172928 0.0550534 0.0297039 0.0064536 0 0.0840403 0.13487 0.0270005 0.0855321 0.0908237 0 0 0.00592959 0 0.105931 0.01316 0.0904801 0 0.179672 0 0.0185217 0 0.0494425 0 0 0.323685 0.00712022 0 0.0527767 0.0446272 0.0879641 0.0864901 0 0.11763 0 0 0 0.0544831 0.0215417 0.130776 0 0 0 0 0.00680411 0 0.0239072 0.0719873 0.0123576 0.00193022 0.1348 0.209787 0.107447 0.173222 0.0985896 0.200929 0.200382 0.239559 0.00609067 0.000674438 0.184048 0.167754 0 0.0046886 0.01784 0.00199428 0 0.0483124 0.0809223 0.0342707 0 0 0.00735795 0.016225 0 0.0230971 0 0.0399947 0 0.0393032 0.00130426 0.136633 0 0.0326999 0 0.0393751 0.0098078 0.0660061 0 0 0.0385562 0.172778 0 0 0 0 0 0 0 0 0.0322434 0 0.0816093 0.178185 0 0.140884 0.00299205 0.0422695 0 0.00204258 0.0469579 0.0227785 0.0661722 0.0287746 0.0259542 0.104026 0 0 0 0 0 0 0 0 0.192093 0.410383 0 0.0716559 0 0 0 0 0 0 0.00921733 0 0.00994748 0 0.0302689 0 0.344039 0.487932 0 0.00320413 0.0762673 0.151996 0 0.0870324 0 0 0.239598 0.235474 0 0.193757 0 0.102927 0.0741044 0.173759 0.0604149 0.166626 0.0252807 0.00583576 0 0.00659631 0.0149293 0 0 0.0894995 0 0.00048282 0 0.163278 0.0502624 0.180501 0.067898 0.0675368 0 0.0835136 0.0341243 0.0423174 0 0.0192061 0 0.0700345 0 0.0989125 0 0.550589 0 0.525782 0.010517 0 0 0 0 0.0565362 0.0240148 0.191984 0 0.0420023 0.154718 0 0.233245 0 0 0 0.118282 0 0.0753303 0 0 0 0 0.110484 0 0 0.185653 0.200841 0 0 0 0 0 0.00320716 0.195525 0.220842 0.00658692 0 0.0540142 0 0.0274927 0 0 0.150447 0 0.161916 0 0.209921 0.0056672 0.284349 0.404572 0.33883 0 0.861862 0.0385406 0 0 0.265285 0.0724452 0 0 0.184605 0 0.218744 0 0.539409 0 0.375629 0 0.124253 0 0.170154 0 0.116015 0.237558 0.114093 0.123127 0.203705 0.140354 0.198059 0 0.0222921 0.137509 0.347208 0.171104 0 0.00589739 0.023836 0.0315822 0.0217523 0.0316235 0.0829667 0 0 0 0 0.104897 0.231084
184 12.2078 0.0215081 -0.0593434 -0.100753 0.489312 -0.0984056 14.3652 -0.361695 -0.0535715 0.0481749 0.863427 0.400714 -0.0314973 0.0511542 -0.481706 -0.546771 -0.0450305 0.205188 0.0528406 -0.10057 0.118673 -0.304132 0.0277657 0.0479535 0.0550182 -0.0199528 0.0966726 0.0244049 -0.135483 -0.0237083 0.000472035 -0.102473 0.042277 0.0526458 0.243418 0.000164082 0.057284 0.154622 -0.0511964 0.00256311 0.304268 0.278471 1.42091 0.0867441 0.697942 0.00116574 0.0895836 0.15365 -0.0502571 -0.050521 0.261293 -0.171417 -1.28209 0.24109 0.685374 -0.109687 -0.0952819 1.38485 -0.270836 0.378566 0.137912 0.0260017 0.868792 -4.77036 2.15916 0.581141 -0.0364474 -4.31318 -3.08237 1.47425 3.07114 -0.120296 -0.176338 -0.488091 -0.6008 -1.69847e-09 -1.0132 0.901125 0.265324 -0.000144103 0.00997235 0.301109 0.911049 0.14142 -1.19528 -0.480693 -1.11938 -2.75745e-09 -0.559233 -0.038417 -0.504339 0.894571 0.421134 2.63389e-09 -5.61165e-10 1.0886 -0.951964 -1.14992 -0.223292 0.269086 -0.265325 0.356538 -0.391975 5.40934e-09 0.0903745 -1.69523e-10 -1.89228 -0.633341 0.216022 0.469104 -2.35316 -1.98883 1.32443 0.493841 0.899142 14.3481 0.0636314 0.00101857 1.16575 0.0128369 0 0 0 0.021741 0.00903983 0.0114629 0 0.139275 0 0.0475424 0.156949 0.0154727 0.121586 0.0488371 0.12003 0 0.0666499 0 0.223949 0 0.467441 0 0.407746 0 0.691162 0 0.291812 0 0.377286 0.0804147 0 0.0530362 0 0.480686 0 0.00358753 0.00769417 0 0.0214808 0 0.158422 0.594256 0 0.0185569 0 0.0534395 0.0825799 0 0.0699143 0 0 0 0.0436341 0.0416452 0.0778744 0 0 0 0 0 0.0125416 0.04803 0.0489727 0.00735941 0.0157856 0 0.0678813 0 0.00946066 0 0.0512979 0 0 0 0.0346632 0 0.035147 0 0.00989447 0 0.0288259 0 0.0200895 0.103374 0.109822 0.000497232 0 0.161471 0.0962722 0.141541 0.0751411 0.136093 0.0882368 0.150342 0.0833555 0.0950619 0.025794 0.105168 0.101937 0.216696 0.112985 0.0373844 0.0481114 0 0.00291974 0.434748 0 0 0 0 0.0431807 0.323334 0 0.0282796 0.0794541 0.042291 0.0640203 0.478253 0 0.187987 0 0.25474 0 0 0.281052 0 0.0224645 0.0670945 0 0.0858882 0 0 0.32442 0 0.542455 0 0 0 0 0.19866 0.142828 0.0623851 0.0531082 0 0 0 0 0 0 0.106437 0 0 0.500053 0 0.532339 0.501804 0.205211 0.00285367 0 0.198633 0 0 0.00541196 0 0 0.273524 0 0 0.0952906 0 0 0.0103503 0.109962 0 0.123111 0.00336825 0.474691 0 0.530711 0.0277325 0 0 0.122866 0 0.00687911 0 0.610768 0.284968 0.519612 0 0.267334 0.0263948 0 0 0.115913 0.148478 0 0.209355 0 0 0.0983338 0 0.378039 0 0.735803 0.00520264 0 0 0.00948915 0 0.618462 0.083859 0.169373 0 0.021533 0.213625 0 0.620069 0 0 0 0.071151 0 0 0 0 0 0.479911 0 0.0079872 0.112213 0.0647567 0.212269 0 0 0 0 0 0.0757952 0.270924 0.00294685 0 0 0.00667952 0.287086 0 0 0.0932353 0 0 0.572656 0 0.185199 0.10758 0.119771 0 0.382317 0 0.189092 0.0289003 0 0 0.155369 0.035736 0.00882387 0.109695 0 0.00250726 0 0.26671 0.026737 0 0 0.0642758 0 0.123095 0 0.142584 0 0 0.402665 0 0.757303 0.033676 0.816188 0 0.050293 0.0582769 0.486858 0.0579328 0.00700939 0.0078637 0.0853476 0.15712 0 0 0.0268485 0 0 0 0.0112075 0.121738 0.112314
185 12.2411 0.0643709 -0.0720489 -0.0985758 0.491569 -0.0980163 14.3942 -0.49026 0.00282918 0.0625852 0.763865 0.183173 -0.229756 0.128239 -0.468178 -0.451008 -0.0512352 0.192438 0.0471071 -0.10057 0.0832868 -0.278061 0.0319117 0.0479488 0.055428 -0.0164198 0.120253 0.0354893 -0.163844 -0.0407919 -0.0270606 -0.105166 0.156481 0.0518168 0.232117 -0.110513 0.0830581 0.153273 -0.0502725 0.0509414 0.206006 0.202883 1.41453 0.0163588 0.672753 -0.0245637 0.16109 0.153649 -0.0502578 -0.0504918 0.229311 -0.162352 -1.28114 0.28177 0.637702 -0.140628 -0.0733476 1.01523 -0.453301 0.10709 0.129225 0.0542524 0.840879 -3.38021 1.25535 0.614173 -3.95572 -4.65773 -4.428 2.41353 -1.51073 2.38858 0.130261 -0.479391 -0.219388 -1.20184e-09 -1.01097 1.03625 0.2541 -0.000145995 0.0142087 0.4102 0.305965 0.311728 -0.756708 0.0171415 -0.764294 -3.40031e-09 2.49957 1.08006 -0.420773 -2.52736 -0.369938 7.75005e-09 0.597554 1.4074 -1.27512 -0.75874 -0.569784 -0.00614339 1.54548 -1.42673 1.57971 3.93174e-09 0.000745684 -2.65322e-12 -0.329078 -0.810213 0.197082 0.286658 -1.80536 -0.605205 0.221469 0.495961 0.898782 14.3868 0.0635314 -0.0273452 1.15751 0 0.00371929 0 0 0.00595987 0.0139614 0.0173079 0 0.0534514 0 0.0450532 0.195828 0.0585786 0.16843 0.104351 0.147561 0.0142061 0.0319734 0 0.0984938 0 0.255038 0 0.179496 0 0.418498 0 0.0900512 0 0.0096957 0.0471018 0 0.0572998 0 0.355408 0 0.00319562 0 0 0 0 0.290641 0.322888 0 0.00327929 0.103108 0.0282087 0.150713 0 0.106579 0 0 0 0.0388413 0.0304319 0.100625 0 0 0 0 0 0 0.0219083 0.0558954 0.00378846 0 0 0.159596 0 0.118365 0 0.13967 0 0.0979106 0 0 0 0.142802 0 0.00197295 0.000657755 0 0 0.0349911 0.0710788 0.0258003 0 0 0.129578 0.0824287 0.0987556 0.0672349 0.149364 0.0742391 0.165896 0.053672 0.0627339 0.116655 0.0824772 0.0677501 0.179086 0.0750467 0.0306107 0.0564223 0 0.211384 0.3862 0.0332171 0.0501813 0 0 0 0.179293 0 0.00256992 0 0 0 0.382842 0 0.292339 0 0.312717 0 0.0401418 0.143371 0.0963736 0.0585575 0.056674 0 0.0890463 0 0 0.157187 0 0.324002 0 0 0 0 0.169993 0.28395 0.04509 0.0523458 0 0 0 0 0 0 0.115877 0.016627 0.00120023 0.308083 0.00641694 0.337025 0.371903 0.338012 0 0.00103397 0.0846636 0 0 0.0199761 0 0 0.257259 0.10852 0 0.0737985 0 0.00268289 0 0.108399 0 0.121117 0.0461824 0.272718 0 0.366037 0.0328878 0 0 0.0442152 0 0.0122302 0 0.43873 0.264183 0.528693 0.00700869 0.301737 0 0 0.0120771 0.078774 0.0729893 0 0.0717443 0 0 0.0377505 0 0.00606436 0 0.157619 0 0 0 0 0 0.508724 0.0273947 0.164623 0 0.0480182 0.115547 0 0.306174 0.00840524 0 0 0.00108086 0.0374014 0 0 0 0 0.396682 0 0 0.0311849 0.155234 0.138115 0 0 0 0.00587466 0.00898011 0.000768907 0.199468 0.0982483 0 0 0.0364637 0.153773 0 0 0.066215 0 0 0.194165 0 0.0703614 0.0792707 0.28656 0 0.528249 0 0 0.0290848 0 0 0.221228 0.0248681 0 0.0310803 0 0 0 0.158869 0 0 0 0.00636039 0 0.069351 0 0.0845491 0 0 0.303227 0.00812672 0.617391 0.030073 0.631402 0 0.0543431 0.0711017 0.343306 0.126329 0.0102434 0.00544104 0.109187 0.0747717 0 0 0.0498146 0 0 0 0 0.0999115 0.241732
186 12.2745 0.0666682 -0.0646892 -0.0912863 0.494494 -0.0992821 14.4253 -0.524479 -0.00257253 0.0611966 0.548683 0.167645 -0.300018 0.0920271 -0.365042 -0.428821 -0.0131473 0.175 0.0367987 -0.10057 0.0441726 -0.266581 0.0375691 0.0479446 0.0559749 -0.00569796 0.1065 0.0335246 -0.139309 -0.0464805 -0.0297522 -0.10522 0.150809 0.0493287 0.199757 -0.113043 0.0762823 0.151023 0.0323878 0.057241 0.414545 0.193919 1.38919 0.220828 0.707676 0.00239524 0.075965 0.155904 -0.0418559 -0.0499955 0.172707 -0.153307 -1.30399 0.362001 0.652025 -0.0367538 -0.0303496 -0.0354455 0.201634 0.327445 0.164093 0.00872055 0.929527 -0.955478 -0.384751 -0.171046 -5.63336 0.198411 -0.836818 -2.20834 5.3812 3.87746 1.28787 -0.553407 -0.33522 -1.39023e-09 -1.13505 0.404341 0.347553 -0.000128005 0.0183151 0.324569 -0.466165 -0.0738044 0.87032 -0.0413323 -0.123543 -1.62431e-09 0.0126892 -0.0958344 -0.859665 -0.274341 -0.186572 2.90797e-09 0.313033 1.97006e-10 1.44569 -0.407006 0.0684904 0.579331 -0.674567 3.46302 -1.08971 3.26442e-09 0.700471 -0.103029 -0.596436 -1.74785 -0.332773 0.248581 -0.14429 -0.0207043 0.824249 0.49819 0.897276 14.4251 0.0731542 -0.0509516 1.1335 0 0.034226 0 0.0281568 0.00010186 0.0326848 0 0.0148486 0.00986383 0 0.0615283 0.118654 0.0559353 0.0910345 0.0659796 0.0873901 0 0 0 0.0340218 0 0.0156952 0 0.0463594 0 0.0572705 0 0 0 0 0 0 0 0 0.0275096 0 0.000715339 0.00639266 0 0 0.0346423 0 0.0315762 0 0 0.0965896 0 0.0550758 0 0 0.0115024 0 0 0 0.0276818 0 0 0 0 0 0 0 0.0172659 0.103365 0.00485134 0.0358894 0 0.0284043 0 0.000541452 0 0.00436997 0.0452081 0.00898041 0 0 0 0.0577326 0 0 0 0.00827992 0 0 0.0715641 0.181935 0.000991892 0 0.0374288 0.0396735 0.0302262 0.0288888 0.0390424 0.029603 0.0918282 0.0288535 0.0476931 0 0.0445825 0.0390148 0.0437311 0.0382334 0.0245402 0 0.0849067 0.197194 0.397124 0 0.134555 0.00690792 0.0154315 0 0.0879961 0 0 0 0 0 0.351901 0.0428524 0.322514 0.0383797 0.282801 0.0766109 0.0869058 0 0.0289667 0 0.0659711 0.10585 0.0939664 0.0982396 0 0.123943 0 0 0 0.00322384 0 0 0.151857 0.0212229 9.34158e-05 0 0 0.044592 0 0.00255417 0 0.00679278 0.0663936 0.0787342 0 0.00355222 0 0.00491919 0.322682 0.0227035 0 0 0.00137274 0 0 0 0.00570351 0 0.126704 0.088941 0.0686374 0 0.110151 0 0.0399167 0 0.0399508 0 0.0114789 0 8.94126e-05 0 0.00021688 0.0234096 0 0.0114838 0 0.00304736 0.00553926 0.189603 0.0682613 0.251628 0.0143447 0.185884 0 0.0166145 0 0 0.0181157 0.0214784 0.0246333 0 0 0 0.0340118 0.00610124 0.0197831 0 0 0.0168522 0 0 0 0.178665 0 0.0848892 0 0.0784469 0 0.0220344 0 0.100197 0.00159426 0.0553381 0.0343032 0.0255621 0 0.103505 0 0 0.196041 0 0.109658 0.00561385 0.0177641 0.157427 0 0 0 0.017899 0 0 0.141452 0.0143863 0 0.0278264 0 0 0 0.0426476 0.0561967 0 0.011307 0 0.0357048 0.00507446 0.122264 0 0.0453176 0.356537 0.00315688 0 0.0321749 0.0667994 0 0.00196243 0.0251975 0.0756325 0.0610948 0 0.0657811 0 0.209395 0 0.0496598 0 0.0855678 0 0.116745 0 0.116664 0 0 0.0742404 0 0.0375423 0 0.0373781 0 0.0291586 0.0290452 0.133222 0 0.0603018 0.011752 0.0646104 0.0234692 0 0.00538968 0.0200384 0 0 0 0 0.0704097 0.0745334
187 12.3078 0.0686779 -0.0448984 -0.0850762 0.497041 -0.10139 14.4577 -0.506244 0.00252409 0.0636844 0.261617 0.172273 -0.39132 0.0959298 -0.324813 -0.375846 0.0253119 0.155022 0.0283976 -0.10057 0.00800272 -0.265079 0.0428986 0.0448972 0.138967 -0.00104138 0.0877138 0.0315399 -0.112573 -0.050177 -0.0306596 -0.105096 0.138474 0.0473066 0.175737 -0.108297 0.0696929 0.150962 0.0345483 0.0574048 0.431099 0.205546 1.39873 0.219988 0.663301 0.00992654 0.107813 0.155741 -0.0491285 -0.0515306 0.143601 -0.14418 -1.32387 0.436022 0.672725 -0.0388104 -0.00656212 0.161569 0.614687 0.36189 0.140445 -0.0201679 0.954404 0.31079 0.0227645 -0.172718 -7.89468 0.512702 2.35983 -1.5647 -3.74633 -1.12687 1.04647 -0.554577 -0.395276 -1.78372e-09 -1.00656 -0.0159215 0.32499 -0.108739 -0.147952 0.205176 -0.339703 -0.0926584 0.55122 -0.200083 -0.250667 -1.13561e-09 -0.421358 -0.015547 -0.66783 0.231425 -0.295668 3.75826e-09 0.262172 4.10638e-10 0.328008 -0.0596781 0.459443 -0.0473664 -0.818046 -0.503056 0.567077 2.62675e-09 0.242092 -1.06405e-10 -0.259321 -1.20066 -0.50585 0.445869 -0.444952 -1.4705 1.08045 0.500686 0.895143 14.4623 0.0753044 -0.074708 1.10327 0.0187807 0.0353632 0.0136371 0.0170178 0.0131497 0.0101437 0.00599975 0.0223366 0.0363542 0 0.0405897 0.038493 0.0407413 0.038422 0.043131 0.0455831 0 0.0453021 0 0.085381 0 0.0536527 0 0.145834 0 0.170111 0 0 0 0 0 0 0 0 0 0 0 0 0 0.0288972 0 0 0 0 0 0.333242 0 0.168059 0 0.00918065 0.018166 0 0 0 0.0203646 0 0 0 0 0 0 0 0.00577383 0.00811659 0.00441054 0.00591777 0 0.151152 0 0.108789 0.00195084 0.124355 0.0347446 0.206191 0 0.0162598 0 0.180352 0 0.00442965 0.00788291 0.0273276 0 0 0.0649574 0.0553628 0.00114736 0 0.101754 0.00208099 0.0867771 0.00139161 0.101084 0 0.168089 0 0.00166314 0 0.102596 0.00288197 0.101612 0.00336162 0.00734895 0.0137538 0.102963 0.370926 0.553989 0 0.127385 0 0.00466466 0 0.00799314 0 0 0 0 0 0.337397 0 0.345933 0 0.247229 0.078712 0.0914149 0 0.0438002 0 0.13695 0.229166 0.151803 0.181081 0 0.410014 0.00202996 0 0 0.0310986 0 0 0.147657 0.026513 0 0 0 0.0338086 0 0.00299364 0 0 0.00673903 0.00943019 0.00251139 0.0499864 0.0130125 0.0847131 0.293463 0.0167445 0 0 0 0 0 0 0.00066455 0.000333456 0.126584 0.094821 0.0250722 0 0.0418692 0.0309363 0.0323387 0.0221336 0.0314515 0.0220802 0.0245523 0.0289538 0.0105049 0 0.0111359 0.0615211 0 0.048735 0 0.0135328 0.100045 0.453608 0.164079 0.334037 0.0358191 0.274461 0.0171759 0.0166987 0 0 0.0137541 0.0024527 0.0256414 0 0 0.0251498 0.264913 0 0.224156 0 0 0.00243346 0.00489432 0 0.0403466 0.450061 0 0.0974817 0 0.0817192 0 0.206383 0 0.541629 0.0022156 0.0371222 0.0049591 0.297128 0 0.125101 0.00151417 0.0155471 0.425152 0 0.148386 0 0.0490988 0.153176 0 0 0 0.0150355 0.00337189 0.0219177 0.142894 0.0335871 0 0.0607624 0.00551665 0 0 0.0804454 0.0602459 0 0.0671486 0 0.0776512 0 0.091918 0 0.133397 0.498451 0.0655722 0 0.0400615 0.00593137 0 0 0.0242168 0.00149838 0.0750554 0 0.0836792 0 0.247082 0 0.0673857 0 0.0985615 0 0.134593 0 0.132038 0 0.0113552 0.250955 0.0348593 0.212266 0.060386 0.214484 0 0.0143486 0.034739 0.124922 0.017964 0.0059022 0.0132964 0.00192242 0.0309508 0.00752239 0.00865967 0.0234168 0 0.00325508 0 0 0.0641095 0.0653592
188 12.3411 0.0438324 -0.000396742 -0.0684783 0.500318 -0.106145 14.4926 -0.447207 -0.029057 0.0480693 0.0314227 0.181227 -0.220967 0.0819372 -0.227924 -0.293117 0.0947834 0.151364 0.0130611 -0.10057 -0.0354099 -0.304488 0.0457275 0.0442854 0.138139 0.0384957 0.0603038 0.0256705 -0.103663 -0.050537 -0.0361472 -0.105444 0.0938264 0.0277528 0.158644 -0.0792948 0.081713 0.150793 0.0510596 0.0586451 0.455402 0.199169 1.41823 0.220157 0.66356 -0.00306286 0.064421 0.155676 -0.0517074 -0.0517324 0.0901139 -0.139667 -1.36137 0.474728 0.675271 -0.0475514 -0.0158106 -0.596357 1.57763 0.433431 0.111912 -0.135668 1.09097 1.17954 -1.29735 -0.731475 -4.60542 0.0110865 7.44446 -2.67987 3.28328 2.65839 1.94715 -0.0435498 -0.192256 -1.2464e-09 -1.69315 -1.50081 0.201621 0.27852 0.379398 0.806256 -0.66963 -0.0984657 0.174172 -0.0207225 -0.17728 -1.02608e-09 -0.881271 -0.322991 -0.474161 0.432751 -0.118806 1.10266e-09 3.36988e-10 2.37439e-10 0.160497 -0.3512 0.831233 -0.00899941 0.593376 -0.584683 -0.347776 2.88068e-09 -2.48424e-10 -1.30432e-10 0.0571865 -1.13958 -0.869794 0.298713 -0.622035 -0.710009 0.424522 0.503069 0.891165 14.4986 0.0732366 -0.159358 1.07195 0 0.0510854 0.00434951 0.0554931 0.00866692 0.0524749 0 0.0135126 0 0.0111021 0.122424 0.0338935 0.104479 0 0.124219 0 0.0274836 0.0747373 0.166222 0 0.144586 0 0.230689 0 0.257143 0 0.0276367 0.0249906 0.0838835 0.0122186 0 0 0 0 0 0.00544478 0 0 0 0.0320402 0 0.0563417 0 0.442216 0.0250219 0.22301 0.00677967 0.0596948 0.0292144 0.0686246 0.0368169 0.00165108 0 0.0220275 0.0245625 0.0199702 0 0.0196666 0 0.00427505 0 0 0.0139284 0 0.00697874 0 0 0 0 0 0 0 0.0213366 0.141434 0.00101496 0.00258234 0 0 0.00247615 0.00730694 0.0119656 0.0170747 0 0.0165113 0.0595117 0 0.00127273 0 0.129413 0.0396676 0.140573 0.0373586 0.146136 0.0371947 0.190285 0.0566447 0.0293642 0.0253458 0.0739017 0.0360666 0.134154 0.0430816 0.0246811 0.0426089 0.213127 0.0941428 0.329531 0 0.0521313 0.0506818 0 0.0213172 0 0.00240439 0 0 0 0 0.298369 0.105233 0.209914 0.0377068 0.119303 0.0986785 0.0194243 0.017097 0.0479006 0 0.300995 0.0664428 0.336622 0.0530543 0.100855 0.119592 0.0202113 0 0 0.0429128 0 0.0161391 0.132723 0.00800715 0.171276 0.0329224 0 0.0720604 0 0.0237098 0 0 0.148965 0.196583 0.051901 0 0.0954848 0.00778936 0.332322 0 0 0.000298161 0 0.0259095 0 0.0426993 0.00959392 0.0551332 0.229689 0.117423 0 0 0 0.00859445 0.0385455 0.0386206 0.0446999 0.0454195 0.0599231 0.000651436 0.0216847 0 0.0531856 0 0 0.0487899 0.00108003 0.00450911 0.313839 0.246832 0.210158 0.403829 0.247525 0.197128 0 0.0686012 0 0 0.0137802 0.120325 0 0.124189 0.0057897 0 0.695668 0 0.639265 0 0 0 0 0.00107846 0.221871 0.0967166 0 0.110159 0 0.142426 0 0.666686 0 0.666342 0.0543204 0.0910281 0 0.52627 0 0.0655788 0.0159033 0.045551 0.447488 0.00705846 0.00170936 0 0.117624 0.214531 0 0 0 0.0508361 0 0.0270951 0.223337 0.0386778 0 0.0377642 0.0483335 0 0 0 0.070047 0 0.234548 0 0.186458 0 0.157479 0 0.0793342 0.11701 0 0.146032 0.0397449 0 0 0.0185701 0.0172678 0 0.0854363 0 0.0476697 0 0.249624 0 0.0532859 0 0.0671151 0 0.102704 0 0.111831 0 0.224608 0.00704124 0.347611 0 0.478067 0.00326085 0.0347586 0.0150876 0 0.0979551 0.0238127 0.0347696 0.0435319 0.0788817 0 0.0499176 0 0 0 0.017646 0 0.0469506 0.130464 0.107958
189 12.3745 0.00612901 0.0332546 -0.0582311 0.502535 -0.112147 14.529 -0.421138 -0.071154 0.0563544 -0.0036599 0.151016 -0.0987129 0.0142776 -0.364438 -0.346194 0.180388 0.109422 0.00782668 -0.10057 -0.0815341 -0.294355 0.0506795 0.044381 0.138262 0.100447 0.0281031 0.0224835 -0.11733 -0.0482999 -0.035748 -0.105513 0.0833789 0.0228225 0.151323 -0.0813005 0.0745558 0.151325 0.0323999 0.0572289 0.445888 0.219994 1.42699 0.181119 0.679568 -0.00446463 0.117701 0.155676 -0.0517074 -0.0517324 0.146806 -0.174616 -1.36898 0.541433 0.677512 -0.0839108 -0.0189454 -1.04749 0.718484 0.142851 0.0298809 -0.160999 1.1218 0.54415 -1.20925 0.383926 0.196442 -0.722781 1.59675 -1.4132 -0.881537 0.623622 2.46658 -1.40562 0.224434 -3.43037e-10 -1.0948 0.739474 0.415878 -0.219214 -0.299981 1.47245 -1.09986 0.0986881 -0.243667 0.126101 0.0721177 -1.32173e-09 0.719866 -0.0307733 -0.341147 -1.19105 -0.200789 7.8292e-09 -0.432782 6.99726e-10 0.321036 0.164202 -0.161838 -0.0179895 0.964706 -0.0961606 0.66028 2.96503e-09 -1.2001e-10 -2.66547e-10 1.01673 -0.0302362 -0.623181 0.751771 -0.720332 -1.76704 0.300136 0.505533 0.886333 14.5341 0.0775835 -0.140665 1.05995 0 0.00678397 0 0.00602609 0.00608147 0.0302297 0 0 0 0.0220672 0.00144734 0.0725671 0.0130107 0.0460847 0.054342 0.0294452 0.0191181 0.117111 0.148137 0.0412579 0.109941 0.0773941 0.283785 0.0627584 0.341461 0.120766 0 0.194008 0.0925857 0.178553 0 0.0968445 0 0.0561213 0 0.237465 0.00188375 0 0.070058 0.127564 0 0 0 0.228246 0.000676179 0.0417913 0.035049 0.0426838 0 0.000976845 0.0348455 0 0 0 0.0154429 0 0 0 0 0 0.0239995 0.00895572 0.0197935 0 0.0191465 0 0 0.10946 0 0.0756098 0 0.0922132 0 0.0614655 0.0302723 0.051725 0 0.0813023 0.00363246 0.0223664 0.0304915 0.0517078 0 0.0346609 0.104888 0.0277052 0.000850557 0 0.186246 0.0555417 0.147301 0.045506 0.212632 0.0547284 0.228659 0.0508394 0.000620272 0.00505228 0.150726 0.068864 0.180425 0.0666225 0.00546647 0.0392143 0.0922455 0.0383666 0.60097 0.0136606 0.0149214 0 0 0 0 0.00452523 0 0.0441315 0 0.220231 0.34352 0.068443 0.251771 0 0.0346522 0 0.0111097 0 0.0747022 0.0185763 0.295342 0 0.362982 0 0.0514844 0 0 0.0152177 0 0.0775295 0 0.00328366 0.146351 0 0.168456 0.0276698 0 0.0273762 0 0.00418185 0 0 0.065485 0.0771398 0.0242731 0 0.0714688 0 0.320246 0.0224561 0 0 0 0.0921492 0 0 0 0 0.247938 0.0643851 0 0.0672566 0 0.0743676 0 0.02878 0 0.0412482 0.0602488 0.0532268 0 0.00780904 0.0313893 0.0188021 0 0.0718065 0 0.00342344 0.300973 0 0.0809976 0.343332 0.262026 0.136628 0 0.0613463 0.00322176 0.00840511 0.021777 0.140183 0.0290763 0.168939 0 0 0.623306 0 0.539054 0 0 0.0214751 0 0.00370992 0.244101 0 0.0381139 0.0903498 0 0.074662 0.0302825 0.427154 0 0.304618 0.0132094 0.0472217 0.221959 0.265936 0.0713789 0.259642 0.0474015 0.0138872 0.561949 0.040078 0 0.0108617 0.0893542 0.209405 0 0 0 0.044021 0.0312392 0 0.221579 0 0 0.111799 0.0578379 0 0.0628141 0.214399 0.0313344 0 0.201799 0 0.163324 0 0.12705 0.00107115 0.155536 0.292752 0.00197451 0.0963517 0.0938893 0.0122482 0 0 0.0606413 0.0101122 0 0 0 0 0 0 0 0 0 0 0 0 0 0 0.362199 0.0388712 0.379071 0.0734646 0.509625 0 0.0226166 0.026922 0.12845 0.0446473 0.0676115 0.0693453 0.00509786 0.0418971 0.0501184 0.073458 0.00668457 0.0129633 0 0.00961549 0 0.0240492 0.125406 0.116283
190 12.4078 0.0104844 0.0629265 -0.0371781 0.50604 -0.115245 14.5672 -0.438565 -0.0884357 0.0492563 0.0321113 0.132604 0.000459014 -0.0369824 -0.381085 -0.395354 0.218097 0.0946419 -0.011432 -0.0947246 -0.0722063 -0.308367 0.064567 -0.00678613 0.0684493 0.072404 0.0138201 0.0107056 -0.0870021 -0.0603359 -0.0352731 -0.105344 0.0338399 0.0145771 0.142319 -0.0349372 0.0700571 0.151535 0.0249446 0.0566621 0.417148 0.184621 1.42722 0.204105 0.693503 -0.0256105 0.0869249 0.155676 -0.0517074 -0.0517324 0.158155 -0.225568 -1.38238 0.504392 0.677824 -0.0922205 -0.0194715 0.268013 0.941017 0.415237 0.0605063 0.0303676 1.17194 -0.260735 -0.519409 -0.506753 1.228 5.11733 6.73159 0.217426 -24.8821 -16.4876 0.946365 -0.262115 -0.291396 0.077464 1.58518 -0.68604 0.332394 -2.59483 -3.54008 -0.918474 -0.48951 0.129989 0.644474 -0.165938 -0.171792 -1.66614e-09 -1.91566 -0.265844 -0.216411 1.90608 -0.323322 6.05409e-09 -0.646754 7.9826e-10 -0.179767 0.0322327 -0.453291 0.047733 -0.497618 -0.184696 -0.565186 9.71487e-09 -1.16499e-09 -1.27996e-09 0.652812 -0.858502 -0.466411 -1.03843 1.50668 1.78794 -0.45909 0.507924 0.884044 14.5693 0.0604143 0.0223238 1.04391 0 0.0799725 0 0.0578504 0 0.0561928 0 0.0351441 0.0205488 0.0466423 0.201011 0 0.218816 0 0.239851 0 0.131133 0.0658813 0.121199 0.00497923 0.0407213 0.00394413 0.18033 0.00734473 0.105227 0.00304595 0 0.0045861 0 0.00718451 0 0.0613157 0 0.0807669 0 0.112726 0.00268295 0 0.355445 0.0527611 0 0 0 0.212245 0.13233 0 0.0410622 0.00109116 0 0.0350195 0.0313872 0 0 0 0 0.0195 0 0.00761094 0 0.00433085 0.0495961 0.0121355 0 0.0285663 0 0.013642 0 0.471472 0 0.45348 0 0.455569 0 0.551029 0.0612424 0.0416087 0 0.490083 0.0321469 0.0100147 0.062027 0.0365252 0.0467786 0 0.0237455 0.0686812 0.00155793 4.14995e-05 0.152316 0.00856146 0.117839 0.00309517 0.141239 0.00227039 0.243263 0.00752167 0 0.0197479 0.137119 0 0.134439 0 0.0249411 0.0257202 0.458248 0 0.805185 0 0.0171323 0.0167108 0 0.0661332 0 0.121112 0 0.0949972 0 0.147062 0.727691 0.0435525 0.548445 0.0366964 0.127176 0 0 0.0480332 0.0350054 0.0345228 0.369686 0 0.533809 0 0.128379 0.0075302 0 0 0.0704037 0.0976811 0 0 0.147533 0.0673198 0.0344883 0 0 0.0627332 0 0.0197021 0 0 0.0445434 0.0658117 0.00658917 0 0.0246697 0 0.295958 0.0405362 0 0 0.172263 0.0315984 0 0.0128689 0 0.0344358 0.0568288 0.117619 0 0 0 0 0.00951607 0.195531 0.0104458 0.194107 0 0 0 0 0.0640843 0 0 0.122889 0.00601683 0 0.435568 0.199865 0.231338 0.282809 0.221576 0.0930235 0.0154501 0.0722249 0 0.0139461 0 0.206161 0 0.264809 0.037131 0.0398178 0.533466 0 0.434565 0 0 0 0.00795929 0 0.258685 0 0 0.169169 0 0.179617 0.506949 0.234945 0 0.119514 0.0128789 0.0464899 0.512242 0.0975872 0.382886 0.200146 0 0.0636439 0.56579 0 0.168073 0 0.0349697 0.169721 0 0.0126519 0 0.06995 0 0.0772082 0.101877 0.0438938 0 0.125364 0.0176644 0 0.571432 0.13924 0.055713 0.00294911 0.191023 0 0.205528 0 0.0769068 0 0.147732 0.872404 0.126572 0 0.078802 0.00372489 0.000916673 0 0.056857 8.3575e-05 0 0.0181904 0 0.027225 0 0.0767844 0 0.0252776 0 0.0252488 0 0.0364161 0 0.0361193 0.306622 0 0.407232 0 0.498461 0 0 0.00182671 0 0.238706 0.0515116 0.0428641 0.0321323 0.0196918 0 0.170163 0 0.0223941 0 0.0145485 0 0.0229667 0.156586 0.128841
191 12.4411 0.0217381 0.0880046 -0.0152481 0.510939 -0.108654 14.606 -0.440909 -0.106939 0.0228655 0.0857944 0.17124 0.128824 -0.0021156 -0.601454 -0.556709 0.213757 0.0926899 -0.03435 -0.0407856 0.0512973 -0.335079 0.133301 -0.182064 -0.190311 0.0410667 0.00147012 0.00531629 -0.0665239 -0.0638997 -0.0375252 -0.105309 0.0150662 0.00973482 0.136686 -0.0124982 0.0538916 0.151695 0.0192409 0.0562282 0.37773 0.183583 1.41902 0.152844 0.656978 -0.0448962 0.0825511 0.155676 -0.0517074 -0.0517324 0.130885 -0.255195 -1.40086 0.427987 0.703001 -0.0632327 -0.0246152 0.194373 0.487115 0.546304 0.0341771 0.362389 1.20472 0.457929 -0.13625 -0.804418 1.31088 -0.54952 1.22073 -0.101351 -3.96191e-10 -0.806879 -0.412329 -0.140984 -0.649284 2.18388 4.72293 -0.206289 0.811167 -4.58413 -6.50588 -0.97862 -0.35231 -0.0270938 0.719754 -0.0776291 -0.0827946 -2.4822e-09 -0.546096 -0.0365869 -0.173339 0.620142 -0.652576 4.27249e-09 1.01594 5.73136e-10 -0.22012 -0.388531 -0.539548 -0.135016 -0.0764621 -1.17616 0.604813 9.48809e-09 -1.33476e-09 -1.13335e-09 -0.0602858 -0.109468 -0.236756 -0.423205 7.44165e-10 1.54074 -1.10996 0.509571 0.890305 14.6048 0.0396668 0.317321 1.0856 0.00238425 0.0552914 0 0.0333094 0 0.0279309 0.00232659 0.0296909 0.0212375 0.0685108 0.122026 0 0.134637 0 0.148671 0 0.155251 0.0519841 0.0209526 0.0559155 0 0.0665783 0.0349583 0.0793187 0.00514883 0.103443 0 0.102264 0 0.116603 0 0.0558242 0 0.0327327 0 0.0218789 0.00459306 0 0.383465 0.0669413 0 0 0 0.0588966 0.186068 0 0.0592088 0 0.00936648 0.0143312 0.0180434 0 0 0 0 0.000310699 0 0 0 0 0.010561 0 0 0.0251247 0 0.00691717 0 0.0613637 0 0.0423081 0 0.0542188 0 0.11637 0.0173652 0.0189399 0 0.0890013 0.0320783 0.00563029 0.0406842 0.0223484 0.109429 0.00619222 0 0.0517766 0.00107354 0 0.192963 0.00739404 0.14241 0.00489863 0.176292 0.00956915 0.29324 0.0350096 0.0611753 0.0426724 0.202232 0.013372 0.204582 0.0123066 0.0614691 0.0353128 0.471644 0 0.767131 0 0 0 0 0 0 0 0 0.0532408 0 0.0614095 0.829528 0 0.647903 0 0.0883488 0 0 0 0 0 0.221964 0 0.528722 0 0.0563987 0.0679044 0 0.00481395 0.0340384 0.0184876 0 0 0.182678 0.0389496 0.163156 0 0 0.0725781 0 0.00318916 0 0.0114836 0 0.00105746 0 0.0104742 0 0.00590732 0.479613 0.0716075 0.00263799 0 0.32036 0.0061618 0 0 0 0 0.0965971 0.1419 0 0.00374043 0 0.0580067 0 0.0432558 0 0.0426535 0 0 0 0.00363224 0.0879916 0 0 0.0107744 0.00743357 0 0.231757 0.198898 0.125891 0.281121 0.254886 0.114083 0.0195157 0.0644596 0 0.0141037 0.00239975 0.135229 0 0.186272 0.0443332 0.0337754 0.177554 0.00676291 0.079412 0.00482004 0 0.015502 0 0 0.134503 0 0 0.126313 0 0.145856 0.55315 0.0691718 0 0.0362138 0.0110485 0.0841626 0.645351 0.0145097 0.362983 0.19875 0 0.00692499 0.588707 0 0.293503 0 0.0175538 0.144664 0 0.0118164 0 0.0483265 0 0.0274546 0.16435 0.0450327 0 0.0457779 0 0.00334862 0.540052 0.103831 0.0930754 0 0.0421245 0 0.131213 0 0.087739 0 0.214952 0.283228 0.0722688 0 0.0713611 0.000627436 0 0 0.0572104 0.0047918 0 0.00884712 0 0.0117336 0 0.0508217 0 0.0205003 0 0.0115063 0 0.0241175 0 0.0216436 0.251415 0.00375191 0.174764 0.0190987 0.244198 0.0174587 0.000321349 4.28241e-05 0.008955 0.219718 0.0241009 0.0625835 0.0168183 0 0 0.131435 0 0.0235956 0 0.00101889 0 0 0.188198 0.122681
192 12.4745 0.0440299 0.087822 0.00427159 0.51539 -0.092987 14.6464 -0.434789 -0.0980282 0.00920229 0.119074 0.192797 0.0910581 -0.00335699 -0.51787 -0.50191 0.151316 0.108861 -0.0593196 0.0666633 0.306522 -0.314026 0.15294 -0.445789 -0.530581 0.000609703 -0.000997274 0.00271874 -0.055421 -0.0651579 -0.0396983 -0.105257 -0.00740657 0.00332058 0.136418 0.00624303 0.0474245 0.150815 0.0503181 0.0585889 0.384031 0.178928 1.39643 0.137113 0.666294 -0.0597971 0.0848855 0.155685 -0.051333 -0.0517031 0.118625 -0.260863 -1.40669 0.351853 0.691268 -0.0443576 -0.0405945 0.569501 -0.300024 0.304916 -0.0010147 0.591794 1.23095 0.480261 0.489545 0.289917 0.745895 0.272471 -2.37528 0.865043 2.46188 1.89861 -2.28449 0.523976 -0.627211 3.46493 9.94119 -0.378549 -0.0386095 -9.25873 -11.5159 -1.11448 -0.0378527 0.251727 0.301005 0.0342088 -0.0741943 -2.7548e-09 -0.248084 -0.10213 -0.0617442 0.0715464 -0.222838 2.46022e-09 8.17614e-10 4.26767e-10 0.168213 0.225369 -0.889385 -0.519005 0.879227 -0.40371 0.55709 7.23468e-09 -9.46835e-10 -7.54378e-10 0.364226 0.622814 0.105153 -0.556896 0.73055 1.3511 -0.866399 0.511219 0.904895 14.6427 0.0525949 0.502858 1.18213 0.00615372 0.0343089 0 0.0205105 0 0.0144481 0.00481349 0.0325531 0.0608223 0.00624876 0 0.0519574 0 0.0409902 0.00622699 0.0457979 0.105758 0.0779062 0 0.153813 0 0.190458 0 0.243466 0 0.302038 0 0.200135 0 0.215226 0 0.0237075 0 0 0 0 0.00551333 0 0.290235 0.0586596 0 0 0 0 0.0336481 0.0277783 0 0.00580853 0 0.0566696 0.00917157 0.00277804 0 0 0 0 0 0 0 0.000510524 0 0.0136912 0 0.00442123 0 0.00389586 0 0 0 0 0 0 0 0.00590146 0.0118838 0.0353332 0 0.0120807 0.020176 0.0103359 0.0293101 0.0329359 0.0566613 0.00986843 0 0.00294755 0.000772625 0 0.158008 0.0311706 0.122115 0.0232746 0.146834 0.0278475 0.241538 0.0465218 0.0411047 0.00114722 0.166287 0.0417387 0.165061 0.0422857 0.0437334 0.0307936 0.0862302 0 0.563834 0 0.0295401 0 0 0 0.0106957 0 0 0 0 0 0.76168 0 0.609657 0 0.179332 0 0 0 0.00961761 0 0.13587 0 0.335141 0 0 0.205517 0 0.0456674 0.00363138 0.0456828 0 0 0.182798 0.0720258 0.0738875 0 0 0.00133565 0 0.000968845 0.0119263 0.0132187 0 0 0 0.0661155 0 0.0793654 0.461944 0.139142 0.00123122 0 0.183157 0.000141267 0 0 0 0.00650765 0.0454818 0.122602 0 0 0 0.0499882 0 0.00985659 0 0.0104698 0 0.0440773 0 0.0689607 0.0314404 0.00184119 0.00196319 0.0712774 0.00256182 0.00078312 0.0800131 0.192091 0.12389 0.0831796 0.0914394 0.0951049 0.030177 0.0211027 0 0.0169965 0.025957 0 0.062692 0 0.0200039 0.0824516 0.0739586 0.0810519 0.0083959 0.156833 0.00164651 0 0.00477153 0 0 0.158072 0 0.153669 0 0.08332 0.166505 0 0.0209804 0.0140865 0 0 0.350006 0 0.259014 0.137958 0 0 0.461949 0.000411237 0.237689 0.00758231 0.00906987 0.0578345 0 0 0 0.0108875 0 0.0664962 0.114303 0.063852 0 0.0284274 0 0.0277315 0.410236 0.0701734 0.118299 0 0.00500198 0.0521941 0.0965106 0 0.0631994 0.00668605 0.144152 0.109447 0.0158295 0 0.0594982 0 0 0 0.0496463 0 0 0 0 0 0 0 0 0 0 0 0 0 0 0 0.0326791 0.133573 0 0.185579 0 0.158641 0 0.000508475 0.0768965 0.201295 0 0.158716 0 0.0147391 0.0529432 0.0163342 0.00555245 0.0271817 0 0 0 0 0.114804 0.0770669
193 12.5078 0.0379716 0.0987792 0.0222734 0.518189 -0.0740547 14.6891 -0.372181 -0.0884454 0.00790661 0.121154 0.202455 0.0131011 -0.000233252 -0.437498 -0.436147 0.0415216 0.139456 -0.0709699 0.287053 0.61206 -0.306888 0.202062 -0.437705 -0.614409 -0.0107842 -0.00907734 0.00208907 -0.0423346 -0.0661278 -0.0441206 -0.105189 -0.0430862 -0.00664387 0.14105 0.0387295 0.0454672 0.150815 0.0503181 0.0585889 0.3894 0.174814 1.37371 0.16786 0.700017 -0.0548344 0.0747253 0.15571 -0.0503671 -0.0516275 0.150424 -0.303927 -1.38087 0.264 0.680757 -0.011905 -0.0581519 -0.518115 -0.103283 0.378522 -0.0696962 0.596574 1.31585 2.26688 0.438141 0.384833 0.287754 0.0388153 -2.06203 0.312755 2.18367 1.95955 -3.05147 1.08775 -0.167539 5.8969 11.2826 -1.82554 -1.9368 -0.860025 -3.11562e-07 -0.236744 -0.115319 0.124063 0.551065 0.00414273 -0.23147 -1.42854e-09 -1.07731 -0.180693 0.182066 0.995025 -0.388285 2.21875e-09 3.18831e-11 4.61837e-11 0.140188 0.126975 -0.636152 0.30278 3.44014e-11 0.587697 -0.401955 6.18892e-09 -6.85675e-10 -4.65092e-10 0.526606 0.897033 0.549034 -0.285036 1.51302 1.91214 -1.19054 0.513352 0.922535 14.6836 0.0758949 0.517992 1.26025 0.025841 0.0274701 0.0141792 0.011022 0.016623 0.0143442 0.0073175 0.0150472 0.0342229 0 0.074236 0.014384 0.0601549 0 0.0702058 0.0036072 0.114762 0.0396635 8.16594e-06 0.0966079 0 0.104132 0 0.137086 0 0.189232 0.0018659 0.102342 0.00465351 0.114222 0 0.0199987 0 0 0.0418546 0 0.00763753 0 0.238074 0 0 0.0325602 0.069506 0 0 0.057859 0 0.0192738 0 0.027647 0.00473456 0 0 0.012255 0 0.0174147 0 0.0222681 0 0.0029803 0 0 0 0.0169626 0 0.00131663 0.00358673 0 0.00497346 0 0.00930513 0 0.0598402 0.00462068 0.00745498 0 0.0368703 0.0188805 0.0214644 0 0.0301496 0.00618529 0.059226 0 0 0.0302042 0.000402342 0 0.0583839 0.0383105 0.0415295 0.02669 0.0594308 0.0316213 0.129826 0.039833 0.0179947 0.00831815 0.0676193 0.0427382 0.0680478 0.0432152 0.03804 0.0331945 0.05776 0.043694 0.386005 0 0.0211462 0 0.00429357 0 0.0703499 0 0 0.00977169 0 0.00744932 0.499571 0 0.31397 0 0.079471 0 0 0.00766963 0.00963734 0 0.00963809 0.0169682 0.0800928 0 0 0.158592 0 0.0183132 0.00101929 0.0186263 0 0.00144046 0.128378 0.0614933 0.172832 0 0 0.0238911 0 0.00604254 0 0 0.0743149 0.0652619 0 0.0345561 0 0.0401923 0.366958 0.0283498 0.0011243 0 0.112703 0 0 0.0220676 0 0.0308614 0.10889 0.0697815 0.0247837 0.0053258 0.0378506 0.0555528 0.0309148 0.00506316 0.0288056 0.00584098 0 0.0195912 0 0.0191379 0.0054002 0.00705718 0 0.0423031 0 0.00222031 0.0272078 0.0648084 0.0989396 0.0706622 0.0218229 0.130444 0.035887 0 0 0.0140304 0.0218985 0 0.0255148 0 0 0.0250686 0.0417868 0.00523952 0.0148275 0.00435186 0 0 0.00121952 0 0 0.0907081 0 0.124275 0 0.0903311 0.0360325 0.00387581 0.0206161 0.0930468 0.00864192 0.0345431 0.0685023 0.0394398 0.245641 0.00298643 0 0.0036109 0.264958 0 0.132467 0.00645825 0.0267173 0.179603 0 0 0 0.0197349 0 0.00168673 0.151916 0.0122158 0 0 0 0.0170677 0.341204 0 0.0506078 0 0.00254843 0.0028487 0.00938346 0.00230294 0.103709 0 0.01699 0.150946 0.0674072 0 0.0677691 0 0.00264605 0.00297892 0.0620771 0 0 0 0 0 0.134656 0 0.0157748 0 0.0485883 0 0.0719433 0 0.0433279 0 0 0.0638833 0 0.0938902 0 0.105091 0 0.023895 0 0.11292 0 0.0911255 0.0249562 0.0365659 0.0243805 0 0 0.00740174 0 0 0 0.0120254 0.160863 0.0922569
194 12.5411 -0.0182813 0.107701 0.0633855 0.522158 -0.0621269 14.7342 -0.244813 -0.0932626 -0.0192066 0.11927 0.257799 -0.0207032 0.0717737 -0.343721 -0.35019 -0.0245361 0.147806 -0.0986126 0.511852 0.7766 -0.244781 0.0023021 -0.396514 -0.535251 0.063028 -0.0333363 -0.0120466 -0.0790622 -0.0402595 -0.0539165 -0.104374 -0.0503313 -0.0485835 0.188755 0.053557 0.0738558 0.0782024 0.0230468 0.0416224 0.441109 0.112646 1.38535 0.201704 0.702457 -0.0153925 0.101968 0.155687 -0.0512622 -0.0516975 0.100089 -0.283549 -1.37707 0.139832 0.696423 -0.012416 -0.109729 -1.67197 -0.134724 1.3365 0.0185183 0.165154 1.40716 3.5922 0.0726188 -1.25566 0.300821 0.938109 -0.0774279 1.66342 2.87077 2.36408 -1.30147 0.302177 -1.3424 5.51696 2.65741 -0.735043 -4.22194 0.637774 1.7183 1.85562 -0.521459 -0.492279 -1.007 0.609084 -0.330684 -1.05314e-09 -0.732957 -1.03372 1.46935 1.23825 0.404752 -1.20724 -1.15241 -0.902915 0.311934 -0.364328 0.587415 0.198989 2.01006e-10 0.912962 0.349863 7.96567e-09 -3.90122e-10 -2.26686e-10 -0.612074 1.26414 0.427116 -0.392061 1.98218 1.14663 -0.741622 0.515956 0.933945 14.7258 0.0771947 0.194343 1.26349 0 0.0250803 0 0.0753102 0 0.102411 0 0.0138973 0 0 0.0460399 0.102276 0.0427595 0.0572242 0.0871374 0.00414137 0.0879438 0.0539965 0 0 0 0.0103102 0 0 0.0458426 0.00681114 0 0 0 0 0.108061 0.00552667 0.0594262 0 0.190076 0 0.0200926 0.0128507 0.272725 0.0303599 0 0.0130888 0.00845768 0 0.0681477 0.159616 0.0445757 0.0868241 0 0.0728091 0 0.00389672 0 0.0452298 0.0170789 0.0269057 0 0.0476227 0 0 0.0132632 0.0268939 0 0.0351745 0 0.0160874 0.0240519 0.0526602 0 0 0 0.0272774 0 0.0969415 0 0.0291462 0 0 0.018015 0.00695747 0.0172482 0.0143144 0.0826819 0.0375669 0.0222974 0.0533449 0.000305705 0 0.0552967 0.0914196 0 0.0612504 0.0280635 0.0833551 0 0.0615914 0.0518629 0.00175531 0.022122 0.0857832 0.0657637 0.0860252 0.0361108 0.0275029 0.00493864 0 0 0.0073504 0.0064466 0.0207986 0 0 0 0 0 0 0 0.049894 0.145896 0.00563886 0 0.225306 0 0.110731 0.00750437 0.0432463 0.146578 0.0320506 0.0089495 0.118826 0 0.0156537 0 0 2.79918e-05 0 0 0.0238359 0 0.0427802 0.229402 0.0928435 0.231523 0.0570905 0 0.014675 0 0 0 0 0.175139 0.183511 0.0102979 0 0.0395675 0 0.572973 0.0512799 0.00282585 0 0.0709705 0.0457997 0 0.071634 0 0.00623851 0.244659 0.299562 0 0.0477817 0.0480057 0.108981 0.00450136 0.0490149 0 0.0519336 0.0852468 0.0320395 0 0.0306317 0.010837 0 0 0.221283 0 0.00875643 0 0 0.149013 0.177634 0.127669 0.1856 0 0.0646263 0 0.0145325 0 0.112703 0 0.118183 0 0.0698181 0.0134079 0.112139 0.0809963 0 0 0 0 0 0 0 0 0.333768 0 0.188325 0.0959323 0.0839795 0.177122 0 0.00887103 0.000684475 0.0452493 0.115719 0.202795 0.0248147 0 0.00876167 0.117444 0.0252722 0.0854855 0.0485168 0.12814 0.402574 0 0 0 0.0247814 0 0.149344 0.319353 0.147639 0 0.036012 0.0556502 0 0.316226 0 0.00636951 0.00197761 0.0295707 0 0 0.0112874 0.180756 0 0 0.333335 0.335845 0 0.0934956 0 0.0208191 0.035868 0.109774 0.00811418 0 0 0 0 0.167983 0 0 0 0 0 0.0148942 0 0 0 0 0.0934221 0.0440108 0.182905 0.0634708 0.191138 0 0.041455 0 0.207351 0 0.1817 0 0.117366 0 0.0384022 0 0 0 0.0140992 0 0.0425907 0.249625 0.127575
195 12.5745 -0.0345652 0.0967625 0.0877127 0.526733 -0.054667 14.7789 -0.131145 -0.105644 -0.0374243 0.0437064 0.298204 0.0653128 -0.0643228 -0.111184 -0.186424 -0.0957256 0.150645 -0.12133 0.644044 0.472214 -0.182119 -0.0634527 -0.302148 -0.433052 0.0817967 -0.0471636 -0.00690281 -0.10645 -0.00761303 -0.0681536 -0.106391 -0.135726 -0.050492 0.225632 0.125777 0.0471074 0.056841 -0.0331785 0.0516087 0.430645 0.1274 1.36583 0.172439 0.689225 -0.0777494 -0.00521934 0.154965 -0.0500106 -0.0512815 0.203554 -0.326507 -1.3448 0.0813444 0.682493 0.0258281 -0.0154917 0.00620867 -1.53504 -0.00496627 0.0179028 0.286235 1.24647 2.75802 0.303741 0.00213264 -2.90105 1.6303 1.22028 -0.204265 -1.13381 -1.61707 -2.15469 0.404748 -0.311942 1.76692 -11.436 2.5194 4.53851 6.1618 5.55752 0.381426 0.565523 0.860349 -1.02192 0.535553 -0.407421 -1.74194e-09 -0.0630498 -6.96187e-10 0.453947 -0.28271 -0.575669 -1.93075 -1.44534 6.75926e-10 -0.640982 0.280508 0.00527816 -1.7048 1.42922 -3.73054 -1.66012 -0.358247 -8.91342e-10 -4.23532e-10 1.6193 2.15536 -0.0661486 0.00658103 1.47197 1.75655 0.647654 0.518187 0.940574 14.7667 0.0526696 0.309117 1.17278 0.0634049 0 0.0568838 0 0.0494562 0 0.107412 0 0.153337 0 0.206161 0.0730584 0.181201 0.108566 0.123263 0.147525 0.0295674 0.0116728 0.0667906 0 0.0696101 0 0.056319 0 0.109581 0 0 0 0 0 0 0.0172746 0 0.043649 0.00293291 0.119425 0.00326835 0.0107356 0.139457 0.0702868 0 0.0478415 0 0 0 0.0631042 0.0374626 0.0583517 0.0294208 0.169202 0 0 0 0.0118654 0 0.0493168 0 0.0253658 0 0 0 0.0194443 0.0302843 0.106017 0 0.0395946 0 0.0218061 0.00383034 0 0 0.00188727 0 0 0 0.0139375 0 0.010809 0.00290401 0.00134662 0 0 0.0446842 0.0487895 0.0727015 0.0957885 0.000364187 0.00121523 0.188798 0.267021 0.131223 0.154584 0.170311 0.238074 0.134092 0.289186 0.0934416 0.0717967 0.146383 0.198094 0.155301 0.353617 0.0503698 0.0255077 0.00405068 0.361538 0 0.505968 0 0.149496 0 0 0 0 0 0 0.138283 0.0164563 0.11086 0.433205 0.105858 0.582159 0 0.513354 0.000311177 0.111783 0.0327329 0.0542425 0 0.204224 0.0385161 0.369925 0 0 0 0 0 0.0253353 0 0.0198071 0.0324193 0.0455278 0.195406 0 0 0 0 0 0 0.0366348 0.0195338 0.0350282 0 0.00797515 0.0187463 0.053091 0.207841 0.178872 0.00138113 0.00360994 0.195976 0.0289544 0 0.0248075 0 0 0.19167 0.0025217 0.0623517 0 0 0 0 0 0 0 0 0.0674038 0 0 0 0.0235072 0.0803183 0.205807 0 0 0.186231 0 0.467844 0.0884039 0.115364 0.138774 0.204824 0 0.0408762 0 0.192396 0 0.253843 0 0 0 0.0829109 0.108925 0.00424034 0.181854 0 0.0473055 0.0671942 0 0 0.123386 0.115954 0.134008 0 0 0.192654 0 0.00504939 0 0 0 0.0343351 0.0158946 0.0289008 0 0 0 0.209585 0.623148 0 0.383497 0.0279562 0.230361 0 0 0 0 0.0501049 0.0802714 0.172969 0 0 0 0 0.0390382 0.058492 0 0 0.161834 0 0.136148 0 0.0939847 0.100649 0.0360783 0 0.101465 0.825889 0 0.0137302 0 0 0.0508474 0.0258132 0 0.0284302 0 0.029254 0 0.125516 0 0.0489029 0 0 0 0 0.0080668 0 0 0 0.211663 0.0490536 0.112023 0.0495189 0.120027 0.00640605 0 0.345178 0.0033916 0 0.0526782 0.0807762 0.0251984 0.171916 0 0.0249513 0 0 0 0 0.0450548 0.0746949 0
196 12.6078 -0.0167406 0.0640574 0.093655 0.529061 -0.047199 14.8184 -0.0604174 -0.0992479 -0.0424739 -0.0259476 0.280094 0.0998338 -0.0717846 -0.0913048 -0.209129 -0.180349 0.142249 -0.126393 0.626369 0.281926 -0.0774724 -0.0457615 -0.151127 -0.296668 0.0704395 -0.0569276 -0.0125135 -0.124904 0.00759744 -0.0514649 -0.102933 -0.092025 -0.052588 0.206245 0.0865743 0.0368447 0.0436654 -0.0380354 0.0511788 0.487598 0.192498 1.31942 0.176177 0.698893 0.0819182 0.0404887 0.108043 -0.0262816 -0.0357218 0.27428 -0.271491 -1.36762 0.0591231 0.700528 0.0225086 -0.0619139 0.508359 -0.576202 0.251195 -0.0167053 0.0450162 1.16992 1.82007 -0.0359125 -0.443652 -0.853146 -2.47626 1.9082 -0.637613 1.09425 1.06937 -2.65053 -0.522418 -0.159771 -1.33171 -3.56101 2.50794 -0.490003 3.42179 3.27755 -0.467605 -0.33182 -0.185523 -0.290332 0.251664 0.38844 -7.74129e-10 1.75317 -5.10611e-11 -0.668197 -1.6322 -0.100613 -1.36181 0.027368 1.20313e-13 0.565728 -0.760724 -0.477749 0.518472 -0.34793 3.08914 -0.0510481 -3.2775 0.867915 0.929771 2.73717 4.01393 -1.9724 0.230345 4.66522e-10 -0.377192 -0.975144 0.520108 0.947349 14.8056 0.0586563 0.0554715 1.16822 0.00385805 0 0 0 0 0.00384802 0.0173099 0.00102576 0 0.125438 0.0878017 0 0.0915592 0 0.0765669 0 0.0573342 0.0542869 0.144347 0 0.166153 0 0.204504 0 0.312486 0 0 0 0 0 0 0.0674846 0 0.0458599 0 0.297798 0 0.0106593 0 0 0.147511 0 0 0.296954 0.103322 0.0566912 0.0845052 0.068164 0.0804916 0.0297456 0 0 0.05493 0 0.0523992 0.0305668 0.0152872 0.0137311 0 0 0.0107508 0.0563019 0.0286642 0.0506829 0.00939526 0.0285611 0 0.0993561 0.0167227 0 0.0128659 0.0755927 0.0222788 0.0112032 0.0282437 0.0414838 0 0.0410825 0.0115733 0.0107008 0.016449 0.0285502 0.0507386 0.0341969 0.0346331 0.0853575 0.0005355 7.88625e-05 0.144284 0.135126 0.097215 0.0183867 0.129377 0.0617806 0.0858751 0.112426 0.0373152 0 0.0913791 0 0.0935705 0.0575136 0.0409771 0.0146672 0 0.260244 0 0 0.00811691 0.059871 0 0 0 0.0664167 0 0.0163581 0 0.0194402 0 0.441454 0.175232 0.297501 0.248606 0.203582 0 0.00909003 0 0.0836253 0.311325 0.0926788 0.441058 0.0699867 0 0 0 0 0 0.00758607 0.0239482 0 0.0872894 0.0652109 0.124005 0 0 0.00457922 0 0 0.012991 0 0 0.0591606 0.0701198 0 0.151256 0 0.0983917 0.100017 0 3.57763e-05 0 0.14884 0.0636123 0 0 0 0.0890392 0.0952516 0.0489685 0.0882634 0.0173896 0.215866 0.0216573 0 0.0292904 0 0.104946 0.0517391 0.0282833 0 0 0.0234329 0.200868 0.121296 0.00278035 0 0.366427 0 0.225071 0.20084 0.231291 0 0 0 0.00630095 0 0 0.103185 0 0.212407 0.13586 0 0.420771 0.00755773 0.430601 0.0330672 0 0.0293103 0.0188797 0.0218765 0.424127 0 0.098071 0.120715 0 0 0 0.160289 0 0.454407 0 0 0 0.15032 0 0 0 0 4.09335e-05 0 0 0 0.152185 0.0787545 0 0 0 0 0.113515 0.135255 0.0767014 0.0148908 0 0.0130488 0.0171583 0.0263962 0 0 0.0878963 0.0979325 0.309511 0 0.297853 0 0.0746741 0 0 0.38173 0.277394 0.0451465 0 0.000782873 0.093479 0.0525775 0 0.0217254 0.000247449 0 0.000888303 0 0.0306858 0 0 0 0 0 0 0.00143102 0 0 0.280916 0.011223 0.421267 0 0.543301 0 0.0391108 0 0.184449 0.0782337 0 0.0451245 0.0469428 0.00929129 0 0.145026 0.0403498 0 0 0 0.0410166 0 0.0413921 0
197 12.6411 0.0397103 0.0416815 0.0952413 0.530653 -0.0456773 14.8524 -0.0395283 -0.0913141 -0.0421922 -0.100799 0.292011 0.119886 -0.073303 -0.136205 -0.190855 -0.327063 0.104371 -0.12778 0.562598 0.227937 0.0513 -0.0345302 -0.0495111 -0.208027 0.0412238 -0.0700178 -0.0132168 -0.157886 0.0284919 -0.0388603 -0.103794 -0.124106 -0.0509431 0.191743 0.12045 0.014843 0.0149279 -0.0441746 0.0506083 0.47704 0.178316 1.30511 0.210569 0.694367 0.0927981 0.0862825 0.166644 -0.00114884 0.0131365 0.177259 -0.228467 -1.43063 0.0873161 0.699964 0.0279108 -0.135263 0.920405 -1.44936 0.0919231 0.0246735 0.0921523 0.889128 -0.121542 -0.202825 -0.0251998 -2.4597e-09 -0.468046 1.49238 -0.240478 -0.463086 -0.501919 -3.70153 -1.40765 -0.39995 -2.3779 -1.30831 4.63796 -0.734774 2.95348 3.12887 0.958748 -0.228329 0.0107586 -1.80282 0.550897 0.333974 -2.86594e-09 -1.14172 -1.70882e-10 -0.330793 1.30447 -0.770119 0.48642 0.394546 3.59496e-10 -1.50323 1.86999 -0.746034 -0.103426 -0.547154 -0.0933369 0.660925 3.02355e-09 2.03517 1.22913 -0.057674 0.0994843 -1.87743 0.379363 6.44936e-10 -1.26466 -0.564018 0.522045 0.948916 14.8443 0.0500664 0.0680747 1.15959 0.0108255 0 0.003711 0 0.0194445 0 0.00987121 0 0 0 0.124251 0.381036 0.0801344 0.349832 0.0333733 0.391246 0.0137276 0.059954 0.169907 0 0.261657 0 0.230558 0 0.405007 0 0.250813 0 0.165874 0 0 0.018492 0 0.0452394 0 0.380311 0.00506974 0.00934483 0 0 0.423504 0.0137706 0 0.426966 0.0595372 0.035058 0.045793 0.0631467 0.10579 0.0953575 0 0 0.089206 0 0.123462 0.0437449 0 0 0 0 0 0.00179435 0.0825547 0.0509624 0.0148074 0.0176787 0.110912 0 0.0597096 0 0.107167 0 0.0563863 0 0 0 0.0610161 0.00408499 0 0.00637308 0 0.0102438 0.0156672 0.0550847 0.0869967 0.0792868 0.000691013 0 0.120663 0.262472 0.0853355 0.161807 0.109959 0.261744 0.0586947 0.347557 0.107576 0.0724238 0.0740815 0.207768 0.0646222 0.371278 0.0500567 0.0447876 0 0.222352 0 0.403331 0 0.00627122 0 0 0 0.318144 0 0.0591433 0.155925 0 0 0.446305 0 0.300372 0 0.279453 0.0227981 0 0.00692226 0.0372943 0 0.00637824 0 0.0518939 0.139335 0 0.211159 0 0 0 0.0145078 0.0199052 0.106669 0.0807203 0.248159 0.0557485 0 0 0 0 0.055839 0.0429601 0.124544 0.15138 0.0816543 0 0.100096 0 0.28643 0.178381 0 0.00304194 0.0613052 0.193632 0.0731203 0 0 0 0.0727682 0.0959191 0.0283086 0 0 0 0.0273402 0 0.0368182 0 0.0805857 0 0.216495 0 0 0.0739978 0.162001 0.137316 0.00783915 0 0.178127 0 0.550964 0 0.349241 0.00111797 0 0 0.0340165 0 0.0862698 0.00839543 0.0953576 0 0 0 0 0.0369182 0.027771 0 0.012696 0.0422254 0.0147823 0.00576449 0.208693 0 0.13942 0.103111 0 0 0.0773367 0.122941 0.0866868 0.370856 0 0 0.0938369 0 0 0 0 0 0 0.642603 0 0.0342253 0.0147627 0.0177585 0 0 0 0 0.141373 0.0552122 0.0598576 0 0 0 0.105807 0.00233592 0 0 0 0.115605 0 0 0 0 0.334803 0.0681441 0.0799398 0.318108 0.223212 0 0 0 0.281438 0.0728331 0.0104394 0.00559579 0 0.0852079 0 0.0090666 0 0.400317 0 0.0839638 0 0.0888046 0 0.151504 0 0.162448 0.124028 0.0506667 0.330267 0 0.322216 0 0.010938 0 0.396084 0.0699306 0 0.23953 0.0805845 0.122177 0.0259699 0 0 0 0 0 0 0 0.0848382 0
198 12.6745 0.037493 -0.019204 0.0913831 0.530812 -0.0480072 14.886 0.000237494 -0.0984321 -0.0367372 -0.0971785 0.19736 0.143053 -0.0886847 -0.0755495 -0.202435 -0.382104 0.104795 -0.100286 0.434733 0.17781 0.157319 -0.0974833 0.0383916 -0.111113 0.0771657 -0.0639731 -0.0200687 -0.182655 0.0452677 -0.0205035 -0.105155 -0.186699 -0.0514164 0.181779 0.206888 0.00757335 -0.0276361 -0.0392735 0.050046 0.403461 0.142614 1.32253 0.222464 0.702113 0.0657951 0.0594588 0.166357 0.0308208 0.0340283 0.198637 -0.20268 -1.46344 0.101219 0.669331 -0.0323901 -0.134746 -0.238685 -1.6755 -0.0114139 -0.0197655 -0.190605 1.06539 1.43254 0.0750743 -0.0134829 0.200153 -3.31763 -1.3696 -0.245423 3.19938 -0.249486 -1.52819 -0.0406424 0.911597 -3.3313 -2.80363 0.816625 -0.484431 2.79564 2.98219 0.74241 0.20024 -0.439581 -0.464144 0.390788 0.611955 -3.56344e-10 -2.41045 -0.840728 -0.391507 3.10348 0.448288 -1.65843 -0.488693 1.24102e-12 -0.317932 0.382352 0.213775 0.385065 3.93597e-12 -0.00326339 -0.309501 2.35502e-09 0.681286 0.165138 0.645066 0.854143 -0.521827 0.00686105 -1.14253 -0.732091 0.257377 0.523809 0.946792 14.883 0.0490312 -0.21279 1.1602 0 0 0.0194628 0 0.0588391 0.00236504 0 0 0 0 0.0920525 0.0653304 0.0763405 0.0786556 0.0223537 0.135663 0.00523905 0.066961 0.0126791 0 0.0564023 0 0.0126788 0.00267915 0.0762475 0.0305692 0 0 0 0.000798567 0 0.114502 0 0.109184 0 0.226066 0.00518817 0.00284007 0.021999 0 0.00682097 0 0.0543572 0 0.190079 0.0507813 0.0796133 0.0712223 0.016568 0.0757291 0 0 0.0112529 0 0.0457884 0.0364133 0 0.00342044 0 0 0.0244642 0 0.064311 0.0283483 0.0238086 0.0100103 0 0.065732 0 0 0 0.033739 0 0 0.0279667 0 0 0.0224066 0.00354032 0.0034041 0.0100395 0.00936785 0.0119195 0.0517548 0.0682112 0.0522107 0.000528554 0 0.113868 0.0887365 0.0904927 0.012773 0.107761 0.101396 0.047491 0.134312 0.00573763 0.0643992 0.0717315 0 0.0794562 0.0698363 0.00814075 0.047249 0 0.174068 0 0 0 0.00377884 0 0 0 0 0 0 0 0.0591024 0 0.194201 0.0476905 0.00926664 0.132633 0 0 0.03619 0.021549 0.162349 0.0903312 0.0417932 0.0683646 0.0189969 0.0355366 0 0 0 0 0 0 0.010223 0.116326 0.123279 0.0974252 0 0 0.00287679 0 0 0 0 0.148743 0.199897 0 0 0.0437343 0 0.151209 0 0 0.00383088 0 0.0242431 0 0.016813 0 0 0.0960768 0.148328 0.0600078 0.0575124 0.0167929 0.132141 0 0 0 0 0.0772154 0.0338093 0.0481541 0 0.0220633 0.0281276 0.0383627 0.0561909 0.00886674 0 0.160933 0 0.318566 0.154999 0.256362 0.0435949 0 0 0.00907519 0 0.0390076 0.0276251 0.00164591 0.0352387 0.0300784 0 0 0.00623588 0 0.0229081 0 0.0111152 0.011972 0 0.285256 0 0.0472422 0.102821 0 0 0.250741 0.0876009 0.274371 0.102978 0 0 0.37599 0 0 0.00631886 0 0.082307 0 0 0 0 0.1776 0.113082 0 0 0.0139859 0 0.0302544 0.0830288 0.0743298 0.0166139 0 0 0 0.0425863 0 0 0 0.0212264 0 0.0512346 0 0 0.126687 0.0321714 0 0.368329 0.0813721 0 0 0 0.0644527 0.0470137 0.014846 0 0 0 0 0 0 0.000933263 0 0 0 0 0 0.0167609 0 0 0.207236 0.149604 0.275505 0.0227987 0.30121 0.0754165 0.0541348 0 0.0706895 0 0 0.0108667 0.108726 0.0309865 0 0.0438971 0 0 0 0 0.00488802 0 0.156752 0.030306
199 12.7078 0.0288729 -0.0729276 0.0807936 0.529653 -0.0619082 14.9227 0.0607234 -0.0847477 -0.0275729 -0.100285 0.0390738 0.097099 -0.0492505 0.00749794 0.0241409 -0.416406 0.102633 -0.0513925 0.301283 0.166858 0.136745 0.0098189 0.0519135 -0.102411 0.060228 -0.0522147 -0.0178597 -0.137518 0.0543856 -0.0105403 -0.103751 -0.124278 -0.0500539 0.167639 0.173203 -0.00204791 0.00109876 0.00672522 0.0423211 0.310047 0.104525 1.34303 0.361099 0.695705 0.0329658 -0.00829628 0.166278 0.0142889 0.0013044 0.414417 -0.255581 -1.38487 0.227676 0.651325 -0.0258983 -0.0910338 -0.28675 -1.45316 -0.465068 -0.0209445 -0.514425 1.10017 1.86369 0.27885 0.25015 -5.30352e-10 -6.35841 1.1145 0.0189862 4.31318 29.1503 -1.34155 -0.446589 1.67716 -3.3543 -0.515076 -1.10935 2.86137 0.79212 0.720605 -0.457773 0.286662 0.22826 1.28653 0.241415 0.298673 -2.62319e-10 1.01262 0.389607 -0.184208 -0.297702 -0.674163 0.932776 0.0297863 -0.340898 -0.929115 2.74604 0.104096 1.15797 -1.05078 1.62742 -1.29762 5.57603e-10 -0.291031 -1.19316 1.28591 1.34394 1.13385 -0.12254 -0.543893 -1.2244 0.858854 0.525564 0.934123 14.9216 0.0443896 -0.499573 1.15078 0.0479123 0 0.0231142 0 0.0239654 0 0.0414416 0 0.0535175 0 0.0444424 0 0.0440718 0 0.0456341 0 0.00568011 0 0.0526625 0.0376095 0.0502959 0.0441912 0.0720331 0.0687481 0.100074 0.0779651 0.00308524 0.0245257 0.00529497 0.045254 0 0 0 0 0 0 0.00272481 0.00100389 0 0 0 0 0.0533322 0 0.0979155 0 0.0381378 0 0 0 0 0.0223228 0 0 0.0188929 0.0118995 0.00423899 0 0.000687308 0 0.030227 0 0.0600445 0.0263028 0.0351692 0.0180437 0.0410065 0 0.0146167 0 0.02258 0 0.0718298 0.0474504 0.0579792 0.0133587 0.0654923 0.00503952 0.00169851 0 0.0381139 0.0181666 0 0 0.142651 0.110639 0 6.69091e-05 0 0.00957563 0 0 0 0.00777027 0.00232213 0.054042 0 0 0.00373418 0 0 0 0 0.00309202 0.0698145 0.0480244 0.00210637 0.386176 0 0.0301792 0.00503811 0 0 0 0 0 0 0 0 0.0112887 0 0 0.00517416 0.0116045 0.0162788 0.0212542 0 0.00874499 0.0546665 0.0687357 0.0110013 0.0601182 0.156171 0.0151064 0.0022895 0.00180232 0.00454895 0 0 0 0.0428005 0.0652306 0 0 0.00360409 0 6.34454e-05 0 0 0 0 0 0.0177347 0.0107163 0.0349031 0.016148 0.0516153 0.0967141 0 0 0 0 0 0 0.00939189 0.00317233 0.0475164 0.0812818 0 0.0239293 0.00344476 0.0319236 0 0.0474075 0 0.0489641 0.00751038 0.00889623 0.00968416 0 0.00241035 0 0.0732871 0.0182196 0.00363586 0 0.247547 0.0645971 0.149381 0.0352804 0.0279168 0.052809 0.0730578 0 0 0 0.0393352 0.00373396 0.0446587 0.0189387 0.0547646 0.0616635 0.0206678 0.272114 0 0.251707 0 0 0 0.00975856 0.108724 0.0392301 0.0750962 0.0221241 0.0266944 0 0.154967 0 0.275312 0 0 0.000642134 0.155168 0.00193582 0 0.0078223 0.0187912 0.0326681 0 0.0739253 0 0 0.131148 0.0393757 0 0 0.00730712 0 0.0297162 0.0365517 0.0273533 0.0798742 0.0117996 0 0.00138658 0.00747147 0 0 0 0.00644104 0 0.0716442 0.00789374 0.053736 0.0209737 0.0469855 0.349547 0.0818503 0 0 0.0409392 0.059257 0.0262183 0 0.039139 0.0433593 0 0.0427543 0 0.0414969 0 0.138978 0 0.0314159 0 0.0490669 0 0.0750416 0 0.0786204 0.0601407 0.0550906 0.0758286 0.0762286 0.092726 0.110828 0 0 0.147991 0.00454219 0 0.03509 0.014598 0 0.0583476 0.0134474 0.019323 0 0 0 0.00233515 0 0.0447138 0.0284313
200 12.7411 0.0211246 -0.107389 0.0326247 0.526116 -0.073391 14.9611 0.121857 -0.0857976 0.0178098 -0.100285 -0.0497595 0.134464 -0.0456961 0.0437863 0.0731351 -0.40567 0.0680837 0.0354591 0.0798718 0.165639 0.197068 0.0670925 0.0810566 -0.0732172 0.0492098 -0.047167 0.0162293 -0.105222 0.0683189 -0.000204979 -0.102454 -0.0217618 -0.0347624 0.165442 0.083267 -0.0109181 0.149479 0.0183196 0.0512509 0.0999071 0.190189 1.34585 0.399373 0.669921 0.0607682 -0.0156236 0.161993 -0.0170914 -0.0541338 0.422183 -0.207701 -1.35065 0.195868 0.637676 0.0131218 -0.0641585 -0.263299 -0.0873455 -1.00321 0.00346134 -0.205381 1.20761 1.85312 0.307296 0.880053 -6.42957e-10 -1.48533 -0.182864 -0.136045 -0.00102128 -0.0107922 0.0565446 -1.17288 1.42591 -5.76938 -1.1198 1.02046 2.60499 1.04082 1.07972 -0.477205 0.0860521 0.107017 0.869369 0.264437 0.692238 -2.09193e-09 3.67196 -0.0193635 -0.221713 -3.39817 0.885121 7.73272 -0.0711996 3.411e-10 -2.80744 8.49421 -0.834301 0.668624 -1.55642 -0.342775 0.25944 1.93976e-10 -2.27899 -2.59223e-10 1.38139 1.48912 -0.590457 0.42921 0.671875 3.07971 0.29703 0.526614 0.92357 14.9608 0.0210603 -0.175733 1.19887 0.0679359 0 0.0518812 0 0.0400541 0 0.0666655 0 0.0469827 0 0.185896 0 0.18487 0 0.175418 0 0.037071 0.0242459 0.204751 0.0269815 0.262455 0.0114656 0.310404 0.0522073 0.386536 0.0309656 0.252459 0 0.284794 0 0.0359056 0 0.00501975 0 0 0 0 0 0.0533697 0.0539898 0.06507 0 0.0507001 0 0.110303 0 0.0397564 0 0.106515 0 0.00555779 0.0137228 0.00915954 0 0.0285989 0.037186 0 0 0.000777235 0 0 0 0.0238653 0.00860621 0 0.00373092 0.0381308 0 0.00284376 0 0.00568146 0 0.0302163 0 0 0 0.0557617 0 0 4.69488e-05 0 0.00706466 0.0278387 0.00247903 0.00801848 0.0640124 0 0.000411544 0.0116352 0.0799885 0.0079287 0.0626166 0.0105552 0.0717235 0.00863509 0.115752 0.18071 0.071238 0.0159245 0.0601752 0.0151931 0.0663604 0.0879961 0.0400291 0.10379 0.00924327 0 0.307296 0 0.0455836 0 0 0 0 0 0 0 0 0 0.394017 0 0.250144 0 0.10671 0 0.0224863 0 0.0188947 0 0.119094 0 0.16988 0.340622 0 0.0403205 0 0 0 0 0 0.129015 0.189339 0 0 0.0754133 0 0.00275884 0 0.0532925 0 0 0 0.063302 0.00272133 0.0704235 0.0114381 0.131191 0.323788 0.00609579 0.00247063 0.0239704 0.0127674 0.00193594 0 0.0178869 0 0.0273735 0.190912 0 0 0 0 0 0.0214217 0 0.0214382 0.0160696 0.00631324 0.0554983 0 0.00715239 0.0059382 0.0979879 0 0.0043671 0 0.271562 0.114469 0.147114 0.125723 0.103974 0.108477 0.106918 0 0.0162667 0 0.00917166 0.0104991 0.00722922 0.0467517 0.0315601 0.0154533 0 0.296318 0.00670265 0.266104 0.0429392 0 0 0.0344612 0.148632 0.0559329 0.172751 0 0.161625 0 0.20699 0 0.331583 0.00494226 0.00902093 0 0.19372 0.00824649 0 0 0 0.0298344 0 0.189993 0 0 0.331111 0 0 0 0.0513864 0 0.062112 0 0 0.223289 0 0 0.0297731 0.00428322 0 0 0 0.0343679 0 0.0769009 0 0.0708892 0.0365439 0.155757 0.418572 0.198329 0 0 0 0.0375081 0.0159678 0 0 0.0137101 0 0.02476 0 0.0219661 0 0.0710562 0 0.0184648 0 0.0275936 0 0.036143 0 0.0435458 0.146852 0.0782938 0.202804 0.0949557 0.185694 0.12101 0.0412119 0 0.295749 0.00583781 0.151332 0 0.0389734 0 0.0333912 0.0143614 0.0358734 0 0 0 0.0142688 0 0.0782147 0.0850162
201 12.7745 -0.00570556 -0.136041 0.000770701 0.523391 -0.0820324 15.0033 0.204552 -0.0840868 0.0391659 -0.100285 -0.101582 0.162333 -0.0394981 0.0852571 0.0713137 -0.377044 0.0801285 0.0880172 -0.0366745 0.00156284 0.141859 -0.00404428 0.146297 0.00962581 0.0582735 -0.0190039 0.0283937 -0.0860067 0.0567235 0.00824213 -0.101453 0.0416737 -0.0100619 0.167133 0.0284986 -0.0299613 0.164217 0.0497592 0.0536608 0.0923576 0.175374 1.35952 0.500668 0.678001 0.0494705 0.0131767 0.160126 -0.0514231 -0.0569432 0.452309 -0.176489 -1.3702 0.197808 0.70505 -0.00571113 -0.0705237 -0.575182 -1.32541 -0.781173 0.122629 -0.280577 1.30219 2.20841 -0.0735037 0.249747 -4.60798e-10 -1.62658 1.37797 0.238329 -0.0205031 -0.00661638 0.584796 0.355176 1.49768 -1.88714 -3.76669 -4.29467 -0.157446 1.08052 1.18925 -0.175136 0.790266 0.362695 0.597137 -0.259541 0.208378 -1.10283e-09 1.25427 0.771372 0.0676479 -1.16649 -0.426027 3.64687e-09 0.0972769 7.93488e-11 0.433738 0.851027 0.601491 0.342524 -0.56219 1.46756 -0.0249181 -0.0219111 -1.60639e-10 -1.1014e-10 0.289248 0.744164 -1.02876 0.325536 5.26503e-10 -0.566672 0.057689 0.527574 0.916659 15.0005 0.0298212 -0.229522 1.18195 0.00550968 0.0337257 0 0.0278207 0.000975877 0.0109538 0.000544891 0.0295214 0.0925362 0 0 0.104768 0 0.10133 0 0.113797 0.0879086 0.0159158 0 0.330051 0 0.318045 0 0.424134 0 0.445292 0.0198364 0.187094 0.0165225 0.330889 0.110088 0 0.111676 0 0.149814 0 0 0 0.0325286 0 0.142551 0.00778125 0.475476 0 0.0265539 0.0514895 0.0110001 0.0516677 0.0977895 0.023231 0 0.0411698 0.0348378 0 0.0318548 0.031539 0.0107138 0 0.00243834 0 0 0.0125401 0 0.0267498 0 0.0199545 0 0 0.00168997 0 0 0 0.0251056 0.0383556 0.0006896 0.0335968 0 0 0.0121494 0.00301169 0.0139228 0.027851 0.0537602 0 0 0.0957064 0 0.000478666 0.0497661 0.103468 0.0398113 0.0808625 0.0433284 0.0714639 0.0266099 0.158434 0.0598749 0 0.0249124 0.0367758 0.0289334 0.0641451 0.0570512 0.00350321 0.0772427 0.376322 0.00213729 0.175111 0 0.0139831 0.0108951 0 0.0545224 0 0.0293648 0 0.14391 0 0.204743 0.614159 0.0777473 0.34568 0.0206146 0 0 0 0 0.111752 0 0.404623 0 0.519227 0.0523597 0.148391 0 0.0128627 0.003551 0 0.018239 0 0.0538639 0.227565 0 0.162112 0.0299715 0 0.00298652 0 0 0 0.0211928 0.00291161 0 0.0581141 0 0.0769292 0 0.397227 0 0 0.0907227 0.0959442 0.0504397 0 0.0580824 0.0107954 0.0587411 0.235044 0.0188058 0 0 0 0 0.0451097 0.00213974 0.0534769 0 0.00145751 0.00277998 0 0 0.0555746 0.0548836 0 0.00166009 0 0.145083 0.53876 0.339146 0.195251 0.120306 0.225647 0.0774185 0.037898 0 0 0.123925 0.00654871 0.194719 0 0 0.0827699 0 0.812312 0 0.775921 0 0 0 0 0.000235282 0.313436 0.161161 0 0.146981 0 0.559439 0 0.479777 0 0.0057133 0.0190018 0.374647 0 0 0 0.0289 0.0446248 0.00934989 0.264394 0 0 0.241418 0.117822 0.00478887 0 0.0624737 0 0 0 0.0219451 0.263929 0 0 0 0.071261 0 0 0.020083 0.0708261 0 0.351308 0 0.291792 0.0563038 0.203381 0 0.0874406 0.0433021 0 0 0.0535794 0.0631333 0.0100626 0 0.0329567 0 0.0760935 0 0.0331151 0 0.186535 0 0.028546 0.00269313 0.0596689 0 0.0805447 0 0.0819102 0 0.382288 0 0.511659 0 0.624144 0 0.0261561 0.104943 0.12259 0.0752387 0 0 0.0291678 0.104729 0.00268934 0 0.0104108 0.00772455 0 0.0404881 0 0.0875788 0.173864
202 12.8078 -0.0181502 -0.157152 -0.0113614 0.523165 -0.0914041 15.0479 0.268253 -0.0720675 0.0371041 -0.0923296 -0.158033 0.171676 -0.031857 0.0805357 0.114169 -0.376223 0.0942122 0.098959 -0.0352207 -0.0397723 0.0279901 0.0323042 0.152959 0.0200424 0.0396155 -0.00431924 0.031494 -0.0626259 0.0594295 0.00923648 -0.100331 0.133598 0.0161358 0.173697 -0.054335 -0.0567186 0.164206 0.0501929 0.0536966 0.0865611 0.195761 1.38378 0.493419 0.655686 0.0815564 -0.0232063 0.160358 -0.0430886 -0.056272 0.441975 -0.163304 -1.38883 0.189421 0.703463 0.0168536 -0.0928786 -0.243652 -0.385419 -0.187482 0.23433 -0.330374 1.33048 1.63862 0.385874 -0.329003 0.494797 -1.89723 -0.10941 0.0573644 -0.0178207 -0.0214457 0.0530096 0.204664 -0.11178 0.599522 -1.93797 -1.75431 0.173521 0.537232 0.54852 -0.690724 0.608023 0.00703534 0.592983 0.0179067 0.0104171 -1.30553e-09 2.10554 0.680566 0.194134 -1.81729 -0.404375 7.72574e-09 2.94395e-10 5.84446e-10 0.565191 0.226631 0.452875 -0.135817 -0.822118 -0.239435 -0.644703 6.28035e-09 0.415567 -6.7562e-10 -0.128358 -0.0756918 -0.180655 0.0709379 2.20597e-10 0.683095 -0.535261 0.528593 0.908397 15.04 0.0285047 -0.282653 1.18497 0.00650457 0.0173473 0 0.005007 0 0.00110384 0.0224683 0.0328961 0.119502 0.00479251 0 0.0320084 0 0.0522126 0.0019849 0.0613302 0.0908932 0.0551575 0.0109741 0.28417 0.0349455 0.296103 0.0260025 0.395337 0.0324603 0.418822 0.0954552 0.169225 0.107995 0.297359 0.137539 0 0.146666 0 0.188337 0 0 0.00580369 0.0632805 0.221881 0 0 0.372162 0 0 0.0021481 0.0027258 0.000448415 0.0268186 0 0 0.0419948 0 0 0.012626 0.00778139 0.00565824 0 0.00435184 0 0.0281847 0.00217799 0 0 6.90132e-05 0.00514872 0.0089495 0 0.000885848 0 0.00443629 0 0.0357126 0.00404938 0.0571434 0.0242766 0.0147081 0 0.017726 0.0130073 0.0478177 0.0383607 0.0191294 0 0.0116624 0.0662019 0 0.000846416 0.0107199 0.0955682 0.00627113 0.0781808 0.00955443 0.0853539 0.01815 0.130698 0 0 0.00854325 0.0591595 0.00948257 0.0635283 0.0148509 0.00779666 0.0221644 0.0218834 0.0285548 0.415564 0 0.00874421 0 0 0.0372084 0 0.0463852 0 0.164634 0 0.131947 0.401001 0.0390879 0.0799665 0 0 0 0 0.0029014 0.0562627 0 0.200151 0 0.30962 0.0253411 0.190089 0 0.00920956 0.101976 0 0 0 0.0440484 0.199406 0 0.134166 0.022973 0 0.0073271 0 0 0 0 0 0.00107456 0.0356425 0 0.0457073 0.0287259 0.38911 0 0 0.109338 0.0977537 0.00609502 0 0.0252827 0 0.0688809 0.174253 0 0 0 0 0.0099946 0.0284097 0.00996689 0.028836 0 0 0 0 0 0.0093776 0.142181 0 0 0 0.120268 0.389179 0.233839 0.0907058 0.0507401 0.139452 0.046311 0.0282309 0 0 0.116725 0.00657693 0.202949 0.00245714 0.0687207 0.158958 0 0.678449 0 0.652497 0 0 0 0.00697756 0 0.173698 0.198676 0 0.17082 0 0.392079 0.0799107 0.209704 0 0 0 0.155763 0.00203146 0.174275 0.266141 0.0695869 0.00863465 0 0.319683 0.00793805 0 0.250095 0.0666161 0 0 0.0614921 0 0 0 0.0321899 0.225496 0.136275 0 0 0.0372613 0.157052 0.377559 0.00352269 0.00254865 0 0.253882 0 0.17155 0 0.120175 0.122855 0.270542 0 0 0 0.120495 0 0 0 0.0994612 0.00506547 0.00433689 0.00162984 0 0.0231373 0.034486 0 0 0.00636414 0.0115484 0.00954352 0.0180641 0.00910417 0.0157368 0 0.285165 0 0.424597 0 0.499365 0 0 0.111594 0.135828 0.0776572 0.0172986 0 0.00343901 0.152059 0 0.0285797 0.0239415 0.014043 0 0.0322645 0 0.0692737 0.181902
203 12.8411 -0.0269927 -0.165486 -0.0193633 0.524279 -0.101554 15.0934 0.304414 -0.065338 0.0295426 -0.0401992 -0.204735 0.168137 -0.0097515 0.00287721 0.0341428 -0.369891 0.103019 0.088418 -0.000971612 -0.0558959 -0.00836652 0.0168368 0.165566 0.0325225 0.0204598 0.00394231 0.032958 -0.046191 0.062011 0.00932867 -0.102967 0.150601 0.0340778 0.186678 -0.0766063 -0.0692762 0.164206 0.0501929 0.0536966 0.0757976 0.204555 1.40014 0.472313 0.653216 0.0683001 -0.00864988 0.160756 -0.028567 -0.055101 0.433622 -0.16036 -1.39219 0.188283 0.696321 0.0286974 -0.0746132 -0.233173 -0.0981073 -0.346571 0.268545 -0.326626 1.36496 0.976243 0.0640059 -0.121225 1.70718 -1.175 0.037253 0.0147034 -1.17973 -1.60758 0.465394 0.244911 -0.27141 0.985946 -0.503631 -0.644122 -0.569299 0.602733 0.519301 -0.664517 0.209928 0.116808 0.444118 0.0466287 0.0884397 -1.91715e-09 0.260535 0.453429 0.2799 -0.540023 -0.188091 8.73133e-09 6.38491e-10 7.44244e-10 0.137717 -0.0157649 0.267798 -0.299071 0.208474 -0.629723 0.371015 5.12905e-09 0.344136 -6.56001e-10 0.0214053 -0.061496 0.128247 -0.00231875 -0.248209 0.254524 0.212403 0.52964 0.898643 15.0799 0.0326778 -0.286153 1.20792 0.0292721 0 0.0131833 0 0.00257928 0 0.0550381 0.0329447 0.157986 0.0176382 0.0020481 0.0370576 0.000830782 0.0710379 0 0.097315 0.0680882 0.0885054 0.00223271 0.171962 0.011569 0.134029 0.00594798 0.253586 0.00628529 0.18856 0.0257265 0.0360944 0.0304273 0.0920322 0.0629334 0 0.0761234 0 0.107316 0 0 0.00628455 0.0554261 0.298466 0 0 0.18104 0 0 0.0170269 0.00267049 0.0061948 0.0242103 0 0 0.0380439 0 0 0.017789 0.0031896 0.00284442 0 0.00414639 0 0.00933266 0.00614603 0 0 0.00439074 0 0.00145026 0 0 0 0 0 0.0327664 0 0.0382997 0.0213741 0.00879377 0 0.0109963 0.0201614 0.0352746 0.039139 0.00103313 0.0245611 0.0305594 0.038574 0 0.00140892 0.00933816 0.0997224 0.00520803 0.0726361 0.00715295 0.0965487 0.0152233 0.209413 0 0 0.00510041 0.0947609 0.0057819 0.0981882 0.0168225 0.0217033 0.0204413 0.165458 0.0195486 0.574739 0.00790161 0 0.0180595 0 0.0550145 0 0.0265116 0 0.0886401 0 0.0750919 0.659894 0.0307961 0.225686 0 0 0.00277187 0 0.0159934 0.0147591 0 0.15992 0 0.380982 0.00976307 0.0810685 0 0 0.0854148 0.0051626 0 0 0.0770643 0.259467 0 0.126341 0.0609353 0 0.0032826 0 0 0 0 0 0 0.00593723 0 0.00835386 0.0879934 0.472915 0 0 0.0595712 0.272971 0.00285964 0 0.0308676 0 0.11254 0.207403 0 0.0194069 0.00620283 0 0.0109899 0.017961 0.0103869 0.0190452 0 0 0 0 0 0.0164797 0.154096 0 0 0 0.219969 0.321103 0.269483 0.0384379 0.048682 0.175517 0.0668389 0.019757 0 0 0.151376 0 0.272348 0 0.12006 0.214871 0 0.634046 0 0.576271 0 0 0 0.0110827 0 0.156287 0.249114 0 0.241413 0 0.218082 0.202786 0.115959 0 0.0119718 0 0.082268 0.135267 0.174038 0.301298 0.059763 0.00696948 0 0.483384 0.00657733 0.12923 0.293408 0.0497303 0.00310367 0 0.0747411 0 0.0463884 0 0.0552205 0.287703 0.11754 0 0 0.00857032 0.13075 0.432732 0.00264042 0.0205288 0 0.196965 0 0.167904 0 0.169225 0.117283 0.0860615 0 0.0751629 0.00628697 0.119762 0 0.00352312 0.00320072 0.0991398 0.00745961 0 0.00304379 0 0.0149356 0 0 0 0.00749012 0 0.00871483 0 0.00866997 0 0 0.312814 0 0.372989 0 0.402423 0 0 0.263729 0.117551 0.0930375 0.0377526 0 0 0.224755 0 0.0522883 0.0374477 0.00867785 0 0.0185751 0 0.0878151 0.218199
204 12.8745 -0.0423581 -0.176276 -0.0493834 0.524615 -0.108649 15.1413 0.309356 -0.0783188 0.0376111 0.081619 -0.196283 0.195255 -0.0143071 -0.103757 -0.11117 -0.334226 0.111459 0.0960909 0.0397016 -0.0153354 -0.0256724 0.0166461 0.183402 0.0472143 0.00490103 0.00913438 0.0494374 -0.0300497 0.0666746 0.0162188 -0.101473 0.135734 0.0502861 0.2006 -0.0722041 -0.0718229 0.164182 0.0510999 0.0537715 0.0568836 0.220073 1.40772 0.390495 0.646744 0.0533408 -0.00246503 0.160757 -0.0285155 -0.0550968 0.425008 -0.161173 -1.39079 0.170062 0.675872 0.0428914 -0.0643297 -0.583358 0.00730534 -0.94383 0.273874 -0.206731 1.48046 0.035441 -0.447125 0.441249 3.93036 2.01839 0.659272 -0.144949 -4.87776 -6.64359 1.42269 0.0869843 0.231925 1.25021 0.766034 -0.325654 0.0815802 0.865696 0.728722 -0.632549 0.111465 0.448132 0.533281 0.113508 0.319931 -2.0986e-09 -0.602734 0.398856 0.377001 0.184406 -0.0505812 8.36123e-09 9.08993e-10 8.68157e-10 0.072157 -0.397008 0.0719029 -0.80111 0.998267 -1.82426 0.654438 4.56839e-09 -0.5326 -5.68048e-10 0.048424 0.286076 0.219752 -0.00773417 -0.195911 0.655012 -0.356735 0.53063 0.890959 15.1215 0.0285432 -0.173301 1.28103 0.0675251 0 0.0451695 0 0.0268716 0 0.0879771 0.00505012 0.181378 0.00556831 0 0.000314819 0 0.0403627 0 0.0715939 0.0628778 0.113284 0.0131112 0.116704 0.0257864 0.0634203 0.0191283 0.186129 0.02906 0.0847163 0.0404405 0 0.0493954 0.00742954 0.0515174 0 0.0545456 0 0.0752248 0 0 0.00690157 0.0607711 0.358559 0 0 0.122881 0 0 0 0.00294914 0 0.0203015 0 0 0.0233419 0 0 0.0151152 0.00553739 0 0 0.00290145 0 0.00287951 0 0 0 0.00190898 0 0.00117916 0 0 0 0 0 0.035091 0.00144539 0.0286249 0.00526688 0.0106269 0 0.00913402 0.0243431 0.0296819 0.0313784 0.000126515 0.0660633 0.0225253 0 0 0.00158389 0.011532 0.0835243 0.00777378 0.0518646 0.0090757 0.0829961 0.0152538 0.243222 0 0.0275016 0.00748725 0.0840229 0.00830036 0.0891195 0.0201467 0.0394735 0.0157023 0.208959 0.0153128 0.616093 0 0 0.00833364 0 0.0315456 0 0.0241131 0 0.0667555 0 0.0532332 0.745518 0.0151011 0.220731 0 0 0 0 0.00444612 0 0 0.0909421 0 0.393589 0.0243307 0 0 0 0.064359 0 0 0 0.106857 0.296075 0 0.122705 0.088832 0 0.00616609 0 0.00509316 0 0 0 0 0 0 0 0.143011 0.504509 0 0.00153015 0.0429801 0.422356 0 0 0.0212274 0 0.136578 0.233688 0 0.057389 0.0136621 0.0464566 0.00510683 0.0347673 0.00541995 0.0350777 0 0 0 0 0 0.00664987 0.149945 0 0 0 0.27369 0.28015 0.236988 0.0587127 0.0292836 0.260508 0.11299 0 0 0 0.169736 0 0.282839 0 0.139168 0.217472 0.0011104 0.673117 0.00105375 0.612229 0 0 0 0.0278506 0 0.118739 0.302808 0 0.300216 0 0.156514 0.0713906 0.0869213 0 0.0230762 0 0.0540832 0.0580752 0.188077 0.306466 0.0356233 0.00561346 0 0.512227 0.0064906 0.186112 0.352485 0.0255562 0.00882359 0 0.0882257 0 0.0825094 0 0.0593409 0.334285 0.0967523 0 0 0 0.125763 0.442895 0 0.036447 0 0.183441 0 0.171038 0 0.203779 0.146394 0.0023994 0 0.0983612 0.0054694 0.0938157 0 0.00750615 0.00370962 0.0829045 0.00203716 0 0 0 0.00445063 0.0282508 0 0 0.00377251 0.00726944 0.00233201 0.0149843 0.00251754 0.00631678 0 0.336861 0.00016297 0.333346 0 0.328692 0 0 0.372855 0.0629908 0.147557 0.0168998 0 0 0.252092 0 0.0539924 0.0206224 0.0029364 0 0 0 0.105216 0.230523
205 12.9078 -0.0566279 -0.181935 -0.093656 0.524431 -0.112742 15.1914 0.25309 -0.111308 0.0530644 0.298803 -0.0639105 0.241903 -0.0670329 -0.323885 -0.428215 -0.282624 0.117074 0.112785 0.0795829 0.0122208 -0.0221117 0.0283366 0.207924 0.068603 -0.0125982 0.0103182 0.0700423 -0.016344 0.068515 0.031691 -0.101376 0.132051 0.050471 0.216945 -0.0732944 -0.0432708 0.164169 0.0516116 0.0538137 0.0520588 0.232206 1.40374 0.292812 0.653812 0.0264132 0.00137248 0.160419 -0.0408539 -0.0560919 0.422614 -0.161978 -1.38404 0.148123 0.667936 0.0544723 -0.0806269 -0.654864 0.350863 -1.11404 0.303348 -0.213351 1.50976 -1.68568 -0.83358 0.58927 6.41426 5.62367 0.850021 -0.0366421 -7.40763 -9.59169 1.69683 -0.132695 0.228277 1.1772 0.379784 0.406615 0.21381 0.688381 0.651602 -0.500503 -0.119408 0.430985 0.445943 0.0831808 0.427341 -2.31209e-09 0.307133 7.99033e-10 0.501002 -0.440115 0.835391 8.98618e-09 6.65515e-10 6.52648e-10 -0.20268 -0.993728 -0.111607 -0.419327 1.57247 -1.86204 0.802262 2.08573e-09 -0.965757 -3.19913e-10 -0.0765637 0.41438 0.345638 0.00328934 -0.032136 0.317397 -0.637722 0.531377 0.885728 15.166 0.0220339 -0.167339 1.37186 0.0506056 0 0.0318739 0 0.0120732 0 0.0989845 0.000901624 0.136604 0.0286809 0.0345353 0 0.0399038 0 0.0326921 0 0.0576906 0.121955 0.0284101 0.0293476 0.0315922 0.00778881 0.0422181 0.051598 0.0635574 0.0158937 0.0183912 0 0.0299423 0 0.0123194 0 0.00154947 0 0.00600701 0 0 0.0113862 0.045706 0.329006 0 0 0 0 0.0151714 0 0.00768911 0.00164376 0.00855676 0 0 0.0130634 0 0 0.00624748 0.00888156 0 0 0.000484073 0 0.00390017 0.000698066 0 0 0.00191277 0 0 0 0 0 0 0 0.00916454 0.0307189 0.0246647 0.00479392 0 0.019235 0.00803497 0.0264893 0.0266795 0.0322947 0.000791986 0.0761449 0.0148678 0 0 0.00105155 0.0212841 0.0475905 0.0149236 0.0242849 0.0160157 0.0475016 0.0149669 0.196446 0 0.0215819 0.0168745 0.0344943 0.0169791 0.0369473 0.0194572 0.041942 0.0124669 0.116234 0.0114106 0.504986 0 0 0.00190241 0 0 0 0.00877112 0 0.00431776 0 0.0141356 0.544607 0 0.129194 0.00367414 0 0 0 0 0 0.0459531 0.0446057 0.0195028 0.187673 0.043097 0 0.00503933 0 0.0342591 0 0 0 0.105014 0.311842 0.00116062 0.111435 0.0621742 0 0 0 0.0264905 0 0 0 0.0143892 0 0.0209579 0 0.161857 0.568305 0 0.00242383 0 0.178572 0 0 0.00563605 0 0.114701 0.199922 0 0.0443598 0.0210416 0.0230116 0 0.057869 0 0.058126 0.00440868 0 0.00267353 0 0 0.00268287 0.143234 0 0 0 0.197199 0.132744 0.0838246 0.0623165 0.0186495 0.13217 0.105326 0 0 0 0.0178792 0 0.0609042 0.0071936 0.187456 0.173544 0.0822163 0.451629 0.0736761 0.402968 0 0 0 0.0196804 0.0605067 0.0470616 0.21639 0 0.191581 0 0 0.00446067 0.000541128 0 0 0 0 0.0132788 0.132042 0.314653 0.0128635 0 0.000285565 0.287977 0.00435344 0.00653671 0.329874 0 0 0 0.0259078 0 0.103171 0 0.0613708 0.308435 0.066651 0 0.00190781 0 0.0788638 0.432091 0 0.0205054 0.0227317 0.0894775 0.0174559 0.0747547 0 0.182988 0.160177 0.00181918 0 0.00492516 0.00388613 0.0982444 0 0.0111516 0.000145803 0.100387 0.00118392 0.00583429 0 0.000634968 0 0.236127 0 0.0226351 0.000668824 0.0795695 0.0021915 0.120852 0 0.0805119 0.0367928 0.150326 0.054218 0.123587 0.0754187 0.132196 0 0 0.356169 0.0954901 0.193389 0 0 0 0.117793 0.0145147 0.0623153 0.0350672 0 0 0 0 0.0676556 0.226296
206 12.9411 -0.0812215 -0.183575 -0.13121 0.523654 -0.118747 15.2396 0.134827 -0.137995 0.0618632 0.599676 0.238312 0.230243 -0.0852576 -0.49255 -0.617659 -0.233847 0.139201 0.138209 0.114509 0.20861 -0.1381 0.0124953 0.00517434 0.0329713 -0.00837544 0.0133624 0.0645852 -0.00783631 0.0593932 0.0604706 -0.1018 0.15486 0.0518296 0.23612 -0.104489 -0.0151567 0.164163 0.0518063 0.0538298 0.070023 0.272827 1.3819 0.179131 0.660179 -0.00652204 0.035926 0.138533 -0.0510669 -0.0574227 0.452885 -0.141148 -1.36804 0.175291 0.694213 0.0367713 -0.0810566 0.3786 2.75276 2.15586 0.28056 -0.190289 1.27796 -4.97038 -3.15696 -2.16032 8.51244 7.76882 -0.238642 1.45453 0.398778 -5.26618e-08 -2.05205 -0.217386 -2.87921 5.76906 -4.0154 -1.67768 1.23811 -0.00117437 -0.00140664 -1.22678 -1.8285 -5.53299 -0.000121304 -0.254842 2.92484 -3.36175e-09 2.38706 1.39653e-09 1.57738 -2.8677 1.20664 7.79539e-09 2.06224e-09 2.03862e-09 -1.07397 -0.803384 0.0121153 -1.11537 1.68434 -2.59617 0.233297 0.503985 -0.544446 -1.83974e-09 0.0282736 -1.03873 1.00194 -1.06814 -0.454436 -1.14043 1.45245 0.532378 0.879392 15.2136 0.0677733 -0.0568136 1.39352 0.0132272 0.038825 0.0119324 0.0339824 0.0078341 0.0341443 0.0220487 0 0 0.0349918 0.131701 0.173912 0.0951447 0.147563 0.0929726 0.145538 0.0596976 0.0985993 0 0.0125296 0 0.0420273 0 0.0290866 0 0.0452825 0 0.0519923 0 0.0619496 0.00958986 0.0169253 0.0414064 0 0.0852854 0 0 0.0152607 0 0.359636 0.00491772 0 0.000325862 0.0119685 0 0 0.00109768 0 0.0398541 0 0 0 0.00486314 0 0.0214121 0.017231 0.0164963 0 0.00316752 0 0.0203683 0 0 0 0.00642392 0 0 0 0 1.2761e-05 0 0.0315288 0 0.0796499 0.0371228 0.00086256 0 0.0871871 0.00738555 0.02125 0.0306081 0.0274949 0 0.0669693 0.0172058 0 0.000290435 0.000249697 0.117519 0 0.0865989 0.0142056 0.0914502 0.0305655 0.107356 0.0939493 0 0.02661 0.0730216 0.0135768 0.0710939 0.00137599 0.0145271 0.0364503 0.148451 0.0167502 0.380435 0.103578 0.0313104 0.0122664 0.0197583 0 0.0619819 0 0.00839976 0.0185456 0.0399072 0.00988041 0.199015 0.0229191 0.111998 0 0.0343648 0 0.0174986 0.00830197 0.0080149 0.00773705 0 0.0234876 0.012237 0.0100904 0 0 0 0.00102554 0.036841 0 0.00595156 0 0.0550938 0.151531 0.0167015 0.431911 0.0286615 0 0.00539204 0 0.0217992 0 0.0561229 0.132755 0 0.00207654 0 0 0.0509753 0.585291 0 0.0039921 0.0642834 0.040732 0.00889524 0 0.0279186 0 0.0324271 0.238317 0.0224906 0.0237258 0.0441052 0.0279046 0.00150346 0.0313021 0.00704113 0.0327474 0 0 0 0 0.0125213 0 0.11264 0 0 0 0 0.211012 0.0404878 0.313762 0.16732 0.131927 0 0.0922808 0 0.000579878 0 0.0730642 0 0.0503901 0 0 0.0701742 0.10308 0.0625099 0.0939019 0.00361602 0 0 0.0110906 0.01005 0 0.143979 0 0.12368 0 0.00578286 0.00201466 0.0247601 0 0 0 0.00921563 0 0 0.313507 0.0306149 0 0.181839 0 0.0824202 0 0.326073 0 0 0 0.0131194 0 0 0 0.0016015 0.301914 0.0350048 0 0 0.00492756 0 0.421302 0.0208747 0.00658428 0.0229732 0.015002 0.00654163 0.0324153 0.00260835 0.19939 0.00743545 0.0910534 0 0.00724662 0 0.106573 0.0119174 0.012018 0 0.12606 0.0775446 0 0.0901653 0 0.282894 0.271574 0.110628 0.0728304 0.0949727 0.0685482 0.135202 0.12712 0.128359 0.0467353 0.0248714 0.00854219 0.00348109 0.00976881 0 0.0183909 0 0 0.163775 0.061068 0.226393 0 0.063501 0.0430343 0 0.0124356 0.0194123 0.00117677 0.00748257 0 0.0353645 0 0.0403683 0.27346
207 12.9745 -0.0975204 -0.134595 -0.134097 0.524859 -0.11163 15.2826 0.0241734 -0.125726 0.0732988 0.759629 0.778882 0.180986 -0.052522 -0.490157 -0.617659 -0.183791 0.161045 0.128954 0.143274 0.142465 -0.204919 0.0277989 0.00451113 0.0320666 -0.000814995 0.0207225 0.0556554 -0.0105478 0.0510587 0.0494867 -0.102904 0.205482 0.0517065 0.264483 -0.163834 0.00168553 0.164174 0.0513892 0.0537954 0.198054 0.326279 1.35226 0.120012 0.657106 -0.0268243 0.051928 0.0721602 -0.0500946 -0.0591068 0.450799 -0.0960646 -1.34302 0.198577 0.701684 0.0479902 -0.0613396 -0.390008 2.16551 -0.609078 0.146247 0.227534 1.29171 -2.88817 -0.0758101 1.39326 1.16674 24.0111 0.987799 4.58827 -7.25209 -7.11825e-08 2.36415 0.281341 0.576752 -1.57347 -0.556732 -2.51633 0.542092 -0.19279 -0.263021 -0.100743 -0.0368991 0.250411 -0.0279565 0.0375294 -0.0919314 -1.01312e-09 -1.67446 9.03571e-10 0.664802 1.47112 0.183198 7.28712e-09 5.13975e-10 5.40335e-10 0.206213 -2.08316 0.430894 -0.319226 1.34045 -0.723489 0.950372 -2.46314 -0.12268 -2.65835e-10 -0.505272 1.01656 0.420458 0.406595 2.80656e-10 -0.62383 0.780933 0.534003 0.886247 15.2573 0.0459285 0.294954 1.2834 0.00429431 0.0229907 0 0.0158978 0.000501905 0.0126758 0.0343876 0.0416673 0 0.0861101 0.0626278 0 0.0442565 0 0.0477327 0.0196011 0.0205957 0.0817774 0 0.0889623 0 0.106561 0 0.125393 0 0.140184 0 0.112166 0 0.111741 0.0144192 0.00898851 0.0170655 0 0.0268614 0 0.00392346 0.016466 0.0067847 0.224708 0 0 0 0 0.0208566 0.0611609 0 0.0158076 0.0324565 0 0.0048376 0.00804211 0 0 0.00964101 0.00791928 0 0 0 0 0 0 0.00585161 0 0 0 0 0.465012 0 0.408904 0.0363659 0.560893 0.0507733 0.515505 0 3.64575e-05 0.041946 0.446632 0 0.0150121 0 0.0261206 0.000466362 0.03642 0.00274772 0.02458 0.00139481 0.000686201 0.192441 0 0.138464 0 0.139216 0 0.144891 0 0.0488267 0.0100305 0.107535 0.165882 0.0951325 0 0.041224 0.0265991 0.369784 0 0.226789 0 0.0532046 0.0189137 0.0574579 0 0.0626871 0.00378285 0 0 0.0360625 0 0.153862 0.0227327 0.131278 0 0.128799 0.00261656 0.0459106 0.0104941 0.0162727 0.0228178 0.0284817 0.0808392 0.0619744 0 0.00174756 0.0987275 0.00436969 0.00141799 0.00184624 0 0 0 0.0915716 0.211627 0.00862461 0.0768871 0.0129606 0 0 0 0 0 0 0 0 0.0125154 0 0.0127822 0.159351 0.435911 0 0.00434118 0.0312257 0.045708 0.0154824 0 0.00603956 0 0.0681965 0.219272 0 0.117681 0 0.207401 0 0 0 0 0.0118156 0.00453825 0.0113494 0 0.00138503 0 0.0736083 0 0 0.00419043 0 0.219739 0.0380658 0.175379 0.0218058 0.0759561 0 0.0588142 0 0 0 0.0327882 0 0.0499586 0.104039 0.039501 0.0505139 0.229041 0.0249256 0.18975 0 0 0 0 0.0207358 0.0632284 0.0975601 0.0366921 0.0595119 0 0 0 0.000673115 0.0197 0 0 0.00108118 0 0 0.198677 0.0017692 0 0.413946 0.543549 0.161895 0.541927 0.341366 0.141821 0 0 0 0 0.0952 0 0.111945 0.251366 0 0 0 0 0.00780915 0.265612 0.0587926 0.0014921 0.0225356 0.0446851 0.0295759 0.0663433 0.0309255 0.0291663 0.029567 0.86888 0.0133992 0 0 0.128377 0 0 0 0.126112 0.0237142 0.0232792 0.019357 0.0038001 0.213985 0.280204 0.0596422 0.0758417 0.0297602 0.0520721 0.0307193 0.0869417 0.0917703 0.0489789 0 0.0785444 0 0.0621937 0 0.0839449 0 0 0.152823 0.102053 0.173239 0 0.00440748 0 0.00264166 0.0503511 0.0434479 0.0365927 0 0 0 0 0.040151 0.193547
208 13.0078 -0.0935089 -0.0579946 -0.175364 0.522946 -0.100048 15.3237 -0.0558181 -0.118418 0.12926 0.754463 0.311161 -0.122814 0.0858709 -0.433846 -0.507292 -0.107923 0.180753 0.163626 0.0676122 0.130721 -0.300047 0.0287948 0.00338818 0.0305327 0.00795078 0.0241374 0.0515848 -0.0413501 0.02112 0.0799012 -0.100901 0.134511 0.055273 0.287068 -0.113299 0.0189884 0.164174 0.0513892 0.0537954 0.343078 0.300442 1.32603 0.169232 0.700804 -0.0178456 0.0276557 0.0445705 -0.0194095 -0.0585885 0.425472 -0.153901 -1.3287 0.149356 0.674912 0.0716535 -0.0391216 -0.127097 2.43629 -1.09514 -0.0304192 0.191585 1.22112 -1.81916 -0.407102 1.1485 -2.08467 -14.0027 -5.15194 0.997253 3.62606 4.93222 2.10703 -0.699787 1.24449 -2.38041 -0.114592 -1.86152 -0.0141381 -0.150525 -0.205308 0.539805 -0.489292 -0.32676 -1.13556 -0.926708 1.03515 -9.26822e-10 -0.229736 9.47424e-10 0.463493 -0.0476415 0.829516 7.59793e-09 4.03781e-10 5.3936e-10 1.56764 -2.43809 0.0953041 0.602411 -0.0594792 1.19042 -0.125108 -1.41774 0.561171 -2.95004e-10 -0.624829 -0.46274 0.176585 -0.555992 0.633184 1.67898 -0.406281 0.534485 0.895562 15.2988 7.47984e-05 0.240439 1.2206 0.0354551 0 0.0050782 0 0.0203694 0 0 0.00360195 0.0804438 0 0 0.0751884 0 0.0768305 0 0.0853953 0.00759898 0.0459198 0 0.000449441 0 0 0 0.0480474 0 0.0396418 0 0 0 0 0 0 0 0 0.0446557 0 0.00925651 0.0212052 0.0224471 0.192615 0 0 0 0 0.0478119 0.234682 0.113973 0.178123 0.0145368 0 0 0 0 0 0.00204534 0 0 0 0 0 0.00713187 0.0111989 0.0336732 0.0349154 0.0163447 0.01804 0 0 0 0 0 0.0130707 0 0.100986 0 0.0295046 0.0421799 0 0.0013184 0.0121457 0 0.026258 0.0047734 0.013547 0.0386235 0.10838 0.000659536 0.000518671 0.203656 0.0871577 0.110825 0.0665817 0.181405 0.0899685 0.187862 0.0474219 0.0253741 0 0.0582697 0.101451 0.16 0.119305 0.013542 0 0.346954 0 0.267711 0 0.320064 0 0 0 0 0 0 0 0.0161757 0 0.718058 0.514564 0.771605 0.485172 0.675764 0.0869895 0.181041 0 0.0125499 0.0133125 0.449078 0.164465 0.572502 0.422653 0 0 0 0 0.00250762 0 0 0 0.0777018 0.101376 0 0.00434891 0.00375458 0 0 0 0 0 0.0331477 0.000365945 0 0 0 0.0503296 0.164843 0.28372 0 0 0.180073 0.0263481 0 0 0 0 0.134473 0.111548 0 0.128108 0 0.0897442 0.0240067 0.100449 0.00832335 0.108981 0.0531373 0 0 0 0.0500333 0 0.0738079 0.017448 0 0.00172898 0.21497 0.2266 0.21228 0.259479 0.0917014 0.144542 0 0.0167371 0 0 0.00838334 0 0.0971865 0 0.0324981 0.0960673 0.0396049 0.364239 0.0280016 0.149078 0.016849 0.0343373 0 0 0.266318 0.0394559 0.101987 0.0932222 0 0 0.00467368 0.0804196 0 0 0 0 0.120157 0 0.0747197 0.283648 0.0289638 0 0.337125 0 0 0.0741831 0.196178 0.125347 0 0 0 0 0.138817 0 0.0742892 0.0931191 0.0283797 0.0368646 0 0 0.0739726 0.285659 0.200997 0.116389 0.0421358 0.0791811 0.163838 0.230097 0 0 0 0.416577 0 0 0 0.143639 0 0 0.0150571 0.192118 0 0 0 0.0232742 0 0.0669544 0 0 0 0 0 0 0 0 0.458394 0.115073 0.0405408 0.198399 0.0677684 0.226637 0 0.0172382 0.213842 0.020436 0.0628084 0 0.0179892 0.0186363 0.0708991 0 0.0335126 0.0986907 0 0 0 0 0.0124016 0.103466
209 13.0411 -0.0552256 -0.0242563 -0.145595 0.526887 -0.0964281 15.3593 -0.206457 -0.0992344 0.0697034 0.737972 0.308094 -0.166133 0.114271 -0.45592 -0.603698 -0.0526569 0.196104 0.112899 -0.0341223 0.135346 -0.314394 0.0337407 0.00278203 0.00311358 -0.000982581 0.0507165 0.0170825 -0.0739384 -0.0136316 0.0642489 -0.102843 0.0809357 0.0518998 0.268073 -0.0908431 0.0276684 0.164636 0.0199717 0.0270932 0.288006 0.266868 1.38442 0.0836108 0.689488 -0.0137626 0.0873975 0.00911174 -0.0204585 -0.0588929 0.409693 -0.125521 -1.31097 0.182068 0.694186 -0.0262425 -0.0249938 0.89083 1.14938 1.30661 0.186874 -0.042574 1.00933 -4.62305 1.0019 -2.0415 0.54971 -1.73865 7.67035 -1.72481 -1.03986 -1.74366e-07 1.70083 0.395487 -1.5985 -2.36079 -0.0829834 -1.35003 0.243656 -0.135965 -1.25691 0.204035 0.502818 -1.23244 -0.942538 -0.866775 -0.590028 -1.33434e-09 -0.0955039 -0.370143 -0.66061 -0.677124 0.682946 2.68201e-09 -0.258991 -1.04726 0.951374 -0.751433 1.52505 0.125228 1.43547 -0.381394 0.463456 1.38924 0.0370218 -1.75427e-10 -1.57097 -2.59643 1.17847 -0.0325979 -0.793486 -2.17983 1.22022 0.534619 0.89892 15.3392 0.0277335 0.0177639 1.20172 0 0.0656387 0 0.0518473 0 0.068808 0 0.0631638 0 0.0838489 0 0.0633904 0 0.0461614 0.0090502 0.0136816 0.00439659 0.0816405 0.125656 0.0637635 0.070696 0.131113 0.269429 0.0346615 0.238672 0.170019 0 0.153439 0.0163535 0.127023 0.124494 0.103415 0.0897993 0 0.146824 0.0541579 0.0104982 0 0 0.0145184 0.0550401 0.261637 0 0.0290358 0.0228275 0 0.0983239 0.0728555 0.0200413 0.0947801 0 0 0 0.0649387 0.0396114 0.0727384 0 0 0 0 0.0138024 0 0.0411817 0.0146927 0.0186051 0 0.0799499 0.152324 0.0271981 0.138923 0.0386554 0.161056 0.0804405 0.260354 0.00926992 0 0.134353 0.115654 0 0.00946676 0.0127609 0.0110246 0 0.0518233 0.0714714 0.0291817 0 0.000372122 0.0313485 0 0 0 0.0488276 0.0104302 0.0264993 0 0.0148862 0.0944991 0 0.00417881 0.0695671 0.0112728 0.00692957 0.0664709 0 0.0325385 0 0.233406 0 0 0 0 0 0 0 0.136994 0.0396888 0.139521 0 0 0 0.0226367 0 0 0 0.0155927 0.0556197 0.0648233 0.0606505 0 0.0102907 0 0.00453415 0 0 0.0623392 0 0 0.00461262 0 0.141878 0.203673 0 0.0589555 0 0 0 0 0 0 0.0368599 0 0.0161303 0.00975394 0.0323793 0.027154 0.185215 0.247674 0 0.00183303 0.0870335 0.115514 0.0190242 0.0689754 0 0 0.117598 0.0901313 0 0.182234 0 0.183575 0.0395346 0.234431 0.0275437 0.243004 0.0436843 0.0786884 0 0.0435956 0 0 0.0774516 0.151826 0 0.00479488 0 0.187144 0.0251167 0.340712 0.123814 0 0 0.171568 0.0171147 0.0443081 0 0.156069 0 0.200696 0.0197257 0.0504851 0 0.137223 0.122403 0.02066 0.00444472 0 0.0128611 0.000825166 0.0131384 0 0.112451 0.125871 0 0 0.0649112 0.0926362 0 0 0 0 0 0.0363625 0 0 0.0640418 0 0 0 0 0 0.100102 0.189801 0 0 0 0 0.0846095 0.108402 0.0972909 0.083583 0 0 0.0488528 0.0476434 0 0 0 0.0279217 0.0366925 0 0 0 0.0460251 0.13449 0.279522 0.375536 0 0 0 0 0.0539142 0.138061 0.0107944 0 0 0.00862707 0 0.00269088 0 0.0928841 0 0.00523313 0 0 0 0 0 0 0.308273 0 0.161641 0.142797 0.176012 0.166689 0 0.0181456 0.0479415 0.400279 0.138843 0 0 0.0477205 0 0.167472 0.00811826 0.0574267 0 0 0 0.00530957 0 0.0621291
210 13.0745 -0.0103332 0.00411705 -0.120004 0.531773 -0.0967684 15.3903 -0.384902 -0.0716854 0.0180092 0.761714 0.222195 -0.0895611 0.0872305 -0.445036 -0.548695 -0.0236099 0.185237 0.073384 -0.103314 0.132365 -0.328478 0.0359977 0.0322777 0.0721457 -0.0233831 0.0554419 0.00505129 -0.0733028 -0.0335203 0.0381668 -0.101481 0.0283132 0.0522072 0.233362 -0.0529564 0.0204187 0.164523 0.0478853 0.0367769 0.372303 0.213969 1.36835 0.192606 0.698092 -0.015549 0.108738 0.154664 -0.0376672 -0.0572335 0.181079 -0.194063 -1.29549 0.225241 0.693056 -0.0385377 -0.0433171 0.41613 1.13286 0.564848 0.128293 -0.00740549 0.865589 -4.34448 1.02826 -0.922656 0.0456787 -1.70993 -0.50265 0.515283 1.60909 1.71772 0.618531 -0.138406 -0.70568 -2.06832e-09 -0.987366 -0.889464 0.393012 0.00532818 0.00714022 0.664383 0.0607865 -0.109873 -0.161645 -0.441133 -0.73581 -2.44156e-09 -0.332974 -0.0138957 -0.854907 -0.165663 -0.0282644 1.28084e-09 -0.269265 0.963153 -0.931631 -0.876082 -0.522664 0.256636 -0.822247 1.49178 -0.0247454 7.13572 -0.686228 -1.91247e-10 -4.88792 -8.78036 1.98504 -0.22291 -0.610844 -1.33818 -0.470167 0.535758 0.900065 15.3787 0.0464697 0.0338447 1.18532 0 0.0659717 0 0.060567 0 0.0603255 0 0.0286923 0 0.00764624 0.15468 0.248139 0.133146 0.188082 0.146822 0.160176 0.00105228 0.023166 0 0.135209 0 0.224409 0 0.241822 0 0.356199 0 0.281897 0.00216964 0.324671 0.0324155 0.0106918 0.0551024 0 0.144906 0 0.0038965 0.00221256 0 0 0.0370276 0.0406355 0.331303 0.0781072 0 0.0885818 0 0.0559677 0 0.00492152 0.000608522 0 0 0 0.0180997 0.0168075 0 0 0 0 0 0 0.025734 0.0596899 0.00909702 0.0273628 0 0 0.00282851 0 0.0126957 0 0.0740576 0.0168393 0 0.0275541 0.0114221 0.033086 0 0 0.00705922 0.0270072 0 0 0.0976102 0.13221 0.000564343 0.000174889 0.0318498 0.0107106 0.0260981 0.00447791 0.0328249 0.0085142 0.0873365 0.0262607 0.0489894 0 0.0262997 0.0231648 0.0244288 0.0222108 0.0257314 0.0152616 0.109784 0.095185 0.458361 0 0.0242475 0 0.0122522 0.0207341 0.135506 0 0.00823835 0.109238 0.031698 0.0573232 0.188591 0 0.0810442 0 0.0797401 0 0.0091098 0.097805 0.00494961 0 0 0 0 0 0 0.346643 0 0.128766 0 0 0 0 0.154848 0.0342748 0 0 0 0 0 0 0.0108135 0.0268515 0.116481 0.165514 0 0.129525 0 0.183138 0.332249 0.152192 0 0 0.0429226 0 0 0 0 0.000562424 0.0288343 0.0754919 0.093647 0 0.125874 0.022029 0.0619374 0.026435 0.0610265 0.0246732 0 0.145168 0 0.218715 0.00039784 0.000589896 0 0.043211 0 0.0027624 0 0.338165 0.0752082 0.398438 0.104804 0.173748 0 0.0803082 0 0.0916148 0 0.0696264 0.000494927 0.0371656 0 0 0 0 0 0.0112744 0.00384544 0.0299594 0.0182663 0.000318668 0 0.272194 0 0.16374 0 0.086823 0.0729178 0.0394774 0.186253 0.0970813 0 0 0.0479359 0.00106715 0 0 0 0 0.195788 0 0.0470222 0.0064945 0 0.101549 0 0 0 0 0 0.0362484 0.089475 0.0135101 0 0 0.000443812 0.0998049 0 0 0.0225476 0 0 0.0196681 0 0 0.152604 0.0294243 0.0303158 0.201144 0.0316335 0 0.0447184 0.0240104 0 0.0254678 0.045745 0.0308553 0.110303 0 0.11623 0 0.327698 0 0.0578411 0 0.142883 0 0.185324 0 0.190731 0 0 0.118568 0 0.304781 0 0.337899 0 0.0133369 0.00767313 0.354612 0.0496161 0 0.0235487 0.126481 0 0.0107035 0 0.0339629 0 0 0 0 0.0367927 0.0321592
211 13.1078 -0.0139046 0.0482422 -0.103079 0.536118 -0.097535 15.4218 -0.454811 -0.0554237 -0.0230484 0.653892 0.172065 -0.177026 0.124805 -0.418861 -0.501457 0.0186232 0.189398 0.0533781 -0.103314 0.0928896 -0.374487 0.040153 0.03306 0.0732091 -0.00140147 0.0421685 0.000308247 -0.0569532 -0.0446752 0.0229957 -0.10064 -0.00718209 0.047521 0.212421 -0.0336863 0.0179754 0.164805 0.0502987 0.0526182 0.40182 0.202704 1.35607 0.203486 0.66741 -0.00971416 0.0849513 0.15432 -0.0496739 -0.0580333 0.117529 -0.203512 -1.30012 0.277159 0.6888 -0.0515633 -0.0476772 -0.078182 1.0476 0.665883 0.104376 -0.0494721 0.960804 -1.82588 0.826662 -1.10713 -4.06479 -0.707338 -2.19886 1.26085 -0.388826 1.25588 1.30145 0.0997417 -0.61079 -1.11501e-09 -1.1572 -1.09611 0.40728 0.00357444 0.00481752 0.418398 -0.377884 -0.157316 0.532484 -0.143923 -0.539918 -1.81577e-09 -1.0859 -0.130178 -0.593571 0.55759 -0.183086 9.63458e-10 3.96509e-10 1.90482e-10 1.27373 -0.400518 0.23094 -0.0315224 -0.186772 -0.201042 -0.291893 3.86696e-09 0.18477 -1.26905e-10 -0.463867 -1.86789 -0.0217757 0.406726 -0.804508 -0.987308 0.565833 0.537417 0.900044 15.418 0.0599233 -0.0200535 1.17003 0 0.0410638 0 0.0314121 0 0.0309736 0 0.0240776 0.0101133 0.00400891 0.0208124 0.124548 0.0216006 0.094029 0.0303792 0.0873692 0.00465088 0.0324108 0 0.0869938 0 0.149693 0 0.178935 0 0.281525 0 0.171701 0.00020679 0.199508 0 0 0.00243661 0 0.0117703 0 0.00100624 0 0 0 0 0.0180291 0.0162641 0.138206 0 0.187688 0 0.133714 0 0.0282491 0 0 0 0 0.0288871 0.00987625 0 0 0 0 0 0 0.0104038 0.0258786 0.00352135 0.00205561 0.0602258 0.0824783 0.0624099 0.0430159 0.0773068 0.0515795 0.208603 0.0854169 0 0 0.0616744 0.111416 0 0 0.0029398 0.00187767 0 0 0.0715142 0.0571042 0.000709606 7.81359e-05 0 0 0 0 0 0 0.0186424 0.00737327 0.0348897 0.043099 0 0.00651048 0 0.00481936 0.0215946 0.0438991 0.068185 0.320631 0.375371 0 0.0559901 0 0.00446768 0.00756471 0.0338119 0 0.00922231 0.0507848 0.00723143 0.0132756 0.0234576 0 0.0625689 0 0.099265 0 0.038607 0.068636 0.0170468 0 0.0404474 0.0216693 0.0241972 0 0 0.40923 0.00147205 0.115419 0 0 0 0.000974055 0.183845 0.0647062 0.123315 0 0 0.067046 0 0.000911291 0 0.0100534 0.0588677 0.0683955 0.000419193 0.11819 0 0.178457 0.41917 0.0555069 0 0 0 0 0 0 0 0.0147193 0.198602 0.111259 0.149428 0 0.227368 0.00921519 0.113011 0 0.112248 0 0.00551503 0.136135 0 0.195866 0 0.0391927 0 0.0137378 0 0.00542589 0.000653426 0.339235 0.110826 0.306614 0.0471303 0.143245 0.00253834 0.0240154 0 0.0664113 0.00872949 0.0116837 0.00992641 0 0 0 0.0507374 0 0.0315926 0.0123935 0 0.00699968 0 0 0 0.413317 0 0.132146 0 0.136773 0 0.193353 0 0.286014 0.000962441 0.0660732 0 0.0488564 0 0.0120748 0.00448163 0 0.0297531 0 0 0 0.014266 0.27373 0 0.00284244 0 0.0294236 0 0.0155083 0.241364 0.033934 0 0 0.00449943 0.0854577 0 0 0.0200072 0 0.0072678 0.00807337 0.0307661 0 0.163475 0 0.139091 0.455098 0 0 0.0287956 0 0 0 0.0286497 0 0.0687487 0 0.0697313 0 0.210974 0 0.0520468 0 0.0859282 0 0.117888 0 0.120736 0 0 0.151481 0 0.291841 0.000631291 0.319679 0 0.0443824 0.0125893 0.181239 0 0.0788915 0 0.06238 0.0124974 0.00963824 0.00692494 0.0347415 0 0 0 0 0.130563 0.0823563
212 13.1411 -0.00193587 0.0911717 -0.0901893 0.539928 -0.0989754 15.4548 -0.471399 -0.0376024 -0.0526316 0.416866 0.178144 -0.277119 0.152091 -0.41101 -0.461207 0.046845 0.174667 0.0401343 -0.103314 0.053636 -0.401113 0.0423865 0.0332104 0.0734058 -0.000978789 0.0290868 -0.00344244 -0.0447054 -0.0544499 0.0130762 -0.103549 -0.0453825 0.0431815 0.198784 -0.0100858 0.0229048 0.164807 0.0502015 0.0526101 0.439778 0.202028 1.36505 0.209715 0.68201 -0.0187715 0.0933393 0.154469 -0.0444349 -0.0576268 0.0743915 -0.208078 -1.3216 0.354101 0.685042 -0.0577082 -0.0275559 0.485299 0.887026 0.539732 0.0287421 -0.0681385 0.992671 -0.660638 0.803576 -0.668088 -6.74718 0.523288 -0.315695 -0.356266 -1.424 1.06193 0.731127 -0.825617 -0.445041 -1.30121e-09 -1.12394 -5.99356e-09 0.322813 0.00615279 0.00680262 -0.0713041 -0.102251 -0.185911 0.137662 -0.186173 -0.36979 -2.61033e-09 -1.54945 -0.348885 -0.489416 1.30341 0.240492 2.30834e-09 2.46421e-10 2.0834e-10 0.249744 -0.401144 0.662368 -0.12228 0.42518 0.0124472 0.316742 4.87004e-09 0.658104 -1.07733e-10 0.147886 -1.59397 -0.529722 0.432915 -1.48245 -1.37614 1.23821 0.539548 0.898728 15.4564 0.0731381 -0.05417 1.14126 0 0.054324 0 0.0392669 0 0.0239156 0 0.0565627 0.00883476 0.0786459 0 0.167629 0.00057432 0.168815 0.0022236 0.16389 0 0.0709878 0.0750552 0.0926919 0.102701 0.129533 0.13159 0.187138 0.181883 0.270589 0.0838553 0.113731 0.144857 0.132011 0 0 0 0 0 0 0.00563465 0 0 0.00367696 0 0.0312657 0 0.200475 0 0.290893 0 0.171739 0 0.0571813 0.0118764 0 0 0.0103492 0.034828 0.0192975 0 0.0192371 0 0.00219985 0 0 0.0323671 0.00875792 0.0141065 0.00116317 0.00311954 0.123387 0.0114145 0.0785468 0.0206835 0.0890756 0.0960144 0.142859 0.00133823 0.00760447 0 0.143705 0 0.006531 0.00496902 0.0221174 0 0 0.119949 0.0544525 0.000911275 0 0.00148026 0.00505543 0.00131689 0.00106731 0.00566337 0.00246735 0.0380331 0.00858456 0.0279929 0.0303767 0 0.00617215 0 0.00531205 0.0142503 0.0454747 0.0898616 0.400823 0.405968 0 0.17642 0 0.0111567 0.00143494 0.00144772 0 0.0328509 0.0233211 0 0 0 0 0 0 0.138827 0 0.237693 0.036074 0.0785612 0 0.188454 0.084241 0.0663823 0.00740565 0.0873186 0.478314 0.052875 0.0959559 0 0.0341166 0 0 0.226584 0.0819121 0.126103 0 0 0.051093 0 0.00503445 0 0.0101804 0 0 0.0615521 0.112914 0.113372 0.171553 0.495634 0.0739631 0 0 0 0 0 0.022691 0 0.0336369 0.280835 0.064708 0.096689 0 0.118612 0 0.0901826 0 0.089192 0 0.132131 0.126488 0.122634 0.163663 0 0.0587186 0 0.0864914 0 0.0103943 0.253085 0.450594 0.192404 0.328689 0.103439 0.137087 0 0.118748 0.019842 0.045786 7.69868e-05 0 0.0290991 0 0.0342587 0.0349873 0.445002 0 0.447734 0.00479746 0 0.00380797 0 0 0.159956 0.465764 0 0.166918 0 0.152227 0 0.432038 0 0.584708 0.00575209 0.0386922 0 0.303948 0 0 0.0198552 0.0183802 0.0740265 0 0 0 0.00270293 0.276318 0 0.00954832 0 0.0533388 0 0 0.310177 0.00602378 0 0.0160537 0.0704561 0.0684414 0 0 0.00260934 0 0.176078 0.00634657 0.0899518 0 0.150769 0 0.000499268 0.526744 0 0 0.0664184 0 0 0.00453883 0.0587276 0 0.0817519 0 0.091367 0 0.245711 0 0.060244 0 0.0999192 0 0.136642 0 0.132761 0 0.118263 0.20427 0.241971 0.300258 0.341845 0.313908 0 0.0464786 0.0761429 0.204441 0 0.136917 0 0.0148303 0.024464 0.0247595 0.0162424 0.0407653 0 0 0 0.0283443 0.140178 0.0704173
213 13.1745 0.00996531 0.114818 -0.0819933 0.542544 -0.101337 15.4896 -0.450402 -0.0258136 -0.0601664 0.146143 0.187882 -0.274873 0.133214 -0.369885 -0.412356 0.0785914 0.153489 0.0353303 -0.103314 0.0106657 -0.401966 0.0430665 0.0337995 0.074037 -0.0013463 0.0168039 -0.00567613 -0.0400371 -0.0599572 0.00716836 -0.101874 -0.110333 0.036403 0.17919 0.0472831 0.0339756 0.164807 0.0502015 0.0526101 0.446686 0.186692 1.38164 0.211227 0.700395 -0.0197124 0.0993127 0.154565 -0.0410303 -0.0573624 0.0703821 -0.206446 -1.34479 0.431954 0.665516 -0.0775835 -0.00364662 0.447528 0.458863 0.370123 -0.0451009 -0.0886808 1.04837 0.109709 -0.0241735 -0.0468547 -6.447 -0.0163716 2.61 -1.59339 0.0106364 0.714656 0.857617 -0.455486 -0.165615 -1.40559e-09 -1.25759 0.0617258 0.272128 0.0081386 0.00289934 -0.0940867 -0.321186 -0.157742 0.0147868 -0.228139 -0.229292 -2.02761e-09 -1.19685 -0.190776 -0.567448 0.991087 0.0997522 3.64368e-09 3.76898e-11 3.83348e-10 0.0718618 -0.186862 0.469994 0.0486303 1.08614e-10 0.0872051 0.00826477 5.51998e-09 0.651586 -1.96544e-10 0.554634 -0.78417 -0.618393 0.439608 -1.71491 -1.18635 0.715018 0.542045 0.89673 15.494 0.0799008 -0.0730656 1.1117 0.00135373 0.042193 0 0.0253888 0.000791053 0.023961 0 0.0355713 0 0.0834229 0 0.0830181 1.62721e-05 0.083346 0.00761879 0.0820451 0.0051652 0.0846138 0.149447 0.117376 0.148061 0.12745 0.214731 0.166947 0.252092 0.210305 0.0562068 0.105656 0.124517 0.122595 0 0.0326368 0 0.0116866 0 0 0.00918625 0 0.0683775 0.0228128 0 0.0129618 0 0.291834 0 0.154918 0 0.0614604 0 0.0513345 0.033762 0 0 0.00491692 0.025369 0.0155124 0 0.0168442 0 0.00300575 0.00130574 0 0.0288466 0.0029349 0.0181 0.00153826 0 0.0704547 0 0.0438301 0.00395215 0.0564209 0.0578582 0.108932 0.0267937 0.0267544 0 0.0894539 0.000342335 0.0115746 0.0249848 0.0335722 0 0.00906203 0.141144 0.0494845 0.00106953 0 0.039857 0 0.0351318 0 0.0432528 0 0.0925887 0.0098543 0.00717612 0.0247313 0.0290645 0 0.0281894 0 0.00706497 0.04105 0.107818 0.159356 0.520264 0.0408119 0.0372923 0 0 0 0 0 0 0 0 0 0.129191 0 0.0991116 0 0.0673203 0 0.0237222 0 0.0452481 0 0.219464 0.0276372 0.214883 0.0332063 0.0849393 0.260563 0.0165209 0 0 0.0618646 0 0 0.187359 0.0443163 0.185413 0 0 0.0628587 0 0.0115365 0 0.00249201 0 0.001975 0.0375513 0.0161859 0.0674426 0.00877749 0.443749 0.0515841 0 1.80104e-05 0 0.013143 0 0.0191567 0 0.030989 0.276954 0.057322 0.0589565 0 0.0588054 0.0425276 0.0657654 0.0243091 0.0643521 0.0237892 0.0409792 0 0.0173939 0 0.00725043 0.0176275 0 0.0809513 0 0.00607447 0.270716 0.288849 0.151358 0.321512 0.160326 0.148093 0 0.0982257 0 0.00235874 0 0.0565038 0.00262214 0.0748013 0.0365389 0.00634055 0.61197 0 0.590366 0 0 0.00626011 0 0 0.175719 0.114898 0 0.150298 0 0.168023 0 0.5439 0 0.579091 0.0216645 0.0500702 0 0.423064 0.0957466 0.0587552 0.0253538 0.0385822 0.227328 0 0.0177315 0 0.0199434 0.257544 0 0.0173142 0 0.0727819 0 0 0.289792 0.00352284 0 0.0630183 0.0401629 0.00183091 0.0657009 0.0287885 0.0183086 0 0.206051 0 0.14219 0 0.114975 0 0.0741605 0.28662 0.0352636 0 0.114696 0 0 0 0.0983447 0 0.0912161 0 0.108914 0 0.286949 0 0.082926 0 0.113514 0 0.155064 0 0.147806 0 0.177021 0.0870436 0.279144 0.0774271 0.378795 0.0733943 0 0.0149009 0.0659126 0.126264 0 0.0723133 0 0.0107218 0.00461521 0.0709466 0.00386716 0.0279593 0 0.00710482 0 0.0354334 0.16884 0.0713915
214 13.2078 -0.00422445 0.122973 -0.0669319 0.543568 -0.105808 15.5255 -0.439172 -0.0792736 -0.0390996 0.031073 0.246199 -0.134777 0.0378926 -0.300395 -0.343466 0.141125 0.14763 0.029383 -0.103314 -0.0368062 -0.40239 0.0419288 0.0343209 0.0743628 0.05393 -0.00427433 -0.0189085 -0.0779949 -0.049573 0.00505211 -0.101206 -0.0830425 0.0169126 0.177583 0.022992 0.0594453 0.162905 0.0449133 0.0521659 0.483624 0.221211 1.39588 0.17394 0.702403 -0.00372808 0.0800089 0.154384 -0.0474013 -0.057797 0.153598 -0.209022 -1.33882 0.562753 0.685907 -0.081229 -0.0501212 -0.465569 0.247624 0.369552 -0.110849 -0.163274 1.11438 0.272356 -1.92095 0.600423 -1.64342 0.436383 2.85528 -2.24124 3.08043 2.61335 1.92418 -0.207292 0.0759767 -1.49314e-09 -1.44896 -1.63922e-10 0.229625 0.0108677 0.00030109 1.2843 -0.638265 -0.405872 -0.873401 0.384617 0.0294217 -1.26099e-09 1.35039 -0.447846 -0.164685 -1.15977 0.727786 -0.0280242 0.246099 2.6269e-10 0.287237 -0.241122 0.748875 -0.100423 1.42501 -0.287386 -0.0959555 4.4637e-09 0.274526 -3.82255e-11 1.09743 -0.0213918 -0.565436 0.816925 -0.680835 -2.37493 0.0405104 0.544814 0.893209 15.5305 0.0874983 -0.134907 1.08295 0 0.0114346 0 0.0100749 0.00637351 0.03678 0 0 0 0.0379396 0 0.0494929 0.00673143 0.0191173 0.0437069 0.00116162 0.00304643 0.0794798 0.271752 0.0155123 0.248807 0.11041 0.476606 0.0340247 0.53204 0.11296 0.015452 0.199704 0.0648645 0.105831 0.0157137 0.207941 0.0329434 0 0 0.249086 0.00672169 0 0 0.0715758 0.0732132 0.0315818 0 0.267114 0.0770618 0.148076 0.0706679 0.0851979 0 0.0641306 0.0193385 0 0 0.0536218 0.0506408 0.00157806 0 0.0324823 0 0 0.0462756 0 0.0652366 0.0142957 0.0334823 0 0 0.0678447 0 0 0 0.00723941 0 0.0519839 0.0354089 0.0126283 0 0 0.001806 0.0110992 0.0314346 0.0142621 0 0.0441587 0.123531 0.0162977 0.00139826 0.00103065 0.265371 0.0766658 0.211404 0.0542409 0.285305 0.0763626 0.281048 0.0459046 0 0.0398135 0.234521 0.0746444 0.315702 0.0889642 0 0.0475317 0 0.0998395 0.132647 0.03451 0 0 0 0 0 0 0 0.0325732 0 0.245523 0.129407 0.065802 0 0.0220294 0 0 0 0 0.0780365 0.062955 0.168226 0 0.166467 0 0.0820534 0 0 0 0 0.0140803 0 0.0408867 0.243318 0.00263622 0.201399 0.0580743 0 0.0528174 0 0.0145508 0 0 0.110525 0.0666445 0.0650653 0 0.105502 0 0.391113 0.0605908 0 0.000169845 0.0196 0.247743 0 0.0832195 0.00767502 0 0.388158 0.188117 0 0.150738 0 0.119233 0.0129755 0.0627551 0 0.0810584 0.0823111 0.0580194 0 0.0212935 0.0685874 0.0867728 0 0.118797 0 0.0105899 0.0871755 0 0.303113 0.42816 0.28657 0.165548 0 0.0229139 0 0.014571 0 0.106592 0 0.173588 0 0 0.707934 0 0.626936 0 0 0 0 0 0.165609 0 0 0.166794 0 0.157769 0 0.589194 0 0.574913 0.0473852 0.0598756 0 0.442955 0 0.0293095 0.0964862 0.0110543 0.613889 0.0309937 0 0 0.117571 0.336168 0 0 0 0.0752025 0.0120464 0.034536 0.352346 0.0878342 0 0.065883 0.0569982 0 0 0 0.0752429 0 0.280789 0 0.155257 0 0.264956 0 0 0.417808 0 0 0.0665363 0 0.0316318 0.023504 0.0585351 0 0.0453038 0 0 0 0.333682 0 0.0411486 0 0.00736334 0 0.137009 0 0.147938 0 0.449243 0.0460967 0.377983 0.146503 0.440775 0 0.026416 0.0221122 0.0836186 0.0389812 0 0.167612 0.0144634 0.0455702 0 0.0943439 0 0 0 0.014955 0 0.0632505 0.168807 0.0857352
215 13.2411 -0.0124254 0.132385 -0.0634374 0.543803 -0.111305 15.564 -0.446999 -0.120482 0.00781871 0.0405322 0.121231 -0.101935 -0.0308354 -0.331733 -0.324526 0.199027 0.102185 0.0340511 -0.103314 -0.0851866 -0.364275 0.0432283 0.112773 0.0744238 0.0679854 -0.0229671 -0.0155778 -0.0851171 -0.0517841 -0.00370552 -0.100501 -0.0734341 -0.000127588 0.182394 0.0179813 0.0823312 0.163524 0.0203209 0.0501506 0.4889 0.250091 1.40102 0.166638 0.70328 -0.0319999 0.0966239 0.154272 -0.0513236 -0.0581013 0.147005 -0.188988 -1.37583 0.574254 0.669141 -0.135702 -0.0230636 -0.0344387 0.331341 -0.00926608 -0.13909 -0.19884 1.15778 -0.193335 -1.40183 1.31074 0.659157 -2.27567 0.335024 -2.47091 0.00862743 1.03577 1.4655 -1.32866 0.43611 -6.11721e-10 -1.35842 1.09388 0.34539 37.4168 -0.0385188 0.0416109 -0.617731 0.27969 -0.125598 -0.0630722 -0.321888 -1.0475e-09 0.877623 -0.350006 0.0966418 -0.700304 0.620185 5.67931e-09 -1.15962 6.54907e-10 0.386612 0.509377 -0.213249 0.199639 2.50194e-10 -0.189399 0.0247536 5.27221e-09 -9.20617e-11 -5.15223e-10 0.0535103 0.00204972 -0.960874 -0.329506 -1.43817 -0.160806 0.893319 0.547704 0.88835 15.5664 0.0854245 -0.166962 1.06748 0 0 0 0 0 0.0136032 0 0 0 0.0348081 0 0 0.0359672 0 0.0931171 0 0.0251912 0.0971586 0.121781 0.00247462 0.0884631 0.0326438 0.273588 0 0.34082 0.0429981 0 0.0511439 0.00253735 0 0 0.109666 0 0 0 0.175302 0.00196857 0 0.115628 0.0975942 0 0 0 0.0495556 0.0153759 0.0857965 0.0550818 0.0858903 0 0.00247069 0.0214954 0 0 0.0150664 0.0277059 0 0 0.0128957 0 0 0.00752423 0.021048 0.0190317 0.00490894 0.00976668 0.00529716 0 0.114201 0 0.0836662 0 0.0818825 0 0 0.000387307 0.0569546 0 0.0731162 0.00326244 0.0197095 0.0140641 0.0447637 0 0.029682 0.0626022 0.0305247 0.00174203 0.00161149 0.180663 0.108615 0.0969639 0.0699862 0.20318 0.0927488 0.205978 0.082475 0.0343914 0 0.12516 0.0845966 0.172693 0.0904678 0.016209 0.0216592 0 0.0509992 0.513955 0.0147937 0 0 0 0 0 0.0611208 0 0.0269454 0 0.199785 0.374598 0.0429726 0.210511 0.0597336 0 0 0.0273404 0 0.137578 0.0593708 0.263593 0 0.298757 0 0 0 0 0 0 0.0877223 0 0.0208354 0.244066 0.0105196 0.10817 0.00775332 0 0 0 0.00119721 0 0 0.0390699 0 0.0280727 0 0.0818872 0 0.363642 0.0649268 0 0 0 0.115556 0 0.0268592 0 0 0.250628 0.15051 0 0.111864 0 0.0941159 0 0.0557202 0 0.0718044 0.0883303 0.0747041 0 0.0409411 0.0183504 0.0552525 0 0.186977 0 0.00821572 0.142665 0 0.126195 0.346962 0.145427 0.11431 0.0277965 0.00479277 0 0.0099179 0 0.126087 0 0.238278 0.0393822 0.0165245 0.624402 0 0.531396 0 0 0 0 0 0.196519 0 0.00400234 0.194855 0 0.0931489 0 0.31817 0 0.262727 0.0160528 0.00971598 0 0.240603 0.143504 0.175881 0.0449463 0.0275372 0.539407 0.000564869 0 0.00652415 0.10276 0.275351 0 0 0 0.0230603 0.0399845 0.0637791 0.256164 0.0541602 0 0.166322 0.0656191 0 0.185717 0.133967 0.083328 0 0.23668 0 0.177595 0 0.102319 0 0.0234477 0.269033 0 0.100496 0.0666077 0 0 0 0.0459502 0.00386219 0 0 0 0 0.0514148 0 0 0 0 0 0.0104352 0 0.019806 0 0.47518 0.0602455 0.309316 0.149499 0.406751 0.0164479 0.00939021 0.0188586 0.121604 0.0705926 0.0182938 0.0988152 0.00610438 0 0.0139811 0.151734 0.0101078 0 0 0.0135287 0 0.0466171 0.151393 0.0819038
