# Kinematics Data (Joint Angles, Velocities, COM)
# Total frames: 165
# Control Hz: 30
# Time step: 0.0333333 seconds
# Number of DOFs: 56
# DOF names: Pelvis_rot_x, Pelvis_rot_y, Pelvis_rot_z, Pelvis_pos_x, Pelvis_pos_y, Pelvis_pos_z, FemurR_x, FemurR_y, FemurR_z, TibiaR, TalusR_x, TalusR_y, TalusR_z, FootPinkyR, FootThumbR, FemurL_x, FemurL_y, FemurL_z, TibiaL, TalusL_x, TalusL_y, TalusL_z, FootPinkyL, FootThumbL, Spine_x, Spine_y, Spine_z, Torso_x, Torso_y, Torso_z, Neck_x, Neck_y, Neck_z, Head_x, Head_y, Head_z, ShoulderR_x, ShoulderR_y, ShoulderR_z, ArmR_x, ArmR_y, ArmR_z, ForeArmR, HandR_x, HandR_y, HandR_z, ShoulderL_x, ShoulderL_y, ShoulderL_z, ArmL_x, ArmL_y, ArmL_z, ForeArmL, HandL_x, HandL_y, HandL_z
# Format: frame_index time pos[0..n] vel[0..n] com_x com_y com_z com_vel_x com_vel_y com_vel_z

0 4.46629 0.0406425 -0.0960313 -0.0800133 0.0947926 -0.0991794 5.64217 -0.508182 -0.0263114 0.0638168 0.664875 0.191471 -0.188193 0.0756258 -0.29107 -0.619371 -0.00569006 0.166575 0.0325782 -0.101427 0.0658479 -0.279575 0.0328775 0.0368398 0.0724265 -0.0258439 0.0975676 0.0489016 -0.0832248 -0.000760285 -0.0390699 -0.103186 0.0853436 0.0521227 0.191632 -0.0484109 0.0369168 0.151486 0.00818621 0.0545296 0.418064 0.216304 1.4185 0.218317 0.693132 0.0184259 0.0970823 0.153198 -0.0420251 -0.0525505 0.170584 -0.15265 -1.30608 0.338108 0.666115 -0.038642 -0.0299163 0.0771607 0.536101 -0.132725 0.151557 0.0409577 0.998879 -0.860563 -0.405655 0.371921 -3.44804 -1.21364 -0.933957 -0.748843 4.2004 0.245969 1.13223 -0.302182 0.124958 -9.08525e-10 -1.21425 -0.17903 0.329507 0.0154475 -0.00622568 0.0450116 -0.361299 -0.00974961 0.60382 -0.144254 0.0939049 -1.57166e-09 0.362011 2.44716e-10 -0.648413 -0.682073 0.0433669 5.77318e-09 0.396971 3.62896e-10 1.19001 -0.730769 0.384559 0.160843 -1.23424 1.8819 -0.39452 3.47832e-09 0.59862 -1.21185e-10 -0.719355 -1.81035 -0.648833 -0.147397 -0.731289 0.534166 0.752586 0.0978808 0.898106 5.63854 0.0713487 -0.00573107 1.11136
1 4.49962 0.0553154 -0.0947414 -0.0836759 0.0965846 -0.0983029 5.67426 -0.525897 0.0107633 0.0837962 0.457475 0.136017 -0.309044 0.107781 -0.309137 -0.568097 0.0186662 0.156963 0.0328744 -0.101427 0.0461529 -0.26977 0.0413847 0.0198614 0.0483418 -0.0257469 0.0958148 0.0524541 -0.0724271 -0.0128092 -0.0395451 -0.103785 0.107812 0.0509681 0.164285 -0.0700603 0.0321444 0.15095 0.0276894 0.056009 0.442601 0.227243 1.42641 0.197513 0.649201 -0.00743308 0.100862 0.150408 -0.0500097 -0.0532343 0.196945 -0.140187 -1.31642 0.456561 0.696519 -0.0507796 -0.0028124 0.422481 -0.202749 0.127989 0.162175 0.11499 0.89564 -0.695241 0.986075 0.575914 -6.36604 -0.0703493 -1.64433 -0.0132124 -3.79017 2.10319 0.694063 -0.269866 -0.259342 -2.67994e-09 0.296854 0.52808 0.377675 -1.17416 -1.62936 0.227726 -0.0254444 0.0454504 0.253712 -0.256384 -0.137898 -2.457e-09 0.681154 6.40667e-10 -0.761642 -0.675629 -0.16858 7.16306e-09 1.04243 5.97474e-10 0.261681 -0.310682 0.209019 -0.131766 -0.142199 -1.25094 0.411228 9.67722e-10 0.108922 -2.18254e-10 0.223816 -0.504276 -0.447139 1.10722 -0.823992 -2.31484 1.6547 0.10016 0.898767 5.67546 0.0668458 0.0650969 1.10253
2 4.53296 0.0491682 -0.0675465 -0.0751681 0.0996656 -0.0975427 5.70755 -0.475997 0.00960402 0.0784815 0.16658 0.150729 -0.30607 0.0851398 -0.344508 -0.50714 0.0629516 0.136226 0.0199038 -0.101427 0.0525045 -0.274136 0.055424 0.0411792 -0.00677723 -0.00816017 0.0800716 0.045933 -0.0581142 -0.0234624 -0.0384762 -0.104531 0.139169 0.0504851 0.14282 -0.110073 0.0258069 0.150365 0.0486056 0.0575918 0.450302 0.198102 1.4267 0.217526 0.671272 -0.0100017 0.114591 0.150408 -0.0500118 -0.0532065 0.156922 -0.154658 -1.34933 0.472829 0.676523 -0.0548817 0.00479817 0.0317564 0.863846 0.217335 0.171889 -0.0126391 1.00249 0.917777 -0.338374 -0.248346 -7.20769 0.242449 3.35305 -1.71856 -3.83689 1.58121 1.16733 -0.690383 -0.25459 -1.05301e-09 -0.677278 -0.115387 0.40026 -0.430246 -0.587552 0.247678 -0.43701 -0.0939744 0.31327 -0.183195 -0.0436576 -4.82816e-10 0.0309053 2.49974e-10 -0.580937 -0.236707 -0.0620766 6.07431e-09 0.0641256 3.53075e-10 -0.234725 -0.517425 0.0116773 0.118878 -0.296694 0.797883 0.102937 1.89005e-09 -5.47263e-11 -6.8849e-11 -0.909098 -1.34871 -1.00631 -0.150867 -0.685473 0.229455 0.052296 0.102347 0.899484 5.71178 0.0647486 -0.0518041 1.07834
3 4.56629 0.0354312 -0.0322747 -0.0653849 0.102896 -0.10261 5.74264 -0.439434 -0.0353643 0.0733695 0.00557993 0.153128 -0.100566 0.0535754 -0.254299 -0.42667 0.121115 0.12954 0.00911215 -0.101427 0.00727537 -0.301304 0.0631779 0.0408156 -0.00855091 0.0220112 0.0587865 0.0430295 -0.0600976 -0.0276136 -0.0411055 -0.105295 0.112537 0.0307257 0.125207 -0.0872862 0.0475559 0.15031 0.0505665 0.05774 0.466084 0.190666 1.42523 0.213589 0.666965 -0.0108825 0.053878 0.150408 -0.0500118 -0.0532065 0.124373 -0.155193 -1.38785 0.507091 0.681133 -0.0498072 0.00246334 -0.335894 1.13319 0.280249 0.140125 -0.15834 1.0821 0.601514 -1.4771 -0.44766 -2.82244 -0.256605 6.80724 -1.48693 2.88705 2.37914 1.70555 -0.188032 -0.134283 -9.11526e-10 -1.75293 -0.881356 0.353063 0.334402 0.46363 0.63842 -0.590274 -0.0774768 -0.107158 -0.102524 -0.053771 -1.55768e-09 -0.67995 -0.544309 -0.436862 0.609074 0.445077 2.58502e-09 1.14949e-10 2.31634e-10 0.148486 -0.405173 0.0877844 -0.128456 0.221983 -0.769137 -0.927591 3.41257e-09 -3.06998e-10 -2.40611e-10 0.171557 -0.800401 -0.877494 0.102733 -0.747004 -1.02088 0.671033 0.104352 0.895355 5.74726 0.061221 -0.17471 1.05125
4 4.59962 0.043112 -0.00755896 -0.0482198 0.105831 -0.107548 5.7783 -0.462404 -0.0551182 0.0676834 -0.00459014 0.112788 -0.0258172 0.037964 -0.281319 -0.405914 0.155785 0.101512 -0.0093923 -0.100043 -0.00397971 -0.288312 0.0486091 -0.0223097 -0.0631762 0.0095803 0.0406085 0.0308399 -0.0472015 -0.0361921 -0.0413242 -0.104946 0.0610024 0.0240418 0.114456 -0.0401334 0.0503447 0.15034 0.0494921 0.0576588 0.423579 0.166297 1.42317 0.196124 0.688202 -0.0303596 0.0940192 0.150408 -0.0500118 -0.0532065 0.149467 -0.198381 -1.39348 0.509212 0.665069 -0.0772899 -0.00885652 0.128703 0.509047 0.543754 0.10322 -0.0205752 1.0978 -0.515523 -0.322099 -0.10087 0.342861 -1.24171 0.878846 -0.287495 2.1221 1.45672 1.1668 -0.831639 -0.538687 -1.43463e-11 0.608044 0.292409 0.453829 -1.60921 -2.18564 -0.380173 -0.559618 -0.334727 0.440375 -0.221195 -0.0551343 -1.23822e-09 -1.19278 -0.15048 -0.283511 1.03323 -0.177478 4.82955e-09 0.0269446 5.73524e-10 -0.420726 0.0557917 -0.501856 0.0580226 0.552092 -0.311772 0.677537 7.51351e-09 -7.26863e-10 -9.50004e-10 1.28804 -0.32872 -0.0190412 0.00399661 0.232204 -0.140429 -0.438357 0.106493 0.89148 5.78223 0.0689835 -0.0462793 1.04919
5 4.63296 0.0407329 0.0209708 -0.023824 0.109488 -0.105838 5.81601 -0.464233 -0.068469 0.0553674 0.0305877 0.119927 -0.00694361 0.0341874 -0.226605 -0.369474 0.177104 0.0820396 -0.03644 -0.0628066 0.0634264 -0.309344 0.116005 -0.137078 -0.223277 0.000116643 0.0167329 0.0168616 -0.0308974 -0.0434937 -0.0419171 -0.104972 0.0319976 0.0125995 0.109744 -0.0135191 0.0517726 0.150614 0.0397456 0.0569218 0.407769 0.175807 1.40483 0.184604 0.696175 -0.043162 0.0845557 0.150408 -0.0500118 -0.0532065 0.151404 -0.241803 -1.39292 0.462947 0.687623 -0.0704871 -0.0253984 -0.0674361 0.900926 0.702119 0.0872113 0.205686 1.17658 0.3077 -0.245721 -0.419099 1.18828 0.0936442 0.471694 -0.199969 2.03709 1.40191 0.435563 -0.45917 -0.728333 1.40301 2.86495 -0.344603 0.705793 -3.13978 -4.46645 -0.490962 -0.656193 -0.320886 0.541889 -0.20786 -0.0947254 -1.98775e-09 -0.676558 -0.275104 -0.120668 0.621496 -0.102607 3.89337e-09 -0.20514 5.42922e-10 -0.1591 0.128908 -0.677799 0.0267444 0.591576 -0.262025 -0.128425 9.20507e-09 -1.25264e-09 -1.10212e-09 0.23904 -0.426214 0.0087631 -0.539356 1.92742 1.32573 -0.863711 0.108787 0.893419 5.81771 0.0719632 0.151543 1.07648
6 4.66629 0.0418462 0.0656056 0.00263564 0.113577 -0.0971924 5.85583 -0.440807 -0.0792927 0.03658 0.057481 0.112548 -0.00353153 0.0127024 -0.175281 -0.333959 0.150601 0.0918375 -0.0597169 0.0402406 0.196611 -0.346563 0.16822 -0.290292 -0.429312 -0.0166653 -0.00529252 0.00789598 -0.0181834 -0.0481131 -0.0473182 -0.104989 0.0134519 0.00538275 0.115394 -0.00315276 0.0429113 0.150871 0.0305526 0.0562259 0.394769 0.182728 1.39058 0.160888 0.68972 -0.0489457 0.0771874 0.150408 -0.0500118 -0.0532065 0.10637 -0.266074 -1.40029 0.369178 0.700953 -0.0438792 -0.0370228 -0.103171 1.27848 0.581322 0.029377 0.369351 1.22269 1.07758 -0.108681 -0.376885 0.69974 -0.36742 -0.205103 -0.378065 1.4301 1.10118 -1.01209 0.59547 -0.484616 3.44339 5.42096 -1.72509 0.584216 -6.11504 -7.04885 -0.375712 -0.436409 -0.0782206 0.317025 -0.214001 -0.177222 -2.31394e-09 -0.605472 -0.174887 0.182412 0.421763 -0.304654 1.64113e-09 0.270681 3.04425e-10 -0.0306293 -0.302056 -0.408808 0.031957 0.215073 -0.427534 0.125574 8.82667e-09 -1.1417e-09 -9.21234e-10 -0.00708459 -0.277586 0.20591 -0.624577 7.41584e-10 2.1697 -1.08658 0.111154 0.901285 5.85467 0.0743098 0.291999 1.13568
7 4.69962 0.0235884 0.126161 0.0335101 0.117634 -0.0850421 5.89745 -0.374882 -0.0859122 0.0119977 0.0744631 0.111572 -0.00995934 -0.000375866 -0.12908 -0.293549 0.0689518 0.124708 -0.0780002 0.249151 0.467044 -0.371462 0.223158 -0.529477 -0.607284 -0.0152625 -0.0219622 -0.00110142 -0.00425139 -0.0554227 -0.0553638 -0.105028 -0.0175317 -0.00633869 0.127816 0.0133732 0.0350813 0.150718 0.0360385 0.0566413 0.394408 0.173736 1.38024 0.156733 0.693136 -0.051473 0.0790991 0.150364 -0.051704 -0.0533344 0.0855625 -0.308637 -1.38614 0.272038 0.693584 -0.0083877 -0.042702 -0.824073 1.34287 0.537715 -0.057449 0.358345 1.30457 2.29871 0.135519 -0.200196 0.779664 -0.0873995 -0.236238 -0.161124 0.790911 0.680955 -2.31427 0.96843 -0.232463 6.74173 6.35321 -0.712821 -0.874046 -0.733928 -3.28579e-07 0.00633676 -0.3176 -0.0198188 0.649855 -0.135855 -0.183998 -1.84858e-09 -1.32326 -0.233952 0.438757 0.976583 -0.425927 1.75246e-09 0.481851 8.76426e-11 0.147125 -0.394401 -0.356014 0.0867888 -0.0805049 -0.099586 0.24244 7.52027e-09 -6.86148e-10 -5.40513e-10 0.00945395 0.152142 0.502922 0.0671173 1.68346 2.11359 -1.29476 0.113831 0.91218 5.89434 0.0886328 0.30685 1.20872
8 4.73296 -0.0128113 0.198009 0.065871 0.121813 -0.0790612 5.94041 -0.270431 -0.0923087 -0.009687 0.0734155 0.186037 -0.00550966 -0.00438213 -0.0997459 -0.262217 -0.0437187 0.150409 -0.100786 0.518458 0.741688 -0.225679 0.226396 -0.490721 -0.593489 -0.00304757 -0.0394835 -0.0108354 0.0174047 -0.063729 -0.0609683 -0.104976 -0.0469237 -0.0233253 0.141456 0.027107 0.0285865 0.150856 0.0305511 0.0553119 0.406297 0.16363 1.3634 0.18121 0.69798 -0.0294091 0.08641 0.150366 -0.0515961 -0.0533262 0.0595075 -0.341859 -1.37022 0.180589 0.691538 0.0118151 -0.0315365 -1.19101 1.67053 0.847148 -0.1234 0.000627046 1.33021 3.12838 0.0234802 -0.551127 0.31796 1.2081 0.456966 -0.262052 0.794134 0.780399 -2.76483 0.546999 -1.06817 6.92038 3.91276 6.87873 -6.49182 1.66474 0.605869 0.187423 -0.386366 -0.239627 0.795124 -0.143749 -0.223564 -1.76364e-09 -1.03422 -0.408593 0.456148 0.667879 -0.395424 1.88696e-09 -0.395271 -0.092545 0.0920236 -0.0462191 -0.535705 0.0154656 -0.373521 1.10707 -0.0793339 6.50015e-09 -2.65234e-10 -1.44591e-10 -0.59671 0.184759 0.464495 -0.0380149 1.23223 1.82339 -0.469272 0.1167 0.917731 5.9357 0.0902884 0.0229871 1.24608
9 4.76629 -0.0383655 0.208166 0.0881525 0.126399 -0.0736977 5.98119 -0.173642 -0.0953846 -0.0238862 0.0442354 0.183595 0.007511 -0.0591223 0.0402415 0.0840131 -0.116999 0.164246 -0.131339 0.648139 0.876049 -0.184862 0.0436661 0.215447 0.0915721 0.0131959 -0.0481843 -0.00496997 0.0145065 -0.0660728 -0.0711893 -0.106007 -0.151129 -0.0520525 0.169853 0.122302 0.0472473 0.138198 0.0346894 0.0558163 0.445081 0.150754 1.32427 0.262972 0.702642 -0.0552586 0.0662196 0.150357 -0.0519424 -0.0533524 0.176243 -0.408307 -1.31771 0.125104 0.648162 0.0135305 0.0316089 -0.274072 -1.20437 0.421948 -0.111014 0.338884 1.10448 2.35968 -0.358687 -0.315803 -1.81055 1.27592 1.59242 -0.279155 -1.5646 -2.13089 -2.0742 0.32631 -1.23542 2.06628 2.11797e-08 2.65612 -2.98126 37.229 32.6666 0.0731478 -0.522253 0.00783678 -0.137771 0.0149997 -0.141009 -1.88327e-09 -3.74939 -2.1035e-09 0.979403 3.38986 -0.957668 -1.3868 0.699472 6.47923e-10 0.549598 -0.535665 -1.08687 0.512342 7.7836e-11 0.19934 -1.0651 7.41884e-09 -5.04966e-10 -5.87263e-10 0.840773 2.02948 0.289835 0.131824 0.649829 1.70337 -0.0204715 0.118246 0.922781 5.9751 0.01724 0.364166 1.08958
10 4.79962 -0.0487019 0.136372 0.129091 0.131829 -0.0624132 6.01669 -0.0923435 -0.127876 -0.0579275 -0.0139414 0.179058 0.16231 -0.122292 0.0822364 0.0692976 -0.155162 0.138663 -0.210628 0.641163 0.440755 0.0577426 -0.0263272 0.41002 0.258328 0.0617748 -0.0666815 -0.0164882 -0.0445354 -0.0327149 -0.0858295 -0.104757 -0.106135 -0.0544005 0.207669 0.0868254 0.0116563 0.0316205 0.0050634 0.0538096 0.498802 0.202395 1.30244 0.141329 0.695521 -0.00261322 0.111282 0.151602 0.0167521 -0.0488075 0.0291951 -0.321296 -1.36837 -0.0109429 0.688511 0.02572 -0.0867554 -0.143707 -2.54777 1.1019 0.0536071 0.188628 1.06994 1.59266 -0.937304 -1.18418 -1.19942 -0.966557 4.23397 -1.87194 1.19601 0.00307922 -1.41166 -0.650422 -2.42701 -1.1642 -9.83808 4.0514 -1.46543 1.3923 1.93244 0.926294 -0.359729 -0.362369 -1.70254 0.955299 -0.200875 -5.71867e-10 1.86812 -1.71512e-09 0.832643 -1.45732 -0.903794 -5.55877 0.170328 3.4953e-10 2.03448 -3.63947 0.722096 -0.172191 2.73297 -1.2519 1.633 1.19745e-09 1.93605 -0.297887 -1.59422 1.44076 -0.235332 -2.87432e-09 2.12499 -0.544197 -1.27505 0.11903 0.932983 6.01075 0.0211192 0.222162 1.06487
11 4.83296 -0.0313568 0.0752296 0.14168 0.133399 -0.059535 6.05176 -0.0446827 -0.146796 -0.0681341 -0.0573431 0.127685 0.244484 -0.119443 0.0699893 0.0765764 -0.233348 0.147473 -0.218516 0.59505 0.147911 0.0937568 -0.0150177 0.449065 0.30561 0.0661283 -0.0739024 -0.0294251 -0.0838885 -0.0166574 -0.0696438 -0.103515 -0.0625872 -0.0566536 0.202659 0.0681655 0.00455672 0.0833431 0.0292067 0.0507806 0.321017 0.169505 1.29568 0.184238 0.712878 0.0377505 0.0396544 0.152002 0.0293323 -0.0424322 0.170225 -0.275834 -1.36245 0.0642419 0.686613 -0.0369756 -0.0714966 0.194988 -1.41868 0.257031 -0.0999127 -0.0980078 1.05906 1.71494 -0.486159 -0.498824 -1.41309 -2.44814 2.04264 2.56134 0.767255 1.87102 -2.25761 0.155255 0.481453 -1.65351 -6.76106 -1.4822 1.01413 0.689495 0.673278 0.296523 -0.00187029 -0.396519 -1.12506 0.237006 0.441621 -4.66165e-10 0.365242 -7.73522e-10 -0.214031 0.170417 -0.217159 3.73536 -0.65377 -0.0300303 -4.21467 5.17213 -1.46907 0.634365 -0.0489886 2.1163 -1.34201 8.13441e-10 0.0404018 0.480544 1.51588 2.37525 -0.728331 0.162416 -1.9988 -1.21491 0.190318 0.12011 0.935211 6.0463 0.0360694 -0.082061 1.07553
12 4.86629 -0.00484946 0.0323006 0.108157 0.130814 -0.0623605 6.08506 -0.00927252 -0.146045 -0.0290085 -0.102293 0.115079 0.280459 -0.0616088 0.0345922 0.0655656 -0.329687 0.12055 -0.15206 0.511756 0.0122687 0.101165 -0.00402839 0.469047 0.332743 0.052083 -0.0898441 -0.0038748 -0.101594 0.0201494 -0.048428 -0.104942 -0.1127 -0.0540591 0.18788 0.128559 -0.0116109 0.0659544 0.0111072 0.050642 0.286033 0.144012 1.28772 0.293501 0.692308 0.0778152 0.0199007 0.151632 0.0119162 -0.0448733 0.211995 -0.204251 -1.37553 0.0798357 0.685652 -0.0306099 -0.0973271 1.11406 -1.79704 -1.07076 -0.152494 -0.0669657 0.920822 -0.0724924 0.511685 1.38416 -1.99313e-09 -0.941295 1.16608 -0.427133 0.0176012 3.2273 -3.31083 -1.15021 1.85244 -2.81292 -1.60543 0.486757 1.09676 0.742281 0.604042 -0.800645 0.282689 0.767815 -0.267169 0.867078 0.624991 -2.31924e-09 -2.70154 -7.73374e-10 -0.294353 2.78386 -0.78106 1.35039 -1.16949 3.44867e-10 -1.74631 3.59572 -0.550267 0.435804 -1.77541 1.0998 -0.415697 5.85647e-09 -0.400048 -0.135689 0.935795 1.75149 -0.464651 0.0075304 -0.144567 0.29612 -0.119802 0.120993 0.932473 6.0819 0.0150082 -0.0639756 1.06368
13 4.89962 -0.00807793 -0.0171094 0.0695902 0.125513 -0.0657206 6.11759 0.0347629 -0.142625 0.0166049 -0.102293 0.0772347 0.325124 -0.0703034 0.038532 0.0215317 -0.383518 0.113796 -0.067633 0.415608 0.0126047 0.071838 0.0693687 0.490661 0.359477 0.0542641 -0.080177 0.0115144 -0.0868478 0.0369313 -0.0264016 -0.104393 -0.0597618 -0.0395264 0.181007 0.0885928 -0.0235003 0.164363 0.0126883 0.050047 0.096991 0.220528 1.30275 0.314508 0.648825 0.0493929 0.0126341 0.150485 -0.0333269 -0.0529335 0.419657 -0.203363 -1.34771 0.211701 0.703293 0.0077077 -0.075617 -0.241362 -1.13863 -1.12281 -0.170695 -0.110237 0.984931 1.56233 0.182607 1.17236 -5.91632e-10 -1.13243 0.893243 -0.492603 0.00672315 -0.858747 -1.70166 -0.751489 2.25344 -2.30906 0.14906 -1.24471 2.64228 0.890538 1.17936 -0.0045369 0.450847 0.330816 0.622935 0.220733 0.598435 -2.14605e-09 1.65333 0.558829 -0.0751197 -1.39217 -0.234132 4.77664e-09 -0.0526565 2.0038e-10 0.0170971 2.03385 0.316331 0.0331995 -1.29213 -0.314154 -0.19825 1.37395e-09 -0.69007 -1.25261e-10 2.10514 1.48414 -0.465223 0.250398 -0.109453 -0.939213 0.154625 0.121342 0.929978 6.1174 0.000188843 -0.0748991 1.06376
14 4.93296 -0.0175414 -0.0519497 0.0422594 0.120327 -0.0693849 6.15273 0.0898586 -0.135597 0.0459357 -0.102293 0.0342878 0.352168 -0.0793332 0.0396552 0.0411377 -0.378453 0.0929266 -0.00451157 0.231638 -0.00833327 0.111208 0.107161 0.523366 0.400699 0.0474023 -0.0668609 0.0185815 -0.062916 0.0447242 -0.0157939 -0.103701 0.00672359 -0.019227 0.178858 0.0337716 -0.0407374 0.163419 0.0498118 0.0531017 0.0932714 0.220431 1.31551 0.390987 0.655656 0.0496599 0.000631902 0.150035 -0.0503879 -0.0542212 0.464799 -0.184173 -1.3628 0.202311 0.701309 0.0225637 -0.0968034 -0.072471 -0.539082 -0.858948 -0.110432 -0.146262 1.06347 1.4926 0.221134 0.810301 -6.42393e-10 -1.23196 0.275354 -0.442542 0.00198863 2.84302 -0.232498 -0.971471 1.52937 -4.96931 -0.661031 -0.0267992 1.91905 0.776856 1.06848 -0.381268 0.277614 0.259949 0.550969 0.199842 0.329685 -1.71566e-09 1.92786 0.694839 -0.0628677 -1.74093 -0.386778 3.97325e-09 0.163054 1.51885e-10 0.425235 1.00473 0.544668 0.466648 -0.741547 1.07996 -0.540432 1.1343e-09 -4.52533e-10 -2.94109e-10 0.169434 0.639105 -0.718325 -0.187189 4.91535e-10 0.944776 -0.957806 0.121171 0.927028 6.15282 -0.0149426 -0.100565 1.06148
15 4.96629 -0.031512 -0.0577892 0.0210174 0.115768 -0.0744813 6.19026 0.152624 -0.118714 0.067543 -0.102293 -0.00940005 0.337387 -0.0793157 0.026313 0.0451025 -0.35125 0.078941 0.0334742 0.0567024 -0.0490927 0.0913441 0.118588 0.541868 0.436537 0.0448653 -0.0533904 0.0220983 -0.046542 0.0472504 -0.0080762 -0.103054 0.0617822 0.000216979 0.178314 -0.0207351 -0.0583371 0.16356 0.0441828 0.0524483 0.0941367 0.225019 1.34688 0.464229 0.664046 0.0450528 -0.0218077 0.150086 -0.0484735 -0.0540768 0.495981 -0.165953 -1.37325 0.218344 0.701163 0.0221131 -0.101425 -0.451623 0.270735 -0.26873 -0.0509218 -0.235734 1.1384 1.94934 0.63484 0.201557 -2.25697e-12 -1.3144 -1.06903 -1.68527 0.28677 0.564233 0.548858 -0.403236 0.417058 -3.81898 -1.48444 -1.64986 -0.404716 0.101061 0.51286 0.106157 0.316998 -0.248458 0.188544 0.0108814 0.24366 -1.2105e-09 0.844103 0.390631 0.000699462 -0.854296 -0.146851 3.9136e-09 -0.828352 -0.0551291 0.348875 0.867496 1.14843 0.420357 -0.805663 1.21386 -0.947302 2.21788e-09 0.194433 -5.09607e-11 0.162005 0.579769 -0.419564 0.257828 2.46754e-10 -0.499765 -0.0526897 0.120489 0.923022 6.1882 -0.0214819 -0.164045 1.05886
16 4.99962 -0.0355951 -0.040267 -0.000415154 0.112235 -0.0814227 6.22813 0.205176 -0.0935455 0.0936826 -0.102293 -0.0574409 0.295992 -0.0914089 0.0306289 0.0651975 -0.355689 0.0935371 0.0507738 -0.014291 -0.186429 0.00237237 0.0522839 0.560742 0.467429 0.0373037 -0.0413261 0.0292171 -0.0415276 0.0353375 0.000803436 -0.102897 0.0786311 0.00459721 0.182927 -0.0556647 -0.056872 0.163496 0.0466919 0.0526544 0.0877332 0.21419 1.38379 0.504068 0.645168 0.0520825 -0.0105621 0.150377 -0.037427 -0.0532432 0.509432 -0.158341 -1.38744 0.217376 0.700795 0.00769316 -0.0813329 0.00359572 0.570837 -0.56089 -0.0399385 -0.265426 1.12416 1.46958 0.763852 0.592474 -1.02913e-09 -1.25783 -1.31981 -0.540371 0.0164211 -0.00572398 -0.334043 0.525009 0.314818 -1.24429 -3.33059 -3.15535 -1.21705 0.213599 0.346727 -0.322424 0.323676 0.196641 0.119861 -0.342909 0.237289 -1.61429e-09 0.602359 0.181173 0.112482 -1.16148 0.102216 5.52377e-09 -0.110834 2.45544e-10 0.451679 0.402762 0.922574 0.0015325 -0.966967 0.361811 0.105616 1.32989e-09 0.457128 -3.17475e-10 0.154487 0.0799583 -0.415844 0.0431275 2.20034e-10 -0.0412197 0.294097 0.119587 0.917321 6.22324 -0.0261715 -0.192413 1.04088
17 5.03296 -0.0280524 -0.0175499 -0.011065 0.110491 -0.0890214 6.26545 0.242398 -0.056081 0.111998 -0.102293 -0.101984 0.237628 -0.10299 0.126834 0.0648655 -0.375325 0.11404 0.0407969 -0.0311698 -0.221009 -0.107195 0.0709249 0.564923 0.477491 0.0209633 -0.0311694 0.0307032 -0.0391397 0.024602 0.00618942 -0.102724 0.0966811 0.00935595 0.186034 -0.0994182 -0.0597403 0.163391 0.0507557 0.0529882 0.121369 0.234436 1.39967 0.52103 0.636301 0.0503399 0.0106061 0.150683 -0.0256776 -0.0523553 0.496699 -0.147718 -1.40041 0.217606 0.700108 0.0116743 -0.0600702 0.378203 0.674638 -0.236165 -0.00709385 -0.271403 1.10604 1.00099 1.13242 0.32892 -5.38758e-10 -1.12939 -1.78302 -0.581844 -0.036083 -0.0462829 -0.561216 0.668 -0.415208 -0.192147 -0.742359 -2.43698 -0.15048 0.230156 0.483222 -0.615302 0.426188 0.0624312 0.0810253 -0.349166 0.0959091 -1.75695e-09 0.560776 0.155247 0.0849126 -1.24067 0.0285222 7.23179e-09 5.0105e-10 5.25751e-10 0.777147 -0.0567323 0.598094 0.249142 0.134774 0.36445 0.604908 1.71091e-09 0.398188 -5.03095e-10 -0.0673717 -0.244506 -0.115007 0.0496263 7.14237e-11 0.202743 0.338059 0.118736 0.910652 6.25769 -0.0222764 -0.216571 1.02502
18 5.06629 -0.00528012 0.00663965 -0.0118769 0.11001 -0.0959073 6.30162 0.244508 -0.0295398 0.121069 -0.0715652 -0.146809 0.186427 -0.11817 0.115161 0.0491367 -0.411206 0.126802 0.0131833 -0.00337553 -0.195997 -0.16126 0.0593299 0.575637 0.493711 -0.00371974 -0.0199322 0.0260163 -0.0423381 0.0147437 0.00726934 -0.102619 0.0942332 0.0114346 0.185553 -0.121587 -0.0567048 0.163391 0.0507557 0.0529882 0.133035 0.253354 1.41533 0.490357 0.639881 0.0750019 0.031255 0.150925 -0.0163166 -0.0516471 0.458497 -0.13876 -1.40569 0.203726 0.681987 0.0149223 -0.0683973 0.649793 0.697017 -0.0359366 -0.0108153 -0.183488 1.1028 0.0717347 0.765221 0.211365 1.02893 -0.658993 -1.49305 -0.637271 -0.856417 -1.15722 -0.698514 0.525691 -0.787975 0.857024 0.320109 -0.657238 -1.38598 0.598516 0.691032 -0.756961 0.455039 -0.100821 -0.0243641 -0.316694 0.0138511 -1.78326e-09 -0.0289075 0.0401432 -0.0123892 -0.617908 0.149877 1.018e-08 8.34051e-10 8.8914e-10 0.462344 -0.0313221 0.378171 -0.51641 0.593313 -0.407485 0.35986 1.66153e-09 0.0202488 -6.20787e-10 -0.213184 -0.309949 0.219064 -0.0181169 -0.226511 0.0953344 -0.12216 0.118014 0.904244 6.29208 -0.019413 -0.168632 1.03585
19 5.09962 0.00711685 0.00169237 -0.01578 0.109013 -0.0986481 6.33875 0.209859 -0.0342098 0.125565 0.0444996 -0.146075 0.19374 -0.164871 0.016348 -0.0857569 -0.420552 0.128889 0.00374656 0.0519665 -0.186987 -0.128203 -0.0324175 0.588053 0.514209 -0.0213295 -5.10169e-05 0.0211435 -0.0382123 0.00848422 0.00978082 -0.102156 0.0573501 0.0171331 0.180991 -0.0953972 -0.0572244 0.163373 0.0514336 0.0530439 0.126217 0.302651 1.41995 0.387218 0.635499 0.0555863 0.0551164 0.151179 -0.00637224 -0.050894 0.427521 -0.147193 -1.40433 0.18517 0.675408 0.0381654 -0.0700893 0.144037 -0.260629 -0.0306671 -0.0250035 -0.0143888 1.17378 -1.11676 -0.446824 0.0279345 4.02124 0.830877 0.274588 -0.587672 -3.52937 -4.80351 0.372694 0.0341276 -0.293281 1.64535 -0.141158 1.12015 -1.60177 0.438669 0.60156 -0.496028 0.540841 -0.220913 0.293357 -0.12308 0.0667017 -2.16854e-09 -0.896677 0.0855228 -0.13969 0.575829 -0.085023 1.04127e-08 1.51578e-09 1.06396e-09 0.459097 0.269317 0.0572702 -1.0535 2.46479 -2.01996 1.39645 1.5646e-09 -0.129341 -5.11289e-10 -0.141907 -0.246225 0.265026 -0.00147642 0.171734 0.367236 -0.284092 0.117257 0.901079 6.32767 -0.0240062 -0.0388186 1.09115
20 5.13296 -0.00420039 -0.0207527 -0.0420861 0.106801 -0.0945987 6.37946 0.141349 -0.0815819 0.136047 0.255322 -0.00863449 0.240723 -0.141483 -0.259082 -0.247387 -0.375065 0.127347 0.0239592 0.0890749 -0.119471 -0.0879954 -0.0244566 0.600448 0.526141 -0.024025 0.0120218 0.0323394 -0.0270806 0.017238 0.0194849 -0.101787 0.0450555 0.0248281 0.18348 -0.082048 -0.0543762 0.163379 0.0512399 0.053028 0.0981274 0.318431 1.42508 0.284836 0.657391 0.0183883 0.0553214 0.150756 -0.0221407 -0.0520877 0.425968 -0.168874 -1.40298 0.15785 0.667084 0.0542394 -0.0586304 -0.600166 -0.343759 -0.847119 -0.0596506 0.210177 1.30482 -2.18295 -1.4144 0.450104 6.39578 6.41766 2.0755 2.01339 -9.551 -10.0094 1.87101 -0.386307 0.564626 1.0638 1.27753 1.76588 0.219709 7.50024e-10 0.508904 -0.0346984 0.110512 0.280541 0.445903 0.359056 0.346921 -2.17802e-09 -0.669233 0.145349 0.0886338 0.662322 0.117065 9.06484e-09 1.27305e-09 1.01577e-09 -0.383717 -0.696733 -0.0448329 -0.250758 2.13393 -1.90341 0.599255 5.95984e-10 -1.17554 -4.07646e-10 -0.0221897 0.116083 0.0794243 -0.00406851 0.497746 0.702759 -0.419922 0.115683 0.903959 6.36609 -0.0656133 0.186306 1.20331
21 5.16629 -0.0376 -0.0554915 -0.06722 0.104426 -0.0880452 6.4233 0.0300409 -0.120335 0.137322 0.531928 0.369325 0.258811 -0.107821 -0.601853 -0.610641 -0.275336 0.12499 0.0393529 0.094874 -0.0233354 -0.0288772 0.000748478 0.601134 0.533763 -0.0124113 0.0211002 0.038189 -0.00872416 0.0269788 0.0290807 -0.101474 0.0487796 0.0420862 0.192595 -0.0804227 -0.0547595 0.163406 0.0501618 0.0529395 0.108805 0.34445 1.41043 0.201168 0.659944 -0.00163517 0.0598709 0.150394 -0.0386538 -0.0532975 0.438162 -0.168613 -1.39475 0.184959 0.699887 0.0457577 -0.0671192 -0.98583 -0.577755 -0.409329 0.0292105 0.0443385 1.35758 -3.07137 -0.713385 0.05504 7.62377 8.78489 -0.0958924 3.18787 -1.1412e-07 1.22789 2.92757 -0.283494 0.00284732 0.503794 2.16177 1.13679 1.21604 3.69295e-10 0.35902 0.13818 0.0319612 -0.0238642 0.714147 0.275969 0.155369 -1.19649e-09 0.664391 0.609798 0.374081 -0.686666 -0.161121 7.83656e-09 5.40116e-10 4.05377e-10 -0.374749 -0.969567 -0.224718 0.157482 1.42719 -1.62531 0.686661 4.27775e-10 -0.259234 -6.28676e-11 0.0284772 -0.214772 0.356078 0.114537 0.114309 -0.867534 -0.021932 0.113236 0.909607 6.40802 -0.0708076 0.0925026 1.26862
22 5.19962 -0.0733372 -0.0871051 -0.0843531 0.102518 -0.0911021 6.46651 -0.0771285 -0.128577 0.140391 0.771931 0.587094 0.13377 0.0404593 -0.387901 -0.345407 -0.160565 0.129324 0.0425775 0.0820953 0.0296437 -0.0107377 -0.0133537 0.599257 0.542826 0.0446298 0.0462079 0.0372339 -0.0427661 0.0158701 0.0340905 -0.100471 0.0162558 0.0528791 0.210167 -0.0472271 -0.0455045 0.163683 0.0393816 0.0520537 0.141682 0.330634 1.3984 0.182887 0.699559 0.0235866 0.0345128 0.0863682 -0.0120748 -0.0441483 0.495066 -0.156449 -1.40235 0.168066 0.70015 0.0260044 -0.0579246 -0.935402 -0.559918 -0.726916 0.0522602 -0.339997 1.27337 -2.76584 -0.276093 0.699963 5.54293 4.10469 -3.78354 4.20831 9.93482 9.16387 3.20546 -0.013796 0.566225 -0.29356 1.52813 -0.475293 -0.265957 -0.0347262 0.0920474 1.60806 0.326857 0.274255 -1.01569 -0.278604 0.0377837 -1.36284e-09 1.03317 1.57498e-09 0.583941 -0.860221 0.900079 6.96171e-09 -0.411932 2.09249e-10 -0.187196 -1.12621 -0.0620604 0.0347183 0.743333 0.0953824 -0.612969 -1.33371 0.552417 0.23513 0.322939 0.823997 -0.300552 -0.0208456 4.3821e-10 -0.0743595 0.08714 0.110925 0.906907 6.45038 -0.069838 -0.228148 1.26959
23 5.23296 -0.0805694 -0.119383 -0.106567 0.0992677 -0.102153 6.5105 -0.173476 -0.109892 0.164443 0.864868 0.359345 -0.10902 0.249867 -0.358844 -0.394423 -0.0555834 0.134367 0.0584529 0.0272678 0.107413 -0.0103092 0.0568979 0.0285106 0.0632501 0.0417519 0.0570013 0.0359094 -0.0419432 0.0153736 0.0484894 -0.101394 0.0534993 0.0510013 0.216755 -0.0848369 -0.0373027 0.162632 0.0335192 0.0515855 0.270155 0.372988 1.34549 0.19931 0.680005 -0.010683 0.0953954 0.149733 0.0139031 -0.0504557 0.419188 -0.21232 -1.37489 0.166935 0.696742 0.00591469 -0.0356546 0.611317 -0.48037 2.96459 0.138479 -0.221581 1.14499 -4.09071 0.950601 -2.94575 1.13445 -4.87874 -2.03841 2.44487 -0.454432 -9.2041 1.67361 1.22826 -3.10736 -0.586648 -1.29364 -0.45208 0.207391 -0.00085602 -0.00148665 0.414276 -0.501189 -5.53833 -1.3648 0.395757 2.21972 0.0270129 3.10842 1.81935e-10 0.874568 -3.15191 0.219578 -0.575989 1.50248 1.72282e-09 0.206379 -2.68483 0.390877 -0.637677 -1.16117 -0.636127 -0.785021 1.38475 0.0893169 -2.1055e-09 -0.787643 -1.85321 0.828421 -0.850148 -0.440763 -0.205636 2.39992 0.108882 0.895513 6.49282 -0.0317596 -0.145711 1.25901
24 5.26629 0.0110122 -0.124476 -0.047565 0.101134 -0.102583 6.54582 -0.357279 -0.0816502 0.122184 0.794174 0.205469 -0.16303 0.202959 -0.602877 -0.623537 -0.041816 0.124114 -0.0135973 -0.0968071 0.139099 0.0059771 0.0627451 0.0168628 0.0473802 -0.0346824 0.090408 -0.00658511 -0.0723177 -0.00205952 0.0164348 -0.103057 0.134722 0.0523817 0.209628 -0.136068 -0.028809 0.164169 -0.0216685 0.0309494 0.109894 0.32031 1.44824 -0.00303037 0.684334 -0.0840623 0.0945324 0.166831 -0.00175049 -0.0518482 0.418654 -0.219986 -1.32512 0.221671 0.694213 -0.0786666 -0.0663783 3.11207 0.464169 0.979068 0.161768 -0.0105771 0.948646 -5.41586 0.852165 0.0172678 -2.76276 -4.42363 3.50467 -4.09382 -1.54991 -5.26594e-08 0.279075 -0.533594 -1.5209 -4.26293 1.57086 0.030812 0.147616 -0.498893 -0.679937 -2.03275 0.991411 -0.774887 -1.13373 -0.627665 -0.873749 -4.64919e-09 0.159528 5.1751e-10 -0.308419 1.0088 0.580106 8.20642e-09 -0.528568 -1.51607 0.909578 -1.3295 2.46216 0.030341 4.82655 -0.783542 -0.0322393 4.4747e-09 0.0106686 -2.61318e-10 0.211082 -0.488128 1.45523 0.577349 -0.677142 -1.64062 0.187706 0.108428 0.894433 6.53229 0.00109531 -0.0279264 1.14249
25 5.29962 0.112187 -0.0984948 -0.0548373 0.100422 -0.102372 6.57006 -0.560688 -0.0555822 0.170612 0.721752 0.154758 -0.336643 0.104005 -0.566886 -0.49605 -0.113077 0.121636 -0.00815751 -0.105219 0.104248 -0.0302742 0.0594481 0.0296898 0.0646781 -0.0453833 0.133452 0.0176679 -0.148197 -0.0377229 -0.0131931 -0.101563 0.0669682 0.0502895 0.176413 -0.0453451 -0.0234048 0.164511 -0.0510574 -0.0148712 0.197472 0.278799 1.50616 0.0934249 0.697087 -0.0505527 0.200704 0.166487 -0.0141354 -0.0510166 0.36043 -0.157119 -1.30609 0.38516 0.698545 -0.061748 -0.0689552 1.79086 1.10656 -0.651021 0.0277917 0.133347 0.668612 -4.67876 1.25249 1.81595 -3.21764 -0.867624 -5.84972 -0.344562 -3.6861 2.60766 -1.19449 -0.129836 0.359828 -3.48648e-09 -0.598223 -1.00493 -0.0399721 -0.0944837 -0.13738 1.19492 0.860492 1.13785 -2.37838 -1.04931 -0.928177 -4.32879e-09 0.494085 4.65899e-10 -0.0646556 0.525638 0.323713 9.40286e-09 -2.45073e-09 -0.622842 -2.91836 -1.65032 1.84893 1.72021 -0.236427 1.49266 1.91798 6.69366e-09 1.40557 0.202272 -2.21625 -2.53237 0.374604 0.820031 -0.893895 -2.20962 0.570998 0.108385 0.895548 6.57014 -0.00791279 0.0782955 1.12772
26 5.33296 0.0651506 -0.0255248 -0.0563977 0.0987968 -0.10198 6.60174 -0.539292 -0.0699053 0.171087 0.541597 0.165784 -0.402049 -0.0254329 -0.28396 -0.26079 -0.026931 0.137803 -0.00725934 -0.105219 0.0652162 -0.12232 0.0600132 0.0356289 0.0638566 0.017448 0.105017 0.0161397 -0.115156 -0.0367879 -0.00869739 -0.0965769 0.0101876 0.0451595 0.149153 -0.010087 -0.0195523 0.163613 -0.0186201 0.0521324 0.373574 0.280109 1.41548 0.219653 0.637976 0.023323 0.102184 0.141701 0.00378444 -0.0507088 0.153907 -0.163628 -1.34961 0.325838 0.641516 -0.0502314 -0.00895605 -1.25389 2.25645 0.558619 0.0128072 3.96321e-05 1.00594 0.494203 0.263165 -0.955689 -4.74929 -1.05567 -5.75086e-10 -1.07046 8.55339 6.8314 2.49292 0.686195 -0.41117 -8.8827e-10 -1.35303 -2.83423 -0.0205392 0.00396034 -0.007141 1.6971 -0.6023 -1.40469 0.293032 -0.611377 1.48365 1.76929 -1.46857 -2.0952 -1.60938 1.26495 1.10163 2.61058e-09 1.2764 3.48773e-09 0.161169 -1.18094 0.626111 -1.59469 -2.45687 1.02241 -5.36584 6.63788 -0.53868 -1.19845e-09 -5.32349 -9.95985 0.38493 -1.47202 -1.12163 2.09104 0.768807 0.107979 0.895374 6.60768 -0.00311759 -0.0613748 1.12035
27 5.36629 0.0203569 0.0724576 -0.0396451 0.0996922 -0.104649 6.63903 -0.451027 -0.060755 0.127744 0.264748 0.12973 -0.386002 -0.0253614 -0.197512 -0.215665 0.0640985 0.151062 -0.0168249 -0.105219 0.0198261 -0.231009 0.0499224 0.0344998 0.0623232 0.0433539 0.0720451 0.0114724 -0.0675396 -0.0470768 -0.0118044 -0.101129 0.0326053 0.0440743 0.146521 -0.0693848 -0.0368515 0.162715 0.0148384 0.0548685 0.405786 0.252741 1.43119 0.194474 0.5833 -0.00118817 0.108969 0.153999 -0.0379485 -0.0539243 0.0750319 -0.188737 -1.35458 0.390562 0.657959 -0.0478799 0.00656329 -0.826961 2.94693 0.762345 0.0166885 -0.0989782 1.13534 2.05443 0.86741 -1.94265 -8.09693 0.0885377 2.82055 0.458264 -6.4335 -6.22667 2.19388 0.627526 -0.416012 -1.09429e-09 -1.46325 -3.51003 -0.0378916 0.0153485 0.00266171 0.231946 -0.64808 -0.0906144 1.06895 -0.476055 -0.505067 -1.75797e-09 -0.137496 0.144856 -0.283865 -0.900685 -0.638037 8.79368e-09 1.03341 6.23221e-10 1.45739 -1.74909 0.564155 0.217712 -0.356868 -0.564075 1.00739 4.1643e-09 -0.635587 -1.05741e-10 -0.43825 -2.0883 -0.0738525 0.458941 0.0125941 -1.83001 0.510927 0.107717 0.892217 6.64491 -0.00668966 -0.121692 1.12059
28 5.39962 -0.0142734 0.152323 -0.0105166 0.102498 -0.109943 6.67884 -0.378419 -0.0583515 0.079402 0.113192 0.256202 -0.396589 -0.140945 -0.504743 -0.500377 0.151143 0.153733 -0.0304825 -0.105219 -0.0299077 -0.312707 0.0415515 0.0548224 0.0630926 0.0574389 0.0384335 -0.00077368 -0.0362732 -0.052802 -0.0173217 -0.102553 -0.047991 0.0303514 0.141271 -0.0176831 -0.0257073 0.161712 0.0509406 0.0578095 0.458775 0.215906 1.43297 0.198464 0.60775 -0.0168194 0.109972 0.153702 -0.0490864 -0.0547852 0.0596059 -0.224195 -1.3607 0.457737 0.654312 -0.0706538 0.00931248 -0.595473 1.86244 0.471417 -0.0927996 -0.190015 1.22221 1.62382 1.34946 -0.606388 -1.21448 8.20207 1.56224 -2.22969 -10.5123 -4.3235 2.12497 0.0505897 0.175663 -3.84987e-10 -1.81183 -1.82463 -0.0645372 0.186407 0.278074 -0.263395 -0.783107 0.210631 0.775132 -0.16855 -0.409554 -1.86498e-09 -1.42988 -0.465604 -0.268835 0.683953 0.266596 8.53692e-09 4.71466e-10 6.90177e-10 0.388074 -1.10311 0.202436 -0.285338 1.06493 -0.51814 0.0554826 7.08914e-09 0.181982 -3.44455e-10 0.570936 -1.29221 -0.308888 0.655566 -0.977323 -1.27674 0.630222 0.107798 0.887313 6.68095 0.0144869 -0.167752 1.02584
29 5.43296 -0.0396693 0.146132 -0.0330218 0.101011 -0.106728 6.71351 -0.355529 -0.0599056 0.11136 0.196102 0.174389 -0.400203 -0.132023 -0.483223 -0.481685 0.199801 0.142726 0.0066094 -0.0772904 -0.0318174 -0.287772 0.0483924 0.00794667 -0.0045876 0.0852858 0.0195046 0.0249583 -0.0379559 -0.0454693 -0.0119199 -0.101956 -0.209906 -0.0016438 0.147237 0.145714 0.0130177 0.161712 0.0509406 0.0578095 0.432473 0.200983 1.41855 0.167233 0.646394 -0.0588321 0.0905266 0.153621 -0.0521096 -0.0550187 0.0351299 -0.210193 -1.38173 0.51214 0.642976 -0.0821338 0.0314366 -0.464387 -0.382437 -0.484797 -0.220407 0.0798179 1.01017 1.05371 -0.131098 0.746017 1.35478 -1.84816 -3.03085e-09 0.497953 0.33391 -0.899909 0.860173 -0.360874 0.889719 1.39016 0.500636 0.979335 0.662504 -1.76077 -2.89843 -0.0951441 -0.556821 0.330505 0.69865 0.0447993 0.146786 -1.92522e-09 -3.04559 -0.820152 0.11776 3.14783 0.314005 5.09696e-09 2.12578e-10 5.21801e-10 -0.425904 -0.118566 -0.82048 0.249501 1.3416 -0.620653 -0.421216 8.74313e-09 -1.57619e-10 -3.67515e-10 0.3583 -0.278106 0.13627 0.700488 -1.05134 -1.06614 0.780132 0.106619 0.890824 6.71191 -0.0417109 0.127406 0.893012
30 5.46629 -0.0414776 0.136292 -0.0426486 0.0987325 -0.103334 6.7453 -0.33705 -0.0575209 0.130576 0.236603 0.116297 -0.398175 -0.128224 -0.193453 -0.293334 0.187581 0.129457 0.0263131 0.0114245 -0.018279 -0.252386 0.0518966 -0.0836503 -0.114938 0.0781306 0.0139512 0.0287147 -0.0277395 -0.042995 -0.0100278 -0.103463 -0.16315 0.0131171 0.150265 0.114925 -0.00838379 0.161177 0.0509247 0.0578228 0.402126 0.165115 1.40088 0.18159 0.654585 -0.0444966 0.0647317 0.153664 -0.0505209 -0.054896 0.0480575 -0.261338 -1.36 0.505197 0.623122 -0.0766192 -0.026796 0.0249065 -0.445793 -0.280421 -0.19235 0.0433964 0.919995 0.609215 -0.05678 0.554873 1.01381 -1.57651 0.142616 0.389692 11.4673 8.86586 -0.365338 -0.196576 0.510181 2.41453 0.774252 0.79317 0.215134 -2.60264 -3.51967 -0.257559 -0.0832908 0.127849 0.222984 0.112626 0.0147708 -2.31621e-09 0.433026 0.48791 0.124977 0.00993124 -0.600592 1.72361e-10 1.91471e-10 2.45355e-10 -0.406727 -0.0859885 -0.743593 -0.0231054 -0.750868 0.31884 -0.510563 7.79361e-09 -5.36477e-10 -4.66682e-10 0.576456 -0.677115 0.366297 -0.211852 0.397356 0.633011 -1.2032 0.105378 0.894186 6.74111 -0.0375849 0.0865235 0.853677
31 5.49962 -0.0295579 0.123244 -0.0461944 0.0973004 -0.100128 6.77522 -0.32791 -0.0466512 0.14146 0.263705 0.069767 -0.398659 -0.117217 0.0435126 0.105045 0.157328 0.1141 0.0352175 0.0983589 0.0303914 -0.220169 0.0317289 -0.216337 -0.247477 0.0652491 0.00595426 0.0294329 -0.03456 -0.0282065 -0.0097731 -0.104238 -0.133216 0.0198105 0.157735 0.102878 -0.017826 0.0933997 0.0504978 0.0595387 0.43625 0.0847016 1.38884 0.195764 0.65884 -0.0437163 0.0753126 0.153607 -0.0526186 -0.055058 0.0113026 -0.311824 -1.3568 0.385205 0.59376 -0.0847141 -0.0614198 0.335549 -0.592962 0.0716542 -0.142154 0.0743945 0.893667 0.489163 0.290122 0.22154 0.573131 -1.29744 0.15249 0.356179 -0.0165913 -0.0147374 -0.564264 -0.289777 0.0791726 2.01568 1.60401 0.609856 -1.16188 -3.33384 -3.38165 -0.312459 -0.366121 -0.0210627 -0.307213 0.389039 -0.0797058 -3.86929e-09 -1.67739 -0.0658304 -0.00373103 2.32458 -0.0437804 -1.16482 5.81239e-10 -0.00701545 0.144155 -0.952093 -0.410237 -0.35325 0.0218983 0.118856 0.278271 6.84302e-09 -1.65179e-09 -7.53538e-10 0.970224 -0.45483 0.341641 -1.4684 0.818432 1.51426 -0.821735 0.104325 0.897165 6.76901 -0.0269658 0.100161 0.820104
32 5.53296 -0.0143338 0.1104 -0.0271279 0.0972913 -0.0928635 6.80384 -0.29751 -0.043041 0.126215 0.247198 0.0454192 -0.384183 -0.111843 0.0359083 0.097665 0.0831136 0.126002 0.0195415 0.234872 0.193813 -0.230191 0.083654 -0.397382 -0.50842 0.0473085 0.00040702 0.0145151 -0.0368322 -0.033621 -0.0152849 -0.104829 -0.102749 0.0244257 0.157833 0.0851264 -0.0240221 0.0861837 0.0473018 0.0593894 0.421699 0.120302 1.37004 0.14379 0.656298 -0.0661113 0.0747822 0.153607 -0.0526186 -0.055058 0.0207865 -0.329189 -1.34608 0.338488 0.609421 -0.0215711 -0.0611791 0.223352 -0.895206 0.687155 -0.0812503 0.265371 0.88373 1.43642 0.295205 -0.518854 -1.02983 -0.13953 0.731482 0.119136 -0.419809 -0.59006 -2.07769 0.569513 -0.747603 3.89201 6.81453 -0.132444 -0.762686 -7.26838 -8.6913 -0.576886 -0.0488 -0.291995 0.19008 -0.0416223 -0.383705 -3.60827e-09 0.992061 0.53269 0.0408814 -0.78439 -0.619482 -0.382271 0.637275 1.65802e-10 -0.155325 0.0206126 -0.556891 0.0397686 1.38631 -1.40056 0.523563 7.72038e-09 -6.86564e-10 -5.451e-10 -0.176037 0.842792 0.0852115 0.221776 1.65182 1.27228 -0.245454 0.10351 0.903789 6.79667 -0.0212003 0.259723 0.838545
33 5.56629 -0.00911442 0.0958931 -0.00494783 0.0976808 -0.0827489 6.83221 -0.238178 -0.0377615 0.106595 0.193956 0.0555405 -0.369307 -0.107727 0.0175021 0.0719054 -0.0352971 0.146745 0.00413371 0.432456 0.5175 -0.233137 0.131389 -0.51942 -0.624555 0.0341864 -0.00250601 0.00243858 -0.0315489 -0.0362192 -0.0221399 -0.105099 -0.0857925 0.0254879 0.158509 0.0762516 -0.0315149 0.131703 0.051323 0.0582674 0.364525 0.164551 1.34389 0.158006 0.702158 -0.0649859 0.0869112 0.153636 -0.051543 -0.054975 0.0430163 -0.356631 -1.33365 0.258663 0.593465 -0.0058269 -0.0680229 -0.132577 -1.06548 0.488548 -0.0828255 0.281279 0.880506 1.90649 0.187533 -0.367063 -1.33414 0.627974 0.945315 0.0391428 -0.974233 -1.34976 -2.90434 0.745226 -0.42477 5.11465 8.61688 -0.768112 -0.207717 0.15879 -1.92782e-07 -0.341079 -0.0260729 -0.105601 0.345189 0.0701015 -0.300008 -2.89267e-09 0.336564 0.291668 0.150743 -0.187264 -0.544505 1.66106 2.59025e-10 2.22124e-11 -1.6046 2.51601 -1.21873 0.0986459 3.92247e-10 0.338108 0.332888 7.23709e-09 -4.84425e-10 -3.39065e-10 -0.20475 1.01305 -0.0411317 -0.0697288 1.09877 2.06911 -1.02177 0.10287 0.913433 6.82529 -0.0213856 0.287141 0.864797
34 5.59962 -0.0121558 0.0747377 0.0327564 0.0985579 -0.0717631 6.86109 -0.156389 -0.0460097 0.0696844 0.117111 0.0836275 -0.328491 -0.115373 0.0384482 0.0217322 -0.148749 0.158183 -0.0204463 0.569945 0.842918 -0.270909 0.0766996 -0.448758 -0.480417 0.0321437 -0.0133338 -0.0230963 -0.0338453 -0.032283 -0.0282142 -0.104274 -0.0679892 -0.00493507 0.164792 0.0691955 -0.00550783 0.142722 0.0515346 0.0542749 0.361153 0.189371 1.32552 0.209203 0.70006 -0.0102178 0.0688595 0.153606 -0.0526558 -0.0550609 0.113654 -0.418025 -1.30756 0.119947 0.555351 -0.018708 -0.0598733 -0.219155 -1.5186 0.918498 -0.0269725 0.309755 0.883101 2.30179 -0.066677 -0.943013 -2.0592 1.02775 1.71047 -0.0522069 -1.09581 -1.4773 -2.78098 0.682471 -0.598794 3.00018 3.89025e-08 -2.8551 -1.12132 9.89553 13.7685 -0.12294 -0.165327 -0.447517 -0.00234482 0.193189 -0.19091 -3.25227e-09 -0.849612 -1.02283 0.149471 1.23663 0.652342 0.788448 2.61441e-10 -0.457374 -0.887268 2.18842 -0.448415 -0.181603 -0.0905951 1.68489 -0.568053 8.23447e-09 -1.02682e-09 -5.74951e-10 -0.46938 1.39358 -0.370154 -0.803606 1.67186 2.73374 -1.42074 0.102857 0.924139 6.85458 0.00208543 0.317258 0.879425
35 5.63296 -0.0123508 -0.0171625 0.0662057 0.100159 -0.0612022 6.89213 -0.0667313 -0.0413315 0.0361427 0.0163181 0.135224 -0.236449 -0.103043 -0.00873482 -0.0329136 -0.182841 0.169763 -0.0315484 0.539107 0.556451 -0.239167 -0.040572 -0.386109 -0.389565 0.0326013 0.00384076 -0.0363722 -0.0584167 -0.00873431 -0.0414509 -0.104066 0.0734979 0.00591283 0.193277 -0.0587859 -0.0283897 0.150487 0.0360743 0.0525057 0.263855 0.235788 1.33088 0.125514 0.663578 -0.0278737 0.11781 0.153606 -0.0526558 -0.0550609 0.159921 -0.340904 -1.31498 0.121365 0.61109 0.00789321 -0.0556747 0.396217 -3.26925 0.985888 0.0786589 0.246346 0.905125 1.91473 0.292546 -1.08245 -2.79247 1.27598 3.10423 -0.233779 -0.930764 -1.26798 -1.0692 0.460006 -0.153356 -1.99969 -8.94243 0.763739 1.20904 1.41524 1.70541 -0.450527 0.921028 -0.373204 -0.855555 0.549781 -0.345835 -1.51937e-09 2.26014 0.328595 0.637013 -1.91406 -0.256062 5.32564e-09 0.871945 2.15735e-10 -0.583666 0.84766 -0.326705 -0.312446 0.373926 -1.52773 1.11566 9.22929e-09 -3.83928e-10 -5.30213e-10 0.0364331 2.88674 -0.384272 0.294499 0.894376 -0.408039 0.347584 0.103628 0.933489 6.88292 0.0362332 0.2279 0.835768
36 5.66629 0.0078298 -0.0734351 0.0934803 0.102637 -0.0588646 6.91988 -0.00867239 -0.0547506 -0.00148511 -0.0554044 0.0740672 -0.148374 -0.0535838 -0.0858175 -0.159101 -0.265909 0.130262 -0.0282482 0.531629 0.288589 -0.1402 -0.080004 -0.199133 -0.245161 0.0329372 0.00187785 -0.0444349 -0.0973407 0.00499723 -0.0400755 -0.104958 0.104027 -0.0112461 0.180254 -0.0541288 -0.0180631 0.122842 0.0463755 0.0435717 0.286288 0.204685 1.32886 0.19519 0.694038 0.0990264 0.0655721 0.133975 -0.0500595 -0.055377 0.271616 -0.317837 -1.31551 0.0728854 0.595635 -0.0233653 -0.0652796 0.272978 -1.4123 0.796503 0.149365 -0.102818 0.816943 1.77046 -0.504973 -1.38901 -1.30888 -1.59513 3.49431 0.784721 -3.33846 -4.93556 -2.47943 -1.19043 -0.0608908 0.0697969 -5.60331 2.71379 -2.22734 3.49876 3.14116 0.282439 -0.113729 -0.0708623 -0.96197 0.256045 0.02417 -9.52179e-10 -1.29516 -0.502673 -0.528815 2.42338 -0.0431238 0.304735 -0.444392 -0.490276 -0.524219 1.16234 -0.134592 0.794679 -1.87623 3.30662 -1.8711 -2.43585 -5.76038e-10 -2.10992e-10 1.68453 4.2269 -1.59765 -0.117804 0.906852 0.743965 -0.571127 0.105069 0.935722 6.91072 0.040804 -0.0855674 0.833857
37 5.69962 0.00318934 -0.117189 0.0881731 0.104087 -0.0653969 6.94539 0.058425 -0.0610341 -0.00412355 -0.102555 0.0318732 -0.0496712 -0.0774291 0.0352452 0.104023 -0.348266 0.0975805 0.0192374 0.552358 0.167053 -0.051452 -0.0673549 -0.136273 -0.173409 0.0624033 -0.000147854 -0.0202065 -0.118237 0.0125844 -0.0371035 -0.105298 0.0677515 -0.0110094 0.168358 0.0119176 -0.028329 0.10754 0.0373432 0.0528221 0.272182 0.198549 1.30735 0.27574 0.638487 0.0687479 0.0825196 0.15215 -0.0351684 -0.0507976 0.290951 -0.258434 -1.33259 0.15193 0.683241 0.0363731 -0.0945585 -0.172653 -1.70774 -1.1321 0.0365813 -0.116383 0.688156 0.924842 0.301673 1.02666 -1.49129e-09 -0.800947 1.40756 0.13647 -0.000240193 -0.00031924 -2.62033 -1.35958 2.23729 0.245601 -3.18322 3.20466 -1.08918 1.59556 2.48595 1.1899 0.243277 1.2803 -0.838983 0.498305 0.299328 -1.60457e-09 -2.10915 0.890863 -0.147455 2.51933 -1.21477 2.32698 -0.753473 1.71172 -2.72285 4.03677 -2.61758 -0.987176 -0.76403 1.16228 0.60341 2.03299e-09 0.942793 -8.33356e-10 -0.620424 0.700953 -0.940085 0.0022257 0.718631 -0.285851 0.700411 0.106439 0.930231 6.93886 0.0183011 -0.0951855 0.856308
38 5.73296 0.0109259 -0.150776 0.0666353 0.102674 -0.0684361 6.97016 0.0815982 -0.0695823 0.0143475 -0.102555 0.00315243 -0.00772538 -0.0713124 0.0241699 -0.00145998 -0.414507 0.073772 0.0774983 0.480134 0.12992 0.0720378 -0.0175822 -0.0992962 -0.128481 0.05055 -0.0125241 -0.00611218 -0.0959618 0.040928 -0.0141968 -0.104775 0.124134 -0.0101028 0.154783 -0.0207176 -0.0344208 0.153604 0.0486066 0.0523344 0.181185 0.221739 1.31075 0.316936 0.633637 0.0480392 0.0276208 0.150976 -0.0507928 -0.052011 0.394283 -0.247994 -1.3351 0.213746 0.692734 0.0278556 -0.0648431 0.182338 -0.393254 -0.544069 0.0593084 -0.0871029 0.757529 0.747987 -0.115876 0.429168 -5.12019e-10 -0.924234 0.477493 0.151707 0.00498192 -4.29527 -2.0864 -0.608953 1.17822 -2.5392 -0.281851 2.94675 3.07012 1.45462 1.68624 -0.492494 -0.260035 0.382288 0.835388 0.542011 0.474811 -2.00915e-09 1.2584 0.171611 -0.380438 -0.598324 -0.179911 2.41737e-09 -0.249285 2.28371e-10 -0.122124 0.997269 0.0881543 0.56237 -0.482374 0.662463 -0.521153 -0.3744 -6.99802e-10 -2.02021e-10 0.717455 0.728202 -0.769168 -0.304452 0.352499 -0.31829 -0.149024 0.106697 0.928257 6.96785 -0.00556625 -0.0570479 0.881921
39 5.76629 0.00611466 -0.165824 0.0575411 0.101384 -0.0714099 6.99842 0.122114 -0.0843415 0.016566 -0.102555 -0.0316181 0.0209497 -0.0631206 0.0244625 0.0552728 -0.406369 0.0602335 0.106608 0.264691 0.1151 0.24071 -0.0804205 0.00937502 -0.0293693 0.0491651 -0.00670182 0.00107464 -0.0782399 0.046741 -0.00526265 -0.104071 0.143433 -0.0102854 0.149143 -0.0229137 -0.0420663 0.153801 0.0408746 0.0517374 0.194669 0.217755 1.31773 0.421644 0.67597 0.0701182 0.0393745 0.139833 -0.0504953 -0.0522863 0.374382 -0.196101 -1.37504 0.184936 0.696334 0.0133511 -0.0826134 -0.0178492 -0.138113 -0.396495 0.095461 -0.114441 0.860071 1.10259 -0.379537 0.203066 -8.85957e-10 -1.08952 0.468305 0.215284 0.0119597 0.00360581 -0.0610107 -0.431726 0.728122 -5.92096 -1.68294 2.81363 -1.55872 3.16979 2.82831 -0.139478 0.00859626 0.33778 0.375437 0.196033 0.294207 -7.50087e-10 0.434864 0.0482298 -0.192762 -0.0271508 -0.257171 1.52333e-09 -0.942898 7.15231e-11 0.347276 0.761728 0.472139 0.857959 -0.678783 2.51576 -1.05643 -0.890378 -3.64785e-10 -1.27431e-10 0.217781 1.41177 -1.31607 0.0461328 0.721394 0.0965738 -0.126647 0.106299 0.925773 6.99758 -0.0190163 -0.0908752 0.898826
40 5.79962 0.00630574 -0.166713 0.0463429 0.100154 -0.0759954 7.02915 0.161121 -0.0806396 0.0222979 -0.102555 -0.0692681 0.0177413 -0.0570067 0.0174634 -0.0427519 -0.38595 0.0563344 0.119794 0.0393969 0.0986452 0.249664 0.00369011 0.0489036 0.0153448 0.0382956 -0.00626083 0.0118486 -0.0632924 0.0535453 0.000573241 -0.102777 0.165811 -0.00254847 0.148263 -0.0347852 -0.0574956 0.151706 0.046288 0.0521874 0.185955 0.189202 1.34775 0.47667 0.642611 0.0768356 -0.00925128 0.150873 -0.0507901 -0.0520136 0.427759 -0.20598 -1.38952 0.20832 0.701968 0.0138738 -0.0667922 0.0317696 0.345736 -0.401065 0.110933 -0.162503 0.932696 1.17663 0.173528 0.234052 -5.61544e-10 -1.1587 -0.547408 0.105017 1.73781 -1.3318 0.0598809 0.125019 0.178629 -5.10593 -1.05898 -2.39303 2.1821 0.980183 1.33264 -0.327073 0.00077921 0.342168 0.352171 0.184455 0.207753 -4.59449e-10 0.533101 0.294909 -0.0659432 -0.321589 -0.467714 1.39976e-09 -0.368801 2.96654e-10 -0.250412 0.415179 0.82572 -0.0233328 -1.5442 0.0217014 -0.717302 2.11592e-09 -1.4483e-10 -3.42904e-10 0.522072 0.477761 -0.752108 0.076262 1.83772e-11 -0.223194 0.109286 0.105358 0.922078 7.02782 -0.0361223 -0.13039 0.915854
41 5.83296 0.000198518 -0.15361 0.0238427 0.0985022 -0.0833677 7.06159 0.210963 -0.0675315 0.0424987 -0.102555 -0.110435 -0.00734423 -0.0544394 0.0278996 0.0754238 -0.391313 0.0843802 0.125599 -0.0478747 -0.0353768 0.0806601 0.0404463 0.101539 0.0707064 0.0426828 0.00233665 0.0285078 -0.0635707 0.042408 0.0119408 -0.0982938 0.140835 -0.00385399 0.145487 -0.0230842 -0.0542122 0.135185 0.050571 0.0529539 0.234477 0.161732 1.36309 0.553705 0.642638 0.039313 -0.0215918 0.150156 -0.050771 -0.0520313 0.462672 -0.190191 -1.41468 0.219396 0.697362 -0.0165211 -0.0316049 -0.151276 0.315399 -0.700751 0.0945625 -0.250173 1.00133 1.47784 0.343818 0.567943 -1.34253e-09 -1.25555 -0.610179 0.0645188 0.00010658 -7.15435e-05 -0.240707 0.996665 0.235467 -1.38053 -3.06982 -6.42743 2.39273 1.03256 1.04374 -0.0530054 0.240541 0.538804 -0.0233968 -0.368225 0.285168 0.314545 -0.309225 -0.00246685 -0.319279 -0.15518 0.0942436 0.59297 2.60864e-10 2.15699e-10 0.0574689 0.364628 0.496464 0.515935 -0.104216 1.40742 -0.464408 9.14525e-10 -4.28861e-11 -3.02314e-10 0.549627 0.655251 -0.95233 0.0310356 -0.38948 -0.548899 1.02428 0.103932 0.916096 7.05844 -0.0459612 -0.21432 0.91848
42 5.86629 -0.000947572 -0.135322 0.0119134 0.0974666 -0.0915097 7.0958 0.255976 -0.0417843 0.0552716 -0.102555 -0.151468 -0.0502198 -0.0536521 0.0261384 0.0730116 -0.413809 0.122655 0.102701 -0.0477993 -0.101106 -0.0963995 0.114763 0.130586 0.10346 0.0267684 0.00521689 0.0359275 -0.0509688 0.0391785 0.016953 -0.100227 0.160186 0.00715061 0.14934 -0.0659685 -0.0680516 0.151558 0.0510129 0.0525482 0.207076 0.16437 1.38702 0.535629 0.63628 0.0692448 -0.00460372 0.150235 -0.0476867 -0.0517986 0.472047 -0.185904 -1.42743 0.215701 0.701344 -0.00723118 -0.0528618 0.0612733 0.523636 -0.320806 0.117547 -0.249677 1.03211 1.25462 0.81129 0.240319 -1.12978e-09 -1.03558 -1.31933 -0.0538086 -0.200275 -0.274943 -0.534653 1.21066 -0.639897 0.320193 -1.58733 -3.50632 0.230195 0.789903 0.988994 -0.613141 0.359324 0.198355 0.352864 -0.214733 0.11075 -5.35815e-10 0.962787 0.284953 0.0861753 -1.66053 -0.234229 4.32565e-09 5.99584e-10 6.99502e-10 -0.00414743 0.00111976 0.495311 -0.456179 -0.133872 -0.649106 0.443506 3.80799e-09 0.143154 -6.19896e-10 -0.0293417 0.0653865 -0.195973 0.0244512 2.87513e-10 0.363164 -0.60964 0.102383 0.908914 7.08932 -0.0442432 -0.224839 0.929783
43 5.89962 0.00943969 -0.121935 0.0123022 0.0973962 -0.0994431 7.13067 0.288598 -0.0323346 0.0540819 -0.102555 -0.186491 -0.0729267 -0.0488241 0.0188006 0.0627939 -0.438671 0.130995 0.0665182 -0.0197065 -0.159727 -0.0855224 -0.00476106 0.161841 0.128946 -0.000105465 0.0146213 0.033703 -0.0410443 0.0356196 0.0151469 -0.101814 0.1934 0.0233923 0.158051 -0.106921 -0.0890145 0.151558 0.0510129 0.0525482 0.215851 0.167522 1.39525 0.518764 0.657171 0.0542974 0.000783254 0.150816 -0.0244635 -0.0500434 0.444271 -0.185567 -1.42704 0.193709 0.697331 0.0278839 -0.0692178 0.466333 0.116272 -0.0662376 0.127592 -0.216933 1.05484 0.814864 0.128656 -0.0876802 -5.14615e-11 -0.672251 -0.312478 0.218069 -0.528019 -0.729743 -0.503215 0.36849 -0.935748 0.76275 -1.97858 1.55974 -3.30729 0.90816 0.589708 -0.921842 0.482448 0.000585243 0.278714 -0.184582 -0.0896212 -1.59626e-09 0.860225 0.391151 0.179834 -1.04058 -0.359197 8.21028e-09 8.53173e-10 8.57284e-10 0.256477 -0.27215 0.0377122 -0.0544431 1.26626 -0.265834 0.388912 5.49741e-09 0.66149 -7.02476e-10 -0.219439 -0.114377 0.358487 -0.000377163 0.216335 0.873144 -0.155093 0.101046 0.901625 7.12057 -0.0374006 -0.20905 0.945834
44 5.93296 0.0155042 -0.129891 -0.00417565 0.0967033 -0.102583 7.16703 0.288531 -0.0530744 0.0593876 -0.0368732 -0.174804 -0.044864 -0.0334113 -0.0549797 -0.0382645 -0.43833 0.130745 0.051579 0.018894 -0.0839215 -0.02891 -0.0506424 0.178842 0.142416 -0.0162202 0.0228568 0.0433955 -0.0374678 0.0409602 0.0169104 -0.100383 0.211782 0.0392939 0.164628 -0.131398 -0.104592 0.151558 0.0510103 0.052548 0.193686 0.179745 1.39682 0.437065 0.669211 0.0520064 0.00909827 0.150936 -0.0201348 -0.0508711 0.42657 -0.17894 -1.419 0.1717 0.685308 0.0426108 -0.0615468 -0.02518 -0.12091 -0.743548 0.113922 0.0481188 1.1737 0.0468742 -0.88808 0.474569 2.15009 2.28438 1.05646 0.55521 -4.02708 -5.50886 0.62662 -0.0609297 -0.325107 1.17118 1.59627 1.72038 -0.44932 1.06293 0.974406 -0.557147 0.138096 0.377672 0.218508 0.223751 0.19183 -1.27565e-09 0.179549 0.522696 0.135665 -0.533682 -0.472677 6.30392e-09 1.15462e-09 1.07166e-09 -0.0483059 -0.24774 -0.203707 -0.716365 1.67432 -2.20952 1.18445 4.15892e-09 -0.468111 -6.6872e-10 0.0600676 0.393388 0.34896 -0.0620279 0.17681 0.391602 -0.292341 0.0995658 0.898105 7.15352 -0.0518639 0.0116059 1.02665
45 5.96629 0.0106235 -0.161281 -0.0343404 0.0948124 -0.0975521 7.20845 0.253068 -0.0965269 0.0614316 0.104107 -0.0268024 0.0461926 -0.0609872 -0.164365 -0.37558 -0.389646 0.132045 0.0524268 0.0542328 -0.0667553 0.0179263 -0.0323201 0.213361 0.173479 -0.0336827 0.035457 0.0564155 -0.0265134 0.0433986 0.0262034 -0.101859 0.194252 0.050237 0.178452 -0.112839 -0.102307 0.15156 0.050932 0.052542 0.148154 0.184688 1.39693 0.328811 0.701363 0.0149637 0.0148868 0.150789 -0.0259217 -0.0513091 0.436754 -0.174774 -1.40801 0.154697 0.678754 0.0550631 -0.0687188 -0.200775 -1.02193 -0.662767 0.15883 0.214495 1.2925 -1.5449 -0.889086 -0.0614128 4.79221 4.53425 1.86716 0.172898 -5.39852 -7.59254 1.79999 -0.0819784 -0.188471 1.12403 0.311148 1.28323 0.581349 0.820013 0.780175 -0.584727 0.245357 0.195952 0.33566 0.101541 0.230565 -1.85749e-09 0.0583251 4.68556e-10 0.35624 0.0328513 0.411675 7.30767e-09 1.06392e-09 7.90773e-10 -0.429701 -0.426609 -0.350206 -0.162928 2.47939 -2.37624 1.41492 2.93301e-09 -0.312372 -4.53342e-10 0.0380382 0.71057 0.228706 -0.00128079 0.0369865 0.303725 -0.500924 0.0975445 0.901705 7.1896 -0.0662023 0.156776 1.12347
46 5.99962 -0.0121169 -0.219082 -0.0804287 0.0921119 -0.0909425 7.25122 0.141171 -0.119903 0.064493 0.37796 0.240168 0.108725 -0.0831001 -0.397346 -0.625326 -0.299236 0.140598 0.0725068 0.0847481 -0.00233679 0.0333734 -0.00857712 0.235752 0.19551 -0.0287646 0.042397 0.0759704 -0.0144132 0.0506435 0.0423211 -0.102027 0.200529 0.0499219 0.191479 -0.110379 -0.0710292 0.151551 0.0512858 0.052569 0.12059 0.223491 1.37697 0.203652 0.69554 0.000586629 0.0167865 0.150832 -0.0242383 -0.0511817 0.450446 -0.158536 -1.3979 0.164689 0.688123 0.0587882 -0.0765245 -1.11166 -1.0545 -1.12749 0.18666 0.117407 1.3232 -3.10178 -0.473823 0.34517 8.6508 6.98768 0.660087 0.209679 1.17405 -2.66203e-07 3.00761 -0.125949 0.363759 1.19294 1.36733 -0.0210349 1.04415 0.778952 0.754525 0.191144 -0.114816 0.316279 0.665356 0.203368 0.471239 -1.68634e-09 1.39246 9.15961e-10 0.540331 -1.24766 1.08044 5.33179e-09 5.45725e-10 3.66213e-10 -0.694443 -0.120507 -0.507933 -0.521932 1.89486 -2.31812 1.21187 1.00795e-09 -0.231161 -1.05062e-10 -0.0577269 0.451409 0.450601 0.050831 0.0379832 -0.358792 -0.419301 0.0946464 0.906636 7.22919 -0.0941224 0.109759 1.21182
47 6.03296 -0.0474757 -0.242937 -0.167286 0.0845019 -0.0912309 7.29212 0.0226196 -0.10445 0.145235 0.648856 0.569044 -0.0208771 0.000515775 -0.314079 -0.594515 -0.210293 0.174221 0.136493 0.13757 0.237751 -0.0130772 -0.0619421 -0.0404356 0.0379115 0.0298946 0.0694354 0.101001 -0.0524003 0.0204983 0.0816566 -0.102445 0.228087 0.0519902 0.235854 -0.131412 -0.0197926 0.151715 0.0448759 0.0520806 0.148594 0.242856 1.34654 0.152062 0.701057 -0.0222442 -0.0091007 0.0897815 0.0259861 -0.0464719 0.475064 -0.113121 -1.38479 0.166425 0.70164 0.073249 -0.138934 -1.53745 -0.0353543 -2.34174 0.0612858 -0.230173 1.26965 -2.59078 0.450001 2.85474 6.44362 7.37174 -4.56509 5.41004 2.03818 1.96473 2.94104 -0.173327 2.10475 0.182536 11.1089 3.74452 -0.580633 -43.1286 -51.0743 1.7235 0.575656 0.607559 -0.984603 -0.747061 0.961998 -1.64264e-09 1.81818 1.45299e-09 1.40141 -1.71198 1.87209 7.70414e-09 -0.216962 3.0839e-10 0.219076 -0.963227 -0.494376 -0.243259 2.95101e-10 -0.835295 -0.514385 -2.03701 1.48639 0.128199 -0.549533 1.35057 0.459123 0.234697 7.55552e-10 -0.164248 -0.744924 0.0910982 0.90583 7.2706 -0.10658 -0.157864 1.25628
48 6.06629 -0.0418796 -0.257161 -0.157555 0.0812907 -0.0989116 7.33451 -0.138762 -0.111817 0.117203 0.864835 0.474268 -0.155266 0.0859188 0.0426215 -0.299796 -0.0949391 0.166887 0.100172 0.0358714 0.0979504 0.0759321 0.0697642 0.0890737 0.0605937 0.0191163 0.0733357 0.0704631 -0.0720795 0.0127243 0.0672517 -0.103789 0.140431 0.0520732 0.241592 -0.077872 -0.0114353 0.152215 0.0250708 0.0504643 0.198037 0.285203 1.33779 0.0759238 0.701255 -0.000944907 -0.0358634 0.157139 0.054456 -0.0502258 0.434477 -0.2079 -1.31997 0.101605 0.615295 0.0514903 -0.0374888 0.258034 0.54719 0.73068 0.30915 -0.261418 1.19477 -4.2347 -0.467422 -1.27048 3.98784 -1.40454 -2.23136 -0.0947965 6.88836 6.32471 3.68305 -0.645657 -0.981575 -3.75166 -4.24472 0.229963 0.122695 3.7998 5.19204 0.498149 -0.789237 -0.89627 -1.65533 -0.105183 -0.917105 -1.81644e-09 3.77266 1.81143e-09 0.0301414 -4.36135 1.02388 4.81861e-09 0.318534 1.25834e-10 0.738975 -1.4938 0.345231 -0.250281 3.35239e-10 -0.485754 -0.416758 1.65348e-09 9.57803e-11 -5.45573e-10 2.08707 0.619676 1.65068 -0.636913 -0.327099 2.16825 0.800658 0.0885893 0.898665 7.31153 -0.0460357 -0.217958 1.19436
49 6.09962 -0.0113811 -0.229909 -0.125978 0.0803023 -0.097997 7.37332 -0.264342 -0.0623117 0.0990472 0.844055 0.372502 -0.36746 0.107787 -0.0825551 -0.452149 -0.0381508 0.165078 0.0558924 -0.0455474 0.0894149 0.0546676 0.0748823 0.0890658 0.110524 -0.0210219 0.0980331 0.0314551 -0.0838286 -0.0291142 0.0485384 -0.105779 0.221709 0.0500868 0.225079 -0.149395 -0.00480957 0.15281 -0.00148591 0.0405674 0.214427 0.257562 1.35908 0.076603 0.700068 -0.0482984 0.0380539 0.156043 0.0129886 -0.053474 0.467552 -0.148301 -1.24865 0.23421 0.707123 0.00172773 -0.0694611 0.820355 0.750228 0.246169 0.231416 0.0289722 1.09815 -3.23561 2.09391 0.627858 -1.9532 -2.05072 -4.84587 2.86736 -12.2383 -8.83243 1.64184 -0.0148889 -0.501906 -2.1028 -0.400359 -0.642768 0.101959 -0.000121301 -0.000150407 -1.04675 1.0891 -0.485887 -0.113527 -1.18252 -0.539984 -2.87296e-09 1.19136 8.16359e-10 -0.392523 -0.655519 0.522787 6.61002e-09 -1.22008 -0.532405 0.798762 -0.614912 0.951327 0.139394 3.29504e-10 -0.0401864 1.05281 1.94024e-09 0.573394 -3.17745e-10 -0.35594 -0.538917 2.04749 0.512754 -0.547988 -2.81663 0.827593 0.0879192 0.899005 7.35092 -0.00560698 0.00970922 1.1742
50 6.13296 0.0663776 -0.186234 -0.115843 0.0801474 -0.0978593 7.4038 -0.433898 -0.0194079 0.111324 0.760806 0.158934 -0.425733 0.116919 -0.158988 -0.367153 -0.0539913 0.137102 0.0387865 -0.104549 0.0872866 0.0375432 0.0780729 0.0882772 0.109368 -0.0747458 0.106536 0.0135481 -0.112588 -0.0414099 0.0375045 -0.106137 0.240055 0.0503402 0.223525 -0.179143 0.0259057 0.154155 -0.0512742 -0.0105458 0.197458 0.2359 1.44199 0.0422929 0.700932 -0.0445416 0.115495 0.156104 0.00776835 -0.0325048 0.26518 -0.10471 -1.26429 0.182671 0.700539 -0.0819982 -0.0386768 1.60715 2.09667 -0.0985303 0.147212 0.0512778 0.76733 -4.32265 1.11797 0.589194 -3.16425 -4.45895 0.115703 0.487362 0.171482 3.0074 -0.977297 -0.81705 -0.355834 -1.90723e-09 -0.792301 -1.15598 0.0729128 -0.00535934 -0.0121738 -0.269335 0.271866 -0.370346 -1.00883 -0.478407 -0.446898 -4.29882e-09 0.0985948 -0.0869756 0.00482589 -0.266539 1.25429 1.10575e-08 -1.45474e-09 -1.53348 0.833153 -1.24442 2.60195 0.830429 -0.424439 0.672625 0.855903 9.79328e-09 -0.60969 0.360779 -2.99615 -2.35578 0.59515 0.174306 1.0475e-10 -0.446292 0.22398 0.0880487 0.89909 7.38903 0.0164836 -0.000466899 1.1297
51 6.16629 0.0591529 -0.101389 -0.102881 0.0825166 -0.0996202 7.43228 -0.505374 -0.0292735 0.0807221 0.66809 0.179833 -0.257854 0.0572406 -0.301282 -0.5129 -0.0158784 0.128322 0.016568 -0.104549 0.0560921 -0.0371573 0.0801803 0.0872524 0.107824 -0.0481699 0.0902292 0.00578409 -0.0897117 -0.0481879 0.0179438 -0.105425 0.185994 0.0469112 0.192826 -0.149797 0.026777 0.154362 -0.0088807 0.011151 0.375287 0.221611 1.40846 0.207595 0.694088 0.00584848 0.112296 0.153673 -0.0255727 -0.0431049 0.128197 -0.105832 -1.25022 0.246799 0.702042 -0.023595 -0.0371684 -0.59761 2.49704 0.403215 0.196387 -0.00551768 0.849947 -2.15441 -0.103231 -1.30804 -1.16201 0.612046 6.73604 -3.85267 -1.02209 -2.16571 1.51477 -0.327103 -0.585574 -1.04401e-09 -1.08281 -2.10016 0.147784 -0.00607555 -0.0120541 0.896595 -0.780801 -0.221371 0.910559 0.13215 -0.391109 -2.00624e-09 -1.52542 -0.217379 -0.566496 0.755943 -0.136617 2.54164e-09 0.257311 1.59663 0.707333 -1.39139 -1.0618 0.270182 -1.66292 3.39687 -1.06645 6.22379e-09 -0.257179 -0.420306 -2.28123 -3.77088 0.584953 -0.242265 2.85027e-11 -0.0751024 -0.379641 0.0885816 0.897939 7.42641 0.0281491 -0.0390935 1.10626
52 6.19962 0.0439302 -0.0241419 -0.0932626 0.0857502 -0.101942 7.46203 -0.545195 -0.0238167 0.0433929 0.556348 0.119278 -0.197421 0.0547522 -0.277091 -0.467211 0.0345819 0.124353 0.00314667 -0.104549 0.0207333 -0.108564 0.0803386 0.0869718 0.107336 -0.0219866 0.0668928 0.00444641 -0.0616325 -0.0531154 0.0100502 -0.104618 0.110803 0.0324087 0.178423 -0.0963368 0.0333403 0.153664 0.012449 0.0523696 0.379101 0.194835 1.39031 0.182137 0.625875 0.000478603 0.0977999 0.153562 -0.0344957 -0.0505755 0.0289816 -0.146055 -1.26377 0.299701 0.69885 -0.0408043 -0.0266331 -0.399722 1.93039 0.295828 0.146593 -0.0334558 0.89646 -1.16286 0.660731 -0.997126 -3.79002 -0.686643 0.620481 0.693817 -0.897177 0.815937 1.43066 -0.120801 -0.307447 -1.52521e-09 -1.15161 -1.73477 0.093728 -0.0104916 -0.01686 0.635008 -0.674058 0.12798 0.711198 -0.0612635 -0.346301 -2.55807e-09 -1.20997 -0.0829958 -0.436364 0.428899 -0.395511 3.65827e-09 1.45532 3.98367e-10 0.575514 -0.862188 0.707312 0.124297 -0.664451 -2.11695 0.0517792 5.43523e-09 0.625123 -1.38355e-10 -0.187726 -3.20069 -0.697307 0.471058 -0.290249 -1.58253 0.695637 0.089497 0.896304 7.46327 0.0378749 -0.0453351 1.10423
53 6.23296 0.0401343 0.0530751 -0.0889511 0.0890184 -0.104807 7.49431 -0.511565 -0.0135312 0.0100634 0.275616 0.147656 -0.276348 0.108165 -0.273047 -0.437312 0.0766231 0.116129 0.000992662 -0.104549 -0.0136265 -0.17947 0.0884203 0.0779825 0.0866719 -0.0119388 0.0442688 0.00663779 -0.0435643 -0.058163 0.00905021 -0.10408 0.0386805 0.0234869 0.166294 -0.0477725 0.0399765 0.152658 0.0502998 0.05528 0.451569 0.188256 1.39684 0.201986 0.641842 -0.0104338 0.104155 0.153292 -0.045261 -0.051405 0.00972877 -0.197402 -1.29165 0.382006 0.688729 -0.0745256 -0.0211631 0.217311 1.95403 0.311917 0.0726386 -0.0901756 0.97609 0.603759 0.60751 -0.999345 -7.9586 0.763443 -0.643926 0.540355 -1.1566 1.04211 0.886438 -0.175803 -0.211864 -1.44185e-09 -1.46713 -1.68522 0.0113899 0.188884 0.26991 -0.0390156 -0.461221 -0.0458859 0.280321 -0.128368 -0.186703 -2.26916e-09 -2.37067 -0.365205 -0.386471 1.88034 0.0691844 5.26517e-09 0.865719 4.41555e-10 0.521088 -0.939139 0.679869 0.0425399 0.22316 0.359845 0.435412 5.16489e-09 0.587584 -6.67584e-11 0.672432 -2.52691 -1.18042 0.400881 -1.392 -1.57004 0.690225 0.0907931 0.893534 7.49965 0.049827 -0.115437 1.07966
54 6.26629 0.0409484 0.108152 -0.078661 0.0921689 -0.109272 7.52808 -0.483243 -0.0170789 -0.013112 0.0582934 0.150358 -0.23367 0.080474 -0.242653 -0.393701 0.11778 0.106009 -0.00357499 -0.104549 -0.0545738 -0.222846 0.0847362 0.0772543 0.0861724 -0.00513583 0.0217835 0.00343867 -0.0351738 -0.0616221 0.00679731 -0.103183 -0.0437549 0.0201594 0.14927 0.0167151 0.0448435 0.152658 0.0502834 0.0552787 0.458581 0.178361 1.4058 0.199241 0.668323 -0.0115641 0.109933 0.15331 -0.0445534 -0.0513505 0.0133324 -0.236776 -1.33067 0.460717 0.660386 -0.0870347 0.000452266 -0.0112586 1.23083 0.263608 -0.0181181 -0.10115 1.03383 0.277088 -0.321992 -0.356246 -4.35592 -0.101798 2.59106 -1.34737 0.339346 0.710961 1.24141 -0.348673 -0.00136567 -1.48793e-09 -1.22812 -0.775346 0.0110195 -0.0832881 -0.0968828 0.154868 -0.660682 -0.103129 0.169559 -0.101447 -0.0531629 -2.33324e-09 -2.02075 -0.164028 -0.451869 1.55414 -0.04547 5.66852e-09 -0.00746619 5.43596e-10 -0.132716 -0.18127 0.114461 0.0370869 0.385678 0.159611 -0.239768 7.53724e-09 0.436831 -3.55834e-10 1.20914 -1.28835 -1.18668 0.631593 -1.84909 -1.03687 0.640256 0.0925571 0.890099 7.53533 0.0610164 -0.106524 1.05937
55 6.29962 0.0191099 0.128265 -0.0711676 0.0936806 -0.115292 7.56382 -0.468393 -0.0635171 0.0110584 0.00204121 0.144441 -0.132407 -0.0239327 -0.313035 -0.366591 0.186394 0.0707592 -0.00264157 -0.104549 -0.0929168 -0.199634 0.0638676 0.0420064 0.0636962 0.0392166 -0.00946197 -0.00430411 -0.0543348 -0.0618132 0.0125435 -0.102673 -0.061085 0.00519622 0.152295 0.0329184 0.0689692 0.152952 0.0393633 0.0544403 0.489961 0.216892 1.38497 0.195369 0.682703 -0.00145021 0.0822355 0.153517 -0.0362802 -0.050713 0.0672326 -0.259602 -1.3583 0.545691 0.640586 -0.10407 -0.0343421 -0.645976 0.186028 0.0900974 -0.096497 -0.188724 1.12405 0.491432 -1.82509 0.887214 -0.526931 -0.628267 2.24839 -3.16208 0.35471 2.0177 2.11739 -1.23926 0.242671 -8.79672e-11 -1.39117 1.15284 0.249506 0.00544369 0.00752084 0.982533 -1.07961 -0.162805 -0.38677 0.112542 0.168749 -2.39282e-09 0.058624 -0.267094 0.0270272 -0.12776 0.439824 6.13868e-09 -0.499661 5.78262e-10 0.506012 0.240836 -0.821762 0.137201 0.881791 -0.260852 -0.586434 6.4098e-09 0.89199 -2.39747e-10 1.55665 -0.26271 -1.26123 0.704293 -1.20487 -1.35443 -0.351156 0.0947833 0.885231 7.57035 0.0728875 -0.18209 1.04137
56 6.33296 0.0118795 0.143079 -0.0520869 0.0969719 -0.120836 7.60252 -0.460965 -0.0774415 0.0209952 0.0103795 0.0660736 -0.08903 0.0116906 -0.271166 -0.334168 0.243038 0.0597379 -0.0167186 -0.104302 -0.10149 -0.202294 0.0683602 0.00611887 0.0148029 0.0304596 -0.0184255 -0.0104795 -0.0402207 -0.0698784 0.00283952 -0.102637 -0.0786899 0.00590615 0.15031 0.0530393 0.0590723 0.153416 0.021891 0.0530967 0.416922 0.171692 1.38445 0.20405 0.686507 -0.0229258 0.0659619 0.153077 -0.0537778 -0.0520605 0.0856456 -0.296186 -1.38199 0.503265 0.610973 -0.100664 -0.0328839 -0.0965566 0.634209 0.68515 -0.0419094 -0.0936214 1.20171 0.347311 -0.419223 -0.0662227 0.433303 -1.5964 1.51097 0.790456 0.881236 0.535036 1.50397 -0.156274 -0.463353 -2.49825e-10 0.732563 -0.518045 0.111617 -1.95151 -2.6592 -0.565206 -0.316902 -0.157511 0.441595 -0.28178 -0.414529 -2.88143e-09 -0.348986 0.196942 -0.115448 0.428264 -0.626883 2.41427e-09 -0.591913 4.32876e-10 -0.432061 0.27629 -0.537628 0.0921942 -0.578307 -0.183645 -0.253418 1.26893e-08 -1.6054e-09 -1.27061e-09 1.48499 -0.773416 -0.616208 -1.40625 1.24801 2.46267 -0.808489 0.0972915 0.880277 7.60512 0.0798562 -0.0993578 1.04785
57 6.36629 0.0129757 0.15045 -0.0350783 0.101434 -0.118798 7.64174 -0.449644 -0.1098 0.0189849 0.0407626 0.196546 0.142822 0.0300937 -0.627356 -0.591635 0.260028 0.0636926 -0.0305952 -0.0587045 -0.0317515 -0.208472 0.0858156 -0.114474 -0.149447 0.0159417 -0.0291945 -0.00843861 -0.0343076 -0.0762436 -0.00736358 -0.102292 -0.0954016 -0.00116252 0.151655 0.071135 0.0570135 0.153272 0.0273707 0.0535184 0.38414 0.171767 1.36885 0.179866 0.670549 -0.0364072 0.0631556 0.153077 -0.0537778 -0.0520605 0.0849232 -0.310972 -1.40669 0.445661 0.668665 -0.0623847 -0.0290226 -0.0108206 -0.253531 0.294544 -0.0692605 0.21729 1.19414 0.54127 -0.676938 -0.0527848 1.14907 2.15242 3.37444 -0.935942 -9.31234e-09 -3.29543 0.127454 0.0205345 -0.309295 1.85011 3.76855 0.307214 0.383822 -5.14847 -7.00456 -0.483478 -0.285045 0.220521 0.223739 -0.143085 -0.237004 -2.72284e-09 -0.446042 -0.15552 0.0338884 0.4664 -0.115856 6.52954e-10 0.969972 4.5708e-10 -0.309109 0.0659038 -0.706171 -0.0893682 0.351029 -0.717625 0.374689 1.24642e-08 -1.57478e-09 -1.345e-09 0.0628016 0.773389 -0.429372 -0.0347487 2.0869 0.759527 -0.290916 0.0993717 0.882038 7.64034 0.053081 0.184892 1.06462
58 6.39962 0.0395464 0.124104 -0.0179655 0.105457 -0.107072 7.68182 -0.460335 -0.108433 0.0212392 0.0883191 0.207126 0.16008 0.00110415 -0.575567 -0.563718 0.219785 0.0790438 -0.0555311 0.0109418 0.239405 -0.186237 0.122299 -0.468992 -0.610937 -0.0256338 -0.0273164 -0.00900702 -0.0324046 -0.0755882 -0.0157568 -0.102492 -0.0690735 0.00305608 0.150304 0.0451826 0.0394331 0.151362 0.0518655 0.0554286 0.343294 0.173384 1.35927 0.130629 0.677416 -0.0590985 0.0726771 0.153077 -0.0537778 -0.0520605 0.0997638 -0.297448 -1.41236 0.381101 0.669463 -0.0526884 -0.0370865 0.763661 -0.738544 0.191619 -0.0735717 0.467165 1.22209 0.123612 0.225983 0.630813 0.882157 0.0691141 -2.1249 0.226057 2.61447 1.62754 -1.7594 0.299707 -0.403848 2.70601 7.40431 0.286475 -0.19049 -6.99421 -9.05416 -1.10183 0.0128551 0.352519 -0.0608355 -0.0543674 -0.154761 -3.2597e-09 0.278296 0.191791 -0.157051 -0.344008 -0.466269 4.98823e-12 1.04665 2.40568e-10 -0.113814 -0.0981527 -0.495903 0.0679731 0.908357 -0.956109 0.539006 1.05405e-08 -1.12298e-09 -9.37068e-10 0.0516238 1.30537 -0.0747454 -0.560155 1.04322 1.25507 -0.911566 0.101456 0.892845 7.67725 0.0657987 0.382403 1.14793
59 6.43296 0.0501236 0.112531 0.00281262 0.108335 -0.0902051 7.72469 -0.425922 -0.105522 0.0250133 0.10936 0.22534 0.0982201 -0.0167622 -0.481051 -0.496483 0.132236 0.111936 -0.0655583 0.196745 0.428151 -0.23143 0.174732 -0.445651 -0.610937 -0.0482341 -0.0298311 -0.0119613 -0.0319953 -0.0754189 -0.025778 -0.102445 -0.0752175 0.00202114 0.152719 0.0512726 0.0305552 0.151362 0.0518655 0.0554286 0.352074 0.188695 1.34713 0.152809 0.700247 -0.0553072 0.0626356 0.153083 -0.0535325 -0.0520417 0.140954 -0.305317 -1.39158 0.294782 0.664867 -0.0211685 -0.0537958 0.00995315 -0.664421 0.750265 -0.0739728 0.638195 1.33328 1.54469 0.171974 0.183553 0.702149 0.28375 -1.91863 -0.0509627 2.60215 2.05997 -2.53696 1.16375 -0.419377 5.23657 8.07326 -2.78678 -0.814022 -0.838211 -7.20186e-07 -0.625993 -0.0124503 -0.0922332 0.136424 -0.0269943 -0.415603 -2.30922e-09 -0.123401 0.102433 0.121619 0.0971634 -0.516183 1.12564e-09 1.62476e-10 2.15866e-10 -0.219236 0.486399 -0.209788 0.115343 1.683e-10 0.712588 -0.602286 7.74877e-09 -1.06156e-09 -8.24343e-10 -0.0116389 1.78003 0.295373 -0.513934 1.64968 1.83537 -1.02806 0.104402 0.908184 7.71683 0.103303 0.525322 1.23169
60 6.46629 0.000326956 0.11867 0.0469116 0.113578 -0.0756767 7.76912 -0.306316 -0.117518 -0.00576023 0.117893 0.284593 0.077874 -0.0084519 -0.306835 -0.357483 0.0435069 0.12224 -0.0903731 0.436096 0.809894 -0.213246 0.0227715 -0.490049 -0.548328 0.0330768 -0.0523027 -0.0148319 -0.0861076 -0.0495113 -0.0463163 -0.100496 -0.0389426 -0.0504647 0.197863 0.0295826 0.0617239 0.118566 0.0423262 0.027018 0.382594 0.149335 1.37822 0.209634 0.68433 0.0225261 0.111917 0.153165 -0.0502877 -0.051792 0.11082 -0.28222 -1.38526 0.158501 0.705808 -0.0268923 -0.145129 -1.76808 -0.22758 1.02732 0.0261908 0.26578 1.37185 3.90856 -0.127944 -1.03526 -0.931999 3.55153 4.99213 -12.9636 16.7593 10.9582 -2.49803 0.13944 -0.807914 7.73788 7.47979e-09 -1.08947 -6.70576 8.33705 8.76073 2.33533 -0.275173 0.157153 -1.35003 0.658967 -0.593974 -8.28121e-10 -0.0273242 -1.52668e-09 1.53804 0.672117 -1.2966 -3.08256 -0.627695 -1.52845 2.71612 -2.26059 2.0738 0.662578 -1.73075 2.00801 0.416632 8.60773e-09 -4.39971e-10 -1.4599e-10 -1.28635 1.5608 0.3453 -0.396256 3.24557 1.08173 -1.46154 0.108218 0.921409 7.7592 0.108379 0.260976 1.29422
61 6.49962 -0.00200537 0.106756 0.0685195 0.117323 -0.0674429 7.81464 -0.213071 -0.120043 -0.0234296 0.0600849 0.232533 0.108907 -0.0601969 -0.0109128 0.00879173 -0.0574541 0.133588 -0.100513 0.57703 0.816085 -0.151819 -0.0308639 0.555556 0.414815 0.000375915 -0.0507947 -0.0180664 -0.0619183 -0.0475587 -0.0518671 -0.101845 -0.0935227 -0.0506592 0.209787 0.0787417 0.044387 0.143649 0.00573565 0.0431752 0.368931 0.215991 1.34128 0.24712 0.681921 -0.0333636 0.105026 0.153345 -0.043163 -0.0512434 0.289473 -0.352258 -1.32392 0.129614 0.673739 -0.0107625 -0.0322806 0.145423 -1.00707 0.547332 -0.0545011 0.249148 1.33629 2.48866 0.00399619 -0.527799 -2.00423 -1.28387 1.05821 -0.172119 0.46981 0.639965 -2.51175 0.160564 -0.486387 3.12209 2.80969e-08 -0.533213 -1.30393 28.7364 23.4252 -1.04364 0.17531 -0.19121 0.498362 -0.0142688 -0.101419 -9.50247e-10 -1.03465 -4.34761e-10 0.340707 0.691026 -0.64625 -0.867896 -0.693347 1.77276 -0.471542 0.0964086 -1.68531 0.0529696 -0.14284 -1.73732 -0.569112 1.72115e-09 -0.37406 -3.38647e-10 0.814501 2.44605 0.156204 -0.499557 0.515022 0.992682 1.47769 0.111265 0.928488 7.80105 0.0759087 0.215769 1.21505
62 6.53296 -0.0214718 0.0631942 0.122533 0.124282 -0.0601963 7.85694 -0.100347 -0.143793 -0.0809937 -0.0145445 0.161478 0.179151 -0.0481841 0.0335915 0.0694105 -0.099927 0.102892 -0.174897 0.621957 0.393299 0.013472 0.0034501 0.616685 0.520858 0.0309153 -0.0689017 -0.0370945 -0.0856022 -0.0100628 -0.0706409 -0.100065 -0.0268878 -0.0540092 0.221745 0.0264131 0.00587866 0.0954006 -0.007761 0.0510965 0.434808 0.270278 1.32092 0.224359 0.702015 -0.00269383 0.0765624 0.152973 -0.0216558 -0.0499734 0.13394 -0.219629 -1.36307 0.0155612 0.700767 0.0276074 -0.0815753 -0.601982 -1.43389 1.52021 0.174509 0.140658 1.20785 2.89546 -0.693609 -2.00422 -2.19007 -1.59742 2.34811 0.131195 0.903817 1.2309 -1.4522 -0.932268 -2.35245 0.115483 -9.22046 4.8967 -1.62109 -0.501549 0.300918 0.906042 -0.516031 -0.450305 -0.662133 1.15221 -0.456554 -1.07268e-09 1.12809 -1.18343e-09 0.214857 -0.690482 -1.10235 -1.36525 0.638265 5.09946e-10 0.830364 -0.4279 -0.108478 0.241742 1.19727 0.379366 0.320431 2.65472e-09 0.311313 -9.09903e-11 -0.641895 1.78205 -0.0904645 0.333123 2.30645e-09 1.07204 -0.962444 0.114223 0.934543 7.84087 0.0877407 0.158713 1.18198
63 6.56629 -0.028143 0.010887 0.137162 0.128169 -0.0556445 7.89551 -0.020315 -0.148843 -0.0977347 -0.0740758 0.147183 0.233316 -0.0410212 0.0304628 0.0651431 -0.15332 0.0968132 -0.18177 0.567671 0.0572906 0.128045 -0.034416 0.616685 0.546968 0.0620873 -0.0687589 -0.0413944 -0.114461 0.0105098 -0.0605769 -0.100463 0.0168195 -0.0560979 0.207961 -0.000343509 -0.00302286 0.0343614 0.01156 0.0518884 0.398347 0.22041 1.33831 0.193387 0.693941 0.0541537 0.0584933 0.153275 -0.00937787 -0.0488116 0.223436 -0.184265 -1.36182 0.0527471 0.700118 -0.00678908 -0.0616063 -0.174446 -1.35747 0.14781 0.0635278 0.0416243 1.12358 1.89503 0.0972185 -0.391166 -1.17711 -0.65272 1.24681 -0.00689479 -0.125028 -0.170452 -1.79093 -0.263363 0.419043 -2.15973 -8.68514 0.794961 0.539438 1.97502e-10 0.358698 0.763718 0.203763 -0.104657 -0.704121 0.380445 0.396511 -0.494336 0.778194 -3.64964e-10 -0.016835 -0.34585 -0.107307 -1.41409 0.263553 3.82342e-10 -0.599171 -0.113529 0.163718 0.0360091 0.43841 0.362656 -0.237537 5.13572e-10 0.734286 0.0805028 0.688028 1.30105 -0.465738 0.0346805 1.46186e-10 -0.967789 0.254321 0.117213 0.938086 7.88015 0.0870971 0.0635269 1.17488
64 6.59962 0.00925901 -0.0269826 0.121896 0.129149 -0.0564511 7.92962 -0.00549989 -0.145534 -0.0794321 -0.100592 0.109418 0.264775 -0.0557644 0.0510266 0.0741099 -0.257836 0.0812707 -0.138589 0.459511 -0.0352301 0.178516 -0.0334005 0.594893 0.537003 0.0515067 -0.0727678 -0.0252376 -0.139765 0.0243802 -0.0444956 -0.100018 0.0308723 -0.045341 0.180224 -0.00132906 -0.0286196 0.00712704 0.0379383 0.0527512 0.366611 0.172987 1.34245 0.244033 0.689965 0.113744 0.0247764 0.111338 0.011652 -0.0241436 0.373156 -0.152243 -1.39058 0.108502 0.696737 -0.0614263 -0.0655858 0.758737 -1.11345 -0.647672 0.0286712 -0.113037 0.962567 0.30958 0.0861033 0.531653 -1.08126e-09 -1.74641 0.874614 1.03972 -1.10026 -0.134554 -2.98744 -1.03988 1.34864 -3.22796 -0.415131 1.13377 0.723758 0.197597 0.202824 0.346124 -0.224833 0.607213 -0.86364 0.313423 0.474837 -9.91238e-10 1.08458 0.628898 -0.839953 -0.808287 -1.05575 -1.9064 0.0126112 2.19572e-10 -0.0394929 -0.354921 0.199791 0.301308 -1.0347 1.52489 -1.3802 -3.31298 1.36706 1.07043 3.54955 3.67017 -2.43544 0.297008 -0.627568 -1.45664 0.349728 0.119954 0.937162 7.9189 0.0677204 -0.106409 1.15832
65 6.63296 0.020347 -0.0517256 0.0809154 0.127255 -0.0626066 7.96202 0.0260847 -0.13515 -0.0380992 -0.100592 0.050115 0.27377 -0.0373062 0.0456343 0.0881168 -0.34781 0.0745708 -0.0573057 0.378044 -0.0376826 0.140178 0.038841 0.600442 0.556395 0.0441083 -0.0768368 -0.00262016 -0.115074 0.048504 -0.0172557 -0.104433 0.0897572 -0.0465326 0.167697 -0.0432256 -0.0248476 -0.0292375 0.0390397 0.0535473 0.328963 0.128495 1.35079 0.334587 0.683244 0.0492177 -0.00364974 0.151713 -0.0073945 -0.0374832 0.460749 -0.19232 -1.35846 0.213271 0.696894 -0.0116662 -0.0882809 0.0841839 -0.411988 -1.48273 -0.0653976 -0.128492 0.977953 1.27138 0.403548 1.4769 -1.06601e-09 -1.12888 -0.00725836 -0.310974 -0.0119295 -0.00639891 -2.68915 -0.837315 2.48665 -1.95656 -1.14788 -1.05984 0.681996 4.08025e-10 0.680636 -0.226933 -0.0165128 0.628392 1.00705 0.546776 1.0038 -1.49374e-09 1.1001 -0.0147537 -0.256647 -0.534206 0.371649 1.22477 -0.643262 3.56609e-10 -1.83136 3.41424 -0.420494 -0.298152 -0.873022 0.0933995 -0.410614 6.81064e-10 -0.597189 -1.11874 0.690657 0.721337 0.852765 -0.0275033 -0.63721 0.0975008 0.00999395 0.121986 0.932092 7.95739 0.0511053 -0.116692 1.15348
66 6.66629 0.0140085 -0.077426 0.0481488 0.125111 -0.067093 7.9974 0.0778145 -0.129562 -0.00796785 -0.100592 0.00752703 0.293212 -0.0380029 0.0451521 0.0878721 -0.345914 0.0620213 0.00680677 0.158331 -0.0851216 0.228768 -0.0404518 0.600684 0.585404 0.0450499 -0.0562371 0.0126859 -0.0891855 0.0496967 -0.00492755 -0.100761 0.102411 -0.0335417 0.154928 -0.0459334 -0.0327014 0.153826 0.0528978 0.0496878 0.0965449 0.232056 1.35382 0.390426 0.698285 0.055917 0.00246026 0.149294 -0.031702 -0.0516085 0.45539 -0.158163 -1.36651 0.203668 0.700688 -0.00684646 -0.0806983 0.0241507 -0.426866 -0.953342 0.0183786 -0.138119 1.06082 1.35655 0.16037 0.785577 -1.23646e-09 -1.26894 0.273798 -0.202602 -0.016097 -0.00745122 -0.335075 -0.706454 1.56752 -5.86338 -1.82836 1.79208 -2.95442 7.06402e-10 0.687377 -0.0870613 0.43103 0.454213 0.484403 0.00407585 0.311786 -1.06653e-09 -0.222884 0.636889 -0.255641 0.273718 -0.691547 7.33402 -0.277018 0.237546 -2.97818 8.51761 -1.2843 0.289819 -0.726929 2.21557 -0.42773 0.375754 -0.958366 -7.26543e-11 0.10148 0.208096 -0.506193 0.102347 5.42238e-10 0.0934738 -0.186537 0.12366 0.928379 7.99558 0.0455792 -0.115998 1.13732
67 6.69962 -0.00818108 -0.085238 0.0171087 0.123587 -0.0734565 8.03556 0.151225 -0.12974 0.016501 -0.100592 -0.0403801 0.298819 -0.0316852 -0.0279178 -0.00407452 -0.332002 0.0622022 0.0535307 0.0146579 -0.122798 0.161459 -0.00394313 0.599808 0.592799 0.054172 -0.0417011 0.0265201 -0.0619681 0.0526391 0.0043113 -0.101839 0.132375 -0.0178775 0.156067 -0.0709431 -0.0427822 0.15409 0.0432692 0.0500106 0.0949789 0.232489 1.36825 0.479054 0.682152 0.0686074 -0.0243775 0.151353 -0.0506895 -0.0530078 0.468745 -0.166004 -1.37721 0.200301 0.70026 0.00360015 -0.0926899 -0.678406 -0.0977114 -0.787666 0.0601408 -0.218881 1.193 2.27464 0.0838624 0.448796 -2.37355e-10 -1.50736 0.0388214 -0.217485 -1.55525 -2.32386 0.13294 -0.00356813 1.10828 -2.69079 -0.731031 -3.02201 0.766269 -0.0300599 0.173568 0.0885407 0.428437 0.278924 0.775996 -0.00429756 0.309268 -1.04136e-09 -0.250469 0.189217 -0.00136754 0.403084 0.100561 5.11157e-09 -0.678243 1.92252e-10 0.133207 0.96188 0.539501 0.27962 -1.2418 1.51643 -0.588526 9.91404e-10 -2.6227e-10 -3.1385e-10 0.0328723 -0.171243 -0.329195 -0.0827176 4.75694e-10 0.30474 -0.45499 0.125227 0.923591 8.03365 0.0461411 -0.160994 1.1471
68 6.73296 -0.0270247 -0.0966703 -0.0112234 0.122499 -0.0818453 8.07712 0.224745 -0.115806 0.0368353 -0.100592 -0.0925173 0.297782 -0.0313847 0.0381723 0.067251 -0.327692 0.0814668 0.0885594 -0.0216678 -0.242567 0.0177769 0.0575564 0.604148 0.60123 0.0508062 -0.0217754 0.0392806 -0.0406201 0.0466812 0.0116341 -0.10082 0.147569 -0.0050542 0.161874 -0.0927764 -0.0435107 0.153922 0.0501075 0.0505397 0.0754437 0.22308 1.39245 0.503588 0.653278 0.0637711 -0.00950395 0.151576 -0.042048 -0.0523502 0.471013 -0.157086 -1.38979 0.217643 0.701237 0.0165081 -0.0706304 -0.333582 -0.48075 -0.787564 0.103427 -0.312644 1.26821 1.98411 0.427359 0.363677 -3.21515e-10 -1.57303 0.115251 -0.179681 0.0055394 0.00757161 0.057532 0.476353 1.00112 -0.380598 -2.63476 -5.10076 2.55861 3.12128e-11 7.73617e-11 -0.411974 0.616054 0.383417 0.514302 -0.146183 0.185485 -1.46716e-09 0.335902 0.408188 0.0906704 -0.601877 -0.0181163 6.95325e-09 1.23615e-10 3.73382e-10 0.326309 0.382381 0.511156 -0.152417 -0.930444 -0.259176 0.239754 1.45302e-09 0.574016 -4.08949e-10 0.0973021 -0.0512964 -0.306685 0.11365 3.23458e-11 -0.152529 0.514997 0.126818 0.916583 8.07179 0.0479477 -0.246158 1.13934
69 6.76629 -0.0340709 -0.101248 -0.0213048 0.123363 -0.0908522 8.1198 0.263538 -0.0979068 0.0372099 -0.0604378 -0.16321 0.284736 -0.0320837 0.0376645 0.0663795 -0.330346 0.0880936 0.0919501 -0.00996148 -0.236101 -0.0209487 0.004017 0.592268 0.600803 0.0363176 -0.013614 0.0395691 -0.0284547 0.0509345 0.0125637 -0.103093 0.156095 0.0123793 0.172898 -0.109855 -0.055988 0.153922 0.0501075 0.0505397 0.0869361 0.230831 1.40445 0.50158 0.650066 0.0665709 -0.00915756 0.152009 -0.025027 -0.0510531 0.439949 -0.155874 -1.39738 0.194756 0.687588 0.0197018 -0.0765175 -0.138815 0.0715012 -0.167513 0.187709 -0.32323 1.27574 0.956048 0.368511 -0.203004 1.454 -2.01316 -0.493872 -0.378384 -0.203267 -0.287213 0.027379 0.00181048 -0.232583 0.548287 -0.163335 0.190452 -1.88702 0.235934 2.6748e-10 -0.55335 0.283079 -0.0512022 0.343289 0.0538195 0.00248275 -1.81094e-09 0.278752 0.390506 0.187567 -0.497419 -0.217038 8.52022e-09 5.61045e-10 6.3021e-10 0.231647 -0.331213 0.268083 0.059139 0.112491 0.286456 0.131557 4.22955e-09 0.164404 -5.97898e-10 -0.165075 -0.196987 0.136527 0.0233462 -0.0395822 0.416951 -0.246648 0.128561 0.908217 8.11018 0.0562655 -0.267359 1.15411
70 6.79962 -0.0409973 -0.103524 -0.036139 0.124953 -0.0992139 8.16329 0.272291 -0.0930003 0.0403848 0.0334891 -0.207533 0.284897 -0.0538486 0.0866917 -0.0147621 -0.327755 0.0886149 0.0928515 0.0388127 -0.197465 -0.0169923 -0.0351689 0.597785 0.600628 0.0213133 -0.00609077 0.0442073 -0.0183232 0.0550539 0.0150791 -0.102239 0.135937 0.0219733 0.181473 -0.0971961 -0.056086 0.153922 0.0501075 0.0505397 0.0828747 0.236669 1.40974 0.450615 0.643818 0.0656278 0.00740739 0.151913 -0.0288198 -0.0513424 0.422212 -0.160083 -1.39538 0.173597 0.670816 0.0319388 -0.0725859 -0.24983 0.0202356 -0.484311 0.1873 -0.27619 1.32889 0.203503 0.0128758 0.295063 2.94689 2.40021 2.25143 -6.01465 -7.0827 -13.9502 0.423511 -0.0291148 0.0130157 1.43591 0.739364 0.38842 -0.840735 0.255948 3.0677e-10 -0.579351 0.264784 0.0181898 0.358551 0.0912085 0.258914 -1.87725e-09 -0.741386 0.177779 0.213792 0.490322 0.0138238 8.57326e-09 8.93337e-10 7.72415e-10 0.105064 -0.370707 0.0367946 -0.71364 0.584972 -1.30486 0.529815 4.20543e-09 -0.534351 -5.54005e-10 -0.0388416 0.0461733 0.268128 -0.0239925 -0.109932 0.553122 -0.267341 0.130531 0.899856 8.14926 0.0668205 -0.229665 1.1874
71 6.83296 -0.0430309 -0.107533 -0.0635347 0.126379 -0.105449 8.20851 0.236218 -0.122406 0.046671 0.196079 -0.169434 0.303964 -0.0463253 -0.0959446 -0.19826 -0.309616 0.0856502 0.103742 0.0740521 -0.173725 -0.00213202 -0.0231686 0.600842 0.600172 0.000470782 -0.00239197 0.0561127 -0.0113074 0.0575339 0.0222651 -0.101365 0.102357 0.0302857 0.189706 -0.069311 -0.0492413 0.15391 0.0506046 0.0505781 0.0842944 0.248088 1.40356 0.366258 0.647959 0.0407568 0.0217625 0.151724 -0.0362594 -0.0519093 0.40587 -0.166531 -1.38893 0.141613 0.658091 0.0458919 -0.0833821 -0.225892 0.241849 -0.817631 0.203609 -0.214666 1.39146 -0.958348 -0.939253 0.418146 4.86158 2.0022 0.822897 -0.703916 -3.90858 -5.56271 0.829282 -0.206942 0.203379 0.823303 0.474461 0.550689 0.33639 3.00011e-10 2.0309e-10 -0.610418 0.0395907 0.230287 0.22594 0.0993629 0.313542 -2.36026e-09 -0.709714 0.243304 0.225252 0.468569 0.0677883 8.99137e-09 9.20903e-10 8.05579e-10 -0.188219 -0.936576 -0.141255 -0.534189 1.54617 -1.74262 0.818742 3.77665e-09 -0.835054 -4.66815e-10 -0.0998725 0.23214 0.378194 -0.0404373 -0.0657242 0.67099 -0.480034 0.132561 0.893131 8.19013 0.063905 -0.17307 1.25761
72 6.86629 -0.0641421 -0.119785 -0.0985887 0.127776 -0.108933 8.25558 0.15386 -0.150584 0.0520344 0.44765 0.0383085 0.337952 -0.112037 -0.397713 -0.50851 -0.25764 0.0921879 0.125018 0.0901094 -0.0145353 -0.0429259 0.0120673 0.428226 0.377673 -6.29151e-05 0.00309653 0.0688288 -0.00449208 0.0563482 0.0324294 -0.100389 0.0982024 0.049272 0.202868 -0.0715339 -0.0511213 0.153898 0.051065 0.0506138 0.0719312 0.257941 1.39652 0.249072 0.649661 0.0093834 0.0244975 0.151741 -0.0515058 -0.0530509 0.427703 -0.168958 -1.37381 0.158995 0.670572 0.0500383 -0.0675438 -1.05058 0.0941049 -0.767993 0.243512 -0.155935 1.43958 -2.34514 -0.554194 0.101644 7.37943 10.2056 1.50976 0.949438 -12.3428 16.1545 1.72275 0.397212 0.574116 0.629559 6.83268 -4.32352 -0.130501 -6.80551 -7.59859 0.121072 0.0198888 0.114601 0.42319 -0.040815 0.307547 -2.12991e-09 0.119878 0.521476 0.503448 -0.407399 -0.0355736 7.24909e-09 8.35827e-10 5.70232e-10 -0.497603 -1.00719 -0.192512 -0.516912 1.96478 -2.45351 1.03817 -0.00398768 -4.7936e-10 -2.4132e-10 -0.389276 -0.307443 0.533758 -0.0672691 0.702346 0.102201 -0.405777 0.134691 0.889034 8.23435 0.0674504 -0.0852849 1.37327
73 6.89962 -0.0820128 -0.128184 -0.111657 0.130256 -0.11447 8.30332 0.0334763 -0.162281 0.0330216 0.719147 0.351388 0.339143 -0.0995876 -0.523454 -0.629524 -0.199902 0.10512 0.128161 0.0908699 0.203099 -0.119094 -0.000385639 0.0141855 0.0267542 -0.00664523 0.00224035 0.0564126 0.00543123 0.056908 0.0432333 -0.100309 0.0975336 0.0505638 0.216738 -0.0786936 -0.0270034 0.153885 0.0515915 0.0506545 0.129051 0.287057 1.37038 0.171635 0.657537 -0.00762815 0.0296176 0.135954 -0.0440395 -0.052924 0.445112 -0.157407 -1.35832 0.186118 0.683429 0.0391098 -0.0465024 -0.390872 0.730607 0.757278 0.242546 -0.240495 1.34624 -3.18316 -0.380795 -1.05015 6.21611 9.03797 -0.0602977 3.95032 -2.0496 -2.75415e-08 0.764972 0.336921 0.0816052 2.40022 -2.87439 -1.07111 -13.2855 -19.4785 -10.4891 0.0708639 -0.378576 -2.12742 -0.253991 0.022978 0.79499 -2.78526e-09 0.358665 7.71777e-11 0.538886 -0.588637 0.546899 1.99194e-09 1.20151e-09 1.28887e-09 -1.31119 -1.17789 0.344359 -1.0195 2.03487 -1.06726 -0.215161 -2.7431 0.0226101 -4.38682e-10 0.13078 2.25337 -0.258271 -0.176945 0.0624366 -0.522413 0.73516 0.137112 0.883797 8.28041 0.123417 -0.119693 1.35114
74 6.93296 -0.0905494 -0.0943474 -0.11698 0.13249 -0.107022 8.34608 -0.0476817 -0.144129 0.0430478 0.805693 0.814944 0.251831 0.0109914 -0.629628 -0.610427 -0.147927 0.141153 0.124335 0.102414 0.14576 -0.185811 0.0125447 0.0125296 0.0245054 0.00836077 0.0178649 0.0544796 -0.0186417 0.0462148 0.0326635 -0.101523 0.152666 0.0517756 0.229545 -0.131925 -0.0195502 0.153892 0.0513278 0.0506341 0.291663 0.357131 1.33527 0.0832442 0.643927 0.0303664 0.0148826 0.126202 -0.052618 -0.0537618 0.373148 -0.121992 -1.34792 0.196159 0.702801 0.0546657 -0.034575 0.0529486 1.37093 -0.606626 0.109421 0.216057 1.26687 -2.13823 0.413179 1.32026 0.77974 2.06065e-08 -5.61622 8.74642 2.95402 2.58282 2.18127 0.663321 0.643501 -1.8491 -0.28862 -2.07396 0.368726 -0.307004 -0.418706 0.0880179 0.516408 0.145994 -0.771601 -0.285885 0.0492755 -1.21705e-09 -0.572182 8.57975e-10 0.120919 0.911794 0.334089 6.91375e-09 1.07542e-09 6.88387e-10 0.0614223 -2.11877 0.664331 -0.762647 2.13709 -0.46699 0.490852 -0.704357 -4.79013e-10 -2.03437e-10 -2.84605 -0.417306 0.231243 0.409588 7.06332e-10 -0.478436 -0.49161 0.139501 0.890799 8.32248 0.0640637 0.282743 1.21397
75 6.96629 -0.054761 -0.0683382 -0.0935917 0.136867 -0.100671 8.38851 -0.149075 -0.13324 0.0250203 0.840951 0.685649 0.196082 0.00519445 -0.604679 -0.607189 -0.0657306 0.167551 0.083107 -0.0258925 0.135591 -0.224796 0.00794413 -0.0956122 -0.105028 -0.0277643 0.0550606 0.0428079 -0.038214 0.0208978 0.0013329 -0.103678 0.0278525 0.0539272 0.229174 -0.00968391 -0.00141252 0.15406 0.0213907 0.0230319 0.292136 0.297675 1.39982 0.0638008 0.701448 -0.0678082 0.0664678 0.153548 -0.0181222 -0.0503789 0.265214 -0.189822 -1.32643 0.0976911 0.657242 -0.0625582 -0.100398 1.2717 0.954659 0.801065 0.244265 0.0273551 1.24895 -2.69361 0.520786 -0.450621 0.0237921 -4.18171 -2.23772 0.857066 1.60971 -4.6892 2.21389 0.705002 -1.15818 -3.60556 0.322526 -1.48318 0.210915 -4.72135 -6.32932 -0.958589 0.795402 -0.410379 -0.820868 -0.604044 -0.957382 -2.67146e-09 -0.407034 -0.0404544 -0.322254 0.456443 0.683221 3.38095e-09 -1.47736 -1.30319 2.32159 -1.13612 2.24175 0.265009 1.27608e-09 -0.657176 0.70701 4.91619e-09 -0.190291 -2.49567e-10 0.634102 -0.598015 0.793246 -0.227791 -1.33848 -0.445975 -0.517081 0.142166 0.896534 8.36202 0.0943994 0.0679083 1.17785
76 6.99962 0.0121651 -0.0730743 -0.118497 0.137422 -0.0958105 8.423 -0.287672 -0.0578185 0.0930085 0.805539 0.283725 -0.0651511 0.118258 -0.423135 -0.480475 -0.0504676 0.168383 0.103375 -0.105837 0.147942 -0.221059 0.00193767 0.0540925 0.0464412 -0.0314353 0.0937664 0.0665117 -0.117725 0.0107232 -0.013673 -0.103265 0.0127497 0.054708 0.215744 0.0114402 0.0264523 0.154227 -0.050603 -0.00779532 0.305581 0.275467 1.4603 0.0403709 0.699959 -0.0405458 0.0861394 0.152697 -0.0515663 -0.0529501 0.367116 -0.211821 -1.29032 0.186938 0.689956 -0.121046 -0.0732047 1.73816 0.154804 -1.16085 0.00492407 0.185521 0.859818 -4.33143 1.25282 2.6966 -1.9725 -9.1186 -6.68744 5.56697 2.14746 3.43765 -0.978845 -0.166328 1.06045 -3.05617e-09 -0.504096 0.155848 -0.00960551 -0.419206 -0.568459 1.01249 0.541669 1.00544 -2.93699 -0.155754 -0.510412 -2.80064e-09 2.72604 8.55021e-10 -0.561921 -2.54998 1.56011 1.96794e-09 -1.8153 0.0264296 -0.794954 -0.597441 1.17005 0.118678 1.17482e-09 0.783409 -0.0349793 6.61855e-10 -0.791541 -4.91021e-11 -0.0856242 0.00218643 0.429198 0.383193 -0.842135 -2.02911 -0.0642003 0.144812 0.900568 8.40113 0.0720243 0.14562 1.1763
77 7.03296 0.0344172 -0.0841147 -0.119821 0.13856 -0.094745 8.45366 -0.39902 -0.046485 0.112853 0.725555 0.217574 -0.193794 0.135506 -0.469748 -0.496289 -0.0318803 0.165766 0.103641 -0.105837 0.102515 -0.204132 -0.00270298 0.0508231 0.0614552 -0.00651577 0.11287 0.0643567 -0.149602 -0.00868988 -0.0250717 -0.106608 0.144727 0.0513906 0.205235 -0.103759 0.0647702 0.153722 -0.0358125 0.0129091 0.259358 0.194411 1.47351 0.0414282 0.653604 -0.0238209 0.183302 0.15634 -0.0461457 -0.0523171 0.326307 -0.206139 -1.28056 0.250544 0.674027 -0.0698213 -0.122614 0.291401 -0.594275 0.161789 0.164385 -0.0821945 0.930183 -3.06202 0.00761539 0.200806 -2.18094 -1.3244 -2.24656 -0.124568 -1.83588 -1.32957 1.1481 -0.264174 -0.215489 -2.12316e-10 -1.30081 -0.331988 3.11456 -1.22716 2.84399 0.83791 0.262594 -0.110649 -0.460195 -0.299322 -0.236267 -2.78721e-09 3.52401 1.80534e-09 -0.112843 -2.82354 1.42627 5.5009e-09 0.799026 0.487931 0.396855 -0.665797 0.00825865 0.046874 -1.76098 -0.0192982 1.83769 3.77526e-09 0.375115 -2.02814e-10 -2.05576 -1.31398 0.138775 -0.0050104 -1.26302 -0.230185 -0.829579 0.147248 0.901147 8.44047 0.0697301 -0.122655 1.18454
78 7.06629 0.0503332 -0.0965566 -0.0982555 0.142573 -0.0975152 8.48541 -0.486387 -0.0526529 0.102064 0.609562 0.150529 -0.195683 0.0685207 -0.357366 -0.55544 -0.00392839 0.143169 0.0744464 -0.105837 0.0680398 -0.169568 0.0217817 0.0217575 0.0202813 -0.0203028 0.105019 0.0510243 -0.117055 -0.0202803 -0.0325987 -0.1059 0.111904 0.0503293 0.180648 -0.0758102 0.0577302 0.152485 0.0281568 0.051449 0.434704 0.205022 1.41569 0.202189 0.702012 0.00191626 0.0868307 0.159453 -0.0424184 -0.0520134 0.216539 -0.133326 -1.31103 0.350608 0.701421 -0.0239641 -0.0285545 0.304295 -0.335795 0.68665 0.248388 -0.0167195 0.928521 -2.14658 0.0693925 -0.274811 -3.7396 -1.06793 0.788304 -0.816719 1.77689 2.43627 1.07397 -0.796655 -0.87871 -1.324e-09 -1.16932 1.18168 0.406885 0.00294329 0.00468346 -0.0811314 -0.29537 -0.246966 0.919333 -0.18751 -0.260644 -2.58951e-09 0.698757 4.60007e-10 -0.619022 -1.00677 -0.183179 3.80576e-09 0.305856 3.41902e-10 0.721076 -0.192709 -0.0414636 0.596191 -0.102067 1.81313 -1.24404 3.8042e-09 0.839757 -2.21689e-10 -1.66681 -1.45323 -0.48252 0.965987 -0.81069 -1.00671 1.9901 0.149848 0.898721 8.47957 0.0819954 -0.0533543 1.15996
79 7.09962 0.0662791 -0.0885106 -0.0894454 0.146443 -0.0997092 8.5171 -0.507 -0.0506366 0.11052 0.367043 0.14224 -0.300214 0.0663487 -0.247956 -0.438965 0.0199366 0.116799 0.0590607 -0.105837 0.0297144 -0.150233 0.0303693 0.0216501 0.0202744 -0.0280995 0.0850814 0.0515414 -0.0916648 -0.0175884 -0.0346098 -0.106608 0.141871 0.0499437 0.157033 -0.109714 0.0457324 0.152777 0.0166 0.050564 0.440018 0.2132 1.41607 0.210693 0.669716 0.00738501 0.111822 0.159379 -0.045315 -0.0522453 0.177087 -0.1313 -1.32813 0.423113 0.69162 -0.0336882 -0.000315855 0.484208 0.508184 0.378934 0.21749 -0.019584 0.911789 -0.400014 0.282681 0.0315306 -7.56751 0.184178 -1.62635 1.06767 -3.72583 -0.0319787 0.656211 -0.662067 -0.595757 -1.59521e-09 -1.0835 0.197703 0.347649 0.00559823 0.0146228 0.0645457 -0.303204 -0.0110939 0.448461 -0.11925 -0.246119 -1.63825e-09 0.745637 1.47887e-10 -0.650382 -0.789955 -0.203188 4.52306e-09 -0.289159 4.17084e-10 0.3229 0.0605549 0.059278 0.0243987 -0.96314 0.0133643 0.291067 2.52529e-09 0.240015 -9.55882e-11 -0.302402 -1.70763 -0.27722 0.333123 -0.59878 -1.04243 0.605262 0.152618 0.896708 8.51748 0.0807352 -0.0788412 1.12268
80 7.13296 0.0587626 -0.0492976 -0.0684445 0.150844 -0.104401 8.5507 -0.467356 -0.0511501 0.0885564 0.0928956 0.160656 -0.260912 0.0387668 -0.318197 -0.42478 0.0680928 0.10134 0.0322031 -0.105837 -0.0113787 -0.173676 0.0376095 0.0221263 0.0212614 -0.00774756 0.0673192 0.0398503 -0.0743612 -0.0253649 -0.0377541 -0.106719 0.134474 0.0462015 0.137778 -0.112069 0.0399874 0.152947 0.00982292 0.0500446 0.443979 0.204424 1.41898 0.217237 0.650944 0.00771917 0.108446 0.159217 -0.0515957 -0.0527481 0.121998 -0.146482 -1.35183 0.459287 0.689493 -0.0366428 -0.00111414 -0.128845 1.24272 0.715234 0.21037 -0.0972457 1.04068 0.65589 -0.125686 -0.956284 -6.33603 0.477255 3.593 -1.53851 -4.7727 -0.280957 1.40736 -0.490828 -0.82342 -8.64283e-10 -1.25066 -0.772878 0.328023 0.00545553 0.0203941 0.352252 -0.451995 -0.312559 0.481165 -0.170326 -0.233799 -7.21287e-10 -0.428161 -0.000378188 -0.534987 0.130316 -0.364805 5.05539e-09 -0.142326 4.50178e-10 -0.15043 -0.338863 0.161122 -0.0237155 -0.727402 0.106419 -0.0760096 2.873e-09 -5.61175e-12 -1.56937e-10 -0.668264 -1.76493 -0.648714 -0.11528 -0.646095 -0.72703 0.622671 0.15501 0.89273 8.55468 0.0684824 -0.13273 1.11436
81 7.16629 0.0382828 -0.00979697 -0.0453488 0.155268 -0.111129 8.58762 -0.446701 -0.0632666 0.0609851 -0.0109155 0.0999371 -0.138222 0.00190175 -0.393348 -0.41686 0.135362 0.081124 0.00644914 -0.105837 -0.0579477 -0.193049 0.0444609 0.0227558 0.0226599 0.0129239 0.0472501 0.0280261 -0.0552745 -0.0359175 -0.0394505 -0.106018 0.0790176 0.0373478 0.128859 -0.0701071 0.0403887 0.152836 0.0142773 0.0512309 0.43892 0.190445 1.41533 0.204683 0.631543 -0.00566488 0.108529 0.159217 -0.0515957 -0.0527481 0.102673 -0.168603 -1.37283 0.503364 0.690885 -0.0545082 0.00358522 -0.560083 1.22654 0.553605 0.143525 -0.165709 1.15563 0.338044 -0.224341 -0.756928 -1.33815 -1.5573 3.22024 -1.17695 0.498981 0.572819 2.00936 -0.68959 -0.455623 -2.12536e-10 -1.42023 -0.555553 0.291637 0.00484139 0.0256623 0.350758 -0.705248 -0.270114 0.533362 -0.203935 0.0121036 -8.28872e-10 -0.881151 -0.255962 -0.194622 0.401943 -0.128809 4.94848e-09 0.303633 4.86309e-10 -0.108465 -0.572559 -0.142689 -0.0601881 -0.338503 -0.427597 0.0711791 4.31497e-09 -1.96245e-10 -3.30014e-10 0.26603 -0.999816 -0.526165 0.277209 -0.639809 -1.36271 0.638286 0.157054 0.887466 8.59169 0.0604887 -0.176919 1.10275
82 7.19962 0.0310697 0.027089 -0.0345771 0.158651 -0.116165 8.62626 -0.448362 -0.0720879 0.0446514 0.0118883 0.162587 -0.0485214 -0.0471535 -0.596125 -0.527478 0.182851 0.0639117 -0.00249643 -0.0934427 -0.0873879 -0.211637 0.0514601 0.00198727 0.104078 0.0109691 0.0259344 0.0267662 -0.0400897 -0.0420245 -0.0371758 -0.10543 0.0176538 0.024393 0.12561 -0.0158516 0.0439544 0.152659 0.021176 0.0517595 0.441387 0.17535 1.40361 0.197655 0.639743 -0.0307109 0.0922615 0.159217 -0.0515957 -0.0527481 0.101271 -0.210026 -1.38454 0.49815 0.676714 -0.0797415 -0.00181543 0.0126973 0.952013 -0.0199819 0.0624492 -0.00171017 1.16812 0.0629295 -0.679006 -0.59831 1.46454 3.04094 6.84822 7.01582 -31.5293 -9.99614 1.15344 -0.419834 0.156298 0.249333 0.316428 -0.45175 0.242845 -1.59171 -2.16795 -0.254363 -0.653126 0.322791 0.238226 -0.114627 0.0348874 -1.92204e-09 -2.02361 -0.490016 -0.0814322 1.88531 0.0812 4.14526e-09 0.17726 6.72284e-10 -0.403892 -0.311803 -0.396397 -0.33006 0.91617 -0.47566 -0.15416 7.51414e-09 -8.10915e-10 -9.27628e-10 0.707197 -0.701733 -0.304247 -0.239352 0.0481531 0.134571 -0.157292 0.158529 0.883171 8.62776 0.0251252 -0.0366982 1.0521
83 7.23296 0.0374062 0.0456436 -0.0248677 0.161617 -0.111576 8.66411 -0.459301 -0.0733606 0.022344 0.0914319 0.212111 -0.0618014 -0.0321906 -0.641257 -0.600201 0.192913 0.0579947 -0.01233 -0.0544265 -0.00811845 -0.219526 0.0732096 -0.120768 -0.0630523 0.00090476 0.0134333 0.0259505 -0.0356588 -0.0418598 -0.0350003 -0.105374 0.00810891 0.0166545 0.123892 0.00172384 0.0371734 0.152339 0.033588 0.0527094 0.412861 0.169334 1.39716 0.142141 0.632209 -0.0573953 0.0777172 0.159217 -0.0515957 -0.0527481 0.0996697 -0.256394 -1.38676 0.448188 0.674633 -0.0841846 -0.0284391 0.0694173 0.50472 0.286067 0.0238912 0.31742 1.15871 0.198814 0.0881165 -0.607639 2.03641 -0.763586 -0.416849 0.410524 -5.37539e-11 -1.83572e-10 0.0970584 -0.233679 -0.291578 1.52129 4.21112 -0.209485 0.444334 -5.31105 -7.22321 -0.340836 -0.340898 0.0319143 0.255021 -0.0545899 -0.010206 -2.26579e-09 -0.0181676 -0.155842 -0.0852349 0.268478 -0.304131 1.77691e-09 1.08878 5.09187e-10 -0.474821 -0.51794 -0.25949 -0.101284 1.01368 -1.29016 0.379451 7.84081e-09 -1.23507e-09 -9.49047e-10 0.877095 -0.391577 0.0489909 -0.427007 1.06151 0.856657 -0.932373 0.158992 0.887652 8.66304 0.01067 0.262872 1.07025
84 7.26629 0.0517105 0.0418944 -0.0227097 0.163707 -0.101929 8.70332 -0.463763 -0.0619066 0.0200233 0.156754 0.211046 -0.0633196 0.03892 -0.534924 -0.531858 0.167537 0.0608399 -0.0148725 0.0230975 0.123679 -0.214242 0.0680352 -0.297338 -0.279024 -0.01237 0.00450919 0.0361131 -0.0460693 -0.0256076 -0.0350086 -0.105437 -0.00257264 0.003382 0.133619 0.0199144 0.0437646 0.151838 0.0496593 0.0539389 0.378714 0.103311 1.38602 0.177912 0.700415 -0.0591999 0.0923567 0.159177 -0.0531671 -0.0528738 0.0990637 -0.315204 -1.37873 0.32635 0.628673 -0.0675761 -0.0978503 0.352038 -0.630794 -0.00990278 -0.028268 0.33499 1.20352 0.176735 0.517133 0.488965 1.50227 -0.0114018 -0.691018 2.02562 3.09413 2.06531 -0.707276 0.156411 0.0082973 2.35217 3.99295 0.399927 -1.86815 -5.86059 -5.95506 -0.326194 -0.277554 0.326971 -0.371614 0.333224 0.0880696 -2.47951e-09 -0.971307 -0.644866 0.255198 1.34963 0.493213 3.72e-10 -0.213346 1.44981e-10 -0.635603 0.0769586 -0.695118 0.237293 8.47477e-11 0.504049 -0.13424 7.84545e-09 -1.11214e-09 -6.85887e-10 1.1502 0.327548 0.269066 -0.909349 1.2606 1.95209 -1.83166 0.159356 0.896757 8.69964 0.0105128 0.256641 1.12077
85 7.29962 0.0505522 0.0529338 -0.00472767 0.164675 -0.0891164 8.7454 -0.411677 -0.0562442 0.00885988 0.16213 0.199782 -0.0870305 0.0283847 -0.45837 -0.470211 0.0768123 0.0795978 -0.0293965 0.216006 0.419632 -0.23029 0.129586 -0.472632 -0.674241 -0.0239621 -0.00710649 0.0268615 -0.0397874 -0.0277269 -0.0353932 -0.105407 -0.0061001 -0.00420057 0.133923 0.0249791 0.0422103 0.15236 0.0296867 0.0524132 0.401103 0.158127 1.36581 0.161144 0.691738 -0.0512593 0.0708466 0.159177 -0.0531671 -0.0528738 0.0938476 -0.310653 -1.37624 0.279467 0.670501 -0.0062319 -0.0781825 -0.429428 0.0885245 0.188915 -0.0920712 0.479117 1.30753 2.21047 0.347072 0.264766 0.18306 -0.369281 -0.661403 -0.148751 1.9381 1.64802 -2.91614 0.78331 0.0427592 7.128 6.28885 -1.08716 0.629387 0.476389 -5.63454e-07 -0.191693 0.0349687 -0.0326379 0.355721 -0.102645 0.0223804 -1.77815e-09 -0.733645 0.0808723 0.131507 0.729527 -0.473363 2.05669e-09 0.0663027 1.84019e-10 0.164655 0.203485 -0.324642 0.0923959 0.588917 -0.326728 -0.0509455 7.12966e-09 -6.9747e-10 -5.46561e-10 -0.766004 0.899291 0.0991644 0.304194 1.90149 1.50117 -0.159857 0.159584 0.908229 8.73933 0.00842906 0.383657 1.22684
86 7.33296 0.0159204 0.0973266 0.0197651 0.165276 -0.078376 8.78994 -0.275401 -0.0572476 -0.0139843 0.0923793 0.196186 -0.118667 -0.0259316 -0.183133 -0.211021 -0.0595065 0.0985977 -0.0413305 0.508896 0.734815 -0.173557 0.152209 -0.412972 -0.659606 -0.0129994 -0.0191103 0.0143105 -0.0210616 -0.0342643 -0.0399358 -0.10541 -0.0240859 -0.015536 0.143364 0.0397335 0.0337956 0.152531 0.0204599 0.0460295 0.411495 0.162378 1.36402 0.199908 0.702384 -0.0330023 0.0629336 0.15924 -0.0507116 -0.0526774 0.082389 -0.337982 -1.36514 0.182145 0.652576 0.0144098 -0.0610795 -1.0221 0.53648 0.328553 -0.10782 0.218887 1.33126 3.66571 0.154884 -0.446693 -1.3235 -3.05278 -0.572247 0.25878 19.8802 23.7569 -3.81026 0.59438 -0.344014 7.71069 5.53023 4.75528 -4.3697 2.26846 0.714659 0.144124 -0.111068 -0.0316587 0.691259 0.0185923 -0.0684848 -1.74381e-09 -1.53813 -0.297442 0.405659 1.55312 -0.458518 2.20531e-09 -0.322887 -0.413439 0.0672072 0.600467 -0.0181268 0.222995 -0.0181536 1.13084 -0.246735 5.83695e-09 -2.44122e-10 -2.12142e-10 -0.704785 0.500412 0.135612 -0.13463 1.03104 2.50552 -0.683201 0.159757 0.918123 8.78177 -0.00603339 0.200399 1.27913
87 7.36629 -0.021426 0.0697345 0.0141262 0.165399 -0.0739901 8.83245 -0.164577 -0.0509309 -0.000593866 0.0581532 0.130522 -0.0989712 -0.022304 0.0363532 0.0656196 -0.162248 0.118251 -0.0324872 0.730905 0.332478 0.0417149 -0.0662069 -0.0792166 -0.352364 0.0380805 -0.0246516 0.0300146 -0.0485524 -0.00644377 -0.0353948 -0.105405 -0.0392282 -0.0498542 0.164972 0.0662878 0.0670276 0.135844 -0.00427786 0.0515561 0.419993 0.237719 1.3418 0.107639 0.654399 -0.0495644 0.0111779 0.159739 -0.0310127 -0.0510298 0.0822726 -0.303027 -1.37894 0.156662 0.68264 -0.000484175 0.00367401 -0.786549 -1.84163 -0.507917 -0.0902606 0.108168 1.21591 2.6552 0.190198 0.734406 -0.85788 -0.820856 1.50742 -0.154916 -0.188697 -0.25708 -2.71839 0.966823 0.294832 4.1777 -6.64515 2.10133 0.196516 4.20027 4.66648 1.49151 -0.166388 0.580988 -1.11487 1.05272 0.303759 -1.55267e-09 -1.46696 -0.97777 0.652347 1.93048 0.818048 -1.87726 0.932182 1.38106 0.857612 -1.7835 -1.37641 -0.455828 1.13353 -3.1555 -0.727868 3.65754e-09 0.870381 -2.149e-10 0.469804 1.49356 -0.393587 0.173114 0.0225787 -0.201153 1.34866 0.159476 0.922729 8.82366 -0.0119046 0.129673 1.22643
88 7.39962 -0.0319566 0.0279954 0.0129737 0.166449 -0.069382 8.8749 -0.0757152 -0.0751721 0.00432426 0.00731505 0.0983968 -0.0285984 -0.0222869 -0.534257 -0.41321 -0.214239 0.11123 -0.0351894 0.693108 0.327349 0.15125 -0.0789233 0.0202422 -0.236785 0.0384779 -0.0206988 0.0382713 -0.0509259 0.0087295 -0.0316573 -0.101198 -0.0170845 -0.0543229 0.162544 0.0566925 0.0635785 0.0970334 0.0183718 0.0533906 0.46368 0.201047 1.31607 0.17928 0.699906 0.036966 0.0462258 0.137518 -0.0050698 -0.0507639 0.220094 -0.358929 -1.35672 0.0889812 0.646242 0.0403487 -0.0495613 -0.00518685 -0.864277 0.039358 -0.0112027 0.0690737 1.25593 2.10461 -0.594085 -0.126891 -1.13316 -0.990258 1.4467 0.0211581 -19.6061 -14.757 -1.5363 -0.254318 0.0384074 -2.68427 -0.58576 2.33055 -0.43122 3.52785 4.20741 -0.346785 0.00334211 0.216916 0.0197318 0.471864 -0.00478296 -7.23191e-10 -0.519906 -2.17624e-10 -0.173558 0.723132 -0.33584 -2.36609 -1.0631 5.99854e-11 0.108962 -1.21822 0.0883529 0.745428 -0.0155286 2.87108 -0.233127 -3.53238 -0.922793 -9.45058e-11 2.6094 5.41427 -1.48744 0.00366029 0.475866 2.22618 -1.59984 0.159796 0.926309 8.86405 0.0225277 0.0715131 1.21218
89 7.43296 -0.0122357 0.0143185 0.013039 0.165635 -0.0676914 8.9138 -0.0080498 -0.0813596 0.0064468 -0.0693544 0.10664 0.00986148 -0.0481651 -0.309824 0.0140486 -0.314716 0.101872 -0.0154337 0.654581 0.1621 0.157075 -0.11266 0.0910302 -0.166091 0.0165112 -0.0287172 0.0334615 -0.0564592 0.0115985 -0.0211221 -0.100676 0.00267291 -0.0489513 0.157678 0.0521896 0.0483994 0.162007 0.0258374 0.0370822 0.255343 0.173995 1.35207 0.201997 0.677941 0.0292773 0.0426062 0.156855 -0.0518665 -0.0511712 0.278975 -0.282979 -1.35443 0.155071 0.706738 0.0357284 -0.0911497 0.547328 -0.782155 -0.238217 -0.0627804 -0.004715 1.11116 2.00584 0.0645356 0.278726 -2.30417 -0.257383 0.705661 -0.0192422 13.3112 -0.000149113 -3.27995 0.0601298 1.02716 -0.714963 -4.56406 -3.0942 2.70221 1.52418 1.17871 -0.36711 0.137099 0.140588 -0.168786 -0.0129522 0.185981 -2.12073e-09 1.71032 0.589911 -0.17619 -1.5099 -0.937104 5.74931e-09 -0.309582 -0.210965 -0.934725 1.75288 0.251114 0.307069 -0.542023 -0.043288 0.109917 4.41492e-09 -3.95465e-11 -7.029e-11 -0.301645 1.65859 -0.672199 0.323866 3.44623e-10 -1.06187 -0.552652 0.160965 0.927771 8.90382 0.0452675 0.021443 1.17938
90 7.46629 0.00726476 -0.0191093 0.00895721 0.164438 -0.0679854 8.94962 0.0325435 -0.0843238 0.0121107 -0.104654 0.0808379 0.0460436 -0.0439899 0.00858096 0.0161603 -0.405024 0.0959347 0.019713 0.566916 0.0865409 0.119305 -0.0759308 0.144634 -0.105236 0.00420147 -0.0259828 0.0311238 -0.0559787 0.0154722 -0.013198 -0.101799 0.0369217 -0.0395054 0.143424 0.0259489 0.0265264 0.16204 0.0317508 0.0522761 0.241216 0.206652 1.33564 0.252234 0.683911 0.0772054 0.0230111 0.14196 -0.0514742 -0.0515467 0.348615 -0.221691 -1.36664 0.193742 0.690238 -0.00774042 -0.0792068 0.191297 -1.01365 -0.176365 -0.0070689 -0.0222635 1.06164 1.04017 -0.104738 0.10224 -9.93095e-10 -1.26007 1.06744 0.030628 0.00178481 0.00246507 -2.22055 -0.466231 0.946589 -3.07839 -1.26738 -0.95098 1.71088 1.93116 2.11334 -0.0204873 0.0156127 -0.0352585 0.207141 0.113025 0.260732 -1.04019e-09 0.838756 0.49507 -0.496708 -0.735864 -0.834568 1.03984e-09 0.301124 2.05672e-10 0.13592 1.61478 -0.111662 0.338449 -1.1403 1.00837 -1.04808 -1.36003 -1.87303e-10 -1.89437e-10 1.2594 2.60795 -1.14508 -0.128064 -1.24412 -1.29275 1.27956 0.16275 0.927721 8.9433 0.0562752 -0.0101599 1.19308
91 7.49962 0.00851022 -0.0623248 0.000268572 0.164049 -0.0698618 8.98711 0.0753674 -0.0845388 0.0152575 -0.104654 0.028236 0.088546 -0.0169877 0.0213294 0.0350895 -0.426681 0.0889063 0.0617143 0.384622 0.00368293 0.131568 -0.0938514 0.206568 -0.0357513 0.00177827 -0.018116 0.0352692 -0.0461854 0.0180087 -0.00688485 -0.100601 0.0789514 -0.0234755 0.137227 -0.00147353 -0.00538829 0.160482 0.0505124 0.0538109 0.193482 0.206978 1.35066 0.312489 0.685827 0.07282 0.0244425 0.141375 -0.0503258 -0.0514868 0.41838 -0.203085 -1.37962 0.211238 0.682772 -0.00194146 -0.0826735 0.0582664 -1.10005 -0.386592 0.0581412 -0.0815094 1.14053 1.29736 0.0102924 0.138012 -6.67684e-10 -1.57422 1.07379 0.598863 0.110712 0.941778 -0.664808 -0.42503 1.23317 -5.11969 -2.30956 -1.09329 0.653769 1.80453 1.92012 -0.0743066 0.14975 0.207783 0.203107 0.0623169 0.228347 -1.07602e-09 0.865337 0.522384 -0.154053 -0.607963 -0.86265 2.64803e-09 -0.177166 1.50118e-10 -0.49932 1.74938 0.345183 0.221266 -0.857072 0.733426 -0.533952 0.703594 0.0602448 -2.78644e-10 0.238584 0.38494 -0.686184 -0.0741234 0.163028 0.157873 -0.420992 0.164765 0.926202 8.98305 0.0601463 -0.0670521 1.19452
92 7.53296 -0.00160182 -0.101689 -0.015962 0.163698 -0.0742792 9.02754 0.134074 -0.0798398 0.0226823 -0.104654 -0.0197523 0.123596 -0.00846724 -0.0778031 -0.0793196 -0.397027 0.0844917 0.106527 0.162947 -0.00924887 0.102473 -0.0308724 0.228934 -0.00632893 0.00554187 -0.0126425 0.0433351 -0.0350953 0.0246579 0.0017537 -0.100706 0.128319 -0.0052062 0.141269 -0.0410709 -0.031773 0.160312 0.0433418 0.0532431 0.142406 0.197355 1.38314 0.391822 0.689078 0.0527236 -0.00898318 0.15124 -0.0485648 -0.0510918 0.471165 -0.201406 -1.39497 0.218414 0.686829 0.0148531 -0.0859211 -0.174427 -0.951297 -0.597466 0.113413 -0.171668 1.22065 1.66133 0.180229 0.250265 -3.74751e-10 -1.46171 0.793218 0.125899 -0.856474 -0.68412 0.426655 -0.401695 1.29184 -5.30116 -0.024126 -1.14786 1.39644 0.707563 1.02055 0.0057727 -0.01145 0.304081 0.207934 0.218006 0.307188 -1.4425e-09 0.763561 0.520704 0.0974685 -0.637007 -0.562665 4.90243e-09 -0.727346 2.81832e-10 -0.42384 1.56309 0.753672 0.335378 -1.49579 1.0852 -1.19519 3.20793e-09 0.128522 -3.82316e-10 0.389312 0.842535 -0.931956 -0.089805 0.440239 0.178591 -0.287486 0.166882 0.922552 9.02291 0.060559 -0.13496 1.19702
93 7.56629 -0.0186775 -0.132152 -0.0331751 0.163756 -0.0811615 9.07064 0.204199 -0.0740491 0.0266422 -0.104654 -0.0748094 0.148465 0.00137991 -0.137617 -0.127526 -0.362923 0.0824801 0.140939 0.0271941 -0.0793521 0.0745454 -0.0130382 0.253792 0.0309289 0.00917936 -0.00546802 0.05132 -0.0219919 0.0293052 0.00797434 -0.10088 0.186132 0.0175544 0.149444 -0.0905963 -0.0563889 0.160182 0.0482822 0.053641 0.129814 0.198687 1.40356 0.450805 0.66522 0.0678671 -0.0201905 0.151518 -0.0373951 -0.0502426 0.482378 -0.176945 -1.41252 0.209741 0.700689 0.0192418 -0.090004 -0.351121 -0.717251 -0.451092 0.190975 -0.254909 1.30211 1.96203 0.177359 -0.038846 -9.99462e-11 -1.60422 0.548281 0.178997 -0.133935 0.411908 0.604329 -0.213716 0.756385 -2.61119 -1.56809 -0.860769 -0.067816 0.325859 0.720482 -0.113968 0.245874 0.188255 0.310244 0.111522 0.18616 -1.19137e-09 1.00747 0.608511 0.150756 -0.861126 -0.480882 6.85295e-09 -0.215472 4.42459e-10 0.170038 0.769913 0.450117 0.298307 -0.908905 1.0989 -0.126338 5.19782e-09 0.574242 -5.69865e-10 0.0381439 0.503173 -0.362677 -0.0627281 2.39164e-10 0.18264 -0.203249 0.168989 0.91688 9.06293 0.0611192 -0.198048 1.20339
94 7.59962 -0.0312908 -0.146292 -0.0465496 0.164663 -0.090361 9.1157 0.267184 -0.0659262 0.0257079 -0.0938773 -0.135102 0.156147 0.0102211 0.0340651 0.0673695 -0.350611 0.0854306 0.153755 0.00395079 -0.172725 0.0437343 -0.0252204 0.267433 0.0549514 0.00327734 0.00329966 0.0560001 -0.0110931 0.032218 0.0120527 -0.101359 0.227073 0.0402424 0.161891 -0.128757 -0.0766283 0.160125 0.0504421 0.0538148 0.12133 0.195648 1.41752 0.482788 0.657981 0.0698408 -0.012085 0.152033 -0.0174099 -0.0498822 0.483028 -0.156796 -1.40923 0.213748 0.701015 0.0230414 -0.0802897 -0.215817 -0.289531 -0.351641 0.252965 -0.349442 1.34419 1.57738 0.169167 -0.146427 0.619403 -1.99573 0.139567 0.123699 0.00255259 10.5666 0.266921 -0.0102069 0.160792 -0.0236386 -1.9129 -0.741224 -0.580659 0.254099 0.510916 -0.414335 0.319872 0.134497 0.283649 0.0385121 0.0941018 -1.29042e-09 0.712325 0.588213 0.262528 -0.683369 -0.364681 8.08106e-09 1.51189e-10 5.72165e-10 -0.0333291 0.148647 0.207215 0.280155 -0.375126 0.524702 0.00742284 5.46717e-09 0.853075 -5.63738e-10 -0.124034 0.22949 0.321092 0.0384625 7.53153e-11 0.105315 0.221973 0.171096 0.908719 9.10328 0.0628648 -0.28991 1.21537
95 7.63296 -0.0395957 -0.156442 -0.0544733 0.166922 -0.101791 9.16217 0.305876 -0.0624745 0.0158763 -0.0439525 -0.21187 0.164629 0.0201421 0.0310397 0.0631667 -0.332512 0.0856791 0.14837 0.0166546 -0.202391 0.0305952 -0.0407665 0.277792 0.0694803 -0.0075119 0.0110699 0.0565656 -0.00475257 0.0355065 0.0158319 -0.10035 0.234848 0.0503463 0.172986 -0.140742 -0.0796362 0.160125 0.0504421 0.0538148 0.112129 0.18862 1.4216 0.492992 0.660696 0.0692045 -0.000671353 0.152585 0.00418239 -0.0501165 0.471468 -0.145392 -1.39541 0.208876 0.693452 0.0290396 -0.0641963 -0.129105 -0.218446 -0.289314 0.320922 -0.415252 1.36939 1.12148 0.0167768 -0.281551 1.34758 -1.98949 0.229171 0.159517 -0.343091 -0.47543 0.645539 -0.070348 -0.225556 0.519465 -0.620099 -0.271435 -0.464819 0.433849 0.44647 -0.474389 0.205631 0.0837002 0.140838 0.0421592 0.151325 -1.5607e-09 0.403826 4.95475e-10 0.397718 -0.454879 0.35635 8.472e-09 3.52597e-10 6.01519e-10 -0.179715 -0.118891 -0.110873 0.1431 -0.00495906 0.0648336 0.0758561 3.66373e-09 0.47639 -4.5096e-10 -0.190346 0.126393 0.438954 -0.0565813 -0.0624551 0.426086 0.154503 0.1734 0.897709 9.14409 0.074195 -0.362142 1.22501
96 7.66629 -0.0534196 -0.167095 -0.0793265 0.169488 -0.113462 9.21004 0.318074 -0.0704424 0.0169429 0.0663535 -0.256576 0.189599 0.0247966 0.0625034 -0.0141704 -0.299861 0.0910098 0.153491 0.0568332 -0.156709 0.0228662 -0.0476092 0.287891 0.0800275 -0.0152033 0.0115479 0.0693988 0.00240434 0.0420636 0.0256993 -0.102481 0.205419 0.052135 0.193013 -0.123986 -0.0650126 0.160126 0.0504315 0.0538139 0.0793692 0.189334 1.41888 0.435455 0.648413 0.0620127 0.000859884 0.152274 -0.00776351 -0.0517852 0.452393 -0.131898 -1.38908 0.175177 0.669594 0.0442029 -0.0541803 -0.569099 -0.0344685 -0.781689 0.356742 -0.395928 1.44167 0.349194 -0.302935 0.152285 3.5991 -0.261455 0.609795 0.0377284 -2.85093 -3.8713 1.28209 -0.00148202 0.10647 1.25966 0.943355 0.0966307 0.0959774 0.545846 0.444686 -0.335834 -0.0810016 0.367872 0.264168 0.202483 0.36442 -1.57052e-09 -1.05465 4.68792e-10 0.453712 0.57534 0.323944 7.61055e-09 5.92773e-10 6.79786e-10 -0.0708683 -0.124294 -0.406769 -0.770331 0.18551 -1.6918 0.272818 1.71344e-09 -1.08866 -4.00479e-10 -0.0163023 0.611159 0.240651 -0.131192 -0.0287232 1.00738 -0.578105 0.175998 0.885695 9.18597 0.0829129 -0.347364 1.28192
97 7.69962 -0.0704371 -0.162488 -0.108457 0.17202 -0.122527 9.25836 0.275583 -0.100225 0.0169466 0.272247 -0.186601 0.232706 -0.00587299 -0.15662 -0.296054 -0.262338 0.100708 0.171329 0.0651315 0.208191 -0.0286116 -0.0486396 -0.00443577 -0.205728 -0.0184832 0.00887534 0.0765137 0.00551426 0.0442229 0.0415559 -0.101515 0.171071 0.0538601 0.212831 -0.105507 -0.0466365 0.16012 0.050649 0.0538315 0.0556662 0.20218 1.40516 0.334639 0.640631 0.0308886 0.0035394 0.150833 -0.0424937 -0.0544262 0.444128 -0.125183 -1.37668 0.141199 0.67208 0.0681716 -0.0779382 -0.820538 0.575003 -0.674169 0.366899 -0.362287 1.44627 -1.07496 -0.734681 0.156974 6.17626 2.85677 0.454897 -0.434275 -5.00627 -7.08093 1.41445 0.0809759 0.407816 0.582598 9.22564 -1.39104 0.373456 -5.2262 -4.47379 -0.107371 -0.124311 0.0921435 0.269091 0.0939197 0.420046 -2.07061e-09 -0.658629 6.32763e-10 0.627605 0.186359 0.442901 7.97539e-09 7.18127e-10 5.5152e-10 -0.375299 -0.62613 -0.498291 -0.609283 1.46815 -2.00122 1.07504 7.45117e-10 -1.5241 -2.80186e-10 -0.283005 0.505591 0.48841 -0.020526 0.519575 0.807061 -0.858863 0.179366 0.875998 9.23044 0.112949 -0.294405 1.35818
98 7.73296 -0.0692532 -0.105532 -0.0934016 0.177366 -0.124372 9.30246 0.162127 -0.126634 -0.00792226 0.51979 0.0668037 0.217649 -0.0301557 -0.456035 -0.601515 -0.292689 0.0982612 0.135275 0.193425 0.176028 -0.0932743 -0.0267219 0.0235488 0.0475147 -0.0234519 -0.005037 0.0451645 -0.0067131 0.0324411 0.0448668 -0.101926 0.187321 0.050017 0.226243 -0.144479 -0.0379035 0.157927 0.0515584 0.0539468 0.0701733 0.213615 1.38987 0.237111 0.63114 -0.003686 0.0190813 0.152532 -0.0510929 -0.055009 0.414375 -0.154898 -1.34653 0.103301 0.700743 0.0841088 -0.0951822 -0.334489 1.82769 0.654675 0.321128 0.0136113 1.28622 -2.93307 0.0262671 -0.399897 6.56933 5.85003 -0.554415 -0.6014 1.1925 -2.38448e-07 0.10025 0.238164 -1.18015 3.07248 -2.87668 -1.75563 0.973815 -0.000130265 -0.000170641 -0.0731046 0.0654113 -0.606941 0.0881678 -0.294355 -0.371882 -2.03579e-09 1.68537 4.36062e-10 0.432419 -2.15112 0.369619 6.54942e-09 6.92498e-10 2.98686e-10 0.383785 -1.2111 -0.264682 -0.379262 2.00901 -1.66302 1.60852 7.25405e-10 -5.59506e-10 -2.19457e-10 0.742755 -0.893952 1.63028 0.475678 2.41904e-09 0.821826 -0.708903 0.183384 0.874612 9.27538 0.129176 0.0995793 1.31422
99 7.76629 -0.076247 -0.0801504 -0.0735809 0.18346 -0.117918 9.34332 0.0222756 -0.114362 -0.0340097 0.762676 0.408709 0.153379 -0.00945901 -0.407472 -0.578635 -0.236024 0.111373 0.1005 0.194445 0.123785 -0.124255 -0.0114672 0.0235419 0.0475066 -0.0207026 0.00558583 0.0294216 -0.00432027 0.0273347 0.0316002 -0.101496 0.154638 0.0468105 0.231888 -0.125318 -0.0330583 0.157942 0.0509963 0.0539022 0.130696 0.254898 1.37046 0.162109 0.652546 -0.0367238 0.0392304 0.151703 -0.0479785 -0.0547963 0.372846 -0.141353 -1.31869 0.171331 0.701591 0.0400018 -0.0465968 -0.170595 0.924238 0.37642 0.241715 0.156617 1.18865 -3.81907 0.187167 -0.105418 5.23467 8.27703 -3.13093 3.09459 1.79746 2.03602 2.22131 0.415005 -0.579176 -1.06993 -0.95613 -1.17815 0.521482 -0.000157419 -0.000182955 0.0643439 0.164389 -0.253906 0.148624 -0.0667934 -0.279431 -1.78568e-09 -1.21234 -0.244543 0.16311 0.860696 0.212687 4.38284e-09 5.74118e-10 2.19018e-10 -0.00804781 -1.05209 0.147834 -0.185433 2.12053 -1.51317 0.673256 3.45021e-09 0.336968 -1.4473e-10 -1.71695 -1.4384 0.838523 0.305397 -0.210124 -1.84818 1.12075 0.187156 0.881398 9.31779 0.106137 0.232633 1.24302
100 7.79962 -0.0686922 -0.0590496 -0.0961675 0.185943 -0.106891 9.38227 -0.0850062 -0.100398 0.000224786 0.820687 0.814151 0.0147103 -0.00679823 -0.613431 -0.595953 -0.156364 0.144956 0.116344 0.117449 0.110408 -0.176994 -0.00662804 0.0235354 0.0475006 -0.0260047 0.0144401 0.047194 -0.00940835 0.0183347 0.0326998 -0.101999 0.0998205 0.0533026 0.237871 -0.0774986 -0.0278595 0.157948 0.0507781 0.0538849 0.244965 0.301445 1.34735 0.122939 0.663468 -0.029952 0.00275493 0.152214 -0.0287905 -0.0533319 0.304909 -0.161463 -1.31494 0.176883 0.68585 0.0371477 -0.0291748 0.315289 0.78867 -1.08226 0.0779307 0.27346 1.18474 -2.597 0.0960468 1.50384 -0.068317 14.3295 -1.08425 2.19157 -1.55284e-08 0.0463006 2.52612 0.438193 1.17308 -3.06574 -0.0134933 -1.36749 0.0303596 -0.000124794 -0.000106195 -0.403189 0.106623 0.812506 0.0147893 -0.260121 0.172984 -1.08985 -3.059 3.36389e-10 1.1744 2.98841 -0.113879 5.70879e-09 2.96493e-10 4.13008e-10 0.0641746 -1.20631 0.334051 -0.3931 1.26831 0.0169605 -0.562485 1.52346e-09 0.827955 -1.91419e-10 -0.344191 -2.00717 0.463648 -0.461979 0.0892403 -0.301054 -0.056771 0.189712 0.891261 9.35788 0.0598586 0.303867 1.17367
101 7.83296 -0.0564505 -0.0541121 -0.0975892 0.188262 -0.0997451 9.4211 -0.181066 -0.0781829 0.00638089 0.851771 0.632102 0.0102906 -0.0037302 -0.582081 -0.603255 -0.0550818 0.159676 0.110234 -0.00421283 0.117398 -0.190438 -0.00880756 -0.0827362 -0.0986977 -0.0258387 0.040709 0.0467601 -0.0279987 0.00665284 0.0232488 -0.102146 -0.0172989 0.0590447 0.233437 0.0341984 -0.0180058 0.159166 0.00336743 0.0501117 0.208671 0.291583 1.37915 0.0401669 0.698967 -0.032125 0.0662137 0.152641 -0.0124542 -0.0520827 0.260143 -0.217354 -1.29623 0.131264 0.67471 -0.00420546 -0.116579 0.268923 0.31187 0.0862318 0.120735 0.066564 1.15657 -2.52754 0.839943 0.235787 0.48217 -5.65331 2.05657 1.31746 0.812763 -1.06682e-08 2.70526 0.280922 -0.0633091 -2.87295 -0.120514 -0.560838 -0.00128264 -3.73705 -5.28791 0.288071 0.652245 -0.0952469 -0.725872 -0.373173 -0.393893 -1.62627e-09 -1.4908 1.11316e-10 -0.197055 1.43767 0.206952 2.49956e-09 -0.873566 1.31185e-10 0.41431 -0.92652 0.794482 0.0816228 1.2804 -0.302721 0.618582 5.24492e-09 -0.692848 -2.36565e-10 0.556795 -0.513754 0.83425 0.138459 -0.89999 -0.0720798 -1.25879 0.191814 0.897648 9.39693 0.0657391 0.109839 1.17403
102 7.86629 0.00666071 -0.0729154 -0.0876944 0.190729 -0.0980747 9.45476 -0.343688 -0.0352697 0.0107072 0.847968 0.40534 0.000598488 0.0598186 -0.499569 -0.604085 -0.0412797 0.171061 0.0920942 -0.0685579 0.105772 -0.178606 -0.00838367 -0.00882317 -0.0723551 -0.0501822 0.0785804 0.050314 -0.0723029 0.000123661 -0.00732136 -0.102988 0.0115616 0.0575311 0.225166 0.0206829 0.00104165 0.160349 -0.0446548 0.0446208 0.235151 0.285321 1.41147 0.0264536 0.703126 0.00184504 0.103395 0.151662 -0.0495359 -0.0548456 0.302705 -0.193784 -1.26178 0.228523 0.694227 -0.0906363 -0.116827 1.65939 -0.917741 0.3613 0.137295 0.0203392 0.970221 -4.63582 1.29985 0.407159 -0.864522 -5.15184 0.615059 1.7268 2.37727 -3.85332e-08 0.713344 0.306493 -0.571903 -1.74873 -0.451066 0.778084 0.0330571 3.65254 1.96622 -0.241153 1.11944 0.0167166 -1.26227 -0.0818595 -0.931661 -2.69232e-09 1.1322 -0.0150601 -0.231344 -0.52473 0.623672 3.27424e-09 -1.00574 0.0376803 0.541925 -0.565889 1.01637 0.0895081 8.15656e-11 0.836963 0.254464 5.0418e-09 0.149336 -1.10145e-10 -0.375469 -0.26746 0.627834 0.825524 -1.16064 -2.64872 0.256092 0.194054 0.899226 9.4362 0.0655762 0.00548796 1.17989
103 7.89962 0.0565972 -0.109565 -0.0874582 0.191312 -0.0975365 9.48587 -0.493021 0.00521559 0.0393038 0.788081 0.254001 -0.0885232 0.13714 -0.467793 -0.510044 -0.0314669 0.162752 0.0891575 -0.100383 0.0796156 -0.130823 -0.00864618 0.0159896 -0.00822694 -0.0565682 0.113196 0.0540115 -0.105078 -0.0114514 -0.0251565 -0.106692 0.145042 0.0505705 0.214587 -0.0944453 0.0323953 0.160341 -0.0510892 0.0505042 0.252221 0.249559 1.43268 0.0558971 0.680068 0.00884477 0.174383 0.151791 -0.0447039 -0.0544772 0.272639 -0.184946 -1.2581 0.269356 0.655374 -0.0916116 -0.101169 0.821374 -1.09038 -0.141599 0.0937448 0.0647079 0.913218 -3.67224 0.76755 1.3485 -2.24069 -2.88942 -3.3935 2.9425 -1.08158 2.80983 0.504416 -0.514896 0.171566 -5.38697e-10 -1.25173 1.66949 0.0764054 0.0176261 7.90064 0.643349 0.798396 0.371488 -0.897185 -0.16142 -0.5562 -2.84064e-09 3.11505 8.28766e-10 -0.163762 -2.46758 1.11143 3.83579e-09 -5.20566e-11 1.61701e-10 0.910623 -0.483047 0.88797 0.0261259 -1.51671 0.874578 0.698634 3.86826e-09 0.0477763 -1.98203e-10 -0.481468 -0.872969 0.22459 -0.110002 -1.59309 -0.169041 0.610997 0.196017 0.899822 9.47575 0.0497308 0.0214202 1.19667
104 7.93296 0.0609438 -0.118253 -0.0814747 0.192612 -0.0989673 9.51957 -0.540892 -0.0143098 0.051828 0.613974 0.203656 -0.153875 0.098024 -0.416891 -0.452204 0.00961219 0.142446 0.079903 -0.100383 0.0354641 -0.100258 -0.00415766 0.0330704 0.0381632 -0.0507675 0.102701 0.0488652 -0.0841081 -0.0123894 -0.0279365 -0.106657 0.141808 0.0500034 0.188205 -0.0956356 0.0272142 0.158683 0.0107489 0.0554427 0.405267 0.231253 1.41935 0.21598 0.697284 0.0185811 0.0930716 0.156278 -0.0384222 -0.0538033 0.157564 -0.133981 -1.29575 0.337377 0.695856 -0.00942323 -0.0331984 0.0194164 -0.228943 0.454746 0.199325 -0.0146864 1.00765 -1.16006 -0.758216 -0.163053 -5.10739 -1.35374 -0.195321 -2.27742 2.99498 3.61992 1.41282 -0.547182 -0.532231 -9.00089e-10 -1.33631 0.761315 0.263466 0.0050806 0.023785 0.350374 -0.190421 -0.245849 0.619618 -0.071733 -0.173704 -2.25803e-09 0.707913 1.76763e-10 -0.630956 -0.932989 -0.110614 6.20631e-09 0.347782 4.02576e-10 0.814856 -0.44895 0.262065 0.158309 -1.02527 2.18519 -0.894162 4.37438e-09 1.08484 -1.46417e-10 -0.785719 -1.80146 -0.561391 0.392792 0.02311 0.0523145 1.61088 0.197573 0.898348 9.51566 0.0440186 -0.0718862 1.19315
105 7.96629 0.072189 -0.101005 -0.075877 0.194279 -0.101866 9.55436 -0.53365 -0.0220067 0.0617869 0.34078 0.197576 -0.236289 0.0754964 -0.331717 -0.371746 0.0411843 0.11762 0.0702633 -0.100383 -0.00756258 -0.0915171 0.000522501 0.0335799 0.0942839 -0.0512667 0.0803258 0.0464456 -0.0682353 -0.0101379 -0.0295977 -0.106961 0.14146 0.0457599 0.16511 -0.103157 0.0259621 0.158563 0.0150706 0.0557865 0.431989 0.22826 1.42589 0.219103 0.651997 0.0105695 0.111692 0.156278 -0.038322 -0.0536987 0.139687 -0.137676 -1.31553 0.409611 0.696635 -0.0268377 -0.0107733 0.386262 0.808509 0.331516 0.183475 -0.038216 1.02756 0.298575 0.0287539 -0.126133 -8.09396 0.31671 -0.102358 -0.301844 -4.07494 -1.56893 0.839795 -0.607522 -0.461427 -1.22099e-09 -1.2347 -0.19721 0.207019 0.00490603 0.00679051 0.179749 -0.322286 -0.0803123 0.172338 -0.17345 -0.307272 -1.85672e-09 -0.125141 -0.0794341 -0.648603 -0.0408349 -0.0563436 5.15774e-09 0.184468 4.72908e-10 0.264666 -0.577309 0.451296 -0.0190491 -0.791949 -0.331749 0.311553 3.52104e-09 0.326252 -8.48371e-11 0.194486 -1.41095 -0.497486 0.344781 -0.603635 -1.40957 0.79099 0.199038 0.895237 9.55485 0.03966 -0.112587 1.16727
106 7.99962 0.0567449 -0.0403166 -0.0633647 0.196364 -0.107019 9.59225 -0.457312 -0.0391727 0.0420298 0.050239 0.213985 -0.192185 0.119045 -0.245997 -0.30038 0.0994477 0.119771 0.0585071 -0.100383 -0.0530207 -0.153482 -0.000731017 0.0341421 0.0950547 -0.017605 0.0584819 0.041315 -0.0689813 -0.0163133 -0.0352212 -0.108018 0.115008 0.0240983 0.148416 -0.0921192 0.0495502 0.157172 0.0417369 0.057904 0.48251 0.187372 1.43932 0.251713 0.663722 0.0189284 0.0633465 0.155923 -0.0516824 -0.0547466 0.0753752 -0.137088 -1.35731 0.430694 0.687706 -0.0254542 -0.0258979 -0.338803 2.05634 0.421466 0.12372 -0.109927 1.17479 1.66795 -0.852489 -0.980226 -6.50421 0.821005 4.40396 -1.43031 3.49863 2.63687 1.60675 0.165186 -0.253753 -9.63572e-10 -1.37615 -2.25859 -0.070261 0.00446205 0.00625652 0.684193 -0.580335 -0.106256 -0.0764081 -0.113398 -0.324302 -1.93637e-09 -1.22602 -0.484498 -0.472926 0.87921 0.371749 2.38496e-09 0.359113 2.77566e-10 0.450296 -1.00767 0.915964 -0.13263 -0.0595182 0.440988 -0.818125 3.46613e-09 -3.22064e-10 -1.54431e-10 -0.370999 -1.56267 -1.09562 -0.0301759 -0.310894 0.0680775 -0.0185596 0.199895 0.890344 9.59343 0.0209244 -0.158772 1.15106
107 8.03296 0.0452533 0.0108487 -0.0464735 0.197669 -0.113581 9.63178 -0.440976 -0.0406005 0.0222319 -0.00181227 0.199562 -0.149074 -0.0494508 -0.341181 -0.415103 0.15755 0.109045 0.0474819 -0.100383 -0.0930446 -0.19366 -0.00229401 0.0275091 0.0860234 -0.00866159 0.0375145 0.0293396 -0.05349 -0.02921 -0.0357538 -0.10768 0.0325071 0.0145286 0.136524 -0.0281007 0.0560047 0.157365 0.0349635 0.0573688 0.445794 0.173693 1.45236 0.194912 0.675863 -0.00426131 0.112014 0.155923 -0.0516824 -0.0547466 0.126636 -0.176837 -1.36656 0.508437 0.697707 -0.0652395 9.23303e-06 -0.283988 1.33289 0.191642 0.036767 -0.101252 1.20936 0.346406 0.135012 -0.421553 0.875566 8.54341 4.73014 -1.77228 -37.5534 -19.411 1.63878 -0.396189 0.116713 -5.65531e-10 -0.783738 -0.944562 0.0176301 -0.586738 -0.799064 0.0368762 -0.805074 0.0446833 0.450781 -0.168325 -0.06772 -8.04073e-10 -1.49573 -0.0961575 -0.276176 0.806337 -0.300573 8.61239e-09 0.0256021 9.25309e-10 -0.797933 -0.243233 -0.078545 -0.235763 1.19002 -1.31198 0.680452 6.0862e-09 -2.4046e-10 -7.17578e-10 1.2552 -0.378748 -0.435892 0.598433 -0.501217 -2.75417 1.41726 0.200278 0.884857 9.63106 0.00470364 -0.14463 1.08795
108 8.06629 0.0423259 0.0342997 -0.0469523 0.198771 -0.114603 9.67101 -0.444326 -0.0424701 0.0129093 0.0765748 0.289619 -0.11262 0.00162842 -0.600005 -0.603121 0.20405 0.100095 0.0530224 -0.1002 -0.0715284 -0.206509 0.00354603 -0.0330735 0.0034949 -0.0117684 0.0269665 0.0386547 -0.0407301 -0.0318121 -0.0356442 -0.107616 0.0265739 0.015359 0.129276 -0.0188993 0.0405287 0.157314 0.0367519 0.0575102 0.417848 0.15981 1.44301 0.15664 0.66701 -0.0447053 0.0892332 0.155923 -0.0516824 -0.0547466 0.146204 -0.209178 -1.37696 0.528544 0.696213 -0.103894 -0.0112942 0.0513511 0.543366 -0.129536 -0.030122 0.131384 1.16583 0.071146 0.1785 -0.100121 2.11995 1.15995 -0.646243 0.486772 -1.62272e-08 -1.59484e-09 1.07861 -0.388621 0.350567 0.0530696 2.00577 -0.0975648 0.113771 -2.95835 -4.03024 -0.268948 -0.312062 0.270776 0.347488 -0.0215687 0.105175 -1.54753e-09 -0.667261 -0.101619 -0.191514 0.824477 -0.327961 6.91158e-09 0.587016 7.36128e-10 -0.537193 -0.464621 -0.549952 -0.0572894 0.257486 -1.15878 -0.0828144 9.40183e-09 -8.00521e-10 -9.6279e-10 0.760754 -0.388614 -0.230174 0.239581 0.262896 -0.334262 -0.150364 0.199499 0.884253 9.6667 -0.0321107 0.0894713 1.05791
109 8.09962 0.051484 0.0226221 -0.0552237 0.198615 -0.110576 9.7089 -0.475986 -0.0262252 0.0223707 0.197534 0.22496 -0.107865 0.0311422 -0.498138 -0.57723 0.211353 0.0760324 0.0590263 -0.057276 -0.00165582 -0.168225 0.0205404 -0.15015 -0.155826 -0.0092548 0.0245155 0.0505645 -0.0556487 -0.0178206 -0.0281401 -0.107791 0.0238298 0.00628539 0.133623 -0.00292325 0.0412275 0.156412 0.0501091 0.0585787 0.401223 0.111541 1.41675 0.18959 0.700341 -0.0681863 0.098499 0.155939 -0.0510746 -0.054699 0.103462 -0.237801 -1.39797 0.424146 0.640351 -0.1125 -0.0665986 0.128828 -0.725906 -0.188734 -0.0560099 0.194366 1.18113 -0.410975 0.443175 0.503757 3.09574 -1.99511 0.842555 1.19023 4.4532 1.45769 0.300442 -0.677568 0.130371 1.48483 2.80099 1.4712 0.308413 -4.19856 -5.70394 0.0733396 -0.161897 0.347728 -0.38794 0.290281 0.197802 -1.71944e-09 -1.53292 -0.588302 0.21019 2.09956 0.355995 -0.12839 3.23657e-11 1.65213e-10 -0.709746 -0.230467 -0.908963 0.133628 6.56118e-11 0.0687609 0.103847 7.29845e-09 -9.56107e-10 -8.06873e-10 1.05832 -0.261091 0.0245049 -1.47103 -0.489581 1.94511 -1.0548 0.198154 0.888557 9.7028 -0.0497324 0.141148 1.10087
110 8.13296 0.0594858 0.0128019 -0.0410152 0.198125 -0.100758 9.75018 -0.454742 -0.0266385 0.0127177 0.234941 0.175452 -0.089904 0.0146276 -0.21257 -0.307692 0.172205 0.078011 0.0455194 0.0547965 0.161529 -0.153082 0.0157778 -0.365445 -0.423481 -0.0257336 0.017395 0.0407173 -0.0532091 -0.0194711 -0.0249575 -0.107814 0.00633626 0.00213333 0.12949 0.0203387 0.0419244 0.156556 0.0450839 0.0581834 0.404304 0.152131 1.38556 0.152682 0.690431 -0.0589149 0.0826928 0.155939 -0.0510746 -0.054699 0.119842 -0.262504 -1.39096 0.361416 0.655242 -0.0362837 -0.0553484 0.273028 -0.629681 0.438256 -0.0602588 0.485942 1.25733 1.05849 0.0329506 -0.204635 0.25642 -0.40291 0.871099 -0.640553 6.5281 8.18662 -1.55543 0.202581 -0.590763 3.58138 7.20866 0.405569 0.30063 -6.8001 -9.41184 -0.643407 -0.0684398 -0.18427 0.118771 -0.0706658 0.000129289 -2.59681e-09 -0.170681 0.111989 -0.162518 0.253839 -0.325824 2.19318e-09 0.658305 3.86341e-10 -0.221023 -0.038123 -0.829993 0.0792815 0.931646 -0.676191 0.209917 7.48327e-09 -9.66117e-10 -8.33714e-10 -0.160045 0.792389 0.0241217 -0.298613 2.05924 1.79453 -0.685996 0.196334 0.897545 9.74084 -0.069918 0.380514 1.17799
111 8.16629 0.0518988 0.0117583 -0.0192372 0.196326 -0.0840442 9.79443 -0.372283 -0.0231198 -0.00407617 0.199302 0.170332 -0.0990921 0.00425406 -0.0808236 -0.160794 0.0687948 0.0910164 0.0298483 0.276683 0.443356 -0.162206 0.0708444 -0.368004 -0.610426 -0.0345905 0.0126187 0.027183 -0.0457158 -0.0198677 -0.0283605 -0.10784 0.00041367 -0.0031483 0.13261 0.0286987 0.0394526 0.156445 0.0489759 0.0584896 0.404559 0.161548 1.36644 0.162328 0.70257 -0.059398 0.0831788 0.155948 -0.0507376 -0.0546726 0.126365 -0.280016 -1.37814 0.271503 0.663766 -0.00743111 -0.0693969 -0.516812 -0.484167 0.579086 -0.123982 0.583493 1.36404 2.78048 0.480939 -0.128843 -0.883914 0.0509561 -0.911885 0.476674 0.439696 -0.43855 -2.81477 0.73451 -0.38618 6.5065 9.49307 -0.915691 0.751825 1.60762 -5.52621e-07 -0.1528 0.125932 -0.313645 0.319316 -0.0460071 -0.189138 -1.61661e-09 -0.334783 -0.0399972 0.177614 0.450905 -0.285071 1.88458e-09 0.159717 8.62987e-11 0.0404926 0.299973 -0.478504 0.116048 2.8075e-10 0.204167 0.00895499 5.56269e-09 -6.1451e-10 -4.28103e-10 -0.620514 0.999507 0.209149 -0.284424 1.8134 1.88674 -1.19336 0.193758 0.912709 9.7821 -0.0835108 0.482596 1.27468
112 8.19962 0.0171108 0.023908 -0.00792056 0.193598 -0.0718941 9.83856 -0.232824 -0.0345655 -0.0112559 0.116508 0.153489 -0.102358 -0.0180717 0.0181493 0.0224764 -0.0671599 0.0835695 0.0309246 0.589417 0.512851 -0.0499061 -0.0645024 -0.103704 -0.376321 0.0177944 -0.00540743 0.0286134 -0.0783853 -0.00128865 -0.0332256 -0.108565 0.0010196 -0.0367204 0.159335 0.039925 0.071924 0.0955631 0.0169511 0.0463792 0.47653 0.174353 1.36696 0.1432 0.70133 -0.026113 0.0877439 0.155961 -0.0502845 -0.054637 0.0979595 -0.261192 -1.37635 0.186345 0.701589 -0.0286016 -0.112074 -1.07162 -0.638495 0.276005 -0.0954325 0.253511 1.30382 3.85216 0.0237546 -0.276054 -2.07007 -0.790754 0.723951 1.35009 -1.04848 0.0385122 -3.46676 0.358466 -0.318365 8.33162 -1.10244 2.33477 -1.71165 8.14667 8.06825 1.74362 -0.0686262 0.0503478 -1.16716 0.632213 0.0159519 -1.1134e-09 -2.72651 -0.888277 1.16174 3.24827 0.428572 -1.59424 -0.0715994 -0.459651 0.925905 -1.05787 0.396849 -0.000778992 2.29127e-10 0.388098 0.220369 6.62999e-09 -5.21941e-11 -2.61737e-10 -0.387947 1.29364 0.133862 0.141077 1.62217 0.353111 -0.252509 0.190907 0.924465 9.82494 -0.0915566 0.249136 1.27704
113 8.23296 0.0255663 -0.00142143 0.0299722 0.193811 -0.0644579 9.88228 -0.14252 -0.0717689 -0.0560637 0.026799 0.154496 0.0406896 -0.025925 -0.0102266 -0.0505455 -0.165398 0.0830057 -0.0124591 0.677089 0.344699 0.120317 -0.129813 -0.0351799 -0.291516 0.00721758 -0.0139125 -0.0013807 -0.0939098 0.0348472 -0.0302342 -0.10823 0.0071777 -0.0508318 0.175327 0.0347716 0.0729798 0.0729263 0.0276653 0.0503816 0.453813 0.0895441 1.36696 0.214298 0.704969 -0.101095 -0.00991929 0.156454 -0.0316446 -0.0531744 0.154074 -0.322575 -1.36413 0.0608516 0.642898 -0.00462605 -0.0202966 0.55392 -0.930448 1.0677 0.0234129 0.246559 1.24955 2.17436 -0.618308 -1.15192 -2.58222 -0.357244 1.67264 -0.0494575 0.0375953 0.0532001 -2.53881 0.183028 -1.15082 -0.0760291 -4.70302 3.52019 -2.33714 1.07306 2.3437 -0.331151 -0.173964 -0.698179 -0.744371 0.879045 0.0593383 -1.71717e-09 -0.467956 -8.70959e-10 0.409203 0.344611 -0.626481 -0.00502035 -0.381764 1.59724e-10 -1.76324 0.630196 -0.188106 0.281878 2.17444e-10 -1.32872 -1.01154 5.10069e-09 -0.969285 -2.69672e-10 1.03493 2.00516 -0.0409043 -0.318237 0.961713 2.44757 0.637271 0.18856 0.931199 9.86662 -0.0398849 0.179227 1.22919
114 8.26629 0.0300269 -0.0213696 0.0446354 0.193855 -0.0593741 9.92321 -0.0493837 -0.0730546 -0.0707686 -0.0680727 0.162608 0.0589296 -0.019619 -0.0215192 -0.0629934 -0.23514 0.0768487 -0.0210003 0.636123 0.169243 0.225791 -0.0883848 0.0760424 -0.173272 0.0236405 -0.021197 -0.00949571 -0.126771 0.0402848 -0.0202036 -0.109231 -0.032483 -0.0506527 0.168808 0.0761815 0.0555849 0.0666166 -0.00530098 0.0504406 0.481478 0.205648 1.326 0.13396 0.704792 0.0476643 0.0729223 0.156378 -0.0311212 -0.0473626 0.17174 -0.270582 -1.38477 0.0536438 0.701174 0.0411776 -0.0726483 0.0771221 -0.672011 0.282842 0.0318227 0.12479 1.18686 2.44879 0.268429 -0.391203 -2.2716 0.0948744 0.407776 0.179219 -0.369734 -0.431126 -2.11835 -0.0750544 -0.0291087 -1.76052 -4.39518 2.16857 0.109336 2.78099 3.10488 0.499102 -0.0151354 -0.133432 -0.809258 0.0566682 0.329466 -5.54616e-10 -0.464966 -4.51304e-10 -0.354296 0.409784 -0.476755 -0.570854 0.00474852 2.71824e-10 0.389162 0.418504 -0.813196 -0.297353 4.94695e-10 1.3244 1.10984 1.55625e-09 0.241372 0.411164 1.07534 1.24024 -0.988197 0.151369 7.21004e-10 -0.0183308 -1.04653 0.18762 0.935265 9.90745 -0.0213121 0.073059 1.22305
115 8.29962 0.0403988 -0.0357958 0.048363 0.193082 -0.0601358 9.96009 0.00155185 -0.092307 -0.0753018 -0.101578 0.126184 0.0840347 -0.00151511 -0.025096 -0.0523354 -0.34523 0.0794231 -0.00312654 0.622936 0.100409 0.212079 -0.0692746 0.131038 -0.105992 0.0140423 -0.0250404 -0.0105334 -0.117395 0.0436969 -0.0103208 -0.107303 0.0399793 -0.0523016 0.145984 0.0113671 0.0494099 0.154101 0.0367617 0.0411723 0.300252 0.181004 1.33001 0.22698 0.701315 0.0364124 0.0525821 0.101338 -0.0520307 -0.0466423 0.359213 -0.217595 -1.38038 0.170237 0.694006 0.0182037 -0.0900854 -0.166845 -0.525369 0.0174227 -0.00105561 -0.0548392 1.0775 1.48509 -0.634251 -0.134531 -1.22688e-09 -2.23279 1.16354 -0.0408208 0.788593 1.07544 -3.12657 0.0531049 0.714172 -0.0223542 -1.82614 -1.99607 1.5471 1.52775 1.7565 0.142642 0.0519415 0.0167366 0.562168 0.0703829 0.262602 -1.19739e-09 1.14368 0.294127 -0.392112 -1.00493 -0.597519 4.71965e-09 -0.245077 -0.442717 -1.12588 1.88633 0.00204745 0.643011 -0.2994 1.75968 -1.05959 -1.91377 0.0347695 -0.153013 1.48364 2.62879 -0.833682 0.167485 -0.851037 -2.2307 0.83175 0.187275 0.935017 9.94824 -0.00289252 -0.0656517 1.22628
116 8.33296 0.0372388 -0.055762 0.0458146 0.191769 -0.0649425 9.996 0.0488215 -0.106139 -0.0759254 -0.101578 0.0478599 0.115961 0.00381153 0.00486216 -0.0114811 -0.422681 0.0751272 0.0262282 0.541319 0.0383533 0.215358 -0.0635989 0.18344 -0.0459359 0.0149315 -0.024565 -0.0064877 -0.0967916 0.0464206 -0.00682643 -0.106473 0.0591309 -0.0363449 0.139304 -0.00444791 0.0163018 0.154526 0.0226824 0.048139 0.207371 0.190708 1.33319 0.266565 0.693537 0.0720549 0.0478772 0.0869892 -0.0514558 -0.05149 0.393946 -0.18581 -1.38686 0.182693 0.681264 -0.00808167 -0.0939188 -0.0883025 -0.569926 -0.14517 0.00508259 -0.154885 1.07323 1.42083 -0.291901 -0.0255345 -9.53531e-10 -2.58651 0.866232 0.0219565 1.11035 1.51411 -2.22301 -0.273625 0.8272 -3.00468 -1.4085 -0.0922164 0.404935 1.81317 1.96591 0.0751011 0.0344703 0.117139 0.552972 0.0633245 0.123379 -1.22662e-09 0.481788 0.547807 -0.100196 -0.604982 -1.02555 3.30865e-09 -1.07262 0.665036 -1.49565 2.57185 -0.526399 0.0966066 -0.760253 0.872734 -0.294045 0.534642 -2.21256e-10 -2.43913e-10 0.00486919 -0.0226714 -0.217838 -0.0354515 -0.495966 -0.170947 -0.0405119 0.187377 0.930944 9.98899 0.00619592 -0.165974 1.21826
117 8.36629 0.0304293 -0.0913138 0.0214495 0.189629 -0.072039 10.0333 0.100978 -0.10221 -0.0564653 -0.101578 -0.0169453 0.147208 0.00849457 0.0228823 0.0132129 -0.445521 0.0774744 0.0788154 0.360853 0.0617332 0.184174 0.0323934 0.208413 -0.0175063 0.0164228 -0.0230117 0.0122008 -0.0750357 0.0503136 0.00281674 -0.104928 0.106654 -0.0186504 0.141533 -0.0391003 -0.0116376 0.154003 0.0443335 0.053531 0.1411 0.18819 1.34564 0.324999 0.67412 0.0500735 0.00671355 0.150228 -0.0530527 -0.0503958 0.415286 -0.240038 -1.38013 0.212249 0.672645 0.00586113 -0.0766783 -0.254086 -0.915976 -0.824517 0.0345082 -0.157476 1.16141 1.63701 0.146553 0.582322 -3.82344e-10 -1.36994 0.852519 0.0206889 -0.042155 -0.000104045 -0.499661 -0.259437 1.45939 -5.30098 2.54526 -2.89677 5.60085 0.810749 0.968271 0.0562309 -0.163448 0.520714 0.543767 0.202468 0.399212 -1.8589e-09 0.315086 0.421066 0.112185 -0.0388608 -0.386155 3.80505e-09 0.134333 3.50656e-10 -0.520578 1.96469 0.255816 -0.163893 -1.05683 0.206167 -0.414039 1.64112e-09 -2.64644e-10 -4.5097e-10 0.465167 0.698284 -0.721588 0.138976 0.177893 0.00525525 -0.0177818 0.187655 0.92466 10.0296 0.00965552 -0.159758 1.22793
118 8.39962 0.0233848 -0.14113 0.00241659 0.188229 -0.07887 10.075 0.154882 -0.112908 -0.0506041 -0.101578 -0.0648133 0.207462 0.0187244 0.0228785 0.0132101 -0.400987 0.0806158 0.120804 0.0995433 0.00936856 0.196916 -0.00640389 0.279974 0.0678215 0.0132799 -0.00874769 0.0230218 -0.0599429 0.0520703 0.0114543 -0.104473 0.106922 -0.0105828 0.138904 -0.0254643 -0.0233976 0.153843 0.0504235 0.054002 0.112773 0.202834 1.36402 0.382039 0.695658 0.0852378 0.017069 0.150229 -0.0530135 -0.0503929 0.412255 -0.203098 -1.4109 0.186542 0.661411 0.0138572 -0.0828408 0.0444471 -1.3736 -0.590786 0.142164 -0.208077 1.2661 1.36474 -0.376996 0.111516 -8.93791e-10 -1.46808 1.78899 0.268345 -7.70349e-05 -8.21587e-05 0.711787 -0.0995378 1.219 -6.30076 -2.71342 -1.58695 -0.813631 1.99326 2.08878 -0.269996 0.181274 0.403734 0.178485 0.0825079 0.210055 -1.51217e-09 -0.17202 0.344914 -0.155451 0.44459 -0.574152 3.93299e-09 -0.322837 1.90875e-10 -0.010754 1.40634 0.668822 0.30957 -0.901461 2.13416 -0.907679 2.14456e-09 -1.89119e-10 -4.33982e-10 0.167469 0.944186 -0.893904 -0.0779268 -0.0162469 0.525084 -0.494411 0.188365 0.918639 10.0706 0.0234675 -0.196779 1.23358
119 8.43296 -0.000201155 -0.195247 -0.0295834 0.186375 -0.0891051 10.1192 0.230777 -0.131463 -0.0422411 -0.101578 -0.116723 0.282098 0.0336691 0.0228922 0.0132268 -0.363551 0.117479 0.169104 -0.00964906 -0.0873554 0.0217233 0.0671159 0.31382 0.106979 0.0251856 0.0105857 0.0424349 -0.046493 0.0490676 0.0205235 -0.102696 0.168741 0.0125734 0.136918 -0.0769996 -0.049202 0.153909 0.047912 0.0538078 0.104831 0.219444 1.38674 0.457054 0.684179 0.0593101 -0.00146991 0.150456 -0.0445982 -0.0506573 0.485472 -0.205161 -1.41378 0.217388 0.701097 -0.00683695 -0.0482317 -0.613499 -1.7191 -0.927067 0.218061 -0.340528 1.34681 2.16233 -0.512073 0.0583993 -2.02542e-10 -1.6102 2.35266 0.448179 0.00134008 0.00176546 0.766181 0.827872 1.56894 -1.43962 -2.13779 -5.82647 3.14663 0.727048 1.03143 0.0262317 0.617263 0.733606 0.429852 -0.155131 0.0500667 -1.34304e-09 1.95544 1.03 0.0370703 -1.84457 -0.726859 8.57969e-09 -0.107287 6.89757e-10 0.104466 1.13609 0.690383 0.231621 -0.860536 0.872864 -0.681924 4.00393e-09 0.775278 -7.10584e-10 0.534786 0.511775 -0.411711 -0.233774 9.64949e-10 -1.06527 1.21536 0.18926 0.910002 10.1117 0.022667 -0.300681 1.22819
120 8.46629 -0.0129318 -0.215227 -0.0415558 0.186698 -0.101147 10.1659 0.297997 -0.127752 -0.0533069 -0.098159 -0.175357 0.299142 0.0475655 0.0229364 0.0132886 -0.35968 0.125117 0.169492 -0.00526352 -0.158927 -0.0242269 0.0494086 0.326894 0.127918 0.0118313 0.017237 0.0470192 -0.0309533 0.0549641 0.0220586 -0.101066 0.207422 0.0327638 0.153177 -0.108469 -0.0636118 0.153862 0.049686 0.053945 0.0902762 0.202944 1.41086 0.493123 0.671618 0.0900587 -0.0323715 0.150465 -0.0442484 -0.0506309 0.450025 -0.169906 -1.41917 0.189238 0.687659 0.00711857 -0.0887421 -0.234283 -0.230503 -0.212876 0.358873 -0.407831 1.36239 1.75591 0.264098 -0.554409 0.280048 -1.89311 -0.0166326 0.0938234 -0.0153484 -0.0208821 0.045341 0.0571108 -0.498063 0.480624 -2.07003 0.425841 -1.27375 0.478302 0.623059 -0.491473 0.305046 0.0937657 0.304998 0.114304 -0.00632593 -1.75958e-09 0.565997 0.519305 0.430332 -0.303133 -0.291427 9.72282e-09 -0.0844582 5.97085e-10 0.143667 -0.0938374 0.215668 0.331978 -1.08474 1.08062 -0.675721 7.38377e-09 -0.168743 -6.89194e-10 -0.41187 0.355292 0.333765 -0.0840513 0.146211 0.940343 -0.831718 0.190278 0.899216 10.153 0.0327385 -0.366209 1.24242
121 8.49962 -0.0300194 -0.224638 -0.0592522 0.188121 -0.115227 10.2139 0.344767 -0.126343 -0.0628597 -0.04324 -0.240556 0.312038 0.0563574 0.00558197 -0.0103727 -0.3408 0.130685 0.158716 0.0236139 -0.20791 -0.00912333 -0.0144578 0.339613 0.141509 0.00502676 0.0213744 0.0550924 -0.0202194 0.0620201 0.0261407 -0.102147 0.191077 0.0494757 0.17333 -0.0946317 -0.0702151 0.153845 0.0503324 0.053995 0.0873066 0.202991 1.40962 0.488938 0.662869 0.0861059 -0.0100641 0.150317 -0.0501787 -0.0510789 0.438598 -0.149508 -1.40394 0.183315 0.68595 0.0291473 -0.0789655 -0.521065 -0.115808 -0.622462 0.396864 -0.467725 1.42189 1.26055 -0.001691 -0.21047 1.91393 -1.47187 0.380996 -0.0501596 -1.10722 -1.50977 0.815129 0.134833 -0.25364 0.916887 -1.17222 0.669688 -1.51719 0.447483 0.353688 -0.38681 0.0597908 0.301208 0.325864 0.176548 0.216437 -1.63013e-09 -0.55691 0.392824 0.465342 0.349181 -0.127024 8.63028e-09 4.75001e-10 6.73027e-10 0.0406311 -0.132936 -0.215848 -0.315214 0.118818 -0.628325 0.468096 4.16639e-09 -9.81192e-11 -5.07097e-10 -0.268419 0.324048 0.639951 -0.0235949 0.0314189 0.56516 -0.0875716 0.191516 0.885711 10.195 0.0423577 -0.426289 1.27422
122 8.53296 -0.0566461 -0.224763 -0.0894703 0.18905 -0.127159 10.2633 0.355178 -0.138657 -0.066339 0.0971309 -0.255476 0.337651 0.0568596 -0.0849772 -0.124705 -0.303607 0.158256 0.167058 0.0363425 0.127108 -0.157046 -0.0855723 0.0237899 -0.161894 0.00646052 0.0214856 0.0610484 -0.0118701 0.0630822 0.0430678 -0.10171 0.178621 0.0510664 0.195419 -0.0903777 -0.0489355 0.15383 0.0509135 0.0540399 0.0519119 0.208412 1.40667 0.400444 0.656417 0.0539512 -0.010342 0.152948 -0.0511819 -0.0510902 0.423626 -0.146485 -1.38289 0.166597 0.679904 0.0520768 -0.0689614 -1.12966 0.34978 -0.769886 0.412608 -0.375317 1.48357 0.418574 -0.321522 -0.0634194 4.50686 1.05077 0.316311 0.396331 -3.98021 -4.76359 1.48516 0.672485 0.420132 0.498872 12.418 -3.5362 0.203184 -5.54979 -5.93421 -0.0961309 0.0319415 0.117205 0.523656 -0.0188433 0.560946 -2.13616e-09 -0.344669 3.4524e-10 0.686594 0.116886 0.563455 8.41819e-09 9.44945e-10 7.55462e-10 -0.197797 -0.421869 -0.436981 -0.657392 1.13496 -2.48797 0.758517 1.23265e-09 -3.99187e-10 -3.59543e-10 -0.50421 -0.0686819 0.801561 -0.0914718 0.640491 0.929061 -0.431316 0.193523 0.87349 10.2389 0.075062 -0.319269 1.34614
123 8.56629 -0.0410504 -0.17754 -0.0701027 0.194314 -0.134926 10.3097 0.27111 -0.163607 -0.109322 0.307492 -0.176379 0.34418 0.117634 -0.261971 -0.284557 -0.365724 0.170707 0.118035 0.179702 0.235315 -0.281688 -0.0122868 0.0495136 -0.0500033 0.0103748 0.020332 0.0133769 -0.0666924 0.0442405 0.0615338 -0.100912 0.145859 0.0501962 0.216444 -0.0830991 -0.0362998 0.154097 0.0407546 0.053254 0.0236411 0.139926 1.40782 0.365207 0.691768 0.0829419 0.097467 0.141224 -0.0330526 -0.0521728 0.294917 -0.12359 -1.38085 0.022389 0.662114 0.0995018 -0.0788113 0.123499 1.99728 1.16745 0.456919 -0.0304932 1.25342 -2.22425 0.315135 -1.19169 5.56293 4.66612 -1.46903 2.63945 -8.36846 -8.4867 -1.35011 0.586103 -1.96319 5.21242 -3.56467 -1.72048 1.99081 -0.00259948 4.80307 0.852579 0.860997 -1.17107 -1.77453 -0.996497 -0.584936 -2.79751e-09 4.55606 2.0485e-09 0.611033 -5.32304 0.985201 7.24617e-09 -0.0295102 6.84191e-10 -0.0862159 -2.03316 -0.281604 -0.100684 -1.81954 0.519752 0.0933073 -0.600177 -2.17583 -6.45879e-10 -0.344759 0.988687 0.737417 0.0531811 1.37381 2.75214 -0.754112 0.19679 0.866258 10.2842 0.128374 0.0257133 1.3166
124 8.59962 -0.0465651 -0.129536 -0.0606057 0.200371 -0.129535 10.3517 0.14019 -0.144413 -0.123291 0.577609 0.178743 0.313567 0.0351682 -0.493833 -0.6314 -0.349153 0.169369 0.0886382 0.249362 0.153803 -0.322943 0.0148534 0.0491798 0.0197558 0.017041 0.0203009 0.00550401 -0.0721767 0.0241585 0.0478319 -0.101154 0.155047 0.0492487 0.222873 -0.108076 -0.0385649 0.15382 0.0512887 0.0540689 0.120611 0.236347 1.36581 0.226896 0.56861 -0.0101896 0.0528261 0.152966 -0.0538917 -0.0533031 0.346115 -0.14154 -1.3377 0.134794 0.711479 0.0558911 -0.0484371 -0.45442 2.15014 0.0930918 0.301481 0.164669 1.23476 -3.19632 -0.113082 0.298699 7.14711 10.7726 -1.41718 -0.0623821 1.7135 -5.93504e-08 1.40757 -0.0843466 -0.59976 0.792304 -1.6513 -1.78856 1.16241 -0.0133181 0.0043348 0.128978 -0.218369 -0.13499 0.278253 -0.175399 -0.255191 -2.25128e-09 1.31845 0.486463 0.201044 -2.33209 -0.596473 3.27671e-09 1.658e-09 5.21066e-10 2.01748 -0.618199 -0.358481 -2.1124 1.87339 -3.60725 0.968336 1.61365 -6.86006e-10 -5.39841e-11 -2.59868 -2.77755 1.59098 0.397524 3.18294e-10 -2.85257 0.852176 0.200564 0.87162 10.3279 0.114917 0.213322 1.27785
125 8.63296 -0.0604264 -0.0956024 -0.0364132 0.205046 -0.119591 10.3916 0.0145867 -0.109207 -0.139521 0.780493 0.506075 0.209425 0.00303479 -0.212379 -0.467126 -0.239982 0.19409 0.0468743 0.166313 0.139483 -0.373121 0.018218 0.0357091 0.0136329 0.0435975 0.0469517 -0.0282518 -0.090436 0.00287639 0.0424323 -0.102667 0.0391719 0.0571127 0.244456 -0.0273957 -0.0478506 0.15382 0.0512887 0.0540689 0.14017 0.225327 1.36709 0.152711 0.688804 -0.000517928 0.112691 0.150345 -0.0298356 -0.0515388 0.299666 -0.213941 -1.31264 0.0644603 0.661745 0.0166447 -0.0438129 -0.276153 1.26121 0.484311 0.209667 0.244128 1.16703 -3.46529 0.71521 0.321797 4.24819 5.46203 -5.08098 3.76803 13.3722 7.53221 3.48918 0.591349 -0.537083 -3.14718 0.0479911 -1.69145 0.346373 -1.088 -1.86026 0.861507 0.337159 -0.708458 -0.739504 -0.568627 -0.160156 -1.38141e-09 -1.79003 3.55161e-10 0.466827 0.985647 -0.0513103 6.09123e-09 5.76623e-10 4.22912e-10 -0.0994199 -1.75477 0.329112 0.478438 3.43381 0.396971 0.66981 4.99644e-10 -0.594063 -1.46168e-10 -0.555403 -1.11338 0.757814 -0.834764 -0.168266 0.724259 -0.209019 0.203928 0.88071 10.3689 0.0942828 0.277338 1.20884
126 8.66629 -0.052669 -0.0865889 -0.0561811 0.205994 -0.107545 10.4297 -0.105722 -0.0716706 -0.0931988 0.854462 0.311076 -0.0930716 0.109529 -0.0739841 -0.40857 -0.131099 0.214548 0.0601344 0.037412 0.143528 -0.401087 -0.00919875 0.0249757 -0.019637 0.0566122 0.0511737 -0.0232759 -0.122081 -0.014645 0.0496315 -0.102023 0.0164009 0.0571266 0.252407 -0.00478872 -0.0266656 0.153807 0.0517981 0.0541083 0.210897 0.252259 1.35667 0.0924842 0.701201 -0.00365971 0.0719235 0.152299 -0.0417027 -0.0523785 0.213043 -0.146551 -1.32089 0.101617 0.699551 0.0637104 -0.0568437 0.199305 -0.378893 -1.11094 0.0713303 0.280717 1.16307 -3.33355 0.434013 1.89835 0.507981 -5.73428 -7.13223 2.93439 3.40891 0.85073 3.2106 0.170886 1.43712 -3.96209 -0.16375 -2.43769e-09 -1.14614 -1.11349 -2.52755 0.292805 -0.107061 0.552098 -0.927101 -0.407002 0.386076 -1.51431e-09 -2.36222 -0.257603 0.132006 2.6367 0.725066 9.0338e-09 7.29996e-10 5.09944e-10 -0.991372 -0.481831 0.116908 -0.974244 2.66677 -1.67368 0.042525 2.54029e-09 0.514419 -1.50298e-10 -3.05596 -0.355459 -0.337983 0.0681589 -0.242853 -0.195258 -0.461413 0.20622 0.891058 10.4085 0.0520264 0.285281 1.18236
127 8.69962 -0.0204214 -0.103375 -0.0568171 0.20786 -0.102353 10.4673 -0.239991 -0.0553848 -0.0793511 0.832178 0.39795 -0.214993 0.163406 -0.270404 -0.590808 -0.0485565 0.225757 0.0506109 -0.0868019 0.149523 -0.399747 -0.0162065 -0.0453948 -0.147334 0.0351744 0.0689065 -0.0209818 -0.143731 -0.00725556 0.0338262 -0.105296 0.134438 0.0510402 0.23957 -0.0967764 0.0125412 0.155333 -0.0175979 0.0200649 0.133861 0.232601 1.4234 0.00648383 0.701495 -0.0240559 0.130481 0.1299 -0.0502597 -0.0535524 0.431594 -0.252742 -1.24987 0.164658 0.699544 -0.0723465 -0.133419 0.851054 0.0100151 0.149223 0.175914 -0.0124831 1.10704 -3.43949 0.00797493 0.358914 -1.08902 1.78221 -0.131314 -0.187411 -15.2909 -2.76179 2.13511 0.147676 -0.284997 -3.01458 1.09261 -0.106207 -0.0716187 -3.56311 -5.00481 -0.426965 0.376456 -0.139041 -0.619461 0.291564 -0.522253 -1.50322e-09 3.47978 1.02498e-09 -0.467037 -2.29103 1.28939 7.30842e-09 -1.6327 -1.64514 2.54738 -0.656396 2.28488 0.346294 5.85761e-10 0.731412 0.799415 -0.725561 -3.46415e-10 -2.68751e-11 1.33955 0.125702 0.838936 0.0265663 -0.132572 -2.6251 -1.48795 0.208192 0.895278 10.4479 0.0674183 -0.00612998 1.1806
128 8.73296 0.00557076 -0.106268 -0.0457861 0.210126 -0.101534 10.5012 -0.375124 -0.0412784 -0.070488 0.843207 0.301754 -0.191826 0.115985 -0.313826 -0.56988 -0.022475 0.211412 0.0343591 -0.102976 0.118682 -0.380395 -0.00884458 0.0525851 0.103048 0.00537243 0.0821009 -0.025673 -0.12285 -0.0224813 0.0163714 -0.104366 0.0929292 0.0504697 0.212591 -0.0506387 0.0109432 0.155309 0.0191835 0.0210403 0.350119 0.24896 1.39467 0.184464 0.705595 -0.0102345 0.0839051 0.158247 -0.0404631 -0.0519933 0.254452 -0.163148 -1.27388 0.272183 0.71147 -0.0101996 -0.0463796 0.297099 -0.149077 0.227896 0.178339 0.0288508 0.974029 -3.61428 0.148983 0.466764 0.103594 -2.00419 0.640122 -0.875935 -0.606279 1.73731 1.03996 -0.589921 -0.2397 -1.30317e-09 -1.19844 0.771407 0.421304 0.00229425 0.00320319 -0.544365 0.133095 -0.0341139 1.03602 -0.101533 -0.432126 -2.7753e-09 1.35613 6.68568e-10 -0.473412 -1.45935 0.141266 3.31248e-09 0.0354375 0.905442 0.635399 -0.876392 -0.649653 0.306208 -0.835419 2.4533 -1.14117 4.53891e-09 1.23066 -1.36435e-10 -1.69361 -1.88602 -0.0503987 0.708195 -1.15719 -1.04576 2.86878 0.210542 0.896505 10.4871 0.0688692 0.0353822 1.16724
129 8.76629 0.0462244 -0.11576 -0.0438751 0.211631 -0.101018 10.5324 -0.497659 -0.0148264 -0.0401394 0.751614 0.215045 -0.247273 0.108579 -0.320502 -0.570586 -0.0240538 0.213383 0.0283599 -0.102976 0.0799001 -0.372408 -0.0031658 0.0526899 0.103198 -0.031404 0.101386 -0.0215778 -0.107834 -0.0160399 3.58468e-05 -0.105816 0.145875 0.0464446 0.21709 -0.101428 0.0321186 0.155175 -0.0499489 0.0516869 0.236937 0.217283 1.40867 0.0821063 0.668479 0.000435015 0.138837 0.158812 -0.0180437 -0.0502093 0.197035 -0.213174 -1.27505 0.261862 0.685884 -0.0935108 -0.0834612 0.955197 -0.060072 0.0653519 0.151481 0.0365681 0.905407 -3.08867 0.294211 0.913557 -3.01624 -3.90038 -0.562793 -0.639845 2.76329 2.52274 0.223106 -0.0480382 -0.219603 -4.143e-10 -1.08055 0.153579 0.375612 0.00380433 0.00541474 -0.490751 0.312842 0.120482 0.158823 0.296006 -0.532536 -2.71784e-09 4.49184 0.413414 0.0482226 -4.23795 0.672602 3.28159e-09 -0.856613 3.56107e-10 0.769062 -0.184166 0.874221 -0.188052 -0.804602 -1.26674 -0.968526 5.12512e-09 0.109237 -3.11544e-11 0.240511 -1.71768 0.20405 -0.217232 -1.80738 -1.13149 -0.87513 0.21269 0.89666 10.5256 0.0611998 -0.00383367 1.1419
130 8.79962 0.0535442 -0.10177 -0.0554716 0.212558 -0.100701 10.5642 -0.545219 -0.0109005 -0.00874418 0.632335 0.180251 -0.285735 0.0806599 -0.215333 -0.578221 0.00743269 0.2031 0.0389607 -0.102976 0.0403931 -0.374972 0.00077176 0.0528357 0.103407 -0.0272498 0.0919034 -0.0088513 -0.0899774 -0.0185785 -0.00307579 -0.105599 0.119073 0.0413565 0.193832 -0.0784415 0.0410351 0.153822 -0.000174073 0.0555352 0.403378 0.213497 1.39153 0.224209 0.695097 0.0121825 0.0839205 0.157304 -0.043497 -0.0522331 0.142582 -0.174911 -1.30592 0.341146 0.69432 -0.0449896 -0.0305359 0.243771 0.422218 -0.253546 0.128599 0.037439 0.948266 -1.06621 -0.125015 0.659618 -4.33276 -0.64091 -1.08361 0.58808 -0.933442 1.71339 0.869164 -0.317136 0.28461 -8.58623e-10 -1.13347 -0.0778755 0.344967 0.00355753 0.00637471 0.0765974 -0.269981 0.241562 0.521051 -0.100498 -0.0855856 -1.47957e-09 -0.0596663 0.0191267 -0.669191 -0.105459 0.0458551 2.75403e-09 0.611214 2.30409e-10 1.54925 -0.918316 0.389034 0.435308 -0.982941 2.07205 -0.569535 3.68199e-09 0.150628 -1.00902e-10 -0.514358 -1.49862 -0.619078 0.0348834 -0.744674 -0.363222 1.03036 0.214459 0.897149 10.5629 0.0486193 -0.0140919 1.11086
131 8.83296 0.0704873 -0.0954959 -0.0639652 0.213021 -0.100879 10.5963 -0.546801 0.00731281 0.0189149 0.377802 0.177271 -0.372543 0.110129 -0.251208 -0.528886 0.029465 0.180507 0.046579 -0.102976 0.0116611 -0.357249 0.00765793 0.0435115 0.0908099 -0.030565 0.0842057 0.000435206 -0.0775109 -0.0225593 -0.00668956 -0.105744 0.138297 0.0448038 0.166343 -0.0958233 0.0365845 0.153274 0.0193064 0.057035 0.439057 0.231466 1.40359 0.195279 0.645645 0.0013227 0.0966615 0.157147 -0.0496123 -0.0527162 0.143778 -0.16571 -1.32541 0.438271 0.692005 -0.0474104 -0.0125995 0.60319 -0.106623 0.0370233 0.119903 0.0596875 0.929648 -0.305331 0.136805 0.644757 -7.42688 0.600171 0.803674 -0.86402 -4.2187 1.8073 0.555193 -0.666058 -0.0977495 -2.19966e-09 -0.343001 0.809265 0.4157 -0.654786 -0.888227 -0.116687 -0.0696152 0.127074 0.305661 -0.129611 -0.281729 -2.23805e-09 0.961221 0.306048 -0.822025 -0.986971 -0.373046 6.35713e-09 1.29598 5.20578e-10 0.276399 -0.565277 0.628732 -0.0844601 -0.172476 -1.3549 0.593441 2.7998e-09 0.328777 -1.45192e-10 0.177505 -0.747525 -0.588222 0.778002 -1.11428 -1.84345 1.51119 0.215946 0.896515 10.5997 0.0416699 -0.00444095 1.10003
132 8.86629 0.0627841 -0.0664094 -0.0604821 0.214054 -0.10275 10.6307 -0.490373 -0.000537297 0.0261541 0.105806 0.17117 -0.285416 0.0776064 -0.268491 -0.472676 0.0781603 0.155856 0.0430301 -0.102976 -0.0107035 -0.360378 0.0166896 0.0262853 0.0674772 -0.00952002 0.0625768 0.00149022 -0.0689246 -0.0230972 -0.0119465 -0.106393 0.150165 0.0390882 0.14555 -0.116814 0.044003 0.152398 0.0498217 0.0593773 0.453381 0.1913 1.41875 0.214423 0.669632 -0.00850065 0.100345 0.157129 -0.0502876 -0.0527695 0.107728 -0.172068 -1.36125 0.464794 0.669728 -0.0480566 -0.0141701 -0.100196 1.11398 0.0862182 0.112608 -0.0616433 1.05524 1.16677 -0.530698 0.0211341 -6.18398 -0.557605 4.66506 -2.02066 -2.708 1.13366 1.32355 -0.698431 0.0510157 -9.65197e-10 -1.25746 -0.395953 0.363562 0.0212707 0.0331741 0.414071 -0.544714 0.0861112 0.136197 -0.0107111 -0.199547 -1.17613e-09 -0.509491 -0.0760417 -0.567401 0.297281 0.106022 5.07351e-09 0.10852 3.88541e-10 -0.0224808 -0.674132 0.503714 0.0857963 -0.158542 0.435408 0.024334 3.58753e-09 -1.78921e-10 -1.27284e-10 -0.0142527 -1.15742 -0.920117 -0.0877777 -0.925652 -0.0237918 0.20193 0.217221 0.894802 10.6359 0.0376282 -0.110859 1.07137
133 8.89962 0.0398033 -0.0394269 -0.0499535 0.214191 -0.108503 10.6665 -0.461848 -0.0784624 0.047754 0.0210262 0.226823 -0.0610014 -0.0282177 -0.280701 -0.416305 0.147086 0.113101 0.0345645 -0.102976 -0.0533419 -0.343764 0.0239682 0.0240756 0.0646193 0.0478223 0.0324749 -0.0110531 -0.0961237 -0.0174984 -0.00902474 -0.106807 0.0512576 0.00277548 0.137514 -0.0117459 0.0935151 0.153114 0.0249595 0.0574696 0.482869 0.229904 1.41569 0.176657 0.689462 0.00536689 0.0865679 0.157175 -0.0485064 -0.0526288 0.149399 -0.17178 -1.38158 0.565268 0.697451 -0.071932 -0.0503949 -0.691306 0.730425 0.297072 0.0426237 -0.142263 1.1307 0.686036 -2.62348 0.281257 -0.821556 0.442607 4.52527 -2.48306 1.96971 2.21465 2.10059 -1.4482 -0.00463002 -6.86636e-10 -1.13859 0.692586 0.474998 -0.18176 -0.242679 1.33492 -0.935651 -0.340866 -0.608973 0.182603 0.124388 -1.11958e-09 -0.788514 -0.875294 -0.279249 1.09724 0.914464 2.189e-09 -0.689015 5.40986e-10 -0.0430703 -0.0631066 -0.0132527 -0.0646845 1.96763 -0.517846 -0.211524 4.01613e-09 0.245456 -2.08378e-10 1.24547 0.175532 -0.745329 1.09633 -0.942829 -2.90365 0.577664 0.218408 0.890019 10.6713 0.0368349 -0.164137 1.0532
134 8.93296 0.0347031 -0.00700976 -0.0361172 0.214919 -0.113415 10.7053 -0.462026 -0.0945138 0.0527579 0.0439808 0.112888 -0.00567876 -0.0312579 -0.265859 -0.397565 0.196795 0.0952867 0.0244929 -0.101343 -0.0480543 -0.360327 0.0323692 -0.0585985 -0.0519884 0.0327893 0.0218716 -0.0153779 -0.070432 -0.0293971 -0.0155548 -0.106864 0.0218013 0.00103036 0.126143 0.0150466 0.0842161 0.153619 0.0070702 0.0560933 0.437527 0.178242 1.41964 0.206201 0.697976 -0.029087 0.0831516 0.157127 -0.0503818 -0.0527769 0.168195 -0.228419 -1.39217 0.523877 0.671594 -0.10513 -0.0328453 -0.0580806 1.27766 0.412021 0.0472812 -0.0461212 1.19202 0.042015 -0.539634 -0.23486 1.35839 -1.18312 4.19736 -6.8188 3.31971 0.813913 1.35069 -0.478073 -0.176236 -6.14313e-11 0.535109 -0.820692 0.361324 -1.64963 -2.24925 -0.636687 -0.450778 -0.0361981 0.765353 -0.356259 -0.254345 -1.90513e-09 -0.352214 0.0516316 -0.327474 0.235485 -0.460751 4.9574e-09 -1.00175 5.58122e-10 -0.194292 0.0900765 -0.384686 0.246825 -0.52166 -0.0188687 -0.17499 1.10462e-08 -1.1729e-09 -1.1745e-09 0.958613 -1.0584 -0.256383 -1.2796 1.20701 2.04868 -0.453588 0.219319 0.885872 10.7064 0.0183887 -0.0743299 1.05017
135 8.96629 0.030665 0.00989952 -0.0463058 0.21495 -0.113241 10.7439 -0.460161 -0.111737 0.065246 0.111184 0.18203 0.149422 -0.00721935 -0.601688 -0.60091 0.213022 0.0804611 0.0389356 -0.0449295 -0.0390147 -0.357244 0.0497568 -0.130636 -0.144326 0.0249875 0.00701882 0.00724906 -0.0590051 -0.0288301 -0.0193881 -0.106926 -0.003213 -0.00462086 0.124155 0.0516642 0.0832522 0.153867 -0.00181219 0.0554089 0.378879 0.148619 1.41182 0.195786 0.680817 -0.0500095 0.101562 0.157127 -0.0503818 -0.0527769 0.117863 -0.226065 -1.41684 0.468717 0.702393 -0.0728468 -0.0409584 -0.117037 -0.17065 -0.443921 -0.0476971 0.115068 1.16289 0.289816 -0.014674 0.419721 2.05324 0.757122 -0.0670298 -0.276158 -5.31991e-09 -2.96125e-09 0.273527 -0.424473 0.488329 1.9991 1.54691 0.771447 0.745333 -3.24465 -4.41922 -0.338312 -0.309697 0.588568 0.388117 0.00836631 0.0715647 -1.71851e-09 -1.0465 -0.282971 0.0772269 1.41807 0.086222 8.52933e-10 0.448759 4.16278e-10 -0.656737 0.254306 -0.665631 -0.0873644 0.00372516 -0.658358 0.515079 1.13528e-08 -1.03518e-09 -1.12988e-09 -1.13915 0.0764175 -0.163764 -0.331004 4.72129e-10 0.676364 -0.222282 0.218832 0.886098 10.7415 -0.0378138 0.0788597 1.05112
136 8.99962 0.048956 -0.00383881 -0.0436693 0.21521 -0.107457 10.7825 -0.471741 -0.107302 0.0617884 0.174875 0.173122 0.146581 0.00419121 -0.490951 -0.562667 0.182513 0.0805514 0.0303608 0.043191 0.0595406 -0.340707 0.0972581 -0.26786 -0.348049 0.00010763 0.000451425 0.0154146 -0.0654259 -0.0149644 -0.0213522 -0.106849 0.0387684 -0.00788043 0.135619 0.0165541 0.0792127 0.121652 0.0284435 0.0575199 0.408269 0.11617 1.39986 0.190418 0.690793 -0.0332404 0.0854681 0.157089 -0.0518725 -0.0528946 0.126119 -0.285016 -1.39156 0.32577 0.63367 -0.0865144 -0.0848339 0.543082 -0.748143 0.158075 0.00241027 0.29132 1.19889 0.101605 0.240989 -0.0765427 1.2354 -0.228598 0.140444 1.14752 3.40436 1.71122 -0.804272 0.140042 -0.384852 2.35036 4.01611 0.923269 -1.54243 -5.79782 -5.86046 -0.766909 -0.153657 0.251531 -0.246748 0.22975 -0.00899354 -2.42501e-09 0.687675 -0.332676 0.245596 -0.356311 0.348476 -0.280091 1.31542 1.55185e-10 -0.138343 -0.554209 -0.387742 -0.185732 0.643088 0.00940049 0.275056 8.788e-09 -1.51179e-09 -9.65771e-10 0.416565 0.323177 0.536718 -1.56356 1.82423 2.12705 -2.60473 0.217526 0.89143 10.7774 -0.0438946 0.215548 1.10127
137 9.03296 0.0559179 -0.00685961 -0.0187969 0.216207 -0.0941967 10.8246 -0.432244 -0.102839 0.0328825 0.182015 0.191228 0.11752 -0.0107315 -0.409955 -0.501578 0.0866367 0.107023 -0.00195727 0.225038 0.365806 -0.333656 0.185995 -0.460633 -0.616705 -0.0248496 -0.00729191 0.00632784 -0.0590817 -0.0180828 -0.0252246 -0.106749 0.0515409 -0.00929066 0.134111 0.00170334 0.0678807 0.152062 0.0491835 0.0585817 0.385146 0.176103 1.3801 0.145542 0.689088 -0.0515725 0.081408 0.157089 -0.0518725 -0.0528946 0.130675 -0.273895 -1.37756 0.271111 0.682077 -0.0109701 -0.0698848 -0.101401 -0.129978 0.351234 0.000657132 0.56098 1.31119 1.82195 0.437118 -0.331294 0.116279 0.658182 -2.14031 0.54148 1.91574 1.86574 -3.3976 0.975815 -0.737612 5.60923 14.6427 -0.73764 -1.04333 -14.3936 -16.495 -0.704451 -0.000787003 0.207535 0.428262 -0.162866 -0.170813 -1.94172e-09 0.769508 0.404086 -0.0911329 -0.962901 -0.750661 1.38698e-09 0.904238 3.25868e-10 -0.226984 -0.0723113 -0.413408 0.11979 1.21155 -1.03234 0.686403 4.5795e-09 -8.09999e-10 -4.84314e-10 -0.969257 1.15261 0.182811 -0.0722055 2.30205 1.6874 -0.188523 0.215825 0.90329 10.817 -0.0579534 0.442401 1.26211
138 9.06629 0.0245631 0.0140674 0.000464568 0.216059 -0.0803665 10.8706 -0.299592 -0.0926773 0.0113489 0.10447 0.215725 0.0350604 -0.0213409 -0.277168 -0.396825 -0.0515464 0.129126 -0.0201675 0.506858 0.748163 -0.227208 0.178691 -0.423211 -0.602419 -0.022714 -0.0136707 0.00422467 -0.0393064 -0.0221523 -0.0306652 -0.106927 0.0447192 -0.0142862 0.143609 0.00490649 0.0563735 0.152008 0.0479197 0.0546786 0.391343 0.177797 1.36942 0.18424 0.70199 -0.0519874 0.0717233 0.157117 -0.0503873 -0.052358 0.138584 -0.279027 -1.36054 0.200184 0.682486 0.0116519 -0.0574575 -1.02015 -0.104486 0.308586 -0.0381701 0.312979 1.38666 3.72793 0.720903 -0.271511 -1.73102 -1.89189 -2.10548 0.125079 12.9577 11.1538 -3.59843 0.728799 -0.592007 7.03228 7.95551 4.87204 -5.75912 2.50608 0.877435 0.0723721 0.118207 0.167614 0.630243 -0.0469566 -0.0974349 -5.40134e-10 -1.15304 -0.23138 0.40534 1.20507 -0.34466 1.52677e-09 -0.200937 -0.374636 0.0163536 0.510208 -0.205158 0.315508 2.47956e-11 0.95646 -0.654437 2.8603e-09 -5.13096e-11 0.0355172 -0.39587 1.07676 0.220595 -0.0724088 0.682365 1.75787 -0.373638 0.214065 0.916075 10.8603 -0.0561 0.275023 1.31433
139 9.09962 0.00414152 -0.0095336 0.0296148 0.21742 -0.0720874 10.916 -0.192206 -0.100062 -0.0186951 0.0505984 0.145406 0.0676771 -0.0159146 0.0495902 0.0668566 -0.136137 0.130559 -0.0611344 0.626621 0.462076 0.0628482 -0.124123 -0.358056 -0.491301 -0.00495315 -0.014876 -0.00756158 -0.0608484 -0.0059969 -0.0306031 -0.107957 -0.0192973 -0.0512227 0.177943 0.0763085 0.0821405 0.0868994 0.0125566 0.0532425 0.445527 0.160495 1.36009 0.205771 0.701404 -0.109901 0.00700685 0.157526 -0.0334133 -0.0502925 0.147233 -0.273679 -1.36476 0.100509 0.669139 0.0185857 0.00135981 -0.278716 -1.31362 0.628687 0.0700796 0.257724 1.29618 2.69954 -0.198137 -0.756159 -1.81923 -0.733199 1.6442 0.000660157 0.00755809 0.0133758 -2.08536 0.588188 -1.07927 1.2293 -7.64677 2.45461 -3.09322 0.709276 3.06977 0.589523 0.0211341 -0.0277056 -1.07247 0.476372 -0.0161823 -9.74895e-10 -1.43005 -1.36481e-09 0.959905 1.62556 -1.08992 -2.59804 -1.40679 5.54404e-10 0.704881 -1.05788 -0.0524502 -0.125718 1.95127e-10 -2.17734 -0.561745 2.84922e-09 -0.335745 -1.39372e-10 0.786214 2.22593 -0.170666 -0.174698 0.775904 1.2576 0.751327 0.212545 0.923544 10.9029 -0.0362685 0.224163 1.24201
140 9.13296 0.00161913 -0.0101331 0.0187137 0.214979 -0.0683301 10.9583 -0.0728029 -0.119965 -0.00617157 -0.0654747 0.13441 0.0933716 -0.00933752 -0.298278 -0.242036 -0.243699 0.138916 -0.0296705 0.700792 0.289295 0.0274783 -0.104319 -0.287451 -0.439622 -0.0145759 -0.0185277 0.00269801 -0.0549018 0.00144101 -0.0193238 -0.10598 0.0502967 -0.0425889 0.163463 0.0151195 0.0598855 0.154066 -0.0169384 0.0503622 0.293967 0.219279 1.3513 0.147476 0.691424 0.00312391 0.0213329 0.156753 -0.0506649 -0.0424248 0.30397 -0.292234 -1.33115 0.166765 0.704128 0.0325373 -0.0542063 -0.226468 -0.0426792 -0.624661 -0.117335 0.0484414 1.22016 3.36494 -0.35595 0.591959 -2.80795 -0.257528 0.347187 -0.0488182 -12.3047 -12.8792 -3.20417 -0.0161685 1.54874 1.65266 -4.63031 -2.56955 1.15298 2.17116 1.56241 0.22393 0.332751 0.369378 -0.0161953 0.131573 0.36465 -1.83751e-09 0.105016 0.728807 -0.355966 0.0438565 -1.17316 2.71187e-09 -0.0935248 2.6025e-10 -0.397494 0.685794 -0.264844 0.121027 -1.14031 1.58275 -0.133161 7.63713e-10 -2.99965e-11 0.275283 0.366334 0.994096 -0.186501 0.29277 1.59975e-10 -0.630035 -0.873572 0.211715 0.927234 10.9439 -0.0106281 0.057783 1.22547
141 9.16629 0.0120684 -0.0193052 0.0178395 0.21243 -0.0667555 10.996 -0.0187952 -0.121283 -0.00288178 -0.100852 0.115059 0.114291 -0.0300933 0.054932 0.0537945 -0.346027 0.123027 -0.00314108 0.672365 0.158496 0.0218693 -0.104244 -0.211481 -0.379257 -0.0196113 -0.0195373 0.0030727 -0.0578115 0.00236074 -0.0163234 -0.106096 0.0442489 -0.0421756 0.16055 0.0242426 0.0505841 0.152986 0.0245654 0.0532702 0.267139 0.184944 1.35065 0.221688 0.701527 0.0369823 0.0515099 0.156811 -0.0386725 -0.0346471 0.246007 -0.199941 -1.36061 0.175713 0.698152 0.0288573 -0.0994188 0.0987128 -0.441201 0.0592607 -0.0376031 0.048372 1.08351 1.18419 -0.0344201 -0.141943 -6.70638e-10 -1.31424 0.430158 -0.0373027 -0.012242 -0.00287269 -2.66312 -0.529442 0.433143 -1.86142 -2.68473 -0.201469 1.96657 3.10534 2.56506 0.112956 -0.134909 -0.0858252 0.0900382 0.113078 0.105916 -1.75664e-09 0.892162 0.269111 -0.0514065 -1.04053 -0.666497 4.07465e-09 0.386798 6.57709e-11 -0.81118 1.3459 -0.11251 0.334494 -0.188258 1.35012 0.192616 5.74878e-09 0.535123 0.120423 -0.414341 0.710953 -0.459761 0.15919 -0.00449169 -0.349106 -0.0729795 0.211716 0.928931 10.9847 0.00688536 0.043207 1.2214
142 9.19962 0.0216327 -0.0428442 0.0160687 0.210992 -0.0668343 11.0314 0.0129228 -0.12189 -0.00239003 -0.100852 0.0747601 0.134897 -0.0178322 0.0405176 0.0456332 -0.419519 0.116879 0.023986 0.554882 0.126546 0.0451683 -0.083916 -0.109719 -0.294468 -0.0198737 -0.0172037 0.00375937 -0.0553905 0.00673905 -0.0112017 -0.105163 0.0747622 -0.0326535 0.153637 0.00366782 0.0271481 0.152754 0.0333139 0.0539415 0.227594 0.209072 1.35508 0.249384 0.695374 0.0737958 0.0398608 0.156849 -0.0399275 -0.0382299 0.330492 -0.201678 -1.35205 0.207164 0.699273 -0.00486208 -0.0994015 0.173941 -0.694036 -0.00418744 0.0138996 -0.0254774 1.04736 1.05601 0.15591 -0.152202 -1.0498e-09 -1.64774 0.60749 0.0160835 0.35863 0.48886 -2.00788 -0.289075 0.565096 -3.66999 -0.780906 0.554374 0.701971 3.23499 2.7602 0.163251 -0.0789896 -0.155187 0.0699015 0.218739 0.297212 -1.17982e-09 0.142495 0.357459 -0.19589 0.0116828 -0.721856 2.48289e-09 -0.125616 7.75106e-11 -0.258544 1.79575 -0.0558145 0.0997523 -0.596365 0.811633 -0.659952 2.04349e-09 -0.195014 -0.0308873 1.05435 0.822871 -0.491577 -0.0887904 -0.09401 -0.677094 0.228341 0.212212 0.929013 11.025 0.0192859 -0.0316932 1.19834
143 9.23296 0.0117587 -0.0726727 0.000555196 0.209879 -0.0695576 11.068 0.0673139 -0.110891 0.00851909 -0.100852 0.028018 0.154216 -0.0169405 -0.0221343 0.00569031 -0.438645 0.111808 0.0641694 0.387365 0.12097 0.0384262 0.015013 -0.0729463 -0.261213 -0.00485497 -0.0154618 0.0143108 -0.0457486 0.0149854 -0.0012601 -0.103876 0.113138 -0.0192822 0.150323 -0.0225277 0.0057673 0.152243 0.0506588 0.0550071 0.173102 0.194226 1.37016 0.324066 0.690705 0.0422935 0.0131428 0.146375 -0.0513751 -0.0507618 0.424654 -0.219196 -1.35045 0.20499 0.677985 0.0122372 -0.0758584 -0.311343 -0.777432 -0.579097 0.0376115 -0.0947681 1.12566 1.70016 0.358835 0.336546 -4.78237e-10 -1.34399 0.412268 -0.0198708 -2.81193 -2.10177 -0.575661 -0.294145 1.17141 -4.64169 2.06374 -1.40423 5.14494 1.13695 1.14927 0.369173 -0.179153 0.229253 0.313488 0.286955 0.496243 -1.42482e-09 0.158922 0.228164 -0.0230597 0.117628 -0.288466 3.20478e-09 -0.110156 2.15811e-10 -0.958376 1.69018 0.275703 0.212213 -1.16001 0.48282 -0.673743 -0.972913 -6.21199e-10 -2.61601e-10 0.910775 1.17094 -1.31872 -0.34227 1.27937 1.03051 -0.463981 0.212922 0.926703 11.0649 0.0196587 -0.0819268 1.19821
144 9.26629 0.00425681 -0.115658 -0.0139493 0.209299 -0.0736752 11.1085 0.12283 -0.111092 0.0129545 -0.100852 -0.0197845 0.197405 -0.00719814 0.025441 0.0418538 -0.396498 0.107869 0.102022 0.133252 0.0767562 0.0894925 -0.0336614 0.0214942 -0.166727 -0.00349047 -0.00568018 0.0236956 -0.0346473 0.0215099 0.00740422 -0.103224 0.121578 -0.00961708 0.151182 -0.0218015 -0.0109347 0.152381 0.0455359 0.054615 0.150276 0.207462 1.38507 0.386305 0.692375 0.0886186 0.00696064 0.152688 -0.0515392 -0.0506033 0.401234 -0.180673 -1.3919 0.181384 0.699996 0.0184351 -0.0944751 0.0310117 -1.15979 -0.525553 0.129488 -0.151911 1.21978 1.41678 -0.101124 0.124758 -7.82424e-10 -1.44352 1.26741 0.134723 0.0094206 0.0001233 0.704825 -0.323605 1.15298 -6.38343 -2.37144 -0.102579 -0.536029 2.8364 2.83376 -0.113557 0.085238 0.405925 0.0790753 0.223205 0.224956 -1.14567e-09 0.244576 0.44189 -0.0299878 -0.150096 -0.676346 3.16059e-09 -0.525226 1.65044e-10 0.10102 1.3129 0.47815 0.252876 -1.21964 2.2848 -1.21119 1.67924e-09 -2.07927e-10 -3.69484e-10 0.134087 0.847844 -1.15455 0.124035 -0.0495299 -0.0361473 -0.347892 0.213889 0.923043 11.1048 0.0314219 -0.127903 1.19849
145 9.29962 -0.0138296 -0.147264 -0.0342052 0.208944 -0.0805191 11.1513 0.194087 -0.111814 0.0180351 -0.100852 -0.0716285 0.230813 0.00287369 -0.0862861 -0.0575601 -0.36257 0.1038 0.137805 0.00128484 -0.0552221 0.0694181 -0.030042 0.0624558 -0.124926 0.0059777 0.00201047 0.0376328 -0.0249992 0.0265551 0.0135647 -0.101244 0.182008 0.0138447 0.152968 -0.0743939 -0.0401574 0.1523 0.0485517 0.0548459 0.138574 0.200448 1.40471 0.462321 0.672348 0.0724721 -0.0106039 0.152857 -0.0446842 -0.0500771 0.462332 -0.185901 -1.40361 0.205208 0.700461 0.00615303 -0.0869378 -0.468325 -0.793489 -0.539378 0.194013 -0.251715 1.29946 2.07754 0.0956169 -0.0420042 -1.74086e-10 -1.6129 0.714339 0.130609 -1.94587 -1.27466 0.560321 -0.198897 0.851 -2.20621 -3.0412 -0.720771 -0.465186 0.777645 0.891186 0.0610354 0.299993 0.358827 0.307553 0.104202 0.175546 -1.02436e-09 0.917943 0.614204 0.0933101 -0.785642 -0.544622 6.7816e-09 -0.372732 4.2664e-10 -0.0419937 0.848691 0.486241 0.28961 -1.18495 0.723113 -0.411507 4.98665e-09 0.540731 -5.47046e-10 0.344185 0.332502 -0.47302 0.0375126 5.2523e-11 -0.614947 0.211836 0.215044 0.917485 11.1449 0.0329571 -0.199741 1.20643
146 9.33296 -0.0297319 -0.162884 -0.0480695 0.209381 -0.089658 11.1965 0.263013 -0.101488 0.0153967 -0.0947664 -0.130104 0.237608 0.0119679 0.0401599 0.0457944 -0.351194 0.104875 0.150054 -0.00857265 -0.14744 0.0409872 -0.0346239 0.0818841 -0.100472 0.00348247 0.0107376 0.0453447 -0.0133276 0.0314236 0.0162951 -0.101314 0.223099 0.036374 0.165619 -0.113166 -0.0607792 0.152261 0.0500025 0.0549569 0.121941 0.191765 1.42071 0.488385 0.658409 0.0722798 -0.0160689 0.153252 -0.0298384 -0.0501779 0.459106 -0.17008 -1.40751 0.206543 0.696162 0.0111277 -0.081163 -0.287967 -0.371139 -0.332533 0.262564 -0.343428 1.35166 1.73232 0.245075 -0.274624 0.450961 -1.93037 0.131874 0.0604486 7.65883 0.00724565 0.274342 -0.0614104 0.118251 0.305229 -1.91368 -0.704331 -0.343238 0.601727 0.661232 -0.355329 0.34904 0.195901 0.298583 0.0858042 0.0463438 -1.20695e-09 0.715322 0.639439 0.257287 -0.713462 -0.456204 8.22885e-09 2.0274e-10 6.02512e-10 -0.0354214 0.129232 0.14958 0.146253 -0.5298 0.328465 -0.0951781 6.19079e-09 0.619258 -6.41692e-10 -0.108183 0.144986 0.137924 0.00556131 -0.0534219 0.312148 0.0649291 0.216243 0.909359 11.1854 0.0358984 -0.287241 1.21721
147 9.36629 -0.0405336 -0.173525 -0.0552271 0.210978 -0.101201 11.2434 0.306171 -0.0963269 0.00214133 -0.0482857 -0.200763 0.238286 0.0415505 0.00521169 0.0383165 -0.33432 0.107194 0.142503 0.0179507 -0.185676 0.0294768 -0.0514737 0.100033 -0.0849509 -0.00654188 0.0178154 0.0465071 -0.00567394 0.0359513 0.0187114 -0.102519 0.228138 0.0514309 0.179806 -0.124035 -0.0684158 0.152261 0.0500025 0.0549569 0.109267 0.1823 1.42476 0.492034 0.660491 0.067924 -0.00746548 0.153482 -0.0212167 -0.0506725 0.448986 -0.1553 -1.39855 0.198292 0.683359 0.020477 -0.0691563 -0.199521 -0.260666 -0.244395 0.322145 -0.432897 1.37647 1.15846 -0.0434789 -0.414978 1.41991 -2.23931 0.369061 0.0650614 -0.158756 -0.226947 0.648369 -0.0107892 -0.262538 0.846847 -0.829161 -0.142319 -0.524514 0.694401 0.496853 -0.417587 0.136091 0.0927735 0.136013 0.145001 0.0515779 -1.52235e-09 0.211056 0.729751 0.122677 -0.522238 -0.616836 7.52593e-09 4.38557e-10 5.78703e-10 -0.155108 -0.160016 -0.115986 0.0723552 -0.0399458 -0.104886 0.0466227 4.23882e-09 0.0623708 -4.70627e-10 -0.149453 0.409494 0.398869 0.0795736 -0.258086 0.564259 -0.0849706 0.217617 0.898207 11.2262 0.045809 -0.378028 1.22744
148 9.39962 -0.0548894 -0.183313 -0.0804361 0.212753 -0.113241 11.2917 0.318582 -0.100582 0.00196852 0.0641869 -0.250238 0.26056 0.0414569 0.0468081 -0.0350341 -0.300523 0.108134 0.146876 0.060103 -0.138895 0.0266264 -0.0543122 0.11689 -0.0729288 -0.0141444 0.0172121 0.0613427 0.000728132 0.0435862 0.0274087 -0.101887 0.205477 0.0525689 0.19582 -0.113633 -0.0529079 0.152246 0.0505617 0.0549997 0.0871968 0.184575 1.41668 0.436858 0.648592 0.0622768 -0.00301788 0.153111 -0.0358637 -0.0517994 0.438817 -0.142395 -1.39033 0.170915 0.662286 0.0448029 -0.0603062 -0.57797 0.0935027 -0.832933 0.358882 -0.400717 1.45551 0.401473 -0.159858 0.184669 3.57721 -0.170293 0.451621 -0.217857 -2.90574 -3.96059 1.29997 -0.116821 0.0839019 1.24572 0.984261 0.107547 0.231916 0.794213 0.557903 -0.398985 -0.138809 0.464378 0.293409 0.243155 0.34596 -1.58613e-09 -0.727429 5.7638e-10 0.462115 0.273404 0.389245 7.29202e-09 5.43539e-10 6.66613e-10 -0.11417 -0.307004 -0.452881 -0.730301 0.264256 -1.52726 0.331753 2.40135e-09 -0.969155 -4.49289e-10 -0.08518 0.56688 0.32221 -0.153676 0.0449805 1.1321 -0.518135 0.219245 0.885818 11.2682 0.0543923 -0.349186 1.2856
149 9.43296 -0.0716208 -0.177681 -0.113748 0.214478 -0.122109 11.3405 0.27501 -0.125935 0.00556451 0.273666 -0.18349 0.298604 -0.00568289 -0.147336 -0.233286 -0.263538 0.12743 0.160147 0.0668753 0.207047 -0.12587 -0.0314088 -0.133931 -0.289008 -0.0181066 0.0135814 0.0720673 0.00382239 0.0452032 0.044806 -0.100794 0.166955 0.0544909 0.214961 -0.0914805 -0.0344153 0.152227 0.0512706 0.0550539 0.0627429 0.194574 1.40157 0.330373 0.64064 0.0314536 0.00232175 0.151598 -0.0515065 -0.0530163 0.42818 -0.14274 -1.37583 0.137552 0.673877 0.0687208 -0.0807941 -0.814177 0.466632 -0.870737 0.351164 -0.352907 1.46034 -1.15311 -1.11387 0.384507 6.21893 7.89382 4.21812 -7.82526 -13.4178 -23.0941 1.34799 0.716157 0.510791 0.641954 8.54455 -5.98436 -0.783835 -4.8194 -2.73786 -0.118958 -0.162162 0.159693 0.268528 0.0873944 0.572228 -2.35377e-09 -1.06694 4.87274e-10 0.63515 0.609065 0.393526 7.61549e-09 7.95291e-10 5.41137e-10 -0.460354 -0.578941 -0.516874 -0.775964 1.74862 -2.14019 1.30679 5.16106e-10 -5.32172e-10 -2.66959e-10 -0.425233 -0.201814 0.727392 -0.156996 1.39409 0.961469 -1.07272 0.221359 0.876275 11.313 0.0757023 -0.28299 1.37123
150 9.46629 -0.0795488 -0.121246 -0.104655 0.218519 -0.122754 11.3854 0.171283 -0.152002 -0.0142955 0.520226 0.0814806 0.277131 -0.0488937 -0.436814 -0.614377 -0.279727 0.135441 0.129904 0.189278 0.182236 -0.224319 -0.001915 0.022677 0.0137 -0.0162624 -0.00105444 0.0404455 -0.00495656 0.0369613 0.0539174 -0.101703 0.209515 0.0506894 0.230987 -0.154574 -0.018799 0.152099 0.0523033 0.0551351 0.083759 0.210071 1.38051 0.232096 0.634965 0.00287132 0.0212673 0.152765 -0.0504151 -0.0528893 0.396502 -0.166714 -1.34344 0.115138 0.700487 0.0668667 -0.0922593 -0.530084 1.97818 0.444668 0.308749 0.032256 1.30974 -2.70225 -0.0470911 -0.153306 6.88149 7.19561 -0.896741 -0.728921 1.41347 -2.75942e-07 0.47242 0.204896 -0.857919 2.78524 -2.70314 -1.8847 1.29867 -0.000153643 -0.000157973 -0.0306041 -0.0151046 -0.4467 0.226473 -0.25909 -0.329795 -2.01591e-09 1.84239 0.481709 0.393235 -2.27626 -0.0723014 7.44254e-09 8.5733e-10 4.83583e-10 0.261211 -1.35238 -0.34459 -0.339889 2.08964 -1.4807 1.71132 8.6833e-10 -5.80951e-10 -2.21631e-10 0.431933 -0.901462 1.63367 0.402182 8.38607e-10 0.123615 -0.485511 0.224485 0.875988 11.3581 0.109583 0.13451 1.30985
151 9.49962 -0.0867767 -0.0956678 -0.0867604 0.224049 -0.115887 11.4262 0.0244754 -0.136572 -0.0369661 0.770975 0.423694 0.19512 -0.0263045 -0.392975 -0.581923 -0.217184 0.147541 0.0979543 0.18082 0.134552 -0.254192 0.0141911 0.0226828 0.013714 -0.0133225 0.0092172 0.0263699 -0.00277624 0.0327264 0.0401124 -0.100875 0.159677 0.0479456 0.236503 -0.119766 -0.0115788 0.152156 0.050198 0.0549741 0.132087 0.240843 1.364 0.156905 0.655714 -0.0423623 0.0362777 0.151377 -0.0478391 -0.0527321 0.354131 -0.149699 -1.31637 0.178955 0.699483 0.0295454 -0.0434466 -0.239447 0.936984 0.367687 0.243549 0.153101 1.17573 -4.02425 0.293273 0.0481782 5.64516 7.90476 -3.46917 3.33549 1.49456 2.10818 2.44879 0.30131 -0.511468 -1.36517 -0.79015 -1.0829 0.551674 0.00130979 0.00203063 0.195728 0.111537 -0.235772 0.0876654 -0.0492688 -0.310018 -1.70737e-09 -1.26847 -0.157921 0.170235 0.83726 0.132958 3.74869e-09 5.75487e-10 1.66382e-10 -0.132716 -1.09539 0.124641 -0.0998679 2.18162 -1.74976 0.546125 3.65636e-09 0.219854 -1.68022e-10 -1.60298 -1.28859 0.820968 0.265164 -0.38974 -1.4738 0.982714 0.227726 0.883229 11.4005 0.0936647 0.243262 1.23697
152 9.53296 -0.0765448 -0.0702446 -0.110811 0.226177 -0.105058 11.4646 -0.0877365 -0.120529 0.00423989 0.819992 0.814439 -0.0149026 -0.0118994 -0.619774 -0.603142 -0.140295 0.17994 0.114719 0.101137 0.123005 -0.310341 0.0182483 0.0227779 0.0138605 -0.0199433 0.0164708 0.0450265 -0.0092927 0.0219253 0.0412752 -0.101793 0.115207 0.0532436 0.24265 -0.0824167 -0.0045813 0.152158 0.0501184 0.054968 0.263367 0.295053 1.33613 0.120354 0.666458 -0.0258755 -0.00233105 0.151776 -0.0322729 -0.0515471 0.298703 -0.169267 -1.30968 0.189899 0.68833 0.0392433 -0.0324251 0.23387 1.05029 -1.08791 0.0813282 0.247164 1.17097 -2.63252 -0.174681 1.64149 0.285681 14.3811 -1.3946 -3.91153 -1.64536e-08 1.12544 2.41222 0.436151 1.20012 -2.90367 -0.0954154 -1.61891 0.0507922 0.00453579 0.00649381 -0.177197 -0.0584901 0.78207 -0.269551 -0.276042 0.201545 -1.1736e-09 -2.87863 5.52758e-10 -0.10496 2.73439 0.0176164 4.64385e-09 3.87401e-10 2.76129e-10 0.24212 -1.31967 0.348804 -0.416295 1.47614 0.14991 -0.447725 1.97967e-09 0.408217 -9.06238e-11 -0.658031 -1.49335 0.381317 -0.122379 0.245051 -0.0989488 -0.379718 0.230039 0.892853 11.4404 0.0573561 0.294081 1.17001
153 9.56629 -0.0560109 -0.0666278 -0.112836 0.228848 -0.0984564 11.5024 -0.20247 -0.0918413 0.014346 0.853548 0.600464 -0.0380127 0.0182858 -0.59635 -0.600797 -0.0533844 0.19424 0.108418 -0.0115763 0.120184 -0.321992 0.00769413 -0.0561512 -0.0831874 -0.0288715 0.044941 0.0491414 -0.0256006 0.00477112 0.0295068 -0.101832 0.00109749 0.056777 0.234755 0.02723 0.00262842 0.153049 0.0164632 0.0523893 0.21558 0.26407 1.36761 0.0486794 0.701192 -0.0276734 0.06315 0.152373 -0.00857359 -0.0502853 0.249561 -0.220407 -1.29532 0.142185 0.674497 -0.0105554 -0.116215 0.519253 -0.000206892 0.13384 0.149736 0.0617958 1.11633 -3.11819 1.07952 0.359775 0.0456147 -5.2385 1.2988 1.36486 1.56563 -2.47406 2.37312 0.408108 -0.10876 -2.66549 -0.444464 -0.348323 -0.494286 -1.61189 -2.61019 0.0117712 0.84805 -0.061443 -0.597231 -0.522207 -0.392806 -1.72901e-09 -1.31381 -0.114157 -0.323909 1.30912 0.209992 2.26292e-09 -0.491487 8.61482e-11 0.526023 -0.959649 0.618886 0.033735 9.91968e-10 -0.220955 0.634713 4.25399e-09 -0.283571 -1.81009e-10 0.660537 -0.54206 0.6343 0.160055 -0.895354 -0.254888 -1.08966 0.232129 0.898858 11.4795 0.0683562 0.0981658 1.17785
154 9.59962 0.0178423 -0.0885118 -0.0990727 0.232096 -0.0972528 11.5344 -0.38806 -0.0480643 0.0188287 0.83994 0.385968 -0.0523863 0.0589281 -0.496381 -0.595037 -0.0535573 0.209398 0.0834536 -0.0744556 0.110438 -0.311617 0.0091367 0.0215697 0.0384002 -0.0608412 0.0872273 0.051209 -0.0713006 -0.00397177 -0.000589278 -0.103115 0.0468359 0.0544358 0.223821 -0.00409346 0.0207881 0.154615 -0.0444022 0.0355845 0.223136 0.262507 1.41056 0.0311497 0.69991 -0.000789677 0.146941 0.151302 -0.0507947 -0.0526852 0.30277 -0.203397 -1.26535 0.223902 0.68924 -0.0948483 -0.102008 1.92917 -0.773589 0.458574 0.170091 0.0214072 0.912439 -5.15225 1.22866 0.465029 -1.34746 -4.86573 -0.298419 1.85331 2.29739 0.72796 0.438792 0.381895 -0.797415 -1.85682 -0.285055 0.589698 0.0715282 0.00294241 0.00399977 -0.403874 1.24662 -0.0648747 -1.2483 -0.318362 -0.903331 -3.07322e-09 1.42617 9.11947e-11 -0.42619 -0.746036 0.620883 4.15046e-09 -1.52671 -0.501924 0.914929 -0.105991 1.44148 0.196461 3.00467e-10 1.32896 1.06002 4.13713e-09 -6.94888e-10 -1.51032e-10 1.09234 -0.253693 0.708875 0.322859 -1.49073 -2.52752 0.876421 0.23446 0.900233 11.5187 0.0688669 0.0031706 1.17299
155 9.63296 0.0401632 -0.10224 -0.0889174 0.234497 -0.0976007 11.5655 -0.509058 -0.045224 0.0263954 0.774663 0.266872 -0.0742278 0.0698921 -0.503295 -0.521613 -0.0192922 0.19589 0.0680635 -0.102353 0.0835777 -0.282192 0.0132226 0.0218369 0.0386436 -0.0557493 0.0860963 0.0461404 -0.071272 -0.0122409 -0.0108575 -0.10328 0.0518489 0.0520599 0.192702 -0.00953258 0.01938 0.153548 0.0101592 0.0507359 0.369286 0.227306 1.38778 0.207216 0.685209 0.0120564 0.0816845 0.151863 -0.0430683 -0.0520864 0.214187 -0.153065 -1.28974 0.291184 0.688014 -0.0293102 -0.0409689 0.108189 -0.524972 0.308811 0.171946 0.02113 0.918363 -3.08053 -0.117473 0.306798 -1.98117 -1.79573 -0.16059 -0.11289 -1.93274 1.6718 1.24481 -0.466612 -0.284771 -1.24019e-09 -1.18764 1.03354 0.339205 0.0114829 0.0111193 0.53514 -0.146116 -0.0451044 0.414929 -0.0111836 -0.257859 -3.08689e-09 1.72092 1.04635e-09 -0.676162 -1.96793 0.0666603 4.36713e-09 0.510091 2.44494e-10 0.768772 -0.179006 0.381424 -0.217675 -1.8199 2.10401 -2.40988 3.73353e-09 0.63543 -1.6401e-10 -0.761509 -1.49169 -0.207141 0.226436 -0.929775 0.521451 1.35784 0.236636 0.900381 11.558 0.0597025 0.00730812 1.18277
156 9.66629 0.0390085 -0.0951787 -0.0808854 0.237139 -0.0991987 11.5984 -0.546118 -0.0591992 0.0307336 0.588303 0.204408 -0.113802 0.0890334 -0.499783 -0.486362 0.0245883 0.176757 0.0561861 -0.102353 0.0410291 -0.268596 0.0198867 0.0231368 0.0402502 -0.0430978 0.0746304 0.0432227 -0.0519239 -0.0107825 -0.0159764 -0.104815 0.114011 0.0505073 0.174719 -0.0822312 0.0136979 0.153383 0.0166671 0.0512367 0.389536 0.229832 1.39925 0.205822 0.633528 0.00693194 0.103062 0.151733 -0.0480384 -0.0523597 0.166466 -0.153507 -1.30655 0.33863 0.699351 -0.0140552 -0.0335496 -0.010255 0.412519 0.105826 0.196717 -0.0433675 0.985677 -0.609912 -0.412773 0.0547203 -6.34755 -0.418615 0.241534 -0.173473 -2.93043 0.808279 1.28926 -0.678969 -0.116759 -5.44709e-10 -1.64857 0.294392 0.375163 0.403408 0.544421 0.385793 -0.144108 0.459026 0.469504 -0.0875245 -0.604329 -1.72153e-09 1.34627 0.365028 -0.627502 -1.57848 -0.477088 4.07347e-09 0.361339 3.04342e-10 0.835327 -0.483649 0.477645 0.0755405 -0.987319 -0.403574 0.497944 3.52884e-09 0.270621 0.0505746 -0.104761 -1.56902 -0.309606 0.255135 -0.230198 -0.486522 0.372133 0.238496 0.898829 11.5971 0.05168 -0.0874394 1.16602
157 9.69962 0.0503648 -0.0606959 -0.0700934 0.239623 -0.102252 11.633 -0.521211 -0.0595598 0.0247714 0.273227 0.223047 -0.14308 0.0852658 -0.501141 -0.453413 0.0544612 0.153191 0.0422068 -0.102353 0.000239344 -0.278591 0.0255241 0.0237084 0.0408475 -0.0401348 0.0568407 0.0367284 -0.0447847 -0.014714 -0.0204344 -0.104998 0.109966 0.0458604 0.153509 -0.0881798 0.0183273 0.15296 0.0331284 0.0525019 0.440178 0.220673 1.40864 0.218997 0.626465 -0.00135465 0.107883 0.151752 -0.0473301 -0.0523057 0.128694 -0.153539 -1.33414 0.391965 0.695164 -0.0300531 -0.0158008 0.495602 1.08919 0.453958 0.155027 -0.0648168 1.03472 0.468328 0.247556 -0.379245 -8.5745 0.777711 0.171957 -0.323179 -2.93982 0.550569 0.74511 -0.666524 -0.520557 -1.15298e-09 -1.18286 -0.398146 0.341608 0.0198423 0.0214274 0.0582792 -0.251212 -0.230229 -0.0165724 -0.231417 -0.292664 -1.80461e-09 -0.362009 -0.118638 -0.619875 0.159834 0.0830884 4.77989e-09 0.393736 4.2111e-10 0.400714 -0.873309 0.726967 0.0298972 -0.31196 0.00553572 0.0657009 3.48869e-09 0.393276 -1.30981e-10 -0.204287 -1.35916 -0.733485 0.152455 -0.74724 -1.38987 1.31019 0.240076 0.895405 11.6356 0.0469985 -0.112668 1.14651
158 9.73296 0.0354179 -0.00591836 -0.0586033 0.241566 -0.10702 11.6707 -0.45492 -0.0810854 0.011565 0.0205562 0.211941 -0.0795669 0.110719 -0.368492 -0.357382 0.114427 0.156169 0.0346244 -0.102353 -0.0461791 -0.334943 0.0254171 0.0790928 0.100493 -0.00564015 0.0386645 0.0322249 -0.0510492 -0.0213808 -0.0270351 -0.105251 0.0727425 0.0259248 0.137716 -0.0686213 0.0446555 0.152515 0.0501754 0.0538098 0.48867 0.19895 1.42765 0.232356 0.648822 0.0041028 0.0595675 0.151657 -0.0510308 -0.0525878 0.0763803 -0.134251 -1.37897 0.445402 0.687503 -0.0363597 -0.0175364 -0.273022 1.79564 0.288786 0.0625061 -0.117221 1.1645 1.27621 -0.919449 -0.573683 -5.10136 -0.0742281 3.94548 -1.0437 4.67628 3.04166 1.58817 0.174032 0.023788 -8.78511e-10 -1.43733 -1.93985 0.104364 0.00548717 0.00762242 0.602065 -0.461859 -0.0978683 -0.163615 -0.129759 -0.219049 -1.88677e-09 -0.659846 -0.373884 -0.441036 0.172571 0.391302 3.26853e-09 9.39902e-11 3.02237e-10 0.271972 -0.748109 1.0185 0.0702769 0.770928 -0.151875 -0.608009 3.8123e-09 -1.39223e-10 -1.44142e-10 0.0180825 -0.979184 -1.02717 0.199799 -1.25371 -0.951224 0.908511 0.24131 0.891176 11.6735 0.0363326 -0.136824 1.12564
159 9.76629 0.0305745 0.0330405 -0.0455563 0.242217 -0.112525 11.7094 -0.453684 -0.090442 0.00967228 -0.0219487 0.102956 -0.0416707 0.0747979 -0.364366 -0.349335 0.166421 0.139532 0.0285046 -0.102353 -0.0820493 -0.356232 0.0274764 0.0687778 0.086452 -0.00276698 0.0204227 0.0218158 -0.0388878 -0.031253 -0.0283734 -0.104673 -0.000309438 0.0173688 0.12669 -0.00912865 0.0521817 0.152732 0.0419018 0.0531754 0.443254 0.171514 1.44683 0.199844 0.672874 -0.00997627 0.10785 0.151657 -0.0510308 -0.0525878 0.152768 -0.178969 -1.37523 0.520986 0.68497 -0.0825371 0.00124856 -0.230611 0.885895 0.395403 -0.0188827 -0.104481 1.18496 -0.0467986 -0.231406 0.122205 0.0524315 -2.5084 0.875974 -1.06696 2.20368 1.29963 1.63774 -0.646977 -0.0390556 -8.88305e-10 -0.48879 -0.241397 0.275608 -0.82206 -1.1193 0.0226109 -0.661768 -0.316062 0.421522 -0.207259 -0.035031 -5.90007e-10 -1.26095 -0.132857 -0.296767 0.767569 -0.19488 8.53758e-09 -0.223885 8.42087e-10 -0.428959 0.0464908 -0.072334 -0.0405544 0.559651 -0.599417 0.64386 6.98886e-09 -2.24237e-10 -6.90832e-10 1.58201 -0.00300278 -0.0231139 0.673342 -0.276051 -2.58057 0.748481 0.242415 0.886842 11.7108 0.0355921 -0.111918 1.11156
160 9.79962 0.017853 0.0638515 -0.0313189 0.243072 -0.115493 11.7501 -0.442307 -0.105862 0.0128522 0.00428672 0.103844 0.0319965 -0.0136211 -0.392139 -0.422056 0.225479 0.11904 0.0219807 -0.0997898 -0.0712383 -0.365059 0.0404029 0.0141267 0.0120205 0.00028526 0.003391 0.0164886 -0.0252092 -0.0401144 -0.0317815 -0.10433 -0.0385258 0.00865092 0.122254 0.0251472 0.0513897 0.153208 0.0234931 0.0517616 0.433929 0.168435 1.43583 0.206999 0.691579 -0.0281926 0.0869682 0.151657 -0.0510308 -0.0525878 0.166826 -0.20635 -1.37749 0.521671 0.69793 -0.0964629 -0.0165837 -0.124599 0.716006 0.140115 -0.0423956 0.00178731 1.22848 0.312573 -0.44421 -0.0646175 0.892153 7.4003 5.38158 -1.46785 -30.3794 -19.5171 1.31092 -0.432777 0.176421 0.272331 1.06738 -0.230832 0.349084 -2.29707 -3.12866 -0.117843 -0.507798 0.191695 0.172749 -0.0547148 -0.0848367 -1.55803e-09 -1.38605 -0.136402 -0.0668732 1.33239 -0.339102 6.09066e-09 -0.681714 6.96178e-10 -0.170234 0.0531978 -0.680962 0.0958068 0.30366 -0.145782 -0.398326 8.46582e-09 -6.90883e-10 -1.09393e-09 0.0789233 -0.4262 -0.273198 -0.489439 0.946736 0.613318 -0.218205 0.243241 0.884429 11.7478 0.00562949 -0.0157449 1.10276
161 9.83296 0.0198819 0.0791681 -0.0189714 0.244554 -0.111486 11.7903 -0.444502 -0.125033 0.000686865 0.0715503 0.181056 0.164665 0.0364041 -0.60607 -0.59476 0.23067 0.109123 0.0134664 -0.0391584 0.00875561 -0.365612 0.0774394 -0.120849 -0.171469 -0.0106995 -0.00662605 0.0171938 -0.0181126 -0.0421274 -0.0360594 -0.104412 -0.0265355 0.0104318 0.122656 0.0195389 0.0326902 0.153334 0.0185785 0.0513837 0.394509 0.175975 1.42064 0.151513 0.656963 -0.0425344 0.0856616 0.151657 -0.0510308 -0.0525878 0.142174 -0.225798 -1.3851 0.455698 0.701652 -0.084764 -0.0214562 -0.0496043 0.20236 0.261899 -0.0617276 0.241542 1.22892 0.358233 0.0489276 -0.489543 1.88755 -0.107463 1.10889 1.94351 -6.17815e-09 -1.21303 -0.0964225 -0.21611 -0.193245 2.29574 3.98053 0.11301 0.744615 -5.42303 -7.35282 -0.389425 -0.256181 0.151115 0.322504 -0.0605314 -0.148447 -2.14031e-09 0.328681 0.187164 0.00943558 -0.154262 -0.637097 3.81839e-09 1.09439 5.05796e-10 -0.253205 -0.32034 -0.695872 -0.091198 -0.0934509 -1.30294 0.584306 8.13874e-09 -1.04094e-09 -9.62156e-10 0.0333322 -0.0934339 0.0666925 -0.571697 1.1396e-09 1.67036 -0.987736 0.242863 0.888157 11.785 -0.0285458 0.203471 1.12727
162 9.86629 0.0366313 0.0740729 -0.0106293 0.244974 -0.102248 11.8312 -0.444923 -0.114785 -0.00320332 0.122351 0.185417 0.128307 0.0224028 -0.53824 -0.55739 0.174661 0.115752 0.00484788 0.0792951 0.240882 -0.357957 0.124777 -0.483111 -0.617693 -0.0349926 -0.00607697 0.0169486 -0.0190972 -0.0423198 -0.0340467 -0.104386 -0.0269243 0.00848295 0.127209 0.0198816 0.0274769 0.152481 0.0514906 0.0539106 0.384167 0.162146 1.39595 0.133061 0.660858 -0.0583982 0.0870188 0.151672 -0.0504412 -0.0525428 0.109755 -0.230065 -1.3911 0.363282 0.685531 -0.0460939 -0.0378904 0.360062 -0.591025 0.19687 -0.106869 0.336797 1.2573 0.397391 0.549247 0.330188 1.02596 0.0638719 -1.85276 0.156849 2.39069 1.532 -1.70113 0.421558 -0.345626 3.68429 6.43021 0.141631 -0.24911 -7.1043 -8.57116 -0.612831 0.0724655 0.108909 -0.039348 0.00196553 0.0187813 -2.2109e-09 -0.647851 -0.108491 0.128602 0.708812 -0.0425471 2.92106e-09 1.26365 3.59992e-10 -0.188938 -0.499988 -0.821692 0.00409686 0.257145 -0.400965 0.0543455 6.14482e-09 -6.71345e-10 -6.31218e-10 -0.193495 0.514371 0.142902 -0.689834 0.852623 2.08678 -1.06647 0.241839 0.896497 11.8239 -0.0351165 0.265464 1.2031
163 9.89962 0.0393736 0.0681646 0.00892039 0.244272 -0.0903264 11.8751 -0.402155 -0.104307 -0.0074956 0.12958 0.188618 0.0597638 0.0104318 -0.457131 -0.49967 0.0831519 0.136043 -0.00178713 0.288819 0.418287 -0.369339 0.134144 -0.499225 -0.617693 -0.0481952 -0.00815474 0.00886938 -0.0181898 -0.0417608 -0.0384039 -0.104298 -0.0379232 0.00528511 0.134143 0.0330735 0.023056 0.152481 0.0514906 0.0539106 0.383075 0.166747 1.37063 0.144282 0.697863 -0.0552053 0.0752047 0.151639 -0.0517149 -0.0526399 0.126139 -0.252254 -1.36987 0.272126 0.678433 -0.0138778 -0.0583606 -0.200769 -0.725606 0.750295 -0.125102 0.460961 1.36891 1.67986 0.568875 0.0200462 0.21054 -0.0531751 -2.03838 -0.0415917 2.3241 1.84635 -2.4579 0.945779 -0.37893 5.60668 7.85083 -2.01149 -3.13485 -2.16814 -7.01972e-07 -0.338197 0.0736583 -0.294066 0.1334 0.011746 -0.246236 -2.18599e-09 -0.140714 0.0546706 0.241469 0.198416 -0.426883 1.00728e-09 2.42479e-10 2.07289e-10 -0.175583 0.243244 -0.737024 0.142656 0.811346 0.381568 -0.408582 4.87267e-09 -6.82829e-10 -5.16845e-10 -0.308309 1.08211 0.336895 -0.574172 1.63287 1.75462 -1.14517 0.241055 0.907385 11.8654 -0.0162873 0.378901 1.28879
164 9.93296 -0.02158 0.0777678 0.0421952 0.245108 -0.0789745 11.9216 -0.258579 -0.114214 -0.0335105 0.0890127 0.2333 0.0494752 -0.0361274 0.0578287 0.0336224 0.00735204 0.154501 -0.0105578 0.503365 0.815568 -0.301099 -0.00199613 -0.450764 -0.505734 0.034452 -0.0258801 0.00672454 -0.0566511 -0.0221572 -0.0541158 -0.104152 0.0185395 -0.0233004 0.171595 -0.0166011 0.0303139 0.152964 0.0163585 0.0297576 0.374614 0.156848 1.37365 0.203258 0.699715 0.00916002 0.104923 0.151653 -0.0511686 -0.0525983 0.127973 -0.287326 -1.35117 0.134353 0.68494 -0.00199413 -0.100428 -1.72349 -0.333748 0.227006 -0.0765276 0.237833 1.36691 3.79254 -0.268388 -0.501827 -0.46626 -2.44789 0.684338 -0.117012 0.69016 46.184 -2.6508 0.242001 0.0483871 6.47097 2.16857e-08 5.19745 -8.67969 17.9813 18.7497 2.27759 -0.244739 0.517962 -1.05195 0.579097 -0.126218 -1.96233e-09 -0.562731 -0.888237 1.17291 0.992444 0.249698 1.30576e-09 -1.38965 -1.29774 -0.40933 1.12587 0.447574 0.467059 -0.41324 2.36129 0.18898 6.12279e-09 -9.06306e-10 -4.47728e-10 -0.711043 0.738619 0.0699267 -0.604757 2.92091 1.85465 -1.04544 0.240636 0.91778 11.91 -0.0253128 0.26267 1.33568
