# Kinematics Data (Joint Angles, Velocities, COM)
# Total frames: 157
# Control Hz: 30
# Time step: 0.0333333 seconds
# Number of DOFs: 56
# DOF names: Pelvis_rot_x, Pelvis_rot_y, Pelvis_rot_z, Pelvis_pos_x, Pelvis_pos_y, Pelvis_pos_z, FemurR_x, FemurR_y, FemurR_z, TibiaR, TalusR_x, TalusR_y, TalusR_z, FootPinkyR, FootThumbR, FemurL_x, FemurL_y, FemurL_z, TibiaL, TalusL_x, TalusL_y, TalusL_z, FootPinkyL, FootThumbL, Spine_x, Spine_y, Spine_z, Torso_x, Torso_y, Torso_z, Neck_x, Neck_y, Neck_z, Head_x, Head_y, Head_z, ShoulderR_x, ShoulderR_y, ShoulderR_z, ArmR_x, ArmR_y, ArmR_z, ForeArmR, HandR_x, HandR_y, HandR_z, ShoulderL_x, ShoulderL_y, ShoulderL_z, ArmL_x, ArmL_y, ArmL_z, ForeArmL, HandL_x, HandL_y, HandL_z
# Format: frame_index time pos[0..n] vel[0..n] com_x com_y com_z com_vel_x com_vel_y com_vel_z

0 7.81484 -0.040231 -0.0519732 -0.119558 0.0953011 -0.100643 8.9669 -0.15128 -0.114441 -0.0411384 0.797134 0.29374 -0.288446 0.129911 0.0511092 -0.244012 -0.0598913 0.224968 0.0923409 -0.107075 0.199176 -0.302517 0.00512923 0.0662566 0.0958563 0.0261385 0.0111412 0.0109311 -0.108195 -0.0507199 0.0758757 -0.101206 0.108337 0.0583339 0.263553 -0.101006 -0.021371 0.153045 0.039168 0.0514735 0.285275 0.188689 1.28662 0.115584 0.700288 0.0408855 0.0249428 0.0631095 -0.0186726 -0.057165 0.426951 -0.183469 -1.34032 0.0622817 0.70026 0.017338 -0.107749 -0.177029 2.94266 0.17149 0.172521 0.0649207 1.05988 -1.40731 0.353722 -0.349827 -2.53055 -4.04555 -3.86629 2.8139 0.922491 2.67303 1.07306 -0.517084 -0.390786 -2.05068e-09 -1.06837 -2.36186 0.613315 0.00854683 0.00402162 1.04149 -1.00468 -0.535037 -1.62816 -0.85758 -0.184006 -9.05003e-10 1.96281 1.21039e-09 0.296048 -2.85727 0.635484 1.91161e-09 -0.36674 1.00742 -0.18824 -1.90214 -0.915846 -0.1025 2.06255e-10 0.099168 0.419028 -2.71572 -0.423592 -1.82787e-10 0.221789 1.8978 0.0457612 -0.195583 7.91482e-11 -1.57172 -1.04743 0.0946235 0.896388 8.94294 0.0840729 0.0400892 1.13346
1 7.84818 -0.00196434 -0.0159978 -0.0997515 0.0994919 -0.0996164 8.99845 -0.273493 -0.0419813 -0.0641478 0.730927 0.33298 -0.364363 0.161583 -0.248361 -0.614728 -0.0614888 0.230278 0.0613029 -0.107075 0.162942 -0.342049 0.0115286 0.0666245 0.0960302 0.00395229 0.0541366 -0.00781348 -0.132207 -0.0818922 0.0461969 -0.10204 0.136265 0.0569297 0.253133 -0.14209 -9.32183e-06 0.154058 -0.00733269 0.0248945 0.228053 0.157981 1.34547 0.0592969 0.702221 -0.0408719 0.0805722 0.00297862 -0.0488509 -0.0598726 0.459492 -0.0973237 -1.30553 0.18838 0.687088 -0.0401876 -0.0398196 0.722304 1.01692 0.62884 0.120306 0.0178618 0.898656 -3.34205 1.92104 -0.366455 -2.10367 0.728938 -1.40247 0.693657 -9.63521 -8.35062 0.427336 -0.0742273 -0.824422 -8.6883e-10 -1.00886 -0.813214 0.39014 0.0128814 0.00609877 -0.0509135 1.21574 -0.602709 -0.682149 -0.600238 -0.957462 -1.72031e-09 0.245744 5.12682e-10 -0.217216 -0.512451 0.6935 9.67996e-09 -0.667213 -1.11874 2.23224 -0.699888 1.99331 0.374626 1.08423e-09 -0.762295 0.691599 -1.65696 0.58547 -1.65258e-10 -0.914194 0.0203143 0.940703 0.460119 -1.52645 -2.56442 2.55774 0.0975935 0.896983 8.98024 0.101409 0.00637341 1.10571
2 7.88151 0.00886841 0.0239243 -0.0825124 0.103564 -0.0995577 9.02774 -0.375106 -0.0144228 -0.0897179 0.701672 0.265771 -0.277558 0.103192 -0.253137 -0.605963 -0.036369 0.221747 0.0381827 -0.107075 0.128356 -0.37205 0.0163311 0.0670122 0.0961425 -0.00654198 0.0625618 -0.0208499 -0.107462 -0.0970098 0.0210195 -0.103785 0.0521905 0.0605268 0.229705 -0.0728276 -0.0017147 0.153793 0.0198825 0.0210254 0.386039 0.170628 1.34514 0.184291 0.696268 -0.0193416 0.102893 0.164798 -0.0388867 -0.0559226 0.162385 -0.169708 -1.2852 0.253663 0.694983 -0.0420436 -0.0314883 -0.0562361 1.28103 0.395357 0.107098 0.0155384 0.864867 -2.71318 0.503506 -0.576689 -0.507991 -1.14446 2.46402 -1.65258 1.39144 1.47896 1.10376 -0.341203 -0.392193 -1.09844e-09 -0.983108 -0.886945 0.370115 0.00980569 0.000208842 -0.0176547 -0.161131 -0.32774 0.934598 -0.163287 -0.547727 -2.26431e-09 -0.361074 -0.0390465 -0.658674 -0.0930612 0.186374 3.242e-09 -0.173458 0.239252 1.09341 -0.19869 0.226198 0.255376 -0.806216 1.99685 -0.0889559 9.83639e-09 0.532222 -1.31528e-10 -4.03048 -2.61138 0.00226855 0.645831 -0.599714 -1.12592 -0.220871 0.101274 0.897804 9.01646 0.121687 0.0298489 1.06869
3 7.91484 0.00278294 0.0597129 -0.073896 0.107639 -0.09965 9.05685 -0.42985 0.00177045 -0.103979 0.60705 0.186216 -0.297849 0.119729 -0.237981 -0.546375 0.00614208 0.216666 0.0288737 -0.107075 0.0916453 -0.401453 0.0204413 0.0686255 0.0966934 0.000200743 0.0530664 -0.0257073 -0.0786601 -0.0969955 0.00717493 -0.102614 0.00750725 0.0529131 0.214963 -0.0437436 0.0129242 0.153929 0.0284816 0.050329 0.407165 0.164748 1.33562 0.196323 0.669098 -0.012374 0.1001 0.165125 -0.0269456 -0.0549334 0.0755997 -0.193275 -1.29319 0.294919 0.66428 -0.0683584 -0.0348285 -0.15234 0.399536 0.394985 0.0744008 -0.0163997 0.864378 -1.76955 0.584438 -0.304233 -3.31637 -1.44999 -0.200809 0.653427 -0.460357 1.84565 1.30743 -0.362604 -0.237902 -1.24689e-09 -1.04669 -5.14856e-09 0.326335 -0.000418108 -0.00918889 0.299568 -0.293777 -0.532549 0.630134 0.119122 0.154482 -1.93e-09 -2.08003 -1.228 -0.052033 2.11314 0.841909 2.9755e-09 0.720492 1.36817e-09 0.0809935 0.354529 0.645317 -1.0413 -0.751349 -0.371092 -1.4503 4.31709e-09 0.763791 -6.03226e-10 -0.610599 -2.27869 -0.355836 0.0479047 -1.39504 -1.05226 0.433042 0.105387 0.897985 9.05191 0.130369 -0.00777146 1.05903
4 7.94818 0.0112249 0.0785406 -0.0719568 0.111397 -0.100118 9.08619 -0.449732 0.0119694 -0.101796 0.385486 0.178722 -0.351226 0.141776 -0.249775 -0.500932 0.0342432 0.199553 0.0273767 -0.107075 0.0555501 -0.402102 0.0229283 0.0685806 0.0963083 -0.00400419 0.044439 -0.0241355 -0.0612316 -0.0956567 -0.000171628 -0.101953 -0.0178231 0.0480644 0.198994 -0.026539 0.0226976 0.153377 0.0504565 0.0520246 0.431533 0.171239 1.35813 0.199797 0.686541 -0.0161073 0.0905504 0.164924 -0.0342859 -0.0555416 0.0504334 -0.20099 -1.30573 0.36563 0.649138 -0.0705905 -0.0264254 0.42144 0.455505 0.227909 0.0467896 -0.0272163 0.87553 -0.770867 -0.00115909 0.0135104 -6.43316 0.0575757 1.23963 -0.705743 -2.41688 1.43872 0.671654 -0.409878 -0.157366 -1.07189e-09 -1.02523 -2.24606e-10 0.296594 -0.00220066 -0.0135852 -0.150364 -0.184864 -0.0532687 0.319352 0.0815047 -0.30454 -2.84972e-09 -0.909839 -0.214569 -0.427465 0.736246 0.271894 1.1902e-09 4.86321e-10 2.63909e-10 -0.0380842 0.411087 0.774078 -0.128275 1.02741 0.150245 0.56546 5.22055e-09 0.282433 -9.88869e-11 0.189459 -1.45185 -0.376407 0.28456 -1.20683 -0.862543 0.442467 0.109812 0.897373 9.08685 0.137435 -0.0328287 1.03977
5 7.98151 0.0171874 0.0992327 -0.0700241 0.114446 -0.101629 9.11713 -0.429286 0.00873294 -0.0888203 0.11914 0.186553 -0.313139 0.124264 -0.243736 -0.453815 0.0666597 0.179667 0.0283084 -0.107075 0.0174911 -0.401649 0.0244034 0.0684466 0.0957675 -0.00151263 0.0324095 -0.0245718 -0.0524269 -0.0959669 -0.00408485 -0.101105 -0.0507615 0.0458261 0.180689 0.000957914 0.0275205 0.153377 0.0504565 0.0520246 0.424804 0.169706 1.38514 0.204629 0.694014 -0.0164292 0.0945912 0.164504 -0.0495336 -0.0568036 0.0418242 -0.193091 -1.32632 0.437407 0.643528 -0.0661114 -0.00669796 0.268596 0.462146 0.195575 0.000983687 -0.0542397 0.936752 0.114117 -0.530592 0.376276 -6.4341 0.122241 3.37968 -1.34904 -2.02702 0.874891 0.885115 -0.569839 -0.0164053 -1.34564e-09 -1.10916 0.150554 0.283191 -0.00561664 -0.0184788 0.0255266 -0.317672 -0.0866844 0.131172 -0.0386714 -0.191191 -2.33175e-09 -0.454327 -0.00505277 -0.52523 0.290588 -0.0381954 4.97897e-09 1.14843e-10 4.35235e-10 0.0995433 0.321022 0.655219 0.0587747 -0.325076 0.183633 -0.0145153 4.77491e-09 0.350956 -1.21012e-10 0.202855 -0.919973 -0.71845 0.299168 -1.07589 -0.721914 0.647848 0.114449 0.895999 9.12118 0.142637 -0.051501 1.01987
6 8.01484 0.0110324 0.108132 -0.0635739 0.115397 -0.104733 9.14878 -0.4394 -0.031543 -0.0477178 0.0148229 0.199868 -0.192434 0.013335 -0.343949 -0.417693 0.11411 0.138187 0.0280619 -0.107067 -0.0223489 -0.367748 0.0278603 0.0676673 0.0932522 0.031459 0.00936096 -0.039785 -0.0690682 -0.0943459 0.00137902 -0.100161 -0.0541584 0.0221273 0.183151 0.00684437 0.0656792 0.153377 0.0504565 0.0520246 0.473303 0.222298 1.38805 0.213471 0.684676 0.000900955 0.104085 0.165037 -0.0301743 -0.055201 0.132122 -0.218747 -1.32264 0.578207 0.693489 -0.0543437 -0.0629962 -0.322707 0.249599 0.0640458 -0.0942751 -0.0927854 0.983796 -0.255183 -1.66928 1.40291 -1.40837 -0.834019 2.27453 -3.33122 0.15593 2.11586 1.54879 -1.29345 0.32907 -4.11335e-11 -1.18878 1.09349 0.274069 -0.00465424 -0.0118836 0.909527 -0.736781 -0.392337 -0.324045 0.0731993 0.194714 -2.06256e-09 1.67036 -0.300912 0.0116864 -1.62718 0.736161 7.93271e-09 1.18361e-10 5.28989e-10 1.16367 0.392553 0.11958 0.219391 -0.101457 0.248797 -0.00930812 5.85332e-09 1.32823 -1.40788e-10 1.41918 -0.49114 -0.780392 1.19309 0.191984 -2.65797 -0.159694 0.11925 0.893904 9.15478 0.146204 -0.0771367 0.996771
7 8.04818 -0.00358222 0.124688 -0.0607283 0.116642 -0.109035 9.18298 -0.441476 -0.0779522 0.00845625 0.00668642 0.139608 -0.126164 -0.0577236 -0.362852 -0.371182 0.172693 0.0935722 0.032472 -0.107049 -0.0651865 -0.337944 0.0305264 0.0674172 0.0927682 0.0573327 -0.0108208 -0.0389261 -0.0770782 -0.0838947 -0.00693591 -0.0999982 -0.0238483 -4.1317e-05 0.195414 -0.0148208 0.0949717 0.154026 0.0245817 0.0500276 0.466767 0.254766 1.39887 0.196639 0.675735 0.00142236 0.0895033 0.165002 -0.0312169 -0.0547355 0.110964 -0.21939 -1.36982 0.560251 0.657466 -0.134996 -0.0530063 -0.24633 0.790869 0.130805 -0.0670814 -0.158952 1.04762 0.0403711 -1.64411 1.1622 0.142083 -0.930955 1.53979 -2.18463 -0.0410295 1.49948 1.50453 -1.20264 0.241878 -6.27474e-11 -1.24623 0.450978 0.29504 -0.0099792 -0.0168503 0.360857 -0.549675 0.0426522 -0.140255 0.289979 -0.286943 -1.02972e-09 0.535528 -0.542167 0.314002 -0.142834 0.73426 6.24402e-09 -0.77803 6.49695e-10 0.326054 0.417035 0.048113 0.145387 -0.156131 -0.419392 -0.280836 6.49393e-09 -0.593138 -5.31209e-10 0.0922756 -0.274571 -1.13819 -0.676329 -1.72923 0.189938 0.579768 0.124061 0.890097 9.18765 0.143472 -0.145489 0.974571
8 8.08151 -0.0116671 0.160556 -0.0381712 0.120873 -0.112497 9.21905 -0.435511 -0.095231 0.0219472 0.0352961 0.0775043 -0.0889238 0.00520791 -0.319265 -0.342898 0.224693 0.095304 0.0172837 -0.107021 -0.0586163 -0.382822 0.0641338 0.00780206 -0.00656537 0.0488431 -0.02059 -0.0479427 -0.0540476 -0.0890416 -0.019903 -0.103073 -0.0839256 0.00629185 0.192167 0.0430541 0.0714519 0.154203 0.0178663 0.0504276 0.379892 0.205959 1.41832 0.182496 0.662303 -0.0167138 0.0677804 0.16447 -0.0507101 -0.0563489 0.110211 -0.268076 -1.38892 0.478497 0.636389 -0.0781663 -0.0277728 -0.166679 1.09986 0.843481 -0.01133 -0.0508249 1.12127 0.278078 -0.523975 -0.0248142 0.95901 -1.23986 1.53344 1.23838 1.13999 0.581082 1.41247 0.163229 -0.58553 -3.28475e-10 1.03948 -1.34347 0.250174 -2.12358 -2.88174 -0.505812 -0.298288 -0.259849 0.663516 -0.251745 -0.492791 -2.68498e-09 -1.38872 0.503551 -0.201099 1.17858 -1.37158 6.11658e-09 -0.0171525 6.55271e-10 -0.533845 0.265634 -0.261346 -0.136368 -1.03936 -0.617384 -0.0456826 1.19023e-08 -1.9791e-09 -1.46766e-09 1.15267 -0.802497 -0.317996 -1.30962 2.60152 3.49832 -1.15694 0.12876 0.886822 9.22014 0.144054 -0.0350848 0.977134
9 8.11484 -0.0154047 0.189569 0.000913152 0.127799 -0.108863 9.25703 -0.408651 -0.118537 0.00911368 0.0601435 0.142245 0.0679946 -0.046462 -0.478081 -0.464952 0.248816 0.0947843 -0.0171042 -0.0686023 0.040996 -0.400687 0.073763 -0.161225 -0.203268 0.034989 -0.0326563 -0.0622102 -0.0392126 -0.0925238 -0.0348289 -0.103408 -0.10734 0.0166593 0.187565 0.0607772 0.0345002 0.153858 0.0315117 0.0514822 0.361411 0.202033 1.4062 0.164214 0.649344 -0.032515 0.0745765 0.16447 -0.0507101 -0.0563489 0.101948 -0.279066 -1.40135 0.419769 0.705276 -0.0463245 -0.0221296 -0.0290553 0.309844 0.956617 0.0102617 0.216677 1.17575 0.756796 -1.0347 -0.664233 0.368024 2.22647 8.20258 -0.877102 -14.2327 -6.00253 0.080142 -0.302884 -1.01834 1.94467 3.74607 -4.14404e-09 1.03229 -3.80462 -5.44777 -0.578676 -0.354765 -0.073564 0.266013 0.0065286 -0.427875 -2.6386e-09 -1.01259 0.320198 -0.163536 0.738881 -1.1437 3.12678e-09 1.12666 4.64137e-10 -0.726666 -0.318131 -0.602049 -0.01436 0.321761 -0.615827 0.365915 1.07541e-08 -1.59121e-09 -1.34013e-09 -0.64934 0.772853 -0.292985 -0.053589 8.89262e-10 0.715298 -0.410015 0.133416 0.890036 9.25338 0.122986 0.219462 1.0223
10 8.14818 0.0087187 0.187733 0.0374523 0.135585 -0.0956609 9.29545 -0.402768 -0.125919 -0.00535512 0.0810549 0.142633 0.113833 -0.0339861 -0.502297 -0.450228 0.205436 0.110395 -0.0649624 0.0124085 0.315629 -0.397404 0.160586 -0.489367 -0.629768 -0.0080763 -0.0309202 -0.0699991 -0.0314262 -0.0948787 -0.0465036 -0.103658 -0.0903997 0.018512 0.183864 0.0393414 0.0057427 0.153362 0.0508554 0.0529747 0.339116 0.207881 1.38772 0.120309 0.648976 -0.0600561 0.083335 0.16447 -0.0507101 -0.0563489 0.114372 -0.269348 -1.39616 0.352572 0.69118 -0.0510615 -0.0324708 0.436078 -0.114868 0.659279 0.0260825 0.514485 1.2225 0.798731 -0.159683 0.1212 0.290423 -0.568644 -1.20072 0.756352 2.51767 1.59719 -0.912541 0.780566 -1.20691 -0.676079 39.9484 -3.92081 -4.18875 -71.6649 -83.655 -1.06198 -0.00252727 0.744824 0.167633 -0.0758709 -0.764036 -2.97032e-09 0.344511 0.208153 -0.198568 -0.565081 -0.895559 9.95679e-10 4.37255e-10 2.87778e-10 0.184651 0.279497 -0.771647 -0.191035 1.54123 -1.2931 0.771009 8.43304e-09 -9.26463e-10 -8.72697e-10 -0.124892 1.12811 0.21484 -0.73596 1.04326 1.16883 -0.962989 0.1376 0.902284 9.28867 0.128974 0.465007 1.09602
11 8.18151 -0.00241162 0.190828 0.0758205 0.143598 -0.0775915 9.33737 -0.33949 -0.120826 -0.0188904 0.0993028 0.188493 0.0637427 0.0571852 -0.398108 -0.376653 0.146873 0.141535 -0.102023 0.174217 0.586324 -0.381602 0.204124 -0.500481 -0.621675 -0.0220107 -0.042961 -0.0702651 -0.0196758 -0.0733297 -0.0608404 -0.102805 -0.103854 -0.00611556 0.197943 0.0619551 0.0205586 0.152458 0.0508405 0.0528715 0.333341 0.176068 1.36795 0.186262 0.699759 -0.0960302 0.119583 0.164377 -0.0541063 -0.0566296 0.0986385 -0.314398 -1.37705 0.143331 0.631768 -0.0227109 -0.0952192 -0.592303 -0.543054 1.35725 0.0357784 0.575219 1.36552 2.02687 0.452694 -0.485675 0.945722 0.798332 -0.964528 2.13067 2.96083 2.07617 -1.54275 1.20599 -1.44948 4.17058 10.2685 -1.41788 -1.83407 -1.09656 -7.32418e-07 -0.622452 -0.324491 -0.149946 0.41537 0.498547 -0.497365 -2.23664e-09 -0.936974 -0.853117 0.43343 1.35681 0.338334 7.24669e-10 2.70755e-10 5.2411e-11 0.299825 0.292981 -0.742325 0.122662 -0.0382253 0.703914 0.244356 6.93564e-09 -1.49498e-09 -8.45143e-10 -0.38057 1.16615 0.427157 -1.47613 3.09905 3.82594 -2.64213 0.142397 0.918851 9.32638 0.159923 0.546091 1.16691
12 8.21484 -0.059782 0.190247 0.12819 0.152406 -0.0635794 9.38006 -0.212409 -0.122785 -0.0445884 0.0932816 0.342205 0.0861569 -0.0681934 -0.11481 -0.0903283 0.0699148 0.162268 -0.142902 0.442922 0.810721 -0.297769 0.0272484 -0.389686 -0.496966 0.0533876 -0.0628345 -0.0655715 -0.0627522 -0.0512829 -0.085461 -0.100999 -0.148422 -0.0503085 0.236646 0.109925 0.0425466 0.0825849 0.027992 0.046288 0.35759 0.128707 1.37065 0.174056 0.699739 -0.0255252 0.149698 0.164409 -0.0529492 -0.056534 0.170487 -0.272771 -1.33698 0.170932 0.703671 0.032608 -0.118515 -1.90094 -0.803542 1.02394 0.0336513 0.182737 1.31902 3.52796 0.00118924 -0.459254 -1.10613 10.4474 5.56049 -21.2623 -4.94499 29.6018 -2.09587 0.65101 -1.22023 8.04859 1.22513e-08 0.0420766 -6.32356 12.2743 10.222 2.1722 -0.211312 0.367479 -1.25253 0.957522 -0.624287 -6.69393e-10 -3.71832 -1.82337e-09 1.47062 3.69959 -1.76073 -1.80501 -0.538131 -0.0938217 0.318725 -1.2014 -0.129714 0.190417 -0.206226 1.13661 0.527711 9.86032e-09 0.220747 -4.95008e-10 0.705068 2.56593 0.899836 1.09805 1.07147e-10 -0.441783 1.16276 0.147849 0.931938 9.36617 0.152863 0.279599 1.21065
13 8.24818 -0.0558972 0.145394 0.135436 0.158072 -0.0563689 9.42357 -0.144478 -0.100661 -0.0261883 0.0315871 0.362802 -0.0674423 -0.126248 -0.142929 -0.195672 -0.00109101 0.178047 -0.150616 0.515592 0.598755 -0.159464 -0.0583002 -0.234242 -0.346855 0.0269943 -0.0570593 -0.0402669 -0.0711601 -0.0304143 -0.0926831 -0.1025 -0.130522 -0.0538277 0.269861 0.0898675 0.0144355 0.143456 -0.00152604 0.0506967 0.270041 0.238027 1.34397 0.0918704 0.649834 -0.10464 0.0766109 0.165801 0.0017615 -0.0390179 0.295547 -0.333503 -1.30307 0.101376 0.702823 -0.0718443 -0.0672393 0.597329 -1.65237 -0.270356 -0.0609859 0.0834411 1.26503 1.32854 0.48361 0.827814 -1.58092 0.109945 -2.98635 0.165655 -0.532291 -0.691254 -1.98921 0.366842 0.127789 -0.637221 -9.56235 4.35232 1.28668 6.75409 6.34197 -1.06984 0.19009 1.18414 -0.523151 0.887222 -0.282647 -1.87836e-09 2.72483 0.106852 0.548207 -3.09266 -0.204337 1.39706 -0.286781 2.89565e-10 -1.87249 2.58555 -0.640251 -0.878292 1.89867 -4.16425 -0.385389 5.34937e-10 0.359763 0.780411 1.38613 2.23648 -0.435917 0.245464 9.37677e-10 -0.268539 0.344001 0.15241 0.938313 9.40566 0.115294 0.126406 1.16172
14 8.28151 -0.0419452 0.124996 0.121644 0.160315 -0.0540205 9.46156 -0.0768491 -0.0757478 -0.0052579 -0.0358681 0.333569 -0.116037 -0.0868847 -0.164754 -0.180875 -0.0943448 0.150934 -0.134093 0.512814 0.337045 -0.00511785 -0.0379014 -0.0639822 -0.182379 0.0376873 -0.0745247 -0.0277721 -0.115754 -0.00490546 -0.067777 -0.101135 -0.0789987 -0.0551524 0.256723 0.0410231 0.00417537 0.15472 0.0251636 0.0527631 0.316759 0.256984 1.30278 0.127581 0.689258 0.0732264 0.0611713 0.166373 0.0185651 0.00427906 0.210941 -0.240693 -1.37388 0.0401974 0.673586 0.0176024 -0.0448749 0.349548 -0.407112 -0.560872 -0.0893631 -0.0313786 1.06537 2.18265 0.449397 0.672159 -2.08759 -1.30595 -0.164099 -0.0105308 0.869195 1.15962 -3.16224 -1.21069 0.451241 -0.330047 -4.40831 4.10261 -0.317939 3.80298 3.82615 0.54987 -0.362133 0.47281 -1.18807 0.537426 0.766808 -1.93116e-09 -0.453291 -7.19689e-10 -0.448764 0.512054 -0.50063 2.11743e-09 0.573438 3.12816e-10 0.346478 -0.197903 -0.759346 0.352964 -1.65714 2.91949 -0.553145 4.56177e-09 0.0919884 1.27093 0.454721 1.17135 -1.22958 0.0274312 1.38734 1.46796 -0.0454333 0.155863 0.940148 9.44368 0.095377 0.00698879 1.12631
15 8.31484 -0.0289984 0.0998567 0.106326 0.161567 -0.0546679 9.49493 -0.0112242 -0.0569038 0.0152181 -0.103684 0.29707 -0.108784 -0.0901781 -0.140485 -0.147952 -0.204675 0.116658 -0.114987 0.491083 0.284316 0.112719 -0.0152183 0.027426 -0.0889255 0.0568501 -0.0737636 -0.0116754 -0.149686 0.010566 -0.05378 -0.103011 -0.146694 -0.0517274 0.233775 0.108265 -0.0055821 0.0977492 0.0505416 0.0560744 0.354729 0.188879 1.29759 0.200701 0.687719 0.076506 0.0609914 0.166614 0.00489734 0.0435787 0.214977 -0.163369 -1.41183 0.0633474 0.704073 -0.00369989 -0.0652952 0.24126 -1.68725 -0.285133 -0.0719026 -0.0683368 0.906016 0.828956 0.603438 0.394481 -2.02863e-09 -2.02134 0.969615 -0.153613 0.811852 1.10542 -3.13331 -0.812852 0.190876 -0.921989 0.428041 3.04164 0.0310398 1.8557 2.2777 1.09332 0.466083 0.216164 -1.22877 0.368617 0.397666 -1.86974e-09 -2.71336 -5.12208e-10 -0.742164 2.68975 -0.705997 -1.81782 5.83935e-10 2.406e-10 0.11478 -0.339009 0.116539 -0.00470908 -0.702933 0.0458153 0.139717 3.69601e-09 0.676046 0.942443 0.51111 0.941586 -0.879625 0.0318925 6.81468e-11 -1.0547 -0.238594 0.158713 0.939788 9.4804 0.0730313 -0.0254932 1.09043
16 8.34818 -0.0186313 0.0682023 0.101685 0.161143 -0.0599351 9.52585 0.0232164 -0.0644184 0.0235393 -0.103684 0.177907 -0.0539814 -0.095077 -0.0697721 -0.0492644 -0.320691 0.0959235 -0.091045 0.470012 0.337593 0.189665 -0.101003 0.0351089 -0.0691014 0.0450544 -0.0716998 -0.0195947 -0.12696 0.023836 -0.0349428 -0.100795 -0.0584401 -0.0500904 0.212422 0.0308195 -0.00951482 0.163559 0.0361816 0.051238 0.187479 0.209158 1.31311 0.271176 0.70305 0.04173 0.0364172 0.163382 -0.0225695 0.0433782 0.386815 -0.160891 -1.37103 0.199837 0.696183 -0.021492 -0.0929395 0.0566339 -0.872203 -0.151849 -0.124082 -0.260839 0.907462 1.27536 -0.139644 0.261051 -8.72761e-10 -4.3128 0.84249 -0.2834 2.89715 3.7476 -3.34265 -0.828911 0.730408 -0.675365 2.05976 1.26735 -3.21979 0.102035 0.270252 -0.199415 0.20445 -0.224957 0.796795 0.212814 0.430284 -1.31381e-09 0.249447 0.282752 -0.289819 0.0784947 -0.5734 4.48622e-09 -1.36262 1.17994e-11 -0.886718 2.44463 0.296683 0.610403 -0.426742 1.59356 -1.3481 1.5593e-09 0.0209726 -0.026757 0.58278 0.853637 0.39101 0.207697 -0.594176 -1.614 -0.168167 0.161334 0.935851 9.51653 0.0804348 -0.198648 1.08013
17 8.38151 -0.0153276 0.0207461 0.0823994 0.159486 -0.0702325 9.55705 0.064678 -0.0534571 0.048802 -0.103684 0.0492614 -0.00938032 -0.128293 0.0268698 0.0529125 -0.381709 0.0847595 -0.0379762 0.332816 0.420512 0.248203 -0.00625501 0.0358769 -0.0768938 0.0341469 -0.0632271 -0.0110864 -0.0961984 0.0336964 -0.0207966 -0.100676 -0.0518476 -0.0488326 0.206176 0.0426997 -0.0155366 0.163238 0.0488086 0.0522745 0.141935 0.204345 1.32987 0.36493 0.686722 0.0510032 0.00325017 0.163385 -0.0115359 0.0174101 0.455098 -0.173266 -1.32915 0.212818 0.673276 0.00857585 -0.083839 0.201669 -1.25115 -2.56078 -0.16789 -0.266708 0.892236 0.988308 -0.52833 2.82323 -2.07598e-09 -1.24553 1.81402 -0.220722 -0.000368555 -0.000754218 -2.21656 -1.41016 3.55666 -3.81194 -0.952244 1.69491 1.20799 -0.147476 0.304385 0.0611965 -0.0762478 2.83361 0.406203 0.533594 -0.0430324 -1.41746e-09 1.17117 -0.0183802 0.209475 -0.732749 -0.188865 3.37021e-09 -0.143294 7.56527e-10 -0.746228 2.09635 0.401632 -0.36113 -1.25268 1.48578 -1.29359 4.89869e-09 -0.297481 -1.78132 -0.514144 1.33465 1.1701 -0.375289 0.634845 0.813519 -0.14719 0.163907 0.926689 9.55218 0.0498775 -0.226961 1.06713
18 8.41484 -0.0258965 -0.0280537 0.0469925 0.155679 -0.0753624 9.59107 0.118655 -0.0378391 0.0876609 -0.103684 0.00872263 0.0231008 -0.131406 0.0268643 0.0529058 -0.355301 0.0500278 0.0336413 0.0816342 0.419542 0.336405 0.0569269 0.0455946 -0.0619293 0.033059 -0.0511344 -0.00217401 -0.0656646 0.0501405 0.00559077 -0.100502 -0.0418334 -0.0459463 0.198047 0.0515089 -0.01394 0.163296 0.0465657 0.0520905 0.12572 0.22808 1.35141 0.425727 0.683942 0.0482015 -0.0203528 0.16368 -0.0198726 -0.0460356 0.430899 -0.123471 -1.28731 0.192362 0.701765 0.0427539 -0.0986997 -0.148685 -0.903879 -0.854191 -0.0797435 -0.173502 1.02427 1.45592 0.485051 0.851729 -6.48305e-10 -1.24905 0.341147 -0.0948504 -8.64736e-05 -0.000130392 0.216791 -1.14036 1.48719 -5.84384 -2.49841 -0.105685 1.55421 0.367184 0.535144 -0.075311 0.305605 0.21711 0.575531 0.315168 0.522065 -1.51938e-09 -0.0794316 0.0204804 -0.236405 0.614621 0.0693328 3.47787e-09 -0.427114 1.64228e-10 0.357106 1.08861 0.792286 0.619493 -0.757598 1.10709 -0.856236 7.89352e-09 -0.539985 -1.194 -0.420969 0.694292 0.468474 -0.353359 1.16994e-09 0.758507 -0.307083 0.165054 0.922076 9.58772 0.0201869 -0.11837 1.06305
19 8.44818 -0.0207227 -0.0600259 0.0231016 0.154178 -0.0803688 9.62511 0.156484 -0.0240039 0.110111 -0.103684 -0.03158 0.0420992 -0.130746 0.0268637 0.0529055 -0.343053 0.0664814 0.0668531 -0.0881267 0.197114 0.268314 0.0229158 0.122703 0.0367798 0.0501515 -0.0141558 0.0070991 -0.0849064 0.0357294 0.0202652 -0.101801 -0.0911758 -0.038722 0.18476 0.108044 -0.0256054 0.1064 0.0396138 0.0531126 0.248479 0.216032 1.36325 0.54106 0.701257 0.0464252 -0.0340206 0.163901 -0.0110671 -0.0440313 0.396428 -0.107067 -1.3324 0.162476 0.702638 0.0466114 -0.074593 0.311416 -0.776789 -0.586113 0.0546391 -0.170312 1.01124 0.958801 0.295015 0.419151 -4.48503e-10 -1.23578 0.423679 0.0707731 0.000207262 0.000702141 0.0614202 0.767129 0.492563 -3.55237 -5.61068 -5.05787 0.624421 1.52507 2.01584 0.437507 1.01297 0.253384 -0.722129 -0.453893 0.355706 -1.03829e-09 -0.845267 0.125666 -0.549319 1.03618 -0.387089 -3.93469 -0.850531 1.22274e-10 1.91962 -3.23189 1.92883 1.12548 -0.0737399 1.23131 -0.880189 4.39461e-09 0.282263 0.435072 1.23254 -0.118235 -1.58165 0.564388 1.00841e-09 -0.191341 0.605461 0.165432 0.918312 9.62242 0.000831347 -0.114826 1.0215
20 8.48151 -0.0215888 -0.0675372 -0.00368815 0.154785 -0.0864859 9.65899 0.198216 0.0101757 0.136127 -0.103684 -0.0665955 0.0169385 -0.131987 0.0230762 0.0477346 -0.361829 0.125935 0.0648532 -0.100552 0.081929 0.00678107 0.0620051 0.165604 0.0991931 0.0695766 0.00698863 0.0287859 -0.0990559 0.0215928 0.0309636 -0.101995 -0.05284 -0.0184564 0.184154 0.0611025 -0.0492048 0.154291 0.0257755 0.0515228 0.169408 0.264431 1.39889 0.524202 0.670767 0.0497604 0.0467675 0.16426 0.00279508 -0.0508268 0.477903 -0.165628 -1.34164 0.202325 0.700377 0.00293052 -0.08263 0.00190576 0.0332458 -0.845066 0.0978479 -0.231787 1.03158 1.27211 1.10403 0.764343 -5.24762e-10 -0.975518 -1.12806 -0.120735 -0.13929 -0.190737 -0.413107 1.81356 -0.0842431 0.127728 -1.77121 -6.57989 0.899113 0.713384 1.00674 0.203711 0.768306 0.663199 -0.176203 -0.547125 0.335376 -9.83479e-10 1.19317 0.64145 0.174916 -1.6515 -0.460447 4.62824e-09 -0.0293702 4.42493e-10 0.441811 0.554718 0.81174 -0.374289 -1.03771 -0.556503 1.07912 4.53532e-09 0.4153 -5.14164e-10 0.927624 -0.777585 -0.666678 0.2029 -0.224513 -0.998252 0.134794 0.165177 0.91291 9.65608 -0.0160479 -0.196373 0.9983
21 8.51484 -0.0246584 -0.0655108 -0.0208171 0.155158 -0.0940665 9.69513 0.246474 0.0201508 0.152397 -0.103684 -0.109983 0.00656564 -0.131855 0.0219625 0.0461659 -0.37458 0.157106 0.0483097 -0.0573486 0.0472726 -0.176237 0.0842894 0.168673 0.107404 0.0532612 0.00927882 0.0345239 -0.0751851 0.0293522 0.0436875 -0.101777 0.00835883 -0.00651548 0.187719 -0.0185045 -0.0570599 0.153547 0.0545214 0.053745 0.13722 0.253444 1.42777 0.47525 0.680284 0.0864487 0.0242993 0.163973 -0.00838919 -0.0517469 0.432988 -0.171364 -1.37525 0.178737 0.6641 0.00449382 -0.0729103 0.00801357 0.0362348 -0.486545 0.0778862 -0.267349 1.101 1.37016 0.168725 0.457092 -2.75601e-10 -1.18126 -0.268044 -0.0139468 -0.153303 -0.211077 -0.187493 1.02541 -0.281454 1.372 -0.694816 -4.59513 0.120627 0.0556734 0.231019 -0.712619 0.183919 0.11658 0.734043 0.256723 0.345669 -1.26381e-09 0.727993 0.236173 0.10497 -1.22886 0.058643 1.29146e-08 1.45244e-09 1.20848e-09 -0.112641 0.474597 0.427134 -0.860836 1.39004 -1.09325 0.137359 2.73971e-09 -0.680645 -6.27832e-10 -0.0667917 -0.677043 -0.415966 -0.0713588 -0.272042 0.745871 -0.0178869 0.164626 0.905601 9.68931 -0.0189211 -0.23315 0.996245
22 8.54818 -0.0322103 -0.0832182 -0.0298783 0.155211 -0.100407 9.732 0.258075 0.00571833 0.153328 -0.02343 -0.17069 0.032424 -0.126695 0.116225 0.149466 -0.363637 0.173692 0.0342651 -0.0144474 0.185481 -0.262713 0.122298 0.150599 0.0905528 0.0425891 0.0134573 0.0340732 -0.0528367 0.0438034 0.0469666 -0.101692 0.0194732 -0.000130573 0.189578 -0.0271327 -0.0508911 0.153547 0.0545214 0.053745 0.0940936 0.251781 1.45008 0.42809 0.700586 0.0554565 0.0123823 0.163552 -0.0245262 -0.0530727 0.386697 -0.173732 -1.39626 0.153946 0.656334 0.0329694 -0.0669035 -0.228241 -0.651922 -0.237439 0.0941394 -0.187225 1.13203 -0.0695741 -0.706471 -0.0184333 3.11198 -1.38311 0.965022 0.240055 -1.36151 -1.85442 0.656726 0.312992 -0.276814 1.14004 3.80665 -1.39119 0.286611 -0.142332 -0.207703 -0.477167 0.0690332 -0.0816383 0.805842 0.353033 0.128322 -2.21e-09 -0.0771945 0.0328702 0.0562274 0.211409 0.315761 1.15781e-08 1.30073e-09 1.09755e-09 -0.525184 0.164783 0.135433 -0.238852 4.9981e-10 -0.986049 0.215684 4.48211e-09 -0.607882 -5.76692e-10 -0.185031 -0.468112 -0.210496 -0.0478235 0.149978 0.544202 -0.244416 0.163868 0.898941 9.72337 -0.0297304 -0.163736 1.03986
23 8.58151 -0.0322635 -0.108375 -0.0534855 0.153499 -0.102234 9.77057 0.226005 -0.0462888 0.159403 0.121192 -0.148764 0.0948944 -0.126222 -0.00280134 -0.0126017 -0.345242 0.174551 0.0397244 0.0203693 0.300554 -0.273037 0.159609 0.146492 0.0809852 0.0233068 0.0132877 0.0408784 -0.0348525 0.0543747 0.0538488 -0.101629 -0.00359355 0.00532468 0.195336 0.00606017 -0.0381117 0.153548 0.0544939 0.0537429 0.0864511 0.269255 1.44322 0.365924 0.693132 0.0431326 0.00866491 0.16313 -0.0404689 -0.0543803 0.371029 -0.189587 -1.40508 0.125429 0.641623 0.0541697 -0.0780718 -0.0158089 -0.423883 -0.806896 0.0507578 -0.0131474 1.21936 -1.10181 -1.7129 0.470607 4.21334 2.64638 1.91669 -7.99277e-05 -5.36363 -7.29674 0.733663 -0.24656 0.169663 0.82566 2.90921 0.475086 -0.242476 -0.203725 -0.292602 -0.732955 -0.0675412 0.151485 0.543665 0.253206 0.266237 -2.66564e-09 -0.742765 0.125139 0.134425 0.995545 0.262323 9.77411e-09 1.08377e-09 1.02255e-09 -0.144647 -0.485151 -0.248891 -0.375636 1.02979 -1.338 0.454745 4.93687e-09 -0.99542 -5.69432e-10 0.0418494 0.00112175 0.0080574 -0.00581859 -0.0356147 0.74613 -0.582979 0.162341 0.896417 9.75926 -0.0616605 0.00687924 1.10908
24 8.61484 -0.0442228 -0.145012 -0.087663 0.150172 -0.0988308 9.81153 0.143698 -0.101058 0.165899 0.352896 0.0560522 0.16501 -0.172351 -0.299066 -0.417431 -0.302034 0.173686 0.0562915 0.0653017 0.324164 -0.232307 0.191425 0.154716 0.0822403 0.0175547 0.0192576 0.0498781 -0.021702 0.0620904 0.0615908 -0.101773 0.0192902 0.0225457 0.204099 -0.00534364 -0.0339996 0.153653 0.0504715 0.0534324 0.075517 0.294972 1.42891 0.260362 0.687743 0.012883 0.0251508 0.162858 -0.050624 -0.0552121 0.383092 -0.200224 -1.39751 0.137864 0.656201 0.0584111 -0.0859762 -0.650684 -0.697273 -0.761313 0.0940116 0.0602623 1.30489 -2.58071 -1.18639 0.0345877 6.8507 7.64215 1.8973 2.0434 -10.3854 -11.2937 1.69466 -0.348469 0.113115 1.44069 0.499749 1.72095 0.125569 -0.0579118 -0.209883 -0.214314 0.0745177 0.0308997 0.634309 0.176607 0.210468 -2.18157e-09 1.0818 0.445025 0.317687 -0.829674 0.270304 7.79557e-09 9.76413e-10 7.06365e-10 -0.383762 -0.76883 -0.42266 -0.328959 1.65985 -2.1774 1.09747 3.83618e-09 -3.43876e-10 -3.87884e-10 -0.1324 -0.248421 0.398232 0.237097 0.279734 -0.166419 -0.308731 0.159593 0.898907 9.79837 -0.100619 0.0980291 1.21492
25 8.64818 -0.0947235 -0.168049 -0.157674 0.143981 -0.0963394 9.85632 0.0702215 -0.129682 0.20739 0.597087 0.432357 0.164909 -0.104716 -0.515581 -0.634326 -0.216664 0.180091 0.113381 0.123315 0.41453 -0.142209 0.0954226 -0.176212 -0.248106 0.0332154 0.0393854 0.0730715 0.0055554 0.0573563 0.0900062 -0.102745 0.107008 0.0503218 0.233125 -0.0862396 -0.0329831 0.153627 0.0514685 0.0535094 0.165136 0.365827 1.36048 0.167271 0.663894 -0.00575468 0.0691421 0.12915 -0.0474844 -0.0558609 0.378578 -0.143794 -1.39294 0.205773 0.6931 0.032248 -0.126634 -1.79595 0.365937 -2.08724 0.0317005 -0.0836362 1.40922 -1.89728 -1.1479 1.58684 6.32561 12.6556 1.48827 2.49186 -0.727803 -5.16062e-07 2.31324 -0.182366 1.74507 1.52776 0.0683803 1.9503 11.0077 -6.6989 -17.4309 0.331614 0.673151 0.757818 0.726456 -0.296095 0.919668 -1.39733e-09 3.8421 1.16373e-09 1.09446 -3.43951 1.97336 7.94411e-09 1.04953e-09 9.28657e-10 0.156107 -1.66267 -0.852948 -0.76927 1.32884 -1.93975 1.42115 -1.85606 -0.0554189 -2.91157e-10 0.358849 1.01251 0.175953 0.127264 -0.711041 -2.13222 0.314551 0.155602 0.900779 9.84049 -0.132479 0.0558059 1.29858
26 8.68151 -0.117565 -0.141757 -0.170678 0.138759 -0.0918796 9.90335 0.0105 -0.139398 0.19931 0.687731 0.506202 -0.00125838 -0.00928351 -0.437532 -0.58212 -0.0910793 0.177073 0.11703 0.0538221 0.284201 -0.0843803 0.0910536 -0.0908348 -0.0718145 0.0425215 0.0427528 0.0376055 -0.0252373 0.0465109 0.108249 -0.101721 0.00735705 0.0553354 0.285629 -0.0102008 0.00412782 0.153671 0.0497966 0.0533803 0.235329 0.34945 1.3373 0.079212 0.696327 0.0223255 0.108046 0.15289 0.00463634 -0.0509982 0.239086 -0.218779 -1.39187 0.0125048 0.602298 0.0334242 -0.0916166 -0.0887733 1.54982 0.030358 0.0672019 -0.0223316 1.37233 -1.65354 -0.28076 -0.378631 -0.163382 -1.89452 -5.98663 2.12634 4.97084 -1.11061 3.38202 -0.333124 0.141397 -3.0914 -2.38183 -1.20316 0.12705 1.72668 2.34505 0.0526709 -0.460232 -1.12646 -1.49928 -0.243022 0.272906 -2.08175e-09 0.641029 5.67556e-10 1.1127 -0.999737 1.45084 6.90667e-09 0.0262425 4.30187e-10 -0.101923 -2.98064 0.162829 -0.014237 1.80269 -0.200588 1.28172 4.29068e-09 -0.406001 -2.78891e-10 1.31677 -0.275435 0.789232 -0.842261 0.47187 2.88991 -0.0590798 0.152247 0.903575 9.88135 -0.0862489 0.0791223 1.17765
27 8.71484 -0.0804011 -0.110395 -0.1579 0.137971 -0.0901454 9.94377 -0.104366 -0.119963 0.171484 0.662751 0.277025 -0.290512 0.0966996 -0.424214 -0.56947 -0.021053 0.152164 0.0949445 -0.0499875 0.24207 -0.0784862 0.0651846 -0.0715417 -0.0389588 0.0271801 0.0686234 0.0244724 -0.0846338 0.0181074 0.083869 -0.102398 0.031922 0.0540827 0.289515 -0.0282045 0.0136803 0.154346 0.00214179 0.0179689 0.248284 0.29944 1.38613 0.0387654 0.705934 -0.0337011 0.0871737 0.151453 -0.0499602 -0.055167 0.382687 -0.204361 -1.33237 0.173994 0.696713 -0.0746288 -0.0236969 1.04613 0.853584 0.567943 0.157216 -0.0976849 1.11242 -3.68998 0.983936 -0.911964 -1.52238 -5.74894 -5.88052 2.95695 -0.236858 -0.240573 1.83419 -0.882013 -0.762021 -2.7269 -1.2267 0.154446 -0.00585013 1.01511 1.37726 -0.211115 0.549711 -0.494781 -1.58011 -0.484644 -0.754284 -2.14649e-09 0.359404 5.46456e-10 -0.0113273 0.0384306 0.209089 3.21689e-09 -1.53002 -1.51345 1.64309 -1.28234 1.74781 0.225732 1.24926e-09 -0.488434 -0.219621 6.62835e-11 0.388113 -2.96193e-10 0.750761 -0.0787189 1.05959 0.803151 -1.08447 -2.98268 1.98982 0.14963 0.904196 9.92032 -0.0687559 -0.0363775 1.16502
28 8.74818 -0.0189448 -0.0801012 -0.137367 0.140678 -0.0945419 9.97588 -0.288262 -0.106628 0.125887 0.671684 0.205923 -0.294312 0.150638 -0.422964 -0.603784 -0.0150037 0.139047 0.063535 -0.100931 0.167649 -0.096297 0.0669488 -0.0180703 0.0334699 -0.0142309 0.0714997 0.0157395 -0.0984639 0.00269832 0.0600391 -0.101034 -0.0177506 0.0561257 0.245414 0.0243597 0.00197177 0.154054 0.00150523 -0.00970762 0.384607 0.22843 1.37716 0.219144 0.69665 0.00237434 0.0872977 0.150791 -0.0221843 -0.0494011 0.301484 -0.1903 -1.332 0.2458 0.697973 -0.0453317 -0.0551503 1.0096 1.32642 0.485143 0.190952 -0.190427 0.880564 -4.96055 0.397022 -0.972682 1.79578 -1.39815 3.89491 -1.41611 1.9242 -4.98894e-09 0.138789 -0.271186 -0.76151 -1.59029e-09 -3.36039 -0.881285 0.290716 1.99001 2.69351 -0.400938 -0.0943916 -0.265884 0.0193375 -0.352857 -0.497376 -2.66148e-09 -0.444144 -0.0133451 -1.00711 0.421977 -0.251331 2.88316e-09 -1.61358 -0.333015 -0.101616 -0.890151 -0.0162154 0.429321 -1.51897 3.72855 -1.01993 4.64455e-09 0.921298 -0.0273162 -1.61614 -2.52829 0.369449 0.320561 -0.416108 -0.319758 -0.599583 0.147672 0.90087 9.9584 -0.0359607 -0.132336 1.11987
29 8.78151 0.00709972 -0.0394867 -0.107967 0.144706 -0.0982796 10.0037 -0.421642 -0.0711242 0.0713404 0.639996 0.11162 -0.312176 0.118568 -0.408635 -0.550656 -0.00701519 0.143471 0.0244395 -0.100931 0.113118 -0.141054 0.0721545 0.118948 0.0590101 -0.0259495 0.0802429 0.00464651 -0.0784453 -0.0220172 0.0336302 -0.102104 0.0209768 0.054157 0.224344 -0.0217574 0.00827878 0.153606 -0.0242333 0.0267827 0.351445 0.182501 1.33861 0.190946 0.623936 -0.00103051 0.110394 0.151045 -0.0450621 -0.0518486 0.227718 -0.17647 -1.33455 0.327579 0.689694 -0.0651946 -0.0268077 0.314579 1.2801 0.899304 0.177804 -0.0176758 0.762778 -3.33114 1.70088 -1.32857 -2.20388 -2.0374 -2.02161 0.323414 0.85145 1.8846 0.626693 0.0949077 -1.1461 -2.3839e-09 -0.490416 -1.28783 0.334227 -0.386228 -0.52607 0.251089 0.147666 -0.227623 0.656961 -0.462923 -0.766222 -3.57841e-09 2.31657 1.75368e-09 -0.459457 -2.5741 0.443894 8.1497e-09 0.115175 1.97375 -1.84558 -1.09601 -1.82499 -0.525117 -0.508579 -1.84307 0.846571 1.25816e-09 -0.552513 -3.2999e-10 -1.55799 -2.29035 0.117687 0.0284828 -1.4077 -1.57875 0.748811 0.146721 0.898382 9.99507 -0.015386 -0.00792408 1.08015
30 8.81484 0.00233883 0.0308964 -0.0962856 0.148043 -0.100701 10.0321 -0.428617 -0.0569246 0.025997 0.403631 0.125309 -0.393524 0.0948359 -0.346313 -0.456957 0.0325391 0.137358 0.00936862 -0.100931 0.0641057 -0.204378 0.07838 0.13655 0.0768208 -0.00596153 0.0615531 0.00687911 -0.0555245 -0.0352778 0.0222345 -0.101855 0.0108723 0.0519512 0.208232 -0.0314277 0.00749302 0.152933 -0.00853651 0.0487531 0.36686 0.140269 1.31933 0.193221 0.674487 -0.0396937 0.0978809 0.150807 -0.0512337 -0.0491959 0.129722 -0.205167 -1.3625 0.351134 0.678931 -0.0479476 -0.0172981 0.0926756 1.79617 0.925461 0.104662 -0.154361 0.845857 -0.447841 0.915544 -1.87399 -6.96163 0.00912235 1.59703 -0.296079 -1.33757 0.934646 1.0728 -0.266604 -1.14634 -9.43184e-10 -2.40853 -1.47725 3.11571 3.37857 1.64298 0.461037 -0.339361 -0.748292 0.34067 -0.325232 -0.0938773 -1.47017e-09 -1.01119 -0.0854066 -0.36686 0.537625 -0.0555679 6.95569e-09 0.660448 -0.430827 1.16136 -1.22539 0.758886 0.469305 2.27244 -0.39461 0.161102 4.18505e-09 0.260706 -0.0118003 -0.681248 -2.44428 -0.399645 0.416186 -0.526123 -0.0605492 0.413826 0.146213 0.895991 10.0305 -0.0113801 -0.13829 1.04922
31 8.84818 0.0134359 0.0860215 -0.0723362 0.151095 -0.103804 10.0622 -0.408707 -0.0403571 -0.0267199 0.118104 0.141479 -0.374138 0.0896731 -0.317241 -0.410897 0.059362 0.127802 -0.0150474 -0.100931 0.0286827 -0.249499 0.0786168 0.136595 0.0768824 -0.00483658 0.0437841 -0.00147889 -0.0408846 -0.0440137 0.00690866 -0.100627 -0.0377131 0.0506073 0.182785 0.0012636 0.00848235 0.152376 0.0131921 0.0517501 0.444947 0.149415 1.32548 0.19506 0.701254 -0.0315845 0.103952 0.150961 -0.0463237 -0.0501743 0.0841421 -0.217528 -1.38431 0.425457 0.685301 -0.069374 -0.00128937 0.342399 1.11204 0.618859 -0.000536797 -0.082153 0.911151 -0.0348204 0.488201 -1.02765 -6.63235 0.233935 1.11462 -0.180926 0.217849 0.327642 0.793312 -0.384418 -0.508499 -1.31585e-09 -1.1046 -0.670141 0.12981 0.00214113 0.00295321 0.0487828 -0.425091 -0.148788 0.181047 -0.12532 -0.443186 -2.32219e-09 -1.24998 6.90982e-11 -0.749546 0.825009 -0.235537 3.74118e-09 0.842191 7.47178e-11 0.814744 -0.741963 0.834146 -0.162423 6.07627e-10 0.0287 0.268144 6.12227e-09 0.491427 -3.2987e-10 0.359977 -1.41184 -0.427133 0.635878 -1.76371 -1.69431 1.22338 0.146403 0.893561 10.0652 0.0189177 -0.0577066 1.03356
32 8.88151 0.00492537 0.117425 -0.0540062 0.152585 -0.107422 10.0944 -0.40754 -0.0469697 -0.0490112 0.00382108 0.0662248 -0.264088 0.052093 -0.319239 -0.391911 0.110397 0.114332 -0.0270597 -0.100931 -0.0116081 -0.266279 0.0765729 0.136696 0.0770226 0.0100376 0.0229124 -0.00708179 -0.0268834 -0.0509739 -0.00257445 -0.101928 -0.105857 0.04084 0.167885 0.0532892 0.0166723 0.151878 0.032323 0.0532104 0.450379 0.140021 1.34771 0.186214 0.701145 -0.0312523 0.107481 0.150812 -0.0523498 -0.0506312 0.0963208 -0.230578 -1.38539 0.506328 0.664494 -0.0895009 0.00739954 -0.375945 0.813963 0.404603 -0.0833263 -0.112441 1.00631 -0.124226 -0.241895 -0.335988 -1.65874 -1.8326 3.92637 -1.12379 0.328315 0.61061 1.66256 -0.478 -0.0506143 -8.20039e-10 -1.27572 -0.240083 0.0775206 0.0038508 0.00528847 0.321866 -0.658487 -0.10671 0.448696 -0.17122 -0.237054 -1.11729e-09 -0.935159 -0.0664102 -0.486709 0.375788 -0.263585 2.94561e-09 0.103434 3.32758e-10 0.0386231 0.0606399 0.586636 0.0301564 4.65696e-10 -0.00677909 -0.0378208 6.8622e-09 -1.68169e-10 -4.50207e-10 0.386817 -0.62612 -0.0145914 0.561814 -0.965809 -1.34626 0.367313 0.147239 0.891392 10.0994 0.0334288 -0.0783273 1.01736
33 8.91484 -0.00687617 0.135607 -0.0463986 0.152708 -0.111256 10.129 -0.415007 -0.060464 -0.0404358 -0.00748542 0.0180125 -0.158373 0.0353597 -0.300944 -0.372031 0.166708 0.0961324 -0.0249532 -0.100931 -0.052167 -0.264565 0.0733824 0.133924 0.0732492 0.0175763 0.00548006 -0.00673118 -0.0135636 -0.058396 -0.00699519 -0.101013 -0.133137 0.0350652 0.160272 0.0764578 0.0147258 0.152029 0.0265791 0.0527723 0.432456 0.136097 1.36589 0.187131 0.701565 -0.0318763 0.0932616 0.150812 -0.0523498 -0.0506312 0.0982119 -0.2481 -1.38125 0.52795 0.656834 -0.0895929 0.00607846 -0.220458 0.536667 0.220505 -0.141848 -0.120458 1.04551 -0.143165 -0.420447 0.313602 0.0802357 -0.987297 2.56901 -0.259078 1.55646 1.04556 1.52079 -0.483551 0.17729 -7.77066e-10 -0.937092 0.0561709 0.0516862 -0.335134 -0.456324 0.0111153 -0.545243 -0.0289425 0.324026 -0.226615 -0.138728 -1.51539e-09 -0.533107 -0.165004 -0.200189 0.434665 -0.159916 4.47969e-09 -0.46398 5.25777e-10 -0.158878 0.484608 0.306313 0.0836392 9.5434e-11 0.000183475 -0.332385 8.25381e-09 -6.2096e-10 -7.06648e-10 0.277491 -0.320608 0.253311 0.0203466 -0.0110478 -0.127894 -0.0293382 0.148439 0.888526 10.133 0.0402979 -0.0905971 0.993295
34 8.94818 -0.00530514 0.14731 -0.0347283 0.152794 -0.112592 10.1642 -0.432773 -0.0734367 -0.0260218 0.0290447 0.030886 -0.0935148 0.0365161 -0.27674 -0.352017 0.207124 0.0814673 -0.029352 -0.100931 -0.0452126 -0.259562 0.0769338 0.089992 0.0134037 0.0120048 -0.00748633 -0.0106264 -0.00872633 -0.0665966 -0.0110008 -0.100545 -0.131259 0.0275632 0.157293 0.0788468 0.0135341 0.152432 0.011018 0.051584 0.419296 0.155854 1.37619 0.178555 0.695836 -0.0377183 0.0805207 0.150812 -0.0523498 -0.0506312 0.0812738 -0.255037 -1.37584 0.496472 0.658795 -0.0819262 -0.000820618 0.0920894 0.335002 0.416145 -0.144974 0.024013 1.06929 -0.232732 -0.469588 0.37586 1.09773 0.225843 1.48797 -0.0104664 1.65723 1.14315 1.09624 -0.413616 -0.136313 -3.26441e-10 1.31865 0.110318 0.0963983 -2.26488 -3.08592 -0.287601 -0.428058 -0.0984681 0.0930126 -0.226786 -0.156653 -2.45377e-09 0.33578 -0.163813 -0.082605 -0.204071 -0.0720613 4.65592e-09 -0.164976 6.26497e-10 -0.0384502 0.479715 0.0987757 0.0454378 0.148378 -0.20238 -0.0802699 8.43615e-09 -9.9229e-10 -8.86771e-10 -0.204312 -0.027689 0.280883 -0.581976 0.530911 1.10851 -0.399162 0.149883 0.887557 10.1659 0.0478268 0.034786 0.985143
35 8.98151 0.00548477 0.164773 -0.00903542 0.154615 -0.106252 10.2009 -0.430627 -0.0872368 -0.0268524 0.0642454 0.0697743 -0.0246915 0.00759059 -0.267903 -0.36395 0.211157 0.082091 -0.0495699 -0.0617814 0.0610192 -0.271763 0.100086 -0.0541628 -0.182847 -0.00806469 -0.0248392 -0.0233624 -0.0049405 -0.0703237 -0.0153294 -0.100164 -0.109845 0.0169133 0.159749 0.0604687 0.0121217 0.152386 0.0127896 0.0517194 0.401265 0.167952 1.38358 0.155345 0.683433 -0.0434576 0.0777062 0.150812 -0.0523498 -0.0506312 0.0503687 -0.253629 -1.37553 0.418508 0.666005 -0.0526073 -0.00991172 0.318017 0.376166 0.775796 -0.110706 0.332835 1.13279 0.421744 -0.500162 -0.168404 0.858405 0.751689 2.63308 -0.534898 -2.74674 -2.05558 -0.264362 -0.0936925 -0.6801 1.53533 5.21292 -0.294383 0.379972 -6.08897 -8.2752 -0.718938 -0.476932 -0.24617 0.0672456 -0.111838 -0.134636 -2.89257e-09 0.285084 -0.235668 0.029225 -0.157931 -0.0576252 5.39821e-09 0.628917 6.75375e-10 0.00122231 0.0351703 -0.0477556 0.0354528 0.126679 -0.379139 0.325373 7.20511e-09 -1.21493e-09 -9.76394e-10 -0.454188 0.53488 0.117138 -0.566214 1.23018 1.90608 -1.09012 0.151626 0.893266 10.1992 0.0518072 0.29922 1.0169
36 9.01484 0.0175411 0.184679 0.0160417 0.157282 -0.0918877 10.239 -0.401971 -0.0940304 -0.0274035 0.0845404 0.088469 -0.0107214 0.00773301 -0.233709 -0.335075 0.155082 0.101423 -0.0680682 0.058832 0.320482 -0.293802 0.162795 -0.375869 -0.608719 -0.0317376 -0.0371984 -0.0280389 -0.00167981 -0.0734334 -0.0216925 -0.104142 -0.107215 0.00262046 0.170608 0.0545399 0.0112331 0.151982 0.0283622 0.0529083 0.380047 0.169833 1.38651 0.128782 0.673786 -0.0518195 0.0874756 0.150858 -0.0505188 -0.0504924 0.0682417 -0.274878 -1.35787 0.335224 0.672291 -0.0219991 -0.0254465 0.0298543 0.304409 0.506099 -0.155451 0.472995 1.16415 1.3207 0.0941668 0.413805 0.678679 0.248329 -0.248619 0.0772706 1.43124 1.1583 -1.82188 0.844856 -0.234889 4.85418 3.7102 -1.14643 1.33681 0.857598 -6.31784e-07 -0.484602 -0.115529 0.0497268 0.157624 -0.196109 -0.119488 -2.2937e-09 -0.278538 -0.297283 0.197998 0.240004 -0.0890031 4.99455e-09 0.949349 4.49478e-10 0.0136208 -0.0624747 -0.142831 6.57554e-05 -0.275672 -0.346901 0.376108 6.61765e-09 -8.32283e-10 -6.04107e-10 0.0438896 0.964703 0.296352 -0.287934 1.5947 1.65068 -1.19053 0.153634 0.906106 10.2342 0.065808 0.411473 1.06423
37 9.04818 -0.00275403 0.227666 0.0572964 0.160584 -0.0757878 10.2783 -0.314138 -0.103534 -0.0440504 0.094479 0.124286 -0.00897428 0.00438698 -0.177509 -0.285966 0.0498688 0.134565 -0.0878455 0.305091 0.65222 -0.335362 0.233202 -0.501918 -0.608719 -0.0222539 -0.0526221 -0.0399903 0.00595105 -0.0751391 -0.0349147 -0.103167 -0.110649 -0.0144653 0.176027 0.0540684 0.00517057 0.151599 0.0428983 0.0540162 0.398166 0.170674 1.38061 0.158014 0.692583 -0.0311539 0.0885923 0.150823 -0.0519421 -0.0506003 0.0600424 -0.295111 -1.34345 0.22358 0.676574 0.00829968 -0.0446716 -0.852457 1.03993 0.804726 -0.159322 0.42924 1.21461 2.82839 0.03794 -0.0809383 0.68799 0.489048 -0.205181 0.106236 1.38871 1.42471 -3.47356 1.03715 -0.454488 7.04063 11.4414 -1.70115 -0.984338 -0.765454 -1.27409e-07 0.0801707 -0.327635 0.0938653 0.561129 0.0500599 -0.498146 -2.08557e-09 -0.0250077 -0.166249 0.191943 -0.0863059 -0.577933 2.46426e-09 -0.0189978 1.18118e-10 0.0626877 0.282679 -0.314292 0.0792567 -0.0689429 1.15349 0.254272 5.753e-09 -6.67555e-10 -2.64893e-10 -0.655853 0.591477 0.232378 -0.432626 2.01251 2.44869 -1.55624 0.15642 0.920593 10.2713 0.095427 0.397277 1.1445
38 9.08151 -0.0606535 0.224159 0.120064 0.167385 -0.0668848 10.3176 -0.199349 -0.100796 -0.0829964 0.114467 0.246042 0.0316388 -0.0613072 -0.0512784 -0.0592342 -0.0201664 0.14732 -0.146879 0.546841 0.805806 -0.277861 0.0114079 -0.438869 -0.509473 0.0706746 -0.0714758 -0.0463423 -0.0509072 -0.0435416 -0.0631068 -0.101295 -0.151754 -0.0517773 0.228961 0.0976769 0.0138313 0.152047 0.0258892 0.0527196 0.343339 0.152306 1.37194 0.155084 0.694735 -0.024938 0.12459 0.150867 -0.050141 -0.0504637 0.118625 -0.291184 -1.31766 0.182561 0.690852 0.0258173 -0.0385033 -1.50925 -1.40519 0.73073 -0.00133772 0.159848 1.15427 2.23908 -0.186257 -0.915169 0.817784 -1.66143 1.73162 -0.355079 -0.167491 -0.228707 -1.96458 0.1085 -1.56262 5.97918 4.69722e-09 -1.24558 -6.55669 3.88203 4.70158 2.44862 -0.219342 0.796421 -1.94439 0.803319 -0.646339 -9.24943e-10 -2.97364 -1.04019 1.52452 3.20085 -0.263932 1.025e-10 0.185889 4.81119e-10 0.343815 0.361712 -1.38425 0.159799 -0.962258 0.0892277 -0.285746 7.14409e-09 -5.6038e-10 -1.09698e-09 -0.442519 2.02583 -0.144892 -0.610185 0.200589 0.429631 1.22533 0.159135 0.929026 10.3097 0.0366298 0.246063 1.13656
39 9.11484 -0.0671184 0.167069 0.107851 0.171434 -0.0586437 10.3564 -0.114284 -0.123514 -0.0591691 0.0451034 0.254435 0.109868 -0.0823453 -0.0630895 -0.0866601 -0.0753293 0.144103 -0.148835 0.566422 0.591357 -0.150404 -0.0402791 -0.303653 -0.388059 0.0809896 -0.0713187 -0.00963978 -0.0803355 -0.0329071 -0.0536206 -0.100815 -0.138196 -0.0524459 0.242694 0.0882497 -0.0205273 0.15074 0.019067 0.0522021 0.356797 0.258415 1.31598 0.0826202 0.669674 -0.074363 0.0752824 0.151378 -0.0254521 -0.0391244 0.249276 -0.317186 -1.31128 0.127354 0.687405 -0.0267763 -0.0254928 0.34775 -2.00262 -0.367828 -0.105835 0.0642809 1.1387 2.01125 -0.500343 0.549858 -2.12686 -0.87151 2.48513 -1.64807 1.16397 0.535389 -1.564 -0.186347 -0.145499 -1.97798 -9.71455 5.00296 0.442195 7.05833 5.71421 0.0437569 0.447552 0.867994 -1.18001 0.273319 0.270999 -1.52155e-09 1.05016 -7.20672e-10 0.256067 -1.34227 -0.728015 1.67705e-12 0.334312 1.2039e-10 -1.51304 1.0464 -1.24472 -0.687965 2.70053 -2.42105 0.243187 5.01199e-10 -0.226369 0.976752 2.25299 2.85446 -1.41094 0.582934 0.884195 -0.203584 -0.415915 0.160057 0.936135 10.3461 0.0231323 0.0999538 1.08072
40 9.14818 -0.0216959 0.125253 0.0909129 0.171488 -0.0577086 10.3903 -0.0714913 -0.123914 -0.0325229 -0.0472792 0.230242 0.150396 -0.0765056 -0.0452166 -0.0573211 -0.197401 0.132149 -0.135687 0.530362 0.34524 -0.00740773 -0.0326563 -0.110859 -0.227978 0.0623565 -0.0780017 0.00410747 -0.123111 -0.0138025 -0.0306009 -0.103507 -0.101671 -0.0528293 0.226364 0.0644027 -0.0266564 0.152678 0.0518801 0.0546494 0.358457 0.248003 1.27305 0.125724 0.701116 0.0662264 0.0483704 0.151381 -0.00524954 0.0139756 0.220806 -0.270757 -1.39927 0.0376101 0.700544 0.0381231 -0.0681953 1.27523 -1.04344 -0.44257 -0.153608 -0.0429337 0.93327 1.4757 -0.0264173 0.730779 -2.99093 -0.737977 0.980273 -0.196767 0.860412 1.18711 -4.01895 -0.881982 0.235611 -1.08258 -3.77317 3.35183 0.625414 4.79283 4.06169 -0.275468 0.0516289 0.351149 -1.20024 0.245502 0.684623 -2.02886e-09 -0.998372 -1.2113e-10 -0.729801 1.31419 -0.580371 2.25141e-09 2.90662e-10 2.41893e-10 -1.48018 0.793055 -0.986569 0.229218 -0.312637 2.47506 -0.342837 1.35924e-09 0.0888028 1.4258 1.43148 1.43533 -1.97022 -0.0500982 2.17505 1.40837 -1.00138 0.160763 0.936693 10.3816 0.017503 -0.0274843 1.04916
41 9.18151 0.0116827 0.0763915 0.0789686 0.170348 -0.0604922 10.4195 -0.0411817 -0.124779 -0.0121493 -0.102147 0.185858 0.190875 -0.0591282 -0.0269249 -0.0123391 -0.320755 0.111319 -0.116742 0.478516 0.285747 0.0996607 -0.018316 0.0084515 -0.121359 0.0733514 -0.0677028 0.0182332 -0.164435 0.000371638 -0.0222489 -0.105251 -0.167518 -0.0496265 0.203517 0.130617 -0.0425304 0.152712 0.050612 0.0545521 0.241401 0.186371 1.27746 0.21411 0.686275 0.0688673 0.0641801 0.151098 -0.00459752 0.0422537 0.251358 -0.20762 -1.43711 0.0556198 0.699973 0.0336323 -0.131007 0.202101 -1.97744 -0.308387 -0.12033 -0.105866 0.830981 0.775495 -0.137465 0.489924 -1.24725e-09 -2.5037 2.00465 -0.441557 1.32769 1.81005 -2.85195 -0.965883 0.486819 -1.65543 -0.309344 2.59731 -0.0292712 2.642 2.5193 1.17594 0.319281 0.303237 -1.06694 0.222897 0.287732 -1.78484e-09 -1.06536 -0.0446454 -0.422871 0.941179 -0.611494 6.17603e-09 -0.0408531 1.28695e-10 -1.99035 2.19462 -0.352093 0.214897 -1.64966 1.2699 -0.161156 2.55986e-09 0.9238 0.110752 -0.0694179 1.34769 -0.642505 0.156309 -0.0238677 -0.968477 -0.870491 0.16122 0.934271 10.4162 0.00412367 -0.10628 1.03281
42 9.21484 -0.0025076 0.0168295 0.0494201 0.166329 -0.0668554 10.4495 0.012807 -0.129969 0.0248884 -0.102147 0.0989876 0.255359 -0.0610022 0.00942997 0.0142205 -0.391706 0.109146 -0.0524468 0.428155 0.386592 0.0870573 0.0575033 0.00300518 -0.126137 0.0849028 -0.0659021 0.0320264 -0.13198 0.0280799 -0.00232652 -0.103591 -0.0655277 -0.0402518 0.191155 0.0473555 -0.0538964 0.159711 0.042918 0.052937 0.124667 0.18764 1.29572 0.292481 0.684781 0.046542 0.0235028 0.152329 -0.032652 -0.0140211 0.445197 -0.187375 -1.35013 0.219334 0.701761 0.00425914 -0.0783239 -0.707696 -1.54071 -1.3392 -0.214088 -0.11197 0.922139 1.97979 -0.227036 1.4611 -6.47082e-10 -1.10936 1.68166 -0.519579 -2.21114 -6.15446 -1.87092 -0.860266 2.41062 -1.4912 2.31924 -0.341818 1.82505 0.344921 0.337461 0.352207 -0.0333295 0.369809 1.21556 0.824394 0.994366 -2.2679e-09 1.8477 0.310135 -0.0630441 -1.30013 0.289528 4.02002e-09 -0.716052 4.04449e-10 -0.528904 2.80706 0.197106 -0.055693 -1.84208 0.823285 -1.65664 2.31267e-09 0.126062 -2.71779 0.719169 1.81636 2.41077 -0.278371 -1.27318 -1.96299 2.07269 0.161371 0.92886 10.4507 -0.00861282 -0.0916851 1.03985
43 9.24818 -0.0175895 -0.0379485 0.03141 0.161524 -0.0689783 10.4824 0.0692508 -0.138015 0.0452956 -0.102147 0.0595052 0.317232 -0.0658849 0.0237661 0.0471716 -0.395515 0.0858057 0.00301421 0.257615 0.506423 0.158842 0.0248033 0.0353104 -0.0987718 0.0856764 -0.0443128 0.0281632 -0.100201 0.0382912 0.00991899 -0.102798 -0.0522242 -0.030829 0.183072 0.0581617 -0.0488783 0.15987 0.0366728 0.0523182 0.0948116 0.219347 1.3199 0.363683 0.689674 0.0618385 0.00853021 0.153077 -0.0203118 -0.0518206 0.444882 -0.158502 -1.32738 0.198922 0.700923 0.0236563 -0.0594276 -0.224207 -1.28109 -0.392101 -0.103168 -0.0776769 0.997444 1.46656 -0.201872 0.295021 -8.75649e-10 -1.20744 1.40338 -0.344152 0.0118485 0.00665646 -0.305501 -1.06784 1.20666 -4.61062 -0.0260538 1.38698 -3.0446 1.85719 1.68266 -0.141212 0.496474 -0.288615 0.646361 0.237624 0.365766 -1.10733e-09 0.975328 0.388843 -0.213459 -0.343684 -0.187219 4.07045e-09 -0.915219 1.41506e-10 0.475005 1.98397 0.847637 0.489532 -0.780262 1.46611 -0.643098 1.35224e-09 -0.0917589 -4.47456e-11 0.665997 0.824894 -0.626757 0.498276 1.03366e-09 0.982746 -0.628209 0.161158 0.92727 10.4852 -0.012009 -0.029753 1.02944
44 9.28151 -0.0325643 -0.0794199 0.0148068 0.157343 -0.072263 10.5184 0.13047 -0.137072 0.0586546 -0.102147 0.0141375 0.357193 -0.0705758 -0.230205 -0.259655 -0.352266 0.0666411 0.0487619 0.0413653 0.402361 0.209615 0.0479187 0.0538655 -0.0835296 0.076567 -0.0316188 0.0290208 -0.0715902 0.0471153 0.0164046 -0.102188 0.00625488 -0.0189918 0.184452 0.0183464 -0.0604282 0.159596 0.047235 0.0531657 0.0918238 0.227189 1.35024 0.444968 0.677849 0.0676764 -0.018694 0.152884 -0.027798 -0.0523952 0.476341 -0.142634 -1.34727 0.198903 0.700592 0.0266447 -0.0799412 -0.286031 -0.749512 -0.633091 -0.0458887 -0.165648 1.0942 1.71413 0.0429828 0.418622 -5.27022e-10 -1.32446 0.651769 -0.338118 -6.33574 -6.87951 0.71591 -0.526259 1.24323 -5.09649 -3.65948 -0.960392 2.20145 0.156171 0.391613 -0.427946 0.19249 0.11963 0.691057 0.28086 0.298474 -1.15461e-09 1.47192 0.533162 -0.00773673 -1.13976 -0.370132 5.02868e-09 -0.460231 2.2237e-10 0.302378 1.19223 1.02095 0.34231 -1.36029 0.969605 -0.744416 2.09238e-09 -0.304313 -2.65032e-10 0.45004 0.506858 -0.801033 -0.194124 2.01953e-10 -0.00771582 -0.503422 0.160732 0.924902 10.5195 -0.0192597 -0.0939348 1.03029
45 9.31484 -0.0451031 -0.0861706 -0.00856906 0.153549 -0.0779558 10.5556 0.192362 -0.130029 0.0793166 -0.102147 -0.032681 0.357465 -0.0748256 -0.0820559 -0.283592 -0.339005 0.0658139 0.0832333 -0.0498834 0.170085 0.130107 -0.0101584 0.105145 -0.0240019 0.0686463 -0.0203778 0.0349341 -0.0545289 0.0402485 0.0284268 -0.101757 0.0404126 -0.00687158 0.184845 -0.0169308 -0.0662029 0.159578 0.0479359 0.053222 0.100367 0.233945 1.38012 0.504966 0.657585 0.0570827 -0.0145001 0.152651 -0.0367357 -0.0530807 0.511652 -0.14609 -1.3694 0.198793 0.700176 0.0240157 -0.0801005 -0.300147 0.105513 -0.656901 0.00483404 -0.24811 1.13506 1.82033 0.214547 0.468853 -3.69599e-10 -1.37792 -0.342158 -0.386104 5.48314 -0.259137 0.0934435 0.126968 0.716089 -1.40563 -6.62171 -4.03928 -1.62121 0.79703 0.844088 -0.413961 0.31513 0.225015 0.505608 -0.291906 0.31924 -1.38584e-09 0.526754 0.349794 -0.0553977 -0.61359 -0.0195214 5.74698e-09 -0.27634 2.37973e-10 0.634918 0.509924 0.872178 0.311607 -0.968519 0.664189 -0.156493 1.18704e-09 -0.00509692 -2.2541e-10 0.380389 0.0204376 -0.758058 0.0320833 4.45784e-10 0.0195338 -0.132688 0.159995 0.920477 10.5538 -0.0257228 -0.163199 1.02821
46 9.34818 -0.0518141 -0.0722871 -0.0261163 0.151346 -0.0852557 10.5942 0.248608 -0.108863 0.0970968 -0.102147 -0.0815434 0.323923 -0.079053 0.0538573 0.076275 -0.347561 0.0888951 0.0876555 -0.0553887 0.0445467 -0.0319619 0.00663107 0.115622 -0.00933686 0.0529476 -0.0125925 0.0403966 -0.041683 0.0357165 0.0377559 -0.101627 0.0434415 -0.000118338 0.188021 -0.0346411 -0.069046 0.159524 0.0500108 0.0533883 0.124833 0.241997 1.39853 0.52902 0.639529 0.0567321 0.00195432 0.152523 -0.0416243 -0.0534553 0.502494 -0.139158 -1.39425 0.192447 0.700448 0.0137376 -0.0584899 -0.116685 0.535761 -0.429638 0.0453918 -0.302582 1.1561 1.62855 0.627587 0.329458 -9.28832e-10 -1.3599 -1.17041 -0.462855 0.00382758 0.00534496 -0.233736 0.671781 -0.0322341 0.209362 -2.19418 -4.10349 0.965881 0.317494 0.506226 -0.54491 0.306887 0.136763 0.298258 -0.104592 0.249402 -1.40129e-09 0.276352 0.17103 0.0926686 -0.67131 0.00414331 7.49328e-09 3.91764e-10 5.30961e-10 0.612097 -0.190338 0.528054 0.110514 -0.276962 0.463427 0.441773 1.55858e-09 -0.00251072 -4.66342e-10 0.010399 -0.23296 -0.435836 0.157885 9.68007e-11 0.011236 0.312253 0.159095 0.91406 10.5882 -0.025617 -0.221647 1.03001
47 9.38151 -0.0309935 -0.0445992 -0.0284649 0.150812 -0.092899 10.6322 0.273097 -0.0814562 0.105657 -0.102004 -0.127017 0.270593 -0.0867921 0.0530819 0.0752274 -0.382671 0.105178 0.0616279 -0.0363755 0.0353375 -0.134936 0.0316143 0.119481 0.000170439 0.0177801 -0.00475108 0.0366987 -0.0413826 0.0274762 0.0385955 -0.10142 0.0549962 0.0100697 0.191197 -0.0662165 -0.0746309 0.159524 0.0500108 0.0533883 0.141486 0.241049 1.41543 0.516127 0.643755 0.0718535 0.0138215 0.15293 -0.0260283 -0.0522594 0.478242 -0.139289 -1.40116 0.197823 0.698818 0.0103299 -0.0688812 0.803075 0.754272 -0.00490091 0.0600851 -0.265849 1.11494 0.552928 0.819043 0.0610919 -1.09945e-10 -1.07966 -1.54799 -0.498588 -0.134473 -0.182822 -0.896095 0.644546 -0.831448 0.374102 0.4655 -2.131 0.00360767 0.157884 0.285691 -1.10008 0.420614 -0.11532 -0.0571999 -0.29957 -0.0635755 -2.16901e-09 0.460091 0.269621 0.0762931 -0.953756 -0.0318442 1.01349e-08 6.75734e-10 8.15527e-10 0.203204 -0.394532 0.422067 -0.25633 0.411964 -0.0507153 0.215971 2.51368e-09 0.601625 -6.17118e-10 -0.18561 -0.638835 0.182206 0.0652583 -0.24059 -0.337912 0.212537 0.158338 0.90703 10.6225 -0.0168803 -0.217445 1.02256
48 9.41484 -0.0073782 -0.0366244 -0.0238966 0.151193 -0.0988798 10.6688 0.250065 -0.0675434 0.101018 -0.0252158 -0.183441 0.244888 -0.0975557 0.0333587 0.0483691 -0.410627 0.112309 0.0339603 0.0055515 0.0609572 -0.17581 0.0279544 0.141872 0.0148491 -0.0120028 0.00852659 0.0291009 -0.0407062 0.0210492 0.0343838 -0.101312 0.0415312 0.0115233 0.189357 -0.0607142 -0.0690666 0.159524 0.0500108 0.0533883 0.142018 0.26319 1.42018 0.449922 0.642892 0.064092 0.0343034 0.153524 -0.00276923 -0.0504721 0.427138 -0.149226 -1.4043 0.177571 0.677366 0.022408 -0.0698289 0.497981 0.197684 0.115009 0.059302 -0.146416 1.129 -0.693212 0.12791 -0.159061 2.728 -0.895729 -0.498245 -0.578986 -1.43467 -1.95422 -0.274761 0.373044 -0.755441 1.23296 1.44718 -1.15296 -0.199394 0.519452 0.273942 -0.822802 0.385055 -0.253902 0.215397 -0.177011 -0.0876702 -2.1604e-09 -0.39939 -0.0151642 -0.0424144 0.187433 0.154844 9.9979e-09 1.17715e-09 9.7001e-10 0.542209 -0.0466395 -0.0793669 -0.877833 1.32264 -1.32209 0.797581 4.44264e-09 0.157489 -6.30646e-10 -0.194811 -0.665574 0.323272 -0.025407 -0.325638 0.37212 -0.157322 0.157797 0.900961 10.6572 -0.0139937 -0.146329 1.05769
49 9.44818 -0.00286148 -0.0380452 -0.0408114 0.150021 -0.0982344 10.708 0.208011 -0.0988588 0.11108 0.11881 -0.127418 0.262828 -0.128712 -0.11438 -0.15291 -0.399548 0.121783 0.0322213 0.0462136 0.195526 -0.216037 0.0976337 0.14004 0.0102644 -0.027239 0.0149651 0.0332541 -0.0351675 0.025522 0.0388592 -0.101142 0.0247297 0.0144988 0.19314 -0.0452245 -0.0604497 0.159524 0.0500238 0.0533894 0.113765 0.271048 1.42453 0.342275 0.65284 0.0339242 0.0359305 0.153239 -0.0139845 -0.0513345 0.405682 -0.174379 -1.40206 0.142323 0.654339 0.0420561 -0.0650382 -0.0767737 0.221648 -0.613347 -0.0144944 0.145106 1.26254 -1.25412 -1.2708 0.624407 4.42859 4.53041 0.838254 -0.790536 -6.91009 -9.4033 0.883566 0.0829299 0.0360312 1.01793 4.29023 -0.460789 1.4724 0.192391 0.0954353 -0.468521 0.0432107 0.0558826 0.257385 0.209056 0.222381 -2.43791e-09 -0.914772 0.00880617 0.0655271 0.870099 0.223269 8.57864e-09 1.35284e-09 1.07822e-09 -0.23862 -0.679676 -0.0852374 -0.815562 1.87679 -2.24313 0.700853 3.50988e-09 -1.17138 -5.9691e-10 -0.0922441 -0.0840675 0.279476 -0.0611456 0.276629 0.820315 -0.504306 0.156986 0.900735 10.6941 -0.030819 0.12183 1.15024
50 9.48151 -0.0174888 -0.0458877 -0.0598252 0.1487 -0.0906733 10.7508 0.116756 -0.140461 0.111282 0.347656 0.199133 0.299356 -0.143372 -0.609468 -0.565324 -0.345671 0.123602 0.0296721 0.0801355 0.2886 -0.180792 0.151651 0.153438 0.018685 -0.0273423 0.0175291 0.0337007 -0.0289731 0.0306617 0.0445383 -0.100958 0.0145251 0.0244028 0.200918 -0.0359384 -0.0525382 0.159506 0.0506881 0.0534426 0.129403 0.28499 1.40916 0.256296 0.667487 -0.00195417 0.0518896 0.15226 -0.0516047 -0.0542195 0.40827 -0.17325 -1.39534 0.141887 0.661003 0.0490995 -0.0737119 -0.615456 -0.054175 -0.107362 0.0505564 0.184316 1.32785 -3.07919 -1.00847 -0.267999 6.75332 10.1732 0.809773 3.2633 -12.8619 -13.1766 1.95092 -0.245515 -0.648961 1.13005 1.95874 2.13049 0.35179 0.20794 0.104749 0.012192 -0.0890539 -0.304659 0.3595 0.206367 0.0138252 -1.47335e-09 0.14766 0.311145 0.240166 -0.259924 0.1074 6.86463e-09 8.95702e-10 4.99552e-10 -0.318702 -1.07443 -0.21936 -0.219772 1.96814 -1.53396 1.09082 6.84895e-10 -1.27792 -2.02089e-10 0.0258082 0.221163 0.257465 0.116204 -0.0249804 -0.0634826 -0.428565 0.155402 0.907034 10.7348 -0.0508983 0.178879 1.26341
51 9.51484 -0.0502373 -0.0846649 -0.0769355 0.148003 -0.0890201 10.7946 -0.00443736 -0.153301 0.108281 0.632309 0.500994 0.220361 -0.0868239 -0.570194 -0.588162 -0.237739 0.126423 0.0305717 0.0582494 0.369295 -0.120986 0.162747 0.154437 0.0208855 -0.0134117 0.0273466 0.0366064 -0.0120408 0.0372144 0.0466839 -0.101042 0.0350361 0.04445 0.212639 -0.0506331 -0.0578321 0.15949 0.0513046 0.053492 0.142118 0.309727 1.38753 0.164463 0.668986 -0.0150382 0.0496491 0.150887 -0.0493537 -0.0536974 0.420291 -0.171106 -1.38292 0.192279 0.691875 0.0318606 -0.0564758 -0.846035 -0.817796 -0.614189 0.0896866 -0.172288 1.31044 -3.25013 -0.370648 0.428014 6.83665 7.73863 -2.84777 3.64736 3.86987 2.51803 2.99599 -0.0868696 0.264348 -0.452246 2.38868 0.53037 0.627799 -0.0464376 -0.00947202 0.204896 0.147081 0.15207 0.594299 0.228494 0.126446 -1.06552e-09 0.489507 0.677273 0.431878 -0.494487 -0.1796 5.53365e-09 4.72731e-10 1.96799e-10 -0.440593 -0.865318 -0.397915 -0.231048 1.2633 -1.95326 0.486371 3.21022e-10 0.121136 0.00606541 0.156789 -0.33185 0.50833 0.188298 -0.326987 -1.64997 0.946355 0.15385 0.908414 10.7772 -0.0485686 -0.103664 1.27819
52 9.54818 -0.0570512 -0.103728 -0.116063 0.14406 -0.0947661 10.838 -0.097738 -0.145171 0.155402 0.758129 0.753761 -0.0280275 0.0960003 -0.609096 -0.601598 -0.152588 0.133899 0.0683627 0.0288545 0.33284 -0.0546026 0.0748032 -0.116425 -0.145207 -0.0225293 0.0344711 0.0462513 -0.00447741 0.0408623 0.0628145 -0.101916 0.0745301 0.0499528 0.230817 -0.0797771 -0.0341315 0.159578 0.0479369 0.053222 0.260114 0.380093 1.34025 0.0916391 0.636366 -0.0308806 -0.004556 0.139959 -0.0172155 -0.0516755 0.419373 -0.165415 -1.36496 0.259123 0.692706 0.0359539 -0.0541735 0.428728 0.321334 0.0450882 0.0700672 -0.13098 1.19548 -2.92655 0.391597 0.600722 2.13583 3.04426 -1.00789 1.75173 -1.14367e-10 -1.06433e-07 2.10545 0.384433 0.0571112 -1.18191 -5.4443 -0.575879 0.10405 3.68493 4.99383 -0.458999 -0.015939 -0.624952 -0.297008 0.114778 -0.0615201 -9.03885e-10 4.68026 1.41461e-09 0.665935 -4.09859 1.66272 5.60161e-09 1.50695 8.29649e-10 1.38476 -2.4126 0.0633322 -0.477389 -0.482484 -1.79737 -1.16515 -0.0644511 1.4099 -6.9441e-10 -0.203347 -1.29362 1.06803 -0.034662 -1.21219 -0.219266 1.06712 0.152737 0.902318 10.819 -0.00908891 -0.0770738 1.17959
53 9.58151 -0.0126728 -0.0838392 -0.103564 0.144239 -0.0960355 10.8749 -0.225545 -0.119849 0.164196 0.8047 0.546314 0.00397058 0.0340282 -0.587945 -0.611033 -0.0915527 0.129388 0.0472084 -0.0732753 0.249509 -0.070012 0.0722501 0.0608195 -0.0458872 -0.0578049 0.0837321 0.0468304 -0.016859 -0.00160893 0.0254211 -0.109415 -0.013151 0.0556507 0.220145 0.0200283 -0.0114118 0.153973 0.0120013 0.0469581 0.206998 0.304714 1.3812 0.0452106 0.701084 -0.0590612 0.00639591 0.164865 0.00135718 -0.0505929 0.260063 -0.188979 -1.35231 0.166446 0.660054 -0.0625284 -0.0924665 1.47257 0.997445 0.247422 0.11253 -0.0856817 1.02812 -3.77371 1.13942 0.747311 0.66247 -6.76081 1.84996 1.14515 1.0415 -1.00667e-07 1.41298 -0.0699839 -0.507719 -2.92203 -1.97639 -0.809819 0.131741 1.7906 2.44113 -0.706037 1.04007 -0.0174467 -0.718393 -0.85892 -0.911537 -5.01334e-09 -1.96972 4.96643e-10 -0.646253 2.42172 0.500172 2.23715e-09 -2.15814 -0.298109 0.00967441 -0.686325 0.821435 0.177739 4.9733e-10 0.000827924 -0.0162174 5.55316e-09 -0.953664 -1.673e-10 -0.296736 -0.848644 0.960513 -0.18353 -1.38339 -0.314721 -0.36725 0.152734 0.900836 10.8568 0.0100063 -0.0751456 1.11482
54 9.61484 0.0429849 -0.0683604 -0.102164 0.144878 -0.0998864 10.903 -0.382483 -0.0576239 0.187535 0.784918 0.290149 -0.15507 0.0936767 -0.583119 -0.586266 -0.0923851 0.133577 0.0402537 -0.105992 0.155946 -0.0925412 0.0691728 0.125608 0.042529 -0.041442 0.131874 0.0665831 -0.0784361 -0.0371178 -0.0155903 -0.109541 -0.00861082 0.0554016 0.203416 0.0387443 0.0185004 0.155732 -0.0520124 0.00200369 0.191654 0.286278 1.44361 0.0285344 0.689297 -0.0226598 0.122654 0.163675 -0.044368 -0.0541993 0.303997 -0.185388 -1.30974 0.279901 0.688579 -0.131495 -0.0934306 1.38178 0.628009 0.979196 0.128095 -0.00997635 0.711963 -4.81316 2.41583 -0.185213 -1.15794 -5.86206 -4.51428 2.89224 -1.18435 1.91908 -0.45181 0.166181 -1.34022 -3.20247e-09 -0.838756 -0.56721 0.233527 -0.00271515 0.00395881 1.06547 0.694259 -0.216317 -1.61146 -0.452655 -1.30373 -3.87414e-09 0.819974 1.40534e-09 -0.593196 0.0393988 0.940487 7.39672e-09 -1.23863e-09 -0.955276 0.252299 -0.903298 1.62163 0.49182 -0.412245 1.50683 1.24792 4.1588e-09 -0.282891 -3.35231e-10 0.0834972 -1.4432 1.11624 -0.167088 -2.51135 -2.63225 0.467222 0.152834 0.89756 10.894 0.00709695 -0.0315192 1.11186
55 9.64818 0.0731529 -0.034658 -0.0948931 0.146181 -0.0994938 10.9285 -0.494941 -0.0538131 0.185899 0.699854 0.222123 -0.14409 0.0162809 -0.42139 -0.607321 -0.0937617 0.121141 0.0278839 -0.105992 0.127161 -0.113212 0.0702524 0.125456 0.0427727 0.0025374 0.141246 0.0769883 -0.129762 -0.053839 -0.0422843 -0.110059 0.0102309 0.054366 0.197543 0.0124983 0.0284206 0.155831 -0.0495713 -0.00212565 0.232948 0.237318 1.46256 0.0883423 0.70038 -0.0479255 0.16661 0.16143 -0.0491411 -0.0546411 0.232228 -0.183458 -1.31645 0.326653 0.695916 -0.105523 -0.0445375 0.634702 0.903324 -0.130845 0.0367132 0.0933243 0.802198 -2.71075 0.000914541 0.409708 -2.29357 -0.588568 -1.04129 -0.892225 2.75821 0.444698 0.247842 -0.259914 0.0220051 -1.53973e-09 -0.962993 -0.558469 0.0531555 -0.00609541 0.010387 1.1529 0.172106 0.507349 -1.27256 -0.374005 -0.461121 -1.74176e-09 1.47199 1.10328e-09 -0.0763389 -1.69257 0.5141 7.34571e-09 -0.484975 0.477709 -0.507756 -0.746384 0.300189 -0.00890549 1.10766e-10 -0.189545 0.644807 3.24065e-09 0.16967 -1.77768e-10 -1.9832 -1.97478 -0.229719 -0.0623122 -0.893119 -0.335294 0.963275 0.153207 0.897934 10.9304 0.0188306 0.0312941 1.07298
56 9.68151 0.0412069 -0.00545473 -0.0914558 0.146498 -0.0991155 10.9608 -0.483817 -0.0408359 0.18604 0.538021 0.113916 -0.246027 0.0298381 -0.246126 -0.446877 -0.0201885 0.141535 0.0250868 -0.105992 0.0838845 -0.159452 0.0673052 0.125187 0.0432679 0.0416462 0.1339 0.0770429 -0.103676 -0.0653474 -0.040372 -0.107904 0.00459914 0.0523712 0.172944 -0.00132048 0.0168951 0.15445 0.00334836 0.051535 0.384425 0.231419 1.39248 0.195518 0.688609 -0.00542966 0.082262 0.0773907 -0.0412058 -0.0565983 0.223442 -0.129236 -1.34756 0.392122 0.691944 -0.0485087 -0.00121254 -0.688241 0.613404 0.405837 0.0666627 0.0113157 0.990712 0.125847 1.14887 -0.239296 -5.21023 -1.8467 -2.19362 1.78332 1.08191 1.8464 1.9986 0.709597 -0.285176 -1.46938e-09 -1.37075 -1.23353 0.130676 -0.0100073 0.0190418 0.379431 -0.26391 0.0311006 1.15741 -0.184817 -0.198976 -1.13532e-09 1.18421 1.22638e-09 -0.683543 -1.88042 -0.329218 2.83222e-09 1.26177 4.66622e-10 0.86489 -0.782324 0.447211 -0.388366 -1.05459 0.821245 -2.3068 1.6332 0.635722 -1.50922e-10 -1.57071 -4.02183 0.0451523 -0.0713439 -0.8578 -0.332539 0.266085 0.153803 0.897698 10.9665 0.0213798 -0.0317538 1.08899
57 9.71484 0.0147634 0.054169 -0.0677618 0.148739 -0.102039 10.9968 -0.402345 -0.0359155 0.14832 0.220005 0.122713 -0.318584 0.0101397 -0.153502 -0.360152 0.0523594 0.147109 0.00393796 -0.105992 0.0381001 -0.22191 0.0618905 0.120997 0.0445427 0.0526476 0.106679 0.0605048 -0.0694939 -0.0735493 -0.039151 -0.106331 -0.0139131 0.0519615 0.16028 -0.0084151 0.00293894 0.153849 0.0263981 0.053317 0.42195 0.204716 1.40177 0.210222 0.680157 0.000887823 0.0974352 0.153648 -0.0516502 -0.055176 0.102326 -0.192966 -1.3588 0.443617 0.697504 -0.0483509 -0.00194651 -0.32982 1.73353 1.12842 0.0722986 -0.121655 1.07542 1.77969 0.314148 -1.73269 -9.29788 8.73683 -3.51545 -5.52496 -12.8079 -13.5393 1.72729 0.237122 -1.0072 -1.29769e-09 -1.38344 -1.93451 0.177817 0.00410616 0.0256743 0.0487853 -0.535789 -0.689371 0.535777 -0.218565 -0.290593 -1.79965e-09 -1.00271 2.7198e-10 -0.143194 0.295336 -0.526371 5.04474e-09 0.215101 5.28015e-10 0.0827682 -1.00497 0.65717 0.075501 -0.171939 0.372949 0.434467 4.65629e-09 -6.36439e-11 -2.75847e-10 -1.21219 -1.56748 -0.576421 0.409747 -0.240737 -1.43445 0.394924 0.154584 0.894123 11.0024 0.0283687 -0.143226 1.06921
58 9.74818 -0.00677291 0.0940588 -0.050159 0.151945 -0.105651 11.0333 -0.355588 -0.0227483 0.119179 0.117688 0.242432 -0.407962 -0.144671 -0.473436 -0.429334 0.121701 0.147273 -0.00719853 -0.105992 -0.00655309 -0.260857 0.0603047 0.119471 0.0742676 0.0711128 0.0760796 0.0599071 -0.061831 -0.0726076 -0.0459644 -0.104016 -0.101069 0.0496395 0.151501 0.056131 -0.00747947 0.153474 0.0405282 0.0544072 0.434079 0.179016 1.40624 0.199648 0.675379 -0.0150349 0.103584 0.153725 -0.0487756 -0.054954 0.0747351 -0.198621 -1.38144 0.489155 0.685017 -0.0747974 0.0151431 -0.60726 0.0614503 -1.07083 -0.117702 0.0868218 0.983417 0.858183 -0.768422 1.10792 1.87706 -2.05729 -1.02256e-08 0.667797 -1.07462 2.21814 1.6238 -0.611234 1.55994 -5.00807e-10 -0.386057 0.529515 0.197805 -0.555684 -0.996939 1.61553 -1.93899 1.06959 -1.22139 0.993903 0.555179 -1.76797e-09 -5.47953 -0.558106 -0.282444 5.09799 0.152661 3.58142e-09 1.31947 7.39276e-10 -0.421244 -0.738707 -0.20454 -0.357655 0.357339 -0.687363 0.31204 5.82223e-09 0.456531 -1.02772e-09 -0.61304 -0.631452 -0.918195 -0.208769 -1.16019 -0.964868 1.35454 0.155264 0.890829 11.0358 -0.00233907 0.0928027 0.892867
59 9.78151 0.00284232 0.0745352 -0.0600622 0.152507 -0.102766 11.0651 -0.382665 -0.0126398 0.132282 0.222933 0.131925 -0.409914 -0.0763538 -0.298674 -0.409618 0.147953 0.115427 0.00316734 -0.105992 0.0151773 -0.206105 0.0676085 0.0662245 0.00215242 0.0706945 0.0616027 0.0649824 -0.0745293 -0.0498537 -0.0331251 -0.105108 -0.060089 0.0500742 0.155529 0.0347153 -0.0200567 0.127238 0.0503086 0.0558585 0.412698 0.0938944 1.4112 0.216604 0.704134 -0.0447432 0.0795279 0.153675 -0.0506311 -0.0550973 0.0897989 -0.238256 -1.37861 0.477835 0.658418 -0.114977 -0.0716786 0.224544 -0.339762 -0.0403429 -0.0329687 0.0719691 0.983204 -0.369795 0.164319 0.178276 2.50145 -2.14561 -1.36469e-09 1.03613 4.14666 -0.814178 0.893588 -0.904673 0.139614 -8.16781e-10 0.982484 1.3276 0.152124 -1.84713 -2.5021 -0.164066 -0.441066 0.11654 -0.256136 0.577 0.247561 -1.55419e-09 0.705893 0.0945733 0.172189 -0.026062 -0.513975 -1.74697 1.36987e-11 1.35022e-10 -1.65261 -2.32698 0.676598 0.707929 1.41572e-10 0.116475 -0.599693 5.7756e-09 -5.17187e-10 -4.41938e-10 1.08965 -0.51079 0.00374571 -0.222392 0.14602 -0.985707 -1.8535 0.155275 0.894143 11.0653 0.00739638 0.0818954 0.878335
60 9.81484 0.000289644 0.0666525 -0.0523564 0.15467 -0.0995421 11.0978 -0.36364 -0.00435981 0.127774 0.266944 0.0793709 -0.406137 -0.090015 0.0414426 0.0659404 0.158863 0.0903926 -0.0045604 -0.054856 0.0547432 -0.163702 0.0616353 -0.0488411 -0.131569 0.0736089 0.0486897 0.0631567 -0.0810954 -0.0369095 -0.0285625 -0.104827 -0.0565271 0.036039 0.161568 0.052517 -0.0133228 0.104579 0.0344827 0.0553956 0.422509 0.0742591 1.40347 0.213542 0.690355 -0.0550153 0.0749775 0.153675 -0.0506311 -0.0550973 0.0845972 -0.273026 -1.38578 0.434086 0.652735 -0.0999175 -0.0727135 0.00880103 -0.562609 0.213342 0.000863643 0.128206 0.975696 0.713133 0.320279 -0.0585299 0.958906 -1.50706 0.165551 0.602508 -6.11778e-05 -0.000389177 0.024979 -0.684165 -0.264894 1.87928 1.6105 1.32591 0.27798 -3.09198 -4.20867 -0.163815 -0.34413 0.0208861 -0.0694996 0.326392 0.104569 -1.80109e-09 -0.262359 -0.31538 0.128283 0.878083 0.050691 -0.737607 -0.187829 2.42657e-10 -0.0540394 -0.489265 -0.213644 -0.128789 0.158485 -0.629038 0.314304 7.36198e-09 -7.26861e-10 -6.88705e-10 0.0607774 -0.19459 -0.281407 -0.330775 0.646734 1.39041 0.0655446 0.155853 0.897219 11.0944 0.0172829 0.119946 0.862092
61 9.84818 -0.000370987 0.0619041 -0.0268726 0.157698 -0.0902559 11.129 -0.316199 -0.00956402 0.100246 0.255936 0.0578967 -0.391002 -0.0799586 0.0298522 0.0501957 0.107223 0.09501 -0.0312073 0.0844092 0.18438 -0.165787 0.111751 -0.229434 -0.393359 0.0606962 0.0399239 0.0454711 -0.0684788 -0.0401388 -0.0271667 -0.104282 -0.0843784 0.033696 0.159103 0.0879912 -0.0251417 0.135595 0.0325825 0.05486 0.389958 0.149738 1.38888 0.153399 0.68002 -0.0646713 0.0800836 0.153675 -0.0506311 -0.0550973 0.0759315 -0.288152 -1.39052 0.400275 0.658821 -0.0403114 -0.0374173 -0.115659 -0.405427 0.780496 0.0275508 0.370458 0.944825 1.72311 0.0956838 -0.845896 -0.864301 0.571343 0.518536 0.319576 -1.1346 -1.54146 -1.77822 0.425122 -0.887868 4.35418 5.52726 -0.0694716 -0.246576 -6.24109 -7.25077 -0.48097 -0.0200165 -0.388538 0.565733 -0.136517 -0.176442 -2.40274e-09 -0.149234 0.295845 -0.0506304 0.224991 -0.877741 -0.114238 0.945434 3.68643e-10 0.19236 0.00775637 -0.28114 0.0247746 0.824007 -1.07643 0.755075 7.6862e-09 -9.39337e-10 -7.74752e-10 -0.156755 0.0519403 0.0103174 -0.143153 1.04986 1.59362 -0.288667 0.156569 0.90568 11.1233 0.0221292 0.344862 0.87413
62 9.88151 0.00875714 0.0618204 -0.00601326 0.160173 -0.0756907 11.1594 -0.267631 0.0047906 0.0748398 0.212091 0.109237 -0.401242 -0.0486091 -0.0336902 -0.0286252 -0.000249964 0.112698 -0.0508233 0.258484 0.469981 -0.164253 0.145192 -0.460419 -0.620526 0.0315247 0.0323125 0.0370041 -0.0504503 -0.0394949 -0.0319951 -0.104235 -0.0830314 0.0318977 0.157094 0.08658 -0.0358361 0.151525 0.0508769 0.0558288 0.381662 0.180027 1.37664 0.147801 0.700067 -0.061797 0.0953134 0.15367 -0.050818 -0.0551118 0.0833086 -0.335352 -1.37484 0.308794 0.640196 -0.0212554 -0.0555089 -0.150645 -0.379987 0.231586 -0.0272001 0.410134 0.953985 1.80971 0.607237 -0.212301 -0.997641 0.902105 -6.32003e-10 2.44509 -1.80128 -1.61715 -2.60666 0.601493 -0.10278 5.42387 5.80656 -0.787871 0.191068 0.424348 -2.17824e-07 -0.538376 -0.0695011 0.0663691 0.609049 0.14201 -0.120797 -2.45151e-09 -0.568845 -0.0862423 -0.0503534 0.560053 -0.242085 8.73052e-10 4.99548e-10 1.2711e-10 0.830462 0.54524 -0.519598 -0.101294 1.74894e-10 0.208482 0.622143 7.73806e-09 -7.12732e-10 -4.05015e-10 0.227384 0.241144 0.292503 -0.259768 1.73885 1.88974 -1.85706 0.157176 0.91938 11.1533 0.0123959 0.392854 0.90427
63 9.91484 0.00527438 0.0747486 0.0052065 0.160597 -0.0654749 11.1907 -0.19564 0.0163218 0.059916 0.15539 0.128651 -0.399038 -0.0226043 -0.0668711 -0.0562067 -0.121367 0.134942 -0.0496346 0.460094 0.770197 -0.176662 0.164126 -0.442542 -0.619834 0.0166988 0.0232912 0.0294218 -0.0351372 -0.0419079 -0.0301625 -0.103747 -0.0846805 0.0193286 0.155288 0.0897365 -0.0309554 0.151712 0.0439716 0.0552596 0.381146 0.186221 1.36627 0.179653 0.69669 -0.0365688 0.0984547 0.153656 -0.0513634 -0.0551539 0.077578 -0.361398 -1.36411 0.218604 0.637277 -0.00119653 -0.0681323 -0.373594 -0.122931 0.146023 -0.0897563 0.192165 0.970985 2.29274 0.305217 -0.0247807 -1.26958 0.557452 0.956142 -0.948458 -0.78885 -2.04884 -2.85383 0.572649 0.201683 4.48756 9.99833 -0.764149 -2.19441 0.309134 0.331797 -0.22084 -0.161895 -0.153636 0.449778 -0.0140629 0.0963065 -1.99207e-09 -1.10743 -0.577317 -0.0503156 1.32032 0.346592 1.7151e-09 -0.213988 3.07279e-11 -0.0465856 0.592115 -0.428049 0.00412302 -0.29723 1.53907 -0.314032 7.09417e-09 -3.29354e-10 -1.62106e-10 -0.370253 0.619444 0.20194 -0.235232 1.26603 1.79823 -0.846568 0.157574 0.929549 11.1842 0.0134397 0.194649 0.932929
64 9.94818 -0.00081916 0.0470365 0.0250552 0.161548 -0.0596496 11.2234 -0.0957074 0.014795 0.0419804 0.0581777 0.151198 -0.356171 -0.0502307 -0.0865594 -0.1034 -0.189657 0.137339 -0.058581 0.552585 0.723597 -0.0990476 -0.0502627 -0.40756 -0.550457 0.043141 0.00495439 0.0124941 -0.0824543 -0.0142446 -0.0276283 -0.102477 -0.0487471 -0.0205904 0.190865 0.0694494 0.0156394 0.12743 0.0430036 0.0556827 0.409866 0.184974 1.36281 0.176807 0.686293 -0.0432663 0.0534574 0.154044 -0.0368754 -0.054034 0.10299 -0.373366 -1.36083 0.10212 0.617899 -0.0136153 -0.0343405 0.282238 -1.91016 0.470412 0.00640788 0.203764 0.950263 2.52399 -0.130787 -0.469366 -3.26135 0.955003 2.10677 -0.430164 -0.516598 -0.707658 -1.88532 0.379746 -0.382555 1.25398 -1.58797 -0.89864 -0.82983 0.53762 2.31277 0.431932 -0.354875 -0.353429 -1.67416 0.853102 0.224419 -1.82706e-09 -0.334407 -1.23029 0.853837 1.09749 1.35537 -0.921829 0.56703 3.7453e-10 -0.0511762 -0.625712 -0.0615045 -0.0758069 0.833748 -1.09906 -0.257663 8.39797e-09 -0.633323 -6.17706e-10 0.179766 2.8361 -0.142916 0.046287 0.593615 0.877339 0.31839 0.158448 0.935008 11.2142 0.0281451 0.186565 0.871814
65 9.98151 0.0104744 -0.0121593 0.0609486 0.163991 -0.0549614 11.2533 -0.0335895 -0.030712 0.00146198 -0.0118231 0.145474 -0.247605 -0.0512794 -0.0327271 -0.0344448 -0.268532 0.145909 -0.0808543 0.598519 0.855696 -0.120803 -0.108951 -0.110141 -0.19323 0.0255747 -0.0102658 -0.0162506 -0.0823445 0.00598262 -0.0278381 -0.101608 -0.0335975 -0.0503788 0.174128 0.0674506 0.0440891 0.122961 0.0461803 0.055983 0.373654 0.192431 1.349 0.21651 0.698234 -0.0420406 0.0409703 0.153679 -0.0504872 -0.0550862 0.284775 -0.378468 -1.30614 0.153804 0.625458 -0.00512691 -0.0449127 0.0250314 -2.13487 1.0457 0.0902198 0.095269 0.865965 1.51546 -1.28043 -1.27468 -1.21664 -0.700681 3.56486 -0.0763738 0.19527 0.265748 -2.18139 -0.0385352 -0.424481 1.44399 -0.920878 -1.58324 -4.61971 5.13099 3.03926 -0.344033 -0.347592 -0.636304 0.252929 0.637308 -0.19269 -1.31794e-09 -0.383618 -8.67026e-10 -0.256039 0.416106 -0.543632 -1.99397 -0.498951 1.97619e-10 -0.0719207 -0.12944 -0.0599355 0.501152 -0.550319 0.593996 -1.04114 4.47369e-09 -3.94115e-10 -2.44813e-10 -0.100884 2.08446 -0.203495 0.138085 0.160568 0.0628949 -0.692197 0.160281 0.93975 11.2432 0.0668754 0.101805 0.869112
66 10.0148 0.0119901 -0.0831113 0.0949075 0.167222 -0.0524291 11.2814 0.025318 -0.080688 -0.0415446 -0.0713048 0.135376 -0.126758 -0.044624 -0.0263748 -0.0257991 -0.343228 0.12107 -0.0893191 0.638452 0.369277 -0.02301 -0.0306592 0.132206 -0.0196066 0.0413775 -0.0231037 -0.036569 -0.109473 0.0232893 -0.0327219 -0.100217 0.0200077 -0.053085 0.166714 0.0397417 0.0241442 0.154395 0.0461526 0.0552078 0.254239 0.26849 1.34434 0.117229 0.647858 0.0858894 0.0485953 0.153963 -0.0398158 -0.0541657 0.201581 -0.253536 -1.35418 0.0919709 0.632501 0.0363372 -0.0523292 0.179808 -2.30805 1.0018 0.171334 0.0658983 0.808898 1.37687 -1.47487 -1.35367 -1.75039 -0.144608 3.7618 0.0701165 0.039982 0.0543651 -2.34499 -1.18983 -0.332561 -0.153294 -9.23051 4.01733 -0.604961 3.38846 2.9249 0.190366 -0.318854 -0.623101 -0.762271 0.533301 -0.0534309 -1.00487e-09 0.724007 -3.00049e-10 -0.29843 -0.0563261 -0.693974 1.66078e-09 1.42087 3.35486e-10 0.605935 0.964654 -0.579706 -0.335096 -1.10848 0.37058 -0.128968 2.16947e-09 -0.0539867 -3.03305e-10 -0.361954 2.32455 -0.69072 0.0136189 0.429221 1.07012 -0.0615444 0.163118 0.942544 11.2721 0.0919678 0.0767089 0.871119
67 10.0482 0.00505965 -0.180099 0.119419 0.171134 -0.0545343 11.3102 0.0716111 -0.0921853 -0.0844144 -0.0886659 0.0416065 -0.011024 -0.0320141 -0.0877784 -0.145964 -0.357006 0.093046 -0.0709711 0.506338 0.287653 0.129563 -0.0277332 0.187302 0.035985 0.0568339 -0.00870049 -0.0503157 -0.118398 0.0460534 -0.0287897 -0.0997118 0.0722828 -0.0506648 0.135007 0.0220801 -0.00441724 0.0328041 0.0393044 0.0564202 0.354646 0.165903 1.34139 0.29071 0.697665 0.119144 0.0644428 0.092648 -0.032316 -0.0552424 0.3694 -0.201334 -1.36096 0.108606 0.669469 -0.0108493 -0.064318 -0.317344 -2.71444 0.584419 0.249935 -0.240489 0.824149 0.987725 -0.280687 -1.31747 0.390257 -3.27099 1.90583 1.65396 -2.67508 -4.94335 -0.305149 -1.27235 0.657712 -4.28581 -0.228108 3.85143 -0.0950816 1.76675 1.79235 0.511796 0.121542 -0.13167 -0.305763 0.65132 0.16402 0.123228 0.769575 -1.20793e-10 -1.04385 0.264065 -0.672552 -3.06901 -1.00954 -0.169649 0.707812 -1.38908 0.354944 1.51766 -1.74302 4.38576 -2.5134 -0.717357 0.91323 -1.60403e-10 0.943347 1.94258 -0.984556 -0.049949 1.09801 -0.925449 -0.401845 0.166369 0.940239 11.3012 0.0923085 -0.219783 0.874622
68 10.0815 0.0229723 -0.24096 0.0969091 0.172337 -0.0663068 11.3368 0.0953353 -0.105306 -0.0710217 -0.101851 -0.0385756 0.0255172 -0.0114987 0.0389598 0.0748511 -0.400802 0.0576741 0.0147012 0.357723 0.373177 0.220272 0.0222589 0.180826 0.0246656 0.0344728 -0.0178804 -0.016951 -0.101052 0.0683209 -0.0227398 -0.101974 0.124476 -0.0404936 0.124021 0.00758418 -0.0227506 -0.0141526 0.0123042 0.0570688 0.304094 0.135467 1.35732 0.347907 0.639642 0.109163 0.023537 0.155065 -0.0491003 -0.050913 0.44149 -0.220684 -1.35363 0.212505 0.699703 0.0363061 -0.072503 0.312242 -1.0313 -1.97445 0.0979697 -0.222625 0.788363 0.670446 -0.442092 1.8266 -1.10333e-09 -0.889234 1.60159 0.275063 0.00801221 -0.000284503 -1.48724 -2.01303 3.58369 -4.41693 3.00735 2.52663 0.418928 0.515596 0.642717 -0.658458 -0.587021 1.45322 0.651848 0.95635 1.05123 -2.74541e-09 3.37676 0.606592 -0.448956 -2.74608 -0.242755 3.34372 -2.2547 5.53345e-10 -2.42622 6.79447 -0.997591 -1.98122 -2.21288 -0.568023 -0.831836 2.727e-09 -0.365713 -7.1185e-10 1.30961 0.531506 -0.799761 -0.494226 1.03348 -0.881019 0.690054 0.169384 0.929417 11.3308 0.0639253 -0.197829 0.922756
69 10.1148 0.0179836 -0.265684 0.06496 0.17092 -0.072377 11.3674 0.140456 -0.113438 -0.051227 -0.101851 -0.0738393 0.0583574 0.000838012 -0.183082 -0.0550225 -0.365727 0.0237706 0.0955376 0.0954142 0.425546 0.383478 0.0310734 0.193397 0.0337769 0.0257049 -0.0193653 -0.00461363 -0.0745246 0.0843957 0.00301438 -0.104037 0.194738 -0.0290053 0.121016 -0.0275567 -0.0355801 0.153951 0.0207375 0.0556367 0.111053 0.223278 1.35149 0.416648 0.624776 0.0720129 -0.00941798 0.155037 -0.0502166 -0.0509999 0.439706 -0.2041 -1.37981 0.197283 0.703315 0.0566326 -0.08358 -0.212094 0.0169281 -0.760773 0.212777 -0.181908 0.916017 1.41807 -0.0482277 0.376788 -6.50182e-10 -1.14255 0.0871421 0.302782 -3.39204 -1.14438 0.389513 -1.06552 1.66395 -6.46002 -1.51264 2.52794 -0.137788 0.399627 0.305521 -0.1509 0.0256348 0.354846 0.545265 0.366387 0.484136 -2.66034e-09 0.83547 1.04803 -0.474093 -0.170568 -1.39893 4.34888e-09 -0.67772 2.33879e-10 0.0290036 0.429502 0.123329 0.867636 -1.58694 1.357 -0.555745 9.33879e-10 -6.02388e-10 -2.09572e-10 0.0782973 0.0769632 -0.44051 -0.0748886 3.27692e-10 0.336058 -0.162081 0.171379 0.924423 11.3625 0.0526073 -0.141999 0.970274
70 10.1482 -0.00491867 -0.276264 0.0314757 0.169823 -0.0803458 11.4012 0.210253 -0.135511 -0.0367592 -0.101851 -0.115111 0.0917921 0.0165574 -0.318375 -0.0490846 -0.320208 0.0295987 0.156481 -0.0793604 0.23063 0.366177 -0.0439118 0.226426 0.0796376 0.0438637 0.00284372 0.0124167 -0.0653052 0.0669071 0.0184051 -0.102911 0.180799 -0.014088 0.126204 -0.000911975 -0.0431162 0.15238 0.0497919 0.0576261 0.157945 0.189299 1.33847 0.548429 0.630621 0.039119 -0.00144539 0.154628 -0.0502321 -0.0496585 0.426353 -0.155618 -1.41404 0.211014 0.699973 -0.00414006 -0.0484443 -0.604953 -0.325636 -0.905506 0.251915 -0.272305 1.01657 1.94407 -0.606163 0.319764 -4.5764e-10 -1.27273 1.03873 0.522779 -2.09929 2.3938 0.811614 0.330036 1.6501 -3.1424 -7.63839 -4.04852 -3.4326 0.730143 0.819228 0.230891 0.607173 0.565318 0.25005 -0.555988 0.370138 -4.96569e-10 -0.141192 0.579467 0.126376 0.349813 -0.442568 8.19433e-10 -0.172423 5.58536e-11 -0.0759632 0.239877 0.23445 0.648382 0.0149632 1.56069 0.00748813 1.07275e-09 0.00962555 0.0391594 0.508397 0.561548 -1.038 0.297991 -0.293695 -1.32594 1.64228 0.17306 0.918244 11.3949 0.0466016 -0.212123 0.978841
71 10.1815 -0.0139765 -0.264415 -0.00572802 0.168718 -0.0910348 11.4367 0.271899 -0.150505 -0.0134166 -0.101851 -0.159831 0.0981777 0.0299854 -0.126183 0.0781268 -0.336112 0.0671003 0.194628 -0.0895671 0.0408822 0.129996 0.0181543 0.231192 0.0816496 0.0342033 0.00673544 0.0379341 -0.0470813 0.0612971 0.0284426 -0.101426 0.173068 0.00426237 0.13986 0.00252854 -0.0602512 0.152741 0.0369302 0.0566402 0.155892 0.200113 1.35059 0.546455 0.610389 0.0457524 -0.0249243 0.154638 -0.0501371 -0.0500084 0.45779 -0.178577 -1.42948 0.198217 0.687969 -0.0143088 -0.0272643 -0.402474 0.592032 -1.08052 0.246125 -0.375873 1.06897 1.97163 -0.22292 0.666486 -3.90605e-10 -1.43093 -0.127018 0.281901 9.53548 -0.0213853 -0.478588 0.946649 0.99713 0.414644 -3.69398 -6.65697 3.29353 0.0228473 0.0773931 -0.385158 0.178672 0.774175 0.511444 -0.171263 0.215875 -4.82639e-10 0.201519 0.566683 0.42282 -0.420073 -0.49677 2.50557e-09 -0.204465 3.65636e-10 0.210048 0.0407453 0.370327 -0.267346 -0.695312 -0.808148 -0.312711 3.79448e-09 -3.50798e-10 -4.43237e-10 0.268601 -0.00754567 -0.351251 -0.0153854 0.524098 0.773024 0.0438607 0.174303 0.90913 11.4278 0.0301916 -0.321765 0.989846
72 10.2148 -0.0104808 -0.226385 -0.0164469 0.1693 -0.102198 11.4748 0.320273 -0.133902 -0.00531246 -0.101851 -0.1982 0.0515527 0.0190189 0.0671847 0.0388933 -0.369992 0.0843557 0.176061 -0.0590859 -0.00813643 -0.0027253 0.097653 0.236663 0.0954405 0.00663054 0.0102286 0.0435863 -0.0366708 0.0597489 0.0253302 -0.102261 0.192069 0.0253531 0.159944 -0.0343379 -0.079001 0.152339 0.0512645 0.0577389 0.161216 0.155948 1.36775 0.544447 0.601177 0.0545488 -0.0233142 0.15467 -0.0501373 -0.0513707 0.450396 -0.19107 -1.42244 0.173775 0.6967 0.0115129 -0.060518 0.27829 1.11375 -0.238756 0.31104 -0.341555 1.11643 1.22417 0.591662 0.00354484 -6.12091e-10 -1.14998 -1.64443 0.0474737 -0.316035 -0.415552 -0.790142 0.441717 -0.824569 0.702593 -0.42228 -1.67035 0.106216 0.201278 0.426879 -0.948603 0.358753 0.11045 0.172758 -0.16672 -0.111739 -1.41208e-09 0.681811 0.333758 0.475646 -1.03674 -0.13422 4.56333e-09 0.686007 4.52509e-10 0.404475 -1.43377 0.127666 0.0258615 -0.629615 0.017334 -0.0574655 8.53632e-09 -2.06046e-10 -7.62205e-10 -0.0599986 -0.0142676 0.438812 0.0499871 0.637468 0.744978 -0.609763 0.175406 0.898887 11.4614 0.0406696 -0.311762 1.01644
73 10.2482 -0.0002028 -0.191139 -0.0198937 0.171829 -0.11138 11.5141 0.33741 -0.117561 -0.00490411 -0.0614698 -0.228401 0.00184664 0.0285761 0.0337325 -0.00587676 -0.397141 0.0842893 0.137305 -0.0130011 0.0540954 -0.0266279 0.0947781 0.237732 0.0967309 -0.0212339 0.0144916 0.0413545 -0.0337834 0.056482 0.0232334 -0.101366 0.18683 0.0342092 0.170359 -0.044631 -0.0816919 0.152339 0.0512645 0.0577389 0.171342 0.155092 1.37324 0.477227 0.614389 0.045758 -0.00653964 0.154802 -0.0448835 -0.0509623 0.400427 -0.169416 -1.41363 0.154511 0.687291 0.0225713 -0.0801921 0.303426 0.998327 -0.251891 0.327082 -0.219833 1.19598 0.363321 0.251237 0.0197568 1.46871 0.0138041 -1.16719 0.246983 -1.96826 -2.64868 -0.362667 0.158972 -1.16803 1.2027 1.79774 0.0621544 -0.40912 0.246787 0.0901533 -1.01233 0.207072 0.000948435 0.227106 -0.131059 0.0118072 -2.04762e-09 0.0110901 0.199037 0.301712 -0.448061 0.0383727 6.45203e-09 9.54058e-10 7.99688e-10 0.186841 -0.841805 0.124545 -0.561698 1.58602 -2.0392 1.00272 7.28388e-09 0.0249537 -6.74755e-10 -0.413133 -0.0232961 0.599791 -0.0229603 -0.431176 0.136365 -0.162715 0.176941 0.889871 11.4964 0.0550753 -0.223857 1.07671
74 10.2815 -0.0208808 -0.181913 -0.0175244 0.175767 -0.118172 11.5563 0.337699 -0.125821 -0.0330408 0.0621521 -0.22979 0.000295129 0.0770145 -0.0934595 -0.131089 -0.368206 0.102 0.0894638 0.0537808 0.0503018 -0.0214093 0.041069 0.257637 0.114921 0.010145 0.0289522 0.0144499 -0.0647174 0.037633 0.0395004 -0.10285 0.139457 0.0505878 0.19784 -0.020656 -0.0909233 0.152339 0.0512645 0.0577389 0.151242 0.128345 1.37107 0.412553 0.701355 0.122003 0.105905 0.156304 0.0150363 -0.0507341 0.369346 -0.238383 -1.40389 0.0424419 0.629603 0.101556 -0.0936844 -0.699229 0.321433 -0.190824 0.370791 -0.195935 1.30075 0.010979 -0.550986 -0.521578 3.84775 1.35514 0.418597 0.791667 -4.05353 -5.5232 1.38665 0.620019 -0.950287 1.94268 0.499259 -0.368885 -1.37914 0.25871 0.0232691 0.78879 0.187163 -0.379161 -0.819458 -0.510539 0.432582 -1.71396e-09 -0.818456 5.53133e-10 0.771397 0.0779442 0.40227 1.10931e-08 3.37821e-10 8.08116e-10 0.0939024 -1.35078 -0.383858 0.286431 1.07074e-09 0.44791 1.2828 1.89312e-09 0.10505 -5.41151e-10 0.773425 0.225445 0.085632 -0.232639 0.19091 3.535 -0.992504 0.178965 0.882429 11.5336 0.0695351 -0.19109 1.15476
75 10.3148 -0.0300892 -0.194761 -0.0643908 0.178694 -0.120768 11.6029 0.250305 -0.148286 -0.031499 0.306357 -0.00905855 0.0667941 0.0557986 -0.452749 -0.494868 -0.309777 0.114701 0.10035 0.0806132 0.158292 -0.0587773 0.104511 0.221729 0.0525093 -0.0104358 0.0188661 0.0448575 -0.0485485 0.0433526 0.0518687 -0.103224 0.157481 0.0510441 0.212973 -0.0542106 -0.0667766 0.152405 0.0487944 0.0573959 0.136175 0.158494 1.36504 0.27093 0.621974 0.0228425 0.01444 0.154995 -0.0347989 -0.0546237 0.424502 -0.156414 -1.39616 0.14978 0.699103 0.04604 -0.0719917 -0.634485 -0.166642 -1.14498 0.373804 -0.101456 1.39699 -2.82926 -0.505788 0.0766243 7.56381 7.57402 1.3859 0.350598 -8.37218 -11.4855 2.17953 0.474085 0.234371 0.133627 7.90203 -4.62964 5.91915 -4.75404 -6.20748 -0.382104 -0.436809 0.677744 0.44845 0.208413 0.205224 -1.66827e-09 1.68925 4.59437e-10 0.440127 -2.12337 1.05208 4.43355e-09 1.53187 5.96494e-10 0.454788 -1.55942 -0.401296 -0.68652 0.839263 -5.06663 -0.611689 1.90289e-09 -0.234985 -1.67058e-10 0.208644 0.885102 0.231983 0.0695204 -0.484725 -3.36436 0.735516 0.180785 0.878269 11.5748 0.0529647 -0.110916 1.29534
76 10.3482 -0.0549118 -0.170374 -0.0719317 0.181805 -0.120173 11.6466 0.120674 -0.152864 -0.0590033 0.608417 0.280295 0.0937544 0.0269889 -0.439298 -0.605941 -0.254186 0.129337 0.0966579 0.117882 0.201804 -0.133551 0.00438782 0.0402696 0.0609653 0.00318728 0.00905056 0.0207278 -0.0484583 0.0349111 0.065137 -0.104225 0.20688 0.0515134 0.231653 -0.124239 -0.0495425 0.150945 0.0505515 0.0575683 0.156538 0.18672 1.35678 0.156707 0.651038 -0.032584 0.00878042 0.154583 -0.0499847 -0.0558046 0.444818 -0.161957 -1.37041 0.153403 0.674831 0.035567 -0.0764273 -0.778523 2.22918 0.60157 0.351363 0.0778101 1.19439 -3.32172 -0.563429 -0.698906 7.08442 10.5589 0.519708 -3.74273 3.32595 -3.78047e-08 1.05928 0.351549 -1.14609 1.97715 -2.27708 -2.25079 1.14186 0.00123434 0.00196152 0.428318 -0.256367 -1.01647 0.0883664 -0.502551 -0.144357 -1.36977e-09 3.6893 1.34905e-09 0.858284 -4.28027 1.1201 3.50443e-09 4.24688e-10 7.51843e-10 -0.449011 -1.50879 0.299861 0.0611046 2.79452 -1.51119 0.509725 5.74033e-10 -1.49867 -5.51928e-10 -0.10076 0.00978397 1.08947 -0.0517707 -0.238618 0.910236 -0.0392866 0.183761 0.878724 11.618 0.100199 0.145233 1.25766
77 10.3815 -0.0420368 -0.130463 -0.0460418 0.186847 -0.113858 11.6841 -0.0306282 -0.110344 -0.0822746 0.777371 0.443357 -0.0254366 0.027589 -0.203763 -0.493279 -0.194387 0.145043 0.0495571 0.0612564 0.183461 -0.181579 0.0201344 0.0402645 0.0610519 0.0084058 0.0327798 -0.0156452 -0.0785282 0.00332597 0.0558671 -0.103328 0.174659 0.0531604 0.241892 -0.105076 -0.0416359 0.150968 0.0497345 0.0575063 0.266879 0.182645 1.34206 0.180162 0.700813 0.011699 0.0560347 0.139622 -0.0509654 -0.0562714 0.420937 -0.186628 -1.34571 0.0814018 0.668455 0.0448072 -0.0640755 0.596434 1.29594 0.466611 0.257178 0.158245 1.04739 -4.23743 1.13866 0.13105 2.88216 3.07416 -4.12032 2.2115 3.27795 -0.208493 2.08441 0.412694 -0.877881 -2.62428 -0.00444788 -1.48262 0.462875 -0.00406716 0.00168242 0.304532 0.374744 -0.771813 -1.09192 -0.771045 -0.279887 -1.61414e-09 0.451112 6.97338e-10 0.272585 -0.61287 0.475756 5.6404e-09 -0.13389 2.76749e-10 0.486012 -1.66956 0.328164 0.446551 1.79319e-10 1.23108 0.246622 -2.01598 -0.538724 -3.21805e-10 1.56072 1.93938 0.345286 0.334404 0.958516 0.773917 -0.00708639 0.186789 0.884654 11.658 0.0907883 0.171642 1.16899
78 10.4148 -0.0304169 -0.0884911 -0.0660892 0.188853 -0.105982 11.7198 -0.141635 -0.0853375 -0.051114 0.830992 0.535819 -0.160133 0.125818 -0.45836 -0.543191 -0.124272 0.165442 0.056915 -0.0161888 0.174817 -0.244177 0.0237835 0.0413347 0.0631994 0.00232957 0.0241833 -0.00370281 -0.0774539 -0.0115515 0.0520085 -0.104197 0.205863 0.0515656 0.228771 -0.150833 -0.03189 0.150966 0.0498283 0.0575134 0.34167 0.224511 1.33546 0.116063 0.647467 -0.00773265 0.0216058 0.135878 -0.0357826 -0.0546173 0.400475 -0.14476 -1.31494 0.212055 0.709226 0.0056628 -0.0334557 0.156084 1.33126 -0.901438 0.120149 0.197437 1.07484 -2.7175 0.388199 1.27065 0.841766 -3.95335 -3.03513 9.30613 3.85616 3.00222 1.93046 0.325371 0.828205 -1.94077 -0.388391 -1.72806 0.216656 -0.0170802 -0.0084246 -0.208349 -0.30676 0.525831 0.11815 -0.23434 0.0606542 -4.06276e-10 1.72649 9.51342e-10 -0.262945 -1.95817 0.8316 3.60587e-09 0.769189 2.09718e-10 1.58167 -1.34839 0.347149 -0.54939 -0.331264 -2.44778 0.0284942 2.50913 1.22994 0.0320733 -2.31392 -3.79165 1.71392 0.289236 -0.981 -3.597 2.51775 0.189255 0.891851 11.6962 0.0693034 0.203894 1.13354
79 10.4482 -0.0163493 -0.0681904 -0.0619633 0.193125 -0.102653 11.7547 -0.256307 -0.0780218 -0.065717 0.848868 0.407231 -0.227877 0.123829 -0.407475 -0.571808 -0.0506454 0.168984 0.0407579 -0.101689 0.172098 -0.265248 0.0249774 0.0385451 0.0615578 -0.0144022 0.0334661 -0.0038161 -0.0642558 -0.0154755 0.0365975 -0.103882 0.186664 0.0495891 0.199955 -0.144483 -0.0253848 0.150915 0.051289 0.0572401 0.41592 0.212212 1.33178 0.163511 0.700187 -0.049895 0.0557147 0.151574 -0.00547347 -0.043241 0.300363 -0.166699 -1.31147 0.233784 0.672881 -0.0242929 -0.0295831 1.13327 1.56292 0.375112 0.220748 0.0279785 0.932495 -4.13692 -0.746075 -0.800733 -0.240907 -2.4267 -0.528829 -0.793658 1.27532 -4.03778 -0.0915979 -0.536433 -0.802794 -3.8025e-09 -0.97411 -0.891465 0.476678 -0.00805229 -0.00383138 -1.15643 -0.876762 -0.284956 0.465374 -0.126423 -0.358856 -1.32068e-09 -0.615579 -0.298142 -0.778528 0.423664 0.332799 1.86277e-09 -0.0954062 1.70578e-11 0.565822 -0.851688 0.307488 0.367536 6.37533e-11 0.755134 -0.0732782 2.48211e-09 0.67561 -0.0565975 -1.27917 -1.79586 0.5561 0.171151 -1.20416 -0.181473 -0.169034 0.19163 0.895153 11.7338 0.0791828 0.0362864 1.1346
80 10.4815 0.0348336 -0.0540816 -0.0570622 0.196833 -0.101364 11.7841 -0.397225 -0.0341393 -0.0625981 0.794061 0.272705 -0.185565 0.118594 -0.3642 -0.611416 -0.0679105 0.180002 0.027164 -0.101689 0.138228 -0.288935 0.0268652 0.0328477 0.0585237 -0.0364656 0.0658933 -0.000644683 -0.0871192 -0.0303933 0.0156104 -0.103187 0.133227 0.0452091 0.195295 -0.0945672 -0.000477916 0.152738 -0.0287179 0.0361862 0.288374 0.192733 1.39775 0.0571927 0.701976 -0.0534942 0.13676 0.151317 -0.016996 -0.0504714 0.250934 -0.161659 -1.29381 0.270315 0.690817 -0.106294 -0.0596975 1.19613 0.415075 0.117914 0.137924 0.0609194 0.863692 -3.52008 1.14977 0.468218 -2.50326 -3.06763 1.66179 -0.0677525 -2.89213 -2.33196e-08 -0.131231 0.397774 -0.376457 -1.1452e-09 -1.01763 -0.714064 0.343027 0.00543406 0.00743164 -0.0915454 0.940148 0.0358707 -0.863487 -0.392929 -0.625177 -1.96803e-09 -1.34432 -0.260983 -0.0482286 1.43103 0.743997 6.24109e-09 -1.58495 -0.45628 0.263727 0.15512 1.38286 0.281671 1.22706e-09 -0.263356 0.998584 4.77593e-09 -0.197776 -5.76754e-11 -0.621704 -1.16463 0.419053 0.239847 -0.852162 -2.09555 0.0984242 0.194403 0.896253 11.7712 0.0897724 0.0183867 1.11189
81 10.5148 0.0298914 -0.0324031 -0.0603009 0.199492 -0.100264 11.815 -0.450818 -0.0167845 -0.0556893 0.713085 0.171194 -0.126883 0.0778084 -0.278855 -0.606247 -0.0246725 0.178492 0.0282434 -0.101689 0.0986008 -0.307781 0.0301295 0.0335034 0.0594214 -0.0155858 0.0661535 0.00419897 -0.079637 -0.0369107 0.00568672 -0.102587 0.108839 0.0469543 0.175965 -0.0820951 0.00435893 0.15202 0.00245294 0.0522843 0.424591 0.174116 1.38128 0.207264 0.689041 0.00111293 0.0835782 0.154478 -0.0395966 -0.0520233 0.19969 -0.158667 -1.3004 0.324972 0.667238 -0.0549811 -0.0322582 -0.221966 0.473706 -0.110281 0.11301 0.0540068 0.92643 -1.42751 0.194837 0.204462 -2.49774 -1.74805 0.972613 -0.615736 1.80604 0.638436 1.35887 -0.147212 0.194845 -1.51919e-09 -1.15495 -0.282321 0.294272 0.00282257 0.00442267 0.476809 -0.130353 0.177442 0.441871 -0.0535451 -0.210815 -9.91002e-10 -0.366624 0.162829 -0.468213 -0.0833539 -0.0825684 2.0982e-09 0.0124571 2.02314e-10 1.39492 -0.26293 0.43316 0.37324 -1.56728 2.28792 -1.66795 2.67025e-09 -0.266049 -1.28676e-10 -0.546616 -1.54871 -0.0466058 -0.0639586 -0.804256 0.271107 0.146676 0.197306 0.897303 11.8078 0.0878361 0.0275692 1.08468
82 10.5482 0.0343028 -0.0257014 -0.0629519 0.202057 -0.0993011 11.8455 -0.474838 -0.00129836 -0.0453438 0.531654 0.110901 -0.160259 0.0976934 -0.246066 -0.576235 0.00870379 0.167001 0.0296431 -0.101689 0.0714185 -0.301505 0.0354283 0.0238052 0.0462483 -0.0117792 0.0661664 0.0071635 -0.0649375 -0.0441403 0.00101335 -0.102599 0.116952 0.0500161 0.158966 -0.0949021 0.00571715 0.151827 0.0098003 0.0528439 0.44761 0.203536 1.39467 0.192017 0.635316 0.00378473 0.0946081 0.154156 -0.0521078 -0.0529933 0.169603 -0.150062 -1.31192 0.397909 0.693339 -0.0442694 -0.0257037 0.335033 -0.172797 0.184144 0.10953 0.0548629 0.869283 -0.922621 0.325267 0.261868 -6.05475 -0.682318 -1.34951 0.905317 -1.02236 1.5628 0.790666 -0.448104 -0.208332 -2.25865e-09 -0.385991 0.677828 0.300433 -0.57673 -0.784089 -0.0210275 0.0551243 -0.065918 0.437824 -0.149014 -0.235352 -1.88712e-09 0.222312 1.75747e-10 -0.485483 -0.302455 0.134326 5.02564e-09 0.899335 4.17875e-10 0.566023 0.111 0.41373 -0.0652646 -0.409253 -0.762505 0.493719 2.2415e-09 0.172848 -1.63385e-10 -0.520577 -1.06092 -0.304765 0.661745 -0.541082 -1.34026 1.04409 0.200296 0.897836 11.8435 0.0914409 0.0149376 1.06029
83 10.5815 0.0481763 -0.0159162 -0.0616629 0.204385 -0.0991319 11.8756 -0.4488 0.00232168 -0.0328971 0.2053 0.162983 -0.249259 0.135734 -0.270052 -0.524027 0.031075 0.144727 0.02652 -0.101689 0.052965 -0.287651 0.0421304 0.00806336 0.0248735 -0.0163283 0.0571679 0.00647862 -0.0527583 -0.045721 -0.00316435 -0.102832 0.127547 0.0501815 0.141462 -0.109385 0.00989441 0.151196 0.033478 0.0546438 0.442636 0.189514 1.41194 0.200126 0.64361 -0.00965276 0.102065 0.154277 -0.0474386 -0.0526314 0.122413 -0.147211 -1.33853 0.445808 0.689432 -0.0548243 -0.00809841 0.445023 0.167918 0.151306 0.0851368 -0.0113735 0.882695 0.41024 -0.312603 0.328406 -8.72792 1.22951 0.166287 -0.594703 -2.56783 2.1816 0.669323 -0.65419 -0.16039 -1.81381e-09 -0.941306 0.547262 0.271511 -0.0879855 -0.117152 0.0771105 -0.0451341 -0.0309539 0.088407 -0.126159 -0.264037 -1.76942e-09 -0.335671 2.42771e-11 -0.438234 0.313759 0.0999125 5.67618e-09 0.542002 3.92357e-10 -0.200783 0.0675343 0.397369 0.00203305 -0.156227 0.309564 0.175806 3.43329e-09 0.442924 -6.18972e-11 -0.37861 -1.32034 -0.592396 0.181138 -1.023 -0.947947 1.20141 0.203314 0.897395 11.8783 0.0897353 -0.0479934 1.03324
84 10.6148 0.030757 0.0175023 -0.0571495 0.206266 -0.103658 11.9071 -0.405084 -0.038716 -0.0229886 -0.00914489 0.172684 -0.13296 0.114491 -0.162154 -0.42082 0.089085 0.155152 0.0258305 -0.101689 -0.00689932 -0.330007 0.0388468 0.0245065 0.0473901 0.0271434 0.0404531 0.00740032 -0.063278 -0.0454168 -0.01149 -0.103298 0.102061 0.0310423 0.132962 -0.0955974 0.0346241 0.147829 0.0510173 0.0559172 0.460426 0.197699 1.43143 0.183724 0.635002 0.00608299 0.0545277 0.154204 -0.0502661 -0.0528506 0.0770642 -0.14004 -1.37039 0.499573 0.693212 -0.0505987 -0.0303169 -0.377511 1.53532 0.083728 0.0404075 -0.165951 0.975209 0.664993 -1.52895 -0.0982762 -3.86963 -0.237548 5.09834 -1.92513 3.51579 3.20003 1.54563 0.397375 0.217907 -1.39674e-09 -2.39584 -1.86904 0.089477 0.977688 1.33597 0.909771 -0.414324 0.0068542 -0.278861 -0.0210939 -0.177173 -1.27125e-09 -0.00333063 -0.357065 -0.191842 -0.335396 0.373027 0.285893 5.13962e-10 2.00068e-10 0.0583623 0.256316 0.653267 0.017132 0.571912 -0.551875 -0.529089 3.1374e-09 -3.27917e-10 -7.76043e-11 -0.0365265 -1.32377 -0.758874 0.20374 -0.715326 -1.0013 0.193857 0.206018 0.893584 11.9122 0.0784315 -0.169759 0.999785
85 10.6482 0.0287556 0.0386116 -0.0413388 0.206764 -0.10981 11.9391 -0.428851 -0.0765436 -0.00259769 -0.031424 0.11736 -0.0707186 -0.00220368 -0.221348 -0.370986 0.131869 0.132802 0.0147675 -0.100086 -0.0488894 -0.318794 0.0111457 0.00688564 0.032014 0.0459983 0.0226676 -0.0178648 -0.0714631 -0.0524552 -0.00490863 -0.103607 0.0949159 0.013938 0.130017 -0.0940707 0.0520092 0.16502 0.0463261 0.0550641 0.436444 0.246107 1.43173 0.149859 0.648258 -0.00014421 0.0979328 0.154402 -0.0425704 -0.052254 0.142148 -0.184931 -1.36862 0.568759 0.695619 -0.0913431 -0.0492252 -0.182084 0.166547 0.348795 -0.0256216 -0.138109 1.0017 -0.490751 -1.39366 0.998364 0.186349 -1.75598 0.282042 -3.48998 1.281 2.85503 1.49655 -1.0815 -0.0926273 -1.59635e-11 -1.22919 0.89502 0.329911 -0.000205242 -8.05541e-05 0.480603 -0.720627 -0.549114 -0.120279 -0.201012 0.149332 -1.5014e-09 2.63601 0.0585988 -0.240076 -2.8878 -0.0133291 1.1114e-08 0.24894 6.60098e-10 0.190505 0.447868 -0.42693 0.132104 1.16829 -0.437051 0.660153 3.85036e-09 0.495192 -2.16812e-10 1.51333 -0.0551383 -0.407908 0.774837 -0.80488 -2.11101 -0.188906 0.208868 0.888531 11.9453 0.0917449 -0.140302 0.988875
86 10.6815 0.0173029 0.061346 -0.0241297 0.20923 -0.113509 11.974 -0.436376 -0.0924244 0.0090872 0.0105004 0.130204 0.0154962 -0.0380715 -0.350648 -0.45114 0.185592 0.118438 0.00135857 -0.097834 -0.0594281 -0.327494 0.0197437 -0.0231399 -0.00891145 0.0412665 0.00821334 -0.0255031 -0.0475312 -0.05923 -0.0116624 -0.103407 0.0623029 0.01378 0.128498 -0.0676794 0.0411914 0.16516 0.0411372 0.0546336 0.386875 0.209018 1.42636 0.192876 0.677993 -0.0156176 0.0777798 0.154182 -0.0510906 -0.0529145 0.128934 -0.241417 -1.38386 0.485447 0.666698 -0.0939782 -0.0321788 -0.244094 0.857296 0.338654 0.0433134 0.00189178 1.06775 -0.158447 -1.24541 -0.281512 1.74612 4.52987 10.5012 0.470512 -33.3954 -14.7931 1.45361 -0.239618 -0.131474 -0.0108008 0.820095 -0.641576 0.262912 -1.8071 -2.46416 -0.241461 -0.448803 0.127919 0.572894 -0.219998 -0.263151 -2.49611e-09 -1.96165 -0.118417 -0.00231737 1.88306 -0.319419 6.33307e-09 -0.561362 7.08866e-10 -0.548995 0.509063 -0.757151 0.0441177 -1.1373 0.662238 -0.813677 1.03682e-08 -1.69892e-09 -1.40015e-09 0.693708 -1.45611 -0.415286 -1.87213 1.5926 3.72451 -0.540332 0.211605 0.885367 11.9782 0.0629515 -0.00902361 0.974325
87 10.7148 0.0202378 0.0878296 -0.000306437 0.213034 -0.10715 12.0092 -0.435837 -0.127011 -0.00696108 0.0644218 0.176484 0.275597 -0.0221414 -0.625979 -0.565404 0.192132 0.111156 -0.0207549 -0.0535234 0.0396914 -0.345377 0.054729 -0.156186 -0.191463 0.0245815 -0.00503218 -0.0337562 -0.0324977 -0.0629405 -0.0186315 -0.103506 0.0683914 0.0112014 0.129527 -0.0711887 0.0249359 0.165283 0.0365363 0.0542518 0.301501 0.200207 1.42233 0.129076 0.625304 -0.0379024 0.0824462 0.154182 -0.0510906 -0.0529145 0.100934 -0.280424 -1.39781 0.401865 0.702558 -0.0455714 -0.034122 0.112646 0.566576 0.756054 0.0174195 0.377332 1.08624 0.523225 -0.528775 -0.651517 1.06284 -0.159514 5.09799 -2.40023 -3.6686e-09 0.64939 -0.159732 -0.228241 -0.764142 1.71476 4.61048 -0.387362 0.656103 -4.26225 -6.09543 -0.637239 -0.293612 -0.18996 0.452368 -0.125381 -0.325618 -3.32362e-09 0.805625 0.252027 -0.0742087 -0.862603 -0.877438 4.75552e-09 1.02246 5.28202e-10 -0.249329 0.0890836 -0.658347 -0.295524 -0.577471 -1.60624 0.632332 9.29478e-09 -1.57023e-09 -1.14672e-09 0.218711 0.0528211 -0.0578594 -0.0329277 9.618e-10 1.30369 -1.07329 0.213402 0.891379 12.0109 0.0468159 0.336188 0.991357
88 10.7482 0.0351755 0.102968 0.0289765 0.216715 -0.0903733 12.0455 -0.416653 -0.129711 -0.0209001 0.0853664 0.167052 0.240973 -0.0138693 -0.55787 -0.517743 0.135871 0.129989 -0.0561781 0.052738 0.296919 -0.375785 0.190766 -0.281017 -0.553336 -0.00241587 -0.00815284 -0.041204 -0.0243788 -0.0681221 -0.030674 -0.103366 0.0587411 0.0141561 0.133368 -0.0748257 0.00117746 0.164881 0.051501 0.0554931 0.306676 0.223224 1.39785 0.113183 0.643815 -0.0656369 0.0883609 0.154182 -0.0510906 -0.0529145 0.0875371 -0.289518 -1.39922 0.331099 0.689015 -0.0298052 -0.0335734 0.276725 0.216265 0.707256 -0.00254344 0.641141 1.11634 0.964347 0.198195 -0.00611986 0.437918 -0.465286 -2.46719 0.752604 2.57938 1.65865 -2.01087 0.671989 -1.13377 3.40549 10.6345 -0.527137 1.12977 -8.87404 -11.895 -0.71611 -0.137762 0.0780813 0.257593 -0.0625029 -0.446574 -3.8442e-09 -0.476056 0.266365 0.0584663 -0.0142721 -0.909224 3.75512e-09 4.31355e-10 3.43277e-10 -0.214598 0.280193 -0.722296 0.252897 1.85018 -0.703497 0.327251 8.5362e-09 -1.0788e-09 -9.19803e-10 -0.22456 0.524419 0.145077 -0.396201 0.973215 1.43862 -0.707831 0.214885 0.906971 12.0454 0.0436608 0.564467 1.07726
89 10.7815 0.022552 0.131582 0.0616949 0.219395 -0.0686088 12.0844 -0.341424 -0.130043 -0.0314379 0.085799 0.169356 0.165113 -0.00215651 -0.463402 -0.455858 0.0271232 0.15719 -0.0729006 0.275974 0.626295 -0.39681 0.188169 -0.399911 -0.608902 -0.0033074 -0.024646 -0.0468682 -0.0137512 -0.0655462 -0.0449239 -0.103303 0.00901625 0.00789899 0.142756 -0.0378123 -0.0107134 0.16488 0.0515032 0.0554662 0.316707 0.216604 1.37561 0.163264 0.691179 -0.0346248 0.0737005 0.154209 -0.0500531 -0.0528341 0.11221 -0.328501 -1.37007 0.248326 0.679042 -0.00228602 -0.0637749 -0.711107 0.298239 0.752018 -0.0392634 0.661367 1.20611 2.5715 0.344887 0.00346994 0.36366 -0.244455 -1.92543 0.521902 2.43032 1.73317 -3.09403 1.34764 -0.649767 6.05133 12.4877 -1.67479 -0.738753 0.00818306 -2.94424e-07 -0.0183814 -0.393298 0.13246 0.491913 0.268192 -0.505395 -2.49845e-09 -1.44498 0.002922 0.286175 1.02993 -0.797425 1.89379e-09 2.2698e-11 3.31173e-12 -0.672504 0.245636 -0.604102 0.168574 -0.194905 1.32011 -0.293232 7.00955e-09 -8.3176e-10 -5.48706e-10 -0.103735 0.835577 0.491079 -0.165593 1.69185 1.68672 -1.29354 0.217247 0.927336 12.0826 0.0748925 0.606764 1.14915
90 10.8148 -0.050199 0.141066 0.112072 0.224739 -0.0537392 12.1268 -0.195511 -0.130785 -0.0626227 0.0924003 0.279491 0.102385 0.115743 -0.357088 -0.351873 -0.02087 0.172808 -0.109649 0.510941 0.780919 -0.351429 0.0336294 -0.339069 -0.532058 0.0865148 -0.0521728 -0.0515358 -0.0545186 -0.0280411 -0.0676481 -0.103502 -0.0609469 -0.0301703 0.19477 0.0374933 0.0131925 0.0644858 0.0192829 0.0501658 0.402061 0.140251 1.37361 0.197335 0.699653 -0.00613966 0.123329 0.154201 -0.0503823 -0.0528596 0.0890843 -0.327676 -1.3561 0.12382 0.675856 -0.00470445 -0.108326 -2.05026 -0.220505 1.56182 0.0446861 0.204668 1.36699 3.86597 0.281611 -1.4575 0.667809 1.84499 -1.08029 3.43911 3.05066 2.75195 -0.739579 0.495228 -1.62888 5.88862 2.09625 -0.780987 -3.13879 0.737411 1.41162 2.01613 -0.517569 -0.239083 -1.12123 0.874259 -0.705994 -1.37512e-09 -2.83943 -1.19001 1.49213 3.34105 0.283758 -1.85056 -1.07532 -0.423481 0.468424 -1.27277 0.210295 0.00946376 0.0317043 0.563393 0.678139 1.01841e-08 -2.75249e-10 -3.7707e-10 -0.629059 1.46871 0.438822 -0.430117 1.78978 1.5313 -1.06648 0.219791 0.941681 12.121 0.0745869 0.283155 1.15147
91 10.8482 -0.0708608 0.128171 0.143606 0.229725 -0.0447945 12.1694 -0.0772703 -0.126342 -0.0752653 0.00196181 0.389841 0.124508 -0.0989389 -0.176021 -0.164585 -0.0888757 0.17535 -0.142489 0.665991 0.515928 -0.286621 -0.0201648 -0.213312 -0.413458 0.0991528 -0.069902 -0.0469482 -0.079142 0.00803346 -0.0819557 -0.104713 -0.157653 -0.051139 0.232887 0.123824 0.0151099 0.0665443 -0.0393978 0.0505777 0.388247 0.192967 1.3514 0.165409 0.703986 -0.0844719 0.0142834 0.154313 -0.0460264 -0.052522 0.236874 -0.379412 -1.30553 0.08792 0.671683 0.0251602 -0.0312937 -0.217771 -1.23329 0.187103 0.00469564 0.265683 1.19625 2.91729 0.351059 -0.263743 -3.08401 2.25271 0.927136 -0.166818 -1.47459 -2.07879 -2.02674 -0.10781 -0.693159 2.39143 -9.50557 3.65415 0.81758 5.176 5.15977 0.355828 0.0823205 0.655891 -1.10164 0.97486 -0.25545 -1.32469e-09 -1.96115 -9.68633e-10 0.947702 1.30551 -0.838864 1.98487 -1.53598 5.23954e-10 -1.57205 3.52097 -1.51943 -1.02012 2.74115 -2.92318 -1.03644 1.61885e-09 -1.07661 -5.48864e-10 0.772647 2.67552 0.0927501 -0.0451536 0.912983 0.749351 1.19876 0.221887 0.950299 12.1588 0.028094 0.343693 1.08214
92 10.8815 -0.0556235 0.0853565 0.141464 0.23151 -0.0370715 12.207 -0.0164872 -0.119004 -0.0693578 -0.0482981 0.326559 0.104791 -0.0411578 -0.133251 -0.18621 -0.161146 0.157322 -0.148306 0.638631 0.308245 -0.141613 -0.0250773 -0.0694578 -0.272827 0.0892117 -0.0782351 -0.0391133 -0.107213 0.0281778 -0.065693 -0.102576 -0.133078 -0.0522759 0.225261 0.106443 0.00293595 0.0678116 -0.0222958 0.051299 0.383756 0.20747 1.31153 0.169956 0.69477 0.0699122 0.0396782 0.154155 -0.0318213 -0.0367954 0.193149 -0.27878 -1.34389 0.0555337 0.706286 0.0270328 -0.0532333 0.657468 -1.09092 -0.140496 -0.0769626 0.0150154 1.09586 1.17906 0.290711 0.20905 -0.155 -2.87332 -0.819186 0.537301 3.39686 -0.176585 -2.46642 -1.02082 -0.199595 -1.95785 -2.7306 3.62088 -0.626814 2.99529 3.26791 -0.624806 -0.314951 0.226986 -0.635717 0.48258 0.476422 -1.44846e-09 1.33601 -4.18137e-10 -0.256522 -1.17763 -0.110804 -0.422313 0.667661 6.21364e-11 -0.265604 -0.21898 -0.764231 0.365644 -0.922512 2.54577 -0.160323 1.70956e-09 0.687062 1.05055 0.739478 1.5981 -1.11686 0.24818 2.45106e-10 -0.212921 -0.521437 0.222693 0.957455 12.1947 0.0211854 0.0626284 1.07836
93 10.9148 0.00494202 0.0633756 0.150994 0.232193 -0.0375357 12.2383 -0.00871862 -0.107977 -0.0746926 -0.106114 0.361872 0.150898 -0.0914125 -0.103743 -0.253683 -0.309767 0.11505 -0.16843 0.570933 0.317891 0.00342682 -0.000105367 0.012621 -0.195249 0.0633616 -0.0884005 -0.0518957 -0.155987 0.0454693 -0.0471363 -0.102901 -0.145019 -0.051669 0.211751 0.115657 -0.0227345 0.152136 -0.0060918 0.0528129 0.254998 0.228224 1.2866 0.203436 0.680403 0.108634 0.106618 0.153245 0.00466213 0.0358603 0.158924 -0.207136 -1.43554 0.0583548 0.704796 0.0367617 -0.116171 1.31226 -1.39983 -0.0328366 -0.0417256 0.0112624 0.800065 -0.609562 0.0780464 0.185217 -2.98759e-09 -0.96184 1.08478 -0.407001 0.0650271 0.112541 -4.27753 -1.38892 -0.511849 -2.2209 0.367392 4.8906 -1.07539 2.56643 2.77881 0.534474 0.0692027 0.0597116 -1.97137 0.279539 0.446395 -3.62175e-09 -1.80929 -1.5881e-10 -0.43422 1.76072 -1.13626 3.42382e-09 1.24456 2.92913e-10 -1.56165 0.406806 -0.509738 0.249008 -2.32993 0.610481 0.586393 4.98895e-09 2.15406 1.72318 0.50634 0.329263 -2.20304 0.311772 9.82057e-10 -0.688657 -0.9525 0.223394 0.957373 12.2306 0.00830011 0.023118 1.07293
94 10.9482 0.0206317 0.00587239 0.144243 0.231105 -0.0401988 12.2686 0.00758128 -0.113803 -0.0642721 -0.102995 0.280813 0.174803 -0.0673024 -0.0698618 -0.241808 -0.378354 0.104073 -0.149268 0.421608 0.295947 0.141696 -0.0151116 0.0941905 -0.106512 0.0875659 -0.0832193 -0.0557078 -0.193943 0.0537773 -0.0244196 -0.104538 -0.211376 -0.0499511 0.201321 0.193169 -0.0384766 0.150049 0.036197 0.0559246 0.234513 0.237022 1.27236 0.236333 0.67342 0.0611039 0.0789466 0.152223 0.0497764 0.0538242 0.179572 -0.155581 -1.46343 0.0821405 0.686465 -0.0170253 -0.130853 0.214742 -1.484 -0.101051 -0.0962426 -0.203877 0.955072 0.777185 -0.128888 0.244675 0.263066 -3.9374 0.0933686 -0.526243 2.19123 1.28205 -1.78274 -0.563208 0.503696 -3.99372 -2.89149 2.39165 -0.406946 2.59929 2.87867 0.421553 0.166558 -0.282171 -0.775077 0.109966 0.550639 -1.49652e-09 -1.92709 -9.53248e-10 -0.151239 2.03027 -0.684907 7.57405e-10 0.450973 1.20021e-10 -0.662576 1.28141 -0.262589 0.152659 0.500539 -0.425675 0.0397425 6.57908e-09 0.945718 1.85905e-11 0.164305 1.29736 -0.286522 0.084638 -1.18619 -0.734578 0.422642 0.223592 0.954767 12.2662 0.00277871 -0.220197 1.06809
95 10.9815 0.0199297 -0.0359248 0.131063 0.228512 -0.0540701 12.3018 0.0556462 -0.103442 -0.0441304 -0.102995 0.112609 0.154635 -0.0856498 0.00382087 -0.0425562 -0.420971 0.106151 -0.110618 0.28371 0.31304 0.146616 0.0568061 0.0952694 -0.104976 0.0695805 -0.0647084 -0.052768 -0.155633 0.0619527 -0.0104871 -0.102441 -0.126964 -0.0509409 0.18484 0.125883 -0.0423855 0.15777 0.0434117 0.0470562 0.143989 0.180512 1.30499 0.375387 0.691277 0.0241219 0.0181526 0.152063 0.0272206 0.0127447 0.439226 -0.220744 -1.36686 0.233053 0.680204 -0.0181923 -0.0878666 -0.184524 -1.05039 -0.476398 -0.13007 -0.51501 0.997195 1.61774 0.448367 0.640586 -6.27864e-10 -4.56072 0.189952 -3.62899 1.45176 -0.621376 -1.47393 -0.176919 1.2595 -3.38613 0.725 -0.680091 2.24141 0.227469 0.295291 -0.400212 0.508638 0.13497 1.11687 0.138765 0.437613 -1.1666e-09 1.0005 0.290395 -0.162778 -0.538704 -0.391206 4.36521e-09 -1.16605 -0.391574 -0.321214 1.81986 0.671264 1.39454 -1.36124 2.203 -2.42397 2.84624e-09 -0.302568 -1.14173 1.34065 1.3642 1.16151 0.0322342 -0.237034 -0.838885 0.662418 0.223852 0.94216 12.3017 0.00628792 -0.493948 1.05923
96 11.0148 0.0159321 -0.0697254 0.0896327 0.224587 -0.0698214 12.3363 0.111717 -0.0989829 -0.00176997 -0.102995 -0.0336373 0.181436 -0.0850707 0.0902643 0.0719482 -0.416955 0.0811294 -0.0407398 0.065456 0.388283 0.191594 0.0839747 0.0959313 -0.101356 0.0569691 -0.05813 -0.01849 -0.123926 0.0729531 -0.00163453 -0.101945 -0.0649166 -0.0331954 0.185848 0.0753145 -0.0622368 0.158033 0.0374593 0.0516409 0.0912015 0.182266 1.32345 0.424709 0.659522 0.0843268 -0.0171859 0.151021 0.0126878 -0.0546257 0.449583 -0.178327 -1.31338 0.203932 0.675463 0.00244544 -0.0814997 -0.150282 -0.281233 -1.85178 -0.140918 -0.254233 1.08785 1.68162 0.210855 1.93636 -1.11208e-09 -1.32869 0.17698 -0.357209 -0.00111782 -0.000680722 -0.0231642 -1.26077 2.1944 -5.60662 0.10663 0.19711 1.60187 0.817438 0.750616 -0.145203 -0.117003 1.67508 0.381151 0.885499 -0.382487 -2.08822e-09 1.92476 2.6251 1.10776 -2.53798 -1.14969 4.08793e-09 -0.411699 1.77271e-09 -0.787941 1.29662 1.32714 -1.12923 -2.73712 0.578365 -2.0276 8.32112e-09 -1.57037 -3.72957e-09 -1.79396 -0.154555 -0.920737 -3.58881 1.04702 1.11445 3.34247 0.223357 0.927367 12.337 -0.0436392 -0.239487 1.0784
97 11.0482 -0.00253295 -0.0802403 0.0528712 0.21966 -0.0782535 12.3742 0.181627 -0.0892766 0.0353321 -0.102995 -0.0808 0.182376 -0.0886468 0.0876297 0.0704314 -0.394211 0.0854045 0.00161696 -0.0562514 0.214667 0.146679 0.00567147 0.154385 -0.024305 0.0600443 -0.0313857 -0.00772187 -0.103703 0.0637825 0.0166891 -0.101989 -0.04703 -0.0231974 0.17826 0.0601947 -0.0552194 0.157715 0.0499158 0.0526288 0.12175 0.169541 1.33699 0.52465 0.660506 0.0325941 0.00650936 0.158834 -0.0347862 -0.0573394 0.471596 -0.160773 -1.33718 0.205623 0.701175 0.028383 -0.0721992 -0.351726 -0.324633 -0.783129 -0.0188709 -0.248294 1.15911 1.86723 0.3573 0.622085 -7.36323e-10 -1.41965 -0.0439809 -0.186519 -0.024812 -0.00508942 0.268249 0.228929 0.751368 -1.85052 -6.68862 -3.42834 -2.76302 1.11186 1.44096 -0.20385 0.779438 0.263927 0.531468 -0.350476 0.36636 -1.06796e-09 0.6621 0.423128 -0.179869 -0.589507 -0.0601228 3.01407e-09 -0.127617 3.73157e-11 0.758519 0.169104 0.581206 0.819717 -0.194985 1.41461 -0.0330092 3.89635e-09 -0.961435 0.0940403 0.745033 0.626202 -1.07596 0.375659 7.87233e-10 -0.749072 -0.344157 0.221914 0.920543 12.3727 -0.0430845 -0.208159 1.06142
98 11.0815 -0.00774056 -0.0842287 0.0275448 0.21702 -0.0867252 12.413 0.236949 -0.0714742 0.05975 -0.102995 -0.119508 0.169618 -0.0881986 0.0740484 0.141261 -0.400729 0.117797 0.0103499 -0.066727 0.0926275 -0.0238215 0.0177101 0.165002 -0.00756886 0.0445003 -0.0155766 0.00318325 -0.0850638 0.0597217 0.0278699 -0.101767 -0.00163176 -0.0129069 0.179548 0.0077027 -0.0615177 0.157702 0.050401 0.0526672 0.141571 0.192337 1.35404 0.526313 0.639904 0.0608342 0.00969803 0.158398 -0.050089 -0.0585591 0.464958 -0.149407 -1.37196 0.192505 0.701543 0.0121358 -0.0577422 -0.0896083 -0.0624879 -0.677248 0.0254958 -0.276 1.18093 1.60461 0.557162 0.542508 -7.9791e-10 -1.07028 -0.47115 -0.247251 -0.31676 -0.439915 -0.195445 0.911548 0.19062 0.185055 -2.14279 -4.53819 1.32206 0.347995 0.564743 -0.568965 0.546882 0.279379 0.486019 -0.162266 0.317607 -1.00939e-09 1.59248 0.326301 0.0867236 -1.81268 0.0160102 5.11114e-09 4.47536e-10 4.59053e-10 0.579336 0.189714 0.637068 -0.209465 -0.463905 -0.0986126 0.160745 1.60599e-09 -1.10316e-10 -4.49333e-10 0.00870635 -0.216482 -0.786415 0.211843 2.89844e-10 0.302889 0.189286 0.220434 0.913112 12.408 -0.0450424 -0.242896 1.05451
99 11.1148 0.000998117 -0.0764276 0.0112409 0.21486 -0.0946751 12.4522 0.270621 -0.05254 0.0790526 -0.0928919 -0.144218 0.14316 -0.0984328 0.0479109 0.103291 -0.42266 0.142374 -0.000531909 -0.0328244 0.0808736 -0.151083 0.0385182 0.170654 0.00764495 0.0172478 -0.0061526 0.00614076 -0.0733496 0.0557427 0.0343498 -0.101509 0.0399902 0.000774956 0.182311 -0.0464902 -0.0696328 0.157702 0.050401 0.0526672 0.133782 0.205554 1.38123 0.477624 0.641134 0.0734806 0.00845524 0.158818 -0.0353474 -0.0573842 0.439666 -0.153948 -1.39056 0.186598 0.700064 0.0205038 -0.073743 0.311699 0.324868 -0.494243 0.0216438 -0.207236 1.19661 0.894545 0.522789 0.514216 0.425438 -0.155628 -0.811364 -0.335469 -1.26366 -1.71574 -0.405489 0.751959 -0.280848 0.918675 0.311922 -2.85549 -0.061587 0.212167 0.385434 -0.862125 0.376616 0.0542049 0.291057 -0.147912 0.176497 -1.5712e-09 0.997099 0.383833 0.0863928 -1.36741 -0.0553952 8.60246e-09 7.9877e-10 9.02656e-10 -0.0408515 0.0159345 0.699055 -0.730187 0.679796 -0.796179 0.304202 2.6601e-09 0.367017 -6.95089e-10 -0.104375 -0.561362 -0.109416 0.0549809 4.09056e-11 -0.0260428 -0.14236 0.218913 0.905744 12.4434 -0.0466994 -0.196341 1.06894
100 11.1482 0.00228144 -0.0806503 -0.00489285 0.212242 -0.0994264 12.4926 0.265749 -0.0504288 0.0923901 -0.00188536 -0.135724 0.134805 -0.0836273 -0.09309 -0.0543978 -0.420837 0.165044 -0.00649395 0.0228841 0.10221 -0.22809 0.0341943 0.185123 0.0309431 -0.000438933 0.00605808 0.00646313 -0.0650349 0.0533123 0.038175 -0.101315 0.0397155 0.0102174 0.191137 -0.0551149 -0.0650689 0.157703 0.0503783 0.0526654 0.107501 0.222979 1.4033 0.387082 0.662882 0.0598845 0.0210602 0.15891 -0.0320969 -0.0571248 0.413945 -0.147408 -1.39813 0.189043 0.677743 0.0271018 -0.0838344 -0.0889547 -0.137024 -0.436008 0.0146699 -0.103009 1.26664 -0.380901 -0.0559374 0.480524 3.30297 3.27004 2.23752 -5.41396 -7.5 -14.0624 0.527227 0.677736 -0.00692278 1.68545 0.675775 -1.78763 -0.895183 0.316521 0.558279 -0.608322 0.317112 -0.133392 0.379071 -0.0343837 0.200903 -1.5073e-09 -0.380631 0.200565 0.249216 0.097852 0.129928 1.06831e-08 1.12508e-09 1.09479e-09 -0.0971743 -0.022302 0.343052 -0.804038 1.94702 -1.77401 0.9208 3.09909e-09 -0.125694 -5.4234e-10 -0.0064017 -0.242684 0.0901033 -0.0275611 -0.644835 -0.0831113 -0.264623 0.217192 0.900659 12.4801 -0.0508865 -0.121054 1.12501
101 11.1815 -0.0108091 -0.0897452 -0.0443441 0.207533 -0.100123 12.5367 0.237276 -0.0846211 0.12236 0.156412 -0.0382409 0.17261 -0.12823 -0.264605 -0.305694 -0.383866 0.185811 0.0190421 0.0844793 0.119788 -0.28099 0.0126085 0.197298 0.0419497 -0.0164244 0.0132315 0.0168837 -0.0478234 0.0549469 0.0534543 -0.100784 0.0349154 0.0297526 0.204701 -0.0531231 -0.0658448 0.157646 0.05258 0.0528399 0.106295 0.2528 1.39581 0.28328 0.677272 0.0440563 0.0646584 0.1585 -0.0465227 -0.058275 0.380659 -0.13115 -1.40506 0.177338 0.667731 0.0395481 -0.105366 -0.574112 0.0639259 -1.12121 -0.0273034 0.0261247 1.41393 -0.830528 -0.835164 1.02193 4.71151 4.32477 0.13127 1.13424 -6.59723 -7.57744 1.52571 0.337969 0.824114 1.58588 1.31258 -1.2071 -0.163544 0.268141 0.187051 -0.529346 0.141471 0.195234 0.522994 0.109915 0.430397 -1.3759e-09 -0.925282 0.591844 0.314364 0.726578 -0.178429 1.14065e-08 9.93096e-10 1.12126e-09 -0.654902 -0.564404 -0.019596 -0.940431 2.2352 -1.71363 1.51002 1.40524e-09 -0.738922 -3.78536e-10 -0.195872 0.0393764 0.162488 0.0259777 -0.00225732 0.376437 -0.900918 0.214902 0.89897 12.5192 -0.0790062 0.0126907 1.21537
102 11.2148 -0.0381783 -0.120817 -0.0793965 0.203685 -0.097956 12.5828 0.12294 -0.118927 0.12918 0.456794 0.218066 0.199371 -0.125884 -0.4589 -0.612427 -0.292446 0.194951 0.0389085 0.0906662 0.252074 -0.276214 0.111354 0.197121 0.037011 -0.0196762 0.0247714 0.0293808 -0.0270731 0.0545083 0.0581517 -0.100398 0.0273371 0.0457319 0.217719 -0.039149 -0.0551022 0.157646 0.05258 0.0528399 0.093566 0.261373 1.39364 0.203594 0.697484 -0.0111288 0.0344798 0.158054 -0.0435068 -0.0580462 0.422515 -0.179679 -1.39601 0.162649 0.650692 0.0502441 -0.0689226 -1.13641 -0.379926 -0.709993 0.0894747 -0.0409793 1.43113 -3.42401 -0.737114 0.0447996 9.44283 7.25381 1.46774 1.39351 -0.507644 -3.30227e-07 3.04632 -0.270495 0.307921 0.371062 3.54291 1.05298 1.84531 0.17313 0.0385356 -0.00255458 -0.204201 0.198055 0.843335 0.0837791 0.0336085 -1.35492e-09 0.430601 0.581948 0.536609 -0.454393 0.0886127 6.67733e-09 4.53605e-10 3.98962e-10 -0.621027 -0.783533 -0.106042 0.15585 1.76159 -1.78075 0.104474 1.84589e-09 -0.669025 -1.94878e-10 0.43757 0.18897 0.138427 0.0696008 0.117562 0.265713 0.226928 0.211701 0.899752 12.5622 -0.107952 0.00074145 1.31748
103 11.2482 -0.0765309 -0.130083 -0.107514 0.19978 -0.102634 12.6277 -0.00716334 -0.138833 0.133424 0.753764 0.508737 0.137888 -0.0101348 -0.351008 -0.481318 -0.195029 0.198506 0.0470484 0.111826 0.283176 -0.185792 0.0689082 -0.0710631 -0.0771996 0.0319698 0.0340837 0.0295509 -0.0544259 0.0423541 0.0601793 -0.102206 0.00206873 0.0526828 0.242613 -0.0123805 -0.0217503 0.158095 0.0350146 0.0514468 0.114548 0.254031 1.39066 0.17264 0.701315 0.0292 0.00517476 0.142544 -0.033274 -0.0572971 0.457557 -0.230301 -1.38297 0.0998287 0.639879 0.0554953 -0.0675619 -1.14931 0.37943 -0.746821 0.0747857 -0.393299 1.32795 -3.27 -0.48016 0.607849 6.88529 5.4532 -2.86817 5.80222 9.50509 9.54247 2.65197 -0.42158 0.363415 0.730424 -4.40227 2.52296 9.12314 3.90789 -9.32561 1.38419 -0.14191 0.0536446 -0.653696 -0.163822 -0.102407 -1.42158e-09 0.0857557 1.58154e-09 0.602437 0.0301075 1.21636 6.25445e-09 -0.760799 1.28806e-10 0.167432 -0.969069 0.157341 0.049811 8.43917e-11 0.325563 -0.620477 0.0382826 -0.787949 -1.07133e-10 0.449156 0.127429 0.611153 -0.183356 1.00972 1.35571 -0.12712 0.208009 0.895281 12.6069 -0.10531 -0.264789 1.35109
104 11.2815 -0.0782678 -0.0987585 -0.101135 0.195988 -0.105494 12.6723 -0.0942586 -0.149303 0.120393 0.816981 0.381304 -0.103572 0.0481214 -0.312941 -0.469651 -0.0866707 0.188105 0.0337623 0.0363186 0.126143 -0.185417 0.0772978 0.0326617 0.166627 0.0423601 0.0213084 -0.0093988 -0.0895095 0.0273748 0.0673037 -0.103929 0.0893734 0.0506196 0.267752 -0.0981352 0.00704881 0.159091 -0.00537781 0.0517279 0.214607 0.359219 1.37095 0.0296755 0.628421 0.0143962 0.0157944 0.155015 -0.0506109 -0.0583302 0.428724 -0.185417 -1.36321 0.152944 0.705465 0.097204 -0.0626369 0.50225 1.74432 0.409552 0.0769666 0.0641474 1.22984 -2.34274 0.0508676 -0.24198 -1.39587 -3.89588 -5.70754 1.12637 0.0855599 -9.26521 2.4041 -0.579353 -0.461176 -2.78828 -0.175573 -1.10514 0.0128115 -0.000312425 -0.000309431 -0.0273858 -0.495771 -0.632454 -1.20192 -0.494708 -0.383219 -2.02763e-09 5.09542 1.59772e-09 0.168313 -4.92806 1.63202 3.15867e-09 1.34475 4.68079e-10 1.7564 -2.59994 0.385531 -0.508598 -0.176957 -1.9928 0.695455 8.99687e-10 0.0842983 -5.96512e-10 -2.33633 -0.45021 0.600046 0.0368717 -0.0357187 0.0774973 -0.191743 0.205747 0.891183 12.6489 -0.0462904 0.0991098 1.18916
105 11.3148 -0.00951034 -0.055666 -0.0929998 0.195237 -0.100751 12.7079 -0.234304 -0.128328 0.120977 0.741508 0.216273 -0.195708 0.0935198 -0.440237 -0.609539 -0.0493874 0.171587 0.0136432 -0.0912587 0.161508 -0.213343 0.0733141 0.0202752 0.149752 0.00958226 0.0470941 -0.011802 -0.14393 0.00788398 0.0384893 -0.104784 0.126039 0.0507904 0.250371 -0.130926 0.0213726 0.159232 -0.0113743 0.0298996 0.199202 0.256905 1.43459 0.0151539 0.700246 -0.0379594 0.0892176 0.142818 -0.0512869 -0.0586183 0.450247 -0.241415 -1.32561 0.103156 0.703284 -0.0713908 -0.0128887 2.03633 1.50186 0.0467764 0.00914722 0.0883322 0.986412 -4.31403 0.477829 0.512493 -1.98384 -4.32307 5.63723 -3.30858 1.41371 -8.81149e-08 0.938515 -0.548191 -0.344172 -3.78909 1.35405 -0.988715 -0.220502 -0.577777 -0.788861 -0.913983 0.515497 -0.132224 -1.31922 -0.177854 -0.692856 -3.0415e-09 0.622312 1.78181e-10 -0.666249 -0.418908 0.530361 4.90055e-09 -1.18891 -1.08968 1.85471 -1.27891 2.1209 0.131865 8.96592e-10 0.303186 1.12809 0.250411 -6.38197e-10 -1.38256e-10 -0.928797 -1.32734 1.27771 -0.0621585 3.52333e-10 -1.47074 0.842334 0.204309 0.894363 12.6873 -0.0315686 0.0785541 1.12629
106 11.3482 0.0851239 -0.015147 -0.10347 0.193417 -0.0999558 12.7329 -0.449297 -0.0906772 0.144601 0.713125 0.163425 -0.170549 0.0466907 -0.50575 -0.572704 -0.112636 0.166711 0.0182806 -0.10504 0.129359 -0.252239 0.0673045 0.0328952 0.166692 -0.0246849 0.0891891 0.001738 -0.185251 -0.0435913 0.0139951 -0.103115 0.0500225 0.0490048 0.216976 -0.0470373 0.02529 0.114186 -0.0326091 0.00557357 0.349467 0.231907 1.46485 0.0896863 0.691727 0.0276103 0.185416 0.0978382 -0.0256381 -0.058628 0.43766 -0.157611 -1.30276 0.296729 0.679558 -0.103035 -0.0532126 2.03844 1.28723 0.0862236 -0.033278 0.056368 0.686144 -6.00852 1.41064 0.466423 -0.594135 -1.50225 -0.919774 -1.01122 -0.213959 3.92897 -1.37653 0.0249935 -0.447754 -2.24607e-09 -0.734994 -1.18319 0.0858567 0.0093882 0.0024848 -0.245716 0.800219 -0.415591 -0.839976 -1.03784 -0.358084 -2.42751e-09 0.126866 -0.118752 -0.565224 -0.0299045 0.473854 -0.566148 -1.28431 0.0791098 0.0968158 -0.728471 0.739196 0.209746 -0.916993 1.89342 1.47102 1.38669 1.45833 -2.2269e-10 -2.51943 -3.56336 1.35278 0.93419 -2.7241 -4.02858 1.46067 0.203362 0.895658 12.7247 -0.0186351 0.0288438 1.11373
107 11.3815 0.0535291 0.0420688 -0.0901084 0.194043 -0.100335 12.7616 -0.503478 -0.0910756 0.111942 0.637278 0.122204 -0.0863173 0.0161013 -0.456648 -0.579575 -0.0444466 0.167774 0.00597402 -0.10504 0.0930609 -0.307377 0.0659821 0.0333125 0.166813 0.020084 0.0714123 -0.0025179 -0.141279 -0.059318 0.00249179 -0.100524 0.00781266 0.0505728 0.183401 -0.031096 0.0145248 0.153252 0.00852336 0.0521698 0.399549 0.23157 1.41204 0.205902 0.6671 0.0144672 0.0748461 0.0250459 0.0253474 -0.0583962 0.297792 -0.120846 -1.34156 0.285739 0.6057 -0.0798389 -0.0164968 -1.1993 1.37663 0.603734 0.0485442 0.00882284 0.899538 -1.22679 0.661624 -1.28459 -2.79996 -0.963203 2.13495 -0.579055 0.672962 1.64228 2.38221 0.132589 -0.411811 -1.32842e-09 -1.19117 -1.39842 0.282696 0.0154767 0.00465657 1.03121 -0.469563 0.0131125 1.67794 -0.313317 -0.531523 -8.42489e-10 -0.388299 6.96676e-10 -0.71575 -0.575938 -0.241057 2.8079e-09 0.674938 3.93025e-10 0.594967 0.18468 0.221682 -0.600227 -1.26369 0.0179301 -2.16925 1.33264 1.21653 -3.43488e-10 -2.94746 -5.23464 0.159024 -0.791987 -2.06469 1.97347 -0.143347 0.202989 0.895986 12.7619 0.000862239 -0.0055422 1.11498
108 11.4148 0.0322014 0.102615 -0.0744896 0.196706 -0.101928 12.7932 -0.494773 -0.0906152 0.0689733 0.415647 0.124906 -0.0836702 0.0279624 -0.38899 -0.494326 0.0174878 0.168518 -0.00613191 -0.10504 0.0534556 -0.366245 0.0648347 0.0339345 0.167004 0.0319545 0.0477967 -0.00296089 -0.0922989 -0.0660065 -0.00467461 -0.10003 -0.0104602 0.0494522 0.169608 -0.0430861 0.00966994 0.152564 0.0346419 0.0541736 0.416992 0.221497 1.41568 0.20829 0.648291 0.00254434 0.100254 0.15718 -0.00277917 -0.0603935 0.0910892 -0.207444 -1.35114 0.340462 0.602012 -0.0584492 -0.00989585 -0.404385 1.61135 0.627023 0.0223364 -0.0464239 0.951827 0.169244 0.667237 -1.43529 -6.93006 0.564943 -0.113422 1.14458 -1.73777 1.26231 1.60269 0.108666 -0.447942 -1.29029e-09 -1.2086 -1.63293 0.25588 0.0208599 0.00636505 0.275464 -0.565244 -0.0420292 0.975991 -0.127509 -0.374968 -2.00557e-09 -1.64401 -0.238231 -0.308754 0.976328 -0.033887 4.90317e-09 0.929139 4.443e-10 0.236306 -0.729277 0.23801 0.0103697 -0.329724 0.135964 0.677778 4.89255e-09 -0.437014 -1.60995e-10 -0.105028 -1.6331 -0.174618 0.516052 -1.51357 -1.35714 0.711427 0.203168 0.894655 12.7986 0.0154367 -0.0652456 1.09228
109 11.4482 0.0182343 0.153799 -0.0535352 0.200436 -0.105273 12.8271 -0.443403 -0.075751 0.0219479 0.131669 0.132894 -0.130409 0.0519398 -0.351241 -0.443507 0.0765563 0.156485 -0.0201839 -0.10504 0.010363 -0.403799 0.0638722 0.0757795 0.168045 0.0375576 0.0240167 -0.00808204 -0.0605574 -0.0675066 -0.00920871 -0.100018 -0.089722 0.0432241 0.157787 0.0151068 0.0135784 0.152144 0.0502437 0.0553677 0.439676 0.212263 1.41277 0.205007 0.651171 -0.0114405 0.105131 0.155809 -0.0472925 -0.0638907 0.107971 -0.207214 -1.3495 0.445812 0.601756 -0.0776318 -0.00492813 -0.270819 0.552012 0.690014 -0.0225706 -0.107847 1.04261 0.805998 0.7527 -1.07614 -6.60971 0.340965 -0.294351 -0.714813 1.5286 1.40439 1.67659 -0.48848 -0.404456 -1.31517e-09 -1.27463 -6.03632e-09 0.318443 -0.00458053 0.000283378 -0.0444732 -0.479789 -0.107033 0.726791 0.0770884 -0.297708 -1.988e-09 -3.61984 -0.397579 -0.394771 3.22242 -0.0292786 5.43192e-09 5.33212e-10 4.82206e-10 0.0411649 -0.247506 -0.193545 -0.105328 1.12625 -0.533678 0.38863 4.48343e-09 0.140205 -2.31607e-10 0.167848 -1.09575 -0.37459 0.426532 -0.509905 -1.79566 0.362357 0.203771 0.891806 12.8347 0.0257679 -0.0921786 1.07382
110 11.4815 0.00262932 0.162822 -0.0324407 0.204685 -0.110385 12.8631 -0.42476 -0.0723615 -0.00714654 0.0282246 0.0656116 -0.11989 -0.0105018 -0.256173 -0.386811 0.14234 0.139557 -0.0343444 -0.10504 -0.0367049 -0.395094 0.0661494 0.0755379 0.168027 0.0414372 0.00466926 -0.0119279 -0.0388659 -0.0691769 -0.0134599 -0.100334 -0.143619 0.0338873 0.154137 0.0585284 0.0183121 0.152144 0.0502437 0.0553677 0.432378 0.19721 1.39802 0.209412 0.678814 -0.0111264 0.0983556 0.155701 -0.0507056 -0.064158 0.112453 -0.204852 -1.36523 0.51794 0.59798 -0.0669218 0.00700263 -0.419037 0.19554 0.416515 -0.0579628 -0.160194 1.11658 0.396062 0.23946 -0.533622 -1.26889 -1.0655 -0.399156 -2.64672 3.2083 0.736022 1.91061 -0.657194 -0.0607021 -8.32533e-10 -1.37442 0.541966 0.354372 -0.00972402 -0.00236098 -0.0439829 -0.616388 -0.0127472 0.493099 -0.0416946 -0.0519501 -2.81704e-10 -0.677595 -0.165253 -0.133448 0.321472 -0.162744 3.26094e-09 2.3798e-11 3.71403e-10 -0.451945 -0.388927 -0.485227 0.108846 -0.239085 0.187302 -0.447317 4.61575e-09 0.0256898 -3.49227e-10 0.16694 -0.369151 -0.48854 0.319614 -0.74469 -1.0135 0.645373 0.204614 0.888062 12.8697 0.0260859 -0.13344 1.03042
111 11.5148 0.00957147 0.154852 -0.0329351 0.20759 -0.112584 12.8993 -0.429248 -0.0626805 -0.00664843 0.0509456 0.176478 -0.11004 -0.002441 -0.625002 -0.601565 0.179424 0.104047 -0.0322457 -0.10504 -0.0514709 -0.349805 0.0755832 0.0484883 0.131554 0.0228156 -0.00497549 -0.000597027 -0.0305481 -0.070198 -0.0129293 -0.101497 -0.173966 0.0237625 0.155292 0.0984691 0.0274029 0.152143 0.0502806 0.0553706 0.414009 0.180439 1.38079 0.198818 0.668076 -0.0195813 0.0824564 0.155701 -0.0507056 -0.064158 0.128848 -0.217853 -1.37432 0.535635 0.589807 -0.0720065 -0.000238449 0.485275 -0.380135 -0.147563 -0.102848 0.0783478 1.0551 0.128088 0.243301 0.346385 0.669796 2.63286 0.0330249 0.10745 -1.4409e-08 -3.50817 0.682629 -0.980422 0.271114 -9.21239e-10 1.24499 1.45404 0.366039 -2.10829 -2.86036 -0.587881 -0.24672 0.406646 -0.0155522 -0.0101991 0.0760461 -1.64604e-09 -1.91662 -0.564348 -0.0906259 2.34057 0.456296 1.75307e-09 2.17478e-10 5.91055e-10 -0.36457 -0.0122567 -0.628308 -0.276401 0.208448 -0.644953 -0.106425 6.22921e-09 -6.36297e-10 -7.86139e-10 0.865992 -0.00035334 -0.159961 0.0120404 -0.150496 0.0299726 0.0539364 0.205208 0.886219 12.9024 0.0137024 0.0636244 0.943631
112 11.5482 0.0336184 0.108196 -0.0481852 0.20943 -0.109368 12.9331 -0.476704 -0.047845 0.0215715 0.153075 0.148016 -0.0661533 0.0328232 -0.544896 -0.564291 0.190274 0.0794467 -0.0244741 -0.104986 0.0123223 -0.265825 0.0600401 -0.0922031 -0.0163104 0.00986799 -0.00198037 0.0251563 -0.0511254 -0.0466125 -0.0120143 -0.102424 -0.145697 0.0293492 0.156249 0.0935181 0.0100216 0.132037 0.0503327 0.0559069 0.375845 0.114184 1.37187 0.208665 0.692422 -0.0372612 0.0908751 0.155692 -0.0509947 -0.0641807 0.124286 -0.24622 -1.37966 0.462448 0.574153 -0.102714 -0.0583595 0.673702 -1.4362 -0.417064 -0.0707833 0.132903 1.03933 -1.10404 0.175271 0.945256 2.84061 -0.886824 1.53907 1.37769 3.15081 1.74653 0.467436 -0.79825 0.290376 -3.67839e-10 1.92076 2.34188 0.32439 -2.67902 -3.65598 -0.380179 0.0204185 0.772294 -0.534499 0.533067 0.101517 -1.9754e-09 0.314814 0.0263329 0.011611 0.411325 -0.275906 -0.612832 1.64145e-10 1.57746e-10 -0.639359 -0.62441 -0.454693 0.0708533 -0.145833 0.116054 -0.167617 7.20786e-09 -8.26965e-10 -6.61802e-10 1.25558 0.11316 0.111482 -0.758573 0.217775 1.07283 -0.942947 0.205681 0.889758 12.9342 0.00782789 0.109329 0.962908
113 11.5815 0.0420906 0.0681084 -0.0476217 0.211954 -0.10403 12.9689 -0.483617 -0.0452678 0.0327599 0.221597 0.182971 -0.037092 0.0839546 -0.477946 -0.513743 0.185456 0.0536565 -0.0329717 -0.0466933 0.0904907 -0.207137 0.0768053 -0.217445 -0.190612 0.0121211 -0.00228584 0.0370099 -0.0733629 -0.0278609 -0.0105928 -0.10271 -0.0983149 0.0218882 0.157948 0.0766029 0.0103075 0.104697 0.0460344 0.0562435 0.392711 0.108474 1.35688 0.186183 0.685807 -0.0457192 0.0842342 0.155708 -0.0504947 -0.0641415 0.108045 -0.272243 -1.38559 0.352956 0.576955 -0.0767193 -0.087305 0.117472 -1.48105 0.147893 0.000754899 0.253225 1.13305 0.385322 0.162629 0.39185 1.51837 0.428461 0.20881 1.05566 2.39658 1.86343 -0.0936182 -0.224047 -0.435715 1.97499 3.01551 1.72082 -0.144555 -3.8341 -4.86482 -0.00594278 0.0105898 0.444011 -0.503894 0.566317 -0.0878214 -2.3857e-09 0.806502 -0.0629451 0.0454128 0.087156 -0.122422 -0.0426077 0.433748 1.16108e-10 -0.0746253 -0.0588103 -0.469908 -0.0835269 0.871345 -0.734173 0.44993 6.61158e-09 -1.10471e-09 -7.46853e-10 0.314396 0.566951 -0.0691761 -0.515975 2.11306 2.55987 -0.810871 0.206359 0.894766 12.9673 0.0205518 0.191337 1.01642
114 11.6148 0.0515198 0.0441583 -0.0210915 0.215844 -0.0908698 13.0089 -0.443969 -0.0385325 0.0156237 0.221232 0.189369 -0.0587251 0.0629346 -0.403949 -0.454673 0.131907 0.0875955 -0.0672469 0.0730061 0.312543 -0.199618 0.126258 -0.43014 -0.490504 -0.0127872 -0.00395737 0.0274272 -0.0707415 -0.0233346 -0.0134305 -0.102222 -0.0786045 0.0096981 0.153085 0.0712483 0.0144351 0.15106 0.050773 0.0555047 0.371725 0.176379 1.33912 0.16085 0.702406 -0.057228 0.0687973 0.155708 -0.0504947 -0.0641415 0.135164 -0.271161 -1.3804 0.315316 0.610777 -0.0202671 -0.0733864 0.128455 -0.604016 0.72712 0.0490627 0.612195 1.24201 1.71416 0.416342 -0.309309 -0.303493 -0.0561682 -1.38508 0.202606 2.05614 1.87467 -2.05286 1.59838 -1.06825 3.77412 10.7998 -0.711163 0.891127 -9.35101 -12.6002 -0.711716 0.245115 -0.0250774 0.111813 -0.0323299 -0.240129 -2.52125e-09 1.26781 0.0214778 -0.157488 -0.98747 -0.281153 5.39947e-10 1.98674e-10 3.03364e-10 0.143439 0.0766305 -0.111404 -0.00677462 7.38241e-10 -0.657642 0.258855 6.69798e-09 -9.68374e-10 -7.74766e-10 -0.0720207 1.06831 -0.0956165 -0.229701 1.77026 1.26057 -0.199955 0.207407 0.906657 13.0031 0.0356892 0.49923 1.12958
115 11.6482 0.0367787 0.0662699 0.00302214 0.218426 -0.0710627 13.0518 -0.331221 -0.0284652 0.00139516 0.155737 0.216426 -0.134586 0.0391374 -0.348484 -0.401203 0.000571031 0.118996 -0.0837541 0.327213 0.685626 -0.191882 0.165635 -0.514347 -0.62224 -0.0258804 -0.0119913 0.0219821 -0.0527726 -0.0262753 -0.0206767 -0.101783 -0.0785719 -0.00241961 0.156319 0.0728307 0.013395 0.151363 0.0393442 0.0543319 0.389919 0.188828 1.34127 0.179712 0.702254 -0.0515471 0.0689857 0.155707 -0.0505179 -0.0641433 0.155556 -0.299406 -1.36796 0.229236 0.618602 0.00123025 -0.0626383 -0.838498 0.348586 0.196888 -0.0745518 0.582138 1.2933 3.59776 0.50701 0.477011 -1.33411 0.313294 -1.95311 -0.299148 1.06128 1.31455 -3.78125 0.8643 0.130885 6.90899 13.4933 -1.62426 -2.41874 -0.873764 -6.0363e-08 -0.0638373 0.0460979 0.160045 0.636873 -0.124881 -0.136363 -1.24799e-09 -0.61182 -0.341257 0.177053 0.73792 -0.103177 2.5043e-09 -0.285428 -0.0930453 0.123918 0.277355 0.319008 0.346405 5.67438e-11 0.300401 0.0210409 5.13546e-09 -4.4683e-10 -1.84956e-10 -0.559109 0.672871 0.106939 -0.250289 1.84205 1.93412 -0.978194 0.209108 0.924666 13.0427 0.0619074 0.502004 1.21824
116 11.6815 -0.0165781 0.0830996 0.0246131 0.219807 -0.0601518 13.0951 -0.179363 -0.0200116 -0.00496716 0.0905549 0.264981 -0.142291 -0.0250452 -0.2265 -0.264146 -0.111236 0.121583 -0.0873643 0.628737 0.495093 -0.0255363 -0.0588181 -0.126875 -0.294782 0.0394899 -0.0116081 0.0129114 -0.0826275 -0.0250396 -0.0204698 -0.10084 -0.0245334 -0.0275169 0.191594 0.0394437 0.0275974 0.142326 0.00144959 0.0471276 0.415309 0.228406 1.34991 0.153142 0.690951 -0.00717667 0.0787236 0.155717 -0.0500566 -0.0639056 0.1319 -0.259193 -1.37394 0.181746 0.654262 -0.0162781 -0.0798715 -1.48315 -0.272355 0.624613 -0.0289208 0.148424 1.31245 3.87351 0.44446 -0.346076 -1.54055 1.26553 0.80112 -5.5131 11.7448 10.2841 -2.63075 0.601865 -0.457659 7.11948 -3.1149 1.86193 -0.478592 7.24337 6.44323 1.74886 0.467319 -0.209161 -0.892803 -0.0379714 -0.0190369 -1.16272e-09 0.883682 -0.369892 1.1201 -0.120122 -0.0415328 0.75913 -0.409834 -0.024708 0.597424 0.819961 -0.356813 -0.0133617 -0.00344091 0.409834 -0.160429 4.81731e-09 0.121196 -1.14501e-10 -0.187886 1.27519 -0.0887909 -0.0500078 0.444694 -0.0139241 0.408309 0.211069 0.935562 13.0834 0.0520064 0.188171 1.22939
117 11.7148 -0.0290038 0.0548979 0.0399541 0.22255 -0.0547527 13.1386 -0.0822213 -0.0257613 -0.0182358 0.0341696 0.222745 -0.112359 -0.0263748 -0.0634559 -0.105815 -0.177512 0.143491 -0.0902173 0.693497 0.375932 0.0879016 -0.0429857 -0.0396093 -0.199682 0.0442647 -0.00529222 0.0135744 -0.0936998 -0.00888436 -0.0218393 -0.100667 -0.066085 -0.0505993 0.203247 0.0829147 0.0390593 0.150462 -0.0364824 0.0501309 0.359296 0.244624 1.35118 0.13421 0.703978 -0.114685 0.0545857 0.156842 -0.0136287 -0.0610463 0.187877 -0.293551 -1.36903 0.108553 0.631512 -0.0345331 -0.039284 0.0686692 -1.56032 -0.0218513 -0.00660641 0.12842 1.24779 2.14595 -0.0864325 0.0358615 -1.67685 0.140839 1.60793 -0.220412 -0.708653 -0.949086 -1.78263 0.764537 0.505116 -0.532127 -6.00294 3.48359 0.828586 4.05523 4.19591 -0.0403954 0.695284 0.537708 -0.539381 0.363442 -0.175623 -1.18577e-09 -1.38837 -5.49677e-10 0.181 1.14873 -0.705811 5.42907e-10 -0.922702 4.87057e-10 -1.56012 1.17652 -0.0910166 -0.31659 8.50278e-10 -2.51429 0.169404 1.62362e-09 -0.055179 -2.02446e-10 0.759241 1.95199 -0.178656 0.137188 0.441824 0.297412 0.399108 0.212856 0.940387 13.1233 0.0565986 0.137321 1.17097
118 11.7482 -0.0121572 0.0230272 0.0531975 0.225279 -0.0507772 13.1787 -0.0133034 -0.0260786 -0.0336247 -0.0399305 0.215989 -0.0802415 -0.0189242 -0.0757351 -0.116357 -0.235981 0.115884 -0.0938459 0.588177 0.329731 0.248209 -0.0287855 0.0573966 -0.107998 0.0361097 -0.0201169 0.00165781 -0.119823 0.00938244 -0.00649787 -0.100146 -0.0460741 -0.0516002 0.195175 0.0729594 0.0228754 0.149408 -0.0147607 0.0517602 0.399254 0.243136 1.3183 0.177133 0.675062 0.0934869 0.0813981 0.157167 -0.00337707 -0.0536893 0.233487 -0.280052 -1.38741 0.0599744 0.630326 0.0147092 -0.085497 0.642662 -0.903237 0.394757 0.0605685 0.0369559 1.14952 1.73968 0.0276455 -0.506381 -2.04083 -0.530969 0.868469 0.018496 0.128931 0.175497 -2.03178 -1.09394 -0.222784 -3.61413 -0.465329 4.29607 -0.571124 2.83248 2.73253 -0.296098 -0.450745 -0.32834 -0.781508 0.387907 0.480573 -1.08301e-09 0.0323359 -5.55099e-10 -0.375366 0.183002 -0.535979 -0.224099 0.259892 2.19976e-10 0.437536 -0.117732 -0.663975 0.260884 -2.14512 3.20283 -0.362836 2.00711e-09 -0.454327 0.41936 1.66181 1.82086 -1.1102 -0.0263807 1.37118 1.10928 -1.05717 0.215205 0.943062 13.162 0.0769323 0.0260549 1.15423
119 11.7815 0.0156786 -0.0194496 0.0585067 0.227728 -0.0508743 13.2151 0.0324013 -0.0233006 -0.0421618 -0.102607 0.199102 -0.0415279 -0.0159628 -0.0707917 -0.109579 -0.318544 0.0933355 -0.0750072 0.480523 0.300503 0.346073 -0.0182582 0.128928 -0.0341396 0.0269764 -0.0217046 -0.000450765 -0.14533 0.0266405 0.00508596 -0.102411 -0.0580299 -0.0502145 0.174578 0.0993955 0.0142046 0.1504 -0.00176524 0.0526104 0.359555 0.194674 1.31227 0.263371 0.692147 0.0957434 0.0955997 0.139476 -0.0422862 -0.0516151 0.296817 -0.183332 -1.41507 0.093129 0.693395 -0.0102282 -0.105966 0.663434 -2.06143 0.232682 0.0820153 -0.0393943 1.01723 0.316522 0.207288 -0.383884 -1.89685e-09 -1.66463 1.80605 -0.0243837 0.513681 0.703929 -2.5246 -0.477482 0.595754 -2.68918 -1.21172 1.68316 0.0337314 1.42605 1.79873 0.247736 0.292537 -0.266998 -0.969309 0.538475 0.469164 -1.25672e-09 -0.942462 0.186039 -0.668392 1.31715 -0.675139 1.42204 -0.1796 1.52289e-10 -1.51072 2.58242 -0.835128 0.139816 -1.09102 0.571925 0.0668666 -2.96939 -0.182326 -8.96717e-11 1.70062 4.7105 -1.78588 0.366123 -0.618607 -0.582526 0.249206 0.21807 0.942567 13.2001 0.0877648 -0.0499587 1.14161
120 11.8148 0.0195105 -0.0757631 0.0571538 0.228199 -0.0586303 13.2501 0.0702905 -0.0258637 -0.043801 -0.102607 0.0809037 -0.0116991 -0.0308808 -0.0526066 -0.103227 -0.377078 0.0759826 -0.0268288 0.376407 0.371743 0.352088 0.0457398 0.118421 -0.0499665 0.0138355 -0.0264988 -0.00270194 -0.116656 0.0437869 0.0156465 -0.101988 0.0586549 -0.0475166 0.1541 0.00636893 0.0106799 0.0820684 0.0243357 0.0521919 0.341613 0.115351 1.33672 0.339158 0.682967 0.0457996 0.0138424 0.15084 -0.0441888 -0.0514288 0.446553 -0.204839 -1.39692 0.21338 0.699003 0.00909746 -0.0884901 -0.127971 -1.44582 -0.0155475 0.0438123 -0.380427 1.04135 1.43858 0.111944 -0.10388 -4.10281e-11 -4.72649 -0.180819 1.5429 3.05673 4.43802 -1.78487 -0.909642 1.45717 -2.72961 2.68499 -0.422412 2.30225 -0.158674 -0.223298 -0.188667 -0.00761017 -0.113073 0.963274 0.290103 0.214922 -1.01615e-09 1.55771 0.302127 -0.365984 -0.813795 -0.34887 -1.77029 -0.319551 -0.139287 0.192498 0.431001 0.463288 0.260534 -1.22529 -0.321997 -1.25059 2.83864e-09 0.441076 -8.67628e-11 0.966185 0.77546 -0.182416 0.307636 -0.542263 -1.77624 0.749545 0.221165 0.935731 13.2382 0.0895885 -0.354748 1.14255
121 11.8482 0.0203936 -0.123531 0.0337181 0.226794 -0.0712499 13.2861 0.116619 -0.0447703 -0.0267671 -0.102607 -0.0413095 0.0423522 -0.00355566 0.076204 0.0823353 -0.37895 0.0356267 0.0563603 0.144734 0.568923 0.407767 0.0230815 0.129785 -0.0409678 0.00444003 -0.0165102 0.0157514 -0.089799 0.0490461 0.0207288 -0.103964 0.0920563 -0.0378767 0.147237 -0.00700425 -0.00710417 0.146337 0.0248521 0.0511209 0.227064 0.173102 1.34425 0.376707 0.691983 0.0918831 0.0144663 0.150941 -0.0401818 -0.0511251 0.426963 -0.170825 -1.41428 0.18164 0.661306 -0.00284009 -0.099906 -0.0339621 -0.695056 -1.16856 0.0323558 -0.200123 1.12782 1.40418 -0.437425 1.07082 -1.22942e-09 -1.35085 1.24395 0.133073 -0.00881403 -0.0102473 -0.0636664 -1.62526 2.53329 -6.51183 2.16263 -0.362957 -2.29886 1.60873 1.52094 -0.377938 -0.125027 0.172009 0.729101 0.459785 1.03016 -2.32969e-09 0.709952 0.42933 -0.545023 -0.499375 -0.531359 1.3794 -0.8867 4.58832e-10 -1.15537 3.01347 0.0137934 0.0958645 -0.996613 1.32614 -0.319 1.27367e-09 -0.63236 -4.20743e-10 0.0167408 0.528914 -0.437165 -0.236861 -0.14577 1.30046 -0.709409 0.224061 0.924207 13.2765 0.0792094 -0.175693 1.17669
122 11.8815 0.000472338 -0.149027 0.0055135 0.224996 -0.0790874 13.3266 0.188073 -0.051063 -0.00861621 -0.102607 -0.0906533 0.0752423 0.00413546 -0.0494485 0.0401993 -0.34385 0.0336776 0.12067 -0.035937 0.379874 0.31066 0.0649991 0.158631 -0.0162919 0.00587814 -0.0111031 0.0260737 -0.0625918 0.0576795 0.0311446 -0.102013 0.147861 -0.0221813 0.146118 -0.0404726 -0.0256238 0.152014 0.047163 0.0526997 0.197947 0.147048 1.36641 0.454216 0.67681 0.0735286 -0.0269724 0.150679 -0.0505339 -0.0519094 0.463431 -0.162499 -1.41032 0.196121 0.684523 0.025916 -0.0938241 -0.481588 -0.5071 -0.647101 0.152781 -0.254766 1.23869 2.02877 -0.0918127 0.301523 -9.13234e-11 -1.53486 0.667692 0.234354 -3.87225 -0.706913 0.469619 0.124972 1.4197 -3.5929 -5.63581 -5.3521 2.96097 -0.0733673 0.197451 -0.127751 0.237243 0.258212 0.668212 0.135995 0.187738 -4.49008e-10 1.38076 0.592806 0.000486811 -0.852084 -0.614506 2.61317e-09 -0.240439 2.76886e-10 -0.0787556 0.872136 0.518576 0.147736 -1.11167 0.621467 -0.599791 3.53454e-09 0.0169147 -4.19179e-10 0.0607925 0.536556 0.0373272 0.0717889 0.630149 0.0981598 0.0688751 0.226797 0.918121 13.3159 0.0795302 -0.198993 1.1908
123 11.9148 -0.0134641 -0.161829 -0.0225262 0.224356 -0.0895781 13.3688 0.255061 -0.0498054 0.0078163 -0.100147 -0.129291 0.0893588 0.0105849 0.0247389 0.0240772 -0.342748 0.0621742 0.16129 -0.0765167 0.1218 0.0960911 0.0795404 0.189709 0.0229131 0.00598884 0.00429719 0.0390576 -0.0484179 0.0448929 0.0391652 -0.101611 0.131659 -0.0130773 0.150398 -0.0242101 -0.0268127 0.152379 0.0494803 0.0528637 0.188769 0.134709 1.38546 0.523073 0.677163 0.0425866 -0.00791213 0.150919 -0.0410646 -0.051192 0.485855 -0.157716 -1.40829 0.201362 0.696654 0.0305792 -0.0497534 -0.326741 -0.439165 -0.893988 0.207846 -0.364286 1.26821 1.791 0.060484 0.466743 0.285751 -1.73162 0.533143 0.246965 0.00544982 0.0201555 -0.00980192 0.698075 1.20262 -0.330315 -6.37912 -6.26227 1.35444 0.484238 0.573717 -0.242361 0.305831 0.594292 0.4581 -0.368486 0.122531 -5.22779e-10 0.393705 0.472335 0.115537 -0.560961 -0.245653 2.41433e-09 -0.232265 2.29246e-10 -0.0939548 0.716008 0.539964 0.192064 -0.600429 1.18662 -0.238986 6.94124e-10 0.570785 -3.41059e-10 -0.00909925 0.247374 -0.118243 -0.129261 0.390221 0.162864 0.736294 0.22939 0.909431 13.3555 0.0740985 -0.305863 1.18244
124 11.9482 -0.0223026 -0.161402 -0.0449593 0.225175 -0.100862 13.413 0.312904 -0.0540915 0.0174851 -0.0852205 -0.176296 0.0966464 0.0200343 0.0112275 0.103323 -0.346331 0.0989838 0.169878 -0.0649233 0.0360004 -0.0958844 0.132963 0.200751 0.0389159 -0.0120237 0.00467435 0.0499391 -0.026321 0.0428909 0.041639 -0.101684 0.162382 0.0136726 0.164593 -0.0663471 -0.0547988 0.152359 0.0502224 0.0529205 0.157787 0.14021 1.40467 0.494896 0.655677 0.0579994 0.00600279 0.150957 -0.0395281 -0.0510755 0.4958 -0.152745 -1.39951 0.207752 0.700515 0.0362939 -0.0504159 -0.190538 0.218135 -0.690312 0.275783 -0.349416 1.31546 1.54562 -0.0165354 0.325822 0.574033 -0.911571 -0.0333263 0.197707 -0.926151 -1.26132 0.0249839 0.908961 0.148316 0.523276 -1.61379 -3.75999 0.58364 0.45883 0.635958 -0.636641 0.155616 0.346833 0.503989 -0.0501483 0.0915875 -1.44084e-09 0.848053 0.896997 0.298692 -1.34472 -0.863429 8.38135e-09 4.24424e-10 7.90371e-10 0.328105 0.357757 0.0816689 -0.7818 -0.486401 -1.03744 0.291407 2.12957e-09 -0.0814389 -4.12722e-10 -0.117667 0.125671 0.308615 -0.00137346 1.15744e-10 0.149448 -0.158975 0.231938 0.89914 13.3952 0.0776415 -0.30752 1.19707
125 11.9815 -0.0327853 -0.158515 -0.0569991 0.228265 -0.111255 13.4584 0.338883 -0.0596494 0.012185 -0.011449 -0.218629 0.103194 0.0301254 -0.0307463 0.0461488 -0.344338 0.113451 0.153121 -0.00807485 0.0802264 -0.154263 0.132125 0.196096 0.0366381 -0.0222669 0.00875046 0.0508931 -0.0164957 0.0442191 0.0423413 -0.10025 0.169506 0.0312367 0.182891 -0.0809032 -0.0632812 0.152359 0.0502224 0.0529205 0.139923 0.147424 1.40994 0.449143 0.67419 0.049022 -0.0115681 0.150949 -0.0398685 -0.0511014 0.444458 -0.13877 -1.3951 0.159874 0.674545 0.0357106 -0.0735989 -0.339581 0.111091 -0.352475 0.354041 -0.330515 1.3711 0.611576 -0.321804 -0.173375 2.53384 -0.607367 0.308823 0.308249 -2.02241 -2.75484 0.445146 0.298085 -0.553059 1.72826 0.976641 -0.574907 -0.485151 0.0861782 -0.0259042 -0.506388 0.126601 0.0571183 0.41628 -0.0110854 0.0686853 -1.3512e-09 0.00903688 0.376828 0.531572 -0.247612 -0.0772926 7.36507e-09 6.95306e-10 7.25283e-10 -0.265382 -0.168733 -0.0889655 -0.206135 1.08242 -0.754739 0.143775 4.82441e-09 -0.376224 -5.5884e-10 -0.298143 0.183862 0.387705 -0.0430905 -0.0432631 0.66136 -0.510862 0.234799 0.888855 13.4359 0.0929742 -0.299028 1.24383
126 12.0148 -0.0395573 -0.16199 -0.0818748 0.232327 -0.120036 13.5063 0.314264 -0.0888869 0.00724686 0.144142 -0.200968 0.146503 0.0382587 -0.157223 -0.124309 -0.322494 0.12161 0.143556 0.036725 0.140213 -0.152143 0.138539 0.199911 0.0332757 -0.0397988 0.00774299 0.062423 -0.00533685 0.0444768 0.0480128 -0.102536 0.138652 0.0428044 0.203894 -0.060501 -0.059764 0.152364 0.0500628 0.0529083 0.112316 0.157034 1.40289 0.368598 0.67416 0.0439108 -0.00532174 0.150934 -0.0404461 -0.0511451 0.429164 -0.142869 -1.38697 0.124342 0.663063 0.0507165 -0.0871961 -0.30688 0.2187 -0.766298 0.395486 -0.290779 1.44008 -0.80209 -0.967383 0.0730862 4.82433 2.09809 1.13179 0.253971 -5.22997 -7.10289 0.936081 0.101012 -0.363048 1.10821 1.77451 0.359768 0.220163 0.16078 -0.0619181 -0.590763 -0.219006 0.331451 0.325626 0.106591 0.203767 -1.97243e-09 -0.670823 0.355042 0.464723 0.226713 -0.0519802 7.1419e-09 6.21071e-10 6.74853e-10 -0.0625636 -0.35608 -0.442279 -0.588767 0.898752 -1.85293 0.753159 3.16037e-09 -0.697268 -3.89252e-10 -0.255564 0.422452 0.257553 -0.0258868 0.164209 0.574452 -0.562325 0.237969 0.879471 13.4789 0.099832 -0.270011 1.32495
127 12.0482 -0.065968 -0.160632 -0.111063 0.235047 -0.126037 13.5532 0.235088 -0.12529 -0.00232091 0.402109 0.00263221 0.198704 -0.00228225 -0.440734 -0.558378 -0.293954 0.142998 0.161394 0.111142 0.252431 -0.235402 0.0399429 0.0645136 0.038387 -0.0205971 0.00776129 0.048255 -0.00989695 0.033389 0.079654 -0.103013 0.16288 0.0413733 0.228231 -0.0974338 -0.0367187 0.152272 0.0535757 0.0531772 0.0817951 0.192436 1.38223 0.232696 0.671126 0.0147948 0.0175808 0.139921 -0.0503772 -0.0521715 0.441263 -0.119253 -1.37491 0.148097 0.694801 0.0448064 -0.0987421 -1.39832 0.564451 -0.117421 0.30822 -0.0887334 1.30749 -2.06892 -0.11969 -0.242017 7.06717 9.0734 -0.270117 -0.272803 -9.35314 -12.6782 0.99298 0.771984 1.24837 3.46437 -3.3891 -1.56011 -13.7942 -11.5755 -0.113115 1.07924 0.483382 -0.206535 0.130745 -0.526191 -0.359679 -2.74766e-09 5.36933 1.17623 0.619582 -5.88038 -0.37397 7.59764e-09 1.25189e-09 9.38657e-10 0.346059 0.351903 -0.243208 -1.8489 1.12228 -2.64851 0.404304 -0.908824 -0.465948 -1.32419e-10 -0.66266 0.626931 0.83809 0.317773 0.255182 0.142809 -0.776135 0.241762 0.872986 13.5246 0.164748 -0.019457 1.34312
128 12.0815 -0.0593048 -0.122336 -0.0803626 0.242477 -0.122624 13.5942 0.0799568 -0.123068 -0.0457556 0.675454 0.30897 0.178605 -0.0167737 -0.443879 -0.614627 -0.283486 0.146296 0.115549 0.165202 0.187098 -0.259781 -0.0113156 0.00857423 0.0230505 -0.0323067 0.00753599 0.0227194 -0.0115699 0.0223907 0.0546813 -0.103383 0.213168 0.0503901 0.234819 -0.165358 -0.0517175 0.152295 0.0527014 0.0531103 0.141116 0.227907 1.36136 0.189427 0.703057 -0.0211199 0.0441871 0.150894 -0.0511362 -0.0519449 0.413633 -0.161728 -1.33958 0.135347 0.697239 0.0574675 -0.0520545 0.201706 1.76054 0.773035 0.369477 0.134748 1.18841 -3.84694 -0.0995709 -0.581284 5.80471 11.7741 -0.296923 0.501743 1.58706 -4.39498e-08 1.10879 0.100621 -1.40964 0.174762 -1.32368 -1.37734 1.03746 0.00111702 0.00150751 -0.2629 -0.12848 -0.530112 -0.109997 -0.299425 -0.666637 -1.44175e-09 2.16867 5.4933e-10 0.297974 -2.42211 0.402766 4.14528e-09 3.65884e-10 1.89921e-10 0.223703 -1.35643 -0.0478467 0.332676 1.56767 -0.405598 0.723383 -0.105295 -5.20875e-10 -2.89699e-10 -0.090252 -0.894455 1.20795 0.244968 0.993794 0.79401 0.497598 0.246552 0.877007 13.5678 0.146055 0.191687 1.25725
129 12.1148 -0.0578684 -0.103457 -0.0455556 0.24956 -0.114604 13.6319 -0.0646959 -0.0872205 -0.0786621 0.858075 0.526437 0.0310322 0.0488355 -0.0663619 -0.361074 -0.185749 0.173688 0.0601901 0.0689422 0.183918 -0.295426 0.00248234 0.00868219 0.0231977 -0.00518397 0.0359084 -0.0172914 -0.0488656 0.000349237 0.0473346 -0.100481 0.109222 0.0556207 0.246951 -0.0777021 -0.0533463 0.152345 0.0507763 0.0529629 0.173725 0.225412 1.35395 0.147605 0.702297 -0.00029299 0.0857223 0.145388 -0.0516032 -0.0521088 0.314175 -0.154902 -1.33297 0.0791157 0.693985 0.0429943 -0.0664554 0.0487226 0.677517 0.548644 0.277915 0.183732 1.07785 -4.0645 0.808203 0.0347423 3.89976 3.75974 -5.25651 3.66092 11.3061 7.02671 3.24423 0.678945 -0.745994 -3.4246 0.26314 -1.183 0.323145 0.00666692 0.00715877 1.00554 0.489271 -0.622912 -1.13855 -0.650542 -0.250677 -1.96051e-09 -1.15661 6.67247e-10 0.216662 0.941977 0.260478 6.59037e-09 4.49083e-10 3.13782e-10 0.385057 -0.902321 0.00112227 -0.255053 5.16974e-10 -0.0849121 0.579476 -0.321989 -1.1496e-09 -2.34818e-10 -0.128067 -1.04038 0.650068 -1.02334 -0.269076 -0.435775 -0.606037 0.250943 0.884802 13.6081 0.125269 0.226471 1.18968
130 12.1482 -0.0482498 -0.0802855 -0.0842859 0.251 -0.104714 13.6681 -0.167316 -0.065947 -0.0123779 0.868034 0.559287 -0.268562 0.175857 -0.469632 -0.513414 -0.112319 0.202913 0.0915652 -0.00945505 0.172862 -0.349898 0.00194203 0.0108895 0.0260368 -0.00592063 0.035816 0.00915481 -0.0532601 -0.00969032 0.0534135 -0.100193 0.0992261 0.0561179 0.238679 -0.0734887 -0.0363832 0.152348 0.0506565 0.0529538 0.24846 0.272513 1.33958 0.0883593 0.665727 -0.0271047 0.00384759 0.144189 -0.0461157 -0.0517458 0.342438 -0.159024 -1.31002 0.209595 0.703979 0.0232246 -0.00103295 0.103423 0.555916 -1.34248 0.0741137 0.224925 1.08342 -2.66817 0.210907 2.11446 -0.472241 -7.25182 -4.0685 9.40078 4.90524 -0.712176 2.01446 0.411112 1.49689 -2.07392 -0.403954 -1.11299 0.0427047 0.00964832 -8.66905e-05 0.0193121 0.0813118 0.749881 -0.0949678 -0.15742 0.377077 -1.45046e-09 -1.57212 5.18664e-10 -0.305988 1.51688 0.385121 5.37419e-09 4.70002e-10 2.09256e-10 0.645706 -0.556804 0.150657 -0.811263 1.07614 -2.02044 -0.373978 0.0302397 0.71493 -6.14822e-11 -1.96055 -1.16086 0.353588 0.946218 -0.134308 -3.13348 2.67876 0.254204 0.893394 13.6473 0.0854708 0.232575 1.16317
131 12.1815 -0.0259513 -0.0581637 -0.0826515 0.254587 -0.100435 13.7048 -0.266756 -0.0845279 -0.0124664 0.878406 0.559435 -0.223719 0.0146042 -0.309189 -0.617785 -0.0409461 0.216647 0.0726168 -0.102704 0.160997 -0.356484 0.00717672 0.0481069 0.0575541 -0.0102526 0.053636 0.0069372 -0.0797174 -0.00615446 0.0360276 -0.102081 0.0680254 0.0578005 0.235829 -0.0324248 0.000562737 0.153551 -0.0100423 0.0254868 0.146874 0.210851 1.41281 0.0239689 0.707483 -0.0216688 0.133215 0.161377 -0.0320127 -0.0503817 0.28188 -0.249913 -1.27936 0.132397 0.647295 -0.0733944 -0.120147 0.792301 1.92074 0.233107 0.178155 0.0187006 1.09393 -2.2475 -0.697454 -0.290933 0.58843 -0.726163 1.26437 -0.209652 2.57501 -1.88665e-07 0.643199 0.230324 -0.589606 -2.5771e-09 -1.39469 -1.4937 -1.12839 -1.53567 -0.0175552 -0.0190509 0.0919572 -0.423688 -1.2011 0.0390764 -0.407758 -1.83354e-09 0.344056 7.54921e-10 -0.17235 0.0740685 1.09957 8.06795e-09 -2.21558 -1.26948 1.78909 -0.885322 2.32497 0.426534 5.82175e-10 1.23804 1.56926 3.45903e-09 -1.66933 -0.213988 -0.341947 -0.895213 1.09223 -0.958598 -1.65963 0.322594 -2.49684 0.257334 0.897539 13.6852 0.111573 0.0437826 1.11877
132 12.2148 -0.000413756 -0.0662652 -0.0768136 0.25732 -0.0991815 13.7384 -0.370117 -0.0200984 0.00386795 0.880948 0.359149 -0.33642 0.0709617 -0.32068 -0.486708 -0.0214046 0.20864 0.063524 -0.102704 0.120417 -0.323487 -0.00455448 0.0333088 0.0575327 -0.00167448 0.0973261 0.00844917 -0.109325 -0.0352165 0.00705062 -0.105573 -0.0339547 0.0513186 0.216116 0.0674748 0.0254674 0.130412 -0.0332638 0.0504948 0.345064 0.264639 1.38569 0.0970141 0.70616 -0.0160223 0.0353927 0.100606 -0.0287069 -0.0528211 0.285224 -0.124167 -1.28161 0.299967 0.691778 -0.0672793 -0.0935081 0.654293 -1.17374 0.183272 0.133192 0.0328482 0.949848 -3.4276 2.14764 1.06148 -0.596843 -4.56808 -3.27727 3.93624 -0.586016 3.19975 0.783967 -0.628796 -0.14909 -1.36154e-09 -1.26985 1.86277 0.254865 0.00216642 0.00815018 0.365436 0.981581 0.0469861 -0.634586 -0.497212 -0.795272 -1.69936e-09 -0.97549 -0.267499 -0.638429 0.921618 0.589451 -1.94372 -0.277151 2.13242 1.15291 -2.52179 -0.70913 0.145097 -0.0577489 -0.435434 -1.43866 3.88463 2.17539 -2.06369e-10 -3.6504 -5.09777 1.02168 0.987128 -1.67544 -3.83509 1.45312 0.261101 0.898714 13.7231 0.111429 0.0144929 1.14485
133 12.2482 0.0119064 -0.0896524 -0.0701353 0.261331 -0.0990753 13.7707 -0.447627 -0.00523692 0.00951375 0.775581 0.205514 -0.395251 0.100244 -0.337477 -0.450519 0.0110935 0.197554 0.0524623 -0.102704 0.0783323 -0.287732 0.00331916 0.0327109 0.0568498 -0.0142148 0.102739 0.00901472 -0.0869513 -0.0415205 -0.00397928 -0.108822 0.0963721 0.050715 0.199996 -0.0645578 0.0211668 0.159105 0.0121174 0.0542483 0.304347 0.218571 1.39739 0.156967 0.690613 0.000647418 0.0753121 0.153597 0.00314524 -0.0500718 0.213499 -0.178057 -1.28668 0.357661 0.604626 -0.0664008 -0.0268938 0.238647 -0.671345 0.321119 0.224784 0.000365974 0.911204 -2.08167 0.00115523 -0.0757385 -3.98738 -2.26905 1.98227 -0.381221 -3.05742 -0.0184845 1.12509 -0.390826 -0.405974 -1.75382e-09 -1.08007 1.08565 0.419319 -0.0773564 -0.102477 -0.133781 0.00640546 -0.013992 0.766815 0.00623765 -0.362436 -3.56476e-09 1.82767 1.09762e-09 -0.320832 -1.72707 0.283452 5.5639e-09 0.608761 1.73405e-10 -0.234666 0.0956779 0.252599 0.0502238 -1.276 1.59992 1.05789 2.89915e-09 0.722354 -1.44967e-10 -0.0493958 -1.67085 -0.134414 -0.0450179 -1.77351 0.015242 0.74586 0.264687 0.898625 13.761 0.101539 -0.0237874 1.12558
134 12.2815 0.0368971 -0.101431 -0.0689765 0.265474 -0.0995131 13.7994 -0.507435 -0.00492477 0.021503 0.559832 0.159249 -0.366191 0.0870464 -0.4066 -0.444239 0.0232733 0.171576 0.0448121 -0.102704 0.0460428 -0.249318 0.012758 0.03008 0.0533347 -0.0241716 0.10041 0.0168864 -0.0728718 -0.0405196 -0.0125736 -0.109644 0.129968 0.0499519 0.178947 -0.0948452 0.0188127 0.158512 0.0338171 0.0559778 0.327745 0.212356 1.4018 0.19373 0.670158 0.00260032 0.111119 0.153115 -0.0158871 -0.0515348 0.1725 -0.180384 -1.30458 0.38171 0.587809 -0.0281663 -0.00693406 0.712534 -0.200567 0.0954232 0.209172 0.0105653 0.794104 -1.74755 -0.18482 0.225358 -6.58429 0.0180375 3.90599 -1.81111 -5.95306 -0.618216 0.345646 -0.712721 -0.304798 -2.05486e-09 -0.791675 0.953168 0.38249 -0.122803 -0.165901 -0.000396597 -0.039302 0.210215 0.299392 -0.00999803 -0.31961 -3.21564e-09 0.47329 3.92516e-10 -0.587626 -0.314838 -0.0221729 5.02882e-09 0.432226 2.37439e-10 0.285561 0.0988329 0.276824 0.068574 -0.75353 0.394632 0.209784 3.62745e-09 -0.774116 -1.49324e-10 -0.189523 -1.05217 -0.177703 -0.0499045 -0.257107 0.323977 0.213677 0.267866 0.897772 13.7979 0.088096 -0.0253073 1.09272
135 12.3148 0.0427376 -0.0678722 -0.0603182 0.269511 -0.101101 13.8293 -0.47201 -0.013895 0.0135856 0.215522 0.175814 -0.290565 0.0708277 -0.456198 -0.431521 0.0522091 0.144716 0.0307439 -0.102704 0.021066 -0.255577 0.0216092 0.0221821 0.110559 -0.0126618 0.0798422 0.0142787 -0.0592954 -0.0432506 -0.0177622 -0.109992 0.142037 0.0482353 0.155767 -0.115204 0.0181355 0.158214 0.0445513 0.0568317 0.354309 0.218025 1.40942 0.208108 0.64242 -0.0123799 0.120057 0.152152 -0.0527698 -0.0543614 0.13069 -0.174531 -1.32399 0.420216 0.621223 -0.00666405 -0.0165624 0.365147 1.1258 0.321207 0.199499 -0.0748112 0.897642 0.695722 -0.206644 -0.480325 -9.16343 0.839891 4.06958 -1.04022 -5.05335 -0.324301 0.716595 -0.757891 -0.442362 -1.35299e-09 -1.31563 -0.355837 0.363821 0.285172 0.367882 0.169095 -0.415689 -0.0373176 0.256978 -0.124932 -0.30898 -1.70263e-09 0.57273 0.256592 -0.706779 -0.881562 -0.323056 4.63231e-09 0.237431 2.74155e-10 0.68887 -0.346341 0.376323 0.15702 -0.756861 -0.0159229 0.259425 2.8794e-09 -2.18703e-10 -2.8663e-11 -0.828 -1.59626 -0.672763 0.340044 0.888821 -0.237373 -0.331406 0.270744 0.895697 13.8337 0.0862144 -0.107565 1.05869
136 12.3482 0.0277244 -0.0133108 -0.0412912 0.27359 -0.107 13.8619 -0.424956 -0.0600527 -0.00895582 -0.00661122 0.181034 -0.0620864 0.0558657 -0.327888 -0.34319 0.107596 0.143951 0.0111847 -0.102704 -0.032843 -0.309383 0.0233886 0.0974781 0.127789 0.0303297 0.0556033 0.00338599 -0.0680039 -0.0423263 -0.0238044 -0.11091 0.102458 0.0221486 0.140917 -0.0883232 0.0480628 0.15047 0.0514046 0.0575696 0.425976 0.236972 1.41905 0.204595 0.629084 0.00146584 0.0512372 0.152152 -0.0527698 -0.0543614 0.0569616 -0.154181 -1.37453 0.478658 0.66607 -0.0334503 -0.0258387 -0.356609 1.90832 0.728219 0.151742 -0.136701 1.03421 0.857423 -1.55975 -1.19085 -4.05409 -0.388048 7.74629 -2.08222 4.22226 2.64371 1.61622 0.0505502 -0.581678 -1.1997e-09 -1.23031 -2.00067 0.218303 0.00213799 0.000675513 0.825313 -0.63378 -0.283427 -0.158103 0.115087 -0.401161 -1.33413e-09 -0.696362 -0.384219 -0.4179 0.311292 0.101987 1.32547e-09 5.73417e-10 3.92249e-10 0.794558 -0.615751 0.91729 0.0496185 0.00345687 -0.704283 -1.21658 3.52061e-09 -2.83521e-10 -2.44879e-10 0.0440712 -1.13261 -1.02916 0.438701 -1.06011 -1.82844 1.79507 0.27341 0.890662 13.8684 0.082788 -0.141098 1.03293
137 12.3815 0.0259027 0.0274424 -0.0281811 0.276235 -0.111222 13.8966 -0.43971 -0.0797416 -0.0100967 -0.0266358 0.0962465 -0.00959139 0.0543141 -0.341888 -0.34275 0.15129 0.127425 0.00096269 -0.102704 -0.0612249 -0.333453 0.0282756 0.0856143 0.11159 0.0246467 0.0360125 -0.00324859 -0.0473454 -0.050218 -0.0264737 -0.110649 0.0501725 0.0175271 0.132335 -0.0500233 0.046412 0.15047 0.0514046 0.0575696 0.392901 0.214673 1.43566 0.187319 0.654177 -0.0137433 0.103345 0.152152 -0.0527698 -0.0543614 0.107534 -0.20758 -1.37776 0.518056 0.639146 -0.0910681 0.00496578 -0.141155 0.970997 0.354626 0.0353682 -0.0459138 1.06173 -0.413618 -0.414405 0.210496 0.448489 -2.10389 0.475821 -0.220192 2.24959 1.43712 1.38403 -0.625054 -0.127633 -9.3064e-10 -0.0770797 -0.350519 0.284505 -1.0268 -1.39877 -0.15554 -0.690666 -0.230514 0.613518 -0.236865 -0.0240289 -1.33563e-09 -0.518877 -0.0486291 -0.27245 0.00710678 -0.230133 9.68707e-09 2.00395e-10 7.81534e-10 -0.366963 0.0460196 -0.0107743 0.056145 0.44176 -0.179084 0.681259 7.39684e-09 -5.14796e-10 -7.65917e-10 1.46445 -0.335619 -0.133409 0.390522 -0.325491 -1.36437 0.263602 0.276054 0.887604 13.9027 0.0823848 -0.047526 1.01945
138 12.4148 0.0153874 0.0624388 -0.0132829 0.278595 -0.111181 13.9334 -0.441236 -0.0962479 -0.00364674 0.0158915 0.0710654 0.0233985 0.0146622 -0.274537 -0.325782 0.202647 0.11064 -0.00924833 -0.102337 -0.0270744 -0.350587 0.0446095 0.0166695 0.0176947 0.0236533 0.0154412 -0.00979272 -0.0298233 -0.0593898 -0.0272889 -0.110481 0.0102141 0.0103236 0.13033 -0.0160607 0.0427714 0.150495 0.0505026 0.0575013 0.396303 0.21049 1.42704 0.197305 0.652275 -0.0239933 0.0816879 0.152152 -0.0527698 -0.0543614 0.127065 -0.24847 -1.3769 0.509019 0.654957 -0.0863617 -0.0150339 -0.205033 1.14263 0.3845 0.00528712 0.0831643 1.14444 0.207919 -0.654752 0.011943 1.74258 0.24272 3.55226 -6.19659 3.69219 -0.113217 1.3368 -0.431685 -0.113264 0.0940169 1.9301 -0.706389 0.307942 -2.85372 -3.88578 -0.272973 -0.637083 -0.0894423 0.480065 -0.258478 -0.0407305 -1.78337e-09 -0.728463 -0.255619 -0.0777321 0.593706 -0.136695 7.13722e-09 -0.113106 6.88656e-10 0.179714 -0.193797 -0.444684 0.0157685 -0.34124 -0.180092 -0.37128 9.90794e-09 -1.09617e-09 -1.01305e-09 0.544681 -0.411329 -0.0971592 -0.393293 1.46798 0.71756 -0.616818 0.278576 0.888168 13.9366 0.0685017 0.0691508 1.01398
139 12.4482 0.0106105 0.0750241 -0.0137533 0.280685 -0.107426 13.9712 -0.442373 -0.126893 0.0178219 0.0878718 0.111641 0.270502 -0.0125044 -0.452887 -0.436349 0.225128 0.102392 -0.00542884 -0.0650715 0.0506063 -0.344309 0.0580118 -0.142417 -0.175784 0.0212681 0.000482011 0.0049824 -0.0275089 -0.0545031 -0.0299511 -0.110489 -0.00724099 0.000911752 0.135886 0.0111226 0.0437186 0.150497 0.0504473 0.0574971 0.359556 0.170842 1.41235 0.212545 0.660125 -0.0526544 0.109546 0.152152 -0.0527698 -0.0543614 0.0782361 -0.244902 -1.39448 0.437932 0.679163 -0.0837429 -0.0373497 -0.261307 -0.0869985 -0.132973 -0.0640232 0.154478 1.16894 0.419561 -1.21731 0.602326 1.91823 0.839127 9.30874 -1.09992 -0.862275 -0.0122748 0.7379 0.299495 0.528698 0.759572 5.84376 3.37982 -12.3795 -23.6557 -18.0456 -0.0705067 -0.339322 0.343606 0.135749 0.114853 0.109601 -1.82547e-09 -0.88612 -0.340693 0.205034 1.22577 0.0450776 2.32348e-09 3.39975e-11 4.04256e-10 -0.545472 0.036614 -0.802291 0.0254081 -0.239288 -0.232004 0.432457 1.06024e-08 -9.67825e-10 -9.68235e-10 -0.593227 0.137009 0.0584887 -0.682901 0.874174 1.22559 -0.453878 0.280283 0.891913 13.971 0.0479025 0.135664 1.04156
140 12.4815 0.0235653 0.0875193 0.0166535 0.283195 -0.0977394 14.01 -0.424626 -0.136567 0.00731587 0.0952906 0.127489 0.278375 -0.00675007 -0.479201 -0.43654 0.176117 0.110979 -0.0352003 0.0530407 0.200399 -0.35578 0.115939 -0.308063 -0.406063 -0.00953107 -0.00864204 -0.0108388 -0.0165553 -0.0570333 -0.0361694 -0.110357 0.0022289 -0.00811922 0.151881 -0.00201364 0.0332777 0.150655 0.0448199 0.0570713 0.338526 0.212083 1.39854 0.120875 0.618684 -0.0587997 0.0805112 0.152169 -0.0521367 -0.054313 0.0545921 -0.267428 -1.38657 0.318187 0.653647 -0.0357534 -0.0302676 0.35085 -0.0384032 1.1226 -0.00525122 0.450488 1.20707 0.844685 0.0931056 -0.350146 -0.19599 -0.313723 -2.26101 0.943015 2.31766 1.23224 -1.64019 0.412523 -1.43238 3.436 8.02884 -0.227923 1.0831 -7.11503 -9.84029 -0.975417 -0.14257 -0.427855 0.303199 -0.103832 -0.385325 -3.25895e-09 1.14677 -0.0839521 0.413942 -1.26145 -0.453449 1.08563e-09 1.38977 4.01944e-10 0.427801 -0.517025 -0.498096 -0.170997 0.503647 -2.06427 0.222456 6.23312e-09 -1.08917e-09 -8.75118e-10 -0.543364 0.537838 0.220918 -0.992212 1.56988 2.99519 -1.22803 0.281773 0.900515 14.0072 0.0426508 0.385803 1.12544
141 12.5148 0.00790988 0.121797 0.052819 0.285934 -0.0820667 14.0517 -0.346592 -0.14372 -0.0112793 0.0887558 0.123516 0.188784 0.0139697 -0.393574 -0.384201 0.0768653 0.142114 -0.0604936 0.2791 0.548518 -0.374121 0.203047 -0.543299 -0.703531 -0.00647685 -0.0241531 -0.0228896 -0.00961809 -0.0601161 -0.0471518 -0.110498 -0.0180668 -0.0158307 0.158513 0.00766795 0.0181466 0.153266 0.0509137 0.0574561 0.370668 0.203542 1.37378 0.171011 0.686664 -0.0498712 0.0743844 0.152169 -0.0521367 -0.054313 0.105983 -0.300326 -1.35122 0.268041 0.680535 0.0081385 -0.0594905 -0.797925 0.780977 0.81248 -0.0749018 0.465156 1.32128 2.67751 0.0501461 -0.372615 0.420908 -0.162926 -2.37326 0.581965 2.14354 1.45972 -2.8235 1.20582 -0.502054 6.76462 9.86788 -1.49674 -0.489628 -0.554917 -4.30848e-07 0.031471 -0.310327 -0.130642 0.45422 -0.0356152 -0.348735 -1.47613e-09 -1.07518 -0.119884 0.243649 0.782299 -0.64787 1.54617e-09 -0.103329 9.40126e-11 0.501936 -0.40957 -0.533313 0.311727 -0.134063 1.55691 -1.10919 6.38371e-09 -6.63691e-10 -4.76674e-10 0.0593516 1.17122 0.501617 0.236192 1.90534 0.82274 -1.02768 0.283428 0.914747 14.0464 0.0572747 0.424096 1.20517
142 12.5482 -0.0421487 0.170246 0.122095 0.292253 -0.0695989 14.0958 -0.217853 -0.168055 -0.0793444 0.0692688 0.259131 0.196837 -0.0427769 0.0220121 0.079179 -0.0200616 0.172254 -0.114498 0.5083 0.835233 -0.28766 0.107514 -0.24278 -0.339697 0.0222203 -0.0490691 -0.0433605 0.00245964 -0.0535173 -0.0766944 -0.110757 -0.0527031 -0.0474245 0.185464 0.0369383 0.0267963 0.131806 0.0271307 0.0438779 0.405257 0.160699 1.36964 0.259357 0.694998 -0.00223356 0.0827195 0.152125 -0.0537865 -0.0544392 0.139771 -0.36079 -1.31661 0.129178 0.641915 0.0158019 -0.0320884 -1.45033 0.39056 1.32398 0.0200397 0.251049 1.32523 3.00795 -0.0325539 -2.00682 0.0552104 -2.79425 0.0764598 0.00615246 0.82031 1.10787 -2.76562 0.653689 -1.45437 6.52552 3.77652e-08 3.68688 -5.92052 25.6608 24.4873 0.602061 -0.730076 0.0431243 0.342574 0.569428 -0.643566 -2.17587e-09 -2.61181 -1.04187 0.870172 2.6935 0.0784766 -0.72808 -0.648521 -0.66656 0.136094 -0.38077 -0.0274382 0.663153 -0.790634 2.26639 -0.557803 5.71394e-09 -1.22225e-09 -6.73642e-10 0.16479 0.639326 0.207444 -1.27022 1.35086 3.07093 -0.0645266 0.285585 0.926147 14.0882 0.0427479 0.316252 1.24593
143 12.5815 -0.0615014 0.135815 0.141036 0.296277 -0.0576733 14.1379 -0.11253 -0.166148 -0.0929557 0.000213285 0.27529 0.232395 -0.0576917 -0.0162056 0.017033 -0.0959257 0.181906 -0.132881 0.609216 0.415607 -0.100537 -0.0365915 -0.0439828 -0.155619 0.0471175 -0.0437414 -0.0306639 -0.0306245 -0.0443295 -0.0834789 -0.112092 -0.119464 -0.0536288 0.207424 0.114702 0.00984817 0.151035 -0.0056844 0.0501757 0.361545 0.223544 1.3327 0.199268 0.658671 -0.0575212 0.0465719 0.152947 -0.022239 -0.0517986 0.14406 -0.314238 -1.32891 0.0832313 0.700958 0.0153455 -0.0302326 -0.164234 -1.85727 0.333936 -0.0368928 0.257759 1.24776 2.47709 0.223482 -0.330144 -2.35594 1.2056 1.64044 -0.305258 -1.33091 -1.81188 -1.97683 0.286149 -0.669456 0.689903 -13.6421 3.62801 0.894964 4.28685 4.18627 0.299317 0.564578 0.441216 -1.13507 0.28856 -0.206557 -1.81781e-09 -0.711117 -1.47797e-09 0.315748 0.682377 -0.899281 5.80204e-10 -0.266087 4.38565e-10 -1.52233 1.05442 -0.700214 -0.653624 1.37203 -4.35878 0.475584 6.29149e-09 0.921875 -2.78849e-11 0.324517 2.22784 -0.283062 0.321358 1.1914e-09 -0.793256 -0.410877 0.286675 0.93712 14.1277 0.0243772 0.308166 1.14887
144 12.6148 -0.0577624 0.0864797 0.137235 0.2974 -0.0521097 14.1788 -0.0428306 -0.168467 -0.0795326 -0.0430107 0.158839 0.18181 -0.0267891 0.023961 -0.0501794 -0.159083 0.161495 -0.12502 0.573353 0.293941 -0.0283985 -0.0170008 0.0441026 -0.065519 0.0503552 -0.0408118 -0.0176366 -0.0667103 -0.0361344 -0.0708075 -0.111096 -0.0842653 -0.055579 0.213534 0.0910228 0.000221348 0.144013 0.020967 0.0520233 0.338934 0.209773 1.304 0.174046 0.701358 0.0724335 0.0269935 0.151732 -0.00811913 -0.0382153 0.265471 -0.319476 -1.33101 0.0281928 0.662647 -0.0521899 -0.0529943 0.130554 -1.56975 -0.183019 -0.1018 -0.0608708 1.21005 1.63185 0.390835 0.279006 -0.582775 -2.71488 -3.02285 1.6143 1.35373 -2.4389 -1.89794 -0.800457 0.269793 -1.35942 -1.73809 1.39 0.0573794 2.34657 2.49777 -0.122566 0.291768 0.348349 -0.871602 0.064654 0.379702 -4.84279e-10 0.337533 -3.10473e-10 0.00310837 -0.0919835 -0.208139 0.532947 1.00998 5.81759e-11 -0.747966 0.269307 -1.08074 0.237418 -0.0672051 2.27381 -0.766885 -0.629347 -0.683748 0.814541 3.11885 3.48177 -1.53463 -0.00181179 -0.443724 -0.233517 -0.31961 0.287621 0.941859 14.166 0.0248902 -0.0111488 1.1478
145 12.6482 -0.0270092 0.0625781 0.132699 0.296686 -0.0573786 14.2158 -0.00223167 -0.161293 -0.0661184 -0.0888508 0.14538 0.178687 -0.0635588 0.0024051 0.0119353 -0.281525 0.116471 -0.110325 0.553108 0.316545 0.0352538 0.000322774 0.0918587 -0.0236364 0.0342308 -0.0593936 -0.0151745 -0.0976445 -0.00554686 -0.0533205 -0.109214 -0.0151519 -0.0530325 0.197828 0.0317145 -0.0192734 0.151055 0.0144787 0.0514217 0.311187 0.194739 1.28067 0.230982 0.692608 0.112681 0.0712588 0.118181 -0.0107412 -8.09975e-05 0.363382 -0.258815 -1.3797 0.0544986 0.701639 0.0536806 -0.0810017 0.745927 -0.47633 -0.544038 -0.151471 -0.225341 1.04392 1.90135 0.0659317 0.624246 -2.16941 -2.70651 0.327332 -0.0593232 2.08157 2.84328 -3.80434 -1.64735 0.554547 -0.707319 1.37388 2.37668 0.668463 1.84955 1.52218 -0.205687 -0.459758 0.469565 -0.72007 0.74646 0.547208 -2.26044e-09 0.978711 0.420615 -0.497073 -0.752457 -1.00601 1.93462e-09 -0.894878 2.45954e-10 -1.06721 1.13215 -0.521921 -0.0383781 -1.12668 1.18264 0.0707195 -0.539998 0.77966 0.593757 0.926969 1.35215 -1.11886 0.083292 1.02483e-09 1.16779 -1.13349 0.288383 0.937114 14.2041 0.00855481 -0.18085 1.12568
146 12.6815 -0.00744098 0.0265699 0.109957 0.293069 -0.0618722 14.2487 0.026527 -0.161621 -0.036539 -0.103307 0.0794236 0.214327 -0.0643283 0.0322126 0.0529139 -0.388608 0.0879155 -0.0648209 0.478487 0.42375 0.139573 -0.0165442 0.10493 -0.00997848 0.0217732 -0.0561909 -0.0074771 -0.0947948 0.0054367 -0.03067 -0.108186 0.030449 -0.040595 0.183603 -0.0104734 -0.0358546 0.150651 0.029931 0.0516233 0.224197 0.164488 1.29435 0.280654 0.701455 0.0496218 0.0500729 0.116092 -0.0203594 -0.031774 0.438353 -0.156219 -1.33999 0.190302 0.692263 0.0184363 -0.0999593 0.0692221 -0.958529 -0.560368 -0.163429 -0.0467171 0.95559 1.09394 0.0351633 0.620475 -1.02257e-09 -1.13888 0.854531 -0.293521 -0.000194522 0.0133332 -2.60414 -1.41924 0.87333 -2.55243 2.54217 3.13994 -1.2198 1.06402 0.981909 -0.064628 -0.0155766 -0.0611373 0.480151 0.336362 0.633203 -1.87384e-09 2.30912 0.463407 -0.218824 -2.55001 -0.0661741 6.27907e-09 -0.333842 1.20087e-10 -0.848233 2.14705 0.174372 0.128837 4.22072e-10 -0.860959 0.00660025 1.79194 0.672251 -1.24674 -1.14608 -0.472313 1.59762 0.0214681 -0.815169 -2.42221 1.19068 0.288317 0.933463 14.2414 -0.0146038 -0.0231053 1.11367
147 12.7148 -0.0221119 -0.026132 0.0840059 0.288347 -0.0650396 14.2832 0.0837323 -0.151901 -0.00846098 -0.103307 0.0386857 0.255379 -0.0684446 -0.0637349 -0.126209 -0.401159 0.0775942 -0.00752471 0.308099 0.419158 0.234442 0.0195693 0.11659 -0.00421696 0.0278989 -0.0447134 0.000107287 -0.0692251 0.0200575 -0.014558 -0.107567 0.0522461 -0.0329843 0.183623 -0.0137791 -0.0389248 0.150263 0.0505333 0.0530687 0.173549 0.158114 1.31513 0.351093 0.696618 0.0323647 0.00984795 0.162747 -0.0117718 -0.050286 0.439229 -0.171152 -1.32125 0.201536 0.669097 0.0184681 -0.0686045 -0.518616 -1.34168 -0.95017 -0.146758 -0.13807 1.05477 1.86136 0.333481 0.823958 -3.63914e-10 -1.26257 0.993002 -0.320692 -3.78161 -6.60964 -0.24352 -0.63815 1.80052 -4.72922 -1.53904 0.953505 1.88712 0.303093 0.385972 0.215793 0.225978 0.244065 0.652327 0.370267 0.598884 -7.56483e-10 0.0799895 0.134213 0.0122176 0.473647 -0.0440615 2.89408e-09 -0.208788 1.52638e-10 -0.230436 1.76522 0.423461 0.335675 -0.829921 0.964471 -1.04014 2.66736e-09 -0.0349846 -8.403e-11 1.23206 0.841437 -0.576473 0.191116 0.462585 0.480995 -0.103949 0.287798 0.931111 14.2783 -0.0238597 -0.0884248 1.10323
148 12.7482 -0.031415 -0.0717342 0.0581124 0.283747 -0.0696143 14.3203 0.139906 -0.137833 0.0156602 -0.103307 -0.00531203 0.285914 -0.0711698 -0.00881723 -0.146809 -0.367217 0.0555915 0.0460118 0.0790867 0.38551 0.273998 0.0697384 0.12267 0.00365126 0.0247088 -0.0312486 0.00818114 -0.0492753 0.0296433 -0.000822893 -0.106701 0.0837794 -0.0224065 0.182317 -0.0262678 -0.049157 0.150395 0.0454604 0.0526855 0.152181 0.17124 1.34126 0.420125 0.690826 0.0540899 -0.0162216 0.162557 -0.0193305 -0.0509027 0.478279 -0.154785 -1.34129 0.206438 0.70078 0.0317901 -0.0894725 -0.143803 -1.016 -0.805136 -0.0640889 -0.189897 1.11845 1.56268 0.481289 0.589505 -4.5024e-10 -1.32173 0.529033 -0.268549 3.77297 1.57277 0.514474 -0.690625 1.33908 -5.35551 -2.54496 -1.16023 1.57429 0.34398 0.437471 -0.148607 0.243852 0.281496 0.343189 0.281634 0.394075 -9.58695e-10 0.794587 0.460669 -0.0830453 -0.391292 -0.419137 2.84747e-09 -0.496982 1.35646e-10 0.145014 1.23006 0.773094 0.497174 -1.12232 1.50694 -1.20534 2.79563e-09 -0.335463 -2.03939e-10 0.642728 0.708003 -0.934319 -0.0532771 8.99408e-10 0.168839 -0.46728 0.286911 0.927506 14.3149 -0.0352294 -0.122199 1.09494
149 12.7815 -0.0414158 -0.0870315 0.0343494 0.280275 -0.0758471 14.3586 0.200067 -0.132325 0.0356689 -0.103307 -0.0528797 0.295459 -0.0729445 0.0345084 0.0781861 -0.352923 0.0594185 0.0743374 -0.0319448 0.191363 0.19059 0.00376955 0.172105 0.0613984 0.025194 -0.0178522 0.0149316 -0.0378882 0.0288298 0.0135791 -0.105739 0.116874 -0.0104043 0.177958 -0.0577779 -0.0601231 0.150415 0.0446515 0.0526244 0.143753 0.160584 1.37178 0.494257 0.67553 0.0653729 -0.0169017 0.16199 -0.0415215 -0.0527105 0.507775 -0.150032 -1.36786 0.193551 0.70045 0.0193834 -0.0822951 -0.170274 -0.147566 -0.656258 0.0122863 -0.255608 1.15067 1.68919 0.219971 0.423137 -7.96358e-10 -1.41427 -0.0763076 -0.255706 0.00924534 0.00150161 0.00650322 0.269852 0.464994 -1.84125 -5.9573 -4.12905 -2.05179 0.918134 0.923866 -0.189278 0.373248 0.259512 0.324218 -0.0657353 0.357554 -1.19034e-09 0.795123 0.355013 -0.145218 -0.812345 -0.15682 3.62903e-09 -0.561149 1.17137e-10 0.202572 0.851302 0.868404 0.110727 -1.27777 1.40183 -0.515781 1.77531e-09 -0.575775 -3.20548e-10 0.343582 0.224528 -0.858987 -0.0275408 4.19634e-10 0.11942 -0.162155 0.285626 0.922565 14.3513 -0.0435255 -0.174023 1.08573
150 12.8148 -0.0358798 -0.0794034 0.0161053 0.279417 -0.0833253 14.3964 0.242451 -0.0997926 0.0542162 -0.103307 -0.0983546 0.256411 -0.0769682 0.0347846 0.0780522 -0.367413 0.111433 0.0557208 -0.0701219 0.0887281 0.0199772 0.0471839 0.199231 0.0941112 0.0259757 0.00922369 0.025744 -0.0512289 0.00984265 0.0240661 -0.105041 0.0940953 0.00555305 0.187584 -0.0528705 -0.0862833 0.150776 0.0305643 0.0515591 0.212932 0.208845 1.37044 0.539281 0.658254 0.0629902 0.0173217 0.16226 -0.0310096 -0.0518546 0.524001 -0.170978 -1.38451 0.196475 0.701998 0.0294874 -0.0672009 0.160685 0.497838 -0.459815 0.0870418 -0.282068 1.11536 1.28921 1.12772 0.327332 -8.98566e-10 -1.22564 -1.59898 -0.403342 -0.0173099 -0.0422503 -0.236781 1.815 -0.798304 -0.679792 -1.70135 -4.27767 1.31125 0.680513 0.942677 0.143999 0.827397 0.259251 -0.523359 -0.497646 0.310155 -1.87522e-09 -0.625634 0.450813 0.246652 0.00990801 -0.781834 4.94839e-09 -0.285911 2.96715e-10 1.07763 -0.0588376 0.458392 0.446811 0.0283894 0.915596 0.674908 5.40325e-09 0.580903 -5.30819e-10 0.0575459 -0.623004 -0.172685 0.205655 3.21227e-10 0.0782595 0.368131 0.284007 0.916022 14.3871 -0.0514067 -0.221896 1.06218
151 12.8482 -0.0229215 -0.05915 0.00699667 0.278997 -0.0912282 14.434 0.275827 -0.0747278 0.06739 -0.103073 -0.136668 0.212057 -0.0834569 0.130905 0.0685724 -0.392621 0.134042 0.0190143 -0.0482766 0.0463834 -0.0945761 0.0386747 0.204231 0.10693 0.00553671 0.0115232 0.0255167 -0.0453068 0.00781537 0.0322895 -0.10475 0.100341 0.0121004 0.189811 -0.0834945 -0.0900128 0.150213 0.0524496 0.0532134 0.161957 0.184506 1.40823 0.489207 0.669493 0.0908105 0.0117348 0.16256 -0.0192112 -0.050893 0.463863 -0.147508 -1.39813 0.207372 0.681081 0.00786743 -0.0650639 0.476324 0.422893 -0.2876 0.0473527 -0.258251 1.13094 0.916448 0.650231 0.270671 0.0233132 -0.763922 -1.04522 -0.371542 -0.48971 -0.665012 -0.554239 0.912655 -0.855413 0.847592 -0.884212 -3.10025 -0.629523 0.0815635 0.185171 -0.725434 0.260454 -0.0113685 0.21374 -0.0697965 0.187639 -1.83216e-09 -0.307049 0.0453311 0.0957302 -0.368478 0.0836369 1.06951e-08 9.16276e-10 9.65026e-10 -0.635138 0.846217 0.688577 -1.45235 0.382294 -2.13824 0.178478 1.15205e-09 0.367642 -5.27563e-10 -0.206329 -0.74281 0.180547 0.0691671 -0.984427 -0.699862 0.565707 0.282361 0.908642 14.4225 -0.0463726 -0.218769 1.06028
152 12.8815 -0.0246709 -0.0707567 -0.00786947 0.277721 -0.0963288 14.4724 0.27687 -0.0671924 0.0769919 -0.0188653 -0.16331 0.21174 -0.094493 0.0797434 -0.0010115 -0.388352 0.150687 0.00657703 6.58522e-05 0.165044 -0.181238 0.0831435 0.190942 0.0943053 -7.9494e-06 0.0183265 0.0298626 -0.0343798 0.0189311 0.0365383 -0.104588 0.0821321 0.0128834 0.192043 -0.0715464 -0.078118 0.150213 0.0524496 0.0532134 0.111693 0.204172 1.42862 0.40983 0.696588 0.0455235 0.0161992 0.162796 -0.00987495 -0.0513869 0.410488 -0.165143 -1.4039 0.169324 0.646545 0.022648 -0.058985 -0.248787 -0.417606 -0.505282 0.0309241 -0.115395 1.21304 -0.0347612 -0.0781347 0.299607 3.02083 0.335877 0.369598 -0.41602 -2.77161 -3.77218 0.694749 0.436544 -0.0701228 1.47499 3.3456 -2.09193 1.1668 -0.0442644 -0.0842308 -0.265994 0.139937 0.0844883 0.546092 0.327623 0.198221 -2.05568e-09 -0.783147 -0.144179 0.082147 0.639167 0.442151 1.03941e-08 1.33585e-09 1.08535e-09 -0.193578 0.370935 0.094772 -0.390183 2.1083 -1.40871 1.12632 3.92712e-09 -0.450639 -5.98665e-10 -0.148155 -0.508214 0.163347 -0.0958594 -0.120741 1.03623 -0.365659 0.280722 0.903228 14.4588 -0.0522952 -0.0985177 1.11294
153 12.9148 -0.0270052 -0.0893468 -0.0346349 0.275105 -0.0961695 14.5136 0.235524 -0.101102 0.0865544 0.138868 -0.0827026 0.268555 -0.111529 -0.147117 -0.25708 -0.362489 0.156407 0.0123781 0.0417661 0.276046 -0.216522 0.138353 0.189699 0.0869064 -0.0129625 0.0197957 0.037234 -0.0211918 0.0280184 0.0457029 -0.104245 0.0345302 0.0146311 0.19876 -0.0232479 -0.0582458 0.150213 0.0524496 0.0532134 0.102864 0.231534 1.42367 0.343785 0.700637 0.0343472 0.0174015 0.162292 -0.029331 -0.0529736 0.383915 -0.176724 -1.40671 0.128745 0.630308 0.0483664 -0.0779158 -0.134184 -0.298464 -0.767051 0.0315302 0.0226518 1.29592 -1.35776 -1.06587 0.364893 4.83013 2.82212 1.61392 1.02674 -5.68755 -6.13737 1.04245 -0.172355 0.113309 1.01129 3.00564 -0.0906747 0.78513 -0.0658032 -0.277665 -0.482304 -0.11291 0.125121 0.434462 0.291431 0.263943 -2.43161e-09 -1.19396 0.0405432 0.15094 1.17693 0.341644 9.69523e-09 9.30389e-10 9.00041e-10 0.036311 -0.240006 -0.191696 -0.333468 5.1808e-10 -1.19996 0.428571 2.75404e-09 -1.32865 -4.44173e-10 0.300401 0.204395 0.153707 -0.0406742 -0.158273 0.856919 -0.708552 0.278629 0.902541 14.4974 -0.0709597 0.035285 1.19087
154 12.9482 -0.0445489 -0.120401 -0.0713431 0.271689 -0.0930854 14.5567 0.140887 -0.137878 0.095834 0.385775 0.181462 0.307976 -0.119639 -0.518686 -0.599577 -0.305357 0.158353 0.0308849 0.0790916 0.31808 -0.195542 0.178082 0.197395 0.0878122 -0.0084858 0.0217012 0.0485259 -0.0100066 0.0355421 0.0555613 -0.104063 0.0401062 0.0289063 0.209448 -0.0248119 -0.0487026 0.150223 0.0520619 0.0531841 0.0860458 0.268336 1.41156 0.239625 0.684654 0.00548838 0.0332775 0.161723 -0.0508505 -0.0547249 0.410064 -0.192452 -1.3963 0.137931 0.645648 0.0575278 -0.0813372 -0.578991 -0.651642 -0.627286 0.0820522 -0.0129991 1.33835 -3.07087 -0.804131 0.0123657 6.93819 9.78992 1.35886 2.70036 -12.5157 -13.0256 1.81253 -0.252101 -0.000173676 1.22445 0.86643 1.43873 0.259955 -0.0266055 -0.169112 -0.0924899 -0.0053474 -0.0676688 0.579943 0.20311 0.17547 -2.14023e-09 0.229596 0.306373 0.348025 -0.139289 0.378099 7.9372e-09 7.66613e-10 5.16188e-10 -0.421938 -0.175964 -0.266892 -0.427816 1.61294 -2.34839 1.26595 1.2512e-09 -3.18696e-10 -1.1139e-10 -0.0616546 -0.218282 0.461182 0.248871 0.949324 0.117056 -0.589033 0.275844 0.904636 14.5393 -0.0937024 0.0288974 1.29288
155 12.9815 -0.0712649 -0.164343 -0.103636 0.268383 -0.0964156 14.601 0.019973 -0.151845 0.100159 0.668933 0.461922 0.254735 -0.0789956 -0.529428 -0.606122 -0.211412 0.159465 0.0445477 0.0699467 0.370131 -0.130059 0.171225 0.0894593 -0.0299014 0.00159964 0.0312278 0.057366 0.00610115 0.0442636 0.0590843 -0.103981 0.0656865 0.0508456 0.221548 -0.044403 -0.0481844 0.150252 0.0509512 0.0531002 0.0908897 0.30732 1.39067 0.150505 0.682757 -0.0151129 0.0294921 0.161745 -0.050035 -0.0546587 0.420918 -0.186353 -1.37644 0.182457 0.665998 0.0229394 -0.0686819 -0.701732 -0.727714 -0.972123 0.131618 -0.335618 1.32922 -3.04902 -0.396353 0.6516 6.60167 6.77928 -2.98001 3.29303 3.42328 2.21828 2.61174 -0.62633 0.524427 -0.47255 1.94658 5.46167 -2.02848 -17.8357 -18.9207 0.012307 0.126559 0.206 0.565598 0.236383 0.20723 -1.48473e-09 0.948887 9.04135e-10 0.425196 -0.725201 1.04542 7.40894e-09 3.63474e-10 2.59165e-10 -0.444117 -0.613036 -0.400902 -0.148475 1.21067 -1.68748 0.398677 6.76253e-10 -7.68532e-11 -8.62856e-11 0.0490968 -0.170376 0.764524 -0.0153109 -0.375551 -1.77015 0.571105 0.272748 0.901347 14.5827 -0.0931692 -0.229423 1.31159
156 13.0148 -0.0789767 -0.170765 -0.132064 0.263805 -0.101029 14.6442 -0.082053 -0.146047 0.12514 0.803619 0.751958 0.0686109 0.0921331 -0.511901 -0.588739 -0.122284 0.155867 0.0706116 0.044094 0.211913 -0.0303108 0.0673504 -0.0241423 -0.00959679 0.00104542 0.0475738 0.0558769 0.00389872 0.0422417 0.0680309 -0.105835 0.146296 0.0515452 0.227839 -0.112324 -0.0244926 0.150208 0.052673 0.0532302 0.227645 0.383816 1.3372 0.0904532 0.644186 -0.0124338 -0.00800883 0.134145 -0.0499582 -0.0553849 0.411138 -0.145494 -1.35628 0.225167 0.676002 0.0396845 -0.076107 0.00941347 1.00377 -0.190107 0.131 -0.0589974 1.1938 -2.6639 0.573854 0.704011 1.4696 -1.05256 -5.55825 9.73274 2.97474 -2.34135 2.45373 0.129542 0.222041 -1.62408 -3.47926 -1.08135 0.160626 2.26369 3.083 0.100374 0.382841 -0.292725 -0.521374 -0.0243648 -0.130074 -1.94818e-09 5.29757 1.92113e-09 0.208367 -4.74821 1.51514 8.66846e-09 5.7587e-10 7.09421e-10 0.784302 -1.48446 -0.0683527 -0.978857 0.251126 -1.44551 0.33686 -1.70173 -3.22346e-10 -5.22368e-10 -0.139181 0.486441 0.6586 -0.175399 -0.660074 0.56469 -0.0233742 0.270617 0.896508 14.625 -0.0405204 0.0108291 1.20211
