# Kinematics Data (Joint Angles, Velocities, COM, Muscle Activations)
# Total frames: 215
# Control Hz: 30
# Time step: 0.0333333 seconds
# Number of DOFs: 56
# Number of Muscles: 304
# DOF names: Pelvis_rot_x, Pelvis_rot_y, Pelvis_rot_z, Pelvis_pos_x, Pelvis_pos_y, Pelvis_pos_z, FemurR_x, FemurR_y, FemurR_z, TibiaR, TalusR_x, TalusR_y, TalusR_z, FootPinkyR, FootThumbR, FemurL_x, FemurL_y, FemurL_z, TibiaL, TalusL_x, TalusL_y, TalusL_z, FootPinkyL, FootThumbL, Spine_x, Spine_y, Spine_z, Torso_x, Torso_y, Torso_z, Neck_x, Neck_y, Neck_z, Head_x, Head_y, Head_z, ShoulderR_x, ShoulderR_y, ShoulderR_z, ArmR_x, ArmR_y, ArmR_z, ForeArmR, HandR_x, HandR_y, HandR_z, ShoulderL_x, ShoulderL_y, ShoulderL_z, ArmL_x, ArmL_y, ArmL_z, ForeArmL, HandL_x, HandL_y, HandL_z
# Muscle names: L_ab1, R_ab1, L_ab2, R_ab2, L_ab3, R_ab3, L_ab4, R_ab4, L_ab5, R_ab5, L_Internal_Oblique, R_Internal_Oblique, L_Internal_Oblique1, R_Internal_Oblique1, L_Internal_Oblique2, R_Internal_Oblique2, L_Abductor_Pollicis_Longus, R_Abductor_Pollicis_Longus, L_Adductor_Brevis, R_Adductor_Brevis, L_Adductor_Brevis1, R_Adductor_Brevis1, L_Adductor_Longus, R_Adductor_Longus, L_Adductor_Longus1, R_Adductor_Longus1, L_Adductor_Magnus, R_Adductor_Magnus, L_Adductor_Magnus1, R_Adductor_Magnus1, L_Adductor_Magnus2, R_Adductor_Magnus2, L_Adductor_Magnus3, R_Adductor_Magnus3, L_Adductor_Magnus4, R_Adductor_Magnus4, L_Anconeous, R_Anconeous, L_Bicep_Brachii_Long_Head, R_Bicep_Brachii_Long_Head, L_Bicep_Brachii_Short_Head, R_Bicep_Brachii_Short_Head, L_Bicep_Femoris_Longus, R_Bicep_Femoris_Longus, L_Bicep_Femoris_Short, R_Bicep_Femoris_Short, L_Bicep_Femoris_Short1, R_Bicep_Femoris_Short1, L_Brachialis, R_Brachialis, L_Brachioradialis, R_Brachioradialis, L_Coracobrachialis, R_Coracobrachialis, L_Deltoid, R_Deltoid, L_Deltoid1, R_Deltoid1, L_Deltoid2, R_Deltoid2, L_Extensor_Carpi_Radialis_Longus, R_Extensor_Carpi_Radialis_Longus, L_Extensor_Carpi_Ulnaris, R_Extensor_Carpi_Ulnaris, L_Extensor_Digiti_Minimi, R_Extensor_Digiti_Minimi, L_Extensor_Digitorum_Longus, R_Extensor_Digitorum_Longus, L_Extensor_Digitorum_Longus1, R_Extensor_Digitorum_Longus1, L_Extensor_Digitorum_Longus2, R_Extensor_Digitorum_Longus2, L_Extensor_Digitorum_Longus3, R_Extensor_Digitorum_Longus3, L_Extensor_Digitorum1, R_Extensor_Digitorum1, L_Extensor_Hallucis_Longus, R_Extensor_Hallucis_Longus, L_Extensor_Pollicis_Brevis, R_Extensor_Pollicis_Brevis, L_Extensor_Pollicis_Longus, R_Extensor_Pollicis_Longus, L_Flexor_Carpi_Radialis, R_Flexor_Carpi_Radialis, L_Flexor_Carpi_Ulnaris, R_Flexor_Carpi_Ulnaris, L_Flexor_Digiti_Minimi_Brevis_Foot, R_Flexor_Digiti_Minimi_Brevis_Foot, L_Flexor_Digitorum_Longus, R_Flexor_Digitorum_Longus, L_Flexor_Digitorum_Longus1, R_Flexor_Digitorum_Longus1, L_Flexor_Digitorum_Longus2, R_Flexor_Digitorum_Longus2, L_Flexor_Digitorum_Longus3, R_Flexor_Digitorum_Longus3, L_Flexor_Digitorum_Profundus2, R_Flexor_Digitorum_Profundus2, L_Flexor_Hallucis, R_Flexor_Hallucis, L_Flexor_Hallucis1, R_Flexor_Hallucis1, L_Flexor_Pollicis_Longus, R_Flexor_Pollicis_Longus, L_Gastrocnemius_Lateral_Head, R_Gastrocnemius_Lateral_Head, L_Gastrocnemius_Medial_Head, R_Gastrocnemius_Medial_Head, L_Gluteus_Maximus, R_Gluteus_Maximus, L_Gluteus_Maximus1, R_Gluteus_Maximus1, L_Gluteus_Maximus2, R_Gluteus_Maximus2, L_Gluteus_Maximus3, R_Gluteus_Maximus3, L_Gluteus_Maximus4, R_Gluteus_Maximus4, L_Gluteus_Medius, R_Gluteus_Medius, L_Gluteus_Medius1, R_Gluteus_Medius1, L_Gluteus_Medius2, R_Gluteus_Medius2, L_Gluteus_Medius3, R_Gluteus_Medius3, L_Gluteus_Minimus, R_Gluteus_Minimus, L_Gluteus_Minimus1, R_Gluteus_Minimus1, L_Gluteus_Minimus2, R_Gluteus_Minimus2, L_Gracilis, R_Gracilis, L_Inferior_Gemellus, R_Inferior_Gemellus, L_Infraspinatus1, R_Infraspinatus1, L_Latissimus_Dorsi, R_Latissimus_Dorsi, L_Latissimus_Dorsi3, R_Latissimus_Dorsi3, L_Latissimus_Dorsi5, R_Latissimus_Dorsi5, L_Longissimus_Capitis3, R_Longissimus_Capitis3, L_Longissimus_Thoracis, R_Longissimus_Thoracis, L_Longus_Capitis2, R_Longus_Capitis2, L_Multifidus, R_Multifidus, L_Obturator_Externus, R_Obturator_Externus, L_Obturator_Internus, R_Obturator_Internus, L_Omohyoid, R_Omohyoid, L_Palmaris_Longus, R_Palmaris_Longus, L_Pectineus, R_Pectineus, L_Pectoralis_Major, R_Pectoralis_Major, L_Pectoralis_Major2, R_Pectoralis_Major2, L_Pectoralis_Minor1, R_Pectoralis_Minor1, L_Peroneus_Brevis, R_Peroneus_Brevis, L_Peroneus_Longus, R_Peroneus_Longus, L_Peroneus_Tertius, R_Peroneus_Tertius, L_Peroneus_Tertius1, R_Peroneus_Tertius1, L_Piriformis, R_Piriformis, L_Piriformis1, R_Piriformis1, L_Plantaris, R_Plantaris, L_Platysma1, R_Platysma1, L_Popliteus, R_Popliteus, L_Psoas_Major, R_Psoas_Major, L_Psoas_Major1, R_Psoas_Major1, L_Psoas_Major2, R_Psoas_Major2, L_Psoas_Minor, R_Psoas_Minor, L_Quadratus_Femoris, R_Quadratus_Femoris, L_Quadratus_Lumborum1, R_Quadratus_Lumborum1, L_Quadratus_Lumborum2, R_Quadratus_Lumborum2, L_Quadratus_Lumborum3, R_Quadratus_Lumborum3, L_Rectus_Femoris, R_Rectus_Femoris, L_Rectus_Femoris1, R_Rectus_Femoris1, L_Rhomboid_Major2, R_Rhomboid_Major2, L_Rhomboid_Minor, R_Rhomboid_Minor, L_Sartorius, R_Sartorius, L_Scalene_Anterior1, R_Scalene_Anterior1, L_Scalene_Middle4, R_Scalene_Middle4, L_Semimembranosus, R_Semimembranosus, L_Semimembranosus1, R_Semimembranosus1, L_Semispinalis_Capitis1, R_Semispinalis_Capitis1, L_Semitendinosus, R_Semitendinosus, L_Serratus_Anterior2, R_Serratus_Anterior2, L_Serratus_Anterior4, R_Serratus_Anterior4, L_Soleus, R_Soleus, L_Soleus1, R_Soleus1, L_Splenius_Capitis1, R_Splenius_Capitis1, L_Splenius_Cervicis, R_Splenius_Cervicis, L_Splenius_Cervicis1, R_Splenius_Cervicis1, L_Sternocleidomastoid1, R_Sternocleidomastoid1, L_Subclavian, R_Subclavian, L_Subscapularis1, R_Subscapularis1, L_Superior_Gemellus, R_Superior_Gemellus, L_Supraspinatus, R_Supraspinatus, L_Tensor_Fascia_Lata, R_Tensor_Fascia_Lata, L_Tensor_Fascia_Lata1, R_Tensor_Fascia_Lata1, L_Tensor_Fascia_Lata2, R_Tensor_Fascia_Lata2, L_Teres_Major, R_Teres_Major, L_Tibialis_Anterior, R_Tibialis_Anterior, L_Tibialis_Posterior, R_Tibialis_Posterior, L_Triceps_Lateral_Head, R_Triceps_Lateral_Head, L_Triceps_Long_Head, R_Triceps_Long_Head, L_Triceps_Medial_Head, R_Triceps_Medial_Head, L_Vastus_Intermedius, R_Vastus_Intermedius, L_Vastus_Intermedius1, R_Vastus_Intermedius1, L_Vastus_Lateralis, R_Vastus_Lateralis, L_Vastus_Lateralis1, R_Vastus_Lateralis1, L_Vastus_Medialis, R_Vastus_Medialis, L_Vastus_Medialis1, R_Vastus_Medialis1, L_Vastus_Medialis2, R_Vastus_Medialis2, L_iliacus, R_iliacus, L_iliacus1, R_iliacus1, L_iliacus2, R_iliacus2, L_iliocostalis, R_iliocostalis, L_Rectus_Abdominis1, R_Rectus_Abdominis1, L_Serratus_Posterior_Inferior, R_Serratus_Posterior_Inferior, L_Transversus_Abdominis, R_Transversus_Abdominis, L_Transversus_Abdominis2, R_Transversus_Abdominis2, L_Transversus_Abdominis4, R_Transversus_Abdominis4, L_Trapezius, R_Trapezius, L_Trapezius3, R_Trapezius3, L_Trapezius5, R_Trapezius5
# Format: frame_index time pos[0..n] vel[0..n] com_x com_y com_z com_vel_x com_vel_y com_vel_z muscle_act[0..m]

0 6.40214 0.0131803 0.164304 0.00312929 0.140299 -0.100151 7.57146 -0.425339 -0.12158 6.96753e-05 0.0677357 0.0792647 -0.00355192 0.0203184 -0.23874 -0.307968 0.19747 0.111963 -0.0340879 -0.0288871 0.136583 -0.407707 0.130624 -0.147775 -0.212029 0.00603766 -0.0290748 -0.0211161 -0.0315071 -0.0812513 -0.0236984 -0.100656 -0.104805 0.00549503 0.16264 0.0630595 0.0293117 0.154807 0.0182984 0.0536536 0.398259 0.175044 1.39729 0.146147 0.658054 -0.0529585 0.0831357 0.154482 -0.0509677 -0.0544981 0.0953262 -0.249421 -1.37164 0.395063 0.673129 -0.0343467 -0.0220241 0.478506 0.28111 0.679525 -0.0959695 0.360418 1.11013 0.608391 -0.098297 0.175267 0.594301 0.0263233 0.480341 -0.772422 1.46187 0.830354 -1.25397 -0.11826 -0.745233 2.8936 4.87856 -2.94664e-09 0.901966 -4.77249 -6.72669 -0.925921 -0.248411 -0.0711807 0.160937 -0.158464 -0.254146 -2.38468e-09 -0.0218584 -0.142373 0.0211121 -0.0013406 -0.197089 3.85626e-09 1.22218 4.80929e-10 0.07692 -0.432283 -0.266395 0.0444838 0.0389573 -0.469342 0.525083 6.62309e-09 -1.07957e-09 -8.208e-10 -0.410238 0.879037 0.231509 -0.360054 1.75371 2.2014 -1.53341 0.139739 0.898561 7.56863 0.0704008 0.310772 1.00796 0 0.0642456 0 0.0387772 0 0.03087 0.00102638 0.0503706 0.0117837 0.0954363 0.0440635 0 0.0576776 0 0.0755496 0 0.125418 0.0588602 0.048292 0.01381 0.00666142 0 0.0745509 0.0173545 0.0450957 0.0117258 0 0.00101299 0 0 0 0.00315325 0 0 0 0.00683019 0.0021984 0 0.29336 0.0361174 0 0 0 0.00933632 0.101067 0.0281822 0.0168124 0.00708967 0.0230675 0.0239677 0.0177137 0 0 0 0 0.00621376 0 0 0 0.000569093 0 0 0 0.00385896 0 0.00210371 0 0 0 0 0 0 0 0.0294013 0 0.020166 0 0.01759 0.0239847 0.00712379 0.0232287 0.0246108 0.0902559 0.00132861 0 0.0185466 0.00118745 2.3905e-05 0.106667 0.0166353 0.0773332 0.0135465 0.0992146 0.013479 0.191213 0.0269153 0.0550197 0.00859783 0.090707 0.0190489 0.0903684 0.0188295 0.0545461 0.0251655 0.377436 0.000946989 0.773114 0.00624382 0.102594 0.0322549 0 0.0174289 0 0.0199095 0 0 0 0.000197504 0.711465 0.0133369 0.608763 0.0278595 0.286665 0.0618644 0.0327145 0.0353406 0.0768662 0 0.364167 0.0287834 0.473091 0.0262033 0.0401792 0.0203422 0.000928 0 0.00627442 0.0471928 0 0 0.174738 0.0549896 0.14654 0 0 0.0575245 0 0.00762409 0 0.0167901 0 0 0.0093048 0 0.0271024 0 0.410677 0.104205 0.00180038 0 0.025635 0 0 0 0 0.00770539 0.118015 0.0832373 0.0237302 0 0.0280033 0.0470716 0.029638 0.0251326 0.0284372 0.0251527 0.0154036 0.00678762 0 0 0.042202 0 0 0.0991231 0.00480351 0.000973293 0.266031 0.231138 0.104427 0.223886 0.0934292 0.0572112 0 0.0811581 0 0 0 0.10783 0 0.165083 0.083185 0.0507833 0.422115 0.00291653 0.334632 0 0 0.0223406 0.0162188 0 0.143837 0.0181849 0 0.201585 0 0.192568 0.388314 0.0643206 0 0.108271 0 0.0261267 0.499676 0.0666507 0.240516 0.142098 0.0157338 0.0124499 0.392085 0 0.127164 0 0 0.199186 0 0.0146581 0 0.0584293 0 0.0641103 0.194456 0.010377 0 0.0756261 0.0243905 0 0.379252 0.0825069 0.0816669 0 0.160574 0 0.191017 0.00353516 0.111875 0 0.0868034 0.0738951 0.0973201 0 0.0485656 0 0 0 0.0273298 0 0 0 0 0 0 0 0 0 0 0 0 0 0 0 0.188338 0.00775673 0.257624 0 0.373905 0.00573624 0 0.000158077 0.0324847 0.296282 0.0219076 0.0594532 0 0 0 0.142195 0.00382129 0.0363403 0 0.00195231 0 0 0.166065 0.0816625
1 6.43547 0.00897329 0.185022 0.0445351 0.144941 -0.0846125 7.60939 -0.367182 -0.127886 -0.0175075 0.083325 0.0921149 0.00608709 0.00925981 -0.20195 -0.281946 0.112138 0.126492 -0.0776278 0.153531 0.441698 -0.391936 0.228588 -0.454241 -0.611596 -0.00270269 -0.0414892 -0.0334847 -0.0234689 -0.082488 -0.0378321 -0.100086 -0.109507 -0.00515355 0.165625 0.0649781 0.0187711 0.153983 0.0487766 0.0560164 0.397046 0.164782 1.38736 0.14625 0.671371 -0.0545967 0.08639 0.154475 -0.0512284 -0.0545184 0.0914316 -0.260144 -1.3579 0.284938 0.679793 -0.00582518 -0.0388648 -0.529956 0.589944 0.613343 -0.0720801 0.508362 1.1973 2.35453 -0.119269 0.0152856 0.582032 0.350052 -0.644125 0.122562 0.939081 0.622599 -3.00246 0.932085 -0.779518 5.71331 13.4318 -1.09304 -0.84695 -13.4804 -15.2753 -0.248804 -0.323224 0.394148 0.54557 -0.141323 -0.542029 -1.85884e-09 -0.154672 -0.0261858 0.0472544 -0.0047911 -0.597767 1.81061e-09 0.653187 1.64533e-10 -0.239956 -0.0688788 -0.484884 0.134536 0.241676 -0.147159 0.462584 5.2035e-09 -8.79815e-10 -4.19625e-10 -0.096338 0.918647 0.293051 -0.459361 1.7339 2.49167 -1.64244 0.142416 0.91228 7.60427 0.0877245 0.447665 1.11558 0.0155753 0.0449129 0.00888296 0.0302602 0.00934896 0.0289885 0.00385086 0.0232477 0.0312202 0 0.144566 0 0.14268 0 0.154098 0 0.11125 0.056576 0.00319503 0.0344256 0 0.0147526 0.00526998 0.0418378 0 0.0471212 0 0 0 0 0 0 0 0 0 0 0.00207307 0 0.248362 0.0315669 0 0.00483728 0 0 0.056132 0.0826882 0.000469783 0.0343736 0.0177285 0.0218039 0 0 0 0.000918021 0 0.00749036 0 0.00533499 0 0.000928697 0 0 0 0 0 0 0 0.0210065 0 0.0023021 0 0.0142881 0.034204 0.046108 0 0.00806237 0.0333393 0.0371835 0.0190379 0.00550599 0.0118649 0.0197043 0.0875271 0 0 0 0.000955827 0 0.0492569 0.0318033 0.0299233 0.0226708 0.0479554 0.0240927 0.141051 0.0249073 0.0558131 0 0.0666213 0.0264263 0.065634 0.027853 0.0535586 0.0225456 0.0953438 0.091346 0.26285 0.00217776 0.0266005 0 0 0 0 0 0 0 0 0 0.640081 0.0331763 0.474774 0.0166673 0.137616 0.037279 0 0 0.0136424 0 0.121701 0.0739654 0.243186 0.0729617 0 0.0885169 0 0 0 0.0337619 0 0 0.12829 0.062548 0.240191 0 0 0.0611575 0 0.012241 0 0.0201829 0.0823422 0.0746317 0 0 0 0 0.395097 0.092089 0.00224475 0 0.0909982 0 0 0 0 0.0102942 0.124581 0.0817123 0.0171878 0 0.0306138 0.035474 0.0166201 0.0120226 0.0147511 0.0134549 0 0 0 0 0.0226399 0.0149503 0 0.0819734 0.00343825 0.00270549 0.0907976 0.149971 0.118485 0.166673 0.0468058 0.181272 0.0395836 0 0 0 0.00421769 0.0539085 0 0.0693444 0.006072 0.0423402 0.0452382 0.00403501 0.0121976 0 0 0.0189897 0.0138016 0 0 0.0983541 0 0.176453 0 0.16426 0.165208 0.0596567 0 0.177375 0 0.0306761 0.312033 0.091922 0.165142 0.108737 0.0113578 0 0.0961359 0 0.0322667 0 0 0.217973 0 0.00294443 0 0.0392895 0 0.08811 0.19022 0.0133574 0 0.038319 0 0 0.247992 0.0398198 0.0538287 0 0.0226813 0 0.0543309 0.0112134 0.11869 0 0 0.18315 0.0302479 0 0.0234427 0 0 0 0.0187092 0 0 0 0 0 0 0 0 0 0 0 0 0 0 0 0.0381568 0.0476903 0.0323628 0.0175325 0.0644974 0.0235876 0 0.0209451 0 0.152159 0 0.113551 0.0374952 0.0310756 0 0.060824 0 0.0125035 0 0 0 0 0.166318 0.0854007
2 6.46881 -0.0155403 0.221361 0.0771615 0.149257 -0.0714845 7.64887 -0.264216 -0.126099 -0.0244046 0.0769416 0.177201 -0.0184284 0.0156275 -0.161181 -0.244732 -0.0305688 0.156704 -0.102542 0.443506 0.780425 -0.279342 0.226735 -0.436386 -0.600638 -0.0014624 -0.0526808 -0.035981 -0.00257483 -0.0860004 -0.0476903 -0.10266 -0.117953 -0.0209921 0.175059 0.0651305 0.0124943 0.15406 0.044767 0.0542846 0.407285 0.171271 1.36702 0.177518 0.690958 -0.0468124 0.083225 0.154481 -0.0510008 -0.0545007 0.11387 -0.282996 -1.33894 0.198964 0.692685 0.0155762 -0.0368217 -0.978519 0.586063 0.705387 -0.129423 0.222339 1.22802 3.18522 0.313583 0.0288516 0.16271 1.53031 -0.424935 0.134017 1.34308 1.05616 -3.5196 0.705799 -0.898572 7.04084 7.97036 4.04187 -6.44413 1.11349 0.727526 0.0450588 -0.120492 0.0494893 0.710136 -0.057761 -0.257749 -9.22454e-10 -0.858341 -0.369602 0.247995 0.687155 -0.360914 2.51011e-09 -0.307945 -0.145695 -0.0867311 0.368738 -0.64027 0.136226 0.117578 0.985537 -0.157957 3.75418e-09 -2.45453e-10 -2.5207e-11 -0.383644 1.05449 0.151914 -0.15396 1.37912 1.61325 -0.602107 0.145597 0.924412 7.64217 0.0984239 0.234889 1.14594 0.0248945 0.0263418 0.015255 0.000204666 0.0151577 0.0119018 0.00776865 0.0086168 0.0194835 0.00396592 0.0292992 0.0434649 0.0115024 0.0340523 0.0243529 0.0464275 0.0853358 0.059268 3.80171e-05 0.0407423 0 0.0172925 0 0.0357955 0.00800233 0.0558732 0 0.00738743 0.005115 0.0106677 0.00325018 0 0.0071985 0 0.0311946 0 0.00309263 0 0.130507 0 0 0.0158479 0.083478 0 0.00664928 0.0560259 0 0.0210621 0 0.0153503 0 0 0 0.00653157 0.00413144 0.0128153 0 0.0179742 0 0.00227859 0 0 0 0 0 0.004644 0.210644 0.000771617 0.197893 0 0.203779 0.000612974 0.302261 0.0223177 0 0.0146003 0.208089 0.0186913 0.0130771 0.00625355 0.011034 0.0274298 0.0580403 0 0 0.0278701 0.00047054 0.000270928 0 0.0370854 0 0.0247886 0 0.0274895 0 0.0290549 0.0312601 0 0 0.0320259 0 0.0328765 0.0388811 0.0131658 0 0.0382313 0.0187725 0 0.0103357 0.0131581 0.000171542 0.00237185 0.0549641 0 0 4.01665e-05 0.0106048 0 0.119465 0 0.0556364 0.0229143 0.00130007 0.0506633 0 0.0344589 0.00561737 0 0 0.0891091 0.00424481 0.0573993 0 0.0603826 0 0 0 0.0303412 0 0 0.111968 0.0464434 0.237234 0 0 0.0320252 0 0.00857881 0 0 0.0645729 0.0422542 0 0.00601774 0 0.00791669 0.346423 0.0403588 0.000438974 0 0.0544581 0 0 0.0110992 0 0.022139 0.182217 0.0500221 0.053559 0.0166089 0.0850551 0.0569753 0.0985678 0.022277 0.0987903 0.0220908 0 0.0184671 0 0 0 0.00581784 0 0.0538075 0.000175672 0.00188987 0.0807743 0.0505865 0.128518 0.0611488 0.0379931 0.0956423 0.0277971 0 0 1.11945e-05 0.0295392 0.000157893 0.0353503 0 0.0154274 0.012187 0.0426953 0.0368837 0.0166434 0.00991964 0 0.000985521 0.00201415 0 0 0.0676728 0 0.152311 0 0.131747 0.0786679 0 0.0225181 0.0501318 0.00698945 0.0290939 0.0731584 0.0389893 0.0770771 0.0364457 0.0168086 0.0090473 0 0.00321046 0 0.00260786 0.0454212 0.245936 0 0 0 0.0337323 0 0.00314204 0.219431 0.00313388 0 0.0241737 0 0 0.0690166 0 0.0167046 0.00226207 0 0.00824209 0 0.0187947 0.114389 0 0.488651 0.13902 0.131883 0 0.0243139 0.00652729 0 0.00267826 0.0147405 0.00532212 0 0 0 0 0.137605 0 0.0237605 0 0.0408979 0 0.0644321 0 0.0318415 0 0 0.0508314 0.00164662 0.0434333 0 0.0746614 0 0.0195791 0.017469 0.0408373 0 0.129701 0.0171641 0.0256134 0.0259605 0.0131871 0 0 0 0 0 0.012186 0.153049 0.0627404
3 6.50214 -0.0453607 0.222749 0.127901 0.155676 -0.0633338 7.68792 -0.142421 -0.129375 -0.0641731 0.0122365 0.257724 0.0372286 -0.0845582 -0.0305709 0.0568348 -0.12316 0.171694 -0.151029 0.627471 0.834665 -0.282477 0.0740707 0.371549 0.306757 0.0158073 -0.0580664 -0.0474515 -0.000657773 -0.0825041 -0.0653391 -0.101916 -0.168147 -0.0496058 0.203844 0.115782 0.0219406 0.13675 0.0297448 0.0534666 0.44347 0.162909 1.32931 0.27114 0.704161 -0.0484206 0.0905796 0.154504 -0.0501177 -0.0543421 0.201068 -0.327117 -1.31249 0.102413 0.655021 0.0168457 0.0313888 -0.620572 -1.36122 0.913045 -0.0529165 0.338228 1.08117 2.79752 -0.112508 -0.95364 -2.30883 1.33 1.61045 -0.256314 -1.40437 -1.91125 -2.46314 -0.0985135 -1.33498 3.19977 6.33301e-09 -4.73641 -5.16269 25.7289 28.763 0.326247 -0.104772 -0.231345 -0.170502 0.0933771 -0.175656 -1.31401e-09 -5.84295 -2.30561e-09 0.960408 5.67094 -1.61897 -0.981991 -0.0931632 5.01674e-10 -0.842174 0.239077 -1.04652 0.387942 8.259e-10 1.29892 -0.751586 5.00405e-09 -4.83945e-10 -5.97834e-10 1.69255 1.76625 -0.214606 -1.10709 -0.603504 2.51648 1.27851 0.14811 0.932194 7.67944 0.0446261 0.38293 1.04666 0.108041 0 0.0768912 0 0.0696871 0 0.0759804 0 0.212594 0 0.161075 0.164281 0.143348 0.148992 0.117578 0.171221 0 0.0801 0.0761968 0 0.101677 0 0.11695 0 0.126454 0 0.245448 0 0.26957 0 0.193671 0 0.173235 0.00867963 0.176797 0.0347002 0.00966049 0.0110806 0.162399 0.0569453 0 0.0313585 0.250298 0 0.0306611 0.0435582 0 0 0 0.0662554 0 0.00397146 0 0.0208033 0.0286666 0.0154743 0 0.0271462 0 0.00315059 0 0.0200421 0.0258642 0.0264112 0.00663053 0.0269456 0 0.0311427 0.0690129 0 0.0357803 0.054746 0.0397392 0.0291595 0 0.0480783 0.0654173 0 0 0.015455 0 0.0503384 0.0213254 0 0.0315567 0.0829286 0 0.00357317 0.0850839 0.189102 0.0687662 0.136824 0.0793347 0.142121 0.0642383 0.207118 0.0474559 0 0.0442156 0.171225 0.0565851 0.288084 0.0184746 0.0041983 0.0453543 0.499436 0 0.683731 0 0.233025 0 0 0 0.0105484 0.0352337 0 0.165698 0 0.134446 0.310447 0 0.432551 0 0.473048 0.0341729 0.119494 0 0.0196301 0 0.183994 0.00223622 0.269397 0.0762019 0 0 0 0 0.0773568 0 0.012412 0.11463 0.00846136 0.224212 0.0113111 0 0 0 0 0 0.0152056 0.144093 0.0268254 0 0.0122296 0 0.0387284 0.324785 0 0.0029841 0 0.154259 0 0 0.0538502 0 0 0.305576 0 0.103613 0.0404245 0.131593 0 0.00871787 0.00419351 0.0271875 0.002324 0 0.0551386 0 0.0185319 0.0281668 0.00422919 0 0.129939 0 0 0.462153 0.00555145 0.510587 0.0235663 0.168884 0.204114 0.248937 0 0 0 0.251534 0 0.30428 0 0 0.07959 0.0139257 0.12967 0.00656024 0.126443 0 0 0 0.000152884 0 0.0917131 0.0886637 0.00231153 0.004614 0 0.255163 0.00570692 0.0839677 0 0.0138889 0 0.0383124 0.0646554 0.150475 0 0.00383239 0.0572491 0.244458 0.484399 0 0.414627 0 0.323598 0 0 0 0 0.00993311 0 0.248261 0 0 0.0126782 0 0 0.0961898 0.00209579 0.00334515 0.0733319 0 0.0788991 0.00568627 0.0867686 0.121814 0 0 0.147274 0 0 0.0397407 0.0652472 0 0.0165886 0.0421393 0.0669178 0 0 0 0 0.137076 0.00231071 0 0 0.00514857 0 0.0165025 0 0 0 0 0.0946271 0.00218821 0.0834273 0.0108443 0.134602 0 0.00266717 0.212772 0.0419735 0 0.361037 0.0410723 0.0260996 0.190307 0 0 0 0 0.00749166 0 0.0797807 0.249801 0
4 6.53547 -0.0591618 0.150149 0.167819 0.161008 -0.0530602 7.72297 -0.0638795 -0.157515 -0.0959044 -0.0312731 0.231747 0.168701 -0.163207 -0.0183079 0.0143705 -0.172629 0.14848 -0.204873 0.635122 0.439442 -0.142176 -0.00235559 0.515956 0.425179 0.0461215 -0.0702714 -0.0598661 -0.0344246 -0.0513493 -0.0707129 -0.100051 -0.15932 -0.0518827 0.220271 0.119119 -0.00344641 0.156276 0.016776 0.0521948 0.319014 0.233681 1.30485 0.164849 0.660814 -0.0273941 0.0946108 0.155443 -0.0141515 -0.0515438 0.184853 -0.276331 -1.33383 0.0204918 0.701067 -0.00254032 -0.0531206 -0.328058 -2.25069 1.01513 0.00983406 0.0857108 1.06929 1.54171 -0.847827 -1.09743 -0.262258 -2.7507 2.80156 -2.10947 2.60371 1.23175 -1.58286 -0.744103 -1.60619 -1.05351 -8.79537 4.17668 -0.293971 0.667081 1.08408 0.366798 -0.303374 -0.369217 -0.842918 0.911478 -0.0329479 -0.48437 1.13135 -9.04426e-10 0.903566 -0.910285 -0.568415 -0.0866559 0.81292 2.87195e-10 -0.915618 1.18125 -1.25089 -0.47076 0.351438 -1.58923 0.86261 6.91702e-10 0.875503 -7.6394e-12 0.617301 2.09086 -0.556439 0.137214 4.86636e-10 -0.811467 -1.16501 0.149775 0.941547 7.71409 0.049622 0.135415 1.04508 0.00801363 0.0130907 0 0 0.00228651 0 0 0 0 0.0777616 0.161792 0 0.118488 0.0014362 0.0769219 0.0478995 0.0775154 0.0297289 0.145398 0 0.182221 0 0.222194 0 0.347866 0 0 0 0 0 0 0.0647264 0 0.0507477 0 0.270698 0 0.0155586 0.0229136 0.0988776 0.0966662 0 0 0.339676 0.0575847 0.00849354 0.0839938 0.0424343 0.0722815 0.0326057 0 0 0.0116465 0 0.0545392 0.0117913 0 0 0 0 0.0200531 0.0121581 0.00443429 0.0424147 0 0.0191008 0 0.0393743 0 0 0 0.10507 0 0.0739535 0.0252944 0.00772499 0 0.0262029 0.014938 0.000706511 0.019762 0.00627346 0.0720416 0.0549587 0.0191433 0.0873036 0 0 0.200329 0.073552 0.144104 0.0323625 0.189087 0.107791 0.151843 0.1168 0.048735 0.0706243 0.148756 0 0.149573 0.0186633 0.0533712 0.0391263 0.126845 0.257512 0.00381346 0.0448928 0.0146065 0.0581169 0 0 0 0.0562364 0 0.0112802 0 0.00577308 0 0.340694 0.0697476 0.15143 0.139486 0.202912 0.0902287 0.0107698 0.0520279 0.0988204 0.251 0.1234 0.311131 0.061533 0 0 0.0108513 0 0 0 0.000255362 0 0.120196 0.09996 0.155643 0.00237357 0 0 0 0 0 0.0113517 0.0112603 0.100851 0.058993 0 0.185461 0 0.114741 0.126648 0 0.00508006 0 0.11519 0.000590447 0 0 0 0.100098 0.122594 0.063425 0.148902 0 0.318271 0 0.018682 0 0 0.136714 0.0266852 0.0506174 0 0 0.014422 0.114239 0.0149634 0 0 0.220115 0 0.222238 0.23585 0.239806 0 0 0 0.0318048 0 0 0.068935 0 0.133278 0.0426902 0 0.303186 0 0.285653 0.0190146 0 0.0624924 0.05601 0.0115479 0.313252 0 0.150882 0.122241 0 0 0 0.190074 0 0.463507 0 0 0 0.0272435 0 0.0702175 0 0 0.0234642 0 0.00856341 0 0.142397 0.223347 0 0 0 0 0.0176024 0.110264 0.106569 0.0271399 0 0.0050436 0.052093 0.0197343 0 0.0692941 0.0168671 0.0773085 0.194364 0 0.218915 0 0.146213 0 0 0.438757 0.823238 0 0 0.0179509 0.111069 0 0 0.0385793 0.014727 0 0.0193933 0 0.0515406 0 0.00699233 0 0 0 0 0 0 0 0.201204 0 0.396487 0 0.482803 0 0.0345595 0 0.125786 0.017266 0 0.059055 0.0969156 0.00725175 0 0.0766005 0.03279 0 0 0 0.00529805 0 0.0660759 0
5 6.56881 -0.0523954 0.0767331 0.178447 0.163695 -0.0535103 7.75864 -0.0115802 -0.16187 -0.100354 -0.053309 0.150792 0.157522 -0.10006 0.0229745 0.0194611 -0.228627 0.132764 -0.204201 0.550783 0.220356 -0.0416762 -0.0133815 0.524493 0.438364 0.0560691 -0.0627336 -0.0586477 -0.0712098 -0.0355108 -0.0588075 -0.0999663 -0.0795058 -0.0545929 0.212842 0.0638396 -0.0152865 0.152381 0.050028 0.054707 0.247123 0.195939 1.28287 0.18411 0.701554 0.0784855 0.0601661 0.0884983 0.00813595 -0.0487412 0.378638 -0.218868 -1.34677 0.0270013 0.697049 -0.0564078 -0.0386218 0.139404 -1.9668 0.170075 -0.0764939 -0.229805 1.05774 1.48591 0.0231431 -0.238278 -0.721814 -3.41968 -1.11798 3.1067 -0.646097 2.68098 -1.784 -0.670056 0.33467 -2.76023 -2.67016 1.39635 0.249617 -0.189154 -0.161681 0.140168 0.44995 0.0201281 -1.00119 0.163458 0.382214 -1.25985e-09 2.75525 0.258012 -0.468197 -2.18584 -0.316952 1.61888e-09 -0.00335132 6.06027e-11 -1.87514 1.02899 -0.743058 0.484838 -0.0703791 2.39912 -0.926999 -3.40513 0.815189 0.0315576 2.34085 5.16263 -2.01855 -0.0685621 0.743808 -0.372148 0.133316 0.151622 0.940275 7.74895 0.0515384 -0.190376 1.04826 0.0264713 0 0.00407375 0 0.0298831 0.00302859 0 0 0 0.0226706 0.00135881 0.0260129 0 0.0102045 0 0.0521407 0.0688401 0.027729 0.0259945 0 0.0102218 0 0.00717219 0.00501181 0.0678537 0.00334394 0 0 0 0 0 0.0777711 0 0.062821 0.00518188 0.166992 0 0.00812021 0.0153349 0 0.0136526 0.141176 0 0 0.136109 0.0663405 0.059803 0.0845435 0.0519171 0.0301376 0 0 0.0427095 0 0.0296583 0.0520539 0.0404271 0 0 0 0.0206405 0.00894021 0.0194776 0.0338978 0.00840823 0.0164879 0.0513411 0.0697336 0.0350804 0 0.0434732 0.0749484 0.0435385 0.0238336 0.0378289 0 0.00757338 0 0.0119294 0 0.0261729 0.00144524 0.0384476 0.0279239 0.0274051 0.0425714 0.000496459 0 0.0732214 0.105428 0.0421015 0.0668607 0.0703886 0.124751 0.0154059 0.115728 0 0.0537005 0.0262293 0 0.0261925 0.0644418 0.027911 0.0316054 0 0.165494 0 0 0.0148064 0.0528127 0 0 0 0 0 0 0.040048 0.0213604 0 0.234588 0.16221 0.0565389 0.12549 0.0689103 0.0137279 0.0475207 0.0386666 0.10141 0.13965 0.123242 0.134188 0.0609896 0 0 0 0 0.0324845 0 0.00823264 0 0.0185633 0.20864 0.0633527 0.0478235 0 0 0 0 0 0 0.000997074 0.0935207 0 0 0.107665 0 0.000761118 0.291642 0 0.0016234 0 0.0683055 0.0461939 0 0 0.00053801 0.0848616 0.142754 0.0505252 0.04255 0 0.170367 0.0356814 0.00358692 0.0400191 0 0.0516101 0.0291179 0.020234 0 0 0 0.253523 0.0374481 0.000610544 0 0.131396 0 0.256663 0.157888 0.238961 0 0 0 0.00174876 0 0 0.0199788 0.0171087 0.0208194 0.0892192 0 0.0297857 0.029005 0 0.078563 0 0.00384969 0.0309443 0.0353061 0.145015 0 0.163717 0.0935151 0.00974454 0 0.215312 0.0866273 0 0.0210307 0 0 0.197959 0.00259417 0 0 0 0 0 0 0 0 0.243453 0.147513 0 0 0 0 0.152015 0.143107 0.0756426 0.159997 0.0446037 0 0.026928 0.0181676 0 0 0 0.010526 0 0.0619846 0 0 0 0.18755 0 0.383706 0.138965 0 0 0 0.030899 0.0661424 0 0.0250077 0 0 0 0 0 0 0 0 0 0 0 0 0 0 0.13963 0.219567 0.231812 0.0266038 0.341588 0.0761994 0.0301589 0 0.156724 0.0113545 0.00157139 0.00538855 0.0801049 0.0232611 0.0143428 0.00685034 0.0173907 0 0.00170462 0 0.0630193 0 0 0
6 6.60214 -0.0112573 0.0194902 0.153652 0.163085 -0.0589199 7.78994 0.0124419 -0.154436 -0.0682766 -0.106125 0.0948427 0.191804 -0.0767133 0.041205 0.0671978 -0.337165 0.0942636 -0.153937 0.455852 0.265919 0.0227877 0.026588 0.524923 0.433042 0.045945 -0.0545354 -0.0292708 -0.112114 -0.0188303 -0.042642 -0.101318 -0.0219668 -0.0370419 0.193282 0.0155117 -0.0604078 0.152591 0.0421625 0.0541044 0.153686 0.167575 1.28366 0.231714 0.672248 0.123945 0.0595153 0.112479 0.0371145 -0.0500899 0.36779 -0.166794 -1.36442 0.0384387 0.703241 -0.0220676 -0.0708964 0.557715 -2.1652 -0.73507 -0.0841347 -0.0519685 0.832769 0.213814 0.303445 0.863733 -1.85632e-09 -0.929994 1.75663 -0.206081 -0.00555994 -0.00488254 -2.51988 -1.8719 1.18192 -3.25731 2.75983 3.0831 1.02504 0.837135 0.635109 0.85326 -0.0360307 0.435924 -1.48865 0.742536 0.840847 -3.03734e-09 0.818981 0.65237 -0.559365 -0.680125 -1.20596 4.31103e-09 -0.00601234 3.54075e-10 -1.74624 1.90827 -0.0965325 0.0632297 -1.64781 0.785539 0.105644 -0.686081 1.2898 -0.441138 -0.683293 1.76702 -0.776858 0.272174 2.33328e-10 0.186945 -0.0612469 0.152701 0.935106 7.78307 0.0062012 -0.0420057 1.01052 0.0676432 0 0.0857479 0 0.089735 0 0.0710388 0 0 0 0.0945478 0.191795 0.063861 0.175345 0.0205502 0.205684 0.0780224 0.0127282 0.219055 0 0.325631 0 0.326556 0 0.493394 0.00518274 0.431419 0 0.433025 0 0.0247772 0.0975564 0 0.0563989 0 0.231658 0.00207575 0.0057249 0.00543471 0 0.293141 0.128087 0.104305 0 0.101198 0.0345005 0.0189113 0.095984 0.0982144 0.042493 0 0 0.0980482 0 0.0758472 0.0703671 0.0143396 0 0 0 0 0 0.01221 0.0508069 0 0.0102608 0.201911 0.00370386 0.168704 0 0.161034 0 0.12046 0 0 0 0.165253 0 0.00677056 0 0 0 0.0505166 0.0331983 0.0350664 0.0585495 0.000274789 0.000261347 0.0418029 0.152969 0.0115194 0.148816 0.0447051 0.19447 0 0.248754 0.10537 0.120352 0.000491016 0.137909 0 0.324077 0.0823822 0.0441207 0 0.349834 0 0.327421 0 0.0241886 0 0 0 0.0613033 0.06118 0 0.151123 0.0173587 0 0.205601 0 0.0618118 0 0.1075 0 0.0328985 0.0298496 0.0618659 0 0.0298046 0 0.00331177 0.384237 0 0.319648 0 0 0 0.0105641 0 0.0350999 0.188036 0.121231 0.0881943 0 0 0 0 0.0330385 0 0.130443 0.151412 0.129306 0 0.151269 0 0.155326 0.427011 0.00104811 0.0033336 0 0.0391233 0.100804 0 0 0.000441911 0.0467656 0.101491 0.0119423 0 0 0 0.0648313 0 0.0917366 0 0.127725 0.0332371 0.273597 0 0 0.00339945 0.23446 0 0.00563626 0 0.340793 0 0.505396 0.120181 0.29759 0 0.102072 0 0.0909426 0 0.15364 0.0326732 0.185151 0 0 0 0 0.0253498 0 0.066461 0 0 0 0.108624 0.317768 0 0.277142 0 0.11449 0 0.138274 0.129875 0.450327 0.00938486 0 0 0.209124 0.0517595 0 0 0 0 0 0.50117 0 0.10055 0.182891 0.0247628 0 0 0.0168778 0 0.223762 0.0230534 0.0119549 0.187625 0 0 0.178628 0.0141532 0 0 0 0.108052 0 0.0585974 0 0.0241841 0.0962154 0.281261 0.31714 0.00264531 0.552216 0 0 0.0158521 0.161097 0.0731057 0.011845 0.0246175 0 0.057431 0 0 0 0.284836 0 0.0642962 0 0.0509735 0 0.100367 0 0.124236 0.17257 0.0206618 0.353284 0.0232927 0.326021 0.0425573 0.0303679 0 0.558533 0 0 0.101951 0.143279 0.0323573 0.136537 0 0 0 0 0 0.0557218 0 0.0522464 0
7 6.63547 -0.0131178 -0.0417417 0.127357 0.158962 -0.0614649 7.81962 0.0489904 -0.166404 -0.0383506 -0.106125 0.0608472 0.262933 -0.078302 0.0887681 0.108827 -0.386214 0.0784282 -0.087256 0.344419 0.328722 0.103181 0.0325496 0.537778 0.442574 0.0547795 -0.0453815 -0.0209666 -0.100766 0.00389604 -0.0229791 -0.104378 0.0721728 -0.0173817 0.184287 -0.0616674 -0.0831119 0.152871 0.0315819 0.0532929 0.108402 0.202949 1.30016 0.29954 0.673099 0.0839794 0.0334302 0.142483 0.0139951 -0.0515222 0.443551 -0.119638 -1.35597 0.202661 0.695409 -0.0120282 -0.0838183 -0.258303 -1.29998 -0.523247 -0.133686 -0.0960804 0.90501 1.32923 -0.153638 0.51242 -8.29637e-10 -1.12446 1.44239 -0.969892 -0.296163 -0.936541 -1.52097 -0.856989 1.55791 -2.73871 0.594329 2.054 -0.901203 0.537123 0.415485 -0.283089 0.38851 -0.409222 1.28078 0.475882 0.816226 -2.12294 1.74674 0.00697038 2.42871 -1.0022 0.184903 5.16279e-09 -1.65282 2.24062e-10 0.466138 3.0347 0.633043 0.204125 -0.298525 0.529893 -0.869136 0.425031 0.50667 -1.97661e-10 0.645921 -0.234359 0.22169 0.188336 -0.773073 -2.75935 0.475113 0.152769 0.93381 7.81668 -0.00660118 -0.049623 1.0075 0.0818322 0 0.064187 0 0.0666457 0.00172549 0.0411118 0 0.00289065 0 0.146643 0.0922078 0.106477 0.0766721 0.0770219 0.0980097 0.0161295 0.0222508 0.0935969 0 0.127569 0 0.163809 0 0.225692 0 0.121232 0 0.131538 0 0 0.00095617 0 0.0104441 0 0.0403781 0 0 0 0 0.0549011 0.132142 0.00847726 0.112198 0.162691 0.0460429 0.0576998 0.020156 0.0339083 0.0375045 0 0.0149686 0.025788 0 0.0404312 0.0660209 0.0313621 0 0.00637562 0 0.0106682 0 0.0480168 0.0135294 0.026065 0 0.109054 0 0.127677 0 0.113651 0 0.120068 0 0.0403055 0 0.129651 0 0.00105959 0 0.0293887 0 0 0 0.0832143 0.0400085 0 0.000961817 0 0.143788 0.000361543 0.121978 0.00678146 0.124802 0 0.157957 0 0.0912342 0 0.092962 0 0.0748005 0.00139266 0.0459978 0 0.273215 0 0.198682 0 0.0707204 0 0 0 0.10892 0.0167816 0 0 0 0 0.324804 0 0.255391 0 0.180242 0.0761085 0.0182116 0 0.0114783 0.0510509 0 0 0.0441117 0.253401 0 0.0624422 0 0.0406329 0 0.0136977 0 0.0360933 0.237854 0.0599939 0.159151 0.0751428 0 0.00785701 0 0.00877949 0 0.12748 0.0864006 0.0605759 0 0.102962 0 0 0.454521 0 0.00187228 0 0.0468856 0.0385498 0.00220821 0.0556726 0.0176127 0.0800658 0.228719 0 0 0 0 0 0.0329959 0.0220264 0.0311739 0.0755911 0 0.117657 0 0 0.0570661 0.146876 0 0.00258102 0.00110498 0.30168 0 0.341363 0.0610111 0.190942 0.0659695 0.0549986 0 0.0193363 0 0.04292 0 0.0479704 0 0 0 0 0 0 0 0 0 0 0 0.246595 0 0.168923 0 0.161006 0 0.0381937 0.0357108 0.27644 0.101998 0.0144296 0 0.0153559 0.0412713 0 0 0.0358015 0 0 0.250915 0 0 0.328702 0.019619 0 0 0.0416678 0 0.0990706 0 0.011187 0.281925 0.0424002 0 0.0497579 0 0 0 0 0.0289241 0 0 0 0.00246189 0.00163617 0.283021 0.371189 0.47242 0 0 0 0.0293133 0.0382699 0.0551591 0 0.0221307 0 0.0540961 0 0.00979976 0 0.177924 0 0.0177804 0 0.0614118 0 0.0712979 0 0.0870834 0.107344 0 0.187171 0 0.206881 0 0.0758059 0 0.243437 0.00216995 0.0911736 0 0.10063 0 0.0300882 0 0.0138325 0 0.0114304 0 0.0565362 0 0.0839077 0.167144
8 6.66881 -0.027101 -0.0835106 0.0959949 0.153248 -0.0656128 7.8519 0.105627 -0.163753 -0.00684877 -0.106125 0.0212271 0.300079 -0.0820314 -0.0609445 -0.143149 -0.375359 0.0574035 -0.0152842 0.153547 0.358015 0.197743 0.0426553 0.531735 0.41916 0.0520847 -0.0363841 -0.0110911 -0.0694482 0.0213828 -0.00771015 -0.104055 0.0914823 -0.0136347 0.18349 -0.0573205 -0.0826879 0.152521 0.0447943 0.0543061 0.109986 0.211884 1.32232 0.406739 0.672875 0.0607841 -0.00970112 0.15022 0.012782 -0.0516667 0.491192 -0.153173 -1.35553 0.198723 0.652449 0.015493 -0.0784799 -0.303059 -0.648881 -1.10636 -0.129056 -0.171073 0.983626 1.66286 0.154351 1.01146 -5.05939e-10 -1.19277 0.50341 -0.350039 -3.81246 -6.47617 -0.0458917 -1.03639 2.00844 -4.88463 -1.21579 1.35902 1.08075 0.0262993 -0.278859 -0.260209 0.11586 0.38238 0.806552 0.485616 0.52841 -1.65056e-09 0.145537 0.00539178 -0.0521151 0.462377 0.167436 4.06535e-09 -0.687348 1.16272e-10 0.172603 1.64975 0.931538 0.28799 -1.06372 1.09959 -0.804753 2.38606e-09 -0.786589 -2.34905e-10 0.443722 0.305557 -0.375935 -0.372329 0.275264 1.30472 -0.483674 0.152254 0.930943 7.85024 -0.026669 -0.110281 1.00738 0.0623718 0 0.036866 0 0.0326999 0 0.0578475 0 0.0687797 0 0.090183 0 0.095672 0 0.0936319 0 0.065522 0.00126614 0.0993176 0.0683511 0.126483 0.0628115 0.148757 0.113323 0.20145 0.115986 0.108576 0.00580141 0.135156 0.0322034 0.00781042 0 0 0 0 0 0 0.00455133 0.00711424 0.022468 0.0317079 0 0.139322 0 0.0869914 0.0083406 0.0282921 0.00731052 0.070681 0 0 0.0205841 0.0138766 0 0.0330724 0.0306519 0.0251376 0 0.00427434 0 0.00372995 0 0.0150259 0.0340104 0.00734083 0.0206307 0.208789 0.114591 0.163508 0.0944979 0.167139 0.10719 0.222306 0.19523 0.028691 0.0218736 0.225891 0.137556 0.00816664 0 0.0262511 0.0244038 0.0155293 0 0.0470596 0.121854 0 0.000356229 0 0 0 0 0 0 0 0.0335116 0.0312839 0.00241454 0 0 0 0 0.0397816 0.00550483 0.0326236 0 0 0.152917 0 0.0423214 0 0 0 0 3.64413e-05 0 0 0 0 0.180355 0 0.0898215 0 0.0597946 0.0172956 0.0169063 0 0.0203281 0 0.146748 0 0.161263 0.197295 0.0397041 0.0181297 0.00324373 0.0418068 0 0 0 0.0792743 0.188829 0.00236828 0.0685039 0.0785354 0 0.00943629 0 0 0 0 0 0.0342395 0.0168149 0.0432808 0.0346066 0.0511212 0.387317 0 0 0.00597286 0 0.0104604 0 0.0360796 0 0.0645652 0.270815 0 0 0.0182415 0 0 0.0769813 0 0.0784491 0.00762084 0.0182494 0.0304876 0 0 0 0.099315 0 0.00372353 0 0.243985 0.142915 0.208598 0.074479 0.0594522 0.119758 0.103285 0 0.00856186 0 0.0500718 0 0.0738755 0.00433927 0.00389037 0.0302218 0.0264828 0.431995 0.00775007 0.401565 0 0 0 0.0124901 0.052172 0.11256 0.160736 0 0.167152 0 0.280389 0 0.359215 0 0.0455087 0.0108575 0.23925 0 0 0.0247079 0.0238377 0.0178096 0 0 0 0 0.278296 0.0411335 0.00380499 0 0.0588752 0 0.058897 0 0.0198429 0.288428 0.0320368 0 0.0182984 0.0156533 0 0 0 0.0169204 0 0.11768 0 0.0841629 0.00383764 0.151563 0.75139 0.494804 0 0 0 0.0909302 0.0172951 0 0 0.0729742 0 0.0294809 0 0.0382224 0 0.137153 0 0.051871 0 0.0483444 0 0.0678731 0 0.0716132 0.0630159 0.124697 0.109465 0.16114 0.123616 0.220279 0.0248196 0 0.196315 0 0.0673379 0.00309511 0.0178159 0 0.0719261 0 0.0317539 0 0.00116442 0 0.0273507 0 0.0621658 0.133337
9 6.70214 -0.0401059 -0.100872 0.0653738 0.147552 -0.0714036 7.8863 0.165729 -0.154371 0.0225257 -0.106125 -0.0242336 0.30287 -0.0720136 0.0469515 -0.0189595 -0.342661 0.0410897 0.0403783 -0.0281251 0.26069 0.238138 0.027974 0.543111 0.441428 0.0529225 -0.0206042 -0.00105866 -0.0541033 0.0210199 0.00521968 -0.103841 0.0969185 -0.0101681 0.180399 -0.0532651 -0.0810354 0.152492 0.0457928 0.0542959 0.112429 0.223577 1.35516 0.470363 0.660215 0.0636253 -0.00364607 0.15274 -0.0179862 -0.0524165 0.501488 -0.142902 -1.37284 0.187651 0.702423 0.0121234 -0.097548 -0.200711 -0.104791 -0.879885 -0.0633332 -0.223905 1.04854 1.64812 0.332368 0.734725 -4.09729e-10 -1.26084 -0.192863 -0.341528 -0.00464344 9.54672 0.439915 -0.460772 1.24119 -3.76374 -5.89216 -0.428563 -2.59845 0.356785 0.748793 -0.197896 0.343411 0.352058 0.326859 -0.0571902 0.330383 -1.39064e-09 -0.0405774 0.253456 -0.219029 0.187905 -0.205532 3.82258e-09 -0.444339 9.79534e-11 0.790895 0.840323 1.03942 0.321046 -1.07432 0.902303 -0.411442 1.36212e-09 -1.09663 -5.37688e-11 0.288405 0.454717 -0.682057 0.0900456 6.49963e-10 -0.127622 -0.496016 0.151138 0.926516 7.88369 -0.0417598 -0.147799 0.99865 0.0409232 0 0.0252515 0 0.0159769 0 0.0577611 0.00423026 0.11723 0 0.040594 0 0.0428572 0 0.0451713 0 0.0787075 0.0173253 0.0621056 0.262778 0.0964149 0.266943 0.0913085 0.350815 0.11239 0.387677 0.134829 0.175715 0.138799 0.295341 0.153792 0 0.103477 0 0.0572984 0 0 7.99363e-05 0.0164239 0 0.184672 0 0.381867 0 0.0314818 0.058785 0.00520615 0.0366836 0.118325 0.0116522 2.81408e-05 0.035446 0.048645 0 0.0472368 0.0331142 0.027628 0 0.00356999 0 0 0 0 0.0275322 0 0.016856 0.0338516 0 0.0189637 0 0.0211868 0 0.0323979 0 0.00835343 0.0183549 0.0247727 0 0.0090987 0.00141226 0.0160748 0.0223247 0.0319487 0 0 0.0947887 0 0 0.0383742 0.198183 0.0339715 0.177979 0.0382254 0.155003 0.0246073 0.212378 0.0636169 0.0105006 0.0246221 0.12561 0.0254266 0.108663 0.0552791 0.0118167 0 0.00588394 0 0.0801803 0 0.0231836 0 0 0 0 0 0 0.09285 0 0.0828404 0.382699 0 0.171461 0 0 0 0 0 0.0718734 0 0.302654 0 0.360723 0.0825327 0.142065 0.00124837 0.016243 0.0163864 0 0.0140859 0 0.0619977 0.212099 0 0.103567 0.0430122 0 0.00553447 0 0 0 0.0145416 0 0 0.0548098 0 0.0715451 0.00949508 0.391603 0 0 0.0921667 0.0124366 0.0580129 0 0.0555197 0.00512178 0 0.310635 0 0 0 0 0 0.023481 0 0.0256724 0 0.0142026 0 0 0 0.0501819 0.117748 0 0.000897181 0.00115445 0.167624 0.410604 0.22597 0.152858 0.0559967 0.185685 0.134787 0 0 0 0.0670158 0 0.109563 0 0.0445025 0.11396 0 0.730835 0 0.681935 0.0254238 0 0 0.00695579 0 0.231019 0.158823 0 0.152285 0 0.49133 0 0.366138 0 0 0.00837421 0.289912 0 0 0.00221347 0.0160959 0.0632298 0 0.157061 0 0 0.244603 0.0436124 0.0116476 0 0.0761076 0 0.0230009 0 0 0.300469 0.00892155 0 0 0.0537864 0 0 0 0.0348221 0 0.241499 0 0.192549 0.067961 0.142707 0.0232593 0.620897 0 0 0 0.0663069 0.0844016 0 0 0.0384957 0 0.0542849 0 0.0164745 0 0.163708 0 0.043301 0 0.0487291 0 0.0720782 0 0.0627579 0 0.290097 0.00852638 0.405273 0.00886362 0.520629 0 0 0.192018 0.078696 0.103748 0 0.00928327 0 0.0945707 0.00472518 0.029416 0.00257268 0.00302081 0 0.0671 0 0.071605 0.160002
10 6.73547 -0.0446119 -0.0858639 0.0313914 0.142976 -0.0791876 7.92118 0.218747 -0.141439 0.0594696 -0.106125 -0.0686016 0.276334 -0.0792189 0.0467614 0.0975621 -0.355968 0.055515 0.0694793 -0.0621564 0.0506769 0.124279 -0.00136924 0.539613 0.442932 0.0462199 -0.0131195 0.0152558 -0.0454353 0.0177757 0.019009 -0.103516 0.100119 -0.00438183 0.184202 -0.0629783 -0.0789858 0.152376 0.0501211 0.0546275 0.14572 0.221114 1.3822 0.546835 0.652787 0.0437881 -0.0152615 0.151328 -0.0526381 -0.05508 0.503821 -0.130407 -1.39381 0.189662 0.702485 0.00383661 -0.0691198 -0.145915 0.559742 -0.939999 -0.0395825 -0.303386 1.05518 1.64971 0.527573 0.908261 -1.12747e-09 -1.25756 -0.984348 -0.533023 -0.0420739 -0.152038 -0.440943 0.44606 0.575418 -0.205698 -4.26084 -4.32309 0.705229 -0.251058 -0.149908 -0.275883 0.249516 0.447984 0.289137 -0.129921 0.409084 -9.18208e-10 -0.436528 -0.00191718 0.128971 0.272155 0.330271 4.63728e-09 -0.158041 2.14652e-10 0.550546 0.24235 0.942575 0.285145 -0.58339 1.21918 -0.273855 -0.0630016 -3.58779e-10 -2.91006e-10 -0.36242 -0.412161 -0.397874 0.216252 3.05014e-10 0.434699 0.193173 0.149538 0.920142 7.91679 -0.051798 -0.225499 0.984699 0.0317164 0 0.0146153 0.00391211 0.00978007 0.00120534 0.0436626 0.015262 0.101304 0 0.0290972 0 0.0362607 0 0.0404353 0 0.091295 0.0115564 0.0219626 0.220713 0.057553 0.229648 0.0392608 0.30098 0.0513851 0.335947 0.102776 0.198341 0.11967 0.310323 0.17332 0 0.133727 0 0.125047 0 0 0.0020343 0.0455731 0.0631347 0.012058 0 0.332279 0 0.0302767 0.0471961 0.00482259 0.0251693 0.062742 0 0 0.0428721 0.00778488 0 0.00388293 0.0189185 0.00833057 0 0.00369002 0 0.00201831 0.00907516 0 0.0298768 0 0.0215459 0.0270016 0 0.00277105 0 0.00939986 0 0.0382121 0 0.0221117 0.0337418 0.00532951 0 0.0144605 0.0024607 0.0259817 0.0336757 0.0416891 0 0 0.111929 0 0.00031783 0.0263825 0.347529 0.0264857 0.305508 0.0291569 0.281166 0.00727519 0.349155 0.0236369 0 0.0116941 0.317849 0.0121436 0.277213 0.0395799 0 0.0289867 0 0 0.158283 0 0.0216593 0 0 0.0110014 0 0.0170544 0 0.141481 0 0.126683 0.327549 0 0.134111 0 0 0 0.00167775 0 0.0827249 0 0.235543 0 0.321362 0.0332221 0.127987 0 0.0180111 0.0361529 0 0.00473334 0 0.00910577 0.177612 0 0.0713937 0.0408595 0 0.00722782 0 0 0 0.0178147 0.000302929 0 0.0417746 0 0.0480254 0.0176727 0.340286 0 0 0.112397 0.0441863 0.0120727 0 0.0360514 0 0.0685218 0.217437 0.00759396 0 0 0 0 0.0218914 0.000385588 0.0278545 0 0.00958286 0 0 0 0.0787902 0.0922584 0 0 0.00168201 0.0930506 0.346609 0.182932 0.0798259 0.0354287 0.135889 0.111534 0 0 0 0.0627817 0 0.0940996 0 0.0285483 0.0997221 0 0.694844 0 0.644297 0 0 0 0.00154437 0 0.178407 0.151462 0 0.140018 0 0.371919 0 0.254804 0 0.000684557 0.00515062 0.177051 0 0.0349962 0.0989064 0.0303526 0.032771 0 0.545137 0 0 0.229028 0.084325 0 0 0.053018 0 0.0287299 0 0.0317536 0.2276 0.0480584 0 0 0.0505773 0 0.0958134 0.00733751 0.0246561 0 0.192182 0 0.157059 0.01916 0.100228 0 0.678741 0 0 0 0.0996733 0.00801564 0 0 0.0705791 0 0.0893882 0 0.0312876 0 0.276156 0 0.0735376 0 0.0778558 0 0.113677 0 0.1105 0 0.235842 0 0.341054 0 0.448686 0 0 0.124337 0.0879158 0.0999938 0 0.00477887 0 0.0704265 0.0124567 0.0289475 0.0115322 0.00615109 0 0.0270748 0 0.0437636 0.124416
11 6.76881 -0.0320812 -0.0527385 0.0182362 0.140619 -0.0866926 7.95611 0.249342 -0.101861 0.0819353 -0.106125 -0.10976 0.20547 -0.0905805 0.0453491 0.0941644 -0.388125 0.0681902 0.0497863 -0.0610812 -0.0124063 0.0269745 0.0332793 0.533294 0.442399 0.0223973 -0.00864366 0.0162635 -0.0405718 0.0133057 0.0267538 -0.10326 0.101138 0.00166624 0.188739 -0.0880007 -0.0825084 0.152376 0.0501211 0.0546275 0.159562 0.235616 1.4062 0.532712 0.635999 0.0761264 0.0211048 0.151361 -0.0426462 -0.0543271 0.473915 -0.146297 -1.4025 0.183537 0.701263 0.0110073 -0.0626108 0.540896 1.09426 -0.257993 0.00986668 -0.252398 1.02992 0.765976 1.29413 0.39967 -7.4462e-10 -0.876498 -2.31869 -0.645738 -0.203962 -0.354499 -0.89024 0.416642 -0.910539 -0.0245121 -0.885059 -1.59414 -0.0331886 -0.0882995 0.0928311 -0.772272 0.353363 -0.00244468 0.0761208 -0.215252 0.139639 -1.70898e-09 0.579727 0.22891 0.129374 -1.20496 -0.0912578 8.29773e-09 6.89863e-10 7.42083e-10 0.662595 -0.0448185 0.538562 -0.310257 -0.172507 0.0617757 0.880827 9.24963e-10 0.192686 -5.25876e-10 -0.203675 -0.887552 0.159036 0.125847 2.30791e-11 0.0510637 0.133063 0.147689 0.91345 7.94956 -0.0536184 -0.199922 0.97824 0.00768405 0.00273822 0 0.0012264 0 0 0.0518418 0.0627703 0.105099 0.0533951 0 0.0581807 0 0.088221 0 0.101969 0.0630765 0.0756079 0.00996974 0.152477 0.0309191 0.116887 0.012585 0.214204 0.0196315 0.186892 0.0305711 0.0847363 0.0546501 0.125051 0.0930057 0 0.0644164 0.00436805 0.0739145 0.0111554 0 0.00163119 0.0507915 0.265021 0 0 0.173826 0 0.036763 0.052264 0.00637498 0 0.0262729 0 0 0.0530292 0 0 0.0012573 0 0 0 0.00300096 0 0 0.0230373 0 0 0 0.0070745 0.0554682 0 0.0423867 0 0.0443677 0 0.0864269 0 0.0270568 0.0371188 0.0381072 0 0.0103293 0.0198074 0.0256784 0.0475163 0.0115758 0.00218717 0.0113004 0.0601074 0.000205963 0.000843242 0.0213289 0.437605 0.016404 0.392671 0.0196596 0.366379 0 0.453317 0.00790897 0 0.00582495 0.425112 0.00214781 0.411944 0.0216076 0 0 0 0 0.455276 0 0.00867713 0.00848844 0 0.0408704 0 0.0100056 0 0.0579207 0 0.0765017 0.595124 0 0.37829 0 0.0105248 0 0 0 0.0715429 0 0.293245 0 0.38159 0.0218982 0.0728827 0 0.00115438 0.0469269 0.0246584 0.000275632 0 0.0265305 0.210958 0 0.0358226 0 0 0 0 0 0.00057937 0 0 0 0.0139786 0 0.0295566 0.0270126 0.399133 0 0 0.0612057 0.0828199 0.0068844 0 0.02219 0 0.0363993 0.124674 0.0070978 0 0 0 0.0206991 0.00932497 0.0335017 0.0153249 0 0.000319988 0 0 0 0.0968344 0.137076 0.00586619 0 0.00155996 0.149958 0.362235 0.17013 0 0.0408504 0.0206323 0.038183 0.0603866 0 0 0.0830399 0 0.205387 0 0.152056 0.227643 0 0.671563 0 0.603502 0 0 0 0.00252662 0 0.174402 0.167968 0 0.113303 0 0.106204 0 0.130699 0 0 0 0.0439586 0 0.105626 0.280323 0.054122 0.0174962 0 0.712865 0 0 0.151358 0.0642798 0 0 0.0253789 0 0.0383776 0 0.0196857 0.183495 0.0891444 0 0 0.0267961 0.0597701 0.42131 0 0.0358887 0 0.220024 0 0.181329 0.00880599 0.0769688 0.0101465 0.613277 0 0 0.0130193 0.115042 0.00336457 0 0.00601389 0.0776287 0 0.0207112 0 0 0.0104689 0.0366158 0 0 0.00190872 0.0230985 0.000767944 0.0240718 0.00530763 0.0188258 0 0.261556 0 0.335654 0 0.435745 0 0 0.242847 0.186108 0.0583409 0.0340893 0 0 0.156539 0.0129338 0.0617316 0.0579481 0.0118289 0 0.0259711 0 0.0371248 0.135701
12 6.80214 -0.00562515 -0.0112594 0.0166277 0.139748 -0.093193 7.99007 0.257612 -0.0661664 0.096975 -0.0995151 -0.134209 0.128535 -0.115121 0.0235771 0.054906 -0.432199 0.0735749 0.00574832 -0.0304112 -0.0170364 -0.0291208 0.0303075 0.531248 0.446365 -0.00432306 -0.000892397 0.0107413 -0.0459489 0.00198532 0.0276238 -0.103514 0.0782417 -0.00326356 0.190413 -0.0879808 -0.0680638 0.152376 0.0501211 0.0546275 0.183926 0.257645 1.4138 0.501805 0.645545 0.0803869 0.0322545 0.151501 -0.0373696 -0.0539258 0.438736 -0.158704 -1.40173 0.187968 0.683982 0.0094832 -0.0695885 0.815158 1.1061 -0.10501 -0.0122375 -0.173751 1.03189 0.279101 1.03396 0.345439 0.209503 -0.179128 -2.08486 -0.556055 -0.841292 -1.16781 -0.938984 0.487264 -1.20744 0.840507 0.247035 -1.40077 -0.561317 -0.040468 0.141136 -0.803034 0.351495 -0.116316 -0.131957 -0.36317 0.0144033 -1.99858e-09 -0.731734 -0.23496 0.0253827 0.205574 0.482497 1.05552e-08 9.82582e-10 9.07524e-10 0.71603 -0.222771 0.158424 -0.405623 1.127 -0.513924 0.240869 3.63341e-09 0.118829 -5.65178e-10 0.0165584 -0.917019 0.398042 -0.0453305 -0.728563 -0.167698 0.0551947 0.145901 0.907485 7.98221 -0.052151 -0.157071 0.981148 0.013937 0.0132624 0 0 0 0 0.0651102 0.0737666 0.148961 0.0780424 0 0.146695 0 0.194509 0 0.21931 0.0479477 0.122301 0 0.143146 0.00449199 0.0750074 0 0.192465 0 0.146517 0 0.00670652 0.00530632 0.0402229 0.0288296 0 0.0191338 0 0.0652445 0 0.00196552 0.000934563 0.0726239 0.347269 0 0 0.139082 0 0.0341244 0.0415014 0.00618415 0 0.00426069 0 0 0.0504883 0 0 0 0 0 0 0 0 0.0059745 0.0245897 0.0109462 0 0.0112563 0 0.0545753 0 0.0581602 0 0.0515455 0.00422817 0.0846975 0 0.0399972 0.0404015 0.0433652 0 0.00934415 0.0306212 0.0296081 0.0557973 0 0.051166 0.0613907 0.0356439 0.000689518 0.000819243 0 0.440143 0 0.387327 0.00046394 0.358993 0 0.45216 0.00492241 0 0 0.429597 0 0.40807 0.0151478 0.0191321 0 0 0 0.674376 0.0260503 0 0.0394939 0 0.0831556 0 0.0116277 0 0.0315139 0 0.0873883 0.769125 0.0545807 0.557675 0.0496171 0.0222484 0.0318196 0 0.00799983 0.0475514 0 0.366678 0 0.515882 0.011083 0.113576 0 0 0.032961 0.0514171 0 0 0.0414647 0.223745 0 0.0427482 0.0277556 0 0 0 0 0 0 0 0 0.000127145 0 0.0191235 0.108126 0.452042 0 0 0.0456203 0.13289 0 0 0.00102177 0 0.12383 0.0902637 0.00927045 0 0 0 0.0391526 0.0116759 0.0514294 0.0195404 0 0 0.00366914 0 0 0.123886 0.090729 0 0 0.00145481 0.247788 0.431239 0.236093 0 0.0462711 0.0500712 0.0453912 0.0865259 0.00207907 0 0.142676 0 0.317163 0 0.22023 0.29863 0.000159977 0.609804 0 0.478131 0 0 0 0.000620729 0 0.224974 0.166857 0 0.139019 0 0.109093 0.414334 0.112727 0 0 0 0.0477681 0.365659 0.226006 0.32757 0.0441019 0.00670795 0 0.698336 0 0 0.160129 0.0653181 0 0 0.018769 0 0.0793281 0 0.0912831 0.181422 0.0823962 0 0 0.0128487 0.13842 0.53301 0.00880383 0.0537402 0 0.209739 0 0.245937 0.0360138 0.0939204 0.0182823 0.542122 0 0 0.0313101 0.118282 0 0 0.0278774 0.0790085 0 0 0 0 0.00351753 0 0.00409104 0 0 0 0.0016396 0 0.00491323 0 0 0.318837 0 0.422313 0 0.527583 0 0 0.293773 0.158859 0.0422393 0.0423541 0 0 0.250724 0.00650944 0.0652018 0.0579836 0.00106951 0 0 0 0.0854294 0.171852
13 6.83547 0.0152603 0.000345914 0.0160347 0.138718 -0.0958767 8.02466 0.227507 -0.0433721 0.103411 -0.0154073 -0.147236 0.0868824 -0.127091 0.0886804 -0.0228177 -0.450274 0.0800531 -0.0277433 0.0157484 0.0323745 -0.0657737 0.0124888 0.532097 0.453398 -0.0219506 0.0106661 0.000648159 -0.0518958 -0.00658938 0.0301233 -0.103766 0.0362806 -0.00749446 0.191986 -0.0640163 -0.0516767 0.152362 0.0506598 0.0546687 0.142371 0.279854 1.42855 0.382824 0.662539 0.0757871 0.0475739 0.15154 -0.0359132 -0.053815 0.389783 -0.151565 -1.40677 0.191952 0.671178 0.0180512 -0.071879 0.445685 0.190954 0.00728221 -0.0232134 -0.0118103 1.09058 -0.999976 0.436666 0.0798845 3.10697 0.443054 -0.863036 -0.374493 -2.66569 -3.63187 0.0459439 0.314044 -0.885978 1.3861 1.29348 -0.68703 -1.32886 0.123664 0.32105 -0.524946 0.276564 -0.298352 -0.00857851 -0.181357 0.0489172 -1.80079e-09 -0.829596 -0.124732 0.0670832 0.322371 0.338813 1.07534e-08 1.47683e-09 1.10706e-09 -0.3785 0.23121 0.0272498 -1.08383 2.41393 -2.67262 1.28119 1.45359e-09 -0.0902977 -4.26012e-10 -0.228163 -0.631965 0.13942 -0.0436508 -0.569354 -0.0951331 -0.0565563 0.144025 0.904353 8.01586 -0.056327 -0.0472425 1.03079 0.0283658 0.00899068 0.00443513 0.00109894 0.0070239 0.00271794 0.056668 0.0534254 0.0572281 0.101073 0 0.214083 0 0.25777 0 0.283518 0.0233513 0.170772 0 0.0214393 0.00321841 0 0 0.0239306 0 0.0106581 0 0 0.00880528 0 0.0253693 0 0.00188366 0.00633793 0.0299175 0 0.00185456 0.00485474 0.0797008 0.45254 0 0 0.0560523 0 0.0287751 0.0259468 0.0124557 0 0.00119698 0.0242807 0 0.0353677 0 0 0 0 0 0 0 0 0 0 0.0245099 0 0.0117444 0 0.0498881 0 0.058457 0 0.0483057 0.0119474 0.0718402 0.019272 0.0184375 0.0020205 0.0399664 0 0.00218122 0.0383821 0.015141 0.0430151 0 0.132933 0.0666103 0 0.000506742 0.00109114 0.000269644 0.430582 0 0.37165 0.00371694 0.349941 0 0.459874 0.0207783 0.0443777 0 0.421876 0 0.408495 0.0184233 0.0527231 0 0.0415817 0 0.783129 0.0315267 0 0.0218491 0 0.0394324 0 0.00726301 0 0.00811618 0 0.0373619 0.826907 0.0298496 0.649517 0.061264 0.112567 0.0299733 0 0 0 0.0393358 0.309916 0.0096074 0.536545 0.0291205 0.029924 0 0 0.00341154 0.0512172 0 0 0.0575178 0.240528 0 0.141682 0.0336417 0 0 0 0 0 0 0.000279181 0 0 0 0 0.102366 0.522448 0 0.00339 0.010985 0.283104 0 0 0.00156504 0 0.160107 0.105326 0.000632048 0 0 0 0.0302058 0.0212457 0.0405966 0.0292305 0 0 0.000591905 0 0 0.154204 0.0517395 0 0 0.000387586 0.226196 0.284586 0.208573 0 0.100199 0.129184 0.00639103 0.0986788 0.00171195 0 0.13244 0 0.279605 0 0.187005 0.189867 0 0.508797 0 0.356069 0 0 0 0 0.00844947 0.162817 0.180692 0 0.148366 0 0.0831842 0.29077 0.120995 0 0 0 0.0298136 0.359188 0.212169 0.371572 0.0296166 0.00104325 0 0.725607 0 0 0.197551 0.0793297 0 0 0.0120095 0 0.080599 0 0.109019 0.215675 0.033686 0 0 0 0.0920325 0.590312 0 0.0909963 0 0.125437 0 0.232766 0.0392425 0.0923531 0.0307295 0.428447 0 0 0.0306141 0.104225 0.00023238 0 0.0281824 0.0799886 0 0 0 0 0 0 0 0 0 0 0 0 0.00159191 0 0 0.271147 0 0.225993 0 0.305384 0 0 0.267833 0.0349392 0.0521747 0.04557 0.00314381 0.00150418 0.208484 0 0.0400463 0.0287951 0 0 0 0 0.121628 0.209326
14 6.86881 0.00799813 -0.0244003 -0.0100301 0.135994 -0.0918916 8.063 0.172656 -0.0874732 0.117225 0.162511 -0.0281632 0.138324 -0.149659 -0.160536 -0.3227 -0.409505 0.0923705 -0.0181751 0.0555847 0.142419 -0.127205 0.101111 0.526219 0.439608 -0.0244779 0.0214956 0.0109768 -0.0419056 0.00313261 0.038565 -0.103718 0.0151069 -0.00406841 0.192824 -0.0397598 -0.0412495 0.152362 0.0506598 0.0546687 0.114586 0.292062 1.42546 0.297803 0.689754 0.0204285 0.0411718 0.151572 -0.0346871 -0.0537217 0.373213 -0.200674 -1.41068 0.140088 0.638226 0.0427849 -0.0611542 -0.423496 -0.765211 -0.909825 -0.0876457 0.249848 1.23945 -1.79063 -1.59346 0.672897 5.58317 5.43538 1.95124 -0.68089 -6.30552 -8.88431 1.7716 0.0940352 0.587118 1.09304 3.52945 -1.10693 1.83417 -0.0342171 -0.162642 -0.16942 0.05795 0.249323 0.487974 0.410176 0.385697 -2.40652e-09 -1.16826 -0.0884398 0.0236969 1.30003 0.373662 8.6268e-09 1.39449e-09 1.02032e-09 -0.49938 -0.433277 -0.25354 -0.344747 2.15009 -1.75118 0.669213 1.98705e-09 -0.727803 -5.02552e-10 0.130834 -0.251743 -0.0181637 -0.0947048 0.324392 1.42444 -0.485496 0.141582 0.907061 8.05205 -0.0884984 0.202001 1.13313 0.0699127 0 0.053447 0 0.0392019 0 0.0711886 0.0133187 0.074377 0.0797993 0 0.132074 0 0.180646 0 0.215625 0.034567 0.12706 0.0706489 0 0.0781439 0 0.111471 0 0.139089 0 0.0547922 0 0.06156 0 0.0153352 0 0.0033793 0 0 0 0 0.0117203 0.0975738 0.397092 0 0 0.0099986 0 0.0498909 0 0.0255562 0 0 0 0 0.00659523 0 0 0.00313449 0.00296192 0 0 0 0 0 0 0.00215153 0 0 0 0.184539 0 0.156621 0 0.159021 0 0.246037 0 0 0 0.200877 0.0158747 0.00119143 0.0256693 0.00923255 0.0266729 0.005591 0.0859971 0.0128385 0 0 0.00168081 0 0.215442 0 0.149117 0 0.199746 0 0.408436 0.0341801 0.0404138 0 0.235208 0 0.244586 0.0296157 0.049012 0 0.120171 0.00361779 0.588619 0 0 0.00661574 0 0 0 0.0050249 0 0.00669209 0 0.0158403 0.909416 0 0.777082 0 0.00999788 0 0 0 0 0 0.0429802 0 0.64617 0.125834 0 0.00644935 0 0 0.010179 0 0 0.115143 0.274964 0.00233548 0.111782 0.10492 0 0.00925614 0 0.0104395 0 0 0.00382717 0.0272251 0 0.0280249 0 0.167434 0.554088 0 0.00220456 0.00584537 0.62342 0 0 0 0 0.222129 0.186126 0 0 0.0337118 0 0.00680574 0 0.00547413 0 0 0 0.00620992 0 0 0.0351199 0.030017 0 0.00137218 0 0.298242 0.0887514 0.152244 0.0292205 0.102018 0.21424 0.0370076 0.0743672 0 0 0.160595 0 0.289439 0 0.199062 0.160277 0.0089332 0.488255 0.00348525 0.36706 0 0 0 0.0172982 0.0756787 0.00480478 0.206095 0 0.229422 0 0.0227473 0 0.0724428 0 0.0786984 0 0.0259906 0.33356 0.255806 0.335895 0 0.0146565 0 0.758803 0 0.450538 0.225953 0.0505094 0 0 0.0581832 0 0.139034 0 0.126322 0.282394 0.0228207 0 0.00561142 0 0.136922 0.508508 0 0.28417 0 0.0547584 0 0.229475 0 0.162665 0.640351 0.138412 0 0.0519206 0.00968498 0.0967062 0 0.00248229 0.0137714 0.102139 0 0 0 0 0 0.0197931 0 0 0 0.00529649 0 0.00777896 0 0 0.0475727 0.260681 0.0544064 0.0369298 0.0402748 0 0.000156192 0 0.3771 0 0.131839 0.0461951 0.00249783 0 0.24944 0 0.0239906 0.000977635 0 0 0 0 0.150006 0.2095
15 6.90214 -0.0169484 -0.0651583 -0.0408469 0.13201 -0.0817968 8.10519 0.0637129 -0.129116 0.125132 0.421143 0.332656 0.157766 -0.136489 -0.53506 -0.614814 -0.322037 0.0956566 -0.00303732 0.078748 0.24018 -0.11353 0.15362 0.533498 0.440755 -0.0182918 0.0253825 0.0184513 -0.0265829 0.0147161 0.0475295 -0.103603 0.0180902 0.0131367 0.202179 -0.0345611 -0.0367808 0.152351 0.0510526 0.0546988 0.116993 0.317842 1.40873 0.207795 0.688015 0.00015688 0.0448463 0.151113 -0.0518678 -0.055028 0.398111 -0.213031 -1.40313 0.15877 0.660015 0.0486651 -0.0788443 -0.855029 -0.685103 -0.370206 -0.00421084 0.226992 1.32187 -3.40803 -0.743621 -0.135341 8.17459 8.16255 0.89531 2.62215 -0.934911 -2.5652e-07 2.76374 -0.414328 -0.374647 0.912195 2.33044 1.38108 0.578148 0.0940878 -0.13321 0.0610152 -0.153022 -0.127023 0.687074 0.228319 0.00758752 -1.73409e-09 0.885279 0.499048 0.341428 -0.733167 0.142938 6.82971e-09 6.90552e-10 4.15297e-10 -0.440685 -0.73013 -0.2753 -0.0525858 1.59573 -1.66196 0.935724 1.57531e-09 -3.95053e-10 -1.84168e-10 0.0795255 -0.226184 0.339206 0.125193 0.413979 -0.42048 -0.73743 0.137914 0.915746 8.09225 -0.121627 0.23597 1.22955 0.0110114 0.00379066 0.000547154 0.0052957 0 0.00397619 0.0283827 0.0136365 0 0.0792936 0.0146816 0 0.0202143 0 0.0278193 0 0.0589419 0.10904 0.073384 0 0.0714832 0.00460707 0.105959 0.00439876 0.147615 0 0.00993405 0.0035994 0.0192 0.00616348 0 0 0 0 0 0.0212522 0.00150991 0.0114283 0.0429137 0.266543 0 0 0 0.0204095 0.0699034 0 0.035063 0 0 0 0 0 0 0 0 0.013192 0 0 0 0 0.0162683 0 0 0 0.00719599 0 0.132137 0 0.0981034 0 0.107395 0 0.155626 0.0758338 0.0338489 0 0.14378 0.0820244 0.00943746 0.020865 0.0328509 0.0265867 0 0.0625915 0.0253094 0 0 0.000648811 0 0.0441818 0 0.0234365 0 0.0428247 0 0.16698 0 0.0235768 0 0.0455314 0 0.0502895 0.0122731 0.0422686 0.00404968 0.0049089 0.000231221 0.320353 0 0.0276927 0 0 0 0.0307385 0.00202535 0 0 0 0 0.426239 0 0.229551 0 0.0580961 0.0215391 0 0 0.00167551 0.0906204 0.0100441 0.0383929 0.0578553 0.124853 0 0.0132139 0 0.010472 0 0 0 0.0486871 0.205682 0 0.222139 0.0431754 0 0.00439465 0 0 0 0 0 0.0398668 0 0.0643232 0 0.0841725 0.541907 0 0.0016964 0 0.0798605 0 0 0 0 0.172191 0.197377 0 0.0300967 0.0222045 0.0294675 0 0.0438837 0 0.0454286 0.0230288 0 0.0226102 0 0 0 0.0468276 0 0.00237058 0 0.11329 0.0924063 0.0356701 0.0975018 0.0829822 0.00386916 0 0.0528771 0 0 0 0.0635081 0 0.13032 0.0496613 0.00782173 0.0924049 0.125724 0.0972671 0.118258 0 0 0 0.00835752 0.165326 0 0.173711 0 0.136189 0 0 0 0 0 0.0251464 0 0 0.0113628 0.158577 0.222241 0.00833348 0.0107244 0 0.157032 0 0.00441516 0.241402 0.0608629 0 0 0.0172719 0 0.050598 0 0.103844 0.281742 0.0183899 0 0.0135092 0 0.0856831 0.315724 0 0.0461368 0.0493643 0.0215178 0.0282121 0.0195499 0.0126774 0.179153 0.636491 0.0902574 0 0.0236084 0.0138447 0.0764952 0 0.0192514 0.015719 0.0876061 0 0.0267681 0 0.0322473 0 0.37058 0 0.0745044 0 0.130622 0 0.195081 0 0.129436 0.108318 0 0.142459 0 0.178988 0 0.0139603 0 0.162075 0.0639311 0.113757 0 0.00839374 0 0 0.0838758 0.0335395 0.00714478 0 0 0 0 0.0782488 0.170668
16 6.93547 -0.0531976 -0.127195 -0.0729306 0.127959 -0.0796435 8.14859 -0.0598729 -0.133302 0.13488 0.703851 0.544584 0.021972 -0.0108917 -0.463692 -0.535344 -0.188328 0.100742 0.0144258 0.0355218 0.384642 -0.0501911 0.171352 0.313907 0.257759 -0.00247315 0.0367685 0.0312717 -0.00701063 0.0282134 0.0502436 -0.103426 0.0313599 0.0372199 0.212994 -0.0400225 -0.0440704 0.152348 0.0511772 0.0547032 0.141063 0.344132 1.3849 0.145091 0.68405 -0.0130265 0.0195759 0.147873 -0.0380611 -0.0539381 0.413294 -0.200724 -1.3906 0.219048 0.685381 0.0158777 -0.0546501 -0.725538 -1.38493 -1.16568 0.0202646 -0.17471 1.3031 -3.50035 -0.00664585 0.980922 6.97007 2.85265 -4.4009 6.90668 3.47813 3.31712 3.48519 -0.74639 0.87645 -1.61108 5.56263 6.19119 0.126417 -8.95708 -28.5541 -0.126619 0.38232 0.52391 0.805551 0.0219073 0.0973184 -1.79798e-09 0.460902 0.814738 0.19604 -0.336824 -0.215593 6.7358e-09 6.68359e-11 2.67152e-10 1.04184 -0.842274 -0.524209 -0.0140932 -0.0670467 -1.13098 -0.388828 -1.73108 0.986082 0.0563405 -0.04308 1.07647 -0.180969 -0.0207131 0.00859775 -2.12779 0.879485 0.133918 0.91787 8.13362 -0.119926 -0.0835032 1.24581 0.0428711 0 0.0269678 0 0.0157598 0 0.0368973 0.000913527 0.0143326 0.034416 0.0906747 0.0117765 0.07015 0.00874895 0.0622594 0.0307495 0.0215502 0.0678875 0.0191096 0.0560789 0.00554341 0.0338339 0.0386931 0.0640161 0.0427077 0.0865744 0 0.0203942 0 0.0247533 0 0 0 0 0 0 0.00853492 0.0124904 0 0.159835 0 0 0 0 0.0302325 0 0.00113253 0 0 0 0 0 0 0 0.00211863 0.0398094 0 0 0 0 0.00310227 0 0.0129467 0 0.0161402 0 0 0 0 0 0 0 0 0 0.0391596 0 0.0133793 0.0385814 0.00348548 0.00818024 0.0399719 0.0124493 0 0.0460696 0.0963461 0.0460177 0.000888925 0 0.0519764 0.0577543 0.0302697 0.0385057 0.0443144 0.0503149 0.0755241 0.0714008 0 0.0748305 0.0668045 0.0723455 0.0712088 0.0734942 0 0.0485677 0.0904913 0.0122991 0.0587888 0 0.0485257 0 0 0.00241209 0 0 0 0.0393247 0 0.00285859 0.210325 0.209649 0.223404 0.0887541 0.0970528 0 0 0.0521527 0 0 0.152651 0.0848426 0.138247 0.0861627 0.0523461 0.0341161 0 0 0.0273986 0 0.0020782 0 0.031543 0.269457 0 0.0831168 0.0250869 0 0 0 0.00168876 0 0 0 0.00643369 0 0.0174582 0 0.0290591 0.531595 0 0.00515548 0 0.0303937 0 0 0 0 0.0820517 0.2304 0 0 0 0 0 0 0 0 0 0 0 0 0.0150125 0.00611279 0.122343 0 0.00101564 0 0.128744 0.128779 0.114421 0.109702 0.0862689 0.0810224 0.0179968 0.0263135 0 0.0168109 0.00249705 0.0128584 0.00152317 0.0414598 0.0676888 0.0345872 0.035982 0.246732 0.0338033 0.189496 0.00144283 0 0 0.0113065 0.0789736 0 0.152251 0 0.0804707 0 0.138764 0.0124232 0.00657291 0 0.045178 0.0266634 0.0856976 0 0.0637489 0.134437 0.0510362 0 0 0.00404141 0.0177173 0.0309913 0.271711 0.0666004 0 0 0.00833231 0 0.0678784 0 0.00829384 0.282035 0.024612 0 0.00146322 0.00290707 0 0.119202 0.0344497 0.0084636 0.0360445 0.0445411 0.0342782 0.0548964 0 0.0787344 0.256946 0.187965 0.00988474 0.15902 0.0485188 0.0591955 0 0 0.0583579 0.0895927 0 0.0224888 0 0.0387065 0.00287734 0.10496 0 0.0558632 0 0.0214308 0 0.0543468 0 0.0444668 0.056032 0.0326675 0.0594255 0.0449548 0.141896 0.0913721 0.0470687 0 0.211476 0.0466754 0.12591 0 0.0241747 0 0.0272343 0.0324138 0.0328624 0.0199543 0 0 0.0239849 0 0.0787731 0.160912
17 6.96881 -0.0648532 -0.128275 -0.132498 0.118439 -0.0865456 8.19313 -0.106111 -0.116679 0.211055 0.694263 0.358252 -0.417029 0.15743 -0.444463 -0.486812 -0.0980274 0.0637461 0.074556 0.0466943 0.270311 0.124269 0.0195097 -0.116073 -0.104967 0.0159423 0.0592854 0.0461587 -0.0390671 0.00595376 0.0693457 -0.102519 0.0169055 0.0555255 0.244854 -0.0246816 -0.0340796 0.154291 -0.0241673 0.0488845 0.104566 0.313014 1.4092 0.0984916 0.702289 -0.0704002 0.0667326 0.169639 -0.00636305 -0.0508549 0.369036 -0.276372 -1.35977 0.118986 0.662249 0.00319314 -0.0730059 0.0658995 0.112171 -1.24771 -0.0716241 -0.448636 1.3153 -1.4544 0.8296 1.88426 -2.38993 -5.36819 -8.9362 7.03314 0.474366 -9.81169 2.09795 -0.676526 1.33945 0.61191 -7.62047 -2.96825 5.70845 5.93571 2.6841 0.15434 0.618513 -0.174829 -1.15511 -0.50236 0.524331 -1.85453e-09 -0.0385697 1.73242e-09 0.745419 0.457796 0.833961 3.68009e-09 -2.12 -0.0137222 -0.122584 -1.04428 0.59458 0.204931 7.767e-10 -0.576998 0.652923 6.2237e-09 -0.377643 -5.77275e-10 0.235592 0.125449 1.30143 -0.53788 0.488486 1.98367 -0.211321 0.130244 0.909342 8.17538 -0.105623 -0.399368 1.26332 0.0422213 0 0 0 0 0 0.0251178 0.0380914 0.189502 0 0 0.159062 0 0.125338 0 0.108368 0.068432 0.0340696 0 0.271576 0 0.276846 0 0.358416 0 0.496335 0 0 0 0 0.0417427 0 0.00588915 0 0.345721 0 0.0135374 0.00976567 0.171118 0.0619224 0 0.0967739 0.441009 0 0.0609785 0.289289 0.0418381 0.14936 0.00650086 0.111401 0 0 4.07826e-05 0.00068286 0.0505934 0.123269 0 0 0.00328889 0 0.0686461 0.0148727 0.00394739 0.102474 0.00977019 0.0301639 0 0.0472376 0 0.0488118 0 0.0885765 0 0.203685 0.0455202 0.0186876 0.0466494 0.0209944 0.0158937 0.0077466 0.0333163 0.00281622 0.075587 0.0551987 0.0894902 0.0416329 0 0 0.24046 0.0792213 0.101508 0.0612352 0.132774 0.0876611 0.136196 0.049937 0.0136477 0.0682408 0.0974052 0.106167 0.171429 0.112344 0.0194519 0.0370949 0.108409 0 0 0.0310117 0.00818363 0 0 0 0.0831108 0 0.06923 0 0.0215172 0 0.489593 0.018125 0.277323 0.116478 0.215795 0.162094 0 0.10106 0.0592182 0.131263 0.0322986 0.427714 0.0377231 0.465923 0 0 0 0.0357284 0.0989845 0 0 0 0.0794542 0.38221 0 0.116117 0.0227331 0 0 0 0.00622996 0 0.0391635 0.00273246 0 0.111884 0 0.211515 0.110751 0.466804 0.00155722 0.000969298 0.204655 0 0 0.0353334 0 0 0.103318 0.262001 0 0.074347 0 0.0541411 0 0.0847772 0 0.0809097 0.0270978 0.136533 0 0.0224821 0.0743842 0 0.170297 0.112539 0 0.0140003 0 0.446565 0.25936 0.284778 0.0249185 0.21266 0.0207258 0.00224547 0 0.0056908 0.0716333 0 0.220509 0 0 0.170388 0 0.753891 0.0120391 0.813225 0.0474572 0 0 0.0536927 0 0.416827 0.188926 0.0410474 0.00982986 0 0.291067 0 0.546662 0 0 0 0.107167 0 0.256699 0 0 0 0.0610628 0 0 0.0928224 0.348005 0.072178 0 0 0 0 0.153635 0 0 0.330431 0.0664146 0 0.0321407 0.0838494 0.264965 0 0.10557 0.0938791 0 0.397979 0 0.411161 0 0.279564 0 0.578701 0.0833473 0 0.0534704 0 0 0.243405 0.0756465 0 0 0 0 0.0124828 0.00651743 0.0817249 0 0 0 0 0 0 0 0 0 0.350101 0 0.514909 0 0.620654 0 0.0618795 0.178629 0.296794 0.164113 0 0 0.00984543 0.176249 0 0.0411808 0.0823477 0 0 0 0 0.0250279 0.164307
18 7.00214 0.025783 -0.144348 -0.11586 0.113499 -0.0951371 8.22704 -0.314433 -0.102852 0.209016 0.683863 0.198463 -0.397475 0.113442 -0.495179 -0.545189 -0.0856084 0.0628192 0.0582336 -0.0497633 0.155995 0.102027 0.0895316 0.00427188 0.122137 -0.0270396 0.0893464 0.0040514 -0.111113 -0.0133161 0.0652419 -0.106494 0.174263 0.0513762 0.2492 -0.148406 0.0222699 0.155157 -0.0445985 0.0337414 0.101486 0.270246 1.45648 0.0337431 0.679249 -0.0740568 0.108386 0.128223 -0.0276038 -0.05336 0.504794 -0.23458 -1.28978 0.234839 0.713383 -0.115898 -0.0402958 2.78494 0.134274 0.490538 0.054895 -0.11454 0.875424 -6.50729 0.909894 0.215213 -0.789095 -4.40018 0.99145 -1.78846 -1.20521 2.06656 0.888586 -0.0966103 -0.698479 -4.76049 -0.735575 0.0896688 0.126681 1.6988 2.31595 -0.901723 0.466154 -1.3201 -1.9411 -0.107416 -0.0368787 -5.36017e-09 5.01324 1.92361e-09 -0.0725681 -3.86428 2.19136 9.64134e-09 0.464245 -0.629459 1.54826 -1.79879 1.33691 -0.0638347 0.746704 -1.0834 0.932842 -0.323179 0.401677 -4.13945e-10 -0.478078 -0.167653 1.35175 0.193288 8.11245e-11 -2.92415 1.17574 0.127534 0.900204 8.21536 -0.0657971 -0.135017 1.13955 0 0.105653 0 0.1393 0 0.0844894 0.0256066 0.292491 0.0257541 0.327471 0.201875 0.0500086 0.258795 0.0260672 0.33299 0 0.061039 0 0.0688722 0.207422 0 0.245662 0.129115 0.223645 0.171424 0.377937 0 0.2563 0 0.160123 0 0 0.00762927 0 0 0.0019248 0.0137789 0.0120303 0 0 0.166495 0.56761 0 0.00700719 0.0877373 0.195066 0.106988 0.0164425 0.096701 0.157151 0 0 0.0269286 0.110003 0.0556087 0.23837 0 0 0 0 0.039591 0 0.0449263 0.174497 0.0187218 0.0369246 0 0.142201 0 0.0834468 0 0.101175 0 0.0916187 0.0264292 0 0.0492168 0.0385548 0.0135829 0 0.0246176 0 0.0532096 0 0.0556024 0.111402 0 0.000223006 0.211839 0.0694816 0.108047 0.0607207 0.172386 0.0625888 0.238241 0.0173121 0.0646782 0.140999 0.269687 0.064574 0.389777 0.0583745 0.0277817 0.0344519 0.349363 0.0689986 0.626169 0.0219266 0.00400672 0 0 0 0 0 0 0 0.00129449 0.0322648 0.368294 0 0.376735 0 0.268531 0 0 0.136912 0.0444432 0.111084 0.318996 0 0.37126 0 0.0303309 0.145037 0 0.271634 0 0 0.0217865 0 0.181372 0.580919 0 0.211203 0 0 0 0 0.03257 0.0352574 0 0.00806424 0.0181548 0.0935924 0.0604489 0.12165 0.173344 0.660807 0 0.00119536 0 0.0385293 0.0993571 0.129878 0.0164456 0.0192987 0.0660434 0.199733 0 0.060966 0 0.0668239 0 0.125354 0 0.125993 0.0447763 0.167613 0 0.269998 0.0756241 0 0.145331 0.224534 0 0.0151039 0 0.65498 0.117942 0.619333 0.325302 0.106482 0 0.378301 0.0178126 0.0656803 0 0.293261 0 0.431149 0.117115 0.102339 0 0 0.0566142 0 0 0 0.109727 0 0.307946 0.124822 0 0.261484 0 0.0633966 0.211061 0.0831206 0 0.179524 0 0 0.373388 0.108024 0 0 0.0376809 0 0.705232 0.0107463 0.339162 0.0476485 0.183122 0 0 0 0 0.01487 0.0233237 0.024205 0.00759281 0.268208 0 0 0.0361706 0.161477 0 0 0 0 0.104286 0 0.00483971 0 0.0677599 0.581786 0 0.440525 0 0 0 0 0.0769193 0.523346 0.0148356 0 0 0 0 0 0 0 0 0 0 0 0 0 0 0 0.570225 0.024957 0.341994 0.328653 0.438761 0.290488 0 0 0.159212 0.789857 0.404393 0 0.0234801 0 0 0.398476 0.0830868 0.291611 0.00161247 0 0.0473126 0 0 0.350759
19 7.03547 0.0894165 -0.092146 -0.105416 0.1114 -0.0982972 8.25367 -0.485902 -0.127399 0.207508 0.683044 0.246823 -0.308234 -0.00878309 -0.39422 -0.649914 -0.0891007 0.0484304 0.0452315 -0.108023 0.116971 0.0588573 0.0903054 0.0368892 0.166683 -0.0184906 0.0844137 -0.00565678 -0.163478 -0.0323062 0.0423686 -0.107532 0.19132 0.0422038 0.224424 -0.161632 0.0439175 0.154007 -0.051429 0.0518196 0.244498 0.284981 1.43536 0.0883041 0.680273 -0.0269569 0.155232 0.152701 -0.0446499 -0.051933 0.297066 -0.139632 -1.29957 0.318765 0.705578 -0.0443792 0.000662422 1.05568 2.19697 -0.0232893 0.0099148 0.0674153 0.814608 -3.47655 0.247658 0.236511 0.4096 1.95985 1.89198 -3.46375 0.834517 -1.56402e-09 -0.374239 -0.194857 -0.243261 -1.57306e-09 -0.941744 -1.8682 -0.0297053 -0.0108411 -0.0106641 0.677059 -0.0595692 0.0135824 -0.997991 -0.463373 -0.727659 -2.23313e-09 4.15389 0.156505 -0.637151 -3.83189 0.692523 8.19412e-10 -5.62193e-10 5.74666e-10 2.54983 -1.75381 0.926768 0.336687 -3.40024 1.87158 -2.59366 7.09103e-09 0.603908 -1.12796e-10 -2.91642 -2.99945 0.601874 0.190233 -0.37175 0.516626 -0.0347066 0.125963 0.897608 8.25209 -0.0328946 0.0208947 1.06291 0.020911 0.00413203 0 0.0209543 0 0.0439403 0.0202343 0 0 0.00416529 0.210732 0.12537 0.189336 0.0809408 0.249373 0.0416653 0.0543488 0 0 0 0 0.0163251 0 0 0 0.0390628 0 0.00376147 0 0 0.0542659 0 0.0448893 0 0.305332 0 0.00788525 0 0 0.0235527 0.321032 0.0811413 0.224788 0 0.00282242 0 0.0173565 0.0187759 0.101139 0.0355909 0 0 0.00683295 0.0287603 0.0698583 0.0795609 0 0 0 0 0 0 0.0219537 0.172238 0.00455838 0.0364863 0 0.114155 0 0.0732744 0 0.106337 0 0.0557866 0 0 0 0.0864213 0.00335568 0 0.0119859 0 0.0426006 0 0.0607339 0.174448 0 0 0.0816003 0.0855653 0.060456 0.072247 0.112978 0.078197 0.132925 0.0572652 0.116403 0.130173 0.0197391 0.0990865 0.13991 0.0875746 0.0592546 0.0459946 0.00320306 0 0.293633 0.0091272 0 0.0610509 0 0 0.0960503 0 0.0996926 0 0 0.0285893 0.299808 0 0.222017 0 0.168816 0.13481 0 0.0365741 0.0307346 0.0378599 0 0 0.0430546 0 0 0 0 0.0697813 0 0 0.00139966 0 0.217144 0.202308 0.0636653 0.0599864 0 0.004589 0 0 0 0.0188775 0.13161 0.101714 0 0.0808866 0 0.136477 0.354013 0.132506 0 0.000849568 0.0785136 0 0.0493172 0.00284929 0.00989099 0 0.107558 0.108029 0 0.109549 0.0425121 0.100607 0.00318048 0.0928629 0 0.0999549 0 0.11116 0 0.132096 0.0242756 0 0 0.108332 0 0.00449205 0 0.19635 0 0.644154 0 0.318944 0 0.0299427 0.0323279 0.0194068 0 0.110968 0 0.150772 0 0 0 0.323411 0 0.328706 0 0.0256246 0.0327302 0 0 0.015485 0 0.270164 0 0.154023 0.0804083 0 0.106638 0 0 0 0.00451282 0 0 0 0 0 0.167889 0.0156743 0 0.0907214 0.00972664 0.238214 0 0 0 0.0169502 0 0.153311 0.148521 0 0 0 0.0336862 0.0585245 0 0 0.0793775 0.0666521 0 0.15777 0 0.169045 0.31382 0.0414723 0 0.294468 0.00489252 0 0 0 0.0718975 0.0933069 0.0167509 0 0.0478069 0.114745 0.0103318 0.155782 0.264614 0.486487 0.0220652 0.268793 0.0403713 0.120271 0.130982 0.171726 0.120441 0.0938794 0.00652185 0.0354354 0.00613877 0.224974 0.032222 0.228385 0 0.0229245 0.167381 0.219665 0.21367 0 0.0539011 0.0605219 0.00523532 0.0488396 0.00213814 0.036991 0 6.54291e-05 0 0.0106472 0.0622267 0.156206
20 7.06881 0.0606563 -0.0334146 -0.0942638 0.110892 -0.0977201 8.28458 -0.512661 -0.0567677 0.180778 0.623058 0.107244 -0.393734 0.0608848 -0.452412 -0.566438 -0.0251848 0.106253 0.0281164 -0.108023 0.0965045 -0.0491008 0.0714008 0.00684845 0.130239 0.0220357 0.0934662 -0.00832276 -0.12703 -0.0514206 0.027528 -0.106965 0.202569 0.050559 0.190847 -0.188422 0.0162782 0.152072 0.0188881 0.0572075 0.372414 0.256481 1.43102 0.175951 0.641735 -0.00886347 0.0718541 0.155716 -0.0504641 -0.0521099 0.112931 -0.144176 -1.31885 0.332246 0.69652 -0.0584342 -0.0141733 -1.18039 1.73878 0.513927 0.0710817 0.112878 0.918685 -0.387025 2.93539 -0.703059 -2.52617 -2.26134 -1.87334 1.93407 -2.5062 2.1583 2.20531 1.84144 -0.560261 -2.48444e-09 -0.0610411 -3.51705 0.117772 -1.12222 -1.52864 1.26268 0.184248 -0.0242179 1.27519 -0.301503 -0.353038 -3.4526e-09 -0.359115 5.74618e-10 -0.727841 -0.285235 -0.589795 6.10937e-09 1.1156 5.52444e-10 1.39638 -1.11285 0.338711 -0.258761 -0.845218 1.08244 -0.543968 2.22809e-09 -3.1167e-10 -2.91618e-10 -3.06392 -3.86961 -0.401386 -0.637121 -0.857148 -0.670551 -0.34403 0.124544 0.898927 8.28799 -0.0411792 0.0774483 1.0819 0.015258 0.0848835 0.0205183 0.081813 0.0137613 0.0785129 0.000480279 0.0188202 0.123028 0 0.267178 0.216175 0.216963 0.15018 0.222734 0.121371 0.0271216 0.0320146 0 0.020718 0 0.0765957 0 0.237971 0 0.337499 0 0 0 0 0 0 0.0232992 0 0.591242 0 0 0.0207159 0.0443965 0.145224 0 0 0.889866 0 0 0.121479 0 0.099613 0.00961292 0 0 0 0 0 0.0118752 0.0143878 0 0 0 0 0 0 0.0189695 0.053746 0.00763982 0.0231474 0.0190134 0.119398 0.0200431 0.0779625 0.0190089 0.0792082 0.102762 0.106362 0.00894677 0.0323265 0.0285531 0.158088 0.00408447 0.00438422 0.0149542 0.0384177 0.00706192 0 0.0409455 0.158485 0.0011361 0 0.0689527 0.0140178 0.0482745 0.00776253 0.0737527 0.0135523 0.169982 0.00610285 0.0504487 0 0.0803715 0.0157914 0.0800707 0.0205174 0.038552 0.00952881 0.170625 0.237055 0.576006 0 0.04723 0 0.029067 0 0.39244 0 0 0 0.0197221 0 0.919204 0 0.881324 0 0.54324 0.0988896 0 0.287878 0 0 0.069321 0.442423 0.553872 0 0 0.226781 0 0.366936 0 0 0 0.00954382 0.107192 0.0984615 0.0797034 0 0 0.058105 0 0 0 0.0456143 0.216601 0.204774 0 0.450142 0 0.66825 0.385668 0.081615 0 0 0.71986 0 0 0 0 0 0.0303396 0.11326 0.088576 0 0.148139 0.0438166 0.0657083 0 0.0629662 0 0 0.567414 0 0.623933 0 0.0239342 0 0 0 0.0016676 0 0.822342 0.0859496 0.783132 0 0.590894 0.104598 0.0205815 0 0.00480453 0.0700483 0.011137 0.0939252 0.000473356 0 0.0186727 0 0.373505 0 0.764393 0.00469969 0.071603 0 0 0 0.861866 0.033905 0.0437449 0 0.0404608 0.303722 0 0.765835 0 0 0.0907995 0.646988 0 0 0.366283 0 0 0.49024 0 0.359753 0.0011257 0.0439597 0.213512 0 0 0 0 0 0.039731 0.073699 0.0411926 0 0 0 0.209009 0 0.257186 0.454642 0 0 0.652247 0.150873 0.154307 0.038618 0 0.0286272 0.429492 0.0966694 0 0 0.11903 0 0 0 0.141096 0.0897951 0 0.117748 0 0.296919 0 0.0439886 0 0.150103 0 0.174756 0 0.191781 0 0 0.622667 0 0.771337 0 0.786599 0 0.152288 0.0752767 0.264072 0.0401203 0.0521971 0.0807623 0.142363 0.0368531 0 0 0.0203072 0 0 0 0 0.0770347 0.201054
21 7.10214 0.0308517 0.0641426 -0.0864776 0.112488 -0.0967976 8.3188 -0.440309 -0.011079 0.125939 0.3194 0.111074 -0.393019 0.0489778 -0.464315 -0.503582 0.0412885 0.121893 0.0226617 -0.108023 0.0858928 -0.158577 0.0684077 -0.0191772 0.0947848 0.0445174 0.0663429 0.000855279 -0.0831785 -0.0572116 0.0213 -0.105912 0.0872424 0.0372328 0.173506 -0.105152 0.0215522 0.151296 0.0458538 0.0592614 0.423095 0.228515 1.43409 0.182165 0.62849 -0.0196733 0.105135 0.155802 -0.0454071 -0.0500335 0.0367505 -0.201619 -1.34346 0.394396 0.695973 -0.0633266 -0.0136434 -0.563919 2.51945 0.277771 0.0314987 -0.0507392 1.02945 1.85467 1.5431 -1.62587 -9.24631 0.79124 1.32953 -0.436987 -2.49269 1.10616 1.66229 0.474964 -0.10713 -1.15819e-09 -1.5282 -2.91992 0.120159 0.160208 0.218219 0.412386 -0.565952 0.425035 0.800402 -0.137224 -0.403274 -1.8025e-09 -3.83427 -0.39014 -0.534711 3.0174 -0.345405 8.05405e-09 0.561833 4.02697e-10 0.51851 -1.49639 0.414303 0.137114 0.0314813 0.258327 0.867854 4.73126e-09 0.717554 0.0916316 0.346011 -2.72947 -0.809521 0.996667 -0.899292 -1.79322 1.20247 0.122999 0.89909 8.32411 -0.0397212 -0.0849201 1.08745 0.0373983 0 0.0357516 0 0.0336872 0 0.016729 0 0.124418 0 0.0867946 0.112906 0.066415 0.10295 0.0590322 0.116191 0.0289122 0.0868295 0 0.0768067 0 0.0883999 0 0.210722 0 0.29386 0 0 0 0 0 0 0.0051863 0 0.202747 0 0.0081006 0.00732355 0.0684277 0.0884121 0 0 0.509344 0 0 0.275449 0 0.160974 0 0 0.0159894 0 0 0 0.0210333 0 0 0 0 0 0 0.0286346 0 0 0 0.00681874 0.0743208 0.150328 0.0763834 0.10453 0.0835939 0.117631 0.21442 0.183945 0 0.0604045 0.0743703 0.171831 0.00118496 0.0182698 0.014488 0.0571144 0 0 0.0754923 0.0600131 0.0006389 0 0 0 0 0 0 0 0.00742107 0 0.0204246 0 0 0 0 0 0.0207413 0.00398912 0.0689745 0.340442 0.367406 0 0.0650155 0 0.0179784 0 0.242695 0 0 0 0 0 0.640182 0 0.442166 0 0.225826 0.0515641 0.00253034 0.122593 0.00622511 0 0 0.297985 0.0553497 0.119484 0 0.41011 0 0.144577 0 0.0494417 0 0 0.180147 0.0432779 0.246785 0 0 0.0338341 0 0 0 0.00861015 0.0695572 0.0072178 0 0.204913 0 0.338989 0.535977 0.00415756 0.000685226 0 0.21942 0 0 0 0 0 0.219599 0.0899908 0.131498 0 0.21788 0.0297472 0.112481 0.0130691 0.11145 0.0113931 0 0.249282 0 0.272506 0 0.046935 0 0.0281257 0 0.00978635 0.0342534 0.510098 0.257889 0.377599 0.0302799 0.328713 0.115085 0 0 0.0158262 0.167964 0 0.240123 0 0 0.0163524 0 0 0 0.104665 0 0.00963489 0 0 0 0.685514 0 0.121941 0 0.0963208 0.117475 0 0.467116 0.00466282 0.00718987 0.0474838 0.138086 0 0.0429393 0.265116 0 0.0149282 0.0294951 0 0 0 0.0375097 0.309852 0 0 0 0.0101895 0 0 0.271682 0.0294607 0 0.0786343 0 0.101553 0.0256557 0.225272 0.0674435 0 0 0.203656 0.00403501 0.00385607 0.166179 0 0.13244 0.504533 0 0 0.0993603 0.0461568 0 0 0.0905365 0.0608505 0.0892255 0 0.0825437 0 0.263265 0 0.0193637 0 0.129324 0 0.156017 0 0.165927 0 0 0.40836 0 0.527722 0 0.575755 0 0.0710132 0.0634341 0.0896338 0 0.147365 0.0247099 0.0144516 0.138007 0 0.00388384 0.00314783 0 0.00429263 0 0 0.171674 0.129632
22 7.13547 0.0308265 0.136692 -0.0723724 0.114931 -0.103067 8.35288 -0.413389 -0.0148466 0.0727534 0.106357 0.191851 -0.412153 -0.012301 -0.549449 -0.522954 0.0840567 0.11758 0.0154532 -0.108023 0.0111895 -0.226203 0.0600798 0.0102665 0.134893 0.0452373 0.0348315 0.00158374 -0.0644253 -0.0541404 0.0181838 -0.103502 -0.0632993 0.0231535 0.152043 0.0241634 0.0383009 0.15115 0.0508406 0.0596405 0.452752 0.184655 1.43121 0.197438 0.64932 -0.0235923 0.113576 0.156125 -0.0330801 -0.0501369 0.023762 -0.260137 -1.36515 0.464272 0.653986 -0.096795 -0.00400296 -0.14075 1.3594 0.388327 -0.0730416 -0.203479 1.03205 0.288888 -0.208254 -0.811674 -2.88525 1.93051 -6.1495e-09 -3.44402 -5.63022 -1.85335 1.43934 -0.293489 -0.0382885 -1.2363e-09 -2.62842 -0.985985 -0.0204346 1.13972 1.55251 0.214033 -0.886524 0.0014419 0.270217 0.0685214 -0.105372 -2.40078e-09 -4.65813 -0.918028 -0.431774 4.42622 0.680152 6.01021e-09 2.18101e-11 6.34079e-10 -0.121238 -0.858563 -0.059146 -0.20875 0.123239 -0.0345539 -0.412471 7.21524e-09 0.912811 -4.80638e-10 0.339875 -1.89418 -0.874718 0.349719 -1.70832 -1.20618 0.378691 0.121789 0.893642 8.35946 -0.0135588 -0.202163 1.02016 0.0199654 0.00913709 0.0201148 0.00278335 0.0235627 0.012812 0.0128288 0 0 0 0.053974 0.201315 0.0289256 0.167682 0.0284398 0.161797 0.0363276 0.09951 0.0369171 0.0573927 0.0299229 0.0523436 0.0656721 0.0809161 0.0577266 0.0849388 0.00388814 0.0738733 0.0217594 0.0730398 0 0.087272 0 0.127318 0 0.19643 0.0177287 0 0.148237 0.0339077 0 0 0 0.209922 0 0 0 0 0 0.0380428 0.0404323 0 0 0 0.0230385 0.011747 0 0.00609973 0 0.00291143 0.0335419 0.0329448 0.0248814 0.0182599 0.0214228 0.0122374 0.00561762 0.200645 0.0099592 0.14741 0.018016 0.14954 0.0979378 0.18999 0.0495429 0.0659845 0.0104615 0.222254 0.00996196 0.0208976 0.0435902 0.0556337 0 0.0141071 0.172003 0.0723729 0.00106262 0 0 0.0553491 0 0.0320316 0 0.0375635 0.0434721 0.0406577 0 0.00232331 0 0.0330642 0 0.0330059 0.0054373 0.0290446 0.133705 0 0.483011 0 0.0448549 0 0 0 0 0.0280951 0 0.0330354 0 0.129194 0.0905476 0.348974 0.0945863 0.170331 0.0627039 0 0.0332235 0 0.0311238 0.00225685 0.112309 0 0.0917924 0.0386744 0 0.0484815 0.00660262 0 0 0.0894573 0 0.00147869 0.17901 0.0450473 0.427484 0 0 0.0424754 0 0.0136699 0 0 0.127457 0.118671 0.0108939 0 0.0261111 0 0.623328 0.00721447 0.000342798 0 0 0.160045 0 0.00767627 0 0.0244795 0.314567 0.087282 0.10253 0 0.157559 0 0.0762182 0 0.0750425 0 0.0163154 0 0 0 0 0 0 0.100435 0 8.29084e-05 0.0805123 0 0.127758 0.273356 0.135619 0.182296 0 0.0118685 0 0 0.0217417 0.0282006 0.00918857 0.00285601 0 0 0.332505 0 0.310275 0 0 0.000624038 0 0.0022513 0.049119 0 0 0.211338 0 0.187368 0 0.277721 0 0.102963 0.0740558 0.0534134 0 0.119723 0.161632 0.146519 0.0184453 0.04986 0.10322 0 0.0336711 0 0.0123278 0.322577 0 0.01704 0 0.0784314 0 0 0.367868 0.00982839 0 0.106494 0.017265 0 0.202257 0.116409 0.0174898 0.0197768 0.0902462 0 0.0729741 0 0.225402 0 0 0.805595 0 0 0.175436 0.000511467 0.0287178 0 0.165385 0 0.0621377 0.0344151 0.0739987 0.0431147 0.208491 0.152733 0.0653061 0.0368453 0.078324 0.0452295 0.115259 0.0727496 0.110837 0.0686061 0.0495002 0.0305729 0.106041 0 0.139996 0 0 0.0416182 0.0880724 0.0193426 0 0.12662 0.0478799 0.0534612 0.0113597 0 0.00689968 0 0 0.0158033 0 0.0297044 0.250084 0.122847
23 7.16881 0.0227653 0.159857 -0.0637389 0.116744 -0.107509 8.38745 -0.405205 -0.00523871 0.0643348 0.124179 0.254397 -0.36902 -0.0505302 -0.627009 -0.541891 0.136529 0.103443 0.0157534 -0.108023 -0.0334348 -0.23339 0.0558573 0.0112313 0.13621 0.0534238 0.0149662 0.0119776 -0.0568121 -0.0554666 0.0104982 -0.102585 -0.142991 0.0238261 0.14615 0.0985597 0.027238 0.15121 0.0488109 0.0594862 0.448771 0.151748 1.41308 0.202935 0.666973 -0.0395947 0.0987706 0.155678 -0.0510165 -0.0515414 0.0392875 -0.277739 -1.36766 0.511191 0.61212 -0.106329 -0.000405363 -0.0481618 -0.130939 -0.574281 -0.160756 0.123865 0.924486 -0.175929 0.113808 0.827849 2.52492 -2.19375 -0.305021 0.693596 -1.6208e-09 2.34989 1.03682 -0.807344 0.897915 -8.45676e-10 0.804223 1.10579 0.0481077 -1.66135 -2.26289 0.858428 -1.13774 0.710332 -0.681109 0.383858 0.386179 -3.16672e-09 -3.82073 -0.175644 -0.0657314 3.86914 -0.342869 4.34181e-09 0.397263 8.89073e-10 -0.610298 -0.371374 -1.04335 -0.300294 0.226967 -0.282376 -0.280423 7.27626e-09 -8.37481e-10 -1.2175e-09 0.0359598 -0.418941 -0.494219 -0.324334 -0.520754 0.0874368 0.14784 0.121396 0.889865 8.39157 -0.0286003 0.112343 0.894555 0.105354 0 0.107495 0 0.113381 0 0.0453303 0 0.191211 0 0.352913 0.365937 0.287617 0.300266 0.256412 0.307405 0.0229514 0.0621059 0.00337288 0 0.00513266 0 0.01177 0 0 0 0.00611796 0 0 0 0 0.0379233 0.0103011 0.12072 0.0698987 0.240435 0.00993143 0 0.279674 0.0326496 0 6.64033e-06 0.357813 0.114503 0 0 0 0 0 0.0796489 0.0215293 5.79879e-05 0 0 0 0.00688248 0 0.0128477 0 0.00342802 0.0285605 0.00754005 0 0.0314122 0.00919984 0.0103661 0.0169591 0.190041 0.0185644 0.114075 0.0192536 0.11884 0.0246004 0.159378 0.0449316 0.0362811 0 0.205213 0.00776174 0.00960711 0.0383205 0.0297929 0 0 0.102297 0.0259819 0.0015113 0 0.0888712 0.0353882 0.0691954 0.0192637 0.0906606 0.024829 0.16191 0.0255922 0 0.0231987 0.114195 0.0228413 0.107934 0.0232935 0.000155149 0.0314276 0.112096 0 0.525382 0 0.000254301 0.160097 0 0.11513 0.0754474 0.183903 0 0.0689723 0.00345377 0.181909 0.347335 0.266677 0.148336 0.291717 0 0.223825 0 0.149907 0 0.0710807 0 0.0534539 0 0.070026 0 0 0 0 0 0.0895938 0 0.000388494 0.00744458 0 0.538431 0 0 0.029043 0 0.00344232 0 0.0259386 0.341537 0.148192 0 0 0 0 0.469187 0 0 0 0.230033 0.0765593 0 0.0101414 0 0.0216998 0.13835 0.031276 0.00936901 0 0.0309915 0 0.00294178 0 0.00056264 0 0 0 0 0 0.0146485 0 0 0.146508 0 0 0.357642 0 0.659569 0 0.398271 0.188961 0.29256 0 0 0 0.360988 0 0.350573 0 0 0 0 0.0615862 0 0.000640837 0 0.0405241 0.00721532 0.00582918 0 0 0 0.204989 0 0.141794 0.0558678 0.154979 0.365613 0 0 0.0221163 0.0646714 0.066991 0.272615 0.0674581 0 0.0465747 0.44766 0 0.274127 0 0 0.403176 0 0 0 0.0358647 0 0 0.209935 0 0 0.115049 0.00136562 0 0.441247 0.0651791 0.0235524 0.0571946 0 0 0 0.0218869 0.207155 0 0.119342 0.791148 0.0568981 0.0698709 0.121902 0 0.00764815 0 0.112299 0 0.0215322 0.143431 0.009159 0.163481 0.0806355 0.513971 0.00565531 0.209195 0.0414731 0.176554 0.0532325 0.279354 0.0533424 0.253051 0 0 0 0 0 0.00213475 0 0.0952608 0.266846 0.169083 0 0.294416 0.10557 0.111299 0.188215 0 0.0217748 0 0 0.0178193 0 0.04376 0.237371 0.0645011
24 7.20214 0.0319155 0.145098 -0.0587664 0.118192 -0.1024 8.42007 -0.417347 -0.0021225 0.0647577 0.201235 0.17797 -0.380043 -0.0382302 -0.538417 -0.524057 0.161042 0.0854871 0.0110747 -0.106732 0.0423096 -0.196643 0.0681632 -0.088835 -7.01193e-05 0.0421903 0.00370006 0.0160401 -0.0510488 -0.0518988 0.0113593 -0.103705 -0.138855 0.0380166 0.132167 0.10622 -0.00161188 0.148924 0.0500229 0.0596382 0.413257 0.143117 1.38589 0.164218 0.659074 -0.0604313 0.079326 0.155678 -0.0510165 -0.0515414 0.0496806 -0.293611 -1.36864 0.517012 0.611753 -0.07357 -0.0312626 0.341328 -0.424902 0.187779 -0.0996099 0.204371 1.01297 -0.00267226 0.0419811 -0.0190847 1.63439 -1.85962 -0.0909171 0.970651 4.81439 3.11234 0.569735 -0.445667 -0.125721 0.217669 2.7717 0.921947 0.115552 -3.47118 -4.72449 -0.603155 -0.208929 0.278016 0.183966 0.168417 -0.12435 -2.6209e-09 0.466997 0.570867 -0.390851 -0.231014 -1.05188 -0.165713 1.29591e-10 3.23905e-10 -0.340449 -0.385466 -0.917265 0.0107237 0.604202 -1.17603 0.105315 8.36324e-09 -8.68125e-10 -6.49248e-10 0.616683 0.0932411 -0.0472194 0.083995 0.534448 0.206928 -0.545862 0.120545 0.895272 8.42164 -0.0257409 0.178797 0.910219 0 0.0376889 0 0.0418112 0.00382474 0.0521915 0 0 0 0 0.211023 0.0752559 0.193499 0.0350065 0.200105 0.0161464 0.0795686 0.0641531 0 0.00941341 0 0 0 0.00588663 0 0 0 0 0 0 0 0 0 0 0 0 0.00909096 0 0.291999 0.0417433 0 0.010169 0.082702 0 0.126469 0 0.0250603 0 0 0.0453837 0.0305345 0 0 0 0 0.00439944 0 0.00408908 0 0.000517028 0.0163946 0 0 0.00662635 0 0 0 0 0 0 0 0 0 0 0.0295619 0.00208708 0 0.0092511 0.0171024 0.00625398 0.038359 0.016767 0.0156998 0.00825932 0.0455847 0.014985 0.00135864 1.80331e-06 0.0736521 0.0928863 0.0607187 0.0675566 0.0786117 0.0755582 0.148744 0.0840363 0.0069689 0.0395505 0.0939443 0.0849806 0.0872924 0.084436 0.0231078 0.0411041 0.242616 0 0.615861 0 0.0598588 0.0773107 0 0.0403013 0.0240701 0.0347166 0 0 0 0 0.748751 0.0294662 0.582801 0.100708 0.272407 0.162267 0 0.0822059 0.00871826 0.018249 0.153005 0.0752571 0.312228 0.0727331 0 0 0 0 0.00158668 0.0220228 0 0.00629788 0.1417 0.0425149 0.451673 0 0 0.116716 0 0.0147039 0 0.0247251 0.182987 0.188122 0 0 0 0 0.573549 0.00145669 0.000107522 0 0.135301 0 0 0 0 0.0224235 0.171378 0.175458 0 0 0.0126471 0 0 0 0 0 0 0 0 0 0.0437032 0.00455805 0 0.0329337 0.00543239 0 0 0.0959828 0.0408674 0.302067 0.09861 0.213902 0 0.0143152 0 0 0.00318734 0.0887765 0 0.0539633 0 0 0.0383231 0.151674 0.0184644 0.134788 0 0 0 0.00272862 0 0.026641 0 0.137773 0 0.169626 0.333593 0 0.503894 0 0 0.120401 0.542388 0 0.265487 0.129125 0.0155353 0.00598959 0.224873 0.0195669 0.0791199 0.0262425 0.0087472 0.309714 0 0 0 0.0355722 0 0.0896437 0.263936 0.053518 0 0.0211206 0 0 0.438961 0 0.0807274 0.0237533 0 0.0232958 0.0609851 0.0313221 0.229091 0 0.0628143 0.336523 0.0366341 0 0.123162 0 0.0184876 0 0.109418 0 0 0.000321125 0 0.00634941 0 0.0388043 0 0.0276071 0 0 0 0.0172932 0 0.014337 0.00442156 0 0 0.00760722 0 0.00321446 0.00101633 0.0737487 0.000656646 0.175101 0 0.10599 0.0622089 0.0967616 0 0.013105 0 0.00656326 0 0.00646946 0 0 0.258371 0.125931
25 7.23547 0.0392055 0.126163 -0.056288 0.11977 -0.0960447 8.45421 -0.406421 0.0128801 0.0692684 0.240469 0.123777 -0.391 -0.0105812 0.0459354 -0.128026 0.158668 0.0694789 0.00942169 -0.0544922 0.114832 -0.152839 0.0559785 -0.209187 -0.142446 0.0377975 -0.00212928 0.0286594 -0.0663213 -0.0352975 0.00820299 -0.103648 -0.120651 0.0299997 0.131156 0.105108 -0.00313985 0.150468 0.050296 0.0584521 0.398418 0.106316 1.35805 0.197644 0.701599 -0.0828936 0.0926304 0.155661 -0.051673 -0.0515928 0.0409632 -0.330909 -1.37208 0.404843 0.580585 -0.0896826 -0.0655537 0.161104 -0.939671 0.112188 -0.115425 0.218721 1.0435 0.523606 0.554748 0.362673 0.97343 -1.99122 -1.15382 2.35663 17.6225 12.4136 -0.0755747 -0.305593 0.00238506 1.78827 1.97333 1.14062 -1.40007 -3.72258 -3.78983 -0.186571 -0.143794 0.293829 -0.424554 0.389824 -0.0387427 -2.61824e-09 -0.689241 -0.445959 -0.0644912 1.30283 0.196341 1.65432 1.8541e-10 -0.136928 -1.16264 1.61105 -1.18531 -0.0948918 2.17348e-10 0.198851 0.342062 6.96362e-09 -1.10769e-09 -6.04298e-10 0.258504 0.39522 -0.102098 -0.831867 1.12282 2.11855 -1.55369 0.119883 0.901345 8.45236 -0.0194651 0.172364 0.928827 0.0195896 0.0223224 0.0139862 0.0255897 0.0285835 0.0374574 0 0.0089181 0 0 0.207436 0.0855777 0.179572 0.0347165 0.183413 0.010346 0.101291 0.0250973 0 0.00350675 0 0.0151473 0 0.0192484 0 0.0420192 0 0.00289015 0 0.0290678 0 0.0295867 0 0 0 0 0 0.00272322 0.369628 0.0356939 0 0.123019 0.26184 0 0.0796399 0.0410132 0.0442785 0.0172137 0.0173421 0.0584921 0.0138485 0 0 0.0310961 0.0320745 0.0214604 0 0.0112001 0 0.000582401 0 0 0 0.0086821 0 0.00417067 0 0 0 0 0 0 0.00498027 0 0 0 0 0 0.0186771 0 0.0189172 0 0.06232 0 0 0 0.00204972 0 0.21603 0.173525 0.195915 0.123127 0.188448 0.125934 0.217444 0.11013 0.0473274 0.0283388 0.243852 0.112521 0.208281 0.101134 0.0471531 0.0326641 0.0202419 0 0.321916 0 0.0194669 0.0490455 0 0.0255699 0 0.00922232 0 0.0144888 0 0.00278948 0.671551 0 0.467464 0.0226916 0.117434 0.0817394 0 0.0735849 0 0 0.0432064 0.0435774 0.173847 0.00287242 0.0201692 0.0172209 0 0.0241966 0 0 0 0.0186858 0.156334 0.0226549 0.511239 0.0433779 0 0.0672907 0 0.0155081 0 0.000715988 0.187331 0.161902 0 0.0214646 0 0.0339387 0.599171 0.010603 0.00307155 0 0.185443 0 0 0.0496722 0 0.0328165 0.25522 0.0722159 0.00154882 0 0 0 0 0 0 0 0 0.00938302 0 0.0388711 0.0594012 0.00404078 0 0.031587 0.00337104 0.000141604 0 0 0.133954 0.249836 0.137882 0.236912 0 0 0 0 0.011394 0.0272089 0 0.0215695 0 0 0 0.0358655 0 0.0695516 0 0 0 0.011936 0 0.0275567 0 0.124091 0 0.148916 0.260927 0 0.503596 0.0116769 0.0265779 0.0558101 0.380221 0 0.228867 0.0284734 0.02276 0.0220843 0.47393 0.228636 0.0269631 0 0.0424924 0.310066 0 0.00325225 0 0.041828 0 0 0.319634 0.0275849 0 0 0 0.015232 0.367321 0 0.0345389 0.0150172 0 0.0326056 0.00738607 0.0169852 0.250177 0.045505 0.0985469 0.369689 0.095137 0 0.0364035 0 0.0891933 0.0561636 0.029326 0 0 0.00378211 0 0 0 0.0357471 0 0 0 0 0 0 0 0.00462395 0 0.00606456 0 0.0465284 0 0.0498517 0.000252475 0.0562548 0 0.146277 0 0.106678 0.0647153 0.104608 0 0.0136589 0 0 0 0.0050877 0 0.0298684 0.271661 0.131272
26 7.26881 0.0485684 0.10407 -0.029745 0.121428 -0.0853749 8.48984 -0.371492 0.020409 0.0496633 0.235584 0.133028 -0.367088 -0.0315036 0.00033457 0.0213232 0.107118 0.0764442 -0.0202377 0.0638364 0.293853 -0.139506 0.102078 -0.317394 -0.426328 0.0152222 -0.000671093 0.0148908 -0.0647037 -0.0377099 0.00215176 -0.103905 -0.0950926 0.0285269 0.125351 0.0865504 -0.0137193 0.150664 0.0429264 0.0573681 0.388711 0.144775 1.33845 0.152415 0.70037 -0.066666 0.0833305 0.155661 -0.051673 -0.0515928 0.0649473 -0.321635 -1.36899 0.373111 0.609047 -0.0234633 -0.0480329 0.222792 -0.88007 0.778749 -0.0796198 0.483514 1.08024 1.29743 0.399227 -0.479487 -0.589645 1.15661 0.632245 -0.19359 -1.59136 -2.53857 -1.94779 0.376629 -0.992743 3.72489 8.10345 0.646538 0.208548 28.2482 -9.98115 -0.818335 0.223559 -0.179127 0.167715 -0.126245 -0.38445 -2.9371e-09 1.15982 0.3005 -0.124373 -1.11617 -0.635492 1.31388e-09 0.467454 1.32424e-10 -0.102369 0.223088 -0.46915 -0.0106677 6.46814e-10 -0.749681 0.283726 7.00939e-09 -9.85133e-10 -6.77746e-10 -0.426543 1.40774 -0.131567 0.0993379 1.57067 1.30334 -0.214725 0.119205 0.911124 8.48451 -0.0278343 0.399071 1.00167 0.0038884 0.0351579 5.4202e-05 0.0307989 0.00506077 0.028021 0 0.0215406 0.0380993 0 0.179815 0.0384207 0.161905 0.0129276 0.167428 0.00792387 0.060991 0.0439502 0 0.0822509 0 0.0792818 0 0.125113 0 0.169814 0 0.0550485 0 0.0649325 0 0 0 0 0.0209535 0 0.00948095 0 0.24964 0 0 0.110309 0.114695 0 0.0515152 0.0594633 0.000584441 0.0327196 0 0.0745003 0.00997261 0 0 0.0216392 0.000484205 0.0172054 0 0.0127636 0 0 0 0 0 0.00447754 0 0 0 0 0 0 0 0 0 0.00283193 0 0 0 0.0151412 0.00953776 0 0.0101598 0 0.0328712 0 0 0 0.00113221 6.05605e-05 0.0767629 0.0457154 0.0436545 0.0350008 0.0688518 0.0366146 0.184482 0.0289679 0.0431117 0.0723003 0.116755 0.0594347 0.117612 0.057568 0.0345616 0.0544704 0.215381 0.120286 0.539779 0 0.00667975 0 0 0 0 0 0 0.0069727 0 0 0.863097 0 0.751918 0 0.214213 0 0 0.0164911 0 0 0.112513 0.0497442 0.462839 0.0230079 0 0.145741 0 0.0119691 0 0 0 0.00307571 0.151945 0.0992483 0.383054 0 0 0.0697838 0 0.00653156 0 0.0171411 0.0903463 0.0848459 0 0.0390497 0 0.0474591 0.548537 0.0788134 0.00217305 0.000197074 0.409292 0 0 0.0202915 0 0.0317022 0.19364 0.094152 0.0181314 0 0.0691107 0.0500123 0 0 0 0 0 0.0179045 0 0.0113618 0.0214198 0.00912785 0 0.0464063 0.00295509 0.00247622 0 0.150752 0.0455919 0.198346 0.131237 0.205824 0.0258094 0.0137847 0 0.005331 0.00641511 0.0243699 0.0104549 0.00765295 0 0.0106102 0.0502402 0.0201447 0 0.0270273 0 0.0168146 0 0 0 0.12999 0 0.146935 0 0.146429 0.204154 0 0.26255 0.0224809 0 0.0573095 0.490374 0 0.223313 0.0196296 0.0309263 0 0.30736 0.00840262 0.341891 0.0438466 0.00934433 0.24607 0 0 0 0.0321534 0 0.0759055 0.271885 0.0234657 0 0 0 0.0112867 0.345388 0 0.223308 0 0 0.017475 0.100679 0.00313646 0.176419 0.0267118 0.0438212 0.165968 0.0346689 0 0.0864106 0 0 0.0319187 0.0843297 0 0 0 0 0 0 0 0 0 0 0 0 0 0 0 0.0174737 0.0741981 0 0.108819 0 0.122676 0 0.0453895 0 0.25551 0.00236481 0.06047 0.0445004 0.0431984 0.00432321 0.011332 0 0.0228605 0 0 0 0 0.23283 0.129176
27 7.30214 0.0346993 0.107162 0.0123745 0.123284 -0.0694108 8.52724 -0.288074 0.0178599 0.00567045 0.196659 0.158536 -0.355006 0.00281523 -0.0676709 -0.0515256 0.016484 0.104842 -0.0540458 0.255897 0.606814 -0.162613 0.148819 -0.439258 -0.613915 0.0146961 -0.008361 -0.00603436 -0.0645134 -0.0414359 -0.0120024 -0.103482 -0.0762036 0.0107204 0.136205 0.0656499 -0.0069898 0.15043 0.0506552 0.0572918 0.366339 0.127682 1.3384 0.176253 0.700286 -0.0541371 0.0919034 0.155688 -0.0507879 -0.0526442 0.0890481 -0.374116 -1.35194 0.200235 0.569358 -0.0155953 -0.0444481 -0.645552 -0.384898 1.38187 -0.0726976 0.546773 1.1512 2.48335 0.452037 -1.3364 -0.884825 1.40512 0.675173 0.807564 -2.17543 -2.49141 -2.32521 1.30522 -1.07098 5.12877 10.4093 -2.49924 2.0106 1.02137 -6.21314e-07 -0.0845067 -0.176005 -0.707439 0.148867 -0.173612 -0.518677 -3.32183e-09 -1.79018 -0.915866 0.341124 1.95258 0.563735 2.36643e-09 2.42768e-10 -0.141942 -0.00619646 0.787312 -0.00733624 0.0252623 4.98015e-10 0.632136 0.0167482 7.05085e-09 -1.49585e-09 -7.06342e-10 -0.231628 1.07614 -0.0247014 -1.46647 2.58112 3.55102 -1.867 0.118609 0.925827 8.51917 -0.0134178 0.4824 1.06569 0 0.0618251 0 0.0615455 0.0050573 0.0538727 0 0.0648684 0 0 0.161921 0.0600758 0.153075 0 0.186129 0 0.0933752 0.017929 0 0.0546985 0 0.0531613 0 0.0824851 0 0.132058 0.00395787 0.0174632 0 0.0444944 0 0.00289749 0 0 0.00824756 0 0.00341348 0 0.405057 0.00211036 0 0.147589 0.043968 0 0.0149948 0.177905 0.0232135 0.0214716 0.0180289 0.0795125 0 0.00354179 0 0.0298055 0.0407189 0.0314665 0 0 0 0 0 0 0 0.00313916 0 0 0 0 0 0 0 0 0 0 0 0 0.0184382 0 0.0163501 0 0.010831 0 0.0698408 0 0 0 0.000518397 8.23659e-05 0.229603 0.0918405 0.148505 0.070524 0.149066 0.0793113 0.181676 0.0748065 0.045912 0.0493894 0.399494 0.0825817 0 0.0765547 0.0412347 0.0361757 0.1048 0.083877 0.263543 0 0.0235936 0 0 0 0.0337537 0 0 0.0139067 0 0.00179989 0.624617 0 0.422206 0 0.139009 0 0 0.0487982 0 0 0 0.0785991 0.181905 0 0.000893932 0.17005 0 0.0115645 0 0 0 0.00417166 0.241094 0.102198 0.394716 0.0468821 0 0.0310413 0 0.0131544 0 0.00815572 0.119564 0.125746 0 0.00863446 0 0.00987669 0.664168 0.138514 0.00348923 0.000828559 0.171038 0 0 0.0483181 0 0.0283398 0.270708 0.0931013 0.151847 0 0.18486 0.00721439 0.00721953 0.00453209 0 0.0128334 0 0.0136088 0 0.0157058 0.0969991 0.0255886 0 0.0592868 0.00390625 0 0 0.18989 0.144992 0.297665 0.150001 0.254317 0 0 0 0 0 0.0703319 0 0.0658607 0 0 0.0514045 0 0 0 0 0 0 0.0155882 0 0.125517 0 0.175519 0 0.150825 0.0253984 0.0925267 0.0722619 0.29583 0 0.00212101 0.0461377 0.119153 0.21625 0 0.0112187 0.0030126 0.754953 0.0583043 0.452327 0 0.0224544 0.309332 0 0 0 0.0226625 0 0 0.358279 0.0625506 0 0 0 0.00549847 0.37313 0 0.0622141 0 0 0 0.0327173 0.0107234 0.26075 0.0976599 0 0.182764 0 0 0.0205118 0 0.104373 0.0622311 0.0285 0 0.0372324 0 0.0024475 0 0.163611 0 0.0240643 0 0.0565361 0 0.0759147 0 0.0589748 0 0.0225243 0.0581837 0 0.0819629 0 0.11027 0 0.0467858 0 0.283032 0 0.135421 0.0250458 0.0760265 0 0.0588141 0 0.00280525 0 0 0 0.0129932 0.260754 0.132442
28 7.33547 0.00447491 0.0944412 0.0244126 0.123059 -0.0573652 8.56568 -0.169345 0.0335572 -0.000144617 0.116089 0.208708 -0.354663 0.0020305 -0.117405 -0.133953 -0.0882431 0.106348 -0.0412378 0.508498 0.595912 -0.0570845 -0.0558983 -0.164723 -0.353134 0.0542611 -0.0228532 -0.00140361 -0.099306 -0.0246548 -0.0142952 -0.103334 -0.0391414 -0.0282459 0.169315 0.0547378 0.0326782 0.113554 0.0170039 0.0475538 0.43608 0.193882 1.33388 0.139525 0.693322 -0.0228041 0.113406 0.155784 -0.0470502 -0.0523517 0.0509456 -0.277855 -1.37761 0.162312 0.673251 -0.0336212 -0.136003 -0.807485 -1.28999 0.322423 -0.103786 0.233563 1.1496 3.183 0.7255 0.00869783 -1.97423 0.209582 0.558728 -0.115645 -0.586838 -0.804843 -2.68134 0.274214 0.0923764 6.43383 -0.565178 0.853907 -1.34462 8.85288 8.01997 1.14249 0.114878 0.0125586 -1.20944 0.499005 0.103939 -1.62933e-09 -1.71924 -1.02673 1.03819 2.70975 0.792773 -0.896371 0.281811 -0.0335856 0.842283 -0.543664 -0.0175925 -0.0513908 0.827332 0.256653 0.323958 8.25042e-09 0.566633 -2.32046e-10 -0.481466 2.28078 -0.311829 0.32158 0.588954 -1.41252 -0.579582 0.11839 0.937609 8.55449 -0.00635069 0.233931 1.05132 0 0 0 0 0.0107671 0.0347016 0 0 0.00331952 0 0.0185338 0.0777644 0.0112025 0.044741 0.0596442 0.0168145 0.0186589 0.052745 0 0.013028 0 0.0734219 0 0.0445179 0.0267235 0.133689 0 0 0 0 0.07313 0.022782 0.0618008 0 0.229901 0.0117131 0.0255072 0.0148015 0.188599 0.0583351 0 0 0.0224908 0 0 0.116016 0.0529022 0.142162 0 0.0368133 0 0.00044785 0 0.0340127 0.0391194 0 0 0.0199644 0 0 0.0208466 0.0174827 0.0232797 0.0312204 0.00843187 0.0133872 0 0.00665295 0 0.00998516 0 0.0217352 0 0 0 0.0261897 0 0 0.00511128 0.00780295 0.00477491 0.0149537 0.0289454 0.0389552 0.0695036 0.0685952 0.0011225 0.000562115 0.206018 0.176117 0.233326 0.124526 0.26081 0.148639 0.212701 0.109979 0.0398625 0.00186116 0.188429 0.155206 0.326607 0.159234 0.0151198 0.0261008 0.0697687 0.0368057 0 0.0314033 0 0 0 0 0 0 0 0 0 0.000295347 0.188141 0.0511664 0.00327647 0.250464 0.0194745 0.0440022 0 0.0167288 0.142001 0.0521573 0.00147316 0.168435 0 0.103367 0 0 0 0.0118219 0 0.00727999 0 0.0381388 0.271405 0.0363863 0.348375 0.0473654 0 0 0 0 0 0 0.105457 0.030549 0.0146914 0.0357329 0.0462006 0.0734331 0.652951 0.0140678 0.0023171 0.000686452 0.153849 0.0644995 0 0.0234552 0 0 0.259755 0.264096 0 0.00994089 0.106565 0 0 0.0580777 0 0.0744744 0.0900311 0.0285188 0 0.00808973 0.0835471 0.0485669 0 0.186157 0 0.0122857 0 0 0.138602 0.06581 0.0650128 0.165401 0 0 0 0.0206298 0.00344187 0 0.0393244 0 0 0 0 0.302464 0.0830287 0.0120703 0 0 0 0 0 0.0373985 0 0.313638 0 0.119865 0.114321 0.0471541 0.14971 0 0.00951349 0 0.070102 0.107138 0.138396 0.0442796 0 0 0.157456 0.0450133 0.0264407 0.144426 0.138796 0.323709 0 0 0 0.00909067 0 0.0662156 0.35209 0.107121 0 0.0558461 0.0689975 0 0.249928 0 0 0.00247615 0.0534202 0 0 0.0532706 0.244048 0 0 0.333695 0.773038 0.00532761 0.108808 0.0214968 0.0544379 0.0183011 0.128434 0.0408714 0 0 0 0.00838566 0.144511 0.00967402 0 0.0113099 0 0 0.0345205 0 0 0 0 0.129451 0.0163921 0.246734 0.0338816 0.255899 0 0.0290594 0.0337055 0.190616 0 0.218245 0.00522222 0.0731218 0.0674013 0 0.0278546 0.0539604 0 0.00321821 0 0.0122173 0.255036 0.121464
29 7.36881 0.00217542 0.0458972 0.0587083 0.125356 -0.0513031 8.60467 -0.0677869 0.0212978 -0.0335089 0.0211646 0.191002 -0.292836 -0.00607522 -0.103509 -0.115575 -0.158135 0.108344 -0.0632131 0.606035 0.463548 0.0386072 -0.081444 -0.113837 -0.277295 0.0511071 -0.025895 -0.0173349 -0.121076 0.00402569 -0.0176198 -0.102213 -0.0291374 -0.0509878 0.188128 0.0585638 0.0397928 0.112769 0.0414398 0.0514965 0.428048 0.18157 1.33014 0.158091 0.702959 -0.0707441 0.0522301 0.15649 -0.0191061 -0.0501612 0.194954 -0.309653 -1.35523 0.12339 0.628797 -0.056949 -0.0726318 0.00248928 -2.12124 0.842309 0.0478919 0.153438 1.13273 2.71858 -0.0213403 -0.876196 -2.88076 0.106765 2.18409 -0.322411 -0.0199569 -0.0559228 -1.60417 0.658988 -0.408826 0.989818 -5.17799 2.32882 2.67459 4.25963 3.13892 0.00516416 0.683366 0.137309 -0.827509 0.511098 -0.512595 -1.24476e-09 0.156689 -1.16403e-09 0.356031 0.00220911 -0.611084 -0.599946 0.765687 2.2701e-10 -3.13062 0.201119 0.386344 -0.727748 2.72089 -0.270877 -0.313003 7.61518e-09 -0.106404 -3.97128e-10 1.06957 2.85837 -0.304526 0.143746 0.000473977 1.0098 0.445932 0.119007 0.943256 8.58871 0.0295213 0.135716 1.01077 0 0.0281383 0 0.000394361 0 0.00545644 0.0245056 0.0487145 0 0.0826342 0 0.0165303 0.00458291 0.0556991 0 0.114245 0.048881 0.0378619 0.00165097 0 0.0381402 0 0.0433787 0.00357827 0.0611171 0.0136722 0 0 0 0 0 0.0154023 0 0.0409624 0 0.0862316 0.0251146 0.0105002 0.203456 0 0 0 0 0 0.0276462 0.0135724 0.117134 0.061128 0 0.011709 0 0 0 0 0.0238333 0.00720418 0 0.0129237 0 0 0.000413068 0.0065425 0.039551 0.0450047 0.0126658 0.0194948 0.0210542 0.0535781 0.00464376 0 0.0240598 0.0228183 0 0 0.0245157 0.0105017 0 0.0480029 0.0123975 0.00560189 0.0220286 0.0109544 0.0451426 0.0341935 0.136744 0.0728815 0.000885676 0.00107893 0.0997785 0.148077 0.0682103 0.0389879 0.108745 0.127034 0.0790055 0.171785 0.0347306 0.0384784 0.0701208 0.0525503 0.0821846 0.129938 0.0276259 0.0301972 0 0.503431 0 0.13749 0.0225213 0.0294544 0 0 0 0 0 0 0.0191529 0.0333099 0.271228 0.612192 0.25391 0.565877 0.101469 0.346031 0.023537 0 0.0172313 0.052986 0.0088984 0.227218 0.243828 0.333424 0 0 0 0 0 0.0514818 0 0.000331726 0.169499 0.089434 0.0284983 0.00642097 0 0.01307 0 0 0 0 0 0.0290331 0 0 0 0.0208671 0.368799 0.0845012 9.82699e-05 0.00397648 0.0946462 0.12469 0 0 0 0 0.126705 0.0990437 0.0910596 0 0.0425462 0 0 0 0 0 0 0.00851195 0 0 0 0.0415918 0.00358434 0.125182 0 0 0 0.0801525 0.0985686 0.153248 0.0491495 0.124596 0 0.0208275 0.0021894 0 0 0 0 0.0634027 0.0660188 0.0339835 0.309377 0.0213332 0.133318 0.0369125 0.00989384 0.0155918 0 0.0418819 0.00635299 0.132878 0.071607 0.129222 0 0 0.00441292 0.00412536 0 0 0 0 0 0.0779166 0.267208 0.0195106 0 0.0252443 0 0.304166 0 0 0.0799534 0.228193 0 0 0 0 0 0.125985 0.147119 0.0340789 0.00455608 0.0132797 0 0.0216723 0.307037 0.0185172 0.0973658 0.0620372 0.0360423 0.0518934 0.117637 0.0372374 0.0586812 0 0 0.0851775 0.835006 0.0368478 0.108173 0.0157375 0 0.0364388 0.160139 0.0325786 0.0414131 0 0.0400478 0 0.102406 0 0.0445175 0 0 0 0 0.0014028 0 0 0.0497619 0.356987 0.117124 0.0867782 0.117238 0.106479 0.0131773 0 0.0954279 0.229872 0 0.14432 0 0.0228383 0 0.0794947 0.0746307 0.0305846 0 0 0 0.00159095 0.154775 0.0421093
30 7.40214 0.000405417 0.0104052 0.0852796 0.128018 -0.048211 8.64008 0.0157183 0.0028817 -0.0639447 -0.0540484 0.183427 -0.240331 -0.00515478 -0.0607296 -0.114541 -0.222273 0.0679479 -0.0790647 0.608574 0.293615 0.178772 -0.030051 0.0182256 -0.153057 0.0600924 -0.0398534 -0.0277256 -0.140701 0.0202173 -0.016257 -0.100526 0.0343209 -0.0517177 0.170825 0.00716948 0.0270445 0.0931903 0.0436051 0.0521498 0.428357 0.177126 1.30984 0.190077 0.692027 0.0847287 0.082363 0.0276037 0.0180371 -0.0503382 0.412692 -0.274335 -1.37025 0.0350762 0.5924 0.052831 -0.0613524 -0.181689 -0.789754 0.701631 0.0571404 0.0316829 1.00658 2.13098 -0.452262 -0.822846 -1.46313 -0.656363 1.25524 0.0603122 0.129254 0.166694 -2.06456 -1.60687 -0.535052 -0.754323 -0.328667 4.47772 -1.02682 1.65699 1.81504 0.458442 -0.543862 -0.216685 -0.47733 0.399081 -0.0273436 -8.20183e-10 2.17234 0.436456 -0.571822 -2.03598 -0.643796 -2.52745 -0.773019 3.52034e-10 0.46056 -1.0349 0.115087 0.566804 -0.83708 2.53424 -0.711784 -2.89061 0.277362 -4.89901e-10 1.38978 4.00217 -1.79247 -0.732764 3.55172 3.38138 -0.965057 0.120294 0.945951 8.62271 0.0386271 0.0300971 1.02863 0.0287823 0 0 0 0.0201533 0.00286243 0 0 0 0.0687634 0.113439 0.0157082 0.0962845 0.000140138 0.0714218 0.0266736 0.112646 0.050232 0.22438 0 0.303335 0 0.324089 0 0.455171 0 0 0 0 0 0 0.0161911 0 0 0 0.200052 0 0.00772759 0.0428778 0 0.113833 0 0 0.633719 0.0971878 0 0.105138 0.0588028 0.125647 0.0414312 0.000804302 0 0.0678988 0 0.0443162 0.0432503 0.052272 0.0123483 0 0 0.0234102 0.0494256 0 0.0629397 0.000181789 0.0300359 0.0609118 0.0941758 0.0695048 0 0.128267 0.0235305 0.062105 0 0.0419233 0.046145 0.0635451 0 0.0201417 0.0111005 0.0295916 0.0297597 0.0911093 0.0395572 0 0.098885 0.000832633 0.000167971 0.122057 0.146707 0.0768926 0.0393946 0.110024 0.0753778 0.070505 0.123871 0.059301 0.0412017 0.0706653 0 0.0658978 0.101936 0.0655564 0.0269664 0 0.606139 0 0.178591 0 0 0 0 0 0.0592439 0 0 0.0116808 0.0123577 0 0.747321 0 0.437158 0 0.0660282 0.106358 0 0.0303319 0 0.166126 0.0325171 0.152202 0.147647 0.0399144 0 0.185751 0 0.0522061 0.0174164 0.0349114 0 0.0445911 0.104356 0.0716594 0.0578375 0 0.000283595 0 0 0.0183994 0.0285839 0.0233793 0.107158 0.131296 0 0.204342 0 0.0278201 0.130182 0 0.00271274 0.00734477 0.395376 0.0803391 0 0 0 0.0454532 0.131776 0.000708654 0.0292491 0 0.312881 0.0262095 0 0.0340079 0 0.182265 0.000265229 0.169755 0 0 0 0.300588 0.174242 0 0 0.346089 0 0.315316 0.139134 0.227192 0.0523721 0 0 0 0 0 0.0756807 0 0.131355 0.0378292 0 0.38183 0 0.409234 0 0 0.0307564 0.0241222 0.00707022 0.38482 0 0.125389 0.138806 0 0 0 0.254281 0 0.724537 0 0 0 0.542488 0 0 0.00886446 0.0214852 0 0.148641 0 0 0.0917868 0.0982028 0 0 0 0 0.19051 0.18317 0.032016 0.0490098 0.0383348 0.0162337 0.113067 0 0 0 0.0136366 0.214912 0.287194 0 0.17319 0 0 0 0.0564026 0.0146497 0.425634 0.10979 0 0 0.0652397 0.0550673 0 0.00865246 0 0 0.0065578 0 0.0284034 0 0 0 0 0 0 0 0 0 0.283067 0 0.474076 0 0.548081 0 0.0306458 0 0.28487 0 0.0239351 0.0584535 0.0795047 0.022206 0 0.08735 0.0484768 0 0 0 0.0900202 0 0 0
31 7.43547 0.0168081 -0.0215067 0.0850164 0.128164 -0.0522341 8.672 0.0483424 -0.00501266 -0.0627455 -0.0755392 0.128977 -0.202434 -0.0322423 -0.0330648 -0.0980804 -0.313279 0.036639 -0.0515283 0.554583 0.323605 0.307491 -0.00674052 0.0394185 -0.115796 0.0392627 -0.0545253 -0.019753 -0.131959 0.0364185 -0.00954747 -0.101232 0.100818 -0.0362305 0.155633 -0.0432411 -0.00232458 0.0316398 0.0163875 0.0526834 0.401314 0.12669 1.31125 0.265992 0.686394 0.0766155 0.0891968 0.0119576 0.00418486 -0.0452085 0.497165 -0.191483 -1.37711 0.107709 0.702065 0.0498259 -0.0843777 0.268606 -1.00197 -0.17028 -0.0190727 -0.242762 0.935693 0.946683 0.0283545 0.167047 -0.0797227 -3.33012 0.709348 0.544108 1.39029 2.63681 -2.49714 -1.01316 0.996127 -1.84193 -0.724355 3.73586 -0.823817 1.04246 1.6459 -0.345788 -0.300233 0.38502 0.378646 0.372958 0.167746 -8.64869e-10 0.939308 0.565156 -0.539857 -0.587252 -0.866636 -2.38654 -1.6595 7.61728e-11 0.0574147 0.360799 0.0301593 0.246646 -1.46033 0.339007 -0.352533 0.719416 0.780278 0.340926 0.432029 0.358368 -0.316735 0.251261 7.99295e-11 -1.39077 0.189551 0.121508 0.942218 8.65705 0.0287099 -0.239169 1.03013 0.0693821 0 0.0107525 0 0.0377669 0.00422678 3.13036e-05 0 0 0 0.0488023 0 0.0441391 0 0.0441454 0 0.0644301 0.0236101 0.0512445 0.00949527 0.104528 0 0.0638721 0.0879552 0.135446 0.128943 0.0336952 0 0 0 0.0077349 0.118276 0 0.0823374 0 0.217291 0 0.0145447 0.0126636 0 0.150241 0 0 0.0990903 0 0.02101 0.0834222 0.0805096 0.0816648 0.0260648 0 0 0.0719468 0 0.0446931 0.0379117 0.0490126 0 0 0 0.0115562 0.0253654 0.031555 0.0621706 0.0104665 0.0279868 0.0552137 0.0523003 0 0 0.00181377 0 0 0 0.0308207 0.0129338 0.0412758 0.0667135 0.00963139 0.00111335 0.022863 0.0111049 0.0268736 0.0165087 0.0664145 0.0928809 0.000968819 0 0.0495637 0.112167 0.0210872 0.0421821 0.0455595 0.11904 0.00530401 0.150723 0.00825212 0.0202123 0.0404367 0.0196779 0.038078 0.145663 0.0346419 0.017753 0 0.257189 0 0.0442865 0 0 0 0 0 0 0 0 0.116765 0.0454525 0 0.181628 0 0.0207144 0 0 0.0214703 0 0.066307 0.0700534 0 0 0 0 0 0 0.0515705 0 0.0116422 0.0154783 0.0305329 0 0.0575726 0.11141 0.0467642 0 0 0.0123989 0 0 0 0 0 0.0462304 0 0 0.0512989 0 0.0605942 0.140887 0 0 0.041118 0.200492 0.099357 0 0.00482478 0 0.0597032 0.152177 0 0 0 0.106505 0 0 0 0 0.0650139 0 0.0866114 0 0 0 0.253248 0.108032 0.00317686 0 0.15167 0 0.240916 0 0.0986284 0.0168992 0.029396 0 0.00225014 0 0.0424127 0.0266801 0.0391247 0.0518967 0.0560732 0 0.0488129 0.00567778 0.0903088 0.0321769 0 0.00428019 0 0.0433676 0.129633 0 0.156229 0.104598 0.025157 0 0.0401258 0.0594936 0 0.153366 0 0 0.0763741 0 0 0 0.000367012 0.0498604 0 0.0155527 0 0 0.155522 0.0925137 0 0 0.0122163 0 0.190965 0.155891 0.0302562 0.111157 0.0217004 0.0172226 0.0112938 0.0307505 0 0 0.0197937 0.0221968 0.0152868 0 0 0 0 0 0.261755 0.0478773 0.465576 0.0776883 0 0 0.0818754 0.044464 0.00883736 0.0199901 0 0 0 0 0 0 0 0 0 0 0 0 0 0.0168202 0.162389 0.230142 0.272252 0.0725986 0.268591 0.0782651 0.0326147 0 0.206704 0.0256144 0 0.0333393 0.0363765 0 0.0765202 0.0100061 0.0487053 0 0 0 0.070086 0 0 0
32 7.46881 0.0414835 -0.0484719 0.0775578 0.126429 -0.0646567 8.70143 0.0777647 -0.004755 -0.0548007 -0.100475 -0.00159619 -0.174208 -0.0273841 0.0400918 0.0265492 -0.410845 0.0182746 -0.00320073 0.460897 0.410656 0.403834 0.0341578 0.0320786 -0.125704 0.00646471 -0.0619275 -0.0177704 -0.105405 0.0514471 0.00489902 -0.100942 0.108113 -0.0334971 0.142955 -0.04019 -0.0121743 0.0801385 0.0113329 0.0492236 0.269915 0.148021 1.32548 0.330648 0.68604 0.0482364 0.0176583 0.135474 -0.0172992 -0.04957 0.448805 -0.206343 -1.35209 0.20503 0.697312 0.0324904 -0.0713905 0.510282 -1.03296 -0.330105 -0.0662028 -0.410136 0.840456 0.604118 -0.184388 0.383493 -1.07097e-09 -4.76117 1.18579 0.195323 3.27011 4.47688 -2.81115 -0.72131 1.58919 -2.93917 3.55246 2.37642e-09 2.46298 -0.335146 -0.204247 -0.333428 -0.175379 0.0873027 0.522082 0.520589 0.413525 -1.86766e-09 -0.022214 0.255114 -0.270331 0.354327 -0.491316 3.14407 -0.236967 0.121188 -2.1637 5.24001 -0.820515 0.162222 -0.858606 0.606893 -0.699352 1.4147 0.283221 -0.0024723 -0.0312844 -0.475661 0.242496 0.402632 -0.719586 -1.12908 1.07091 0.12247 0.930947 8.69111 0.0271519 -0.404055 1.02217 0.0654099 0 0.038911 0 0.0326137 0 0.0525064 0 0.0362248 0 0.0526778 0.00791854 0.0517433 0.00753074 0.0492829 0.0210562 0.0153121 0.00351108 0.101437 0 0.112726 0 0.157623 0.00449363 0.195789 0 0.0534608 0 0.0628672 0 0 0 0 0.00361523 0 0.0133276 0.000134669 0.00042196 0 0 0.112702 0.0503424 0.0112739 0.160845 0.0923081 0.000868924 0.0485451 0 0.0466699 0.000598118 0 0.00455697 0.0271573 0 0.0459863 0.0293254 0.0155332 0 0.00157843 0 0 0 0.04945 0.0279766 0.0193232 0.0130811 0.304731 0 0.257387 0 0.256364 0 0.287875 0.0236322 0.0106496 0 0.321161 0.00936073 0 0 0.0141163 0.00672736 0 0 0.0925857 0.0774461 0 0.000771927 0 0.00886867 0 0 0 0.00684505 0 0.0905038 0.00630712 0.034518 0 0.0474609 0 0.0538358 0.0220138 0.0242585 0.0567616 0.140893 0 0.195585 0 0 0.00381293 0 0 0 0 0 0 0 0 0.301364 0 0.066644 0 0 0.0223947 0 0 0 0.0431648 0 0.00663553 0 0.191245 0 0.0166995 0 0.000188693 0 0 0 0.104885 0.078886 0.0056711 0 0.000507875 0 0.00057387 0 0.0217545 0.00287244 0 0 0.0433284 0 0.0625013 0 0.162016 0.166384 0 0 0 0.127195 0.0290544 0.00536044 0.0344574 0.00565553 0.0220514 0.0531489 0 0.0622328 0.0239361 0.140973 0 0.000897258 0 0.000965548 0.00975212 0 0.0303149 0 0 0 0.140968 0.0387588 0.00329953 0 0.318193 0 0.191428 0.0159196 0.0946467 0.0812011 0.0830621 0 0 0 0.041052 0 0.0442389 0.011703 0.0355556 0.00775801 0.0340774 0 0.0126905 0 0.0142096 0 0 0.0357597 0.169747 0 0.156366 0 0.0917781 0 0.0106694 0 0.0670624 0.0919988 0 0 0.0211813 0.0162364 0 0 0.00307316 0.0392099 0 0.140756 0 0.280517 0.0836568 0 0 0 0.0191371 0 0.116236 0.0202606 0.00335946 0.0816124 0 0 0.0136004 0 0 0 0 0.0200079 0.0101691 0 0.0150643 0 0.0252114 0.12421 0.771831 0 0.175272 0 0.00945164 0.0209356 0.0607868 0.0199511 0.0100232 0.0171959 0 0.0374376 0 0.0304294 0 0.144039 0 0.0262943 0 0.055343 0 0.0761582 0 0.0838951 0.119513 0 0.152479 0 0.170136 0 0.000897655 0 0.322066 0.0045767 0 0.0760244 0.0193206 0 0.0596412 0.000327727 0.0352649 0 0 0 0.0209195 0 0.0111189 0.0245038
33 7.50214 0.0392614 -0.0805262 0.0507426 0.123604 -0.0721011 8.73361 0.119101 -0.0298156 -0.0294965 -0.100475 -0.0564407 -0.116596 -0.0221746 0.0538705 0.0462828 -0.408759 -0.00585564 0.0661838 0.209247 0.608312 0.41072 0.0246106 0.0467714 -0.10415 0.0109517 -0.0476105 -0.00438003 -0.0929166 0.0534003 0.0184514 -0.102803 0.140848 -0.0265354 0.137745 -0.0645775 -0.0171342 0.161187 0.0178666 0.0505665 0.137784 0.208 1.33696 0.36248 0.694165 0.0755441 0.0213507 0.121636 -0.0232315 -0.0507531 0.437379 -0.140205 -1.38151 0.191348 0.691431 0.0149186 -0.0757897 -0.187133 -0.467059 -0.368335 0.0128082 -0.127988 1.02 1.42131 -0.437014 0.291241 -8.222e-10 -1.24086 0.90332 0.315259 -0.00790384 0.0234306 -0.017702 -1.03164 1.18851 -6.59297 0.756072 -0.604769 -4.05206 1.5982 1.77601 0.20782 0.290515 -0.211201 0.181797 0.070437 0.524122 -1.99303e-09 0.384293 -0.0348698 -0.310614 -0.163618 0.0998245 4.28571e-09 -0.725608 1.80922e-10 0.154768 1.43869 0.502448 0.439491 -0.306406 1.20066 0.0219452 0.123936 -0.333158 -2.52998e-10 -0.286512 0.531503 -0.655208 -0.0517168 0.609845 -0.0356937 -1.04663 0.123395 0.924219 8.72656 0.0308658 -0.129391 1.08436 0.0483452 0 0.0241911 0.00479211 0.0185159 0.00704197 0.0406951 0 0 0.0449648 0.105871 0.00419142 0.100262 0.00422379 0.0942652 0.0126557 0.0509889 0.0374216 0.1659 0 0.174375 0 0.25303 0 0.299033 0 0.0116647 0 0.0274664 0 0 0 0 0 0 0.0115268 0 0 0.0300746 0.00502972 0.0314592 0.0837022 0 0.131707 0.264225 0.0468005 0.0943961 0.00380912 0.0745908 0.0501278 0.0036323 0.0244327 0.0217177 0 0.0270846 0.0538667 0.0263333 0 0.00515444 0 0 0 0.000252842 0.0101564 0.000489426 0.000331716 0.149205 0 0.181097 0 0.160314 0 0.158918 0.0272108 0.0041585 0 0.191085 0 0.00458408 0.000853733 0.0141636 0.00493392 0.00780692 0.010293 0.005462 0.0436335 0 0.000846025 0.0191782 0.0823714 0.0139234 0.0797328 0.0277908 0.0868267 0.0156301 0.140314 0.0339802 0.0647558 0.00940456 0.0610238 0.0140888 0.0907416 0.0390506 0.0417192 0 0.372778 0 0.198856 0 0.0301051 0 0 0 0.024764 0 0 0 0 0 0.593587 0.0151351 0.405925 0.0033028 0.108462 0 0 0 0 0.229829 0 0.161293 0.113413 0.404108 0 0.0149551 0 0.0385545 0 0.0064735 0 0.0569684 0.220635 0.0204175 0.0181963 0.0549445 0 0.00262055 0 0.0115793 0 0.036171 0.0237294 0.0590593 0 0.0954103 0 0.0152535 0.305282 0 0.000682821 0 0.132665 0.0337507 0 0.037781 0.00867862 0.0210027 0.169468 0.00467326 0.0168568 0 0 0.0467418 0.0301003 0.0722611 0.0282017 0.0497028 0 0.0402553 0 0 0.0500274 0.13903 0 0.00858664 0.00176689 0.409716 0.0126538 0.318813 0.103293 0.302787 0.0556511 0.0151598 0.0197625 0 0 0 0.0375198 0 0.0570624 0.0180085 0 0 0.000629259 0 0 0 0 0.00176108 0 0.3855 0 0.132663 0 0.134455 0 0.0891128 0.0181224 0.440782 0.125527 0 0 0.227277 0.0740601 0 0 0.0354633 0.00585929 0 0.34079 0 0.010415 0.284276 0 0 0 0.0419716 0 0.0626018 0 0 0.190508 0.0298195 0 0.00048006 0 0 0 0 0.0852798 0.00775647 0 0.00987555 0.0170592 0.000245024 0.22682 0.384357 0 0 0 0 0.0249691 0.0242622 0.0410813 0 0.00723131 0 0.025006 0 0 0 0.112892 0 0.00224319 0 0.0485208 0 0.0491995 0 0.0489846 0.283287 0 0.276612 0 0.312688 0 0.061107 0 0.20755 0.0198749 0.111529 0 0.0493876 0 0 0.0317963 0.0253392 0 0.00499385 0 0.0556838 0 0.050915 0.125569
34 7.53547 0.0227556 -0.122821 0.0292843 0.122109 -0.0794218 8.77013 0.179661 -0.0505356 -0.0188154 -0.100475 -0.100517 -0.0534497 -0.00930972 0.054209 0.078632 -0.357733 0.00464517 0.119334 -0.0316665 0.476054 0.397637 -0.125066 0.110238 -0.0431004 0.0191201 -0.0243264 0.00280485 -0.0785706 0.0411778 0.0329961 -0.102362 0.13756 -0.0190544 0.135084 -0.0470216 -0.0256867 0.160373 0.0496673 0.0530577 0.122815 0.182597 1.35857 0.466474 0.697853 0.027209 0.00246052 0.150998 -0.0342103 -0.0504035 0.460113 -0.140855 -1.4075 0.203351 0.700605 -0.00712051 -0.0618384 -0.343826 -1.30715 -0.750724 0.097537 -0.226284 1.11703 1.64452 -0.652285 0.387725 -2.24414e-10 -1.29536 1.99787 0.597416 -0.01471 -0.00524157 0.956569 0.637137 1.61617 -4.79963 -7.87501 -4.94316 -4.72222 1.97557 1.96132 0.0786262 0.524095 0.37857 0.278695 -0.409113 0.470998 -1.12507e-09 0.339038 0.393554 -0.0842564 -0.0601017 -0.397105 2.8396e-09 -0.15581 1.5953e-10 -0.889575 1.48381 0.89074 0.0785693 -0.634322 0.718898 -0.573016 1.10796e-09 -0.167424 -9.24015e-11 0.839574 0.752902 -1.41889 -0.0183734 1.76381e-10 -0.464462 0.495545 0.124557 0.918226 8.76246 0.0318635 -0.203469 1.07581 0.032457 0.00358304 0.0168044 0 0.0146839 0 0.0477484 0.0180099 0.135841 0 0 0.0370302 0 0.0631112 0 0.0930063 0.0654527 0.0277914 0.0189355 0.312491 0.0384318 0.312432 0.0201496 0.402967 0.0270333 0.423004 0.0531645 0.145409 0.0570654 0.260021 0.0645635 0 0.0486884 0 0.0378925 0 0 0.00152606 0.0172674 0.0331443 0.188571 0 0.416419 0 0.0312163 0.0611449 0.00920655 0.0256086 0.104616 0.00723388 0 0.0446119 0.056369 0 0.0538808 0.0193721 0.0352351 0 0.00592748 0 0 0.00916061 0 0.0315074 0 0.0224601 0.0316304 0 0.0373564 0 0.0281693 0 0.0285177 0.0518977 0.00217588 0.033285 0.0359472 0 0.00501179 0.00607171 0.0164677 0.0354077 0.010099 0 0.0107248 0.104536 0 0.000348015 0.0239968 0.0121002 0.0229742 0.00962954 0.0287592 0.00707231 0.0238752 0.0500318 0.0543391 0 0.0179895 0 0.0259564 0 0.0518993 0.00505621 0 0.230207 0 0.139013 0 0.00415927 0.00185527 0 0 0 0 0 0.0405552 0 0.130235 0.510227 0.00833295 0.126539 0 0 0 0 0 0.00803441 0 0.252121 0 0.415819 0.072851 0.141404 0.00630646 0.00706481 0.0236611 0 0.0181041 0 0.0587428 0.2119 0 0.0366152 0.0366778 0 0.00132017 0 0 0 0.010643 0 0.000411023 0.0461664 0 0.0515597 0 0.299412 0 0 0.0558171 0.196982 0.079219 0 0.0701463 0.000811364 0 0.227717 0.0182768 0 0.0112867 0.200263 0.00814388 0.0339955 0.0233823 0.0348611 0 0.00154479 0 0 0 0.0230332 0.119345 0 0.00221451 0 0.250076 0.396743 0.329262 0.112034 0.0724534 0.22287 0.107507 0.0251459 0 0 0.13837 0 0.239361 0 0.0632049 0.177678 0 0.746352 0 0.696378 0 0 0 0.0053442 0 0.230128 0.134874 0 0.139391 0 0.554123 0 0.49617 0 0 0.0123983 0.393393 0 0 0.0492561 0.0457993 0.0591192 0 0 0 0 0.205403 0.0612808 0.0099799 0 0.0679097 0 0.0240342 0 0 0.215362 0.00500497 0 0.00805823 0.0321063 0 0.00205162 0 0.0434841 0 0.24644 0 0.2113 0.0433037 0.112897 0 0 0 0 0 0.0768276 0.079339 0 0 0.0485751 0 0.0459592 0 0.00324642 0 0.146541 0 0.0405552 0 0.0442319 0 0.0584077 0 0.0572303 0 0.352766 0 0.414139 0 0.482096 0 0 0.222026 0.0746645 0.0809935 0.0184629 0 0 0.178841 0 0.0213015 0 0.00689343 0 0.0786424 0 0.0641298 0.139403
35 7.56881 0.00747193 -0.154233 -0.00861484 0.120767 -0.0900704 8.80783 0.244117 -0.0725432 0.0046201 -0.100475 -0.146113 0.0019214 0.00842457 0.0492098 0.0760549 -0.358023 0.058434 0.166049 -0.0753784 0.204229 0.143954 -0.0892023 0.146972 -0.0154327 0.020146 -0.0135215 0.0279632 -0.0574158 0.0394835 0.0457314 -0.100739 0.162221 0.000709202 0.131643 -0.0698739 -0.0500263 0.160397 0.0487552 0.0529842 0.10995 0.212608 1.38032 0.483639 0.67006 0.0338859 -0.0329211 0.15092 -0.0373401 -0.0506407 0.504865 -0.15416 -1.43504 0.210949 0.700313 -0.00488926 -0.0425115 -0.532718 -0.723127 -1.12189 0.133824 -0.345421 1.16158 2.03696 -0.494398 0.702095 -2.62652e-10 -1.42417 1.38206 0.52484 0.00376928 0.0060796 -0.133345 1.40308 1.42407 -0.0939106 -5.91109 -7.56789 2.93736 0.292204 0.228014 -0.090553 0.398732 0.748993 0.660635 -0.107104 0.335791 -1.32876e-09 0.639613 0.643015 -0.0640784 -0.687846 -0.650943 4.91284e-09 0.0286013 4.16172e-10 0.486016 0.769719 0.513257 0.0672851 -0.722244 0.108073 -0.430136 3.5696e-09 0.22746 -4.67964e-10 0.360906 -0.115347 -0.686336 0.0696422 4.17595e-10 0.213723 0.0363527 0.125521 0.909334 8.79842 0.0222788 -0.306849 1.08484 0.0674356 0 0.0479128 0 0.0416593 0 0.0520473 0 0.113531 0 0.00683351 0 0.00326715 0 0 0.0128258 0.113207 0.0334216 0 0.28754 0.0229518 0.307784 0.00479651 0.38841 0.007863 0.397924 0.0661514 0.264025 0.0718707 0.356715 0.137964 0 0.119829 0 0.146282 0 0 0.00138994 0.0469748 0.13374 0.0500178 0 0.347506 0 0.0189953 0.0632314 0.00677865 0.0224298 0.0576979 0 0 0.0426331 0.0257854 0 0.0212663 0.0229074 0.0311987 0 0.00722642 0 0.0289142 0 0 0.0199131 0 0.0148655 0.0191867 0 0.00152479 0 0 0 0 0.04319 0.0576778 0.0198309 0 0 0.0217379 0.00545348 0.0528838 0.0293192 0.0398145 0 0 0.0802631 0 0 0.0107017 0.0322209 0.0144507 0.0139012 0.0176899 0.0227342 0.00886781 0.0643837 0 0.00363563 0 0 0.00320874 0 0.0332292 0.0117463 0.0375957 0.0920999 0 0.129982 0 0.00125007 0 0 0.0278544 0 0.0377663 0 0.139128 0 0.179845 0.316733 0.0345762 0 0 0 0 0 0 0.0136207 0 0.15939 0 0.23747 0.0307707 0.16618 0.00708602 0.0137444 0.10348 0 0.00854805 0 0.0290364 0.219335 0 0.0560095 0.0654493 0 0.025117 0 0 0 0.0260538 0 0 0.0390817 0.00560473 0.0281003 0.0186765 0.302439 0 9.45954e-05 0.106233 0.227547 0.0397575 0 0.0537186 0 0.0375974 0.210263 0.0174733 0 0 0.0573422 0 0.0321064 0 0.0365258 0 0 0 0 0 0.0173238 0.178189 0 0 0 0.164788 0.285767 0.236039 0.0528031 0.0253037 0.20228 0.146516 0 0 0 0.137633 0 0.191368 0 0.0540321 0.116078 0 0.657491 0 0.612008 0 0 0 0.0197462 0 0.163605 0.205474 0 0.224264 0 0.413897 0 0.306102 0 0.00844606 0.0119045 0.219104 0 0.0989399 0.135321 0.0694042 0.0524454 0 0 0 0 0.273329 0.0264409 0.0122972 0 0.0974055 0 0.0538812 0 0.00460528 0.222552 0.119872 0 0.0012078 0.0295753 0.0714228 0.178133 0.010965 0 0 0.198158 0 0.138122 0 0.119241 0 0.00241635 0 0 0 0.0884004 0.00646543 0 0 0.0599985 0 0.0550903 0 0 0 0.167475 0 0.0418461 0 0.0503177 0 0.0684259 0 0.0595685 0 0.281408 0 0.355654 0 0.414073 0 0 0.206932 0 0.108476 0 0.0147091 0 0.135162 0 0.0142051 0 0.0198304 0 0.0772621 0 0.059981 0.15695
36 7.60214 0.00032283 -0.159125 -0.0323762 0.120488 -0.101757 8.84827 0.304375 -0.0730639 0.0171871 -0.100432 -0.190297 0.0105416 0.019989 0.0436123 0.068588 -0.367712 0.0894336 0.17339 -0.0729965 0.0632909 -0.016831 0.00145921 0.162043 0.000763337 0.0024477 0.00120456 0.0427559 -0.0371259 0.0399107 0.048282 -0.102451 0.177864 0.02054 0.144902 -0.0950846 -0.0695348 0.160325 0.0515304 0.0532079 0.113901 0.21062 1.39585 0.50003 0.667827 0.06178 0.00153823 0.151258 -0.0246116 -0.0512791 0.472986 -0.158103 -1.442 0.186385 0.700785 0.0164792 -0.0718935 -0.121805 0.157085 -0.6752 0.212481 -0.345149 1.22209 1.69978 0.106566 0.341652 -1.96594e-10 -0.95896 -0.123527 0.301217 -0.537724 -0.724389 -0.141856 0.685427 0.00157072 0.0568173 -2.64798 -2.97491 1.71633 0.47857 0.600616 -0.615972 0.510138 0.423366 0.410444 0.00197281 0.0513498 -1.76963e-09 0.207316 0.424147 0.234404 -0.440498 -0.318643 8.65232e-09 3.64434e-10 7.19685e-10 0.302538 -0.397269 0.294973 0.31765 -0.317384 0.928642 0.433113 5.79772e-09 0.207205 -8.16255e-10 -0.116619 -0.337628 0.341803 0.0500439 1.94647e-10 0.864764 -0.353213 0.126374 0.898889 8.83495 0.0273949 -0.319404 1.10227 0.0450755 0 0.0195811 0 0.0164561 0 0.0644331 0.027962 0.171909 0.0192 0 0.0174728 0 0.0404142 0 0.0682937 0.0990278 0.0683166 0.00979821 0.261927 0.0407531 0.248831 0.0121362 0.353185 0.0134468 0.316776 0.0793282 0.189838 0.104566 0.262257 0.160824 0 0.131018 0 0.151095 0 0 0.00762646 0.0891281 0.252988 0 0 0.290033 0 0.027421 0.0729994 0 0.0199281 0.0202069 0 0 0.0559038 0.000277401 0 0.00384467 0.00266661 0 0 0.0037886 0 0.0432259 0.02389 0 0 0.00107125 0.0105663 0.0303974 0 0.028648 0 0.0243779 0 0.051116 0.0423313 0.0773929 0.043552 0.0203197 0 0.0217077 0.0180368 0.0605921 0.0498034 0.0216725 0 0.015836 0.0815333 0 0.000737714 0.0429328 0.116692 0.0304907 0.0935644 0.0384964 0.099595 0.0208855 0.188897 0 0 0.0138512 0.0719976 0.0133088 0.145695 0.0113653 0 0.00460045 0.338014 0 0.377769 0 0 0 0 0.0213664 0 0.0305141 0 0.133122 0 0.146882 0.499909 0.0045869 0 0 0 0 0 0.00428693 0.0264012 0 0.135301 0 0.286992 0.00517742 0.132053 0 0.00600831 0.107916 0.012496 0 0 0.00944694 0.239388 0 0.0784323 0.0655394 0 0.0149461 0 0 0 0.000502394 0 0 0.0229971 0 0.0149571 0.0471554 0.374423 0 0 0.113641 0.324399 0.00467672 0 0.0231527 0 0.0779352 0.176151 0.0159864 0 0 0 0.00586284 0.0276377 0.0175153 0.036301 0 0 0 0 0 0.046239 0.185683 0 0 0 0.201597 0.282953 0.254481 0 0.0316382 0.190889 0.120683 0.0137477 0 0 0.145483 0 0.261043 0 0.12019 0.230752 0 0.568296 0 0.508557 0 0 0 0.0151772 0 0.154873 0.240262 0 0.254768 0 0.280381 0.12343 0.20525 0 0.00122211 0 0.109881 0.048914 0.261882 0.289249 0.0838924 0.0203569 0.000919252 0.41776 0 0.128866 0.286248 0.0399037 0.00726229 0 0.08971 0 0.0571893 0 0.043214 0.234783 0.176876 0 0 0.021463 0.210101 0.437677 0.00564568 0 0 0.190692 0 0.141402 0 0.109753 0 0 0 0 0.0129799 0.147267 0 0 0.0129488 0.119631 0.00421181 0 0.00492038 0 0.0153868 0 0 0 0.00261807 0.0108188 0.00335559 0 0.00570204 0 0 0.327142 0 0.364349 0 0.389042 0 0 0.235678 0.0776633 0.0990003 0.00786832 0 0 0.20417 0 0.0446936 0.0195369 0.0224518 0 0.0361521 0 0.0598391 0.182849
37 7.63547 -0.00476219 -0.150503 -0.0420504 0.122244 -0.112206 8.89017 0.335404 -0.073079 0.0152098 -0.0514886 -0.231422 0.00480232 0.0329001 0.0135418 0.0280226 -0.375791 0.101263 0.146426 -0.0348677 0.0721731 -0.0674121 0.0517632 0.156296 -0.00197055 -0.0124628 0.0115354 0.0453262 -0.0290062 0.0437531 0.0458897 -0.101325 0.156373 0.0310948 0.162656 -0.0777016 -0.0717432 0.160325 0.0515304 0.0532079 0.109195 0.195205 1.40984 0.482476 0.673117 0.0737426 -0.00410607 0.151311 -0.0225262 -0.0511208 0.431194 -0.15268 -1.43091 0.168199 0.684516 0.0269439 -0.0747484 -0.144292 0.301416 -0.321968 0.276518 -0.275419 1.28227 0.70068 -0.193644 -0.0576003 1.84252 -0.499877 -0.0397736 0.444679 -1.74068 -2.35596 0.109383 0.320963 -0.86741 1.18787 0.663902 -0.357749 0.866547 0.0296049 -0.00246222 -0.669061 0.332358 0.0953373 0.377743 0.0433521 -0.0193683 -1.94633e-09 -0.52034 0.155025 0.502879 0.410775 0.0411444 9.02866e-09 6.88095e-10 8.1301e-10 -0.264134 -0.446355 0.187357 -0.427324 0.155484 -0.561901 -0.164457 6.97838e-09 -0.060762 -7.04863e-10 -0.221524 -0.252845 0.731464 -0.00407921 -0.252397 0.309607 -0.027931 0.127549 0.888859 8.87265 0.0422791 -0.272274 1.15538 0.0369834 0 0.0130441 0 0.00105521 0 0.0791142 0.0452471 0.225488 0.0335886 0 0.0297129 0 0.0801816 0 0.111024 0.0667116 0.0921133 0.0125689 0.140012 0.0269535 0.0744671 0.0173162 0.217291 0.0186435 0.095512 0.0571976 0 0.0651132 0.014815 0.0719289 0 0.0727345 0 0.099085 0 0 0.00669825 0.0739932 0.303766 0 0 0.154612 0 0.00024467 0.052777 0.0064068 0.019922 0.010647 0 0 0.0351704 0 0 0.00600832 0.000599576 0 0 0.00116075 0 0.0159661 0.0196589 0.00683474 0 0.00729608 0.00161319 0.0900769 0 0.0701174 0 0.0746218 0 0.125328 0.00749853 0.0432565 0.0344964 0.100346 0 0.0119546 0.0223758 0.0369681 0.0465467 0.00881903 0.0238025 0.0390465 0.0508031 0 0.00153175 0 0.0103917 0 0 0 0.0134986 0 0.159743 0.0033468 0 0 0.0588934 0 0.0633821 0.0185899 0.0215407 0.00447126 0.322378 0.00686069 0.475086 0 0 0 0 0.0189183 0 0.015063 0 0.0896691 0 0.0858746 0.757511 0.0334622 0.0918343 0 0 0 0 0.00619854 0 0 0.0620425 0 0.392985 0.0136564 0.0591705 0 0 0.0674662 0.0175791 0 0 0.0643859 0.253639 0 0.0209811 0.0702107 0 0 0 0 0 0 0 0.000455126 0 0 0 0.138327 0.408654 0 0 0.0615178 0.48604 0 0 0.00345102 0 0.139296 0.164263 0 0.108604 0.0092326 0.173659 0 0.0108474 0 0.0121431 0 0 0 0 0 0.0105756 0.113917 0 0 0.00167158 0.278373 0.310554 0.275914 0.0142156 0.0287993 0.255711 0.0916438 0.0308861 0 0 0.16243 0 0.319593 0 0.205291 0.321348 0 0.563269 0 0.48102 0 0 0 0.0126844 0 0.155311 0.220661 0 0.224361 0 0.186065 0.375026 0.0944939 0 0.0298501 0 0.058923 0.300575 0.240224 0.324867 0.0396465 0.0131951 0 0.307338 0 0.374015 0.267159 0.056073 0.0051816 0 0.0652536 0 0.0640861 0 0.0842874 0.238342 0.122193 0 0 0 0.180461 0.459023 0 0 0 0.1409 0 0.137283 0 0.121075 0.455231 0 0 0.0249831 0.0142306 0.120546 0 0 0.0137824 0.100502 0.00514067 0 0.00142528 0 0.0133177 0 0 0 0.00769414 0 0.00679255 0 0.00830763 0 0.000457492 0.379713 0 0.372038 0 0.338137 0 0 0.297662 0.131926 0.13791 0.0417284 0 0 0.28596 0 0.0560939 0.0431409 0.00117652 0 0 0 0.0846346 0.188457
38 7.66881 -0.0206706 -0.161134 -0.0683699 0.124121 -0.119065 8.93584 0.332347 -0.0941755 0.0126962 0.077531 -0.204881 0.045952 0.0645685 -0.125312 -0.145807 -0.343931 0.112658 0.136507 0.0114991 0.10618 -0.0795372 0.078029 0.164574 0.00315906 -0.0239283 0.0201948 0.0574304 -0.0159681 0.0441858 0.0511089 -0.100314 0.110904 0.0362264 0.182189 -0.0404782 -0.059303 0.160354 0.0504066 0.0531173 0.0786878 0.206589 1.41333 0.377826 0.670638 0.0474638 0.0051389 0.151467 -0.0163482 -0.0506517 0.413524 -0.161125 -1.41457 0.148784 0.662566 0.0352922 -0.0762732 -0.567906 -0.262795 -0.818941 0.303405 -0.180874 1.42089 -0.263037 -0.683849 0.0250622 4.21162 2.25697 1.30709 0.646627 -5.00747 -6.82327 1.40982 0.223145 -0.202698 1.32084 1.45356 -0.204886 0.693584 0.179869 0.0316444 -0.490128 0.142131 0.33307 0.412026 0.0452204 0.245382 -2.37212e-09 -0.892447 0.175324 0.561097 0.525224 0.169509 9.0896e-09 1.14589e-09 9.06336e-10 -0.285855 -0.422572 -0.146892 -0.837332 1.71966 -2.60524 1.27793 4.87462e-09 -0.37452 -5.0523e-10 0.0287879 0.270837 0.566697 0.0529066 -0.443313 0.339473 -0.257325 0.129012 0.881284 8.91274 0.0473022 -0.189059 1.24151 0.0738721 0 0.049151 0 0.0286188 0 0.0950971 0.0149038 0.199844 0.0236372 0 0.0234456 0 0.0768814 0 0.115246 0.0461816 0.147337 0.00263769 0.122869 0.00833603 0.0615178 0.00109464 0.197828 0 0.0747315 0.0102108 0 0.0113535 0 0.035136 0 0.0436438 0 0.0722007 0 0.000594255 0.0078267 0.0743494 0.38551 0 0 0.10752 0 0.00134203 0 0.00515089 0 0 0.0222214 0 0.0172101 0 0 0.00155076 0.00215581 0 0 0 0 0.00283372 0.000350215 0.0100528 0 0.00614386 0 0.0905108 0.00939013 0.0685583 0.00232604 0.075473 0.014111 0.134584 0.100267 0.0251721 0.00417837 0.103516 0.0218099 0.00663628 0.0317786 0.0253196 0.0351887 0 0.0993107 0.0386308 0 0 0.00140998 0 0 0 0 0 0 0 0.141929 0.00169997 0.034181 0 0 0 0.000554525 0.015561 0.0508889 0 0.298635 0.00667853 0.484108 0.0106754 0 0.0135617 0 0.0412999 0 0.0117545 0 0.0574117 0 0.0773017 0.758764 0.0374397 0.0396015 0 0 0.00330774 0 0.0119852 0 0 0.00803333 0 0.35516 0.00543023 0 0 0 0.0251146 0.0141641 0 0 0.0891923 0.313628 0 0.0374731 0.101826 0 0 0 0.0075525 0 0 0 0 0 0 0 0.188139 0.509669 0 0.00196536 0.0443397 0.529417 0 0 0 0 0.190786 0.201889 0 0.219517 0.0223989 0.331422 0 0.0733324 0 0.0739996 0 0 0 0 0 0 0.0805999 0 0 0 0.308939 0.258394 0.245579 0.0356044 0.03056 0.284959 0.106438 0.00939641 0 0 0.198251 0 0.339548 0 0.198638 0.2698 0.000792889 0.649712 0.00669228 0.590703 0 0 0 0.0187719 0 0.104455 0.266449 0 0.279179 0 0.137329 0.0794814 0.0932312 0 0.0553206 0 0.0509728 0.0693045 0.249849 0.326026 0.0124137 0.00193278 0 0.235784 0 0.337877 0.326249 0.0226005 0.0110628 0 0.0782474 0 0.0672828 0 0.102844 0.301483 0.0744194 0 0 0 0.150489 0.47028 0.00390455 0.00733571 0 0.162825 0 0.142944 0 0.178333 0.476866 0 0 0.0242313 0.0225042 0.080423 0 0.00338317 0.025404 0.074471 0.00142094 0 0 0 0.00283868 0.0365892 0 0 0.00295275 0.0104389 0.00104014 0.018897 0.00245892 0.0105246 0.00167785 0.370359 0 0.33022 0 0.283856 0 0 0.394084 0.0673894 0.174472 0.0182897 0 0 0.301485 0 0.0481181 0.022383 0 0 0 0 0.11287 0.21441
39 7.70214 -0.0593298 -0.173936 -0.131079 0.123295 -0.122935 8.98407 0.28277 -0.136096 0.0287343 0.316474 0.00855516 0.138408 0.0077562 -0.37817 -0.499702 -0.295294 0.147088 0.17891 0.109902 0.245173 -0.203598 0.0472813 0.136416 0.0573116 -0.0123065 0.0277228 0.0706037 -0.00595028 0.0381907 0.0897573 -0.103614 0.151476 0.0496211 0.21609 -0.092622 -0.0471567 0.160349 0.0506127 0.0531339 0.0850136 0.239706 1.38162 0.259961 0.694657 0.0331367 0.0182221 0.0986335 -0.0363137 -0.052818 0.451526 -0.0964347 -1.40669 0.17538 0.693988 0.0272414 -0.13177 -1.60135 1.59949 -0.544498 0.151582 -0.0515226 1.37488 -1.16593 -3.06165 0.282361 5.29394 26.4418 4.8264 -17.7673 -39.5254 -62.8288 0.132699 -0.0381796 1.28443 5.03444 -4.11865 -1.79631 -10.0039 -8.71176 26.7549 1.53781 -0.927326 -2.09069 -0.978018 -0.263528 2.18055 -3.90377e-09 1.97998 -0.809068 1.38823 -2.17588 2.0861 2.97262e-09 1.4238e-09 1.87814e-09 -1.81569 -0.686036 -0.240938 -1.55393 2.99014 -1.94499 0.316057 -3.99596 -0.253881 -7.02158e-10 0.0204425 3.33315 -0.595737 -0.732155 0.619733 -0.659394 -1.2938 0.130307 0.876152 8.95647 0.09027 0.0113814 1.34073 0.0347267 0.312471 0.0383995 0.338953 0.0134975 0.300233 0.0915088 0.326403 0 0.829757 0.225229 0.470491 0.173735 0.507255 0.239432 0.454801 0.0129991 0.127813 0 0.0682571 0 0.0189237 0 0.0898302 0 0 0 0.165329 0 0 0.0304547 0.0750367 0.0772346 0.103296 0.164457 0.323421 0 0.00236336 0.0809464 0.441373 0.0217752 0 0.19899 0.527784 0 0.0247672 0 0 0.0402637 0 0 0.0329645 0.00447121 0 0.0114921 0.00120067 0 0 0 0 0 0.0332852 0.0525675 0 0.0159211 0 0 0.0335981 0 0 0 0.00250665 0 0.160474 0.0160675 0.0243272 0 0.0281525 0 0.0314259 0.0122348 0.0318761 0 0.107287 0.0482262 0 0.000384087 0.00121194 0 0 0 0 0 0.0340481 0 0.0373106 0.0146914 0.032753 0 0 0 0.0520485 0.019525 0.0364228 0.0635102 0.359159 0 0.0551329 0.152364 0 0.0704638 0 0.149103 0 0.207791 0 0.194718 0 0.0409354 0.649875 0.0787904 0 0.176535 0 0.194874 0 0.149376 0 0 0 0 0 0 0 0 0 0.0315261 0.0283735 0 0 0.388618 0 0.0197478 0 0 0 0 0 0.0467542 0 0 0.0991988 0 0 0 0 0.479753 0 0 0.00701779 0.0248603 0.85365 0 0 0 0 0.0181538 0 0.375445 0.389072 0.639994 0.417051 0.0104195 0.0404351 0.0298761 0.0589691 0 0 0.00408202 0 0 0 0.421715 0 0 0.00436602 0 0.855801 0 0.940416 0.0537337 0.807175 0 0.761188 0 0 0 0.745382 0 0.814184 0.73133 0 0 0 0 0 0.00617306 0.0371281 0 0.147964 0 0 0.484349 0 0.235523 0 0.18339 0 0.166114 0.605352 0 0 0.127039 0 0.0791906 0.242454 0 0 0 0.055119 0.00966598 0.367086 0.70778 0.0388237 0 0 0 0 0.380306 0 0.125145 0.0806829 0.0469592 0 0 0 0.0944847 0.516915 0.0757955 0 0 0 0.0108913 0 0 0.192765 0 0 0 0 0 0.100618 0 0 0 0.0848963 0.0331336 0.0790512 0.0488175 0.112679 0.27974 0.449655 0.0663073 0.121044 0.04902 0.0830928 0.0836796 0.163381 0.0382172 0.130859 0 0.206529 0 0 0.0144132 0 0.255117 0 0.73783 0.299696 0.875113 0 0.0439419 0 0 0.695273 0.255594 0.197112 0 0 0 0 0.144486 0.0665324
40 7.73547 -0.0545739 -0.137506 -0.111848 0.12693 -0.120256 9.02644 0.122309 -0.14688 -0.00741659 0.6088 0.30399 0.128976 -0.0136615 -0.418796 -0.613196 -0.296811 0.142091 0.152335 0.193884 0.163266 -0.220755 -0.0219368 0.0264353 0.0348961 -0.0310488 0.0228634 0.0453749 -0.00978058 0.0275153 0.0666642 -0.104183 0.176798 0.0503268 0.225072 -0.126092 -0.042022 0.160355 0.0503515 0.0531129 0.112552 0.243223 1.36872 0.188497 0.698949 -0.0150062 0.0494353 0.156373 -0.0535758 -0.0532281 0.385988 -0.180723 -1.35678 0.110468 0.656802 0.0340871 -0.0923215 0.0126948 1.99071 0.737613 0.294018 0.0807121 1.21864 -3.97488 -0.32743 -0.455772 6.64779 10.5493 -0.333445 -1.8355 2.81833 -3.08022e-08 0.592475 -0.295385 -1.33554 1.31201 -1.89302 -1.28497 0.949469 0.00298822 0.00635804 -0.407648 -0.324178 -0.801907 -0.0763518 -0.257313 -0.692074 -2.10466e-09 1.69915 7.72824e-10 0.311263 -1.77726 0.272831 7.51154e-09 5.46457e-10 4.34783e-10 0.108323 -1.75911 -0.194026 0.105337 1.44908 -0.996075 1.00219 2.9733e-09 -2.0228 -4.44315e-10 -0.26485 0.12037 1.45087 -0.0482157 0.294756 1.4924 0.323445 0.133319 0.87911 9 0.0958203 0.136683 1.26875 0 0.0859744 0 0.0624463 0 0.0430304 0 0.118736 0 0.239624 0 0.0500024 0 0.0647197 0 0.070937 0.0450279 0.0826562 0.0128099 0.0516129 0.0291127 0.0570028 0.0346296 0.0790867 0.0511546 0.0511896 0.0108278 0.0771749 0.0203565 0.0523833 0 0.0199575 0 0.00846492 0 0.00852351 0.000323948 0.0092216 0.093279 0.20413 0 0 0 0.0243706 0 0 0 0 0.00315522 0 0 0.00213924 0 0 0 0.00916793 0 0 0 0 0 0 0.00405877 0 0 0 0.0673674 0.00840443 0.0653353 0 0.0859456 0.00135038 0.154161 0.052417 0 0 0.0620032 0.0827505 0.00184646 0.0143301 0.00836522 0.0234206 0 0.0376573 0.0241466 0.00449736 0 0.000105398 0 0 0 0 0 0 0 0.0516161 0.0358402 0.0316266 0 0.00616362 0 0.00808184 0.0371526 0.0396716 0.05229 0 0.290415 0 0.0364086 0 0.0416101 0 0.0402377 0 0.0244955 0 0.00220934 0 0 0.0448803 0 0 0.00289799 0.00152055 0.0607497 0 0.00809126 0 0.0138651 0 0 0 0.0339093 0 0.0303741 0 0 0 0 0 0.0734056 0.233966 0 0.158231 0 0 0 0 0.0102963 0 0 0 0.0292195 0 0.0519928 0 0.110281 0.55033 0.000463518 0.00164213 0 0.170584 0 0 0 0 0.0373425 0.240865 0.125038 0.0194809 0.212301 0.0780081 0.0713998 0.00672259 0.0729674 0.00712284 0.0517043 0 0.0651828 0 0 0 0 0 0 0 0 0.346848 0 0.247724 0.00545209 0.0577562 0 0.232933 0.0120925 0 0 0.15136 0 0.241328 0.200103 0.103529 0.153862 0.0806002 0.197106 0.0819404 0.0270686 0 0.00201298 0 0.0724351 0 0.0633078 0.0360418 0.0343785 0 0 0 0 0 0 0 0 0 0.163161 0.212978 0 0.0136465 0.0287479 0 0.00191943 0.000764504 0.24917 0.0264949 0 0 0 0 0 0 0.0306747 0.28202 0.0108333 0 0.0219814 0 0.122495 0.238343 0.0018361 0.00156568 0.0610339 0.00841484 0.0112699 0.0091363 0 0.145853 0.162439 0 0 0.0103171 0.0117342 0.0752216 0 0.0054198 0.0194586 0.0884602 0.0765808 0 0.0887132 0 0.26575 0.253031 0.118262 0.0706394 0.0842696 0.0715388 0.130521 0.124734 0.116068 0.0445444 0.0350303 0.0546932 0.0764031 0.0168378 0.0859805 0 0 0 0.113006 0.344782 0.21073 0 0 0 0 0.205835 0.0410556 0.0771161 0 0 0 0 0.0565781 0.22277
41 7.76881 -0.0448297 -0.111521 -0.0667316 0.131721 -0.113239 9.06502 -0.0322581 -0.108312 -0.0485802 0.795642 0.545434 0.037386 0.0313648 -0.128605 -0.436163 -0.215515 0.164988 0.0879825 0.110997 0.152607 -0.256634 -0.0091398 0.0278713 0.0371637 -0.0162292 0.0462945 -0.0096883 -0.0535474 0.00204276 0.0526152 -0.103104 0.13692 0.0523689 0.240502 -0.098299 -0.0356263 0.160357 0.0502803 0.0531072 0.202353 0.233437 1.34686 0.184917 0.700986 0.0100652 0.085828 0.156373 -0.0535758 -0.0532281 0.313422 -0.184391 -1.32529 0.0641626 0.701614 0.0393036 -0.0757306 0.347506 0.98877 0.960915 0.231216 0.18617 1.10046 -4.1826 0.921847 -0.335925 3.691 4.05342 -3.07572 3.18013 9.80945 4.63433 2.96769 0.700707 -1.21634 -3.43824 0.30103 -1.36761 0.328821 0.000351648 0.0163983 0.819044 0.309515 -1.25356 -1.56248 -0.695393 -0.316641 -1.8247e-09 -0.121157 2.69178e-10 0.494458 -0.00478113 0.403346 5.29382e-09 1.23461e-11 2.46134e-10 0.278074 -1.91308 0.0227783 0.335196 6.23098e-10 0.680932 0.517202 1.75059e-09 -4.82728e-10 -2.31851e-10 -1.41282 -0.635247 1.10312 -0.0304222 1.74066e-09 0.115801 -0.203815 0.136223 0.88572 9.0403 0.0856133 0.203367 1.17939 0 0.0816669 0 0.0359797 0 0.0533478 0 0.0718326 0 0.0810099 0 0.0200644 0 0.0589056 0 0.105093 0.03803 0.027679 0 0.156952 0 0.167086 0 0.374507 0 0.403114 0 0.0193754 0 0.0609261 0 0.0848757 0 0.0979324 0.118287 0.0205972 0 0.0157359 0.0576641 0.0854083 0 0 0.00789861 0 0.011908 0.0305805 0.155308 0.111231 0.0101651 0 0 0 0 0 0 0.00705733 0 0 0 0 0 0.0185092 0.0512238 0.0115325 0.00638941 0.0109644 0.0539948 0 0.000279754 0 0.0362389 0 0.0602114 0.0486271 0 0.0123141 0 0.0793445 0.00209787 0.00423227 0 0.0139473 0.0357755 0.0340535 0.0618828 0.0377508 0.00107965 0.000682615 0.0494505 0.255766 0.012677 0.232528 0.0389064 0.285614 0.01792 0.321055 0.0738968 0.0264559 0 0.171333 0.00932993 0.332267 0.0471747 0.018514 0 0.122043 0 0 0.0205385 0 0 0 0.149235 0 0 0.00408592 0.213128 0 0.21758 0 0.273842 0 0.133641 0 0.0423282 0.0127323 0.0344899 0.131134 0 0.0170072 0 0.011584 0 0.0335008 0 0.0362119 0 0 0.00679725 0 0.147845 0.209733 0.00368628 0.0613021 0 0 0 0 0 0 0 0.049669 0 0.052297 0 0.0967826 0.240502 0.440038 0.000752229 0.00224961 0.0864644 0.0885463 0 0 0 0 0.271082 0.13184 0.0393598 0.0249224 0.0833574 0.203362 0.0484025 0.0146793 0.0624048 0.00194816 0.029478 0.101817 0.0153292 0.0258849 0.00522471 0.0545522 0 0.0094886 0.00211494 0 0 0.312777 0 0.2839 0 0.0057472 0 0.135692 0.0345541 0.0423043 0 0.0723847 0 0.164762 0.0262766 0.00398145 0.165531 0.241326 0 0.287586 0 0.00376565 0 0 0 0.174028 0.0432848 0.182388 0 0 0.108773 0 0.0175959 0.0250193 0 0 0.0931321 0.0127421 0.0213035 0.056545 0 0 0 0.151981 0 0 0.181708 0.152456 0 0 0 0 0 0 0.199856 0.143919 0 0 0 0.0808499 0 0.104128 0.0429039 0.0108599 0 0.182322 0 0.0155211 0.0306961 0.0533529 0.207249 0.20483 0 0.84473 0.00672193 0.0180684 0 0.00633484 0.00501845 0.0607701 0.0508774 0 0.0515508 0 0.113538 0.224731 0.103603 0 0 0 0.00963786 0.103402 0 0.0581138 0.00428965 0.220394 0.0975247 0.178618 0.0138826 0.238022 0.00573205 0.000467913 0.142844 0.296095 0.213366 0 0.00327119 0.0229043 0 0.159629 0.0429467 0.0575222 0 0 0 0 0.0958569 0.155936
42 7.80214 -0.0365677 -0.0860843 -0.0778192 0.133044 -0.103987 9.10296 -0.137214 -0.0887394 -0.021078 0.837872 0.366275 -0.181382 0.117391 -0.0318368 -0.407395 -0.109544 0.192725 0.0877177 -0.0196543 0.163882 -0.305422 -0.0179093 0.029652 0.0575005 -0.00409564 0.0407216 -0.0114314 -0.087528 -0.0190252 0.0531432 -0.101646 0.0845174 0.0550284 0.251183 -0.0588533 -0.0251761 0.160364 0.0500299 0.053087 0.257158 0.247934 1.33081 0.106055 0.678342 0.0168564 0.0613395 0.155946 -0.0527512 -0.0531762 0.253485 -0.144309 -1.31215 0.097387 0.697386 0.0253481 -0.0351447 -0.0354157 0.737276 -0.792079 0.0866195 0.205223 1.1502 -2.47587 -0.128377 1.22403 -0.0776015 -6.70551 -4.44889 2.82793 2.45315 2.87937 3.25127 -0.0694578 0.906883 -3.7899 0.303534 -0.775558 -0.207456 0.0231532 2.11138 0.622065 -0.589704 0.230785 -1.08811 -0.271002 0.30182 -7.97196e-10 -2.73687 5.83804e-11 0.118616 2.40889 0.0664094 5.27219e-09 4.61482e-10 2.48958e-10 0.137892 -1.19225 -0.125749 -0.745379 1.86667 -1.56128 0.590055 3.22945e-09 0.359082 -9.59728e-11 -1.32673 -0.67769 0.466378 -0.13732 -1.70092 -0.996066 0.618399 0.138194 0.89353 9.07897 0.0439022 0.199744 1.15553 0.0152262 0 0.0122454 0 0.030965 0 0 0 0.027136 0 0 0.204115 0.0158588 0.176861 0.0621122 0.152216 0 0.0739581 0 0.0316796 0 0.0685351 0.00778183 0.0541361 0 0.111072 0 0 0 0 0.00978562 0.0153027 0.0379392 0 0.190916 0 0.00866277 0.0102351 0 0.226669 0 0 0.00258106 0.00295052 0.0439531 0.18848 0.0862078 0.190923 0 0.0232017 0 0.00426259 0 0 0.0375154 0 0 0 0 0 5.71162e-05 0 0.033071 0.00677522 0.0142787 0 0 0.039812 0 0.00379233 0 0.0498284 0 0.142032 0 0.00101254 0.0277423 0 0 0.0130148 0 0.0141924 0 0.0633916 0.0559724 0.0486618 0.000483368 0.00055849 0.108551 0.0709466 0.0369484 0.0597133 0.0968678 0.0794231 0.0686439 0.0469576 0.0366495 0.0470669 0 0.0836346 0.0227598 0.109754 0.0102919 0.044088 0.107764 0 0 0.000222798 0.203306 0.00720089 0 0 0 0 0 0 0.0232231 0 0.552111 0.173177 0.564351 0.226539 0.525809 0.126708 0.118011 0.0477568 0.0760106 0.0468304 0.241131 0.120086 0.372068 0.240351 0 0 0 0.0288902 0 0 0 0 0.131462 0.158683 0.0802311 0.0511805 0.0147689 0 0 0 0 0 0.145125 0.0877904 0 0 0 0.0398939 0.29862 0.333784 0.000456323 0 0.0946321 0.118476 0 0 0 0 0.257935 0.152994 0 0.0912903 0 0.0567944 0.00174703 0.0978313 0 0.0950071 0.0595149 0.0118572 0 0 0.0642974 0 0 0 0 0 0.164096 0 0.239194 0.151935 0.200133 0.104518 0 0 0 0.018837 0.0250065 0 0.0592403 0 0 0 0 0.397122 0 0.185018 0.00914166 0.0183317 0 0.0038847 0.0419593 0.0181971 0.142601 0.048665 0.0293234 0 0.243918 0.00701988 0.28956 0 0.00752906 0 0.281095 0 0.0249597 0.172296 0 0 0 0 0 0.063993 0.22783 0.202752 0 0 0 0 0.0423215 0 0.173508 0.129611 0 0.0118995 0.0184351 0 0 0.15545 0.124609 0.118016 0 0.0416702 0.00799409 0.1942 0.000738025 0.0201264 0 0.504908 0 0 0.0225708 0.0279368 0 0 0.0367816 0.0648445 0 0 0 0 0 0.0414101 0 0 0 0 0 0 0 0 0.241639 0.0642966 0.0193755 0.235859 0.0448794 0.275641 0 0.0172169 0.0959292 0.0341734 0.0270323 0.00620125 0.00692668 0.0999678 0.0460231 0 0 0.0408275 0 0 0 0 0.136833 0.166831
43 7.83547 0.000429498 -0.0809509 -0.0681811 0.135975 -0.101128 9.13844 -0.271907 -0.077426 -0.0272453 0.832642 0.378892 -0.229263 0.144289 -0.303594 -0.612391 -0.0586511 0.204549 0.065178 -0.101724 0.155068 -0.310844 -0.0143068 0.0461365 0.0693882 -0.020549 0.0639036 -0.0133602 -0.118331 -0.0187876 0.0285028 -0.104192 0.177157 0.0503084 0.234823 -0.135224 0.007838 0.16154 -0.0157547 0.00410594 0.163994 0.210553 1.4147 0.0142881 0.709875 -0.0299157 0.113044 0.155953 -0.0524509 -0.053146 0.357835 -0.237052 -1.24418 0.14539 0.699345 -0.0634213 -0.0886013 0.472805 0.802148 0.45076 0.178674 0.0440418 1.01618 -3.23344 0.27481 -0.203351 1.88013 1.33848 0.421654 -1.7469 0.560186 -3.87053e-07 0.82528 0.307695 -0.622142 -1.32783e-09 -1.16737 -1.03305 0.461375 -0.0133819 -0.00895141 0.649273 0.581499 -0.083778 -1.23714 0.072602 -0.951179 -2.34543e-09 3.91488 6.59256e-10 -0.427027 -3.08034 1.44645 8.67312e-09 -1.52959 -1.75442 2.49677 -0.891069 2.43226 0.432027 1.31077e-09 0.456329 0.615731 1.34859e-09 -9.49068e-10 -2.56644e-10 -0.303781 -1.33001 1.4518 -0.316965 -0.168423 -1.77721 -0.926122 0.140031 0.896245 9.11737 0.0752668 0.0725245 1.13458 0.027892 0.0266223 0 0.0354957 0 0.0571261 0 0 0 0.0354087 0.282696 0.0662114 0.269577 0.0214602 0.303135 0 0.032585 0.0426534 0 0.00548235 0 0.0997501 0 0 0.0054669 0.0634369 0 0.137154 0 0.0438455 0.122351 0.110546 0.116156 0 0.296723 0.0278768 0.00599629 0.00142834 0 0 0 0.451437 0.108353 0.0152743 0.00860092 0.0503483 0.0164298 0.0718212 0.0237751 0.118971 0 0 0 0.102836 0.0171387 0.136062 0 0 0 0 0.0146421 0 0.0516203 0.0682774 0.0208098 0 0 0.0390761 0 0.0277135 0 0.0258088 0 0.00879142 0.0199988 0 0.0592016 0 0.000756875 0 0.0242934 0 0 0.0494302 0.0857545 0.038891 0 0 0.0559576 0.0610109 0.0360614 0.056528 0.0467244 0.0600386 0.0422517 0.0301346 0.0139548 0.181444 0 0.0924897 0.0578619 0.0947339 0.0188025 0.0793242 0 0 0 0.0449295 0 0.0160073 0 0 0 0 0.137386 0 0 0.0739842 0.123057 0.00229121 0 0.0710998 0 0 0 0.0619256 0.0375378 0.108922 0 0 0.00453687 0 0 0 0 0 0 0 0 0.00377554 0.0922768 0.252903 0 0.169068 0 0 0 0 0 0 0.0931497 0.0769088 0 0 0 0 0.29202 0.324777 0 0.00638246 0.125362 0.292222 0 0.122145 0 0 0.207658 0.0702568 0 0.109941 0 0.0353024 0.0192731 0.13636 0.00885009 0.141044 0 0.0200743 0 0.0184368 0 0 0.00294442 0.0569531 0 0.00471416 0 0.186118 0 0.510368 0 0.17708 0 0.101906 0.0547303 0.0268194 0 0.224984 0 0.243539 0 0 0 0.260475 0.0520678 0.138707 0.0098351 0 0 0 0 0 0.0924941 0.0940425 0 0 0.10254 0.0482021 0.0881085 0 0 0 0 0.0919515 0 0 0 0 0.0440293 0.0119278 0 0.198501 0.186104 0.101794 0 0 0 0 0.0331463 0.00418696 0.147642 0.0865762 0 0 0.029285 0 0 0 0.0560137 0.134896 0.00944463 0 0 0.0515775 0.0783219 0.316782 0.0587459 0.243133 0 0 0 0 0.0390713 0.32284 0.0045101 0 0.0388546 0.112185 0 0.131584 0.184141 0.485865 0.0262988 0.257421 0.00122119 0.0753819 0.0805109 0.126736 0.0821456 0.0649516 0.020004 0.00151661 0.0276402 0.189387 0.0326121 0.157986 0 0.00294043 0.0675217 0.338314 0.27632 0 0.0958152 0.0623881 0 0.0753315 0 0.00160741 0 0 0 0.00456447 0.00102028 0.133003
44 7.86881 0.0245378 -0.0966067 -0.0542791 0.138793 -0.100425 9.17105 -0.395429 -0.0255501 -0.023241 0.851944 0.315288 -0.300772 0.124915 -0.336411 -0.564133 -0.0388725 0.199444 0.0472907 -0.101724 0.112843 -0.288734 -0.0082746 0.0456184 0.0689949 -0.023443 0.0997747 -0.0205057 -0.12983 -0.0358297 0.00854072 -0.103085 0.0717917 0.0320991 0.214818 -0.0215301 0.0480687 0.157028 -0.0321115 0.0118958 0.334273 0.258477 1.3847 0.0969122 0.702306 0.000882005 0.0544533 0.15878 -0.0227589 -0.0507359 0.215018 -0.144888 -1.25359 0.274968 0.675467 -0.0718128 -0.0996769 0.650628 -1.06917 0.488207 0.185649 0.0238905 0.924924 -3.74418 1.57474 0.495557 -0.486113 -2.22001 -2.42094 1.03001 -0.779289 0.140361 0.801991 -0.249892 -0.542898 -1.21365e-09 -1.23972 1.37825 0.330343 -0.0172975 -0.0134478 -0.0109119 0.812995 -0.282118 -0.106376 -0.131442 -0.452895 -2.65326e-09 -1.8707 -0.645699 -0.332516 2.10633 0.954125 -1.03093 -0.861812 1.57301 0.862262 -1.63819 -1.11563 0.238468 -0.371687 0.61613 -1.28826 6.22582e-09 2.3913 -1.6759e-10 -2.15357 -2.1098 -0.00929812 0.868668 -2.93925 -2.96679 1.52461 0.142573 0.897551 9.15519 0.0759891 0.00105253 1.13376 0 0.0198743 0 0.00162767 0.00587236 0.0385565 0.014481 0.0231792 0.0552161 0 0 0.185884 0 0.163135 0 0.150585 0 0.0645976 0 0.133323 0 0.304491 0 0.219322 0 0.463934 0 0.139862 0 0.145379 0.102534 0 0.0910207 0 0.425339 0 0.00897353 0.00625767 0 0.0225908 0.054476 0.00224794 0.459169 0 0.02077 0 0.0566989 0.0790217 0 0.0239975 0 0 0 0.0287716 0.0572133 0.0279861 0 0 0 0 0 0.0185557 0.0808381 0.048694 0.0252016 0.0182553 0 0.0931937 0 0.0542507 0 0.0935186 0 0.0639729 0 0.043891 0 0.0649551 0 0.0113311 0 0.0337283 0 0.0106044 0.152237 0.0978813 0 0 0.141044 0.0850315 0.117727 0.0630748 0.124665 0.0751047 0.135964 0.052095 0.0767104 0 0.0560796 0.0918903 0.170017 0.103946 0.0213969 0.0295987 0.0432016 0 0.322743 0.00173746 0 0 0 0 0.181272 0 0.0541897 0.0578021 0 0 0.378429 0 0.130301 0 0.163351 0 0 0.0936516 0.00299559 0.0128713 0.0433975 0 0.0325182 0 0 0 0 0.305327 0 0 0 0 0.265259 0.101306 0.0660065 0.0581874 0 0 0 0 0 0 0.0642489 0 0 0.27978 0 0.327782 0.545116 0.109837 3.67876e-05 0 0.17018 0 0 1.08592e-06 0 0 0.266138 0.0798889 0 0.077973 0 0 0.00212467 0.102779 0 0.114313 0.0159675 0.244151 0 0.315182 0.026122 0 0 0.16663 0 0.00526979 0 0.446612 0.11254 0.446542 0 0.186714 0 0.00781791 0 0.108688 0.0818969 0 0.130186 0 0 0.0900821 0 0.404771 0.000560753 0.594992 0 0 0 0.00960585 0 0.35148 0.0261681 0.223111 0 0.0621517 0.121673 0 0.461678 0 0 0 0.0180218 0 0 0 0 0 0.317672 0 0 0.124371 0.0745995 0.27929 0 0 0 0.00348108 0 0.0646968 0.291107 0.0329726 0 0.0184075 0.0248946 0.157549 0 0 0.0859331 0.0632648 0 0.369788 0 0.179743 0.211925 0.00374773 0 0.47962 0 0 0.0554283 0 0.00531183 0.049873 0.067492 0.0101725 0.0552163 0 0 0 0.173828 0.0399134 0 0 0.0140423 0 0.0731712 0 0.0927735 0 0 0.260172 0 0.569374 0.0132731 0.631878 0 0.0527644 0.00419111 0.432942 0 0.0476848 0 0.112672 0.111914 0 0 0.0403981 0 0 0 0.0224064 0.129505 0.104173
45 7.90214 0.0342402 -0.117175 -0.0479226 0.142372 -0.100532 9.20136 -0.494699 -0.0114767 -0.0138215 0.787485 0.211445 -0.359682 0.116901 -0.355887 -0.510867 -0.00721693 0.18845 0.0366759 -0.101724 0.0768408 -0.253247 -0.0105994 0.0272438 0.056959 -0.032221 0.105223 -0.0140036 -0.101397 -0.0400438 -0.00486816 -0.103292 0.135196 0.0491396 0.20206 -0.0888383 0.022191 0.155936 -0.00183341 0.0536077 0.327124 0.188111 1.34691 0.162242 0.67856 0.00430834 0.0650939 0.159958 0.0243535 -0.050336 0.158919 -0.180757 -1.26391 0.316001 0.589149 -0.0596344 -0.0389097 -0.0726638 -0.465581 0.204479 0.219241 0.0235495 0.842215 -2.54301 -0.0425744 0.216018 -2.47471 -1.55687 0.885957 -0.848325 -2.8523 1.00481 1.2929 -0.407044 -0.242823 -1.79699e-09 -1.01005 0.867212 0.38405 -0.0879008 -0.123191 0.315552 0.00740853 0.310574 0.828642 0.0507415 -0.40127 -3.54643e-09 1.30594 0.743561 -0.330936 -1.72197 -0.830789 4.21931e-09 0.612993 1.41819e-10 0.630558 -0.224808 -0.0300891 0.350379 -1.11228 0.310268 0.0768154 5.36085e-09 0.701688 -1.7475e-10 0.0229106 -2.19067 -0.14242 -0.194221 -1.88899 0.679684 0.770486 0.144874 0.897763 9.19245 0.0602747 0.0150756 1.10238 0 0.0466538 0 0.0282494 0 0.0209682 3.99724e-05 0.044432 0.03816 0.00743678 0.0172385 0.120822 0.027486 0.101719 0.0352923 0.100275 0 0 0 0.059886 0 0.0328543 0 0.104478 0 0.129903 0 0 0 0 0 0 0 0 0.0326697 0 0.000549061 0 0 0 0.0640783 0.00574435 0.0519659 0 0 0.177117 0 0.1174 0 0.0172537 0.00192761 0 0 0 0.0571993 0.0303237 0 0 0 0 0 0 0.0532381 0.0770228 0.0162481 0.0137895 0.00289128 0.111064 0.00167162 0.0758081 0.0104961 0.0853426 0.0609788 0.136082 0 0 0 0.139942 0 0 0 0 0 0 0.106461 0.0945185 0.000942554 0 0.0336093 0.00097714 0.0226086 0 0.037631 0 0.121594 0 0.0545436 0.0633588 0.0561552 0.00504397 0.0558254 0.00464381 0.0125091 0.028017 0.137765 0.3428 0.490324 0 0.16661 0 0.0245501 0 0.116502 0 0 0 0 0 0.478895 0 0.438901 0.0192813 0.344415 0.14273 0.118053 0 0.0233371 0 0.0675885 0.258225 0.127694 0.214242 0 0.220832 0 0 0 0 0 0 0.22982 0.191271 0 0 0 0.0728232 0 0 0 0.0121599 0 0 0 0.0439769 0 0.0865742 0.50338 0.28403 0 0 0.0117219 0 0 0 0.00675149 0 0.163337 0.225626 0.100201 0 0.162456 0.0318418 0.0450434 0.00258801 0.0446052 0.00165313 0.0128572 0.0282468 0.00479665 0 0.000939571 0.0395606 0 0 0 0.00490034 0.0155124 0.42167 0.139019 0.293674 0.00137106 0.254663 0.00864789 0.0287185 0 0 0.00926344 0 0.0265885 0 0 0.0210683 0.0375927 0.0117222 0.0206149 0.0672722 0 0 0 0 0 0.459552 0.0398907 0.0360257 0.0195659 0.0623581 0 0 0.00655615 0 0 0.10962 0.0470133 0 0 0 0 0 0.308778 0 0.274719 0 0.0941945 0.13391 0.000424321 0 0.0010497 0 0 0.0187097 0.200922 0.147451 0 0 0 0 0 0 0.0704071 0 0.0205924 0.0756635 0.0385003 0.0168414 0.204846 0.0641402 0 0.478192 0 0 0.0211196 0.00273221 0.00421836 0.00271286 0.0264381 0 0.0679992 0 0.0665233 0 0.231098 0 0.052259 0 0.097411 0 0.130683 0 0.125334 0 0 0.237444 0 0.208468 0 0.230634 0 0.0320514 0.111462 0.311209 0 0.0432796 0 0.0250517 0.0301789 0.00889809 0.0208032 0.03825 0 0 0 0 0.108377 0.16514
46 7.93547 0.03579 -0.109055 -0.048427 0.14558 -0.10119 9.23014 -0.534382 -0.0190069 -0.00305186 0.597686 0.170579 -0.362727 0.103391 -0.406233 -0.484006 0.0275117 0.172982 0.0323124 -0.101724 0.0416859 -0.245499 -0.00331999 0.0266205 0.0560169 -0.022863 0.0980851 -0.00453259 -0.0777229 -0.0378758 -0.00902692 -0.103207 0.13586 0.0505671 0.187073 -0.095493 0.0151273 0.155482 0.0149122 0.0549149 0.369009 0.184042 1.34239 0.204066 0.67776 -0.00205008 0.0984203 0.159296 -0.00120782 -0.0523796 0.117837 -0.195107 -1.27979 0.35094 0.585008 -0.0180622 -0.0261066 0.119807 0.470949 0.125441 0.193056 -0.0118227 0.835948 -0.964974 -0.242867 -0.0132776 -6.18069 0.063055 3.15004 -1.73649 -5.2078 0.596238 0.94111 -0.396458 -0.212919 -1.26855e-09 -1.00858 -0.0766857 0.342245 0.00939207 0.00884179 0.342439 -0.11316 0.229936 0.540276 -0.036579 -0.268394 -2.13421e-09 -0.618007 3.59527e-11 -0.426316 0.543049 -0.234124 2.67e-09 0.294381 1.28543e-10 0.532531 -0.309807 0.31121 0.0987668 -0.340653 0.439508 0.167636 4.74053e-09 -0.775089 -9.18798e-11 0.0573995 -1.37952 -0.19718 0.0889485 -0.00908652 0.0366904 0.361534 0.146608 0.897106 9.22867 0.0454856 -0.0424696 1.07739 0.00803187 0.0326087 0.00456395 0.0175546 0.00327074 0.0103922 0.00518807 0.0318566 0.043221 0 0.0351358 0.046208 0.0389843 0.0417097 0.0408731 0.0469129 0 0.00772658 0 0.0542478 0 0.00203705 0 0.0907971 0 0.092045 0 0 0 0 0 0 0 0 0 0 0 0 0 0 0.0465949 0 0 0 0 0.376985 0 0.241724 0.00262001 0.00189693 0.00275927 0 0 0 0.0425074 0.0123897 0 0 0 0 0 0 0.0111992 0.0293246 0.00131066 0.00555161 0 0.203963 0 0.154237 0.0101779 0.168962 0.0717863 0.267938 0 0 0 0.236911 0 0 0 0.00101251 0 0 0.0477829 0.0636022 0.000551691 0 0 0 0 0 0 0 0.0402172 0 0.0316381 0.00569364 0 0 0 0 0.0152547 0.0197697 0.123431 0.487241 0.323529 0 0.136534 0.00526274 0.00630964 0 0 0 0 0 0 0 0.441012 0.0312557 0.415761 0.0735457 0.293218 0.227986 0.100702 0 0.029076 0 0.15292 0.343621 0.191191 0.314203 0 0.434852 0 0 0 0 0 0 0.281967 0.105942 0 0 0 0.0422555 0 0 0 6.56242e-05 0 0 0 0.0262932 0.00442076 0.0622714 0.495659 0.126577 0 0 0 0 0 0 0.00403537 0.00265708 0.140551 0.214221 0.114062 0 0.187459 0.0138673 0.0590949 0.0361158 0.0577303 0.0362229 0.0199411 0.00598262 0.00504861 0 0 0.0805042 0 0 0 0.0133014 0.120603 0.483445 0.180809 0.343343 0.0235926 0.311389 0.0296347 0.0145261 0 0 0.0155949 0 0.0231913 0 0 0.0372957 0.278296 0 0.22758 0 0 0 0 0 0.0500925 0.569619 0 0.134178 0 0.107247 0 0.116256 0 0.367633 0 0.0700423 0.0198684 0.113579 0 0.0152574 0 0 0.071482 0 0.115623 0 0.083553 0.197412 0 0 0 0.00950895 0 0 0.21922 0.113594 0 0 0 0 0 0 0.0697413 0 0.0713919 0 0.0850952 0 0.22705 0.00986597 0 0.645783 0 0 0.0140936 0.00849455 0.000682806 0 0.0175306 0.00377331 0.0618531 0 0.0640438 0 0.20386 0 0.0498193 0 0.0802157 0 0.111254 0 0.110829 0 0.0125579 0.275493 0.028775 0.190978 0.0591967 0.200016 0 0.0119834 0.078765 0.207983 0 0.0398953 0 0.00540066 0.0327642 0.00651038 0.019342 0.0330657 0 0 0 0 0.129686 0.127353
47 7.96881 0.0407477 -0.0605177 -0.0444458 0.148023 -0.103697 9.26068 -0.495812 -0.0215273 -0.0109806 0.265904 0.188085 -0.314785 0.0786834 -0.450775 -0.457446 0.0571988 0.154778 0.0258313 -0.101724 0.00853338 -0.282854 0.0180764 0.027195 0.0407538 -0.0150382 0.0767353 -0.00240258 -0.0624299 -0.0404348 -0.0124537 -0.10298 0.101304 0.0424481 0.165145 -0.072565 0.0218896 0.155266 0.0227844 0.0555286 0.411123 0.183197 1.35465 0.212104 0.661757 -0.0096708 0.100231 0.158152 -0.0436121 -0.0548913 0.0815149 -0.192127 -1.30213 0.394562 0.616537 -0.0232026 -0.0203925 0.28635 1.53196 0.425378 0.151634 -0.0621029 0.925972 0.970424 0.121965 -0.717553 -9.17014 0.968143 3.66159 -1.40321 -5.09602 0.437615 0.782304 -0.499308 -0.464422 -1.38287e-09 -1.03587 -1.03059 0.279632 0.00549326 0.00760063 0.174128 -0.348278 -0.000971957 0.224501 -0.218239 -0.471835 -1.88844e-09 -0.328994 -0.075056 -0.681395 0.0314268 -0.121579 1.12698e-09 0.407843 2.07315e-10 0.78917 -0.734165 0.906341 0.0107654 -0.357419 -0.241607 -0.286892 4.23753e-09 -0.538184 -1.39306e-10 -0.323692 -1.4058 -0.601731 -0.0508982 0.0910381 -1.02607 0.59789 0.147926 0.893972 9.26412 0.0396796 -0.100132 1.05491 0 0.0485414 0 0.0290663 0 0.0173724 0 0.0395985 0.0290582 0.0109775 0.0359536 0.0281183 0.0359313 0.0249762 0.0509278 0.0254977 0.00695392 0.0323872 0.0387937 0.0702325 0.019157 0.0479333 0.0684225 0.135182 0.0573903 0.153196 0 0 0 0 0 0 0 0 0 0 0 0 0 0.0192435 0 0 0 0.031976 0 0.383828 0 0.1942 0.00641477 0.0230186 0.011389 0 0 0 0.031699 0.00959854 0 0 0 0 0 0 0.00374606 0.0258415 0.00393875 0.00472119 0 0.230735 0 0.185931 0.0048097 0.204808 0.0766933 0.326016 0.0113967 0 0 0.259607 0 0 0.0109976 0.00896226 0 0 0.0611222 0.074803 0.000963524 0 0 0 0 0 0 0 0.0529305 0 0.0199208 0.0377405 0 0 0 0 0.0136575 0.0360278 0.136014 0.338199 0.464566 0.0856892 0.0924497 0 0 0 0 0 0 0 0 0 0.343249 0 0.296873 0 0.198187 0.093929 0.0634885 0 0.0364077 0 0.234837 0.216764 0.248049 0.162987 0 0.447481 0.00797439 0.00691297 0 0 0 0 0.269095 0.063382 0.0668819 0 0 0.0716886 0 0.000332773 0 0.00661477 0 0 0.0168315 0.0579969 0.0421057 0.103609 0.508 0.0352078 0 0 0 0 0 0 0 0.0122606 0.179831 0.162254 0.109912 0 0.159598 0.0578921 0.0806228 0.0632336 0.0792926 0.0626174 0.0417153 0.0465993 0.021384 0.0240934 0 0.0589701 0 0.0179189 0 0.0163712 0.239986 0.519018 0.223798 0.419559 0.114593 0.288343 0.00677803 0.0449309 0 0 0.000297464 0.0284319 0.00985981 0.0345265 0 0.0350822 0.524185 0 0.473357 0 0 0.00837892 0 0 0.145003 0.46796 0 0.172243 0 0.165905 0 0.391635 0 0.687063 0 0.0770241 0 0.446417 0 0.0943592 0.00825048 0 0.102214 0 0.0390803 0 0.0518422 0.208733 0 0.000701941 0 0.0398944 0 0.0381782 0.253375 0.0530708 0 0.00354898 0.0205665 0.000742126 0 0 0.0630766 0 0.152888 0 0.134043 0 0.199906 0 0 0.606173 0 0 0.0279288 0.00707458 0 0 0.0191932 0 0.0766139 0 0.0840134 0 0.243791 0 0.0639967 0 0.0970995 0 0.130716 0 0.130425 0 0.122825 0.265513 0.160807 0.22698 0.23487 0.216321 0 0.011073 0.00499019 0.230614 0 0.04963 0 0.00431146 0.0105098 0.0451041 0 0.0361772 0 0 0 0 0.142674 0.113473
48 8.00214 0.0322607 -0.001831 -0.0286045 0.150075 -0.108036 9.29408 -0.449625 -0.0349974 -0.0344234 0.0372208 0.162414 -0.186346 0.0473674 -0.501889 -0.431863 0.104756 0.134433 0.0123307 -0.101724 -0.031009 -0.321025 0.0200381 0.0278375 0.0416326 0.00333712 0.0529274 -0.0102548 -0.0518078 -0.0481685 -0.0181589 -0.102582 0.0602491 0.0343639 0.146064 -0.0492028 0.0256609 0.154879 0.0367779 0.056618 0.436605 0.172541 1.37882 0.200708 0.659453 -0.0111157 0.105509 0.157962 -0.0506154 -0.0554239 0.0616195 -0.198525 -1.33555 0.461887 0.647115 -0.0440722 -0.00652616 -0.234909 1.76624 0.393454 0.0577288 -0.10648 1.03699 0.815837 -0.300769 -0.651472 -4.29629 -0.87206 3.2313 -1.07704 0.194756 0.71994 1.43042 -0.684512 -0.139292 -1.11613e-09 -1.19906 -1.08099 0.197987 0.00438648 0.00606915 0.417486 -0.624164 -0.172872 0.239813 -0.165373 -0.161712 -1.20019e-09 -0.648087 -0.0454399 -0.513193 0.0425596 -0.235744 4.11265e-09 0.299963 4.49748e-10 0.254891 -0.63592 0.926391 -0.0680045 0.166625 -0.0922147 0.204807 4.44144e-09 0.085635 -1.70548e-10 0.192963 -1.03856 -1.05475 0.499104 -0.845076 -1.8052 1.444 0.148994 0.890318 9.29895 0.0324927 -0.112566 1.03505 0.00250502 0.0361181 0.00263929 0.0228635 0.0069619 0.0263944 0 0.00961936 0 0.0656649 0.0870855 0.0368893 0.0734393 0.0231209 0.0810097 0.019115 0.012857 0.0750887 0.197943 0.0236887 0.181154 0.00835008 0.287698 0.0232753 0.300134 0.0231454 0.0541401 0.000101952 0.140791 0.00291644 0 0.0209744 0 0.0262267 0 0.0190274 0.00471832 0 0.076991 0.0377008 0 0 0 0.392106 0 0.125352 0 0.0369541 0 0.0303958 0.0371803 0 0 0 0.0243575 0.00472147 0 0 0 0.00028493 0 0 0.0128608 0.00617525 0.0112181 0.0022179 0 0.0672059 0 0.0453198 0.00322991 0.0603926 0.0756401 0.127443 0.0228037 0.024796 0 0.0883135 0.000679658 0.010676 0.0222273 0.0316624 0 0.00875869 0.106436 0.0519785 0.0010966 0 0 0 0 0 0 0 0.0516536 0.0119931 0.0210306 0.0232023 0 0 0 0 0.0140228 0.036209 0.146118 0.0507416 0.529772 0.0744527 0.0533602 0 0 0 0 0 0 0 0 0.0188807 0.364821 0.0786392 0.279268 0.0336617 0.112889 0.0262023 0.0337102 0 0.0676948 0 0.339218 0.0297032 0.356835 0.0323934 0.10165 0.103231 0.0148992 0 0 0.0486705 0 0.00348032 0.156645 0.0257459 0.243154 0 0 0.081862 0 0.00907726 0 0 0.0472606 0.0636342 0.0392613 0 0.0759673 0 0.473326 0 0 0 0 0.0193626 0 0 0 0.015187 0.216864 0.123734 0.100375 0.000276328 0.13014 0.0705846 0.0817453 0.040031 0.0800133 0.0399132 0.0421122 0 0.0147028 0 0 0.00574098 0 0.0244597 0 0.00536239 0.366502 0.229847 0.18555 0.404383 0.207165 0.163583 0 0.0746603 0 0 0.0108724 0.114156 0 0.123219 0.0186839 0 0.73521 0 0.716981 0 0 0.00951106 0 0 0.240618 0.0223482 0 0.130821 0 0.156163 0 0.623719 0 0.615385 0.0241124 0.0939947 0 0.498468 0.0375924 0.154257 0.0218842 0.0185164 0.125958 0 0.02012 0 0.0886907 0.212277 0 0.00860093 0 0.0545807 0 0.0396032 0.261752 0.0324734 0 0.0657217 0.0467189 0 0.0247022 0.075358 0.0465227 0 0.296089 0 0.21841 0 0.12372 0 0 0.207699 0 0 0.0932061 0 0 0 0.0689678 0 0.077557 0 0.0914535 0 0.248725 0 0.0721606 0 0.0954217 0 0.13426 0 0.128691 0 0.24617 0.018021 0.395968 0 0.519155 0 0.00160937 0 0.00353467 0.0834747 0.00121125 0.0211851 0.0307663 0.0268792 0 0.0738276 0 0.000288301 0 0.0099208 0 0 0.16604 0.120684
49 8.03547 0.0148971 0.0472991 -0.0171798 0.150973 -0.112615 9.33004 -0.432153 -0.0528922 -0.0402974 -0.00642407 0.0774301 -0.0974246 0.0178457 -0.468732 -0.407858 0.165319 0.124091 0.00960479 -0.101724 -0.0656647 -0.359226 0.0203249 0.0196562 0.0304855 0.0162557 0.0287843 -0.0151457 -0.0355935 -0.0548769 -0.0199441 -0.101833 0.0011138 0.0255704 0.137354 -0.00625893 0.0285616 0.154821 0.0388398 0.0567784 0.434695 0.158385 1.39794 0.189602 0.676196 -0.0178896 0.100698 0.157962 -0.0506154 -0.0554239 0.0868767 -0.220055 -1.35717 0.523909 0.639328 -0.0809572 0.00892402 -0.476384 1.4538 0.330708 -0.0293049 -0.0959138 1.11358 0.433581 -0.571002 -0.184141 0.165266 -1.01329 4.57131 -5.74828 3.62017 0.931593 1.75277 -0.349793 0.106155 -1.05506e-09 -0.56107 -1.08823 0.140399 -0.687564 -0.936802 0.146931 -0.744177 -0.146562 0.508477 -0.1823 -0.0632672 -1.2422e-09 -0.819232 -0.205409 -0.252672 0.312835 -0.138646 6.70704e-09 -0.323267 7.10204e-10 -0.129202 -0.062239 0.35312 -0.0899888 0.545929 -0.231523 -0.0639719 7.27988e-09 -4.4281e-10 -6.54353e-10 0.977568 -0.371984 -0.567862 0.437179 -0.603216 -1.61774 0.576058 0.149866 0.886708 9.33313 0.0249668 -0.0934941 1.01246 0 0.064012 0 0.0511731 0.00367707 0.0520459 0 0.0177744 0 0.0791276 0.0995884 0.010153 0.0923764 0 0.102666 0 0.0434596 0.0943717 0.20852 0.0113085 0.197204 0.0211373 0.297295 0.0186467 0.318596 0.0141395 0.0770948 0.0557224 0.171402 0.0649505 0 0.121961 0 0.140424 0 0.172077 0.00738672 0 0.187831 0.0651058 0 0 0 0.435904 0 0 0 0.00039609 0 0.0383179 0.0507644 0 0 0 0 0.0104643 0 0.009064 0 0.00340175 0.0336596 0.00755022 0.00434956 0 0.014587 0 0 0.0209225 0 0.0109127 0.000490948 0.0162006 0.0522412 0.0336156 0.0566021 0.0395739 0 0.0333063 0.0125775 0.0160567 0.0519787 0.0410491 0 0.0169418 0.114706 0.0144301 0.00124333 0 0.0553034 0.0636502 0.0440373 0.0438257 0.0570158 0.0498394 0.127629 0.0682322 0 0.00794411 0.0279408 0.0411383 0.0238793 0.0413923 0 0.0300936 0.273093 0 0.721592 0.0573737 0.0386478 0 0 0.0191461 0 0.0741419 0 0.0641901 0 0.174944 0.33863 0.0911874 0.27267 0.0374738 0.0783181 0 0.0165973 0 0.0800078 0.0228922 0.299577 0 0.349865 0 0.12675 0.00978573 0.0148233 0 0.00690955 0.0957056 0 0.000474755 0.123347 0.0322051 0.21194 0 0 0.0745464 0 0.0227951 0 0 0.0774206 0.109819 0.0367546 0 0.0683304 0 0.369975 0 0 0 0 0.0829259 0 0.00669287 0 0.0264455 0.157257 0.111999 0.0799929 0 0.0868738 0 0.0785269 0.0214406 0.0782722 0.0209759 0.0335439 0 0.00887348 0 0.00985236 0.003345 0 0.0768611 0 0 0.306041 0.180079 0.152797 0.337155 0.18575 0.105214 0 0.0960341 0 6.34338e-05 0.00192287 0.185391 0 0.198567 0.0362159 0 0.707858 0 0.681656 0 0 0 0 0 0.216988 0 0 0.13455 0 0.171797 0 0.478317 0 0.294069 0.0293494 0.0813244 0 0.221966 0.263519 0.208371 0.0110533 0.0522785 0.392879 0 0.0732875 0 0.0918694 0.196041 0 0.0082199 0 0.0674244 0 0.0377442 0.1952 0.0275013 0 0.1256 0.0477002 0 0.38955 0.140682 0.0373056 0.00129175 0.271756 0 0.197124 0 0.0864255 0 0.0117856 0.40022 0.0833746 0 0.13993 0 0 0 0.116707 0 0.0501527 0 0.0600436 0 0.151922 0 0.0528041 0 0.0559267 0 0.0817696 0 0.0813648 0 0.234379 0 0.393116 0 0.500611 0 0.0150631 0.000841644 0 0.086889 0.0191717 0.02012 0.0392811 0.0396248 0 0.121279 0 0 0 0.0176439 0 0.020829 0.178578 0.1259
50 8.06881 0.00638418 0.0791766 -0.0186121 0.151276 -0.112002 9.36646 -0.427585 -0.0904101 -0.0312014 0.0479116 0.159344 0.131548 0.068356 -0.6518 -0.600099 0.213107 0.105615 0.0193581 -0.101724 -0.040875 -0.370302 0.0324505 -0.0405233 -0.0514163 0.017897 0.0132787 -0.00448043 -0.0267004 -0.0605426 -0.0216172 -0.101112 -0.0555386 0.0143961 0.134638 0.0476412 0.0333097 0.155143 0.0272554 0.0558769 0.426405 0.15432 1.40085 0.191196 0.693747 -0.0363399 0.0864196 0.157962 -0.0506154 -0.0554239 0.0924436 -0.240873 -1.37716 0.516385 0.641664 -0.0901736 -0.00103692 -0.0653013 0.569846 -0.211995 -0.0915343 0.157304 1.07381 0.296005 -0.613721 0.0935556 1.75787 1.25249 1.35197 -0.518518 -1.20879e-08 -2.32682e-09 1.09006 -0.525327 0.491764 -2.22885e-10 2.33867 0.0596485 0.239549 -3.09387 -4.2107 -0.127059 -0.432184 0.37781 0.205069 -0.14438 0.0553826 -2.11491e-09 -1.7155 -0.380683 -0.0773799 1.70794 0.0408728 5.73126e-09 -0.202161 7.51254e-10 -0.251693 0.275933 -0.24273 0.01404 0.662501 -0.285252 -0.12163 9.98368e-09 -9.3436e-10 -1.06363e-09 0.387911 -0.103721 -0.487253 -0.2688 0.344716 0.786781 -0.209351 0.149931 0.887474 9.36585 -0.0197512 0.14653 0.957458 0.0291719 0.0325042 0.0175415 0.00534169 0.0155589 0.00979621 0.0137945 0.0150354 0.0226829 0.0439041 0.160337 0 0.160542 0 0.164768 0 0.0841525 0.0842344 0.118631 0.0152568 0.0833647 0.0104958 0.169495 0.0120164 0.146779 0.0109039 0.0161653 0.0166817 0.0467973 0.0208114 0 0.0739717 0 0.0932376 0.000839138 0.138872 0.00608934 0 0.311388 0.0504181 0 0.0206405 0 0.186623 0.0457943 0 0 0 0 0.0678746 0.0366281 0.000993073 0 0.00849055 0 0.0211846 0 0.0231238 0 0.00517369 0.0235891 0.00605832 0 0.00352258 0 0.0029358 0 0.501633 0 0.482669 0 0.488863 0 0.58391 0.0400702 0.0349077 0 0.518333 0.0200005 0.0125424 0.0456344 0.0340473 0.0128712 0.0155556 0.0462791 0.0132699 0.00144795 0.000122979 0.100837 0 0.0771204 0 0.0967797 0 0.184446 0 0 0.0218059 0.0951037 0 0.0899702 0 0.0161969 0.0343529 0.286951 0 0.734162 0 0.0140727 0.00337978 0 0.0224666 0 0.0797427 0 0.0731551 0 0.141267 0.498684 0.0929647 0.346764 0.0483443 0.0681495 0 0 0.00480916 0.0613699 0.0282814 0.264352 0 0.333119 0 0.0775513 0.00551463 0.00942695 0 0.034968 0.105688 0 0.00391 0.161786 0.0504135 0.237668 0 0 0.0504446 0 0.0153372 0 0 0.00713769 0.0099223 0.0199636 0 0.0389216 0 0.461657 0 0 0 0.00794528 0.0582834 0 0.0312658 0 0.0451728 0.135593 0.0913883 0.0216735 0 0.0277437 0.0142383 0.0270513 0.200221 0.0269195 0.198093 0.014379 0 0.00372019 0 0.0292166 0 0 0.120261 0.00296162 0 0.307749 0.107877 0.126822 0.222498 0.085031 0.0926784 0.0396306 0.0338616 0 0.00244069 0.00638631 0.101187 0 0.153094 0.0365686 0.0154812 0.47078 0 0.40473 0 0 0 0 0.00548909 0.144523 0 0 0.148258 0 0.162807 0.323935 0.200016 0 0.0904416 0.0258824 0.0517628 0.33016 0.0815254 0.376325 0.133743 0.00221407 0.0711626 0.43942 0 0.14135 0 0.0452314 0.170302 0 0.0126091 0 0.0659689 0 0.015917 0.197343 0.018899 0 0.117418 0.0333168 0 0.53721 0.079773 0.0258913 0.00843244 0.175325 0 0.144737 0 0.097752 0 0.0753993 0.822672 0.0851971 0 0.116799 0 0 0 0.0976453 0 0 0.040764 0 0.0466642 0 0.159186 0 0.0504002 0 0.0509374 0 0.0766158 0 0.0710085 0.183538 0 0.296509 0 0.382497 0 0 0 0.00834498 0.102918 0.0341972 0.0220578 0.0388022 0 0 0.0973146 0 0.00957099 0 0.0191446 0 0.0460058 0.224035 0.123663
51 8.10214 0.0258631 0.0698164 -0.0160942 0.150953 -0.103844 9.40192 -0.446312 -0.0899718 -0.0249188 0.115051 0.159902 0.126452 0.0505604 -0.589747 -0.56914 0.213406 0.0880317 0.0133785 -0.0795904 0.0807363 -0.336964 0.062065 -0.185964 -0.24467 -0.00520919 0.0131431 -0.00314649 -0.0276473 -0.0611589 -0.0191682 -0.101192 -0.0477376 0.0150767 0.129493 0.0443772 0.0227122 0.154997 0.0325083 0.0562858 0.388922 0.157184 1.39778 0.152625 0.677498 -0.0442603 0.0858768 0.157962 -0.0506154 -0.0554239 0.10183 -0.243773 -1.38645 0.482054 0.638646 -0.0670473 -0.0226312 0.589894 -0.637718 0.072984 -0.104215 0.328768 1.08304 -0.173101 0.0342891 0.482976 1.32793 0.0828016 -1.12698 -0.0468669 2.52931 1.3505 -0.224807 -0.525858 -0.167185 0.998071 4.33137 1.48461 -0.614425 -4.61665 -5.53163 -0.699083 0.00699253 0.152761 -0.104413 -0.0226231 0.0146412 -2.42107e-09 0.292844 0.0716621 -0.190641 -0.185026 -0.31257 4.93781e-09 0.869723 5.67063e-10 -0.154831 0.0147818 -0.444434 -0.0362341 -0.054904 -0.782899 0.441088 8.12744e-09 -7.37291e-10 -8.05567e-10 0.400987 0.75479 -0.114873 -0.38383 0.449937 0.900031 -0.777787 0.148933 0.895319 9.39844 -0.035986 0.286193 1.00002 0 0.0580667 0 0.0360734 0 0.0286886 0.000549097 0.0413842 0.0225015 0.0803568 0.0244091 0.00443658 0.041112 0 0.0578917 0 0.0898715 0.0671444 0.030173 0.0439424 0.0046512 0.0543219 0.0474569 0.0680255 0.0248344 0.0892598 0 0.0714459 0 0.0782111 0 0.0240451 0 0.00148504 0 0 0.00387497 0 0.280341 0.0608377 0 0 0 0.00840047 0.123231 0 0.0267085 0 0 0.0194444 0.0287802 0 0 0 0 0.00333315 0 0 0 0 0.00937782 0 0 0.00692552 0 0.00217479 0 0 0 0 0 0 0 0.00416673 0.0236177 0.0241554 0 0.00712358 0.0177105 0.00909623 0.0364411 0.0283495 0.0262372 0.0056096 0.0231901 0.0234717 0.00100361 0 0.114402 0.0214794 0.0807742 0.0158021 0.103288 0.0204954 0.198455 0.0497571 0.0220049 0.0167903 0.119892 0.0295599 0.119869 0.028745 0.0314175 0.0294945 0.370788 0 0.713996 0 0.0253655 0 0 0.003099 0 0.0029482 0 0.0218656 0 0.0167959 0.689505 0 0.536142 0 0.170128 0 0 0.00373844 0.038102 0 0.234602 0 0.38061 0 0.0480967 0.0553631 0 0.0133208 0.0118076 0.0463855 0 0 0.20055 0.0503979 0.0981546 0 0 0.0736017 0 0.0073986 0 0.0117922 0 0 0.000410172 0.022791 0.00516664 0.0229891 0.439515 0.0858622 0.00038652 0 0.0681055 0 0 0 0 0.00246149 0.0925108 0.134124 0.0030506 0 0.0162899 0.0409416 0 0.0102632 0 0.00936201 0 0.0154075 0 0.0198047 0.0504993 0 0 0.0619409 0.00592086 0 0.153969 0.214807 0.0498311 0.201618 0.0777453 0.0551466 0 0.0681299 0 0.00814041 0 0.0885803 0 0.13627 0.0765335 0.0661781 0.103891 0.0380525 0.0482929 0.045812 0 0.0116959 0.00522175 0 0.0816299 0.0161814 0 0.176464 0 0.18537 0.493013 0.00546451 0 0.020293 0.00538132 0.0617888 0.536525 0 0.288172 0.214592 0.00478733 0.0107124 0.362591 0.000511754 0.144582 0 0.0105206 0.178194 0 0.0138809 0 0.0560041 0 0.0638958 0.172835 0.0405151 0 0.0787546 0.00903659 0.00676261 0.440509 0.123603 0.0636206 0 0.0529805 0.0105567 0.0982068 0.000751411 0.0890717 0 0.130643 0.0737465 0.0626799 0 0.0890353 0 0 0 0.0694794 0 0 0 0 0.00269852 0 0.0159434 0 0.00992074 0 0 0 0.00639895 0 0.00340824 0.133724 0.0176792 0.141283 0.039442 0.225067 0.033345 0 0.00376489 0.0276973 0.247838 0.00996446 0.0564391 0 0.00521593 0 0.119123 0 0.030513 0 0.00342131 0 0 0.172313 0.100152
52 8.13547 0.0504166 0.0513586 -0.0190147 0.14948 -0.0933668 9.43842 -0.449976 -0.0833196 -0.0033041 0.147092 0.195645 0.0804922 0.0441223 -0.478878 -0.50752 0.167559 0.0936022 0.0167783 0.00540992 0.246996 -0.321438 0.0629788 -0.346208 -0.453211 -0.0282577 0.00816599 0.00825836 -0.0399655 -0.0475471 -0.0197212 -0.101254 -0.0256568 0.00650502 0.131428 0.0293268 0.0310292 0.154498 0.050328 0.0576712 0.388833 0.148773 1.38145 0.171223 0.695683 -0.0442971 0.0884994 0.157932 -0.0517188 -0.0555115 0.133005 -0.281561 -1.36967 0.378087 0.619536 -0.0534625 -0.079443 0.523757 -0.785006 -0.265373 -0.135799 0.340212 1.11208 0.348927 0.153229 1.01745 0.758675 0.53259 -1.53575 0.350165 3.30562 1.97835 -1.07538 0.579742 0.355155 1.18953 19.3546 -1.77366 -5.4562 -39.4538 -43.2295 -0.562046 -0.0770637 0.65659 -0.25839 0.31167 -0.131228 -2.67132e-09 -0.0601143 -0.236289 -0.00768358 0.327052 0.275444 2.38981e-09 0.317331 2.45668e-10 -0.227424 0.209076 -0.608046 0.0872584 0.0732074 0.403071 0.10426 9.03119e-09 -1.15634e-09 -6.56293e-10 1.24422 0.835613 0.434412 -0.790423 1.53988 2.27851 -1.7957 0.147615 0.904836 9.43273 -0.0435296 0.253249 1.05056 0.0193553 0.0195347 0.0116162 0.0108382 0.00914355 0.00779843 0.0132828 0.030095 0.0498305 0.0229707 0.0896143 0 0.11615 0 0.123585 0 0.139117 0.0461127 0 0.024997 0 0.0251754 0 0.044194 0 0.0558808 0 0.00781747 0 0.013207 0 0 0 0 0 0 0.00768164 0.00262871 0.351925 0.0515988 0 0 0 0 0.0340564 0.0550425 0 0.0188963 0 0.0116475 0.0280702 0 0 0 0 0.00849411 0 0.00320357 0 0.00203696 0.00479963 0.00188795 0 0.00188764 0 0.00514995 0 0 0 0 0 0 0.014363 0 0.0150294 0.0196189 0.00455127 0 0.029256 0.00487513 0.0410308 0.0220466 0.072942 0 0 0.0142462 0.000689481 0.000101886 0.0930338 0.0617154 0.119447 0.0432996 0.138205 0.0481403 0.177652 0.0664147 0.00669346 0 0.129702 0.0431614 0.107753 0.0413134 0.0408701 0.0129345 0.0984982 0 0.416369 0 0.0308052 0.00337116 0 0 0.0013558 0.00911996 0 0.00120526 0 0 0.565849 0.00314165 0.387626 0.0137473 0.137637 0.0531024 0 0.0215674 0 0.00154365 0.136262 0.067439 0.230995 0.0441404 0 0.0381209 0 0.0106182 0.0296414 0.038233 0 0 0.170687 0.047948 0.151802 0.0117823 0 0.0415956 0 0.0100558 0.000416603 0.00281904 0.00299537 0 0 0.0211989 0 0.0389004 0.477817 0.0635609 0.00126215 0 0.0531124 0 0 0.00736583 0 0.0195391 0.126154 0.0820128 0.03208 0.0392351 0.00898654 0.0467759 0.00214852 0 0.00260413 0 0 0.0237573 0 0.0198388 0.0288405 0.00691402 0 0.0733403 0.00215394 0 0.0656807 0.205619 0.0406573 0.147634 0.00620751 0.0737844 0.0334844 0.0158846 0 0 0 0.015911 0 0.0616221 0.0398575 0.0745954 0.0419642 0.0486024 0.0010021 0.0817633 0 0 0.00207125 0 0 0.130463 0 0.135027 0 0.125861 0.124105 0 0.0239352 0.0213932 0.0104543 0.0312956 0.268257 0 0.324735 0.11641 0 0.031902 0.29112 0 0.0736988 0 0.0159147 0.159512 0 0.00987886 0 0.0360128 0 0.0131859 0.193132 0.0330252 0 0.0415842 0 0 0.483631 0.0783953 0.0496187 0 0.0307542 0.0484719 0.0721696 0.0316179 0.129149 0 0 0.0892462 0.108789 0 0.0915307 0.00313581 0 0 0.071949 0.00974515 0 0 0 0 0 0 0 0 0 0.000157555 0 0 0 0 0.0345889 0.0684593 0.0146774 0.0833674 0.046151 0.0858031 0.0118008 0.0188371 0.0126245 0.180015 0.00733994 0.0396728 0.00479827 0 0.00595902 0.0578935 0.00779757 0.023059 0 0.00631365 0 0.0187735 0.189582 0.114624
53 8.16881 0.050983 0.0469412 0.00282507 0.147886 -0.0811286 9.47696 -0.40086 -0.0754356 -0.00928291 0.139352 0.200107 0.0263375 0.0448387 -0.395519 -0.450218 0.0659555 0.112051 3.47943e-05 0.218003 0.446083 -0.324169 0.11456 -0.460037 -0.610557 -0.0385488 0.00372718 -0.00295084 -0.0359619 -0.0439713 -0.0256594 -0.101209 -0.0150441 0.00233166 0.140793 0.0213341 0.0312984 0.1545 0.0502734 0.057667 0.350859 0.177171 1.37701 0.116723 0.670503 -0.0470539 0.0706767 0.157973 -0.0501919 -0.0553903 0.100159 -0.285134 -1.3679 0.244995 0.637375 -0.00161694 -0.0926204 -0.324273 -0.656589 0.686513 -0.11871 0.466699 1.20252 1.88096 0.393776 0.0352003 -0.148271 -0.105565 -1.41797 0.244176 2.26985 1.79577 -2.87072 0.905105 -0.493951 6.63356 6.58971 -0.999969 -0.956278 -0.555654 -6.72283e-07 -0.270352 0.100326 -0.208113 0.345337 0.172438 -0.338353 -2.6996e-09 0.521822 0.180178 0.316695 -0.51684 -0.358826 5.309e-10 7.41642e-10 3.42702e-10 0.650705 0.912928 -0.540573 -0.498246 0.482115 -1.06756 0.453923 5.97182e-09 -1.1173e-09 -5.86541e-10 -0.810572 1.01655 0.236671 -0.656363 2.49619 2.76215 -0.717627 0.146028 0.915609 9.46989 -0.0450092 0.375013 1.15266 0 0.0706547 0 0.0558005 0 0.0450624 0 0.0462578 0.00842319 0.0161292 0 0.133163 0.00264077 0.104331 0.0196578 0.0921496 0.0974286 0.0566053 0 0.0765561 0 0.0813484 0 0.130168 0 0.16846 0 0.0643093 0 0.0696654 0 0 0 0 0.0486954 0 0.00437047 0 0.28441 0.071404 0 0 0.133968 0 0 0.0738666 0 0.0338844 0.00247457 0.0437523 0.000890875 0.00262573 0 0 0.000697745 0 0 0 0 0 0 0 0 0.00365021 0 0 0 0 0 0 0 0 0.015547 0.00744185 0 3.16857e-05 0 0.015231 0.0136695 0.00431463 0.00105327 0.0135429 0.086437 0.00603603 0 0.00205553 0.000474795 0 0.128188 0.0413153 0.112775 0.0292194 0.136526 0.0334905 0.226821 0.043564 0.096994 0.0287775 0.146301 0.0390962 0.128426 0.0373693 0.0633042 0.037629 0.199267 0.0531145 0.608673 0 0.0227355 0 0 0 0.0903795 0 0 0 0 0 0.664868 0 0.454318 0 0.142991 0.00269372 0 0.00357918 0 0 0.0247935 0.0677378 0.150143 0.0333533 0 0.144845 0 0.0218101 0 0.0106648 0 0 0.174901 0.0638027 0.157541 0 0 0.0525623 0 0.00191083 0.00128473 0.0130377 0.075316 0.0762349 0 0.0444955 0 0.0687193 0.51728 0.118052 0.00494147 0 0.176756 0 0 0 0 0 0.122549 0.156793 0.00114158 0.00316954 0.0144635 0.0529304 0.0179208 0.00771118 0.0163107 0.00857232 0 0.0432615 0 0.037548 0.0274242 0.0142443 0 0.0329009 0 0.00110577 0.0082775 0.250991 0.0523771 0.158651 0.0371748 0.13294 0 0.0546662 0 0.0116035 0.00304482 0.0154049 0.00591145 0.0182378 0 0.0386616 0.011173 0.0233988 0 0.0659189 0 0 0 0 0 0.198715 0 0.167267 0 0.119823 0.0212277 0 0.065391 0.0282993 0 0.0450463 0.0897419 0.0044609 0.17541 0.154037 0 0 0.548716 0 0.384129 0.00119222 0.0258258 0.215409 0 0 0 0.00329377 0 0.0874792 0.208924 0.0774453 0 0.0013191 0 0.0169369 0.288899 0.0706044 0.0798331 0 0 0.0481321 0.0164968 0.0122252 0.136495 0.00308319 0 0.148505 0 0 0.0335646 0 0 0 0.0229725 0 0.000532991 0 0 0 0.124506 0 0.0109089 0 0.047653 0 0.0703117 0 0.052192 0 0 0.119856 0 0.153493 0 0.160587 0 0.0482977 0 0.227141 0 0.173914 0 0.0693447 0 0.0393166 0 0.0235279 0 0 0 0 0.134626 0.0878918
54 8.20214 0.0132991 0.0784709 0.0349833 0.146797 -0.0702219 9.51905 -0.267044 -0.0810383 -0.0321942 0.0761453 0.219791 -0.0066659 0.0222934 -0.330757 -0.397736 -0.060106 0.129694 -0.0177903 0.48482 0.802555 -0.289158 0.149061 -0.432599 -0.597998 -0.0211768 -0.0104824 -0.0167655 -0.0183698 -0.0476763 -0.0350933 -0.101115 -0.00398568 -0.00742051 0.146367 0.0102114 0.0197342 0.154704 0.035662 0.0473831 0.380675 0.190224 1.36654 0.200724 0.706366 -0.0365532 0.0595829 0.157973 -0.0501941 -0.0553626 0.126403 -0.289572 -1.34868 0.19441 0.67139 0.0264865 -0.0679486 -1.22275 0.614549 0.682123 -0.129576 0.195444 1.2914 3.89859 0.0986068 -0.49909 -1.12603 0.124134 -0.0771788 -0.799909 1.7833 1.45527 -3.34224 0.583786 -0.575468 6.83577 7.54746 3.04844 -3.15521 1.09935 0.656256 0.328229 -0.151471 -0.205516 0.718288 -0.0238773 -0.209929 -9.70208e-10 -0.299531 -0.138379 0.224758 0.31702 -0.524562 1.44411e-09 -0.966402 -0.770263 0.340358 0.944885 0.199307 0.35405 -0.326075 2.25613 -1.22723 4.18463e-09 -1.49095e-10 0.00933214 -0.697608 1.16221 0.149155 0.288546 1.5757 1.02746 -0.074877 0.144536 0.925701 9.50986 -0.0442944 0.176437 1.21047 0.0208804 0.0325048 0.0088091 0.012508 0.0114404 0.0224132 0.00075788 0.011096 0.0114262 0 0.0593528 0.0414904 0.0435144 0.0290289 0.053632 0.0378054 0.0676893 0.0244075 0 0.0279784 0 0.0043776 0 0.0201244 0.00794322 0.0290304 0 0.00172777 0 1.58511e-05 0 0 0.000399794 0 0 0 0.00456939 0.000914883 0.124027 0 0 0.0203462 0 0.00196277 0.00106675 0.0793399 0 0.0300441 0 0.00630907 0 0 0 0.00781793 0.00583982 0.0170842 0 0.0123947 0 0.00143301 0 0 0 0.0333611 0 0.0115194 0.189115 0.00669546 0.176433 0 0.181517 0.00522017 0.270605 0.0307124 0 0 0.189419 0.0305186 0.00941216 0 0.00893727 0.0107045 0.0415053 0 0 0.0718668 0.000329709 0.000143344 9.44957e-05 0.0337057 0.000272954 0.0218095 0.00122912 0.0255897 0.00299425 0.0347496 0.0333958 0 0 0.0305142 0 0.0307027 0.0335909 0.0142321 0 0.084655 0.0159243 0.00225409 0.0113424 0.0398835 0 0.00944659 0.021733 0 0 0 0.0012687 0 0.0840095 0.0507082 0.0674524 0.0724313 0.00717642 0.0971313 0 0.0421204 0 0 0.0119272 0.0970898 0.0335276 0.0714822 0 0.067918 0 0 0 0.00655137 0 0.00232159 0.124625 0.0668151 0.221578 0 0 0.0587513 0 0.00607196 0 0 0.0926879 0.0827923 0 0 0 0 0.403567 0.018195 0.000785647 0 0.0152918 0 0 0.0122905 0 0.027617 0.157301 0.115584 0.0366141 0.0194018 0.0662395 0.055657 0.0816261 0.0165053 0.0819602 0.0161063 0 0.0154923 0 0 0 0.0162385 0 0.0190263 0 0.00278902 0.0567435 0.0837391 0.128468 0.105478 0.0428901 0.11411 0.0152881 0 0 0 0.00972278 0.0139994 0.00449409 0 0.00366776 0.0117723 0.0568843 0.00443621 0.024914 0.000520559 0 0 0 0 0 0.0847663 0 0.141835 0 0.134091 0.00782959 0.0806296 0 0.188211 0.00677082 0.0685056 0.0253062 0.137507 0.0718767 0.0503827 0.0105815 0 0 0.000852119 0 0 0.0535408 0.23603 0 0.00144187 0 0.0291012 0 0.0358428 0.21348 0.035989 0 0 0 0 0.0824021 0 0.0222647 0.00085032 0 0 0.015311 0.00667983 0.110921 0 0.482136 0.174293 0.126862 0 0.0425547 0.021895 0 0.0104422 0.0350992 0.0247069 0 0 0 0 0.127461 0 0.0305407 0 0.0331965 0 0.0581913 0 0.0262812 0 0.00930771 0.0496394 0 0.0247177 0 0.043976 0.00111628 0.024201 0 0.0577457 0 0.0939676 0.0299922 0.0430085 0.0108068 0.0116796 0 0 0 0 0 0 0.156828 0.0935309
55 8.23547 -0.0164858 0.0607593 0.0651175 0.147327 -0.0651343 9.56136 -0.140354 -0.0870518 -0.0554512 0.00167692 0.198294 0.0460909 -0.026141 0.0601256 0.0797012 -0.136214 0.139497 -0.0463149 0.625638 0.552122 -0.0975001 -0.0765463 -0.365659 -0.498308 0.0220029 -0.0161981 -0.0236883 -0.0581454 -0.0263387 -0.0429253 -0.100949 -0.0373798 -0.0405208 0.18343 0.0515943 0.041429 0.147801 -0.0011599 0.0506469 0.404956 0.237591 1.33944 0.192967 0.688382 -0.0560724 0.0121003 0.158702 -0.0215904 -0.0519496 0.156619 -0.303162 -1.35257 0.0899598 0.64546 0.0284594 -0.0240959 -0.222521 -1.83334 0.238182 -0.0338287 0.197934 1.1954 2.91227 0.110323 -0.12936 -2.74375 0.162005 1.73997 -0.201462 -0.262297 -0.340315 -2.14158 0.901916 -0.567353 2.21058 -11.1749 2.09431 1.79275 6.09157 4.58341 0.673556 0.704829 0.619902 -1.36684 0.155655 -0.310458 -8.0843e-10 0.0898243 -0.832957 0.683339 0.313756 0.516798 -1.58519 0.112009 4.45351e-10 -2.57044 -0.463545 0.306172 -0.710549 2.89326 -2.52214 -0.3816 2.80187e-09 -0.247754 -2.25181e-10 0.898306 2.63639 -0.46481 0.180061 0.984626 1.51259 0.0546373 0.142892 0.930156 9.54913 -0.0509948 0.196271 1.12341 0.0426222 0 0.0405072 0 0.0402712 0 0.0724251 0 0.134218 0 0.137534 0.0792811 0.116014 0.108805 0.0587687 0.151724 0.00142893 0.0240235 0.0198138 0.00781158 0.053813 0 0.0244841 0.0637246 0.0592712 0.0706841 0.00914766 0 0 0 0.0126661 0.0205593 0 0.0383238 0.0932169 0.0398299 0.00845486 0.00894474 0.12473 0.0847153 0 0 0.0459472 0 0.00609907 0.0102426 0.0374251 0.0853737 0.012868 0.0505085 0 0 0 0 0.0220695 0 0 0 0 0 0 0.0551049 0.0703761 0.0772604 0.00157277 0.0397877 0.0117535 0.0320471 0 0 0.00843863 0.0293262 0 0 0 0.0498135 0 0 0 0.00572617 0 0.0254928 0.04029 0.017908 0.0819323 0.111314 0.000947811 0.0017438 0.105223 0.184832 0.0722945 0.0746646 0.117608 0.158197 0.0885733 0.213792 0.11533 0.00442653 0.081607 0.030447 0.100525 0.216766 0.047665 0.00774402 0.00191087 0.535369 0 0.456637 0 0.0542606 0 0 0.0370437 0 0 0 0.209327 0.00274603 0.234855 0.281998 0.13508 0.433175 0 0.386059 0.0344 0.0416878 0.0509195 0.0212729 0 0.275123 0.0464272 0.356465 0 0 0 0 0 0.0580267 0 0.003916 0.0973246 0.0545509 0.168167 0 0 0.00315417 0 0 0 0 0.057872 0.0409633 0 0.021037 0 0.0770868 0.278747 0.0697365 0.00254145 0.00195253 0.254503 0 0 0 0 0 0.255361 0 0.154449 0.024562 0.0797521 0 0 0 0 0 0 0.0548773 0 0 0.00876787 0.0343929 0 0.108063 0 0 0.000402987 0 0.281483 0.215984 0.00498417 0.273444 0.216486 0 0.0504055 0 0.169389 0 0.235995 0 0 0.0105599 0.0143859 0.214857 0 0.300086 0 0.0346995 0.0471504 0 0 0.244529 0 0.24403 0 0.0429274 0.300054 0 0.0382708 0 0 0 0.18315 0 0.0222618 0.005912 0 0 0 0.403558 0 0.235922 0.109416 0.282772 0 0 0 0 0.000299066 0.0456874 0.243669 0 0 0 0 0.0418016 0 0.0455929 0.0296536 0.102495 0 0.188957 0 0.105371 0.135675 0.0306269 0 0 0.928906 0 0.0249334 0.00708072 0.0125061 0.0582668 0.0431199 0.0228673 0.0422098 0 0.0447505 0 0.149113 0 0.0673483 0 0 0 0 0 0 0 0 0.355816 0.00427905 0.227578 0 0.256839 0.00854125 0.00954783 0.283265 0.0234581 0 0.229234 0.0440907 0.0427346 0.130654 0 0.0244599 0 0 0 0 0.0269515 0.12311 0.0736437
56 8.26881 -0.0141505 0.0288628 0.069732 0.14676 -0.0621272 9.60056 -0.0525422 -0.118617 -0.057834 -0.076068 0.137709 0.182995 -0.0852234 -0.00704479 0.0221294 -0.208838 0.135001 -0.0491956 0.628391 0.376604 -0.022359 -0.0372649 -0.185601 -0.350524 0.0239745 -0.0172126 -0.0160382 -0.0809267 -0.0178991 -0.0399713 -0.0999746 0.0384055 -0.0320944 0.173969 -0.0158598 0.0143465 0.152049 0.00201654 0.0501845 0.341634 0.238388 1.32495 0.167511 0.709587 0.0514527 0.0395045 0.0789635 -0.0123208 -0.0506859 0.366187 -0.275272 -1.34819 0.0725216 0.682133 0.0208793 -0.0669438 0.0185704 -0.649251 0.138354 -0.0801453 -0.0760121 1.1524 2.28319 -0.867508 -0.354264 -1.40649 -3.16667 2.81607 -0.246523 -0.801844 2.05673 -2.13501 -0.154022 0.11378 -0.741813 -2.78444 1.66238 0.456457 4.56407 4.01658 0.129736 0.0186286 0.181227 -0.607433 0.153552 0.0461076 -1.0207e-09 2.60386 0.540996 -0.380253 -2.54078 -0.816178 1.26557e-09 0.0379643 -0.0860237 -0.761966 0.526115 -0.494321 0.384977 6.91987e-11 1.8698 0.0932771 -2.07134 0.311791 -7.77295e-11 1.2817 3.41689 -1.19664 -0.183498 2.20721 0.25914 -1.15713 0.141399 0.932535 9.58648 -0.0413497 -0.0758317 1.12572 0.00455482 0 0 0 0 0 0.0065346 0 0 0.0377788 0.0453099 0 0.0434524 0 0.0342552 0 0.0888532 0.0413038 0.00882156 0 0.0108625 0 0.0214358 0.0206536 0.0305113 0.000815155 0 0 0 0 0 0.0606023 0 0.0606096 0 0.169337 0 0.00650635 0.0344333 0 0.0294472 0.0842736 0 0 0.0492435 0.0525939 0.0443654 0.112636 0.0727231 0.0447999 0 0 0.0452492 0 0.0255309 0.0495462 0.0448353 0 0 0 0.0327533 0.0360824 0.00387457 0.0466001 0.00287439 0.0230213 0 0.103018 0.0041285 0 0.00993544 0.149241 0.00962873 0.13017 0.0459914 0.0145189 0 0.053168 0.0173756 0.00684164 0.0312967 0.0096076 0.067188 0.0430779 0.018415 0.0407825 0.000627475 0 0.16048 0.0682475 0.107967 0 0.145389 0.0435453 0.113948 0.0568532 0.00543677 0.0435463 0.103691 0 0.112795 0 0.0363408 0.027749 0 0.279349 0 0.0491431 0.0115048 0.102744 0 0 0 0 0 0 0 0.027898 0.155461 0.339108 0.268136 0.313259 0.203394 0.276457 0 0.0622754 0.0221927 0.0967513 0.122431 0.214056 0.306291 0.222443 0 0 0 0 0.0428551 0 0.0297115 0 0.0612864 0.151427 0.0498298 0.0282517 0 0.0103257 0 0 0 0 0 0.0456059 0 0 0.0297196 0.00172372 0.0504129 0.259046 0 7.07279e-05 0.0357566 0.0411876 0.0689301 0 0.00360218 0 0.100395 0.120587 0.081732 0.160417 0.000742196 0.249611 0 0.0237769 0 0.00337099 0.0343161 0.0564874 0.00920059 0 0 0.0317408 0.241563 0.0343364 0 0 0.180893 0 0.189278 0.213526 0.177465 0.0273771 0 0 0.0135619 0 0 0.0378756 0 0.0989453 0.11217 0.0194715 0.205751 0 0.21863 0.00709388 0 0.00288941 0.0178383 0.0422064 0.237681 0.112023 0.156351 0.0681593 0.022591 0 0 0.102885 0 0.208065 0 0 0.0196093 0.231915 0 0 0.0150243 0 0.0343181 0 0 0 0.158764 0.0921252 0 0 0.00863296 0 0.133095 0.117367 0.0620667 0.107593 0.046407 0 0 0.0331269 0 0 0.0892684 0.0258236 0.128721 0.0503101 0.175212 0.00524475 0 0.131727 0 0.426807 0.636698 0.000245929 0 0 0.0218734 0.0690352 0 0.00266852 0 0 0 0 0.0184692 0 0 0 0 0 0 0 0 0 0.175267 0.261295 0.232198 0.0779194 0.295334 0.11647 0.0292843 0 0.12935 0.0777863 0.061575 0.00708914 0.0534001 0.00843651 0 0.0696114 0.0328543 0 0.00485561 0 0.0759384 0 0.0230473 0.0494491
57 8.30214 0.0115345 -0.00240936 0.0602537 0.144933 -0.0632127 9.6345 -0.0276851 -0.122903 -0.0492008 -0.101093 0.119516 0.204275 0.00805915 0.0210532 0.0548016 -0.308073 0.10782 -0.0307455 0.567486 0.307863 0.0727266 -0.00720067 -0.0541994 -0.240773 0.0247235 -0.025096 -0.00780568 -0.118809 -1.4754e-06 -0.0216926 -0.102068 0.0174384 -0.0279803 0.171669 0.00615145 -0.0106243 0.151328 0.0303094 0.0523369 0.322647 0.218417 1.3026 0.213484 0.696238 0.110346 0.112809 0.154788 0.00190543 -0.0447286 0.202182 -0.1959 -1.38846 0.0625211 0.712487 0.0627932 -0.12963 0.452564 -1.19172 -0.187193 -0.0523206 0.0257727 0.953819 0.560968 0.0589224 0.250118 -9.27662e-10 -1.02878 1.09874 -0.204588 0.000876354 0.00108727 -2.59833 -1.1893 0.131898 -2.46086 -0.951909 3.30057 -0.184222 3.41564 3.14268 0.425341 -0.258138 -0.0268704 -0.992765 0.639331 0.717238 -1.78484e-09 -1.06474 -0.0445835 -0.0294918 1.00435 -0.617738 2.91423e-09 0.882005 3.10722e-10 -0.765649 0.647695 -0.578554 0.0961432 -1.1749 1.21643 0.850636 3.48113e-09 0.674252 0.218329 -0.459719 1.13434 -1.10868 0.533497 3.27392e-10 -0.364748 -0.425556 0.14002 0.931176 9.62364 -0.0353956 0.00970743 1.09969 0.0465283 0 0.0159033 0 0.0261167 0 0.0332772 0 0 0 0.14214 0.0320682 0.114895 0.0420439 0.0781605 0.0753523 0.00335177 0.0150776 0.146127 0 0.214399 0 0.175581 0 0.314524 0 0.0579059 0 0.0205222 0 0 0.0432975 0 0.063339 0 0.245034 0.00339217 0.00341088 0 0 0.367515 0.050467 0 0 0.100833 0.0354043 0.0691921 0.0554328 0.0916843 0.0429534 0 0 0.0830122 0 0.101735 0.0522354 0 0 0 0 0 0.0127435 0.0812416 0.0554914 0.00854623 0.0187035 0.0678243 0.0153524 0.0559262 0 0.0895646 0 0.027371 0 0 0 0.037041 0 0 0 0 0 0.0124752 0.0293363 0.0642731 0.0628804 0.000897973 0 0.124974 0.12566 0.0836817 0.0526793 0.116826 0.124888 0.0802456 0.158546 0.106462 0.0708413 0.0666782 0 0.070852 0.177473 0.0479064 0.0265318 0 0.51452 0 0.262732 0 0.0862773 0 0 0 0.0578286 0 0 0.0802132 0.0204146 0 0.424397 0 0.398852 0 0.353874 0.0899777 0.0550314 0.0135708 0.105659 0 0.0808195 0 0.16017 0.161189 0 0.176197 0 0 0 0.0133976 0 0.116123 0.161779 0.109155 0.0325865 0 0 0 0 0 0 0.0646573 0.112618 0.0830983 0 0.135233 0 0.247081 0.236127 0 0.00118585 0.00446665 0.0705125 0.0812038 0 0 0 0.0351812 0.156951 0.0457739 0.00378831 0 0.161725 0.0240479 0 0.0348195 0 0.120316 0.0391782 0.192052 0 0 0.0199296 0.136852 0.000722191 0.00460204 0 0.317803 0 0.378945 0.154543 0.268088 0.0378284 0.0284626 0 0.0282224 0 0 0.018802 0.00190338 0.00338325 0 0 0 0 0 0 0 0.0175834 0.00615671 0.0458534 0.368743 0 0.107268 0.118932 0.00983218 0 0.0942079 0.10169 0.0913001 0.166123 0 0 0.143769 0.0521008 0 0 0 0 0 0.29729 0 0.179037 0.177191 0.102837 0 0 0 0 0.079956 0.0343469 0.0658921 0.133242 0 0 0.0999035 0.0186473 0 0 0 0.135322 0 0.00834873 0 0.0228959 0.245925 0.161761 0.0205488 0 0.551855 0.0395432 0 0 0.218323 0.0548911 0.00189438 0.00678235 0 0.00997299 0 0 0 0.0834142 0 0 0 0 0 0.0456667 0 0.054782 0.215939 0.0464828 0.377522 0 0.459893 0.00691286 0.0209547 0 0.343276 0.00197299 0 0.125841 0.100541 0.0395355 0.0154185 0 0.038515 0 0 0 0.01844 0 0.0794781 0.0420407
58 8.33547 0.0108356 -0.0354228 0.0487546 0.141915 -0.0638875 9.66684 0.010656 -0.143996 -0.0348519 -0.101093 0.0775854 0.257886 7.16224e-05 0.0320473 0.0591762 -0.377415 0.100164 0.00316832 0.483579 0.32969 0.146255 -0.0909843 -0.0160039 -0.197009 0.0269987 -0.0239771 -0.0065931 -0.107477 0.0136567 -0.00405202 -0.101203 0.0691804 -0.0214601 0.158217 -0.030991 -0.0229947 0.152211 0.0458008 0.0529575 0.219742 0.180871 1.32396 0.266825 0.703005 0.0552211 0.0540154 0.124383 -0.025113 -0.0511987 0.387353 -0.166945 -1.37836 0.179446 0.695784 0.00402299 -0.0860112 -0.314589 -0.750918 -0.378521 -0.0726479 -0.0199628 0.971891 1.49801 -0.551527 0.300052 -1.18986e-09 -1.1554 1.30426 -0.250223 0.0275115 0.0206089 -1.96257 -0.393035 1.01683 -2.23235 0.80482 0.847613 -2.8485 0.786991 0.797554 0.210542 0.0616735 -0.0239243 0.54781 0.313481 0.519631 -1.4082e-09 0.845757 0.193027 -0.195471 -0.49102 -0.243424 5.2766e-09 -0.738734 1.38144e-10 -1.13217 2.05374 0.242312 0.496213 9.84708e-11 -0.244719 -1.37295 -0.56093 -0.267222 -1.64664e-10 1.29538 1.31079 -0.70877 0.0668378 -0.521621 -1.67917 1.13183 0.139146 0.930941 9.66012 -0.0242423 -0.00520595 1.0912 0.0608806 0 0.0447922 0 0.044518 0.00501127 0.0412103 0 0 0.0185073 0.108149 0.0502325 0.0783351 0.0460807 0.0616196 0.0613571 0 0.0323095 0.0700945 0 0.0506676 0 0.104282 0 0.131971 0 0 0 0 0 0 0 0 0 0 0.0302416 0 0 0 0 0.0268555 0.213849 0 0 0.223496 0.0352424 0.0967914 0.00610181 0.0318168 0.0776895 0 0.00941139 0.0157748 0.00864393 0.0337624 0.0663529 0.0183421 0 0.00506421 0 0 0 0.080051 0.017426 0.0267649 0 0.0602863 0 0.0670216 0 0.0685569 0.0256247 0.0682841 0.119704 0 0 0.0725898 0 0 0 0.00359496 0 0 0.0225858 0.107096 0.0297909 0 0.000262046 0 0.00320548 0.00156924 0 0.00776912 0 0 0.00752418 0.00873368 0.126534 0 0 0.00725597 0 0.012429 0.0616031 0 0.425752 0 0.169384 0.00753608 0.135929 0 0.00429655 0 0.118856 0 0 0 0 0.00694127 0.450536 0.0335762 0.400135 0.146348 0.324596 0 0.0510251 0 0.0132036 0.234949 0.0341772 0.211064 0.135255 0.312104 0 0 0 0.0213384 0 0.00423003 0 0.0461158 0.179538 0.0446252 0.0290048 0.01166 0 0.00613753 0 0.00733642 0 0.0784873 0.0665529 0.0170402 0 0.0564639 0 0.0285806 0.254655 0 0.00354787 0 0.0176613 0.0269697 0.029836 0.0373864 0.0264222 0.0654491 0.092699 0 0.0427142 0 0.36662 0 0.0428923 0 0.041193 0.00712968 0.00112796 0 0 0.00562236 0.0367788 0.11808 0 0.00537191 0 0.351656 0.00236826 0.282188 0.134548 0.241346 0.0558403 0.0245139 0 0 0 0 0.00287093 0 0 0.0138204 0 0.00332607 0.0673082 0 0.0355797 0 0 0.000330838 0.0170206 0.375124 0 0.137673 0 0.091386 0 0.081376 0.00804444 0.339882 0.0216526 0 0 0.0478156 0.0242927 0 0 0.0185887 0 0 0 0 0 0.188433 0.0135572 0 0 0.013027 0 0.0726978 0 0.0228115 0.13063 0.00916665 0 0 0 0 0 0 0.0599716 0 0.00854201 0.00533187 0.0434038 0.00791896 0.230142 0.196688 0 0 0 0 0.00615922 0.0289628 0.0832503 0 0.00989986 0 0.0757142 0 0.0289018 0 0.271741 0 0.0732774 0 0.0865571 0 0.11129 0 0.120792 0.181816 0 0.177958 0 0.229197 0 0.0383981 0 0.185507 0.0172391 0.0530979 0.000801302 0.0718476 0.00366295 0.00782733 0 0.013534 0 0.00042388 0 0.0382552 0 0.0629848 0.0966614
59 8.36881 -0.00240186 -0.067871 0.0285836 0.138257 -0.0664895 9.7007 0.0656359 -0.139669 -0.0160203 -0.101093 0.0333104 0.288911 -0.00697212 -0.251485 -0.131 -0.399262 0.0977506 0.0485926 0.337824 0.396186 0.155796 0.00144226 -0.00855982 -0.19357 0.0269645 -0.0198709 0.00274348 -0.0794952 0.0219907 0.0079639 -0.100606 0.0859271 -0.0108033 0.160679 -0.0303014 -0.0369099 0.152174 0.0472524 0.0530685 0.166412 0.178566 1.34444 0.343299 0.690321 0.0476151 0.00215679 0.151306 -0.0404606 -0.0518975 0.449142 -0.198188 -1.37845 0.20916 0.671332 0.00742192 -0.0761895 -0.442817 -0.920404 -0.701864 -0.0550893 -0.100612 1.03286 1.73282 0.218689 0.527489 -5.22172e-10 -1.20313 0.730424 -0.246531 -8.06607 -6.25795 -0.538602 -0.335289 1.38512 -4.13961 0.0745584 0.336884 2.75924 0.527205 0.662554 0.1119 -0.00721599 0.281259 0.671722 0.267344 0.432945 -9.83934e-10 0.089489 0.297276 0.107427 0.271178 -0.361341 2.95364e-09 -0.352308 1.85923e-10 -0.596018 1.87516 0.436519 0.120411 -1.36587 1.16104 -1.11505 2.3892e-09 -0.444107 -3.86979e-10 0.744415 0.732333 -0.680618 0.0111521 -0.36065 0.137911 -0.13544 0.138381 0.929165 9.69639 -0.0241398 -0.0688105 1.08677 0.0515869 0 0.0324719 0 0.0237625 0 0.0592796 0 0.0904728 0 0.0414404 0 0.0491896 0 0.0447619 0 0.0539694 0 0.0686677 0.0747498 0.0689845 0.0629667 0.106275 0.124577 0.12555 0.121006 0.0123485 0 0.0203739 0.0117846 0 0 0 0 0 0 0 0.000856105 0.0156187 0.016959 0 0 0.0928724 0 0.166386 0.0107502 0.0590372 0.0056473 0.0196495 0 0 0.0174377 0 0 0.0140612 0.0257237 0.00124538 0 0.00265362 0 0.00914362 0 0.0273839 0.0347106 0.0143849 0.0192657 0.161651 0.113873 0.120534 0.0943234 0.126444 0.115418 0.190941 0.232997 0.0385015 0.0130006 0.184888 0.121761 0.00709603 0 0.033926 0.0188341 0 0 0.0862108 0.112004 0 0.000251603 0 0 0 0 0 0 0 0.0205697 0.00712301 0.018517 0 0 0 0 0.0237418 0.01206 0.0370466 0 0 0 0 0.0422324 0.0043115 0 0 0 0 0 0 0 0 0.241466 0 0.126286 0 0.0833008 0.00725488 0.0151789 0 0.0164717 0.0474756 0.185681 0.0101557 0.211741 0.208507 0.0388021 0.00382683 0.0059071 0.0456484 0 0 0 0.0561928 0.150574 0 0.0044179 0.0534977 0 0.00653685 0 0 0 0 0 0.0252349 0.0217272 0.0424944 0.046264 0.0604497 0.276159 0 0 0.00633289 0 0 0 0.0152615 0 0.0790253 0.192677 0 0.0740942 0.022344 0.193446 0 0.0770278 0 0.078092 0.00766357 0.0280046 0.0127045 0.00412521 0 0 0.09435 0 0.00741002 0 0.337882 0.206186 0.236278 0.0973848 0.089118 0.124666 0.104377 0 0 0 0.0505147 0 0.0893619 0.00386105 0.0515251 0.0866886 0.00840035 0.497505 0 0.466085 0 0 0 0.0231935 0.136197 0.152405 0.171104 0 0.152815 0 0.276843 0 0.458883 0 0.0155839 0.000642979 0.300622 0 0.0846364 0.0175956 0.0276299 0.0121183 0 0 0 0 0.215366 0.0687189 0 0 0.0475408 0 0.0628322 0 0.0372398 0.209372 0.0550924 0 0.00395296 0.0199804 0.0540368 0 0 0.028572 0 0.148917 0.00249958 0.108144 0 0.0904093 0.660573 0.278336 0 0 0.0089456 0.0642183 0 0 0.00245768 0.0485508 0 0.0288069 0 0.0396138 0 0.131784 0 0.0566708 0 0.0441349 0 0.0669999 0 0.0669769 0.108124 0.159077 0.113616 0.194625 0.118268 0.261429 0 0 0.208262 0.0274536 0.0374529 0.0272608 0.00197716 0 0.0948934 0 0.0360072 0.000770502 0.00273096 0 0.00807537 0 0.0433666 0.0882462
60 8.40214 -0.0121761 -0.110469 0.0143483 0.135304 -0.0698135 9.73742 0.119119 -0.147421 -0.00861815 -0.101093 -0.00986436 0.338903 -0.00406726 -0.145738 0.036571 -0.354343 0.0756453 0.0865271 0.0783596 0.46191 0.244388 -0.0347284 0.0365374 -0.150097 0.0226263 -0.0086984 0.00598689 -0.0602771 0.0272764 0.0191773 -0.100131 0.101083 -0.00284923 0.160541 -0.0276416 -0.0510347 0.15219 0.0466041 0.053019 0.144238 0.199683 1.36348 0.392475 0.681529 0.0811185 0.00778688 0.150638 -0.043328 -0.0521222 0.453674 -0.174825 -1.40592 0.187821 0.683984 0.0139882 -0.101746 -0.0570808 -1.04942 -0.509838 0.0408392 -0.140661 1.10338 1.37307 -0.281637 0.191206 -6.9455e-10 -1.30109 1.35159 -0.0956641 8.3449 10.3281 0.715996 -0.802125 1.0462 -6.28215 -2.16255 0.923398 -3.4424 1.89045 1.91004 -0.224016 0.183003 0.217357 0.29808 0.155254 0.322053 -1.21482e-09 0.153267 0.379998 -0.114517 0.207272 -0.634823 3.07024e-09 -0.392557 1.41327e-10 0.287717 1.32258 0.572416 0.261536 -1.15874 1.34556 -0.434846 7.4079e-10 -0.157373 -3.09903e-10 -0.0575345 0.614273 -0.930302 -0.00640115 0.726392 0.285266 -0.589648 0.137861 0.926329 9.73262 -0.0140857 -0.0977522 1.08714 0.0440963 0 0.0245344 0 0.0175815 0 0.0585619 0.00184475 0.0956133 0 0.0308511 0 0.0354715 0 0.0373121 0 0.0739567 0.0309287 0.0731733 0.112563 0.0882563 0.0878615 0.107436 0.156365 0.139871 0.157185 0.0384866 0.0044367 0.0384616 0.048256 0.0181269 0 0 0 0 0 0 0 0.0441988 0 0.0165986 0 0.0990957 0 0.129913 0.0492698 0.0417454 0 0.0534681 0.00860927 0 0.0297381 0.0131225 0 0.0152826 0.0257997 0.015799 0 0.00589245 0 0 0 0 0.0205603 0 0.0135436 0.0607011 0 0.0727943 0 0.0583429 0.0559048 0.050277 0.069998 0.021901 0.0150829 0.0749089 0 0.010442 0.00291602 0.028109 0.0243246 0.0161464 0 0.0075534 0.0822365 0 0 0.0244366 0.0128136 0.0222725 0.00419771 0.0321266 0.0105007 0.0251724 0.0145879 0.0308187 0.0142856 0.0131271 0 0.0193314 0 0.0413988 0.0185763 0 0.0984436 0 0.139073 0 0.0303651 0 0 0 0 0 0 0 0 0.0329901 0.321369 0 0.205563 0 0.0753804 0 0.000558001 0 0.0400445 0.0511493 0.220904 0.0497214 0.269024 0.18999 0.0705075 0 0.00784844 0.0532474 0 0.00555825 0 0.0323977 0.211219 0.00238749 0.00304559 0.0196532 0 0.00457609 0 0 0 0.0083395 0 0.00072927 0.0291819 0.0143891 0.0569333 0.0172794 0.312546 0 0 0.00533722 0 0.0241139 0 0.040582 0.00234813 0 0.230148 0.00305288 0.060961 0 0 0 0.0353266 0 0.0356929 0 0.0261452 0 0.00266727 0 0.0289557 0.13247 0 0.00466313 0.00210453 0.25857 0.290434 0.22053 0.114041 0.100466 0.108001 0.106318 0 0 0 0.0167247 0 0.060332 0 0.0607291 0.12062 0 0.596124 0 0.529523 0 0 0 0.00855305 0.114747 0.160029 0.166367 0 0.136987 0 0.351868 0 0.480791 0 0 0.0117289 0.327799 0 0.00322491 0.00468457 0.0426533 0.042888 0 0 0 0 0.215183 0.0546686 0.00154715 0 0.0536487 0 0.011901 0 0 0.232564 0.0550347 0 0 0.0258859 0.000667455 0 0 0.0394577 0 0.161661 0 0.129981 0.00385271 0.116829 0.233486 0.292414 0 0 0 0.0587593 0.00679678 0 0 0.0292222 0 0.0735446 0 0.0196316 0 0.215544 0 0.0617272 0 0.0730105 0 0.0916552 0 0.0953558 0.0810901 0.177674 0.0799854 0.236876 0.102493 0.322756 0 0 0.165827 0.105503 0.0854864 0.0108639 0.0112941 0 0.07143 0.00141576 0.0247228 0.00619883 0.00851389 0 0.0630365 0 0.04283 0.11404
61 8.43547 -0.0315627 -0.141612 -0.00862556 0.132845 -0.0756466 9.77597 0.187665 -0.169969 0.000966593 -0.101093 -0.0573108 0.393173 0.00209281 -0.0806566 0.066451 -0.322507 0.0849699 0.123977 -0.0521297 0.24377 0.200983 -0.117211 0.0820812 -0.102532 0.0285073 0.00329998 0.0167191 -0.0437838 0.03013 0.0320425 -0.102324 0.126498 0.0113863 0.16456 -0.0433111 -0.0654306 0.152225 0.045291 0.0529185 0.108386 0.180361 1.40125 0.463944 0.678433 0.0581017 -0.0126624 0.150448 -0.0507187 -0.0526812 0.470972 -0.159386 -1.42851 0.186478 0.70033 -0.00353481 -0.0866808 -0.563263 -0.798579 -0.675254 0.106336 -0.239953 1.17362 2.05424 -0.6694 0.115644 -7.42158e-10 -1.47586 1.52053 -0.0147714 5.69954 0.000351325 0.494525 0.33922 1.0216 -2.06413 -7.42026 -3.87701 -1.26004 0.974353 0.927673 0.0295174 0.325658 0.381727 0.487986 0.0300349 0.345544 -9.82042e-10 0.525008 0.421945 0.0419049 -0.355412 -0.287361 4.64477e-09 -0.513726 2.8232e-10 -0.431743 1.0781 1.00459 0.108159 -1.43082 0.591956 -0.981878 1.54827e-09 -1.04841e-10 -4.16167e-10 0.1579 0.387817 -0.679396 0.165209 5.9299e-11 -0.261219 0.369219 0.137612 0.921748 9.76899 -0.00593881 -0.164619 1.09418 0.0331269 0.00652831 0.0170189 0.00503448 0.01167 0 0.0309648 0.0171929 0.0782728 0 0 0 0 0 0 0.0154664 0.076229 0.00863246 0 0.202454 0.0142392 0.18325 0 0.27782 0 0.276171 0.0360313 0.103256 0.0352267 0.192875 0.0665402 0 0.0468012 0 0.0564383 0 0 0.00243123 0.0413485 0.0735237 0.0136186 0 0.294026 0 0.0315651 0.0431157 0.0142749 0.00210843 0.0319826 0 0 0.040193 0.0115979 0 0.0107795 0.0260363 0.0127031 0 0.00540264 0 0.000470757 0 0 0.0335053 0 0.0190041 0 0 0 0 0 0.0671578 0 0.0807984 0.0292912 0.0142202 0 0 0.0116999 0 0.0333136 0.0236726 0.0112813 0 0.010244 0.104498 0 0 0.0211551 0.0293734 0.0206269 0.00524085 0.0257833 0.0129277 0.0228801 0.0280207 0.0123849 0.00403332 0.00943298 0 0.0148724 0 0.0314579 0.00500466 0.0176042 0.0737159 0 0.118108 0 0.0163786 0.00230528 0 0.0198676 0 0 0 0.0437673 0 0.122422 0.356249 0.010027 0.159109 0.00175141 0 0.00925886 0 0 0.0764883 0 0.247664 0.00278827 0.332787 0.0392646 0.104767 0.00498699 0.0134535 0.0612025 0 0.00748369 0 0.00736236 0.205273 0 0.0751202 0.0514748 0 0.00957583 0 0 0 0.0160513 0 0 0.0346367 0 0.0496194 0 0.35186 0 0 0.0552358 0.0281074 0.0200981 0 0.0418576 0 0.06071 0.23022 0.0254031 0.0329332 0 0 0 0.0416815 0 0.0463272 0 0.0154445 0 0 0 0.0274096 0.115678 0 0.00259726 0.00147512 0.14456 0.34047 0.231756 0.0752519 0.041675 0.0993638 0.0778147 0.0119293 0 0 0.0812876 0 0.14002 0 0.0355745 0.101639 0 0.708 0 0.653364 0 0 0 0.0058844 0 0.190724 0.183479 0 0.176301 0 0.375361 0 0.347469 0 0.0151654 0.0142124 0.264615 0 0.0851944 0.0902121 0.0483559 0.0377054 0 0 0 0 0.262344 0.0747553 0.00182275 0 0.0668472 0 0.0241629 0 0.0217796 0.246118 0.0778457 0 0.00373067 0.0402819 0.0389738 0.07848 0 0.035984 0 0.210143 0 0.163488 0 0.112786 0 0.348908 0.00530428 0 0 0.0976973 0.00264714 0 0 0.0655362 0 0.0937373 0 0.0384704 0 0.282073 0 0.0868632 0 0.0845463 0 0.121333 0 0.120338 0 0.2344 0 0.334613 0 0.435613 0 0 0.136422 0.0723606 0.0782321 0 0.00666986 0 0.100167 0 0.0172647 0.0012818 0.0134376 0 0.0474131 0 0.0423906 0.137496
62 8.46881 -0.047866 -0.150555 -0.0372834 0.130841 -0.0843745 9.81598 0.257787 -0.168953 0.0173646 -0.101093 -0.106564 0.401316 0.00982967 0.0494151 0.0672344 -0.327189 0.106408 0.149856 -0.0525673 0.0584987 0.030266 -0.0528603 0.0965414 -0.0879952 0.0251083 0.0100799 0.0355333 -0.0259929 0.0308821 0.0410873 -0.101566 0.13805 0.0243947 0.170345 -0.0584309 -0.0742878 0.152148 0.0482332 0.0531435 0.134518 0.201901 1.41023 0.500215 0.647047 0.0499347 -0.025032 0.150449 -0.0506769 -0.052678 0.490351 -0.156653 -1.43457 0.199954 0.700141 -0.00737043 -0.0466693 -0.450025 0.120017 -0.819712 0.135601 -0.355509 1.20718 2.11029 0.0434679 0.37159 -4.59027e-10 -1.47298 1.57082e-09 -0.417058 -0.14898 -0.189199 -0.212483 0.536914 0.602417 0.488502 -3.14036 -4.88283 2.8976 0.260257 0.370565 -0.275735 0.280771 0.554675 0.475636 0.00207441 0.214072 -1.17703e-09 0.370639 0.44586 0.167054 -0.535545 -0.242072 7.53876e-09 0.0911571 5.21106e-10 0.650713 -0.0441695 0.27661 0.287624 -0.186761 0.602945 0.194529 4.10368e-09 0.0169406 -5.36007e-10 0.128286 0.0850253 0.115292 0.0152258 -0.0147484 0.0767613 0.62036 0.137409 0.914258 9.80555 -0.00658092 -0.268431 1.09993 0.0645084 0 0.04591 0 0.0312818 0 0.0685656 0 0.144355 0 0.010485 0 0.0130589 0 0.00621031 0 0.0763084 0.0407837 0 0.256612 0.00388973 0.278127 0 0.344496 0 0.375321 0.0181824 0.240757 0.0245861 0.375681 0.10688 0 0.0964747 0 0.139603 0 0 0.0077737 0.054668 0.176471 0.00120567 0 0.288611 0 0.0282226 0.0563392 0.00540951 0.0264134 0.0076697 0 0 0.0465627 0.000872965 0 0.0032638 0.00622589 0 0 0.00367617 0 0.0340326 0.0297593 0 0.0103976 0.00481641 0.0173493 0.0236925 0 0.0101823 0 0.0118619 0 0.0281312 0.0326219 0.0652811 0.0484764 0.00927731 0 0.0164757 0.0118119 0.0522727 0.0478074 0.000607263 0 0.0355577 0.0955362 0 0 0.0289361 0.0866127 0.0260422 0.0554721 0.027311 0.0647736 0.0136076 0.106326 0 0 0.00260507 0 0.00597458 0.0104102 0.00796284 0 0.0165616 0.0767169 0 0.121169 0.000943724 0.0284368 0.00939135 0 0.0755443 0 0.0450433 0 0.132019 0 0.16712 0.285375 0.0642075 0.0535244 0.0145768 0 0.00465768 0.00786201 0.00870736 0.112125 0 0.247989 0 0.326073 0 0.157339 0.00308363 0.0275159 0.0756273 0.00281715 0 0 0.0150067 0.223578 0 0.0438841 0.066454 0 0.0163635 0 0.00240842 0 0.0182197 0 0 0.0527263 0 0.056491 0.0538313 0.334699 0 0 0.090804 0.0493978 0.00125189 0 0.0274832 0 0.0852536 0.166858 0.0169326 0 0 0 0 0.0376091 0.000744231 0.0438471 0 0.0178176 0.00285687 0 0 0.0372303 0.14283 0 0 0 0.137416 0.31554 0.171612 0.0406652 0 0.123668 0.163682 0 0 0 0.103668 0 0.147504 0 0.0670475 0.133523 0 0.717481 0 0.670431 0 0 0 0.0184787 0 0.201861 0.227967 0 0.228219 0 0.307075 0 0.251946 0 0.0157003 0 0.173227 0.0064565 0.189361 0.235245 0.0460272 0.010317 0 0 0 0 0.302511 0.039846 0.00611907 0 0.0807215 0 0.0363626 0 0.03331 0.210446 0.124417 0 0.000944283 0.0676748 0.131177 0.349866 0.0138649 0.0171989 0 0.226681 0 0.173028 0 0.0904539 0 0.278283 0.0273219 0 0.0103863 0.139138 0 0 0.0135249 0.112562 0.00159536 0.079479 0 0.0159541 0.0125584 0.225276 0 0.0637896 0 0.0704754 0 0.09663 0.00147117 0.0909018 0 0.245164 0 0.380537 0 0.493939 0 0 0.184231 0.0352075 0.121734 0 0.00258086 0 0.117295 0.00493039 0.0264751 0 0.0142818 0 0.0312085 0 0.0617271 0.158924
63 8.50214 -0.0453243 -0.136954 -0.046914 0.130394 -0.0939662 9.85718 0.303052 -0.155459 0.0206004 -0.0909664 -0.163303 0.375861 0.00890452 0.0478004 0.143838 -0.345727 0.11723 0.136614 -0.0276333 -0.00401134 -0.069192 0.0135704 0.112769 -0.0698895 0.00493078 0.0188347 0.0396713 -0.0212013 0.0284501 0.0407811 -0.100736 0.141193 0.0376057 0.182038 -0.0756255 -0.0850919 0.152079 0.0508888 0.0533465 0.139637 0.191405 1.42327 0.502381 0.660971 0.0644641 -0.00203084 0.150723 -0.0399688 -0.0518679 0.481816 -0.150878 -1.41664 0.214551 0.700032 0.0153625 -0.0607797 0.292463 0.406078 -0.151174 0.195273 -0.353239 1.20712 1.10255 0.45505 -0.172183 0.265715 -1.60514 -0.815484 -0.356823 -0.0563691 -0.073695 -0.396542 0.32582 -0.647029 0.567631 -0.798363 -1.68677 0.714908 0.451665 0.496402 -0.726745 0.396835 0.042617 0.0183579 -0.143373 -0.0899687 -1.97563e-09 0.328395 0.254499 0.322078 -0.66197 -0.143336 1.05883e-08 3.52251e-10 7.41443e-10 -0.0277261 -0.348833 0.248788 -0.0565788 0.40196 0.323765 0.275343 3.84315e-09 0.528262 -5.8414e-10 -0.237828 -0.149105 0.816024 0.0927687 -0.131383 0.0814173 -0.0955569 0.137376 0.905428 9.84242 0.0058199 -0.28493 1.10213 0.0222488 0.00501377 0.0010211 0 0 0 0.0642025 0.0671105 0.17479 0.06867 0 0.0522702 0 0.0894995 0 0.120637 0.0710014 0.0903653 0 0.280272 0.00249901 0.264064 0 0.36704 0 0.348326 0.00603898 0.189021 0.0217662 0.299654 0.0796815 0 0.0739567 0 0.109769 0 0 0.00638187 0.0572642 0.270582 0.0131831 0 0.232688 0 0.0318769 0.0491753 0 0.0179976 0.0231287 0 0 0.0533279 0.00715428 0 0.00742777 0.00499787 0.0023711 0 0.00413986 0 0.0295189 0.0345362 0 0 0.00698518 0.00602627 0.0191515 0 0.0395295 0 0.050775 0.00623316 0.0778923 0.0365057 0.0617422 0.0471239 0.0442685 0 0.0143345 0.0249166 0.0479398 0.0546003 0 0.0102822 0.0330933 0.0556518 0 0.000455301 0.0396964 0.162936 0.0257793 0.13898 0.0304894 0.15311 0.0144454 0.223181 0 0 0.00522876 0.0893905 0.00442255 0.142541 0.00595811 0 0 0.380169 0 0.36415 0.0104742 0.00687544 0.0320046 0 0.0715962 0 0.0265348 0 0.0798812 0 0.151867 0.59079 0.0602521 0.22112 0.0170514 0 0.0149754 0 0.0236807 0.0940829 0 0.285647 0 0.454496 0 0.130128 0 0.00955441 0.0770004 0.0411712 0 0 0.0358288 0.259764 0 0.0419371 0.020127 0 0 0 0 0 0 0 0 0.0359799 0 0.0389906 0.0740647 0.42695 0 0 0.0742496 0.21756 0.0155024 0 0.0304479 0 0.0838808 0.10489 0.0222183 0 0 0 0.0241719 0.0470902 0.0368371 0.0560172 0 0 0.00151333 0 0 0.05076 0.163767 0 0 0 0.200197 0.426244 0.217207 0 0.0119484 0.0877506 0.0731731 0.0729406 0 0 0.141232 0 0.305193 0 0.216566 0.312577 0 0.742654 0 0.690632 0 0 0 0.0086782 0 0.238309 0.208974 0 0.177449 0 0.206401 0.056246 0.181429 0 0 0 0.121318 0.0191106 0.178559 0.297318 0.0683502 0.00757687 0 0.386478 0 0.000955078 0.199979 0.040732 0 0 0.0505046 0 0.0564198 0 0.0572928 0.189061 0.123908 0 0 0.0489212 0.128974 0.481317 0.00539779 0.0289572 0 0.260039 0 0.212104 0 0.0698555 0.0316204 0.0226902 0 0 0.0218542 0.131839 0.00414603 0 0.0211216 0.101923 0.00159986 0.00584866 0.00726864 0 0.020139 0 0.00548049 0 0.00530589 0.0115213 0.00674531 0.00563169 0.00577994 0 0 0.359392 0 0.436364 0 0.527157 0 0 0.284026 0.200303 0.0939276 0.0190096 0 0 0.240121 0.00946458 0.0583005 0.0592561 0.014459 0 0.0298949 0 0.0652151 0.178129
64 8.53547 -0.0410938 -0.12903 -0.053018 0.131645 -0.102612 9.89801 0.305535 -0.139932 0.0164363 -0.0123252 -0.204444 0.347194 0.0191198 -0.0378216 0.0524707 -0.355273 0.120458 0.113327 0.0161067 0.0819017 -0.105865 0.0529687 0.10935 -0.0710353 -0.0094734 0.0216333 0.0402444 -0.020848 0.0321972 0.0404739 -0.100206 0.128656 0.0418986 0.193272 -0.0707908 -0.0808445 0.152079 0.0508888 0.0533465 0.128693 0.193528 1.42584 0.453809 0.662414 0.0689697 0.00458496 0.151002 -0.0289582 -0.051034 0.434067 -0.156696 -1.40053 0.170308 0.667864 0.0265346 -0.0650457 -0.02985 0.40766 -0.300085 0.220851 -0.255867 1.24777 0.0874583 0.332985 -0.0220883 2.64611 -0.577195 -0.562685 -0.645734 -1.8678 -2.56276 0.207653 0.176335 -0.679783 1.22876 2.72358 -0.689119 0.872148 0.14017 0.098639 -0.501581 0.0150919 0.0322539 0.174381 0.120853 0.103293 -1.74869e-09 -0.484994 0.0852688 0.333561 0.197322 0.126888 8.41306e-09 7.8046e-10 8.43855e-10 0.0345583 -0.253618 -0.187658 -0.726527 0.555261 -1.12786 0.280719 3.56295e-09 -0.536489 -5.35386e-10 -0.186627 -0.0198568 0.730161 -0.0530685 -0.135304 1.01578 -0.341303 0.137716 0.896754 9.87999 0.0187853 -0.216783 1.14666 0.0538149 0 0.0293036 0 0.0125497 0 0.0911233 0.0154253 0.195665 0.0123712 0 0.00270479 0 0.033709 0 0.0560703 0.0532641 0.105866 0.00904552 0.126802 0.0140759 0.0714748 0.00862933 0.187517 0.0138152 0.11749 0.0226103 0 0.0308552 0.0168086 0.0404334 0 0.042433 0 0.0640058 0 0 0.00458143 0.0523113 0.319447 0 0 0.0995852 0 0.000664972 0.0354758 0.00431198 0.0176071 0.0234179 0 0 0.0290503 0 0 0.0079162 0 0 0 0.00162527 0 0 0.0094186 0.00412884 0 0.00118803 0 0.119771 0 0.0983368 0 0.103683 0 0.166923 0 0.0143659 0.0224901 0.129798 0 0.00594088 0.02312 0.0186889 0.039997 0.00731226 0.0463387 0.0233431 0.0262514 0 0.00158306 0 0.127873 0 0.0935988 0 0.123209 0 0.255694 0.0235331 0.0119008 0 0.103369 0 0.106601 0.0274626 0.0313095 0 0.273763 0.0054208 0.716191 0.00370496 0 0.0111009 0 0.037191 0 0.0210372 0 0.0604439 0 0.0638888 0.686966 0.0230495 0.355751 0 0.00234627 0 0 0.00634848 0.0174653 0 0.216945 0 0.430335 0.013207 0.0563891 0 0 0.0410609 0.0135492 0 0 0.071127 0.245602 0 0.0189228 0.0679852 0 0 0 0 0 0 0 0 0.00248103 0 0.0110325 0.11911 0.402772 0 4.81352e-05 0.0413378 0.218189 0 0 0.0113456 0 0.123482 0.161916 0 0.0113293 0.0219556 0 0.000181533 0.0352421 0 0.0364625 0 0 0 0 0 0.0301393 0.0992998 0 0 0.000768076 0.257746 0.319794 0.196064 0.0207194 0.00479985 0.143506 0.124225 0 0 0 0.130262 0 0.241614 0 0.146485 0.240934 0 0.650561 0 0.582053 0 0 0 0.016054 0 0.194439 0.21654 0 0.213327 0 0.120427 0.201542 0.0792797 0 0.0189606 0 0.0465818 0.169712 0.151574 0.30297 0.0267639 0.00125151 0 0.581152 0 0.112326 0.25559 0.0490871 0.00136875 0 0.0589786 0 0.062481 0 0.065553 0.233148 0.0714911 0 0 0.00846716 0.0909915 0.427518 0.00166745 0.0405336 0 0.20276 0 0.183393 0 0.133781 0.519717 0.087435 0 0.115349 0.00386151 0.0898121 0 0.00170421 0 0.0698445 0.00134803 0 0 0 0.00856056 0 0 0 0.00365965 0 0.00410575 0 0.00414141 0 0 0.292012 0 0.36227 0 0.41055 0 0 0.336572 0.0866141 0.119356 0.0295731 0 0 0.22988 0 0.0580223 0.0293477 0 0 0 0 0.0801214 0.173351
65 8.56881 -0.0397277 -0.12237 -0.0745064 0.133211 -0.107295 9.94132 0.271647 -0.15353 0.0208644 0.136264 -0.178195 0.358604 -0.0115484 -0.0549927 -0.122177 -0.338737 0.121229 0.101664 0.0469919 0.166813 -0.112516 0.0965461 0.116299 -0.0689232 -0.0280591 0.0196426 0.0489132 -0.0146967 0.0335284 0.0480104 -0.103322 0.0845586 0.0428932 0.209532 -0.0375973 -0.0673677 0.152078 0.0509381 0.0533503 0.114443 0.203542 1.41535 0.367151 0.663901 0.0359226 0.0140005 0.153557 -0.044764 -0.0521861 0.397489 -0.15645 -1.38762 0.128576 0.660456 0.042739 -0.0797926 -0.167322 0.463173 -0.679062 0.230599 -0.139664 1.34142 -0.926017 -0.600742 0.339144 4.56143 2.69329 0.387137 -0.774679 -5.44308 -7.40154 0.927219 -0.0635662 -0.377441 0.755528 2.10355 0.085058 1.07831 0.184513 0.0433182 -0.509768 -0.216594 0.217439 0.193121 0.120208 0.273709 -2.28079e-09 -1.01839 0.0395432 0.310103 0.636348 0.198842 7.78902e-09 8.86244e-10 7.95024e-10 -0.134007 -0.665252 -0.423633 -0.614888 1.56836 -2.04387 0.912634 1.70148e-09 -1.22221 -3.54008e-10 -0.0116293 0.433792 0.488047 -0.0176316 0.133784 0.618245 -0.54338 0.138493 0.891382 9.91961 0.0318624 -0.115581 1.22333 0.0660165 0 0.0406956 0 0.017639 0 0.123207 0 0.200058 0.0245734 0 0 0.00888013 0 0.00470121 0.00184965 0.0372631 0.128271 0.0355903 0.0333018 0.0313451 0 0.0469566 0.0591882 0.0599029 0.00471077 0.0113328 0 0.0208069 0 0.0106282 0 0.00267237 0 0.00996042 0 0 0.00687543 0.0672131 0.334647 0 0 0.00871585 0 0.033987 0 0.0172983 0.00398192 0.00840782 0.0116388 0 0.0130054 0 0 0.00318885 0 0 0 0 0 0 0 0.00948814 0 0.000467865 0 0.126709 0 0.0968349 0 0.104608 0 0.168741 0.0214669 0 0.00592841 0.141841 0.00513893 0.00177275 0.0259342 0.00857829 0.0321336 0.00382088 0.0819031 0.0223756 0 0 0.00150729 0 0.0617682 0 0.0301098 0 0.0625905 0 0.234524 0.0306095 0.0366837 0 0.0507318 0 0.0550038 0.029222 0.0495579 0 0.24422 0 0.679907 0 0 0.00625166 0 0.00667873 0 0.00409266 0 0.0135322 0 0.0362634 0.729106 0.00526099 0.359411 0.00296175 0.00157559 0 0 0 0 0.0439024 0.109588 0.029828 0.378194 0.0508393 0 0 0 0 0.000939831 0 0 0.101807 0.279839 0 0.0158661 0.079098 0 0 0 0.0116355 0 0 0 0.0112695 0 0.0155938 0 0.189713 0.474985 0 0.0017111 0.00761989 0.315627 0 0 0 0 0.150355 0.166826 0 0.0708654 0.0288121 0.0601869 0 0.0591947 0 0.0601097 0 0 0 0 0 0.00832726 0.0566515 0 0.000755292 0 0.297701 0.182079 0.109727 0.0492328 0.00536131 0.202203 0.154717 0 0 0 0.0564361 0 0.13269 0 0.210556 0.240074 0.0225002 0.586969 0.0155986 0.511767 0.00274027 0 0 0.0252103 0.0667772 0.102326 0.231046 0 0.22444 0 0 0 0.00780302 0 0.0279934 0 0 0.0348059 0.166757 0.280652 0 0.000131737 0 0.46669 0 0.135397 0.262877 0.0187797 0.00196065 0 0.0529609 0 0.0627552 0 0.0783474 0.257346 0.0164848 0 0 0 0.0727294 0.39402 0 0.0794847 0.0111907 0.132917 0.00780273 0.150564 0 0.148305 0.584111 0 0 0.0900094 0.00987013 0.0673794 0 0.00318068 0.0116143 0.0611582 0 0 0 0 0 0.125041 0 0.00334077 0 0.043773 0 0.0637803 0 0.0512741 0.0502632 0.234189 0.0482142 0.190008 0.0551811 0.201017 0 0 0.405914 0.0815374 0.182611 0 0 0 0.185416 0.0088894 0.0686556 0.0351633 0 0 0 0 0.0970165 0.174826
66 8.60214 -0.0604214 -0.133044 -0.114719 0.134629 -0.109371 9.98696 0.184022 -0.177435 0.0296126 0.398186 0.0076272 0.384314 -0.0855656 -0.329569 -0.489827 -0.280619 0.12804 0.113224 0.0790932 0.205624 -0.103996 0.120794 0.125574 -0.062597 -0.0231339 0.0184765 0.0680569 -0.00768164 0.0351186 0.0611661 -0.102925 0.0803807 0.0503563 0.222805 -0.0415576 -0.054751 0.152068 0.0512943 0.0533775 0.086873 0.217835 1.39858 0.247617 0.672087 0.00362714 0.0311343 0.125531 -0.0506409 -0.0533895 0.437434 -0.142037 -1.37444 0.145207 0.682241 0.0604407 -0.0790795 -0.984399 0.119944 -1.03811 0.252264 -0.145897 1.40923 -2.50204 -0.712174 0.423903 7.59697 8.71613 0.975897 0.224461 -10.3816 -12.4864 2.10134 -0.118014 0.207329 1.10795 1.29243 0.170379 0.660707 0.0542354 -0.0308295 0.147306 -0.229796 0.35808 0.451532 0.0605596 0.420208 -2.20748e-09 0.597547 0.216709 0.483316 -0.872994 0.450288 6.70306e-09 7.38724e-10 5.29193e-10 -0.580682 -0.692674 -0.527037 -0.552815 1.97359 -2.35758 1.13293 -0.425636 -2.33784e-10 -9.68463e-11 -0.0477282 0.293632 0.394772 0.139168 0.539767 -0.0955025 -0.206511 0.139378 0.888375 9.9626 0.0249543 -0.0949203 1.3342 0.0852867 0 0.0693566 0 0.0488943 0 0.0889746 0 0.0545359 0 0.0796155 0 0.0855238 0 0.0761036 0.00630648 0.0502561 0.122146 0.0392544 0.00573768 0.0335521 0.0020386 0.049883 0.0180407 0.0711069 0.00406258 0.00173338 0 0.0111976 0.00677054 0.00523896 0 0 0 0.0037686 0 0.000186537 0.00629714 0.0253458 0.288022 0 0 0.00825576 0 0.0477369 0 0.0240031 0 0.0194009 0 0 0 0 0 0.0115113 0.00743488 0 0 0.00122253 0 0 0 0.00447016 0 0.00190877 0 0.0967704 0 0.0668658 0 0.0790375 0 0.131702 0.0715522 0.0066135 0 0.112057 0.0588778 0.00419883 0.0242075 0.0155704 0.0211849 0.00158872 0.0904211 0.0192573 0 0 0.000806628 0.00336365 0.0356 0 0.0107499 0.000117932 0.0356042 0 0.198782 0.0113235 0.0479922 0 0.0209548 0 0.0238114 0.0299413 0.0530379 0.00490096 0.0812888 0.00238127 0.533976 0 0.00123476 0.00164528 0 0 0 0.00482132 0 0.00534166 0 0.0256623 0.430191 0.00448115 0.135871 0.0133899 0.0119799 0.00320446 0 0 0.00115051 0.066858 0.0221123 0.0396735 0.0974743 0.0624542 0 0.00281796 0 0.0119234 0 0 0 0.113996 0.251927 0 0.097057 0.0772698 0 0.00854984 0 0.0166714 0 0 0.0106833 0.0188685 0 0.0306437 0 0.156008 0.499748 0 0.00284616 0 0.104362 0 0 0.0171114 0 0.146767 0.192699 0 0.0413882 0.0243157 0.0108127 0 0.0714015 0 0.0727114 0.00377064 0 0 0 0 0 0.0960945 0 0.00143472 0 0.186753 0.0384125 0.052722 0.0627986 0.0533965 0.0613919 0.0960446 0 0 0 0.0482282 0 0.0537135 0.0147289 0.0728808 0.0113319 0.0366826 0.28077 0.023036 0.255632 0 0 0 0.0159843 0.100141 0.0142304 0.199694 0 0.179246 0 0 0 0.0123982 0 0.0193747 0 0 0.00171701 0.0941172 0.211097 0.00250943 0 0 0.235891 0 0 0.323307 0 0 0 0.0302269 0 0.0939724 0 0.0855519 0.271961 0.00610322 0 0.00246547 0 0.0207785 0.280349 0 0.0241662 0.0205825 0.0486948 0.0184956 0.0395294 0 0.180295 0.554643 0.0860603 0 1.63224e-05 0.00474837 0.0402935 0 0.0075757 0.00463032 0.0461103 0 0.0112566 0 0.00920876 0 0.296557 0 0.0422115 0 0.0991881 0 0.151763 0 0.103895 0.0624982 0.0410439 0.0748634 0.0337261 0.0978266 0.0350781 0.0358521 0 0.297242 0 0.21188 0 0.0258062 0 0.0802157 0 0.0323445 0 0 0 0 0 0.0829922 0.177996
67 8.63547 -0.110008 -0.127168 -0.175934 0.132669 -0.110731 10.0329 0.083842 -0.193916 0.069851 0.689371 0.398939 0.318636 -0.0843621 -0.432153 -0.621941 -0.195589 0.153644 0.168746 0.134142 0.1677 -0.117643 0.0139493 0.0579361 0.086234 0.0126655 0.021423 0.0724349 -0.00280693 0.0213941 0.104186 -0.104622 0.157297 0.0517393 0.260692 -0.130193 -0.0200725 0.152024 0.0529902 0.0535071 0.166875 0.298882 1.33947 0.13561 0.653864 -0.0238472 0.0635753 0.0628768 -0.0281009 -0.0530062 0.474958 -0.0847343 -1.36416 0.213348 0.704155 0.0402409 -0.115619 -2.14304 1.74324 -0.543954 0.130344 0.0850442 1.26208 -2.153 -0.381625 0.866597 6.24628 15.2635 -1.06036 2.56428 1.12342 -2.13152e-07 2.187 0.69728 0.861645 2.17762 -2.62437 -2.80126 0.752067 -0.00299087 -0.00740398 2.40251 -0.260862 -0.288255 -0.799761 -0.112168 0.197106 -1.87447e-09 4.62598 1.35279 1.0468 -5.26642 -0.224871 4.90166e-09 1.37256e-09 1.6112e-09 0.117914 -0.795081 -0.205253 -2.10035 0.885877 -1.82761 -0.498948 -1.20943 0.344998 -3.41455e-10 -0.978793 -0.462738 0.807003 -0.370034 2.89313e-10 -1.0837 -0.099851 0.140545 0.886757 10.0076 0.0579707 0.220803 1.30022 0 0.163529 0 0.180141 0 0.181245 0 0.0400546 0 0.385631 0.340991 0.500932 0.272022 0.442621 0.315207 0.376826 0.0180035 0.0492736 0 0.0710649 0 0.0731009 0 0.101854 0 0 0 0.202829 0 0.0778849 0 0.264986 0.0596616 0.246708 0.184493 0.295944 0 0.0112076 0 0.350508 0.178248 0 0.0311318 0.524908 0 0.0100751 0 0.0366491 0.139873 0 0.00176282 0.0152613 0.0513156 0 0.0345959 0 0.0327298 0 0 0 0 0 0.0209899 0 0.00793089 0 0 0.0698361 0.00466823 0 0 0 0.0493442 0.00326007 0.00460079 0 0.0350743 0.0220768 0 0.00396234 0 0.0105896 3.67947e-05 0.0156858 0 0.0672964 0.00259835 0.00128919 0.234877 0.122339 0.156688 0.0391312 0.154671 0.0967674 0.158301 0.0831379 0.0282665 0.0817531 0.124373 0.144025 0.11005 0.0200135 0.0291165 0.0416944 0.506976 0.356704 0.835645 0 0.229131 0 0.0922435 0 0.162489 0 0.00939512 0 0.0420797 0.122063 0.40418 0.211786 0.418504 0 0.350939 0 0.191552 0 0.143481 0 0.0324645 0 0.0828977 0 0 0 0 0 0.00565449 0.00403371 0.0173352 0 0.0146807 0 0.0499776 0.386427 0 0 0 0 0.0362354 0.00311108 0.0156461 0.347138 0 0 0 0 0 0.326162 0 0.00543544 0.0643331 0.495871 0.0602827 0 0.0301036 0 0 0.166502 0 0.0760122 0.0323195 0.0313126 0 0 0 0 0 0 0 0 0.0636633 0 0.154941 0 0 0.000243071 0 0.637864 0 0.885672 0.177096 0.681161 0 0.460341 0 0 0 0.570268 0 0.553888 0 0 0.0768935 0 0 0 0.0393414 0.0335358 0.0676499 0.0256466 0 0 0.0989921 0.174434 0.039225 0 0.00291114 0.125384 0.011846 0.381405 0 0 0.0346254 0.0312119 0 0.299421 0.010567 0 0.323845 0.221639 0.388821 0.199809 0.428137 0 0 0 0 0 0 0.0559446 0 0.126474 0 0 0 0 0 0.422955 0.109295 0 0 0 0.0372547 0 0.0690731 0.0950056 0 0.251618 0 0 0 0.128589 0.0841315 0 0 0.129503 0.036362 0.0613066 0.0828031 0.0162517 0.441085 0.383146 0.0921226 0.0910818 0.0804397 0.0754018 0.145278 0.106379 0.21389 0.100001 0 0 0 0 0 0 0.0334647 0 0.310633 0.135832 0.48431 0 0.182194 0.0666061 0 0.299435 0 0 0.0105809 0 0.0794033 0 0 0.199541
68 8.66881 -0.124652 -0.0833327 -0.15203 0.135524 -0.104205 10.0743 -0.0386659 -0.181201 0.0395974 0.846822 0.439514 0.126896 0.00611145 -0.0832823 -0.371371 -0.107564 0.169889 0.131777 0.0887223 0.136292 -0.168025 0.0295127 0.0625417 0.0859346 0.0231043 0.0375706 0.0328455 -0.0142981 0.00902881 0.0920715 -0.103218 0.106636 0.0543452 0.279737 -0.117373 -0.0146897 0.152124 0.0491485 0.0532135 0.212038 0.21957 1.33383 0.188771 0.706437 0.00304071 0.0964074 0.0182357 0.0107005 -0.0515498 0.520445 -0.176456 -1.32583 0.164794 0.676958 0.0420688 -0.0735659 -0.191374 1.75786 0.799913 0.180791 0.0289656 1.21701 -3.24712 0.0780466 -0.590649 2.33844 -3.33356 -6.32243 1.89594 4.68632 4.26844 2.39749 -0.14527 -0.887135 -1.58587 -0.706418 -1.48273 0.397049 -0.00644994 -0.0182853 0.0873476 -0.144465 -1.10489 -0.346133 -0.542804 -0.370545 -1.12422e-09 1.24751 8.73692e-10 0.310242 -1.88287 0.683786 4.38569e-09 -0.216509 1.47835e-10 -1.18494 -2.19389 0.263208 1.12824 -0.00479392 1.82474 0.575357 -0.603521 0.544864 -1.78063e-10 -1.9935 -1.27419 0.884803 -0.950951 3.22102 -0.0798038 -0.0950001 0.142306 0.893261 10.0492 0.0544519 0.151966 1.22658 0.0166334 0.0329108 0 0.00750967 0.00231115 0.0148324 0.00610287 0.0635041 0.0289486 0.0337334 0 0.20583 0 0.190317 0 0.158093 0.029072 0.0292291 0 0.0165639 0 0.0733647 0 0.0318344 0 0.101334 0 0 0 0 0.0743994 0.0136197 0.0719843 0 0.143804 0.00697638 0.00961504 0.00799081 0 0.109605 0 0 0 0 0.00431227 0.087154 0.0574046 0.116267 0.0137522 0 0 0 0 0 0.0229623 0 0.019128 0 0 0 0 0 0.0148586 0.0710451 0.00406201 0.0168486 0 0.0879248 0 0.0746497 0 0.0889038 0 0.192871 0 0.00206118 0.0396175 0.079916 0.000913017 0.00258028 0.000250055 0.0108556 0.0252852 0 0.0278886 0.120228 0.000462487 0.000489014 0.0890414 0.0475182 0.0435269 0.0301755 0.0808058 0.0517416 0.0889522 0.0336986 0.0401206 0.0181946 0 0.0553771 0.0669258 0.0702562 0.0239775 0.0225614 0 0 0.0191964 0 0.017334 0 0 0 0 0 0 0 0.0304825 0.0126035 0.298893 0.215449 0.340558 0.196008 0.296598 0 0.0116606 0.0103361 0.0321243 0.0524607 0.142959 0.0693704 0.279256 0.2217 0 0 0 0 0.0786917 0 0.00480323 0 0.0289422 0.193746 0 0.0290914 0 0 0 0 0 0 0.0326709 0 0 0.00832946 0 0.0933237 0 0.402018 0.00147448 0 0 0.0957992 0.0250409 0 0 0 0.0456842 0.140951 0 0.116686 0.0421857 0.12702 0.017891 0.120258 0.00371977 0.126103 0.0440418 0.0375822 0 0 0.00267174 0 0.118174 0.0553014 0 0.00289456 0 0.0372107 0.154194 0.126164 0.0870038 0.0031907 0 0.147326 0 0.0472556 0 0 0.0253821 0 0.0157206 0.0696748 0.0621615 0.441672 0.168397 0.214401 0.0131771 0.0171127 0.0488 0 0.0284897 0 0.0897783 0.135692 0 0 0.00681294 0.0346387 0 0 0 0 0.0478789 0 0 0.125546 0.0490168 0 0.04351 0 0 0.0186885 0.189432 0.208375 0 0 0 0 0.0827177 0 0.00199179 0.147931 0.0297684 0 0.02606 0.0182203 0 0.0961477 0.114163 0.141569 0.111095 0 0.0493183 0.119827 0 0.0214243 0 0.395709 0 0.395104 0 0.0564567 0.0340355 0 0.0092694 0.0939769 0 0.0819987 0 0.0716661 0.0892109 0.166266 0 0.118633 0 0 0.0329716 0 0.0366877 0 0.220843 0.0215421 0.0333985 0.15942 0.0589766 0.189854 0 0.0275818 0.10226 0.16326 0.055948 0 0 0.046919 0.0171128 0.017334 0.0311019 0.0882411 1.47538e-05 0 0.0291381 0 0.00256976 0.127802
69 8.70214 -0.104221 -0.0543993 -0.111381 0.141311 -0.100937 10.1144 -0.152384 -0.148807 -0.0107649 0.826268 0.445689 -0.0102018 0.0693959 -0.379766 -0.627763 -0.0283826 0.189815 0.0743837 -0.00562255 0.130801 -0.207994 0.0409587 0.0624987 0.0817998 0.00283006 0.0638651 0.00445985 -0.027053 -0.0152901 0.0571724 -0.102614 0.0852936 0.0554353 0.27057 -0.104438 -0.0102321 0.153861 -0.0189801 0.0402336 0.22771 0.269193 1.35328 0.0734903 0.656456 -0.0214782 0.0959507 0.0460348 0.00144748 -0.0517498 0.4052 -0.163737 -1.30871 0.163752 0.681044 -0.0457428 -0.0589832 1.11339 0.562115 1.38703 0.275222 -0.0715018 1.1261 -4.14412 1.6193 -1.26272 0.113427 -5.06773 7.64481 -0.784159 -6.79729 -4.76476e-07 1.85329 0.405021 -1.74488 -2.49542 -0.213443 -0.802145 0.315924 -0.00830222 -0.0169591 -0.855983 0.906938 -0.995655 -0.502745 -0.826177 -0.942179 -1.74466e-09 0.660691 1.964e-10 -0.392145 -0.671933 0.4031 6.04183e-09 -0.317381 -0.540939 1.04321 -1.13177 0.941133 -0.195322 2.28313 -1.98787 0.113362 0.882023 0.0176309 -2.51011e-10 -1.15424 -1.62144 0.985024 0.0511379 -1.38399 -1.51527 0.684489 0.144363 0.895737 10.0896 0.0782427 0.0226601 1.20046 0.0149278 0.0412812 0 0.0097382 0 0.0327927 0.0138757 0.0680606 0.0502976 0.11016 0 0.13538 0 0.113622 0 0.0913003 0.0138032 0.0654152 0 0.105035 0 0.204698 0 0.152997 0 0.293429 0 0.045265 0 0.0199152 0.086957 0.0168062 0.0488601 0 0.248281 0 0.010088 0 0 0.016655 0 0.255438 0.142582 0 0.00749615 0.0382791 0.0762544 0.0869584 0.00450176 0.09339 0 0 0 0.0442787 0.0131949 0.0859113 0 0 0 0 0.0059974 0 0.034524 0.0365135 0.0150385 0 0.0624786 0.0531388 0.0390448 0.0317366 0.06966 0.0519426 0.11507 0.0935412 0.0102205 0 0.12422 0.0460918 0 0.00753998 0.0146218 0.00153357 0 0.0572824 0.0863714 0.0221841 0 0 0.0575008 0.0863292 0.0160677 0.0703614 0.0390435 0.0925813 0.0178312 0.0865402 0.0313444 0.124608 0 0.103939 0.0307474 0.117943 0.0165023 0.0677167 0 0 0 0.0215278 0 0 0 0 0 0 0.0398161 0 0.021132 0 0.203036 0 0.0175748 0 0 0 0 0.0211256 0.08074 0 0.0253756 0.0425316 0.0168017 0.0520472 0 0 0 0.113285 0 0 0 0 0.100291 0.32458 0 0.0263046 0 0 0 0 0 0 0.0384796 0 0 0.065735 0.00377026 0.16671 0.109156 0.430064 0 0.0031358 0.0573738 0.0327172 0 0.0483082 0 0 0.14973 0.147624 0 0.101981 0 0 0.0425713 0.163978 0.027879 0.174698 0.0378632 0.0560513 0 0.0878277 0.0123496 0 0.0434619 0.126413 0 0.00825079 0 0.432486 0.0594665 0.186094 0.0286736 0.0307547 0 0.163916 0.000715955 0.0386532 0 0.0293718 0 0.0809718 0.0976927 0.196429 0 0.527211 0.0247835 0.49435 0.0168751 0 0.00322451 0 0 0.0554983 0.103841 0.114218 0 0 0.102718 0 0.234344 0 0 0 0 0 0.00103356 0 0.0344584 0 0 0.0193926 0 0.0738268 0.137682 0.210764 0 0 0 0 0.0508609 0.0184091 0.0911073 0.179226 0.0135582 0 0.0394402 0.0548892 0 0 0.0181797 0.075493 0 0.193142 0 0.164948 0 0.203546 0.245382 0.302919 0 0.37964 0 0 0.0105649 0.150993 0.012693 0 0 0.0132213 0 0.0283356 0 0.125223 0 0.0747825 0 0 0 0 0 0 0.107019 0.143111 0.0419128 0.344067 0.0595336 0.431254 0 0.0257045 0.0561083 0.498803 0.157893 0 0 0.0473981 0.0485552 0.122295 0.00320967 0.0708032 0 0 0 0 0.012694 0.125744
70 8.73547 0.00652335 -0.0436832 -0.0918035 0.146662 -0.100048 10.1454 -0.366126 -0.0791004 -0.0125062 0.795228 0.299341 0.106001 0.0626186 -0.467656 -0.624239 -0.0539194 0.199439 0.0339352 -0.102234 0.14287 -0.228215 0.0459172 0.0607802 0.0776932 -0.0656126 0.102777 0.00377493 -0.0775141 -0.0456141 0.0191678 -0.103077 0.0804174 0.0420827 0.256724 -0.0762407 0.022031 0.154587 -0.0394207 0.00363547 0.23662 0.223115 1.41335 0.0641617 0.708507 -0.0122018 0.147803 0.163504 -0.0201289 -0.0524055 0.258146 -0.201501 -1.28679 0.21239 0.678977 -0.117141 -0.0618067 4.42144 1.99742 0.261314 0.152952 0.00632292 0.73472 -7.31267 0.345583 0.526648 -2.28892 -3.88656 -0.464639 0.728123 -1.27149 -1.6969e-08 -3.81729 -0.290801 -1.37514 -5.68725e-09 -0.556778 -1.47324 0.326585 -0.0148142 -0.0135071 -2.76698 -0.493224 -0.458474 -1.43195 -0.642067 -0.670774 -4.91838e-09 -0.208341 -0.870913 -0.449128 1.28377 1.52673 7.67559e-09 -1.03558 -1.39155 1.27062 -0.590512 2.07664 0.206342 6.01727e-10 1.0725 0.833735 5.15998e-09 -0.221183 -9.1602e-11 -0.827313 -0.777248 0.288235 0.482467 -2.19483 -1.55175 0.0788134 0.147321 0.897027 10.1283 0.105817 0.00128381 1.14984 0.0333206 0 0 0 0.00320625 0 0.114307 0.0705285 0.193022 0.0330903 0.000661801 0 0.0311303 0 0.0712281 0 0 0.0392745 0.045777 0.157057 0.00790694 0.351493 0.16015 0.267912 0.123415 0.520088 0 0.289338 0.00858684 0.331129 0.0685193 0.00544399 0.0781382 0 0.194326 0 0.00618038 0 0 0 0 0.345914 0 0 0.0417881 0 0.076311 0.0580452 0 0.104668 0 0 0 0.0784063 0.0481205 0.120435 0 0 0 0 0.00144996 0 0.0388758 0.0884087 0.013822 0.00727031 0 0.0534606 0 0.00965996 0 0.0450169 0 0 0 0 0 0 0 0.000994034 0.00839789 0 0 0.0255909 0.0895917 0.0670219 0 0 0.0987206 0.0705317 0.0687575 0.0616906 0.0553577 0.0610506 0.0748635 0.0562691 0.0610304 0.142368 0.0155239 0.0779327 0.139535 0.0817104 0.0185461 0.0669385 0.105503 0 0.255332 0 0 0 0 0 0 0 0.00421763 0.140585 0.010358 0.0804396 0.0229464 0 0 0 0.0385193 0 0 0.111299 0.0730543 0.0126215 0.110966 0 0.0721604 0 0 0.124964 0 0.367374 0 0 0 0 0.302697 0.386832 0 0.019497 0 0 0 0 0 0.00149676 0.0101505 0 0.0166618 0.286351 0.0346805 0.320875 0.60564 0.493443 0.00134026 0.00278085 0.00919623 0 0 0.085474 0 0 0.248241 0.0399683 0 0.097512 0 0.0100141 0 0.165347 0 0.170054 0.0724447 0.280477 0 0.361646 0.0227933 0 0.0408992 0.197037 0 0.00530082 0.0241094 0.436584 0.0783198 0.319075 0 0.059161 0.0862933 0 0.0355747 0.0793885 0.0290405 0 0.0591357 0.0187463 0.129407 0.366304 0 0.242725 0.0446051 0.384386 0 0 0 0 0.0445831 0.307095 0.0480519 0.178243 0 0.0199599 0.0963417 0 0.0372841 0 0 0 0.0183546 0 0 0 0 0 0.0878007 0 0 0.0695484 0.0292343 0.117406 0 0 0 0.00757844 0.0212263 0 0.273841 0.0879795 0 0 0.0641085 0.182945 0 0 0 0 0.0132447 0.321302 0 0.0998192 0.162737 0.243219 0 0.281564 0 0 0.0305892 0 0 0.229848 0.0442725 0 0 0 0 0 0 0.0674443 0 0 0 0 0 0 0 0 0.276129 0.236572 0.156913 0.584861 0.245223 0.64437 0 0.000266733 0.365994 0.607937 0.187756 0 0 0.0414191 0.154403 0.110622 0.0890894 0.175149 0 0 0 0.0150741 0.137638 0.191078
71 8.76881 0.0133512 -0.0118734 -0.0872312 0.150277 -0.0994644 10.1737 -0.460542 -0.0565215 -0.00783151 0.720522 0.230095 0.0641129 0.0754235 -0.462871 -0.596749 -0.0265111 0.200887 0.0247087 -0.102234 0.110208 -0.258313 0.0424043 0.049936 0.0707878 -0.0252657 0.0962264 0.00873751 -0.0850031 -0.0581828 -0.00116198 -0.100534 -0.0406207 0.0502555 0.216482 0.0290561 0.0124127 0.154586 0.020377 0.0249688 0.394545 0.197594 1.38038 0.221453 0.695752 -0.00146919 0.0873649 0.152398 -0.0500526 -0.0544047 0.178605 -0.158077 -1.30179 0.276821 0.658061 -0.0680946 -0.0301666 -0.344703 0.459534 0.175802 0.120674 0.02842 0.855279 -2.69366 0.364938 0.227924 -1.6583 -1.27601 -1.76581 0.785344 -0.0736275 2.05344 1.45776 -0.0303414 -0.0769461 -1.75379e-09 -1.09156 -0.371875 0.255358 -0.00511059 -0.0167265 1.26692 -0.468515 0.167118 0.356393 0.0248963 -0.406718 -1.68453e-09 -1.12766 3.37086e-10 -0.833066 0.388003 -0.090769 1.38387e-09 0.735528 1.14206 0.675821 -0.583397 -0.914039 -0.41153 -0.890115 2.20436 -1.33847 2.72451e-09 -6.77639e-11 -1.9581e-10 -1.30943 -2.14102 -0.0657695 -0.446048 -1.41594 -0.0502962 0.502019 0.150751 0.898157 10.1669 0.106036 0.0355261 1.15367 0.0018939 0.0471316 0.00170865 0.0347959 0.00690965 0.04228 0.00223453 0.0161686 0.0540695 0 0.074103 0.184443 0.0638851 0.142695 0.0776016 0.127141 0 0 0 0.0881736 0 0.109262 0 0.196678 0 0.282369 0 0 0 0 0 0 0.012953 0 0.202063 0 0.00029048 0.00491001 0 0 0 0.0377899 0.435285 0 0 0.170024 0 0.103299 0 0 0.00267622 0 0 0.00226479 0.0243522 0.0175712 0 0 0 0 0 0 0.0250821 0.0833576 0.00926235 0.0378448 0.000516127 0.0747181 0.00631665 0.0371592 0.00792061 0.050753 0.0588537 0.0916774 0 0.0308564 0 0.113501 0 0 0.0010572 0.0248472 0 0 0.0884569 0.162695 0.000932429 9.91768e-05 0.0260104 0.00495195 0.018005 0 0.0270906 0.00419025 0.0717995 0.0181991 0.0471496 0 0.0301567 0.00193862 0.0327896 0.00214492 0.0213493 0 0.125026 0.273011 0.39293 0 0.112788 0 0.0373724 0.0182492 0.26931 0 0 0 0 0 0.594727 0 0.442722 0 0.362194 0.0358527 0.0137195 0.0904591 0.0325122 0 0.0411379 0.247412 0.0402493 0.111848 0 0.31843 0 0.101602 0 0 0 0 0.123382 0.0337858 0.0115558 0 0 0.0350522 0 0 0 0.0118404 0.138732 0.125021 0 0.147902 0 0.245538 0.26303 0.0663651 0 0 0.109846 0 0 0 0 0.00783854 0.151567 0.0174237 0.0980558 0 0.142392 0.0128504 0.045253 0.0177073 0.0461577 0.0145891 0 0.187146 0 0.192132 0.00116792 0.0349496 0 0.024459 0 0.00485992 0.0102725 0.463009 0.164236 0.369148 0.012608 0.302314 0.0276535 0 0 0.0244375 0.0496954 0 0.0743785 0 0 0.013401 0 0.0452129 0 0.195865 0 0.00888069 0 0.00683148 0 0.564902 0.0241798 0.0534615 0.00141651 0.0485583 0.169663 0 0.348204 0.0135052 0 0.0114401 0.139805 0 0 0 0 0 0.191045 0 0.132132 0 0.0118213 0.210784 0 0 0 0.000186317 0 0.0320427 0.127286 0.00239475 0 0 0 0.0836347 0 0 0.0489633 0 0 0.175644 0 0.0196227 0.0731321 0.0104942 0.0279843 0.396939 0.0274588 0 0.0226909 0.0383978 0 0.0296252 0.0183548 0.0403785 0.0857278 0 0.0791247 0 0.266431 0 0.0203372 0 0.123114 0 0.152216 0 0.162009 0 0 0.311613 0 0.41265 0 0.46511 0 0.0739679 0.0196637 0.20279 0 0.147292 0.0195807 0.11299 0.0465548 0 0 0.0280905 0 0 0 0 0.0892487 0.0697066
72 8.80214 0.0122647 0.0216258 -0.0791803 0.154285 -0.100117 10.2045 -0.496075 -0.0602429 -0.0138515 0.53226 0.181598 -0.0395232 0.118883 -0.447064 -0.547028 0.0132223 0.194349 0.0139186 -0.102234 0.0714971 -0.284153 0.0518316 0.0507163 0.0656161 -0.0129117 0.0753348 0.00443161 -0.0573508 -0.0617615 -0.0062095 -0.100844 -0.0280076 0.0501143 0.198031 3.268e-06 0.00987386 0.149129 0.0409893 0.0521851 0.418235 0.192781 1.36639 0.204671 0.66159 -0.00327613 0.0786456 0.152454 -0.0476046 -0.0538443 0.116476 -0.170349 -1.31908 0.333686 0.674919 -0.0480721 -0.0319616 -0.0292853 0.939422 0.480142 0.135571 -0.0315734 0.940032 -0.685622 0.0997693 -0.478886 -6.39175 -0.487784 -2.27079 0.768125 -1.45649 2.19321 1.24932 -0.127664 -0.457251 -1.13761e-09 -1.15835 -0.745777 0.297857 -0.000289379 0.00441032 0.396088 -0.364839 -0.110566 0.608777 -0.105973 -0.391252 -1.42068e-09 -0.0369093 2.06916e-10 -0.463828 -0.350255 -0.0170887 0.880614 0.968157 2.87906e-10 0.0770936 0.27865 0.350484 0.0107136 0.227953 -0.98881 0.0913399 3.6818e-09 0.142273 -1.30986e-10 -0.363835 -1.67858 -0.309069 0.417606 -0.69646 -1.13197 0.905948 0.154296 0.897433 10.205 0.112388 -0.0436972 1.13859 0.00382295 0.0408497 0 0.0258292 0 0.0197315 0 0.0282238 0.0160596 0.0100598 0 0.0692529 0 0.0591438 0.00639779 0.0564629 0 0.0397541 0 0.049028 0 0.0346025 0.00442074 0.0956576 0 0.126295 0 0 0 0 0 0 0 0 0 0 0.000639392 0 0 0.0379484 0 0 0 0.0107878 0 0.303644 0 0.184902 0 0.0336672 0.00556069 0.00034716 0 0 0.0229719 0.00321166 0 0 0 0 0 0 0.00588135 0.00202947 0.00230922 0 0.0555649 0.131981 0.0550947 0.0814753 0.0691303 0.0959486 0.180446 0.163093 0 0 0.0502757 0.164616 0 0 0.00073104 0 0 0 0.0634708 0.0271214 0.000443582 0 0 0.00375768 0 0.00120184 0 0.00226052 0.0103756 0.0101587 0.0187133 0.0585775 0 0.0029128 0 0.0016849 0.0134307 0.0460758 0.0482557 0.408135 0.2248 0 0.0948642 0 0 0 0 0 0 0 0 0 0.248947 0 0.237806 0 0.20004 0.0821085 0.0631891 0 0.0429277 0 0.131534 0.192602 0.119364 0.12986 0 0.400227 0.00213877 0.0152104 0 0.00767836 0 0 0.189493 0.049537 0.0312324 0 0 0.0652608 0 0.00253064 0 0.0017349 0.0130919 0.0137915 0.0051072 0.0495361 0.0150572 0.0889581 0.362494 0.0360537 0 0 0 0 0 0 0 0.0079723 0.190467 0.0859738 0.116526 0 0.196533 0 0.0923678 0 0.0901416 0 0.0193503 0.046517 0.00203718 0.0293745 0 0.067692 0 0.0432039 0 0.0104832 0.0762898 0.432734 0.121673 0.338044 0.0349841 0.223927 0.0103646 0.0288847 0 0 0.0152791 0.0137054 0.0154337 0.0116664 0 0.00816118 0.252508 0 0.218774 0 0 0.0129741 0 0 0.0456534 0.463155 0 0.147769 0 0.144733 0 0.22559 0 0.446723 0.00553576 0.053785 0.0257623 0.179773 0 0.0680659 0 0 0 0 0 0 0.0480847 0.219108 0 0.00184361 0 0.0353487 0 0.0481419 0.211502 0.0189322 0 0.0134193 0.00980354 0.0097269 0 0.00566869 0.0363031 0 0.0668447 0 0.0669037 0 0.0749931 0 0.122435 0.536227 0 0 0.0364222 0 0 0 0.0288816 0 0.0681518 0 0.0681144 0 0.213236 0 0.0546622 0 0.0831898 0 0.116443 0 0.113944 0 0.018882 0.20273 0.0462079 0.185426 0.0800516 0.197646 0 0.0335455 0.0178522 0.157557 0 0.0709905 0 0.0204718 0.014934 0.0260006 0.00736619 0.0327386 0 0.00115728 0 0 0.102868 0.0671464
73 8.83547 0.0221334 0.0669612 -0.0714035 0.158265 -0.101821 10.2374 -0.469706 -0.051525 -0.0223735 0.214325 0.201839 -0.15077 0.140894 -0.427736 -0.4877 0.0434974 0.178836 0.0056611 -0.102234 0.0315369 -0.312957 0.0524306 0.0512788 0.0666233 -0.0080095 0.0557085 0.00151272 -0.0457193 -0.0671681 -0.0115524 -0.10004 -0.0579421 0.0476372 0.17524 0.0154681 0.0142235 0.153515 0.0502669 0.0527958 0.442831 0.187721 1.38192 0.215154 0.689804 -0.0191037 0.0944657 0.152443 -0.0479098 -0.053757 0.0895353 -0.176127 -1.34232 0.408455 0.684658 -0.0647415 -0.013319 0.443852 1.22816 0.388958 0.0627076 -0.0513702 0.996114 0.346991 0.261343 -0.346026 -8.37928 0.454492 -1.20013 -0.245413 -0.478648 2.18366 0.757389 -0.468434 -0.326965 -1.35564e-09 -1.16797 -0.699367 0.220235 -0.00895345 -0.00205859 0.0783215 -0.402271 -0.153677 0.100287 -0.180662 -0.283009 -1.98602e-09 -0.939786 -0.0849957 -0.642328 0.586984 -0.00960091 3.60926e-09 1.96974e-11 3.44871e-10 0.19721 -0.356798 0.719918 0.167902 0.511016 0.0529897 0.267912 4.34428e-09 0.507478 -1.47903e-10 0.0710714 -1.40698 -0.67851 0.353636 -1.23904 -1.47702 1.27063 0.158015 0.895604 10.2426 0.116566 -0.0587251 1.11891 0.0106206 0.0376886 0.00555119 0.0166779 0.00346604 0.0115398 0.00474099 0.0353408 0.0243611 0.0266953 0 0.0478616 0 0.0510954 0.00600026 0.0552216 0 0.0823918 0.0402375 0.0952697 0.0243212 0.0839325 0.0704778 0.165366 0.0679503 0.196102 0 0.00384835 0 0.000189599 0 0 0 0 0 0 0.00464165 0 0.0411188 0.0227947 0 0.0157879 0 0.0574427 0 0.328293 0 0.164455 0 0.0442203 0.0217615 0 0 0.00573538 0.0227602 0.0181848 0 0.0160787 0 0.00298956 0 0 0.0166594 0 0.0102825 0 0.0137461 0.117656 0.0172631 0.0712684 0.0266018 0.0848861 0.1024 0.149303 0.00716184 0.0150025 0.0131202 0.143521 0 0.0102763 0.0137493 0.0298699 0 0.00650463 0.10776 0.0339872 0.00089672 0 0 0.0131755 0 0.00860432 0 0.0106415 0.0346165 0.017115 0.00890952 0.0176362 0 0.0124088 0 0.0131914 0.00648123 0.0395388 0.0939429 0.377149 0.369498 0 0.0885607 0 0 0 0 0 0 0 0 0 0.257975 0 0.243253 0 0.177254 0 0.0616119 0 0.0499746 0 0.224223 0.151687 0.219496 0.106308 0.00203768 0.430464 0.00959472 0.0137983 0 0.0578973 0 0 0.200496 0.0658535 0.0883677 0 0 0.0571339 0 0.00553004 0 0.00335736 0 0 0.019864 0.0546353 0.0467351 0.0845561 0.410903 0.0513163 0 0 0 0 0 0.0203097 0 0.0306649 0.24275 0.0529382 0.0945679 0 0.134375 0 0.0839027 0.000736408 0.0819994 0.000192203 0.0416026 0.0386678 0.0182431 0.0267346 0 0.0651368 0 0.089918 0 0.0133209 0.258444 0.459174 0.205499 0.344507 0.107065 0.236953 0.00716649 0.0458435 0 0 0.00144349 0 0.0106369 0.0051016 0.0201853 0.048008 0.514354 0 0.461346 0 0 0.000979963 0 0 0.133682 0.40879 0 0.128983 0 0.140061 0 0.414511 0 0.647534 0.0196025 0.0497906 0 0.410715 0.0574068 0.0579445 0.0172098 0.0328259 0.0456025 0 0 0 0.0239069 0.214848 0 0.0103988 0 0.0525707 0 0.0121217 0.248871 0.00718528 0 0.0532304 0.0253285 0.0073297 0 0.032849 0.046733 0 0.144713 0 0.123222 0 0.0849344 0 0.0166639 0.486807 0 0 0.0815951 0 0 0 0.0683034 0 0.0850605 0 0.0943559 0 0.267286 0 0.0721205 0 0.104992 0 0.144404 0 0.13961 0 0.115582 0.234623 0.158498 0.203741 0.233924 0.191115 0 0.0211149 0.0672985 0.146701 0 0.0619577 0 0 0.0234075 0.0335476 0.0115482 0.0376989 0 0.00555786 0 0.0312277 0.143847 0.0749876
74 8.86881 0.0153926 0.107253 -0.0574457 0.162035 -0.10527 10.2725 -0.446885 -0.0567852 -0.0309665 0.0238237 0.148817 -0.128071 0.10818 -0.396361 -0.4369 0.0953273 0.163996 -0.00348194 -0.102234 -0.0118055 -0.337116 0.0520392 0.0508946 0.0665603 0.00917868 0.0336356 -0.00636368 -0.0339373 -0.0731567 -0.0162788 -0.101392 -0.101555 0.0432054 0.159842 0.0427676 0.0185954 0.153531 0.0496551 0.0527486 0.442566 0.182523 1.39861 0.207958 0.692498 -0.0113085 0.101883 0.152376 -0.0504485 -0.0539515 0.102976 -0.18847 -1.35716 0.489531 0.67149 -0.0768479 0.00435017 -0.324497 1.10138 0.320112 -0.00132486 -0.0976883 1.08583 0.299202 -0.25451 -0.0801644 -3.41696 -1.37319 1.37954 -1.16591 1.85153 1.23707 1.6655 -0.538249 0.0259551 -1.19597e-09 -1.33506 -0.492658 0.193656 -0.01378 -0.00172464 0.48496 -0.65205 -0.165688 0.307806 -0.132466 -0.105076 -7.2063e-10 -0.686006 -0.039569 -0.481683 0.18806 -0.135057 4.89206e-09 -0.0347204 4.90882e-10 0.0869221 -0.0839198 0.358727 -0.00369402 -0.0575018 0.0707571 0.0336928 4.63656e-09 -1.53688e-11 -3.1002e-10 0.480095 -0.691588 -0.488014 0.39758 -1.22721 -1.45892 0.772643 0.161916 0.893284 10.2796 0.122554 -0.0808029 1.09739 0.00396762 0.0399659 0.00354143 0.0220787 0.00814173 0.0283608 0 0.0096232 0 0.0611757 0.040028 0.0384956 0.0322757 0.0266922 0.0390954 0.0210675 0.0154991 0.0846706 0.190215 0.0412975 0.187321 0.0388804 0.275269 0.051768 0.308439 0.0550233 0.0711745 0.0432424 0.160819 0.0476362 0 0.0505287 0 0.0500307 0 0.0451871 0.00682889 0 0.0859214 0.0361974 0 0 0 0.409991 0 0.091845 0 0.0234922 0 0.033929 0.0413664 0 0 0 0.00987159 0.00912203 0 0.00761368 0 0.00177485 0.0160103 0.00579597 0.0194993 0.00521617 0.018658 0.00306048 0.00451839 0.0188604 0.00852962 0.00126307 0.0163668 0.0123224 0.0854292 0.0493824 0.0436616 0.0371635 0.00661608 0.0358093 0.00333906 0.0129556 0.0369288 0.0392849 0 0.00937337 0.130394 0.0535618 0.000903346 0 0 0.0031285 0 0.000177746 0 0.00350924 0.0448386 0.0236192 0 0.0146882 0 0.00616725 0 0.00581564 0.000625582 0.0334065 0.123535 0.0502279 0.478357 0.0382101 0.0549441 0 0 0 0 0 0 0 0 0.0423132 0.240687 0.0841754 0.208515 0.016186 0.0958986 0 0.0399062 0 0.0732282 0 0.296474 0 0.297813 0.00770822 0.113202 0.0975626 0.0178848 0 0 0.071671 0 0 0.107975 0.0145789 0.166734 0 0 0.0669857 0 0.0145424 0 0 0.0611556 0.0769416 0.0441865 0 0.0802528 0 0.272733 0.028819 0 0 0 0.0416312 0 0.0046109 0 0.0191575 0.183241 0.0690491 0.0832268 0 0.0988263 0.0413986 0.0813742 0.0144647 0.0790951 0.0141142 0.0451358 0 0.0159684 0 0 0.00439638 0 0.0627102 0 0.00376017 0.348956 0.194587 0.189365 0.341082 0.189725 0.129635 0 0.0686852 0 0 0.0116748 0.0992175 0 0.104075 0.0278234 0 0.702497 0 0.684138 0 0 0.00710364 0 0.000486064 0.216551 0.00301925 0 0.11699 0 0.14663 0 0.593423 0 0.559726 0.0281872 0.0622489 0 0.438924 0.136596 0.127868 0.0222696 0.0362727 0.106752 0 0.00567765 0 0.0554833 0.210243 0 0.0132802 0 0.0624569 0 0.0199433 0.185159 0.0157256 0 0.088013 0.0503116 0 0.148042 0.0840451 0.0333461 0 0.269895 0 0.189406 0.000315749 0.0531542 0 0.0122685 0.130351 0 0 0.113493 0 0 0 0.0899391 0 0.0861482 0 0.100802 0 0.277631 0 0.0810636 0 0.106628 0 0.150951 0 0.13988 0 0.215218 0.0184782 0.36569 0 0.488024 0 0.000102597 0 0 0.0371092 0 0.0261711 0.0226766 0.03371 0.000688976 0.0675884 0 0 0 0.0101718 0 0.0193216 0.141359 0.0747246
75 8.90214 -0.0109457 0.129468 -0.0500295 0.164206 -0.109839 10.3097 -0.436622 -0.0951152 -0.00229702 -0.00504158 0.117018 -0.0832375 -0.0199178 -0.402505 -0.379486 0.170189 0.125602 -0.000793878 -0.102234 -0.0584069 -0.318908 0.0506591 0.0479057 0.0650337 0.0568794 0.00796515 -0.015445 -0.0482091 -0.0792997 -0.0116613 -0.101132 -0.0729096 0.0257675 0.163057 0.0119701 0.045801 0.153963 0.0327609 0.051444 0.478943 0.232406 1.38831 0.19414 0.697093 -0.00754309 0.0890379 0.152411 -0.0491087 -0.0538489 0.153348 -0.197797 -1.36277 0.569519 0.667499 -0.0841895 -0.0281157 -0.635651 0.501513 0.0185013 -0.0903498 -0.169961 1.15526 0.325199 -1.51311 1.01354 0.0912295 -0.898045 0.627532 -3.56878 1.59558 2.58695 2.08934 -1.21842 0.466365 -3.76482e-10 -1.46882 0.830278 0.269388 0.0351544 0.0670054 0.851143 -0.890232 -0.165535 -0.1341 -0.0993277 0.201436 -1.21702e-09 1.26157 -0.408247 -0.0542303 -1.22269 0.811673 5.83379e-09 -0.585804 6.00618e-10 0.700869 0.236467 -0.439712 0.125168 0.926186 -0.303728 -0.34409 2.92948e-09 0.158289 -1.85231e-10 1.18937 0.250404 -0.473623 0.812002 -0.795395 -1.49056 0.0568761 0.16608 0.889764 10.3158 0.128621 -0.135107 1.07396 0.0106255 0 0 0 0.0254452 0.00915617 0 0 0 0.01303 0 0.0114821 0 0 0.0390752 0 0 0.109222 0.275241 0.0145181 0.248026 0.0820305 0.494929 0.0386676 0.556748 0.104763 0 0.170492 0.0613357 0.0682381 0 0.237327 0.00605016 0 0 0.334428 0.00226622 0 0 0.0868238 0 0 0 0.238278 0.0324757 0.0878877 0.056172 0.0953261 0 0.00889248 0.0257487 0 0 0.00550159 0.0324592 0 0 0.00881656 0 0 0.0254881 0.0180528 0.0413265 0.00926116 0.0217434 0.00690536 0 0.0995776 0 0.0708566 0 0.0710755 0 0 0.0174482 0.0588636 0 0.0466542 0.000290493 0.021299 0.0219246 0.0486515 0 0.032753 0.101973 0.0404076 0.00171999 0.00166006 0.143278 0.107459 0.0736404 0.0695643 0.175943 0.0956321 0.16431 0.0920051 0.00461163 0 0.103856 0.0958971 0.153614 0.0997188 0 0.0289119 0 0.0647537 0.36612 0.011154 0 0 0 0 0 0.0163255 0 0.104784 0 0.2657 0.281702 0.0906395 0.077943 0.0568277 0 0 0.010984 0 0.147319 0.0548435 0.265179 0 0.335783 0 0.120446 0 0 0 0 0.091043 0 0.0207928 0.247236 0 0.150749 0.010909 0 0.015939 0 0.0165539 0 0 0.0930311 0 0.0609965 0 0.128176 0 0.327151 0.0658014 0 0 0 0.22724 0 0.0228446 0 0 0.366845 0.138644 0 0.105642 0 0.0752164 0 0.0474783 0 0.0677651 0.111842 0.0806724 0 0.0127614 0.0164262 0.0937086 0 0.139216 0 0.00716348 0.309327 0 0.206896 0.385071 0.23646 0.131552 0 0 0 0.010022 0.00753001 0.0960758 0 0.178786 0.027682 0 0.73376 0 0.677484 0 0 0 0 0 0.246182 0 0.0128272 0.168595 0 0.120095 0 0.500599 0 0.439739 0.0552945 0.0442126 0 0.401913 0.0486574 0.156211 0.101655 0.0408371 0.359449 0 0 0 0.132575 0.306484 0 0 0 0.0634745 0.0335132 0.0163086 0.326055 0.0427775 0 0.150043 0.0862827 0 0 0.117281 0.0552536 0 0.33346 0 0.215135 0 0.162395 0 0.00761731 0.248676 0 0.147345 0.0775458 0 0 0 0.0514031 0 0 0 0 0 0.0891312 0 0.00697357 0 0 0 0.0229322 0 0.0436117 0 0.496973 0.0798649 0.448184 0.161076 0.536593 0 0.037848 0.0205645 0.14084 0 0.0150195 0.125743 0.0217041 0 0.0190438 0.0984722 0 0 0 0.014 0 0.0489145 0.153865 0.0829113
76 8.93547 -0.0122896 0.150168 -0.0358896 0.167765 -0.113559 10.3487 -0.442645 -0.104142 0.0146536 0.0168218 0.0538556 -0.0707299 0.0154539 -0.338289 -0.331607 0.220093 0.109302 -0.009568 -0.102234 -0.0603221 -0.331837 0.0852965 -0.00834746 -0.0116308 0.0434475 -0.00462789 -0.021275 -0.0305017 -0.0854786 -0.0182002 -0.100363 -0.114162 0.0201061 0.157865 0.0558902 0.0447286 0.154378 0.0162638 0.0501678 0.415018 0.188481 1.39679 0.203393 0.68468 -0.0310921 0.0697833 0.152367 -0.0508001 -0.0539784 0.152972 -0.236699 -1.37409 0.514395 0.671022 -0.0997959 -0.0245611 0.0781451 0.801676 0.597981 -0.0442729 -0.0580681 1.19557 0.00680782 -0.401283 0.146768 0.632628 -1.483 1.21109 0.586865 1.77395 1.02193 1.2937 -0.320216 -0.317427 -7.42688e-10 0.820259 -0.47012 0.238331 -1.98575 -2.69314 -0.614302 -0.404945 -0.174676 0.473939 -0.174916 -0.334406 -1.90204e-09 -1.17587 -0.042903 -0.134495 1.29684 -0.424286 3.92452e-09 -0.652545 5.82837e-10 -0.359924 0.247647 -0.283026 0.102247 -0.610394 -0.222534 -0.316422 1.04632e-08 -1.33504e-09 -1.18102e-09 0.268777 -0.781855 -0.265101 -1.24184 1.69524 2.34245 -0.479942 0.170305 0.886559 10.3514 0.129582 -0.0361421 1.06821 0 0.119655 0 0.0955698 0 0.0894863 0 0.0550423 0 0.0900348 0.118821 0.000718204 0.140583 0 0.169142 0 0.150926 0.058345 0.104157 0.00589225 0.0517447 0.00116907 0.149678 0.0104531 0.114055 0.00270197 0 0 0.00797224 0 0 0.0198457 0 0.0433108 0 0.0828688 0.00573468 0 0.383294 0.0418948 0 0.00750286 0 0.153377 0.04571 0.00752086 0.00498175 0.00188101 0.0136687 0.0378131 0.0285201 0 0 0.00288679 0 0.0227423 0 0.014171 0 0.00469337 0.0521127 0 0 0.0213864 0 0.00876775 0 0.00185865 0 0 0 0.00241953 0 0.0424682 0.0649356 0.0272166 0 0.0194936 0.0368124 0.0067046 0.0671294 0.0283747 0.0606525 0 0.0244493 0.0546677 0.00157739 0 0.151931 0.0198975 0.122758 0.0143251 0.145355 0.0159062 0.236536 0.0325428 0 0.0234043 0.130417 0.0191187 0.127622 0.0201977 0.0252892 0.0294648 0.29545 0 0.740749 0.00685419 0.0126912 0.0415943 0 0.0407902 0 0.0799919 0 0.025426 0 0.057836 0.613624 0.0763985 0.457927 0.0796388 0.109244 0.0594173 0 0.0452247 0.0509115 0.0277754 0.32043 0.00242633 0.442693 0.00850845 0.0437915 0.0079025 0 0 0.0762925 0.0771249 0 0 0.168054 0.069139 0.0340024 0 0 0.0669121 0 0.0224667 0 0.0108363 0.0481533 0.0898105 0.0126617 0 0.0294328 0 0.308205 0.0810309 0 0 0.0444384 0.0290712 0 0.0164768 0 0.0396548 0.0745421 0.0988343 0 0 0 0.042567 0.0259265 0.0339243 0.0252665 0.033033 0.0020415 0 0 0 0.0399329 0 0 0.127938 0.00219592 0.000167605 0.242506 0.319186 0.0777983 0.339956 0.13743 0.0830635 0 0.126278 0 0 0 0.270462 0 0.33102 0.0541704 0.0451896 0.632486 0 0.553226 0 0 0 0.00750978 0 0.178798 0 0 0.169338 0 0.186664 0.146833 0.234431 0 0.158388 0.00450678 0.039156 0.227056 0.140372 0.397436 0.131115 0 0.051306 0.58826 0 0.191016 0.00526627 0 0.194941 0 0.0123813 0 0.0663094 0 0.0825572 0.118894 0.0290135 0 0.0941719 0.0231626 0 0.587106 0.0693497 0.0543062 0.00586615 0.210539 0 0.205425 0 0.0857511 0 0.144934 0.0773183 0.105857 0 0.0840594 0 0.00832894 0 0.0644015 0 0 0 0 0 0 0 0 0 0 0 0 0 0 0 0.241739 0 0.331352 0 0.422181 0 0 0.0111316 0 0.286422 0.0390679 0.0497713 0.0026545 0.0423598 0 0.226454 0 0.016538 0 0.0084303 0 0.0264803 0.173847 0.104641
77 8.96881 -0.00684459 0.176307 -0.00940001 0.17276 -0.111172 10.3892 -0.433458 -0.113962 0.0159982 0.0467718 0.0812722 -0.0276296 -0.000789827 -0.2786 -0.314733 0.245543 0.106582 -0.0285725 -0.0776342 0.0215942 -0.334198 0.0584938 -0.146059 -0.149583 0.022793 -0.0172938 -0.0327321 -0.0189243 -0.091131 -0.0268784 -0.103871 -0.133855 0.0146833 0.162202 0.0766033 0.0366917 0.154446 0.0137346 0.0510135 0.390181 0.185214 1.39033 0.178099 0.661099 -0.0384029 0.066734 0.152367 -0.0508001 -0.0539784 0.125111 -0.246625 -1.38572 0.45122 0.701926 -0.0565608 -0.0183937 0.156231 0.700059 0.782422 -0.0594649 0.148856 1.25954 0.565469 -0.350215 -0.0341271 1.1398 1.5514 3.46693 -4.63639 1.41134 -1.18423 0.495075 -0.144041 -0.558762 1.07441 2.91518 -0.628224 0.454966 -3.16668 -4.52395 -0.732984 -0.356216 -0.242099 0.263334 -0.190061 -0.253871 -2.23558e-09 -0.402251 -0.267204 -0.0290161 0.474142 -0.119111 2.74566e-09 0.581953 5.00404e-10 -0.101625 -0.292251 -0.36096 -0.0767664 -0.0703853 -0.614254 0.374397 9.6267e-09 -1.36748e-09 -1.15118e-09 -0.556623 0.177289 -0.085108 -0.397251 7.63846e-10 1.28444 -0.812683 0.174803 0.888671 10.3874 0.133995 0.141721 1.08687 0 0.125104 0 0.0944462 0 0.0827242 0 0.0683802 0 0.122109 0.0421775 0.000415892 0.0678243 0 0.0991332 0 0.157297 0.0603015 0.127033 0.0188604 0.0580498 0.021738 0.179676 0.0254156 0.12454 0.0241221 0 0.0374903 0.0139469 0.0408533 0 0.0597359 0 0.0665177 0 0.0953496 0.00286223 0 0.38182 0.0366552 0 0 0 0.152653 0.130254 0 0.0294316 0 0.0191099 0.0334182 0.0284285 0 0 0 0 0.0133539 0 0.00355982 0 0.00226355 0.0190505 0.00337405 0 0.0190035 0 0.0086334 0 0.0160526 0 0.0113542 0 0.022709 0 0.0690259 0.0266898 0.0274455 0 0.0326145 0.0343341 0.00764315 0.046679 0.0271725 0.100972 0.00565759 0 0.0472994 0.00160523 0 0.158007 0.00658843 0.124098 0.00474756 0.149182 0.00666011 0.258111 0.0245777 0.0416457 0.0265195 0.143682 0.00980507 0.141691 0.0104915 0.0529418 0.0323746 0.491227 0 0.838581 0.0558334 0.0068847 0.00293427 0 0.00976101 0 0.0531364 0 0.0396834 0 0.0853057 0.705896 0.0472243 0.536273 0.0238046 0.106129 0 0 0.0013024 0.0530482 0.0187578 0.353321 0 0.50062 0 0.122177 0.0103927 0 0 0.0470292 0.0512505 0 0 0.187908 0.06973 0.074949 0 0 0.0639763 0 0.017127 0 0.0136318 0.00965121 0.0370657 0.00906263 0 0.0238458 0 0.359009 0.121668 0.00180598 0 0.130362 0.0465629 0 0 0 0.0224547 0.107729 0.0809796 0 0.00672489 0 0.0718907 0.0167947 0.0450018 0.0162528 0.0434237 0 0 0 0 0.0683322 0 0 0.107068 0.00622582 0 0.339691 0.306592 0.123809 0.30529 0.185566 0.0643162 0 0.148424 0 0 0 0.248596 0 0.306105 0.0559398 0.0379648 0.501066 0 0.419111 0 0 0.0126546 0.0166378 0 0.217234 0 0 0.217435 0 0.217707 0.578534 0.214497 0 0.0978165 0 0.024106 0.571353 0.0858411 0.372236 0.116309 0 0.0265587 0.583581 0 0.187765 0.00260174 0 0.221958 0 0.0180615 0 0.075504 0 0.0727473 0.170821 0.0180529 0 0.0654442 0.0211509 0 0.556435 0.0521363 0.0486638 0.00437981 0.189254 0 0.191809 0 0.0911351 0 0.0915685 0.0599135 0.115818 0 0.0792392 0 0 0 0.058756 0 0 0.000323891 0 0.00719585 0 0.0198571 0 0.00113874 0 0.00473304 0 0.00952468 0 0.0111331 0.28122 0 0.395007 0 0.500013 0 0 0.0058177 0 0.331376 0.00479016 0.0706257 0 0.025622 0 0.229514 0 0.0193683 0 0.00233886 0 0.0109815 0.180821 0.100443
78 9.00214 0.00311775 0.200288 0.0256892 0.179679 -0.101232 10.4304 -0.40484 -0.128094 -0.00808486 0.0597047 0.142682 0.147263 -0.0475009 -0.558066 -0.47884 0.216366 0.123173 -0.0583005 0.0227083 0.173514 -0.365656 0.115836 -0.308713 -0.379368 -0.00168613 -0.0234851 -0.04279 -0.011887 -0.0928341 -0.0396926 -0.103778 -0.113455 0.0111196 0.167706 0.0530628 0.019258 0.153846 0.0348086 0.0526437 0.365877 0.175418 1.38611 0.13096 0.650644 -0.0549845 0.0812567 0.152367 -0.0508001 -0.0539784 0.0762007 -0.241788 -1.39658 0.353252 0.693235 -0.0411951 -0.00980054 0.0608506 0.394751 0.921378 -0.0362897 0.383693 1.27863 1.06128 -0.0534343 -0.666872 0.364268 -0.0684772 1.93762 0.200585 -2.25479 -0.24387 -1.18805 0.517464 -0.952694 3.52477 6.6647 -0.75155 1.11429 -6.33424 -8.80852 -0.683238 -0.131493 -0.100261 0.308561 -0.001894 -0.378518 -2.68863e-09 -0.237073 -0.00155863 0.153129 0.183581 -0.596966 1.52405e-10 1.38566 2.74871e-10 0.331547 -0.635199 -0.32129 -0.0597783 0.254842 -0.881986 0.669557 7.80218e-09 -9.21812e-10 -8.49946e-10 -0.271511 0.349979 0.180288 -0.645662 0.930156 1.94427 -0.699175 0.178931 0.897478 10.4249 0.121207 0.347194 1.15992 0 0.0760569 0 0.0488534 0 0.0339731 0 0.0698838 0.0110528 0.0744005 0 0.0678309 0.0102151 0.0498213 0.0230359 0.0394716 0.109939 0.0447658 0.0135346 0.0831167 0 0.101262 0.0213825 0.123542 0.00636298 0.166597 0 0.119576 0 0.13376 0 0.0321887 0 0.00755673 0 0 0.00497139 0 0.316483 0.0390919 0 0 0 0 0.0392339 0.00211222 0 0.000613939 0 0.0245713 0.0104485 0 0 0 0.00381378 0.00234053 0 0 0 0 0 0 0 0.0134594 0 0.000559835 0 0.0881271 0 0.0720215 0 0.092001 0 0.18007 0 0 0 0.111419 0.0202886 0.00187071 0.0218382 0.010416 0.0735493 0 0 0.0188472 0.00115266 5.39131e-05 0.134545 0 0.100695 0 0.123678 0 0.222043 0.0196359 0.0626872 0.0374374 0.122852 0 0.123866 0 0.0526726 0.0370525 0.223402 0 0.713806 0.100073 0.0112629 0 0 0.000455491 0 0 0 0.032952 0 0.0232957 0.669959 0 0.499263 0 0.11304 0 0 0.00382273 0.0283684 0 0.188494 0 0.318895 0 0 0.10811 0 0.0234964 0 0 0 0 0.215464 0.0770416 0.156474 0 0 0.0720575 0 0.00517157 0 0.0312053 0.00240904 0 0 0.0340425 0 0.0353565 0.474142 0.151921 0.00273233 0 0.0722501 0 0 0 0 0 0.120277 0.0972536 0 0.0345424 0 0.0991456 0.0160868 0.0780264 0.013791 0.0782762 0 0.026743 0 0.0346904 0.0293653 0 0 0.0666174 0.0026566 0 0.0996567 0.200171 0.0814011 0.125512 0.0838287 0.056659 0 0.0928873 0 0.0130548 0 0.0494337 0 0.0818027 0.0348143 0.052426 0.221178 0.0348377 0.153425 0.0602609 0 0.0404927 0.0183522 0 0.0147556 0.0439139 0 0.224809 0 0.205532 0.281218 0 0 0.0102915 0 0.0270927 0.378513 0 0.26722 0.103074 0 0 0.464854 0 0.159436 0 0 0.263246 0 0.00965046 0 0.0523346 0 0.0684889 0.213559 0.0197751 0 0.00863728 0.00535384 0.0135323 0.417142 0.0182287 0.069297 0 0.072979 0.0179065 0.106028 0 0.10533 0 0.100739 0.293003 0.0610954 0 0.0628213 0 0 0 0.0520712 0 0 0 0 0.00289114 0 0.0192809 0 0.0037619 0 0.00299138 0 0.00930668 0 0.006951 0.0814661 0.0421855 0.101798 0.076827 0.166675 0.0738535 0 0.016138 0 0.340314 0 0.164018 0 0.0181993 0 0.102104 0 0.0350568 0 0 0 0 0.182745 0.0882669
79 9.03547 0.0122961 0.21665 0.0547701 0.185812 -0.087059 10.4724 -0.370115 -0.13179 -0.0193282 0.0819197 0.148651 0.115333 -0.0243969 -0.489213 -0.431596 0.124697 0.149183 -0.0774514 0.217491 0.43613 -0.378024 0.185396 -0.497144 -0.62449 -0.0249256 -0.0312098 -0.0476526 -0.00527359 -0.0921355 -0.0474496 -0.103151 -0.130951 0.00165233 0.172203 0.0632462 0.00846043 0.153438 0.0504253 0.053849 0.373894 0.175587 1.36897 0.131395 0.683951 -0.0632331 0.0857855 0.152354 -0.0512718 -0.0540145 0.100027 -0.262257 -1.37389 0.281027 0.689889 -0.0151471 -0.0311523 -0.0193632 -0.0717668 1.01694 -0.0760897 0.48019 1.32578 1.33837 0.162752 -0.223276 0.779676 -0.0879325 -1.43644 0.653577 2.38176 1.75944 -2.46805 0.998374 -0.780166 5.43677 7.43507 -1.59849 -1.23345 -0.994616 -7.30014e-07 -0.6548 -0.178783 -0.184117 0.25904 0.0286014 -0.337521 -2.23731e-09 -0.495892 -0.0781332 0.175795 0.231316 -0.660731 2.05397e-09 3.62554e-10 3.35409e-10 -0.768615 0.216457 -0.529457 0.120653 1.21517 -0.274174 0.07125 5.61074e-09 -5.94436e-10 -6.13696e-10 -0.296401 1.1076 0.367927 -0.458663 1.30064 1.19912 -0.945809 0.183479 0.910373 10.4647 0.153461 0.434359 1.21825 0 0.0799077 0 0.0573867 0 0.0370875 0 0.0791332 0 0.117333 0.00700095 0.162706 0.00561935 0.160743 0.0069669 0.160016 0.0889455 0.077488 0.0309228 0.148571 0.0121366 0.17556 0.0431001 0.208782 0.0342513 0.268934 0 0.205011 0.013464 0.227901 0 0.0691259 0 0.025002 0 0 0.00410979 0 0.202277 0.0470424 0 0 0 0.0304189 0 0.0242983 0 0.00390025 0 0.0284761 0.00486614 0.00204918 0 0 0 0 0 0 0 0.000149975 0.000428416 0 0 0 0 0 0 0 0 0 0 0 0.0110802 0.000108644 0.0113929 0.0130404 0 0 0.0165919 0.00964402 0.0260267 0.0249022 0.0430014 0.0133592 0 0.00516735 0.000722814 1.26089e-05 0.142288 0.035164 0.108065 0.0267846 0.136699 0.030964 0.233512 0.0404738 0.0325481 0.0200599 0.141251 0.0407489 0.141168 0.0403062 0.03548 0.0404392 0.248373 0 0.656554 0 0.0103184 0 0 0 0 0 0 0.0385039 0 0.0386706 0.457623 0 0.295802 0 0.042086 0 0 0 0.0336905 0 0.0908374 0 0.154043 0 0 0.178393 0 0.00977374 0 0.0233144 0 0 0.180617 0.0688555 0.0860229 0 0 0.055803 0 0.00220352 0 0.0163924 0.00521481 0 6.13225e-05 0.0231591 0 0.00730598 0.348541 0.149312 0.00119963 0 0.0408062 0.00395375 0 0 0 0.00420057 0.1127 0.0973247 0 0 0 0.0447278 0.0259558 0.0321046 0.0228765 0.0320753 0 0 0 0 0.0287616 0.00129083 0 0.0623939 0 0.000820391 0.0634021 0.166469 0.039168 0.0461375 0.0378631 0.0468571 0 0.14855 0 0.0250156 0 0.0168377 0.0141744 0.0372519 0.0848084 0.0674497 0.293185 0.0151852 0.250622 0.00676849 0 0.00891695 0.0144721 0 0.0150283 0.0236149 0 0.171147 0 0.146074 0.0106815 0.043867 0 0.0895193 0 0.0394783 0.0521525 0.0249564 0.194997 0.10791 0.00838717 0 0.577902 0 0.37788 0 0 0.284921 0 0.00103953 0 0.0328373 0 0.0349909 0.177013 0.0376259 0 0.023613 0.00334843 0.00897058 0.281732 0.0589844 0.0356908 0 0.0716407 0 0.0557114 0 0.0791514 0 0.0654818 0.0666447 0.0387946 0 0.05487 0 0 0 0.0468283 0 0.00313442 0 0.00536956 0 0.137343 0 0.0350946 0 0.0468038 0 0.0700064 0 0.0422572 0 0.0357234 0.0582839 0.077482 0.0780771 0.109422 0.0622811 0 0.0430519 0.00354446 0.238696 0 0.233869 0 0.0158979 0.00077522 0.0762045 0 0.0280371 0 0 0 0 0.144678 0.0712718
80 9.06881 -0.0388023 0.242214 0.123875 0.19583 -0.0721857 10.5168 -0.257921 -0.151216 -0.076218 0.105385 0.298004 0.130273 -0.0505467 -0.130672 -0.152888 0.0422291 0.185196 -0.129361 0.441876 0.825333 -0.320076 0.132369 -0.300088 -0.360435 0.0135325 -0.0590872 -0.0596731 0.00315353 -0.0771533 -0.078434 -0.101203 -0.138349 -0.0320565 0.19028 0.0692957 0.015255 0.130935 0.033955 0.0391067 0.396106 0.132946 1.36472 0.233926 0.692864 0.00783899 0.103589 0.152358 -0.0511355 -0.0540041 0.144306 -0.329455 -1.33058 0.150476 0.673454 0.0143236 -0.057487 -1.80219 -0.0628045 1.14451 0.0123065 0.290375 1.39253 2.91906 0.570774 -1.48695 0.747902 -2.13198 -1.82639 0.0823308 44.07 43.279 -2.72107 0.482161 -1.20739 7.35153 4.32604e-08 3.79881 -10.1397 22.3719 24.1719 0.90473 -0.738051 0.43471 0.430596 0.779412 -0.835168 -1.84429e-09 -1.87935 -0.870137 0.715133 2.07527 -0.186476 -0.298522 -0.739823 -1.02584 0.073364 0.647199 0.131497 0.588284 -1.31041 3.57645 -0.672379 5.8464e-09 -1.11152e-09 -7.15166e-10 -0.602861 0.654435 0.39889 -0.929796 2.5199 2.78052 -1.14001 0.189182 0.92401 10.5077 0.153549 0.356121 1.32655 0.0256847 0.0109188 0.0431937 0.033907 0.0580081 0.0420235 0 0.0413909 0.127288 0 0.204092 0.0999901 0.17357 0.0209695 0.192721 0.0174015 0.147209 0 0.0169822 0.016137 0.0178379 0 0.0280376 0.0187605 0 0.0191975 0.090609 0 0.0362649 0 0.173196 0.018919 0.205403 0 0.222625 0.00475907 0.012339 0.00585529 0.318438 0 0 0.0800975 0.378092 0.0680179 0.0553459 0.114612 0.0101409 0.00924352 0 0.0067535 0 0 0 0.0305113 0 0.0339569 0 0.0164211 0 0 0.0301993 0 0 0.0393146 0 0.0251801 0 0 0.0546235 0 0 0.0322942 0 0.00354263 0.0280379 0.0107376 0.100974 0 0.0332845 0 0.0488463 0.00966431 0.0841487 0 0 0.0805809 0.000959029 0.00112301 0 0.190276 0 0.141693 0 0.147063 0 0.125361 0 0 0.156656 0.133523 0 0.118885 0.0253226 0 0.716268 0.491874 0.333717 0.216664 0.00137735 0.0049599 0 0.00689204 0.0277723 0 0 0 0.10425 0.00255255 0.251993 0 0 0 0 0.0529546 0 0.0282997 0 0.018183 0 0.0692952 0 0.0525824 0.0101751 0.103734 0 0 0 0.00906911 0 0.00442515 0.0401776 0.0859891 0.265267 0.0306622 0 0.0330274 0 0.0140881 0 0.0239338 0.238457 0.10315 0 0.00467022 0 0 0.344324 0.116433 0.00190067 0 0.34664 0 0 0.0511531 0 0.0323678 0.11837 0.0574632 0.388891 0 0.80843 0 0.10188 0 0.0857779 0 0 0 0 0 0.0733128 0.0342895 0 0.137045 0.00636675 0 0.243973 0 0.531069 0 0.351861 0.2517 0.153131 0 0 0 0.210843 0.00137446 0.205342 0.00608929 0 0 0.0115541 0 0 0 0 0 0.0223834 0 0 0.0871746 0 0.265346 0 0.18365 0.10164 0.125622 0.333145 0.298718 0 0 0.0565012 0.157975 0.216236 0.0352527 0 0.0020114 0.670444 0.273949 0.795989 0.203748 0.00768519 0.48081 0 0 0 0 0 0.108894 0.172599 0.0404363 0 0 0 0.000686522 0.402993 0 0 0.00784263 0.00931525 0 0.0207083 0.0202927 0.133647 0 0 0.432647 0 0 0.10436 0.00622446 0 0.0152648 0.111962 0.00913648 0.0633043 0 0.0140766 0.0229901 0.333148 0 0.0946763 0.0113546 0.0952134 0 0.138223 0 0.110661 0.00278415 0.016313 0.0219347 0 0.0168184 0 0.0334844 0 0.11105 0 0.233931 0 0.429135 0.0128863 0.136985 0.0624747 0.0119061 0 0 0 0.000639541 0 0.03294 0.160168 0.0620487
81 9.10214 -0.068994 0.222828 0.123312 0.201707 -0.0647742 10.5593 -0.185484 -0.132367 -0.0709969 0.125521 0.245348 0.119726 -0.052643 -0.0594047 -0.0821271 -0.0862803 0.177703 -0.118603 0.667717 0.457137 -0.0618115 -0.0711061 0.085873 -0.0434447 0.0423356 -0.0664701 -0.0324896 -0.00631899 -0.0611805 -0.0687168 -0.102074 -0.110732 -0.0515582 0.204787 0.056962 0.00306083 0.15668 -0.0428195 0.0233823 0.296758 0.279228 1.35381 0.0674778 0.581854 -0.0605457 0.038445 0.152414 -0.031678 -0.0346336 0.149731 -0.282872 -1.35635 0.16009 0.706528 0.00643905 -0.0109425 -1.12368 -1.01938 -0.443734 -0.139162 0.034541 1.2728 2.425 0.153371 0.383901 0.507726 -2.13541 0.715142 -0.417963 0.272037 0.370755 -2.94276 0.0973552 0.366777 4.02655 -5.24643 3.93527 2.59808 3.08933 1.96627 1.4326 0.0821123 0.968028 -0.56196 0.592982 0.166663 -2.24322e-09 2.40382 -3.87782e-10 0.27457 -2.2171 -0.617584 2.03774e-09 -0.56329 1.06228 1.77447 1.52515 -2.11104 -1.95787 -0.522326 -4.79083 -1.64004 3.28208e-09 1.198 0.981561 0.270103 0.998909 -1.10812 0.812897 5.39804e-10 -1.05797 1.1015 0.193661 0.931899 10.5514 0.121952 0.129911 1.29925 0.0538735 0 0.00663105 0 0.0152342 0 0.0590022 0 0.106551 0 0.14067 0 0.122958 0 0.0806944 0 0.0523622 0.0549075 0.091946 0.0878683 0.137257 0.0675831 0.0953707 0.266342 0.190196 0.16177 0 0.036725 0 0.0653214 0.0109075 0.119182 0 0.0476455 0 0.0939924 0 0.0157866 0.0176156 0.0855566 0.0929396 0 0 0 0 0.0107488 0.0616018 0.0834268 0.0704528 0.00872007 0 0 0 0 0.0591933 0.0469562 0 0 0 0 0 0.0255422 0.0439375 0.00316074 0.0025601 0.00430915 0 0.0061194 0 0 0 0 0 0 0.00544418 0 0 0.0606672 0.0078712 0.00998054 0.00589114 0.00339308 0.0460014 0.118847 0.0306194 0 0 0 0.0847402 0.166095 0.0510631 0.102275 0.083904 0.17294 0.0523638 0.210955 0.0731305 0.0412594 0.0799691 0.0513314 0.0824906 0.168846 0.0484435 0.0293206 0.0338251 0.244637 0.0706987 0.0268027 0 0 0 0 0 0 0 0.280094 0.0814369 0 0.100787 0.00190991 0.0881693 0 0 0.0716551 0 0.0747858 0.0152637 0.0640793 0 0.101759 0.0639682 0 0 0.00625132 0 0.0516687 0 0 0 0 0.208944 0.0706042 0.214448 0 0 0 0 0 0 0 0 0.0202744 0.00174769 0.0514852 0.0190748 0.105094 0.425311 0.181557 0.00116936 0.00521599 0.0831447 0 0.0129844 0 0 0 0.24405 0.00110743 0.06731 0 0.0271816 0.0539414 0.0388687 0 0.0460893 0 0.0643198 0.101473 0.0346468 0.0882571 0 0.0204638 0.131931 0 0 0 0.00185156 0 0.186237 0 0.0316317 0 0.184135 0 0.0800673 0.095855 0.00439342 0 0.00526463 0.00449976 0.0607627 0.0465572 0.288473 0 0.119224 0.18772 0 0.0290882 0 0.0711452 0 0.0854614 0.213863 0.0457197 0.050014 0 0.0740429 0.00321115 0 0 0 0 0 0 0 0 0 0 0 0.189867 0 0 0.223084 0.126635 0 0 0 0 0.0255638 0.0121758 0.242708 0.0233731 0 0 0.0154998 0.109332 0 0.0005814 0.0564531 0 0 0.155814 0.0385228 0 0.185067 0.0492097 0.0477405 0.121661 0.809492 0 0 0 0.0995664 0.011664 0 0.0251321 0.0961417 0 0.0836168 0 0.156329 0.0463276 0.131505 0 0.000883743 0 0.00136582 0.0276379 0 0 0 0.0552055 0.107008 0.144433 0.109705 0.211977 0.0235865 0 0.292296 0.0702999 0 0.123263 0.0649609 0 0.0591056 0 0.0534774 0 0 0 0 0 0.147299 0.0728104
82 9.13547 -0.0839719 0.204036 0.128137 0.206833 -0.0649969 10.6052 -0.0791488 -0.153437 -0.0683329 0.0548477 0.121118 0.0931248 -0.0672445 8.97267e-05 -0.12959 -0.148788 0.133522 -0.126242 0.64237 0.357861 0.123145 -0.0339966 0.204304 0.0739729 0.0501113 -0.0605942 -0.0244651 -0.020722 -0.0646338 -0.0616144 -0.0999379 -0.0905162 -0.0518098 0.213123 0.0484734 -0.00712572 0.147767 0.0199384 0.0521454 0.381401 0.200638 1.28318 0.230374 0.709009 0.0379616 0.0262921 0.151523 0.041882 0.000198376 0.153465 -0.326604 -1.39114 0.0281852 0.652585 -0.0242306 -0.0452623 0.063246 -0.607802 0.109493 -0.177277 -0.278042 1.35249 2.6429 -0.208781 -0.0469466 -2.23892 -2.56568 -2.21658 0.0365797 1.87341 -2.02843 -1.94066 -1.60179 -0.430422 -2.11967 -2.24606 4.91552 -1.4179 2.84993 3.09646 -0.298425 0.0777591 0.225558 -0.518733 0.153844 0.158153 -0.614303 -1.5355 -6.35528e-10 0.684369 1.54981 -0.510947 -0.632512 -0.235044 7.15916e-11 0.175426 -0.949405 -0.570191 1.10083 -0.541615 4.19451 -0.715551 -0.732896 0.311422 1.10882 1.9377 2.25807 -1.25587 -0.308865 0.0710018 1.14343 -0.613285 0.197796 0.930578 10.5946 0.122251 -0.192442 1.29484 0.0442965 0 0.0145908 0 0.0304003 0 0.0231733 0 0.0156428 0 0.0189279 0.0366828 0 0.0522413 0 0.114711 0.0510186 0.00873793 0.042388 0.0685482 0.0654632 0.0298312 0.0169331 0.185387 0.0898985 0.138058 0 0.0131922 0 0.0242184 0 0.130352 0 0.0960236 0.00412173 0.203642 0.00505477 0.0128004 0.0835579 0 0 0 0 0 0.112335 0.0990775 0.0391486 0.0717211 0.0458814 0 0 0 0 0 0.0646864 0.00856656 0 0 0 0 0.00487491 0.0449493 0.0234421 0.0595139 0.00608052 0.0340634 0 0.106411 0 0 0 0.0648446 0 0.0642632 0.0136079 0.0491546 0 0.0567136 0.0104891 0 0.00665599 0.0311518 0.06735 0 0.0184949 0.136725 0.00135638 0 0.184283 0.1123 0.132122 0.0859109 0.167084 0.123184 0.124082 0.143137 0.0333281 0 0.138653 0.00365554 0.134495 0.0738631 0.0324764 0 0 0.143914 0 0 0 0 0 0 0 0 0 0.00230189 0.09855 0.0250177 0 0.0495153 0.0724866 0 0.00678858 0 0.038501 0 0.0308053 0.128202 0.00018172 0.0781638 0.061536 0.00384728 0 0 0 0 0 0 0 0 0.146739 0.0936862 0.0662394 0 0 0 0 0 0 0 0 0.0611086 0 0 0.0660497 0.0113332 0.204645 0.0822839 0 0 0.0447292 0.0760414 0 0 0 0 0.140999 0.0904614 0.0791113 0 0 0.11974 0 0 0 0 0.0415365 0.0280632 0.020095 0 0 0.0218849 0.129206 0.0550779 0.00128466 0 0.130352 0 0.171599 0.0576226 0.0858593 0.0107721 0.0571744 0 0.02716 0 0.0530875 0 0.134041 0 0.0548623 0.00997551 0.137482 0 0.0683828 0.0586121 0 0.0300784 0.0367057 0.0245833 0.00636995 0.00256867 0.135225 0.0999938 0 0 0.107513 0.124743 0 0.0481775 0 0 0.0856414 0.0200657 0 0.00908015 0 0 0.0161505 0 0 0 0.1775 0.2301 0 0 0 0 0.0841627 0.0701333 0.15284 0.0291281 0 0.0136291 0.0209678 0.0507686 0 0 0.0401538 0 0 0.0446654 0.025158 0 0.128837 0.00471572 0 0.303295 0.586342 0 0 0.0464803 0.101286 0.016539 0 0.0637301 0 0 0 0 0.0173567 0 0 0 0 0 0 0 0 0 0.0570754 0.209031 0.16602 0.0589853 0.252957 0.0896942 0.0227571 0.00301086 0.185057 0.0261876 0 0.136796 0.0561565 0.00327256 0.10851 0 0.017803 0 0 0 0 0 0.0871831 0
83 9.16881 -0.0529776 0.166713 0.0934712 0.208234 -0.0648665 10.6464 -0.0244692 -0.136828 -0.022502 -0.0176756 0.0917874 0.104582 -0.0713658 0.0476966 0.0706806 -0.258892 0.090131 -0.0899933 0.568057 0.297529 0.256262 -0.00576677 0.28139 0.156024 0.0331597 -0.0570905 0.0142281 -0.0606217 -0.0494778 -0.0482315 -0.103946 -0.187091 -0.0510297 0.212715 0.147137 -0.0222773 0.156628 0.0203325 0.0511115 0.274533 0.176938 1.28845 0.188616 0.66755 0.0764549 0.0505327 0.151429 0.0248576 -0.00631693 0.201503 -0.245185 -1.39161 0.0475309 0.699746 0.0233671 -0.103484 1.08153 -1.50723 -0.558603 -0.169726 -0.0022838 1.14954 1.73804 0.642211 0.797748 -2.83143 0.13783 0.817378 -0.10802 -0.126709 -0.154525 -3.3954 -1.37983 0.393903 -2.17537 -1.53741 3.19775 -0.432076 1.5813 1.92366 -0.558366 0.238897 0.490526 -1.01579 0.432195 0.519686 -2.41701e-09 -2.34661 -7.61853e-10 -0.110551 2.16056 -0.893656 3.40685e-09 0.476597 3.89064e-10 -0.909106 0.776315 -0.226612 -0.329226 -0.0430562 -0.461682 0.454427 7.0105e-09 -0.632585 -0.116737 0.522415 2.45545 -0.417443 0.236201 0.830438 0.326882 -0.606223 0.200996 0.930007 10.6359 0.0814926 0.0452883 1.19921 0.0111429 0 0.0247703 0 0.0170447 0 0.0668416 0 0.117839 0 0 0.0591528 9.1549e-05 0.0764837 0 0.108698 0.00787717 0.0482141 0.151794 0.037219 0.201864 0 0.171686 0.130545 0.291586 0.129494 0.102824 0 0.0693954 0.00971343 0 0.00713428 0 0.023205 0 0.0486683 0.00372507 0.00044867 0 0 0.338494 0.0874896 0.100599 0 0.115925 0.033049 0.013837 0.0668573 0.088102 0.0828604 0 0 0.0572742 0 0.127903 0.054449 0 0 0 0 0 0 0.0798915 0.0336295 0.0114549 0.00602541 0.0685594 0 0.0359595 0 0.0473671 0 0.0128665 0 0 0 0.00839025 0 0 0.00423743 0 0 0.0107068 0.0724073 0.0433101 0.0231666 0.000541038 0 0.108799 0.212635 0.0768531 0.159002 0.101231 0.180591 0.043399 0.285143 0.0983564 0.107125 0.0612078 0.157482 0.0559353 0.28101 0.0457197 0.0485518 0 0.434492 0 0.381361 0 0.0485653 0 0 0 0 0 0 0.0310942 0 0 0.22836 0 0.209109 0 0.199578 0.0784955 0.0367622 0.0720425 0.0840199 0 0.216536 0 0.243226 0.171381 0 0.211753 0 0 0 0 0 0.278193 0.182023 0.0511102 0 0 0 0 0 0.0173172 0 0 0.0529557 0.0274928 0.0135682 0.0904949 0.0484825 0.417347 0.219329 0.000247046 0.00419511 0.0320557 0 0.0655559 0.010627 0 0 0.106443 0.156824 0.051652 0 0 0 0 0 0.00706323 0 0.108488 0.0653443 0.178034 0 0 0.0318946 0.108044 0.00301358 0.00603745 0 0.423338 0 0.427879 0.258847 0.156261 0.155703 0.111687 0 0.0321745 0 0.0683561 0.0216716 0.207311 0 0.03333 0.0607682 0 0.252346 0 0.28662 0 0 0 0.037628 0.269947 0.19186 0.0819684 0.0905411 0 0 0.355408 0 0.370874 0 0 0 0.394298 0 0 0 0 0 0 0.45542 0 0.0117565 0.202019 0.0978406 0 0 0 0 0.0716123 0.0116017 0.148758 0.134044 0 0 0.113111 0.0387015 0 0 0 0.0562273 0 0.204326 0 0.0959322 0.324004 0.161547 0 0.0410551 0.442161 0 0 0 0.253017 0.0604441 0 0 0 0 0 0 0 0 0 0 0 0 0 0 0 0 0.137666 0.415157 0.276418 0.245884 0.314003 0.292091 0.00928351 0.00266986 0.431181 0.0939338 0 0.164387 0.0335958 0.0385475 0.167762 0.00471772 0.0370433 0 0 0 0 0 0.196916 0.0532255
84 9.20214 -0.0397493 0.0881069 0.0699497 0.207773 -0.0653687 10.6851 0.0425494 -0.115361 0.0101498 -0.087782 0.0847241 0.161038 -0.0744814 0.0446962 0.0673886 -0.322475 0.0851578 -0.0444363 0.471231 0.247701 0.309266 0.00124457 0.298293 0.18161 0.0417037 -0.0318212 0.0244224 -0.0878542 -0.0369738 -0.0230706 -0.104496 -0.194798 -0.0468453 0.199762 0.170431 -0.0316312 0.152016 0.050962 0.0535147 0.247773 0.152758 1.28611 0.258362 0.70089 0.0418008 0.0516318 0.151211 -0.00609048 -0.0316443 0.342872 -0.191574 -1.36354 0.11768 0.692698 -0.0119724 -0.101498 0.185776 -2.551 -0.809746 -0.151752 -0.101118 1.14067 1.78194 0.629559 0.844973 -1.258 -0.724731 1.89838 -0.220585 -0.0228945 -0.00606382 -1.50774 -0.547182 1.51995 -2.72507 -1.019 -0.17407 0.415545 0.239246 0.277268 0.29538 0.699525 0.229966 -0.519778 0.282211 0.808371 -1.41398e-09 -0.753929 0.161304 -0.262867 1.10047 -0.488186 2.26572e-09 1.4634e-10 1.71328e-10 -1.20058 1.69058 -0.0236978 0.107493 1.39169e-10 0.36978 0.038232 2.31707e-09 -0.12367 -0.978642 1.00482 2.41895 0.121826 0.185163 -0.894926 -0.792216 0.18729 0.20356 0.929403 10.6753 0.0627025 -0.0569309 1.17157 0.0226255 0 0.020104 0 0.0393612 0 0 0 0.0552393 0 0 0.0305949 0 0.0628083 0 0.0933102 0.0324795 0.0404362 0.0576412 0.139255 0.0966555 0.0987547 0.0365999 0.307966 0.109649 0.356364 0.0597868 0 0.00560873 0.0316974 0 0 0 0 0 0.00350781 0 0.000516258 0.0146979 0 0.108542 0.0475867 0.158382 0 0.0751719 0.0369797 0.0616093 0.0988473 0.0239161 0.0493912 0 0 0.0290912 0 0.0366737 0.0396021 0 0 0 0 0 0.0246577 0.0679053 0.0446114 0.021221 0.0223753 0.0838993 0.0967453 0.0049493 0 0.0248932 0.034508 0.0226796 0.0294495 0.0168539 0.0199189 0.0467848 0.105564 0.00204674 0.00445425 0.0151704 0.0178019 0 0.0370701 0.104001 0.05158 0.00082753 0 0.0127506 0.0411835 0 0.0181649 0.0132833 0.0753404 0 0.13654 0.0313088 0.0545646 0.0109785 0 0.00879622 0.0637987 0.0357322 0.0299844 0.0367971 0.152074 0 0.271358 0 0.0204957 0 0 0 0 0 0 0.0909764 0 0 0.191545 0 0.0978328 0 0.0690137 0.000132602 0.0434749 0.089167 0.119231 0 0.274686 0 0.27693 0 0.0760811 0.0535888 0 0 0 0.00575928 0 0.0771619 0.150345 0.0669014 0 0 0 0 0 0 0 0 0.0456933 0 0.0331192 0 0.0905572 0.13919 0.264547 0 0 0.0289765 0 0.0312969 0 0 0 0.11981 0.125529 0.015087 0 0 0 0 0.0443131 0 0.0353242 0.0568133 0.0914505 0.0743085 0 0.0195315 0 0.0760883 0 0.00484453 0 0.239817 0.0553223 0.387845 0.170768 0.109126 0.122781 0.0586499 0 0.0311875 0 0.144204 0 0.240828 0 0.0200558 0.03789 0 0.430066 0 0.404495 0 0 0.000109412 0 0.114143 0.292657 0.12702 0.0523607 0.0242881 0 0.520741 0 0.444488 0 0 0 0.473479 0 0 0 0 0.000975573 0 0 0 0 0.17418 0.0779728 0 0 0.00789407 0 0.0653081 0.0421867 0.0763601 0.131683 0 0 0.0114659 0.0743755 0 0 0 0.0532349 0 0.20244 0 0.10435 0.0576356 0.175175 0.290327 0.306475 0.136427 0.0224274 0.00520462 0 0.0537694 0.0448168 0.01451 0 0 0 0 0 0 0 0 0 0 0 0 0 0 0 0.0858383 0.457565 0.147473 0.330881 0.103541 0.431103 0.0201847 0.00968842 0.262063 0.0482389 0.00287144 0.0456944 0.038828 0 0.177934 0 0.00414456 0 0 0 0.00503034 0 0.113557 0.0522805
85 9.23547 -0.0321577 0.0178155 0.0431516 0.205807 -0.0683888 10.7235 0.0864527 -0.112946 0.0400822 -0.100045 0.0496639 0.228909 -0.0773171 0.0364409 -0.0246979 -0.363742 0.0665678 0.0137847 0.367142 0.287281 0.284691 0.066147 0.294199 0.172361 0.0304509 -0.0307843 0.0347866 -0.0747726 -0.0101711 -0.00555394 -0.10399 -0.118741 -0.0355896 0.190538 0.116156 -0.0377331 0.152966 0.0441179 0.0529682 0.198145 0.159583 1.30625 0.338067 0.694885 0.0339265 0.0146044 0.150814 -0.0301813 -0.0532193 0.478811 -0.159342 -1.34268 0.20216 0.701704 0.0224694 -0.0702744 -0.011812 -1.71071 -0.779524 -0.105534 -0.135462 1.14512 1.4279 0.108755 0.689399 -4.80243e-10 -1.37803 1.54839 -0.282989 0.00842613 0.129859 -1.11243 -0.904929 1.52618 -2.7052 1.05912 -1.02201 2.17677 0.0107427 -0.0514621 -0.254145 -0.0107454 0.145924 0.595766 0.604189 0.522132 -1.21488e-09 1.79585 0.463873 -0.111924 -1.19325 -0.232645 2.9155e-09 -0.646261 1.64175e-10 -0.0746782 1.88435 0.498716 0.607245 -0.923929 1.5718 -1.42604 1.98419e-09 -0.213663 -1.86065e-10 0.909327 1.20313 -0.780416 0.162305 2.35995e-10 0.0113326 -0.293931 0.205644 0.927086 10.7145 0.0509125 -0.0673864 1.17809 0.0625092 0 0.0386291 0 0.0274242 0 0.0671359 0 0.0782825 0 0.0951536 0 0.102312 0 0.101946 0 0.0494177 0.00799105 0.0967678 0.0238157 0.126398 0.0139162 0.160852 0.0564131 0.225645 0.0444731 0.0985395 0 0.123661 0 0 0 0 0 0 0 0 0 0.00110547 0 0.0471282 0.0369229 0.0606533 0 0.118705 0 0.0440862 0.00259091 0.0655052 0 0 0.00646776 0.0177724 0 0.0355509 0.0368897 0.0264094 0 0.00452277 0 0 0 0.0296097 0.0321256 0.0104966 0.0163992 0.158937 0.0854435 0.118593 0.0695573 0.125081 0.0827731 0.189304 0.168968 0.0108051 0.0123092 0.18365 0.105815 0.00283822 0 0.0177913 0.0172944 0 0 0.0661521 0.0915395 0 0.0002588 0 0 0 0 0 0 0 0.0325754 0.0386746 0.0360373 0 0 0 0 0.0419895 0.0205673 0.0336657 0 0 0.243108 0 0.0735577 0.00212217 0 0 0 0.00455241 0 0 0 0 0.228205 0 0.151653 0 0.128048 0.0403032 0.0426787 0 0.0385954 0.0177764 0.129142 0 0.139104 0.240958 0.013542 0.0444421 0.00188443 0.0296359 0 0.0038564 0 0.0929664 0.12073 0.00525695 0 0.0261259 0 0.00622289 0 0 0 0 0 0.0635069 0.0113171 0.0930097 0.030177 0.025469 0.264287 0 0 0 0 0.0278993 0 0.0414797 0.0082477 0.0595938 0.153634 0 0 0.0148341 0 0 0.0784722 0 0.0796826 0.0463183 0.0216716 0.0779262 0 0 0 0.0982403 0 0.0053482 0 0.299571 0.107664 0.144767 0.0804408 0.0488311 0.0819294 0.105331 0 0.0171958 0 0.0245524 0.000471044 0.0429102 0.0249335 0.0580195 0.0750664 0.0115793 0.32484 0.012123 0.305781 0 0 0 0.0329873 0.161058 0.0836093 0.11693 0 0.0830975 0 0.162204 0 0.310039 0.00388843 0.01057 0.0061742 0.179564 0.00582017 0 0 0.0302676 0.0104504 0 0 0 0 0.17682 0.0224608 0 0 0.028646 0 0.0262126 0.000214767 0.0145576 0.16578 0.0149243 0 0.0378008 0.013293 0 0 0 0.0231284 0.00677319 0.0900493 0 0.0631574 0 0.138541 0.669261 0.463195 0 0 0 0.0244835 0.023533 0.0156468 0 0.015348 0 0.0309006 0 0.033166 0 0.122164 0 0.0345983 0 0.0452884 0 0.0620131 0 0.0701009 0.110076 0.084974 0.187675 0.113549 0.210369 0.160034 0.0147826 0 0.218185 0 0.0489836 0.0336656 0.0109662 0 0.0720321 0.00199255 0.0317318 0 0.00230581 0 0.0404862 0 0.0792669 0.0685779
86 9.26881 -0.0328132 -0.0319015 0.0269734 0.203773 -0.0719997 10.7635 0.136426 -0.111388 0.053419 -0.100045 9.70382e-05 0.275248 -0.0756938 0.0383175 0.0175595 -0.347943 0.0327831 0.0557991 0.171225 0.370119 0.337393 0.0928447 0.281858 0.155179 0.0177162 -0.0268177 0.03248 -0.0542328 0.00552328 0.00695935 -0.103688 -0.0574701 -0.0234734 0.187349 0.0784553 -0.0491039 0.152975 0.0437785 0.0529422 0.180429 0.17167 1.33466 0.406876 0.681224 0.0610438 -0.0134252 0.150695 -0.0347164 -0.0535625 0.507562 -0.135301 -1.36111 0.196292 0.701775 0.0352117 -0.0878651 0.188817 -0.909305 -0.666378 -0.0342562 -0.183433 1.18486 1.30794 0.0393142 0.502029 -4.79349e-10 -1.43016 0.841526 -0.251283 0.00838726 5.38931 -0.0697557 -1.25013 1.07309 -5.01129 0.241535 0.721946 -0.228334 -0.000412151 -0.23366 -0.528342 0.020838 0.171096 0.487488 0.45973 0.274207 -8.39979e-10 1.94998 0.61756 -0.0914097 -1.47297 -0.485403 1.93637e-09 -0.702401 1.86072e-10 0.131518 1.40332 0.901396 0.362092 -1.22412 1.17918 -0.90378 2.95847e-09 -0.165095 -3.85603e-10 0.198382 0.591912 -0.607761 -0.180257 3.67802e-10 0.19869 -0.379742 0.207241 0.924127 10.7538 0.0381302 -0.114399 1.17895 0.0601098 0 0.0407523 0 0.0289057 0 0.0790454 0 0.181256 0 0.203321 0 0.216715 0 0.221824 0 0.0901829 0.00910247 0.122003 0.0746744 0.157239 0.0710433 0.183308 0.123109 0.245346 0.132645 0.135051 0.0181487 0.168776 0.058164 0.0247495 0 0.00116495 0 0 0 0 0.000662396 0.0160195 0.0135673 0.0346738 0 0.115582 0 0.0712608 0 0.0220512 0.00378188 0.073421 0 0 0.0167166 0.0168332 0 0.0289853 0.0213948 0.0342732 0 0.00611183 0 0.0125289 0.00286362 0 0.0224852 0.00309429 0.0182972 0.248575 0.0585321 0.201283 0.048242 0.205179 0.0586159 0.260374 0.140666 0.0373781 0.0238335 0.264062 0.0761486 0.0141933 0.000946055 0.0356957 0.0277239 0.025738 0 0.0198417 0.100767 0 0.000577567 0 0 0 0 0 0 0 0.0343688 0.0195316 0.00197237 0 0 0 0 0.0432862 0.00867458 0.0336226 0 0 0.284574 0 0.0507226 0 0 0 0 0.0143257 0 0.0144725 0 0 0.231901 0 0.138413 0 0.0679642 0.0150354 0.0318629 0 0.0466487 0 0.160139 0 0.190328 0.205869 0.0573577 0.0225694 0.0060799 0.0675278 0 0.00372545 0 0.0575595 0.13135 0.00158754 0 0.00679356 0 0.0020369 0 0 0 0 0 0.0380472 0.0194425 0.042698 0.0423709 0 0.252162 0 0 0.0110904 0 0.032302 0 0.0419088 0 0.00823502 0.201795 0 0 0.0347984 0 0 0.0772666 0 0.0776866 0 0.024592 0.0277474 0.00285683 0 0 0.112017 0 0.00343207 0 0.283005 0.107744 0.167302 0.0242855 0.0279264 0.14382 0.190785 0 0.0143501 0 0.039879 0 0.0778226 0.0202723 0.0766882 0.171866 0.0291257 0.434641 0.00871922 0.410201 0 0 0.00241177 0.0150596 0.041681 0.122548 0.0645106 0.0142847 0.0402742 0 0.241208 0 0.294726 0.00011917 0.00123817 0.0130503 0.188962 0 0 0.063636 0.0622588 0.021729 0 0 0 0 0.158792 0.0719775 0 0 0.0269258 0 0 0.0394252 0 0.172114 0.0605586 0 0.0221776 0.0223954 0 0.00034721 0 0.022277 0 0.13272 0.00485758 0.0896625 0 0.0541585 0.761184 0.444699 0.0318942 0 0 0.0631188 0.0123068 0 0 0.0466521 0 0.0352154 0 0.039036 0 0.125512 0 0.0374191 0 0.047068 0 0.0628299 0 0.0712891 0.0655356 0.134728 0.118326 0.183395 0.130737 0.256124 0 0 0.132164 0.0819517 0.0757855 0.055397 0.0111784 0 0.0984363 0 0.0331923 0.00870214 0.00783668 0 0.0655257 0 0.0517698 0.08335
87 9.30214 -0.0397353 -0.0548839 0.012686 0.202497 -0.0773549 10.8045 0.195367 -0.114002 0.0618322 -0.100045 -0.0502935 0.30062 -0.0765627 0.0988594 0.092027 -0.319377 0.0151934 0.0793047 0.00484367 0.291679 0.348615 0.0341039 0.307827 0.188027 0.0141894 -0.0138263 0.0277855 -0.0402251 0.0112385 0.0201924 -0.103446 -0.00671431 -0.0123753 0.182029 0.0416101 -0.060732 0.153039 0.0413042 0.052752 0.162952 0.162035 1.37218 0.471724 0.665386 0.0522778 -0.0164354 0.1505 -0.0420463 -0.0541169 0.528212 -0.129953 -1.37405 0.195378 0.701536 0.0301868 -0.0896888 -0.0677098 -0.314542 -0.434902 0.0484451 -0.236824 1.21181 1.61626 -0.0716289 0.16713 -7.77985e-10 -1.51466 0.31859 -0.204738 -0.0121565 -0.0167412 0.284122 -0.289979 0.332342 -3.31066 -4.77589 -1.62041 -3.40077 0.805474 0.975785 -0.198005 0.319305 -0.0515306 0.33149 0.130846 0.356091 -9.9605e-10 1.49784 0.383209 -0.134413 -1.19516 -0.211137 2.98832e-09 -0.651384 2.16537e-10 0.0644749 0.993113 0.986679 0.0839975 -1.03739 0.850526 -0.301792 2.76651e-09 -0.107443 -2.44306e-10 0.133906 0.0363587 -0.393659 0.0690468 4.4667e-10 -0.089367 -0.0688366 0.208421 0.919745 10.7929 0.0301958 -0.155246 1.16691 0.0225596 0.0121852 0.00186197 0.0099465 0 0.00437329 0.0461663 0.0259409 0.119703 0 0 0 0 0 0.00395619 0 0.0913241 0.0174103 0.0513726 0.201002 0.0866136 0.194194 0.0716935 0.27013 0.103238 0.288127 0.104303 0.159993 0.124424 0.256612 0.129233 0 0.0772435 0 0.04253 0 0 0 0.0259732 0.0338767 0.0827473 0 0.318565 0 0.0339773 0.0519873 0.0143087 0.0182531 0.0999252 0 7.70511e-05 0.0351185 0.038873 0 0.038876 0.0183478 0.0491722 0 0.00761721 0 0.00292075 0 0 0.0289591 0 0.0185817 0.0384471 0 0.0274382 0 0.0232598 0 0.0367113 0.00387083 0.0236223 0.0240937 0.0353712 0 0.0131989 0.00262267 0.0272162 0.0285322 0.0354298 0 0 0.0976036 0 0.000387193 0.0272523 0.219237 0.0251151 0.202832 0.0316211 0.190863 0.0162031 0.267729 0.0199668 0 0.0182576 0.172163 0.0217792 0.159948 0.0424174 0.00434312 0 0.13141 0 0.227033 0 0.0245679 0 0 0 0 0 0 0.0800946 0 0.060944 0.361915 0 0.178381 0 0 0.00147019 0.00199398 0 0.0775314 0 0.248562 0 0.320657 0.0648582 0.121188 0 0.0135324 0.0643434 0 0.0139411 0 0.0294169 0.159577 0.00206714 0.00711047 0.016067 0 0 0 0 0.00854071 0.00837499 0 0 0.038125 0 0.0517507 0 0.284317 0 0 0.0720432 0.0233662 0.0599535 0 0.0574805 0 0 0.201177 0.00590516 0 0 0 0 0.0439416 0 0.0453825 0 0.0118115 0 0 0 0.0670416 0.134928 0.0102766 0.000682967 0.00263334 0.133455 0.340748 0.172967 0.069286 0.0323735 0.109415 0.101489 0.00477927 0 0 0.0450475 0 0.0969961 0 0.0683139 0.151065 0 0.665941 0 0.613445 0 0 0.0105311 0 0 0.186576 0.0840298 0 0.0650359 0 0.396054 0 0.303776 0 0 0.0111262 0.23248 0 0 0.0962683 0.052583 0.0253218 0 0.388216 0 0 0.140838 0.0697256 0 0 0.0438619 0 0 0.0273966 0 0.16873 0.0528477 0 0 0.0456529 0 0.0528825 0 0.0242617 0 0.199774 0 0.157362 0 0.0486261 0.0321709 0.502164 0 0 0 0.0676217 0.0353827 0 0 0.0367599 0 0.0694121 0 0.0295342 0 0.199956 0 0.0387099 0 0.0610713 0 0.0811141 0 0.0852826 0 0.235626 0.00879168 0.325903 0.0212287 0.438703 0 0 0.121272 0.119028 0.0766345 0.0208506 0 0 0.0908804 0.0144569 0.0303674 0.0185387 0.0125343 0 0.0879351 0 0.0495735 0.0974315
88 9.33547 -0.0398313 -0.0568924 -0.00633522 0.202553 -0.0851743 10.8449 0.247435 -0.112011 0.07603 -0.100045 -0.100936 0.30187 -0.0767464 0.098346 0.0913543 -0.328941 0.0354491 0.0839269 -0.0394878 0.0896283 0.2198 -0.031252 0.322632 0.205471 0.00649695 -0.00380175 0.0315092 -0.0306357 0.00916608 0.0328931 -0.103118 0.0446083 -0.00363765 0.18058 -0.0131893 -0.0679253 0.152805 0.0502777 0.0534414 0.180501 0.17015 1.38839 0.514803 0.651232 0.0468453 -0.00166958 0.150491 -0.0424183 -0.054145 0.516237 -0.124618 -1.39034 0.199667 0.701903 0.0226983 -0.062827 0.0475737 0.0799266 -0.602144 0.0855332 -0.315423 1.19838 1.5265 0.108678 0.374184 -7.52797e-10 -1.49335 -0.177255 -0.246112 -0.0181271 -0.0232451 -0.389981 0.828228 0.0462647 -0.525004 -4.51482 -5.19573 -0.43731 0.134692 0.120075 -0.291576 0.354263 0.196883 0.264577 -0.109567 0.325434 -8.81227e-10 1.53648 0.37808 -0.00998607 -1.71707 -0.064302 5.77871e-09 2.42493e-10 4.40005e-10 0.32507 0.43372 0.4835 0.0407672 -0.0304097 0.868961 0.574175 1.50413e-09 0.199542 -2.96411e-10 -0.0257109 -0.496944 -0.189031 0.118514 1.91483e-10 -0.122636 0.493536 0.209356 0.913086 10.8315 0.025624 -0.236793 1.14846 0.0260694 0.00222978 0.00359781 0.00297861 0.00206525 0 0.0428208 0.0313082 0.100501 0.0139863 0 0.0247595 0 0.0398638 0 0.0550556 0.0798123 0.05461 0 0.211344 0.0142461 0.216099 0 0.28605 0 0.307893 0.0243248 0.205116 0.0399835 0.309545 0.112178 0 0.0906336 0 0.117324 0 0 0.00163612 0.0310088 0.137909 0.0468527 0 0.298848 0 0.0353029 0.051915 0.00423129 0.0227518 0.0703914 0 0 0.0420198 0.0253827 0 0.0242039 0 0.03079 0 0.00645296 0 0.000295952 0.0301118 0 0.013216 0 0.0178326 0.026469 0 0.00654865 0 0.0101054 0 0.0299252 0 0.0246433 0.0485287 0.0113694 0 0.0116573 0.0144561 0.0273429 0.0493248 0.0227418 0 0 0.0818108 0 0.000600372 0.0138463 0.297195 0.0139752 0.265929 0.0179563 0.248693 0 0.337327 0.0139166 0 0.0023528 0.258187 0.00512663 0.259093 0.0330077 0 0.0197286 0.00109884 0 0.322945 0 0.0257187 0.00524113 0 0.0576388 0 0.030868 0 0.115308 0 0.139487 0.379374 0.034659 0.171208 0.000235661 0 0.00302758 0.00442949 0.000508022 0.0893809 0 0.246073 0 0.345531 0.0158453 0.136399 0.0011777 0.0162691 0.0612613 0.0104067 0.0111443 0 0.0209555 0.157731 0 0.00752822 0.00726318 0 0.00585113 0 0 0 0.0120072 0 0 0.0374089 0 0.042468 0 0.280129 0 0 0.0891728 0.0614858 0.0410255 0 0.0497991 0 0.0344573 0.143161 0.0200423 0 0 0 0 0.031238 0 0.0365073 0 0.00803262 0.00403647 0 0 0.0800329 0.133492 0 9.63479e-05 0.00249466 0.128114 0.325341 0.191329 0.0275559 0.0211235 0.0877929 0.0746833 0.0202164 0 0 0.104822 0 0.185078 0 0.0810581 0.149504 0 0.673307 0 0.61839 0 0 0.00216723 0.00671304 0 0.18686 0.134239 0 0.102553 0 0.333558 0 0.242597 0 0 0.0125367 0.178532 0 0.0166242 0.190256 0.0570521 0.0118495 0 0.541398 0 0 0.159268 0.0643433 0 0 0.0451446 0 0.023219 0 0.00891628 0.144105 0.07213 0 0.00127039 0.0503485 0 0.261434 0.0103511 0.0194452 0 0.203521 0 0.161444 0 0.0455901 0 0.591351 0 0 0 0.0941375 0.0222071 0 0 0.0629206 0 0.0608868 0 0.019488 0 0.157499 0 0.0230463 0.00114755 0.0488187 0 0.0644946 0 0.0666322 0 0.25359 0 0.343843 0 0.45331 0 5.5477e-05 0.165242 0.0521029 0.0544175 0.0243905 0 0.00190209 0.136617 0.00278529 0.0396178 0.018377 0.0157418 0 0.0622878 0 0.0539793 0.112131
89 9.36881 -0.0397792 -0.0577543 -0.0248957 0.203154 -0.0942572 10.8859 0.290328 -0.0974198 0.0899709 -0.0851425 -0.12986 0.284286 -0.0548851 0.00919043 0.0188397 -0.334015 0.0662467 0.0771565 -0.0454631 0.0193414 0.0441264 0.00154217 0.32013 0.204717 -0.00499773 0.00638043 0.0371189 -0.0194742 0.00934603 0.0411002 -0.102838 0.0763113 0.00491897 0.183754 -0.0602645 -0.0719686 0.152805 0.0502777 0.0534414 0.15686 0.183659 1.40961 0.484756 0.661276 0.0607539 0.0133577 0.150708 -0.0342033 -0.0535237 0.482007 -0.124327 -1.40012 0.205366 0.698098 0.0221306 -0.0474002 0.0227397 0.0757451 -0.624613 0.0922019 -0.317894 1.23606 1.22151 0.364134 0.411445 0.619496 -1.07847 -0.363007 -0.367328 -0.622287 -0.847915 0.0389182 0.93354 -0.0567313 0.0528991 -1.01956 -4.89014 1.28709 0.0212905 0.110508 -0.407472 0.302613 0.203057 0.277696 0.0153452 0.252597 -1.11146e-09 0.627527 0.24116 0.137351 -1.13206 0.0258909 8.91672e-09 6.05311e-10 8.17174e-10 -0.381108 0.464416 0.466423 -0.574665 0.497453 -0.62377 0.162386 1.38491e-09 0.243653 -5.10126e-10 -0.13543 -0.724157 0.127018 0.116056 -0.140804 -0.0411782 0.337549 0.210143 0.904661 10.8698 0.0212607 -0.255123 1.15068 0.058615 0 0.0307121 0 0.0259165 0 0.0591329 0.0195818 0.0943378 0.0260277 0 0.0636209 0 0.0864315 0 0.116761 0.0701461 0.0961685 0 0.160302 0 0.117801 0 0.219389 0 0.173138 0 0.144874 0.0108981 0.197824 0.0583115 0 0.0525669 0 0.102012 0 0 0.00271562 0.0366819 0.296808 0.0268793 0 0.217103 0 0.0343435 0.05876 0 0.00594916 0.0448159 0.00478345 0 0.0457196 0.0125842 0 0.0149905 0 0.0116011 0 0.00494124 0 0.00382309 0.0187132 0 0 0.00108539 0.0024575 0.0362853 0 0.0303515 0 0.0333996 0.00729478 0.0508999 0.0233629 0.0341629 0.0313568 0.0264514 0 0.0118972 0.0239408 0.0316183 0.0447077 0.00766873 0.032477 0.0142977 0.041783 0.000200788 0.00119618 0.00177539 0.271365 0.00278652 0.230963 0.00468028 0.224867 0 0.323438 0.00386727 0 0 0.226801 0 0.258892 0.0235174 0.0129815 0.0122531 0.199696 0 0.577242 0.0174415 0 0.0346183 0 0.0832018 0 0.018675 0 0.0689292 0 0.137806 0.601145 0.0518144 0.362602 0.0244656 0 0.0302809 0 0.0215713 0.111637 0 0.300017 0 0.409744 0.00366585 0.133629 0 0.00509902 0.0681223 0.0269636 0.00798613 0 0.0334043 0.22284 0.00097619 0.039925 0.0413895 0 0.0137584 0 0 0 0.0110512 0 0 0.0148636 0 0.0203408 0.00124419 0.38537 0 0 0.0723228 0.105444 0.0253153 0 0.0422487 0 0.10328 0.143245 0.0210155 0 0 0 0.0241502 0.0301479 0.0353644 0.0399962 0 0 0.0147072 0 0 0.0918596 0.141308 0 0.000317571 0.00198643 0.187926 0.325568 0.19963 0 0.0289656 0.0771536 0.0795636 0.0173997 0 0 0.157719 0 0.257554 0 0.0931162 0.14134 0 0.593096 0 0.500248 0 0 0 0.0116071 0 0.200015 0.20783 0 0.187022 0 0.215856 0.253429 0.187549 0 0 0 0.139801 0.182729 0.125568 0.291459 0.0680797 0 0 0.5403 0 0 0.234965 0.0666564 0 0 0.0565418 0 0.0670866 0 0.0501584 0.199974 0.100916 0 0 0.0362783 0.040378 0.44763 0.0033155 0.0241556 0 0.211979 0 0.192972 0.00077701 0.0828056 0 0.277612 0 0 0 0.102556 0.0116056 0 0 0.071411 0.0010102 0.00316809 0.00116159 0 0.00484191 0 0 0 0.00212036 0.00497369 0 0 0.00104713 0 0 0.268809 0 0.355188 0 0.462732 0 0 0.231696 0.01259 0.0607203 0.0158376 0.00740912 0 0.186688 0 0.0404807 0.0145201 0.0193005 0 0.0383997 0 0.0776196 0.164306
90 9.40214 -0.0457145 -0.0669416 -0.0449554 0.203412 -0.102258 10.9279 0.297591 -0.0946064 0.100456 0.00717411 -0.174305 0.288978 -0.0673377 -0.0343224 -0.0404751 -0.330035 0.0970211 0.0735341 0.0019968 0.0387178 -0.113422 0.0477186 0.321082 0.2116 -0.0128986 0.0141748 0.0415185 -0.00993349 0.0139081 0.047699 -0.102359 0.0636863 0.0160993 0.196478 -0.0615944 -0.069601 0.152805 0.0502777 0.0534414 0.0968926 0.188102 1.43239 0.405491 0.682483 0.0592374 0.00259719 0.150748 -0.0326988 -0.0534098 0.441937 -0.127672 -1.40329 0.198319 0.677664 0.0231865 -0.0650622 -0.352703 -0.223367 -0.579503 0.105923 -0.276688 1.30598 0.212695 -0.0186289 0.258198 3.15452 -0.528197 0.198403 -0.602052 -2.16534 -2.95214 0.61638 0.833603 0.0365554 1.58823 0.962989 -3.86329 0.6091 0.205805 0.334905 -0.314332 0.166293 0.0907666 0.416097 0.131294 0.19774 -1.08788e-09 -0.447525 0.296335 0.400309 0.00233744 0.0377341 1.06721e-08 8.51115e-10 1.00877e-09 -0.368263 0.409322 0.0997929 -0.870573 1.04993 -1.59484 0.133878 1.75618e-09 -0.28344 -4.63207e-10 -0.0249655 -0.481809 0.234501 -0.0329972 -0.565078 -0.0512204 -0.361817 0.210755 0.896541 10.909 0.0160411 -0.22813 1.19109 0.0767124 0 0.0587788 0 0.055968 0 0.0651105 0.00612882 0.0383696 0.0454158 0 0.0947995 0 0.131204 0 0.163535 0.0475604 0.121484 0 0.0898274 0.000155936 0.0518134 0 0.115293 0 0.0912674 0 0 0.00609127 0.00821364 0.0320426 0 0.028736 0.00218094 0.0658173 0 0 0.00571123 0.0487347 0.400544 0 0 0.155522 0 0.0317575 0.0265013 0 0.000544895 0.0193385 0.00877635 2.8475e-05 0.0415405 0 0 0.00025278 0.00403204 0 0 0.00139799 0 0.00340149 0.00423065 0.00536169 0 0.00762907 0 0.0417395 0 0.0401917 0 0.0357433 0.0235918 0.0536001 0.0575821 0.0334676 0.00857174 0.0300008 0 0.0083633 0.0298546 0.0275888 0.0362978 0 0.080187 0.0397137 0.00364796 0.000325025 0.00144527 0.0102885 0.261831 0.0100862 0.226959 0.0102827 0.214811 0 0.318554 0.00256197 0.0238347 6.53248e-05 0.210226 0 0.266642 0.014728 0.0279971 0.00223854 0.284189 0 0.634723 0.0175666 0 0.0434353 0 0.0761027 0 0.00677239 0 0.0329382 0 0.109239 0.695086 0.0358218 0.424173 0.0288017 0 0.0309191 0 0.01395 0.0262617 0 0.229778 0 0.390505 0.0103356 0.0618717 0 0 0.0368548 0.0305459 0 0 0.0421931 0.270944 0.00238632 0.125237 0.0568567 0 0.0170733 0 0 0 0.0425037 0.0161006 0 0 0 0.00448578 0.0472264 0.495744 0 0.0023864 0.0477178 0.17283 0 0 0.0185457 0 0.150406 0.14401 0.0162904 0 0 0 0.0371844 0.0466217 0.045353 0.0583852 0 0 0.00965747 0 0 0.0887633 0.0935528 0 0 0.00167551 0.179374 0.290655 0.165665 0.0113249 0.0677206 0.0824141 0.0533265 0.0284747 0.000605646 0 0.172509 0 0.264011 0 0.11037 0.0827883 0 0.589297 0 0.485146 0 0 0 0.00402076 0 0.163884 0.241206 0 0.215894 0 0.138358 0.109313 0.146928 0 0.0107256 0 0.0959293 0.0589113 0.19575 0.355164 0.0436702 0 0 0.542477 0 0 0.296195 0.0907891 0 0 0.0421023 0 0.0883998 0 0.0844787 0.250524 0.0806645 0 0 0 0.0774931 0.56109 0 0.0636302 0 0.155807 0 0.168255 0.0142347 0.101445 0.0200155 0.153773 0 0 0.0183006 0.112804 0.00238114 0 0.00958006 0.0896394 0 0.00099804 0 0 0.00723658 0 0 0 0 0.0126448 0.000863973 0.00262618 0.00356149 0.00119391 0 0.241357 0 0.26233 0 0.345181 0 0 0.22831 0 0.0954374 0 0.0406072 0 0.182072 0 0.0271494 0 0.0102061 0 0 0 0.115745 0.219306
91 9.43547 -0.0507986 -0.0843876 -0.0704257 0.203436 -0.108028 10.9719 0.258738 -0.121936 0.104324 0.179815 -0.152931 0.336799 -0.103393 -0.17737 -0.220127 -0.305175 0.112268 0.0788636 0.0333585 0.173074 -0.193558 0.101479 0.302392 0.188491 -0.0280064 0.0192662 0.0483588 0.00353789 0.018974 0.055452 -0.101781 0.0288075 0.0234256 0.208698 -0.0249308 -0.0549144 0.152811 0.0500546 0.0534243 0.084504 0.209955 1.42623 0.345489 0.692421 0.0361252 0.00199501 0.150905 -0.0267151 -0.0529568 0.405488 -0.170691 -1.40483 0.127132 0.646534 0.0356582 -0.0814044 -0.24149 -0.210413 -0.687905 0.132563 -0.218703 1.3477 -1.15523 -0.813847 0.117746 5.12853 1.25663 1.21674 0.998222 -4.8857 -4.90232 0.997847 0.153475 0.0739562 0.673768 4.09979 -1.30306 0.414603 -0.420995 -0.642595 -0.469177 -0.0199362 0.0951106 0.455358 0.195271 0.214132 -2.48749e-09 -1.00757 0.111511 0.316649 1.06618 0.336889 9.20873e-09 6.29146e-10 7.48152e-10 -0.153274 -0.27974 -0.247838 -0.156121 1.1718 -0.963082 0.451501 3.26345e-09 -0.897838 -4.35863e-10 0.0380087 -0.273922 0.221814 -0.175084 0.0704021 1.47366 -0.688037 0.211129 0.890095 10.9499 0.00517585 -0.169845 1.25619 0.0306749 0 0.00895092 0 0 0 0.0987997 0.0315537 0.149576 0.0719883 0 0 0 0.014786 0 0.0308089 0.0513042 0.112378 0.0373075 0.0115156 0.028404 0 0.0546407 0.0220517 0.0741805 0 0 0 0.00669697 0 0 0 0 0 0.00167513 0 0 0.0112877 0.105335 0.329107 0 0 0 0 0.0310801 0 0.0158191 0.00505118 0.000588912 0 0 0.0180203 0 0 0 0.00348727 0 0 0 0 0 0.000366498 0 0 0 0 0.285419 0 0.265838 0 0.2735 0 0.354284 0.0130579 0.0105809 0.00861645 0.2941 0.0128841 0.00614694 0.0247444 0.017754 0.034602 0.0154963 0.0587289 0.0157767 0.00238014 0 0.00142433 0 0.109825 0 0.0772349 0 0.10679 0 0.261504 0.0190725 0.0127215 0 0.0890369 0 0.0928136 0.0258765 0.0352762 0 0.1496 0.00522465 0.657174 0 0 0.0025085 0 0.00140544 0 0.00741455 0 0.00516942 0 0.0380086 0.725733 0.0108381 0.434439 0.0239505 0.0121194 0.00772201 0 0 0.00129959 0.0901693 0.106105 0.0609502 0.353623 0.0561689 0 0.00352291 0 0.00229513 2.97351e-05 0 0 0.101281 0.331229 0 0.0429926 0.0752783 0 0 0 0.0120461 0 0 0 0.0229489 0 0.0391818 0 0.180467 0.578922 8.53072e-05 0.00114642 0 0.235058 0 0 0 0 0.166042 0.16751 0.000467122 0.00782854 0.0294845 0 0.0663741 0.0435255 0.0664012 0.0448029 0.0170042 0 0.0127204 0 0 0.0169824 0.0480301 0 0.000556497 0 0.271933 0.195829 0.096424 0.0372219 0.0292805 0.111319 0.076499 0.0247375 0 0 0.0146175 0 0.105351 0 0.236612 0.244252 0.105129 0.554319 0.119833 0.482337 0.00788066 0 0 0.0112291 0.121796 0.0646811 0.215637 0 0.205762 0 0 0 0 0 0.0324664 0 0 0.0738919 0.256124 0.315717 0 0 0 0.522788 0 0.0396592 0.235901 0.0374544 0 0 0.0392343 0 0.0757466 0 0.0863248 0.279591 0.0328044 0 0.00473405 0 0.150364 0.45539 0 0.0960928 0.0493978 0.119212 0.0274016 0.137393 0 0.151848 0.714835 0.0840741 0 0.106215 0.0177577 0.111207 0 0.0048232 0.0236656 0.108045 0 0 0 0 0 0.16157 0 0.00847455 0 0.0561374 0 0.0820791 0 0.0586891 0.0756143 0.183886 0.0917446 0.142989 0.114335 0.176219 0 0 0.365444 0.146731 0.180619 0 0 0 0.157346 0.0228172 0.0682916 0.0527289 0 0 0 0 0.126477 0.202356
92 9.46881 -0.0678765 -0.101475 -0.10615 0.203073 -0.11235 11.0168 0.169799 -0.157563 0.106185 0.439301 0.0200274 0.385997 -0.107275 -0.460065 -0.468198 -0.266558 0.119334 0.0933603 0.0814654 0.262909 -0.208259 0.160466 0.265007 0.18016 -0.0249171 0.0183455 0.0608139 0.0126945 0.0234203 0.0637212 -0.101444 0.0120478 0.0363623 0.221458 -0.006486 -0.0422358 0.152743 0.0526601 0.0536244 0.0711498 0.2381 1.41096 0.251919 0.678022 0.0166796 0.0210451 0.150239 -0.051843 -0.0548571 0.404298 -0.179346 -1.39778 0.125634 0.650532 0.0574688 -0.0851162 -0.86672 0.0535622 -0.89713 0.155224 -0.225852 1.39822 -2.44034 -1.05641 0.152382 7.20366 8.08484 2.30326 1.84373 -11.3968 -11.7517 1.50995 -0.159676 0.159873 1.5202 2.64682 1.54783 1.30356 -19.6194 -1.31487 0.159629 -0.374909 0.175941 0.479737 0.189976 0.211186 -2.55802e-09 -0.682566 0.405928 0.38889 0.668899 0.171201 7.14754e-09 7.26796e-10 4.98456e-10 -0.565006 -0.178759 -0.293628 -0.784811 1.60874 -1.84743 1.27372 2.0358e-09 -8.62231e-10 -2.81676e-10 0.85474 -0.694087 0.732612 -0.445392 0.273338 -0.0270671 -0.607484 0.210855 0.885266 10.9939 -0.0183448 -0.143546 1.36323 0.0486282 0 0.0369905 0 0.0173115 0 0.0826775 0 0.0559069 0.0537418 0.151691 0 0.163549 0 0.163066 0 0.0679881 0.105389 0.0859876 0 0.0901692 0 0.126328 0 0.16332 0 0.0447504 0 0.0573248 0 0.00438113 0 0 0 0 0 0 0.00899863 0.107954 0.293061 0 0 0 0 0.0435769 0 0.0214379 0 0.0160493 0 0 0.00303074 0 0 0 0.00483578 0 0 0 0 0.0237052 0.00986686 0.00529608 0 0.0101357 0 0.178233 0.00737197 0.14123 0 0.154935 0.00702959 0.22259 0.108775 0.0413897 0.0144591 0.190949 0.0897675 0.0113207 0.023163 0.0354445 0.0326122 0.0124246 0.0608773 0.0330629 0 0 0.000569796 0 0.0281001 0 0.00674517 0 0.0292764 0 0.181444 0 0.0245444 0 0.00740722 0 0.012843 0.0199131 0.0377841 0 0.0525665 0.00230209 0.542102 0 0.00883708 0 0 0 0 0.00624254 0 0.00304035 0 0.0169608 0.568244 0 0.278033 0 0.0195798 0 0 0 0 0.0664749 0.0154298 0.0431937 0.101504 0.115945 0 0.0112256 0 0.0042882 0 0 0 0.106239 0.27267 0 0.125459 0.0347878 0 0 0 0.0122864 0 0 0 0.0364114 0 0.0509737 0 0.221442 0.599815 0 0.00145428 0 0.153483 0 0 0 0 0.206255 0.147509 0.0062638 0.0277286 0.0335251 0 0 0.0809705 0 0.082471 0.0108943 0 0.0149558 0 0 0 0.0530598 0 0.0013283 0 0.160241 0.0553908 0.0311382 0.077872 0.0701859 0.0769926 0.0828725 0.00396914 0 0 0 0.0270934 0 0.105792 0.143203 0.062602 0.121296 0.234892 0.141847 0.211529 0 0 0 0.0149307 0.150382 0 0.238366 0 0.167576 0 0 0 0 0.00681493 0 0 0 0 0.246299 0.213407 0 0 0 0.225268 0 0 0.211947 0.0367759 0 0 0.0139561 0 0.0763752 0 0.124255 0.268512 0.000596406 0 0.00769164 0 0.144221 0.335108 0 0.0467036 0.0567605 0.0360527 0.029837 0.0290135 0.0179523 0.198012 0.706659 0.209556 0 0 0.00641825 0.0671088 0 0.0213975 0.0124167 0.0748995 0 0.0305505 0 0.0293278 0 0.388643 0 0.065034 0 0.137558 0 0.20476 0 0.14167 0.11198 0.0104154 0.134608 0 0.149263 0 0.0103772 0 0.264427 0.0122082 0.261704 0 0.0159626 0 0.0251115 0.0681322 0.0449956 0.00230489 0 0 0 0 0.104317 0.150161
93 9.50214 -0.095721 -0.102835 -0.118548 0.202406 -0.114866 11.0616 0.0592132 -0.181307 0.0891678 0.706758 0.346158 0.386675 -0.0890341 -0.590928 -0.595713 -0.206478 0.112705 0.0977354 0.131466 0.170292 -0.0391114 0.0392203 0.0477439 0.0587905 -0.00802951 0.0160188 0.0391108 0.0185051 0.0249579 0.0766181 -0.103161 0.0927943 0.0497758 0.242755 -0.0892337 -0.0357562 0.152692 0.0546044 0.0537736 0.117988 0.305244 1.37788 0.146168 0.657132 -0.0104121 0.0390827 0.140818 -0.051578 -0.0550945 0.398342 -0.173709 -1.37614 0.163288 0.689934 0.0406141 -0.0723125 -1.12124 0.904727 0.342752 0.160039 0.0413737 1.26053 -2.4324 0.138334 -0.383563 5.43466 7.81823 -1.62429 4.56513 0.0207204 2.27208 1.67906 0.473941 -0.310158 1.94224 -2.59635 -1.26721 0.405453 0.00373132 0.0108387 0.777796 0.370081 -0.289043 0.347404 -0.20978 -0.707748 -2.27952e-09 5.6217 2.04071e-09 0.684334 -5.48966 1.70156 7.75717e-09 6.11976e-10 5.54209e-10 1.20299 -0.790353 -0.252022 -0.559098 0.613539 -2.38305 0.577802 -1.11659 -6.56679e-10 -5.73029e-10 0.200883 -0.261193 1.12917 0.0136989 -0.237511 -0.150813 0.471538 0.210988 0.883099 11.0388 0.026978 0.168018 1.28163 0 0.125985 0 0.107328 0 0.0965831 0 0.0726677 0 0.12614 0.0904166 0.193932 0.0746808 0.168037 0.0894338 0.134187 0.0444925 0.0609448 0 0.0367072 0 0.0809391 0 0.0588972 0 0.103701 0 0.0857645 0 0.116294 0 0.0282703 0.0371569 0 0.104818 0 0 0.00977054 0.0412282 0.330917 0 0 0 0.0115191 0.000836757 0 0.00190382 0 0.0438708 0 0 0 0 0 0 0.0259518 0 0 0 0 0 0 0.0242993 0 0.0109971 0 0 0.0724261 0 0.0725422 0 0.150435 0 0.199765 0.0170614 0 0 0.155176 0.00395244 0.00891978 0.016256 0.0104292 0 0.0428638 0.0194261 0.00486488 0.000379756 0 0.164669 0 0.119391 0.00514418 0.127166 0.0113739 0.134051 0.0371451 0.00438807 0.0771329 0.102681 0 0.0985732 0 0.0244216 0.0452049 0.133395 0 0.334049 0 0.190624 0.0168455 0.0794363 0 0.137955 0 0 0.0484142 0.0295077 0.0251119 0.357951 0.0114113 0.346588 0 0.25314 0 0.139954 0.0359781 0.0545345 0.00706269 0.0572452 0.0326836 0.081272 0.000118498 0 0.0537433 0 0.0193202 0.00630084 0 0.00335644 0 0.0071031 0.161662 0 0.485352 0 0.0208647 0 0 0 0.0539634 0.0237574 0.134604 0 0.0178642 0 0.022777 0 0.688467 0 0.00463457 0.0613055 0 0 0 0.00536254 0 0.118533 0.218346 0 0.0502903 0 0.0911822 0 0.0519275 0 0.0543308 0 0.00744572 0 0.0269973 0.0141804 0 0.00341968 0.0211869 0 0 0 0.393274 0.0198271 0.384607 0.1138 0.0743079 0 0.233361 0 0.0146265 0 0.197834 0 0.210669 0 0 0.0932773 0.0569359 0.0477897 0.0643962 0 0 0.0384609 0 0.00944773 0.0081364 0.0951312 0.0560468 0 0.0405375 0.0129844 0.0203187 0.0170475 0 0 0.0300804 0.0449545 0 0.0463132 0.262982 0.0187242 0 0.229547 0 0.0736664 0.0121311 0.0882266 0.155404 0 0 0 0 0 0.082543 0.0811841 0.266957 0.00336357 0 0 0.0206039 0.00493049 0.398851 0.0600118 0 0.0145421 0.030922 0.0353632 0.0249768 0.0454391 0.176792 0.0231286 0.290406 0 0 0 0.0796896 0 0.0148512 0 0.105374 0.0805185 0 0.0903198 0 0.317294 0.245087 0.117065 0.0768633 0.0990066 0.0525285 0.144362 0.10908 0.148994 0.0252211 0.00904529 0 0 0.0468834 0 0.0693147 0 0.00963565 0.0106056 0.292959 0.233164 0 0.0206138 0.0610159 0 0.138702 0 0.0218028 0.00500626 0 0 0 0.0602597 0.237046
94 9.53547 -0.119502 -0.0562095 -0.107728 0.203361 -0.106776 11.1013 -0.0111144 -0.178827 0.076552 0.800467 0.649996 0.256479 0.0328594 -0.602397 -0.580032 -0.106867 0.116515 0.0773536 0.0792024 0.153556 -0.0831773 0.0445449 0.039599 0.0482707 0.0470065 0.0198925 0.0112308 -0.0253763 0.0203271 0.0726643 -0.101624 0.0398868 0.0546006 0.269854 -0.0488553 -0.0232867 0.152694 0.05453 0.0537679 0.200036 0.298186 1.35639 0.129311 0.69772 0.00805134 0.0680064 0.150443 -0.0501958 -0.0547339 0.299438 -0.198058 -1.35857 0.123591 0.695574 0.0503529 -0.0527503 -0.419958 1.96722 0.191634 0.0666389 0.158085 1.14 -1.98125 0.0714052 0.356546 2.15359 -5.59081 -2.53692 0.132184 -4.8836e-10 9.87229 2.9954 -0.218399 -0.199536 -2.7277 0.66538 -1.73725 0.235383 -0.654825 -0.862738 1.73322 -0.438697 -0.354191 -1.73696 0.087451 -0.274509 -1.87645e-09 1.39437 6.64032e-10 0.734187 -1.37542 1.12933 6.29148e-09 -0.00395712 2.91293e-10 -0.664574 -1.95523 0.255393 0.000256684 0.968587 0.591631 0.799453 1.61522e-09 -3.79e-10 -1.24091e-10 -1.9377 -1.79136 0.828446 -0.654552 0.901597 0.665667 0.24986 0.211686 0.890646 11.0788 0.0231601 0.270975 1.14103 0 0.042928 0 0.033144 0 0.0393794 0 0.0545723 0 0.0926193 0.0433207 0.124153 0.0503188 0.10145 0.0921392 0.0638846 0.0458216 0.0179635 0 0.0106977 0 0.0639529 0 0.0414446 0 0.110992 0 0.132156 0 0.143933 0 0 0 0 0.0843531 0.000257373 0.0075857 0.0329311 0.0906694 0.239435 0 0 0 0 0.0168379 0.0494176 0 0.0552302 0 0 0 0 0 0 0 0.00490832 0 0 0 0 0.0155696 0 0.0107999 0.0363459 0.011155 0.00497727 0 0.619421 0 0.593253 0 0.601495 0 0.674279 0.00769738 0 0 0.610516 0.00986711 0.00250075 0.0177268 0 0.0386163 0.0223662 0.0428967 0.104412 0.00242938 0.000343713 0.152985 0.0787617 0.130881 0.070232 0.125142 0.10178 0.178772 0.106591 0.00805258 0.0692581 0.110374 0.087751 0.19582 0.097911 0.0197355 0.032361 0.343326 0.0889052 0.263606 0 0.139231 0 0 0 0.0224653 0.00235453 0 0.000893926 0 0.000333201 0.485286 0.0997395 0.528079 0 0.462069 0 0.0678255 0.0357929 0 0.0213918 0.146142 0 0.260901 0.0243795 0 0 0 0.0426297 0 0 0 0 0.108039 0.140898 0.0204423 0.202395 0 0 0 0 0 0 0 0.0736289 0 0 0 0.0592902 0.292366 0.464196 0 0.00551546 0.00618807 0.0317292 0 0 0 0 0.14893 0.119172 0 0.0405338 0 0.115415 0 0.0655791 0 0.0504091 0.0226313 0.0343283 0 0.00380905 0.00395237 0 0.0135753 0.00256771 0 0 0 0.177615 0 0.21695 0.114988 0.0488979 0 0.183168 0 0.029417 0 0.166732 0 0.201737 0 0 0.0500314 0.328459 0.0278484 0.216767 0.0228952 0.0237454 0 0.0406762 0.0183006 0.0178486 0.130132 0.056509 0 0 0.00227665 0.0427264 0.0142443 0 0 0 0.0800698 0 0 0.169702 0 0 0.529688 0.0922991 0.039773 0.00475598 0.219572 0.13309 0 0 0 0 0.00744219 0 0.119305 0.177353 0 0 0.00221451 0.0620568 0 0.202267 0.0954359 0.0222381 0 0.0158037 0.0593724 0.0435518 0.0536271 0.0746003 0.0159448 0.868483 0 0.770512 0.0286405 0.141673 0 0 0.0419036 0.181068 0 0.0137071 0 0.047025 0.0638806 0.323319 0 0.0554651 0 0 0.0178213 0.0380709 0 0 0.0446561 0 0 0.111528 0 0.161847 0.00322488 0.0227377 0.131805 0.242182 0.31096 0 0.00523869 0.0639952 0.0113737 0.0945449 0.000263328 0.0251311 0 0 0 0 0.0844455 0.196678
95 9.56881 -0.0540238 -0.0304994 -0.0925256 0.206505 -0.102076 11.1355 -0.177577 -0.157433 0.0658935 0.855992 0.593356 0.205658 0.0328146 -0.592102 -0.602349 -0.0766793 0.117493 0.0511337 -0.0123459 0.141039 -0.118291 0.0415943 0.0378444 0.0622 0.0047273 0.0578506 0.0174392 -0.0518451 -0.00660268 0.0334123 -0.106003 -0.0740806 0.0564399 0.257531 0.0618385 -0.0166627 0.153703 0.00477127 0.0304551 0.245174 0.330757 1.38334 0.0781807 0.698178 -0.0675753 0.06187 0.150353 -0.050003 -0.0506583 0.208806 -0.195387 -1.34755 0.105235 0.669641 -0.0749245 -0.0799107 2.01396 0.561791 0.343244 0.131788 -0.0345821 1.00146 -5.01598 1.02841 0.14875 1.84385 -0.775813 3.44092 0.279361 -0.0182824 -2.02313e-07 0.878095 0.299144 -0.544605 -2.21626 -2.03572 -1.10647 0.112973 1.25255 1.7112 -1.1048 0.727265 0.143058 -0.894903 -0.325711 -0.993687 -3.38339e-09 -0.82788 -0.155336 -0.670001 0.744012 0.39238 2.10519e-09 -1.1754 -0.989446 1.122 -0.526091 1.40873 -0.00443092 2.52523 -1.33369 0.212231 6.45735e-09 -0.00614264 0.292792 -0.434861 -1.05321 0.334603 0.377784 -2.24374 -1.79453 -0.241372 0.212513 0.89549 11.1164 0.0337139 0.0325266 1.11299 0.0613959 0 0 0 0 0 0.0937185 0.019801 0.276387 0 0 0.0279807 0 0 0 0.00637747 0.018042 0.0870305 0 0.1623 0 0.216408 0 0.247303 0 0.41838 0 0 0 0 0.0922206 0 0.038593 0 0.34732 0 0.0188024 0.00288308 0.0602454 0.0784921 0 0.126513 0.37272 0 0.0345795 0.0649322 0.0591085 0.139953 0 0.0786088 0 0 0 0.0377222 0.0255177 0.0681204 0 0 0 0 0.00199882 0 0.0380651 0.0397066 0.013556 0.00013857 0.0253143 0.0649675 0.0242768 0.0299794 0.00730461 0.0784787 0.0164231 0.0733892 0 0.00450438 0.0857355 0.0518047 0 0.0100741 0.0114611 0.0171142 0.00847084 0.049548 0.105858 0.0391184 8.17837e-05 0 0.0799376 0.0800764 0.0167114 0.0673796 0.0454718 0.0996345 0.0350641 0.113597 0.0410032 0.0722167 0 0.111449 0.040108 0.124499 0.0247328 0.0719568 0 0.00847595 0.10786 0.139365 0.039617 0 0 0 0 0 0.0479012 0 0.0113107 0 0.332509 0 0.0903601 0 0.16039 0.143832 0.0111191 0.0510006 0.0885369 0.00603838 0.0724371 0.433652 0.0147365 0.371006 0 0 0 0.125999 0 0 0 0 0.300012 0.308494 0.0115804 0.0233042 0 0 0 0 0 0 0.00342319 0 0 0.197285 0 0.255975 0.608476 0.335724 0 0.00122824 0.12008 0 0 0.0573594 0 0 0.336675 0.141749 0 0.140997 0 0 0.0376013 0.131722 0.0147394 0.131378 0.0520746 0.142099 0 0.0919363 0.0327948 0 0 0.180737 0 0.00696131 0 0.594509 0.263252 0.40756 0 0.333266 0.129697 0 0 0.0143364 0.0817164 0 0.224878 0 0 0.274498 0 0.874343 0.0419696 0.876125 0.000880662 0 0 0 0 0.564433 0.0657886 0.206404 0 0.0353922 0.211228 0 0.552032 0 0 0 0.0735222 0 0.0510018 0 0 0 0.0053621 0.0989186 0 0.103533 0.0585826 0.263048 0 0 0 0 0 0.0676237 0.324393 0.140512 0 0 0.0375707 0.0498816 0 0 0.0479205 0.144052 0 0.595241 0 0.509769 0.0598451 0.0744137 0.117247 0.27799 0 0.763007 0.0574638 0 0 0.130019 0.0902174 0 0 0.0761601 0 0.113497 0 0.301344 0 0.265936 0 0 0 0.0539252 0 0 0.00257778 0.46388 0.00525462 0.581669 0.0185112 0.694989 0 0.0512927 0.262323 0.480315 0.0921521 0 0 0.0173592 0.273141 0 0.053504 0.116364 0 0 0 0.00509614 0.201843 0.133645
96 9.60214 -0.00192152 -0.0421523 -0.0858579 0.209206 -0.10029 11.1652 -0.345228 -0.0963233 0.0710409 0.878764 0.369549 0.0639271 0.0602861 -0.496617 -0.537702 -0.0417754 0.128605 0.0370103 -0.105711 0.148125 -0.124776 0.0499109 0.0768525 0.0778665 0.0155926 0.101869 0.0273612 -0.104911 -0.0308062 0.00301957 -0.106738 -0.0472038 0.0550011 0.231589 0.0467391 0.00670032 0.153988 -0.0215417 0.0298483 0.21254 0.281158 1.40513 0.0564605 0.708371 -0.0338807 0.0581843 0.150504 -0.0436989 -0.0500104 0.232888 -0.209399 -1.32324 0.210181 0.658756 -0.119613 -0.107223 1.25007 -0.0965246 -0.00885572 0.0998057 0.0490315 0.773693 -4.95689 1.68019 0.835792 -0.248302 -5.28885 -5.41494 4.59345 1.3241 3.02788 -0.28062 0.578831 -0.16294 -2.44759e-09 -0.974122 -0.374969 0.13964 -0.0145124 -0.00356338 1.028 0.952152 0.530646 -1.6568 -0.477394 -0.874993 -3.24683e-09 3.31916 1.30538e-09 -0.799415 -2.87634 1.37566 2.56928e-09 -0.851033 0.677714 -2.12322 -0.328206 -0.152091 -0.267175 5.42878e-10 0.514969 -0.10076 4.35952e-09 0.0171237 -1.23592e-10 -0.305276 -1.24843 0.515505 0.240617 -3.14741 -2.0542 -0.395167 0.21351 0.89765 11.1539 0.0293301 0.0523755 1.14359 0.0380018 0 0.00915988 0 0.0217731 0 0.0160979 0 0.0342783 0 0.249817 0.330118 0.175877 0.240915 0.19922 0.212323 0.0055615 0.0579036 0 0.228719 0 0.34795 0 0.343955 0 0.596577 0 0.0627855 0 0.0266332 0.0303766 0 0.0336606 0 0.625336 0 0.0167785 0.00810547 0.0419496 0.0135542 0 0.16694 0.866542 0 0 0.00544485 0.0447133 0.155862 0 0.074614 0 0 0 0.0151116 0.0176922 0.0788076 0 0 0 0 0 0.00892757 0.0490797 0.0655051 0.0184913 0.014437 0 0.0893181 0 0.0424105 0 0.102625 0 0.078617 0.0159639 0.0214022 0 0.105305 0 0.00791122 0.0216921 0.0154421 0.000181297 0.0290519 0.158278 0.0825268 0 0 0.129921 0.06478 0.0834376 0.0523755 0.117797 0.0683615 0.14824 0.0619838 0.0577888 0.0607334 0.0662139 0.081878 0.144462 0.0920475 0.0249196 0.0554368 0.0105053 0.0687976 0.367449 0.0188532 0 0 0 0 0.549141 0 0 0 0.0178114 0 0.795088 0 0.588257 0 0.416367 0 0 0.197309 0 0.00467344 0.046383 0.103426 0.288661 0.00159571 0.00160222 0.0732956 0 0.353548 0 0 0 0 0.110641 0.147833 0.125489 0.162211 0 0 0 0 0 0 0.214713 0.104234 0 0.376153 0 0.388637 0.457014 0.311243 0.00267662 0 0.542516 0 0 0 0 0 0.162905 0.0875581 0 0.107035 0 0 0.00244393 0.124002 0 0.139711 0 0.300068 0 0.343405 0.0174265 0 0 0.0938885 0 0.00653319 0 0.564501 0.298926 0.582748 0.0517773 0.485138 0.00710993 0 0 0.0767003 0.0921495 0 0.0705716 0 0 0 0 0.535442 0 0.775926 0.0318346 0.0192484 0.0101507 0 0 0.560731 0.022937 0.260502 0 0.0916068 0.418331 0 0.807325 0 0 0 0.467501 0 0.0462876 0 0 0 0.369421 0 0.0902362 0.0648637 0.136623 0.144445 0 0 0 0 0 0.0602305 0.189832 0.0665497 0 0 0 0.169346 0 0 0.236104 0.0559736 0 0.487734 0.02381 0.284758 0.0307385 0.2027 0 0.422821 0 0.0876984 0.0997243 0 0 0.177235 0.114818 0 0.139375 0 0.0389163 0 0.346313 0 0 0 0.126306 0 0.168246 0 0.208647 0 0.00266662 0.392373 0 0.656325 0 0.722305 0 0.0430211 0.0688027 0.422973 0.17195 0 0.0815382 0.0982644 0.028633 0 0 0.00843192 0 0 0 0 0.0898785 0.123963
97 9.63547 0.0275957 -0.0320962 -0.0823855 0.210995 -0.0994572 11.1942 -0.449295 -0.0666155 0.0718995 0.75637 0.219022 -0.0534333 0.12286 -0.485521 -0.628434 -0.0361787 0.133645 0.0300008 -0.105711 0.11277 -0.138097 0.0473758 0.0715121 0.075145 0.0351022 0.108976 0.0291064 -0.136367 -0.0372623 -0.0116895 -0.108573 0.0220742 0.0512633 0.232517 -0.0101796 0.040168 0.154116 -0.0420516 0.0459438 0.16184 0.215416 1.41269 0.0602819 0.706321 -0.0647399 0.15074 0.150319 -0.0512217 -0.0505788 0.205226 -0.23395 -1.31798 0.236705 0.612765 -0.10548 -0.100468 0.781213 0.0958058 0.332283 0.0863658 0.0235338 0.892227 -3.11191 0.320235 -0.0258104 -2.38044 -4.46641 3.89995 -3.43716 5.56324 -1.79482e-08 0.379144 0.0715389 -0.424104 -6.4746e-10 -1.11485 -0.0685272 0.1388 0.00589114 0.00820695 0.458252 -0.185538 -0.172561 -0.757851 0.278441 -0.346416 -1.95679e-09 1.31861 1.13516e-09 0.127992 -0.817809 0.962417 8.77812e-09 -0.32922 0.210856 0.0818652 -0.531241 0.388969 0.12064 1.84583e-10 -0.366409 1.7392 4.04942e-09 -1.52918e-10 -3.55343e-10 -0.253145 -1.25037 0.184437 0.105878 -1.18924 0.468072 0.496846 0.214528 0.897696 11.1921 0.0408518 -0.00383822 1.1368 0 0.0212977 0 0.0135859 0 0.0305327 0 0 0 0 0.0759278 0.30171 0.0977781 0.222097 0.140948 0.176786 0.0333286 0.00509976 0 0 0 0.065901 0 0 0 0.112945 0 0.0258123 0 0 0.0381266 0 0.0483784 0 0.351462 0 0.0126881 0.000471553 0.0765351 0 0 0.322989 0.35268 0.040251 0.0072227 0 0.0176153 0.137907 0 0.0904701 0 0 0 0.0464041 0.0253405 0.125571 0 0 0 0 0 0 0.0106604 0.0984117 0 0.0162354 0 0.236906 0 0.18876 0 0.249609 0 0.282479 0 0.000819184 0.0578246 0.220666 0 0 0.00504503 0 0.00871004 0 0.0663894 0.0821177 0 0 0.023225 0.00165436 0 0.00226627 0.0474178 0.0121502 0.0130924 0.0187064 0.0538732 0.0908377 0 0 0.0344336 0 0.0339652 0.0373225 0 0.0590661 0 0.347115 0.0255576 0 3.13334e-05 0 0.0923671 0 0 0 0 0.00833109 0.537212 0 0.421044 0 0.369294 0.0991474 0 0.0435575 0.10185 0.00887541 0.0457468 0 0.133465 0 0 0 0 0.0768162 0 0 0 0 0.155675 0.270622 0.180005 0.140032 0 0 0 0 0 0 0.174929 0.118876 0 0.0619645 0 0.0677328 0.330449 0.411334 0.000317351 0 0.163907 0 0 0.0478582 0 0 0.356275 0.202377 0 0.247825 0 0.304955 0.0208533 0.253996 0.00424932 0.267741 0.014457 0.0597753 0 0.156475 0.0224427 0 0 0.00248913 0 0 0 0.0376187 0.247207 0.382842 0.125025 0.224268 0 0 0 0.0604043 0.0102481 0 0 0 0 0 0 0.306864 0.00575576 0.346131 0.002858 0 0 0 0 0.123913 0.0466776 0.158136 0 0.0410526 0.0827233 0 0.384246 0 0.00846634 0 0.04527 0 0.109316 0 0 0 0.026841 0 0 0 0.208033 0.259797 0 0 0 0.00458 0 0 0.267471 0.185521 0 0 0.0195259 0.0138496 0.00565444 0 0.124436 0.056355 0 0.162055 0 0.134027 0.0817929 0.3165 0 0.438935 0 0.0998939 0.0405024 0 0 0.2562 0.0521832 0 0.00633917 0.0643534 0 0.0801922 0.110654 0.265167 0 0.123255 0 0.0271068 0.0483506 0.0499094 0.0556173 0 0 0.105186 0 0.331033 0 0.326064 0 0.0500811 0.0191136 0.186225 0.157482 0 0 0.133729 0.00554592 0 0.000605663 0.0632943 0 0 0 0 0.176215 0.245659
98 9.66881 0.0958118 -0.047064 -0.0866765 0.212175 -0.0989778 11.2223 -0.572479 -0.0326474 0.0991729 0.593656 0.135624 -0.0696813 0.0406726 -0.430701 -0.519759 -0.0708876 0.120789 0.0321342 -0.105711 0.078327 -0.110894 0.0483899 0.072938 0.0771666 0.00434971 0.137976 0.047838 -0.155857 -0.0559324 -0.0357711 -0.10919 0.0484096 0.0484399 0.215543 -0.0268673 0.048742 0.154226 -0.0504805 0.0501308 0.248104 0.237089 1.41492 0.0926521 0.699855 0.0154726 0.168206 0.150635 -0.0387309 -0.0501002 0.203923 -0.204954 -1.32185 0.386751 0.692234 -0.0967719 -0.0437809 1.76538 -0.47557 -0.116963 0.0785306 0.0834127 0.816541 -3.04314 0.906615 1.12682 -5.92456 -0.590694 -2.6558 -0.770389 -1.97809 3.12426 -0.746648 -0.384187 -0.0156918 -1.93461e-09 -0.953566 0.966928 0.0812936 -0.00478772 -0.00194408 -0.408215 0.733596 0.631564 -0.709352 -0.183955 -0.77099 -2.81922e-09 1.90756 0.0289644 -0.475735 -1.62659 0.322037 2.66173e-09 -0.66769 9.29259e-11 0.73062 -0.217675 0.789029 0.218466 -0.00181631 1.66134 0.183822 5.00096e-09 1.11986 -0.137201 -0.530114 -1.15155 -0.103392 0.978108 -0.894196 -3.16195 1.67503 0.216152 0.897996 11.2295 0.0487469 -0.000835216 1.12197 0 0.0146758 0 0 0.00149444 0.00988638 0.0137467 0.00365253 0.104224 0 0.0564212 0.125533 0.059775 0.116804 0.101275 0.10347 0 0 0 0.0654139 0 0.182703 0 0.111292 0 0.31027 0 0 0 0 0.0713831 0 0.0653757 0 0.362047 0 0.0145772 0.00067287 0 0.0067995 0 0.156419 0.189291 0 0.0155039 0.126391 0.0298487 0.166297 0 0.0555154 0 0 0 0.0329015 0.0325442 0.0709872 0 0 0 0 0 0 0.0401417 0.0720329 0.0131469 0.00340895 0 0.18717 0 0.122249 0 0.163183 0 0.0894603 0 0 0 0.166477 0 0 0.00449367 0 0 0 0.117524 0.0730643 0.000569596 0.000332559 0.102298 0.0856916 0.077988 0.0650638 0.134688 0.0762865 0.116921 0.0617322 0.0283016 0.0906295 0.0676294 0.0623253 0.187566 0.0639543 0.0117947 0.0409188 0 0.259869 0.188981 0.0293488 0.0485589 0 0 0 0.175292 0 0 0 0.00910074 0 0.451596 0 0.382363 0 0.313636 0.0415536 0.0510373 0.0450749 0.110073 0.04379 0.0411151 0 0.109381 0 0 0.12214 0 0.268568 0 0 0 0 0.222855 0.176316 0.052671 0.0499345 0 0 0 0 0 0 0.0816399 0 0.00323359 0.29119 0.0107516 0.285413 0.480514 0.211607 0 0 0.0857606 0 0 0.0140645 0 0 0.259952 0.0950967 0 0.0796973 0 0.0189366 0 0.09984 0 0.112684 0.0599299 0.251945 0 0.338918 0.0405376 0.00176372 0 0.107249 0 0.0110341 0 0.461882 0.212535 0.487437 0 0.377212 0.0140875 0 0.0116185 0.0496892 0.0747401 0 0.0772056 0 0 0.0849632 0 0 0.010856 0.123548 0 0 0 0 0 0.592755 0.045856 0.182362 0 0.0664391 0.098115 0 0.116443 0.0112956 0 0 0.00372924 0.0286225 0 0 0 0 0.269442 0 0 0 0.0423794 0.225457 0 0 0 0.00186829 0 0.0777081 0.250812 0.049169 0 0 0.0363101 0.103025 0 0 0.0983452 0 0.00179076 0.192676 0 0.0939037 0.134354 0.139794 0 0.4795 0 0.0871458 0.0904612 0 0 0.129233 0.0902809 0 0.0671234 0 0.0284978 0 0.34917 0 0.0551463 0 0.0804935 0 0.186349 0 0.172911 0 0 0.366035 0 0.582494 0.0284164 0.553998 0 0.0357948 0.0857912 0.356504 0.0900377 0 0.000379309 0.0776708 0.0794849 0 0 0.0285148 0 0 0 0 0.124706 0.136645
99 9.70214 0.0775035 -0.014823 -0.0751295 0.214148 -0.100912 11.2562 -0.511597 -0.0372365 0.0859701 0.24975 0.17629 -0.15073 0.0786011 -0.480092 -0.481311 -0.00959456 0.116399 0.0188105 -0.105711 0.0354477 -0.136851 0.049002 0.0727059 0.0770908 0.0289402 0.115394 0.0424341 -0.128379 -0.0574847 -0.0374354 -0.108755 0.031335 0.050133 0.190133 -0.0228015 0.0369843 0.153186 -0.0108944 0.0531747 0.384083 0.2294 1.4078 0.227085 0.692011 0.018347 0.085349 0.152863 -0.0378542 -0.0504445 0.110585 -0.196713 -1.36076 0.410861 0.643586 -0.0761526 -0.00466908 -0.478643 1.03965 0.785821 0.129001 -0.0301882 1.05868 1.56155 0.21972 -1.12834 -9.45541 1.69475 -0.332884 0.157592 -4.73776 1.0575 1.85849 0.00258363 -0.82549 -1.20475e-09 -1.35368 -0.977474 0.185596 -0.00909106 -0.00263786 0.338305 -0.449331 -0.3181 1.00231 -0.167009 -0.399495 -1.59905e-09 -0.740636 4.38626e-10 -0.625069 0.255725 -0.42968 5.34624e-09 0.340232 3.40934e-10 0.823252 -0.528371 0.571486 0.116343 -1.2044 1.39321 -0.741181 4.20907e-09 0.157535 -2.5147e-10 -0.825626 -1.89619 -0.641334 -0.460666 -1.80617 1.14139 0.629314 0.217627 0.895459 11.2672 0.0442115 -0.108546 1.13184 0.00815393 0.0424501 0.0106755 0.0349314 0.0115509 0.0251294 0.00229639 0.0180276 0.0422542 0 0.066684 0.0610894 0.0654688 0.0489988 0.06586 0.0476856 0 0.0036814 0 0.0784839 0 0.0223851 0 0.147336 0 0.149989 0 0 0 0 0 0 0 0 0.0178764 0 0.00155649 0.00930111 0.0814954 0.0321939 0 0 0 0 0 0.464981 0 0.245336 0 0 0.0155897 0 0 0 0.0277215 0 0 0 0 0 0 0 0.0189356 0.0675299 0.00753107 0.0279903 0.0471295 0.228389 0.0488399 0.170313 0.0600356 0.19102 0.165171 0.309263 0 0.0270175 0.0397542 0.261293 0 0 0.00194674 0.030843 0 0 0.0934375 0.173402 0.000283999 0 0 0 0 0 0 0 0.000891998 0 0.0280593 0 0 0 0 0 0.00830983 0 0.0257545 0.423698 0.164315 0.0466066 0.137828 0.01695 0.0251751 0 0.0750628 0 0 0 0 0 0.510347 0 0.462065 0.0650973 0.334597 0.26275 0.0776696 0 0.0266491 0 0.0958019 0.409881 0.168714 0.346921 0 0.508672 0 0 0 0.0150937 0 0 0.179782 0.0233966 0.0793465 0 0 0.0832235 0 0.00187951 0 0.00890898 0.073156 0.0629178 0 0.0609546 0 0.127114 0.402778 0.036916 0 0 0.0119976 0 0 0 0 0 0.177798 0.123151 0.110169 0 0.216103 0.0203994 0.0774402 0.0306378 0.0759599 0.0310854 0.000482593 0.0496869 0 0 0 0.0838829 0 0.00879619 0 0.0198474 0.0769079 0.555601 0.216847 0.429589 0.0177982 0.399484 0.0342398 0 0 0 0.0255188 0.00475181 0.0317643 0 0 0.0277388 0.127304 0 0.0739378 0 0 0.00962502 0 0 0 0.610329 0.0064121 0.079894 0 0.0938502 0.0134779 0.123478 0 0.619064 0.00786912 0.0958623 0.0414819 0.341518 0.0559376 0.235415 0 0.000675475 0 0 0 0 0.0618804 0.247346 0 0 0 0.0106324 0 0.037741 0.195833 0.0558316 0 0.0518695 0 0 0.0282949 0.155536 0.0822812 0 0.0190554 0 0.0617417 0.0169376 0.0770226 0 0.0461367 0.630904 0 0 0.0594606 0.084752 0 0 0.0495488 0.0951856 0.0651335 0 0.0682139 0 0.214659 0 0.052069 0 0.0850373 0 0.118228 0 0.116979 0 0 0.356904 0 0.295887 0 0.310655 0 0.0606224 0.0187409 0.13173 0 0.0920893 0.0167473 0.0429013 0.0340309 0 0.00491754 0.0219935 0 0 0 0 0.127159 0.104478
100 9.73547 0.0492592 0.0300777 -0.0451137 0.217651 -0.10616 11.2938 -0.455492 -0.0470941 0.0416369 0.0233232 0.145488 -0.112455 0.0518587 -0.502324 -0.441795 0.0679022 0.099863 -0.0113681 -0.105711 -0.0119588 -0.164418 0.0511044 0.0723254 0.0769907 0.0452561 0.0873239 0.0245713 -0.0924875 -0.0652288 -0.0411847 -0.108291 0.0119155 0.0486764 0.168386 -0.0242038 0.0218797 0.15272 0.00633718 0.0544952 0.41198 0.235308 1.41703 0.209663 0.648239 0.0159207 0.105977 0.152508 -0.0520972 -0.051537 0.104638 -0.204258 -1.37367 0.476047 0.649737 -0.0471463 0.0025965 -0.729599 1.28112 0.752961 0.0799015 -0.110702 1.1722 0.923311 -0.15054 -1.26567 -4.12948 -0.956969 1.68258 -1.17035 0.973228 0.916796 2.2465 -0.556633 -0.612129 -9.60914e-10 -1.46922 -0.683678 0.157343 -0.0134267 -0.00330869 0.283189 -0.820672 -0.424082 0.882996 -0.140873 -0.0902598 -8.48066e-10 0.106056 0.0557941 -0.641497 -0.79832 -0.518837 6.56381e-09 0.844141 5.43603e-10 0.363244 -0.721824 0.418297 -0.189034 -0.43014 -0.599567 0.524218 4.53655e-09 -2.27321e-10 -3.22474e-10 -0.0533163 -0.776062 -0.521147 0.519926 -0.0980008 -1.08382 0.167174 0.218919 0.89126 11.3047 0.0391333 -0.13184 1.12247 0 0.0399372 0.00400998 0.0305962 0.00500089 0.0372299 0 0.00285423 0 0.0409776 0.121254 0.0180186 0.103482 0.00598879 0.110137 0.00318918 0.0409 0.075286 0.145783 0.0100479 0.119437 0 0.22453 0.00943675 0.214925 0.00705768 0.0150543 0.000689179 0.0745746 0.0019213 0 0.00751518 0 0.0136439 0 0.006876 0.0040489 0.000559788 0.117631 0.0824088 0 0 0 0.346862 0 0.13406 0 0.0420181 0 0.00525647 0.0330687 0 0 0 0.00339974 0 0 0 0 0 0.00801001 0.00753493 0 6.41513e-05 0.00333669 0.00192269 0.00452677 0.0567568 0.0103973 0.0306729 0.017108 0.0451735 0.0890025 0.108108 0.0300738 0.0377639 0.000778175 0.082202 0.00727752 0.0128457 0.0322833 0.0395454 0 0.0092172 0.0687658 0.0607656 0.000522295 0 0 0 0 0 0 0.000235535 0.021835 0.0221592 0.00109207 0.00723995 0 0.00199438 0 0.00100474 0.0132738 0.0262218 0.0750719 0.0872417 0.272638 0.0532312 0.0604102 0.0146165 0 0.0069929 0 0 0 0 0 0.00944777 0.463511 0.0636454 0.382014 0.0546364 0.181115 0.0720669 0.0269742 0.0143272 0.0532324 0 0.352501 0.0552651 0.39139 0.0402455 0.0650518 0.112842 0.00811549 0 0 0.0478037 0 0 0.128404 0.00890576 0.20002 0 0 0.0853646 0 0.0105315 0 0.00574668 0.0876485 0.108872 0.0290603 0 0.0607467 0 0.35813 0.0215118 0 0 0 0 0 0 0 0 0.1717 0.094758 0.0764813 0 0.131572 0.0601035 0.0650712 0.0281602 0.0627133 0.0280787 0.0317138 0.00173711 0.00776969 0 0 0.0135072 0 0.00537721 0 0.00532435 0.362885 0.233672 0.213065 0.404421 0.207096 0.167784 0 0.0619331 0 0 0.0156255 0.128731 0.003336 0.122669 0.00952099 0 0.72089 0 0.684149 0 0 0.0298599 0 0 0.22741 0.0410524 0 0.103676 0 0.143445 0 0.594154 0 0.609588 0.0237728 0.0965915 0 0.482824 0.123524 0.247329 0.0186633 0.0101489 0.0343465 0 0.00492432 0 0.0628366 0.201087 0 0.0116331 0 0.0519071 0 0.032501 0.196056 0.0210466 0 0.0760609 0.0338127 0 0.150537 0.180412 0.0620819 0 0.274207 0 0.221208 0 0.0848318 0 0 0.212927 0 0 0.0890802 0.019984 0 0 0.0690496 0.023342 0.0622446 0 0.0698224 0 0.202981 0 0.0621166 0 0.0755237 0 0.109482 0 0.103871 0 0.237497 0.0146622 0.360943 0 0.474532 0.00557599 0.00279856 0 0 0.0441963 0.0135406 0.016762 0.0402829 0.0422649 0.00641236 0.0578908 0 0 0 0.00639097 0 0 0.158735 0.11649
101 9.76881 0.0221056 0.0649022 -0.0247035 0.220487 -0.112408 11.334 -0.435621 -0.0576512 0.0151017 -0.021013 0.0618469 -0.0667535 -0.00355319 -0.432921 -0.409957 0.147852 0.0825904 -0.0267028 -0.105711 -0.058213 -0.178623 0.0409411 0.0528041 0.0634488 0.0516737 0.0585318 0.0120795 -0.0628321 -0.0711207 -0.0382065 -0.106996 -0.0414583 0.0377069 0.157403 0.0117308 0.0212536 0.151796 0.0397734 0.0570499 0.426572 0.20825 1.41851 0.208674 0.655184 -0.0122429 0.107093 0.152508 -0.0520972 -0.051537 0.129163 -0.21944 -1.37789 0.5326 0.654688 -0.0663797 0.00871777 -0.640824 1.08994 0.454687 -0.00223554 -0.153732 1.23303 0.37472 0.0463065 -0.604231 0.212112 -0.592865 -0.191052 -5.04884 5.28745 0.57756 2.2074 -0.55831 -0.154415 -7.57419e-10 -1.27669 -0.488098 0.10327 -0.238527 -0.329386 -0.0669853 -0.904144 -0.318441 0.753226 -0.103283 0.132635 -7.69621e-10 -0.999242 -0.391189 -0.321129 0.50063 -0.0354096 6.39305e-09 0.518207 6.9389e-10 -0.142761 -0.676171 0.0098224 -0.144847 0.321152 -0.379208 0.132195 6.62357e-09 -4.56756e-10 -6.59051e-10 0.850724 -0.157269 -0.0636809 0.444901 -0.142977 -1.46718 0.539888 0.220098 0.886367 11.3418 0.0353014 -0.152477 1.09161 0.0140117 0.0317042 0.0108633 0.0237156 0.0167685 0.0244541 0 0 0 0.0545952 0.132006 0.00696511 0.121376 0 0.124306 0.00106621 0.0493146 0.088138 0.208495 0.0101546 0.18857 0.0168561 0.296674 0.0184543 0.30245 0.00979989 0.0674628 0.0542093 0.151654 0.0621843 0 0.135252 0 0.168907 0 0.212244 0.00413073 0 0.168902 0.0598373 0 0 0 0.433641 0 0 0 0 0 0.0228397 0.0452244 0 0 0 0 0.00459532 0 0.00227261 0 0.0020113 0.0347575 0.010502 0 0 0.00982713 0.000881456 0.00257773 0 0.00543777 0 0.00932527 0 0.041888 0 0.058168 0.0433019 0 0.00268494 0.0135393 0.0154812 0.0527964 0.0426105 0 0.00855409 0.0846453 0.023876 0.0011598 0 0.0395934 0.0876136 0.0314982 0.0611794 0.043105 0.0688566 0.0994668 0.0835359 0 0 0.0465994 0.0709254 0.0420379 0.0711281 0 0.0237172 0.175509 0 0.556868 0 0.0184995 0 0 0.0186715 0 0.0843177 0 0.0691119 0 0.199817 0.434426 0.169581 0.334634 0.0726247 0.059476 0 0 0 0.063777 0.0236878 0.297607 0 0.359732 0 0.116901 0 0.0108286 0 0.0208987 0.0927248 0 0 0.0909087 0.0149581 0.185735 0 0 0.0450351 0 0.0170893 0 0 0.0834736 0.0993452 0.034183 0 0.0604596 0 0.257476 0 0 0 0.00488874 0.112077 0 0 0 0.014108 0.125537 0.0575023 0.0727762 0 0.0990604 0 0.0417365 0 0.0414314 0 0.0196625 0 0.00139649 0 0.00366688 0.0059987 0 0.0782314 0 0 0.350784 0.123034 0.175573 0.319512 0.187195 0.123369 0 0.0554554 0 0 0.0145093 0.154337 0.00504892 0.163823 0.027042 0 0.696116 0 0.668458 0 0 0.0016512 0 0.00380644 0.206034 0 0 0.105309 0 0.123636 0 0.46664 0 0.246985 0.0300737 0.0504697 0 0.203854 0.251408 0.188144 0.0142692 0.0539769 0.301102 0 0.154734 0.00432811 0.0886357 0.166221 0 0.00499456 0 0.0520436 0 0.0162107 0.140782 0.00668446 0 0.12424 0.0406904 0 0.361922 0.157163 0.0471089 0.00373424 0.269062 0 0.1978 0 0.0772685 0 0.0347848 0.412542 0.0604471 0 0.110661 0 0 0 0.0875838 0 0.0198233 0 0.0234155 0 0.0810946 0.00689226 0.0285356 0 0.0272051 0 0.0439029 0 0.0386451 0 0.24054 0.000337154 0.393126 0 0.498333 0 0.0179518 0 0.00859661 0.023331 0.0254287 0.0141534 0.0567055 0.0204175 0.000342727 0.0839407 0 0 0 0.0180251 0 0.0241524 0.153925 0.0977531
102 9.80214 0.0257524 0.0849901 -0.0227199 0.222361 -0.113722 11.3737 -0.440033 -0.05517 0.00679022 0.02546 0.196969 -0.04393 -0.012677 -0.645457 -0.60402 0.190445 0.0679495 -0.0242697 -0.105711 -0.0515601 -0.18246 0.0453142 0.0044278 -0.00268972 0.0304779 0.0393766 0.0170173 -0.0490026 -0.074513 -0.0359692 -0.105642 -0.0955311 0.0221893 0.150851 0.0646438 0.0323353 0.15162 0.0460054 0.0575249 0.420799 0.18844 1.41033 0.198165 0.673628 -0.0459629 0.0922916 0.152508 -0.0520972 -0.051537 0.139135 -0.226316 -1.38132 0.538548 0.658817 -0.0795915 -3.14025e-05 0.359381 0.314652 -0.139973 -0.0683493 0.152605 1.159 0.153147 0.234518 0.0366539 1.20131 2.37509 -0.589503 0.182988 -1.37677e-08 -2.57861e-09 0.834117 -0.419776 0.316004 -5.34601e-10 2.04135 0.195008 0.109663 -2.96367 -4.04742 -0.676644 -0.547842 0.249886 0.177399 -0.0483453 0.127455 -1.7506e-09 -1.97456 -0.607788 -0.203827 2.04895 0.349285 5.14579e-09 0.112512 8.10124e-10 -0.401539 -0.201409 -0.468447 -0.133736 1.06887 -0.74306 -0.0602572 7.59338e-09 -7.64689e-10 -9.62448e-10 0.0951392 0.127373 -0.080386 -0.170788 0.222316 0.148856 -0.142158 0.220601 0.885341 11.3768 0.003405 0.117539 1.02143 0.0310376 0.0130845 0.0204489 0 0.0157262 0 0.0274284 0.00749808 0.0246514 0.0390204 0.137291 0 0.141337 0 0.142843 0.000158237 0.0853897 0.083094 0.0730609 0.0367246 0.0263063 0.0604732 0.10556 0.0555784 0.0688884 0.0857471 0 0.115542 0 0.13824 0 0.081465 0 0.0697757 0 0.0689154 0.0025501 0 0.252437 0.0623105 0 0.0199835 0 0.1291 0.0708257 0 0.00812475 0 0 0.0788548 0.0240301 0.00333182 0 0.00801386 0 0.0205259 0 0.023991 0 0.00497951 0.0147365 0.0034189 0 0.00582491 0 0.00278309 0 0.502653 0 0.476942 0 0.47665 0 0.562861 0.0346955 0.030888 0 0.514252 0.0169071 0.0119968 0.0408249 0.0309489 0.0108042 0.0178857 0.0439 0.0091835 0.00132243 0 0.120434 0 0.0899606 0 0.116512 0 0.2198 0 0.00854811 0.0377899 0.148077 0 0.147208 0 0.0276316 0.0417536 0.297349 0 0.658252 0 0 0 0 0.01511 0 0.0212133 0 0.0970761 0 0.130974 0.576647 0 0.374476 0 0.0548418 0 0 0.0154616 0.0276434 0.000998262 0.22705 0 0.32115 0 0.0637249 0.0507841 0.00122566 0.0168415 0.0298114 0.103959 0 0.0021022 0.127411 0.0451426 0.137899 0 0 0.0071428 0 0.00878346 0 0 0 0 0.0087683 0.0169905 0.0199433 0.0155768 0.316065 0.00347713 0 0 0.0499523 0.0120528 0 0.0363685 0 0.0382756 0.110942 0.00871607 0 0 0.0223626 0 0 0.148722 0 0.147766 0 0.0163761 0 0.0303926 0.0393929 0 0 0.130494 0.00371246 0 0.279578 0.0834273 0.0892849 0.205021 0.062354 0.0724925 0.046156 0.0234959 0 0.0331048 0.00576281 0.0618129 0 0.115411 0.040234 0.0119753 0.350262 0.00154772 0.276673 0.00559074 0 0 0 0.0158999 0.122947 0 0 0.11069 0 0.0939741 0.368685 0.106789 0 0.0618499 0.0231981 0.00130247 0.382741 0.0324623 0.2901 0.0826248 0.0101324 0.0712024 0.520157 0 0.326263 0 0.0406835 0.121137 0 0.00698765 0 0.0482944 0.00140543 0 0.125866 0 0 0.108317 0.0160627 0.0143479 0.402723 0.0832835 0.0303463 0 0.119681 0.000951254 0.117362 0 0.0648912 0 0.117602 0.875798 0.057314 0 0.0743451 0 0 0 0.0514736 0 0 0.0496606 0 0.0560321 0 0.173766 0 0.0696969 0 0.0578347 0 0.0843516 0 0.0770045 0.153552 0 0.239644 0.0261652 0.314875 0.026936 0 0 0.0869249 0.0766596 0.0487243 0.0272645 0.0292273 0 0.00434783 0.070319 0 0.0160021 0 0.0168531 0 0.0597312 0.166469 0.0745115
103 9.83547 0.0435001 0.0631658 -0.0288785 0.223792 -0.10789 11.4116 -0.470849 -0.0471105 0.0180598 0.122779 0.192904 -0.0127863 0.045695 -0.570339 -0.567802 0.20065 0.0504724 -0.023212 -0.0887795 0.0450314 -0.141803 0.0707649 -0.129289 -0.191952 0.0157116 0.0325203 0.0320028 -0.0632276 -0.053151 -0.0349432 -0.105952 -0.0647364 0.0191157 0.152945 0.047892 0.0240657 0.143706 0.0502395 0.0580535 0.374312 0.126168 1.40375 0.196858 0.700031 -0.0490551 0.0924975 0.152505 -0.0521903 -0.0515441 0.108732 -0.250082 -1.38537 0.418193 0.619697 -0.089311 -0.0678556 0.405054 -0.922792 -0.162631 -0.0456745 0.235279 1.17293 -0.502249 0.161273 0.550133 2.44576 0.188878 0.979966 2.18162 2.28456 1.50885 0.281579 -0.475145 0.0418883 0.852894 3.25547 1.51197 0.203207 -4.26704 -5.7934 -0.427751 -0.225488 0.490624 -0.375933 0.478046 0.0659786 -1.86028e-09 -0.00213146 -0.228945 0.0631327 0.519778 -0.00348169 -0.214499 1.80477e-10 2.18445e-10 -0.620366 -0.322237 -0.584668 0.0173175 3.28318e-11 -0.00393913 0.0167486 6.73027e-09 -1.17699e-09 -7.8304e-10 1.15533 0.326003 0.375729 -1.01445 0.698134 2.46323 -1.74561 0.220678 0.891128 11.4115 -0.00133265 0.183532 1.0637 0 0.0553431 0 0.0478032 0.005713 0.0526562 0 0.0371952 0.00546389 0 0.0767465 0.0125652 0.0879925 0 0.100682 0 0.13248 0.0534102 0 0.0559817 0 0.102094 0 0.11354 0 0.154607 0 0.0868284 0 0.119663 0 0.0109507 0 0 0 0 0 0.00107278 0.322385 0.0538674 0 0.0043553 0.121469 0 0.0612449 0.043656 0.0924761 0.00979085 0.0334104 0.0287564 0.0300439 0 0 0.0064859 0 0.00563095 0 0.00700478 0 0.00283836 0 0 0 0.0125407 0 0.00625145 0 0 0 0 0 0 0.000866145 0.0187668 0 0.0138344 0 0 0.0263941 0.0056818 0.0275215 0.0177218 0.0998498 0.00316783 0 0.0192229 0.0014507 6.59889e-05 0.272344 0.0270431 0.22774 0.0267468 0.232812 0.0347741 0.287659 0.0410996 0.0745602 0.0242524 0.291459 0.0406391 0.263863 0.0408599 0.0616762 0.0324999 0.0531295 0.00937639 0.531777 0 0.0243757 0 0 0 0 0 0 0.0246509 0 0 0.697617 0 0.446401 0 0.118538 0 0 0.0104761 0 0 0.0702547 0 0.209821 0 0.0386891 0.0753642 0 0.0697761 0.00970827 0.0254927 0 0.00271959 0.147599 0.0276045 0.201317 0.0353002 0 0.0361986 0 0.0182373 0 0 0.0895689 0.0930117 0 0.0625427 0 0.0905493 0.406958 0.0561983 0.00385433 0 0.156424 0 0 0.0232293 0 0.0177002 0.166758 0.0838859 0.000856511 0.0461153 0 0.0315989 0 0 0 0 0 0.0512233 0 0.118343 0.0815258 0.00458236 0 0.0808712 0.0016828 0 0.0171681 0.149454 0.0674635 0.20655 0.088108 0.137038 0 0.0196033 0 0.0165206 0.00544118 0.0621081 0 0.0614841 0.00187461 0.0279504 0 0.0609553 0 0.162815 0 0 0 0.00155393 0 0.140555 0 0.119802 0 0.106348 0.530122 0 0.460277 0 0.0077242 0.0235693 0.559104 0 0.251816 0.0707214 0 0.0396601 0.557204 0.00899894 0 0 0.0356066 0.260452 0 4.17423e-05 0 0.020418 0 0.0217495 0.20611 0.0562929 0 0.0202246 0 0.0521064 0.368118 0.00410134 0.00382208 0 0 0.0618751 0.0177937 0 0.130948 0.010455 0.146936 0.153607 0.0767457 0 0.0580665 0 0 0 0.028012 0 0 0.010979 0 0 0 0.0585981 0 0.00336264 0 0 0 0.00570028 0 0.00558453 0.00190802 0.0736424 0 0.144257 0 0.112885 0 0.0414741 0 0.189268 0 0.0991648 0.00317325 0.0822366 0 0.0524443 0 0.0154692 0 0.00503538 0 0.0266277 0.178208 0.106466
104 9.86881 0.0501915 0.038575 -0.0267351 0.225102 -0.10068 11.4516 -0.469522 -0.0463342 0.0268945 0.187017 0.214961 -0.00442932 0.0798799 -0.498187 -0.521063 0.175352 0.0499432 -0.0272362 0.00587789 0.207687 -0.114485 0.0603604 -0.419933 -0.454974 0.00799269 0.0240005 0.0425089 -0.0754822 -0.0367045 -0.0353434 -0.105847 -0.0420497 0.00758567 0.156758 0.039957 0.0295499 0.136695 0.050426 0.0582011 0.383078 0.130741 1.38063 0.188764 0.700602 -0.0450803 0.102684 0.152521 -0.0515469 -0.0514948 0.0933669 -0.264489 -1.37784 0.302276 0.640179 -0.0630619 -0.093125 0.026704 -0.961689 0.0183482 -0.0381062 0.268023 1.23554 0.524755 0.15657 0.496297 1.5207 -0.0305612 -0.521225 0.778076 2.60819 1.77345 -0.93639 0.241338 0.0506142 3.51396 3.25207 0.0237207 -1.8025 -5.71378 -5.84711 -0.237015 -0.166964 0.370336 -0.202034 0.47515 0.0279155 -2.19431e-09 0.179145 -0.240822 0.130712 0.239959 0.0812905 -0.0150013 3.33361e-10 9.76872e-11 -0.27623 0.217029 -0.674129 -0.211617 2.94703e-10 -0.212337 0.847206 8.33336e-09 -1.17521e-09 -7.33315e-10 -0.373853 0.767427 0.333987 -0.661153 2.48362 1.92116 -0.917394 0.220814 0.897753 11.4482 0.00439997 0.189137 1.12883 0.00965203 0.0549786 0.00269691 0.0509101 0.00527513 0.0448701 0 0.0484291 0.0254984 0 0.0960452 0 0.118712 0 0.134617 0 0.149616 0.0488336 0 0.0345692 0 0.0549141 0 0.0710067 0 0.0966686 0 0.0277988 0 0.0482847 0 0.0145525 0 0 0 0 0.00471737 0 0.334388 0.0538267 0 0.034456 0.0790538 0 0.054941 0.111001 0.0288197 0.0154458 0.00400406 0.0499621 0.0262857 0 0 0.0174951 0 0.0138296 0 0.01777 0 0.00398739 0 0 0 0 0 0 0 0 0 0 0 0 0.0170454 0 0 0.00405983 0.0153891 0 0.0292177 0.00312027 0.026353 0.0116698 0.10823 0.00341041 0 0 0.00141209 0 0.180825 0.0378558 0.146978 0.0300765 0.169801 0.0367005 0.192607 0.05349 0.0536341 0.016015 0.229229 0.0449226 0.221825 0.0442407 0.0614752 0.0309779 0.141432 0.008816 0.37212 0 0.00991522 0 0 0 0 0 0 0.0145088 0 0 0.641004 0 0.438468 0 0.093658 0.0111492 0 0.0298064 0 0.00675834 0.0578997 0.055396 0.202878 0.00312122 0.0199165 0.0582382 0 0.0414355 0.0263187 0.029021 0 0.00123788 0.16792 0.0406137 0.205803 0.0222359 0 0.0288522 0 0.0172631 0 0 0.066598 0.0651455 0 0.0417671 0 0.0658447 0.47864 0.0680245 0.00412813 0 0.169779 0 0 0.0423884 0 0.0323386 0.166108 0.092879 0.0829229 0.0449962 0.0108736 0.0421985 0 0 0 0 0 0.0363043 0 0.0642979 0.0538774 0.00605028 0 0.0863423 0.0031287 0 0.00871991 0.161422 0.0661382 0.167422 0.0600746 0.142638 0 0.0056148 0 0 0.00471771 0.0526025 0 0.079978 0.00430663 0.0416406 0 0.0407362 0 0.120747 0 0 0 0.00797257 0 0.14835 0 0.119433 0 0.101952 0.217102 0 0.250918 0 0.00989739 0.0195047 0.331493 0 0.283066 0.0464976 0 0.0405286 0.536313 0.0047906 0.0296809 0 0.0386579 0.217379 0 0 0 0.0204699 0 0.0440448 0.214566 0.0665207 0 0.00328965 0 0.0277104 0.430284 0 0.0463355 0 0 0.0576599 0.0250737 0.0227098 0.104861 0.01045 0.0764712 0.117617 0.142288 0 0.0828471 0 0 0.0116752 0.0649124 0 0 0.00419945 0 0 0 0.0136406 0 0 0 0 0 0 0 0 0 0.07906 0 0.111015 0 0.09421 0 0.0357423 0 0.187974 0 0.0871622 0.00325469 0.0571822 0 0.0627925 0 0.0160017 0 0.00356875 0 0.0334979 0.194176 0.119493
105 9.90214 0.0485831 0.0395526 -0.00121363 0.226167 -0.0889508 11.4954 -0.407673 -0.0410925 0.0101695 0.170937 0.207709 -0.0475275 0.0458164 -0.429 -0.461943 0.0820134 0.0701661 -0.0472926 0.220293 0.402287 -0.130581 0.0916405 -0.5177 -0.609993 -0.0169833 0.0129545 0.0275006 -0.0611934 -0.0358995 -0.0360649 -0.105608 -0.032944 -0.00232992 0.159888 0.0363191 0.0305778 0.151463 0.0507038 0.0578466 0.379729 0.173449 1.36568 0.159614 0.697445 -0.050859 0.0705986 0.152521 -0.0515469 -0.0514948 0.11521 -0.247028 -1.36129 0.275886 0.674589 -0.0100094 -0.065032 -0.20159 -0.0690493 0.668074 -0.0423777 0.502766 1.36547 2.27843 0.312848 -0.211545 -0.575374 -0.187397 -1.5311 -0.393196 1.9062 1.85827 -2.86607 0.755581 -0.483864 6.6366 6.99534 -1.24715 1.37129 1.17403 -7.59748e-07 -0.779231 -0.0372144 -0.293631 0.463998 -0.0516417 -0.120101 -1.23113e-09 0.458262 -0.104162 0.106307 -0.322884 -0.139052 1.65214e-09 0.46153 2.68928e-10 -0.0992968 -0.147019 -0.129171 -0.0264076 0.910605 -0.613721 -0.306285 3.70085e-09 -4.96119e-10 -4.1146e-10 -0.338649 1.42324 0.233979 0.0816976 1.31405 1.12654 0.322421 0.220986 0.908141 11.4881 0.00744124 0.401976 1.23348 0.0224982 0.0314768 0.00174438 0.0145499 0.00719327 0.00754791 0.0186658 0.0251654 0.0594562 0.00910558 0.0636977 0 0.0685881 0 0.0835226 0 0.0477304 0.0399666 0 0.124498 0 0.137678 0 0.185246 0 0.235783 0 0.122029 0 0.131963 0 0.0174448 0 0 0 0 0.000876045 0 0.133055 0.0220144 0 0.0135277 0 0 0 0.0929917 0 0.0374587 0 0.0426946 0 0 0 0.00938421 0.00834894 0.0174426 0 0.020253 0 0.00227886 0 0 0 0.00787648 0 0 0 0.0218722 0 0 0 0.00689246 0.019324 0.0375779 0 0 0.000968702 0.0484238 0.000991339 0 0 0 0.022352 0 0 0.00476962 0.000499563 0.000240359 0.109083 0.0249399 0.0695824 0.0184785 0.102582 0.0235508 0.237429 0.0307995 0.071228 0.0490435 0.137803 0.0374447 0.13959 0.0365333 0.0433859 0.0484224 0.26863 0.101427 0.602041 0 0.00831105 0 0 0 0 0 0 0.00539108 0 0.00357668 0.790622 0 0.599546 0 0.101199 0 0 0 0 0 0.0711111 0.0138715 0.334853 0.00325338 0 0.22145 0 0.0116183 0 0.0208601 0 0 0.163462 0.0770441 0.107607 0 0 0.0356178 0 0.00542084 0 0 0.00321492 0 0 0.0354781 0 0.0329047 0.349396 0.0559655 0.00220819 0 0.315334 0 0 0.0118253 0 0.0261342 0.171305 0.0789532 0.013338 0 0.0565907 0.0480728 0.00839957 0 0.00538439 0.000339858 0 0.00605343 0 0.00626246 0.0165522 0.0144863 0 0.0454215 0 0.00345847 0.0178057 0.213169 0.0382122 0.111277 0.0942558 0.115895 0.052386 0.00959145 0 0.0153435 0.00867655 0.0242857 0.0123837 0.0518443 0.0360171 0.0868275 0.23167 0 0.131278 0 0 0.000237945 0.00678659 0 0 0.135828 0 0.137889 0 0.117062 0 0.0270289 0 0.156327 0.0159548 0.0395016 0.0717608 0.0712685 0.0910162 0.0294448 0.0263849 0 0.563738 0 0.510804 0.00840387 0.0618392 0.184944 0 0.000704156 0 0.032445 0 0.0548868 0.199413 0.0268478 0 0.00169121 0 0.0129206 0.0943568 0 0.130361 0 0.0174633 0 0.0938559 0 0.0794731 0 0.0143174 0.222776 0.0300728 0 0.0217992 0 0 0 0.00778971 0 0 0 0 0 0.122962 0 0.0170476 0 0.0437008 0 0.0615463 0 0.049936 0 0.0526492 0.0999075 0 0.112129 0 0.102466 0 0.0066735 0.00998076 0.163326 0.020416 0.0547284 0.00788067 0 0.0200496 0.0649623 0 0.0219373 0 0 0 0.00547565 0.141678 0.0890352
106 9.93547 0.0148564 0.0828243 0.028632 0.227182 -0.0759001 11.5413 -0.266675 -0.0452503 -0.0186888 0.0912999 0.201479 -0.0989135 -0.0323114 -0.0270163 -0.0619708 -0.0539887 0.0904425 -0.0613984 0.50122 0.772236 -0.118561 0.125441 -0.401308 -0.594759 -0.0128476 -7.3139e-05 0.0114107 -0.0411576 -0.0399146 -0.038417 -0.105455 -0.0358388 -0.0172343 0.165973 0.0395512 0.0239262 0.151801 0.0352749 0.0520306 0.409152 0.178615 1.35875 0.208556 0.702379 -0.0371127 0.0624679 0.152531 -0.051165 -0.0514655 0.128204 -0.278062 -1.34506 0.180486 0.663618 0.0122834 -0.0519103 -1.1271 0.58778 0.386122 -0.0909083 0.302344 1.36217 3.90583 0.160231 -0.514394 -1.60189 -1.9746 -0.612499 0.246031 19.2167 24.1329 -3.82435 0.54625 -0.188587 7.41005 7.92872 2.56807 -3.07138 1.49757 0.777166 0.113262 -0.0575027 -0.131391 0.786905 -0.0106518 0.077003 -9.19004e-10 -1.54734 -0.518752 0.274066 1.74352 -0.18066 2.33041e-09 -0.592443 -0.357028 0.155963 0.457453 -0.0593935 0.261657 -0.031654 1.42641 -0.419519 3.07503e-09 -1.51952e-10 -1.01986e-11 -0.359168 0.62362 0.0812768 -0.133019 1.39441 2.66858 -0.909712 0.221118 0.920174 11.5309 -0.00727093 0.279543 1.2927 0.044343 0 0.0350522 0 0.0285717 0 0.0167677 0 0.0559688 0 0.0944162 0.0682256 0.0705613 0.0594025 0.0702896 0.0808041 0.061005 0.0444383 0 0.0463338 0 0.0230725 0.00525028 0.0482195 0.00850697 0.0704779 0 0.00288371 0.000229382 0.013164 0 0 0.00776247 0 0.0394443 0 0.00196831 0 0.114701 0 0 0.0418588 0.112057 0 0 0.0805761 0 0.0336524 0.00422566 0.0285079 0 0 0 0.0165071 0.00722714 0.0244407 0 0.0277884 0 0.00299743 0 0 0 0.00312096 0 0.0014663 0.156305 0 0.142147 0 0.149189 0 0.236802 0 0 0 0.16825 0 0.00570035 0.000147651 0 0.0125149 0.055993 0 0 0.0322203 0.000285102 0 0 0.0409856 0 0.0303417 0 0.0326837 0.00728037 0.0168355 0.0601184 0 0 0.0490977 0 0.0491641 0.0455259 0.0196318 0 0.19923 0.0208229 0.118733 0.00111187 0.0225604 0 0.00744826 0.049135 0 0 0.0022923 0.00247687 0 0.152031 0.00897563 0.063785 0.0303362 0.00359529 0.057068 0 0.0457733 0 0 0 0.103431 0.00335888 0.0645486 0 0.0972375 0 0 0 0.0241515 0 0.0029424 0.116525 0.0547671 0.25504 0 0 0 0 0.00798217 0 0 0.0922046 0.0495972 0 0.00581756 0 0.0053062 0.388229 0.0157071 0.00229422 0 0.0645995 0 0 0.0281999 0 0.0357729 0.198951 0.0268819 0.0478564 0.0546026 0.0840186 0.118196 0.0715391 0 0.0705932 0.000320136 0 0.00296992 0 0 0 0.0208255 0 0.0607447 0 0.00313544 0.153345 0.0182236 0.251664 0.0312678 0.0872028 0.130648 0.0778803 0 0 0.00319356 0.0964568 0 0.118734 0 0 0.0142813 0.0236686 0.00628105 0 0 0 0 0.00112316 0 0 0.0794728 0 0.149668 0 0.1011 0.0727467 0.0626678 0.0453054 0.152969 0.0120612 0.00345052 0.0471981 0.109577 0.0225536 0 0.0163315 0.0136939 0 0.0429712 0 0.0609494 0.066262 0.20445 0 0 0 0.0254218 0 0 0.221238 0 0 0.0106958 0 0 0 0 0.0211228 0 0 0 0 0.0126171 0.118826 0 0.464609 0.0447097 0.149915 0.000940979 0.00324846 0.00556494 0 0.0191865 0.00185348 0.00565726 0 0 0 0 0.145112 0 0.0234128 0 0.0450032 0 0.0679955 0 0.0284965 0 0 0.0479678 0.0046732 0.0402533 0 0.0732077 2.94465e-05 0.00245336 0.0976656 0.0238054 0 0.101085 0.0348415 0.0240855 0.0739182 0 0 0 0 0 0 0.0268782 0.158359 0.0670692
107 9.96881 -0.0315524 0.0588811 0.0273065 0.227288 -0.0696262 11.585 -0.15068 -0.0394461 -0.0108784 0.0654038 0.153557 -0.0863148 -0.0270327 0.0107515 0.0377782 -0.152044 0.109888 -0.04969 0.721467 0.373224 0.070865 -0.0646067 -0.0614633 -0.289968 0.0412778 -0.00716313 0.0249647 -0.0623523 -0.0157961 -0.0331986 -0.104956 -0.0530912 -0.0508746 0.183581 0.0725111 0.0550437 0.140419 0.0125473 0.0509639 0.397929 0.240597 1.34816 0.117152 0.652034 -0.0520771 0.0156241 0.153263 -0.0219494 -0.0503755 0.117023 -0.2424 -1.35994 0.153084 0.700187 0.0215814 -0.0113758 -0.950416 -1.66501 -0.369289 -0.0605483 0.115219 1.26203 2.51942 -0.150172 0.498687 -0.258491 -0.872134 1.70208 -0.175577 -0.45347 -0.617905 -2.68156 0.828013 0.310262 4.02814 -5.43638 2.31168 1.51689 2.75531 2.42017 1.15432 0.189214 0.753046 -0.555146 0.587237 0.104626 -5.21053e-10 1.0578 -0.737893 0.217896 -0.405666 0.727387 -1.75982 0.790764 3.90245e-10 -3.18354 -0.444273 0.46894 -1.44603 4.37262 -2.75697 -0.667502 2.65876e-09 1.03518 -1.88173e-10 -0.211955 1.38025 -0.49104 0.498572 3.71855e-10 0.454822 0.415573 0.220819 0.926714 11.5735 -0.0119887 0.164052 1.25413 0.0381248 0 0.0102675 0 0.0248653 0 0.0122251 0 0.0166249 0 0.185372 0.00324077 0.137834 0.0323142 0.0800068 0.0835872 0.0331586 0.0777331 0.0935888 0 0.155985 0 0.106831 0.0421552 0.200663 0.0370186 0.11366 0 0.051528 0 0.0062072 0.0890021 0 0.0663318 0.0642039 0.11073 0 0.00972315 0.0803487 0.0488524 0 0 0 0 0 0.0128821 0.0868225 0.0741229 0.0535406 0.0596914 0 0 0 0.00192556 0.025089 0.0164863 0 0.00920261 0 0 0 0.0132081 0.0677443 0.0307605 0.00869278 0.013883 0 0.0109889 0 0 0 0 0 0 0 0.0149097 0 0.0762107 0.00297345 0.0115192 0.000895492 0.0199703 0.0236442 0.0708339 0.104314 0.0513073 0.000632021 9.93568e-05 0.0690731 0.1279 0.0380033 0.0780853 0.0692923 0.147694 0.0496639 0.21149 0.0882835 0.0535108 0.0563815 0.050419 0.0659998 0.148381 0.0519116 0.0414944 0 0.30828 0.0368521 0.180891 0 0 0 0 0 0 0 0.0655341 0.14514 0 0.16014 0.077852 0.0837559 0.180663 0 0.231407 0 0.0294796 0.0414616 0.116942 0 0.145391 0.0596224 0.1382 0 0 0 0.000253878 0 0.0897305 0 0.00235604 0.144738 0.0867727 0.200211 0 0 0 0 0 0 0 0.0081323 0.0471066 0 0.00987328 0 0.0559236 0.303746 0.0218732 0.000388455 0.00372537 0.242714 0 0 0.00193501 0 0 0.203247 0.0476011 0.037334 0 0 0.0758837 0.0198097 0 0.0311603 0 0.0280605 0.0379828 0.00314301 0 0 0.0131735 0 0.120298 0 0 0 0 0.298422 0.149919 0.0775593 0.157593 0.107621 0 0.0579898 0.0306029 0.0841621 0 0.082986 0 0 0 0.127373 0 0.025892 0.157442 0 0.0241035 0.0459204 0 0 0.0774719 0 0.261148 0 0.0503507 0.137788 0 0.0176425 0 0 0 0.0551853 0 0 0.0104381 0 0 0 0.280499 0 0.13202 0.162828 0.245769 0 0 0 0 0.00483062 0.0957509 0.211395 0 0 0 0 0.0700277 0 0.0162938 0.059564 0.0495051 0 0.120553 0 0.0112442 0.123771 0.0121936 0.0608829 0.0511499 0.621949 0.0224706 0 0 0.0256736 0.0685416 0 0.00939965 0.0626732 0 0.0648796 0 0.146534 0.00425339 0.0851112 0 0 0 0 0.0087052 0 0 0 0.102401 0.101457 0.141555 0.0574285 0.184442 0.0156457 0.000185253 0.216245 0.0217732 0 0.164013 0.0522666 0.00874127 0.0576424 0 0.0597578 0.00468651 0 0 0 0.0257433 0.142593 0.0780161
108 10.0021 -0.0421451 0.0291525 0.0358902 0.228513 -0.0668705 11.6289 -0.0545126 -0.0774997 -0.0256457 0.00699371 0.0895913 0.0547727 -0.0216592 -0.253279 -0.133655 -0.210237 0.103274 -0.055037 0.684948 0.381304 0.205355 -0.04388 0.053347 -0.177942 0.0375997 -0.00376024 0.0253053 -0.0631089 -0.00224102 -0.0288444 -0.0991531 -0.0126784 -0.0519064 0.17651 0.0454238 0.0384043 0.11619 0.0339062 0.0529724 0.431175 0.206279 1.32533 0.166231 0.703215 0.0566352 0.0334653 0.099615 0.00544979 -0.0501571 0.305277 -0.288371 -1.34036 0.0967416 0.664516 0.0433256 -0.0545599 0.0281548 -0.581007 0.0718414 -0.0180842 -0.0567672 1.28402 2.35697 -0.914983 -0.589605 -1.60739 -0.870374 1.5168 5.64858 -24.3974 -18.4149 -1.82355 -0.403669 0.186312 -2.47115 -1.91647 3.74591 -1.21942 3.74183 4.02912 -0.389054 -0.0672783 0.29871 0.0608752 0.44212 -0.0471098 -0.908062 0.492516 0.229104 0.70719 -0.274318 -0.649932 -2.12223 -0.601468 1.43408e-10 0.581456 -1.57668 0.0863525 0.502113 -0.526112 2.82946 -0.695009 -6.50621 -0.466834 -1.36517e-10 4.16727 7.90291 -2.64116 0.0396998 0.138553 1.74928 -1.2127 0.220686 0.928424 11.6148 -0.00218338 -0.0371306 1.23661 0.000500914 0 0 0 0 0 0.0493492 0 0.0725309 0.0485068 0.0279939 0 0.0109624 0 0 0 0.0509153 0.0511605 0.0183575 0 0.030439 0 0.0261016 0 0.0462099 0.00623116 0 0 0 0 9.13367e-05 0.0455367 0 0.0402197 0 0.158481 0.00295391 0.00866677 0.0360608 0 0.0123102 0 0 0 0.0393429 0.0733847 0.0476769 0.0731103 0.0433997 0.0324456 0 0 0.0231228 0 0.0336541 0.0337235 0.0167422 0.0143657 0 0 0.00839853 0.0363461 0.0269123 0.0508044 0.012533 0.0250768 0 0.252531 0 0.2186 0 0.327873 0 0.459727 0.0272761 0.0294879 0 0.287696 0.0085005 0.0080792 0.0159788 0.02437 0.0350338 0.017374 0.0533691 0.0716443 0.00102023 0.00010678 0.15845 0.0573114 0.106251 0 0.140323 0.00441124 0.106585 0.0456004 0.0064181 0 0.11499 0 0.121292 0 0.0277042 0.0150345 0 0 0 0 0 0.0839567 0 0 0 0 0 0 0 0.0191226 0.180956 0.471628 0.259304 0.425541 0.153371 0.289265 0 0.051449 0.0471171 0.12374 0.104268 0.196778 0.306369 0.243034 0 0 0 0 0.00119047 0.0267661 0.010635 0.00106442 0.0698944 0.080602 0.0334282 0 0 0 0 0 0 0 0 0.0558572 0 0 0.0228944 0 0.0848719 0.114519 0 0 0.0507225 0.0622442 0.0166956 0 0 0 0.107177 0.0705613 0.0636953 0.0665256 0.00845628 0.579254 0 0.0641262 0 0.0447882 0.0396781 0.0510038 0.0136469 0 0 0 0.203341 0.146904 0 0 0.259669 0 0.153262 0.139103 0.100745 0 0.0512063 0 0.0264123 0 0 0.00785891 0.0631815 0.0370312 0.12955 0.105894 0.195848 0.050286 0.190824 0.101788 0 0.0142049 0.0304655 0.0310988 0.214305 0.0695977 0.150265 0.0938901 0 0 0 0.029177 0 0 0 0 0.0313705 0.0178616 0 0 0 0.02446 0.020707 0 0 0 0.203967 0.131601 0 0 0 0 0.165321 0.138152 0.0919873 0.0478909 0.005352 0.0183848 0 0.0274118 0.00773743 0 0.0824296 0.0582563 0.0838365 0.100284 0.141805 0.0577555 0.00395515 0 0 0.504994 0.636518 0 0 0.0114123 0.0302496 0.033506 0.00703531 0.023615 0 0 0 0 0.01343 0 0 0 0 0 0 0 0 0 0.162373 0.251334 0.225813 0.059939 0.265388 0.0789993 0.0123758 0 0.204409 0.11805 0.023612 0.0247125 0.0210722 0.00523244 0.0766631 0.0484346 0.0461124 0.00918783 0 0 0.0130529 0 0.0108577 0
109 10.0355 -0.000134195 0.00593087 0.0281888 0.227955 -0.0657618 11.6671 -0.0167624 -0.0775364 -0.0151806 -0.0607184 0.0778513 0.0766535 -0.00847083 0.0850876 0.0899593 -0.321756 0.0849478 -0.0326148 0.592535 0.294848 0.316316 -0.030604 0.156164 -0.0693096 0.0189972 -0.0129764 0.0323793 -0.106301 0.0195785 -0.0180626 -0.102301 -0.0754456 -0.0471821 0.186422 0.0908404 0.00320778 0.157477 0.0364004 0.0524283 0.35521 0.210115 1.31082 0.184887 0.689032 0.0783826 0.129953 0.163975 -0.0187931 -0.00958766 0.155528 -0.213666 -1.42964 0.0295055 0.700179 0.0854159 -0.119204 1.3406 -1.13137 0.0734703 -0.0109893 0.0275112 1.0825 1.07368 0.213056 -0.031133 -2.35063 -0.0964198 0.898616 0.0574277 -4.7946e-05 -0.000201509 -3.36407 -0.534125 0.213746 -2.97891 -1.80999 2.17057 -0.225279 2.06821 2.55749 -0.512719 -0.0306167 -0.166017 -1.16504 0.43413 0.343566 -2.77024e-09 -0.539801 0.260669 0.143212 -0.177128 -1.3499 3.11998e-09 0.518734 2.12281e-10 -0.379617 0.461965 -0.359696 -0.0392787 -0.882886 0.591315 1.11724 5.72779e-09 0.140503 1.96833 2.93782 1.3484 -2.97178 0.317024 1.3946e-09 -0.0928795 -0.981435 0.221195 0.929101 11.655 0.0206229 0.0337933 1.17899 0 0 0 0 0 0 0.0551277 0 0.0858363 0.0266415 0 0 0.00814146 0 0 0.0101521 0 0.0197703 0.0923314 0.0278423 0.0965357 0 0.0877118 0.0873519 0.160768 0.115522 0 0 0 0 0 0 0 0.0255134 0 0.0395475 0.000412769 0.0012457 0 0 0.518137 0 0.0394158 0 0.174119 0.0323356 0.0813826 0.0566726 0.135337 0.0421309 0 0 0.118873 0 0.14819 0.0479915 0 0 0 0 0 0.0131124 0.089086 0.0690215 0.0035328 0.024057 0.055683 0.0252064 0.0309866 0 0.0623099 0 0 0 0 0 0 0 0 0 0 0.000189867 0.0164978 0.0393075 0.0208219 0.0716725 0.000455216 0 0.114598 0.123284 0.0729182 0.0314682 0.102832 0.0813674 0.0605106 0.14574 0.167899 0.0742636 0.05945 0 0.0643502 0.0969636 0.0675067 0.0308332 0 0.604971 0 0.285416 0.00956238 0.0652501 0 0 0 0 0 0 0 0 0 0.385246 0 0.405066 0.18322 0.307675 0 0.0384292 0.0639664 0.0902643 0.0681165 0.278734 0.184843 0.314123 0.164283 0 0.0190791 0 0 0 0.0169258 0 0.289169 0.197342 0.128432 0 0 0 0 0 0 0 0 0.039425 0 0.00597197 0.00168402 0.0335139 0.372692 0.310969 0.00230717 0.00210524 0.0271021 0.0017889 0.159197 0 0.0123847 0 0.0418211 0.223973 0.0422116 0.0146378 0 0.361997 0 0 0 0 0.0535125 0.0633881 0.0425187 0 0 0.0348799 0.157458 0.0156609 0.00619486 0 0.441851 0.0161104 0.42982 0.360899 0.261679 0.203755 0.0644729 0 0 0 0 0.00938588 0.100503 0 0.127385 0.0720982 0 0.305932 0 0.271193 0 0.00217063 0.0144191 0.0202216 0.396315 0.228404 0.0696929 0.114 0 0 0.368867 0 0.284373 0 0 0 0.343463 0 0 0 0 0 0 0.181134 0 0 0.133289 0.111102 0 0 0.020681 0 0.0273334 0.0338998 0.127666 0.176933 0 0 0 0.0328571 0 0 0 0.0806763 0 0.184074 0 0.142561 0.399989 0.127027 0 0 0.44046 0.0669527 0 0 0.349828 0.0403422 0 0.000709537 0 0 0 0 0 0 0 0 0 0 0 0 0 0 0.236544 0.457288 0.28564 0.234567 0.333173 0.260007 0.00346799 0 0.397954 0.222871 0 0.0748236 0.0190331 0.0458365 0.0928649 0.0225005 0.0527245 0.00158443 0 0 0.0431971 0 0.1477 0.0754821
110 10.0688 0.0109081 -0.0359887 0.0253668 0.226584 -0.0662235 11.703 0.0358247 -0.0931707 -0.0112498 -0.103887 0.056936 0.133671 -0.00533074 0.0852121 0.0900159 -0.400787 0.0768616 0.00164138 0.507343 0.263087 0.355161 -0.118867 0.176216 -0.0386857 0.0176511 -0.0103004 0.0247949 -0.103163 0.0295078 -0.00220746 -0.100961 -0.00882087 -0.0449924 0.15795 0.0422708 -0.00179951 0.154594 0.0485968 0.0480721 0.280256 0.166817 1.33204 0.271438 0.703992 0.0357729 0.0384769 0.164514 -0.049311 -0.0300389 0.354589 -0.204126 -1.39718 0.184816 0.690005 -0.00378302 -0.11948 -0.191978 -1.34697 -0.141627 -0.0217675 -0.0224617 1.06859 1.39612 -0.503781 0.0435335 -1.10394e-09 -1.23194 1.84167 -0.0403357 0.000107488 -8.59423e-05 -2.02083 -0.609611 1.11306 -1.92047 -0.711174 -0.240789 -3.38811 0.71564 0.727834 0.244964 0.0483 -0.248696 0.499021 0.230419 0.504835 -1.13718e-09 1.25886 0.146771 -0.455221 -0.767238 -0.0271749 5.10066e-09 -0.660001 0.0545178 -1.31456 1.91703 0.0232974 1.08084 1.42668e-10 0.989816 -1.95996 1.12825e-09 -0.064203 -1.99742 0.967509 1.91104 1.39491 0.409205 -1.39336 -4.41241 2.25719 0.222125 0.92904 11.6944 0.0276537 -0.0188909 1.18942 0.0639196 0 0.0423419 0 0.0431462 0.00347277 0.0371507 0 0 0.0446821 0.109908 0.0175358 0.0797855 0.0162153 0.0579642 0.0357383 0 0.0456649 0.0838917 0 0.0614705 0 0.135631 0 0.162105 0 0 0 0 0 0 0 0 0.00264636 0 0.0373803 0.0090932 0 0 0 0 0.267594 0 0.0929577 0.287657 0.0375813 0.114562 0.00954635 0 0.0917547 0 0.00624788 0 0.0226789 0.0143238 0.0684992 0 0 0.00255524 0 0.0313656 0 0.0726822 0.0206125 0.0438892 0 0.0492021 0 0.0546068 0 0.0627001 0 0.0591155 0.0198522 0.0650978 0 0.0605183 0 0 0 0.0431155 0 0 0.0144095 0.14841 0.0295477 0 0.000508461 0 0.00012894 0 0 0 0 0 0.0318935 0 0.102656 0 0 0 0 0 0.0574087 0 0.480392 0 0.177448 0.00470651 0.0895451 0 0 0 0.115414 0 0 0 0 0 0.461743 0.0256208 0.360101 0.151027 0.236705 0 0.00981295 0 0.00689751 0.284781 0.0051362 0.249164 0.0855617 0.398328 0 0 0 0.0217018 0 0 0.000482144 0 0.146676 0.0366979 0.0228383 0 0 0.00460251 0.000356193 0.0128022 0 0.0940664 0.0867335 0.0277522 0 0.0771178 0 0.0634178 0.15296 0 0.00209778 0 0.049098 0 0.062863 0.014737 0.0353807 0.104303 0.0297453 0.000573143 0 0 0.219987 0 0.0315646 0 0.028938 0.0127884 0 0 0 0.0235699 0.0516632 0.103106 0.015885 0.00627487 0 0.409193 0.00739896 0.312037 0.156043 0.305033 0.0602502 0.00811236 0 0 0 0 0.0125139 0 0.0114643 0.0473742 0 0 0 0 0 0 0 0.00794821 0.0166986 0.467522 0 0.0762951 0 0.0229523 0 0.182105 0.0283898 0.420705 0.0728801 0 0 0.109355 0.0407465 0.065233 0 0.0337676 0.00424374 0 0.089599 0 0 0.151907 0.0021426 0 0 0 0 0.0527327 0 0.0692097 0.0461682 0.0437994 0 0 0 0.0423288 0 0 0.0536816 0 0 0.00397028 0.0164331 0.0211762 0.203214 0.0897113 0 0 0 0.0641405 0 0.018349 0.107509 0.0714612 0.0106367 0 0.0676513 0 0.0122298 0 0.236544 0 0.0492095 0 0.0806601 0 0.101528 0 0.108054 0.244626 0 0.232377 0 0.279762 0 0.0429984 0 0.15938 0.00357592 0.0793808 0 0.0785198 0.00532661 0.00756852 0 0.00746351 0 0.00182509 0 0.0121882 0 0.079479 0.075412
111 10.1021 -0.00250585 -0.0900163 0.0116608 0.224314 -0.0689224 11.7408 0.0930016 -0.0978527 -0.00233043 -0.103887 0.0135641 0.192149 -0.0020158 -0.245877 -0.15012 -0.408459 0.0670038 0.0557908 0.342118 0.358244 0.338839 -0.0184343 0.171958 -0.0516452 0.0179074 -0.00462102 0.028008 -0.0721978 0.0378589 0.00710601 -0.100245 0.0251876 -0.0338514 0.155618 0.0323023 -0.0116398 0.154685 0.0473221 0.0502599 0.213901 0.166092 1.35017 0.346687 0.684769 0.0553083 -0.0046997 0.16496 -0.0502637 -0.0501298 0.435849 -0.21168 -1.38527 0.206355 0.636225 -0.000770353 -0.0773846 -0.421856 -1.49141 -0.539963 0.0144872 -0.116476 1.1505 1.7672 -0.136761 0.283089 -4.29487e-10 -1.3357 1.65162 -0.034818 -9.65396 -7.33355 -0.0961396 -0.701929 1.68191 -4.8002 1.09519 -0.447203 3.10015 0.297109 0.388256 0.110116 0.0176823 0.0414553 0.701269 0.220786 0.471591 -7.79428e-10 1.05409 0.333009 0.0602987 -0.450727 -0.307883 2.38475e-09 -0.396522 3.58217e-10 -0.937812 2.14854 0.386319 0.0730181 -1.59365 1.19881 -0.907303 4.35463e-09 -1.46266e-10 -5.60168e-10 0.494078 0.651349 -0.786923 0.104188 -0.1286 0.766712 -0.773416 0.223197 0.92686 11.734 0.0295167 -0.0841456 1.19151 0.0451755 0 0.022334 0 0.0148906 0 0.0671443 0.00736541 0.137542 0 0.0361274 0 0.0569319 0 0.058894 0 0.0614491 0.0134073 0.0802031 0.0747312 0.0822752 0.0594734 0.130466 0.120695 0.155977 0.113744 0.014446 0 0.0260265 0.0125065 0 0 0 0 0 0 9.73903e-05 0.00165008 0.0484355 0.0177203 0 0 0.0614687 0 0.187826 0.0123249 0.0687492 0.00904459 0.00683056 0 0 0.0201947 0 0 0.00467119 0.0134224 0 0 0.000930879 0 0.0113044 0.0105326 0.0251788 0.0302271 0.0140006 0.0224776 0.21345 0.130917 0.169041 0.107414 0.173517 0.130325 0.248624 0.259453 0.0408905 0.0372672 0.233136 0.137829 0.0100188 0.00225503 0.0375759 0.0351654 0.00197324 0 0.083642 0.117892 0 0.000567375 0 0 0 0 0 0 0 0.0214498 0.0144257 0 0 0 0 0 0.0253531 0.00489349 0.0332155 0 0 0 0 0.038734 0.000424355 0 0 0 0 0 0 0 0 0.292799 0 0.160233 0 0.0741837 0.00703159 0.0122279 0 0.0228697 0.0620761 0.167754 0.0185231 0.220024 0.238106 0.0390859 0.0075235 0.00488561 0.041855 0 0 0 0.0460941 0.0825649 0 0 0.032548 0 0 0 0.000831978 0 0 0 0.0353117 0.0196017 0.0557504 0.0430191 0.0931403 0.21462 0 0 0.00388207 0.00468314 0 0 0 0 0.106112 0.10808 0 0.0778099 0.0309909 0.207551 0 0.0856317 0 0.0865323 0.011436 0.0251923 0.0163458 0.0039874 0 0 0.0808222 0 0.00860486 0 0.361927 0.228778 0.177763 0.0747659 0.0750827 0.101815 0.120505 0 0 0 0.0162004 0 0.0658099 0.00667283 0.125908 0.186371 0.0118616 0.479222 0.00170759 0.448266 0 0 0 0.0333974 0.170165 0.14575 0.144855 0 0.107109 0 0.247982 0 0.460916 0 0.00769246 0 0.302041 0 0.156251 0.0518244 0.0267618 0.011465 0 0 0 0 0.165173 0.0491768 0 0 0.0253503 0 0.047276 0 0.0637631 0.133752 0.0666747 0 0.00738377 0.0197665 0.117361 0.0470473 0 0.0324593 0 0.139641 0.00576125 0.0988051 0.00147693 0.051303 0.721874 0.305243 0 0 0.0209695 0.0740948 0 0 0.0148104 0.0588795 0 0.0210172 0 0.0303782 0 0.10046 0 0.04793 0 0.0326183 0 0.0493935 0 0.0540965 0.133747 0.163067 0.145455 0.188693 0.156014 0.249302 0 0 0.137477 0.0948099 0.0390025 0.0559471 0 0 0.102474 0.0095166 0.0345326 0.019937 0 0 0 0 0.0480836 0.0580506
112 10.1355 -0.00701256 -0.145746 -0.00165354 0.222164 -0.0733171 11.7814 0.144418 -0.10909 0.00014183 -0.103887 -0.0346714 0.257789 0.00267037 -0.36144 -0.234011 -0.360536 0.0347396 0.109696 0.0791533 0.417905 0.402396 -0.0041552 0.193984 -0.0291177 0.00798524 0.0047764 0.0285037 -0.0511093 0.0423824 0.0178746 -0.0999999 0.0613032 -0.0179754 0.152471 0.0209477 -0.0374159 0.15468 0.0472982 0.0500431 0.178567 0.185996 1.37134 0.393407 0.665522 0.0732579 0.000622518 0.165119 -0.0444787 -0.050378 0.458207 -0.18981 -1.40577 0.204309 0.645542 0.0142109 -0.0971171 0.0926457 -1.29367 -0.52707 0.116271 -0.175609 1.21867 1.32806 -0.354002 0.119412 -3.15296e-10 -1.43105 1.67196 0.103262 -0.803293 -0.497728 0.730355 -1.11954 1.44329 -6.15487 -2.83342 -0.282541 -1.78244 1.12278 1.16099 -0.379821 0.15762 0.141801 0.328979 0.121142 0.320917 -1.10167e-09 1.39568 0.654594 -0.153017 -0.897955 -0.869187 2.77915e-09 -0.377028 1.86504e-10 -0.0944954 1.42646 0.59103 0.240922 -1.09077 1.05902 -0.248335 2.69581e-09 0.209588 -4.67229e-10 0.132607 0.646517 -0.712819 -0.0747414 0.271317 0.168474 -0.34872 0.224412 0.923093 11.7739 0.0342614 -0.131348 1.19993 0.042571 0 0.0233514 0 0.0112376 0 0.0750503 0 0.155513 0 0.0757993 0 0.0866609 0 0.0920481 0 0.0706528 0.0250344 0.11156 0.133597 0.142585 0.12357 0.166268 0.185759 0.212343 0.195009 0.10117 0.0358007 0.115975 0.0865254 0.0138155 0 0 0 0 0 0 0 0.0594136 0.0506822 0 0 0.117134 0 0.097024 0.044768 0.035023 0 0.0140795 0 0 0.0322161 0 0 0.00523869 0.0202865 0 0 0.00337005 0 0.0128201 0 0.00215281 0.0180449 0.00620664 0.014067 0.0583254 0.00582601 0.0326811 0.0164353 0.0568169 0.108855 0.10767 0.144734 0.0397195 0.0166738 0.142402 0.00229822 0.0124109 0.00381353 0.0368009 0.0250737 0.0111256 0 0.0279026 0.0802489 0 0.000139196 0.00650489 0 0.00570571 0.0332367 0.00918141 0.0304754 0 0.0406901 0.00324206 0.00846355 0 0 0 0 0.0232468 0.0145767 0 0 0 0.0237118 0 0.0112059 0 0 0 0 0 0 0 0 0.0252195 0.319883 0 0.125415 0 0.00239091 0 0 0 0.011307 0 0.179711 0.00467887 0.250393 0.194642 0.0741685 0.00249153 0.00813915 0.0602204 0 0 0 0.0266059 0.168204 0.0138222 0.00738103 0.0131046 0 0.00196986 0 0 0 0 0 0.00681326 0.0257518 0.00819292 0.0449235 0.0440617 0.280194 0 0 0.0177877 0.0130503 0 0 0.0196522 0 0.0183933 0.198271 0.0160648 0.0150448 0 0.0414685 0 0.0347353 0 0.03594 0 0.0151763 0 0.00196032 0 0.00854025 0.129728 0 0.00189037 0.00103628 0.278789 0.306409 0.15827 0.0981727 0.042956 0.11578 0.157648 0 0 0 0 0 0.0508088 0 0.139784 0.209663 0.0154721 0.546224 0.00033255 0.496763 0 0 0 0.0268554 0.073514 0.156285 0.163116 0 0.120682 0 0.379523 0 0.456591 0 0 0.00766975 0.323989 0 0.0901268 0.0405523 0.0510715 0.0286512 0 0 0 0 0.219957 0.053691 0 0 0.0434612 0 0 0 0.00811826 0.208156 0.0884218 0 0.00070857 0.0236396 0.113198 0 0 0.0171287 0 0.18766 0.000722996 0.138802 0.0129482 0.0920159 0.252459 0.264357 0 0 0 0.0721107 0 0 0 0.0420932 0 0.024639 0 0.00928091 0 0.101133 0 0.0359456 0 0.041746 0 0.0510233 0 0.0469716 0.0739383 0.198532 0.0897987 0.250763 0.102264 0.327078 0 0 0.157927 0.117571 0.114765 0.0211677 0 0 0.0900737 0.0111835 0.0349876 0.0191461 0.00952661 0 0.0442934 0 0.049441 0.0981012
113 10.1688 -0.0233195 -0.182856 -0.0258172 0.220346 -0.080786 11.824 0.214093 -0.128702 0.00664897 -0.103887 -0.0859764 0.315797 0.0132701 -0.300486 0.0259023 -0.32537 0.0440973 0.158337 -0.0440609 0.178279 0.3023 -0.0588275 0.226973 0.0125464 0.013267 0.0152796 0.0376515 -0.0373144 0.0408985 0.0302591 -0.100482 0.111152 -0.00121891 0.153289 -0.0150158 -0.0518378 0.154658 0.0482231 0.0501149 0.169238 0.180758 1.39259 0.481837 0.67068 0.0520134 -0.011642 0.164967 -0.05062 -0.0508872 0.495341 -0.175671 -1.41998 0.21514 0.657007 0.0113965 -0.0740056 -0.386428 -0.973055 -0.737301 0.199299 -0.288121 1.28127 1.97893 -0.53288 0.100967 -4.57135e-10 -1.59692 1.57391 0.176329 7.4778 16.6377 0.589106 0.386606 1.30574 -1.99619 -6.70019 -5.53907 -0.587086 0.457849 0.493248 -0.099217 0.269279 0.388344 0.422492 -0.0781269 0.298594 -6.80938e-10 1.18502 0.530625 -0.00382359 -0.897825 -0.224987 4.92559e-09 -0.401308 3.40937e-10 -0.372343 0.996253 0.653524 0.385272 -0.651745 1.50777 -0.585659 1.34564e-09 0.0216448 -3.77663e-10 0.248906 0.528265 -0.581078 0.0474564 0.180157 -0.00288274 0.254251 0.225649 0.917054 11.814 0.033494 -0.219104 1.20232 0.0402236 0.000592202 0.0195673 0 0.00898959 0 0.0493318 0.0147336 0.134697 0 0 0 0 0 0 0.00877976 0.0733564 0.0277204 0.0033968 0.273013 0.029959 0.283964 0.0128493 0.366873 0.0201645 0.394279 0.0646011 0.207846 0.0672128 0.332041 0.132449 0 0.110135 0 0.120103 0 0 0.00486722 0.0403944 0.0933087 0.0236377 0 0.372449 0 0.0280972 0.0562823 0.010567 0.0213482 0.032679 0 0 0.0472916 0.0159538 0 0.0113791 0.00903362 0.0165608 0 0.00528158 0 0.0047412 0.0237543 0 0.0248589 0 0.0229316 0.00559088 0 0 0 0 0.0696552 0 0.138146 0.0351035 0.0466242 0 0 0.0112048 0.00757209 0.0353121 0.0458167 0.00611175 0 0.0214923 0.114507 0 0 0.0191424 0 0.0189079 0 0.0232478 0 0.0143558 0 0.0088053 0 0.00554397 0 0.0120638 0 0.0284755 0 0.0384262 0.0857413 0 0.140043 0 0.0195262 0 0 0.0156887 0 0.0143753 0 0.113349 0 0.161308 0.324847 0.0154666 0.00787132 0 0 0 0 0 0.0455951 0 0.223374 0 0.319423 0.0483785 0.160988 0.00631834 0.0199842 0.0628043 0 0.00818261 0 0.0110063 0.163296 0 0.0133616 0.0286664 0 0.00774925 0 0 0 0.01243 0 0 0.0458141 0.00472979 0.0467516 0 0.252835 0 0 0.091559 0.102039 0.0251212 0 0.0434296 0 0.0381818 0.163432 0.0191155 0.042977 0 0.220986 0 0.0468595 0 0.0501972 0 0.0133884 0 0 0 0.0257304 0.128139 0 0.00150843 6.81393e-05 0.143218 0.356731 0.216949 0.0724455 0.0248042 0.137799 0.12085 0.00255879 0 0 0.0993036 0 0.165721 0 0.0791371 0.166301 0 0.710875 0 0.663987 0 0 0 0.0142108 0 0.201235 0.156367 0 0.136974 0 0.447084 0 0.343802 0 0 0.0112218 0.262829 0 0.0620863 0.155441 0.0546997 0.0258442 0 0 0 0 0.218851 0.0583842 0 0 0.0574719 0 0.0137431 0 0.01097 0.162152 0.083776 0 0.0035005 0.0446782 0.0261089 0.200984 0.00361086 0.0112169 0 0.225964 0 0.16788 0 0.0613543 0 0.154335 0 0 0 0.116856 0.00394731 0 0 0.0869511 0 0.0760967 0 0.0144341 0 0.224126 0 0.065175 0 0.0701029 0 0.09805 0 0.0899203 0 0.273841 0 0.385539 0 0.476612 0 0 0.138875 0.0696001 0.0871665 0.00809252 0 0 0.130359 0.00663285 0.0252187 0.00141484 0.0152199 0 0.0599931 0 0.0515339 0.118159
114 10.2021 -0.0386957 -0.198802 -0.0533166 0.219235 -0.0917414 11.8681 0.287258 -0.140151 0.0148967 -0.103746 -0.134749 0.344969 0.0219051 0.0499722 0.0728663 -0.322075 0.0710199 0.187201 -0.046011 0.0217697 0.0850939 0.01376 0.231064 0.0196831 0.00790312 0.0219758 0.0529798 -0.0169 0.0430449 0.0385644 -0.101555 0.152948 0.0170003 0.158421 -0.0547166 -0.0649959 0.154661 0.0480673 0.0501028 0.138394 0.17489 1.41504 0.498554 0.650676 0.0625414 -0.0204106 0.164967 -0.05062 -0.0508872 0.479649 -0.161441 -1.42828 0.192791 0.669487 0.00372835 -0.0481381 -0.459895 -0.122841 -0.834697 0.25603 -0.412232 1.315 2.21756 -0.280161 0.211679 -1.44397e-10 -1.73835 0.558352 0.0326146 0.00271765 0.0038023 0.0395922 0.606441 0.722556 0.451929 -2.7885 -5.758 3.01883 0.091637 0.276685 -0.300716 0.256514 0.511089 0.52799 0.042569 0.219046 -9.26911e-10 0.8747 0.626318 0.109032 -0.904147 -0.298557 7.64563e-09 -0.119401 6.16367e-10 0.0648848 0.443115 0.250706 -0.208726 -0.799135 -0.201234 -0.199006 3.79411e-09 -1.28791e-10 -5.58568e-10 -0.27771 0.150597 0.1641 0.0378346 0.429301 0.743328 0.413485 0.226743 0.907343 11.8541 0.0292057 -0.334522 1.20935 0.0683187 0 0.0474461 0 0.0347145 0 0.0769801 0 0.157128 0 0.0488298 0 0.054151 0 0.050192 0 0.0886419 0.0378406 0.00819876 0.226169 0.0335066 0.236246 0.0127321 0.318658 0.0216947 0.304264 0.0730907 0.264474 0.0904465 0.349803 0.151594 0.00500615 0.123991 0 0.141505 0 0 0.00583725 0.0650157 0.189054 0.00451683 0 0.280588 0 0.0277035 0.0680195 0.00410056 0.0141495 0.0168012 0 0 0.0457525 0.00166877 0 0.00275589 0.0112373 0 0 0.00333683 0 0.0270637 0.0247359 0 0.0138831 0 0.0177476 0.0343253 0 0.0212876 0 0.025712 0 0.0515184 0.0472727 0.0566707 0.0433929 0.0151316 0 0.0183613 0.011022 0.0494189 0.0439552 0.0231241 0 0.00799106 0.0946306 0 0 0.031256 0.0521028 0.027045 0.037214 0.0287173 0.0460608 0.00903297 0.102026 0 0 0.0032718 0 0.00661048 0.00637278 0.0188436 0 0.0186028 0.206935 0 0.181767 0 0.0101715 0 0 0.0205217 0 0.0309968 0 0.132773 0 0.145257 0.254874 0 0 0 0 0 0 0 0.0649252 0 0.143776 0 0.191032 0.00879056 0.140378 0 0.0204423 0.0766946 0.00980318 0.00120685 0 0.0165607 0.200725 0 0.023575 0.0508577 0 0.0168697 0 0 0 0.0145652 0 0 0.0340748 0 0.0290623 0.053812 0.279409 0 0 0.108925 0.16135 0.00266657 0 0.0267976 0 0.0828181 0.148099 0.018427 0 0 0 0.00961889 0.042769 0.022292 0.0480849 0 0.004364 0 0 0 0.0443647 0.137538 0 0 0 0.113906 0.267319 0.12806 0.0409318 0 0.155714 0.184919 0 0 0 0.0797278 0 0.119008 0 0.0952224 0.156343 0 0.58278 0 0.534776 0 0 0 0.0212682 0 0.143302 0.209989 0 0.201901 0 0.277526 0.0190323 0.229333 0 0.00750998 0 0.13067 0.00603654 0.177242 0.253134 0.0532734 0.00253373 0 0.0595452 0 0 0.286661 0.0498083 0 0 0.0715257 0 0.0235103 0 0.0423049 0.180535 0.122402 0 0 0.0446804 0.127754 0.364007 0 0 0 0.186036 0 0.117229 0.00819428 0.059341 0 0.119087 0 0 0.0013433 0.122042 0 0 0 0.0960671 0.00329663 0.0484869 0.00281629 0 0.014402 0.10625 0 0.00965185 0.000483155 0.0419116 0 0.0486748 0.00201769 0.0493586 0 0.229505 0 0.319512 0 0.384553 0 0 0.151222 0.0151469 0.144326 0 0.00511311 0.00136465 0.107356 0.00205094 0.0303606 0 0.0156336 0 0.0344668 0 0.0540645 0.142515
115 10.2355 -0.0413516 -0.184868 -0.0597684 0.22069 -0.103115 11.9137 0.321859 -0.124677 0.00809051 -0.0566011 -0.207754 0.317689 0.0239991 0.0442216 0.065039 -0.333552 0.083612 0.165507 -0.0201457 0.0291452 -0.0138121 0.0695487 0.221325 0.0161896 -0.00794125 0.020667 0.0524379 -0.0114638 0.04821 0.0386636 -0.100249 0.17758 0.0366676 0.173098 -0.0848724 -0.0784343 0.154609 0.0502262 0.0502706 0.136185 0.166177 1.4207 0.494599 0.651467 0.0694971 -0.0159357 0.165009 -0.0489338 -0.0507474 0.447425 -0.145454 -1.41397 0.180076 0.677113 0.0321335 -0.071188 -0.0570619 0.750078 -0.0968104 0.349968 -0.38526 1.34007 0.944268 0.429672 -0.310787 1.5137 -1.71512 -1.10184 -0.44812 -0.653116 -0.889463 -0.078429 0.204987 -1.00803 0.669877 0.255155 -1.22918 0.527456 0.00620287 0.042681 -0.546747 -0.0370045 -0.06393 0.122374 0.105789 -0.00903761 -1.2915e-09 0.851507 0.517262 0.41562 -0.994331 -0.264166 7.32082e-09 3.37815e-10 6.76492e-10 0.181164 -0.504628 -0.114607 0.108131 0.0327893 0.0919336 0.0161682 4.84848e-09 -0.0932388 -5.95212e-10 -0.356878 0.0196618 0.793219 0.0550952 0.203479 0.489658 -0.505295 0.227846 0.896584 11.8952 0.040807 -0.327254 1.24197 0.042758 0 0.0249266 0 0.00654861 0 0.0866654 0.0193999 0.215536 0 0 0 0 0 0.00178738 0.00456713 0.074444 0.0794969 0.0189655 0.197772 0.0306762 0.178167 0.0268011 0.280743 0.0392969 0.258849 0.0677726 0.0734372 0.0812329 0.160119 0.0777341 0 0.0803488 0 0.100887 0 0 0.00384648 0.0488848 0.242943 0 0 0.191191 0 0 0.00758996 0.00461766 0.00647499 0.0239778 0 0 0.0384163 0 0 0.00871673 0 0.000760924 0 0.00310104 0 0.0123621 0.0103936 0 0 0.00110061 0.00107635 0.0951897 0 0.075693 0 0.0783926 0 0.129974 0 0.0378249 0.026712 0.0981428 0 0.0127272 0.0180051 0.0346186 0.0403501 0.0110088 0.0150135 0.0111037 0.0416693 0 0.00118528 0 0.088024 0 0.0626308 0 0.084484 0 0.18183 0 0 0 0.0686047 0 0.0725722 0.0176345 0.0185406 0.00783954 0.156694 0.0051185 0.5819 0 0 0 0 0.0153207 0 0.0260388 0 0.0976371 0 0.0883942 0.496231 0.0302583 0.125575 0 0.00161231 0 0 0.0026924 0.0455021 0 0.179939 0 0.311048 0.0276273 0.115268 0 0 0.0745308 0.00923683 0 0 0.0500491 0.191415 0 0.013581 0.0195163 0 0 0 0 0 0 0 0.00186926 0.0142204 0 0.022546 0.082999 0.287276 0 0 0.0675385 0.11863 0 0 0.0158765 0 0.0657479 0.117803 0 0.0185337 0.00212934 0 0 0.0318286 0 0.0334679 0 0 0 0 0 0.0148269 0.139976 0 0 0 0.198023 0.305776 0.125413 0.0189912 0 0.115464 0.146252 0 0 0 0.0868301 0 0.171337 0 0.139881 0.253835 0 0.620621 0 0.582177 0 0 0 0.0201849 5.41508e-05 0.160183 0.194707 0 0.156964 0 0.210734 0.150319 0.114164 0 0 0 0.0778831 0.0452941 0.13594 0.270863 0.047681 0.00485028 0 0.443646 0 0.069105 0.218914 0.0606153 0 0 0.0451601 0 0.0232634 0 0.0390317 0.165578 0.109503 0 0 0.0219132 0.115253 0.375678 0 0.00595631 0 0.206849 0 0.148421 0 0.0887153 0.452898 0.0687665 0 0.0593243 0 0.101399 0 0 0 0.0766868 0.00809311 0 0.00639577 0 0.0205542 0.000846624 0.00202026 0 0.00777886 0 0.0108844 0.00182942 0.0106991 0 0 0.253522 0.000841911 0.364789 0 0.42369 0 0 0.215035 0.140832 0.124371 0.0200637 0 0 0.182717 0.00482752 0.0508415 0.0402432 0.00507768 0 0.0156332 0 0.0473983 0.141899
116 10.2688 -0.0531973 -0.174108 -0.0771099 0.222784 -0.113383 11.9611 0.335336 -0.123494 0.0068543 0.0478488 -0.241268 0.311127 0.0146967 -0.0211336 -0.0240045 -0.3202 0.0941551 0.148481 0.0266095 0.0818191 -0.06902 0.0911914 0.21999 0.0169576 -0.0159557 0.0196967 0.0582154 -0.0054735 0.0484866 0.0438573 -0.102165 0.149009 0.0466091 0.193689 -0.0687696 -0.0747508 0.154611 0.0501434 0.0502641 0.110414 0.171414 1.41782 0.424274 0.651595 0.0580243 0.00154873 0.164975 -0.050314 -0.0508619 0.430379 -0.142499 -1.39407 0.166775 0.666359 0.0381098 -0.069768 -0.488586 0.318605 -0.56111 0.344397 -0.345665 1.43869 0.402035 -0.089902 0.00604174 3.31581 0.188195 0.0163706 -0.432741 -3.07911 -4.19541 0.886333 0.298312 -0.366525 1.37302 1.7649 -1.4127 0.608 0.0801904 0.0325036 -0.364841 -0.0843233 0.162836 0.262717 -0.0298883 0.245638 -1.6767e-09 -0.653947 0.235963 0.427795 0.2036 0.0856739 7.34873e-09 9.21616e-10 7.67844e-10 0.0700592 -0.115412 -0.344306 -0.840164 0.971975 -2.15374 0.697336 2.40047e-09 -3.57989e-10 -4.13753e-10 0.262784 0.0510513 0.732916 -0.204043 -0.258766 0.143122 -0.0767265 0.229364 0.886159 11.9376 0.0542545 -0.292491 1.29507 0.069939 0 0.0463291 0 0.0269432 0 0.0896704 0.00259005 0.175023 0.00644054 0 0.00814635 0 0.0394541 0 0.0642578 0.0461682 0.119198 0 0.127688 0 0.0826877 0 0.194508 0 0.118595 0 0.00561355 0 0.0411252 0.0230359 0 0.036585 0 0.067035 0 0 0.00449388 0.0419542 0.321157 0 0 0.110785 0 0.00148615 0 0.00551382 0 0.0161738 0.0254422 0 0.0232929 0 0 0.00534144 0 0 0 0.000999642 0 0 0.0014014 0.00879522 0 0.00393886 0 0.109071 0 0.0873928 0 0.0937208 0 0.158825 0.00696565 0.0148053 0.0117366 0.117654 0 0.00476252 0.025481 0.0189722 0.0346032 0 0.0647673 0.0280991 0 0 0.00137359 0 0.0539708 0 0.027016 0 0.0549482 0 0.196271 0.00831685 0.0234761 0 0.0430419 0 0.0468187 0.0210321 0.0405713 0.00016669 0.214089 0.00597413 0.629064 0.0198304 0 0.0261492 0 0.056141 0 0.00944365 0 0.0525431 0 0.10476 0.674901 0.0613917 0.194174 0.0161691 0 0.0177457 0 0.0137649 0.00405222 0 0.125448 0 0.361748 0.00252851 0.010729 0 0 0.0301579 0.00385952 0 0 0.0779126 0.261411 0 0.0182764 0.0764548 0 0.00186078 0 0.000201249 0 0 0 0 0 0 0 0.140039 0.399192 0 0.000781835 0.0465827 0.307104 0 0 0.0109363 0 0.135388 0.185951 0 0.0674789 0.0234427 0.0547702 0 0.0525255 0 0.0534413 0 0 0 0 0 0.0038284 0.0985416 0 0 0 0.256163 0.271041 0.187271 0.0323462 0.0110545 0.180419 0.11772 0 0 0 0.156799 0 0.2575 0 0.137865 0.205882 0 0.662928 0.00227187 0.609615 0 0 0 0.021033 0.00211773 0.133076 0.251255 0 0.242729 0 0.139769 0.0757006 0.0892381 0 0.0211462 0 0.0581202 0.0356124 0.144612 0.265937 0.0174598 0 0 0.432429 0 0.127501 0.306593 0.0437507 0.00172827 0 0.0653473 0 0.0657335 0 0.0686926 0.258778 0.0583492 0 0 0.00250122 0.0712073 0.370792 0.00718709 0.0305135 0 0.19261 0 0.164398 0 0.162108 0.502031 0 0 0.0641455 0.00746564 0.0695269 0 0.00671663 0.0055156 0.0528189 0.0015529 0 0 0 0.00309697 0.0464049 0 0 0.00194807 0.0166176 0.00196999 0.0251019 0.00149866 0.0201903 0.000761036 0.291436 0 0.328377 0 0.346541 0 0 0.319072 0.0502387 0.142275 0.0113495 0 0 0.233694 0 0.0448154 0.017361 0 0 0 0 0.0748806 0.179101
117 10.3021 -0.060121 -0.166326 -0.10812 0.225247 -0.121748 12.0108 0.289951 -0.148254 0.00950738 0.244126 -0.180202 0.335202 -0.0180059 -0.201796 -0.267844 -0.291453 0.101194 0.143561 0.0602884 0.194315 -0.111304 0.144845 0.173275 -0.0512843 -0.0318415 0.0131542 0.0717904 -0.000174957 0.048542 0.054861 -0.100871 0.107349 0.0514165 0.211132 -0.0419302 -0.0601905 0.154588 0.051071 0.0503362 0.0895798 0.176868 1.40552 0.332415 0.659409 0.0272597 0.00322817 0.164088 -0.0506502 -0.0509133 0.404355 -0.145279 -1.38151 0.123412 0.657094 0.0544243 -0.0885409 -0.492445 0.669148 -0.733229 0.370385 -0.306038 1.48487 -1.2742 -0.727501 0.223167 5.99149 3.16008 0.390364 -0.742482 -5.17328 -7.24734 1.23513 0.547777 -0.314266 0.0692239 10.103 -6.24672 6.81518 -9.10239 -10.5969 -0.271431 -0.360244 0.208413 0.0743717 0.0463331 0.276565 -2.71692e-09 -1.30401 1.48489e-10 0.4337 0.922094 0.340844 6.81432e-09 7.2669e-10 7.05092e-10 -0.250924 -0.699033 -0.437572 -0.624301 1.56313 -1.72261 0.717105 -0.421369 -6.58347e-10 -1.96135e-10 0.729488 0.239044 0.641224 -0.417099 0.461716 0.775664 -1.07672 0.231185 0.877066 11.9825 0.0658555 -0.25322 1.39154 0.0513448 0 0.0351406 0 0.0166169 0 0.129626 0 0.0972137 0.117105 0.131952 0 0.160652 0 0.154132 0 0.0498616 0.118018 0.0444488 0.0221655 0.040239 0.00521651 0.0829548 0.0401778 0.12135 0.00478685 0.000846326 0 0.0137808 0 0 0 0 0 0 0 0 0.00442284 0.072715 0.290035 0 0 0 0 0.157817 0 0.0761101 0.00205453 0.0418255 0.00639473 0.00339966 0.0092154 0 0 0 0.00366418 0 0 0 0 0.00158039 0.0022991 0.0181132 0 0.00599248 0 0.493517 0 0.479621 0 0.478519 0 0.568758 0.0373385 0.0170204 0.00669802 0.502622 0.027094 0.00526315 0.0240914 0.0175903 0.0285408 0.0163351 0.0802151 0.0270054 0 0 0.000910347 0.0156311 0.00279737 0.00672971 0 0.00636978 0.00405444 0 0.176456 0.0315392 0.0495463 0 0.00587598 0 0.0106688 0.0321313 0.0530628 0 0.208545 0.00195966 0.53362 0 0 0.00266127 0 0 0 0.0117337 0 0.0125277 0 0 0.536543 0.000128448 0.0716478 0.063869 0 0.0413601 0 0 0 0.165107 0.009541 0.090804 0.159118 0.196225 0 0.0406922 0 0 0 0 0 0.135002 0.28587 0 0 0.0581136 0 0 0 0.0230916 0 0 0 0.0713078 0 0.122689 0 0.282487 0.494341 0.000361981 0.00199958 0 0.192292 0 0 0 0 0.175862 0.152271 0 0.0935679 0 0.110218 0.188395 0.0617413 0.188478 0.0640406 0.0853129 0 0.0847285 0 0 0 0.104535 0 0.00625562 0 0.240157 0.243158 0 0.20415 0.00863236 0.151865 0.133169 0 0.00338406 0 0 0.00942374 0 0.147441 0.321268 0.179279 0 0.426945 0.00472628 0.375858 0 0 0 0.029142 0.287309 0.0413926 0.253923 0 0.200537 0 0.0167076 0 0.135645 0 0 0 0.110622 0 0.144336 0.209187 0 0 0 0.259799 0 0.13562 0.303017 0 0 0 0.0277991 0 0.117509 0 0.120964 0.260089 0.0109414 0 0.0281259 0 0.0439053 0.29947 0 0.0213699 0.0453248 0.0703344 0.0071616 0.0558125 0.0223546 0.182839 0.922311 0 0 0.0094802 0 0.0474329 0 0.00229187 0 0.0428944 0 0.0126077 0 0.00220996 0 0.249176 0 0.0301545 0.00131691 0.0833515 0 0.126946 0 0.0927298 0.155103 0.131956 0.220305 0.0930891 0.264529 0.0795062 0.00963023 0 0.441257 0.0889713 0.339119 0 0 0 0.0465512 0.118322 0.0927168 0.0291743 0 0 0 0 0.0687096 0.147562
118 10.3355 -0.0716267 -0.126381 -0.100525 0.228931 -0.124148 12.0564 0.185845 -0.164832 -0.0140636 0.506557 0.0986779 0.310951 -0.0600111 -0.535291 -0.624906 -0.28258 0.111664 0.131202 0.144854 0.217126 -0.190209 -0.0147635 0.0255269 0.0478195 -0.025626 -0.00205573 0.0386292 -0.00490533 0.0383619 0.0659558 -0.101804 0.164646 0.0507422 0.229881 -0.118503 -0.0507315 0.154396 0.0520302 0.0510324 0.0866676 0.19894 1.38918 0.22768 0.657629 -0.00262036 0.0230632 0.146903 -0.0505076 -0.0513265 0.397066 -0.145881 -1.35894 0.115708 0.68816 0.074371 -0.0959939 -0.608979 1.60331 0.269261 0.320484 -0.0713259 1.32884 -2.61566 0.36578 -0.168542 7.18893 6.18907 -1.67397 5.39328 -0.492473 -1.6659e-07 1.02765 0.467867 0.0458395 1.83691 -2.4161 -2.06823 -8.66968 -13.7307 -0.0947211 0.0118151 -0.0898077 -0.395679 0.430191 -0.334111 -0.183395 -2.00185e-09 3.11825 1.09045e-09 0.763022 -3.67732 0.873117 7.26039e-09 5.218e-10 2.76594e-10 0.0108925 -0.957709 -0.384279 -0.0694051 2.12697 -1.80883 1.61367 1.7389 -6.14882e-10 -1.57477e-10 -0.168215 -2.64555 1.88384 0.0358673 1.28647 0.311995 -0.497341 0.235014 0.874795 12.0281 0.140136 0.0170592 1.32821 0 0.0373203 0 0.0262694 0 0.0140149 0.0201836 0.0618028 0.00448379 0.123866 0.00413652 0 0.0099786 0 0.0199137 0 0.0498662 0.10672 0.0265362 0.0406914 0.0294267 0.0433428 0.032104 0.0685358 0.0435005 0.0432197 0.0175642 0.0498651 0.0275536 0.0366415 0.0158544 0.00138444 0.00860536 0 0 0 0 0.00798737 0.0181174 0.250644 0 0 0.00173902 0 0 0 0 0.00224071 0.0427971 0 0 0 0 0 0 0.0075317 0 0 0 0 0 0 0.0018115 0 0 0 0.215244 0.215984 0.208729 0.16904 0.241313 0.185277 0.404868 0.32271 0 0 0.21869 0.286484 0.000839817 0.0198485 0.00422779 0.0163497 0.00464045 0.0835963 0 0 0 0.000397816 0 0 0 0 0 0 0 0.0791187 0.0314111 0.0466643 0 0 0 0 0.0413477 0.0522994 0.107918 0 0.187118 0 0.0219314 0 0.022362 0 0.0266662 0 0.0255842 0 0.0102767 0 0.0197142 0.0902605 0.0165517 0 0.00390977 0.00123209 0.0194741 0 0.00727452 0 0.0128842 0.00510535 0 0.00950503 0.0293853 0 0.000231848 0 0 0 0 0 0.0651235 0.257134 0 0.20829 0.0331108 0 0 0 0.0147396 0 0 0 0.00305843 0 0.00428859 0 0.152927 0.548613 0 0.00330898 0 0.155564 0 0 0 0 0.122994 0.280559 0.282877 0 0.533663 0.0134007 0.171272 0.0673778 0.172301 0.0668149 0 0 0 0 0 0 0.00630285 0 0 0 0 0.277777 0.0160379 0.191545 0.0314135 0.0908087 0 0.114158 0 0 0 0.098474 0 0.156847 0.114012 0.0528377 0.100014 0.188671 0.0899563 0.175929 0 0 0 0 0.000354396 0.0229019 0.0758911 0.025945 0.0732722 0 0 0.0298665 0 0 0.00491507 0.007125 0 0 0.020581 0.202732 0.00135184 0.00912316 0 0 0.0137868 0 0.319207 0 0 0 0.00304329 0 0 0 0.100987 0.306266 0 0 0 0 0 0.205848 0.00678748 0 0.0155597 0.0199549 0.0151823 0.0118667 0.0696876 0.184964 0.00123962 0.674401 0.0223696 0.00493865 0 0.0455971 0.0047241 0.0105197 0 0.0574248 0.0494304 0 0.0540662 0 0.159282 0.189081 0.0708221 0.0581257 0.0570046 0.0419856 0.0810999 0.0823598 0.0699686 0.0132259 0.00307122 0.0723031 0.0101548 0.0401538 0.0171031 0.0199486 0 0 0.0961976 0.254769 0.21143 0 0.00301708 0 0 0.128841 0.0339199 0.0492477 0 0 0 0 0.0304442 0.232115
119 10.3688 -0.0662214 -0.0959008 -0.069167 0.236247 -0.117946 12.0964 0.0333391 -0.14549 -0.0517689 0.744251 0.435306 0.248259 -0.0274806 -0.48528 -0.602562 -0.236333 0.125085 0.0800078 0.137657 0.171462 -0.224272 0.00547344 0.0257356 0.0482086 -0.0264085 0.00514979 0.0173472 -0.00992041 0.0340651 0.0457779 -0.10209 0.175812 0.050286 0.230493 -0.145094 -0.0504081 0.154436 0.0504279 0.050908 0.150887 0.244242 1.36676 0.156971 0.6683 -0.0294845 0.0374291 0.15201 -0.0506417 -0.0512006 0.372648 -0.151558 -1.32925 0.177056 0.705052 0.031285 -0.0396061 0.235993 1.02212 0.593841 0.295834 0.177066 1.15248 -4.10034 0.425966 -0.240245 4.80023 8.148 -2.80174 3.32466 1.69476 2.07061 2.12004 0.387648 -0.968188 -1.67193 -0.579516 -1.10412 0.629524 0.00587703 0.00797681 -0.0288167 0.16017 -0.284203 -0.13138 -0.0213967 -0.484198 -1.34715e-09 -0.0143863 1.41447e-10 -0.0288903 -0.323026 0.0836433 3.40754e-09 6.10445e-10 1.83143e-10 0.109308 -1.03217 0.0306582 -0.194655 1.87815 -1.50257 0.847219 2.06366e-09 -1.86301e-11 -1.77149e-10 -1.09635 -1.09766 0.800961 0.387054 -0.215931 -1.82041 1.40846 0.238627 0.881343 12.0705 0.104138 0.23202 1.23296 0 0.0665207 0 0.0474652 0 0.0339511 0 0.0607067 0 0.0491886 0 0.16234 0 0.165744 0 0.166692 0.0050049 0.0830091 0 0.115779 0 0.128768 0 0.171687 0 0.18078 0 0.0854018 0 0.106792 0 0 0.0295998 0 0.0897302 0.000984916 0 0.0020751 0 0.13728 0.0589519 0 0.0555422 0 0 0 0 0 0.0182424 0.0112255 0 0 0.00375973 0 0.0273295 0.00947733 0 0 0 0 0 0 0.0636337 0 0.0195617 0 0.0406565 0.0178742 0.0396252 0.00667855 0.0575681 0.0102714 0.123834 0.0475549 0 0 0.0323554 0.0833602 0 0.0127453 0.00507262 0.0146968 0 0.0533907 0.0950828 0 0 4.71669e-05 0 0 0 0 0 0 0.00761435 0.0373385 0.0195525 0.0454756 0 0.0168113 0 0.0203542 0.0239264 0.0482543 0.0980247 0 0.354671 0 0.182892 0.000541253 0.0935159 0 0.134867 0 0 0 0.0340248 0 0.313654 0.00117749 0.303106 0 0.223891 0.00419564 0.151024 0.0001926 0.0508793 0 0.0490919 0.08012 0.0545837 0.0575534 0 0.0555599 0 0.010275 0 0 0 0 0.0777312 0.164691 0 0.200569 0.0187865 0 0 0 0 0 0 0.0127595 0 0.0215495 0 0.0342731 0.112501 0.422869 0 0.00114082 0.0521792 0.0560076 0.00828792 0 0.0170882 0 0.0952133 0.235766 0.122746 0.0037799 0.206936 0.03394 0.0581898 0.00665379 0.0600319 0.00608463 0 0.0135409 0 0.00465232 0 0 0 0 0 0 0 0.265518 0.047138 0.0834193 0.0269248 0.0143975 0 0.114815 0 0 0.0171328 0.00998819 0.0736515 0 0.0313208 0.0427625 0.0569128 0.386718 0.0343674 0.378927 0 0 0.00187436 0 0 0.0937836 0.0645862 0.0143697 0.0529137 0 0.092463 0 0.0611034 0 0.0083969 0 0.0703444 0 0 0.040306 0.0097745 0.0302866 0.0553559 0 0.0145946 0 0.181292 0.12048 0 0 0.00779045 0 0.00131027 0 0.0893016 0.247741 0 0 0 0.0179712 0 0 0.0498461 0 0.000368169 0.118042 0.0269184 0.0572415 0.0665143 0.161551 0.130311 0.0707426 0 0.0521441 0.008704 8.36961e-05 0.0372388 0.0112802 0.00850799 0.00907982 0.0526778 0 0.0576096 0 0.162215 0.163645 0.067248 0.0553186 0.0582305 0.0309076 0.083454 0.0755338 0.0791562 0 0 0.132381 0 0.160538 0 0.1937 0 0 0.0241993 0.180964 0.063484 6.78003e-07 0 0.0344042 0.0347551 0.00746104 0.00814272 0.0326096 0 0 0 0 0.0612237 0.172414
120 10.4021 -0.0575853 -0.0696398 -0.0910109 0.238893 -0.10744 12.1341 -0.0786209 -0.126585 -0.0112185 0.810384 0.823195 0.0534938 -0.00218511 -0.608695 -0.580158 -0.157471 0.160047 0.0919695 0.0568369 0.15893 -0.285495 0.0103694 0.0284558 0.0519262 -0.0223379 0.0165145 0.0340662 -0.0222798 0.0203849 0.0459327 -0.100318 0.110371 0.0534858 0.229307 -0.0865812 -0.0368866 0.15443 0.0506797 0.0509276 0.244398 0.287356 1.34606 0.108498 0.6782 -0.0245428 0.00456426 0.152201 -0.0429739 -0.0506146 0.310631 -0.174229 -1.32374 0.168484 0.683334 0.0232691 -0.027539 0.237543 0.794655 -0.96474 0.0800776 0.248958 1.13798 -2.9632 0.406599 1.80008 1.462 1.85032e-10 -4.97379 6.25866 -2.48836e-09 1.1569 2.31913 0.709197 1.04218 -2.58953 -0.20271 -1.6278 0.146334 -5.45993e-05 -4.81046e-05 -0.0725025 0.324181 0.562305 -0.245532 -0.429851 0.216094 -1.32201e-09 -2.46334 2.29119e-10 -0.188158 2.35948 0.282082 4.78792e-09 4.26929e-10 1.85204e-10 0.512446 -1.08231 0.215286 -0.244289 0.936267 -0.535329 -0.101907 1.88093e-10 0.0740861 -3.39746e-11 -1.0537 -1.51895 0.438022 -0.372579 0.0953931 0.0444789 -0.363167 0.241317 0.890774 12.1104 0.0687673 0.2786 1.18061 0.0181017 0 0.0170469 0 0.0159973 0 0.0111289 0 0.0341302 0.0161343 0.0644791 0.150813 0.0533228 0.148503 0.0419122 0.149072 0.0244003 0.0501397 0 0.0760027 0 0.0878345 0 0.140284 0 0.162028 0 0.0357248 0 0.0358981 0 0 0 0 0.0626569 0 0 0.0165745 0.032267 0.215601 0 0 0.0725126 0 0.0790071 0.0586596 0.0144744 0.0474783 0 0 0.00382297 0 0 0 0 0.0167959 0 0 0 0 0.00938655 0 0.00758627 0.00212078 0.00992408 0.00782001 0 0.581728 0 0.529311 0 0.520708 0.0270981 0.37098 0.0215318 0.0117551 0 0.58877 0.00261356 0.0105006 0.0242468 0.0188748 0 0.0342692 0.0567296 0.0273721 0.000526126 0.000545516 0.0139112 0.160476 0.00578034 0.120095 0 0.15064 0.0160848 0.175791 0 0.0107326 0 0.117994 0.0134939 0.127969 0.00765992 0.0183695 0.150184 0.0761551 0.123313 0 0.231784 0 0.0392496 0 0.170503 0 0 0 0.000324627 0 0.546336 0.047779 0.542631 0.0453945 0.506191 0.0573545 0.0883554 0.0279089 0.0304744 0 0.0600166 0.194838 0.201441 0.182596 0 0.0530924 0 0.0276786 0 0 0 0 0.0936586 0.187377 0.0391964 0.0182148 0.0251962 0 0 0 0.0140578 0 0.0860589 0.0698643 0 0.017899 0 0.0474712 0.25804 0.369048 0 0.00253975 0.0166952 0.000743646 0 0 0 0 0.161714 0.147245 0.0551638 0 0.093967 0 0.0119518 0 0 0 0.00883944 0.0316604 0 0.0179161 0.0177696 0.00695245 0.0146189 0 0 0 0.0460686 0.197282 0.222754 0.14014 0.0735802 0.150208 0.0351705 0 0 0 0.0975259 0 0.149077 0 0.0203305 0 0.000400476 0.57206 0 0.626701 0.0103408 0 0 0.0340386 0 0.270797 0.151985 0 0.0983575 0 0.208408 0 0.283903 0 0.0401141 0 0.180795 0 0.0469729 0.1274 0 0 0 0.0497123 0.00155315 0.0512119 0.214172 0.0610866 0 0 0.00161727 0 0.0858113 0 0.0697041 0.187903 0 0 0 0.0353206 0 0.0935738 0.0999711 0 0 0.212574 0.0567981 0.124373 0 0.0556732 0 0.928877 0.0217254 0.0556928 0.00862774 0.0418119 0 0 0.00453542 0.0618545 0 0 0 0.00258872 0.0308481 0.163489 0 0 0 0 0.0331963 0.0170363 0.0100619 0 0 0.15856 0 0.224501 0 0.299915 0 0 0.154558 0.031942 0.0538399 0.0200736 0.0278114 0.0621132 0.0872582 0 0 0 0 0 0 0 0.079054 0.146235
121 10.4355 -0.0347983 -0.0495789 -0.0790352 0.242775 -0.102062 12.1726 -0.177994 -0.110284 -0.0190707 0.850278 0.706514 0.0898382 -0.0267079 -0.603638 -0.603975 -0.0732392 0.187182 0.0644315 -0.0530074 0.160023 -0.319292 0.01537 0.00465153 0.0269878 -0.0286271 0.0405821 0.0311655 -0.0453631 0.0141086 0.0214497 -0.102471 0.00869312 0.0527743 0.21771 0.0116663 -0.0154204 0.155767 -0.00810088 0.0378363 0.232069 0.288139 1.38533 0.0531635 0.700266 -0.0415275 0.0721419 0.151871 -0.0514723 -0.0437482 0.254233 -0.208195 -1.31434 0.118218 0.681098 -0.0319383 -0.0877014 0.878484 1.20495 0.589705 0.200165 0.0410459 1.15905 -2.4372 0.690707 -0.432656 0.399494 -5.44759 0.696798 2.85578 -2.35872e-10 -2.26816 2.07999 0.373413 -0.871809 -2.89035 -0.0105499 -1.45221 0.194865 -1.24464 -1.60961 -0.269415 0.414658 -0.0872359 -0.849495 -0.4061 -1.0338 -2.43117e-09 -0.231908 -0.208753 -0.547222 0.500246 0.767258 4.04674e-09 -1.27166 -0.490334 1.48211 -0.854561 1.40679 0.297305 6.20653e-10 0.031091 0.686499 3.352e-09 -9.05753e-10 -0.0331337 0.383963 -1.23309 0.859927 -0.522386 0.101615 -0.292671 -1.28553 0.24375 0.895784 12.1492 0.0803351 0.0628393 1.15137 0.0871627 0 0.0111184 0 0.0221519 0 0.0239991 0 0.167404 0 0.152121 0 0.156996 0 0.20119 0 0.052443 0.0865828 0 0.0958492 0 0.212275 0.00996898 0.157801 0 0.277099 0 0.0406465 0 0.0166467 0.0957901 0 0.0658959 0 0.177453 0 0.0100253 0.00160913 0.0871567 0.0570798 0 0.163891 0.0701702 0 0.0704446 0.073133 0.0854238 0.0950032 0.0326935 0.0601732 0 0 0 0.041432 0 0.0716682 0 0 0 0 0.0229183 0 0.019633 0.0386836 0.00974609 0.00577008 0.137737 0.0370065 0.120785 0.0174317 0.106416 0.0449104 0.20767 0 0.0232843 0.0221293 0.180131 0 0.00550659 0.0125631 0.0258418 0.0214869 0.0340271 0.0567288 0.0669547 0.0524561 0 0 0.0677031 0.0821493 0.0109508 0.0746336 0.027238 0.09939 0.00774605 0.105234 0.0206667 0.0650747 0 0.130854 0.0155544 0.139814 0.0265531 0.0574487 0 0.0471369 0 0.117281 0 0 0 0 0 0 0 0 0.0168679 0 0.178097 0 0.0301071 0 0.0717694 0 0 0.0912483 0.0537074 0.0106295 0.153003 0.0448661 0.104088 0.0548383 0 0 0 0.13492 0 0 0 0 0.20856 0.257989 0 0 0 0 0 0 0 0 0.0339723 0 0 0.0679004 0.0098792 0.158007 0.458186 0.3252 0 0.00136922 0.0359621 0.0284606 0 0.0554173 0 0 0.259012 0.148948 0 0.125991 0 0 0.0753227 0.112177 0.0609508 0.104386 0.0396974 0.0538111 0 0.103066 0.0185243 0 0 0.0991685 0 0.00313798 0 0.334093 0.0220631 0.249768 0 0.146612 0.114554 0 0.0154241 0.057478 0 0.0342863 0 0.169823 0.070202 0.18166 0 0.618679 0 0.652736 0.00457622 0 0 0 0 0.147469 0.0923406 0.134286 0 0 0.27089 0 0.441758 0 0 0 0.228245 0 0.0334407 0 0 0 0 0.15572 0 0.207183 0.119911 0.185067 0 0 0 0 0 0.0467687 0.239845 0.147 0 0 0.0454007 0.0627254 0 0 0 0.116785 0 0.270706 0 0.252768 0.0576649 0.107264 0.392097 0.0675222 0 0.892785 0 0 0 0.142415 0.00765103 0.00378383 0 0.0723371 0 0.130032 0 0.325996 0 0.250972 0 0 0 0.0436192 0 0 0.195087 0.201708 0.0788724 0.393141 0.12458 0.494672 0 0.0108163 0.135917 0.298603 0.237039 0 0.0359588 0.00711924 0.0575841 0.0683361 0.00937944 0.0392884 0 0 0 0 0.125442 0.117173
122 10.4688 0.00180426 -0.0553463 -0.104538 0.242885 -0.0972426 12.2058 -0.288436 -0.0388866 0.0386619 0.831676 0.315498 -0.088115 0.0959101 -0.431363 -0.47739 -0.0448589 0.19267 0.0893459 -0.102049 0.15579 -0.302545 -0.0186796 -0.0030562 0.0323646 0.00527254 0.0728448 0.0579493 -0.125833 0.00533404 0.00448992 -0.102535 0.011178 0.0516586 0.210112 0.00971146 0.00129202 0.15393 -0.0389172 0.0523 0.256891 0.269373 1.3971 0.0256783 0.695219 -0.0157072 0.0773786 0.150383 -0.0502861 -0.0517265 0.280431 -0.197115 -1.28851 0.211764 0.692634 -0.115056 -0.0796833 0.562788 -0.632492 -0.922197 -0.00924003 0.141032 0.920393 -3.17597 1.65575 2.27906 -1.2916 -9.49452 -5.01433 4.82752 2.04677 3.8825 0.509746 0.237923 1.13287 -9.39776e-10 -1.12958 0.397099 0.0454044 -0.0883804 -0.120395 1.5764 0.975617 0.765243 -2.12617 -0.130458 -0.290261 -1.40773e-09 3.00826 5.41357e-10 -0.274464 -2.74101 0.858942 -1.01509 0.236904 6.42183e-10 0.927215 -1.97989 1.32975 0.0271785 -1.82718 -0.020551 -1.41743 2.70444e-09 0.141808 -1.22462e-10 0.00859305 -0.408586 0.340564 0.650547 -2.79722 -3.35565 0.913353 0.245962 0.899589 12.1876 0.0583245 0.116969 1.15913 0.0670792 0 0.0591398 0 0.0855275 0 0.0438894 0 0.149195 0 0.176704 0.349392 0.119719 0.317282 0.153077 0.316953 0 0.0313114 0 0.347202 0 0.465573 0 0.527501 0 0.708092 0 0.112924 0 0.232665 0 0 0.000569239 0 0.483884 0 0.00214545 0.0144981 0 0.0503578 0 0.0664254 0.763764 0 0 0.205725 0.0312875 0.152986 0 0.0442289 0.0162509 0 0 0.0294453 0.0480276 0.0886593 0 0 0 0 0.0138436 0 0.0681721 0.0889014 0.0260389 0.0170887 0 0.0977944 0 0.0632984 0 0.0999066 0 0.148343 0.0223065 0 0 0.0799185 0 0 0.0190097 0 0.00678537 0.0289751 0.141932 0.085979 0.000727812 0.000333553 0.21544 0.0783441 0.128212 0.064643 0.1661 0.0803325 0.201488 0.0619817 0.0965394 0.117125 0.0873488 0.0832575 0.256202 0.0890711 0.0282567 0.0641468 0.227957 0.0427992 0.434725 0.00759821 0.170968 0.0118493 0 0 0.56334 0 0 0 0 0 0.758768 0 0.635924 0 0.557199 0 0.0226554 0.392332 0 0.00868439 0.173375 0.23391 0.244842 0.0801132 0 0.331269 0 0.389063 0 0 0 0.014726 0.0599599 0.0894691 0.124958 0.0973539 0 0 0 0 0 0.010402 0.260716 0.180822 0 0.406466 0 0.414809 0.186277 0.0864584 0.00311144 0.000834273 0.381737 0 0 0 0 0 0.23997 0.0424659 0 0.11263 0 0.0130156 0 0.107284 0 0.124273 0.0337873 0.394139 0 0.415812 0.0273623 0 0 0.134425 0 0.00248162 0 0.57777 0.374284 0.57018 0.168715 0.35752 0.0968495 0 0 0.0692228 0.247553 0 0.275157 0 0 0 0 0.475793 0 0.740248 0.00578447 0.0213955 0.0722951 0 0 0.579119 0.0248407 0.244232 0 0.0846268 0.484465 0 0.79776 0 0 0 0.49157 0 0 0 0 0 0.644255 0 0.0799465 0.0640361 0.100618 0.38236 0 0 0 0 0.00856724 0.112963 0.192892 0 0 0 0 0.2578 0 0 0.18636 0.018523 0 0.513973 0 0.219364 0.106388 0.0515159 0 0.475874 0 0 0.0302381 0 0.0189903 0.108557 0.0326562 7.73352e-05 0 0 0 0 0.00133841 0.0291957 0 0 0 0 0 0 0.000493802 0 0 0.372939 0 0.70057 0 0.796111 0 0.0774253 0.329454 0.146779 0.226583 0.0111227 0.0721496 0.159679 0.168221 0 0 0.0303231 0 0 0 0.0215923 0.0162003 0.0920144
123 10.5021 0.017163 -0.0700592 -0.0991041 0.24478 -0.0959634 12.2371 -0.392117 -0.0401797 0.04041 0.755934 0.228363 -0.15807 0.102582 -0.442425 -0.49324 -0.0184431 0.189495 0.0823197 -0.102049 0.12042 -0.282962 -0.0139598 -0.00763488 0.0258513 -0.00123222 0.0823171 0.0551705 -0.108422 -0.0114209 -0.00728439 -0.102539 0.0113481 0.0516499 0.183843 0.00751245 0.00634421 0.151143 0.0511322 0.0590733 0.383579 0.212841 1.38775 0.201014 0.696162 0.011159 0.0745079 0.154858 -0.0361128 -0.0507374 0.221221 -0.164349 -1.30017 0.318719 0.672206 -0.0554471 -0.0352849 0.149092 -0.702095 0.312028 0.162508 -0.0469655 0.921308 -2.89533 -0.208798 -0.277895 -2.50638 -1.38449 0.0726446 -0.53935 -1.61843 -1.5645 1.30238 -0.337152 -0.263774 -1.18981e-09 -2.07569 1.0878 0.33427 0.758127 0.9888 0.0577236 0.055053 -0.145018 0.829381 -0.077287 -0.252659 -3.10243e-09 1.39861 1.01103e-09 -0.57765 -1.76158 0.28599 2.94182e-09 6.3649e-10 1.96922e-11 0.845081 0.454293 -0.032527 -0.333075 -0.673573 3.74097 0.295473 2.97504e-09 1.06844 -3.81138e-11 -1.19317 -1.82672 -0.232683 0.294195 -1.73991 -0.202496 0.886632 0.24798 0.900748 12.2261 0.0572503 -0.0628148 1.15493 0 0.0208661 0 0.0126694 0 0.0113156 0.00962138 0.019113 0.0738536 0 0 0.104003 0 0.0934364 0 0.0965755 0 0.00676888 0 0.0647957 0 0.0299048 0 0.107719 0 0.135961 0 0 0 0 0 0 0.00286749 0 0.091796 0 0.00458624 0.00975496 0 0.00533854 0 0 0.232178 0 0 0.158846 0 0.102169 0 0 0.0141519 0 0 0 0.0307636 0.00417747 0 0 0 0 0 0.00766359 0.0410933 0.0704452 0.0171931 0.036631 0.0217905 0.0915834 0.0230462 0.056503 0.03036 0.0708648 0.0984589 0.129761 0 0.0439123 0.0190075 0.124551 0 0 0.00666397 0.0377195 0 0 0.125723 0.169377 0.000460961 0 0 0.00590937 0 0.00228134 0 0.00454771 0.0250823 0.00670933 0.0117847 0 0.00663899 0.009242 0.00530922 0.00962405 0.00838328 0 0.0971217 0.280277 0.160643 0 0.0743919 0.0170179 0.0172605 0 0.139128 0 0 0 0 0 0.421476 0.0519143 0.319074 0.0814191 0.239553 0.220116 0.0152606 0.00642797 0.0162201 0 0.026057 0.331853 0.0421411 0.298213 0 0.207539 0 0 0 0 0 0 0.0947232 0.093612 0 0 0 0.0326511 0 0 0.00481135 0.0148219 0 0.00709444 0 0.0362536 0 0.0823278 0.26618 0.207934 0 0 0.0432584 0 0 0 0 0 0.120382 0.0535719 0.121376 0 0.213258 0.0334036 0.0507538 0.022851 0.0503766 0.0224607 0 0.0339337 0 0 0.000662424 0.0370628 0 0.0148811 0 0.00457736 0.0298868 0.386898 0.093038 0.235333 0 0.207835 0.0258762 0.00539484 0 0 0.0485271 0 0.0991927 0 0 0.0263741 0 0.161034 0 0.205728 0 0.0387423 0.00612817 0 0 0.455979 0 0.120925 0 0.0861858 0.0899964 0 0.11493 0 0 0.0336886 0.0871712 0 0 0.0997347 0 0 0.029926 0 0.128006 0 0.0198201 0.125791 0 0.0117241 0 0.0186621 0 0.00676482 0.124669 0.0161516 0 0 0 0 0 0.0529931 0.0450514 0 0 0.113009 0.0014764 0.0605653 0.0592996 0 0 0.397273 0 0 0.0630154 0.0743663 0 0 0.0603059 0.0924966 0.0739501 0 0.0725123 0 0.22327 0 0.0377169 0 0.0963796 0 0.12758 0 0.127275 0 0 0.24757 0 0.230194 0 0.28072 0 0.0742834 0.0525354 0.217504 0 0.0558634 0 0.0256642 0.0778494 0 0.0187455 0.0400805 0 0 0 0 0.0334164 0.0930369
124 10.5355 0.0396731 -0.084414 -0.0853724 0.248041 -0.0979812 12.2666 -0.479741 -0.0450064 0.0345751 0.597041 0.147794 -0.152731 0.0797115 -0.413181 -0.503053 3.755e-05 0.165118 0.0634024 -0.102049 0.0711331 -0.243058 -0.00351672 0.00701156 0.0389413 -0.0132171 0.0799165 0.0479265 -0.0874077 -0.0137763 -0.0151616 -0.104263 0.0821423 0.0510485 0.166831 -0.0647685 0.00294564 0.15133 0.0446543 0.0585808 0.356793 0.218504 1.40362 0.189189 0.659469 0.00349699 0.116125 0.154953 -0.0323109 -0.0504417 0.18137 -0.171418 -1.3133 0.365469 0.650676 -0.033294 -0.0234807 0.531235 -0.291281 0.431754 0.181213 -0.0102071 0.835976 -2.2877 -0.162834 -0.0823562 -5.0167 -1.13243 2.37502 -1.52521 -1.06237 0.859389 0.668365 -0.725653 -0.569286 -1.94711e-09 -1.04154 1.05213 0.351101 4.8072e-05 3.41472e-05 0.0759016 -0.0714518 -0.138682 0.480571 -0.0174859 -0.290323 -3.21918e-09 1.70513 9.99685e-10 -0.462216 -1.82725 0.120995 5.10958e-09 -0.00162371 2.67779e-10 -0.144443 0.418969 0.282909 0.075347 -0.604955 -0.740502 0.456358 3.26569e-09 -0.0109624 -1.84154e-10 -0.298087 -1.4324 -0.178722 0.06384 -0.461729 -0.381026 0.168673 0.249931 0.898789 12.2641 0.0586414 -0.0417851 1.12194 0.000764955 0.0353021 0 0.0257799 0 0.0230033 0.00374527 0.0305779 0.0162836 0.0284104 0.0652654 0.0521494 0.0671206 0.0459012 0.0699436 0.0487 0 0.0400447 0 0.0538277 0 0.0364502 0 0.0879577 0 0.118969 0 0 0 0 0 0 0 0 0.0203544 0 0 0.00405015 0 0.114866 0.0352879 0 0.0173444 0 0 0.172399 0 0.0996352 0 0 0.0079378 0 0 0 0.0257686 0.00817031 0 0 0 0 0 0 0.017052 0.00570552 0.00701144 0 0 0.0979874 0 0.0678473 0.00433579 0.0824774 0.0496735 0.153291 0 0 0 0.134342 0 0.00106505 0.00566399 0.0114288 0 0 0.0684488 0.0573079 0.000866597 0 0.0363602 0 0.0237552 0 0.0370676 0 0.112732 0 0.0221942 0.0242558 0.0614213 0 0.0614165 0 0.0148665 0.0301058 0.129964 0.244915 0.414616 0.00250163 0.116179 0 0.0132844 0 0.0790309 0 0 0 0 0 0.372685 0 0.331363 0.00306808 0.258101 0.0901656 0.0724894 0.00361249 0.0227411 0 0.0559256 0.179518 0.0951083 0.132209 0 0.228193 0.000120723 0.00124049 0 0 0 0 0.15977 0.11876 0 0 0 0.079804 0 0 0 0.037991 0 0 0 0.0392825 0 0.0699124 0.317548 0.282246 0 0 0 0 0 0 0.00568554 0 0.123074 0.114852 0.0874388 0 0.14844 0.028781 0.0337543 0.0419339 0.0341274 0.0406708 0.00994537 0.0241328 0.00191471 0.00222224 0.000969589 0.0285449 0 0 0 0.00555209 0.00196306 0.38579 0.0610291 0.294699 0 0.195982 0.00606419 0.0462046 0 0 0.00181953 0.0355484 0.0144971 0.0364866 0 0.00224796 0.0631564 0 0.0428074 0 0 0.0442293 0.0105931 0 0 0.34871 0.00808436 0.0546782 0 0.100641 0 0.0135681 0 0.133633 0 0.0855845 0.0102709 0.0430216 0 0.196861 0 0 0.266291 0 0.276363 0 0 0.159014 0 0.0175292 0 0.0312363 0 0 0.140609 0.0504347 0 0.00253593 0 0.00390671 0 0.12655 0.0543579 0 0.0191399 0.0172025 0.0363575 0 0.128773 0 0.0118177 0.388387 0 0 0.0236111 0.036917 0 0 0.0199425 0.0540236 0.0829524 0 0.0893025 0 0.272285 0 0.0709381 0 0.108558 0 0.150386 0 0.146235 0 0 0.165399 0 0.152633 0 0.171612 0 0.0326 0.0954117 0.224841 0.0408805 0.00261514 0 0.0135611 0.0159234 0.0342401 0.0191012 0.0289726 0 0 0 0 0.0804813 0.12787
125 10.5688 0.043234 -0.0550533 -0.0834058 0.250469 -0.0993565 12.2974 -0.450886 -0.0566209 0.0405831 0.270864 0.150837 -0.196885 0.13357 -0.279631 -0.394572 0.032897 0.16511 0.0586725 -0.102049 0.0339556 -0.271324 -5.02006e-05 0.00735877 0.0391991 0.0148306 0.0651546 0.048591 -0.0956472 -0.0124565 -0.0169676 -0.10482 0.0829021 0.0402344 0.152103 -0.0773395 0.0123779 0.151161 0.0504972 0.059025 0.398536 0.216171 1.41472 0.21311 0.654597 0.00976949 0.0861006 0.154478 -0.0511702 -0.0518353 0.0999359 -0.151406 -1.35364 0.39944 0.69222 -0.00793504 -0.0311074 0.359683 1.1691 0.29564 0.145828 -0.0303062 0.932131 0.7793 -0.126419 -0.325494 -9.59371 2.40183 0.0158289 2.38472 1.10476 1.79843 0.716577 0.195301 -0.381484 -1.12686e-09 -1.10082 -1.34828 0.329177 0.125213 0.0913988 0.612635 -0.269334 -0.00619759 -0.481672 0.0623415 -0.36464 -1.58715e-09 -0.089787 0.0584459 -0.499792 -0.266555 -0.291889 1.81741e-09 2.43087e-10 2.02253e-10 0.965321 -0.602004 0.809239 0.0832484 -0.464955 0.315709 -0.834747 5.2283e-09 -1.04794e-11 -7.60126e-11 -0.455494 -1.39962 -0.851061 0.777756 0.889671 0.00881048 0.165508 0.251853 0.89661 12.3007 0.0565022 -0.0827541 1.08646 0.00205625 0.0365781 0 0.0274772 0.00159313 0.0175229 0 0.0301015 0.0334006 0.0130097 0.0634243 0.0267965 0.0647309 0 0.0751132 0 0.0362344 0.00447948 0.00193193 0.0667383 0 0.0331033 0 0.150263 0.0129984 0.176746 0 0.00497019 0 0 0 0 0 0 0 0 0 0.00344352 0 0.0239538 0.149396 0 0 0 0.0257875 0.392455 0 0.167697 0.0670681 0.00786626 0.0174425 0.000794647 0 0 0.0506993 0.0132559 0 0 0 0 0 0 0 0.030958 0 0.0058592 0 0.0174684 0 0.0313923 0 0.0271497 0.0258342 0.128636 0 0 0 0.0583522 0.000955894 0 0 0 0.0165545 0 0.0151022 0.0544654 0.000342708 0 0.0102005 0.0247504 0.0015245 0.0113243 0.0270379 0.0152911 0.0487951 0.0200506 0.0704885 0.0255946 0 0.00361513 0.00368239 0.00589532 0.0421237 0.0228064 0.306419 0.207236 0.149263 0 0.100825 0.0455673 0 0 0 0 0 0 0 0 0.399374 0.0147145 0.354708 0.0727865 0.280361 0.261092 0.0265459 0.000294916 0.0308268 0 0.22647 0.381191 0.280261 0.333926 0.0077706 0.457441 0 0 0 0 0 0 0.265171 0.0790909 0.0673039 0.0281957 0 0.0486765 0 0.0026355 0 0 0.0268588 0.0164883 0.0119004 0.0561585 0.0314555 0.14533 0.43904 0.0907761 0.000449776 0.000867774 0 0 0.0199057 0 0.0189806 0.0210734 0.15852 0.252072 0 0 0.124352 0.00394231 0.0336307 0 0.0372342 0 0.0201723 0.048505 0 0 0.0432024 0.135887 0 0.00478914 0.00126362 0.00948292 0.191058 0.57717 0.267119 0.474155 0.133144 0.348849 0.00393719 0.0268922 0 0 0.016584 0.000979088 0.0128867 0.0120555 0.00616329 0.0115063 0.483702 0 0.392728 0 0 0 0 0 0.132435 0.538285 0 0.114755 0 0.123965 0 0.450783 0 0.649156 0 0.067657 0 0.514578 0 0.0594272 0.00968823 0.00971632 0.146609 0 0.00195854 0 0.0868016 0.215727 0 0 0 0.0202092 0 0.0169751 0.223617 0.147249 0 0 0.00982032 0 0 0 0.0650187 0 0.126322 0 0.142658 0 0.254377 0.0165051 0 0.323915 0 0.122318 0.0130896 0.0154034 0.0478003 0 0.0172222 0.0178713 0.063968 0 0.0261388 0 0.201645 0 0.0395806 0 0.0604659 0 0.0932559 0 0.0881073 0 0.101275 0.333205 0.121885 0.32455 0.182079 0.365027 0.00138852 0.015313 0.0309342 0.193006 0.0291 0.0328537 0.0131458 0.0354888 0.00943378 0.0228082 0 0.00426778 0 0 0 0 0.13548 0.126002
126 10.6021 0.0468715 -0.0125928 -0.0634692 0.253157 -0.103439 12.3303 -0.433784 -0.0639759 0.0222602 0.0411866 0.155044 -0.142799 0.0854938 -0.34522 -0.393786 0.0687206 0.149393 0.0373724 -0.102049 -0.00474665 -0.297958 0.00388547 0.00753589 0.0393663 0.0187244 0.0515071 0.0343782 -0.079962 -0.0226562 -0.0227672 -0.104569 0.0696903 0.0406445 0.133457 -0.0750564 0.00726479 0.151166 0.050322 0.0590117 0.416583 0.225834 1.42755 0.203593 0.641514 0.00424125 0.110194 0.154478 -0.0511702 -0.0518353 0.0957904 -0.178398 -1.37716 0.462148 0.691274 -0.0523967 -0.00317382 -0.0152492 1.22034 0.56641 0.101524 -0.0876576 1.00498 -0.106918 -0.20237 -0.552067 -4.26225 -0.276283 1.72846 -1.55302 -0.174353 0.35197 1.23358 -0.577809 -0.480147 -1.29561e-09 -1.16113 -0.670891 0.280414 0.00282442 0.00371338 0.0997352 -0.436423 -0.405011 0.530903 -0.18724 -0.137131 -1.73906e-09 0.218439 0.234526 -0.529516 -0.710674 -0.469321 8.46757e-09 3.2494e-11 5.71473e-10 0.294015 -0.13236 0.296574 -0.0569998 -0.0379616 -0.227095 0.460012 5.22531e-09 -4.24017e-11 -3.15826e-10 0.453113 -1.20144 -0.689287 0.284732 -1.25678 -2.03987 1.38185 0.253573 0.893419 12.3367 0.0516175 -0.100021 1.07215 0 0.033583 0 0.0231981 0.00129157 0.0265363 0 0.0100071 0 0.035247 0.0748791 0.0731834 0.0615527 0.0581377 0.0723955 0.0509109 0.0119776 0.0847359 0.0794411 0.0447315 0.0649685 0.0337024 0.136799 0.0540541 0.133123 0.059305 0 0.0137979 0.0243201 0.0153931 0 0.000720233 0 0.00385341 0 0 0.0057274 0.00324923 0.0938637 0.114688 0 0 0 0.263066 0 0.126433 0 0.0415083 0 0 0.032222 0 0 0 0.0143868 0 0 0 0 0 0.000687875 0.0108851 0.0179438 0 0.0148746 0.00126754 0 0.0536154 0 0.0315939 0 0.0454269 0.0517151 0.0990262 0.0307701 0.0411194 0 0.0757344 4.25233e-05 0.0151878 0.0294139 0.0443888 0 0.0127955 0.118645 0.0614435 0.000801375 0 0.00192732 0 0 0 0.0085527 0 0.06677 0.0140932 0 0 0 9.45479e-05 0 0 0.00466813 0.0253936 0.137419 0.107584 0.505748 0.0446098 0.0684714 0 0 0 0 0 0 0 0 0 0.281808 0.0385652 0.228352 0.00148643 0.143346 0.00123583 0.0434321 0 0.0436259 0 0.259747 0.0304859 0.270331 0.0309932 0.0328526 0.138501 0.01266 0 0 0.0469957 0 0 0.150915 0.0246549 0.163788 0 0 0.0815322 0 0.00570603 0 0.0114712 0.0607098 0.0813803 0.0263489 0 0.0584955 0 0.411692 0.0668791 0 0 0 0.00495505 0 0 0 0 0.16077 0.106128 0.0931554 0 0.125054 0.0509217 0.0668176 0.0261073 0.0660149 0.0255726 0.0456278 0 0.020608 0 0 0.0140348 0 0 0 0.00511165 0.236955 0.220286 0.1803 0.361576 0.181124 0.168792 0 0.0583982 0 0 0.00575517 0.079966 0.00269981 0.0771905 0 0 0.598167 0 0.558105 0 0 0.0347068 0 0 0.173708 0.044427 0 0.0972021 0 0.133971 0 0.498708 0 0.548387 0.0146815 0.100165 0 0.405397 0.115933 0.304851 0.00839257 0 0.151803 0 0.0579061 0 0.0381546 0.180317 0 0.0127592 0 0.0461052 0 0.00302294 0.193343 0.0250625 0 0.0656545 0.0307089 0 0.140343 0.24116 0.0419597 0 0.196159 0 0.151031 0 0.0772285 0 0 0.228393 0.000350615 0 0.100156 0.034703 0 0 0.0815708 0.0461292 0.0742167 0 0.0882129 0 0.229086 0 0.0702471 0 0.0906461 0 0.125569 0 0.123689 0 0.165137 0.034851 0.247061 0.00699122 0.337544 0.00337105 0.000497928 0.00649327 0.00458641 0.0880135 0.0122658 0.015592 0.0245385 0.0363456 0.0034102 0.0403857 0 0.00434879 0 0 0 0 0.14804 0.129312
127 10.6355 0.00191101 0.0267791 -0.0497559 0.255135 -0.108703 12.3658 -0.401167 -0.0878168 0.017646 -0.0141985 0.115395 -0.0748448 0.00465474 -0.377094 -0.374067 0.159827 0.119478 0.0295881 -0.102049 -0.0499358 -0.30659 0.00712766 0.00758161 0.0394288 0.0878289 0.0269098 0.0291111 -0.0901796 -0.0274257 -0.0265143 -0.104669 0.0669387 0.035015 0.135874 -0.0832647 0.00944594 0.151489 0.0391179 0.0581597 0.434276 0.250357 1.4238 0.185711 0.640875 -0.00132432 0.11696 0.154478 -0.0511702 -0.0518353 0.119493 -0.204059 -1.39324 0.532432 0.686162 -0.0708947 -0.0140559 -1.20617 1.21276 0.325987 0.0295418 -0.168284 1.10861 0.773722 -0.769931 -0.167977 -0.369433 -0.631499 1.93116 -2.01605 0.095569 1.03715 2.57012 -0.99855 0.119227 -4.71552e-10 -1.34408 -0.255763 0.276783 -0.016235 -0.0220765 1.52467 -0.840464 -0.097103 -0.126863 -0.0623569 -0.011906 -1.6866e-09 0.754392 -0.141667 0.0450353 -1.10267 0.131864 7.1859e-09 -0.474986 5.94917e-10 0.447351 -0.147201 -0.197151 0.0611562 0.529043 -0.225097 -0.025318 5.27622e-09 -2.86322e-10 -4.37029e-10 0.756135 -0.544923 -0.602363 0.681219 -0.694135 -1.28965 0.325115 0.255138 0.889408 12.3723 0.0479228 -0.142179 1.05524 0 0.0238828 0 0.034689 0.000803374 0.0558423 0 0 0 0.00267983 0.094996 0.0755289 0.0856732 0.0349667 0.121335 0.00557223 0.0368777 0.0965331 0.154049 0 0.130226 0.00206349 0.286288 0 0.336253 0.00855407 0.0148822 0.0957092 0.123147 0.071848 0 0.0441822 0 0.0316732 0 0.221894 0.00991302 0 0.153814 0.118548 0 0 0 0.32154 0 0.0499578 0.011766 0.0353224 0 0 0.0374339 0 0 0 0.00420933 0 0 0 0 0 0.0329216 0.00394768 0.0149232 0.00126457 0.0188693 0.00456975 0 0.0878268 0 0.049842 0 0.071323 0 0.0528321 0.0426552 0.045643 0 0.0697811 0.00872365 0.0184072 0.043206 0.0454059 0 0.0214656 0.120557 0.045648 0.000560081 2.57439e-05 0.0879258 0.0459282 0.0727171 0.0365882 0.113135 0.0445258 0.1375 0.0452301 0 0.00795467 0.0500028 0.0556746 0.0765328 0.0530542 0.0019492 0.0319055 0.125889 0.0357735 0.569276 0.00605044 0.0241407 0 0 0 0 0.0359837 0 0.0241412 0 0.197957 0.275032 0.126131 0.192348 0.0234073 0.0477987 0 0.0204373 0 0.0661448 0.0206037 0.251232 0 0.30552 0 0.0393253 0 0 0.0152153 0 0.0577938 0 0.00261428 0.141047 0.0030558 0.248826 0.0300977 0 0.0478896 0 0.0139377 0 0 0.117621 0.150627 0.0206939 0 0.0621098 0 0.361954 0.012673 0 0 0 0.0685356 0 0 0 0 0.222091 0.100581 0 0.0444343 0 0.071647 0.0319832 0.0183315 0.0249028 0.0299877 0.0527723 0.0497966 0 0.0127841 0.00804899 0.0116714 0 0.0549054 0 0.00350237 0.267523 0.0196292 0.114535 0.3359 0.259753 0.141767 0 0.0759231 0.00518524 0.00433149 0.0123652 0.168951 0.0195026 0.172459 0 0 0.6664 0 0.605109 0 0 0.0267333 0 0.00130653 0.212296 0 0.0012728 0.123766 0 0.112417 0 0.52034 0 0.401547 0.0162106 0.0735246 0 0.356526 0.181471 0.281655 0.031083 0.00902397 0.357275 0.0334475 0 0.0118318 0.118068 0.226684 0 0 0 0.0481743 0.0137626 0 0.227373 0.0107615 0 0.0869843 0.0509636 0 0.241135 0.210408 0.0260965 0.00714651 0.209293 0 0.147546 0 0.1512 0.000989615 0.0630837 0.23953 0 0.0757745 0.134337 0.026952 0 0 0.110727 0.0289843 0 0 0 0 0.0751541 0 0 0 0 0 0.0240318 0 0.00585102 0 0.294432 0.0114801 0.344179 0.038238 0.476525 0 0.0531231 0.0332861 0.0741314 0.0729342 0.0782189 0.052606 0.0199441 0.0806511 0.0382933 0.0615104 0 0 0 0.00976817 0 0.00784715 0.171696 0.147355
128 10.6688 -0.00203418 0.0640151 -0.0328164 0.257054 -0.112721 12.4031 -0.413577 -0.100297 0.0110164 0.0122059 0.113426 0.0187885 -0.00912304 -0.457324 -0.430299 0.207916 0.10547 0.0185557 -0.101613 -0.0630594 -0.330043 0.0135424 -0.0206961 0.000879841 0.0743136 0.0134614 0.0209369 -0.0673314 -0.0410929 -0.0283469 -0.103909 0.00396678 0.0252028 0.132339 -0.0251704 0.0125855 0.151263 0.0469799 0.0587577 0.411046 0.204142 1.42094 0.202833 0.645239 -0.0169243 0.0877564 0.154478 -0.0511702 -0.0518353 0.122236 -0.249305 -1.40258 0.507464 0.678562 -0.0991459 -0.0150595 -0.00225089 1.10985 0.260564 -0.00931865 -0.0349089 1.13177 -0.23503 -1.10102 -0.272006 1.52219 5.1948 9.91355 1.40829 -32.3734 -16.2296 1.22352 -0.303193 0.0458234 -1.76045e-10 0.567874 -0.809889 0.19558 -1.64777 -2.24661 -0.428056 -0.464929 0.209279 0.414362 -0.336538 -0.219544 -1.88022e-09 -1.77042 -0.374034 -0.133106 1.71222 -0.00224026 5.83289e-09 -0.0552605 7.73877e-10 -0.236883 -0.300253 -0.46615 -0.0652298 -0.654231 -0.352751 -0.407112 1.04394e-08 -1.20267e-09 -1.23321e-09 0.737916 -0.732598 -0.146188 -0.704364 0.766924 0.932634 -0.218299 0.256438 0.886233 12.4071 0.0291192 -0.0239015 1.02444 0.00206555 0.0643384 0 0.0477501 0 0.04937 0 0.0223256 0.00481426 0.0320922 0.216626 0.00145934 0.219228 0 0.227576 0 0.111775 0.0641757 0.155618 0.00567816 0.112273 0.0215228 0.219611 0.0173834 0.194302 0.030218 0.0211423 0.0539057 0.0664245 0.067916 0 0.0787183 0 0.0858988 0 0.0854594 0.00722492 0 0.350526 0.0569891 0 0 0 0.261581 0.0575999 0 0.0081727 0.00159378 0 0.0234767 0.0390128 0 0 0 0 0.0127426 0 0 0 0.00239161 0.0478102 0.00647662 0 0.0237937 0 0.0124767 0 0.5348 0 0.53133 0 0.541169 0.0151838 0.654052 0.0615614 0.0389614 0 0.551254 0.0285207 0.00957101 0.0623299 0.0362258 0.0242813 0 0.043868 0.0641608 0.00160996 0.000263988 0.0914478 0 0.0665902 0 0.0894052 0 0.179568 0.0112243 0 0.0114305 0.0734517 0 0.0689722 0 0.0129978 0.02217 0.359393 0 0.78203 0 0.0148273 0.00807493 0 0.0848068 0 0.111831 0 0.158821 0 0.183997 0.555367 0.00407162 0.400024 0.0145345 0.0846425 0 0 0.07637 0.062571 0.0357766 0.328772 0 0.415479 0 0.111967 0.0409125 0.00691496 0.0175613 0.0614205 0.082494 0 0 0.145929 0.0577907 0.194238 0 0 0.0659144 0 0.0207643 0 0.00246397 0.0619257 0.0904362 0.0209076 0.014851 0.0420111 0.0112933 0.413546 0.0294347 0 0 0.0113515 0 0 0.00301743 0 0.0225618 0.0821598 0.130355 0.0380985 0 0.0575406 0 0.0415637 0.337951 0.0421 0.337261 0.00771314 0.0300161 0 0.0455291 0.0310082 0 0 0.0968059 0.00294361 0 0.348524 0.149814 0.187665 0.291638 0.154608 0.106036 0.00558248 0.0663316 0 0.0555939 0 0.174821 0 0.209608 0.00750659 0.00947827 0.57443 0 0.498261 0 0 0 0 0 0.202884 0 0 0.171402 0 0.186073 0.299697 0.219971 0 0.14796 0.00525554 0.0508452 0.318756 0.0846949 0.39807 0.214232 0 0.0520328 0.472555 0 0.14798 0 0.0264194 0.20343 0 0.00494377 0 0.0614638 0 0.0514235 0.152525 0.0443133 0 0.111272 0.0331281 0.0177695 0.597347 0.145778 0.0265248 0 0.215528 0 0.1866 0 0.11463 0 0.0440264 0.84029 0.102893 0 0.115083 0.00752311 0.0019612 0 0.0995939 0.00268111 0 0.0318119 0 0.0359107 0 0.113208 0 0.039232 0 0.0363073 0 0.050955 0 0.0478088 0.234947 0 0.365495 0.0192979 0.465927 0.015558 0 0.00172138 0 0.190083 0.0301559 0.0519225 0.0503759 0.0280105 0 0.123417 0 0.016045 0 0.0150958 0 0.0097824 0.196037 0.131156
129 10.7021 0.00280504 0.0896367 -0.012016 0.259189 -0.107539 12.4403 -0.420566 -0.132567 -0.00300946 0.0782067 0.168073 0.259865 0.0227235 -0.623822 -0.586511 0.22053 0.101037 0.00183978 -0.0671444 0.0282169 -0.35055 0.0442393 -0.15097 -0.176646 0.0553145 0.00370882 0.0138028 -0.0519844 -0.0494516 -0.0334612 -0.103866 0.000108489 0.0176122 0.130353 -0.0146379 0.00330353 0.151127 0.0516764 0.0591146 0.374857 0.198326 1.411 0.150744 0.62061 -0.0506517 0.0817672 0.154478 -0.0511702 -0.0518353 0.107603 -0.282778 -1.40354 0.445342 0.696678 -0.0778917 -0.0197358 0.0799261 0.505384 0.609501 -0.04866 0.302406 1.13963 0.291845 -0.626702 -0.509332 1.58394 -0.128905 5.22667 -1.22354 -6.30043e-09 -0.918088 0.0494346 -0.202184 -0.523564 1.50342 4.70284 -0.356711 0.555317 -5.63223 -7.66326 -0.615617 -0.240427 -0.127527 0.501444 -0.249692 -0.246895 -2.8558e-09 0.0417609 -0.0911325 -0.0676139 0.149368 -0.428922 3.28359e-09 1.07171 5.37062e-10 -0.453499 -0.470922 -0.499048 -0.0908084 0.538878 -1.44753 0.458511 9.57444e-09 -1.43514e-09 -1.1385e-09 0.0830784 -0.0930044 0.205818 -0.476386 1.652 1.19722 -0.834439 0.257015 0.891258 12.4413 0.00915752 0.285506 1.03445 0 0.0823342 0 0.061215 0 0.0576511 0 0.0422495 0 0.0471001 0.121256 0.0148624 0.119953 0 0.131159 0 0.137767 0.0533693 0.0507631 0.0235662 0.0127739 0.0314957 0.0788806 0.0326496 0.0408098 0.0485789 0 0.066076 0 0.0756319 0 0.0382909 0 0.0315096 0 0.0248259 0.00613713 0 0.384201 0.0976042 0 0 0 0.0772868 0.129634 0 0.0324684 0 0 0.0164875 0.0246154 0 0 0 0 0 0 0 0 0 0.0162784 0 0 0.0174803 0 0.00340918 0 0.225959 0 0.211025 0 0.233551 0 0.342528 0.0249841 0.00809194 0 0.253164 0.0290394 0.00517367 0.0435148 0.0179066 0.083429 0.00965788 0 0.0403123 0.00130193 8.76735e-05 0.129563 0 0.0901176 0 0.11985 0 0.235475 0.0186566 0.043954 0.0488445 0.122022 0 0.120667 0 0.0497253 0.0394324 0.462027 0 0.806675 0 0.0270399 0 0 0.0276885 0 0.0434939 0 0.0801633 0 0.082188 0.684943 0 0.528794 0 0.181692 0 0 0.0261523 0.0431591 0.0119862 0.279936 0 0.413492 0 0.0848885 0.0473689 0 0.00645203 0.0310501 0.00535894 0 0 0.18164 0.0545324 0.251217 0 0 0.0871327 0 0.00901304 0 0.0183649 0.0477928 0.0708999 0.000975543 0.0101161 0.010355 0.00782642 0.537264 0.0965385 0.00196335 0.000184929 0.0738691 0 0 0 0 0 0.114665 0.145502 0.0110562 0.0546499 0.0271115 0.136085 0.0129957 0.159292 0.0121104 0.157943 0 0.00793347 0 0.0159247 0.0586069 0 0 0.00630693 0.00583335 0 0.20605 0.178603 0.147443 0.276133 0.165804 0.122556 0 0.0867921 0 0.0281471 0 0.140746 0 0.146944 0 0 0.186672 0.0158811 0.115641 0.0140315 0 0.0331577 0 0 0.131332 0 0 0.180735 0 0.194229 0.55541 0.0745838 0 0.0512765 0 0.0823373 0.559149 0.00747051 0.359435 0.229183 0 0 0.473625 0 0.139685 0 0.00286514 0.213954 0 0.0136883 0 0.0523695 0 0.0363604 0.215461 0.0362346 0 0.0162303 0.0119292 0.00575564 0.554834 0.126666 0.0472225 0 0.0807321 0 0.110023 0 0.162551 0 0.086241 0.534345 0.0970539 0.123285 0.0923954 0.00812766 0 0 0.0811171 0.0125375 0 0.0256167 0 0.0293249 0 0.0922273 0 0.0347686 0 0.031006 0 0.0447949 0 0.0417702 0.1606 0 0.208715 0.0157432 0.310007 0.0131225 0 0.0127684 0 0.28123 0.00224888 0.0581055 0.0228253 0.0293983 0 0.0964915 0 0.0273063 0 0 0 0 0.206314 0.140809
130 10.7355 0.0209297 0.10279 0.0119086 0.260675 -0.0939024 12.4785 -0.408249 -0.133777 -0.0126921 0.102611 0.156823 0.256582 0.00484823 -0.571524 -0.548986 0.168536 0.112744 -0.0212803 0.0385466 0.225497 -0.353787 0.0952194 -0.251664 -0.37778 0.023259 -0.000955716 0.00429429 -0.0420473 -0.0547702 -0.0394994 -0.103705 -0.0204302 0.0146764 0.133659 0.00088189 -0.0076987 0.151127 0.0516764 0.0591146 0.364816 0.196273 1.39124 0.135659 0.648808 -0.0695052 0.0840811 0.154478 -0.0511702 -0.0518353 0.0815945 -0.284129 -1.40179 0.371085 0.69264 -0.0385052 -0.0291347 0.482464 0.0116313 0.575468 -0.0894831 0.482044 1.16937 0.650241 0.294482 0.162868 0.352155 -0.487827 -2.26312 0.424271 2.61614 1.50539 -1.88401 0.547371 -0.735302 3.47257 7.49401 -0.37338 0.945152 -6.75315 -9.34974 -0.940394 -0.154035 -0.0642257 0.254081 -0.0662612 -0.21742 -3.09606e-09 -0.957182 -0.0165562 0.0716801 0.804869 -0.460981 1.66793e-09 3.54375e-10 2.95762e-10 -0.371904 -0.180619 -0.700083 0.230222 0.753853 -0.322738 0.148215 7.84468e-09 -9.37742e-10 -7.97836e-10 -0.265491 0.646528 0.355145 -0.388259 0.940474 1.66294 -0.795371 0.25724 0.90387 12.477 0.00498542 0.425076 1.10366 0 0.0530625 0 0.0385018 0 0.0293754 0 0.0397651 0.0225719 0.0102433 0.0139754 0.0698088 0.0278618 0.0460224 0.0385135 0.0381247 0.100772 0.0566079 0 0.0911699 0 0.116112 0 0.143843 0 0.18697 0 0.128976 0 0.13934 0 0.0219923 0 9.74983e-05 0 0 0.00891966 0 0.299917 0.0514668 0 0 0 0 0.0279126 0.0184511 0 0.00332917 0 0.0107397 0.0135439 0 0 0 0 0 0 0 0 0 0 0 0 0 0 0 0 0 0 0 0 0 0 0.00744792 0 0.00325092 0 0.00454816 0.0181565 0.00425721 0.025051 0.0167545 0.0493443 0.00123616 0 0.0095934 0.000951407 0 0.0941754 0.0264977 0.0665267 0.019103 0.0874298 0.0244505 0.186462 0.0497875 0.038138 0.0178375 0.0913672 0.0327725 0.0912941 0.0335593 0.0417604 0.0337098 0.182999 0 0.662158 0 0.0285985 0 0 0.000363305 0.0091934 0 0 0.00985596 0 0 0.625198 0 0.487253 0 0.148728 0 0 0.00122518 0.0195095 0 0.145694 0 0.247555 0 0 0.131631 0 0.03419 0 0.00353361 0 0 0.191204 0.0610674 0.225541 0 0 0.0767481 0 0.00510553 0 0.0197395 0.0215628 0.00975505 0 0.047339 0 0.0584857 0.533421 0.125736 0.00194463 0 0.0474427 0 0 0 0 0 0.104704 0.171919 0.0292404 0 0.0302788 0.0395309 0.0227635 0.0212832 0.0218562 0.0208252 0 0.0397471 0 0.0531684 0.019406 0.00184684 0 0.0236589 0.00269016 0.00053028 0.0457158 0.176456 0.0923267 0.133163 0.0430417 0.105104 0.0089533 0.0337152 0 0.0107363 0.00641012 0.0174205 0.00456102 0.0315303 0 0.0195913 0.0607218 0.0393302 0.0233401 0.0786305 0 0.00637385 0.000631366 0 0 0.0960762 0 0.176216 0 0.159558 0.149155 0 0 0.0292172 0 0.0671818 0.292559 0 0.271895 0.181692 0.00250977 0 0.358952 0.00111349 0.154885 0 0 0.235001 0 0.00639419 0 0.0342447 0 0.0422546 0.207179 0.0757447 0 0.00181265 0 0.0201192 0.438461 0.0666592 0.0747192 0 0.0311357 0.0282243 0.0758537 0 0.131552 0 0.0541887 0.071331 0.0507124 0 0.0880714 0 0 0 0.0816983 0 0 0 0 0 0 0 0 0 0 0 0 0 0 0 0.0218081 0.0767846 0.00820613 0.116525 0.0515746 0.10376 0 0.0372316 7.40215e-05 0.288899 0 0.150057 0 0.0308667 0 0.044782 0 0.0330354 0 0 0 0 0.178068 0.109267
131 10.7688 0.0136273 0.126216 0.0389801 0.261369 -0.0776536 12.5191 -0.344148 -0.135148 -0.0196444 0.104381 0.148462 0.180863 0.0150522 -0.479991 -0.490423 0.0662608 0.138481 -0.0427661 0.249847 0.52348 -0.350688 0.19315 -0.418904 -0.625687 0.0149655 -0.0124992 -0.00411043 -0.03092 -0.0586269 -0.0476997 -0.10344 -0.051825 0.00536261 0.140872 0.0284592 -0.0121776 0.15048 0.0514039 0.0591119 0.380599 0.186536 1.36756 0.165465 0.670042 -0.0414959 0.0706418 0.154488 -0.0507592 -0.0518033 0.0939535 -0.310212 -1.37187 0.285698 0.685298 -0.0069056 -0.0596897 -0.592692 0.240436 0.544953 -0.151232 0.465426 1.27549 2.32151 0.198673 0.132102 0.41488 -0.24662 -2.17996 0.486052 2.26838 1.6837 -2.68125 0.942223 -0.437859 6.4029 8.43273 -0.149838 0.148133 0.705835 -3.15789e-07 -0.261184 -0.259064 -0.0285728 0.581044 0.0125486 -0.286382 -1.87714e-09 -1.23667 -0.0712266 0.233738 1.12534 -0.505795 1.64943e-09 7.53306e-11 4.86266e-11 0.323661 -0.0935704 -0.65894 -0.0129159 -0.18973 0.861855 -0.258529 6.98615e-09 -6.91058e-10 -4.5465e-10 -0.0499476 0.993826 0.718619 -0.0875164 1.63364 1.79088 -1.47361 0.257461 0.918765 12.5155 0.00939422 0.420509 1.17644 0.0101235 0.041793 0.00328572 0.0350985 0.00991382 0.0397409 0 0.0199949 0.0161084 0 0.0874249 0.0604651 0.073556 0.0294687 0.0886417 0.0219403 0.108796 0.0274094 0 0.0313858 0 0.0141355 0 0.0307816 0 0.0538333 0 0.00190834 0.00599644 0.00245167 0 0 0 0 0.0351228 0 0.00974854 0 0.258756 0.00338311 0 0.0214974 0.0427003 0 0 0.070829 0 0.0267527 0 0.0146233 0.00673501 0 0 0.00590482 0 0.0112444 0 0.00900807 0 0.00162507 0 0 0 0.0286862 0 0.00940952 0.00136397 0 0.00356538 0 0.00779444 0 0.0616246 0.0195586 0.00313596 0 0.0329989 0.0201761 0.0206908 0 0.0274366 0.0123649 0.0565832 0 0 0.0536435 0.000480026 0 0.0448343 0.0333558 0.0301238 0.0230893 0.0453469 0.0277909 0.110772 0.0402631 0.0161085 0 0.0492025 0.0310665 0.0484264 0.0312576 0.0348079 0.0170569 0.0730244 0.0577658 0.389751 0.00178847 0.02796 0.0023161 0.00277726 0 0.0657015 0 0 0 0 0 0.46311 0 0.303969 0 0.102587 0.0360948 0 0.0269383 0.017277 0 0.0232256 0.0732154 0.0854881 0.0303003 0 0.086221 0 0 0 0.00932529 0 0.0021221 0.140934 0.0638927 0.318989 0 0 0.0632258 0 0.0102312 0 0.000750938 0.134007 0.121673 0 0.0116286 0 0.020012 0.486588 0.0242041 0.00116187 0 0.0603934 0 0 0.0107376 0 0.0251438 0.142747 0.125442 0.0405344 0.00411984 0.0496125 0.0468342 0.0384453 0.0167227 0.0372065 0.016439 0 0.0168561 0 0 0.00401402 0.0119836 0 0.0203594 0 0.00240259 0.00654602 0.0698539 0.0936437 0.120133 0.0128206 0.158679 0.0253804 0 0 0 0.0165477 0.0229765 0.00790606 0.0039119 0 0.00882068 0.0442828 0.0094013 0.0178035 0.00048138 0 0 0 1.12271e-05 0 0.095938 0 0.136264 0 0.121849 0.0104911 0.0210087 0.0090114 0.137677 0.00705471 0.0781226 0.0404278 0.0692314 0.240485 0.0781646 0.00520179 0 0.214477 0 0.0864071 0 0.0250611 0.266942 0 0 0 0.0192804 0 0.0159422 0.220665 0.0415668 0 0 0 0.00295479 0.363999 0 0.0485433 0 0.00554456 0.000494199 0.0132251 0.0122951 0.167352 0 0 0.139913 0.0560723 0 0.0863231 0.00257611 0.00765043 0.0023317 0.0827374 0.00869822 0.00218479 0 0 0 0.154787 0 0.0262067 0 0.0543066 0 0.0845662 0 0.0558001 0 0 0.0375565 0 0.042005 0 0.0675309 0 0.0539911 0 0.14266 0 0.152591 0.028323 0.0780192 0.00549444 0.00952457 0 0.0114038 0 0 0 0 0.210456 0.127327
132 10.8021 -0.0360311 0.162175 0.102201 0.264907 -0.0652716 12.5624 -0.221656 -0.163619 -0.074214 0.0902494 0.291802 0.213579 -0.0681949 -0.0562301 -0.176841 -0.0270314 0.172469 -0.0897081 0.476304 0.839922 -0.280715 0.138539 -0.161502 -0.374503 0.0431604 -0.0363217 -0.0280055 -0.0166789 -0.0544593 -0.0711817 -0.102745 -0.0760324 -0.0287322 0.165101 0.0520621 0.0049125 0.140464 0.033625 0.0411318 0.399372 0.160326 1.36659 0.244899 0.699541 -0.00696395 0.0771813 0.154489 -0.0507429 -0.0518021 0.107459 -0.361012 -1.33352 0.141325 0.660885 0.0134519 -0.0485642 -1.45034 0.0115405 1.28877 -0.0506694 0.242798 1.3122 2.77251 0.182009 -1.69176 0.298248 -2.46404 -0.734822 -0.140639 48.9019 44.1396 -2.834 0.881004 -1.1304 6.87072 3.82844e-08 1.87011 -5.84196 25.3846 23.0417 0.405661 -0.732227 0.0315186 0.552204 0.687699 -0.764068 -3.00898e-09 -1.71854 -0.831018 0.755194 1.90303 0.0331335 -0.451099 -0.580367 -1.11779 0.215501 0.201791 0.411709 0.655018 -0.545818 1.96721 -0.54378 5.75207e-09 -1.38408e-09 -6.84336e-10 -1.07674 0.85777 0.470538 -0.689366 2.30465 2.93539 -0.90782 0.258309 0.930355 12.5566 0.016588 0.299067 1.24298 0.00709855 0.0385391 0.018322 0.062295 0.0366205 0.0668369 0 0.0566416 0.0704613 0 0.228587 0.132948 0.204032 0.0429533 0.232006 0.022908 0.133025 0.0174556 0 0 0.0102019 0 0.00707748 0 0 0 0.0991718 0 0.0566477 0 0.15781 0.0189299 0.187908 0 0.203075 0 0.0114281 0.00412018 0.321737 0 0 0.0942448 0.345853 0 0.0546919 0.098484 0.0118315 0 0 0.0346496 0 0 0 0.0364303 0.00657569 0.034713 0 0.0261813 0 0 0 0 0 0.00608729 0 0.014659 0 0 0.106074 0 0 0.0548619 0 0.0391449 0.0081504 0.00847151 0.150076 0 0.0267288 0 0.0367994 0.0123303 0.0695253 0 0 0.038491 0.00148272 0.0014424 0 0.172407 0 0.127607 0 0.131628 0 0.111015 0.000511869 0 0.129773 0.122936 0 0.108097 0.0346597 0.0115923 0.643624 0.483525 0.226542 0.174013 0.00655056 0.0325344 0 0.0182445 0.04049 0 0 0 0.132623 0.00576923 0.219699 0.0690627 0 0.0796052 0 0.125827 0 0.0206199 0 0.0142877 0 0.104782 0 0.116825 0.0140042 0.0364826 0 0 0 0.0207727 0 0.0138897 0.0811192 0.0877402 0.388316 0.0568822 0 0.0637964 0 0.0176211 0 0.0264837 0.248977 0.143201 0 0.000580927 0 0 0.526514 0.0789119 0.00373589 0 0.289514 0 0 0.0632866 0 0.0424454 0.222986 0.0597959 0.325317 0 0.676066 0 0.0458855 0 0.0303422 0 0 0 0 0 0.0834636 0.0350399 0 0.135702 0.00483531 0 0.106828 0 0.46073 0.0580484 0.30561 0.308192 0.0844867 0 0 0 0.126731 0.0017593 0.0878499 0.00790025 0 0 0.0214891 0 0 0 0 0 0 0.00403913 0 0.0872318 0 0.222102 0 0.17022 0.129176 0.0185782 0.319938 0.0918847 0 0.0387084 0.0577734 0.0436407 0.176754 0.0280678 0 0.013025 0.70454 0.309517 0.736618 0.200889 0.00710542 0.479064 0 0 0 0.00377222 0 0.119552 0.282028 0.0414161 0 0 0 0.00104698 0.342777 0 0 0.0166204 0.00313295 0.0344487 0.0256231 0.0411327 0.218789 0 0 0.393221 0 0 0.0885642 0 0.0417606 0.0172596 0.0994362 0 0.0534704 0 0.00179793 0.0234714 0.29625 0 0.0679593 0.0121306 0.083596 0 0.128933 0 0.0938164 0.0055704 0.00707442 0.0348779 0 0.0215755 0 0.0322273 0 0.135445 0 0.294511 0 0.427644 0.0138193 0.171084 0 0.0172086 0 0 0 0.00544152 0 0.0492319 0.18832 0.101356
133 10.8355 -0.0884863 0.141469 0.095654 0.264901 -0.0583161 12.6035 -0.122756 -0.159676 -0.0620143 0.0973965 0.263337 0.221524 -0.0743996 -0.0800394 -0.120796 -0.121604 0.184484 -0.0560509 0.698463 0.496741 -0.0730531 -0.0283792 0.0491083 -0.196121 0.0976303 -0.0409447 -0.00378028 -0.0291256 -0.037929 -0.0611621 -0.102146 -0.0764012 -0.0517093 0.181077 0.0634518 0.00875011 0.153887 -0.0284001 0.0268226 0.395985 0.283326 1.33095 0.18275 0.64443 -0.0347596 0.0657214 0.154502 -0.0421211 -0.0429351 0.125401 -0.309028 -1.33956 0.160457 0.707095 0.0104059 -0.00768789 -1.54767 -0.919126 -0.382119 -0.204979 0.0542181 1.19567 2.70523 -0.0280565 0.220702 0.514915 -1.05104 0.743702 -0.565405 -0.582577 -0.699396 -2.34121 0.267655 0.784369 4.39382 -3.80742 3.30973 1.09922 -0.0581531 -0.0261144 1.82278 0.170443 0.409733 -0.547687 0.247548 0.32975 -1.50226e-09 -1.7302 -1.15765e-09 0.658662 1.92769 -0.906379 -0.80279 -0.374332 0.742761 -0.813917 0.0968831 -1.24231 -0.612746 1.27034 -2.84085 -0.210111 5.14481e-09 0.83197 0.614862 -0.107857 1.23351 -0.607167 0.40031 8.16633e-10 -1.03893 0.725565 0.258337 0.938183 12.5972 -0.00836538 0.170647 1.20146 0.086786 0 0.0803844 0 0.0934013 0 0.0434984 0 0.0821948 0 0.140102 0.033125 0.0974663 0.0192879 0.0499966 0.0639934 0.0118661 0.0900591 0.0445372 0 0.0533873 0 0.0364549 0 0.0862506 0 0.0847589 0 0.0702882 0 0 0 0 0 0.0579199 0.036644 0 0.00902969 0 0.0498622 0.213012 0 0 0 0 0 0 0.0170774 0.0660972 0 0 0 0.0108197 0 0.072212 0.0057617 0 0 0 0 0 0.0677619 0.0665286 0.0155853 0.00995168 0.0244428 0.0156824 0 0 0 0.0284768 0 0.0159091 0 0 0.0625679 0.00322681 0.00900296 0 0.0226832 0 0.0542401 0.0136687 0.0490988 0.0570773 0.0521063 0 0 0.0179101 0.122738 0.0168135 0.0969399 0.0280169 0.1296 0.00977685 0.169718 0.119644 0 0.055867 0.0576417 0.0552858 0.1013 0.0512213 0.00213654 0.049031 0.0891252 0.0532911 0.243724 0 0.0623803 0 0 0 0 0.0259552 0.0912515 0.0913819 0 0.175305 0 0.0363829 0.00594369 0 0.120849 0 0.0831074 0 0.000564466 0 0.0946967 0 0.0303535 0 0 0.0122921 0.00725786 0 0 0 0 0.138253 0.0397817 0.430211 0 0 0 0 0 0 0 0.102912 0.0151131 0 0.0018858 0 0.0372994 0.484023 0.0517841 0.00258961 0 0.0434753 0 0.0325701 0 0 0 0.227335 0.0800027 0.0766888 0 0.0932936 0 0 0 0 0 0.0325614 0.0513385 0.021931 0.016969 0 0.00998098 0.056543 0.0463995 0 0 0.163145 0 0.267097 0 0.0686855 0.153966 0.203249 0 0.0479875 0.0397619 0.209366 0 0.203718 0.00620379 0.0365062 0 0.0364503 0.0787237 0 0.103624 0 0.00251914 0.0112728 0.0245597 0 0.067043 0.0155514 0.131014 0 0 0.0736293 0 0 0.0300947 0 0 0.00963827 0 0 0 0 0.0112928 0.0439581 0.193977 0.0308323 0 0.186269 0.144344 0 0 0 0 0.0318 0 0.270237 0.0507832 0 0 0.0245911 0.0348503 0 0 0.0403845 0 0 0.0386035 0 0.00830482 0.322326 0.104323 0.0944556 0.162098 0.502997 0 0 0.00860836 0.138303 0.0463793 0 0.0226314 0.0122611 0 0.0199291 0 0.0801951 0.100096 0.0277578 0 0 0 0 0.0445503 0 0.000897601 0 0.022677 0.0242713 0.0134929 0.0226877 0.100756 0.0285298 0 0.284644 0.0471028 0 0.29647 0.0983213 0 0.121718 0.00753907 0.0139525 0 0 0 0 0 0.187989 0.0548126
134 10.8688 -0.0937031 0.109336 0.104675 0.26508 -0.0573741 12.6465 -0.0480793 -0.159185 -0.0650151 0.0535094 0.116819 0.157512 -0.039755 -0.00169074 -0.154795 -0.175327 0.144217 -0.0659467 0.661683 0.355275 0.128428 -0.0339621 0.174987 -0.0606171 0.0843115 -0.0359095 -0.00459385 -0.0336863 -0.0300558 -0.0569762 -0.100606 -0.0151937 -0.0546226 0.197543 0.0102986 0.000729449 0.151505 -0.00366918 0.0512103 0.329091 0.205986 1.3016 0.200187 0.694871 0.0315348 0.0557158 0.155483 0.0118266 -0.0305328 0.134241 -0.330426 -1.34809 0.041338 0.669106 -0.0147067 -0.0785609 0.398192 -1.06604 0.204019 -0.154885 -0.234653 1.25618 1.60918 0.300558 -0.125307 -1.53741 -3.44088 -2.96127 1.13412 1.90717 -1.8185 -1.68166 -1.53576 -0.587917 -2.74804 -2.90642 5.14993 -1.46303 3.16232 4.00359 -0.899413 0.0143896 0.0723845 -0.371905 0.352334 0.107099 -0.663904 -0.81191 -4.95767e-10 0.970588 0.979232 -0.506961 -0.146034 0.485962 7.15915e-11 -0.612974 -0.509723 -0.578969 0.420982 -1.14036 1.53536 -0.209052 3.9345e-10 0.116966 0.389706 0.817236 2.0224 -0.492858 -0.252653 0.539889 1.12448 -1.4842 0.258154 0.938155 12.6372 -0.00824464 -0.154777 1.198 0.00856377 0.00217341 0 0 0.0147798 0.0154544 4.71063e-05 0 0 0.00866449 0.0277473 0.0226183 0.00116406 0.0245939 0 0.0804969 0.0475139 0.0262742 0.0522373 0.0294062 0.0865634 0 0.02954 0.129341 0.118261 0.094742 0 0 0 0.00747098 0.00406875 0.119606 0 0.0903636 0 0.18682 0.00217763 0.00807013 0.0551499 0 0.0328964 0 0 0 0.102274 0.0843781 0.0526138 0.059401 0.0634361 0.0192602 0 0 0 0 0.0697652 0.0201459 0 0 0 0 0.00958247 0.00852338 0.0320736 0.0423536 0.00520031 0.0184482 0 0.101803 0 0 0 0.0600378 0 0.0579457 0.0157128 0.00672991 0 0.0586851 0.0105549 0 0.00697823 0.00835322 0.0620935 0.0194651 0.0241433 0.0864773 0.00150442 0 0.194316 0.11412 0.136089 0.0815817 0.171185 0.11993 0.131791 0.137596 0.04466 0.0343304 0.145926 0.00525649 0.142034 0.0695505 0.0356083 0.0234911 0 0.12674 0 0 0 0 0 0 0 0 0 0.0219206 0.128355 0.0139553 0 0.071608 0.0311298 0 0.0129814 0 0.0408175 0 0.0188874 0.132859 0 0.0580811 0.0463271 0.0222072 0 0 0.0245745 0 0 0 0 0 0.143958 0.0953636 0.111731 0 0 0 0 0 0 0 0 0.0553709 0 0 0.0737444 0.0104918 0.232742 0.143593 0 0.000675267 0.0699449 0.0396826 0 0 0 0 0.173971 0.0980665 0.0778589 0 0 0.104409 0 0 0 0 0.0446176 0.0344759 0.0387306 0 0 0.0248594 0.101127 0.0409634 0.00115172 0 0.0276837 0 0.152193 0.0753245 0.0923414 0.00704269 0.033245 0 0.0262557 0.000913412 0 0 0.0645184 0 0.037166 0.028213 0.150001 0.0219451 0.090805 0.0855935 0 0.0289227 0.0372177 0.0113533 0.0319245 0 0.0969651 0.148905 0 0 0.0659897 0.0902653 0 0.0154792 0 0 0.0761062 0 0 0 0 0 0.0142326 0 0 0 0.188235 0.280289 0 0 0 0 0.0460014 0.0762745 0.209526 0.0592916 0 0 0.023188 0.0516741 0 0 0.0453452 0 0 0.0537198 0.0246854 0 0.180862 0.0467207 0 0.275626 0.584076 0 0 0.0126259 0.122452 0.00148778 0 0.0244827 0 0 0 0 0 0 0 0 0 0 0 0 0 0 0.0495663 0.163416 0.177201 0.0240462 0.242016 0.0630782 0.0194318 0 0.131743 0.0901177 0 0.0799272 0.0499543 0.0189399 0.0385514 0.00226378 0.0276674 0 0 0 0 0 0.063806 0.0128465
135 10.9021 -0.0590079 0.0799987 0.0873055 0.263904 -0.0634817 12.6864 0.000516239 -0.151657 -0.0370527 -0.0209674 0.0811779 0.155567 -0.0532341 0.0192116 0.05393 -0.270918 0.105435 -0.0422137 0.582012 0.297918 0.248772 -0.0165366 0.245476 0.0253107 0.0624212 -0.0340647 0.0213523 -0.0761053 -0.0156092 -0.050142 -0.101623 -0.0517673 -0.0511763 0.191275 0.0530881 -0.015867 0.15152 -0.0055934 0.052346 0.301271 0.173125 1.28692 0.228689 0.700887 0.0725923 0.0751456 0.155402 -0.0082304 -0.00902372 0.196259 -0.253356 -1.38151 0.0646208 0.701917 0.0501651 -0.0993463 1.14814 -1.22922 -0.999526 -0.194254 -0.0792215 1.12167 1.42743 0.511612 1.26202 -2.25188 -0.221714 0.651354 -0.169257 0.0142302 -0.000223559 -2.91127 -1.39619 1.01684 -2.88688 0.208313 2.59978 1.12267 1.62101 2.03027 -0.844124 0.068958 0.486414 -0.899094 0.699692 1.0664 -2.75762e-09 -2.68277 -2.31768e-10 -0.435506 2.62106 -0.496612 5.82718e-09 -0.376002 1.19799 -1.84893 0.362556 -1.59899 -0.220857 3.9889e-10 0.587459 0.576566 3.91661e-09 -0.569988 -0.43027 0.32753 2.34239 -0.494917 0.0472248 4.18037e-10 0.829268 -0.340356 0.257887 0.931614 12.6762 -0.0223618 -0.0462329 1.13553 0.0492034 0 0.0742365 0 0.0648372 0 0.104411 0 0.169009 0 0.0953679 0.0251199 0.0959306 0.0409449 0.0611479 0.069041 0.0149232 0.0335437 0.191646 0 0.245587 0 0.237076 0 0.357274 0.015555 0.121483 0 0.076458 0 0 0 0 0 0 0.0315226 0.00233283 0.00422109 0 0 0.31975 0.296842 0.0935469 0 0.195553 0.0406437 0.0313547 0.0712751 0.100041 0.0964128 0 0 0.0544289 0.0289698 0.117695 0.0714448 0 0 0 0 0 0.0380859 0.0717942 0.0546286 0.00901098 0.018923 0.0848859 0 0.0732628 0 0.0794154 0 0.0296156 0 0 0.0202768 0.0491389 0 0.00218319 0.00744838 0 0.0135496 0.0234442 0.0501266 0.0350638 0.0460084 0.00072003 0 0.0869508 0.198591 0.0561296 0.13022 0.0803946 0.16619 0.0328192 0.246918 0.0943502 0.085092 0.0433093 0.103331 0.0449669 0.225432 0.0460905 0.0299762 0 0.454201 0 0.314312 0 0.0704213 0 0 0 0 0 0 0.0270447 0 0 0.393594 0 0.460831 0 0.325189 0.076175 0.0385368 0.0650833 0.023795 0 0.256634 0 0.329173 0.263648 0 0.228912 0 0 0 0 0 0.229779 0.127037 0.147219 0 0 0 0 0 0.0357213 0 0.000830591 0.0545251 0.0788314 0 0.161753 0.0185541 0.463168 0.195501 0 0.00173119 0.0328642 0 0.0636069 0.0781118 0 0 0.112812 0.0115086 0.0294664 0 0 0 0.0166709 0 0.0374404 0 0.147433 0.0574355 0.216728 0 0 0.00773947 0.167998 0 0.00704626 0 0.566518 0 0.53715 0.316926 0.225752 0.228465 0.211288 0 0.0398568 0 0.143502 0.0147506 0.241636 0 0.0161947 0.0368196 0 0.297276 0 0.300484 0 0 0 0.109905 0.365824 0.162788 0.188006 0.0230153 0.0675956 0 0.331559 0 0.400889 0 0 0 0.337156 0 0 0 0 0 0 0.382719 0 0 0.242725 0.0862199 0 0 0.0091622 0 0.153943 0 0.158126 0.0834889 0 0 0.112762 0.0124731 0 0 0 0.116459 0 0.196224 0 0.125135 0.311861 0.265604 0.0308025 0.0326025 0.473907 0 0 0 0.227607 0.130371 0 0 0 0 0 0 0 0.035213 0 0 0 0 0 0.0247034 0 0.0255793 0.197701 0.392693 0.342228 0.199284 0.412167 0.244836 0.016767 0 0.528543 0 0 0.102733 0.0720174 0.00921587 0.197955 0 0.0281997 0 0 0 0 0 0.178998 0.025982
136 10.9355 -0.0246905 0.0158402 0.0621492 0.261128 -0.0648624 12.7241 0.037205 -0.135742 -0.00368165 -0.0758982 0.0660973 0.203265 -0.0554111 0.00689466 -0.121893 -0.328572 0.0771958 -0.000774981 0.438362 0.28443 0.339517 0.00393961 0.269617 0.0640478 0.0371306 -0.0266073 0.0352758 -0.099431 0.002931 -0.0220705 -0.101716 -0.0498461 -0.0455212 0.184021 0.0657848 -0.0307915 0.150899 0.0177408 0.0541146 0.265226 0.144071 1.28249 0.280056 0.700746 0.0538662 0.0562609 0.155577 -0.0169768 -0.0464698 0.311978 -0.20284 -1.35825 0.0916852 0.696422 0.00130525 -0.0915184 0.776488 -2.05334 -0.656369 -0.114982 -0.0839657 1.11564 0.954014 0.409768 0.716186 -0.913538 -0.818748 1.61507 -0.176279 -0.863355 -8.79658 -1.34317 -1.1744 0.996865 -3.99536 -0.861143 1.12936 0.463462 0.380034 0.636666 -0.632621 0.0276379 0.32711 -0.440437 0.562213 0.768921 -1.49021e-09 0.0194022 0.279982 -0.182596 0.205834 -0.601897 3.6777e-09 0.0611528 1.55432e-10 -0.992043 1.18516 -0.143055 0.269019 2.15481e-10 0.550797 -0.018671 2.21866e-09 -0.0512294 -1.29789 0.754674 2.61733 0.0348643 0.137654 -0.447584 -0.579632 0.369708 0.257071 0.929535 12.7135 -0.034896 -0.0749205 1.11495 0.0223419 0 0.0063676 0 0.0218206 0 0.0154141 0 0.0738002 0 0 0 0 0 0 0 0.0367115 0.0399093 0.0823174 0.121715 0.14774 0.0836519 0.095878 0.290074 0.200395 0.308023 0.0808041 0 0.0392794 0.0245984 0 0.0273912 0 0.0295195 0 0.0398306 0.00237695 0.00315787 0 0 0.137248 0.149248 0.127927 0 0.12786 0.0177897 0.0871087 0.0808854 0.040357 0.0627555 0 0 0.0314651 0.00225267 0.0463215 0.0510979 0 0 0 0 0.000755522 0.0210589 0.0685273 0.0420619 0.0178054 0.0175391 0.088214 0.151034 0 0.0570751 0.0135824 0.09952 0.0149083 0.115846 0.016658 0.0120552 0.0377346 0.17876 0.00371782 0.00419608 0.0134606 0.0142472 0.013604 0.0471706 0.0979204 0.0493589 0.00127955 0.000120822 0.0188927 0.0338423 0 0 0.014826 0.065903 0 0.100882 0.0489459 0.0809695 0.011579 0 0.0142801 0.0742243 0.0418997 0.0373474 0.0525316 0 0 0.116295 0 0.00351911 0 0 0 0 0 0 0.0843505 0 0 0.178159 0 0.109895 0 0.0903184 0.00104511 0.0180102 0.0737902 0.123012 0 0.226622 0 0.229655 0.0992438 0 0.123147 0 0 0 0.00173043 0 0.109439 0.157946 0.0581472 0 0 0 0 0 0 0 0 0.0469495 0 0.0250878 0.0466405 0.0705304 0.222675 0.242977 0 0.00179061 0 0 0.0442628 0.0137063 0 0 0.104749 0.0788789 0 0 0 0 0 0.0505872 0 0.0382215 0.0707607 0.0809837 0.127216 0 0.0241887 0 0.112308 0.00783972 0.00995679 0 0.340528 0.0434917 0.389777 0.212003 0.139526 0.0973195 0.0619584 0 0.0203876 0 0.0539804 0.00263497 0.144003 0 0.0546055 0.0667701 0 0.439193 0 0.42426 0 0 0 0.0265592 0.265849 0.216364 0.143136 0.0709366 0.0286651 0 0.464802 0 0.463626 0 0 0 0.458547 0 0 0 0 0 0 0 0 0 0.189743 0.088108 0 0 0.00492555 0 0.0842788 0.0358535 0.0968313 0.106072 0 0 0.0277397 0.065767 0 0 0 0.0792111 0 0.202887 0 0.101589 0.0864049 0.196125 0.339718 0.375096 0.2951 0.00560591 0 0 0.0731771 0.0628019 0.00867083 0 0 0 0 0 0 0 0 0 0 0 0 0 0 0.00529883 0.183962 0.401942 0.277528 0.272859 0.277869 0.354871 0.0125898 0 0.327266 0.0680745 0 0.0333648 0.0339548 0.00112518 0.144513 0.00697553 0.0170568 0 0 0 0.00183148 0 0.0932075 0.0558878
137 10.9688 -0.0093777 -0.0384494 0.0489105 0.257993 -0.067017 12.7608 0.0778596 -0.140498 0.0111823 -0.100624 0.0354138 0.262109 -0.0547869 0.0377869 0.0503687 -0.369602 0.0469349 0.0324062 0.334572 0.245507 0.373679 -0.0454822 0.293514 0.0996145 0.0196648 -0.0220023 0.0385344 -0.092465 0.0181101 -0.00724445 -0.100318 0.026941 -0.0321513 0.165805 0.00726321 -0.0442831 0.150981 0.0147058 0.0538521 0.20001 0.13282 1.30833 0.341668 0.700624 0.047111 0.0319571 0.150321 -0.0372286 -0.05411 0.45536 -0.167409 -1.36164 0.18488 0.707113 0.00937554 -0.0700546 0.166545 -1.50175 -0.288 -0.0521479 -0.0763049 1.06861 1.0578 -0.141048 0.143412 -9.57948e-10 -1.27282 1.58272 -0.16326 0.00209957 0.00296407 -1.33622 -0.923475 0.646272 -2.11761 -1.40595 0.204342 -2.26737 0.73838 0.862004 -0.247814 0.140897 -0.00922051 0.391688 0.409595 0.384263 -1.7593e-09 1.33669 0.49698 -0.354109 -0.823399 -0.522966 5.184e-09 -0.840059 1.08419e-10 -0.548355 1.96648 0.633058 0.720796 -0.0640628 0.82971 -0.626213 9.07945e-10 0.293787 -1.12248e-10 0.762819 0.852087 -0.995268 0.141639 2.76629e-11 -1.08936 -0.0810727 0.255966 0.927969 12.7506 -0.0403832 -0.0373193 1.11412 0.0446258 0 0.0273047 0 0.0196968 0 0.0629439 0 0.0492036 0.0177084 0.0881102 0 0.0838487 0 0.0795589 0 0.0391879 0.0390602 0.103769 0.00759371 0.145358 0 0.163217 0.00366933 0.233889 0.00629715 0.0861019 0 0.107463 0 0.00483127 0.00848352 0 0.00678743 0 0.00181066 0 0 0 0 0.094806 0.230379 0.0381183 0 0.157116 0.0420696 0.0599485 0.00163971 0.068949 0.0824535 0.00232083 0.0117671 0.0315653 0.01052 0.0402995 0.0680372 0.0255931 0 0.00454134 0 0 0 0.0237848 0.0177368 0.00875964 0.00279253 0.0389398 0 0.034399 0 0.0373522 0 0.0426078 0.0170328 0.00980476 0 0.0471329 0 0.00282284 0.00149592 0.0155303 0.00384391 0 0.00724362 0.0313884 0.0392617 0 0.000554028 0.0236705 0.0884747 0.0206338 0.0633835 0.0262983 0.0803072 0.00708824 0.124568 0.0210311 0.0801344 0.0100458 0.0266278 0.0147847 0.0491891 0.031333 0.0454621 0 0.46928 0 0.212558 0 0.082434 0 0 0 0.00169152 0.00134946 0 0.000788388 0 0 0.262283 0 0.210728 0 0.153896 0.0195085 0.0304816 0 0.0254299 0.0517705 0.0973659 0 0.120737 0.253514 0.0121778 0.0336578 0 0.0241106 0 0.00625617 0 0.0612579 0.185746 0.0221024 0 0 0 0 0 0.0140107 0.0102379 0.0057631 0.00255501 0.0448384 0.0132846 0.0702889 0.0309928 0.0712767 0.271944 0 0.000978683 0 0 0.0482184 0.0276432 0.0438192 0.025563 0.00413341 0.0804888 0 0.00780479 0 0 0 0.0405527 0 0.041528 0.0420854 0.0122826 0.0654666 0 0 0.0489035 0.151766 0 0.00382678 0.00133456 0.27449 0.0910024 0.178476 0.10482 0.118789 0.059178 0.0757624 0 0.00466957 0 0 0 0.00182205 0.0119394 0.0570389 0.0432193 0 0.264551 0 0.237421 0 0 0.00307779 0.0331219 0.232319 0.0460186 0.147535 0 0.0878717 0 0.111161 0 0.359176 0 0 0 0.0933205 0.00132968 0 0 0.0254563 0 0 0.218078 0 0 0.11764 0 0 0 0.0225764 0 0.040881 0.0237256 0 0.118055 0.0221721 0 0.0217343 0.00782768 0 0 0 0.0115567 0 0.0644867 0 0.0540579 0.0283977 0.225599 0.0916111 0.231129 0 0 0 0 0.0505002 0.0842387 0 0 0 0.0638284 0 0.0224756 0 0.193358 0 0.0361297 0 0.0622591 0 0.0759235 0 0.0834697 0.127383 0.0483923 0.172077 0.0621334 0.191472 0.0997368 0 0 0.210353 0.0559751 0.0402343 0.00860151 0.0161194 0 0.03496 0.00207804 0.0251177 0.00569103 0 0 0.0643084 0 0.0481842 0.0789241
138 11.0021 -0.0133659 -0.0836318 0.0361641 0.254473 -0.0705483 12.7983 0.127523 -0.139974 0.0195199 -0.100624 -0.00925978 0.305966 -0.0541231 0.027698 -0.00882062 -0.352149 0.0231163 0.0609971 0.148085 0.322025 0.393327 0.0183315 0.282895 0.0784354 0.00984692 -0.021009 0.0399035 -0.0677786 0.0308782 0.00370284 -0.100313 0.0742607 -0.0186688 0.166726 -0.0178532 -0.0602145 0.150559 0.0303212 0.0550334 0.191819 0.145931 1.33124 0.411386 0.686694 0.0656348 -0.020558 0.150554 -0.0284621 -0.0534479 0.490719 -0.146121 -1.38376 0.207294 0.706737 0.0163553 -0.0841635 -0.0693505 -0.722552 -0.608054 -0.0436499 -0.163531 1.12103 1.49019 0.0176281 0.416056 -4.87186e-10 -1.35951 0.686881 -0.248488 0.00415701 -0.964875 0.140017 -0.750917 0.830993 -4.93407 0.937424 -0.938392 2.34802 -0.0573839 -0.0816822 -0.285125 -0.0809335 0.136898 0.604489 0.373704 0.39161 -1.02599e-09 1.68921 0.560262 0.0429368 -1.23157 -0.476714 1.9066e-09 -0.316199 2.13007e-10 -0.130414 1.47375 0.812638 0.0725503 -1.05722 1.09751 -0.898619 5.09452e-09 0.221491 -4.52299e-10 0.209662 0.353468 -0.613429 -0.00242253 2.17786e-11 -0.00584078 -0.288707 0.254502 0.925121 12.7878 -0.052883 -0.11951 1.11906 0.0667267 0 0.0382916 0 0.0248923 0 0.0906557 0 0.162836 0 0.112621 0 0.13161 0 0.134793 0 0.085848 0.0105267 0.102465 0.0621152 0.124617 0.0607176 0.151595 0.101752 0.20403 0.108901 0.093878 0.0220725 0.119877 0.0581899 0.00886214 0 0 0 0 0 0 8.67844e-05 0.0233414 0.0130998 0.0129869 0 0.0781577 0 0.0749735 0.000999011 0.0254029 0.00132065 0.0430567 0 0 0.019846 0.00920525 0 0.0245194 0.0147188 0.0229769 0 0.00538256 0 0.0265382 0.00856603 0.00713732 0.0248529 0.0102422 0.0197109 0.223624 0.0904598 0.179444 0.078227 0.182822 0.0897692 0.249459 0.173762 0.0561551 0.0311272 0.23907 0.0984359 0.0157577 0.00125303 0.0474363 0.0311782 0.0116263 0 0.0533052 0.10176 0 0.000340572 0 0 0 0 0 0 0 0.0168007 0 0 0 0 0 0 0.0259996 0.00524698 0.0293355 0 0 0.22604 0 0.0349793 0 0 0 0 0.00430063 0 0.00430348 0 0 0.130949 0 0.0599518 0 0.0255048 0.0158938 0.0183007 0 0.031843 0 0.10597 0 0.133058 0.181513 0.0411547 0.012491 0.00447762 0.0879686 0 0 0 0.0647204 0.0796086 0.00156589 0 0.00911044 0 0.0064367 0 0 0 0 0 0.0298774 0.0161713 0.0323565 0.0313593 0.0807222 0.153132 0 0 0.00704583 0 0.0176299 0 0.0317006 0 0.029677 0.137539 0 0 0.0277597 0 0 0.0815474 0 0.0816225 0 0.0133431 0.0127683 0 0 0 0.159119 0 0.00360147 0 0.266184 0.0983549 0.0758713 0.020368 0 0.0804966 0.167515 0 0.00414623 0 0.0199478 0 0.0552024 0.0140732 0.125022 0.192409 0.0239281 0.359017 0 0.33843 0 0 0 0.0322602 0.0462532 0.0817472 0.138054 0 0.0931516 0 0.177447 0 0.261212 0.00351649 0 0.00678611 0.161659 0 0.0592557 0.0619881 0.0568709 0.0218759 0 0 0 0 0.167943 0.0391293 0 0 0.0335862 0 0.0327671 0.00426988 0.017345 0.128768 0.102956 0 0.0138208 0.0185222 0.0788698 0.0360526 0 0.0115123 0 0.103738 0.00402546 0.0690534 0 0.0557586 0.747486 0.461838 0 0 0 0.0626403 0.00172682 0 0 0.0430438 0 0.0359093 0 0.0394429 0 0.139934 0 0.0450127 0 0.0536997 0 0.0716074 0 0.0738185 0.0615979 0.0951134 0.101402 0.139389 0.117604 0.195239 0.00583614 0 0.187732 0.0317599 0.0673088 0.0546087 0 0 0.103899 0.00904484 0.0347774 0.00471067 0.00525643 0 0.0484556 0 0.0338809 0.0573528
139 11.0355 -0.0208359 -0.100061 0.0217506 0.250706 -0.0761453 12.8365 0.183943 -0.138295 0.0290896 -0.100624 -0.0569325 0.320396 -0.0548179 0.0279654 0.0519445 -0.331858 0.0150993 0.0761167 -0.00504826 0.262643 0.363368 0.00362315 0.30229 0.106978 0.00908423 -0.0109865 0.0362207 -0.0534708 0.029979 0.0175516 -0.100731 0.109098 -0.00875872 0.166502 -0.0465275 -0.0707521 0.150131 0.0459273 0.0562118 0.179386 0.142798 1.36081 0.463183 0.66761 0.0577999 -0.0120297 0.150723 -0.0220555 -0.0529636 0.499088 -0.145975 -1.39926 0.194808 0.706527 0.0150769 -0.0950104 -0.103328 -0.194719 -0.423243 0.010373 -0.215802 1.13827 1.56549 0.0737931 0.186006 -9.47815e-10 -1.40601 0.0938005 -0.24969 0.012122 0.00852358 0.0960781 -0.0569619 0.162878 -3.04272 -4.362 -2.10342 -2.34468 0.67059 0.891396 -0.0695862 0.27418 -0.0616721 0.281654 -0.0690623 0.351288 -9.11689e-10 1.07229 0.3468 -0.057165 -0.997816 -0.258161 3.35489e-09 0.00350312 2.70578e-10 0.228706 0.870767 0.773139 0.0274471 -0.842806 0.682629 0.0826988 1.92553e-09 -0.00438483 -3.74434e-10 0.0757231 0.0906649 -0.396848 0.0449353 3.21276e-10 0.151886 -0.313825 0.252678 0.920601 12.825 -0.057705 -0.156894 1.11008 0.0315028 0.002561 0.0103349 0.00180341 0.00436958 0 0.0564098 0.0211234 0.130164 0 0 0 0.00010301 0 0.0022852 0.00291351 0.0821743 0.0352692 0.0327776 0.183143 0.0634034 0.173948 0.0453787 0.250689 0.0696935 0.263564 0.0759224 0.132472 0.0956562 0.220223 0.113477 0 0.0699025 0 0.0477012 0 0 0 0.0351483 0.0511616 0.0444717 0 0.299685 0 0.0371495 0.0506645 0.0134871 0.00653337 0.0719605 0.00976206 0 0.0342008 0.0250827 0 0.0238387 0.0130622 0.0318073 0 0.00681834 0 0.005664 0.00240477 0 0.0209924 0 0.0150408 0.0421685 0 0.0298911 0 0.0283513 0 0.0376861 0 0.0311647 0.024697 0.038242 0 0.0124323 0.00631103 0.0309818 0.0309491 0.0232499 0 0 0.0836866 0 0.000284389 0.0131758 0.238468 0.0134762 0.215058 0.0196412 0.204151 0.00575971 0.277465 0.0193564 0 0.00991292 0.192129 0.0118335 0.200501 0.0346727 0.00871103 0 0.102726 0 0.251598 0 0.0224803 0 0 0 0 0 0 0.0702494 0 0.0776866 0.289146 0 0.134078 0 0 0.00766449 0.00444302 0 0.0717462 0 0.217538 0 0.281653 0.0469159 0.110273 0 0.0151008 0.0751721 0 0.00906406 0 0.0157643 0.141328 0.00274691 0.00669752 0.0158649 0 0.00249988 0 0 0.00651727 0.0138563 0 0 0.035277 0 0.0517849 0 0.226917 0 0 0.0666788 0.00999869 0.038735 0 0.047104 0 0 0.15454 0.00961997 0 0 0 0 0.0384183 0 0.0408956 0 0.0179443 0 0.000651564 0 0.0685072 0.155529 0.000955212 0.00103662 0.00294613 0.161045 0.2896 0.201454 0.0454753 0.0289646 0.0914408 0.113777 0 0 0 0.0725229 0 0.131818 0 0.0628503 0.150124 0 0.638542 0 0.585408 0 0 0.00235286 0.0103673 0 0.168447 0.129297 0 0.102659 0 0.352616 0 0.288458 0 0 0.000468463 0.21162 0 0.0158963 0.0915179 0.0568256 0.0171403 0 0.449707 0 0 0.151215 0.0601412 0 0 0.0452029 0 0.027301 0.00912847 0 0.139029 0.087473 0 0 0.0436957 0.00256843 0.0831267 0 0.0182427 0 0.190413 0 0.144877 0.00274615 0.0413395 0.0609755 0.472681 0 0 0 0.064821 0.0192881 0 0 0.0353871 0 0.0723863 0 0.0265642 0 0.213957 0 0.0432266 0 0.0650359 0 0.0888405 0 0.0910274 0 0.21472 0 0.30844 0.013629 0.405891 0 0 0.155354 0.0880839 0.062582 0.02754 0 0 0.114887 0.00679395 0.0379177 0.0200258 0.0146967 0 0.0738371 0 0.0277814 0.0859071
140 11.0688 -0.0224359 -0.0949232 0.00315922 0.247798 -0.08413 12.8743 0.235446 -0.13056 0.0458006 -0.100624 -0.105372 0.308561 -0.057394 0.0288312 0.0527499 -0.349126 0.0394244 0.0728642 -0.0376821 0.0822791 0.219806 -0.0315586 0.314616 0.12428 0.00610722 -0.00197223 0.0380319 -0.0453224 0.025572 0.0305379 -0.100226 0.137326 -0.00307007 0.165552 -0.0852165 -0.0741157 0.157899 0.0522648 0.0564712 0.199217 0.165736 1.3734 0.515751 0.665889 0.0430985 -0.00150316 0.150448 -0.0324777 -0.0537513 0.498676 -0.139974 -1.41082 0.19761 0.70671 0.00543762 -0.0608185 -0.0394601 0.27197 -0.586614 0.026961 -0.296723 1.13968 1.56541 0.305427 0.429795 -7.4025e-10 -1.4025 -0.528676 -0.346713 0.0182654 0.0128766 -0.525316 0.950105 -0.140689 -0.288374 -3.88092 -5.314 0.371875 0.0859639 0.147422 -0.153698 0.307134 0.117843 0.238682 -0.185291 0.325784 -6.69829e-10 0.906126 0.267925 -0.0121912 -1.26107 -0.0211536 4.91988e-09 2.00695e-10 3.92129e-10 0.449863 0.433516 0.498382 0.274465 -0.108943 1.17536 0.0296367 1.26377e-09 -0.0849418 -3.82874e-10 0.00914555 -0.226584 -0.0946444 0.0492197 1.62809e-10 -0.0505032 0.5373 0.250706 0.913968 12.8618 -0.0600347 -0.234629 1.09657 0.0380532 0 0.0154767 0 0.0114389 0 0.0488456 0.0203643 0.105767 0 0 0.000379046 0 0.0112307 0 0.029255 0.0770631 0.0550881 0 0.191161 0.0143857 0.190748 0 0.263048 0 0.277301 0.0185674 0.175829 0.0358142 0.26568 0.106555 0.000970223 0.0872245 0 0.107061 0 0 0.000890893 0.0300762 0.116159 0.0296248 0 0.283931 0 0.0377956 0.0558193 0.00446901 0.011022 0.0569905 0 0 0.0421964 0.0191501 0 0.0172995 0 0.0249724 0 0.00633474 0 0.00670489 0.0217794 0 0.0142671 0 0.0169809 0.0281971 0 0.0066868 0 0.0122508 0 0.0302481 0 0.0332896 0.0427228 0.0115773 0 0.0122789 0.0132318 0.0318174 0.0458088 0.0161521 0 0 0.0825041 0 0.000619673 0.00836662 0.291858 0.0100241 0.260278 0.0134498 0.246694 0 0.330689 0.00952572 0 0.00110584 0.255248 0.00324553 0.266834 0.0280103 0 0.0187681 0.00313092 0 0.313823 0 0.0215791 0.0108885 0 0.0586532 0 0.0296179 0 0.10949 0 0.132526 0.326418 0.0335512 0.125589 0 0 0.00468519 0.00406466 0 0.0791901 0 0.213637 0 0.299629 0.0136684 0.124935 0 0.0167192 0.0719167 0.0070644 0.00897555 0 0.0106452 0.119519 0 0.00402282 0.0138319 0 0.0101981 0 0 0 0.0200628 0 0 0.0338216 0 0.0416118 0 0.207858 0 0 0.0817009 0.0609031 0.0318424 0 0.044257 0 0.0216042 0.13509 0.0239676 0 0 0 0 0.0299666 0.00297902 0.0352425 0 0.0135098 0.00241815 0 0 0.0782652 0.146302 0 0.000275892 0.00272827 0.155799 0.283201 0.203733 0.0179715 0.0190607 0.08584 0.0946808 0 0 0 0.118678 0 0.192315 0 0.0537393 0.129836 0 0.632792 0 0.577221 0 0 0 0.0160835 0 0.169723 0.140385 0 0.114943 0 0.305402 0 0.233899 0 0 0.0069651 0.1683 0 0.0403335 0.168864 0.0593486 0.0107014 0 0.547655 0 0 0.157177 0.0656367 0 0 0.0454584 0 0.0469293 0 0.00261702 0.127189 0.0943239 0 0 0.0469937 0.00326652 0.232898 0.00929967 0.00916075 0 0.198207 0 0.148988 0.000503216 0.0460175 0 0.527325 0 0 0 0.091236 0.0140074 0 0 0.0608123 0 0.053034 0 0.0119067 0 0.134068 0 0.0145804 0.000263155 0.0431786 0 0.0573964 0 0.0573997 0 0.230591 0 0.320216 0 0.417097 0 0 0.152564 0.0305318 0.0371956 0.0295303 0 5.08204e-05 0.139821 0 0.0368387 0.0132699 0.0170333 0 0.0612974 0 0.0344329 0.0958996
141 11.1021 -0.0196761 -0.082617 -0.0124539 0.245525 -0.0926122 12.9129 0.276998 -0.107743 0.0631614 -0.0917919 -0.144298 0.274579 -0.0653953 0.0177846 0.0372982 -0.365808 0.0658786 0.0534268 -0.0392774 0.0322186 0.0635398 -0.00112308 0.314236 0.128928 -0.00699782 0.00471125 0.0396728 -0.0336846 0.0232308 0.0372896 -0.101938 0.152426 0.00707843 0.170645 -0.119049 -0.081212 0.157899 0.0522648 0.0564712 0.173674 0.176361 1.39836 0.492552 0.668144 0.0626234 0.00681514 0.150457 -0.0321445 -0.0537261 0.475344 -0.13814 -1.41079 0.208787 0.707068 0.0148234 -0.052629 0.144172 0.445233 -0.504711 0.0351082 -0.258725 1.16912 1.11619 0.639863 0.453598 0.407784 -0.605951 -1.00525 -0.497431 -0.809584 -1.11524 -0.333109 0.87574 -0.508682 0.0708753 -0.74367 -3.90328 0.578219 0.124506 0.252633 -0.469022 0.262591 0.0586607 0.274265 -0.0684487 0.213582 -1.36646e-09 0.065549 0.208568 0.103432 -0.622142 -0.0381442 8.23461e-09 5.38614e-10 7.78615e-10 -0.451183 0.544933 0.553809 -0.586071 0.168195 -0.547724 0.103134 1.42204e-09 0.0702959 -5.18804e-10 -0.212716 -0.574424 0.339696 0.121062 1.10482e-11 0.031105 0.207945 0.248713 0.906419 12.8985 -0.0583507 -0.213042 1.10394 0.0546608 0 0.0205281 0 0.0164735 0 0.0727147 0.0262352 0.124744 0.0271888 0 0.0254001 0 0.0526091 0 0.0820122 0.0767089 0.092307 0 0.1477 0.00962375 0.0959076 0 0.203723 0 0.158483 0.00454987 0.093178 0.0229311 0.134355 0.062283 0 0.0472684 0 0.0760691 0 0 0.000882512 0.039859 0.274186 0.0278636 0 0.182433 0 0.0348596 0.0547968 0.000211015 0.0107539 0.0528012 0.00767604 0.000142358 0.0461445 0.0144913 0 0.0179967 0 0.0163182 0 0.00552063 0 0.00574599 0.0164 0 0 0.00137956 0.00454649 0.0384462 0 0.0338847 0 0.0331077 0.015349 0.0528627 0.0120245 0.0371583 0.0338048 0.0273405 0 0.0132099 0.0221067 0.0332621 0.0449535 0.0128809 0.0263266 0.0137095 0.052569 0.000393522 0.00118278 0.00791217 0.334159 0.00646215 0.284157 0.00938457 0.276944 0 0.376911 0.00529631 0 0.00119748 0.290787 0 0.314614 0.0270597 0.0147379 0.00185711 0.136061 0 0.65113 0.0085874 0 0.0288681 0 0.0689236 0 0.0113306 0 0.0589492 0 0.105151 0.616633 0.0314719 0.409872 0.01516 0 0.018065 0 0.00811831 0.0902385 0 0.313798 0 0.425946 0.00455222 0.143147 0 0 0.0750321 0.0213528 0.00714507 0 0.0355039 0.194202 0 0.0318093 0.0348758 0 0.00881087 0 0 0 0 0 0 0.0113615 0 0.0238337 0.027583 0.336361 0 0 0.0622016 0.0769719 0.0294892 0 0.0423668 0 0.0666606 0.133461 0.0203822 0 0 0 0.0212427 0.0253242 0.0326239 0.0334168 0 0 0.00843004 0 0 0.108314 0.16284 0 0.000184899 0.00188259 0.209508 0.327786 0.200276 0 0.0208761 0.0742811 0.0907429 0.0120314 0 0 0.133798 0 0.243599 0 0.10927 0.181745 0 0.554078 0 0.449184 0 0 0 0.0162171 0 0.214205 0.198934 0 0.179417 0 0.156533 0.332518 0.156026 0 0 0 0.0924787 0.275905 0.100415 0.27206 0.0721586 0 0 0.588636 0 0 0.202915 0.0581505 0 0 0.0527175 0 0.0758335 0 0.0343626 0.176963 0.103678 0 0 0.0289979 0.039584 0.414143 0.00171139 0.02596 0 0.210303 0 0.199846 0.00126469 0.072961 0 0.355202 0 0 0 0.0969529 0.014113 0 0 0.0621674 0 0 0 0 0.00138482 0 0 0 0 0 0 0 0.00263008 0 0 0.268718 0 0.368049 0 0.474302 0 0 0.26492 0.0380378 0.0542151 0.0242319 0 0 0.195884 0 0.0548006 0.0266762 0.0179282 0 0.0488809 0 0.0526713 0.15144
142 11.1355 -0.0230772 -0.0833091 -0.0284314 0.243187 -0.0992761 12.9524 0.28216 -0.0985606 0.075371 -0.00698677 -0.176382 0.263149 -0.0807454 0.0704583 0.079194 -0.367917 0.0937234 0.0366346 0.00155124 0.0557468 -0.0713385 0.0244085 0.317025 0.140374 -0.0140089 0.011801 0.0387441 -0.0251993 0.0250151 0.0434194 -0.101173 0.117176 0.0163454 0.182338 -0.0994647 -0.0780974 0.1579 0.0522381 0.056469 0.109379 0.191855 1.42343 0.39924 0.678772 0.0556605 0.00357729 0.150382 -0.034939 -0.0539372 0.443766 -0.138977 -1.40605 0.208614 0.687289 0.0209882 -0.0614829 -0.272919 -0.0377465 -0.461976 0.0401571 -0.204245 1.24364 0.134459 0.166363 0.293574 2.95186 -0.197276 -0.201548 -0.631698 -2.27534 -3.09871 0.459241 0.872059 -0.316518 1.39422 0.984327 -3.50057 0.31053 0.24711 0.409587 -0.273383 0.151779 -0.0595268 0.370093 0.0984785 0.194468 -1.29183e-09 -0.781988 0.256986 0.376303 0.260283 -0.0185149 9.9651e-09 9.7799e-10 9.695e-10 -0.385688 0.595315 0.187323 -0.864111 1.35442 -2.13974 0.731701 9.25523e-10 -0.387395 -4.31032e-10 -0.00775163 -0.336519 0.393973 -0.0213959 -0.579619 -0.0302126 -0.186619 0.246726 0.899821 12.9361 -0.0587079 -0.178399 1.14477 0.0795464 0 0.0586531 0 0.0560278 0 0.0650597 0.00385784 0.047106 0.0343034 0 0.0959632 0 0.130725 0 0.163157 0.0464065 0.137124 0 0.100297 0.00089623 0.0593926 0 0.129186 0 0.107206 0 0.00418468 0.00406177 0.0140609 0.0295106 0 0.0243939 0.00367543 0.0615414 0 0 0.00372465 0.0432998 0.395885 0.00522309 0 0.164983 0 0.0305479 0.0204455 0.00260212 0 0.0266552 0.0293529 0 0.0404 0.000649109 0 0.00551938 0.000425978 0 0 0.00217641 0 0.00207928 0 0.00687856 0 0.00782243 0 0.0374637 0 0.0363456 0 0.0307081 0.0280691 0.0470066 0.0406712 0.0311156 0.00453354 0.0262787 0 0.00753325 0.0316942 0.0256184 0.0358831 0 0.0967938 0.0399216 0 0.000332986 0.00154578 0.0072725 0.327137 0.00651747 0.277841 0.00834427 0.262683 0 0.368597 0.00466386 0.0335421 0.000267066 0.272924 0.00015856 0.317822 0.0172483 0.0379614 0.00197896 0.202246 0 0.6818 0.0273224 0 0.0494368 0 0.0814105 0 0.00526864 0 0.0299469 0 0.102802 0.683365 0.045142 0.434906 0.0456378 0.00930721 0.0394648 0 0.0132391 0.0292748 0 0.263747 0.00378463 0.390847 0.0142517 0.0716531 0 0 0.0377823 0.0240783 0 0 0.0417438 0.265088 0.0011087 0.101194 0.0636355 0 0.0183539 0 0 0 0.0432838 0.0116914 0 0.000198254 0 0.0107553 0.0481439 0.470105 0 0.00274802 0.0450028 0.132398 0.00504702 0 0.0237813 0 0.119518 0.156493 0.0157441 0 0 0 0.0283847 0.0438041 0.0374513 0.0545888 0 0 0.00583665 0 0 0.10071 0.103855 0 7.54353e-05 0.00184719 0.205977 0.290031 0.191887 0.00131109 0.0667971 0.0805161 0.0674862 0.0183921 0.00199164 0 0.183343 0 0.275031 0 0.0889298 0.0759702 0 0.596503 0 0.492101 0 0 0 0.00458975 0 0.177314 0.23492 0 0.225829 0 0.142453 0.117561 0.162732 0 0.00796032 0 0.109462 0.0717278 0.15799 0.337857 0.0476856 0 0 0.592278 0 0 0.285233 0.0767093 0 0 0.0514025 0 0.0935243 0 0.0641616 0.246089 0.0751099 0 0 0.0006932 0.0528843 0.528072 0 0.0583554 0 0.17715 0 0.182733 0.00940957 0.0997904 0.0126776 0.251023 0 0 0.015895 0.101745 0.00800243 0 0.00620818 0.0754316 0 0 0 0 0.00159361 0 0 0 0 0.00762069 0 0 0.00259214 0 0 0.240199 0 0.283725 0 0.372329 0 0 0.24199 0 0.0762223 0.00111947 0.0378837 0 0.187036 0 0.0270435 0 0.0104126 0 0.00470578 0 0.0962208 0.217375
143 11.1688 -0.0316239 -0.104562 -0.0563585 0.240263 -0.102538 12.9948 0.247452 -0.125764 0.0839474 0.157242 -0.123818 0.293985 -0.0817977 -0.119744 -0.144692 -0.338206 0.1135 0.0422059 0.0313431 0.173032 -0.165744 0.100486 0.303918 0.124636 -0.024912 0.0194397 0.046934 -0.00962077 0.0300834 0.0511344 -0.100384 0.064564 0.0218704 0.194464 -0.0453583 -0.0620594 0.1579 0.0522381 0.056469 0.0851149 0.219367 1.42216 0.329035 0.699486 0.0308874 0.00535174 0.150585 -0.027301 -0.0533602 0.400971 -0.173717 -1.4052 0.135214 0.659152 0.033367 -0.0742707 -0.333363 -0.541851 -0.732445 0.0533401 -0.0931746 1.33127 -1.17059 -0.904243 0.0731336 5.11341 1.93897 1.9641 1.33303 -5.4525 -5.47865 1.21618 0.3438 0.203913 0.713696 3.57185 -1.76724 1.30183 -0.246464 -0.325344 -0.428565 0.126697 -0.0190786 0.542923 0.163689 0.364356 -2.42431e-09 -1.05485 0.0948509 0.312089 1.09658 0.333744 9.79598e-09 7.81441e-10 7.43922e-10 -0.131683 -0.0548192 -0.198261 -0.14573 1.49964 -1.11807 0.659756 3.1158e-09 -0.724231 -4.27019e-10 -0.172184 -0.122369 0.23044 -0.135596 0.341059 1.41666 -0.642348 0.244643 0.89589 12.9757 -0.0723377 -0.0682974 1.22056 0.0437843 0 0.0247854 0 0.0043486 0 0.101075 0.0201423 0.194366 0.0303026 0 0 0 0.0150544 0 0.0304481 0.0464857 0.123724 0.0217564 0.0283987 0.0140058 0 0.0307876 0.0501023 0.0494776 0.0118118 0 0 0.00329436 0 0.00815826 0 0 0 0.00253342 0 0 0.0119935 0.0882597 0.365578 0 0 0.00172451 0 0.055968 0.0201367 0.0309012 0.00778444 0.00284524 0 0 0.011349 0 0 0 0.00216515 0 0 0 0 0 0.0041923 0 0 0 0 0.235921 0 0.214058 0 0.222004 0 0.30082 0 0.00849443 0.00916755 0.247879 0.00325012 0.00592508 0.0263846 0.0140995 0.0351256 0.0174742 0.0745851 0.00098787 0 0 0.00158951 0 0.0380393 0 0 0 0.0346258 0 0.228007 0.030745 0.0193789 0 0.0835456 0 0.0878243 0.0274561 0.0427912 0 0.219667 0.00437467 0.288941 0.0255354 0 0.0025875 0 0 0 0.00154547 0 0.0081332 0 0.0532188 0.74441 0.043318 0.392472 0.084934 0 0.0276952 0 0 0 0.120547 0.106729 0.089646 0.374923 0.0503701 0 0.000771476 0 0.00821015 0.0076286 0 0 0.0828753 0.327718 0 0.0692514 0.0958051 0 0 0 0.0142499 0 0 0 0.0202074 0 0.0419473 0 0.15594 0.574029 0.000640637 0.00171638 0 0.316608 0 0 0 0 0.173118 0.187837 0 0.0766862 0.0328312 0.107981 0.0422082 0.00867037 0.0423715 0.00980815 0.0177699 0 0.00572158 0 0 0.0095802 0.0464609 0 0.00152831 0 0.33362 0.186604 0.170354 0.010429 0.0252782 0.155824 0.122252 0.00188425 0 0 0.0633593 0 0.171342 0 0.188998 0.257261 0.0328387 0.549956 0.0358924 0.481928 0.00169432 0 0 0.00917471 0.126838 0.091332 0.210221 0 0.225529 0 0 0 0 0 0.061521 0 0.00162159 0.0914418 0.23578 0.357451 0 0 0 0.267731 0 0.378967 0.252385 0.0342646 0 0 0.0535475 0 0.0736791 0 0.0845791 0.286472 0.0382891 0 0.00177913 0 0.128448 0.485313 0 0.0886312 0.0299213 0.130169 0.0211067 0.145589 0 0.144029 0.690575 0 0 0 0.00861227 0.102499 0 0 0.00846251 0.108799 0 0 0 0 0 0.0506401 0 0 0 0.0115533 0 0.0217045 0 0.00237071 0.0664743 0.223887 0.0778312 0.193875 0.11109 0.212632 0 0 0.360065 0.121088 0.161861 0.010701 0 0 0.200504 0.00369367 0.0584573 0.0426249 0 0 0 0 0.117976 0.222023
144 11.2021 -0.0516176 -0.135589 -0.0944806 0.236743 -0.103672 13.0388 0.162711 -0.158123 0.0898337 0.401716 0.119685 0.340286 -0.102402 -0.501259 -0.590181 -0.290935 0.12538 0.0625448 0.0838849 0.218858 -0.195508 0.141611 0.31739 0.132368 -0.0225503 0.024995 0.0594969 0.00471393 0.0343373 0.0599563 -0.103937 0.0511276 0.0406575 0.214013 -0.029872 -0.0561196 0.157941 0.0507577 0.0563515 0.0667265 0.253814 1.41049 0.241227 0.693518 0.0115978 0.0270446 0.153692 -0.0516683 -0.055142 0.405233 -0.178732 -1.39372 0.138634 0.662897 0.0533942 -0.0831294 -0.821384 -0.5591 -0.802184 0.108854 -0.147375 1.36263 -2.50398 -0.740461 0.0868963 6.89837 8.65592 1.82793 1.15126 -10.9433 -12.0079 1.66577 0.00125921 0.219247 1.66628 1.19102 -0.163358 0.663545 0.0746831 -0.108726 0.118963 0.0159969 0.111574 0.516149 0.137991 0.153182 -1.79488e-09 -0.080833 0.629304 0.456262 -0.00209636 -0.0354371 7.7015e-09 6.14014e-10 4.86536e-10 -0.320187 -0.177339 -0.279512 -0.204572 1.22707 -1.92885 1.15583 1.37636e-09 -1.069 -2.0501e-10 -0.0163337 0.347013 0.426043 0.188752 0.0358156 -0.131027 -0.435663 0.242002 0.894041 13.0183 -0.0878963 -0.0890813 1.31516 0.0318091 0 0.0180468 0 0.00483525 0 0.0536856 0 0.0178332 0.0388201 0.00432016 0 0 0.000651414 0 0.011417 0.0374408 0.104161 0.0405303 0.00331679 0.0398266 0.00407346 0.0542399 0.0105996 0.0856182 0.00538971 0 0 0.00899472 0.00290078 0.00326469 0 0 0 0 0 0.00468604 0.0104233 0.0525184 0.295314 0 0 0 0 0.0370246 0 0.0196596 0 0 0 0 0.00727004 0 0 0 0.0126742 0 0 0 0 0 0 0.00265168 0 0.00516945 0 0.0773457 0 0.0438701 0 0.0690891 0.00273543 0.140513 0.103744 0.0151198 0 0.125287 0.0809145 0.00395061 0.0217723 0.0193956 0.0278606 0 0.0545353 0.0181291 0 0 0.000527245 0.0139377 0.0259214 0.00690246 0.0247434 0.0073016 0.0435297 0.000321765 0.180083 0 0.0104061 0 0.0167132 0 0.0143965 0.0096796 0.0346583 0 0.0623461 0 0.404547 0 0.00736689 0 0 0 0 0.0128794 0 0.00453996 0 0.0214322 0.454738 0.00996562 0.189997 0.0224791 0.0201663 0.015645 0 0 0.0020103 0.0741462 0.0472317 0.041462 0.109084 0.0564845 0 0.00783738 0 0 0 0 0 0.0757312 0.252789 0.00215917 0.210341 0.059192 0 0.00272243 0 0.00790615 0 0 0 0.0225115 0 0.0398771 0 0.120259 0.570773 0 0.00166783 0 0.0886862 0 0 0 0 0.14937 0.186631 0.012748 0.0237218 0.0261215 0 0.00148452 0.0682467 0.00636181 0.0703559 0.0121953 0 0.00939534 0 0 0 0.0683111 0 0.00042355 0 0.135231 0.0966421 0.0562946 0.0678113 0.0584669 0.0243573 0.0138115 0.0246037 0 0 0 0.00669143 0.00622668 0.0253179 0.066532 0.026956 0.074231 0.258781 0.0710144 0.232523 0.00825655 0 0 0.023735 0.100805 0.0136133 0.26301 0 0.21885 0 0 9.17041e-05 0.000979323 0.0037893 0.00626769 0 0 0.0303847 0.18539 0.245417 0 0 0 0.122874 0 0 0.286658 0.0410603 0 0 0.036858 0 0.0704739 0 0.0706804 0.307115 0.0197547 0 0.00544314 0 0.105226 0.367639 0 0.0308855 0.0404158 0.051599 0.0243307 0.0438406 0 0.20497 0.479598 0.16909 0 0 0.0245145 0.0918926 0 0.0217078 0.0314668 0.0992762 0 0.00246233 0 0.0033601 0 0.26904 0 0.04049 0.00254488 0.0876902 0 0.136514 0 0.0818151 0.0609432 0.0256682 0.0860872 0.0299131 0.120218 0.041895 0 0 0.234786 0.0335548 0.120032 0 0.00856917 0 0.0418235 0.0151209 0.0334176 0.00614556 0 0 0 0 0.0973454 0.196098
145 11.2355 -0.0983507 -0.160848 -0.16597 0.22992 -0.107765 13.0853 0.079451 -0.176384 0.133793 0.670313 0.455533 0.316206 -0.0963017 -0.53637 -0.617869 -0.206782 0.135078 0.129851 0.137491 0.236376 -0.114803 0.0266553 -0.0628002 -0.0529699 -0.00111605 0.0396567 0.0809341 0.0246767 0.0281312 0.0917648 -0.105107 0.114216 0.0503706 0.243675 -0.0896326 -0.0281525 0.157948 0.0504869 0.05633 0.147196 0.352526 1.35224 0.146378 0.659277 -0.0151109 0.0650607 0.0815772 -0.0401009 -0.056281 0.445953 -0.107196 -1.38722 0.196275 0.701477 0.0432949 -0.121036 -1.56472 0.118069 -1.63662 0.0118713 -0.233168 1.4075 -2.34892 -0.782801 1.31983 6.47803 13.9865 0.451432 2.25863 -0.389317 -4.09193e-07 2.1922 -0.63114 2.19184 2.88121 -9.54114 0.204317 0.331287 5.72122 7.41551 0.582663 0.384492 -0.167053 0.45243 0.075919 1.25225 -1.64548e-09 1.74938 6.91559e-10 0.811827 -1.91166 1.30246 6.11949e-09 2.8074e-09 1.60262e-09 2.58062 -0.856407 -0.80512 -1.22544 -0.671793 -1.55712 -0.291808 -2.41535 0.355471 -5.19754e-10 0.794682 1.3824 0.271344 -0.12776 -0.43839 -1.65776 0.499335 0.23885 0.889765 13.0633 -0.0807665 -0.0803887 1.35956 0.0589883 0 0.0684716 0.00950949 0.06194 0.020794 0.070796 0 0 0.0946391 0.110953 0.0766778 0.0554887 0.07635 0.0390844 0.113647 0.0294356 0.0536 0 0.00482314 0.0355536 0.0167411 0.022937 0.00680856 0.0603755 0 0.0644134 0.0299483 0.0799032 0 0.000838389 0.0603386 0 0.0602363 0.0176294 0.112356 0 0.0227763 0.0215507 0.310063 0.0311308 0 0 0.220998 0 0.0161487 0 0.0303059 0.0408201 0 0 0.00494137 0.0130888 0 0.0288584 0.0380773 0.0116776 0 0.00153241 0 0.00573396 0 0 0 0.00852997 0 0 0.0305265 0 0 0 0 0 0 0.0173858 0.00111985 0 0.0269244 0.00184129 0.0119856 0.0152937 0.021268 0 0.0200903 0.00757305 0.0517843 0.00201822 0.000522793 0.296806 0.145079 0.213139 0.103314 0.22075 0.115906 0.230648 0.126451 0 0.00787106 0.168401 0.219787 0.153833 0.0629532 0.0112209 0.0142521 0.316947 0.393558 0.518935 0.042969 0.00971453 0.00354021 0.0540519 0 0.0497642 0.0306634 0.152811 0 0.0852972 0.0191049 0 0.181898 0 0 0 0 0.0973731 0 0.0255567 0 0 0 0 0 0.0342811 0.00495732 0.0659219 0 0.0283994 0 0.00474153 0 0.130022 0.164812 0.0393334 0.25182 0.0753956 0 0.0153579 0 0.0342011 0 0.111936 0.171832 0.0278854 0 0.0414902 0 0.096672 0.382514 0 0.00525954 0 0.237251 0.0251113 0 0.0292996 0 0.0988428 0.124262 0 0.0525854 0 0.0431633 0 0 0 0.00061602 0.0560444 0 0.0935466 0 0.0247312 0.0406696 0.150976 0 0 0.00523343 0 0.251107 0.0272865 0.447633 0.175354 0.251108 0 0.0826949 0.0523428 0 0 0.11189 0 0.109643 0.133985 0 0.00187096 0.0112783 0.0584117 0 0 0 0 0.0266494 0.0272582 0 0.190773 0 0.173169 0 0 0.0436655 0.0435346 0.110774 0.000138143 0 0 0 0.056773 0.233063 0.0087121 0 0.444759 0.435724 0.242148 0.323523 0.499226 0.0101781 0 0 0 0 0.198317 0 0.0739576 0.213316 0.0142097 0 0.0541192 0 0.0297214 0.422404 0.00504267 0 0.0579492 0 0 0 0 0.132055 0.116758 0.2552 0 0 0 0.171749 0.0146118 0.0289125 0 0.193211 0.0293392 0.061994 0.0555531 0.0364111 0.216235 0.397153 0.0548126 0.12838 0.0436518 0.0985693 0.0684692 0.141944 0.0969454 0.123004 0 0 0.0493983 0 0.0604287 0 0.04911 0 0.29529 0 0.460116 0 0.114341 0 0.0118878 0.0477874 0.032288 0 0 0 0.0113614 0 0.0990915 0.233489
146 11.2688 -0.109537 -0.124224 -0.175686 0.224697 -0.102993 13.1289 -0.0017457 -0.165583 0.143737 0.74425 0.462082 0.092304 0.0253724 -0.476367 -0.580181 -0.123437 0.158836 0.138259 0.110652 0.128635 -0.169911 0.0315795 0.00148513 0.139035 0.0109421 0.0491557 0.0465327 -0.00718829 0.0222565 0.10296 -0.104945 0.108069 0.0506909 0.284586 -0.103298 0.0170811 0.15796 0.0500604 0.0562961 0.227106 0.357575 1.33482 0.0854133 0.670411 -0.0092759 0.0667309 0.160756 -0.0318812 -0.0546346 0.43854 -0.274435 -1.31858 0.160593 0.659566 0.0619539 -0.0521664 -0.405885 2.1439 -0.207963 -0.0139487 0.139226 1.24533 -1.60045 0.147953 0.718165 -0.609594 -5.89832 -7.20962 1.89287 4.68592 2.21576 2.6584 -0.220083 0.395491 -2.21785 -0.217473 -1.99983 0.123619 -0.18458 -0.251559 0.811337 -0.0585721 -0.89377 -1.37277 -0.312466 0.3128 -2.07745e-09 0.204959 1.4642e-09 0.779518 -0.175396 1.32982 9.79655e-09 2.66129e-10 6.51244e-10 0.0172854 -2.19892 0.17897 -0.0491453 1.01393 -0.182499 1.01852 1.5883e-09 -0.79926 -4.03533e-10 -1.37515 -0.90685 1.26618 -0.675952 3.14167 1.50129 0.14365 0.236593 0.893134 13.1054 -0.0586094 0.225553 1.19238 0.0112945 0.0284319 0 0.00244445 0 0 0 0.105369 0.0439802 0.063985 0 0.160502 0 0.152355 0 0.123969 0.00847631 0.0583842 0 0.00126438 0 0.0257838 0 0.0120036 0 0.082902 0 0 0 0 0.0214864 0.00235629 0.0503927 0 0.115604 0 0.0116737 0.0378202 0.0948675 0.308996 0 0 0 0 0.0616264 0.101597 0.0202015 0.145141 0 0 0 0 0 0 0 0.0110724 0 0 0 0 0 0 0.0298893 0.0246303 0.0112242 0.00426899 0 0.0791876 0 0.0587533 0 0.0813159 0 0.235058 0 0.00833727 0.0190519 0.0442679 0.000604233 0.0145731 0 0.0198608 0.0262178 0.0522167 0.0526141 0.12228 0.00265276 0.00118208 0.177147 0.074072 0.100572 0.0600985 0.14313 0.095061 0.166761 0.0749066 0.0583363 0.0276126 0.0647534 0.0936202 0.226767 0.119296 0.0217125 0.023263 0.289385 0.0529036 0.287438 0 0.0988314 0 0 0 0 0 0 0 0.0354808 0 0.53949 0.18632 0.579669 0.207977 0.48257 0.0181262 0.027863 0.101349 0.00835937 0.0786509 0.164837 0.11729 0.325579 0.20365 0 0 0 0 0.037559 0 0 0 0.0133118 0.297158 0 0.0780053 0 0 0 0 0 0 0.00959949 0.0130202 0 0 0 0.114455 0.119928 0.544357 0.00355755 0.00383963 0.100742 0.0196562 0 0 0 0 0 0.103695 0 0.193272 0 0.1302 0.0107602 0.111726 0 0.10314 0.0256092 0.0838329 0 0 0.00857632 0 0.0343305 0.0748523 0 0.00132786 0 0.0933912 0.189298 0.182796 0.081377 0.0135268 0 0.179757 0 0.0156231 0 0.00525967 0.0210149 0.0429797 0 0.0722745 0.0649155 0.414418 0.117782 0.195269 0.0457734 0.0460033 0.103228 0.000587847 0.00427942 0 0.0306035 0.205492 0 0.0130552 0.00870398 0.16634 0 0 0 0 0.0925525 0 0.0625691 0.362084 0 0 0.557863 0.00798235 0.136647 0.0358933 0.200352 0.12308 0 0 0 0 0.0712355 0 0 0.152694 0.00359993 0.0218384 0.00473439 0.0194645 0.162277 0.443309 0.172487 0.0657902 0.103814 0.00762494 0.0924362 0.114749 0.00555627 0.0412132 0 0.522235 0 0.483064 0.015068 0.152527 0.041901 0.00156125 0.0453856 0.228746 0 0.053895 0 0.0669066 0.144813 0.174888 0 0.0675601 0 0 0.0614414 0 0.0603949 0 0.203408 0 0 0.177404 0 0.272585 0 0.0156925 0.111753 0.279904 0.159046 0 0 0.0418213 0.013497 0.0284226 0.00527253 0.0848727 0 0 0 0 0.0520739 0.246631
147 11.3021 -0.0597321 -0.0822863 -0.14021 0.226163 -0.0981351 13.1673 -0.146275 -0.154182 0.105045 0.796503 0.485287 0.205208 0.0217907 -0.525045 -0.607315 -0.0672172 0.171217 0.080825 -0.00261652 0.132702 -0.180917 0.0333916 0.00754958 0.149217 -0.0253798 0.0760049 0.0247672 -0.0416614 -0.00267383 0.060008 -0.103767 0.0595175 0.0505246 0.278216 -0.055469 0.0300248 0.157942 0.0237795 0.0143727 0.256814 0.346983 1.39423 0.0351708 0.701947 -0.0276525 0.0616317 0.16025 -0.0504653 -0.0561331 0.277972 -0.198437 -1.30925 0.124051 0.695483 -0.0419938 -0.0526176 1.45248 1.61896 0.980203 0.181462 -0.0277738 1.14771 -3.78255 0.588898 -0.753282 1.40518 0.0794522 4.4025 -1.69054 -2.46624 -1.6714e-07 1.78557 0.14463 -1.7044 -2.87599 -1.03868 -1.15533 2.29664 2.4325 0.493038 -0.81347 0.522595 -0.500298 -1.17966 -0.702025 -1.23927 -2.50926e-09 1.5668 1.5981e-10 -0.252818 -1.34336 0.736693 3.84838e-09 -1.03559 -2.11327 3.21832 -0.973804 2.60442 0.271965 9.91005e-10 -0.251272 -0.0703476 4.25541e-09 -2.11176e-10 -1.52122e-10 -1.84684 -0.894261 0.949536 0.0132583 -0.972283 -1.37835 0.556387 0.235392 0.898089 13.144 -0.0184413 0.0495616 1.13735 0.0478096 0 0 0 0 0.00409098 0.0443018 0.0337031 0.162651 0.0350484 0.0463711 0.0228448 0.0650521 0 0.095733 0 0.03008 0.0831104 0.108821 0.0945312 0.0710123 0.16631 0.256907 0.149524 0.163056 0.300579 0.0368644 0 0.0509187 0 0.198764 0 0.125798 0 0.253265 0 0.0150736 0.000238968 0.0547715 0.0497257 0 0.233992 0.221338 0 0.0357647 0.0240501 0.0854567 0.0862528 0 0.0962218 0 0 0 0.0561911 0.0224044 0.0999824 0 0 0 0 0.0124893 0 0.0337843 0.0443185 0.0116829 0 0.0293257 0.143758 0.00399896 0.107607 0 0.158471 0 0.221071 0.00630267 0 0.0811008 0.130648 0.000194792 0.00814396 0.0130353 0.00925446 0.0344192 0.0526171 0.0743835 0.033155 0 0 0.080798 0.0302169 0.0240499 0.0244132 0.0366266 0.0483095 0.0469668 0.0570007 0.0454971 0.113927 0 0.0404961 0.0852651 0.0470299 0.026904 0.0789451 0 0 0.00239283 0.194616 0 0 0 0 0 0 0.0913405 0 0.0388592 0 0.0423106 0 0 0 0 0 0 0.0570455 0.0164081 0.0353905 0 0.207548 0 0.155767 0 0 0 0.124836 0 0 0 0 0.248425 0.375961 0 0.0636628 0 0 0 0 0 0 0.0260307 0 0 0.123561 0 0.174325 0.421221 0.431767 0.000124911 0.0040024 0.274283 0 0 0.0957401 0 0.0170915 0.29549 0.146131 0 0.173073 0 0.0853442 0.00182505 0.191905 0 0.198683 0 0.129023 0 0.112171 0.0328599 0 0 0.207746 0 0.00549666 0 0.512648 0.0645467 0.253144 0.0463978 0.136787 0.0583455 0.0481231 0.0257815 0.0242932 0 0.0148473 0 0.131779 0.107093 0.279079 0 0.76952 0.0175672 0.780623 0 0 0.00723211 0 0 0.288592 0.00369717 0.22598 0 0.0738057 0.214787 0 0.310187 0 0 0 0 0 0.0538444 0 0 0 0 0.0540032 0 0 0.0748972 0.264814 0 0 0 0.00464666 0 0.0656105 0.273854 0.163168 0 0 0.0344376 0.0775147 0 0 0 0.112156 0 0.381844 0 0.316412 0.0496065 0.133939 0.158241 0.386704 0 0.620275 0.00478229 0 0 0.19566 0.0470037 0 0 0.123959 0 0.156207 0 0.42396 0 0.313582 0 0.0309929 0 0.117787 0 0.0391506 0.162119 0.234846 0.0844259 0.388455 0.0739966 0.481002 0 0.0177817 0.120775 0.548298 0.182652 0 0 0.0165566 0.0856541 0.126656 0.0200139 0.074122 0 0 0 0.0106037 0.119667 0.169467
148 11.3355 0.00685802 -0.064314 -0.119579 0.227507 -0.0983598 13.1996 -0.324362 -0.0849487 0.100677 0.839243 0.341892 0.0607277 0.0978852 -0.46417 -0.517034 -0.0427463 0.166543 0.0469144 -0.103089 0.139368 -0.195729 0.0566006 0.0764985 0.12118 -0.0420287 0.109979 0.0106653 -0.0888948 -0.0360686 0.031778 -0.102327 0.00182702 0.0461645 0.249047 0.00970525 0.0521258 0.15511 -0.0266313 0.00278303 0.271043 0.301154 1.41478 0.0737907 0.702037 -0.0124677 0.0410845 0.160739 -0.0324998 -0.0546845 0.234259 -0.153308 -1.28947 0.250862 0.667916 -0.140054 -0.0659126 1.32104 1.01633 0.481759 0.0989698 0.00432227 0.812603 -4.93491 1.89789 0.319481 0.415827 -3.61679 -5.1859 4.13283 0.495965 0.412266 -0.375324 0.18437 -0.774105 -2.70104e-09 -0.938736 -1.04595 0.252087 0.0028652 0.00384939 0.994234 0.573436 -0.216709 -1.7393 -0.664261 -0.894429 -3.85891e-09 1.66296 -0.080001 -0.878053 -1.55341 1.10442 -0.505068 -2.54582 1.28146 -2.68832 -0.548312 -0.544353 -0.0803984 2.71005e-10 0.635102 -0.796793 6.11208e-09 0.729083 -1.0815e-10 -1.23382 -1.57595 0.645596 0.705913 -3.56191 -3.77807 0.517724 0.235235 0.898734 13.182 0.00783742 0.010337 1.15191 0 0 0 0 0.00113505 0.0131938 0.0110576 0.0285389 0.00498969 0 0.177744 0.210907 0.122926 0.134229 0.148967 0.115666 0 0.0773497 0 0.202636 0 0.351052 0 0.336321 0 0.606328 0 0.207137 0 0.202997 0.0809815 0 0.0506016 0 0.559951 0 0.0152149 0.0122255 0 0.0261554 0 0.117579 0.748917 0 0.0111071 0 0.0567236 0.0989095 0 0.0575232 0 0 0 0.0246964 0.0469076 0.0626805 0 0 0 0 0.0109348 0.0127494 0.0657224 0.0519335 0.0250745 0.015585 0 0.0865552 0 0.039991 0 0.0989056 0 0.067877 0.013205 0.0370193 0 0.065383 0 0.0130912 0.0166057 0.0323487 0 0.0232234 0.160081 0.102071 0 0 0.101344 0.074084 0.0942281 0.0547788 0.114028 0.0681926 0.151939 0.0499681 0.0532486 0.0188041 0.061165 0.0867732 0.189151 0.0940624 0.022541 0.0497696 0.0471121 0 0.459263 0 0 0 0 0 0.469737 0 0 0 0.085707 0 0.649934 0 0.325296 0 0.286002 0 0 0.227483 0 0.0444608 0.0325154 0 0.0981312 0 0 0.140386 0 0.43509 0 0 0 0 0.230184 0.129267 0.0670387 0.054154 0 0 0 0 0 0 0.150688 0.0140646 0 0.38795 0 0.405077 0.630445 0.226904 0.00158515 0 0.34713 0 0 0 0 0 0.214947 0.0399374 0 0.10499 0 0.00525454 0.0120717 0.127526 0 0.141792 0 0.365422 0 0.407879 0.0121092 0 0 0.134908 0 0.00645471 0 0.584807 0.120188 0.618572 0 0.383798 0 0 0 0.0952878 0.0168647 0 0 0 0 0 0 0.466107 0 0.714498 0.0205939 0.0105009 0 0.0251356 0 0.490965 0.0908096 0.203501 0 0.049237 0.284663 0 0.717715 0 0 0 0.195212 0 0 0 0 0 0.412121 0 0.0242815 0.090659 0.051162 0.135505 0 0 0 0 0 0.110298 0.267098 0.0135099 0 0 0 0.241839 0 0 0.162013 0.0225713 0 0.46195 0 0.210997 0.18842 0.104042 0 0.409774 0 0 0.0944968 0 0 0.147617 0.110228 0.00837816 0.144075 0 0.0530498 0 0.359106 0.0439349 0.018353 0.00959628 0.109216 0 0.169451 0 0.19028 0 0.000946685 0.315431 0 0.638623 0 0.715303 0 0.0263706 0.095024 0.524575 0.09018 0 0.0593911 0.0917584 0 0 0 0.0286421 0 0 0 0.00835036 0.0877747 0.0464777
149 11.3688 0.00246277 -0.0341554 -0.106877 0.230174 -0.0986738 13.229 -0.414418 -0.0563494 0.0808034 0.777317 0.220052 -0.10405 0.118416 -0.439386 -0.475109 -0.00143956 0.171574 0.0299885 -0.103089 0.102304 -0.228844 0.0598639 0.0766185 0.121342 0.00683 0.103211 0.0124895 -0.0984133 -0.0452286 0.0103905 -0.103237 0.0399802 0.0527172 0.233709 -0.0379743 0.0442213 0.154312 -0.0259829 0.0535921 0.245773 0.20127 1.36365 0.159296 0.677563 -0.00575893 0.0957135 0.161133 -0.0177503 -0.0534299 0.167929 -0.184888 -1.29312 0.291483 0.587528 -0.0866571 -0.0583994 -0.440609 0.459409 0.536129 0.152229 -0.0208506 0.869969 -2.42086 1.06378 -0.743814 -2.61787 -2.85232 -3.69206 0.481895 0.154584 1.96007 1.64391 0.196273 -0.508798 -1.35329e-09 -1.14172 -0.586761 0.30901 0.00430183 0.0057144 1.49907 -0.487648 0.0361057 0.043523 0.0963434 -0.299153 -3.73042e-09 2.10832 1.58727e-09 -0.475915 -2.43556 0.18726 6.49103e-09 0.374241 5.82955e-10 0.450228 -0.285725 -0.286213 -0.381366 -3.4632 0.450235 -1.1604 2.6211e-09 0.715347 -1.17622e-10 -0.562337 -2.76676 -0.137802 -0.834613 -1.77763 0.495013 0.0237518 0.235376 0.898576 13.2205 0.00646389 -0.0143384 1.15683 0.0216278 0 0.0144975 0.0100302 0.00988862 0.0340533 0.0464478 0 0 0 0.174294 0.269887 0.131203 0.215703 0.14418 0.194919 3.85225e-05 0 0 0.0479769 0 0.0823912 0 0.149414 0 0.273734 0 0 0 0 0 0 0 0 0.261287 0 0.00224687 0 0.00563619 0 0 0.0973866 0.502734 0 0 0.081742 0 0.065582 0 0.0206279 0.0105603 0 0 0 0.0394206 0.0884532 0 0 0 0 0 0 0.0316919 0.154164 0.0154895 0.0349649 0 0.076995 0 0.0333711 0 0.0486631 0 0.0658378 0.005612 0 0 0.101552 0 0 0.00921684 0 0 0 0.117096 0.154479 0.000462978 0 0.09497 0.0309453 0.0819689 0.0222236 0.100579 0.0286672 0.128636 0.0260886 0.0724914 0.106084 0.064752 0.04454 0.0729347 0.0434165 0.0311804 0.025788 0.0773055 0.163592 0.416883 0 0.0822972 0 0.0137314 0 0.276827 0 0 0 0 0 0.668537 0 0.547204 0 0.392883 0.108277 0 0.135029 0.000212952 0 0.059881 0.238736 0.130922 0.0455612 0 0.15392 0 0.161366 0 0 0 0 0.140523 0.239968 0.0182736 0.0909504 0 0.197678 0 0 0 0.029373 0.0907743 0.140114 0 0.190554 0 0.310737 0.18975 0.386153 0.000335327 0.000249061 0.154029 0 0 0 0 0 0.185757 0.297298 0.00717415 0.0153609 0 0.0513754 0.0271109 0 0.0270404 0.00083222 0 0.273098 0 0.281097 0.00798802 0 0 0 0 0.00353309 0 0.604016 0.0220644 0.652612 0.0833343 0.361627 0 0.0492183 0 0.0393812 0.00195723 0.0649067 0.0325409 0.0465304 0 0 0 0.260875 0 0.451672 0 0 0 0 0 0.56584 0 0.1789 0 0.261903 0.156992 0 0.437076 0 0 0.205463 0.247732 0 0 0 0 0 0.32601 0 0.00840274 0.0218608 0.0731862 0.475228 0 0.0298454 0 0.0884991 0 0.0675885 0.200703 0.185224 0 0 0 0.115399 0 0 0.119786 0.0202271 0 0.291335 0.0222379 0.111298 0.105944 0.140888 0.104082 0.393913 0.0100177 0 0.0386379 0 0 0.0301284 0.0301318 0 0.0456631 0 0.0265032 0 0.187776 0 0 0 0.0614279 0 0.0894822 0 0.0997472 0 0 0.316536 0 0.487749 0 0.559331 0 0.118503 0.279532 0.177722 0.229805 0 0.0466952 0.0960313 0.0532918 0 0.0672725 0.046077 0 0 0 0 0.0888541 0.226838
150 11.4021 0.00983258 -0.000337539 -0.0983073 0.233507 -0.0996641 13.2592 -0.465516 -0.0562064 0.0582742 0.59498 0.148943 -0.124597 0.0768323 -0.312823 -0.577262 0.0283761 0.159663 0.0182805 -0.103089 0.0658459 -0.249467 0.0630302 0.0767833 0.121563 0.0150738 0.0842288 0.0167798 -0.0798149 -0.0490514 0.0025529 -0.10227 0.00392544 0.053916 0.213394 -0.0198647 0.0363264 0.153641 -0.00155464 0.0554754 0.324651 0.202864 1.34113 0.207259 0.673775 -0.00445362 0.11389 0.160712 -0.0335049 -0.0547024 0.117467 -0.200745 -1.30945 0.331524 0.589676 -0.0431165 -0.0295413 0.325554 0.987958 0.32141 0.0996574 -0.0312179 0.901958 -1.33868 0.0314052 -0.554756 -5.50779 -1.08296 2.26617 -1.79917 2.409 1.81796 0.766081 -0.377946 -0.33695 -1.1375e-09 -1.07873 -0.536099 0.234842 0.00547487 0.00734834 0.106385 -0.534903 0.006712 0.465491 -0.101729 -0.207079 -1.71129e-09 -1.2455 -0.0126033 -0.586436 0.768634 -0.34121 3.92583e-09 0.561105 5.50287e-11 0.571548 -0.713063 0.0146941 0.121486 -0.0963523 0.416173 0.669257 4.21876e-09 -0.168578 -4.97685e-11 -0.265256 -1.6792 -0.282581 0.047971 -0.110314 -0.319908 0.464154 0.235935 0.897551 13.2584 0.0329552 -0.0435943 1.11573 0.00234161 0.0197401 0.00033575 0.0209171 0.000186449 0.0296714 0.00130066 0.00284605 0 0 0.11814 0.105072 0.0994338 0.0796553 0.102987 0.0741012 0.00572695 0.0270511 0 0.0133192 0 0.0228598 0 0.0274444 0 0.0579172 0 0.0041818 0 0.00688976 0 0 0 0 0.0276785 0 0 0 0 0 0 0.092926 0.0465515 0.000606598 0 0 0 0.00129928 0 0.0351787 0.00963985 0 0 0 0.0311925 0.0376503 0 0 0 0 0 0 0.0108322 0.0407123 0.00432688 0.0117612 0 0 0.00311513 0 0.0113201 0 0.0773275 0.0261173 0 0.00696514 0.00205793 0.0269265 0 0 0.00237892 0.0135661 0 0 0.0593313 0.0802415 0.000600744 0 0 0.0199231 0 0.0138563 0 0.0156218 0.0421819 0.0279634 0.0407649 0.0281789 0 0.0256519 0 0.0254648 0.0224703 0.0279874 0.117967 0 0.378779 0 0.0990708 0.00504566 0.00982499 0.0156506 0.0760443 0.00573975 0 0 0 0 0.306891 0 0.267724 0 0.230992 0.0247942 0.0554587 0.0332595 0.032865 0 0.0566602 0.0172141 0.0740228 0 0 0.0422421 0 0.0171096 0 0 0 0 0.202394 0.135584 0.12508 0 0 0.0254224 0 0 0 0 0.0668832 0.0834453 0 0.0261026 0 0.0387071 0.447996 0.187755 0 0 0 0 0 0 0 0.00965626 0.209757 0.158738 0.0989085 0 0.150997 0.0272079 0.0654156 0.0450535 0.065298 0.0445628 0.00627254 0.0249492 0 0.0339512 0 0 0 0 0 0 0 0.109624 0.0616048 0.212405 0.0388592 0.115642 0 0.0135684 0 0.000938438 0.00553442 0.0322511 0.0116792 0.00441614 0 0 0.0360035 0.112254 0.0263471 0.134115 0 0 0 0 0 0.0832234 0 0.100047 0 0.0799301 0 0.000180525 0.00585086 0 0.0227219 0.046065 0.0231773 0 0 0 0 0 0.0784876 0 0.0510861 0.0027146 0.0942782 0.226965 0 0 0 0.00960299 0 0 0.238827 0.105493 0 0 0.00172561 0.0101687 0 0 0.0486731 0.00364345 0.0100689 0.0297035 0.0270717 0.0143232 0.162016 0.110117 0 0.0901133 0 0 0.016558 0.00236283 0 0.0485355 0.00634523 0 0.0597238 0 0.0594007 0 0.198719 0.00376001 0.0430563 0.00564672 0.079409 0 0.111972 0.00196517 0.111436 0 0 0.019597 0 0.0526796 0 0.0640009 0 0.0150497 0.0696126 0.1233 0.0120861 0.021812 0.024506 0.0619576 0.0125839 0 0.0128099 0.0146338 0 0 0 0 0.158619 0.119868
151 11.4355 0.0323728 0.0332275 -0.0925771 0.235865 -0.101338 13.2897 -0.474309 -0.0450396 0.0479748 0.307435 0.142682 -0.156732 0.087882 -0.29843 -0.51135 0.0425014 0.147706 0.011405 -0.103089 0.0296124 -0.270496 0.0638398 0.0770995 0.121993 0.0106984 0.0687131 0.0205678 -0.0712453 -0.0552421 -0.00431166 -0.101389 -0.0284013 0.0534797 0.188695 0.0023919 0.0322862 0.15286 0.0261394 0.0576039 0.372936 0.193987 1.34261 0.214324 0.670649 -0.0154743 0.106894 0.160216 -0.0517254 -0.0561714 0.0882585 -0.192121 -1.32979 0.40574 0.61711 -0.0489574 -0.0168069 0.624201 0.792543 0.349419 0.0550388 -0.0460955 0.903396 -0.400473 0.46166 -0.341201 -8.15287 0.520731 -0.4441 0.164246 -3.16111 1.80372 0.476718 -0.25016 -0.352935 -1.9304e-09 -1.08169 -0.472688 0.19615 0.00572371 0.00782251 0.0766722 -0.292495 0.104125 0.0200044 -0.128777 -0.409249 -2.51365e-09 -0.378513 4.21819e-10 -0.67461 0.0749529 -0.257009 2.63812e-09 0.971187 1.35016e-10 0.9642 -0.881776 0.485447 -0.0161352 0.168136 -0.358392 -0.460917 4.37196e-09 0.10802 -1.1462e-10 -0.165507 -1.13508 -0.568709 0.663966 -0.630733 -1.34548 1.27472 0.237136 0.895627 13.2952 0.0416335 -0.0651542 1.09439 0.0055416 0.020285 0.0057523 0.0143731 0.0062451 0.00888343 0.00470072 0.0161003 0.0557415 0 0.0368334 0.12427 0.0366148 0.110066 0.043069 0.112446 0 0.0323592 0 0.12763 0 0.131144 0 0.233228 0 0.292307 0 0.0496183 0 0.0446995 0 0 0 0 0.0386647 0 0.00116718 0 0.00562963 0 0 0.05431 0.0155052 0 0 0.349944 0 0.185402 0 0.0423192 0.0163005 0 0 0.00217937 0.0277477 0.0234144 0 0 0 0 0 0 0.00732965 0.0189546 0.00350623 0 0 0.141393 0 0.0964394 0.00170408 0.111204 0.044594 0.185922 0 0 0 0.171164 0 0 0.00242094 0.000738007 0 0 0.0744858 0.0418222 0.00110016 0 0.0780584 0.00153435 0.0666594 9.1659e-05 0.0776966 0 0.14083 0.00440176 0.0118931 0.0427782 0.0840281 0.000229146 0.0829948 0.00145904 0.00916974 0.0397009 0.110886 0.380085 0.536401 0 0.109543 0 0.0148714 0 0.0926851 0 0 0 0 0 0.382579 0 0.334023 0 0.249661 0 0.0636217 0.00283433 0.0351308 0 0.0616375 0.161055 0.0966054 0.0955137 0 0.509877 0.00146284 0.0605442 0 0 0 0 0.169968 0.103921 0.150729 0 0 0.0454844 0 0 0 0.000629308 0.0261429 0.0248873 0.00053949 0.11137 0 0.16727 0.441369 0.121094 0 0 0.0067306 0 0 0.00330675 0 0.014822 0.216279 0.0937094 0.0577515 0 0.0775062 0 0.0395325 0.0143584 0.0392281 0.0139499 0.00959206 0.0923474 0.00363169 0.110592 0.00435129 0.0651285 0 0.0199274 0 0.013548 0.0359861 0.446136 0.194526 0.338052 0.0383514 0.305046 0.0368803 0 0 0.0112454 0.0378288 0 0.071842 0 0 0.00451753 0.0545186 0 0.0287496 0 0 0.00377704 0 0 0 0.531425 0 0.116441 0 0.104399 0 0.131701 0 0.520198 0 0.0441716 0.0083905 0.2359 0 0 0.00302977 0 0.360823 0 0.142084 0 0.0512436 0.220499 0 0 0 0.0196243 0 0 0.239512 0.0477712 0 0 0.00339119 0.0378331 0 0 0.0608212 0 0.00877286 0 0.0433696 0 0.117016 0.0358224 0.0995181 0.514069 0.0619342 0 0.058202 0 0 0.0225405 0.0421568 0 0.087624 0 0.0927724 0 0.280701 0 0.0699539 0 0.115554 0 0.157334 0 0.15195 0 0 0.305493 0 0.330611 0 0.318686 0 0.0570256 0.089894 0.209939 0 0.0770914 0.00399446 0.0337585 0.0568117 0 0.0262043 0.0421794 0 0 0 0 0.122351 0.0952382
152 11.4688 0.0204352 0.0824188 -0.0763601 0.238206 -0.105162 13.3234 -0.423472 -0.0723145 0.0252905 0.0417761 0.156795 -0.104753 0.0987224 -0.213105 -0.428068 0.097908 0.159756 0.0010741 -0.103089 -0.014244 -0.330009 0.0608065 0.0779206 0.12311 0.049149 0.0413677 0.0162855 -0.0802507 -0.0520552 -0.0126511 -0.100765 -0.0438322 0.04144 0.168889 0.000819503 0.0382057 0.152115 0.0503839 0.0555932 0.416614 0.186603 1.36943 0.202759 0.702658 -0.00117811 0.0556661 0.160217 -0.0516869 -0.0561683 0.0348833 -0.181773 -1.37272 0.457302 0.619739 -0.0521791 -0.0216961 -0.330815 1.62353 0.561959 -0.011449 -0.116264 1.06761 1.02552 -0.920819 -1.00274 -5.67008 0.414174 3.60157 -0.744871 3.13003 2.82434 1.63738 0.481773 -0.215912 -1.22105e-09 -1.41815 -2.04065 0.0595177 0.00412602 0.00542308 0.842086 -0.668339 -0.30558 -0.337887 0.135727 -0.174344 -1.36534e-09 -0.00223738 0.0459766 -0.53042 -0.546876 -0.398258 1.89389e-09 4.93772e-10 5.30464e-11 1.35472 -0.681836 1.04322 0.10023 6.15819e-10 -0.4509 -0.423533 4.31681e-09 -9.26124e-11 -2.15754e-10 0.0807197 -1.02963 -0.972688 0.185596 -1.22395 -0.838828 0.684055 0.238404 0.892387 13.3312 0.0419345 -0.112703 1.0713 0.00697415 0.0246859 0.0128048 0.0350745 0.0157655 0.0345819 0 0.00565672 0 0 0.125053 0.0386703 0.107881 0 0.124728 0 0.00695886 0.0887774 0.122338 0.008854 0.104572 0.00735015 0.174279 0.0152423 0.200398 0.0257227 0.016445 0.0153463 0.0628931 0.00301545 0 0 0 0 0 0 0.000335319 0 0.0117373 0.0275708 0 0.189744 0 0.374127 0.0251463 0.231502 0.00423137 0.0766757 0.0150627 0.125585 0.0347899 0.00537069 0 0.0451221 0.0317061 0.0405625 0 0.0138216 0 0.00135738 0 0 0.0370959 0 0.0176475 0 0 0 0 0 0 0 0.0246153 0.0766679 0.0119218 0 0 0 0.000389927 0.00893496 0.0136173 0.0109187 0 0.046558 0.108106 0 0.00108967 0 0.0692377 0.0423746 0.0844465 0.0351318 0.0965546 0.0357843 0.123145 0.0539288 0.0262286 0.0731757 0.00130553 0.0311024 0.0455207 0.0362924 0.0137417 0.0649143 0.278334 0.116556 0.251255 0 0.0653029 0.0223992 0 0.00120324 0 0 0 0 0 0 0.295767 0.09701 0.229934 0.0160465 0.154853 0.0770629 0.0240147 0 0.056214 0 0.289515 0.117467 0.313084 0.0901093 0.0812932 0.191747 0.0140756 0 0 0 0 0.0144392 0.16579 0.064615 0.307566 0.02381 0 0.100679 0 0.0163322 0 0.00540635 0.167835 0.168774 0.0411913 0 0.0790314 0.00304693 0.461422 0.0190025 0 0.00190512 0 0.0138396 0 0.0674287 0 0.0647942 0.309873 0.0975219 0 0 0 0.0043397 0.0408025 0.00525987 0.0461754 0.0104715 0.0465079 0 0.015585 0 0.0447123 0.0117859 0 0.0270389 0.00129563 0.00580136 0.365352 0.186336 0.280238 0.369685 0.226888 0.268338 0 0 0 0 0.0187984 0.0326931 0 0.0253998 0 0 0.650647 0 0.591481 0 0 0 0 0 0.199341 0.16552 0 0.114929 0 0.160446 0 0.680557 0 0.70006 0.03855 0.101031 0 0.564257 0 0.0345856 0.0347345 0.0110365 0.291963 0 0 0 0.0419803 0.308211 0 0.00795529 0 0.053675 0 0.0468081 0.310449 0.0440802 0 0 0.0393833 0 0 0 0.0632767 0 0.206326 0 0.168442 0 0.181371 0.063868 0 0.155234 0 0.118509 0.0730706 0 0 0.085345 0.0547626 0 0.0830644 0 0.0459247 0 0.232939 0 0.0449598 0 0.0651411 0 0.0989736 0 0.10311 0 0.197848 0.0601284 0.298294 0.0279247 0.429457 0.0404879 0.00511496 0.0387603 0 0.0929899 0 0.120183 0.0430055 0.0814989 0 0 0 0 0 0 0 0.0262967 0.171926 0.105731
153 11.5021 0.0102427 0.106999 -0.059208 0.238535 -0.110498 13.3591 -0.431243 -0.105601 0.0286286 -0.00335411 0.128287 -0.0711198 0.0104527 -0.300733 -0.38423 0.154899 0.123924 -0.00769325 -0.103089 -0.0584688 -0.31772 0.0602292 0.0780456 0.123213 0.073987 0.0130906 -0.00786568 -0.0859867 -0.0578098 -0.00272558 -0.103309 -0.0733195 0.0234115 0.161858 0.025285 0.0598972 0.152399 0.0398943 0.0547907 0.444054 0.233912 1.37688 0.174874 0.702155 -0.0200403 0.0922741 0.160533 -0.0401 -0.0552344 0.142132 -0.225406 -1.36247 0.567749 0.63198 -0.0916177 -0.0491804 -0.588714 0.343341 0.256941 -0.117332 -0.160896 1.10408 -0.05733 -1.41575 0.547411 0.164885 -1.40325 0.00495677 -2.90339 1.05052 2.81173 2.0134 -1.38606 0.210945 -2.4332e-10 -1.33014 1.12922 0.274417 0.00251109 -0.000379583 0.802916 -1.13614 -0.53423 -0.0182306 -0.0960001 0.407199 -2.22037e-09 0.182689 -0.387908 -0.39743 -0.416162 0.419779 7.90837e-09 -0.214255 7.00054e-10 0.734312 0.385143 -0.106859 0.0561821 5.66634e-10 -0.428458 0.39669 4.73333e-09 0.811158 -7.90566e-11 1.78204 0.124159 -0.519344 1.0428 -0.531242 -3.11805 -0.427421 0.24003 0.888326 13.3666 0.0564734 -0.137689 1.04941 0 0 0 0 0.0241293 0.00231971 0 0 0 0.00504057 0 0.10252 0 0.0760481 0.00145043 0.0510024 0 0.130402 0.271259 0.0785536 0.239696 0.156764 0.478609 0.133228 0.550133 0.219887 0 0.254721 0.0748734 0.186769 0 0.282832 0.0150307 0.0550479 0 0.33914 0.00891521 0 0.00591048 0.119262 0 0 0 0.256869 0.0558754 0.1107 0.0640616 0.109427 0 0.00631276 0.0293211 0 0 0 0.0292288 0 0 0.00202063 0 0 0.0495774 0.0270722 0.0539751 0 0.0302638 0.000648006 0 0.0911461 0 0.0710733 0 0.0682821 0 0 0.0413354 0.0654523 0 0.0371421 0.00133087 0.0262642 0.0322318 0.0555445 0 0.0496982 0.147545 0.0302218 0.001351 0.00129824 0.156823 0.102279 0.0875489 0.0702488 0.192939 0.091178 0.194018 0.0872356 0 0 0.125966 0.0970157 0.188485 0.0991236 0 0.0364903 0 0.0715478 0.463139 0.0167387 0 0 0 0 0 0 0 0.0980002 0 0.29051 0.225561 0.0588295 0.0833887 0 0 0 0.0172177 0 0.159114 0.0300781 0.27263 0 0.317454 0 0.152503 0 0 0 0 0.0948697 0 0.0179865 0.270689 0.0257882 0.1945 0.0154752 0 0.0481825 0 0.0145857 0 0 0.103466 0.0184749 0.0641733 0 0.137519 0 0.463847 0.103017 0 0 0 0.250586 0 0.00378886 0 0 0.415989 0.122045 0 0.0962035 0 0.0548529 0 0.0517014 0 0.0682079 0.109785 0.0772576 0 0 0.0311888 0.094234 0 0.105456 0 0.00808847 0.317459 0 0.225036 0.417029 0.292671 0.164965 0 0 0 0.0119105 0.0153714 0.0518938 0 0.12358 0 0 0.668287 0 0.580746 0 0 0.0134721 0 0 0.251909 0 0.0152132 0.158802 0 0.1483 0 0.500933 0 0.444253 0.0611442 0.0626777 0 0.415565 0.065694 0.230935 0.0745574 0.0219404 0.44241 0 0 5.04944e-05 0.0509937 0.311911 0.000439076 0.0179909 0 0.0893212 0.00712404 0 0.373059 0.0131891 0 0.142733 0.0984729 0 0 0.195219 0.0389263 0 0.295347 0 0.184515 0 0.207427 0 0 0.255726 0 0.129899 0.118738 0 0.00283172 0 0.0996222 0 0 0 0 0 0 0 0 0 0 0 0 0 0 0 0.473204 0.0830061 0.457618 0.170995 0.547322 0 0.0150872 0.0213856 0.159504 0 0.0156793 0.122853 0.00183144 0 0.0135891 0.0722516 0 0 0 0.0103627 0 0.0420766 0.204018 0.113575
154 11.5355 0.00757876 0.125178 -0.0413138 0.240519 -0.114275 13.3971 -0.439286 -0.110353 0.0311788 0.00963182 0.07659 -0.0643974 0.011381 -0.248064 -0.341811 0.205043 0.101752 -0.0199828 -0.103089 -0.0661288 -0.312533 0.0676771 0.0432857 0.0756839 0.0584482 0.00189826 -0.0167762 -0.0632384 -0.0675017 -0.00757576 -0.102877 -0.0980583 0.0198297 0.15375 0.0524559 0.0532535 0.152654 0.0303787 0.0540619 0.405209 0.194606 1.39023 0.203508 0.68928 -0.0251048 0.0780419 0.160233 -0.0511182 -0.0561225 0.145474 -0.254984 -1.37952 0.520554 0.624949 -0.103507 -0.0325511 0.0159075 0.743317 0.592241 -0.0577981 -0.0415509 1.16364 -0.0298781 -0.187121 -0.134214 0.446695 0.600986 2.98852 -5.44615 1.65751 -0.780656 1.33211 -0.458273 -0.31254 -2.61892e-10 0.784711 -0.289748 0.235768 -1.90601 -2.60345 -0.664016 -0.355759 -0.164022 0.633845 -0.270301 -0.265536 -1.93374e-09 -1.01249 -0.0181835 -0.205374 1.14749 -0.454629 4.76167e-09 -0.782236 6.23884e-10 -0.143887 0.272072 -0.0496722 0.130481 -0.919111 0.483752 -0.52723 1.06255e-08 -1.35394e-09 -1.18385e-09 0.605406 -0.957958 -0.436196 -1.57085 1.38069 3.16911 -0.25745 0.24197 0.885263 13.4015 0.0605913 -0.0380561 1.04264 0 0.109547 0 0.0884397 0 0.0832715 0 0.0461255 0 0.0901285 0.15501 0.00264146 0.172538 0 0.196199 0 0.138419 0.0584856 0.12156 0.00414933 0.0593853 0.00239124 0.176128 0.00967787 0.130775 0 0 0 0.012135 0 0 0.022444 0 0.0475347 0 0.0880474 0.00613644 0 0.391087 0.0484332 0 0 0 0.178869 0.0796867 0.0132946 0.0129169 0.00272585 0 0.0212089 0.0320344 0 0 0 0 0.0186897 0 0.00598629 0 0.0037268 0.0573772 0.0100096 0 0.0308546 0.000583944 0.0159293 0 0 0 0 0 0.000625715 0 0.034577 0.0719033 0.0415422 0 0.0192214 0.0349416 0.00830059 0.0692831 0.0363371 0.0515961 0 0.0390772 0.075741 0.00157441 0 0.132792 0.0196436 0.106956 0.0143723 0.126903 0.0157013 0.214926 0.031772 0 0.00655616 0.116944 0.0218616 0.11395 0.0236072 0.0204519 0.0212725 0.348826 0.00673165 0.763536 0 0.0239198 0.0458486 0 0.0426244 0 0.0823098 0 0.0252909 0 0.066826 0.649715 0.0805591 0.502468 0.0819387 0.149873 0.0575476 0 0.0524921 0.0609637 0.0296417 0.369394 0.00242903 0.484891 0.00892233 0.100008 0.0103417 0.000776349 0 0.0760967 0.0787606 0 0 0.160641 0.0648166 0.087141 0 0 0.0730908 0 0.0214393 0 0.012198 0.0559794 0.0962675 0.0153678 0 0.0353028 0 0.340067 0.0812919 0 0 0.0548878 0.0351719 0 0.00644105 0 0.0314742 0.0703629 0.117925 0 0 0 0.0372191 0.0221421 0.0293391 0.0223824 0.0278221 0.00282479 0.000435725 0 0 0.0430962 0.00112818 0 0.113403 0.00390684 0.000570405 0.297369 0.307023 0.120887 0.371927 0.166336 0.108466 0 0.121707 0 0 0 0.266536 0 0.32029 0.0461931 0.0284358 0.585167 0 0.497504 0 0 0 0.00750316 0 0.212421 0 0 0.172505 0 0.194602 0.378705 0.270659 0 0.191154 0.00374635 0.0488605 0.41447 0.164804 0.407396 0.182654 0 0.0505183 0.519516 0 0.152723 0.00668692 0 0.190319 0 0.0124622 0 0.0670012 0 0.0806743 0.12327 0.0403892 0 0.10109 0.0279216 0 0.610917 0.113429 0.0496447 0.00694904 0.213804 0 0.213002 0 0.0984202 0 0.133217 0.0693196 0.117526 0 0.0945659 0.011059 0.00773817 0 0.0749746 0.0101902 0 0 0 0 0 0 0 0 0 0 0 0 0 0 0.264269 0 0.38373 0 0.489065 0 0 0.00662505 0 0.257892 0.0443982 0.0295759 0.0193907 0.0407073 0 0.2116 0 0.0157681 0 0.00913635 0 0.015695 0.184279 0.11132
155 11.5688 0.00505397 0.132832 -0.0317846 0.243677 -0.113635 13.436 -0.435273 -0.132543 0.0371158 0.055735 0.140505 0.113138 -0.00616319 -0.47039 -0.479254 0.230057 0.088051 -0.0263605 -0.0630855 -0.0295527 -0.302867 0.0960153 -0.0501162 -0.0566627 0.0477212 -0.0117463 -0.00629064 -0.0550157 -0.0669467 -0.0164822 -0.102484 -0.114519 0.0154404 0.152042 0.0851005 0.0444236 0.152635 0.0310826 0.0541158 0.360631 0.169176 1.39066 0.195563 0.663722 -0.0449162 0.102951 0.160233 -0.0511182 -0.0561225 0.0804734 -0.24981 -1.41184 0.421911 0.679113 -0.0754463 -0.0403913 -0.0907116 -0.417581 0.0953494 -0.0767882 0.0946669 1.18676 0.332589 -0.716753 0.198461 1.46022 2.55604 5.16492 0.176395 -9.62338 -5.73703 0.552887 -0.253371 -0.0703274 1.51557 2.06027 0.820579 0.543392 -3.54602 -4.82564 -0.361524 -0.327347 0.375185 0.210526 0.0708837 -0.0917909 -2.17903e-09 -0.566448 -0.170818 -0.0134808 1.0552 -0.210531 2.20986e-09 0.75585 5.52793e-10 -0.311883 -0.00803273 -0.496503 -0.0537864 -0.526718 -0.778135 0.713018 1.10561e-08 -1.41653e-09 -1.25178e-09 -0.980834 0.247604 -0.25525 -0.729544 1.75517 1.26943 -0.617298 0.243696 0.885855 13.4365 0.0394185 0.0834579 1.05536 0 0.0767142 0 0.0596653 0 0.0587255 0 0.043802 0.00184895 0.00686228 0.101482 0 0.119084 0 0.130388 0 0.14815 0.0452325 0.0508909 0.0151496 0.0200619 0.0370117 0.0640181 0.0209022 0.053377 0.0313987 0 0.0490301 0 0.0701825 0 0.0855434 0.00193975 0.0601919 0 0.0516501 0 0.00180087 0.427948 0.0659131 0 0.0042288 0 0.110635 0.0405969 0.0321522 0.0378576 0.0024033 0 0.0219393 0.043399 0 0 0.00323794 0.00749164 0.00924175 0 0 0.000262357 0.00262212 0.000265285 0.00649864 0 0.0247786 0 0.0127585 0 0.118406 0 0.112095 0 0.121509 0 0.291298 6.57607e-05 0.0342072 0 0.16301 0.0331234 0.00771961 0.0345744 0.0269063 0.11231 0 0 0.0444007 0.0011637 0.00111428 0.391687 0 0.333163 0.000400382 0.334918 0.00166186 0.393772 0.01218 0.0574683 0.00779155 0.387845 0.0145092 0.374046 0.0162769 0.0496553 0.0163802 0 0 0.655842 0 0.0257749 0 0 0.00326865 0 0.0360925 0 0.0384812 0 0.0792731 0.595878 0.0286911 0.432734 0 0.13286 0.00644016 0 0 0.0368676 0 0.249667 0.00132889 0.315501 0.00284736 0.119102 0.00867302 0 5.26668e-05 0.0583006 0.0642506 0 0 0.142023 0.0333067 0.248683 0.0175021 0 0.0525094 0 0.0270841 0 0.00142217 0.063433 0.0910367 0.00520825 0 0.0262789 0 0.437767 0.06056 0.00381325 0 0.0149123 0.0416709 0 0.0148381 0 0.0178022 0.130166 0.0805875 0 0 0 0 0.00529183 0.0544601 0.00686358 0.0531341 0.00355742 0 0 0.00270013 0.099447 0 0 0.126881 0.0023097 0 0.22469 0.0697849 0.114362 0.189196 0.138814 0.108197 0 0.0426194 0 0 0 0.0982832 0 0.119503 0.00223295 0.00394721 0.114598 0 0.0379112 0.00648281 0 0 4.42383e-05 0.00364944 0.106807 0 0 0.169597 0 0.164621 0.47334 0.101537 0 0.0707204 0.0113568 0.0228968 0.460654 0.0209948 0.409933 0.157152 0 0.0596302 0.686845 0 0 0 0.0257956 0.26213 0 0.0015873 0 0.0408296 0 0.0478592 0.195925 0.0430468 0 0.0826388 0.0151178 0 0.62263 0.113103 0.015122 0.00799337 0.0987052 0.00533778 0.0989204 0.00569668 0.0767352 0.0113777 0.226884 0.484828 0.0585284 0 0.100852 0.00368547 0 0 0.0719993 0 0 0.0109809 0 0.0114649 0 0.102557 0 0.0247267 0 0.0188343 0 0.0244792 0 0.00349611 0.129968 0 0.202548 0 0.309947 0 0 0.0274579 0 0.194254 0 0.0950689 0 0.0641415 0 0.0822735 0 0.0168278 0 0.0145057 0 0.0311413 0.217679 0.110788
156 11.6021 0.0290146 0.116432 -0.00255098 0.247951 -0.103651 13.4755 -0.4479 -0.132751 0.0212285 0.105885 0.172032 0.153788 -0.0137871 -0.500526 -0.47388 0.18846 0.101184 -0.060644 0.0274719 0.147756 -0.287734 0.119075 -0.284448 -0.348397 0.00815539 -0.0122421 -0.017742 -0.0498347 -0.0686194 -0.0221392 -0.102701 -0.0787429 0.0142319 0.149891 0.0551775 0.0269337 0.152104 0.0507919 0.0556244 0.358985 0.196748 1.38014 0.138859 0.647532 -0.052733 0.0734911 0.160236 -0.0509865 -0.0561119 0.118525 -0.272813 -1.39299 0.355743 0.67582 -0.044738 -0.0375976 0.695094 -0.617686 0.892637 -0.00351167 0.496344 1.23749 0.00620767 0.347886 -0.251435 0.991703 0.422743 -1.19665 0.344307 2.46081 1.62163 -1.62549 0.535247 -1.09401 2.92591 7.54799 -1.48687 1.19857 -6.69042 -9.34445 -1.28705 0.0268284 -0.123882 0.212035 0.135281 -0.249657 -3.42859e-09 0.941257 0.0920508 -0.396954 -1.03391 -0.54084 5.93945e-10 1.5493e-09 5.59658e-10 1.33382 0.44771 -0.609889 -0.92653 0.756197 -0.595985 0.0822412 7.06127e-09 -1.38018e-09 -1.00971e-09 0.431905 0.875149 0.21254 -0.781686 1.74014 1.16724 -0.915853 0.245513 0.895141 13.4732 0.0665866 0.432018 1.14573 0 0.066365 0 0.0426962 0 0.0224614 0 0.0740128 0.0551214 0.116078 0.000761228 0 0.0331909 0 0.0564287 0 0.116072 0.0476712 0 0.117064 0 0.147334 0 0.19157 0 0.234482 0 0.166533 0 0.179431 0 0.0372279 0 0.00259584 0 0 0.00517922 0 0.311236 0.0745138 0 0 0 0 0.155275 0.0115703 0.0353753 0.00156808 0 0.0250418 0.0156345 0 0 0 0 0.000695491 0 0 0 0 0.00368359 0 0 0.0116228 0 0 0 0 0 0 0 0 0 0.0169611 0.0144441 0 0 0.0133116 0.0230793 0.000867767 0.0322618 0.00809995 0.0710279 0.00435115 0 0.0149333 0.00119186 0 0.19065 0.0214354 0.141393 0.0178306 0.175362 0.0212102 0.312787 0.0426483 0.0418913 0.0538913 0.190783 0.0332809 0.19282 0.0330517 0.046844 0.0441817 0.466199 0 0.812324 0 0 0 0 0 0 0 0 0.0160412 0 0.00686006 0.866116 0 0.767054 0 0.190886 0 0 0 0.007449 0 0.264493 0 0.634198 0 0 0.15788 0 0.030271 0.0103672 0.00680845 0 0 0.224396 0.0956384 0.0340214 0 0 0.0846 0 0 0 0.0295256 0 0 0 0.0486532 0 0.0524166 0.419096 0.179249 0.00118175 0.000279598 0.347141 0.00435991 0 0 0 0 0.0984558 0.108458 0 0 0 0.042837 0 0.0274981 0 0.0280205 0 0.0318706 0 0.0501733 0.0812855 0 0 0.0670193 0.00675697 0.00023365 0.185187 0.327755 0.128134 0.208323 0.234418 0.0752908 0.0110811 0.0962182 0 0.0119149 0 0.0788235 0 0.155928 0.12908 0.137226 0.309606 0.0298125 0.192221 0.0715494 0 0.0336519 0.0240795 0 0.0857949 0.0849939 0 0.2074 0 0.213421 0.406226 0 0 0.0194463 0 0.041223 0.658199 0 0.269454 0.167541 0.00767992 0 0.652145 0 0.355839 0 0 0.20183 0 0.0199239 0 0.0630867 0 0.108867 0.178228 0.0321458 0 0.0209961 0 0.0168983 0.429368 0.0822132 0.190621 0 0.0687043 0.0239868 0.215665 0 0.091071 0 0.1255 0.0723572 0.0878205 0 0.066091 0 0 0 0.0531879 0 0 0 0 0 0 0 0 0 0 0 0 0 0 0 0.25067 0.0865976 0.120602 0.119663 0.192853 0.0931876 0 0.00113044 0.0524624 0.430693 0.000629455 0.122161 0 0 0 0.172911 0.0134158 0.0485638 0 0 0 0 0.152936 0.0894737
157 11.6355 0.0280887 0.12108 0.0271079 0.252533 -0.0836975 13.5192 -0.391104 -0.126017 0.00758988 0.111408 0.182225 0.0816065 -0.000958935 -0.413054 -0.409693 0.0927052 0.128088 -0.0897664 0.220367 0.482222 -0.281653 0.196622 -0.483493 -0.627726 -0.0107892 -0.0184721 -0.0221428 -0.0414128 -0.0678546 -0.030202 -0.10237 -0.0827268 0.00597719 0.155392 0.0580316 0.0173852 0.152037 0.05079 0.055626 0.364843 0.192214 1.36935 0.157283 0.695757 -0.0450934 0.0757623 0.160236 -0.0509865 -0.0561119 0.145284 -0.284895 -1.37679 0.277552 0.688914 -0.00963191 -0.05451 -0.417865 -0.149354 0.457719 -0.0637876 0.672788 1.37113 2.25848 0.485651 0.263071 0.445986 -0.00353479 -2.57376 0.905495 2.09589 1.71235 -2.93286 0.983283 -0.313507 6.45835 9.25324 -1.13052 -0.945421 -0.349208 -5.51293e-07 -0.500213 0.00223495 0.156156 0.469506 -0.00835845 -0.173798 -1.17503e-09 -0.941429 -0.136763 0.214897 0.942472 -0.413979 1.45349e-09 2.32965e-10 2.28258e-10 0.117252 -0.0631455 -0.26237 0.147772 0.0585935 0.847835 -0.269938 5.85135e-09 -7.39715e-10 -5.57057e-10 0.276346 1.38506 0.30475 -0.0386408 1.76832 1.66505 -1.15692 0.248076 0.913475 13.5137 0.0885086 0.596026 1.24782 0.0322022 0.0243275 0.0165892 0.00171525 0.0178296 0.00175671 0.0135953 0.0132046 0.0411256 0 0.0304561 0 0.0285496 0 0.0359599 0 0.116924 0.0341375 0.0039726 0.117757 0 0.127413 0.0030167 0.170942 0 0.219658 0 0.118775 0 0.128309 0 0.0273859 0 0 0.000258932 0 0.00511767 0 0.23536 0.0149015 0 0.00037902 0 0 0 0.0790833 0 0.0284663 0 0.00471246 0.000367269 0 0 0 0 0.00592903 0 0 0 0.000534701 0 0 0 0.023664 0 0.00572469 0 0.00062005 0 0 0 0 0.0130382 0.0107853 0.00165867 0 0 0.0228599 0.0212888 0 0.0264808 0.0128214 0.0677905 0 0 0.0467485 0.000471329 0 0.118233 0.0286063 0.0885065 0.0215413 0.111372 0.0246057 0.19741 0.0345971 0.0339568 0.00209661 0.1342 0.035008 0.136424 0.0345429 0.0452093 0.0246894 0.114155 0.0700868 0.481827 0 0.0231311 0 0 0 0.0245472 0 0 0.00979354 0 0.00386007 0.650338 0 0.4534 0 0.122909 0 0 0 0.0115464 0 0.0497319 0.0161465 0.192827 0.00393393 0 0.19686 0 0.0137905 0.0061481 0.0100374 0 0 0.132745 0.0395852 0.126225 0 0 0.030544 0 0.00310149 0 0 0.0305584 0.0153058 0 0.0313449 0 0.0319382 0.322341 0.0551673 0.00140746 0 0.149115 0 0 0.00253811 0 0.0131599 0.107304 0.1018 0 0 0 0.0477344 0.00444725 0.00268161 0.00202537 0.00287324 0 0.0134588 0 0.00960221 0.0172174 0.0112439 0 0.00950186 0 0.00276283 0.0918712 0.117474 0.0828594 0.073091 0.011311 0.114874 0.0455116 0 0 0.0134371 0.025017 0 0.0310054 0.00391793 0.0121952 0.0446364 0.194315 0 0.130188 0 0 0 0 0.00198152 0 0.113054 0 0.0975032 0 0.0781569 0.00755242 0.0401756 0 0.16326 0.0200413 0.0520046 0.0696482 0.0737578 0.228082 0.0814188 0.00514311 0.00283918 0.44945 0 0.339862 0 0.0462685 0.177559 0 0 0 0.0192485 0 0 0.140085 0.0465139 0 0.00134495 0 0.0118525 0.317093 0.0217766 0.0716769 0 0.0216997 0 0.0516118 0 0.0753632 0 0.0986427 0.159363 0.0229795 0 0.04227 0 0 0 0.0342444 0.000764841 0 0 0 0 0.117679 0 0.0259222 0 0.0407792 0 0.0619313 0 0.037493 0 0.00606395 0.0825219 0 0.097643 0 0.0979526 0 0.0156594 0.0287993 0.0733234 0 0.0855678 0.0140268 0.00450183 0.030445 0.0228575 0 0.00205388 0 0 0 0 0.151421 0.0772145
158 11.6688 -0.0225346 0.130469 0.0548177 0.256346 -0.0683427 13.5644 -0.274346 -0.127111 -0.000613923 0.130301 0.237707 0.0374817 0.0198825 -0.302318 -0.307367 -0.00201404 0.138922 -0.0999002 0.494357 0.68892 -0.143936 -0.0453815 -0.349614 -0.476756 0.0568389 -0.0384183 -0.0180263 -0.0808253 -0.0418563 -0.0389341 -0.100393 -0.0965563 -0.0440344 0.194996 0.0828137 0.0547059 0.0963576 0.0243373 0.0445103 0.425284 0.150339 1.37789 0.189822 0.700067 -0.00817916 0.120623 0.160232 -0.0511258 -0.0561231 0.120574 -0.256833 -1.3709 0.184127 0.702684 -0.016854 -0.123228 -1.68271 -0.204836 0.853963 -0.0336823 0.257572 1.40887 3.49298 0.373275 -0.53932 0.905047 1.23184 -0.868808 0.896103 3.17506 2.69774 -2.12167 0.407553 -0.758887 7.2773 3.13834 1.35934 -4.21621 6.63397 5.74634 1.85279 -0.271436 -0.0110233 -0.985753 0.65357 -0.224121 -7.72667e-10 -0.831361 -1.26191 1.26369 1.46659 0.616826 -1.10961 -0.982565 -0.557682 0.482707 -0.563387 0.547837 0.160478 0.120715 0.968804 0.665738 7.31712e-09 -2.10177e-10 -2.07315e-10 -0.185503 1.53859 0.40713 -0.134239 1.37025 0.568359 -0.752517 0.251242 0.928115 13.5559 0.0940132 0.292215 1.26641 0 0.0086313 0 0.0383067 2.07629e-05 0.0770908 0 0 0 0 0.0116012 0.0752454 0.0131117 0.0278221 0.0623823 0 0.0802716 0.0534554 0 0 0 0.0237918 0 0 0.0661366 0.0245187 0 0 0 0 0.120343 0.0090502 0.0702149 0 0.213596 0 0.0208549 0.0109762 0.220481 0.0372959 0 0.0192191 0.0801033 0 0.0404349 0.11285 0.0692208 0.108467 0 0.0600225 0 0.000394666 0 0.0511429 0.011702 0.0211424 0 0.047795 0 0 0.00882158 0.0304841 0 0.0380007 0 0.0174608 0 0.0632475 0 0.0169868 0 0.0534014 0 0.0655793 0 0.0340895 0 0.0210234 0.0139271 0.00739088 0.0157584 0.0183228 0.0663831 0.0318779 0.0305077 0.0578639 0.0010986 0.000507575 0.128586 0.126163 0.142187 0.0832369 0.182004 0.111302 0.120568 0.102457 0.0457666 0 0.10834 0.105519 0.219317 0.111393 0.03742 0.0220754 0.0425742 0 0 0 0 0 0 0 0 0 0 0 0.0145899 0.0565396 0.130275 0 0 0.164133 0 0.0811091 0 0.02173 0.158944 0.0295543 0 0.0840768 0 0 0 0 0 0 0 0.0271433 0 0.051626 0.202953 0.0613093 0.20746 0.0423239 0.00326838 0 0 0 0 0 0.154208 0.148099 0.0149535 0.00172663 0.0441665 0.0206301 0.474791 0.0357103 0.00178542 0 0.132532 0.0171291 0 0.0734215 0 0.008824 0.220783 0.254026 0 0.0870365 0.0545207 0.0967064 0 0.0751659 0 0.0913047 0.0718789 0.055625 0 0.0570339 0.0600121 0.0247096 0 0.223264 0 0.00880753 0 0 0.156461 0.13761 0.0738566 0.190423 0 0.0266587 0 0.0289383 0 0.0680351 0.00123478 0.0583793 0 0.0581682 0 0.114213 0.0766323 0.0169543 0 0 0 0 0 0.0118058 0 0.291412 0 0.138411 0.112702 0.0647669 0.131147 0 0.024806 0 0.0524375 0.108506 0.172501 0.00783914 0 0.0222618 0.161064 0.019093 0.0694823 0.0330751 0.130121 0.349542 0 0 0 0.0200613 0.00477087 0.0975684 0.26218 0.125276 0 0.0513055 0.0583355 0 0.283306 0 0 0 0.0447642 0 0 0 0.14374 0 0 0.255018 0.641121 0 0.0811471 0 0.00377298 0.0307454 0.0946493 0.0143879 0 0 0 0.00216897 0.168638 0.0017748 0 0 0 0 0.0410345 0 0 0 0 0.100151 0.0640906 0.200417 0.0789624 0.178298 0 0.036451 0 0.130063 0 0.182773 0.0013671 0.0921259 0.000552766 0.0094685 0 0.0116317 0 0.0155218 0 0.0503486 0.220272 0.0947683
159 11.7021 -0.0476063 0.125666 0.0907862 0.262182 -0.0587062 13.6097 -0.15229 -0.137536 -0.0307872 0.0610773 0.292732 0.0994986 -0.0852433 -0.0546265 -0.138257 -0.079822 0.136982 -0.138144 0.661333 0.502811 -0.0218516 -0.101497 -0.284152 -0.377644 0.0852653 -0.0616571 -0.0182328 -0.11242 -0.00805025 -0.054709 -0.101625 -0.167569 -0.0519845 0.238753 0.146916 0.0266707 0.0515778 -0.028481 0.0519275 0.444836 0.135557 1.37238 0.183772 0.692389 -0.0782677 0.0103717 0.160959 -0.0217078 -0.0510728 0.186697 -0.305663 -1.35677 0.084365 0.669369 0.0498934 -0.0146994 -0.1125 -1.33587 0.288607 0.0267886 0.330154 1.27072 2.72091 0.240987 -0.376362 -2.58213 1.68676 1.14376 -0.13187 -1.71272 -2.33191 -2.51375 0.449944 -0.779696 2.69134 -6.94062 2.96318 3.3127 4.85204 3.72886 0.447748 0.1775 0.773916 -1.17594 0.69434 -0.448469 -1.20337e-09 -2.75906 -1.5942e-09 1.10116 2.41006 -1.30876 0.72476 -1.53402 6.53021e-10 -2.06277 2.57606 -0.674817 -1.4062 2.66538 -2.68378 -1.15815 3.36705e-09 -0.395303 -3.4309e-10 0.272056 2.27264 -0.228045 0.128789 1.87607 3.18613 0.976022 0.253899 0.936934 13.5972 0.0581667 0.371352 1.18405 0.0803915 0 0.0682451 0 0.0525152 0 0.0866766 0 0.0831318 0 0.243321 0.146987 0.206759 0.177683 0.146302 0.23041 0.00463594 0.0423706 0.0928778 0 0.131712 0 0.105036 0 0.162787 0 0.0846339 0 0.00312831 0 0.00400493 0.0258642 0 0.0410663 0.123158 0.130935 0.00708212 0.00948586 0.141397 0.0297161 0 0.0387718 0 0 0.00858532 0.0584861 0.0334441 0.0651325 0.0195847 0.129168 0 0 0 0.0185189 0.0139439 0.04804 0 0.0445147 0 0 0 0.011352 0.0469488 0.0627182 0 0.0224109 0 0.0146775 0.0256289 0 0.0285591 0 0.00160688 0 0 0.00537113 0 0.00517153 0 0.00593843 0 0.00225037 0.0385961 0.0647878 0.0634831 0.0569424 0.000698557 0.00175563 0.0981438 0.240094 0.0688352 0.132798 0.111087 0.228514 0.0704899 0.284177 0.122163 0.0613844 0.0789639 0.188209 0.0956402 0.334717 0.0528577 0.0337346 0 0.367713 0 0.456751 0 0.11304 0 0 0 0 0 0 0.119538 0.00875144 0.147928 0.4093 0.0107801 0.566669 0 0.502925 0 0.0720451 0.00270796 0.0518713 0 0.194527 0.0146765 0.347878 0 0 0 0 0 0.0965672 0 0.0167789 0.106372 0.025606 0.237873 0 0 0 0 0 0 0 0.0946293 0.0643496 0 0.00265287 0.00395026 0.0422084 0.297203 0 0.00300111 0.00449145 0.236809 0.0356598 0 0.0753383 0 0 0.209203 0.0108094 0.119079 0 0.0534939 0 0 0 0.00688019 0 0.0042621 0.0440554 0 0 0 0.0144794 0 0.162391 0 0 0.104718 0 0.44112 0.187715 0.160717 0.20772 0.192348 0 0.0544039 0 0.186638 0 0.218805 0 0 0 0.074023 0.0783805 0 0.17505 0.00723888 0.0216951 0.0041771 0.00220973 0 0.0810428 0.117341 0.0853239 0 0 0.259505 0 0.00578489 0 0 0 0 0.0428231 0.0106611 0 0 0.0152137 0 0.616677 0 0.382126 0.0998061 0.272455 0 0 0 0 0 0.0906949 0.176638 0 0 0.00345713 0.00151088 0.0279179 0.0101752 0 0 0.165988 0 0.130612 0 0.0834502 0.11609 0 0 0.0732694 0.893868 0 0.0240376 0 0 0.0722703 0.0466764 0 0.0686546 0 0.0639352 0 0.237512 0.0355527 0.0990996 0 0 0 0.0149423 0.0213431 0 0.00316681 0 0.139272 0.0497425 0.100098 0.0413451 0.112253 0.0185895 0 0.35089 0 0 0.316631 0.0859728 0.0402195 0.116594 0 0 0 0 0.00368468 0 0.0636882 0.177491 0
160 11.7355 -0.0460653 0.0910757 0.0969757 0.265422 -0.0490151 13.6518 -0.0568619 -0.134287 -0.0346889 -0.0142541 0.248015 0.113041 -0.0830188 -0.0202777 -0.175511 -0.146336 0.125523 -0.147438 0.64651 0.338242 0.116469 -0.0367332 -0.118207 -0.228838 0.0727769 -0.070413 -0.0120971 -0.115908 0.0100507 -0.047217 -0.100941 -0.10133 -0.0545682 0.227331 0.0855104 0.0155424 0.10706 -0.0334075 0.0529619 0.38848 0.226583 1.33677 0.143514 0.703575 0.0612684 0.0407385 0.0749231 -0.00558282 -0.0472453 0.341837 -0.243749 -1.36012 0.062091 0.700864 0.05641 -0.0621205 0.213748 -0.81281 0.163895 -0.0422839 0.0782618 1.24604 2.34565 0.142691 -0.336242 -1.09525 -2.35583 0.0172075 -1.24904 2.56523 -0.379147 -2.19373 -0.687692 -0.148129 -1.56628 -2.62586 3.85056 -0.603436 3.61559 3.62548 -0.58739 -0.191648 0.143151 -0.0386035 0.339063 0.178509 -9.53899e-10 3.01291 0.139292 -0.493461 -2.9444 -0.0943239 -0.0665989 0.654518 1.06232e-10 0.204856 0.214432 -0.653884 0.013454 -0.595723 2.25835 -0.0725154 -2.12971 0.646794 0.229047 1.58738 3.34343 -0.943173 -0.191832 6.5473e-10 -0.0315072 -1.72533 0.255885 0.945528 13.6364 0.0572956 0.108349 1.17491 0.0218304 0 0 0 0.00986083 0 0.0467806 0 0 0.0976845 0.112864 0 0.113915 0 0.0962851 0 0.0723822 0.0463727 0.127037 0 0.155719 0 0.190109 0 0.28347 0 0 0 0 0 0 0.0921051 0 0.0655825 0 0.296596 0 0.0119578 0.0177839 0.0254274 0.0701375 0 0 0.249977 0.102749 0.0628967 0.079771 0.0670757 0.0690133 0.00646022 0 0 0.0517069 0 0.0293344 0.0151594 0.0374365 0 0 0 0.0161609 0.0456537 0.0150381 0.0444962 0.00732026 0.0247609 0 0.0936846 0.0169737 0 0.0036533 0.0529147 0 0 0.0354937 0.03228 0 0.0302741 0.0147321 0.00750421 0.0236381 0.0230189 0.0533616 0.0310998 0.0242051 0.0814648 0.000353614 0.000247629 0.167181 0.154205 0.11472 0.0491506 0.151985 0.0902976 0.0992635 0.130779 0.00802837 0.00887402 0.114568 0 0.117348 0.0666771 0.0381969 0.0199045 0 0.207621 0 0 0 0.0383443 0 0 0 0.0132874 0 0.0367372 0 0.0128668 0.0420397 0.350646 0.193933 0.163805 0.183801 0.105061 0 0.0106863 0 0.0978795 0.282668 0.0804491 0.428304 0.00396526 0 0 0 0 0.0251893 0 0.0194854 0 0.102668 0.0710594 0.060907 0 0 0.0162699 0 0 0.00742038 0 0 0.0492436 0.0327414 0 0.133574 0 0.0750069 0.156456 0 0.000940143 0 0.0996891 0.0626016 0 0 0 0.0761118 0.0738631 0.0407324 0.025373 0.00630209 0.160965 0 0 0.00219318 0 0.112185 0.050696 0.0250733 0 0 0.0268606 0.230355 0.0678493 0.00181994 0 0.384537 0 0.196335 0.0965355 0.178312 0 0.0385507 0 0.0160095 0 0 0.0653084 0 0.174975 0.196451 0.0331956 0.428078 0 0.400427 0.0468659 0 0.0284598 0.0250526 0.0329715 0.36556 0 0.129219 0.0832422 0 0 0 0.1216 0 0.385196 0 0 0 0.106246 0 0.0423798 0 0 0 0 0 0 0.161993 0.0666161 0 0 0 0 0.135564 0.10561 0.0642174 0.0240854 0.0157549 0.0158072 0.0281595 0.0418716 0.00205838 0.052829 0.0919297 0.0588522 0.271343 0 0.279578 0 0 0 0 0.374265 0.550493 0 0 0.0171707 0.0323383 0.02479 0 0.0346602 0.0126138 0 0.00648735 0 0.043328 0 0 0 0 0 0 0 0 0 0.249396 0.00131583 0.384873 0 0.492802 0.00350822 0.0462177 0 0.267094 0.0126828 0 0.0448578 0.0526308 0 0 0.125577 0.0346357 0 0 0 0.0597308 0 0.0404273 0.00255733
161 11.7688 -0.0152717 0.0652818 0.101303 0.266885 -0.0471269 13.6896 0.00464194 -0.114164 -0.0370649 -0.0996473 0.285623 0.116826 -0.0695289 -0.119689 -0.149269 -0.252326 0.0925602 -0.146196 0.556956 0.328737 0.273174 -0.0164074 -0.0357485 -0.152938 0.0585735 -0.0795195 -0.017458 -0.144941 0.0304963 -0.0308658 -0.100882 -0.0992492 -0.0546724 0.215107 0.0855595 -0.00406032 0.122818 -0.0142892 0.054412 0.387833 0.23725 1.307 0.193586 0.685147 0.0961427 0.100074 0.162752 -0.00200586 -0.0061832 0.210297 -0.192812 -1.41259 0.0693749 0.700297 0.0425827 -0.103086 1.06724 -1.00092 -0.137771 -0.0510489 0.0524135 1.04723 1.6488 0.840678 0.220125 -3.07555 1.15331 0.154351 0.0532402 -0.748129 -1.01766 -3.5392 -1.38175 0.139877 -3.04842 -0.297834 4.78607 -0.629764 2.87963 2.60736 -0.433607 -0.100535 -0.0690282 -0.798374 0.590923 0.720257 -1.83437e-09 -0.37706 -3.72727e-10 -0.434377 0.303704 -0.600091 -0.0456663 0.171068 4.15125e-10 -0.0772985 0.637826 -0.665456 -0.00867223 -1.12355 0.493348 0.467088 5.16392e-09 0.996373 1.11156 0.673063 0.811504 -1.56752 0.510484 4.14443e-10 -1.1216 -0.0522443 0.257858 0.946962 13.6755 0.0524477 0.0695971 1.15882 0.0501682 0 0.0210061 0 0.0253629 0 0.0386359 0 0 0.00444779 0.0934421 0.0174198 0.0694091 0.0343629 0.0420582 0.0519744 0.0227403 0.0258259 0.200232 0 0.245423 0 0.268932 0.000945361 0.389362 0.0123984 0.0865573 0 0.0557846 0 0 0 0 0 0 0.0892018 6.5594e-05 0.00918731 0 0.0494012 0.404619 0 0 0 0.0814877 0.0299163 0.0235222 0.119124 0.0962557 0.0187865 0 0 0.0920092 0 0.116993 0.0240938 0 0 0 0 0 0.0211446 0.0696946 0.0528978 0.0110114 0.0209828 0.103097 0.0676559 0.0991218 0 0.110405 0 0.054725 0 0.00811919 0.0144439 0.0930898 0.00131967 0.00199037 0.00356005 0 0.00979529 0.0200638 0.0323495 0.0708108 0.0818931 0.000859831 0 0.103318 0.190615 0.0701537 0.0858436 0.0992456 0.16008 0.0597829 0.221961 0.0950661 0.0564844 0.0564497 0.130164 0.0489519 0.242449 0.0492624 0.0231131 0 0.609888 0 0.47064 0 0.0791279 0 0 0 0 0 0 0.0880372 0 0 0.410393 0 0.390297 0 0.309702 0.114197 0.0273411 0.0562627 0.0595263 0 0.236138 0 0.26945 0.159165 0 0.238639 0 0 0 0.00684168 0 0.198424 0.0849485 0.127511 0 0 0 0 0 0.00997176 0 0 0.0604746 0.0872751 0 0.145373 0.0237081 0.296596 0.103439 0 0.00222132 0.023659 0.0209273 0.086237 0 0 0 0.0646318 0.0736661 0.0263733 0 0 0 0.0497978 0 0.0541143 0 0.184241 0.0660172 0.237244 0 0 0.0448416 0.150134 0.0739663 0.00161992 0 0.443432 0 0.400688 0.186011 0.188939 0.134636 0.0583963 0 0.0312766 0 0.0275975 0.0107657 0.0815569 0 0.0270797 0 0.00656368 0 0.129458 0 0 0.0244019 0.00506598 0.0544479 0.38412 0.0668981 0.11403 0.113861 0 0 0.0214547 0.274726 0 0.47996 0 0 0.0515745 0.585674 0 0.0204831 0 0 0 0.359831 0 0.0258484 0.123485 0.114562 0 0 0 0 0.0660179 0.0675354 0.0916407 0.0258704 0 0.00744208 0.153967 0.034583 0 0.0578883 0 0.0606572 0.0878477 0.00890858 0 0.00635258 0.294379 0.019415 0.12057 0.0890736 0.638146 0.00775453 0 0.00470322 0.248449 0.0345523 0.00961361 0.013625 0 0 0 0 0 0 0 0 0 0 0 0 0 0 0.20868 0.259049 0.38757 0.0974656 0.420004 0.191403 0.0156794 0 0.4438 0.00521042 0 0.191299 0.0520089 0.0294111 0.0886319 0 0.0370623 0 0 0 0.019943 0 0.113917 0
162 11.8021 0.00162055 0.0213494 0.093909 0.265623 -0.0498892 13.7232 0.0317375 -0.116185 -0.027416 -0.106109 0.214317 0.159891 -0.0634188 -0.0920084 -0.104659 -0.359652 0.0798029 -0.107754 0.486154 0.292179 0.36984 -0.14003 0.000806551 -0.106554 0.0436142 -0.0702945 -0.0208415 -0.130041 0.0364866 -0.0155742 -0.10275 -0.0182767 -0.0474747 0.192469 0.0178782 -0.00617003 0.163918 0.0490455 0.0445865 0.249827 0.183783 1.33486 0.280317 0.703054 0.0330398 0.0403286 0.135127 -0.00913978 0.00819524 0.410318 -0.187011 -1.39933 0.199674 0.692889 -0.0238188 -0.0893977 0.0355494 -1.10919 -0.242487 -0.105667 -0.206975 1.01675 1.31205 0.0293167 0.200956 -2.56133e-10 -3.61605 0.959251 -0.328615 2.00879 2.72526 -2.94491 -0.732382 1.23756 -1.35851 -1.04287 0.253134 -4.07622 0.565582 0.677547 -0.19559 0.344926 -0.0803251 0.693648 0.0487693 0.308485 -8.67627e-10 1.25287 0.403612 -0.512186 -0.981222 -0.270574 4.68009e-09 -0.0810839 -0.648242 -0.716635 2.06514 0.628718 0.424525 6.00948e-11 0.244204 -0.697329 -0.240086 0.0361137 0.198522 1.27409 1.14654 -0.13911 0.0142414 -1.17501 -2.96875 0.713439 0.25966 0.94519 13.7144 0.051849 -0.166219 1.16249 0.0543229 0 0.039787 0 0.0428017 0.00522955 0.0378401 0 0.0171262 0.00661026 0.0577486 0.0500508 0.0436116 0.0390408 0.0303481 0.0664454 0 0.0386287 0.0406499 0.0129592 0.0363667 0.00854365 0.0623428 0.00428574 0.098684 0.0201025 0 0.00491541 0 0.0214239 0 0.0136394 0 0.00406947 0 0.000248047 0.00815246 0 0 0 0 0.214988 0 0 0.212302 0.0532235 0.0657236 0.000650367 0 0.0763341 0 0.010235 0.000101673 0.0123101 0.018293 0.0600603 0 0 0.00233735 0 0.0213696 0 0.0813965 0.0240842 0.0428835 0.00388731 0.0575063 0.00222865 0.0576278 0 0.0608933 0 0.0674667 0 0.0505982 0 0.0729058 0 0 0 0.0302999 0 0 0.00314859 0.147556 0.0488946 0 0.00049479 0 0.12957 0 0.103161 0.00172246 0.103154 0 0.138994 0 0.0854634 0.00476167 0.109476 0.00897544 0.0997385 0 0.0507035 0 0.271375 0 0.128613 0.0277402 0.045727 0 0 0 0.00527558 0 0.00444613 0.00211777 0 0.015974 0.101539 0.0391317 0.0870607 0.0952996 0.0572294 0.0234999 0.0113256 0 0 0.149386 0.0546726 0.11592 0.0439244 0.181267 0.0328767 0 0 0.00978744 0 0.00038972 0 0.0295485 0.166254 0.0435972 0.00505217 0.0093211 0 0.00774386 0 0.0116616 0 0.095147 0.0748736 0.00225828 0.00944146 0.0326448 0.0111083 0.0323914 0.197742 0 0.00196394 0 0 0.00675726 0.0308742 0.0222024 0.0271214 0.0811713 0.0669074 0 0.0454099 0 0 0 0.00259887 0 3.241e-07 0 0 0 0 0 0.047601 0.0896731 0 0.0027939 0.0021713 0.241974 0.0462819 0.248843 0.10797 0.151498 0.0744485 0.0412703 0 0 0 0.0358384 0 0.0431834 6.82287e-05 0.0240212 0.00953851 0.0104116 0.110052 0 0.0932061 0 0 0.0012372 0.0169187 0.185834 0.00908001 0.109549 0 0.0710535 0 0.19701 0.0136598 0.375779 7.27456e-05 0 0 0.154311 0.0318488 0.0214148 0 0.0216252 0 0 0.219785 0 0 0.13632 0 0 0 0.0169176 0 0.0418573 0 0.0309645 0.0874294 0.024397 0 0 0.00241003 0 0 0 0 0 0.0300759 0.0133666 0.032522 0.0216324 0.187036 0.132455 0.481806 0 0 0.0424651 0.0101827 0.0245026 0.085036 0.0450954 0.0149963 0 0.0181212 0 0 0 0.0540701 0 9.37283e-06 0 0.0257047 0 0.0285349 0 0.0296991 0.0937887 0.00978361 0.0974465 0.0147811 0.147033 0.0431707 0.0142061 0 0.140643 0 0.040256 0.00873784 0.0561699 0.00674039 0.0371655 0 0.00751749 0 0.0010845 0 0.0213283 0 0.0641639 0.0746991
163 11.8355 0.00424758 -0.0213054 0.0808875 0.263329 -0.0605432 13.7583 0.0776636 -0.0992804 -0.0136617 -0.106109 0.0733559 0.178665 -0.060929 -0.00811711 0.00759246 -0.410897 0.0669335 -0.0526919 0.3364 0.397787 0.368755 -0.0169528 -0.00128705 -0.119615 0.0276967 -0.0587699 -0.0190147 -0.0967853 0.0421278 -0.00441234 -0.102213 0.00645342 -0.0423193 0.183318 0.011607 -0.0144723 0.156655 0.0495543 0.0415333 0.198581 0.183028 1.35244 0.356971 0.691213 0.0305659 0.00648797 0.153873 -0.0156458 -0.0155577 0.47184 -0.203643 -1.35823 0.219684 0.646126 -0.0114645 -0.0907761 0.0341035 -1.15179 -0.560857 -0.0976457 -0.404088 1.04315 1.44622 0.473111 0.449478 -5.64629e-10 -4.84862 0.615241 -0.220764 3.08148 4.1941 -1.42347 -0.936353 1.69428 -4.38905 1.40383 0.0773674 3.64513 0.380051 0.389585 -0.292824 0.123003 0.153659 0.777861 0.183638 0.4176 -9.73575e-10 0.424694 0.172489 -0.209441 0.027797 -0.224553 2.36707e-09 -0.294389 0.100746 -0.835474 1.86011 0.0957442 0.610732 -1.22175 1.20875 -1.16624 1.38395e-09 -0.405036 -1.04603 0.339371 1.30421 0.696083 -0.19437 -0.707344 1.00392 -0.101954 0.261394 0.935554 13.7529 0.0438029 -0.37824 1.14295 0.051388 0 0.0264227 0 0.0248518 0 0.0484841 0 0.0508963 0 0.0384672 0 0.0420325 0 0.0428438 0 0.0434706 0.00510044 0.0866832 0.0755094 0.104747 0.0805255 0.128757 0.118604 0.175864 0.139402 0.0693963 0.0439027 0.0884429 0.0800441 0 0 0 0 0 0 0 0.0020155 0 0 0.049193 0 0.13974 0 0.098374 0 0.0344582 0 0.0377437 0 0 0.0196238 0.0115916 0 0.0305175 0.018562 0.0103748 0 0.00161444 0 0.00616609 0 0.0271675 0.0263771 0.0153293 0.0181537 0.232527 0 0.189434 0 0.193547 0 0.240272 0.0258465 0.0325134 0.0145378 0.254054 0 0.00462964 0 0.0279327 0.0212618 0 0 0.0799287 0.105292 0 0.000414616 0 0.076231 0 0.0587467 0 0.066574 0 0.12494 0 0 0 0.0571505 0 0.0652247 0.0226015 0.00856343 0.0438206 0.00161499 0 0.374849 0 0.0382652 0.00782767 0 0 0 0 0 0 0 0 0.0185852 0 0 0 0.0230117 0.0322488 0.0222883 0 0.0173128 0.0150949 0.102729 0 0.0927362 0.191158 0.0514456 0.0174669 0.00606046 0.0081308 0 0 0 0.0656976 0.105972 0 0 0.0256142 0 0.00427305 0 0 0 0 0 0.0314511 0.019494 0.0456627 0.0299394 0.0729571 0.237837 0 0 0 0 0.00855171 0 0.0233198 0 0.0453357 0.160091 0 0 0.0278507 0 0 0.0278432 0 0.028669 0.00948178 0.0139641 0.0271592 0 0 0.00655243 0.0624971 0 0.00391871 0 0.238017 0.116441 0.180703 0.0764056 0.0522145 0.0816577 0.0719328 0 0.00499543 0 0.0423879 0.000335112 0.0558773 0.0123129 0.0276653 0.0352848 0.0214145 0.323864 0 0.310197 0 0 0 0.0195364 0.0794463 0.0729567 0.113146 0 0.0878452 0 0.261506 0 0.352307 0 0.00457361 0.00602379 0.222906 0 0 0.0163467 0.00910056 0.00533364 0 0.2097 0 0 0.143546 0.0421336 0 0 0.0303941 0 0.0391793 0 0.0204184 0.160969 0.000137925 0 0.0183571 0.0159591 0 0 0 0.00915773 0 0.101192 0.00502573 0.0709095 0.0256436 0.0755984 0.72327 0.211876 0.0398067 0 0 0.0697508 0.037384 0 0 0.0530905 0 0.0345516 0 0.0356739 0 0.108615 0 0.0275162 0 0.0427032 0 0.0573969 0 0.0688645 0.0650233 0.0865584 0.105538 0.133283 0.132347 0.183488 0 0 0.184814 0 0.0116667 0.0216771 0.0149123 0 0.0684222 0.000808073 0.030426 0 0 0 0.00826645 0 0.0531254 0.0680534
164 11.8688 0.00507673 -0.0674568 0.0471068 0.259946 -0.071303 13.7949 0.126251 -0.0992481 0.0182346 -0.106109 -0.025757 0.226479 -0.0570444 0.0395368 0.0721549 -0.38986 0.0410276 0.0254026 0.0721397 0.47876 0.403257 -0.00809082 0.0440583 -0.0759426 0.0252222 -0.0412608 -0.00288562 -0.0828969 0.0429855 0.0130699 -0.10147 0.040142 -0.034855 0.172136 -0.00754275 -0.0206702 0.15714 0.0400331 0.0510166 0.148654 0.198989 1.36286 0.400692 0.680386 0.0650129 0.000116384 0.152808 -0.0205626 -0.052409 0.467754 -0.161317 -1.34441 0.19381 0.693846 0.00959637 -0.0880205 0.147418 -0.718174 -1.09276 -0.0580125 -0.203355 1.1335 1.30862 0.132506 1.02273 -1.0532e-09 -1.35422 0.63992 -0.243939 -0.00356698 -0.0224838 0.264896 -0.90296 1.88578 -6.37909 -2.73812 -1.33598 -1.74148 1.91768 1.97524 -0.33488 0.353975 0.179259 0.339929 0.00908302 0.838459 -1.93625e-09 1.34855 -0.242327 -0.500116 -1.04522 0.830013 2.78752e-09 -0.958066 2.81313e-10 0.24529 1.5311 0.580514 0.453745 -1.03159 0.184678 -0.119934 -0.281174 -0.659963 -1.59336e-10 0.76431 0.884856 -0.939967 0.0783242 2.10132 1.92094 0.388657 0.262553 0.925445 13.7908 0.0184388 -0.168356 1.14446 0.0839407 0 0.0634456 0 0.0554611 0 0.0770676 0 0.0674369 0 0.0770953 0 0.0652899 0 0.0599179 0.0061577 0.0609354 0.0502681 0.217491 0.109463 0.292187 0.0760488 0.32527 0.138916 0.399538 0.144248 0.302224 0.0100087 0.323938 0.0457692 0.0755244 0 0.0178318 0 0 0 0 0 0.0558007 0.00922242 0.209086 0.0191555 0.315278 0 0.0937039 0.0541947 0.0355988 0.00141738 0.171683 0.0670308 0.0109187 0.0224073 0.0463547 0 0.0493347 0.0398146 0.010532 0 0.0018009 0 0 0 0.00550586 0.0133414 0 0.00551267 0.0604034 0 0.0729282 0 0.058515 0 0.0571869 0.0123144 0 0.00682656 0.0887523 0 0 0.00799542 0 0.0169328 0.0417113 0.0240261 0 0.065434 0 0.0013762 0.00380674 0.186551 0.0072681 0.163801 0.0167595 0.170068 0.00643407 0.243035 0.180978 0.0615825 0.00619969 0.123119 0.0110752 0.186253 0.096335 0.0392819 0 0.352258 0 0.358027 0 0.0344963 0 0 0 0 0 0 0.0154065 0 0 0.337279 0 0.227238 0 0.0826884 0 0.00200978 0 0.0284359 0 0.204953 0 0.268746 0.347444 0.0709843 0.0278835 0.00076034 0.000636654 0 0.0017206 0 0.137794 0.199114 0.0181839 0 0.109151 0 0.00421792 0 0.0628278 0 0.0444995 0.00381117 0.0390102 0.0235635 0.02683 0.0485259 0.148745 0.268669 0.0039511 0.000882302 0.0219101 0 0.0471228 0 0.0487413 0.00628449 0 0.204387 0.0124519 0 0 0 0 0.0369445 0.00232686 0.0402924 0 0.0237599 0.0382906 0.00350106 0 0.0526431 0.147454 0 0.00369809 0.00248159 0.293651 0.233436 0.262524 0.147767 0.125905 0.162073 0.136058 0 0.0185149 0 0.0645159 0 0.0798592 0 0.0237895 0.0156612 0 0.531774 0 0.476584 0.0477307 0 0 0.0462364 0.129249 0.14623 0.202653 0 0.236086 0 0.407086 0 0.471792 0 0 0 0.294841 0 0 0 0 0.0178028 0 0.430145 0 0 0.319842 0 0.01384 0 0.088777 0 0.142559 0 0 0.223795 0 0 0.0148151 0.0173396 0 0 0 0.0425233 0 0.165936 0 0.135297 0.0952714 0.169051 0.207088 0.198244 0 0 0 0.0291906 0.0828987 0.0143503 0 0.00790081 0 0.0473627 0 0.0304695 0 0.142818 0 0.015051 0 0.0542452 0 0.0570796 0 0.0707718 0.0985412 0.18834 0.14892 0.221956 0.118422 0.300847 0.0322056 0 0.294108 0 0.0997492 0 0.0521414 0 0.0819103 0 0.0241158 0 0 0 0.0417135 0 0.0943132 0.103249
165 11.9021 -0.0115436 -0.0929169 0.0136906 0.257218 -0.0792109 13.8341 0.194691 -0.0982406 0.0460446 -0.106109 -0.0738502 0.251802 -0.0593699 0.0379585 0.0679009 -0.365666 0.0553769 0.0771573 -0.0470932 0.21784 0.266759 -0.0650366 0.0952852 -0.0213069 0.0355857 -0.0237351 0.00920695 -0.0712548 0.0394661 0.0301043 -0.100902 0.057714 -0.0236791 0.167992 -0.017012 -0.0261434 0.156988 0.0461013 0.0514953 0.125598 0.177715 1.3931 0.486192 0.685786 0.0407592 -0.0105831 0.151982 -0.0518481 -0.0548031 0.499311 -0.144789 -1.37048 0.200947 0.700473 0.00288661 -0.0758506 -0.435868 -0.775177 -0.863673 0.0561001 -0.264648 1.19782 1.99275 0.0244932 0.517066 -7.65637e-10 -1.51088 0.760719 -0.0931393 0.00764245 -0.00890404 0.426126 0.539726 1.24673 -1.83773 -6.96943 -6.80969 0.325186 0.831917 0.70703 0.083844 0.459685 0.390385 0.372028 -0.185917 0.398759 -1.07119e-09 0.0819114 0.230435 -0.0513398 0.131267 0.0106304 3.94083e-09 -0.367626 1.65678e-10 -0.258813 1.11826 0.836551 0.132461 -0.946898 1.01816 -0.648792 8.75929e-10 -3.31245e-10 -1.07399e-10 0.0914263 -0.056305 -0.968809 -0.103387 6.88169e-10 -0.288789 -0.472842 0.263217 0.919062 13.8286 0.0162523 -0.211055 1.12243 0.0315784 0.00630408 0.0147868 0.00946795 0.0126912 0.0026609 0.0250399 0.0088682 0.0820952 0 0.0047682 0 0.00415171 0 0.00986509 0 0.0858614 0.00988933 0.00578699 0.291643 0.037285 0.303525 0.0166854 0.375415 0.0262128 0.424629 0.0858092 0.230391 0.088886 0.369596 0.150781 0 0.130496 0 0.137916 0 0 0.000591813 0.0346605 0.0436673 0.146423 0 0.436899 0 0.0227034 0.0529497 0.0118347 0.0439677 0.11906 0 0.000415001 0.041254 0.0407882 0 0.0339283 0.0213999 0.0228429 0 0.00395743 0 0 0 0 0.0302755 0 0.0198997 0 0 0 0 0 0 0 0.0105016 0.0144285 0.024871 0 0 0.011588 0.000722302 0.0196091 0.025983 0.0405291 0 0 0.107819 0 0.000675458 0.0180488 0.210057 0.02052 0.180041 0.0258328 0.168872 0.0156008 0.254769 0.0436449 0 0.0090505 0.161806 0.0161501 0.179321 0.0509187 0.00382027 0.0482326 0.201255 0 0.222405 0 0.0274065 0 0 0.00956122 0 0.0144202 0 0.141432 0 0.162549 0.444363 0.00326364 0.227492 0 0 0 0 0 0.0962257 0 0.341435 0 0.411058 0.060609 0.154314 0.000874899 0.0186039 0.0236939 0 0.0170486 0 0.0400521 0.187727 0 0.0967361 0.0424062 0 0.00583106 0 0 0 0.0286943 0.00761746 0 0.0622207 0 0.0731315 0 0.374306 0 0 0.107089 0.0110712 0.054034 0 0.0598846 0 0.0277583 0.232786 0.0250053 0 0 0 0 0.0375021 0 0.0428273 0 0.00861696 0 0 0 0.0701658 0.0723485 0 0.00153949 0.000944311 0.110355 0.442762 0.277535 0.159457 0.0844419 0.197095 0.100348 0 0 0 0.0884512 0.00762199 0.113667 0 0 0.0483027 0 0.760497 0 0.716974 0 0 0.000444769 0 0 0.246297 0.116771 0 0.118283 0 0.541341 0 0.429841 0 0.00958606 0.020853 0.333576 0 0 0.0567211 0.0276037 0.0245432 0 0.42283 0 0 0.18823 0.0815526 0.00408373 0 0.0589263 0 0.0205108 0 0.00422155 0.221937 0.0044681 0 0 0.0654077 0 0.00767219 0.00543757 0.0565546 0 0.261826 0 0.222616 0.0550442 0.102431 0 0.363175 0 0 0 0.0796554 0.0636035 0 0 0.0521601 0 0.0804145 0 0.0325562 0 0.220291 0 0.0484052 0.000203744 0.0651336 0 0.0944619 0 0.0913909 0 0.3011 0 0.420423 0 0.545346 0 0.00220656 0.123915 0.0637118 0.0973435 0 0.00803559 0.00526198 0.0666776 0.00556923 0.00860026 0 0.0061849 0 0.0492114 0 0.0728383 0.141261
166 11.9355 -0.0197188 -0.105191 -0.00896317 0.256729 -0.088238 13.8747 0.255341 -0.0871531 0.060967 -0.106109 -0.12416 0.254465 -0.0579923 0.0381212 0.0674569 -0.368441 0.0843403 0.0920754 -0.0582153 0.0734177 0.0422388 0.013683 0.111144 -0.00455625 0.0230561 -0.011839 0.020952 -0.0494738 0.0389786 0.0380852 -0.100346 0.0795395 -0.0126117 0.16784 -0.0432287 -0.0349369 0.15687 0.0507667 0.0518632 0.131411 0.197835 1.40494 0.502385 0.657146 0.0645783 -0.00498423 0.152014 -0.050635 -0.0547105 0.485081 -0.139697 -1.39595 0.20331 0.701088 0.0160932 -0.0627445 -0.163257 -0.112522 -0.583117 0.137422 -0.315929 1.21461 1.73726 0.392837 0.257085 -6.81495e-10 -1.47266 -0.272328 -0.177695 -0.0269233 -0.0556277 -0.132445 0.677958 0.195278 0.178336 -2.67208 -5.31424 2.28879 0.478872 0.624592 -0.466899 0.486896 0.324122 0.545323 -0.0423706 0.197906 -1.33024e-09 0.875286 0.334982 0.00164629 -1.00966 -0.139727 7.35574e-09 2.94535e-10 5.63704e-10 0.626432 0.286107 0.201841 0.072724 -0.429968 0.532223 0.405639 3.20581e-09 0.129437 -5.79591e-10 -0.0707018 -0.465721 -0.322685 0.121762 1.0881e-10 0.263354 0.221706 0.263764 0.911181 13.8659 0.0147905 -0.264949 1.11385 0.0230875 0.00759198 0.00512389 0.0104685 0.00524806 0.00210961 0.0310323 0.0301576 0.071437 0.00894686 0 0.0247275 0 0.035454 0 0.050688 0.0793118 0.0532225 0.00597706 0.193293 0.0394405 0.192463 0.0123538 0.26558 0.0179125 0.274167 0.0699983 0.184594 0.0948418 0.273271 0.150695 0 0.12098 0 0.122477 0 0 0.00487569 0.0564319 0.201127 0.00373415 0 0.292059 0 0.0314254 0.0574301 0 0.0146954 0.023928 0 0 0.0474764 0.00364086 0 0.00587533 0.00148301 0.00273887 0 0.00449005 0 0.0173121 0.0198085 0 0.00395251 0 0.0124349 0.0323426 0 0.0143372 0 0.0101662 0 0.0342433 0 0.0473989 0.0363918 0.0147185 0 0.0152298 0.014195 0.0412041 0.0425403 0.0123281 0 0.0128902 0.0806234 0 0.000788179 0.0361049 0.294135 0.0324347 0.259642 0.0358278 0.245844 0.0142293 0.335025 0 0 0.0149059 0.258724 0.0166464 0.274667 0.0185499 0 0.013771 0.0142474 0 0.359947 0 0.0153341 0 0 0.0266872 0 0.0388139 0 0.135 0 0.118537 0.375185 0 0.145518 0 0 0 0.00108584 0 0.0762874 0 0.211615 0 0.312036 0.0134703 0.126512 0 0.0157506 0.0771889 0 0.00627637 0 0.0127777 0.218126 0 0.104036 0.046381 0 0.0123695 0 0 0 0.0134626 0.00170488 0 0.0313715 0 0.035495 0 0.40145 0 0 0.100034 0.0894005 0.0148377 0 0.0307946 0 0.0739957 0.19425 0.0222684 0 0 0 0.00254845 0.0279729 0.0153156 0.0355276 0 0.00990439 0 0 0 0.0812747 0.123548 0 0 0.00250268 0.101164 0.316168 0.210793 0.0397542 0.058832 0.103624 0.0575231 0.0215451 0 0 0.0871963 0 0.14691 0 0.0373189 0.105414 0 0.627878 0 0.573788 0 0 0 0 0 0.166701 0.169268 0 0.171202 0 0.304002 0 0.222104 0 0.0106065 0.0103494 0.151744 0 0.162087 0.240006 0.0644836 0.00784739 0 0.576893 0 0 0.231365 0.0653771 0 0 0.0681218 0 0.00776554 0 0.0273397 0.223257 0.113466 0 0 0.0442015 0.102347 0.336012 0.00288441 0.0130153 0 0.204887 0 0.152775 0.00217169 0.0951443 0 0.467859 0 0 0.00566726 0.123594 0.000480799 0 0.00372299 0.0958628 0 0.0437993 0 0.00737779 0.0100671 0.098993 0 0.000849732 0.00231872 0.0367972 0 0.0433371 0.000736081 0.0449502 0 0.234036 0 0.319329 0 0.414648 0 0 0.139597 0.0623235 0.0654046 0 0.00054375 0.00432885 0.098248 0.00802942 0.0312121 0.00994768 0.0196528 0 0.0384371 0 0.069808 0.163614
167 11.9688 -0.0185373 -0.0977923 -0.0227757 0.257326 -0.0972524 13.9157 0.291845 -0.0700113 0.0712623 -0.0813441 -0.166951 0.232964 -0.0716915 0.0219312 0.0304417 -0.380772 0.109419 0.0793905 -0.0323542 0.0565542 -0.107044 0.0529802 0.120259 0.0118337 0.00433081 -0.00350431 0.0251501 -0.0377949 0.039004 0.0423156 -0.102707 0.0909246 0.000874795 0.178787 -0.0679225 -0.0455325 0.15687 0.0507667 0.0518632 0.125956 0.20763 1.41397 0.482046 0.663575 0.0695604 0.00525916 0.152247 -0.04191 -0.0540435 0.452138 -0.145352 -1.4036 0.194932 0.691881 0.0199645 -0.0662883 0.0877291 0.446536 -0.433596 0.147429 -0.267712 1.24458 0.907908 0.431976 0.299507 0.996593 -0.785862 -0.868083 -0.395786 -1.02993 -1.37335 -0.130448 0.763072 -0.389023 0.734525 0.172851 -3.31467 0.251952 0.281739 0.443231 -0.672313 0.264427 0.108406 0.28793 -0.0205373 0.129098 -1.63218e-09 0.130493 0.336802 0.215063 -0.538619 -0.186222 9.63949e-09 6.08523e-10 8.6894e-10 -0.0740955 -0.020285 0.147982 -0.455326 0.424432 -0.475626 0.0965154 3.64051e-09 0.0703355 -6.74479e-10 -0.107905 -0.566142 0.254528 0.0153642 -0.207472 0.0719339 0.0236753 0.26425 0.902732 13.9034 0.0146205 -0.236264 1.1328 0.0530764 0 0.0211882 0 0.0187381 0 0.0653907 0.0272719 0.109126 0.0281097 0 0.0437355 0 0.0696968 0 0.0992674 0.0727513 0.0947107 0 0.137759 0.016084 0.084439 0 0.190594 0 0.128587 0.019628 0.0881236 0.0416291 0.12152 0.0713672 0 0.0552092 0 0.0819954 0 0 0.00523763 0.0686153 0.319678 0 0 0.175865 0 0.0318954 0.039697 0 0 0.020836 0 0 0.0499964 0 0 0.00497145 0 0 0 0.00356951 0 0.0167662 0.0242196 0 0 0.00563491 0.00124664 0.0444113 0 0.0469577 0 0.035297 0.0226809 0.0610268 0.0301606 0.0503873 0.0372231 0.0369874 0 0.0148536 0.0245876 0.0409766 0.0490378 0.00582797 0.028843 0.0312901 0.0529386 0.000446627 0.00119152 0.0204777 0.322759 0.0175714 0.272232 0.0204907 0.266082 0 0.366578 0 0 0.0081379 0.274424 0.00575861 0.299451 0.0161916 0.00901187 0 0.188352 0 0.661133 0 0 0.0245723 0 0.0640863 0 0.020852 0 0.0673579 0 0.0891092 0.634181 0.00971571 0.375302 0.0061568 0 0 0 0.00501045 0.0797701 0 0.257505 0 0.409137 0.00416584 0.12166 0 0 0.0738885 0.024965 0.00142703 0 0.0356743 0.238882 0 0.0899978 0.0593044 0 0.00874283 0 0 0 0 0 0 0.0051852 0 0.0127499 0.042758 0.437269 0 4.62895e-05 0.0621631 0.148441 0.00351172 0 0.023303 0 0.118934 0.136095 0.0224046 0 0 0 0.0350512 0.0320032 0.0487568 0.0416482 0 0 0.00622727 0 0 0.107507 0.144037 0 0 0.0015057 0.191698 0.308365 0.211476 0 0.0411466 0.0984505 0.0729012 0.022921 0 0 0.125167 0 0.226126 0 0.0968361 0.161479 0 0.526258 0 0.421523 0 0 0 0.0107425 0 0.17831 0.235216 0 0.226704 0 0.14737 0.337318 0.148425 0 0.00155416 0 0.0751273 0.270316 0.223092 0.319623 0.0662002 0 0 0.588368 0 0 0.256133 0.0550635 0.00116893 0 0.0653585 0 0.0647967 0 0.0601087 0.220515 0.121755 0 0 0.0223568 0.137952 0.500029 0 0.0291994 0 0.190322 0 0.184112 0.00595488 0.110476 0.0557053 0.301726 0 0 0.0199047 0.133676 0 0 0.0137086 0.102777 0 0 0 0 0.0102032 0 0 0 0.00125007 0 0.00341504 0 0.00518714 0 0 0.263566 0 0.338194 0 0.42585 0 0 0.261952 0.0350527 0.0681126 0.0153929 0.00606848 0 0.180392 0 0.0530626 0.022186 0.0171599 0 0.0168533 0 0.085609 0.184521
168 12.0021 -0.0255606 -0.100974 -0.0379521 0.257975 -0.103296 13.9582 0.2873 -0.0714289 0.0752137 0.0307228 -0.176232 0.22052 -0.0426149 -0.0885802 0.0122911 -0.368082 0.124373 0.0688759 0.0103858 0.156564 -0.179392 0.095589 0.116141 0.00876249 -0.00775387 0.00526409 0.0295735 -0.0251075 0.0420519 0.0434038 -0.102292 0.0673597 0.00901918 0.188301 -0.0479871 -0.0401912 0.15687 0.0507667 0.0518632 0.0893116 0.214487 1.42441 0.408371 0.670095 0.0540515 0.00759818 0.152546 -0.0305911 -0.0531773 0.404255 -0.160907 -1.40354 0.159033 0.674034 0.0309087 -0.0702471 -0.34391 -0.0979532 -0.445483 0.155745 -0.162232 1.32468 -0.275352 -0.284945 0.133984 3.82759 0.540629 0.361937 -0.393114 -3.38305 -4.60773 0.874344 0.350361 -0.210791 1.29967 2.69425 -1.32616 0.834121 0.0645257 0.0293048 -0.492815 0.22901 0.0679464 0.559417 0.0363992 0.0942384 -2.15078e-09 -0.790896 0.0926446 0.283857 0.672927 0.206718 8.94665e-09 1.05603e-09 9.10747e-10 -0.162815 0.0527056 -0.0484259 -0.77466 1.12731 -1.44944 0.647178 5.14845e-09 -0.130612 -6.00312e-10 -0.143459 -0.424474 0.365192 -0.0394038 -0.134484 0.611762 -0.302445 0.26468 0.896263 13.9422 0.0133987 -0.147764 1.1931 0.0312704 0 0.00794942 0 0.00267069 0 0.0643425 0.0367242 0.133984 0.0516225 0 0.0821377 0 0.127474 0 0.159801 0.052706 0.123726 0.0083567 0.0542509 0.0132656 0.00195538 0.00911672 0.0889001 0.011457 0.0119083 0.0133421 0 0.0202867 0 0.0268756 0 0.0274938 0 0.0437782 0 0 0.00795198 0.0845596 0.375989 0 0 0.0826239 0 0.00479773 0.0468562 0.00391878 0.0215612 0.00578257 0.00212851 0 0.0184021 0 0 0.00258078 0.00122928 0 0 0 0 0.00340812 0 0.00496927 0 0.00341369 0 0.141513 0 0.120186 0 0.126844 0 0.193368 0 0.0255744 0.00861 0.154084 0 0.00762667 0.0267241 0.0252842 0.0355175 0.00837393 0.0745341 0.0345814 0.00508562 0 0.00166608 0 0.151454 0 0.111766 0 0.141941 0 0.286237 0.0138778 0.0303535 0 0.144702 0 0.151153 0.0216374 0.0427835 0 0.199366 0.00736392 0.639531 0.00457053 0 0.0169601 0 0.0385548 0 0.0226394 0 0.0472219 0 0.0535154 0.797831 0.0182007 0.467902 8.65981e-05 0 0.0060272 0 0.00418198 0 0 0.165541 0 0.487427 0.016383 0 0 0 0.0338035 0.00797864 0 0 0.0745077 0.28547 0 0.119868 0.0925524 0 0 0 0.00160639 0 0 0 0 0 0 0 0.131816 0.546324 0 0.00127276 0.0284897 0.360943 0 0 0 0 0.197746 0.201204 0.00271816 0 0.0279769 0 0.00991518 0.00306075 0.00876822 0.00344076 0 0 0 0 0 0.0334508 0.0538454 0 0 0.00137266 0.22294 0.294474 0.231917 0.0266721 0.0555663 0.180379 0.0429425 0.0508938 0 0 0.139495 0 0.275532 0 0.164246 0.22422 0.0174985 0.618672 0.00272732 0.523877 0 0 0 0.00217878 0 0.145228 0.216399 0 0.233582 0 0.107878 0.163395 0.100187 0 0.0650014 0 0.0483384 0.232795 0.261588 0.316237 0.0190848 0.00419004 0 0.596353 0 0.146903 0.264399 0.060738 0.00303814 0 0.0610801 0 0.0737017 0 0.108733 0.295147 0.0742204 0 0 0 0.158774 0.465815 0.00275258 0.0817218 0 0.151726 0 0.189992 0 0.177966 0.57891 0.158704 0 0.130819 0.0182902 0.0937579 0 0.0042974 0.020482 0.0830263 0 0 0 0 0.00278688 0 0 0 0.00105183 0 0.000903705 0 0.00163174 0 0 0.310324 0 0.2796 0 0.298062 0 0 0.305838 0.0623866 0.123648 0.0340838 0 0 0.235556 0 0.0502033 0.0252123 0 0 0 0 0.116581 0.213823
169 12.0355 -0.0337121 -0.107339 -0.0645716 0.25814 -0.105756 14.0032 0.237302 -0.101359 0.0822626 0.220294 -0.0968898 0.263033 -0.0828586 -0.259207 -0.246687 -0.33508 0.131706 0.0694363 0.0493293 0.245069 -0.194225 0.139325 0.118575 0.0064479 -0.0225776 0.00928978 0.0380179 -0.0124955 0.0438298 0.0509346 -0.101908 0.0298637 0.0163445 0.201525 -0.0110208 -0.0287456 0.156882 0.0502831 0.0518251 0.0805612 0.232416 1.41554 0.324496 0.672734 0.0282541 0.0109894 0.152306 -0.0396717 -0.0538723 0.379302 -0.172799 -1.39945 0.125615 0.65392 0.0480477 -0.0833418 -0.381251 0.224758 -0.725649 0.172292 -0.0945197 1.39463 -1.49182 -0.900939 0.247887 5.61741 3.40591 1.07475 1.42011 -6.67532 -7.11437 1.26127 -0.0487354 -0.135621 1.02827 2.32331 0.223711 0.793705 0.0491599 -0.122273 -0.448208 -0.0303676 0.175101 0.398837 0.0947298 0.212315 -2.47925e-09 -0.866147 0.249901 0.362344 0.761389 0.0902877 8.39524e-09 7.60265e-10 7.38755e-10 -0.22261 -0.70319 -0.279619 -0.388259 1.40006 -1.59141 0.700052 3.77067e-09 -1.0806 -3.98319e-10 0.104041 0.105755 0.348668 -0.0268566 -0.31011 0.69004 -0.602946 0.26494 0.892908 13.9836 0.00272157 -0.0751845 1.27528 0.0415381 0 0.0191006 0 0.00423241 0 0.0945567 0.0165247 0.126912 0.0539259 0 0 0 0.00111026 0 0.01831 0.0402484 0.115996 0.0524638 0.0122106 0.0530283 0 0.0751575 0.0255865 0.0996202 0 0.0231937 0 0.0346319 0 0.00811336 0 0.00216157 0 0.0066053 0 0.00441869 0.0107742 0.108076 0.334345 0 0 0.000758174 0 0.0305199 0 0.015898 0.00264701 0 0 0 0.0116101 0 0 0.00408541 0.00539438 0 0 0 0 0 0 0.00344342 0 0.00204058 0 0.168097 0 0.135236 0 0.145693 0 0.208809 0.0229838 0.0101496 0.00397512 0.180761 0.0255761 0.00437371 0.0247036 0.0171541 0.0317866 0.00241876 0.0676403 0.03274 0 0 0.00130826 0 0.0842096 0 0.0505087 0 0.0818895 0 0.252017 0.00500882 0.0208289 0 0.082145 0 0.0873711 0.0195381 0.040334 0 0.136486 0.0013106 0.589863 0 0 0.00289154 0 0.000180237 0 0.00757456 0 0.0108593 0 0.0175614 0.697849 0 0.341812 0 0.00657871 0.000101173 0 0 0 0.05848 0.0569073 0.0324807 0.289285 0.0724097 0 0.00406104 0 0 0 0 0 0.101112 0.299457 0 0.0780722 0.0742035 0 0 0 0.0130211 0 0 0 0.0233717 0 0.0346747 0 0.190427 0.553267 0 0.00151651 0.000165846 0.263357 0 0 0 0 0.159673 0.174626 0.00506683 0.029466 0.0305681 0.00692888 0 0.0374642 0 0.0383262 0.00775838 0 0.00854946 0 0 0.00990809 0.0326122 0 0.000559434 0 0.242552 0.148083 0.0812465 0.0471066 0.0344902 0.133616 0.0742126 0.0126564 0 0 0.0163837 0 0.0854341 0.000344939 0.191382 0.190916 0.0783526 0.476697 0.0802329 0.413891 0.0152018 0 0 0.0197528 0.101064 0.043283 0.225082 0 0.213122 0 0 0 0 0 0.0342256 0 0 0.0520494 0.263248 0.295534 0 0 0 0.456674 0 0.100798 0.257983 0.0227513 0.000944366 0 0.0462713 0 0.0424663 0 0.0791043 0.282804 0.0163321 0 0.00397876 0 0.158901 0.425614 0 0.0751224 0.0346994 0.0912582 0.0187851 0.103931 0 0.164892 0.673034 0.039947 0 0.0793948 0.0374014 0.0947393 0 0.0085007 0.0494457 0.0963206 0 0 0 0 0 0.177223 0 0.0125488 0 0.0598943 0 0.0889362 0 0.0601245 0.0698675 0.163547 0.0838697 0.10833 0.0985804 0.114892 0 0 0.350437 0.101868 0.16981 0 0 0 0.136933 0.0140737 0.0576654 0.0344964 0 0 0 0 0.127094 0.1957
170 12.0688 -0.0661237 -0.130608 -0.116556 0.256575 -0.108117 14.0499 0.14509 -0.131084 0.104726 0.491439 0.189912 0.279036 -0.0910573 -0.569436 -0.641764 -0.270406 0.149226 0.106953 0.109803 0.283673 -0.196724 0.0723545 0.156872 0.0356466 -0.012269 0.0237213 0.0571796 0.00208805 0.036531 0.0700689 -0.101736 0.0519223 0.0428157 0.219967 -0.0371332 -0.0358241 0.156862 0.0510651 0.0518867 0.106618 0.292485 1.3781 0.213328 0.667751 -0.00486554 0.0666827 0.129531 -0.0500097 -0.0551997 0.413178 -0.147127 -1.38932 0.174549 0.69486 0.0335833 -0.096348 -1.33611 -0.287565 -1.15442 0.174383 -0.233035 1.44439 -2.53837 -0.640794 0.475049 8.65275 6.99336 0.906398 -0.621852 0.620949 -3.47739e-07 2.2791 0.171682 0.860199 1.89779 2.01141 -0.951739 -1.27756 0.676103 0.259936 0.372543 0.281243 0.223192 0.582279 -0.241676 0.480354 -1.69411e-09 0.729286 0.899209 0.633742 -1.03321 -0.273244 8.01955e-09 8.28804e-10 4.62409e-10 -0.422753 -0.512895 -0.503017 -0.508765 2.54617 -2.65852 2.17912 -0.167282 -1.31183e-10 -6.77189e-12 0.016729 0.0123915 0.49507 0.223528 0.0566123 -1.54014 -0.035567 0.264684 0.889696 14.0283 -0.0157076 -0.146516 1.36371 0.0531378 0 0.0480039 0 0.0455889 0 0.0497658 0 0 0.0227918 0.023256 0.0346044 0 0.041602 0 0.0635471 0.0325984 0.131681 0.0236311 0 0.0186708 0 0.0328907 0 0.0474295 0.00708816 0 0 0 0.0149032 0.00470486 0 0 0 0 0.012349 0.00612087 0.0138931 0.0259731 0.361232 0 0 0 0.0467387 0.0421686 0.00154115 0.0258754 0 0 0 0 0.0155894 0 0 0.0102797 0 0 0 0.0015186 0 0.0100532 0.0238386 0.0142685 0 0.0124772 0 0.0133069 0 0 0 0.0161161 0.0684427 0.0956251 0.131472 0.0253227 0.0221769 0.108178 0.035211 0.00358218 0.0312886 0.0234505 0.0444664 0 0.0804626 0.0344215 0 0 0 0.0397478 0 0.0288755 0.00907469 0.0312351 0.0232909 0.0200729 0.0351382 0 0 0.00819255 0 0.0094491 0 0.00608711 0.0281151 0 0.296766 0 0.203868 0.0176409 0.0250787 0 0 0.00965883 0.0477857 0.0116949 0.000263821 0.00451183 0 0.0367042 0.248891 0.0417638 0.128574 0.0930237 0.0338833 0.0333355 0.00770411 0 0.0030186 0.0984402 0.0303905 0.080643 0.0518464 0.0328296 0.000424651 0.00485591 0 0.0062186 0 0 0 0.0897118 0.227261 0.0378704 0.210169 0.0389957 0 0.00679232 0 0.0132298 0 0.0727401 0.0779058 0.0117667 0 0.0334153 0 0.103394 0.557719 0 0.00204165 0 0.0418947 0 0 0.0169256 0 0.12717 0.134665 0.0294147 0.0793664 0.0121817 0.166178 0.0102175 0.057138 0.022073 0.061409 0.0195156 0 0.00674748 0 0 0 0.10757 0 0 0.000983481 0.107533 0.0487811 0.097583 0.0918505 0.0975798 0.0115522 0.000988119 0.016795 0 0 0.00466633 0 0 0 0.0501456 0 0.0515334 0.111638 0.0455474 0.0886556 0.00668354 0 0 0.0211 0.102914 0 0.279522 0 0.203206 0 0 0 0.0284992 0.0126771 0 0 0.00188279 0.00372935 0.114011 0.275252 0 0 0 0.0263227 0 0 0.33197 0.0326087 0 0 0.0223118 0 0.09483 0 0.0623529 0.270153 0.00868815 0 0.00157256 0 0.0568126 0.455033 0.00626705 0.0335559 0.047184 0.00870594 0.0279175 0.0290927 0.00752586 0.195199 0.141225 0.06357 0 0 0.0231973 0.121309 0.00499244 0.013354 0.0322444 0.119563 0 0.0448581 0 0.055551 0 0.371721 0 0.0915732 0.00203987 0.11213 0 0.168619 0 0.126443 0.0587561 0 0.0766526 0 0.105096 0.014843 0.0310884 0 0.223673 0 0.167678 0 0.0654332 0 0.018832 0 0.0233603 0 0 0 0 0 0.102143 0.200677
171 12.1021 -0.0917571 -0.127239 -0.165556 0.253807 -0.107553 14.0943 0.0210581 -0.147955 0.139591 0.735072 0.658075 0.254012 -0.0839898 -0.555237 -0.641764 -0.182257 0.16403 0.155378 0.11287 0.159871 -0.174631 0.0351551 0.0399704 0.0955135 0.00382069 0.0290937 0.0643594 -0.00108413 0.0327894 0.0932773 -0.103212 0.122737 0.05037 0.25859 -0.116656 -0.00769558 0.156809 0.0531561 0.0520515 0.185405 0.353659 1.33511 0.110531 0.652827 -0.0277282 0.0267166 0.0481048 -0.0364831 -0.0565514 0.480721 -0.0907331 -1.37716 0.237432 0.700663 0.0273874 -0.0925513 -1.11815 1.66125 -0.905205 0.0675731 0.210184 1.20745 -3.3435 -0.635949 1.27224 3.8124 21.8555 1.41958 4.28251 -1.36328 -2.55112e-07 2.6966 0.498855 1.14309 -0.9712 -1.08076 -2.42749 0.423921 -0.00687137 -0.00672397 1.19573 0.118339 0.253657 -0.535362 -0.167257 0.101503 -1.52697e-09 3.1006 2.25837e-09 1.18592 -3.1183 1.57095 5.71365e-09 1.29839e-09 1.28839e-09 -1.28347 -1.32336 0.0451642 -0.873259 1.61435 -2.368 -0.288652 -2.83756 0.159796 -6.9172e-10 0.189976 1.04655 0.221217 -0.0140694 8.74336e-11 0.000166566 0.464513 0.264637 0.889907 14.0724 0.00655263 0.295931 1.26137 0 0.154282 0 0.152041 0 0.141736 0 0.0902578 0 0.423066 0.160082 0.336975 0.119536 0.309666 0.159547 0.256198 0.0045522 0.0680223 0 0.0638446 0 0.0734003 0 0.105742 0 0 0 0.200806 0 0.0704788 0 0.244477 0.0256702 0.223044 0.0950023 0.308793 0 0.00820633 0.0355598 0.312225 0.0456038 0 0 0.497258 0 0 0 0.0306299 0.107805 0 0.00462668 0.00788926 0.0246404 0 0.0110865 0.00644883 0.0265784 0 0 0 0 0 0.0148503 0 0.00439779 0 0 0.3078 0.0175354 0.163107 0 0.345852 0.0622589 0.216471 0 0 0.0749026 0.248786 0 0.00312832 0 0.00304754 0 0.0380931 0 0.00897046 0.00341167 0.000459045 0.268776 0 0.177289 0 0.183303 0 0.181018 0 0.0219018 0.0763728 0.141883 0.189486 0.122015 0 0.0271074 0.0474653 0.570218 0.249891 0.902197 0 0.226486 0 0.0776064 0 0.10237 0 0 0 0.0173952 0.0943223 0.311009 0.255019 0.357971 0 0.344128 0 0.166849 0 0.114158 0 0.100155 0 0.0927269 0 0 0 0 0 0.024447 0 0 0 0.0587316 0.0442679 0.0251996 0.308046 0 0 0.00333284 0 0.0380223 0 0 0.162979 0 0 0 0 0.0348533 0.383733 0 0.00702531 0.0185426 0.517945 0.0329666 0 0.0126874 0 0 0.240291 0 0.10813 8.1256e-05 0.0944404 0 0 0 0 0 0 0 0 0.0877931 0.00142012 0.174309 0 0 0.00180594 0 0.596186 0 0.808734 0.119373 0.559196 0 0.459701 0 0 0 0.48912 0 0.54596 0.162164 0 0.127117 0 0.0837914 0 0.00347486 0.00669232 0.020791 0.0237574 0 0 0.0938334 0.12204 0.0601388 0.00965775 0 0.156595 0.0104653 0.338064 0 0 0 0.0313118 0 0.255522 0.0188995 0 0.437314 0.492586 0.480054 0.509145 0.43996 0 0 0 0 0 0.0973676 0 0 0.221249 0.00706667 0 0 0 0 0.354348 0.10467 0 0 0 0.0611766 0 0 0.0954391 0.0882758 0.583673 0 0 0 0.127659 0.00289565 0 0 0.133189 0.014961 0.0549741 0.0662982 0 0.295778 0.356547 0.0665584 0.0897058 0.0626324 0.0788049 0.101389 0.103791 0.113844 0.0899698 0 0.0111158 0 0 0 0 0 0 0.267617 0.205208 0.497047 0 0.0578306 0 0 0.35404 0 0 0.00164651 0 0.0427907 0 0 0.212304
172 12.1355 -0.0950091 -0.0517831 -0.19158 0.252032 -0.0949835 14.1332 -0.0733219 -0.149989 0.167816 0.762888 0.357729 -0.0349507 0.0671393 -0.507846 -0.516893 -0.0945077 0.18373 0.172947 0.0193374 0.193551 -0.263867 0.0277298 -0.00572159 0.0461242 0.0142857 0.0330561 0.0534204 -0.0231487 0.011167 0.108319 -0.101572 0.0614756 0.0534856 0.278868 -0.081388 0.0111754 0.156809 0.0531561 0.0520515 0.285544 0.300381 1.30657 0.161023 0.700241 0.00431191 0.0616101 0.137069 -0.0203544 -0.0552643 0.385524 -0.270045 -1.33116 0.171463 0.670979 0.0584238 -0.0531858 -0.225735 2.5894 -0.741953 -0.0539113 0.216418 1.16492 -2.2118 -0.258563 0.724479 -1.23905 -11.4425 -6.33434 1.90578 4.74676 4.40689 2.26103 -0.192413 0.94855 -2.77927 1.00191 -3.11457 0.0514791 -0.85007 -1.17547 0.502491 -0.486684 -0.452468 -0.98144 -0.492089 0.672689 -1.0694e-09 -1.87376 6.37342e-10 0.380122 1.43659 0.419236 7.37103e-09 2.34807e-10 2.74569e-10 -0.188918 -2.60712 0.0171669 0.788799 3.2648e-10 1.87632 1.20057 3.50994 -0.614374 -2.6992e-10 -2.5632 -4.69217 2.31326 -0.398888 2.09756 1.62181 -0.506861 0.264144 0.900767 14.1124 -0.0222275 0.280887 1.17357 0.0319899 0 0 0 0 0 0 0.0214342 0.0178569 0.00661969 0 0.0996345 0 0.0870252 0 0.0768935 0.00817177 0.0248682 0 0 0 0 0.0152341 0 0 0 0 0 0 0 0 0 0.00634051 0 0.0213471 0 0.0165594 0.0262548 0.113469 0.178917 0 0 0 0 0.0502927 0.219472 0.124231 0.176095 0 0 0 0 0 0 0 0 0 0 0 0 0 0.00174508 0.0203315 0.0762647 0.00943943 0.0271141 0 0.0232394 0 0.0247993 0 0.0419958 0.00476105 0.17606 0 0.0180199 0.0136251 0.0057521 2.61497e-05 0.0072775 0 0.0176444 0.0234173 0.00136208 0.0537379 0.142372 0.000335865 0.00101942 0.150816 0.0711698 0.0617415 0.0575917 0.13113 0.0886066 0.0994469 0.0617002 0.0577215 0 0 0.0880228 0.0611988 0.111368 0.0246467 0 0.509147 0.0166139 0.0934546 0 0.152843 0 0 0 0 0 0 0 0.00698493 0 0.599633 0.530873 0.644665 0.491891 0.550234 0.142482 0.0330452 0.00653377 0.0151002 0.00825689 0.397765 0.123238 0.485789 0.351268 0 0 0 0 0 0 0 0 0.109878 0.213872 0.00887538 0.0208605 0.00522126 0 0 0 0 0 0.021499 0.00824689 0 0 0 0.0475564 0.20252 0.459329 0.00402976 0 0.0793135 0.0189659 0 0 0 0 0.12156 0.169395 0 0.142278 0.134075 0.113008 0.03089 0.0926399 0.00979783 0.0924253 0.0250452 0 0 0 0.0700178 0 0.0265241 0.00867844 0.00124702 0 0.269177 0.0649429 0.315276 0.259355 0.223731 0.118346 0 0.0917505 0 0 0 0 0.0309747 0.0269091 0.0265654 0.0830815 0 0.347919 0 0.0720423 0.0284256 0.0108945 0 0 0.333238 0 0.142812 0.0684821 0 0 0.173259 0.163034 0.0136183 0 0 0 0.252591 0 0.154462 0.197252 0 0 0.128943 0 0 0.0230421 0.213065 0.140085 0 0 0 0 0.119392 0 0.0616658 0.186745 0.00986183 0.0152891 0.00139801 0 0.15114 0.221002 0.0496972 0.12884 0.0320988 0.0125475 0.0549355 0.194911 0 0.0371408 0 0.523551 0 0.108456 0.0277314 0.142077 0.0102289 0 0.0584489 0.195574 0 0.0228071 0 0.0456151 0 0.120276 0 0.0310481 0 0 0 0 0 0 0.524432 0.0245768 0.147286 0.117553 0.215184 0.165531 0 0.0146193 0.180522 0.0561335 0.0826886 0 0.0133507 0.022819 0.0177222 0 0.0234636 0.102798 0 0 0 0 0.0913921 0.165409
173 12.1688 -0.0679107 0.000170308 -0.173003 0.255479 -0.0907803 14.1687 -0.190842 -0.149237 0.108836 0.703372 0.274048 -0.159323 0.126274 -0.41772 -0.476286 -0.0381728 0.199945 0.135927 -0.061449 0.185715 -0.282186 0.00713167 0.00182157 0.0723194 0.0260717 0.0411559 0.0298792 -0.0763749 -0.00527307 0.0960527 -0.100996 0.0391023 0.0477288 0.271547 -0.0664876 0.0264912 0.156322 0.0236232 -0.00761252 0.248417 0.248396 1.3911 0.104948 0.685881 -0.0214179 0.0762117 0.154353 -0.0504094 -0.0565878 0.232494 -0.231169 -1.3374 0.127325 0.669067 -0.0705989 -0.0276359 0.800187 1.36217 0.641562 0.163671 -0.0974273 1.02737 -3.69137 0.509536 -1.81907 -2.20613 -2.02049 -0.955414 0.410196 2.48821 -4.98235 1.50217 0.0750637 -1.00904 -1.65263 -1.81588 0.265842 0.458301 2.90161 1.44786 0.402752 -0.0905884 -0.487694 -1.56095 -0.279114 -0.400564 -2.25116e-09 -0.384218 -0.367223 -0.265679 0.391979 0.646111 2.88582e-09 -0.880246 -2.60295 2.16839 -0.678484 2.63966 0.321543 2.17117 -0.731864 0.126642 2.94237e-09 -5.95589e-10 -1.53637e-10 -0.831117 -1.20409 0.405248 -0.22642 -0.903702 -1.89865 0.807337 0.26321 0.904532 14.1515 -0.0228927 -0.0394794 1.17453 0 0.0174632 0 0.0203267 0 0.0461162 0 0.0271088 0.0256459 0 0.0517985 0.0358219 0.0569232 0 0.10867 0 0.0178156 0.0595692 0 0.0310041 0 0.0414529 0.0124604 0 0.00621691 0.0798931 0 0 0 0 0.0845307 0.00979935 0.0633991 0 0.194696 0 0.00739299 0 0.00583821 0.0256801 0 0.305731 0 0 0.107577 0.231152 0.1083 0.10214 0.0166307 0.110419 0 0 0 0.0908295 0.0161795 0.0815596 0 0 0 0 0.00106164 0 0.0387572 0.0169364 0.0153491 0 0 0.0313463 0 0 0 0.0303597 0 0.0855744 0 0 0.0508452 0 0.000502624 0.00572623 0.000357741 0 0.0110946 0.0591431 0.0482956 0 0 0.000622486 0.132269 0.0914628 0.0696847 0.0689779 0.10393 0.0864218 0.0563233 0.0483288 0.0347831 0.101978 0 0.087958 0.076457 0.0954295 0.0169971 0.0631758 0.0469192 0 0 0.0107079 0.015005 0 0 0 0 0 0 0 0.0379318 0.00130445 0.180845 0 0 0.11573 0.0212838 0.0602485 0.010288 0.0277587 0.105123 0.039108 0.120478 0.10596 0.0823933 0.0692482 0 0 0 0.00474196 0 0 0 0.0196461 0.227024 0.198929 0.0459919 0.137009 0 0 0 0 0 0.0242031 0.0380906 0.00214349 0 0 0.00103786 0.0370068 0.38812 0.301095 0 0.00133874 0.0539905 0.0132928 0 0.0963576 0 0 0.324517 0.0768006 0 0.0866218 0 0.0645915 0 0.0931586 0 0.0925072 0.0594691 0.0581821 0 0.0120699 0.038719 0 0 0.210436 0 0.00926535 0 0.224556 0.201305 0.311579 0.128466 0.17523 0 0.0840373 0 0.0223234 0 0.0747726 0 0.115633 0 0.0735489 0 0.134207 0 0.0447957 0 0 0.0460441 0 0.0432148 0.0633103 0.00141295 0.204045 0 0.0736972 0.151294 0.0491232 0.205069 0 0 0 0.0626383 0.0355949 0 0 0 0 0 0 0 0.0714762 0 0.314084 0 0 0 0.0123181 0.0049903 0 0.298697 0.0511697 0 0 0.042361 0.0256387 0 0 0 0.0590995 0.0169242 0.00226626 0 0.130423 0.160124 0.163093 0 0.383602 0 0 0 0 0.00681768 0.1629 0.000419983 0 0 0 0 0 0 0 0 0 0 0 0 0 0 0 0.261879 0.0886893 0.0555228 0.228646 0.110449 0.304469 0 0.029655 0.0110355 0.348951 0.07028 0 0.00873573 0.0429616 0.00414851 0.0759003 0 0.0190025 0 0 0 0.054849 0.0728725 0.0837787
174 12.2021 -0.0188055 0.0346005 -0.144581 0.260599 -0.0950193 14.1988 -0.362758 -0.115317 0.0351117 0.690409 0.277021 -0.124845 0.0910747 -0.481117 -0.544626 -0.0280536 0.184173 0.091536 -0.100675 0.137574 -0.293122 0.0361227 0.0333785 0.0694794 0.00374754 0.0461001 0.0170004 -0.0877814 -0.0300342 0.0670922 -0.100096 -0.00317326 0.0467013 0.232961 -0.0355456 0.0287218 0.156256 0.0423357 -0.0297032 0.373246 0.246518 1.38384 0.193901 0.693417 -0.00632559 0.114306 0.150966 -0.0502153 -0.0566634 0.201025 -0.214335 -1.32541 0.241648 0.673028 -0.0335037 -0.0404983 0.580534 1.48001 1.10966 0.137525 -0.0875926 0.83517 -4.44647 1.65475 -1.89551 -0.0969494 -0.166281 0.660158 -0.608401 0.360674 2.14393 0.458397 -0.516073 -1.33186 -2.83234e-09 -1.35493 -0.821164 0.397935 0.40026 0.519319 0.234556 0.00905329 -0.526856 -0.107043 -0.492266 -0.982045 -2.62091e-09 0.0554005 0.216278 -0.906456 -0.581868 -0.284412 1.55601e-09 0.0434668 0.902812 0.385201 -1.28215 -0.846449 0.109367 -0.971197 2.19814 -0.0830388 3.52791e-09 -1.15578e-10 -3.03946e-10 -0.718181 -2.0828 0.63153 -0.123714 -1.29484 -1.47505 0.704505 0.262904 0.901949 14.19 0.0104514 -0.0391984 1.13101 0 0.113773 0 0.109506 0 0.103335 0 0.0586967 0 0.0363878 0.118339 0.202545 0.117262 0.149229 0.145222 0.10976 0 0.0196076 0 0.196197 0 0.299623 0 0.330585 0.00642846 0.458531 0.0353742 0.379097 0.0530332 0.425652 0.0451541 0.0346442 0.0271271 0 0.0332395 0 0.00265591 0.00628617 0 0 0.0296382 0 0.137219 0.302504 0 0.2093 0 0.15218 0 0 0.00379561 0 0 0 0.0340335 0.0121611 0 0 0 0 0 0.0169694 0.058296 0.0467586 0.0227501 0.0285247 0 0.0761529 0.00242661 0.050292 0.0110167 0.0599061 0.069392 0.0992705 0.00567977 0.040924 0 0.10822 0 0.000892491 0.00237277 0.0327599 0 0 0.131768 0.134118 0.00171474 0.00022413 0.130045 0.00832085 0.102441 0.00238015 0.125104 0.00624647 0.221125 0.0306257 0.0213611 0 0.126144 0.0133165 0.122737 0.012886 0.00673233 0 0.215466 0.331932 0.658991 0 0.0145831 0 0.0120146 0.0103509 0.0454502 0 0.0626576 0.106736 0.0494319 0.0703949 0.0470634 0 0.00100093 0 0.0280402 0 0.0357072 0.111478 0 0 0 0 0 0 0 0.545908 0.0148088 0.171786 0 0 0 0 0.152816 0.0416503 0.0256176 0 0 0.0366996 0 0.00199715 0.00499065 0.0221476 0.117073 0.178099 0.00615967 0.170281 0.00764645 0.245533 0.349463 0.10872 0 0 0 0 0 0 0.0023292 0 0.116944 0.0801144 0.047857 0 0.0658776 0.00603605 0.0523776 0.0349961 0.0532723 0.0329849 0.018641 0.195233 0.0334146 0.28644 0.0193342 0.0445255 0 0.000746179 0 0.00572751 0 0.520269 0.100409 0.529813 0.0930191 0.214235 0 0.128292 0.0168836 0.107164 0 0.138747 0 0.11915 0 0 0 0 0.00132718 0.0143706 0 0.0214048 0 0.00858933 0 0.461455 0.0249004 0.0695546 0.0111448 0.0685779 0.0157883 0.319135 0.0437082 0.361584 0 0.0246644 0 0.0749402 0 0 0 0 0.582235 0 0.302257 0 0.00318566 0.147991 0 0 0 0.00469175 0 0.0369383 0.137803 0.0235144 0 0 0.00909417 0.12794 0 0 0.0122072 0 0 0.0141379 0 0 0.146551 0.0153461 0.0591129 0.432497 0.0347469 0 0.0450652 0.045545 0.0128109 0.0195387 0.0429096 0.0521919 0.116291 0 0.128799 0 0.386568 0 0.097937 0 0.159548 0 0.222846 0 0.212164 0 0 0.170026 0 0.395924 0 0.418663 0 0.0530792 0.00759851 0.412619 0.0425404 0.042195 0 0.136405 0 0.0760342 0 0.0412669 0 0 0 0 0.0683901 0.0602244
175 12.2355 -0.0193347 0.0910861 -0.116711 0.265118 -0.0966869 14.228 -0.432471 -0.0806553 -0.0342931 0.593257 0.203703 -0.200634 0.1194 -0.444226 -0.486877 0.00890245 0.179787 0.0595519 -0.100675 0.0996581 -0.342917 0.0412976 0.0385676 0.0726321 0.020006 0.0381841 0.00661619 -0.0697706 -0.0479609 0.0412286 -0.103825 -0.0394206 0.050663 0.217994 -0.0239806 0.0194614 0.157714 0.0501345 0.0300208 0.364713 0.192036 1.33037 0.193693 0.668292 -0.0198745 0.118116 0.150918 -0.0502139 -0.0566646 0.118695 -0.236815 -1.32845 0.273829 0.670434 -0.0460667 -0.044635 -0.0960725 1.42371 0.771528 0.0584247 -0.0614048 0.882139 -1.8836 1.46345 -1.50837 -3.46628 -1.27567 -2.0109 1.20477 -0.0327586 1.36397 1.1728 -0.141667 -0.72454 -1.33074e-09 -1.18935 -1.2337 0.637043 0.573495 0.165571 0.360965 -0.251525 -0.216963 0.552785 -0.352955 -0.684001 -2.35926e-09 -0.740178 3.11022e-10 -0.439503 0.0944792 -0.216071 5.27115e-09 0.213232 1.86136 -1.58755 -0.848549 -1.38866 -0.617008 0.404612 -1.1153 0.183985 3.99743e-09 -1.75429e-11 -1.69989e-10 -0.421021 -1.87449 0.134864 0.499777 -0.892601 -0.724864 0.6482 0.26341 0.901001 14.2271 0.0270795 -0.0325678 1.09819 0 0.0443624 0 0.0365147 0 0.0366993 0 0.0232109 0.00582097 0 0.0321867 0.175098 0.0297727 0.133965 0.0452535 0.118246 0 0.0401204 0 0.131378 0 0.217809 0 0.249312 1.79829e-05 0.369868 0.0166864 0.265636 0.0325468 0.302153 0.0102572 0 0.00378832 0 0.0203779 0 0.000444444 0 0.0095629 0 0 0.200436 0.0786036 0.153571 0 0.191214 0 0.126205 0 0.085792 0.00401598 0 0 0.0221381 0.0274644 0.0521059 0 0 0 0 0 0 0.0133518 0.0249065 0.00267496 0.00169946 0.0234697 0.0758113 0.0284757 0.0400903 0.0395416 0.0468047 0.143302 0.0746617 0 0 0.0294324 0.100925 0 0.000304425 0 0.00718886 0 0 0.0727716 0.0401243 0.00066842 9.50112e-06 0 0.00411955 0 0 0 0.000464965 0.0317928 0.010849 0.0461622 0.0584754 0 0.0118788 0 0.0105574 0.0236873 0.045673 0.0897442 0.305314 0.404874 0 0.0319288 0 0.00841375 0.00982222 0.0421315 0 0.0348296 0.0716431 0.0247165 0.0256237 0.0286831 0 0.0167746 0 0.0589055 0 0.0330559 0.0816369 0.00388378 0 0.00663849 0 0 0 0 0.465632 0.00815643 0.148443 0 0 0 0 0.161065 0.157475 0.187798 0 0 0.0631074 0 0 0 0.0101394 0.0688017 0.0851701 0.00473122 0.149436 0.000604834 0.218748 0.409167 0.242185 0 0 0 0 0 0.0266822 0 0.0261701 0.254698 0.0918883 0.126907 0 0.183711 0.0090676 0.0919222 0 0.0919333 0 0.00726066 0.170363 0.0120298 0.25172 0 0.0375116 0 0.0196674 0 0.00583983 0 0.364045 0.143823 0.328204 0.0733684 0.147759 0 0.0322004 0.00738748 0.0893343 0.00201734 0.00276459 0.00375602 0 0 0 0.021368 0 0.0112473 0.0148881 0 0 0 0 0 0.430526 0 0.108149 0 0.115865 0.00444132 0.178802 0.00938534 0.318605 0 0.0625991 0 0.0609205 0 0 0.010563 0 0.0690186 0 0 0.00280675 0.04804 0.315136 0 0.00862612 0 0.0283364 0 0 0.274669 0.077877 0 0 0.00762669 0.108185 0 0 0.01301 0 0 0.01692 0.0150441 0 0.133913 0.14368 0.00756215 0.446143 0 0 0.0354153 0 0 0.0862215 0.0254818 0 0.0824597 0 0.0854981 0 0.261635 0 0.0575884 0 0.107132 0 0.14727 0 0.146189 0 0 0.175428 0 0.358371 0 0.378668 0 0.0644398 0.0175675 0.251884 0 0.05651 0 0.0826835 0.00761218 0 0.0101097 0.0428699 0 0 0 0 0.155323 0.141341
176 12.2688 -0.0187474 0.147685 -0.0983338 0.268513 -0.0986216 14.259 -0.43729 -0.0531725 -0.0848055 0.38364 0.173661 -0.299263 0.145652 -0.419632 -0.441328 0.0459663 0.181128 0.043458 -0.100675 0.0709447 -0.401297 0.0488795 0.0325275 0.0295761 0.0283931 0.0221917 -0.000839825 -0.0515987 -0.061734 0.0289054 -0.102403 -0.0919652 0.0479456 0.203074 0.0106785 0.0197333 0.15824 0.0502905 0.0524813 0.37625 0.173429 1.32061 0.191714 0.702055 -0.0390562 0.0863056 0.151086 -0.043258 -0.0552108 0.0810211 -0.2536 -1.34314 0.350634 0.678817 -0.0586679 -0.0264493 0.156541 1.44401 0.89409 -0.0270465 -0.0977183 0.930898 -0.451304 1.07595 -1.49952 -5.83877 -0.4607 -0.509698 -0.00890871 0.237688 1.18912 0.976248 0.086744 -0.709688 -1.39273e-09 -1.13108 -1.49012 0.253398 0.00569478 0.00795247 0.020626 -0.205651 -0.5084 0.396877 -0.463361 -0.495745 -2.02551e-09 -3.67254 -0.394739 -0.392015 3.25983 0.0130959 3.9074e-09 9.48124e-11 1.36645e-10 1.04095 -0.549303 0.580139 0.420978 1.17215e-09 0.0717564 0.0195403 5.58586e-09 0.607117 -2.38185e-10 0.567749 -1.57427 -0.20001 0.64835 -1.63517 -1.37981 1.14433 0.264446 0.899389 14.2632 0.0427441 -0.0556805 1.07275 0 0.0826443 0 0.0764255 0 0.0668768 0 0.0603662 0 0.158974 0 0.338428 0 0.321983 0 0.309762 0.0033348 0.0615606 0.0443911 0.167899 0.0283249 0.244647 0.0745559 0.277578 0.0847119 0.371741 0 0.274314 0.0156301 0.311839 0 0.0368403 0 0 0 0 0.0131072 0 0.0715775 0 0 0.186316 0 0.272816 0 0.177874 0 0.0979036 0 0.0978248 0.0168445 0 0 0.0248528 0.0325429 0.043321 0 0 0 0 0 0 0.0285363 0.0240024 0.0160733 0 0.101362 0.0664361 0.0992684 0.0286595 0.119883 0.037724 0.288286 0.0725717 0.0144155 0 0.0992891 0.0839179 0 0.00170041 0.0174784 0.00145244 0 0.013456 0.145802 0.049061 0.00110531 0 0 0.0109292 0 0.00490147 0 0.00880463 0.0110019 0.0170083 0.0382071 0.124137 0 0.0158791 0 0.014723 0.0195333 0.0780133 0.0546682 0.25934 0.34814 0 0.0389851 0 0 0 0 0 0 0.0590941 0 0.0354628 0.0625568 0 0.0592068 0 0.0825015 0 0.032676 0.0183388 0.0286795 0 0.156331 0 0.134377 0 0.0199697 0.42694 0.00956493 0.0984912 0 0 0 0.0046644 0.211662 0.108153 0.310973 0 0.0194054 0.0365046 0 0 0 0 0.00778958 0.0435414 0.0174827 0.103078 0.0372451 0.136022 0.525084 0.0930392 0.00124267 0.00304947 0 0 0 0.033856 0 0.0376812 0.376405 0.0695665 0.167654 0 0.261619 0.0286748 0.142245 0 0.140909 0 0.0310052 0.090687 0.0109728 0.15004 0 0.031701 0 0 0 0.00659812 0.014713 0.485971 0.0837767 0.486614 0.223044 0.167955 0 0.217043 0 0.0665624 0 0.114039 0.00388836 0.126939 0.0479999 0 0.402413 0 0.365188 0.0103438 0 0 0 0.0163007 0.110937 0.291778 0.014616 0.0414865 0.0275306 0.0830974 0 0.400946 0 0.492477 0.096925 0.0424827 0 0.246825 0.0935696 0 0.0533976 0 0 0 0 0.00445173 0.0944656 0.2869 0.00277024 0.00878341 0 0.0415069 0 0 0.349717 0.0508338 0 0 0.0225606 0.0709096 0.00815275 0 0.0157553 0 0.112399 0 0.0921372 0 0.144451 0.113919 0.267669 0.384659 0 0 0.109991 0 0 0.0881077 0.110956 0 0.0805876 0 0.094347 0 0.247106 0 0.0673695 0 0.0942456 0 0.130881 0 0.131014 0 0.101989 0.146406 0.146253 0.259936 0.201585 0.253819 0 0.0194443 0.0942963 0.158813 0.0359142 0.0803916 0 0.0642556 0 0.0916165 0.00779594 0.0325664 0 0 0 0 0.261228 0.108474
177 12.3021 -0.0080818 0.170194 -0.0854896 0.270228 -0.100733 14.292 -0.418223 -0.0320196 -0.104869 0.128785 0.170135 -0.331066 0.144283 -0.364975 -0.386049 0.0773072 0.162054 0.0365702 -0.100675 0.0297458 -0.402346 0.0462047 0.0335476 0.030971 0.0204325 0.011124 -0.00522169 -0.0372237 -0.0678452 0.0164998 -0.103973 -0.182937 0.0447812 0.190771 0.0900747 0.0245582 0.158248 0.0499805 0.0524567 0.412624 0.189243 1.33481 0.195348 0.700265 -0.0257817 0.0919652 0.151082 -0.043385 -0.0552204 0.0814657 -0.24249 -1.35419 0.443544 0.661348 -0.0860273 -0.00973786 0.362343 0.179576 0.442815 -0.133129 -0.0952129 0.994152 0.0732153 0.245324 -0.142664 -6.25269 -0.106081 1.87717 -1.22292 1.442 1.21937 0.915559 -0.114822 -0.136139 -1.30624e-09 -1.25567 0.00229991 0.150258 0.00302788 0.00425752 -0.439567 -0.312675 -0.188327 0.629149 -0.208651 -0.400832 -1.95139 -1.15228 0.15242 1.98338 0.700878 -0.138752 1.43332e-09 -0.0193689 2.73206e-10 0.257196 0.277734 0.566923 0.0766377 2.37729e-10 0.101765 -0.0102839 5.54695e-09 0.87136 -4.30439e-10 0.689784 -0.757519 -0.214234 0.537797 -1.98959 -1.41496 0.991734 0.266059 0.897785 14.2987 0.0560161 -0.0575722 1.05545 0.00188207 0.0521186 0 0.0348463 0 0.0306366 0 0.0474975 0 0.0740555 0 0.15952 0 0.162568 0 0.16039 0.00941752 0.080854 0.125173 0.155844 0.136273 0.183041 0.178582 0.226787 0.219989 0.28898 0.0665164 0.167505 0.132157 0.190424 0 0.0437502 0 0.0156832 0 0 0.0154949 0 0.0901721 0.0166323 0 0.0164215 0 0.242097 0 0.125118 0 0.0440569 0 0.0544648 0.0331229 0 0 0.00515658 0.0210355 0.0150868 0 0.0123051 0 0.00186138 0.0176903 0 0.0327213 0.00637584 0.0227502 0.00250597 0.0361024 0.033864 0.035842 0.00647314 0.0468356 0.01591 0.140346 0.0471949 0.0417839 0.0214536 0.0354233 0.0496884 0.00310226 0.0105345 0.0351117 0.0295982 0 0.0159725 0.169758 0.0560006 0.000715611 0 0 0.00702971 0 0.00333079 0 0.00672626 0.0181353 0.0133819 0 0.0348693 0 0.0144526 0 0.0133823 0.00198042 0.0463231 0.0683234 0.171451 0.285822 0 0.0193973 0 0 0 0 0 0 0 0 0.00301817 0.048079 0.00687168 0.0337142 0 0.0209816 0 0.0143844 0 0.0355863 0 0.139053 0.00435537 0.134014 0.0219719 0.0725389 0.284298 0.0137851 0.0096092 0 0.0318816 0 0 0.165798 0.0594753 0.205711 0 0 0.0657018 0 0.00706383 0 0.0090019 0 0 0.0300097 0.0243641 0.0465867 0.0128458 0.403928 0.0929581 1.10499e-05 0.00111433 0 0.0208292 0 0.0174248 0 0.0284861 0.263265 0.0604788 0.0926239 0 0.132082 0.0270352 0.0905038 5.40689e-05 0.0887107 0.000732474 0.0235736 0 0.00810916 0 0 0.0194411 0 0.0564393 0 0.00504679 0.213831 0.240032 0.139717 0.217202 0.125031 0.128072 0 0.111391 0 0.0138798 0 0.00874878 0.00968579 0.0119085 0.0369411 0.0270952 0.487526 0 0.4589 0 0 0.00270721 0 0.00229878 0.111199 0.106296 0 0.128764 0 0.143362 0 0.470298 0 0.526232 0.0175572 0.0494396 0 0.365942 0.147236 0.0118207 0.0310083 0.0192895 0.00437053 0 0 0 0.00128002 0.298654 0 0.0128642 0 0.0557288 0 0 0.270402 0.0197565 0 0.012102 0.0300607 0.00866426 0.146275 0 0.00679558 0 0.143883 0 0.0982322 0 0.113911 0 0.107779 0.224741 0 0 0.146984 0 0 0 0.139271 0 0.0988454 0 0.110707 0 0.315053 0 0.0888335 0 0.12519 0 0.17071 0 0.157563 0 0.111133 0.100138 0.189039 0.101189 0.261164 0.0913837 0 0.0404163 0.0506392 0.130864 0 0.169327 0 0.0225847 0.0149065 0.0368727 0.00404282 0.0343565 0 0 0 0.0175256 0.169606 0.0566041
178 12.3355 -0.0184069 0.172524 -0.0671971 0.270006 -0.104554 14.3264 -0.412018 -0.0704577 -0.091746 0.00921738 0.226183 -0.199217 0.0331548 -0.287385 -0.310694 0.134457 0.162564 0.0305755 -0.100675 -0.0155764 -0.403348 0.04119 0.0336793 0.0312141 0.0681119 -0.00817213 -0.0220952 -0.0751983 -0.0552689 0.0108272 -0.104549 -0.112748 0.0324797 0.193443 0.016597 0.0368473 0.158229 0.0500427 0.0517248 0.424658 0.196956 1.36754 0.170833 0.700205 -0.00331471 0.0900375 0.150933 -0.0488589 -0.0556358 0.150059 -0.237932 -1.34319 0.552949 0.67044 -0.0839907 -0.0473941 -0.336842 0.158681 0.480701 -0.193092 -0.161815 1.05566 0.128664 -1.39037 0.456603 -1.89026 0.482644 3.0674 -2.60136 2.90552 2.57931 1.72753 -0.123017 0.0472704 -1.562e-09 -1.40228 -1.4539e-09 0.105473 0.00478602 0.0115517 1.12758 -0.587191 -0.513018 -0.995278 0.444182 -0.0905073 -1.18928e-09 1.78932 -0.228058 0.012177 -1.76876 0.462978 9.67734e-10 3.97125e-10 1.95822e-10 1.14883 -0.294457 1.03656 0.167824 6.5774e-10 -0.0287225 -0.267115 4.88575e-09 0.255068 -9.64005e-11 0.726461 0.00984513 -0.426547 0.427349 -0.499054 -1.62174 -0.0281094 0.268087 0.89474 14.3335 0.0657367 -0.121217 1.03164 0 0.0109399 0 0.0157111 0.002614 0.0466241 0 0 0 0.0343347 0 0.101017 0.00604861 0.0616616 0.0500779 0.0313459 0 0.0542333 0.258661 0.025006 0.240251 0.134928 0.478111 0.0421105 0.524639 0.131448 0.0262602 0.193349 0.0848873 0.106635 0.0394938 0.195075 0.0472162 0.0103068 0 0.254703 0.00560726 0.00485694 0 0.0659436 0.129186 0 0 0.241702 0.0720923 0.1695 0.0677159 0.113918 0.000873113 0.0323859 0.00803427 0 0 0.0273513 0.0580966 0.00523472 0 0.00917712 0 0 0.0465927 0 0.060553 0.0302419 0.0304216 0.00411626 0 0.0759896 0 0.0086663 0 0.0182406 0 0.044712 0.0307872 0.00220272 0 0 0.000940481 0.00624306 0.0252384 0.00472308 0 0.0401637 0.102372 0.0448222 0.00148412 0.000929254 0.221541 0.0873633 0.190726 0.0604822 0.261866 0.0852234 0.229935 0.0579892 0.0186282 0.0413677 0.1848 0.0833637 0.235128 0.098812 0.000704856 0.041225 0 0.0836448 0.00237865 0.0359949 0 0 0 0 0 0.0117806 0 0.0459169 0 0.251448 0.0733043 0.0955787 0 0.069378 0 0 0.000436838 0 0.1118 0.0709425 0.146663 0 0.104771 0 0.0632666 0 0.0147219 0 0 0 0 0.0339927 0.241103 0.0151133 0.231677 0.0576915 0 0.0634903 0 0.00565386 0 0 0.103576 0.0583682 0.0747804 0 0.124937 0 0.391008 0.139162 0 0.00104116 0 0.246499 0.00170334 0.043728 0.00880894 0 0.368263 0.240851 0 0.147989 0 0.110084 0.0175124 0.0609963 0.00256267 0.0848073 0.100772 0.0596601 0 0.0090604 0.0576098 0.0879898 0 0.0435647 0 0.0105069 0.0796237 0 0.29035 0.398158 0.251966 0.158213 0 0.0258438 0 0.0141813 0 0.0974659 0 0.154565 0 0 0.679693 0 0.60015 0 0 0 0 0 0.155307 0 0.00543873 0.147159 0 0.154156 0 0.55399 0 0.548117 0.0296855 0.0723794 0 0.392059 0 0.0324071 0.10485 0 0.470822 0.0203224 0 0 0.104225 0.374618 0 0 0 0.0646152 0.00455403 0.00707866 0.347841 0.132002 0 0.0175577 0.0782033 0 0 0 0.053049 0 0.280637 0 0.133311 0 0.29818 0 0 0.372005 0 0.0106851 0.0439129 0 0.0412539 0.0123431 0.0430123 0.000716701 0.053716 0 0.00518695 0 0.367699 0 0.0544608 0 0.0277123 0 0.160998 0 0.166077 0 0.386929 0.0413277 0.351815 0.157122 0.425636 0.0254672 0.0134714 0.0205766 0.077134 0.0553441 0 0.184847 0 0.0610952 0.00144947 0.09014 0 0 0 0 0 0.011818 0.157862 0.0806041
179 12.3688 -0.022399 0.178767 -0.0581052 0.269769 -0.108525 14.3634 -0.424926 -0.0829251 -0.061906 0.0102817 0.0755131 -0.139125 0.0431698 -0.258408 -0.291371 0.18578 0.144429 0.0332257 -0.100675 -0.0526231 -0.389599 0.0386256 0.0249285 0.0195819 0.0582551 -0.0142809 -0.0247891 -0.0582789 -0.0663803 0.00235663 -0.103225 -0.158164 0.0236781 0.185319 0.0646124 0.0391566 0.158355 0.0450114 0.0513246 0.407674 0.179885 1.3933 0.193726 0.69294 -0.0202024 0.0844996 0.150887 -0.0505691 -0.0557655 0.135122 -0.234506 -1.36366 0.53463 0.666506 -0.0978463 -0.00126087 -0.129989 0.224941 0.310379 -0.192149 -0.125972 1.09905 -0.249133 -0.504313 0.813759 0.499903 -3.13693 2.04968 0.157724 1.25054 0.760409 1.47337 -0.601315 0.169688 -1.75537e-09 -0.516574 0.417744 0.166245 -0.753606 -1.01526 -0.37857 -0.306544 -0.082605 0.536786 -0.34404 -0.255109 -1.59544e-09 -0.670703 -0.223472 -0.161339 0.737294 -0.0882739 7.14073e-09 -0.364485 7.18672e-10 -0.102952 0.421896 0.340529 0.0828072 -0.658071 0.387883 -0.376828 8.51804e-09 -8.23827e-10 -9.17477e-10 -0.354669 -0.217947 -0.353322 -0.62388 0.00970956 1.45429 0.554739 0.27031 0.891298 14.3677 0.0675244 -0.0841001 1.0173 0 0.082185 0 0.0662101 0 0.0582804 0 0.0404651 0 0.0871123 0.0720818 0.0048834 0.0713897 0 0.0877901 0 0.0944471 0.0676811 0.101159 0.00368611 0.0857677 0.00387478 0.153629 0.00657515 0.155499 0.002732 0.0173192 0 0.0615377 0 0 0.0289025 0 0.0587318 0 0.0972816 0.00630159 0 0.287548 0.0575815 0 0 0 0.209273 0 0.00218373 0 0 0 0.00504252 0.0345654 0 0 0 0 0.00719295 0 0 0 0.00248588 0.0203177 0.0143441 0 0.0152442 0.000689521 0.010755 0 0.00231461 0 0 0 0.00352972 0.0220138 0.0340881 0.0438177 0.0484602 0 0.014471 0.0215565 0.0120138 0.0505709 0.0430094 0.01168 0 0.0557883 0.06131 0.00133924 0 0.118592 0.0176032 0.0986584 0.011007 0.115417 0.0132239 0.185602 0.0254904 0 0 0.0929589 0.0151782 0.0895745 0.0161336 0.0165722 0.0125528 0.211651 0.00678766 0.662518 0.00981341 0.0324644 0.00929534 0 0.024461 0 0.0674832 0 0.0247272 0 0.0716095 0.324383 0.0867612 0.238825 0.0603971 0.0771026 0.0136761 0.0139606 0.0164842 0.0585183 0.0220559 0.223952 0 0.277232 0 0.0469407 0.0017509 0.0113983 0 0.0358613 0.0878041 0 0 0.128952 0.0227068 0.0973489 0 0 0.0604542 0 0.0153007 0 0.0124102 0.0340314 0.0737275 0.0244342 0 0.0496881 0 0.284365 0.0916825 0 0 0 0.0470728 0 0 0 0.0100803 0.0750597 0.0968336 0.0261048 0 0.00467694 0.0314112 0.0514537 0.0311895 0.0514587 0.030623 0.0314852 0 0.0128333 0 0.0240985 0 0 0.125501 0 5.12289e-05 0.128045 0.246407 0.0531825 0.326747 0.128211 0.0827068 0 0.114033 0 0 0 0.195301 0 0.216824 0.023311 0 0.605725 0 0.562135 0.000647957 0 0.00410586 0.00944503 0 0.151456 0 0 0.196538 0 0.194401 0 0.271302 0 0.185429 0 0.0242314 0 0.14497 0.318204 0.221393 0 0.0375874 0.505089 0 0.110798 0.00591567 0.00352871 0.24074 0 0.00451641 0 0.0581115 0 0.0520279 0.134899 0.0290875 0 0.132686 0.0348268 0 0.484616 0.175478 0.0361005 0.00491978 0.18834 0.00034122 0.147278 0 0.0773801 0 0.113674 0.0752601 0.099735 0 0.10339 0.0106321 0 0 0.0834413 0.0109228 0.076407 0 0.0895464 0 0.250605 0 0.0823785 0 0.0956392 0 0.136789 0 0.126151 0 0.164599 0.00132704 0.258439 0 0.338181 0 0 0.0124891 3.73723e-05 0.19819 0.0310006 0.0163716 0.0128749 0.0276375 0 0.144772 0 0.0216414 0 0.0077073 0 0.00363619 0.148081 0.0657512
180 12.4021 -0.0242545 0.187611 -0.0447719 0.270205 -0.110086 14.4014 -0.426577 -0.0980935 -0.0337202 0.031595 0.0218862 -0.0873652 0.0558417 -0.231936 -0.27877 0.233136 0.127693 0.0296839 -0.100675 -0.0409105 -0.379749 0.0466072 -0.0267048 -0.0503119 0.044026 -0.0212994 -0.0277894 -0.0428926 -0.0770354 -0.00537258 -0.102655 -0.167609 0.0181543 0.183414 0.0814012 0.0346648 0.158595 0.0354226 0.0505615 0.39959 0.19051 1.40257 0.188895 0.668851 -0.0201154 0.0762817 0.150887 -0.0505691 -0.0557655 0.126175 -0.22711 -1.36775 0.517963 0.688712 -0.066143 0.00232341 0.0859644 0.319702 0.42838 -0.191736 -0.0405057 1.13727 0.116593 -0.613507 0.69249 0.625038 -1.09461 1.22606 0.390681 0.998529 0.600939 1.18423 -0.432767 -0.0307703 -6.55395e-10 1.10032 0.117675 0.16453 -2.15408 -2.91933 -0.617001 -0.208094 -0.050309 0.375081 -0.290723 -0.238816 -1.85125e-09 -0.164878 -0.125884 -0.0612977 0.386379 -0.212209 6.21532e-09 -0.109041 6.37464e-10 0.133637 0.190365 0.0415844 0.0114817 -0.50472 -0.259097 0.024164 9.09376e-09 -9.98236e-10 -9.56635e-10 -0.143182 0.387713 0.140932 -0.0533253 1.02272 0.429596 -0.29816 0.272481 0.889902 14.4015 0.0634922 -0.00801509 1.01366 0 0.091074 0 0.0675179 0 0.056411 0 0.047587 0 0.105513 0.0693118 0 0.0897455 0 0.111689 0 0.125714 0.0630664 0.135016 0.00419675 0.0983052 0 0.193669 0.00416082 0.174553 0.00236835 0.017874 0 0.060554 0 0 0.0151289 0 0.0393832 0.000135863 0.0752076 0.00513673 0 0.318848 0.0572997 0 0 0 0.144652 0 0.00327552 0 0.000729572 0 0.00919743 0.0313824 0 0 0 0 0.00876854 0 0 0 0.00209904 0.0129608 0.00764652 0 0.0097918 0 0.00782671 0 0.00228017 0 0 0 0.00419102 0.00112609 0.0410631 0.0305525 0.0381374 0 0.0133505 0.0270344 0.0101229 0.0465774 0.0366282 0.0450246 0 0.0140393 0.0463237 0.00138499 0 0.115024 0.0145961 0.093601 0.00904306 0.111756 0.00999826 0.188787 0.0217033 0 0 0.0878227 0.0105813 0.0837266 0.0115176 0.0321696 0.015305 0.227993 0.000457352 0.699207 0.0122884 0.00672793 0.0440842 0 0.0396183 0.00255345 0.0720439 0 0.0224577 0 0.0501652 0.528004 0.0874864 0.363551 0.087777 0.0628848 0.0638773 0 0.0405915 0.0524393 0.0244222 0.272333 0.00395494 0.370091 0.0145978 0.0477487 0.00417813 0.00412197 0 0.0437732 0.0773359 0 0 0.169251 0.0450857 0.062401 0 0 0.0697115 0 0.0167518 0 0.0154144 0 0.0156088 0.0193552 0 0.0364021 0 0.311953 0.129786 0 0 0.0304169 0.0316369 0 0 0 0.0119826 0.102922 0.0975147 0.0203255 0 0 0.0366642 0.0446481 0.0329515 0.0441877 0.0323021 0.00995501 0 0 0 0.0202237 0 0 0.127443 0.00014574 0 0.225844 0.285457 0.0397437 0.297605 0.0995688 0.0533048 0 0.116677 0 0 0 0.224286 0 0.290777 0.0594179 0.0207443 0.64353 0 0.589883 5.26141e-05 0 0 0.0137213 0 0.159222 0 0 0.207396 0 0.217381 0.0347028 0.215915 0 0.144963 0 0.0247479 0.0585901 0.123155 0.329339 0.204672 0 0.0350792 0.488335 0 0.0900352 0.00267014 0 0.244367 0 0.0132969 0 0.0706933 0 0.0723794 0.164587 0.0356886 0 0.117958 0.0295869 0 0.495204 0.157078 0.0479553 0.00889027 0.222353 0 0.1873 0 0.0913094 0 0.0913363 0.0776948 0.104236 0 0.086243 0.00917217 0 0 0.0664608 0.00942692 0 0 0 0 0.0134258 0 0.000521809 0 0.00178966 0 0.00790282 0 0 0 0.218143 0 0.325879 0 0.410724 0 0 0.0035965 0 0.254106 0.0439819 0.0300103 0 0.0042831 0 0.206996 0 0.0177297 0 0.00440423 0 0.0016698 0.164337 0.0752124
181 12.4355 -0.0175639 0.201192 -0.0200295 0.271837 -0.107066 14.4405 -0.419314 -0.109796 -0.0195614 0.0659956 0.0415039 -0.0590941 0.0511046 -0.212106 -0.271173 0.256432 0.123655 0.0130137 -0.079233 0.040927 -0.385522 0.0691577 -0.146983 -0.0782826 0.0213645 -0.0282996 -0.0384961 -0.0333231 -0.0857764 -0.0116528 -0.101876 -0.162558 0.00845682 0.184782 0.0804758 0.0318981 0.158538 0.0377318 0.0507453 0.390181 0.197622 1.40341 0.167714 0.649825 -0.0353246 0.0782939 0.150887 -0.0505691 -0.0557655 0.119561 -0.218482 -1.36165 0.470957 0.699861 -0.0662598 0.000857842 0.157942 0.427951 0.707243 -0.184978 0.142296 1.20324 0.564386 -0.406498 0.383572 1.0293 0.295038 0.432755 -0.0975123 1.24332 0.816725 0.434058 -0.166779 -0.390394 0.973582 3.19473 -0.0233967 -0.465667 -4.43244 -5.30646 -0.770068 -0.244184 -0.117346 0.245679 -0.232672 -0.268441 -1.9679e-09 0.331743 -0.17771 -0.0172724 -0.225685 -0.119464 6.00049e-09 0.389529 6.14332e-10 0.070052 -0.153406 -0.173514 -0.00995642 -0.0707587 -0.712083 0.374988 7.40102e-09 -9.72611e-10 -8.84313e-10 -0.347258 0.595068 0.231321 -0.543267 0.95399 1.16691 -0.659147 0.274584 0.892496 14.4358 0.0631046 0.14542 1.04275 0 0.0875727 0 0.0584938 0 0.0465674 0 0.0607019 0 0.145951 0.0314916 0 0.0574096 0 0.083294 0 0.119607 0.0672074 0.110439 0.00654371 0.0455957 0.00150202 0.161373 0.0112551 0.105745 0.00724488 0 0 0.00457301 0 0 0.0154621 0 0.0284408 0.00273475 0.0599368 9.38866e-05 0 0.288295 0.0610184 0 0 0 0.1122 0.0928117 0.011512 0.0139846 0.00275907 0.0197994 0.0145206 0.0290394 0 0 0 0 0.00676332 0 0 0 0.00114263 0.0112519 0.00685474 0 0.00686582 0 0.00565194 0 0 0 0 0 0.00119394 0 0.0357359 0.0260461 0.032123 0 0.0142426 0.0246959 0.0103781 0.0399028 0.032439 0.053311 0.00528765 0.00577445 0.0353305 0.00141449 5.11645e-06 0.110225 0.0157863 0.0833033 0.0111106 0.105389 0.0112554 0.201284 0.023199 0.0267905 0.0101382 0.0898933 0.0144274 0.0865809 0.0152156 0.0410362 0.0241431 0.406104 0.00240806 0.794626 0.00702986 0.0050563 0.0257857 0 0.0248893 0 0.055588 0 0.0152552 0 0.0408163 0.683805 0.0722514 0.497636 0.0596268 0.0788859 0.0355969 0 0.0297667 0.0481763 0.015983 0.317917 0.002293 0.488539 0.0143717 0.0674713 0.00988819 0 0 0.021337 0.0672358 0 0 0.187164 0.0531965 0.040095 0 0 0.069778 0 0.00762817 0 0.0175523 0 0.00410457 0.00882669 0 0.0235832 0 0.316115 0.156921 6.12221e-05 0 0.130696 0.0285361 0 0 0 0.00386277 0.116066 0.0843713 0.0256372 0 0.025857 0.0365023 0.0378564 0.0311119 0.0375061 0.0297844 0 0 0 0 0.0443945 0 0 0.120552 0.00461621 1.20571e-05 0.307882 0.318377 0.0739649 0.319769 0.158387 0.0455344 0 0.127571 0 0 0 0.207543 0 0.288496 0.112184 0.0496393 0.555402 0 0.465661 0 0 0.00762892 0.0190477 0 0.200005 0 0 0.224829 0 0.22766 0.44347 0.189755 0 0.147748 0 0.0200378 0.483585 0.117804 0.264762 0.200163 0 0.0239135 0.436268 0 0.105043 0.00278264 0 0.252614 0 0.0161968 0 0.072385 0 0.0826509 0.180133 0.029618 0 0.10662 0.0219308 0 0.40502 0.156266 0.0456955 0.00548757 0.197978 0 0.203914 0 0.0970237 0 0.0735415 0.0776833 0.0851739 0 0.0634322 0.00365238 0 0 0.0343764 0.00516299 0 0 0 0 0 0 0 0 0 0 0 0 0 0 0.282002 0.00194627 0.372201 0 0.456592 0 0 0.000541253 0.0267632 0.31158 0.032295 0.0535165 0 0 0 0.226378 0.000675797 0.0337362 0 0.000458332 0 0 0.155785 0.071534
182 12.4688 -0.0102848 0.227728 0.0139062 0.275487 -0.0981362 14.4805 -0.386572 -0.133048 -0.0346025 0.0757086 0.10533 0.129836 -0.0262813 -0.525506 -0.472055 0.223709 0.132873 -0.0102694 0.0269065 0.18997 -0.398673 0.101613 -0.341689 -0.324885 -0.0014395 -0.0349496 -0.0474563 -0.0254382 -0.0910777 -0.022637 -0.101392 -0.141946 0.00108776 0.189833 0.057937 0.0201196 0.158342 0.0455481 0.0513674 0.379605 0.195729 1.39843 0.141103 0.637662 -0.0490849 0.0886214 0.150894 -0.0503063 -0.0557456 0.0776928 -0.212407 -1.36427 0.366155 0.699955 -0.0312885 -0.00955559 -0.000239137 0.515487 0.779706 -0.15839 0.305612 1.20751 1.04023 -0.56068 -0.548132 0.341034 0.967127 5.04444 -1.57285 -8.00584 -2.79465 -1.39084 0.55843 -0.662531 3.91086 5.77223 -0.751654 1.63355 -5.44056 -8.41737 -0.620594 -0.150694 0.0298056 0.32986 -0.169223 -0.292912 -2.36244e-09 -0.176195 -0.150109 0.150238 0.171406 -0.364931 4.15606e-09 0.883826 4.21867e-10 -0.0654125 -0.423038 -0.389935 0.0468673 -0.136253 -0.487274 0.486742 6.18338e-09 -8.37409e-10 -6.95605e-10 -0.331104 0.631497 0.205485 -0.399549 1.20443 2.93027 -1.33172 0.27624 0.900204 14.4718 0.0383368 0.285209 1.11253 0 0.0574046 0 0.030835 0 0.0256803 0 0.0519983 0 0.0644948 0.0322739 0 0.0360959 0 0.0490953 0 0.122956 0.0557064 0.039349 0.0253724 0.011032 0.0212322 0.0573899 0.0253804 0.0355039 0.040936 0 0.0134407 0.00952043 0.0153292 0 0.0152376 0 0.00742266 0 0.0101288 0.00192489 0.000723347 0.264313 0.0633005 0 0 0 0.0449388 0.0115304 0 0 0.00436961 0.0312287 0.00424449 0.0105932 0 0 0 0.00507205 0.00262595 0 0 0 0 0 0 0 0 0 0 0 0.164569 0 0.144694 0 0.168598 0.0350012 0.281365 0 0.0143656 0 0.185461 0.0196287 0.00670705 0.00974719 0.0230852 0.0876208 0 0 0.023884 0.00094548 0.000124145 0.0325214 0 0.0144026 0 0.0338128 0 0.13233 9.54047e-05 0.0749179 0.00129312 0.0199759 0 0.0196813 0 0.0649377 0.022095 0.229221 0 0.68331 0.115122 0.0104894 0.0102181 0 0.0293792 0 0.0467006 0 0.0375014 0 0.0365015 0.571925 0 0.393264 0 0.0861935 0 0 0.0360684 0.0485214 0.00561513 0.193785 0.00227229 0.291062 0 0 0.024996 0 0 0 0.0277205 0 0 0.179314 0.0531465 0.153317 0 0 0.0481691 0 0.00449338 0 0.0280259 0 0.00346075 0.00257539 0 0.00847246 0 0.401283 0.171807 0.00328338 0 0.0243535 0 0 0 0 0 0.11872 0.0671556 0.0769749 0.0461481 0.094971 0.101831 0.064614 0.112566 0.0628064 0.11212 0 0.00127262 0 0 0.00578323 0 0 0.0835149 0.0016148 0 0.143938 0.143428 0.0685251 0.149497 0.0641219 0.0421047 0 0.0665022 0 0.00712936 0 0.0782383 0 0.113469 0.0260772 0.0149507 0.422978 0.0264839 0.356191 0.0148633 0 0.0397716 0.0196437 0 0.0522043 0 0 0.2217 0 0.19589 0.124433 0.0561478 0 0.0504391 0 0.00180535 0.21036 0.00400218 0.189833 0.173464 0.00370482 0 0.240216 0 0.0684247 0 0 0.248676 0 0.00967225 0 0.0499085 0 0.0336583 0.202914 0.00775664 0 0.0512733 0.0138243 0 0.294489 0.125638 0.0472547 0 0.12717 0 0.121459 0.00243897 0.103264 0 0 0.503665 0.0552721 0 0.0373508 0.00811306 0 0 0.0229022 0.0146133 0 0 0 0 0 0 0 0 0 0 0 0 0 0 0.109449 0 0.15791 0 0.224772 0.0107755 0 0.00338718 0.0440662 0.254184 0 0.0793974 0 0.00394472 0 0.100582 0.0041029 0.0318114 0 0 0 0 0.160576 0.0685946
183 12.5021 -0.00342891 0.23372 0.0450574 0.27903 -0.0845371 14.5213 -0.352787 -0.139137 -0.0421331 0.0965446 0.11126 0.119013 -0.00975887 -0.493989 -0.438503 0.127568 0.156904 -0.0379973 0.212681 0.476095 -0.382988 0.195157 -0.477887 -0.624068 -0.0257366 -0.0372657 -0.0510605 -0.0156032 -0.0921077 -0.0312903 -0.100881 -0.145414 -0.00604312 0.191637 0.058042 0.00350308 0.158219 0.0504359 0.0517561 0.365951 0.199152 1.38189 0.12449 0.64747 -0.0613386 0.0935741 0.15085 -0.0519159 -0.0558677 0.101072 -0.222184 -1.34432 0.278107 0.696129 -0.0187966 -0.025243 -0.127191 -0.486052 0.671785 -0.198834 0.431772 1.27993 1.373 0.217778 0.370268 0.751335 -0.271041 -1.77425 0.733383 2.15208 1.56292 -2.66981 0.72693 -0.737603 5.9369 7.4058 0.784872 -1.43196 -0.110964 -5.37019e-07 -0.699854 -0.000555231 0.131023 0.431229 -0.0502686 -0.186724 -1.90743e-09 -1.13529 -0.247415 0.0378554 1.04539 -0.491091 4.16209e-09 4.79505e-10 3.27609e-10 -0.272216 0.248909 -0.850961 0.101433 0.731482 -0.34966 0.382602 3.76688e-09 -5.17493e-10 -4.23589e-10 0.613122 1.44505 0.373309 -0.63178 0.828872 1.27039 -0.959138 0.277844 0.912435 14.5107 0.0529422 0.404348 1.19274 0.00372373 0.0508642 0 0.0346279 0 0.0195775 0 0.0718283 0.0178826 0.117504 0.00231232 0.118331 0.0017061 0.129079 0.00275104 0.138081 0.0852126 0.081559 0.0315403 0.119132 0.0151817 0.136233 0.0468302 0.167401 0.041637 0.226148 0 0.149738 0.0112088 0.166606 0 0.0406077 0 0.00625272 0 0 0 0.000194583 0.167358 0.080109 0 0 0 0.00525464 0 0.0432673 0 0.0120633 0.0178254 0.00885205 0 0.00160721 0 0 0 0 0 0 0 0 0 0.00188996 0 0 0 0 0 0 0 0 0 0 0.0329214 0 0.00470431 0.0248442 0.00545728 0 0.0135928 0.0126583 0.018459 0.0326708 0.0436444 0.0182518 0 0.0185144 0.000593759 4.57361e-05 0.0876324 0.0343893 0.0636853 0.0257992 0.0857867 0.0287994 0.161385 0.0374115 0.0469562 0.00341314 0.095782 0.0360444 0.0955007 0.0356035 0.0422875 0.0313333 0.125836 0.00764556 0.489375 0 0.00304017 0 0 0 0 0 0 0.0233419 0 0.0184575 0.3865 0 0.225446 0 0.0127619 0 0 0 0.0333979 0 0.0852094 0 0.141281 0 0 0.164255 0 0.0135688 0 0.0219909 0 0 0.171399 0.0562945 0.0105203 0 0 0.00914725 0 0 0 0.0204427 0.000948778 0 0.00440814 0.0270284 0.00756698 0.0219916 0.276899 0.203051 0.000718143 0 0.0359214 0 0 0 0 0 0.10231 0.0536634 0.0154641 0 0.0112427 0.0417642 0.0316977 0.0279899 0.0290881 0.0280839 0 0.00633606 0 0.00574947 0.0132524 0.00139101 0 0.0472947 0 0.0015022 0.137601 0.143658 0.0627507 0 0.0234394 0.00678691 0.00281331 0.121872 0 0.0190446 0.00450221 0 0.0468013 0.00698909 0.137732 0.125514 0.340092 0.0069565 0.294916 0.00697133 0 0.0234777 0.0191462 0 0.030027 0.0664394 0 0.142917 0 0.0935123 0 0.0149194 0 0.0992062 0 0 0.0104876 0.0307606 0.128358 0.160929 0.0189596 0 0.366703 0 0.249128 0 0 0.237408 0 0 0 0.0178458 0 0 0.144967 0.0263243 0 0.0275383 0.00765255 0.0109607 0.151517 0.135283 0.0325803 0 0.0812262 0 0.0595291 0 0.0528761 0 0.0382065 0.0751181 0.0358713 0 0.00688831 0 0 0 0 0.00743601 0.0207918 0 0.0237516 0 0.199669 0 0.0482674 0 0.0699697 0 0.103957 0 0.0698557 0 0.0520194 0.0654912 0.0869533 0.0895611 0.119196 0.0884825 0 0.0252878 0.0881155 0.155529 0 0.205383 0 0.00276417 0.0391128 0.0586106 0.0172928 0.0285684 0 0 0 0 0.117874 0.0545205
184 12.5355 -0.0467741 0.246117 0.114507 0.285381 -0.0703759 14.5649 -0.248532 -0.160066 -0.0897034 0.112621 0.300448 0.138416 -0.0278419 -0.31268 -0.324772 0.0367932 0.1894 -0.0901744 0.430768 0.850973 -0.335481 0.175286 -0.35704 -0.474567 0.0013408 -0.0567395 -0.068816 -0.00402555 -0.0810263 -0.0570101 -0.101436 -0.158391 -0.041569 0.210286 0.0714695 0.0177369 0.143299 0.0325303 0.0446266 0.388683 0.161207 1.36126 0.238655 0.695493 0.00278285 0.109194 0.150846 -0.0520395 -0.055877 0.179332 -0.285967 -1.30061 0.161087 0.682676 0.0184724 -0.0519877 -1.68274 -0.11188 1.40596 -0.123763 0.270297 1.3754 3.37115 -0.153103 -1.08428 -0.742436 6.2784 3.64873 -15.5696 22.5923 13.4872 -2.7848 0.565978 -1.02328 6.59261 4.21346e-08 -0.437846 -10.5201 14.5555 19.0471 0.534541 -0.409849 -0.0382027 0.665427 0.330605 -0.647665 -1.39362e-09 -0.665848 -0.99242 0.533361 0.944455 0.169109 0.771224 -0.914411 -0.732787 -0.729538 1.70393 -0.536582 0.261468 -0.947006 3.98431 -0.852161 7.00548e-09 -7.54834e-10 -3.84498e-10 -0.465202 1.0034 0.238916 -1.13407 2.8515 2.20859 -1.5489 0.280572 0.92535 14.5526 0.092444 0.320244 1.30144 0.0180031 0.03735 0.0269637 0.0414517 0.0267904 0.0607912 0 0.039375 0.0498064 0 0.0972515 0.0646074 0.0967826 0 0.133545 0 0.172015 0.0128462 0.0239279 0.0434737 0.0286386 0 0.0204023 0.0736094 0.0168251 0.109884 0.115544 0 0.0762016 0 0.140807 0 0.135702 0 0.132055 0 0.0105241 0.0113989 0.257697 0.00520031 0 0.0458595 0.149069 0 0.0884337 0.270527 0.0295129 0.063878 0 0.0111516 0.00678483 0 0 0.0259982 0 0.0323177 0 0.0114585 0 0 0.0296809 0.0101991 0 0.0334842 0 0.0247829 0.0349496 0 0.0538689 0 0.0573951 0 0 0 0.0316469 0.0188115 0.0905659 0 0.0342045 0.000755054 0.0530756 0.0221515 0.0887871 0 0 0.0795114 0.00183135 0.000844498 0 0.266174 0 0.197488 0 0.206635 0 0.207078 0 0 0.173387 0.142251 0 0.135299 0.0449075 0.00489048 0.694971 0.43799 0.388795 0.295568 0.0126129 0.0319707 0 0.000322476 0.0112628 0 0 0 0.00970849 0 0.120621 0 0 0.0211586 0.00585494 0.123045 0 0.0996957 0.0260796 0 0.0348267 0.197574 0 0.130905 0.0302075 0.282663 0 0.0210586 0.0361019 0.0360471 0 0 0.102198 0.0917681 0.0689579 0.00560936 0 0.0286244 0 0.0134842 0 0.0193657 0.125146 0.107873 0 0.0490253 0 0.075798 0.273175 0.174926 0.00187104 0 0.255132 0 0 0.0524892 0 0.0374486 0.104376 0.0419443 0.414534 0 0.841984 0 0.105813 0 0.0883107 0 0 0.0787532 0 0.0494722 0.0825022 0.0649505 0 0.126082 0.00667157 0.00282643 0 0.220256 0.188303 0.189094 0.180912 0.246747 0.0285925 0 0 0 0.0413812 0.007872 0.00373992 0.0087523 0 0.0268014 0.0331954 0 0.0243503 0 0 0 0 0 0 0.312551 0 0.187132 0 0.152574 0.0648517 0.0982024 0.208379 0.441074 0 0 0.0498074 0.292994 0.191703 0.0273723 0 0.022482 0.682907 0.356868 0.78674 0 0.00561769 0.382843 0 0 0 0.00688033 0 0.115352 0.134795 0.0549097 0 0.00477379 0 0.0211247 0.342241 0.0298109 0.0228461 0 0.00424775 0.0105988 0.0300902 0.0184793 0.0212413 0 0 0.756875 0 0 0.0901333 0.0242588 0 0.00294762 0.0856088 0.0272511 0.0448298 0 0.0212129 0.0137851 0.306884 0 0.0708588 0 0.078539 0 0.114552 0 0.0799871 0 0.00239639 0.158766 0 0.169407 0 0.225791 0 0.0820625 0 0.128286 0 0.248367 0 0.105696 0 0.0252031 0 0 0 0 0 0.0375336 0.133674 0.0620347
185 12.5688 -0.0762806 0.210394 0.133977 0.28877 -0.0597104 14.6091 -0.147016 -0.139447 -0.0948351 0.0757771 0.277611 0.111421 -0.0366658 -0.0933003 -0.0550904 -0.0340619 0.197955 -0.0883494 0.523088 0.893492 -0.162388 -0.101914 -0.0212705 -0.0706623 0.0312486 -0.0514831 -0.0517384 -0.0276526 -0.0744689 -0.0641109 -0.100405 -0.153589 -0.0505101 0.235005 0.0675486 -0.00110755 0.151515 -0.0426809 0.0501191 0.360817 0.268192 1.31716 0.166906 0.620733 -0.0226946 0.125828 0.138384 -0.0434683 -0.0555253 0.291706 -0.290086 -1.28475 0.0950394 0.697986 0.00242317 -0.00591034 -0.554309 -1.53167 0.268526 -0.198279 0.212202 1.2937 2.55813 0.401509 -0.147396 -1.34205 -0.157293 1.10247 -0.456822 -0.632033 -0.86075 -1.80891 0.124355 -0.192792 1.13757 -1.72894 6.9917 -4.07559 11.4706 6.11333 0.75517 0.483074 0.320151 -1.06484 -0.172836 -0.0756231 -1.34376e-09 -1.24783 -4.06503e-10 0.712136 0.93332 -1.02739 5.1343e-10 -0.49117 1.4864 -1.27064 0.642018 -2.13068 -0.319769 0.346625 -3.50743 0.596265 -2.22454 0.167658 -2.42687e-11 1.6341 4.6991 -1.21385 0.107897 1.86843 0.0979755 0.452373 0.282358 0.934835 14.5945 0.0274273 0.257127 1.21799 0.139161 0 0.123852 0 0.111256 0 0.148668 0 0.189146 0 0 0 0 0 0 0.0240943 0.0289765 0.0609324 0 0.0365847 0 0 0 0.0820276 0 0.0961493 0.0934179 0.0350007 0.0804362 0.0491691 0 0.00304895 0 0 0.0168039 0.0146899 0 0.00529736 0.0241807 0.0504158 0 0 0 0 0.0410161 0.0197164 0 0.0181903 0.0394858 0.0297465 0 0 0.00466408 0 0.00948677 0.0214587 0 0 0 0 0 0.0359257 0.0219089 0.0305195 8.04191e-05 0.0263813 0.00658577 0.0333712 0.0175406 0 0.0106138 0 0 0 0 0.038295 0.0202275 0 0.00211797 0.0131189 0 0.0369371 0.033199 0.0189151 0 0.0503961 0 0.00186628 0.1196 0.209205 0.0922019 0.138343 0.117374 0.169517 0.0898544 0.204226 0.087635 0 0.103543 0.127348 0.106024 0.157499 0.0493212 0.0111969 0.121945 0.346007 0 0.173725 0 0.0134147 0 0 0 0 0 0.0638558 0.0219792 0 0.284888 0.0256042 0.0972679 0 0 0.0721492 0 0 0 0 0 0.0960343 0.0469246 0.0346548 0 0.0103608 0 0.00755175 0 0 0 0 0.13947 0.0906551 0.115778 0 0 0 0 0 0 0 0.0605079 0 0 0.0111715 0 0.0340943 0.17159 0.17121 0.000802811 0 0.0878313 0 0.0138361 0 0.0034015 0 0.134622 0 0.138673 0.0405565 0.185733 0 0 0 0 0 0 0.0347729 0 0.0107849 0.00335596 0.013478 0.114355 0.0441035 0 0 0.330818 0 0.177466 0 0.00773785 0.048834 0.277693 0 0.0326402 0.0193938 0.261273 0 0.345107 0 0.151508 0.0816677 0.193913 0.186571 0.0916038 0.194662 0 0.0164606 0.0264752 0.0360275 0 0.107316 0.166014 0.0281704 0.0365665 0 0.0380451 0 0 0 0 0 0 0 0 0 0 0 0.108469 0.294979 0.100886 0 0.125299 0.103692 0 0 0 0 0.143806 0 0.11494 0 0 0 0.019546 0.0215608 0 0 0.0445679 0 0 0.0375246 0.0192044 0.0260797 0.0736562 0.0964619 0 0.293806 0.706473 0 0 0.015819 0.0083651 0.027243 0 0.0279571 0.0210921 0 0.0363382 0 0.337027 0.112857 0.055198 0 0.010759 0 0.0585626 0.0491753 0.0647802 0 0 0.0809776 0.0027274 0.0522856 0.00738263 0.111573 0.0272586 0.00488171 0.427299 0.0451552 0 0.252758 0.0783877 0 0.271842 0 0.00171705 0 0 0 0 0 0.122926 0.00905759
186 12.6021 -0.0847014 0.174794 0.152665 0.291553 -0.0550839 14.6529 -0.0382527 -0.131124 -0.10558 -0.00242014 0.207351 0.139126 -0.041098 -0.0473588 -0.0351776 -0.0956189 0.155044 -0.108862 0.538383 0.472482 0.0563499 -0.00577062 0.204674 0.109632 0.0474202 -0.0645783 -0.0506847 -0.0644923 -0.0553001 -0.0603537 -0.100679 -0.0676774 -0.0549119 0.248539 0.00585576 -0.0183102 0.150938 -0.0218454 0.0527462 0.352135 0.286231 1.28815 0.118911 0.625906 0.0391023 0.0860532 0.16202 -0.0103961 -0.019959 0.223933 -0.239999 -1.34793 0.0169223 0.70231 0.00818164 -0.0706811 0.0508705 -1.03078 0.607036 -0.15675 -0.122191 1.27901 2.72179 0.338344 -0.581674 -2.35099 -0.777388 2.5566 -4.97243 1.2932 -6.29096 -2.18356 -1.63912 -0.955508 -0.491512 -8.67784 4.48045 -1.32843 3.14189 2.97932 0.106119 -0.314316 -0.213579 -1.17775 0.690359 0.307304 -4.31572e-10 0.945201 -9.77367e-10 0.0490875 -0.326045 -0.568418 3.47425e-09 1.34071 4.40305e-10 1.18221 -0.941465 -1.07553 0.246331 -0.339843 0.632185 -0.192028 3.26729e-09 0.746229 1.65032 2.40794 1.59794 -2.23994 0.293606 6.91884e-10 -0.22689 -0.679224 0.283444 0.93854 14.6348 0.0319213 -0.0324118 1.21709 0.0381329 0 0 0 0.0151131 0 0.00470483 0 0 0.0821 0.109859 0 0.0862412 0 0.0566839 0.0185371 0.0650631 0.0372191 0.174803 0 0.227127 0 0.232734 0 0.337068 0 0 0 0 0 0 0.0884825 0 0.0629517 0 0.251598 0.000207289 0.0191874 0 0.108299 0.279315 0 0 0.300959 0.0884089 0.0584391 0.0722281 0.0517761 0.097282 0 0 0.00324947 0.0671887 0 0.0897652 0.0187165 0 0 0 0 0.0046565 0.0421179 0.0195641 0.035487 0 0.0187388 0 0.0536558 0 0 0 0.00311053 0 0 0.0141724 0.0266143 0 0 0.0133699 0.00724345 0.00812877 0.0228697 0.079244 0.0488298 0.0119945 0.102985 0.000361046 0 0.191459 0.148189 0.136047 0.0767197 0.178112 0.132224 0.13877 0.141373 0.0931636 0.0230409 0.142235 0 0.140023 0.108184 0.060631 0.0194664 0.0757161 0.378119 0 0.0223323 0 0.0194249 0 0 0 0 0 0 0.0418346 0.0212076 0 0.315723 0 0.107685 0 0.104709 0.0599941 0 0.0218459 0.0607051 0.166765 0.0761532 0.219735 0.000651549 0 0 0.116911 0 0 0.0117336 0.0134172 0 0.171826 0.0737069 0.114277 0 0 0 0 0 0 0.00661733 0 0.0901996 0.0578358 0 0.175711 0 0.173588 0.0886721 0 0.00388172 0 0.103353 0.0626387 0 0 0 0.0995177 0.0790069 0.100587 0.0201943 0.0391647 0.155213 0 0 0 0 0.17427 0.021499 0.0848111 0 0 0.00549747 0.126173 0.0438355 0 0 0.215557 0 0.204402 0.148228 0.164267 0 0.00343196 0 0.0299711 0 0 0.0523781 0 0.114047 0.0650864 0 0.258281 0 0.224728 0.0115177 0 0.0592527 0.0471236 0.0310313 0.305753 0 0.136734 0.126309 0 0 0 0.106394 0 0.507494 0 0 0 0.0238562 0 0.193004 0 0 0.0655928 0 0.0174349 0 0.104391 0.23313 0 0 0 0 0.0395763 0.0840299 0.10688 0 0 0.0216513 0.101668 0.0240768 0 0.2561 0 0.0748725 0.190823 0 0.120858 0 0.209427 0 0 0.160333 0.835652 0 0 0.069649 0.177879 0 0 0.0908663 0.0253008 0 0.0257071 0 0.053095 0 0.00442782 0 0 0 0 0 0 0 0.199441 0 0.360312 0 0.443304 0 0.0356974 0 0.174335 0.0291577 0 0.128038 0.0827691 0.0122176 0 0.0675646 0.0421644 0 0 0 0.00912087 0 0.0690663 0
187 12.6355 -0.0538603 0.128608 0.138424 0.29179 -0.0594071 14.6934 0.00899896 -0.13624 -0.0822193 -0.0558644 0.102499 0.183692 -0.052922 0.0327001 0.0609818 -0.205807 0.112753 -0.0895447 0.520055 0.226213 0.163616 -0.000274004 0.270705 0.182053 0.0252722 -0.0541251 -0.0227158 -0.0937703 -0.0381329 -0.0550136 -0.101394 -0.0855523 -0.0487161 0.236253 0.0316463 -0.0330444 0.156134 0.0407223 0.0571456 0.300168 0.166336 1.27602 0.228457 0.70015 0.0513164 0.0181485 0.0991693 0.0155154 0.0172372 0.393004 -0.214547 -1.39453 0.0139205 0.70074 -0.0136307 -0.0580326 0.700494 -1.8215 -1.30365 -0.242165 -0.0991288 1.14459 1.58963 0.348254 1.58399 -1.87406 -0.417868 1.38532 -0.341638 0.00990607 -0.000301183 -2.89066 -1.6432 1.37422 -1.44646 -2.12754 2.09806 -0.232016 0.427067 0.708907 -0.210554 0.585824 1.20338 -0.913551 0.133439 0.800907 -1.33626e-09 -0.15286 0.707434 -0.242768 0.190001 -1.20428 3.97793e-09 0.280997 4.65168e-10 -1.70017 0.685157 -0.640761 -0.159856 -0.500373 0.985559 -1.49566 -0.542379 1.39611 -0.73198 0.831596 1.91761 -0.303827 -0.435076 8.74921e-10 0.0681163 -0.151814 0.284027 0.9344 14.6749 -0.00974944 -0.0591885 1.18029 0.266689 0 0.263671 0 0.240008 0 0.228318 0 0.464152 0 0.288818 0 0.252682 0 0.199209 0.00393146 0.0806809 0.0127568 0.230994 0.119327 0.306471 0.0210316 0.264867 0.219281 0.372051 0.26437 0.433497 0 0.457864 0 0.279491 0 0.148122 0 0.0819732 0.0276405 0.000827408 0.0106951 0.0379132 0 0.08234 0.20753 0.14027 0 0.0624423 0.0492759 0 0.136685 0.0644098 0.115062 0 0 0.0545454 0.00316046 0.03193 0.106405 0.017464 0 0 0 0.0108498 0.0164729 0.0100838 0.0777218 0.00814514 0.0276726 0.0457012 0.002651 0.00156897 0 0.0109318 0 0.0367512 0 0.0254664 0.00758093 0 0 0.013386 0.00660231 0.026299 0.0110873 0.0351003 0.0171037 0.0473928 0.0724231 0 0 0.0675813 0.147685 0.0347872 0.144442 0.0521705 0.136065 0 0.239518 0.0216903 0.0928895 0.0334879 0.0666196 0.0300674 0.149364 0.053569 0.0300634 0 0.490711 0 0.242573 0 0 0 0 0 0 0.265584 0 0.367426 0 0 0.31519 0 0.133647 0 0.0121018 0 0 0 0.0144361 0 0.284293 0 0.274261 0.130773 0.00341693 0.223222 0 0.00220227 0 0.0233953 0 0 0.295514 0.122627 0.0400589 0 0.00960108 0 0 0 0 0.0659608 0.038303 0.0268398 0.00479703 0.0506069 0.0330422 0 0.349338 0 0.00170259 0.153514 0 0.0596698 0.0225681 0 0.0231398 0.0866673 0.210617 0.0416316 0 0 0.0021365 0.0423692 0.0119436 0.0540981 0.000271201 0.0693301 0.0596997 0.111091 0 0.0264773 0.0354295 0.0781603 0.0734998 0 0 0.762891 0 0.759165 0 0.13389 0.200827 0.512735 0 0.0809186 0 0.524726 0.0402968 0.626167 0 0 0.1432 0 0.250099 0 0.271227 0 0 0.0964215 0 0 0.212716 0.0587509 0.166636 0 0.0304572 0.308916 0 0.243036 0 0 0 0.173844 0 0 0 0 0.027377 0 0.242852 0 0 0.116836 0.258119 0 0 0.0157098 0 0.0820526 0.130769 0.0499845 0.185409 0.0125923 0 0.107686 0.0313355 0 0 0 0.137735 0 0.190457 0 0.114304 0.08256 0.207045 0 0.139088 0.0674682 0.0304129 0 0 0.0962542 0.136838 0 0.00734788 0 0 0 0 0 0 0 0 0 0 0 0 0 0 0.0314803 0.509533 0.149406 0.32165 0.066256 0.377481 0.00379098 0.0173248 0.640005 0 0 0.220812 0.144133 0 0.562293 0 0.0330061 0 0.00845451 0 0.0498742 0 0.0730434 0.117096
188 12.6688 -0.00732195 0.0677538 0.104055 0.288242 -0.061713 14.7295 0.0250381 -0.130234 -0.0363042 -0.103108 0.0863467 0.237501 -0.0595663 0.0747862 0.0609771 -0.323045 0.0746749 -0.0416824 0.465305 0.218655 0.242686 -0.00367296 0.29072 0.20843 -0.00767076 -0.0520797 -0.00120401 -0.109824 -0.00536066 -0.0243139 -0.10174 -0.0850804 -0.0387694 0.223175 0.0408383 -0.0542439 0.156424 0.0303444 0.056331 0.216849 0.144077 1.27438 0.268204 0.700026 0.0524034 0.0463747 0.152718 0.0296097 -0.0158513 0.391362 -0.170426 -1.36628 0.0859029 0.696275 -0.00900383 -0.0992081 0.778836 -1.97497 -0.832226 -0.196835 -0.0685506 1.01497 0.310266 0.102238 1.07851 -1.25222e-09 -1.11254 1.79137 -0.420211 19.9878 -5.54765e-05 -2.80152 -1.5218 0.986134 -1.68799 -0.168077 2.46476 -0.529585 0.839126 0.939844 -0.0636662 -0.208216 0.466572 -0.549617 1.00941 0.882479 -2.39219e-09 -1.13502 0.119399 -0.339803 1.44058 -0.667801 3.73415e-09 -0.359192 2.36277e-10 -1.67778 1.64743 -0.133141 0.380228 -0.12666 0.766731 0.339808 2.8038e-09 1.11376 -0.996961 -0.949171 1.20847 0.100931 0.285708 -0.705962 -0.817468 -0.298948 0.283376 0.932504 14.7136 -0.0378196 -0.0584256 1.1555 0.0352893 0 0.0226631 0 0.0401357 0 0.0248453 0 0.0497666 0 0 0.0708707 0 0.06703 0 0.0804683 0.0426336 0.0272537 0.130737 0.0766927 0.231023 0.0313059 0.167841 0.203802 0.328736 0.212848 0.286139 0 0.249035 0.0137298 0.13161 0.100066 0 0.0831927 0 0.134069 0.000828034 0.00658699 0 0 0.243874 0.0897008 0.061388 0 0.0293187 0.0207672 0.0549962 0.0829129 0.0663871 0.0319156 0 0 0.0708676 0 0.0742641 0.0512018 0 0 0 0 0 0.0141319 0.0561012 0.0392226 0.012508 0.014195 0.0826733 0 0 0 0.00978805 0 0 0 0.0117897 0.00668448 0.0201569 0.0257119 0.00472964 0.00190162 0.0123297 0.0111722 0.0166736 0.0245194 0.0914358 0.0557691 0.00151007 0 0.0277551 0.0686576 0.00864274 0.063514 0.0256416 0.0923692 0 0.169306 0.0623616 0.0694756 0.0228373 0.0113981 0.0168207 0.138218 0.0504607 0.0304528 0 0.188381 0 0.268399 0 0 0 0 0 0 0.0759718 0 0.226709 0.00914044 0 0.0150425 0 0 0 0 0 0 0.0441991 0.05383 0 0.0567782 0 0.0391279 0.144796 0 0.199134 0 0 0 0 0 0.108248 0.18381 0.0776891 0 0 0 0 0 0.00364735 0 0 0.0709137 0.0439854 0 0.0602859 0.0082544 0.217583 0.362916 0 0.000669157 0.0190378 0 0.0569046 0 0 0 0.0608921 0.104498 0 0.0231284 0 0.137104 0.000334699 0.0131736 0.00986208 0.00195428 0.0757283 0.0428132 0.146726 0 0.0308614 0 0.145437 0.000319585 0.00558899 0 0.255509 0 0.387793 0.0376554 0.156244 0 0.0507325 0 0.0306743 0 0.120915 0 0.190375 0 0.0356531 0 0 0.264237 0 0.284114 0 0 0 0.0409638 0.133895 0.0477608 0.184248 0.0569751 0.0400204 0 0.28878 0 0.337144 0 0 0 0.227183 0 0 0 0 0 0 0.09045 0 0 0.165692 0.0661608 0 0 0.00753634 0 0.139192 0.0300367 0.0381046 0.148184 0 0 0.0887569 0.0314204 0 0 0 0.0828804 0 0.160946 0 0.0427779 0.111078 0.199486 0.296905 0.0138338 0.0447769 0.0591308 0 0 0.134449 0.0461047 0.00727603 0.00346514 0 0.0868539 0 0.0456696 0 0.223407 0 0.06974 0 0.040276 0 0.119957 0 0.141435 0.159398 0.233162 0.288286 0.15252 0.286085 0.215043 0.020236 0 0.449947 0.0452039 0 0.0834061 0.0368937 0.0287638 0.168852 0 0.0011988 0 0 0 0.0155976 0 0.0813442 0.0272724
189 12.7021 -0.00477492 0.0195629 0.0766808 0.283628 -0.0649835 14.765 0.0643097 -0.131924 -0.0028415 -0.103108 0.0452302 0.286354 -0.0667802 0.0747795 0.0610447 -0.377187 0.053994 0.00371755 0.380959 0.276074 0.296154 0.0364989 0.288638 0.199437 -0.0101951 -0.0536881 0.0105601 -0.0888242 0.0184402 -0.0043559 -0.101084 -0.0372443 -0.0329252 0.21039 0.0107716 -0.0528813 0.156222 0.0375391 0.0568477 0.174246 0.144558 1.28412 0.34183 0.694954 0.0424491 0.0165072 0.152097 0.0176793 -0.0501687 0.489934 -0.130084 -1.33538 0.195363 0.700389 0.00807587 -0.0572837 -0.0881821 -0.815392 -0.827084 -0.188816 -0.111894 1.05635 1.45007 0.0556973 0.889143 -5.89208e-10 -1.24404 0.722948 -0.441981 -0.00168497 0.00620753 -1.64241 -0.791798 1.09219 -2.32321 1.86584 1.05341 1.387 -0.0386478 -0.213597 -0.037665 0.0308112 0.212541 0.770392 0.473911 0.550349 -1.67943e-09 0.888772 0.189327 -0.229195 -0.355807 0.0596264 3.88215e-09 -0.709673 1.08891e-10 -0.282651 1.84839 0.346147 0.307015 -0.64747 0.938711 -0.606064 2.65652e-09 -0.282095 -1.47671e-10 0.673686 0.449846 -0.540168 0.230145 1.247e-10 0.00937527 0.300779 0.281995 0.930189 14.7522 -0.0519104 -0.074807 1.15925 0.0600357 0 0.0344075 0 0.025932 0 0.0646269 0 0.0616151 0 0.0637111 0 0.0648764 0 0.066466 0 0.028301 0.0156944 0.108681 0.00931993 0.153102 0.00585815 0.17933 0.0331411 0.260543 0.0293625 0.147555 0 0.17986 0.00553778 0.00996025 0 0 0 0 0 0 0 0 0 0.0835223 0.091753 0.0649561 0 0.0631609 0 0.0261486 0 0.0740614 0.00949131 0 0.00413087 0.0255044 0 0.0470678 0.0449826 0.0274122 0 0.00346599 0 0 0 0.0483524 0.0240082 0.0138749 0.0131835 0.173184 0.0394428 0.129145 0.0301177 0.132002 0.0410871 0.180324 0.113192 0 0.00819825 0.195506 0.0630131 0 0 0.00803566 0.0148002 0 0 0.075207 0.0751247 0 0.000234343 0 0.00500614 0 0 0 0.000173023 0 0.0357066 0.0496103 0.0374758 0 0 0 0 0.0413161 0.0242775 0.0342664 0 0 0.251376 0 0.0528326 0.00874878 0 0 0 0.0336072 0 0.0148437 0 0 0.123815 0 0.0796012 0 0.080284 0.0440978 0.0332959 0 0.0153053 0 0.0822722 0 0.0845567 0.226298 0.000581805 0.0558135 0 0.0219963 0 0.00367208 0 0.108054 0.154475 0.00801791 0.00313394 0.0506695 0 0.00522387 0 0.00813059 0 0 0 0.0676465 0.00656107 0.0917973 0.0143275 0.0629657 0.309393 0 0 0 0 0.0257771 0 0.0444898 0.0144191 0.0698138 0.172381 0 0 0.00391515 0 0 0.0621873 0 0.0625564 0.0430684 0.00999156 0.0913273 0 0 0 0.0964915 0 0.00235124 0 0.259341 0.0310617 0.1398 0.0379755 0.0334796 0.044659 0.0814895 0 0.0333214 0 0.0334862 0.00299027 0.0514449 0.0172258 0.0493517 0.0510065 0.0176416 0.211412 0.0130723 0.199857 0 0 0 0.0300997 0.117631 0.04103 0.129509 0 0.121353 0 0.0876755 0 0.177579 0.00351682 0.023613 7.34068e-06 0.0726592 0.00399461 0 0 0.0170652 0.0088039 0 0 0 0 0.185103 0.00435655 0 0 0.0410977 0 0.0628617 0 0.0189027 0.19306 0.0122805 0 0.047288 0.00685198 0 0 0 0.017384 0.00516352 0.0610516 0 0.0488003 0.013083 0.186883 0.70645 0.377341 0 0 0 0.0159052 0.0405717 0.028863 0 0.0126389 0 0.034999 0 0.0340673 0 0.134915 0 0.0373734 0 0.0522066 0 0.0707879 0 0.0756383 0.0782495 0.046243 0.174485 0.067443 0.197553 0.101539 0.0159111 0 0.254367 0 0.035081 0.0180048 0.0142419 0 0.0758865 0.000873944 0.031049 0 0 0 0.0309646 0 0.0785226 0.0876445
190 12.7355 -0.00562472 -0.0102278 0.0673656 0.279551 -0.0681333 14.8014 0.109525 -0.127863 0.00792359 -0.103108 0.00158919 0.310837 -0.0717688 0.0746298 0.0614353 -0.375048 0.0214634 0.0199963 0.17964 0.410915 0.405855 0.0321238 0.306174 0.21539 -0.0106196 -0.0381799 0.00126219 -0.071144 0.0239636 0.00889269 -0.100642 0.00175317 -0.0225861 0.200034 -0.0145721 -0.0634141 0.156344 0.0331779 0.0565054 0.154152 0.155898 1.30751 0.407247 0.696499 0.0596339 0.0188939 0.151851 0.00804478 -0.0509019 0.499595 -0.127269 -1.35465 0.181075 0.700049 0.0026674 -0.083523 0.156916 -0.543327 -0.335252 -0.115926 -0.117325 1.06418 1.15733 0.125675 0.301877 -1.10075e-09 -1.25298 0.359445 -0.351195 -0.00678842 0.0161021 -0.369851 -0.836617 0.236574 -5.10325 0.866769 -0.0753338 -1.35258 1.12985 0.763779 -0.0260908 0.354999 -0.212041 0.309562 0.118622 0.378995 -1.29577e-09 1.11551 0.403261 -0.343547 -0.864659 -0.341849 4.02434e-09 -0.865289 6.94913e-11 0.254808 1.52859 0.74611 0.432267 -0.687156 1.3717 -0.40876 1.43069e-09 -0.602875 -2.64384e-10 0.17246 0.138319 -0.649949 -0.0135729 3.98135e-10 0.0826493 -0.725294 0.280149 0.927792 14.7905 -0.0617935 -0.0847639 1.13879 0.029568 0 0.00705089 0.00149972 0.00897235 0.00339323 0.0510869 0.00795842 0.0707789 0 0.0126153 0 0.0131414 0 0.0154499 0 0.073924 0.0319432 0.104771 0.0701841 0.148954 0.0548108 0.155008 0.0908974 0.214965 0.107656 0.130443 0.0114814 0.15489 0.0481802 0.0282999 0.00380755 0 0 0 0 0 0 0.0185951 0 0.0613455 0.0907825 0.176558 0 0.0771103 0.0462869 0.0340413 0.00900259 0.0974759 0.0387591 0.00182802 0.0236077 0.0313816 0 0.036555 0.0453692 0.0373564 0 0.00596508 0 0 0 0 0.0196475 0 0.0101153 0.11435 0 0.134503 0 0.112283 0 0.120284 0 0.0182054 0.00780311 0.13858 0 0.0101662 0.00332074 0.0205627 0.0195246 0.0296636 0 0 0.0699748 0 0.000925995 0 0.252799 0.00377335 0.226883 0.00972769 0.218501 0 0.290667 0.0300567 0.0277748 0 0.212548 0 0.229397 0.041409 0.0236652 0 0.179098 0 0.336094 0 0.0496118 0 0 0 0 0 0 0.00325827 0 0 0.197493 0 0.152027 0 0.0704469 0 0.0189954 0 0.0294327 0 0.14795 0 0.165444 0.175367 0.0556114 0.00699504 0.00331381 0.0472787 0 0.011342 0 0.0416441 0.190598 0.0279178 0.000918153 0.00534944 0 0 0 0 0.00592585 0.015266 0 0.0138559 0.0213577 0.0212699 0.0452081 0 0.31708 0 0 0.0102412 0 0.0409644 0.00372584 0.0494226 0.0166779 0.00789745 0.169271 0 0 0 0 0.0295962 0.0288713 0.0554227 0.0294466 0 0.0219742 0.00642973 0.00621131 0 0.0624514 0.135957 0 0.00295846 0.00386106 0.199591 0.196801 0.209316 0.0664861 0.0899785 0.0662356 0.070304 0 0.0137055 0 0.0173642 0 0.0536834 0 0.0417585 0.0816896 0 0.441165 0 0.39207 0 0 0.000998586 0.0096913 0.0643687 0.108153 0.140214 0 0.104664 0 0.246485 0 0.348736 0 0 0 0.196692 0 0 0 0.0356062 0.0166942 0 0.488874 0 0 0.144364 0.0417889 0 0 0.0411559 0 0.0352128 0 0 0.184457 0.0458955 0 0.00414727 0.0209808 0 0 0 0.0128143 0 0.126955 0 0.0946685 0.0178544 0.162522 0.332779 0.471569 0 0 0 0.0355289 0.0358092 0.0368724 0 0.0196981 0 0.0633983 0 0.0233875 0 0.190546 0 0.0316147 0 0.063871 0 0.0742547 0 0.0870425 0.0565142 0.119545 0.0915827 0.162112 0.101135 0.2287 0 0 0.168802 0.0862161 0.0440159 0.0229762 0.00465967 0 0.0647437 0.00454794 0.0292867 0.0152634 0.00964752 0 0.0688753 0 0.0530818 0.0991576
191 12.7688 -0.0119504 -0.0344116 0.0550036 0.276076 -0.0731006 14.8382 0.161976 -0.128121 0.0186626 -0.103108 -0.0437444 0.334213 -0.0750964 0.074318 0.0620956 -0.354647 0.014394 0.0295794 0.00627487 0.331428 0.386849 -0.0344938 0.330737 0.24064 -0.00147685 -0.0219363 -0.00460222 -0.0606521 0.0242048 0.0234894 -0.100252 0.0357081 -0.0183596 0.192356 -0.0371017 -0.0658315 0.156024 0.0445866 0.0574005 0.137362 0.146596 1.33963 0.478841 0.688841 0.0490818 0.00307514 0.151286 -0.0137896 -0.0525604 0.501635 -0.119348 -1.38235 0.178939 0.70038 0.0134917 -0.0928431 -0.101396 -0.604527 -0.452647 -0.068827 -0.186259 1.10276 1.49235 -0.00708034 0.290235 -9.62676e-10 -1.34731 0.566878 -0.30133 -0.0117836 0.020295 0.196777 0.149557 0.192184 -3.48646 -5.3972 -2.88753 -3.10629 0.787339 0.820863 0.186824 0.428265 -0.0611866 0.221143 -0.0624404 0.421849 -8.87261e-10 0.845256 0.125021 -0.217361 -0.549536 0.0852641 3.05987e-09 -0.191882 1.15438e-10 0.191883 1.10527 0.865802 0.186149 -0.984782 0.640409 -0.615694 1.3629e-09 -0.573948 -2.77466e-10 0.194878 -0.120114 -0.799103 0.0488363 3.1552e-10 0.211156 -0.321854 0.27807 0.923889 14.8281 -0.0661906 -0.141722 1.11474 0.0224533 0.0159416 0.00429255 0.0151138 0.0042673 0.0110617 0.0296179 0.02557 0.0816841 0 0 0.036483 0 0.0370535 0.00157104 0.0473701 0.071025 0.0163831 0.01797 0.176609 0.0417656 0.157986 0.024851 0.24158 0.0451709 0.250904 0.0445338 0.104365 0.0588587 0.185286 0.084551 0 0.0468778 0 0.0317106 0 0 0 0.0251512 0 0.0460033 0 0.33058 0 0.0367014 0.0446942 0.0143413 0.00108594 0.0798865 0.015068 0 0.0339834 0.0283418 0 0.0280583 0.0255683 0.0342148 0 0.00662098 0 0 0 0 0.0314885 0 0.0160286 0.0377503 0 0.0292216 0 0.0223156 0 0.0250056 0 0.0169286 0.0127238 0.0339761 0 0.00871545 0.000366358 0.02103 0.0213194 0.0202078 0 0 0.0899912 0 0.000460207 0 0.273684 0 0.247379 0.00586968 0.23275 0 0.315966 0.0243683 0.00514275 0 0.226818 0.00231885 0.240712 0.0383556 0.0115841 0 0.0407832 0 0.325564 0 0.031392 0 0 0.00504044 0 0 0 0.0443349 0 0.0674995 0.32954 0 0.214892 0 0.0274628 0.00765823 0.00690677 0 0.0783834 0 0.263193 0 0.321903 0.0566111 0.109393 0.00397421 0.0117643 0.0541153 0 0.0139788 0 0.0170077 0.179403 0.00891716 0.0153075 0.031901 0 0.00458793 0 0 0 0.0218752 0.00446091 0 0.0346759 0.00387888 0.0566103 0 0.300652 0 0 0.0496967 0 0.0378525 0 0.0499404 0.00639058 0.0202944 0.213765 0.0125282 0 0 0 0 0.0328602 0 0.03551 0 0.0181477 0 0 0 0.077102 0.105365 0 0.00164551 0.00361619 0.156039 0.316904 0.252258 0.076556 0.0635484 0.0974368 0.0677967 0.00807457 0 0 0.0845217 0.00296987 0.141273 0 0.0162812 0.0939044 0 0.656412 0 0.6003 0 0 0.00449249 0 0 0.190401 0.10278 0 0.104577 0 0.423645 0 0.354852 0 0 0.0226932 0.280287 0 0 0.0113549 0.0461134 0.0270684 0 0.502762 0 0 0.153436 0.0892371 0 0 0.0512183 0 0.0366563 0 0 0.196276 0.0548313 0 0.00810647 0.0422823 0 0 0 0.030724 0 0.198678 0 0.156868 0.00241353 0.0920866 0.0550033 0.564264 0 0 0 0.056389 0.0263521 0 0 0.0268056 0 0.0684688 0 0.030901 0 0.197427 0 0.0382095 0 0.0604933 0 0.0828715 0 0.0904935 0 0.228845 0 0.319172 0.0161693 0.422272 0 0.00111752 0.117869 0.0714235 0.0513241 0.0121957 0.000806358 0.0109868 0.0985117 0 0.0165548 0.00771764 0.0138384 0 0.0633884 0 0.0524717 0.105688
192 12.8021 -0.0159914 -0.0463393 0.0330916 0.27308 -0.080675 14.8751 0.213452 -0.125987 0.0384893 -0.103108 -0.0755911 0.33436 -0.0430266 0.0115789 0.0841246 -0.36321 0.0424585 0.0308807 -0.0419536 0.109216 0.221388 -0.0626829 0.342947 0.251364 0.0043001 -0.0103277 0.00305034 -0.0514808 0.022149 0.0352594 -0.100137 0.0475186 -0.018717 0.185116 -0.0496793 -0.0603689 0.155847 0.050853 0.0578917 0.147145 0.16605 1.36291 0.520844 0.676848 0.0495447 -0.00572867 0.150799 -0.032229 -0.0539578 0.487416 -0.115002 -1.40936 0.178658 0.700629 0.00914361 -0.0666463 -0.127056 -0.218085 -0.706203 -0.0499179 -0.274141 1.12438 1.62517 0.195418 0.556892 -7.48955e-10 -1.3591 0.0999718 -0.383379 -0.00412186 -0.013122 -0.287166 1.07192 0.0629593 -0.648033 -4.80649 -6.33066 0.955228 -0.0628226 -0.0688148 0.0593647 0.363025 0.273851 0.315463 -0.105891 0.330423 -7.95547e-10 -0.0219983 -0.0592991 -0.207832 -0.0435542 0.270094 4.17857e-09 8.96433e-11 2.59752e-10 0.373228 0.723607 0.791437 0.0879217 -0.587932 0.8437 -0.277134 2.02728e-09 -0.288713 -4.50888e-10 0.0402753 -0.495297 -0.399609 0.12111 1.03429e-10 -0.0573829 0.409161 0.275799 0.917605 14.865 -0.0720999 -0.222948 1.10064 0.0301203 0.00456268 0.00933238 0.00877913 0.00629223 0.00302938 0.0326864 0.0227797 0.0859029 0 0 0 0 0.000617559 0 0.0177782 0.0735072 0.0341658 0 0.186576 0.0193513 0.178101 0 0.257305 0.00794583 0.267061 0.0275392 0.155174 0.0418259 0.239294 0.102822 0 0.0781526 0 0.0871306 0 0 0 0.0381212 0.0755677 0.00791701 0 0.287585 0 0.0316306 0.0505761 0.00986829 0.00381348 0.0369714 0.00202105 0 0.0403486 0.00886554 0 0.00862939 0.01411 0.0108838 0 0.00468123 0 0.00736119 0 0 0.0185587 0 0.0134889 0.0179717 0 0 0 0.00205913 0 0.0103742 0 0.0331694 0.0172031 0 0 0.0124253 0.00488256 0.0322909 0.0272645 0.0138508 0 0.00437471 0.0749529 0 0.000567006 0 0.255879 0.000139567 0.226432 0.00348493 0.216778 0 0.29208 0.00485064 0 0 0.208994 0 0.22663 0.025287 0.00893619 0.0291594 0.0553254 0 0.289002 0 0.0194824 0.00826281 0 0.0456605 0 0.0276852 0 0.100189 0 0.114635 0.351893 0.0170968 0.194905 0 0 0 0.0016446 0 0.0824125 0 0.243026 0 0.325301 0.0312625 0.117219 0.00179608 0.0152462 0.0668088 0 0.0081028 0 0.00587954 0.171494 0 0.0163572 0.0518502 0 0.0106402 0 0 0 0.0236089 0.00283763 0 0.0340093 0.000192071 0.0458864 0 0.304146 0 0 0.0716405 0.0327766 0.0142265 0 0.0344441 0 0.0584252 0.206893 0.0222445 0 0 0 0 0.0291538 0 0.0350736 0 0.0144848 0.00247614 0 0 0.072553 0.105702 0 0.000943837 0.00260111 0.142011 0.312126 0.214912 0.0440221 0.0328131 0.0906714 0.0769104 0.00353348 0 0 0.0928101 2.2779e-05 0.153699 0 0.0376306 0.104739 0 0.651137 0 0.595198 0 0 0 0.00200495 0 0.17904 0.127324 0 0.140984 0 0.334952 0 0.258499 0 0.0215925 0.0199645 0.20067 0 0.0988311 0.106442 0.0512147 0.0193552 0 0.489687 0 0 0.192427 0.082213 0.000561933 0 0.0602189 0 0.0405249 0 0.0188247 0.203141 0.0985764 0 0.00258873 0.0446262 0.0431886 0.0959063 0.00923708 0.0231474 0 0.205057 0 0.159003 0.00216997 0.0722036 0 0.480614 0 0 0 0.0724296 0.00414406 0 0 0.040522 0 0.0591373 0 0.0180978 0 0.14637 0 0.0183488 0 0.0475027 0 0.0643737 0 0.0697474 0 0.227548 0 0.321317 0 0.425298 0 0.000864444 0.122862 0.0405606 0.0521073 0.00498505 0.00163961 0.0026433 0.109038 0.00127986 0.0221891 0.00721328 0.0159937 0 0.0413556 0 0.0580419 0.11519
193 12.8355 -0.0142364 -0.0475589 0.0135916 0.270217 -0.0886743 14.9131 0.256332 -0.107314 0.0594794 -0.0968499 -0.111454 0.318599 -0.0531193 -0.000688742 0.0671043 -0.376117 0.0727695 0.0160383 -0.049517 0.0473799 0.0321968 0.00404312 0.339157 0.248676 -0.00301273 0.00223332 0.00877478 -0.0397336 0.0217884 0.04293 -0.102122 0.067375 -0.0149411 0.18402 -0.0793801 -0.0599454 0.155847 0.050853 0.0578917 0.132587 0.189833 1.39112 0.492735 0.661575 0.0732777 0.00924135 0.150697 -0.0360519 -0.0542472 0.462274 -0.126739 -1.41743 0.185778 0.700896 0.0154392 -0.0610529 0.123742 0.152299 -0.603463 -0.0357053 -0.236265 1.15668 1.199 0.526474 0.571259 0.265365 -0.493962 -0.56808 -0.538057 -0.848392 -1.16656 -0.275155 0.920399 -0.415601 -0.0100422 -0.83188 -4.70577 1.65678 0.0693725 0.171905 -0.299307 0.425559 0.155002 0.251465 -0.0114917 0.235434 -1.24557e-09 0.201223 0.0892459 -0.124712 -0.488321 0.105838 8.36497e-09 6.61881e-10 8.09036e-10 0.329818 0.465594 0.608533 -0.56297 -0.0258399 -0.369636 0.374832 1.5306e-09 -0.0511454 -5.92969e-10 -0.14901 -0.880552 0.221287 0.102326 3.38876e-12 0.0171315 0.221323 0.273291 0.910499 14.9017 -0.0784914 -0.199058 1.10316 0.051482 0 0.021481 0 0.0183257 0 0.0578345 0.0244869 0.0924345 0.0227949 0 0.0502895 0 0.0725996 0 0.0981778 0.0736597 0.0830811 0.00100827 0.156905 0.0165808 0.101527 0 0.214463 0 0.17364 0.0149854 0.0941412 0.0372769 0.135605 0.0816676 0 0.0597695 0 0.0848031 0 0 0.000681539 0.0509047 0.282853 0.00240916 0 0.202838 0 0.0319881 0.0566418 0.00211162 0.0207602 0.0299529 0 0 0.0453876 0.00316698 0 0.00685474 0.000597772 0.00118832 0 0.00415267 0 0.0124917 0.0127082 0 0 0.00290612 0.00312871 0.0356094 0 0.0304285 0 0.0284755 0.0183107 0.0457951 0 0.0434156 0.0265737 0.0217789 0 0.0142055 0.0200566 0.0366078 0.0393713 0.0122338 0.0296142 0.020088 0.0494976 0.000301319 0.0011975 0.00453811 0.323848 0.00630517 0.269827 0.00853463 0.264229 0 0.361604 0 0.00439582 0 0.270086 0 0.303255 0.0220737 0.0159875 0.00891194 0.16153 0 0.656288 0.00104249 0.0059393 0.021697 0 0.0631049 0 0.0250016 0 0.0777859 0 0.0910573 0.604383 0.0168813 0.423334 0.0085392 0.0243135 0.00491983 0 4.92278e-05 0.0923215 0 0.348025 0 0.428996 0.00887277 0.165165 0 0.00149934 0.0698864 0.0186713 0.00660882 0 0.0246176 0.202833 0.00169998 0.0712355 0.0444912 0 0.0111464 0 0 0 0.00661447 0 0 0.0150885 0 0.0315964 0 0.394556 0 0.000346017 0.0646979 0.0421335 0.011337 0 0.0303444 0 0.090574 0.158238 0.0195839 0 0 0 0.0201397 0.0218435 0.0323614 0.0295013 0 0 0.00648013 0 0 0.110975 0.134798 0 0.000509453 0.00267801 0.180841 0.350133 0.205473 0.0116337 0.0376717 0.0867976 0.0741394 0.0133595 0 0 0.12302 0 0.217002 0 0.0804216 0.134907 0 0.543491 0 0.440166 0 0 0 0.00915675 0 0.239906 0.187379 0 0.175102 0 0.179938 0.327674 0.180143 0 0 0 0.123912 0.291777 0.155657 0.282639 0.0647153 0 0 0.573034 0 0 0.2153 0.0735353 0 0 0.050707 0 0.0670912 0 0.0427291 0.209411 0.108745 0 0 0.0319082 0.0791776 0.428505 0.00388111 0.0187915 0 0.21747 0 0.200364 0.00818467 0.0808135 0 0.371914 0 0 0.00803356 0.0999989 0.00256451 0 0 0.0669574 0 0 0 0 0.00228609 0 0 0 0 0 0 0 0.000477056 0 0 0.265828 0 0.375689 0 0.492567 0 0 0.228597 0.0273094 0.0535623 0.0179934 0.00606971 0 0.163794 0 0.044189 0.0172691 0.0183517 0 0.0317396 0 0.0724898 0.157337
194 12.8688 -0.014884 -0.0519427 -0.00408164 0.267087 -0.0946252 14.9519 0.260572 -0.100953 0.0760043 -0.0177709 -0.133912 0.318471 -0.0892379 -0.0619264 -0.0274189 -0.383049 0.100266 -0.00134452 -0.00751401 0.0639616 -0.115762 0.0442023 0.340906 0.256079 -0.00998541 0.0132787 0.0103138 -0.0300475 0.0253646 0.0481487 -0.102113 0.0394419 -0.00850094 0.187298 -0.0619628 -0.052637 0.155847 0.050853 0.0578917 0.104934 0.221388 1.41243 0.414292 0.676817 0.0728774 0.0152779 0.150676 -0.0368312 -0.0543062 0.42022 -0.141245 -1.41529 0.179505 0.679572 0.0160731 -0.0754924 -0.187182 -0.0929631 -0.489563 -0.0304938 -0.166051 1.22415 0.0812242 0.10631 0.412423 2.83213 -0.0341745 -0.0859685 -0.81915 -2.2889 -3.11957 0.29742 0.892233 -0.376098 1.41886 0.757077 -3.66946 0.368328 0.212932 0.34429 -0.28389 0.291379 -0.0162199 0.429186 0.119077 0.167561 -1.28314e-09 -0.826739 0.117287 0.115626 0.494838 0.164861 1.07321e-08 1.14717e-09 1.03481e-09 0.0290848 0.450675 0.343673 -0.879051 1.67078 -1.39687 0.565764 2.36757e-09 -0.235961 -4.88282e-10 0.150118 -0.793548 0.494614 -0.0203392 -0.517934 -0.0837425 -0.178534 0.270567 0.90467 14.9392 -0.0840852 -0.150045 1.14183 0.0742029 0 0.0546601 0 0.0531554 0 0.0583413 0.0124173 0.0293573 0.0443883 0 0.132719 0 0.167453 0 0.197519 0.0500231 0.137517 0 0.0847469 0.00286675 0.0396168 0 0.106268 0 0.09062 0 0 0.00912165 0 0.0326359 0 0.0238493 0.00299889 0.0581114 0 0.000877394 0.00477613 0.0610051 0.411807 0 0 0.161204 0 0.0303449 0.0224273 0.00318087 0.00744967 0.0121222 0.00553515 0 0.0413108 0 0 0 0 0 0 0.00103973 0 0.0059547 0.0152128 0.00361377 0 0.00742244 0 0.0384022 0 0.0409256 0 0.032428 0.0342091 0.0476487 0.0249836 0.0360852 0.0188487 0.0281499 0 0.00934025 0.0341204 0.0283529 0.0443782 0 0.0926719 0.0423488 0.00101548 0.00035599 0.00136521 0.00456603 0.358856 0.00760997 0.304343 0.008161 0.291009 0 0.392226 0.00890917 0.0179241 0.0012087 0.303989 0.0008904 0.347181 0.0179933 0.0305835 0.00299273 0.146831 0 0.712429 0.0260329 0.00400689 0.0439818 0 0.0758678 0 0.0107552 0 0.0315847 0 0.0902627 0.714914 0.0387403 0.495105 0.0405646 0.0528587 0.0363185 0 0.0100342 0.0192249 0 0.304463 0 0.424684 0.0147954 0.0913773 0 0 0.0337671 0.043985 0 0 0.043354 0.241503 0.000876784 0.138 0.0573878 0 0.016166 0 0 0 0.0453399 0.0189393 0 0.00182593 0 0.0154025 0.0490063 0.500478 0 0.00210966 0.0410453 0.111327 0 0 0.0119394 0 0.150499 0.142585 0.0154082 0 0 0 0.0303223 0.0330533 0.0399303 0.0423781 0 0 0.00711951 0 0 0.115744 0.0746108 0 0 0.00235677 0.187973 0.307863 0.187508 0.0206931 0.0763443 0.0927083 0.0468685 0.0315676 0.0029883 0 0.174926 0 0.268765 0 0.0976223 0.0732287 0 0.561023 0 0.441218 0 0 0 0.00152498 0 0.202205 0.20873 0 0.193191 0 0.13558 0.20313 0.156919 0 0.0180658 0 0.113334 0.191322 0.214753 0.366215 0.0400812 0 0 0.61949 0 0 0.26102 0.0857148 0 0 0.0357651 0 0.08699 0 0.0860771 0.242684 0.0749611 0 0 0.00158055 0.100447 0.580501 0 0.0545644 0 0.173308 0 0.193005 0.0236794 0.102314 0.0162156 0.377103 0 0 0.0225068 0.116204 4.95128e-05 0 0.0147346 0.0903444 0 0 0 0 0.00158725 0 0 0 0 0.000596818 0 0 0.00279122 0 0 0.238845 0 0.28393 0 0.387026 0 0 0.217513 0 0.064626 0.00411748 0.0404401 0 0.179508 0 0.0215486 0 0.00701509 0 0 0 0.120334 0.212376
195 12.9021 -0.0299412 -0.0732059 -0.0331857 0.262517 -0.0983562 14.9939 0.251272 -0.127402 0.0912164 0.115379 -0.107133 0.358148 -0.108933 -0.181451 -0.174483 -0.358149 0.132677 0.00701488 0.0552177 0.0796052 -0.225992 0.0258158 0.346625 0.262284 -0.0126561 0.0269079 0.0144155 -0.0143472 0.0292968 0.0595594 -0.102004 -0.0019676 0.00262119 0.200203 -0.0208492 -0.0428208 0.155855 0.0505801 0.0578703 0.0778943 0.253613 1.41536 0.325155 0.702738 0.0476724 0.0437808 0.150691 -0.0362782 -0.0542643 0.384229 -0.159799 -1.40801 0.168109 0.668271 0.0262824 -0.102823 -0.488656 -0.61185 -0.862049 -0.0449487 -0.137804 1.31957 -0.235745 -0.919622 0.38821 3.9184 1.34489 1.65833 0.734847 -4.39017 -4.42061 1.00963 0.808146 0.568097 1.76705 0.896591 -2.90369 -0.775847 0.0737853 0.00826644 -0.202071 0.327357 0.0951009 0.511701 0.120615 0.322704 -1.83066e-09 -1.38165 0.250918 0.349326 1.34689 0.13031 1.26119e-08 1.11961e-09 1.0962e-09 -0.27153 0.103487 -0.0929236 -0.5943 2.20183 -1.63487 0.896393 2.41518e-09 -0.0835468 -3.81144e-10 -0.149603 -0.634391 0.526373 0.00231569 -0.165483 0.174198 -0.624291 0.267569 0.900494 14.9782 -0.0981584 -0.108757 1.19052 0.0747614 0 0.0483066 0 0.0404518 0 0.0783798 0.0126615 0.0461629 0.0853622 0 0.0573267 0 0.104651 0 0.144843 0.037463 0.149911 0 0.0276184 0 0.00562896 0 0.0246318 0 0.0354424 0 0 0 0 0.0179755 0 0 0 0.00256363 0 0.00254295 0.0141178 0.0939864 0.453982 0 0 0 0 0.0240421 0.0365015 0.022243 0 0 0 0 0.0375356 0 0 0 0.00795178 0 0 0 0 0 0.0196832 0.00136032 0 0.00612075 0 0.0539581 0 0.0520506 0 0.0507472 0.0144893 0.0830064 0.0804442 0.0234154 0.0186738 0.059461 0 0.00557106 0.03824 0.0229395 0.0498142 0 0.0932528 0.0388191 0 0.00014962 0.00150055 0 0.221511 0 0.198736 0 0.205235 0 0.289839 0.00648842 0 0 0.162536 0 0.249122 0.0164842 0.0245941 0 0.377485 0 0.597819 0.0553196 0 0.0268166 0 0.0286755 0 0 0 0 0 0.0510381 0.711845 0.0566723 0.471979 0.106867 0.0334658 0.0665224 0 0 1.50502e-06 0.0781853 0.227894 0.0491752 0.389102 0.0142234 0.00412721 0 0 0.00293817 0.0627922 0 0 0.0818653 0.290826 0 0.150668 0.0568682 0 0 0 0.00556659 0 0.00917685 0 0 0.00489482 0.0026855 0.0134417 0.139983 0.587899 0 0.00206131 0.00305848 0.174312 0 0 0 0 0.196754 0.0919821 0.0227164 0 0 0 0.0501738 0.0646829 0.0646756 0.0752863 0 0 0 0 0 0.0528096 0.0507616 0 0 0.000707633 0.224024 0.237089 0.160879 0.0298648 0.0681143 0.0917611 0.0439989 0.0389928 0 0 0.123882 0 0.228822 0 0.194992 0.125557 0.00551691 0.605853 0.00740304 0.50766 0 0 0 0.00589387 0.034897 0.144147 0.244805 0 0.211092 0 0.0349303 0 0.0685403 0 0.0186058 0 0.0141111 0.0372449 0.26661 0.430435 0.00846787 0 0 0.514464 0 0.0109536 0.273956 0.071518 0 0 0.023582 0 0.101449 0 0.117577 0.251147 0.0312036 0 0 0 0.150722 0.676787 0.00406644 0.079489 0 0.130514 0.0075466 0.16796 0.0346985 0.0875182 0.0855598 0.138035 0 0 0.0328148 0.159454 0.00375273 0 0.0330608 0.150145 0 0.0204017 0 0 0 0.103197 0 0 0 0.0408012 0 0.0486715 0 0.0364635 0.00339962 0.209761 0.000479006 0.187244 0.0217696 0.271233 0 0 0.339151 0.0108881 0.102157 0.0132098 0.0198769 0 0.18347 0 0.0418354 0.0119575 0 0 0 0 0.152783 0.228092
196 12.9355 -0.0653237 -0.113313 -0.0952667 0.255208 -0.0999479 15.0383 0.203008 -0.157825 0.129939 0.339571 0.0850633 0.388027 -0.157578 -0.462409 -0.535321 -0.298945 0.166492 0.0658354 0.128684 0.154964 -0.324121 0.0351883 0.353233 0.267141 -0.00135296 0.0441177 0.036479 0.00624415 0.0351288 0.0837448 -0.101976 0.00730772 0.0228829 0.219277 -0.0272044 -0.0338748 0.155818 0.051871 0.0579714 0.0822189 0.307905 1.38882 0.222589 0.695438 0.0129725 0.0518409 0.133756 -0.0511536 -0.055662 0.358912 -0.135828 -1.40839 0.172161 0.672645 0.0260935 -0.105858 -1.4171 -0.615298 -1.76115 -0.061424 -0.133233 1.43168 -1.32587 -0.746755 1.28558 6.56529 8.46361 0.331372 2.54797 -11.5365 -11.8924 2.17954 0.295114 1.82526 2.10079 2.76698 -2.11552 -0.490017 0.315245 0.309154 0.284811 0.329381 0.535399 0.788067 0.0782508 0.707436 -1.65645e-09 -0.124052 0.543348 0.62101 0.175515 0.30915 9.79147e-09 9.13644e-10 8.99495e-10 -0.481894 -0.401814 -0.481626 -0.25724 1.93765 -2.5187 1.5403 -0.11598 -0.616781 -1.98953e-10 -0.474906 -0.299472 0.363937 -0.00663573 0.0750684 -0.103582 -0.454992 0.263846 0.897921 15.02 -0.128309 -0.0556019 1.30135 0.115305 0 0.104296 0 0.0895126 0 0.107964 0 0.0205849 0.0128813 0.0271863 0 0.00673321 0 0 0.039673 0.0134151 0.130543 0.0232439 0.00120341 0.0438378 0 0.0387266 0 0.0810541 0 0.0278767 0 0.0486902 0 0.0262579 0 0 0 0 0.0154322 0.00314075 0.0135574 0.0653182 0.408673 0 0 0 0 0.0239221 0.0385888 0.00955659 0.00341224 0 0 0 0.0212335 0 0 0.00591654 0.0155003 0 0 0 0 0 0.00137933 0.00923682 0 0.00376396 0 0.0535725 0 0.053885 0 0.0449459 0 0.0711854 0.0265522 0 0 0.0476453 0 0 0.031221 0.00311358 0.0369145 0 0.0752728 0.0158715 0 0 0.00134885 0.000103615 0.368147 0.00976151 0.311839 0.0113802 0.309622 0 0.365727 0.00642463 0 0 0.36586 0.0019708 0.372352 0.0150178 0.0233109 0 0.0130262 0 0.417159 0 0.00192152 0 0 0.00843348 0 0.0211061 0 0.00154268 0 0 0.551777 0 0.339072 0.0187059 0.0183124 0 0 0 0.00686356 0.0332827 0.0681746 0.00112869 0.173525 0.0506637 0 0.0257983 0 0 0.0264229 0 0 0.114321 0.249261 0.0260466 0.19412 0.0590884 0 0.0072563 0 0.0134177 0 0.0888698 0.0591832 0.0170677 0 0.0323536 0 0.131179 0.534912 0 0.00232559 0 0.178492 0 0 0.003338 0 0.17976 0.0949899 0.00370642 0 0 0 0.00733554 0.0253887 0.0237362 0.0296033 0.00315848 0 0.0230001 0 0 0.0741007 0.0687192 0 3.49551e-05 0.00303278 0.120846 0.0863104 0.138065 0.10542 0.120714 0.125201 0.0707808 0 0 0 0.0892485 0 0.103799 0 0.10699 0 0 0.248087 0.0178227 0.191273 0 0 0 0.0119795 0.0437234 0.0357077 0.247284 0 0.192352 0 0.0106013 0.00605037 0.0534944 0 0 0 0 0.031483 0.177121 0.346765 0 0 0 0.663778 0 0 0.368599 0.0639666 0 0 0.00980938 0 0.125679 0 0.111813 0.248354 0 0 0.0149675 0 0.0622826 0.57693 0 0.0304644 0.0250854 0.0225961 0.00606748 0.0453128 0.0177545 0.13067 0.0981408 0.637803 0 0.00225494 0.0184516 0.144535 0 0.0137005 0.0163531 0.149658 0 0.0342248 0 0 0.00277813 0.253795 0 0.0313077 0 0.0615343 0 0.1018 0 0.0654081 0.019298 0.0745196 0.0418264 0.0151225 0.0558835 0.0207824 0.0504317 0 0.326004 0 0.226743 0 0.0828068 0 0.100073 0 0.0356777 0 0 0 0 0 0.142893 0.20405
197 12.9688 -0.0886317 -0.157107 -0.122559 0.250486 -0.105575 15.0835 0.0679885 -0.177805 0.126366 0.654972 0.384334 0.327426 -0.10221 -0.598777 -0.59687 -0.210616 0.166663 0.0774524 0.120008 0.28633 -0.225221 0.096112 -0.0148416 -0.0623737 -0.00201466 0.0503707 0.0405097 0.0238903 0.0392071 0.0827614 -0.10179 -0.00982455 0.0418546 0.232855 -0.00339445 -0.0225911 0.155818 0.051871 0.0579714 0.05886 0.312742 1.38364 0.153821 0.701048 -0.0125265 0.020188 0.151326 -0.038967 -0.0542869 0.37755 -0.200838 -1.3817 0.166751 0.648101 0.0388872 -0.0791997 -0.476772 -0.610153 -0.444539 0.121644 -0.415812 1.30701 -3.82376 -0.401499 0.155004 7.865 6.49047 -3.21837 3.2971 3.53176 1.93818 2.07043 -0.962842 0.223466 0.989012 -7.8564 7.95695 -6.35885 -3.60605 7.10938 -0.122492 -0.188692 -0.261235 0.395187 0.146828 -0.0219097 -1.6541e-09 0.215065 0.641852 0.474034 -0.275687 0.0818286 5.70915e-09 3.38425e-10 3.82468e-10 -0.363916 -0.767845 -0.234446 0.269658 1.91644e-10 -1.04254 -0.66477 2.15771e-09 -0.57727 -2.14044e-10 0.204857 0.058126 0.665844 0.023525 -0.0616216 0.104508 0.341885 0.259707 0.892132 15.0642 -0.109709 -0.279879 1.31703 2.33222e-05 0.058206 0.00278889 0.0511611 0.00328434 0.0341694 0.0200368 0.0638017 0 0.175636 0.00971761 0.0379811 0.00518613 0.0434688 0.0137232 0.0536519 0.0335736 0.0523328 0.0285272 0.00297714 0.026398 0.0269751 0.0379603 0.0121904 0.0499042 0.0123991 0.00281585 0.0139796 0.0166163 0.0150543 0.00290654 0.00225691 0 0.00388473 0 0 0.00355101 0.0115759 0.0496752 0.202282 0 0 0.0153746 0.00742868 0.00544119 0 0 0 0 0 0 0.00145538 0 0 0.00591132 0.0284541 0 0 0 0 0 0 0.00234666 0 0.00571269 0 0 0.00554038 0 0 0 0 0 0.0538785 0.00918913 0 0 0.090801 0.0021562 0.00702852 0.0171058 0.0060506 0 0.034268 0.0372069 0.0145298 4.96189e-05 9.54612e-05 0.147114 0 0.111902 0 0.125018 0 0.123371 0.0878275 0 0.0351521 0.162883 0.0171027 0.16225 0.0173338 0.00999151 0.0343962 0.187189 0 0.0947653 0 0.0258418 0.0153139 0.036268 0 0.0391419 0 0.028729 0 0.00325795 7.83853e-05 0 0.171179 0.0123486 0.0281583 0.0249238 0.00710941 0.0627592 0.00487548 0.0199355 0 0.0640466 0.0382861 0.00762764 0.0332118 0.0362047 0 0.00556707 0 0 0 0 0 0.100462 0.217652 0 0.320104 0.0159742 0 0 0 0 0 0 0 0.00990976 0 0.0233554 0 0.159234 0.617227 0 0.00272278 0 0.0717629 0 0 0 0 0.166252 0.272125 0.0179469 0.0179224 0.0235825 0.0461796 0 0.01611 0 0.0167495 0.0073254 0 0.0096016 0 0.0225473 0 0.0342339 0 0 0 0 0.323195 0 0.303077 0.0488385 0.0766409 0 0.160461 0.0097571 0 0 0.13271 0 0.21084 0.134698 0 0.163324 0.121364 0.118966 0.111281 0.0026529 0 0 0.0232401 0.0188265 0 0.245056 0 0.162351 0 0 0.00796734 0.0136913 0 0 0 0 0.00747455 0.157868 0.0941093 0 0.012907 0.156302 0 0.150339 0 0.304824 0.123588 0 0 0.00972899 0 0.0367389 0 0.0979698 0.375608 0.00322138 0 0.00825509 0 0.064372 0.156925 0.0165885 0.0152387 0.0306084 0.0243346 0.0381178 0.0191058 0 0.238351 0 0.00370895 0 0.0268033 0.0349097 0.0980733 0 0.0311469 0.0488784 0.113222 0.0251603 0 0.0224628 0 0.071535 0.188902 0.0425282 0.0573056 0.0208336 0.0402721 0.03774 0.088506 0.0289951 0.00977782 0.0263135 0.00484758 0.0521201 0.00279421 0.0725555 0.0153748 0 0 0.212314 0.19849 0.215809 0 0.00234455 0 0 0.169516 0.0451992 0.0394687 0 0 0 0 0.110734 0.184521
198 13.0021 -0.0950365 -0.159307 -0.129928 0.24662 -0.105361 15.1259 -0.0485533 -0.181945 0.126792 0.800723 0.819504 0.19327 0.02766 -0.566284 -0.596 -0.118937 0.187716 0.0856451 0.0827587 0.134185 -0.215159 0.0472317 0.0270038 0.0591464 -0.0083669 0.0618274 0.0324922 0.0260986 0.0385376 0.0753719 -0.104115 0.0860952 0.0516485 0.234258 -0.0808144 -0.0170139 0.155794 0.0527166 0.0580377 0.170941 0.379447 1.34344 0.0748918 0.6326 0.00172217 -0.0153478 0.149283 -0.0524779 -0.0553595 0.399168 -0.192222 -1.34565 0.259533 0.702262 0.0395122 -0.0518713 -0.216834 1.06469 -0.0528871 0.0832917 0.183437 1.20696 -2.70658 0.409573 0.640236 1.41681 1.37409e-08 -4.08382 10.185 11.4035 1.49083 2.65485 0.776962 0.239021 -2.10238 0.285809 -1.84792 0.229129 -0.713065 -0.993494 0.0901111 0.636833 -0.101698 -0.245526 -0.105787 -0.352023 -1.88451e-09 5.11456 2.05301e-09 0.156105 -4.21188 1.33498 8.72975e-09 4.7116e-10 7.04803e-10 -0.127612 -1.54246 0.0931246 -1.12202 1.191 -0.973396 0.668978 0.846305 -6.7432e-10 -3.40206e-10 -1.17623 -2.00979 1.46606 0.444093 8.25266e-10 -1.22721 0.480658 0.257092 0.8921 15.1057 -0.0651424 0.268951 1.18951 0 0.0819975 0 0.0472994 0 0.0274578 0 0.0665353 0 0.166288 0.0953259 0.0730911 0.0898479 0.060329 0.0941497 0.063512 0.0463843 0.0346919 0 0.054779 0 0.0568778 0 0.0934423 0 0.127716 0 0.158999 0 0.177379 0 0.00166957 0.000450533 0 0.0420899 0 0.00342097 0.0442949 0.0615128 0.26632 0 0 0.0248123 0 0.0256241 0.0308318 0 0 0.0646069 0 0 0 0 0 0 0.0408336 0 0 0 0 0 0 0.0349602 0.0174673 0.0201529 0.011635 0 0 0 0 0 0 0.0216534 0 0.0118648 0.00508154 0.0190188 0 0.0087597 0.00842684 0.0199832 0.0192884 0.0117574 0.0398615 0.0846724 0.128484 0.00334972 0 0.0949552 0.122656 0.0563173 0.0828364 0.058678 0.0988265 0.146208 0.121902 0.0219355 0.0423497 0.0438938 0.104279 0.185855 0.116254 0.0260443 0.019493 0.380928 0.484093 0.544079 0.0119121 0.194715 0 0.0146728 0 0.141283 0 0 0 0 0 0.428928 0 0.464685 0 0.435468 0 0.093399 0.0718374 0.0244457 0.000529956 0.0350347 0.041236 0.183142 0.0323902 0 0 0 0.00709179 0 0 0 0 0.058278 0.261097 0 0.242095 0 0 0 0 0.00984194 0 0 0.0472453 0 0 0 0.00752895 0.146206 0.609982 0 0.00960276 0.0149708 0.0111088 0 0 0 0 0.102525 0.298862 0.0519982 0 0.0647908 0.0594588 0.0166751 0 0.0103142 0 0.0258867 0 0 0 0 0.0416261 0 0 0 0 0 0.41156 0 0.341882 0.0424097 0.0767416 0 0.182088 0 0 0 0.17304 0 0.248593 0.0962234 0 0.028283 0.363555 0 0.405588 0 0 0.00632248 0 0 0.0573984 0 0.128218 0 0.0819226 0.0844029 0.0067195 0.169124 0 0.0121232 0.0225098 0.0951997 0.0212527 0 0.33008 0 0.0340557 0.536507 0.164298 0.334268 0.31451 0.32178 0.0376682 0 0.0141622 0 0.0186003 0 0 0.0713217 0.344572 0 0 0 0.0266849 0 0.355127 0.109873 0 0 0.104554 0.0511781 0.039877 0.082595 0.165748 0 0.390618 0 0 0.00576779 0.187176 0.0440974 0.0770022 0.00960062 0.246677 0.00488394 0.0233325 0 0.0457202 0.0940448 0.409761 0.00341384 0.0517758 0.0151347 0.0122117 0.0455853 0.106869 0.0427495 0.139178 0 0.0117065 0 0.113432 0 0.160039 0 0 0.0381873 0.234382 0.356219 0 0.0185063 0 0 0.192171 0 0 0 0 0 0 0.0714042 0.282968
199 13.0355 -0.0607107 -0.103994 -0.109398 0.245592 -0.0984966 15.1656 -0.153627 -0.177544 0.12266 0.827464 0.634992 0.125826 0.00731697 -0.603233 -0.603586 -0.0418018 0.213089 0.0502684 -0.0462605 0.173193 -0.290418 0.0541885 0.0105217 0.0278085 -0.0303144 0.0834322 0.0151892 -0.00867979 0.020465 0.0477655 -0.103029 0.0457793 0.053727 0.239946 -0.0344396 0.0085368 0.157119 -0.00302171 0.037613 0.143338 0.324655 1.39743 0.00930782 0.699433 -0.0311028 0.0731835 0.169523 -0.0244134 -0.0520695 0.198037 -0.245914 -1.34075 0.0729955 0.611455 -0.0443619 -0.122293 1.02983 2.37053 0.57446 0.0980633 0.0201362 1.18903 -2.39673 0.31229 0.183734 -0.3123 -5.96551 -0.91593 0.546593 0.5213 -2.38773 2.23696 0.627943 -0.772853 -3.74436 0.503852 -2.88898 0.15308 -0.140785 -0.195237 -0.261862 0.348071 -0.502053 -1.45661 -0.671176 -0.824626 -3.35377e-09 1.17918 7.37847e-10 -0.0106701 -0.763507 1.11822 4.55165e-09 -1.95272 -1.0229 1.5081 -1.73312 1.96592 0.303578 1.72248 0.208186 0.57122 8.85406e-09 -1.04314 -3.88685e-10 0.550582 -0.905435 1.26899 -0.534898 -1.32482 1.35864 -0.907402 0.25547 0.898426 15.1438 -0.0346221 0.0789345 1.12945 0.0424945 0 0 0 0 0 0.0549467 0.0535279 0.165584 0.0710595 0 0.043175 0 0 0.0324917 0 0.0486339 0.0649444 0 0.0757152 0 0.0828756 0.00188898 0.107011 0 0.200081 0 0 0 0 0.104372 0 0.0673388 0 0.195998 0 0.022351 0.00450288 0.24841 0.0421272 0 0.165308 0.0518686 0 0.0489604 0.105793 0.0777938 0.0874482 0 0.0862569 0 0 0 0.0159013 0.0276068 0.114556 0 0 0 0 0.0124144 0.00197223 0.00673485 0.0728953 0.0012837 0.0069736 0.0781081 0 0.0604989 0 0.0710976 0 0.164792 0 0 0.0171811 0.150058 0 0.00363895 0.010179 0.00841347 0.011989 0.0761277 0.0581814 0.0742555 0.0389341 0 0 0.0418892 0.0880931 0.00907051 0.0858379 0 0.109434 0.0186347 0.108977 0.0762056 0.0966091 0 0.145538 0.008703 0.153284 0.0355284 0.0586478 0 0.0414223 0.135068 0.1029 0 0 0 0 0 0 0.0480964 0 0.0291817 0 0.0427434 0.0830855 0 0.0954815 0.0502155 0.070753 0 0.00991169 0.084714 0 0.0689929 0.255579 0.00644859 0.332079 0 0 0 0.0030063 0 0 0 0 0.310756 0.469962 0 0.134192 0 0 0 0 0 0 0 0 0.000984544 0.0280619 0.0215389 0.101058 0.564926 0.512449 0.00183089 0.00386319 0.0224438 0 0 0.0618169 0 0.023476 0.200285 0.312056 0 0.135626 0 0 0.0736457 0.102084 0.0560751 0.0966581 0.0266425 0.0210205 0 0.0287236 0.0425893 0 0 0.170665 0 0.00913857 0 0.448401 0.163461 0.266249 0.0532255 0.217337 0.0264008 0.0597008 0.0212633 0.0162457 0 0 0 0.0496848 0.0912519 0.248931 0 0.790663 0.00561936 0.78649 0.0197233 0 0 0 0 0.252976 0 0.265758 0 0.0881961 0.138197 0 0.259551 0 0 0 0.108624 0 0.226656 0 0 0.0015326 0 0.112724 0 0.200717 0.147098 0.22423 0 0 0 0 0 0.0337686 0.224932 0.27745 0.0130833 0 0.0543648 0 0.285316 0 0 0.152527 0 0.356033 0 0.416657 0.00941606 0.218212 0.346529 0.127588 0 0.801835 0.0745309 0 0 0.232215 0.105701 0 0 0.0818834 0 0.109742 0 0.311844 0 0.255786 0 0 0 0.0390625 0 0 0.130241 0.283963 0.0924127 0.368137 0.11634 0.431479 0 0.0109081 0.164084 0.547857 0.177853 0 0 0 0.111556 0.0673053 0.0455534 0.110902 0 0 0 0 0.207213 0.260642
200 13.0688 0.00132855 -0.0637269 -0.109406 0.244389 -0.0977785 15.1983 -0.292402 -0.109006 0.155496 0.803479 0.360111 0.0339398 0.0757981 -0.552291 -0.600879 -0.0361332 0.215324 0.0426698 -0.105371 0.144532 -0.333429 0.047396 0.0281428 0.118955 -0.0195954 0.125088 0.032539 -0.0924883 -0.0122119 0.00421335 -0.101274 -0.0172745 0.0569473 0.22468 0.035885 0.0288605 0.158102 -0.0525444 -0.00691679 0.261625 0.328709 1.45253 0.0389472 0.694681 -0.0180658 0.0900816 0.168855 -0.0494882 -0.0528859 0.215751 -0.228849 -1.30608 0.179568 0.697674 -0.114319 -0.0715293 1.57929 0.851144 0.250604 0.0397728 -0.00246188 0.856873 -4.35044 2.6028 1.05751 -1.15614 -6.56568 -2.03162 3.06525 0.484023 -1.16465e-08 -0.57738 -0.0469269 -0.490042 -1.95275e-09 -1.21855 -0.656339 0.232199 0.240791 0.290117 0.828357 0.966379 0.335381 -2.33973 -0.520108 -1.34904 -4.44518e-09 -0.282058 1.14731e-09 -0.348317 0.635315 0.719903 5.39721e-09 -9.98472e-10 -0.789429 1.29462 -1.72681 1.87864 0.361017 -1.67487 1.42038 -0.430823 6.17346e-09 0.371979 -9.88984e-11 -1.68733 -1.26583 0.66228 0.346734 -2.39707 -2.86007 0.848945 0.254338 0.899197 15.1817 -0.0244143 -0.00271978 1.14304 0.0469396 0 0.00723589 0 0.0122599 0 0.00980383 0.0282073 0.172696 0 0.244865 0.133945 0.207518 0.0636671 0.230856 0.0613291 0.0229673 0.0389223 0 0.306593 0 0.40921 0 0.459045 0 0.697044 0 0 0 0.0291807 0.0337045 0 0.00661466 0 0.60977 0 0.0182251 0.0230426 0.0573702 0 0 0.360707 0.806075 0 0 0.0418998 0.0671073 0.120687 0 0.0968128 0 0 0 0.103772 0.0365908 0.182968 0 0 0 0 0 0 0.0559949 0.0862207 0.0160144 0.0207798 0 0.109564 0 0.118989 0 0.146134 0 0.0756108 0 0.0124974 0 0.106501 0.000919206 0.00239407 0.013607 0.011559 0.0189355 0.00596977 0.140044 0.131097 0 0 0.165663 0.116216 0.16814 0.0947016 0.173949 0.108845 0.191459 0.0958424 0.0908433 0.0787164 0.12202 0.107618 0.201509 0.115488 0.0406131 0.0630062 0 0.00682932 0.463416 0.0422611 0.0506371 0.0204881 0 0 0.514745 0 0 0 0.0181964 0 0.734661 0 0.405167 0 0.376214 0 0 0.454322 0 0.144528 0.129882 0.380704 0.191829 0 0.00616043 0.322976 0 0.587409 0 0 0 0.0141775 0.261885 0.301581 0.0690428 0.085501 0 0 0 0 0 0 0.0791309 0 0 0.586745 0 0.600215 0.619309 0.25912 0.00344655 0 0.411604 0 0 0.0937164 0 0 0.340142 0 0 0.114202 0 0 0.00963274 0.168296 0 0.18889 0 0.562204 0 0.553389 0.0248348 0 0 0.188604 0 0.00570682 0 0.882679 0.267186 0.761688 0 0.526588 0.0917687 0 0 0.0908984 0.0967871 0 0.130426 0 0 0.0768919 0 0.849992 0 0.91556 0 0 0 0 0 0.826358 0.00212383 0.263943 0 0.0943148 0.446261 0 0.773428 0 0 0 0.31419 0 0.00142128 0 0 0 0.623498 0 0.112316 0.0625352 0.0753256 0.255621 0 0 0.00926061 0.0193838 0 0.0372256 0.349756 0 0 0 0 0.374851 0 0 0.141891 0 0 0.755769 0.0192143 0.38022 0.130902 0.21989 0 0.359444 0 0.0256938 0.0986328 0 0 0.333426 0.11389 0.0333594 0.112351 0 0 0 0.258491 0.0755713 0 0.046761 0.0466443 0 0.102529 0 0.121739 0 0.00661246 0.643518 0 0.832173 0 0.882752 0 0.0973423 0.0869673 0.559137 0.18816 0 0.0465796 0.0197812 0.119169 0 0 0.040224 0 0 0 0.0751235 0.205661 0.21463
201 13.1021 0.0795488 -0.0369878 -0.123705 0.243248 -0.0965441 15.2233 -0.468716 -0.0425592 0.185201 0.700406 0.150219 -0.139378 0.140266 -0.531025 -0.490804 -0.0900436 0.223142 0.051806 -0.105371 0.112636 -0.374467 0.0553904 0.11666 0.106374 -0.0147301 0.140036 0.0495073 -0.167436 -0.0297792 -0.0103974 -0.103277 0.0548983 0.0532582 0.217281 -0.0424559 0.0538351 0.158226 -0.0502251 -0.012054 0.24831 0.219914 1.48837 0.0786937 0.700519 0.00448122 0.167402 0.16927 -0.0332791 -0.0515092 0.110697 -0.200783 -1.33335 0.214835 0.650601 -0.136154 -0.0430563 1.82315 0.857518 -0.615048 -0.00345751 0.110459 0.687047 -4.78496 1.67049 1.01264 -3.91859 -3.84925 -5.21574 0.91292 -0.585789 3.38886 -1.27245 0.13497 0.289132 -2.65472e-09 -0.728219 -0.874334 0.100027 -0.0352927 -0.0393153 0.691171 0.114839 0.733016 -2.11416 -0.343084 -0.27604 -4.55239e-09 1.86489 9.55883e-10 -0.118254 -1.88516 1.00525 6.651e-09 -3.32904e-10 0.347088 -1.05071 -1.13077 0.409648 0.238445 -0.522726 1.03044 0.737068 5.98724e-09 0.91042 -2.88054e-10 -0.393275 -1.94468 -0.480941 0.0560419 -2.83231 -0.132373 0.705364 0.253268 0.899928 15.2193 -0.0319882 0.0450215 1.12129 0.00238359 0 0 0 0.00632935 0 0.00593759 0.00687017 0.147937 0 0.262171 0.184098 0.26654 0.109437 0.285774 0.0924987 0.00565539 0.01634 0 0.208133 0 0.25874 0 0.362456 0 0.581421 0 0 0 0 0 0 0.038493 0 0.485539 0 0.0094049 0.00658036 0.0188033 0 0 0.441136 0.472355 0 0.0202945 0.238238 0.0355551 0.19116 0 0.125251 0.000673661 0 0 0.119589 0.0535481 0.151618 0 0 0 0 0 0.0023223 0.0474893 0.0707039 0.0059856 0.0155318 0 0.134851 0 0.121634 0 0.14205 0 0.057866 0 0.0158217 0.0100964 0.129462 0 0 0 0.00153062 0.00686629 0.00548702 0.0608683 0.0672144 0.000469095 0.000523235 0.147901 0.111506 0.153704 0.0874404 0.193275 0.0989571 0.190524 0.0809377 0.111955 0.0835984 0.12191 0.0786312 0.291653 0.0845482 0.0376626 0.0423708 0.0661782 0.236363 0.435062 0.038753 0.213394 0.035463 0.0254175 0 0.530621 0 0 0 0 0 0.663539 0 0.583863 0 0.55988 0.15544 0.138935 0.40991 0 0.0452676 0.120692 0.385052 0.204482 0.0504314 0 0.379884 0 0.387522 0 0 0 0.013245 0.304382 0.268552 0.235557 0.0946426 0 0 0 0 0 0.00969971 0.146849 0.00371776 0 0.483329 0 0.472843 0.620424 0.275388 0.00318775 0.000915423 0.344773 0 0 0.0911269 0 0 0.384377 0 0 0.076007 0 0 0.00938853 0.11979 0.0067698 0.154757 0.0849555 0.478833 0 0.453612 0.0405557 0.0223031 0 0.181993 0 0.00444108 0 0.83258 0.404703 0.746063 0.0756553 0.560091 0.0947412 0 0 0.05323 0.1557 0 0.122077 0 0 0.0364579 0 0.167015 0 0.538976 0 0.00613253 0 0 0 0.799679 0 0.250575 0 0.106557 0.192461 0 0.486474 0 0 0 0.0271095 0 0 0 0 0 0.682866 0 0.195668 0 0.00860845 0.256001 0 0 0 0.0342453 0 0.0631688 0.372602 0 0 0 0 0.209385 0 0 0.144514 0 0 0.586692 0.02788 0.302949 0.260236 0.297166 0 0.487712 0 0.112018 0.054927 0 0 0.323209 0.0527975 0 0.0638533 0 0 0 0.368775 0.00256878 0.0589119 0 0.0476386 0 0.160099 0 0.158152 0 0 0.552241 0 0.735189 0 0.756791 0 0.0821851 0.0704023 0.492436 0.0844228 0.0678993 0.00565925 0.114551 0.0979948 0 0 0.0185268 0 0 0 0.0517246 0.223559 0.279389
202 13.1355 0.0575811 0.0115894 -0.113617 0.243819 -0.0966211 15.2526 -0.496348 -0.0578739 0.16007 0.525007 0.150497 -0.224449 0.050108 -0.28432 -0.253553 -0.0321212 0.210561 0.0437671 -0.105371 0.0831974 -0.402049 0.057257 0.110206 0.0979331 0.0266598 0.11049 0.0435678 -0.139852 -0.0371108 -0.00631169 -0.101716 -0.000920407 0.041542 0.185321 -0.00997011 0.0603196 0.157056 -0.00547725 0.0534597 0.399936 0.218759 1.40213 0.217286 0.689413 0.00882193 0.0893904 0.159165 -0.0449825 -0.0509323 0.110832 -0.212357 -1.34274 0.334658 0.631185 -0.0664556 -0.0161184 -0.678216 0.857717 0.472703 0.0618426 -0.0497949 0.922011 -0.81547 0.185955 -0.893027 -4.64939 -0.398812 -1.46041 0.644186 4.52891 3.68502 1.93645 -0.430317 -0.237505 -1.10716e-09 -1.84564 -2.329e-09 0.345524 0.588085 0.813079 0.555253 -1.14794 0.0205244 1.39361 0.131428 -0.0994184 -2.22065e-09 -2.30237 0.587708 -0.761515 1.51984 -1.76051 1.17647e-09 0.917334 5.95236e-10 1.21263 0.0658232 0.115139 -0.904441 -1.61158 0.68525 -2.99128 3.87036e-09 0.987883 0.364869 -0.0361633 -2.38779 -0.76818 0.189891 -0.953992 -0.822502 0.126136 0.252573 0.899571 15.2564 -0.00745214 -0.0803684 1.10225 0.0592612 0 0.0623392 0.00167987 0.0540019 0.0196864 0.032838 0 0 0.0230072 0.152972 0.109722 0.108193 0.0918012 0.0836964 0.096494 0 0 0 0 0 0 0 0 0 0 0 0 0 0 0 0 0 0 0.067641 0 0.00499766 0 0.0499062 0.0336882 0 0 0.136153 0 0 0.019708 0 0.0110579 0 0.0206751 0.0221045 0 0 0 0.0143286 0.00380232 0 0 0 0 0.00660008 0 0.0218693 0.135399 0.0168502 0.0381221 0.0814284 0.0147989 0.0843142 0 0.102737 0 0.241926 0.0159993 0.0291303 0 0.0705975 0.0412823 0 0 0.0218514 0 0 0 0.124934 0.17114 0.000575503 0 0 0.034917 0 0.0250609 0 0.0283046 0.00349526 0.0303208 0.0127592 0.0619058 0 0.0435872 0 0.0432588 0.00707823 0.0216001 0.0549727 0.0646109 0.335148 0 0.162488 0.111691 0.0279344 0.0354015 0.12864 0.00333113 0 0 0 0 0.280085 0.0392522 0.283702 0.126366 0.317089 0.246045 0.120062 0.102515 0.0425704 0.00786637 0.0784131 0.142488 0.0566731 0.106404 0 0.0109504 0.00390466 0 0 0.0113248 0 0 0.109163 0.0693174 0.24374 0 0 0.182787 0 0.00911625 0 0.0640919 0.156948 0.14338 0.00168611 0 0.010597 0.0158409 0.376051 0.0998383 0 0 0 0 0 0 0 0 0.182772 0.159394 0.164748 0 0.265367 0.0193193 0.123352 0 0.123167 0 0.0310237 0.00952415 0.0154906 0 0 0.0032552 0 0.070118 0 0.00111212 0.0195432 0.177331 0 0.416365 0 0.202536 0.000602238 0.0102224 0 0 0.045751 0.0479541 0.0314086 0.0280746 0.00475131 0 0.0115239 0.167423 0 0.151553 0 0.0426207 0.018371 0 0.0177896 0.112327 0 0.223319 0 0.299302 0.0534623 0 0.0373421 0 0.00296275 0.145488 0.0636138 0 0.0397024 0.172801 0.00310148 0 0 0.00309118 0 0.026668 0 0.374021 0 0.0386236 0 0.107102 0 0.132428 0.238915 0.0163739 0 0.0458499 0.00536904 0 0.0442799 0.0555276 0.0468012 0.0190051 0.0101927 0.0335869 0.0223811 0.052132 0.105633 0 0.152403 0.205249 0 0 0.0873968 0 0 0 0.0731799 0 0.0667936 0 0.0659973 0 0.206137 0 0.0463552 0 0.0822261 0 0.114645 0 0.113694 0 0 0.0196851 0.0143886 0.0181721 0.010428 0.0456096 0.00393049 0.0650221 0.119072 0.00807649 0.0354332 0.0131646 0.11485 0.038336 0.0304931 0 0.0146402 0 0 0.00607199 0 0 0.131057 0.101984
203 13.1688 0.0344499 0.0383451 -0.0854835 0.246655 -0.100949 15.2861 -0.451325 -0.0480667 0.116619 0.235624 0.125141 -0.280738 0.0647023 -0.251092 -0.244045 0.0382605 0.190931 0.0186173 -0.105371 0.0301061 -0.403766 0.0594513 0.118384 0.109558 0.0408649 0.0837979 0.0313438 -0.098318 -0.0430877 -0.0105541 -0.101059 -0.0336027 0.0422449 0.171432 0.00485381 0.043414 0.156149 0.0277523 0.0560693 0.419566 0.220203 1.40478 0.210027 0.672043 -0.0026046 0.104363 0.159244 -0.0415575 -0.0504116 0.101831 -0.219341 -1.35727 0.430708 0.636439 -0.0633188 -0.012245 -0.422657 0.368904 1.1489 0.109036 -0.109768 1.02998 1.12214 0.517229 -1.58981 -8.43454 0.267744 1.52488 -0.961818 -3.91484 -3.84874 1.95843 -0.327946 -0.98939 -1.25704e-09 -1.25404 -1.29412e-09 0.462491 -0.0170157 -0.00649557 0.148373 -0.579079 -0.31507 0.987736 -0.21465 -0.554575 -1.96139e-09 -0.500022 0.310807 -0.424813 -0.10147 -1.00329 5.03508e-09 1.21672 4.21506e-10 0.243253 -0.542211 0.168812 0.0595731 0.0947293 -0.175209 0.840957 4.96229e-09 0.825033 -1.96075e-10 0.101791 -1.23069 -0.540688 0.401608 -0.933504 -1.73863 0.847287 0.252543 0.895431 15.2929 0.00363621 -0.130577 1.0927 0 0.0448412 0.00203009 0.03117 0.00435005 0.0303267 0.00128144 0.0210955 0.0227198 0 0.00719884 0.117475 0.00949818 0.0972632 0.0160457 0.0878451 0 0.0746866 0 0.0600656 0 0.03092 0 0.107099 0 0.135482 0 0 0 0 0 0 0 0 0 0 0.0072238 0 0.0599927 0.0651629 0 0 0 0 0 0.313312 0 0.152409 0 0.0059671 0.0235801 0 0 0 0.0199259 0 0 0 0 0 0.00616016 0 0.0206232 0 0.0154092 0 0.0421617 0.141611 0.0442388 0.101526 0.0606873 0.118811 0.180007 0.202223 0.0262615 0.0236229 0.0377676 0.171683 0 0.0109652 0.023749 0.0359196 0 0.000866968 0.117454 0.038887 0.000439465 0 0 0.00234313 0 0.00177986 0 0.00104514 0.0279106 0 0 0 0 0.0025064 0 0.00351692 0 0.0276441 0.0925527 0.331618 0.42902 0 0.184299 0 0.0145511 0 0.0259209 0 0 0 0 0 0.348914 0 0.39213 0.00926033 0.309041 0.13263 0.15417 0.0190413 0.0618576 0 0.169358 0.243268 0.168385 0.171559 0 0.373958 0.00702301 0.00518421 0 0.0350398 0 0 0.168602 0.0439685 0.131561 0 0 0.0994018 0 0.00535992 0 0.0198526 0.0667119 0.0633401 0.00686707 0.0501898 0.0229261 0.0943354 0.396839 0.0440491 0 0 0 0 0 0 0 0 0.205849 0.068155 0.141198 0 0.228134 0.0323604 0.111834 0.0250026 0.110652 0.0257264 0.0472826 0.0454877 0.0263517 0.0134035 0 0.0556383 0 0.0299033 0 0.0127341 0.123944 0.414296 0.183875 0.366715 0.0390339 0.268088 0.0140925 0.00701653 0 0 0.0185739 0.00730753 0.0211424 0 0 0.00406823 0.284268 0 0.23479 0 0 0.0335604 0 0 0.0510678 0.419896 0 0.0965952 0 0.131733 0 0.1965 0 0.537079 0.00597888 0.0944951 0.0128525 0.304309 0.0891874 0.195825 0.00256081 0 0.0439082 0 0 0 0.00409114 0.279306 0 0.00177756 0 0.0313634 0 0.0342245 0.223615 0.00862709 0 0.0531578 0.0118202 0.00392453 0.0807497 0.14181 0.0651698 0 0.0848525 0 0.0907616 0 0.105965 0 0.0543245 0.459691 0 0 0.104673 0.0166165 0 0 0.0943822 0.0155204 0.0737288 0 0.0742353 0 0.225313 0 0.0582143 0 0.0893561 0 0.123026 0 0.123652 0 0.0221739 0.214146 0.0539387 0.200596 0.0858315 0.227478 0 0.0663624 0.0178858 0.127522 0 0.111404 0 0.0530568 0.0227542 0 0.00696836 0.0213095 0 0.0016374 0 0 0.148741 0.103863
204 13.2021 0.0117992 0.061688 -0.0569614 0.250474 -0.106356 15.3225 -0.393782 -0.0417024 0.070009 0.0547287 0.220182 -0.409424 -0.0280245 -0.217799 -0.390832 0.111523 0.17155 -0.00588027 -0.105371 -0.0155427 -0.404966 0.0570677 0.107549 0.103879 0.0630307 0.0523791 0.0218411 -0.0873561 -0.0371902 -0.0151659 -0.10066 -0.0387587 0.0239079 0.161211 -0.00554529 0.0482554 0.150128 0.0532522 0.0581544 0.459727 0.187142 1.40671 0.243233 0.704475 0.0113456 0.0844622 0.159039 -0.0498033 -0.0510708 0.0915175 -0.209071 -1.38754 0.484237 0.619932 -0.0529821 -0.000185526 -0.398618 0.603412 0.447586 0.0316988 -0.132022 1.14567 1.69003 -1.08702 -0.955902 -2.55704 5.17737 -1.15763e-08 -1.29966 -22.9581 -14.8435 1.90394 -0.541877 -0.125665 -1.40571e-09 -1.40292 -5.63901e-09 0.392066 0.00487345 0.00677219 0.249217 -0.769652 0.059568 0.0777987 0.181193 -0.0947862 -1.1095e-09 -1.84629 -0.724164 -0.276689 1.65241 0.291862 8.20594e-10 2.11639e-10 2.61474e-10 0.332486 -0.74638 0.354905 0.200014 -0.00875601 0.771211 -1.16139 3.91853e-09 0.178801 -1.82008e-10 0.691839 -0.489391 -0.866785 0.0444928 -0.947911 -0.0511299 0.701454 0.252423 0.890551 15.3276 -0.00207045 -0.149948 0.983339 0.0145322 0.0337392 0.019744 0.0215768 0.0108399 0.0260179 0.0064569 0.0147745 0 0.0769025 0.0228881 0.100439 0 0.0756933 0.0029545 0.0705919 0.0190559 0.0647297 0.227294 0.0148224 0.199619 0.00250106 0.321879 0.0140935 0.309061 0 0.101558 0 0.17153 0 0 0.154931 0 0.226428 0 0.311993 1.08769e-05 0 0.00991622 0.00461096 0 0.0298817 0 0.369877 0.0344057 0.046505 0.0559944 0.0136668 0.0184414 0.0606273 0.0326819 0 0 0.0148382 0.0305889 0.0231369 0 0.015735 0 0.00416857 0.00659046 0 0.0128021 0.00196452 0.0113701 0 0 0.492816 0 0.483985 0 0.438729 0.0378486 0.604036 0.0161943 0.00837979 0 0.508897 0.00448427 0.00777992 0.0176572 0.0182505 0 0.0231883 0.0796099 0.0149551 0.00196474 0 0.118255 0 0.112054 0 0.114043 0 0.121766 0 0.0158954 0.0428907 0.110144 0 0.0968054 0 0.0108977 0.0434343 0.230463 0 0.15875 0 0.15768 0 0 0 0 0.0595084 0 0 0 0.182669 0.302564 0.618505 0.351187 0.329036 0.272735 0.042455 0.131596 0 0.131779 0 0.445295 0.00643512 0.469606 0.101822 0.0980849 0 0.056532 0 0 0.033829 0 0.0139456 0.177632 0.0188121 0.245578 0.0109924 0 0.0610569 0 0.0215835 0 0 0.0436299 0.0912 0.102169 0 0.175508 0 0.366919 0 0 0.00167404 0 0.252764 0 0.0362747 0.00709593 0.0493927 0.275951 0.108152 0.0159293 0 0 0 0.0392101 0.0883682 0.0380562 0.102037 0.134995 0 0.0665641 0 0.0316068 0 0 0.0628384 0.000631677 0 0.491331 0 0.240054 0.292433 0.247526 0.101408 0 0.0898659 0 0 0.0124951 0.118097 0 0.135658 0.0262469 0 0.807422 0 0.76884 0 0 0 0 0 0.324889 0 0 0.141569 0 0.172114 0 0.475085 0 0.192777 0.0765846 0.0652715 0 0.215123 0.0290051 0 0.0379436 0.0496636 0.332457 0 0.0227445 0 0.123335 0.255427 0 0.0201385 0 0.0800974 0.00116372 0 0.269818 0.0456426 0 0.0330614 0.11154 0 0 0 0.0912986 0.0303966 0.375045 0 0.294531 0 0.139247 0.0141115 0.0643749 0.907573 0 0 0.0532485 0 0 0.0129593 0.0351769 0 0.0851005 0.0278397 0.02746 0.039891 0.262027 0.242319 0.072418 0.0490514 0.0745347 0.0468429 0.117302 0.0673728 0.109939 0 0.327781 0 0.484715 0 0.614217 0 0.0310061 0.00291781 0.0631308 0.0333805 0.00558591 0.0257535 0.0422538 0.042744 0.00357056 0.0456413 0 0 0 0.016351 0 0.0420952 0.198292 0.0921936
205 13.2355 0.0337985 0.0433317 -0.0667676 0.251766 -0.109049 15.3587 -0.400566 -0.0156909 0.0862334 0.0777258 0.27176 -0.400666 -0.0854406 -0.606518 -0.602599 0.134459 0.137637 0.00280983 -0.105371 -0.0503533 -0.3509 0.0645519 0.0986329 0.0917472 0.0288587 0.0387988 0.0442312 -0.0785409 -0.0302788 -0.0161076 -0.100792 -0.0270716 0.0223422 0.153856 0.00251963 0.0388193 0.150382 0.0442947 0.0574779 0.409897 0.173368 1.41373 0.186867 0.677056 -0.0100058 0.0906739 0.159018 -0.0506689 -0.05114 0.165701 -0.227053 -1.38498 0.542152 0.635875 -0.106577 -0.0250481 0.911983 -0.688634 -0.600532 -0.0301028 0.0377227 1.03924 -0.338419 0.431136 0.827284 0.937706 1.27636 -5.63925e-09 0.582046 -1.48266e-08 -1.94085 0.282746 -1.11516 0.640998 -1.66738e-09 -0.035309 1.95429 0.443634 -0.950762 -1.2944 -1.0481 -0.388788 0.859249 0.0982444 0.159938 0.159846 -1.46627e-09 -0.145776 -0.377681 -0.285462 0.756861 0.326067 7.22382e-09 0.0792543 8.04774e-10 -0.465156 -0.00470714 -0.426738 -0.186211 0.313263 -1.66291 0.257848 7.24607e-09 -4.37501e-10 -7.14225e-10 1.3928 0.575761 -0.223556 0.569473 -0.0568872 -2.60414 -0.142496 0.252347 0.887984 15.3592 -0.0187673 0.00138455 0.925037 0.0650816 0 0.0563895 0 0.0462724 0 0.0511971 0 0.0522441 0 0.184651 0 0.160979 0 0.136253 0 0.0561901 0.0709568 0 0.0193495 0 0.0379948 0 0.0597158 0 0.106707 0 0.00454407 0 0.0270993 0 0 0 0 0.0240055 0 0.00108875 0.00378823 0.189405 0.152027 0 0 0.104973 0 0.0246672 0.0668163 0.0123293 0.02997 0 0.0070583 0.0509746 0.00124319 0 0 0 0 0 0 0 0.000710664 0.0319386 0 0 0 0.0083484 0 0 0.538733 0 0.522979 0 0.47975 0 0.52856 0.0405574 0.0251842 0 0.578751 0.0154169 0.0109853 0.0443501 0.0296267 0 0.0232046 0.0811384 0.0153832 0.00123866 0.000264422 0.293848 0 0.30186 0 0.275927 0 0.344223 0 0 0.0272446 0.333592 0 0.347086 0.00288607 0 0.0269357 0 0 0.445718 0 0.0714211 0.0280996 0 0.0122673 0.130346 0 0 0 0 0 0.624975 0 0.503029 0 0.282509 0.0175178 0 0.152535 0 0 0.041848 0.0841921 0.173584 0.00560226 0 0.0403039 0 0.0664465 0.0299807 0.0530794 0 0 0.106989 0 0.128348 0 0 0 0 0.00289104 2.92961e-05 0 0.0204727 0.0267212 0 0.0633361 0 0.114923 0.294647 0.0750296 0 0.000908044 0.108853 0 0 0 0 0 0.0841111 0 0 0 0 0 0.0194468 0.0331824 0.014414 0.0353555 0.000793115 0.0862176 0 0.127784 0.0838455 0 0 0.0524367 0.00180441 0 0.00881626 0.103272 0.0647151 0.1325 0 0.10596 0.0669513 0 0 0.010673 0.0548431 0 0.0590257 0 7.81249e-05 0 0.0176109 0.249798 0 0.382703 0 0.0213384 0 0.0198306 0 0.212442 0.00788009 0.0751112 0 0.0419681 0 0 0.142855 0 0 0 0.0564027 0 0.235205 0.267275 0 0.0173838 0.739057 0 0.117415 0 0.0600047 0.108067 0 0 0 0.00444444 0.00543086 0 0.0897466 0.000450407 0 0.0795406 0 0.0666752 0.35668 0.22984 0.0922991 0 0.00968696 0.113853 0.0463352 0.0273545 0.0404107 0.0229924 0.215286 0.930128 0.0438954 0 0.11636 0.0186768 0.00281229 0 0.0805759 0.0228915 0.0472967 0.0236754 0.00476093 0.0330278 0.18605 0.215478 0.0212688 0.0461615 0.0583986 0.0166523 0.0886345 0.0605751 0.0814277 0.0830317 0 0.0789427 0 0.18039 0 0.213917 0.00143117 0 0.14518 0.0118731 0.022725 0.01572 0.0487273 0.00708433 0.061748 0 0.017803 0 0 0.0004987 0 0.00464093 0.134863 0.0786778
206 13.2688 0.0454521 0.000861114 -0.0780207 0.252457 -0.106689 15.3916 -0.438272 0.00239649 0.106796 0.193196 0.188757 -0.385331 -0.051864 -0.403013 -0.500384 0.160951 0.0976734 0.0065299 -0.105371 -0.0129086 -0.263793 0.0862654 0.0309154 -0.000477299 0.0313311 0.035147 0.0620511 -0.0914141 -0.0136234 -0.0098314 -0.10067 -0.0295258 0.013467 0.148507 0.0339613 0.0415278 0.119003 0.044214 0.0583489 0.392107 0.103311 1.40878 0.221221 0.702276 -0.0436019 0.0899193 0.159018 -0.0506685 -0.05114 0.167282 -0.253864 -1.39225 0.484843 0.612682 -0.118235 -0.0846099 0.348863 -1.11462 -0.212039 0.0109521 0.144899 0.997808 -0.889633 0.409825 0.519415 3.27548 -2.45033 0.513788 2.10897 17.2529 10.6393 0.804551 -1.12498 0.0947449 -2.45743e-10 1.95652 2.3382 0.454459 -2.59121 -3.52906 -0.182867 -0.212445 0.477751 -0.0728115 0.415412 0.138937 -1.44265e-09 -0.214924 -0.188009 -0.103345 1.07985 -0.155505 -0.643561 -0.51318 2.09057e-10 -0.511631 -0.273197 -0.323075 0.320149 4.23188e-11 0.377114 -0.319791 8.81096e-09 -1.08076e-09 -8.94821e-10 0.780127 -0.303928 0.02286 -1.0078 0.824643 1.89364 -1.13871 0.251852 0.890778 15.3903 -0.0171715 0.112134 0.93177 0.00876219 0.0329994 0.0110633 0.0392723 0.0181839 0.0481472 0 0.0152336 0.00848251 0 0.205416 0.008064 0.202889 0 0.210524 0 0.121705 0.0372776 0 0.0016512 0 0 0 0.00493534 0 0.016078 0 0 0 0.00783072 0 0.0214207 0 0 0 0 0.0010094 0.00377971 0.313246 0.0420005 0 0.0216818 0.0442986 0 0.0696458 0.0405462 0.0359936 0.0219386 0.00972878 0.0311994 0.0351616 0 0 0.0129444 0 0.00862665 0 0.0134582 0 0.00286392 0.0135243 0 0 0.0120474 0 0.0042963 0 0 0 0 0 0 0 0 0.0245141 0 0 0 0.0275937 0.00051869 0.0426722 0.00759118 0.0601472 0 0.0246226 0.0255498 0.00184288 0.000448132 0.306771 0.190935 0.281298 0.136598 0.269864 0.141695 0.335515 0.151081 0.00697241 0.0295627 0.317477 0.126318 0.291777 0.114376 0.0332891 0.0328502 0 0 0.427234 0 0.0698406 0.0861192 0 0.0281732 0 0.0199602 0 0.00428711 0 0 0.638651 0 0.479889 0.0631445 0.23968 0.144481 0 0.0781333 0 0.00480692 0.14054 0.0622752 0.218616 0.0369366 0.0221545 0 0 0.00169244 0.0571832 0.0149222 0 0.00759051 0.114485 0.0212514 0.200784 0.0409269 0 0.0183577 0 0.0192355 0 0 0.136461 0.155484 0 0.00171033 0 0.0118688 0.358596 0.0205505 0.000263717 0 0.0519292 0 0 0.0311657 0 0.0243482 0.0993413 0.0713655 0 0 0 0 0 0 0 0 0 0 0 0.0035186 0.0745102 0 0 0.0523966 0.00258868 0 0.0156654 0.0365531 0.0941087 0.196548 0.0734524 0.159526 0 0 0 0 0.00749856 0.0705833 0 0.0659467 0.00142644 0.0224562 0 0.0968898 0 0.130833 0 0 0 0.0151189 0.00251034 0.0246228 0 0.0657969 0 0.055544 0.298829 0 0.30712 0.00421066 0.0167822 0.0244341 0.406756 0 0.300804 0.0416709 0 0.0343041 0.588146 0.335972 0 0 0.0550281 0.161224 0 0 0 0.00802799 0 0.0250568 0.112793 0.0394876 0 0.00456885 0 0 0.449656 0 0.019573 0.0188081 0.0125133 0.0162778 0.0489329 0.0300918 0.0724515 0 0.206209 0.513061 0.0616831 0 0.0796485 0.000850571 0 0.00634699 0.0538007 0 0 0.0107155 0 0 0 0.0802993 0 0.0120851 0 0.00301168 0 0.00971018 0 0.00945752 0.00209024 0 0 0.0181171 0.0239547 0.0135651 0.00262418 0.0308612 0 0.111775 0.0184468 0.0385265 0.0456591 0.0885338 0 0.0263132 0 0 0 0.00503642 0 0.0316733 0.176611 0.116969
207 13.3021 0.0455332 -0.0257472 -0.0725008 0.254088 -0.101829 15.4253 -0.436876 0.0100413 0.103606 0.266098 0.118133 -0.367587 0.000898216 0.0200485 -0.221407 0.162305 0.0628099 -0.00904848 -0.0444727 0.0602839 -0.193225 0.115051 -0.0901555 -0.165121 0.0394919 0.0309313 0.0651408 -0.100481 0.00309587 -0.00673205 -0.100706 -0.0164637 0.00863341 0.14949 0.050858 0.0366857 0.101107 0.0198364 0.0573348 0.389932 0.103965 1.39868 0.217217 0.700115 -0.0386004 0.0994759 0.159019 -0.0506209 -0.0511362 0.131714 -0.285894 -1.40209 0.373264 0.631139 -0.0666045 -0.0943249 -0.00583426 -0.881732 0.247178 0.066769 0.213805 1.04528 0.506293 0.190302 -0.108226 1.55667 -1.83037 0.794231 1.32186 -0.149778 7.35638 -0.138443 -0.852129 -0.542441 2.20695 3.00163 1.90963 0.515751 -4.33353 -5.87841 0.00531845 -0.094879 0.102223 -0.0696799 0.437531 0.044486 -1.59469e-09 -0.16304 -0.0456462 0.0493669 1.02502 -0.320126 -0.0503188 -0.165175 1.55683e-10 -0.176852 0.278504 -0.360135 0.0486592 1.01026e-10 -0.137284 0.464812 7.38493e-09 -1.25839e-09 -8.17455e-10 -0.14364 0.0631415 -0.0130037 -0.312531 3.02905 2.86178 -1.01499 0.251578 0.895478 15.4218 -0.00854477 0.156981 0.957692 0 0.0577167 0 0.069173 0.00860942 0.0725475 0 0.0301424 0.0129479 0 0.247578 0 0.252729 0 0.26427 0 0.151647 0.0340999 0 0.00351687 0 0.00455432 0 0.00644258 0 0.0145242 0 0.00302854 0 0.0222995 0 0.0335548 0 0.00821172 0 0.0196624 0 0.00176063 0.327268 0.0340307 0 0.028408 0 0.000850703 0.0735238 0.054265 0.0756539 0.0185096 0.030981 0.0391368 0.024076 0 0 0.0156213 0 0.0130459 0 0.0181332 0 0.00300638 0 0 0 0.0144007 0 0.00473494 0 0 0 0 0 0 0 0 0 0 0 0 0.0268514 0.000102555 0.0108433 0.0048752 0.129376 0 0 0.0213757 0.00135593 0.000298285 0.342509 0.123083 0.299218 0.0885795 0.297152 0.0928197 0.348861 0.0902441 0.10551 0.0278287 0.367173 0.0889023 0.322579 0.0797712 0.0796359 0.0308913 0 0 0.390051 0 0.0484387 0.0641964 0 0.0249608 0 0.0333268 0 0.00414177 0 0.00944509 0.674415 0.00384352 0.463475 0.0459663 0.179348 0.096579 0 0.0603856 0 0.00663959 0.142734 0.0276667 0.243846 0.00193369 0.0600686 0 0 0.0071136 0.0247576 0.0181553 0 0.00637232 0.145544 0.0321539 0.268787 0.0493554 0 0.0310893 0 0.0258245 0 0 0.153518 0.184609 0 0.0028733 0 0.01255 0.453032 0.0160433 0.00599408 0 0.0957952 0.00913041 0 0.0325137 0 0.0310057 0.158803 0.0976803 0 0 0 0 0 0 0 0 0 0 0 0.00379618 0.0770171 0 0 0.0612946 0.00294854 0 0.00830414 0.0761578 0.089322 0.223397 0.128676 0.17371 0 0.00713144 0 0 0 0.135918 0 0.142199 0 0.0477499 0.00471868 0.000655141 0 0.0242124 0 0 0 0.00656519 0.0318263 0 0 0.0978127 0 0.081886 0.411159 0.047791 0.245413 0.0347135 0.018079 0.0330175 0.459698 0 0.262094 0.0531273 0 0.0360324 0.599063 0.134044 0 0 0.0767212 0.197282 0 0 0 0.012209 0 0.0693688 0.196121 0.0572493 0 0.00664353 0 0.000588398 0.399516 0 0.00363717 0.0114085 0.0102691 0.00605354 0.035576 0.0174016 0.13904 0 0.209394 0.258723 0.0854612 0 0.0615429 0 0 0.00929784 0.0396426 0 0 0 0 0 0 0.0354879 0 0 0 4.18872e-05 0 0 0 0.00454348 0.0457714 0 0.0134701 0.0126001 0.0732822 0.00603534 0.000156067 0.0345054 0 0.153356 0.028888 0.0404767 0.0422378 0.103886 0 0.0719091 0 0 0 0.00582563 0 0.0284737 0.203058 0.139564
208 13.3355 0.0522475 -0.0391368 -0.0539479 0.256274 -0.0919675 15.4619 -0.391954 0.0236684 0.084564 0.250781 0.0873865 -0.380494 0.0125243 0.0139662 0.0704934 0.118627 0.0571588 -0.0317111 0.0666508 0.218034 -0.159692 0.0722314 -0.333614 -0.423906 0.0214183 0.0219843 0.0601389 -0.0983411 0.00866546 -0.00823941 -0.100623 -0.0031585 -0.00263317 0.153904 0.0555288 0.0404169 0.102067 0.0297652 0.0578061 0.377956 0.117153 1.39501 0.188597 0.69599 -0.0391028 0.0952569 0.159023 -0.0504752 -0.0511245 0.115216 -0.294131 -1.40103 0.281233 0.64494 -0.0505047 -0.0959921 0.237718 -0.597882 0.639179 0.0954873 0.449154 1.11858 1.66969 0.674965 -0.549793 -0.963284 -0.550812 -0.841312 1.89306 -0.582227 0.566872 -1.42645 0.0921562 -0.694107 3.14687 6.32223 -0.475839 -2.27405 -8.01661 -8.21212 -0.640086 -0.159146 -0.103046 0.0438023 0.099662 -0.136193 -1.93643e-09 0.807965 -0.199588 0.0476649 -0.299652 -0.00904867 0.208761 0.910057 2.68261e-10 -0.199841 0.0850938 -0.164084 -0.012933 0.854006 -0.555482 0.44522 7.29341e-09 -1.13947e-09 -8.04185e-10 -0.0340338 0.863529 0.153046 -0.36434 1.67255 1.53233 -0.379944 0.251811 0.904306 15.4546 0.0115606 0.353383 1.01011 0.00952538 0.0471093 0 0.0550001 0.00149866 0.0442674 0 0.0451587 0.0378155 0 0.184367 0 0.198091 0 0.206813 0 0.0908727 0.0288925 0 0.052183 0 0.0823812 0 0.0961008 0 0.158238 0 0.0856445 0 0.119637 0 0.0203046 0 0 0 0 0.00415455 0.000856238 0.303873 0.055352 0 0.0197016 0 0 0.069936 0.14084 0.0309096 0.0297246 0 0.0406143 0.0244625 0 0 0.0128441 0.000542022 0.0115662 0 0.0140824 0 0.00288123 0 0 0 0.00088972 0 0 0 0 0 0 0 0 0.012853 0 0 0 0.0111471 0 0.013964 0 0.00493943 0 0.0669221 0 0 0 0.00132615 0.000155261 0.18713 0.162089 0.16615 0.11197 0.180273 0.119505 0.236779 0.120271 0.0740191 0.0437979 0.250993 0.107522 0.281226 0.0955231 0.053642 0.0362544 0.134164 0.0418963 0.502195 0 0.0439595 0 0 0 0 0 0 0.0424913 0 0.00368443 0.759305 0 0.575288 0 0.204177 0 0 0.0519442 0 0 0.133705 0.0340407 0.339729 0 0.021341 0.138382 0 0.0439579 0 0.028139 0 0.000915444 0.188406 0.0551697 0.245178 0.0346442 0 0.0397152 0 0.0183229 0 0 0.0571992 0.0668823 0 0.0393256 0 0.0597109 0.515884 0.0351527 0.00425839 0.000867354 0.196458 0 0 0.0328255 0 0.0260854 0.217827 0.0756262 0.0435822 0 0 0 0 0 0 0 0 0.0349816 0 0.0672099 0.0458291 0.00279161 0 0.0912891 0.00265211 0.00150325 0.0216858 0.148882 0.0982239 0.177938 0.136048 0.148746 0.0105588 0.000685369 0 0.0220293 0 0.0646022 0 0.0984376 0 0.0514839 0.0271661 0 0 0.0234861 0 0 0 0.00434146 0.0336829 0.101255 0 0.137177 0 0.13289 0.170873 0.0187784 0.0467843 0.148785 0 0.0198786 0.299553 0 0.269765 0.0754697 0 0.040307 0.629357 0.164409 0.176984 0 0.095412 0.19975 0 0 0 0.0266024 0 0.0986005 0.258762 0.0555384 0 0.0160627 0 0.0333507 0.380132 0.024356 0.0604368 0 0.00380611 0.00770687 0.0575933 0 0.120072 0 0.12307 0.340929 0.102696 0 0.089343 0 0 0.00310119 0.0732738 0 0 0 0 0 0 0 0 0 0 0 0 0 0 0 0.0640136 0.0401059 0 0.106232 0.0213885 0.122666 0 0.0176799 0 0.195016 0.00921565 0.0569171 0.0140071 0.0437494 0 0.0649519 0 0.00609904 0 0.00563399 0 0.0272443 0.20667 0.138444
209 13.3688 0.0465697 -0.0263427 -0.0181518 0.259198 -0.0750306 15.4996 -0.306779 0.028405 0.0408656 0.186042 0.155649 -0.370849 -0.0244606 -0.0386952 -0.0522003 -0.00344891 0.0860442 -0.0619539 0.299915 0.519247 -0.247131 0.140033 -0.476239 -0.604791 0.00424924 0.00988959 0.0423011 -0.0801078 0.00387017 -0.0154325 -0.100579 -0.00498414 -0.0111132 0.149681 0.0544007 0.0343573 0.151857 0.0387052 0.0576599 0.365173 0.202309 1.37939 0.170296 0.700885 -0.0544702 0.0876049 0.159023 -0.0504752 -0.0511245 0.143492 -0.304491 -1.38147 0.250408 0.661254 0.00340913 -0.0718013 -0.629731 0.0885406 0.908522 0.0857285 0.6116 1.14391 2.84624 0.619839 -0.948912 -1.35693 1.22299 -0.156881 1.43468 -2.66606 -3.94088 -3.51463 1.01676 -0.6553 7.04414 10.2501 -2.90217 -1.09324 -1.17387 -6.06165e-07 -0.249017 0.05126 -0.369295 0.784021 -0.177235 -0.280425 -1.35728e-09 -0.301187 0.0243476 0.0292283 0.145945 -0.544931 1.05719e-09 0.764112 2.38449e-10 0.0968234 0.0336625 -0.0341391 0.160125 0.803861 -0.401857 0.00527919 5.81495e-09 -6.64023e-10 -4.89083e-10 -0.676972 0.760437 0.275366 0.120129 1.60985 1.43097 -0.394716 0.25237 0.920074 15.4904 0.0211489 0.539789 1.11464 0.0311691 0.0114133 0.0170807 0.00279438 0.0252468 0.00108619 0.0113764 0.00102318 0.0631504 0 0.16182 0.0439813 0.131245 0.0305375 0.125434 0.0439436 0.0635254 0.0365965 0 0.128846 0 0.114255 0 0.183818 0 0.238885 0 0.0485238 0 0.0568193 0 0 0 0 0.0604969 0 0.00692808 0 0.179315 0.0306249 0 0 0.0832366 0 0 0.149394 0 0.0700832 0 0.0173979 0.00190245 0 0 0 0 0.000833059 0 0.00211229 0 0.000685839 0 0 0 0.00612651 0 0 0 0.0951709 0 0.0646058 0 0.073424 0.0385494 0.120931 0 0 0.00674247 0.11659 0.00789666 0 0.00899847 0 0.0274875 0 0 0.00320368 0.000467807 0 0.0835436 0.00950302 0.0589742 0.00590765 0.0794448 0.00518657 0.180691 0 0.034397 0.0271646 0.0940469 0.0167321 0.0959181 0.0151829 0.032928 0.0360431 0.194939 0.209649 0.594484 0 0.0455032 0 0.0115261 0 0.112624 0 0 0 0 0 0.795562 0 0.616227 0 0.220523 0 0 0.00373607 0 0 0.0353591 0.0924311 0.268645 0.062602 0 0.272477 0 0 0 0.00981813 0 0 0.135531 0.0366281 0.237733 0 0 0.0229265 0 0.00483149 0 0 0.090584 0.075622 0 0.0319577 0 0.0336145 0.443235 0 0.00135441 0 0.295279 0 0 0 0 0.008993 0.137781 0.0801393 0.0404591 0 0.0804728 0.0649044 0.0314972 0 0.0299353 0 0 0 0 0 0.00743239 0.0257045 0 0.0290962 0 0.00534572 0 0.151323 0.154328 0.154204 0.139827 0.234745 0.062477 0 0 0 0.0508912 0 0.0721899 0 0 0.0125833 0.0346373 0 0 0 0 0.00681722 0 0.001939 0 0.192831 0 0.112734 0 0.0745478 0 0.089584 0.0212792 0.24666 0 0.0301119 0.124194 0.143268 0.185358 0.0715172 0 0 0.431182 0 0.334771 0.0022894 0.087204 0.161289 0 0 0 0.0030073 0 0.0454784 0.184191 0.0211068 0 0.012437 0 0.00581461 0.268905 0.0110282 0.124822 0 0 0 0.0501622 0.0061653 0.0993116 0 0.0269498 0.402872 0.0696853 0 0.0654657 0 0 0 0.0601639 0 0.0188017 0 0.0143317 0 0.208043 0 0.0247405 0 0.0832588 0 0.111971 0 0.0895093 0 0.00977296 0.119367 0 0.130171 0 0.158949 0 0.0213979 0.0192816 0.116625 0.000439271 0.0497554 0.0508598 0.0282568 0.0498373 0 0 0.0045049 0 0.00168347 0 0 0.161572 0.0923079
210 13.4021 0.00963086 -0.00868495 -0.00327978 0.260353 -0.0622785 15.539 -0.173273 0.0367288 0.02198 0.0969267 0.156715 -0.367972 -0.0449104 -0.134676 -0.108933 -0.119534 0.0899479 -0.0571203 0.563271 0.56026 -0.145091 -0.0624444 -0.198838 -0.343671 0.0447253 0.00688768 0.0410731 -0.100358 0.00652286 -0.0191727 -0.100874 -0.0033337 -0.0284665 0.180447 0.0590604 0.0447368 0.145716 0.0331371 0.0574246 0.42629 0.250403 1.36488 0.149537 0.691028 -0.0048412 0.100266 0.159191 -0.0437239 -0.0505839 0.0883896 -0.268984 -1.39097 0.171002 0.682262 -0.00991385 -0.0781368 -1.00345 -0.160452 0.446485 0.0393886 0.227702 1.19663 3.52073 0.473171 -0.377808 -1.89744 -0.0365468 1.25629 -0.549783 -4.24832 -2.16531 -2.83373 0.410091 0.00214422 6.3765 -1.12984 1.61272 -1.18246 9.99038 8.46171 1.21036 0.313917 -0.116141 -0.844049 0.046283 -0.0526986 -1.08877e-09 -1.74963 -0.393587 1.07489 2.0478 -0.124113 1.06532 0.476388 7.65355e-11 1.28595 0.504958 -0.680181 -0.0114208 0.163555 0.78973 -0.0967524 6.37557e-09 0.29289 -4.20102e-11 -0.362865 1.01194 0.163297 -0.187015 1.07092 0.372004 0.201844 0.253126 0.932715 15.5279 0.0221114 0.229465 1.12471 0.00989079 0 0 0 0.0253688 0.0233125 0 0 0.0293068 0 0.0155003 0.031938 0.0185419 0.0238445 0.0606058 0.0137941 0.0270308 0.0673017 0 0.037791 0 0.0979751 0 0.0744546 0.0188064 0.185333 0 0 0 0 0.0693159 0.0208773 0.0550571 0 0.197446 0 0.021188 0.00885129 0.143899 0.0386752 0 0 0 0 0 0.111426 0.0344613 0.166063 0 0.0148031 0 0 0 0.00821006 0.021934 0 0 0 0 0 0.0143205 0.0233633 0.00816285 0.025925 0.00319545 0.0137064 0 0.118615 0 0.0984796 0 0.133814 0 0.121629 0 0.0429754 0 0.0698852 0.00578558 0.0121211 0.00168288 0.0321092 0.0463704 0.0244307 0.0318915 0.0746486 0.00191088 0 0.226534 0.102748 0.217809 0.0666846 0.262149 0.0870942 0.244546 0.047101 0.0540497 0 0.180772 0.0813963 0.374107 0.082205 0.0238968 0.0254962 0.0516548 0.0553873 0 0.0476121 0 0 0 0 0 0 0 0 0 0.00485899 0.253813 0 0.125936 0.184981 0.0971578 0.0182903 0 0.0269957 0.114166 0.0439744 0 0.181181 0.0647138 0.103512 0 0 0 0.0192166 0 0.0205237 0 0.029778 0.24942 0.0253753 0.273077 0.0197137 0 0 0 0 0 0 0.109782 0.0306674 0.013755 0.0442178 0.0456827 0.0755243 0.613497 0 0.00231811 0 0.147256 0.0357897 0 0 0 0 0.251644 0.22167 0 0.0958089 0.0484163 0.158881 0 0.0751372 0 0.0919563 0.0837856 0.0346772 0 0 0.0802338 0.0489915 0 0.11711 0 0.0123841 0 0 0.121625 0.111749 0.0448696 0.168308 0 0 0.00767186 0.0183783 0.0284702 0 0.0934516 0 0 0.00541538 0.00746245 0.214904 0.08295 0 0 0 0 0.0125443 0 0.0779932 0.0148322 0.222753 0 0.0783488 0.0953831 0.0638883 0.13886 0 0.00623187 0.00439343 0.0875141 0.163702 0.085271 0.118438 0 0 0.129324 0 0.0398869 0.014416 0.15584 0.267916 0 0 0 0.00317124 0.00619613 0.0745222 0.310706 0.0835857 0 0.0548005 0.0636798 0 0.129851 0.0257994 0.0409811 0 0.0348893 0 0 0.0567338 0.205172 0 0 0.418904 0.803895 0.0563282 0.0618429 0.0254453 0.0164374 0.00662955 0.0880922 0.0419281 0 0 0 0.0114765 0.168132 0 0 0 0 0 0.0463191 0 0 0 0 0.135598 0.0172569 0.253345 0.0265207 0.284138 0 0.0334801 0.0734798 0.0870037 0 0.151523 0.0205637 0.0708329 0.100062 0 0.022079 0.0483307 0 0.00398447 0 0 0.231968 0.11996
211 13.4355 0.0111968 0.00494879 0.04735 0.263394 -0.0576726 15.5788 -0.0845161 0.00918186 -0.0397981 0.0285482 0.137989 -0.311354 -0.0189699 -0.0347104 -0.0567645 -0.217025 0.10163 -0.0916678 0.6436 0.810127 -0.0730095 -0.0841261 0.461198 0.380958 0.0131665 -0.00104081 0.00538214 -0.0812236 0.00610234 -0.0265994 -0.100614 -0.000126823 -0.0515504 0.177346 0.0516129 0.0549156 0.132544 0.0349096 0.057688 0.411485 0.176267 1.37556 0.244245 0.704219 -0.0397974 0.0285612 0.159505 -0.0313927 -0.0516405 0.207588 -0.361681 -1.34191 0.0864842 0.620013 -0.00571636 -0.009641 0.0600467 -0.0604693 1.31487 0.0995113 0.155535 1.14901 2.57893 -0.48801 -1.5125 -2.14014 -0.916034 0.692389 0.244042 0.425186 0.590037 -2.7015 0.272649 -0.753532 2.62348 1.20689e-08 -1.13649 -6.08684 13.6408 15.6665 -0.583057 -0.10139 -0.699234 0.272343 0.0280235 -0.388479 -1.87013e-09 -1.37646 -1.43005e-09 0.0260244 0.961346 -0.877505 -0.556045 -1.14795 1.90942e-10 -0.894872 0.470218 0.159995 0.175264 -0.0596146 0.848925 -2.04784 4.96423e-09 -1.47751 -3.73713e-10 0.904267 2.12687 0.294111 -0.409668 0.133175 1.67429 0.997233 0.25449 0.937208 15.5649 0.0609993 0.151172 1.08476 0.00635062 0.00575265 0 0.0111877 0 0.00111553 0.0336698 0.0192352 0.10079 0 0.0200442 0.140912 0.0314539 0.128524 0.0405606 0.13059 0.0170384 0.0444063 0 0.00908372 0 0 0 0 0 0 0.0266177 0 0 0 0 0 0 0.00411102 0 0 0.0201254 0.00628025 0.126784 0 0 0.142577 0 0 0.0330341 0.0177767 0.00389928 0 0 0.0553087 0 0 0 0.028754 0.0402157 0.0262756 0 0.0191681 0 0 0 0 0.0246802 0.0421007 0.007454 0.0223772 0.00528351 0.0132975 0.0757396 0 0.0310164 0 0 0.0245146 0 0.0175908 0.0761092 0 0.00110754 0.00499258 0.00495121 0.0269435 0.0258736 0 0.0524236 0.0789475 0 0.00234803 0.112805 0.0586389 0.0838322 0.0376719 0.100437 0.0654986 0.0770823 0.131095 0.0540452 0 0.0684574 0.0793736 0.0767473 0.137323 0.0286148 0.0238245 0.0318275 0.389475 0 0.253797 0.0262451 0.106613 0 0 0.000242129 0.0087917 0 0 0 0 0.319942 0.665813 0.236718 0.613189 0.126963 0.394965 0.0069608 0 0 0 0.0570105 0.209007 0.137708 0.310738 0 0.000159267 0 0 0 0.016792 0 0.00666659 0.24665 0.0887511 0.0352248 0.0562328 0 0 0 0 0 0.0204838 0.00960813 0.000501864 0 0.004247 0 0 0.427424 0.0907981 0.00384664 0 0.0471018 0.00660293 0 0.069802 0 0.0123096 0.20607 0 0.00314953 0.0519882 0.0498124 0.00386224 0.00768691 0.000259787 0.0300698 0 0 0 0 0 0.0244122 0.0291597 0.0121042 0.126358 0 0.00365675 0.170248 0.0601045 0.231382 0.0933161 0.144108 0.144093 0.0701792 0 0 0 0.0659735 0 0.117772 0 0 0.067293 0.321476 0.128468 0.323737 0.0581132 0 0 0 0 0.0521089 0.0577971 0.0668612 0.0450236 0 0 0 0.069453 0 0 0 0 0 0.114758 0.0918101 0.00550174 0.0152009 0.0213825 0.0254922 0.350442 0.0510622 0.21593 0 0.210582 0 0 0 0 0 0.0876838 0.228249 0 0 0 0 0 0.0976373 0 0.0229015 0.0185048 0.0667953 0.0138744 0.0334729 0.0821159 0.134725 0.0125668 0 0.000208206 0.0321481 0 0.0840346 0.0221484 0.0334824 0.0449386 0.0990533 0.0361902 0.0267231 0 0.0532739 0 0.414276 0 0.0757718 0 0.0385935 0 0.120138 0.00895882 0.108986 0 0.0162581 0.0971079 0.00242438 0.0180032 0.000646513 0.0132594 0 0 0.150537 0.23981 0 0.122881 0 0.0220277 0.0764017 0 0 0 0 0 0 0.0373798 0.16891 0.041497
212 13.4688 -0.00851252 -0.0319958 0.111845 0.270793 -0.0499104 15.6168 -0.00674927 -0.0366606 -0.119782 -0.00516575 0.130644 -0.228806 -0.000342612 -0.0527737 -0.0809106 -0.229478 0.0694349 -0.15908 0.587508 0.250465 0.122223 -0.00563601 0.587822 0.506185 0.0487609 -0.03438 -0.0255288 -0.11488 0.0380835 -0.0445516 -0.100964 -0.033389 -0.0536641 0.185873 0.0898863 0.011388 0.163363 0.0314868 0.0569368 0.385448 0.276315 1.34735 0.174324 0.682982 0.0388144 0.0880758 0.159564 -0.0290724 -0.0514546 0.164433 -0.262407 -1.36698 0.0490461 0.677819 0.0304952 -0.0816215 -0.139756 -1.30326 1.52773 0.304576 0.263579 1.07288 1.30196 -2.44473 -2.16339 -0.577213 1.48446 3.82896 0.360003 -1.98574 -2.68895 -0.846562 -1.68152 -1.81523 -3.20332 -12.5839 6.38231 -2.03102 -1.44258 -0.211075 0.431264 -1.45658 -0.657947 -0.84177 1.22566 -0.123261 -1.64334e-09 0.829679 -1.70816e-09 0.0624275 -0.841648 -1.19275 4.08655e-10 1.68589 5.97302e-10 0.265104 0.137047 -0.88982 -0.26087 0.0741508 -0.20192 0.948828 1.66117e-09 0.121328 -3.29029e-10 0.0157246 2.10386 -0.71547 0.343501 0.917218 -0.00964779 -1.16806 0.257377 0.943838 15.6012 0.10019 0.266031 1.08591 0 0.0136348 0 0 0 0 0 0.00471906 0 0.156604 0.33377 0.070876 0.277913 0.0518638 0.225898 0.0847214 0.0382048 0.0637566 0.291168 0 0.287049 0 0.410559 0 0.563931 0 0 0 0 0 0 0 0 0 0 0.285033 0 0.00803834 0 0.0899865 0.202896 0 0 0.606005 0.171263 0.0480897 0.136387 0.00789043 0.0820952 0.0279136 0 0.00882634 0.0192531 0 0.0796978 0.0215952 0 0 0 0 0 0.0343577 0.0560497 0.0293825 0.010566 0.0165457 0 0.0957255 0.0287307 0 0.040406 0.0535509 0 0 0 0.031966 0.0267862 0.032335 0.00530212 0.0122033 0 0.0278089 0.030908 0.0628302 0.0563599 0.0875745 0 0 0.163774 0.18829 0.111994 0.0383019 0.133776 0.128497 0.104675 0.199595 0.0968816 0.0547001 0.104814 0.0317623 0.0940274 0.137153 0.0597325 0.0376078 7.33212e-05 0.587536 0 0.509412 0.0244275 0 0 0 0 0.00331717 0 0 0 0 0 0.911852 0 0.861564 0.243746 0.587657 0.104092 0 0.0409808 0 0.407269 0.159388 0.512369 0.63344 0.281953 0 0.121146 0 0 0.0334219 0.0223129 0.00235042 0.125775 0.0555963 0.283967 0.0160552 0 0 0 0 0.00768641 0.026175 0.0876969 0.116542 0.186436 0 0.256392 0 0.215611 0.0327752 0 0.00206673 0 0.745883 0.0155403 0 0 0 0.147743 0.0433182 0.0186452 0 0 0.168389 0.023497 0 0.0256365 0 0.230193 0 0.105097 0 0 0.022558 0.139709 0.118223 0 0 0.570045 0 0.455603 0.00576078 0.383041 0.0699742 0 0 0.0233603 0 0 0.123759 0 0.188248 0 0 0.192772 0 0.325504 0 0 0.0618514 0.0392025 0.027736 0.601005 0 0.193785 0.0812528 0.014727 0 0 0.267586 0 0.734852 0 0 0 0.548483 0 0.0990883 0 0 0 0.389067 0 0.212528 0.0873883 0.188411 0 0 0 0 0.0214334 0.110293 0.131086 0 0 0.0124985 0.0744455 0 0 0.135753 0 0.534633 0.347663 0 0.184456 0.0983199 0.246014 0 0 0 0.390108 0.104903 0 0.0395526 0.159099 0 0 0.0437146 0 0 0 0 0 0 0 0 0 0 0 0 0 0 0.357692 0 0.569538 0 0.632155 0 0.0664946 0 0.358087 0.0574058 0 0.206454 0.113058 0.0370057 0 0.113493 0.0215359 0 0 0 0 0 0.115018 0
213 13.5021 -0.010416 -0.0884628 0.107813 0.274401 -0.0454931 15.6527 0.0502901 -0.0539604 -0.125458 -0.0540782 0.0150585 -0.14512 -0.0392433 -0.176076 -0.244091 -0.265607 0.0739561 -0.115499 0.48737 0.12724 0.155138 -0.0576557 0.552067 0.476153 0.0656151 -0.034492 -0.0151844 -0.137113 0.0452677 -0.0268699 -0.101082 0.0494398 -0.0519825 0.169392 0.0350711 -0.0117713 0.140545 0.0532983 0.0592849 0.317054 0.20935 1.33876 0.196749 0.700068 0.102515 0.0521713 0.101536 -0.0209391 -0.0417093 0.337477 -0.208986 -1.39772 0.0792155 0.697108 -0.065467 -0.0458258 -0.183858 -1.72288 -0.178681 0.161743 -0.0618434 1.05641 1.65998 -0.118449 -0.275921 -1.41471 -3.42171 1.40464 0.0137397 -4.69113 -5.54521 -1.22182 0.0208966 1.75407 -2.45215 -1.11961 -1.74214 -0.442335 0.0845214 -0.12758 0.548916 0.239223 0.150662 -0.588917 -0.178411 0.584293 -1.6455e-10 2.02765 0.409699 -0.625031 -1.21229 -0.84093 -0.474079 -0.0635761 1.62751e-10 -0.507756 0.423945 -0.82552 0.371183 -1.13828 2.12177 -2.43023 -4.28535 1.32196 0.557911 4.03223 5.34977 -2.81221 0.346178 -0.337346 -1.44697 1.19387 0.260866 0.947833 15.6372 0.101098 -0.0319287 1.08165 0.0120446 0 0 0 0.0268427 0 0 0 0 0.0399386 0 0 0 0.00481592 0 0.050263 0.0656692 0.0498118 0.00298318 0 0 0 0.000325061 0.0256494 0.0180472 0.0640677 0 0 0 0 0 0.0191477 0 0.0329171 0 0.0920652 0.00588259 0.0063345 0.027224 0.000444849 0.0939643 0 0.0115801 0 0.161059 0.0751075 0.114041 0.0752666 0.04632 0.00462424 0 0 0.0546652 0 0.039591 0.0281542 0.0318957 0 0 0 0 0.0135533 0.027387 0.0395884 0.0090953 0.0196351 0.0901801 0.181519 0.0447768 0.0751183 0.0634699 0.151093 0.0373469 0.149976 0.0260978 0.0106219 0.0429368 0.141568 0.00880545 0.00657797 0.0216561 0.013882 0.0353062 0.0311195 0.0600437 0.0616594 0.000708973 0 0.0343119 0.0407482 0.00723371 0 0.0261284 0.0635664 0 0.0492807 0.0231034 0.0331074 0 0 0 0.0188167 0.0422553 0.0291472 0 0.145522 0 0.0266461 0.041567 0.0316123 0 0 0 0 0 0 0.00725678 0.0253487 0.169782 0.372766 0.260994 0.159796 0.183324 0.0510566 0 0.0377809 0.05593 0.0908574 0.145764 0.166241 0.238728 0.183369 0 0 0 0 0.00676466 0.00195419 0.0265636 0 0.0624407 0.126536 0.0576706 0.0215117 0 0 0 0 0.00649666 0 0 0.0733101 0 0 0.00934846 0 0.0563961 0.140802 0 0.000760294 0 0.042238 0.0686584 0 0.00111676 0 0.120663 0.135161 0.0678524 0 0.0030336 0.0559895 0.0156712 0.0279261 0.0198192 0.00849686 0.0589719 0.0384918 0.020164 0 0.00198652 0 0.208909 0.0614572 0.00276793 0 0.207323 0 0.283897 0.21557 0.192845 0.0513422 0 0 0 0 0.0364975 0.00878747 0.0671472 0.0303896 0.0989989 0 0 0.12332 0 0.121162 0 0.00565149 0 0.0362281 0.241065 0.115596 0.135184 0.076804 0.0194625 0 0.3113 0.0132116 0.177243 0 0 0 0.444156 0.0113283 0 0.0440306 0 0.0290786 0 0 0 0 0.173879 0.116606 0 0 0 0 0.160064 0.0975083 0.0828281 0.095704 0.00512574 0.000752971 0 0.0148912 0 0.050129 0.0221726 0.054337 0 0.0993072 0 0.0507524 0 0.0312088 0.00853488 0.317207 0 0.0420114 0.00079833 0.0126902 0.0588325 0.0170385 0.0191937 0.0207784 0 0 0 0 0 0 0 0 0 0 0 0 0 0 0.176996 0.40933 0.212896 0.110971 0.260035 0.151805 0.0260396 0 0.161238 0 0.0331511 0 0.0240095 0.0169764 0.0414426 0.0393685 0 0 0 0 0.0482123 0 0.00828393 0
214 13.5355 0.0132515 -0.129333 0.0927455 0.274388 -0.0534598 15.686 0.0791862 -0.0478725 -0.114842 -0.102523 -0.0302969 -0.140607 -0.0596646 -0.163013 -0.259815 -0.347807 0.0795114 -0.0337699 0.413801 0.242949 0.0374922 0.050397 0.527133 0.432185 0.0272919 -0.0447425 -0.00997918 -0.109556 0.068382 -0.00359197 -0.103699 0.115922 -0.0464747 0.155309 -0.0103471 -0.0243851 0.0705327 0.0259273 0.0551678 0.332822 0.132465 1.33736 0.346346 0.68557 0.0476801 0.0235423 0.150899 -0.0310637 -0.0439093 0.437057 -0.232458 -1.3745 0.212016 0.699871 -0.00445238 -0.0795512 0.485354 -1.32635 -0.371954 0.0484282 -0.395884 0.93146 0.31746 0.279996 0.205042 -9.81373e-10 -1.41788 0.794949 -0.599712 2.35831 2.43013 -2.65981 -0.354411 2.46605 -1.96329 3.40342 -2.61263 2.83923 -0.438609 -0.810867 -0.636251 -0.109297 -0.0463519 0.641224 0.470296 0.608507 -1.42065e-09 1.1344 0.268461 -0.377043 -0.412956 -0.4222 -0.949412 -1.36385 -0.414827 -0.110032 1.24407 0.090359 0.961913 -1.79696 1.10496 -1.18055 1.49297e-09 0.481303 -0.118138 0.739958 0.801825 -0.149405 0.360778 -0.652434 -0.825729 -0.423247 0.264349 0.940976 15.6733 0.101151 -0.359347 1.08141 0.0576019 0 0.0283249 0 0.0265523 0 0.059748 0 0.0494757 0.0236732 0.000180006 0.00381641 0 0.0048084 0 0.0217677 0.0246421 0 0.0564542 0 0.0367207 0 0.0900685 0 0.0996425 0 0.00287883 0.00734182 0 0.0104474 0 0 0 0.00849148 0.0010941 0.0262687 0.00194663 0.00232166 0 0 0 0.0193398 0.0088258 0.173893 0.0916994 0 0.0528865 0 0.00550724 0 0 0.0173371 0.00327568 0.00197429 0.0198705 0.0222759 0.0115547 0 0.00297991 0 0.032742 0 0.0499617 0.0456285 0.03223 0.0245431 0.290557 0.0128005 0.256947 0.000103427 0.263327 0.00961619 0.359633 0.0510762 0.0614879 0.0198188 0.306698 0.0428674 0.00389267 0 0.0434721 0.0220116 0 0 0.116779 0.120152 0 0.000232755 0 0 0 0 0 0 0 0.0322992 0 0 0 0.00897837 0 0.0121763 0 0 0.0118532 0 0 0.0457667 0.0111931 0.00427892 0.00248646 0 0 0.0205852 0 0.0100669 0 0.0112193 0.124723 0.0740828 0.0740875 0.00964523 0.0802065 0.00351795 0.013233 0.00185825 0 0 0.123324 0 0.115933 0 0.140504 0 0.000691198 0 0.0361466 0 0 0 0.0825666 0.041003 0.00465937 0 0.0105038 0 0.00427423 0 0.0251381 0 0 0 0.0278302 0 0.0489249 0 0.16907 0.085498 0 0 0.01174 0 0.001017 0.0218515 0.0165304 0.0130723 0.0634495 0.0547221 5.13868e-05 0 0.0484838 0.0596709 0.040604 0.00768906 0.0391795 0.00807501 0.00625389 0 0.00703097 0 0 0 0.143895 0.058169 0.00374156 0 0.311413 0 0.162461 0 0.076294 0 0.069902 0 0 0 0.0350526 0 0.0543172 0.00361567 0.0887012 0.0672761 0.0444467 0 0.00406455 0 0 0 0 0.0238747 0.180017 0 0.127365 0 0.0869288 0 0.00718971 0 0.0061582 0.0782962 0 0 0 0 0.0239519 0 0.0201205 0.0645104 0 0.0242886 0 0 0.0851074 0 0 0 0.0233772 0 0.106511 0.00533463 0.031505 0.0561545 0.0472681 0.000758929 0 0 0.0129043 0 0 0.013681 0.0116898 0 0.0263533 0 0 0.0556812 0.771459 0.026246 0 0 0.0225512 0.0591168 0.00920829 0.00948472 0.0228828 0.049039 0 0.0461002 0 0.0437091 0 0.176896 0 0.0510416 0 0.0665822 0 0.09721 0 0.0885324 0.106206 0 0.116914 0 0.136904 0 0.0018932 0 0.322616 0.00992203 0 0.038614 0.0110561 0 0.074758 0.00833712 0.0344585 0 0 0 0.0094194 0.0156032 0 0
