frame,time,Gastrocnemius Medialis,Tibialis Anterior,Soleus,Vastus Medialis,Vastus Lateralis,Rectus Femoris,Biceps Femoris,Semitendinosus,Gracilis,Gluteus Medius,External Oblique
0.0,4.27392,0.33437,0.0,0.254905,0.0787112,0.253174,0.0,0.0757402,0.0,0.0,0.342008,0.0
1.0,4.30726,0.0682067,0.0,0.0,0.0315001,0.151281,0.0590802,0.00650585,0.0,0.0,0.110594,0.149236
2.0,4.34059,0.0,0.18745,0.139517,0.0,0.165843,0.137385,0.0,0.0100543,0.0,0.0606227,0.0745875
3.0,4.37392,0.0,0.110345,0.0,0.0,0.0533282,0.073683,0.0,0.0,0.00601917,0.0459933,0.113131
4.0,4.40726,0.0,0.14938,0.0,0.0,0.0,0.0709427,0.00649,0.0145672,0.0,0.227987,0.125337
5.0,4.44059,0.0,0.261537,0.0,0.0,0.0,0.0,0.0884247,0.0432517,0.0580473,0.163118,0.0714287
6.0,4.47392,0.0,0.568464,0.0,0.0,0.0,0.0,0.0154102,0.0764282,0.372931,0.0397132,0.0511905
7.0,4.50726,0.0206637,0.577555,0.0,0.0,0.0,0.0,0.0,0.150205,0.426774,0.0,0.0283179
8.0,4.54059,0.0247557,0.491685,0.0,0.0,0.0,0.0,0.0,0.25041,0.416218,0.0,0.0411001
9.0,4.57392,0.0152202,0.321506,0.0,0.0,0.0,0.0,0.0,0.274147,0.304306,0.0,0.036081
10.0,4.60726,0.0210387,0.382312,0.0,0.0,0.0,0.0,0.0687588,0.236133,0.0,0.0,0.0
11.0,4.64059,0.0391726,0.328039,0.0,0.0,0.0,0.0,0.0631307,0.348193,0.0,0.0835296,0.0
12.0,4.67392,0.0214007,0.0749166,0.0,0.0,0.0,0.0,0.107174,0.256713,0.0368087,0.151771,0.0
13.0,4.70726,0.0173758,0.0770606,0.0,0.0,0.0,0.000652647,0.14008,0.0970077,0.0,0.0910372,0.0
14.0,4.74059,0.0,0.963617,0.0,0.0280478,0.10553,0.00408501,0.0853475,0.0431047,0.0,0.0361597,0.0278137
15.0,4.77392,0.0,0.856338,0.0,0.0445139,0.164349,0.0497622,0.0,0.0,0.0,0.00195779,0.029738
16.0,4.80726,0.0,0.202779,0.0151099,0.0399892,0.197106,0.184622,0.0,0.0,0.0058186,0.0,0.0
17.0,4.84059,0.0943102,0.188733,0.0255126,0.0110234,0.0702638,0.0940828,0.0,0.0,0.000621561,0.00834486,0.075524
18.0,4.87392,0.0,0.265919,0.0,0.0,0.0284299,0.12945,0.0472056,0.219049,0.0,0.251797,0.127893
19.0,4.90726,0.0,0.339619,0.0,0.0,0.0746541,0.262207,0.0176728,0.275666,0.0,0.400608,0.114062
20.0,4.94059,0.229845,0.248003,0.032378,0.0,0.00781436,0.181479,0.0,0.0504151,0.0,0.445645,0.0932432
21.0,4.97392,0.351089,0.0479878,0.0510797,0.0,0.0,0.196142,0.0,0.210778,0.0,0.600923,0.0839914
22.0,5.00726,0.199695,0.26088,0.0,0.0,0.0,0.292718,0.0,0.198521,0.0457905,0.368541,0.021399
23.0,5.04059,0.236839,0.178306,0.118167,0.0475169,0.131658,0.211873,0.0,0.0461944,0.0,0.34854,0.0632572
24.0,5.07392,0.203713,0.202478,0.0617072,0.034389,0.099301,0.391871,0.0,0.00805915,0.0,0.360264,0.0
25.0,5.10726,0.245795,0.211644,0.176026,0.047204,0.135297,0.505973,0.0,0.0,0.039142,0.349359,0.0
26.0,5.14059,0.275266,0.175497,0.198064,0.0549426,0.152821,0.555384,0.0,0.0,0.0475383,0.404179,0.0
27.0,5.17392,0.235568,0.00266788,0.280605,0.0,0.0952076,0.692971,0.0,0.0,0.0,0.490304,0.0
28.0,5.20726,0.203961,0.0365549,0.242321,0.0,0.181068,0.825841,0.0,0.0,0.0445979,0.635485,0.0577784
29.0,5.24059,0.609053,0.00884174,0.408641,0.0,0.0,0.608682,0.0,0.0810624,0.0303086,0.681435,0.193201
30.0,5.27392,0.667233,0.0277319,0.500676,0.0,0.0,0.302761,0.0,0.238801,0.0330582,0.590258,0.0407082
31.0,5.30726,0.558274,0.00567176,0.309754,0.0,0.0,0.162745,0.0,0.145192,0.0,0.555915,0.0862291
32.0,5.34059,0.341872,0.0,0.183879,0.0358739,0.113178,0.0,0.101959,0.0,0.0,0.347244,0.0853335
33.0,5.37392,0.260433,0.0188564,0.205601,0.124635,0.360576,0.0,0.115111,0.0,0.0,0.298188,0.0722015
34.0,5.40726,0.0,0.151244,0.0,0.0215126,0.127522,0.08145,0.0,0.0,0.000734556,0.0411572,0.148979
35.0,5.44059,0.0,0.0834951,0.0,0.013658,0.11816,0.266109,0.0,0.0,0.0173385,0.0703502,0.119426
36.0,5.47392,0.0,0.0967486,0.0,0.0,0.0320121,0.130448,0.0,0.0,0.0,0.133891,0.118338
37.0,5.50726,0.0,0.131567,0.0,0.0,0.0,0.0414753,0.00145372,0.024031,0.00500543,0.230867,0.132473
38.0,5.54059,0.0,0.264416,0.0,0.0,0.0,0.0,0.089769,0.0374723,0.0799435,0.112532,0.0376896
39.0,5.57392,0.0,0.568957,0.0,0.0,0.0,0.0,0.0245561,0.0784277,0.37559,0.0261885,0.0518892
40.0,5.60726,0.0197862,0.590704,0.0,0.0,0.0,0.0,0.0133393,0.176101,0.444417,0.0,0.0300105
41.0,5.64059,0.0245115,0.500739,0.0,0.0,0.0,0.0,0.0105292,0.262158,0.43327,0.0,0.0482892
42.0,5.67392,0.00882706,0.316184,0.0,0.0,0.0,0.0,0.0,0.280013,0.306885,0.0,0.042264
43.0,5.70726,0.0281822,0.379418,0.0,0.0,0.0,0.0,0.0745642,0.234869,0.0,0.0,0.0
44.0,5.74059,0.0377437,0.320176,0.0,0.0,0.0,0.0,0.0524832,0.367464,0.0,0.0932941,0.0
45.0,5.77392,0.0247556,0.0803043,0.0,0.0,0.0,0.0,0.136705,0.225033,0.0200565,0.15456,0.0
46.0,5.80726,0.0,0.974534,0.0,0.0,0.0,0.00114225,0.157604,0.130405,0.0163234,0.0,0.0422384
47.0,5.84059,0.0,0.949672,0.0,0.0426816,0.152084,0.00827386,0.0442788,0.0140314,0.0,0.0336282,0.0
48.0,5.87392,0.0,0.463873,0.0,0.0620055,0.241567,0.0634758,0.0,0.00428214,0.0,0.0845427,0.143601
49.0,5.90726,0.00137237,0.16473,0.0172986,0.0172653,0.129583,0.200471,0.0,0.0,0.0,0.0127772,0.0
50.0,5.94059,0.110667,0.167772,0.0191825,0.00288419,0.035135,0.0662182,0.000819166,0.0,0.0017019,0.0142109,0.0979493
51.0,5.97392,0.0,0.265139,0.0,0.0,0.0490617,0.149051,0.0668257,0.257524,0.0,0.336646,0.124364
52.0,6.00726,0.0,0.347763,0.0,0.0,0.0764025,0.226441,0.0464814,0.311063,0.0,0.426432,0.169423
53.0,6.04059,0.216935,0.222035,0.0297587,0.00122623,0.00461047,0.0871866,0.0,0.0765373,0.0,0.433396,0.104117
54.0,6.07392,0.333316,0.0953437,0.0784728,0.0,0.0,0.158964,0.0,0.23092,0.0129506,0.600078,0.102284
55.0,6.10726,0.227556,0.247327,0.0245351,0.0,0.0,0.282444,0.0,0.222042,0.0621423,0.376208,0.0177162
56.0,6.14059,0.22105,0.103933,0.197817,0.0454047,0.128269,0.217368,0.0,0.0504087,0.0,0.431927,0.0
57.0,6.17392,0.207952,0.177731,0.144847,0.0399565,0.114444,0.359485,0.0,0.0157577,0.0,0.37809,0.0
58.0,6.20726,0.244995,0.229825,0.237412,0.0519459,0.147389,0.472675,0.0,0.0,0.0255142,0.352533,0.0
59.0,6.24059,0.30146,0.247928,0.267724,0.0621358,0.172949,0.55052,0.0,0.0,0.0421073,0.40662,0.0
60.0,6.27392,0.228258,0.00625969,0.282233,0.0,0.0534715,0.689669,0.0,0.0,0.0,0.481967,0.0
61.0,6.30726,0.223543,0.0538115,0.310103,0.0,0.168268,0.824095,0.0,0.0,0.0406576,0.648233,0.0715445
62.0,6.34059,0.616757,0.0487893,0.447062,0.0,0.0,0.612183,0.0,0.0982704,0.0369244,0.680561,0.176624
63.0,6.37392,0.659586,0.0602027,0.524642,0.0,0.0,0.296507,0.0,0.240048,0.027577,0.596174,0.0273898
64.0,6.40726,0.437632,0.132448,0.488619,0.0,0.0,0.269275,0.0,0.151945,0.00429899,0.541228,0.0180484
65.0,6.44059,0.280754,0.033714,0.248317,0.0398644,0.121969,0.0,0.159305,0.00978151,0.0,0.358529,0.0838804
66.0,6.47392,0.364652,0.0319278,0.323132,0.0675715,0.2322,0.00765545,0.0235625,0.0,0.0,0.344831,0.0
67.0,6.50726,0.0,0.196036,0.0,0.0152511,0.111546,0.0945252,0.0,0.0,0.00488953,0.0442086,0.148128
68.0,6.54059,0.0,0.0827295,0.0,0.014588,0.121061,0.276755,0.0,0.0,0.021792,0.0669057,0.116845
69.0,6.57392,0.0,0.0947245,0.0,0.0,0.0305232,0.112868,0.0,0.0,0.0,0.122826,0.112372
70.0,6.60726,0.0,0.133555,0.0,0.0,0.0,0.031255,0.00771596,0.0295758,0.00366138,0.239689,0.125954
71.0,6.64059,0.0,0.27689,0.0,0.0,0.0,0.0,0.107881,0.0463115,0.0946806,0.113445,0.0328278
72.0,6.67392,0.0,0.572943,0.0,0.0,0.0,0.0,0.0389863,0.0929097,0.387466,0.0159171,0.0389917
73.0,6.70726,0.0192484,0.586634,0.0,0.0,0.0,0.0,0.0140742,0.175721,0.441472,0.0,0.0379445
74.0,6.74059,0.0216056,0.494885,0.0,0.0,0.0,0.0,0.0160683,0.260152,0.427571,0.0,0.0458668
75.0,6.77392,0.00845567,0.318207,0.0,0.0,0.0,0.0,0.0,0.272651,0.30639,0.0,0.0466479
76.0,6.80726,0.0267222,0.371483,0.0,0.0,0.0,0.0,0.0786363,0.23304,0.0,0.0,0.0
77.0,6.84059,0.0344536,0.310616,0.0,0.0,0.0,0.0,0.0528232,0.366295,0.0,0.0949893,0.0
78.0,6.87392,0.0214123,0.0724618,0.0,0.0,0.0,0.0,0.128022,0.227937,0.027069,0.146317,0.0
79.0,6.90726,0.0,0.990024,0.0,0.0,0.0,0.0,0.0182855,0.409121,0.212348,0.112114,0.0
80.0,6.94059,0.0,0.947139,0.0,0.0426278,0.150599,0.0250419,0.0206381,0.00288746,0.0,0.0267928,0.0
81.0,6.97392,0.0,0.459447,0.0,0.0667051,0.254949,0.0644167,0.0,0.00611053,0.0,0.0915845,0.17716
82.0,7.00726,0.00843975,0.186924,0.0158278,0.0229338,0.145415,0.21128,0.0,0.0,0.0,0.0,0.0162921
83.0,7.04059,0.107552,0.193168,0.0215429,0.00641551,0.0487175,0.0780177,0.0,0.0,0.0,0.0316877,0.122137
84.0,7.07392,0.0,0.259208,0.0,0.0,0.0508473,0.162263,0.0579944,0.254096,0.0,0.337002,0.12759
85.0,7.10726,0.158181,0.134189,0.0402308,0.0294575,0.0992555,0.0751998,0.0194861,0.0926514,0.0,0.447315,0.126129
86.0,7.14059,0.203467,0.166882,0.0421407,0.0,0.0,0.127964,0.0,0.106793,0.0,0.542813,0.111986
87.0,7.17392,0.285027,0.0755906,0.025633,0.0,0.0,0.153603,0.0,0.259755,0.00011367,0.643815,0.124254
88.0,7.20726,0.169206,0.322048,0.0342505,0.0,0.0,0.300525,0.0,0.215803,0.0555977,0.35276,0.0560932
89.0,7.24059,0.184015,0.115557,0.154127,0.0391235,0.113816,0.251375,0.0,0.0413076,0.0,0.380367,0.00424653
90.0,7.27392,0.183932,0.207312,0.10936,0.0387991,0.109344,0.409423,0.0,0.0,0.0,0.36004,0.0
91.0,7.30726,0.222013,0.252365,0.193444,0.0529076,0.149559,0.483526,0.0,0.0,0.0267244,0.364617,0.0
92.0,7.34059,0.22846,0.0122358,0.269362,0.0,0.126897,0.5823,0.0,0.0,0.0,0.382661,0.0
93.0,7.37392,0.142598,0.0,0.0346538,0.0,0.0340002,0.625834,0.0,0.0,0.0,0.484502,0.0330072
94.0,7.40726,0.208311,0.0698265,0.312279,0.0,0.176927,0.803018,0.0,0.0,0.0,0.673437,0.0682039
95.0,7.44059,0.622159,0.00589557,0.400416,0.0,0.0,0.54859,0.0,0.115818,0.0222939,0.669798,0.160975
96.0,7.47392,0.663414,0.0541306,0.505648,0.0,0.0,0.235874,0.0,0.202022,0.0253126,0.529311,0.0318914
97.0,7.50726,0.500005,0.144745,0.516498,0.0,0.0,0.0966143,0.0,0.15133,0.0,0.566201,0.0188443
98.0,7.54059,0.339678,0.0599631,0.334834,0.0236242,0.0862429,0.0,0.112186,0.0130828,0.0,0.381875,0.0375406
99.0,7.57392,0.343983,0.00949876,0.26161,0.0860243,0.265902,0.0,0.114869,0.0,0.0,0.406062,0.0
100.0,7.60726,0.0,0.0558428,0.0,0.0243415,0.127736,0.00445628,0.0533688,0.0,0.00462591,0.0696453,0.169265
101.0,7.64059,0.0,0.0640392,0.0,0.0361632,0.173043,0.126866,0.0,0.0,0.0105081,0.101257,0.157874
102.0,7.67392,0.0,0.0999037,0.0,0.0,0.0318975,0.150511,0.0,0.0,0.0,0.103218,0.116039
103.0,7.70726,0.0,0.134189,0.0,0.0,0.0,0.0340962,0.00235279,0.0270152,0.0128556,0.221715,0.122735
104.0,7.74059,0.0,0.256977,0.0,0.0,0.0,0.0,0.0872527,0.0410632,0.0789228,0.121411,0.0351983
105.0,7.77392,0.0,0.559399,0.0,0.0,0.0,0.0,0.0166677,0.0679424,0.363611,0.0415567,0.0499786
106.0,7.80726,0.0129697,0.578484,0.0,0.0,0.0,0.0,0.0,0.158013,0.432833,0.00607558,0.0162437
107.0,7.84059,0.0215153,0.509284,0.0,0.0,0.0,0.0,7.30203e-05,0.252693,0.439222,0.0,0.0416384
108.0,7.87392,0.00424312,0.319953,0.0,0.0,0.0,0.0,0.0,0.283175,0.320171,0.0,0.0389528
109.0,7.90726,0.0242183,0.382979,0.0,0.0,0.0,0.0,0.069458,0.229701,0.0,0.0,0.0
110.0,7.94059,0.0293735,0.312092,0.0,0.0,0.0,0.0,0.0568604,0.359975,0.0,0.117622,0.0
111.0,7.97392,0.0219768,0.0687833,0.0,0.0,0.0,0.0,0.117759,0.240035,0.0321288,0.138122,0.0
112.0,8.00726,0.0168863,0.0675027,0.0,0.0,0.0,8.12095e-05,0.13289,0.0874689,0.0,0.0831,0.0
113.0,8.04059,0.0,0.953825,0.0,0.037246,0.128499,0.0122231,0.0403538,0.00208236,0.0,0.0212659,0.00419142
114.0,8.07392,0.0,0.861537,0.0,0.0435291,0.163598,0.0553227,0.0,0.0,0.0,0.00530687,0.0417403
115.0,8.10726,0.00260278,0.208181,0.0159546,0.037797,0.190555,0.196723,0.0,0.0,0.0058151,0.0,0.00587038
116.0,8.14059,0.0911761,0.186534,0.0222188,0.00515996,0.044914,0.0885415,0.0,0.0,0.0,0.0209804,0.0838264
117.0,8.17392,0.0,0.267294,0.0,0.0,0.0440011,0.153125,0.0470715,0.234689,0.0,0.299623,0.106799
118.0,8.20726,0.172823,0.154137,0.0444739,0.0290857,0.096358,0.076062,0.0213057,0.0941867,0.0,0.441128,0.104804
119.0,8.24059,0.193145,0.199989,0.043749,0.0,0.0,0.141677,0.0,0.09046,0.0,0.522916,0.105748
120.0,8.27392,0.275097,0.0797761,0.0230679,0.0,0.0,0.161434,0.0,0.246896,0.0,0.622088,0.112894
121.0,8.30726,0.159038,0.283717,0.0,0.0,0.0,0.298308,0.0,0.222952,0.0662327,0.355138,0.0465268
122.0,8.34059,0.162568,0.108529,0.117222,0.0385643,0.113275,0.27103,0.0,0.0363124,0.0,0.387709,0.0131046
123.0,8.37392,0.143513,0.217095,0.07766,0.0369804,0.106091,0.420153,0.0,0.0,0.0,0.358628,0.0
124.0,8.40726,0.192853,0.245248,0.162334,0.0508222,0.146655,0.496934,0.0,0.0,0.0306687,0.363062,0.0
125.0,8.44059,0.229807,0.120905,0.188526,0.0480695,0.16326,0.550973,0.0,0.0,0.0306219,0.414959,0.0
126.0,8.47392,0.191207,0.0124916,0.243236,0.0,0.114959,0.717778,0.0,0.0,0.0,0.500325,0.0
127.0,8.50726,0.191699,0.0733942,0.301922,0.0,0.191673,0.809226,0.0,0.0,0.0,0.639189,0.063076
128.0,8.54059,0.573838,0.0175044,0.398342,0.0,0.0,0.588784,0.0,0.0246952,0.023459,0.652264,0.185077
129.0,8.57392,0.694046,0.0504834,0.521207,0.0,0.0,0.16294,0.0,0.184106,0.0,0.679138,0.0
130.0,8.60726,0.559723,0.0482693,0.459813,0.0,0.0,0.154279,0.0,0.199903,0.0,0.619351,0.0295751
131.0,8.64059,0.0,0.761749,0.0,0.0,0.0,0.0,0.0319653,0.273022,0.0,0.495124,0.117282
132.0,8.67392,0.280362,0.0192992,0.216245,0.11632,0.329587,0.0,0.188564,0.0,0.0,0.285156,0.0661751
133.0,8.70726,0.0438469,0.0,0.0,0.0293484,0.148142,0.115884,0.0,0.0,0.0,0.119378,0.121547
134.0,8.74059,0.0,0.172118,0.145727,0.0,0.192843,0.130552,0.0,0.00366955,0.0,0.112911,0.0732347
135.0,8.77392,0.0,0.104838,0.0,0.0,0.055453,0.0759434,0.0,0.0,0.00336767,0.0669213,0.11782
136.0,8.80726,0.0,0.150146,0.0,0.0,0.0,0.06757,0.0,0.0177488,0.00330728,0.225482,0.0983125
137.0,8.84059,0.0,0.254826,0.0,0.0,0.0,0.0,0.080986,0.0474001,0.055567,0.171511,0.0228044
138.0,8.87392,0.0,0.562269,0.0,0.0,0.0,0.0,0.020276,0.0778115,0.367111,0.0462845,0.0415074
139.0,8.90726,0.0230593,0.580354,0.0,0.0,0.0,0.0,0.0,0.159971,0.430388,0.0,0.0221374
140.0,8.94059,0.0248212,0.490752,0.0,0.0,0.0,0.0,0.00871407,0.256332,0.41954,0.0,0.0340294
141.0,8.97392,0.0108465,0.313689,0.0,0.0,0.0,0.0,0.00303161,0.2736,0.307304,0.0,0.0524053
142.0,9.00726,0.018565,0.368425,0.0,0.0,0.0,0.0,0.0683242,0.234474,0.0153509,0.0,0.0
143.0,9.04059,0.0367077,0.31163,0.0,0.0,0.0,0.0,0.0587242,0.349975,0.0,0.0898762,0.0
144.0,9.07392,0.0238123,0.076701,0.0,0.0,0.0,0.0,0.122719,0.248802,0.0305349,0.15996,0.0
145.0,9.10726,0.0196346,0.0742814,0.0,0.0,0.0,0.0,0.149531,0.0933047,0.0,0.0919945,0.0
146.0,9.14059,0.0,0.956812,0.0,0.0397943,0.138937,0.0154757,0.032045,0.0,0.0,0.018174,0.0
147.0,9.17392,0.0,0.494736,0.0,0.0760613,0.278486,0.0714132,0.0,0.00951848,0.0,0.10965,0.166461
148.0,9.20726,0.0118249,0.136087,0.0223767,0.0255799,0.162412,0.227562,0.0,0.0,0.0,0.0,0.0185479
149.0,9.24059,0.0882537,0.0852454,0.0113612,0.00381595,0.0455744,0.0838318,0.0,0.0,0.00505677,0.0152111,0.0967191
150.0,9.27392,0.0,0.25685,0.0,0.0,0.0285352,0.139571,0.0595999,0.268383,0.0,0.334131,0.145745
151.0,9.30726,0.138108,0.343483,0.0769382,0.0,0.073031,0.145538,0.0,0.164604,0.0,0.41206,0.159667
152.0,9.34059,0.230566,0.209314,0.0538159,0.00516645,0.0195644,0.152202,0.0,0.0791231,0.0,0.526246,0.0966025
153.0,9.37392,0.286949,0.0725765,0.0358263,0.0,0.0,0.154101,0.0,0.24886,0.0,0.63451,0.124223
154.0,9.40726,0.172691,0.270813,0.0,0.0,0.0,0.278265,0.0,0.222287,0.0552129,0.343439,0.0407337
155.0,9.44059,0.177484,0.152077,0.136525,0.0480274,0.135897,0.202351,0.0,0.0447933,0.0,0.30641,0.0825
156.0,9.47392,0.167756,0.145345,0.100031,0.0354892,0.103249,0.384128,0.0,0.00907509,0.0,0.333391,0.0
157.0,9.50726,0.205598,0.179352,0.169325,0.0482421,0.138891,0.496028,0.0,0.0,0.0372574,0.345239,0.0
158.0,9.54059,0.268979,0.197342,0.20909,0.0583526,0.162505,0.54083,0.0,0.0,0.0435366,0.399733,0.0
159.0,9.57392,0.223157,0.0107555,0.276923,0.0,0.0609912,0.679218,0.0,0.0,0.0,0.463182,0.0
160.0,9.60726,0.225395,0.0479393,0.282117,0.0,0.164064,0.811608,0.0,0.0,0.0296561,0.635539,0.0659326
161.0,9.64059,0.597881,0.0,0.317026,0.0,0.0,0.580037,0.0,0.124286,0.0369767,0.683569,0.155019
162.0,9.67392,0.640096,0.0,0.43379,0.0,0.0,0.282583,0.0,0.228796,0.00951925,0.588719,0.0
163.0,9.70726,0.428813,0.0636645,0.424022,0.0,0.0,0.139152,0.0,0.147315,0.0,0.579139,0.0202686
164.0,9.74059,0.266081,0.0690123,0.301201,0.015044,0.0710125,0.0,0.0580709,0.0,0.0,0.31336,0.0210187
165.0,9.77392,0.327951,0.0427751,0.308978,0.0731788,0.243961,0.0,0.0438289,0.0,0.0,0.366143,0.0
166.0,9.80726,0.0,0.16129,0.123801,0.0,0.206623,0.075462,0.0,0.0169557,0.0,0.0911921,0.068333
167.0,9.84059,0.0,0.222198,0.0992936,0.0,0.171818,0.103502,0.0,0.0,0.0,0.0538745,0.036636
168.0,9.87392,0.0,0.0963611,0.0,0.0,0.0316302,0.0752089,0.0,0.0,0.0,0.081173,0.113687
169.0,9.90726,0.0,0.168664,0.0,0.0,0.0,0.0532704,0.0,0.0144162,0.0129695,0.246854,0.122392
170.0,9.94059,0.0,0.202108,0.0,0.0,0.0,0.0,0.0460842,0.0340484,0.0133991,0.212346,0.04014
171.0,9.97392,0.0,0.584767,0.0,0.0,0.0,0.0,0.0149427,0.0778324,0.387964,0.0419033,0.0603954
172.0,10.0073,0.0204933,0.579513,0.0,0.0,0.0,0.0,0.014078,0.165565,0.432329,0.0,0.0288943
173.0,10.0406,0.0223483,0.49368,0.0,0.0,0.0,0.0,0.0175493,0.263309,0.427352,0.0,0.0404638
174.0,10.0739,0.0169568,0.321814,0.0,0.0,0.0,0.0,0.00579636,0.29275,0.311242,0.000892387,0.0363577
175.0,10.1073,0.0238755,0.369868,0.0,0.0,0.0,0.0,0.0818502,0.230575,0.00957449,0.0,0.0
176.0,10.1406,0.0369417,0.305355,0.0,0.0,0.0,0.0,0.0613548,0.382776,0.0,0.102852,0.000443817
177.0,10.1739,0.0251672,0.078425,0.0,0.0,0.0,0.0,0.109262,0.215747,0.022379,0.130786,0.0
178.0,10.2073,0.0,0.966768,0.0,0.0,0.00826142,0.0,0.186252,0.0939737,0.0,0.0193094,0.00191189
179.0,10.2406,0.0,0.950881,0.0,0.0428714,0.149094,0.0056569,0.0554556,0.0230402,0.0,0.0403233,0.0
180.0,10.2739,0.0,0.463492,0.0,0.0529274,0.208758,0.0650446,0.0,0.00255174,0.0,0.0759817,0.148015
181.0,10.3073,0.0,0.144362,0.0,0.0216758,0.120891,0.10837,0.0,0.0,0.0,0.0,0.0805117
182.0,10.3406,0.0484874,0.122239,0.00938142,0.0,0.0,0.0134059,0.0614433,0.0720133,0.0,0.123851,0.0836518
183.0,10.3739,0.0,0.306369,0.0,0.0,0.026697,0.187012,0.0579618,0.267061,0.0,0.361737,0.148405
184.0,10.4073,0.0,0.00341858,0.00681251,0.00152132,0.0247927,0.0632036,0.0216478,0.0836889,0.0,0.369442,0.162163
185.0,10.4406,0.278347,0.187675,0.0623934,0.0,0.0,0.132876,0.0,0.0943647,0.0,0.516122,0.102698
186.0,10.4739,0.270975,0.0893819,0.023186,0.0,0.0,0.125284,0.0,0.259982,0.0150233,0.605692,0.117136
187.0,10.5073,0.157475,0.16197,0.102065,0.0371127,0.104148,0.21022,0.0,0.0435006,0.0,0.288218,0.182553
188.0,10.5406,0.160796,0.109248,0.14163,0.0411177,0.119184,0.259818,0.0,0.0333485,0.0,0.379354,0.0
189.0,10.5739,0.176571,0.169466,0.136609,0.037367,0.105978,0.379234,0.0,0.00440486,0.0,0.351598,0.0
190.0,10.6073,0.24072,0.222396,0.116205,0.0494086,0.137314,0.482439,0.0,0.0,0.0264938,0.370569,0.0
191.0,10.6406,0.277117,0.19973,0.249948,0.059956,0.166645,0.519882,0.0,0.0,0.0363484,0.392657,0.0
192.0,10.6739,0.23671,0.00723036,0.302859,0.0,0.0783131,0.700819,0.0,0.0,0.0,0.48419,0.0
193.0,10.7073,0.246015,0.0443349,0.309423,0.0,0.174032,0.801612,0.0,0.0,0.0,0.640619,0.0749146
194.0,10.7406,0.633593,0.0,0.397206,0.0,0.0,0.572661,0.0,0.109032,0.0344226,0.659521,0.143807
195.0,10.7739,0.658953,0.0,0.438489,0.0,0.0,0.264292,0.0,0.188695,0.0215989,0.51473,0.0259523
196.0,10.8073,0.506025,0.271132,0.541788,0.0,0.0,0.136339,0.0,0.0984039,0.0,0.522171,0.0326572
197.0,10.8406,0.288235,0.0840956,0.320711,0.0235695,0.0907963,0.0,0.105247,0.00352587,0.0,0.32999,0.0218274
198.0,10.8739,0.32038,0.0444002,0.302133,0.0797793,0.260632,0.0,0.0538853,0.0,0.0,0.364246,0.0
199.0,10.9073,0.0,0.166613,0.125989,0.0,0.206272,0.0774179,0.0,0.0118257,0.0,0.0853661,0.0296363
200.0,10.9406,0.0,0.20408,0.105898,0.0,0.176591,0.111631,0.0,0.00305625,0.0,0.0580136,0.0403118
201.0,10.9739,0.0,0.0940026,0.0,0.0,0.0320887,0.0737892,0.0,0.0,0.0,0.0826088,0.106008
202.0,11.0073,0.0,0.148048,0.0,0.0,0.0,0.053206,0.00046925,0.0108622,0.00579058,0.236673,0.141473
203.0,11.0406,0.0,0.215793,0.0,0.0,0.0,0.0,0.0507091,0.0375595,0.0231614,0.193,0.0372697
204.0,11.0739,0.0,0.585081,0.0,0.0,0.0,0.0,0.032742,0.0873597,0.392398,0.0290573,0.0701785
205.0,11.1073,0.0198809,0.590047,0.0,0.0,0.0,0.0,0.013302,0.17079,0.441834,0.0,0.0076599
206.0,11.1406,0.0229834,0.487134,0.0,0.0,0.0,0.0,0.0209059,0.260804,0.419022,0.0,0.0409038
207.0,11.1739,0.0170547,0.323878,0.0,0.0,0.0,0.0,0.0,0.285179,0.306189,0.00256645,0.0353133
208.0,11.2073,0.03006,0.371046,0.0,0.0,0.0,0.0,0.0788818,0.227246,0.0104238,0.0,0.0116003
209.0,11.2406,0.0425392,0.320688,0.0,0.0,0.0,0.0,0.0672311,0.378543,0.0,0.107659,0.000765934
210.0,11.2739,0.0252815,0.0772072,0.0,0.0,0.0,0.0,0.118557,0.223835,0.0248414,0.138859,0.0
211.0,11.3073,0.0,0.989142,0.0,0.0,0.0,0.0,0.022246,0.437963,0.223774,0.129213,0.0
212.0,11.3406,0.0,0.949324,0.0,0.0353923,0.128044,0.0162887,0.0341317,0.0139353,0.0,0.0393401,0.0
213.0,11.3739,0.0,0.463543,0.0,0.061033,0.233878,0.0637945,0.0,0.00514676,0.0,0.0929402,0.165888
214.0,11.4073,0.0177368,0.174521,0.0214017,0.0226299,0.142113,0.187243,0.0,0.0,0.0,0.00630977,0.0273826
215.0,11.4406,0.0959097,0.126009,0.0157843,0.00236281,0.0364217,0.0580088,0.00230682,0.0,0.0,0.0285867,0.0788627
216.0,11.4739,0.0,0.250952,0.0,0.0,0.0378328,0.143402,0.0743383,0.290058,0.0,0.362591,0.126103
217.0,11.5073,0.159485,0.0146142,0.0426789,0.0208967,0.0766891,0.0758504,0.030051,0.100218,0.0,0.438139,0.138063
218.0,11.5406,0.176081,0.0444398,0.0294649,0.0,0.0,0.0511187,0.0,0.158898,0.0,0.544581,0.120599
219.0,11.5739,0.295027,0.0810657,0.0196318,0.0,0.0,0.124555,0.0,0.305652,0.0160305,0.659111,0.131902
220.0,11.6073,0.179813,0.131127,0.0822336,0.0262783,0.0734739,0.217419,0.0,0.0534412,0.0,0.385061,0.123908
221.0,11.6406,0.17294,0.103498,0.118244,0.0403677,0.117427,0.266942,0.0,0.0354792,0.0,0.400691,0.00277002
222.0,11.6739,0.187559,0.157299,0.109756,0.0380395,0.107982,0.396662,0.0,0.000968573,0.0,0.356613,0.0
223.0,11.7073,0.227106,0.214042,0.18614,0.049848,0.143609,0.499333,0.0,0.0,0.0374694,0.354329,0.0
224.0,11.7406,0.292237,0.235181,0.268963,0.0510721,0.168479,0.539793,0.0,0.0,0.0404488,0.385953,0.0
225.0,11.7739,0.220809,0.00496228,0.246682,0.0,0.0937169,0.707257,0.0,0.0,0.0,0.486963,0.0
226.0,11.8073,0.234856,0.0520813,0.300654,0.0,0.178589,0.815992,0.0,0.0,0.00753116,0.657011,0.0705756
227.0,11.8406,0.58702,0.0183128,0.407965,0.00263013,0.00652574,0.658207,0.0,0.0164708,0.0638546,0.650762,0.151844
228.0,11.8739,0.656524,0.034765,0.481454,0.0,0.0,0.21843,0.0,0.249203,0.0267101,0.54757,0.0226306
229.0,11.9073,0.439011,0.0969053,0.461816,0.0,0.0,0.105479,0.0,0.130797,0.0,0.558559,0.0
230.0,11.9406,0.2493,0.0420289,0.227829,0.0290159,0.101486,0.0,0.121707,0.00396045,0.0,0.294307,0.0690967
231.0,11.9739,0.351913,0.0264211,0.315172,0.0759933,0.252939,0.0,0.0315773,0.0,0.0,0.380789,0.0
232.0,12.0073,0.0,0.166551,0.0,0.015269,0.11155,0.0714133,0.000165027,0.0,0.0,0.0461223,0.162478
233.0,12.0406,0.0,0.0929292,0.0,0.00327747,0.0943452,0.304535,0.0,0.0,0.0294524,0.0327104,0.0938812
234.0,12.0739,0.0,0.0996722,0.0,0.0,0.031684,0.127773,0.0,0.0,0.0,0.15317,0.115235
235.0,12.1073,0.0,0.152695,0.0,0.0,0.0,0.0271834,0.0,0.0301904,0.021556,0.246198,0.0723983
236.0,12.1406,0.0,0.283684,0.0,0.0,0.0,0.0,0.106435,0.0436488,0.100663,0.105417,0.036979
237.0,12.1739,0.0,0.570986,0.0,0.0,0.0,0.0,0.0298455,0.0865277,0.386269,0.00876567,0.0439842
238.0,12.2073,0.018078,0.580157,0.0,0.0,0.0,0.0,0.00557218,0.167329,0.436445,0.0,0.0401376
239.0,12.2406,0.0235691,0.48999,0.0,0.0,0.0,0.0,0.011309,0.251241,0.42623,0.0,0.0507757
240.0,12.2739,0.00712221,0.319874,0.0,0.0,0.0,0.0,0.0,0.274371,0.31104,0.0,0.0424628
241.0,12.3073,0.0275608,0.372857,0.0,0.0,0.0,0.0,0.0759208,0.228071,0.00390724,0.0,0.0
242.0,12.3406,0.0357213,0.307488,0.0,0.0,0.0,0.0,0.0524814,0.356366,0.0,0.0933898,0.0
243.0,12.3739,0.0234414,0.0761251,0.0,0.0,0.0,0.0,0.12579,0.224173,0.0198195,0.138821,0.0
244.0,12.4073,0.0,0.920967,0.0,0.0,0.000155424,0.00813283,0.119315,0.0791025,0.0,0.215425,0.0
245.0,12.4406,0.0,0.95034,0.0,0.0369357,0.129764,0.0159285,0.037858,0.00220413,0.0,0.0262286,0.0
246.0,12.4739,0.0,0.571364,0.0,0.085154,0.298783,0.0412314,0.0,0.0160291,0.0,0.142106,0.275315
247.0,12.5073,0.00460911,0.182585,0.016092,0.0233737,0.141744,0.197596,0.0,0.0,0.0,0.0,0.00697038
248.0,12.5406,0.101112,0.196318,0.023988,0.0108145,0.0646131,0.0694009,0.0,0.0,0.0,0.0240535,0.115135
249.0,12.5739,0.0,0.335022,0.0,0.0,0.0461348,0.129782,0.0639682,0.214256,0.0,0.13792,0.103956
250.0,12.6073,0.0,0.321265,0.0215714,0.0,0.0905857,0.182946,0.00299868,0.275338,0.0,0.446476,0.177326
251.0,12.6406,0.164813,0.221629,0.0267325,0.00184025,0.0123458,0.151112,0.0,0.0874897,0.0,0.529379,0.117159
252.0,12.6739,0.304209,0.0590835,0.0408193,0.0,0.0,0.198308,0.0,0.238745,0.0,0.647043,0.124139
253.0,12.7073,0.157724,0.27284,0.0,0.0,0.0,0.324017,0.0,0.211572,0.0557201,0.404521,0.0360106
254.0,12.7406,0.174807,0.0814731,0.0821307,0.0424906,0.119319,0.263551,0.0,0.056796,0.0,0.488767,0.0261791
255.0,12.7739,0.155513,0.199446,0.0527262,0.0391579,0.111175,0.406817,0.0,0.00789602,0.0,0.407669,0.0
256.0,12.8073,0.209593,0.246974,0.16358,0.0506114,0.145654,0.506802,0.0,0.0,0.0255058,0.397837,0.0
257.0,12.8406,0.27383,0.270012,0.247142,0.0684653,0.190728,0.528414,0.0,0.0,0.0513844,0.354347,0.0
258.0,12.8739,0.202508,0.00657806,0.251925,0.0,0.11068,0.701208,0.0,0.0,0.0,0.47771,0.0
259.0,12.9073,0.177171,0.0664182,0.26222,0.0,0.165575,0.826489,0.0,0.0,0.031665,0.646639,0.0580386
260.0,12.9406,0.540879,0.025146,0.375427,0.0,0.0,0.608938,0.0,0.0393249,0.0285545,0.671967,0.211188
261.0,12.9739,0.668895,0.106149,0.556422,0.0,0.0,0.282438,0.0,0.283571,0.0295814,0.626412,0.0
262.0,13.0073,0.529123,0.0993025,0.495524,0.0,0.0,0.223343,0.0,0.190632,8.18335e-05,0.581879,0.00832643
263.0,13.0406,0.447167,0.0,0.321028,0.00669365,0.0370482,0.0334893,0.0103278,0.0,0.0,0.523613,0.0
264.0,13.0739,0.246422,0.0691094,0.23141,0.0230905,0.0943988,0.0,0.127449,0.0293335,0.0,0.392332,0.0264768
265.0,13.1073,0.142681,0.0,0.025728,0.0554844,0.18746,0.0,0.169533,0.0222061,0.000172261,0.27167,0.0646964
266.0,13.1406,0.0,0.164097,0.153923,0.0,0.188021,0.162707,0.0,0.0,0.0,0.0412102,0.0633877
267.0,13.1739,0.0,0.10308,0.0,0.0,0.047116,0.132007,0.0,0.0,0.0217054,0.0226018,0.0926044
268.0,13.2073,0.0,0.151138,0.0,0.0,0.0,0.0809262,0.0,0.00541363,0.00577067,0.226069,0.111132
269.0,13.2406,0.0,0.211506,0.0,0.0,0.0,0.000353409,0.0443764,0.0321162,0.0170901,0.202751,0.0474391
270.0,13.2739,0.0,0.557734,0.0,0.0,0.0,0.0,0.0166752,0.067025,0.355727,0.0468392,0.0508303
271.0,13.3073,0.0183287,0.582541,0.0,0.0,0.0,0.0,0.0,0.155255,0.435828,0.0,0.0294073
272.0,13.3406,0.0277367,0.497665,0.0,0.0,0.0,0.0,0.0060256,0.262342,0.424098,0.0,0.053641
273.0,13.3739,0.0170785,0.325587,0.0,0.0,0.0,0.0,0.0,0.285904,0.312474,0.0267744,0.0
274.0,13.4073,0.023666,0.365441,0.0,0.0,0.0,0.0,0.0695133,0.235085,0.0156937,0.0,0.0
275.0,13.4406,0.0372475,0.312497,0.0,0.0,0.0,0.0,0.0594798,0.363576,0.0,0.102618,0.0
276.0,13.4739,0.0228244,0.0708966,0.0,0.0,0.0,0.0,0.130676,0.245355,0.0278358,0.16245,0.0
277.0,13.5073,0.0,0.989585,0.0,0.0,0.0,0.0,0.0413829,0.406385,0.191834,0.121382,0.0
278.0,13.5406,0.0,0.948413,0.0,0.0440442,0.153849,0.0117754,0.032803,0.00362895,0.0,0.0282071,0.0
279.0,13.5739,0.0,0.428009,0.0,0.0640691,0.244718,0.0595013,0.0,0.00148535,0.0,0.0814032,0.157937
280.0,13.6073,0.00434514,0.129015,0.0162006,0.0217201,0.140876,0.195022,0.0,0.0,0.0,0.0,0.0
281.0,13.6406,0.0746069,0.119871,0.0182788,0.0061879,0.0529446,0.0611528,0.0,0.0,0.0,0.0307092,0.0998478
282.0,13.6739,0.0,0.256281,0.0,0.0,0.0644771,0.136009,0.0819721,0.275452,0.0,0.34328,0.205465
283.0,13.7073,0.0,0.320038,0.0,0.0,0.0893946,0.2303,0.0691463,0.326958,0.0,0.427124,0.213636
284.0,13.7406,0.122057,0.113485,0.0192982,0.0,3.38824e-05,0.108927,0.0,0.119301,0.0,0.555447,0.12892
285.0,13.7739,0.310625,0.142428,0.0,0.0,0.0,0.199995,0.0,0.240574,0.0033613,0.654467,0.122818
286.0,13.8073,0.238015,0.27304,0.0,0.0,0.0,0.211972,0.0,0.0635887,0.0,0.316989,0.0232286
287.0,13.8406,0.157728,0.0735809,0.0,0.0551906,0.151112,0.173891,0.0,0.0752086,0.0,0.608299,0.0159984
288.0,13.8739,0.114324,0.227005,0.0,0.041973,0.118379,0.362475,0.0,0.024731,0.0,0.429603,0.0
289.0,13.9073,0.209218,0.151868,0.023093,0.0457662,0.12799,0.498886,0.0,0.0,0.028296,0.373812,0.0
290.0,13.9406,0.2744,0.181625,0.120698,0.055322,0.153099,0.567349,0.0,0.0,0.0514151,0.412722,0.0
291.0,13.9739,0.199567,0.00434878,0.195936,0.0,0.110146,0.712652,0.0,0.0,0.0,0.487767,0.0
292.0,14.0073,0.199226,0.0467542,0.22756,0.0,0.168433,0.844451,0.0,0.0,0.0741858,0.657829,0.0496285
293.0,14.0406,0.599119,0.0,0.340567,0.0,0.0,0.625727,0.0,0.0781647,0.0516426,0.660294,0.161019
294.0,14.0739,0.638322,0.0268863,0.47943,0.0,0.0,0.286673,0.0,0.219549,0.0387601,0.525863,0.0502081
295.0,14.1073,0.447755,0.0762742,0.436871,0.0,0.0,0.0834313,0.0,0.135724,0.0,0.551909,0.0247582
296.0,14.1406,0.0,0.234303,0.0,0.0,0.0112233,0.0,0.140005,0.148912,0.0,0.397694,0.127134
297.0,14.1739,0.323171,0.0334535,0.288472,0.0817863,0.258354,0.0,0.0905092,0.0,0.0,0.414017,0.0111861
298.0,14.2073,0.0,0.23755,0.0,0.00717832,0.0939837,0.130412,0.0,0.0,0.0,0.0188629,0.144509
299.0,14.2406,0.0,0.0836088,0.0,0.0117899,0.11712,0.260431,0.0,0.0,0.0223423,0.0436535,0.111046
300.0,14.2739,0.0,0.097945,0.0,0.0,0.0361906,0.127687,0.0,0.0,0.0,0.144842,0.111264
301.0,14.3073,0.0,0.142753,0.0,0.0,0.0,0.0506902,0.0,0.0231074,0.0100533,0.276405,0.0758024
302.0,14.3406,0.0,0.262067,0.0,0.0,0.0,0.0,0.0901037,0.0388902,0.0865654,0.101755,0.0436274
303.0,14.3739,0.0,0.559811,0.0,0.0,0.0,0.0,0.0190574,0.0735772,0.369369,0.021479,0.0493168
304.0,14.4073,0.0110824,0.573257,0.0,0.0,0.0,0.0,0.0,0.156528,0.42976,0.00714743,0.0341281
305.0,14.4406,0.0229438,0.502077,0.0,0.0,0.0,0.0,0.0,0.24997,0.431929,0.0,0.0426796
306.0,14.4739,0.0144299,0.322954,0.0,0.0,0.0,0.0,0.0,0.274132,0.310999,0.00541474,0.0405103
307.0,14.5073,0.0267501,0.375298,0.0,0.0,0.0,0.0,0.0719587,0.228979,0.000604212,0.0,0.0
308.0,14.5406,0.0345464,0.312297,0.0,0.0,0.0,0.0,0.0551344,0.33932,0.0,0.0924796,0.0
309.0,14.5739,0.02167,0.0703527,0.0,0.0,0.0,0.0,0.120554,0.236857,0.0277777,0.1522,0.0
310.0,14.6073,0.0172815,0.0715191,0.0,0.0,0.0,0.0,0.140256,0.0817064,0.0,0.0859576,0.0
311.0,14.6406,0.0,0.957446,0.0,0.0400738,0.13974,0.00771093,0.0396535,0.000299245,0.0,0.0152931,0.0156505
312.0,14.6739,0.0,0.557246,0.0,0.082294,0.291565,0.0536699,0.0,0.0135408,0.0,0.135601,0.238278
313.0,14.7073,0.0,0.163002,0.0195525,0.0275802,0.161488,0.203058,0.0,0.0,0.0,0.0,0.0100523
314.0,14.7406,0.0934513,0.146695,0.0167849,0.00586859,0.0498028,0.0793182,0.0,0.0,0.00536397,0.000781962,0.0705377
315.0,14.7739,0.0,0.254952,0.0,0.0,0.0298673,0.124969,0.0508827,0.241094,0.0,0.266943,0.110994
316.0,14.8073,0.0,0.338209,0.0,0.0,0.071402,0.238899,0.0349971,0.293799,0.0,0.39124,0.170724
317.0,14.8406,0.19855,0.224371,0.0289613,0.0,0.0,0.158013,0.0,0.0634416,0.0,0.461827,0.107142
318.0,14.8739,0.327944,0.0673951,0.0436078,0.0,0.0,0.220174,0.0,0.211927,0.000659954,0.608459,0.0911398
319.0,14.9073,0.150452,0.313721,0.0,0.0,0.0,0.33379,0.0,0.176789,0.0579206,0.374357,0.0206391
320.0,14.9406,0.183309,0.154493,0.10667,0.0431035,0.122991,0.268348,0.0,0.0431109,0.0,0.412869,0.0
321.0,14.9739,0.150602,0.18474,0.110012,0.0326119,0.0951305,0.415615,0.0,0.00401676,0.0,0.363454,0.0
322.0,15.0073,0.206658,0.226581,0.177298,0.0496122,0.142251,0.479395,0.0,0.0,0.0290257,0.357729,0.0
323.0,15.0406,0.263811,0.252436,0.247943,0.0612845,0.171171,0.535396,0.0,0.0,0.0425532,0.394614,0.0
324.0,15.0739,0.228794,0.020052,0.317047,0.0,0.103288,0.688591,0.0,0.0,0.0,0.464455,0.0
325.0,15.1073,0.223561,0.0750104,0.333852,0.0,0.167471,0.791951,0.0,0.0,0.0367881,0.593796,0.0839069
326.0,15.1406,0.537208,0.0,0.28554,0.0,0.0,0.566792,0.0,0.0838885,0.0322601,0.672044,0.188968
327.0,15.1739,0.69239,0.0431017,0.505839,0.0,0.0,0.286394,0.0,0.30165,0.0068155,0.654371,0.0
328.0,15.2073,0.537637,0.0412303,0.446266,0.0,0.0,0.199705,0.0,0.176774,0.0,0.574916,0.0
329.0,15.2406,0.425805,0.0319173,0.37782,0.0,0.013576,0.0935189,0.0,0.0155974,0.0,0.487857,0.0
330.0,15.2739,0.361838,0.0383061,0.316151,0.0632475,0.203992,0.0,0.102991,0.0,0.0,0.324585,0.0
331.0,15.3073,0.0230032,0.0296636,0.0,0.0126882,0.099734,0.0495456,0.00805765,0.0,0.0,0.077675,0.141149
332.0,15.3406,0.0,0.178427,0.137857,0.0,0.18133,0.158917,0.0,0.0,0.0,0.0522995,0.0787655
333.0,15.3739,0.0,0.104618,0.0,0.0,0.0539906,0.0906568,0.0,0.0,0.0116342,0.0473026,0.117046
334.0,15.4073,0.0,0.146669,0.0,0.0,0.0,0.0713014,0.00261822,0.0143767,0.0,0.231154,0.125661
335.0,15.4406,0.0,0.244817,0.0,0.0,0.0,0.0,0.0769118,0.0458914,0.0466272,0.187777,0.0218372
336.0,15.4739,0.0,0.563327,0.0,0.0,0.0,0.0,0.0136608,0.0719113,0.366983,0.0569216,0.0431322
337.0,15.5073,0.022644,0.580857,0.0,0.0,0.0,0.0,0.0,0.156353,0.429849,0.00788492,0.0256146
338.0,15.5406,0.0262117,0.497772,0.0,0.0,0.0,0.0,0.009005,0.260042,0.423987,0.0,0.0291073
339.0,15.5739,0.0166898,0.316441,0.0,0.0,0.0,0.0,0.00516422,0.286085,0.305894,0.0,0.0272442
340.0,15.6073,0.023299,0.363656,0.0,0.0,0.0,0.0,0.0750176,0.235149,0.0175129,0.0,0.0
341.0,15.6406,0.0351014,0.305861,0.0,0.0,0.0,0.0,0.053107,0.370124,0.0,0.0941101,0.0
342.0,15.6739,0.0245773,0.0757969,0.0,0.0,0.0,0.0,0.134601,0.242758,0.0270421,0.160752,0.0
343.0,15.7073,0.0,0.970115,0.0,0.000163823,0.0205463,0.0,0.175532,0.0900964,0.0,0.0176811,0.0
344.0,15.7406,0.0,0.947813,0.0,0.0470572,0.163951,0.00772598,0.0404073,0.0088984,0.0,0.0315707,0.0
345.0,15.7739,0.0,0.443007,0.0,0.0534234,0.215868,0.060676,0.0,0.0,0.0,0.0883079,0.0885785
346.0,15.8073,0.000542276,0.119499,0.0207909,0.0171694,0.119272,0.175453,0.0,0.0,0.0,0.00518443,0.0
347.0,15.8406,0.0637307,0.119135,0.0222297,0.00399675,0.0427712,0.0623524,0.0025309,0.0,0.0,0.0321274,0.114005
348.0,15.8739,0.0,0.251248,0.0,0.0,0.036754,0.13985,0.0731288,0.264407,0.0,0.312942,0.150283
349.0,15.9073,0.0,0.312431,0.0121187,0.0,0.088459,0.20413,0.0220807,0.27537,0.0,0.428559,0.187054
350.0,15.9406,0.173714,0.179058,0.039661,0.00374136,0.0202302,0.162075,0.0,0.0800633,0.0,0.524293,0.112338
351.0,15.9739,0.276258,0.0534863,0.0314186,0.0,0.0,0.184348,0.0,0.237108,0.0,0.659349,0.124744
352.0,16.0073,0.206631,0.233381,0.0,0.0,0.0,0.244326,0.0,0.0598813,0.0,0.347907,0.0113845
353.0,16.0406,0.132823,0.068928,0.0,0.0519018,0.144977,0.187636,0.0,0.0652412,0.0,0.559449,0.000415274
354.0,16.0739,0.0984006,0.176072,0.0,0.0414729,0.117788,0.349741,0.0,0.0242254,0.0,0.417185,0.0
355.0,16.1073,0.182251,0.145457,0.0746646,0.0464371,0.131655,0.485948,0.0,0.0,0.0286212,0.366149,0.0
356.0,16.1406,0.255989,0.158032,0.156805,0.0561949,0.15696,0.559017,0.0,0.0,0.0452335,0.419053,0.0
357.0,16.1739,0.203747,0.0071582,0.245063,0.0,0.103094,0.699575,0.0,0.0,0.0,0.478317,0.0
358.0,16.2073,0.196031,0.0602751,0.269605,0.0,0.156393,0.835084,0.0,0.0,0.0741665,0.654102,0.0560548
359.0,16.2406,0.58983,0.0,0.353833,0.0,0.0,0.609185,0.0,0.102727,0.0504405,0.672228,0.155934
360.0,16.2739,0.613928,0.0,0.445767,0.0,0.0,0.2814,0.0,0.2302,0.0403655,0.556059,0.0247043
361.0,16.3073,0.401209,0.0641706,0.413084,0.0,0.0,0.0962758,0.0,0.140012,0.0,0.566067,0.0116717
362.0,16.3406,0.248032,0.0677404,0.281337,0.0162499,0.0681314,0.0,0.0988671,0.00864164,0.0,0.37181,0.0159894
363.0,16.3739,0.307989,0.0508817,0.299552,0.0725283,0.239835,0.0,0.050673,0.0,0.0,0.390575,0.0
364.0,16.4073,0.0,0.00945975,0.0,0.00574385,0.120585,0.0696819,0.00333011,0.00671153,0.0,0.0319504,0.148522
365.0,16.4406,0.0,0.199481,0.116115,0.0,0.182203,0.139151,0.0,0.0,0.0,0.0842733,0.0845898
366.0,16.4739,0.0,0.101031,0.0,0.0,0.03964,0.072552,0.0,0.0,0.0189451,0.0429077,0.14595
367.0,16.5073,0.0,0.164415,0.0,0.0,0.0,0.0544732,0.0,0.0182039,0.00196193,0.257281,0.113809
368.0,16.5406,0.0,0.23945,0.0,0.0,0.0,0.0,0.0560894,0.0373516,0.0420494,0.221131,0.0297291
369.0,16.5739,0.0,0.560091,0.0,0.0,0.0,0.0,0.0,0.0577156,0.367482,0.0677536,0.0559197
370.0,16.6073,0.0242253,0.584777,0.0,0.0,0.0,0.0,0.0,0.151748,0.436427,0.0125477,0.0279811
371.0,16.6406,0.0270142,0.498726,0.0,0.0,0.0,0.0,0.0,0.257095,0.428601,0.0,0.0416357
372.0,16.6739,0.0159601,0.316699,0.0,0.0,0.0,0.0,0.0,0.281198,0.311017,0.00325382,0.0150137
373.0,16.7073,0.0236632,0.363005,0.0,0.0,0.0,0.0,0.0698049,0.230877,0.014833,0.0,0.0
374.0,16.7406,0.0343483,0.307321,0.0,0.0,0.0,0.0,0.0541871,0.352024,0.0,0.0914555,0.0
375.0,16.7739,0.0235989,0.0711195,0.0,0.0,0.0,0.0,0.141701,0.240523,0.0246522,0.154827,0.0
376.0,16.8073,0.0,0.972972,0.0,0.0,0.0,0.0,0.175361,0.110187,0.00134756,0.0,0.00937005
377.0,16.8406,0.0,0.962426,0.0,0.0442287,0.156483,0.0171656,0.0223815,0.00848282,0.0,0.0159229,0.0
378.0,16.8739,0.0,0.602601,0.0,0.0468531,0.177287,0.0390771,0.00834138,0.00542641,0.0,0.0775099,0.164317
379.0,16.9073,0.00147542,0.143853,0.0163484,0.00820054,0.0767019,0.150147,0.0,0.0,0.0,0.0020033,0.0
380.0,16.9406,0.0889136,0.158393,0.0213336,0.0,0.0222835,0.0552407,0.00696031,0.0,0.00390216,0.00838369,0.104323
381.0,16.9739,0.0,0.271627,0.0,0.0,0.0322241,0.146042,0.0563556,0.239738,0.0,0.283232,0.170292
382.0,17.0073,0.165715,0.0773848,0.0435934,0.0205418,0.0779172,0.0748007,0.0250523,0.0964817,0.0,0.419047,0.103852
383.0,17.0406,0.107834,0.0252887,0.0020891,0.0,0.0,0.075095,0.0,0.138982,0.0,0.535993,0.104753
384.0,17.0739,0.297584,0.0594309,0.0157518,0.0,0.0,0.119479,0.0,0.27833,0.00808974,0.641781,0.120446
385.0,17.1073,0.167529,0.112246,0.0348031,0.0384135,0.104623,0.184787,0.0,0.0540864,0.0,0.384793,0.168242
386.0,17.1406,0.153767,0.0408078,0.0612007,0.041391,0.12098,0.260978,0.0,0.0331253,0.0,0.396473,0.00324863
387.0,17.1739,0.157932,0.132786,0.0741569,0.0378289,0.109582,0.39593,0.0,0.0,0.0,0.354717,0.0
388.0,17.2073,0.204233,0.18245,0.16319,0.0513119,0.147623,0.492036,0.0,0.0,0.0323283,0.345908,0.0
389.0,17.2406,0.28063,0.20804,0.248873,0.0436058,0.171426,0.544411,0.0,0.0,0.0305914,0.383164,0.0
390.0,17.2739,0.222832,0.0,0.235822,0.0,0.0760244,0.70418,0.0,0.0,0.0,0.483474,0.0
391.0,17.3073,0.231461,0.0499152,0.278287,0.0,0.188735,0.806733,0.0,0.0,0.00750025,0.634654,0.0634282
392.0,17.3406,0.591524,0.0031156,0.385078,0.0156003,0.0413387,0.603118,0.0,0.018654,0.0386607,0.616699,0.146915
393.0,17.3739,0.676149,0.0,0.448425,0.0,0.0,0.266242,0.0,0.209608,0.0230532,0.561623,0.013598
394.0,17.4073,0.473006,0.0685828,0.451782,0.0,0.0,0.243486,0.0,0.114455,0.00168213,0.467885,0.0
395.0,17.4406,0.267353,0.0,0.235189,0.0178958,0.0791397,0.0,0.0414702,0.0,0.0,0.370813,0.0383518
396.0,17.4739,0.181293,0.0380078,0.144494,0.0253006,0.108125,0.0,0.11233,0.0164285,0.0,0.371448,0.0644035
397.0,17.5073,0.0,0.0957164,0.0,0.0216027,0.126976,0.0369766,0.00661699,0.0,0.00464925,0.0290991,0.152081
398.0,17.5406,0.0,0.0900218,0.0,0.0151519,0.118035,0.247941,0.0,0.0,0.0210262,0.0262938,0.122279
399.0,17.5739,0.0,0.103409,0.0,0.0,0.0346538,0.143757,0.0,0.0,0.0,0.132993,0.119887
400.0,17.6073,0.0,0.129171,0.0,0.0,0.0,0.0339102,0.00898424,0.0312469,0.00369362,0.229768,0.121956
401.0,17.6406,0.0,0.259601,0.0,0.0,0.0,0.0,0.105801,0.0449877,0.0813505,0.126864,0.0250599
402.0,17.6739,0.0,0.559796,0.0,0.0,0.0,0.0,0.00788254,0.0674347,0.369499,0.0722206,0.0
403.0,17.7073,0.00902611,0.572795,0.0,0.0,0.0,0.0,0.0,0.149126,0.424027,0.0106839,0.0244654
404.0,17.7406,0.0209728,0.515111,0.0,0.0,0.0,0.0,0.0,0.248876,0.442917,0.0,0.0354113
405.0,17.7739,0.0,0.340184,0.0,0.0,0.0,0.0,0.0,0.284811,0.317935,0.083609,0.0
406.0,17.8073,0.0265165,0.375011,0.0,0.0,0.0,0.0,0.0715583,0.232573,0.0186735,0.0,0.0
407.0,17.8406,0.037065,0.306741,0.0,0.0,0.0,0.0,0.0578879,0.380999,0.0,0.0934218,0.0
408.0,17.8739,0.0251894,0.0787206,0.0,0.0,0.0,0.0,0.1255,0.229483,0.0205577,0.149489,0.0
409.0,17.9073,0.0,0.920067,0.0,0.0,0.0119476,0.007467,0.123765,0.0808731,0.0,0.219107,0.0
410.0,17.9406,0.0,0.948612,0.0,0.0389809,0.13597,0.0201958,0.0296272,0.000522107,0.0,0.0254472,0.0
411.0,17.9739,0.0,0.649903,0.0,0.0920562,0.312378,0.028162,0.0178157,0.0217717,0.0,0.137536,0.270796
412.0,18.0073,0.00181422,0.141028,0.027107,0.0103865,0.0984014,0.205077,0.0,0.0,0.0,0.0163704,0.0
413.0,18.0406,0.0757657,0.136484,0.0195226,0.0029264,0.0373579,0.0931915,0.0,0.0,0.00959215,0.00919204,0.104751
414.0,18.0739,0.0,0.27182,0.0,0.0,0.0331748,0.166373,0.0465335,0.248718,0.0,0.320114,0.156985
415.0,18.1073,0.186556,0.106136,0.0494022,0.0226754,0.0777338,0.0908242,0.00445972,0.0842498,0.0,0.433836,0.097785
416.0,18.1406,0.207705,0.180547,0.050393,0.0,0.0,0.119339,0.0,0.101851,0.0,0.511538,0.104788
417.0,18.1739,0.263105,0.0832844,0.0167188,0.0,0.0,0.145891,0.0,0.272536,0.00312962,0.644778,0.112496
418.0,18.2073,0.161843,0.28512,0.0,0.0,0.0,0.288115,0.0,0.230761,0.0677735,0.347238,0.0427229
419.0,18.2406,0.169291,0.114438,0.159994,0.0371251,0.110027,0.254185,0.0,0.0373349,0.0,0.374867,0.0213908
420.0,18.2739,0.157328,0.207248,0.102598,0.0347195,0.101372,0.402613,0.0,0.0,0.0,0.35454,0.0
421.0,18.3073,0.196277,0.191141,0.200761,0.0500008,0.1438,0.478828,0.0,0.0,0.0279055,0.360105,0.0
422.0,18.3406,0.254293,0.0845265,0.329901,0.0,0.151607,0.551261,0.0,0.0,0.0,0.373741,0.0
423.0,18.3739,0.185302,0.0,0.155516,0.0,0.0258861,0.71367,0.0,0.0,0.0,0.530083,0.0
424.0,18.4073,0.250116,0.0768474,0.37746,0.0,0.162369,0.774278,0.0,0.0,0.0,0.635919,0.0834836
425.0,18.4406,0.611279,0.00857835,0.405834,0.0,0.0,0.541642,0.0,0.112275,0.0303191,0.651315,0.150886
426.0,18.4739,0.671922,0.014243,0.478889,0.0,0.0,0.252852,0.0,0.211989,0.0246275,0.564462,0.0
427.0,18.5073,0.419087,0.0,0.310009,0.0,0.0,0.14077,0.0,0.108902,0.0,0.513491,0.0
428.0,18.5406,0.309614,0.0579038,0.345648,0.0280594,0.0984718,0.0,0.0906981,0.0,0.0,0.357055,0.021984
429.0,18.5739,0.191787,0.0575567,0.175642,0.0269877,0.109108,0.0,0.134282,0.0254203,0.0,0.393232,0.0558739
430.0,18.6073,0.0,0.138974,0.0,0.0195872,0.121808,0.0491096,0.00895705,0.0,0.00277301,0.0405825,0.139179
431.0,18.6406,0.0,0.19631,0.125244,0.0,0.172366,0.159717,0.0,0.0,0.0,0.06557,0.074736
432.0,18.6739,0.0,0.103803,0.0,0.0,0.0507445,0.0876419,0.0,0.0,0.0122372,0.0501187,0.128077
433.0,18.7073,0.0,0.159695,0.0,0.0,0.0,0.0473821,0.00583301,0.0275672,0.00777391,0.213598,0.103304
434.0,18.7406,0.0,0.26143,0.0,0.0,0.0,0.0,0.0928194,0.0488533,0.0638477,0.159253,0.0296145
435.0,18.7739,0.0,0.56489,0.0,0.0,0.0,0.0,0.0258151,0.080748,0.371481,0.03159,0.0454033
436.0,18.8073,0.0201571,0.573045,0.0,0.0,0.0,0.0,0.0,0.156402,0.424877,0.0,0.0180269
437.0,18.8406,0.0243285,0.490959,0.0,0.0,0.0,0.0,0.00316406,0.250848,0.421826,0.0,0.039018
438.0,18.8739,0.00953097,0.314135,0.0,0.0,0.0,0.0,0.0,0.275094,0.314193,0.0,0.036938
439.0,18.9073,0.0242916,0.370971,0.0,0.0,0.0,0.0,0.0714021,0.233677,0.0195804,0.0,0.0
440.0,18.9406,0.0398772,0.310985,0.0,0.0,0.0,0.0,0.0598463,0.371644,0.0,0.089411,0.0
441.0,18.9739,0.0250353,0.074935,0.0,0.0,0.0,0.0,0.118279,0.241693,0.0275902,0.161696,0.0
442.0,19.0073,0.0199122,0.0718681,0.0,0.0,0.0,0.0,0.142124,0.0946212,0.0,0.0886879,0.0
443.0,19.0406,0.0,0.956569,0.0,0.0383881,0.13253,0.0173905,0.0305966,0.0,0.0,0.015859,0.0
444.0,19.0739,0.0,0.590547,0.0,0.0889012,0.314779,0.0732783,0.0,0.0115249,0.0,0.121355,0.282404
445.0,19.1073,0.0039684,0.136324,0.0218825,0.022062,0.143296,0.21895,0.0,0.0,0.0,0.0,0.0
446.0,19.1406,0.0841964,0.147386,0.021286,0.00543168,0.0482881,0.0969424,0.0,0.0,0.00930411,0.0101303,0.0850062
447.0,19.1739,0.0,0.25796,0.0,0.0,0.0499643,0.174665,0.0431683,0.240971,0.0,0.31787,0.141636
448.0,19.2073,0.15137,0.0,0.0453147,0.0240254,0.0885314,0.0772275,0.0363012,0.0999053,0.0,0.450029,0.0933263
449.0,19.2406,0.195085,0.0230897,0.0427176,0.0,0.0,0.0938413,0.0,0.135652,0.0,0.559975,0.12234
450.0,19.2739,0.294825,0.0613207,0.0182436,0.0,0.0,0.122578,0.0,0.30094,0.0039099,0.677866,0.136143
451.0,19.3073,0.197491,0.218773,0.0,0.0,0.0,0.247181,0.0,0.247566,0.0578119,0.404745,0.0470847
452.0,19.3406,0.169613,0.0721806,0.10653,0.0366957,0.108045,0.263517,0.0,0.0373613,0.0,0.401855,0.0153642
453.0,19.3739,0.175945,0.126925,0.101613,0.0371317,0.106957,0.396573,0.0,0.000505729,0.0,0.36811,0.0
454.0,19.4073,0.208307,0.183253,0.188515,0.0484017,0.141018,0.502226,0.0,0.0,0.0345451,0.363898,0.0
455.0,19.4406,0.26178,0.19695,0.250933,0.0568554,0.161333,0.544515,0.0,0.0,0.0408845,0.42051,0.0
456.0,19.4739,0.210954,0.00728264,0.256625,0.0,0.130209,0.69955,0.0,0.0,0.0,0.485028,0.0
457.0,19.5073,0.215634,0.0679265,0.313768,0.0,0.181503,0.813161,0.0,0.0,0.00742687,0.650622,0.0649562
458.0,19.5406,0.555129,0.0294403,0.408678,0.00951409,0.0270891,0.656265,0.0,0.0225878,0.0576949,0.658853,0.163225
459.0,19.5739,0.653706,0.0406175,0.48805,0.0,0.0,0.20576,0.0,0.27057,0.00503381,0.596895,0.0
460.0,19.6073,0.464199,0.0796448,0.463592,0.0,0.0,0.0990623,0.0,0.16041,0.0,0.600531,0.0
461.0,19.6406,0.296867,0.0268435,0.298214,0.0207195,0.0814796,0.0,0.0766638,0.0,0.0,0.362089,0.0611671
462.0,19.6739,0.35524,0.0315535,0.302106,0.0584219,0.207556,0.0234041,0.0196156,0.0,0.0,0.295009,0.0
463.0,19.7073,0.0,0.0373618,0.0,0.0136544,0.103463,0.0303053,0.00796184,0.0,0.00425018,0.0327349,0.179097
464.0,19.7406,0.0,0.087919,0.0,0.0138356,0.122996,0.258881,0.0,0.0,0.027166,0.0299818,0.118615
465.0,19.7739,0.0,0.100781,0.0,0.0,0.0406067,0.134005,0.0,0.0,0.0,0.116004,0.129029
466.0,19.8073,0.0,0.107583,0.0,0.0,0.0,0.043995,0.0129793,0.0210179,0.0,0.248985,0.171184
467.0,19.8406,0.0,0.269253,0.0,0.0,0.0,0.0,0.0851945,0.0384828,0.0817659,0.130185,0.0558497
468.0,19.8739,0.0,0.563987,0.0,0.0,0.0,0.0,0.0213677,0.0758138,0.370605,0.0337982,0.0502539
469.0,19.9073,0.0220782,0.586449,0.0,0.0,0.0,0.0,0.00239626,0.168693,0.436599,0.00693642,0.0432303
470.0,19.9406,0.0282074,0.507513,0.0,0.0,0.0,0.0,0.0,0.257349,0.428023,0.0,0.0332094
471.0,19.9739,0.0087919,0.320778,0.0,0.0,0.0,0.0,0.0,0.272248,0.316803,0.0,0.047552
472.0,20.0073,0.0258838,0.37161,0.0,0.0,0.0,0.0,0.0816201,0.227705,0.00578764,0.0,0.0
473.0,20.0406,0.0359006,0.307136,0.0,0.0,0.0,0.0,0.0527093,0.346611,0.0,0.0818492,0.0
474.0,20.0739,0.00255665,0.300194,0.0,0.0,0.0,0.0,0.00385257,0.306564,0.0,0.114164,0.0
475.0,20.1073,0.0,0.990542,0.0,0.0,0.0,0.0,0.0,0.539383,0.318658,0.354465,0.0
476.0,20.1406,0.0,0.947041,0.0,0.0430318,0.152447,0.0307448,0.0137863,0.0,0.0,0.022432,0.0
477.0,20.1739,0.0,0.65368,0.0,0.0702617,0.266056,0.0843465,0.0,0.00321022,0.0,0.100319,0.191606
478.0,20.2073,0.0,0.120884,0.0357148,0.0176756,0.133058,0.213994,0.0,0.0,0.0,0.0,0.0673578
479.0,20.2406,0.0368614,0.123376,0.0264896,0.00462024,0.045603,0.0702077,0.0,0.0,0.0,0.0320524,0.127587
480.0,20.2739,0.0,0.0437846,0.0212949,0.00529119,0.0520109,0.0345634,0.121077,0.122546,0.0,0.317482,0.170593
481.0,20.3073,0.10733,0.0,0.0516706,0.0122118,0.0488075,0.0692055,0.0579119,0.129088,0.0,0.518039,0.150488
482.0,20.3406,0.0897148,0.160062,0.0299404,0.0,0.0,0.0480124,0.0,0.164885,0.0,0.557345,0.151173
483.0,20.3739,0.185028,0.147713,0.00950975,0.0,0.0,0.129588,0.0,0.317157,0.0341075,0.637574,0.146487
484.0,20.4073,0.0741012,0.155521,0.0512303,0.0198904,0.062761,0.249427,0.0,0.0466583,0.0,0.400442,0.121495
485.0,20.4406,0.0442867,0.162555,0.0388,0.0301715,0.093773,0.322832,0.0,0.0279886,0.0,0.478543,0.006078
486.0,20.4739,0.0701282,0.215295,0.0852379,0.0348393,0.103952,0.417797,0.0,0.0,0.0,0.417729,0.0
487.0,20.5073,0.119541,0.187965,0.152156,0.0488661,0.14378,0.494946,0.0,0.0,0.0157835,0.415432,0.0
488.0,20.5406,0.185666,0.185823,0.238941,0.0606949,0.17327,0.533071,0.0,0.0,0.0242349,0.445808,0.0
489.0,20.5739,0.161661,0.0120522,0.225105,0.0,0.134392,0.693991,0.0,0.0,0.0,0.511146,0.0
490.0,20.6073,0.140717,0.0696352,0.239685,0.0,0.112501,0.813096,0.0,0.0,0.00343645,0.663964,0.0568784
491.0,20.6406,0.466333,0.0128195,0.313117,0.0,0.0,0.608122,0.0,0.0301338,0.0286587,0.676417,0.210747
492.0,20.6739,0.609116,0.0,0.389705,0.0,0.0,0.149003,0.0,0.192595,0.0,0.694231,0.0
493.0,20.7073,0.532581,0.0,0.357065,0.0,0.0,0.119596,0.0,0.26951,0.0,0.66996,0.0333664
494.0,20.7406,0.46388,0.00127186,0.263447,0.0,0.0,0.0530369,0.0,0.0816181,0.0,0.493169,0.0
495.0,20.7739,0.22724,0.0763651,0.242124,0.0174251,0.0754471,0.0,0.144491,0.0330453,0.0,0.393637,0.0143154
496.0,20.8073,0.196544,0.0117415,0.073383,0.0613769,0.217709,0.00217755,0.0582367,0.0,0.0,0.207739,0.0356956
497.0,20.8406,0.0,0.170072,0.144076,0.0,0.189593,0.148677,0.0,0.0,0.0,0.0459584,0.0651021
498.0,20.8739,0.0,0.111169,0.0,0.0,0.0754017,0.150724,0.0,0.0,0.0245749,0.0256366,0.0915101
499.0,20.9073,0.0,0.158689,0.0,0.0,0.0,0.109967,0.0,0.0,0.000879086,0.220915,0.119861
500.0,20.9406,0.0,0.187707,0.0,0.0,0.0,0.0258132,0.0260976,0.0246689,0.0,0.17277,0.0712268
501.0,20.9739,0.0,0.55624,0.0,0.0,0.0,0.0,0.0152449,0.0459228,0.343027,0.0383838,0.0686957
502.0,21.0073,0.00810848,0.582142,0.0,0.0,0.0,0.0,0.0,0.143705,0.430098,0.0,0.0112237
503.0,21.0406,0.0348562,0.519283,0.0,0.0,0.0,0.0,0.00307159,0.270248,0.433894,0.0,0.0248008
504.0,21.0739,0.0271268,0.329953,0.0,0.0,0.0,0.0,0.00984356,0.300792,0.313705,0.0,0.022856
505.0,21.1073,0.0308634,0.369444,0.0,0.0,0.0,0.0,0.0780964,0.237867,0.0205658,0.0,0.0
506.0,21.1406,0.0384358,0.316566,0.0,0.0,0.0,0.0,0.0601011,0.360577,0.0,0.0914849,0.0
507.0,21.1739,0.0279552,0.0818044,0.0,0.0,0.0,0.0,0.142983,0.244128,0.0198834,0.162117,0.0
508.0,21.2073,0.0,0.925748,0.0,0.00405731,0.0397145,0.0,0.149385,0.085077,0.0,0.223192,0.0
509.0,21.2406,0.0,0.949289,0.0,0.0428384,0.148253,0.0163706,0.029774,0.0,0.0,0.0243867,0.0
510.0,21.2739,0.0,0.465607,0.0,0.0755248,0.279607,0.0526452,0.0,0.00916226,0.0,0.109758,0.192858
511.0,21.3073,0.00710913,0.118647,0.017545,0.0270436,0.16584,0.206526,0.0,0.0,0.0,0.0,0.025172
512.0,21.3406,0.0885909,0.0474714,0.0101032,0.0,0.0314542,0.0744034,0.000510816,0.0,0.00271012,0.0236228,0.0807738
513.0,21.3739,0.0,0.252757,0.0,0.0,0.0275886,0.136987,0.058253,0.25559,0.0,0.311408,0.125765
514.0,21.4073,0.0,0.31575,0.0,0.0,0.0775714,0.236971,0.0330635,0.288781,0.0,0.423498,0.182218
515.0,21.4406,0.20951,0.0918291,0.0392658,0.0,0.00684422,0.161701,0.0,0.073702,0.0,0.509558,0.101293
516.0,21.4739,0.419874,0.529736,0.0922911,0.0,0.0,0.163475,0.0,0.19918,0.00301399,0.534244,0.136317
517.0,21.5073,0.32051,0.0915773,0.042003,0.0,0.0,0.267014,0.0,0.192244,0.0,0.286522,0.0330468
518.0,21.5406,0.245216,0.0106047,0.0347454,0.0515087,0.141537,0.197805,0.0,0.0495779,0.0,0.502841,0.0103381
519.0,21.5739,0.195611,0.206188,0.00380394,0.0386948,0.108989,0.35131,0.0,0.0172125,0.0,0.376288,0.0
520.0,21.6073,0.258397,0.221653,0.137022,0.0461141,0.12998,0.481551,0.0,0.0,0.0350017,0.342899,0.0
521.0,21.6406,0.300106,0.297615,0.159953,0.050307,0.142097,0.54767,0.0,0.0,0.0566655,0.380233,0.0
522.0,21.6739,0.260888,0.00446745,0.309594,0.0,0.0697412,0.687213,0.0,0.0,0.0,0.461442,0.0
523.0,21.7073,0.241286,0.0497983,0.307424,0.0,0.146877,0.839837,0.0,0.0,0.0733165,0.667877,0.0489439
524.0,21.7406,0.635961,0.0,0.392344,0.0,0.0,0.598218,0.0,0.149674,0.0494842,0.680099,0.151876
525.0,21.7739,0.635154,0.0268455,0.471074,0.0,0.0,0.282816,0.0,0.203271,0.0289934,0.538414,0.0347477
526.0,21.8073,0.390565,0.0864488,0.429603,0.0,0.0,0.133264,0.0,0.0943596,0.0,0.545543,0.0
527.0,21.8406,0.247417,0.0823016,0.287167,0.0223136,0.0859624,0.0,0.0956576,0.00185157,0.0,0.328791,0.0210452
528.0,21.8739,0.282536,0.0,0.21499,0.0737251,0.242704,0.0,0.0585144,0.0,0.0,0.387512,0.0567507
529.0,21.9073,0.0,0.023149,0.0,0.0185748,0.118085,0.0673038,0.0,0.0,0.00344838,0.0285881,0.168824
530.0,21.9406,0.0,0.0989799,0.0,0.0109764,0.108781,0.257701,0.0,0.0,0.0306365,0.0277705,0.14111
531.0,21.9739,0.0,0.104473,0.0,0.0,0.0301565,0.117516,0.0,0.0,0.0,0.125873,0.117411
532.0,22.0073,0.0,0.136163,0.0,0.0,0.0,0.0251271,0.00494198,0.0350812,0.0011505,0.269839,0.122965
533.0,22.0406,0.0,0.288166,0.0,0.0,0.0,0.0,0.120053,0.0511801,0.110181,0.144376,0.0221519
534.0,22.0739,0.00219097,0.569546,0.0,0.0,0.0,0.0,0.0115003,0.0743942,0.378399,0.0616876,0.0520384
535.0,22.1073,0.0224521,0.57949,0.0,0.0,0.0,0.0,0.0,0.159482,0.426399,0.0195118,0.0242323
536.0,22.1406,0.0203,0.515174,0.0,0.0,0.0,0.0,0.0,0.241238,0.442082,0.0,0.043406
537.0,22.1739,0.0,0.321555,0.0,0.0,0.0,0.0,0.0,0.27549,0.325746,0.0,0.0428781
538.0,22.2073,0.0230495,0.371797,0.0,0.0,0.0,0.0,0.0749357,0.231501,0.00730424,0.0,0.0
539.0,22.2406,0.0333894,0.305238,0.0,0.0,0.0,0.0,0.0513189,0.346567,0.0,0.0860397,0.0
540.0,22.2739,0.0239595,0.0742705,0.0,0.0,0.0,0.0,0.135715,0.22737,0.0227602,0.138853,0.0
541.0,22.3073,0.0,0.988504,0.0,0.0,0.0,0.0,0.0368022,0.386834,0.185994,0.108842,0.0
542.0,22.3406,0.0,0.946066,0.0,0.0426348,0.148784,0.0170222,0.0306989,0.00443201,0.0,0.0270775,0.0
543.0,22.3739,0.0,0.491708,0.0,0.0747789,0.271907,0.0469866,0.0,0.00722804,0.0,0.106012,0.184436
544.0,22.4073,0.0,0.150546,0.0163221,0.0235283,0.14662,0.206112,0.0,0.0,0.0,0.0,0.00584413
545.0,22.4406,0.0756435,0.136736,0.0163338,0.00189486,0.0369876,0.0934727,0.0,0.0,0.00623393,0.0143397,0.11427
546.0,22.4739,0.0,0.278792,0.0,0.0,0.0430738,0.165303,0.0461493,0.220468,0.0,0.287082,0.170339
547.0,22.5073,0.0,0.323028,0.0,0.0,0.0447397,0.243396,0.0195892,0.267709,0.0,0.303064,0.116975
548.0,22.5406,0.221131,0.23353,0.0287912,0.0,0.0,0.15199,0.0,0.0699005,0.0,0.46513,0.100887
549.0,22.5739,0.3402,0.0672875,0.0267121,0.0,0.0,0.237499,0.0,0.235634,0.0,0.620231,0.0801796
550.0,22.6073,0.18425,0.287404,0.0,0.0,0.0,0.313446,0.0,0.193667,0.0499697,0.376618,0.0213985
551.0,22.6406,0.192364,0.148229,0.106718,0.0437116,0.123826,0.255149,0.0,0.0474753,0.0,0.411921,0.0
552.0,22.6739,0.173759,0.21253,0.070487,0.0389708,0.11186,0.39891,0.0,0.00612476,0.0,0.368408,0.0
553.0,22.7073,0.214239,0.203998,0.182422,0.0501086,0.143274,0.490407,0.0,0.0,0.0257033,0.377067,0.0
554.0,22.7406,0.262907,0.222974,0.246182,0.0620892,0.173057,0.534001,0.0,0.0,0.0381587,0.398678,0.0
555.0,22.7739,0.225099,0.0182882,0.306959,0.0,0.0950628,0.691651,0.0,0.0,0.0,0.477402,0.0
556.0,22.8073,0.219297,0.0765787,0.32551,0.0,0.156379,0.800937,0.0,0.0,0.010345,0.622066,0.0513077
557.0,22.8406,0.579184,0.0406479,0.416549,0.0,0.0,0.580987,0.0,0.0335384,0.0228741,0.649206,0.190371
558.0,22.8739,0.699333,0.083015,0.55323,0.0,0.0,0.192786,0.0,0.225799,0.0,0.689006,0.0
559.0,22.9073,0.531749,0.0,0.407328,0.0,0.0,0.186066,0.0,0.150273,0.0,0.574461,0.0
560.0,22.9406,0.43944,0.0889897,0.434092,0.0,0.00924396,0.106734,0.0,0.0227651,0.0,0.462505,0.0
561.0,22.9739,0.244214,0.0703522,0.225878,0.0207272,0.08708,0.0,0.125121,0.026896,0.0,0.37168,0.0380545
562.0,23.0073,0.0709184,0.0,0.0,0.040486,0.169501,0.0116429,0.0441573,0.0,0.0,0.118777,0.0862666
563.0,23.0406,0.0,0.147572,0.161652,0.0,0.2064,0.120807,0.0,0.0,0.0,0.0700268,0.0829272
564.0,23.0739,0.0,0.110763,0.0,0.0,0.0541375,0.133767,0.0,0.0,0.0132649,0.031962,0.141255
565.0,23.1073,0.0,0.150686,0.0,0.0,0.0,0.0862272,0.0,0.00536358,0.00246795,0.232179,0.115622
566.0,23.1406,0.0,0.231388,0.0,0.0,0.0,0.0,0.063991,0.0417768,0.0317394,0.204903,0.0366658
567.0,23.1739,0.0,0.561261,0.0,0.0,0.0,0.0,0.0166938,0.0676475,0.361753,0.0553295,0.0518458
568.0,23.2073,0.0211591,0.58115,0.0,0.0,0.0,0.0,0.0,0.153904,0.428297,0.00727796,0.0205795
569.0,23.2406,0.0280535,0.507418,0.0,0.0,0.0,0.0,0.0105884,0.26248,0.426908,0.0,0.0367865
570.0,23.2739,0.0174869,0.316987,0.0,0.0,0.0,0.0,0.00896122,0.290115,0.310998,0.0,0.0377259
571.0,23.3073,0.0273222,0.352214,0.0,0.0,0.0,0.0,0.0706224,0.23892,0.0148802,0.0,0.0256632
572.0,23.3406,0.0357975,0.304454,0.0,0.0,0.0,0.0,0.0581282,0.367881,0.0,0.0915124,0.0
573.0,23.3739,0.0259115,0.078012,0.0,0.0,0.0,0.0,0.135107,0.241576,0.0246561,0.14801,0.0
574.0,23.4073,0.0,0.989625,0.0,0.0,0.0,0.0,0.0665571,0.37094,0.144365,0.25485,0.0
575.0,23.4406,0.0,0.945473,0.0,0.0431626,0.15067,0.0263921,0.0181554,0.000411689,0.0,0.0239199,0.0
576.0,23.4739,0.0,0.417697,0.0,0.0691565,0.257241,0.0519168,0.0,0.00622315,0.0,0.105145,0.192546
577.0,23.5073,0.0,0.14081,0.0243926,0.0293006,0.168329,0.1902,0.0,0.0,0.0,0.0,0.0238173
578.0,23.5406,0.0381596,0.0331308,0.0154936,0.00429808,0.0505305,0.0706702,0.0,0.0,0.0,0.0549573,0.0960496
579.0,23.5739,0.0,0.0,0.0107907,0.00615133,0.0594464,0.0372729,0.129358,0.13326,0.0,0.356194,0.147795
580.0,23.6073,0.0298523,0.0,0.0227118,0.00947236,0.0417446,0.0698463,0.0569288,0.138007,0.0,0.549771,0.15156
581.0,23.6406,0.067649,0.0603577,0.0167618,0.0,0.0,0.0568643,0.0,0.168442,0.0,0.580023,0.1448
582.0,23.6739,0.21951,0.103616,0.0,0.0,0.0,0.138972,0.0,0.289832,0.0209403,0.640728,0.138805
583.0,23.7073,0.0747122,0.0965571,0.0,0.0255723,0.0750935,0.248934,0.0,0.0429015,0.0,0.432729,0.168315
584.0,23.7406,0.0422855,0.0690126,0.0,0.0302676,0.0932314,0.324885,0.0,0.0218071,0.0,0.46282,0.0
585.0,23.7739,0.0526305,0.1439,0.00950902,0.0292905,0.0872154,0.431715,0.0,0.0,0.0,0.401368,0.0
586.0,23.8073,0.138379,0.15567,0.108976,0.0453276,0.132564,0.510215,0.0,0.0,0.0312456,0.39177,0.0
587.0,23.8406,0.205367,0.159006,0.184986,0.0520167,0.157072,0.545196,0.0,0.0,0.0351998,0.432323,0.0
588.0,23.8739,0.163373,0.00883076,0.175049,0.0,0.125547,0.709062,0.0,0.0,0.0,0.517524,0.0
589.0,23.9073,0.186684,0.0284421,0.14358,0.0,0.160801,0.828505,0.0,0.0,0.00918988,0.673144,0.0822907
590.0,23.9406,0.547034,0.0,0.33081,0.0,0.0,0.597656,0.0,0.0462269,0.0379598,0.664682,0.192291
591.0,23.9739,0.62408,0.0,0.433709,0.0,0.0,0.244233,0.0,0.268153,0.0345912,0.586094,0.0
592.0,24.0073,0.458411,0.0618791,0.425805,0.0,0.0,0.114617,0.0,0.208019,0.0,0.585573,0.0
593.0,24.0406,0.266637,0.0,0.238023,0.0180654,0.0723288,0.0,0.102243,0.00417787,0.0,0.354463,0.0323795
594.0,24.0739,0.250913,0.0225734,0.238301,0.0727805,0.232454,0.0,0.122523,0.0,0.0,0.342186,0.00748111
595.0,24.1073,0.0,0.0180297,0.0,0.0199658,0.122553,0.0308523,0.0123223,0.0,0.0,0.0678451,0.140076
596.0,24.1406,0.0,0.193045,0.13128,0.0,0.17111,0.142071,0.0,0.00117431,0.0,0.0631398,0.0751399
597.0,24.1739,0.0,0.105517,0.0,0.0,0.0460876,0.0699837,0.0,0.0,0.00666318,0.0539485,0.136215
598.0,24.2073,0.0,0.163526,0.0,0.0,0.0,0.05352,0.0,0.0180345,0.00264267,0.244233,0.117823
599.0,24.2406,0.0,0.264753,0.0,0.0,0.0,0.0,0.0626392,0.042185,0.059004,0.205279,0.0364487
600.0,24.2739,0.0,0.553608,0.0,0.0,0.0,0.0,0.0079821,0.0707323,0.360243,0.065096,0.0483239
601.0,24.3073,0.0246409,0.574855,0.0,0.0,0.0,0.0,0.0,0.152929,0.424283,0.00323412,0.0306395
602.0,24.3406,0.0258078,0.488113,0.0,0.0,0.0,0.0,0.0,0.250261,0.412294,0.0,0.0412851
603.0,24.3739,0.0146771,0.319743,0.0,0.0,0.0,0.0,0.0,0.271101,0.30311,0.00227092,0.034919
604.0,24.4073,0.0245167,0.373025,0.0,0.0,0.0,0.0,0.071254,0.236045,0.00936698,0.0,0.0
605.0,24.4406,0.0393542,0.318962,0.0,0.0,0.0,0.0,0.0589257,0.346514,0.0,0.0861045,0.0
606.0,24.4739,0.0244204,0.0758636,0.0,0.0,0.0,0.0,0.129601,0.237306,0.0210828,0.148008,0.0
607.0,24.5073,0.0,0.989464,0.0,0.0,0.0,0.0,0.0378053,0.412097,0.194676,0.123896,0.0
608.0,24.5406,0.0,0.947618,0.0,0.043361,0.149183,0.00942831,0.0378807,0.00667616,0.0,0.0317518,0.0
609.0,24.5739,0.0,0.484017,0.0,0.0681116,0.253658,0.0525381,0.0,0.00481849,0.0,0.0882812,0.194358
610.0,24.6073,0.000151262,0.136311,0.0174996,0.0242614,0.151177,0.188491,0.0,0.0,0.0,0.0,0.0169207
611.0,24.6406,0.0864416,0.0538407,0.00841116,0.000337526,0.0305961,0.0620863,0.00435521,0.0,0.00121345,0.020283,0.0946453
612.0,24.6739,0.20167,0.397075,0.0,0.0,0.0326359,0.0951725,0.0482582,0.224965,0.0,0.195833,0.129187
613.0,24.7073,0.0,0.336315,0.0,0.0,0.0681878,0.273925,0.0267654,0.272719,0.0,0.394016,0.175703
614.0,24.7406,0.213231,0.224578,0.0301796,0.0,0.0,0.135749,0.0,0.0751762,0.0,0.471519,0.0988176
615.0,24.7739,0.323922,0.0425093,0.0302715,0.0,0.0,0.200663,0.0,0.226329,0.00731443,0.610416,0.0931781
616.0,24.8073,0.231014,0.214284,0.0,0.0,0.0,0.329156,0.0,0.200794,0.0551948,0.387588,0.0200234
617.0,24.8406,0.220097,0.0701229,0.146718,0.0383782,0.109725,0.246943,0.0,0.0440239,0.0,0.434393,0.0
618.0,24.8739,0.203616,0.13388,0.0941469,0.0361553,0.103708,0.369559,0.0,0.0107198,0.0,0.362644,0.0
619.0,24.9073,0.233371,0.125324,0.17446,0.0463886,0.132099,0.486865,0.0,0.0,0.0330469,0.347579,0.0
620.0,24.9406,0.294088,0.159283,0.233989,0.0549087,0.15248,0.529805,0.0,0.0,0.0445915,0.380751,0.0
621.0,24.9739,0.257353,0.00876868,0.318995,0.0,0.0462444,0.678821,0.0,0.0,0.0,0.475519,0.0
622.0,25.0073,0.243577,0.0480764,0.298371,0.0,0.161425,0.823124,0.0,0.0,0.0546396,0.647998,0.0662809
623.0,25.0406,0.628855,0.0,0.399018,0.0,0.0,0.602388,0.0,0.110452,0.0374838,0.681257,0.168975
624.0,25.0739,0.650007,0.0378127,0.486874,0.0,0.0,0.290166,0.0,0.209545,0.010382,0.569713,0.0
625.0,25.1073,0.416475,0.0218735,0.380207,0.0,0.0,0.133223,0.0,0.101316,0.0,0.568087,0.0435142
626.0,25.1406,0.28014,0.0685375,0.316295,0.0155686,0.0735671,0.0,0.0402998,0.0,0.0,0.311986,0.0249517
627.0,25.1739,0.291542,0.00936361,0.224395,0.0834085,0.266799,0.0,0.0667209,0.0,0.0,0.363036,0.0184057
628.0,25.2073,0.0,0.216733,0.0971508,0.0,0.230308,0.0977625,0.0,0.0117403,0.0,0.0996466,0.0417362
629.0,25.2406,0.0,0.0665013,0.0,0.0141411,0.117053,0.216232,0.0,0.0,0.0199631,0.0257546,0.0995555
630.0,25.2739,0.0,0.079119,0.0,0.0,0.0326617,0.143201,0.0,0.0,0.0,0.136815,0.111136
631.0,25.3073,0.0,0.138986,0.0,0.0,0.0,0.0396576,0.0,0.0182836,0.0124987,0.240532,0.120215
632.0,25.3406,0.0,0.244839,0.0,0.0,0.0,0.0,0.108814,0.0404313,0.0729549,0.111242,0.0347536
633.0,25.3739,0.0,0.568659,0.0,0.0,0.0,0.0,0.055358,0.0917521,0.385652,0.0,0.047313
634.0,25.4073,3.18512e-05,0.585168,0.0,0.0,0.0,0.0,0.0219851,0.166326,0.452801,0.0,0.034566
635.0,25.4406,0.0154314,0.488527,0.0,0.0,0.0,0.0,0.0373609,0.25255,0.418741,0.0,0.138548
636.0,25.4739,0.0187971,0.32884,0.0,0.0,0.0,0.0,0.0,0.28811,0.313815,0.00336442,0.0201554
637.0,25.5073,0.0329237,0.373726,0.0,0.0,0.0,0.0,0.0848266,0.22683,0.013382,0.0,0.00367809
638.0,25.5406,0.0366628,0.300019,0.0,0.0,0.0,0.0,0.0564066,0.37252,0.0,0.0996609,0.00384208
639.0,25.5739,0.00535608,0.294707,0.0,0.0,0.0,0.0,0.0,0.305448,0.0,0.120758,0.00956905
640.0,25.6073,0.0,0.983104,0.0,0.0,0.0,0.0,0.0678146,0.226101,0.0818371,0.00525607,0.011179
641.0,25.6406,0.0,0.953475,0.0,0.0489815,0.168661,0.0176349,0.0279056,0.00273531,0.0,0.0342794,0.0
642.0,25.6739,0.0,0.531503,0.0,0.059211,0.233471,0.0791119,0.0,7.3418e-05,0.0,0.0884965,0.179139
643.0,25.7073,0.00906281,0.158454,0.0271135,0.0161523,0.126769,0.217021,0.0,0.0,0.0,0.0149343,0.0677214
644.0,25.7406,0.0286506,0.111432,0.0172572,0.0,0.0105887,0.0373852,0.0480835,0.0220146,0.0,0.0800939,0.131784
645.0,25.7739,0.0,0.272893,0.0,0.0,0.0304118,0.180527,0.0589668,0.278996,0.0,0.367248,0.142877
646.0,25.8073,0.142669,0.139543,0.0488418,0.0207447,0.0704913,0.0797519,0.00955102,0.0866484,0.0,0.432155,0.120265
647.0,25.8406,0.190509,0.156485,0.0560164,0.0,0.0,0.107036,0.0,0.120471,0.0,0.535983,0.119811
648.0,25.8739,0.272361,0.13136,0.0581619,0.0,0.0,0.128191,0.0,0.29358,0.0320308,0.616021,0.128964
649.0,25.9073,0.14543,0.194637,0.148689,0.0221236,0.0674994,0.266375,0.0,0.0381384,0.0,0.314729,0.150672
650.0,25.9406,0.147293,0.17951,0.187891,0.0402844,0.119196,0.270327,0.0,0.0368711,0.0,0.392088,0.0
651.0,25.9739,0.158288,0.237127,0.179083,0.0386302,0.112219,0.376676,0.0,0.0105252,0.0,0.3713,0.0
652.0,26.0073,0.19966,0.27217,0.248392,0.054165,0.155389,0.458919,0.0,0.0,0.0199101,0.366815,0.0
653.0,26.0406,0.24081,0.178627,0.27033,0.0611203,0.171667,0.50634,0.0,0.0,0.0273298,0.411394,0.0
654.0,26.0739,0.218481,0.0316411,0.337753,0.0,0.0933127,0.687589,0.0,0.0,0.0,0.487663,0.0
655.0,26.1073,0.215352,0.0857944,0.362431,0.0,0.148675,0.789386,0.0,0.0,0.0,0.644331,0.0540395
656.0,26.1406,0.579766,0.0159754,0.402573,0.0,0.0,0.571374,0.0,0.0652451,0.0311107,0.655235,0.169099
657.0,26.1739,0.668943,0.0121238,0.485324,0.0,0.0,0.241205,0.0,0.22979,0.0253283,0.588752,0.0
658.0,26.2073,0.491049,0.0500965,0.442547,0.0,0.0,0.204464,0.0,0.129996,0.0,0.508217,0.0
659.0,26.2406,0.337561,0.00086533,0.198521,0.0310563,0.0930688,0.0,0.116954,0.00552307,0.0,0.268682,0.0605539
660.0,26.2739,0.343054,0.0435557,0.316108,0.0756472,0.241694,0.0,0.0828373,0.0,0.0,0.40878,0.0
661.0,26.3073,0.0645122,0.00826074,0.0,0.0261792,0.135543,0.0494577,0.0117533,0.0,0.0,0.067393,0.122452
662.0,26.3406,0.0,0.188629,0.135138,0.0,0.18062,0.144711,0.0,0.0,0.0,0.053864,0.0677074
663.0,26.3739,0.0,0.106308,0.0,0.0,0.0560071,0.0823708,0.0,0.0,0.00501782,0.0672085,0.1158
664.0,26.4073,0.0,0.149614,0.0,0.0,0.0,0.0615072,0.00745982,0.0224343,0.0,0.21702,0.0966329
665.0,26.4406,0.0,0.276885,0.0,0.0,0.0,0.0,0.0964564,0.0487331,0.0732761,0.148244,0.0185947
666.0,26.4739,0.0,0.571441,0.0,0.0,0.0,0.0,0.0272057,0.0857234,0.382534,0.0186863,0.0363411
667.0,26.5073,0.0209026,0.572284,0.0,0.0,0.0,0.0,0.0,0.157345,0.426724,0.0,0.025794
668.0,26.5406,0.0237299,0.484024,0.0,0.0,0.0,0.0,0.00895398,0.252339,0.41677,0.0,0.0378181
669.0,26.5739,0.0118002,0.307336,0.0,0.0,0.0,0.0,0.0,0.273334,0.306978,0.0,0.0293066
670.0,26.6073,0.0232421,0.366643,0.0,0.0,0.0,0.0,0.074181,0.235559,0.0122833,0.0,0.0
671.0,26.6406,0.0375273,0.308907,0.0,0.0,0.0,0.0,0.0595318,0.369648,0.0,0.0937338,0.0
672.0,26.6739,0.0257594,0.0773656,0.0,0.0,0.0,0.0,0.120574,0.234293,0.0251915,0.135016,0.0
673.0,26.7073,0.0,0.918699,0.0,0.0,0.0249706,0.00190682,0.13185,0.0819915,0.0,0.217719,0.0
674.0,26.7406,0.0,0.94791,0.0,0.0381097,0.13414,0.0239015,0.0257065,0.0,0.0,0.026184,0.0
675.0,26.7739,0.0,0.724546,0.0,0.0867254,0.297724,0.0476285,0.0,0.0106222,0.0,0.0776192,0.20829
676.0,26.8073,0.0169519,0.123283,0.0225704,0.00718284,0.0902458,0.21283,0.0,0.0,0.0,0.0,0.0313056
677.0,26.8406,0.0924424,0.12997,0.0210059,0.00388875,0.0394277,0.0854328,0.0,0.0,0.00353577,0.0137983,0.0957253
678.0,26.8739,0.0,0.25,0.0,0.0,0.0459058,0.169557,0.0527128,0.247725,0.0,0.31731,0.161689
679.0,26.9073,0.172154,0.177673,0.0522327,0.0321033,0.103787,0.0726371,0.0406994,0.100316,0.0,0.440107,0.102675
680.0,26.9406,0.192673,0.0920979,0.0524595,0.0,0.0,0.112474,0.0,0.114056,0.0,0.542146,0.1162
681.0,26.9739,0.278865,0.0825368,0.0227725,0.0,0.0,0.118121,0.0,0.29405,0.00727833,0.66474,0.130313
682.0,27.0073,0.228341,0.18231,0.028665,0.0,0.0,0.230401,0.0,0.2532,0.0649186,0.394671,0.0455335
683.0,27.0406,0.162547,0.0860123,0.136531,0.0356434,0.104442,0.231259,0.0,0.0501865,0.0,0.456653,0.0116043
684.0,27.0739,0.178009,0.0702358,0.123491,0.0354489,0.101911,0.360256,0.0,0.00928961,0.0,0.410259,0.0
685.0,27.1073,0.218942,0.122837,0.202988,0.0489769,0.140836,0.485047,0.0,0.0,0.0211446,0.378398,0.0
686.0,27.1406,0.272679,0.170907,0.248785,0.0589048,0.165258,0.535303,0.0,0.0,0.0397366,0.407656,0.0
687.0,27.1739,0.225665,0.00234528,0.247338,0.0,0.0991519,0.688956,0.0,0.0,0.0,0.484897,0.0
688.0,27.2073,0.229405,0.0516548,0.303417,0.0,0.182563,0.822804,0.0,0.0,0.0375459,0.651743,0.0626619
689.0,27.2406,0.596623,0.00763167,0.407839,0.0,0.0,0.614563,0.0,0.0691591,0.0342217,0.683565,0.187277
690.0,27.2739,0.641017,0.0,0.41754,0.0,0.0,0.275305,0.0,0.22889,0.0275995,0.596028,0.00315407
691.0,27.3073,0.455091,0.0495585,0.423888,0.0,0.0,0.132823,0.0,0.167531,0.0,0.613672,0.0368917
692.0,27.3406,0.274667,0.0299655,0.284988,0.0172995,0.0736597,0.0,0.0634961,0.0,0.0,0.359556,0.0493065
693.0,27.3739,0.118718,0.0204821,0.0776244,0.019882,0.0836526,0.0,0.183052,0.0235996,0.0,0.340021,0.102886
694.0,27.4073,0.0,0.00580265,0.0,0.0189553,0.118036,0.0565152,0.00694488,0.0,0.0,0.0584279,0.145737
695.0,27.4406,0.0,0.185359,0.137354,0.0,0.169767,0.146513,0.0,0.0,0.0,0.0595684,0.0963016
696.0,27.4739,0.0,0.108399,0.0,0.0,0.0527589,0.0504818,0.0,0.0,0.0075737,0.0606603,0.151877
697.0,27.5073,0.0,0.156943,0.0,0.0,0.0,0.0612196,0.0,0.0184286,0.0,0.252484,0.128457
698.0,27.5406,0.0,0.464133,0.0,0.0,0.0,0.0,0.0372327,0.171668,0.0,0.0096075,0.0
699.0,27.5739,0.0736375,0.697791,0.0180305,0.0,0.0,0.0,0.0,0.129825,0.346761,0.0707656,0.087967
700.0,27.6073,0.0381694,0.551365,0.0,0.0,0.0,0.0,0.0,0.14007,0.396827,0.0410507,0.0566501
701.0,27.6406,0.0151572,0.410704,0.0,0.0,0.0,0.0,0.00598681,0.224244,0.328049,0.0,0.0429718
702.0,27.6739,0.0,0.293084,0.0,0.0,0.0,0.0,0.0,0.249396,0.280839,0.0,0.0206117
703.0,27.7073,0.0,0.246253,0.0,0.0,0.0,0.0,0.0267618,0.246739,0.218873,0.0521067,0.00598484
704.0,27.7406,0.0277357,0.297012,0.0,0.0,0.0,0.0,0.0546106,0.327347,0.0,0.0469678,0.0
705.0,27.7739,0.0302567,0.0747927,0.0,0.0,0.0,0.0,0.190886,0.262212,0.0230363,0.170301,0.0
706.0,27.8073,0.0,0.977641,0.0,0.0,0.0129043,0.0,0.191216,0.111119,0.0,0.110666,0.0185946
707.0,27.8406,0.0,0.937797,0.0,0.0431486,0.156375,0.0294808,0.0132916,0.0,0.0,0.0201826,0.0
708.0,27.8739,0.0,0.459557,0.0,0.0785356,0.287841,0.0387072,0.0,0.0110865,0.0,0.124274,0.208386
709.0,27.9073,0.0,0.124324,0.020805,0.0301502,0.176462,0.204788,0.0,0.0,0.0,0.0,0.0177729
710.0,27.9406,0.0551796,0.0378641,0.0131196,0.0,0.034969,0.0719607,0.00038289,0.0,0.0,0.0428645,0.0722484
711.0,27.9739,0.19634,0.396064,0.0,0.0,0.0417936,0.0951935,0.0585333,0.217793,0.0,0.190609,0.150311
712.0,28.0073,0.0,0.315133,0.0,0.0,0.0820266,0.238682,0.0572252,0.309501,0.0,0.406494,0.18319
713.0,28.0406,0.168582,0.209755,0.0288974,0.0,0.00156786,0.127369,0.0,0.0948252,0.0,0.514498,0.107719
714.0,28.0739,0.27293,0.0476536,0.0153045,0.0,0.0,0.177188,0.0,0.240391,0.00494447,0.632626,0.106636
715.0,28.1073,0.186321,0.326162,0.0,0.0,0.0,0.245025,0.0,0.0,0.0,0.334887,0.0
716.0,28.1406,0.1484,0.119911,0.0,0.0523029,0.146835,0.207525,0.0,0.0638154,0.0,0.546207,0.0
717.0,28.1739,0.146434,0.176214,0.0,0.0433599,0.121296,0.354801,0.0,0.0213209,0.0,0.416314,0.0
718.0,28.2073,0.177765,0.0182276,0.0561847,0.0301421,0.0916516,0.526139,0.0,0.0,0.022277,0.424432,0.0
719.0,28.2406,0.261524,0.158979,0.142392,0.0497295,0.138434,0.552109,0.0,0.0,0.042481,0.421792,0.0
720.0,28.2739,0.218742,0.0051156,0.209231,0.0,0.086161,0.714106,0.0,0.0,0.0,0.497803,0.0
721.0,28.3073,0.180869,0.0327316,0.179356,0.0,0.144987,0.837186,0.0,0.0,0.0621531,0.654471,0.0343009
722.0,28.3406,0.595907,0.0,0.330236,0.0,0.0,0.613113,0.0,0.0991533,0.051187,0.669472,0.204961
723.0,28.3739,0.637572,0.0174557,0.471549,0.0,0.0,0.289909,0.0,0.227042,0.0406254,0.552855,0.0470712
724.0,28.4073,0.450607,0.0720347,0.434555,0.0,0.0,0.0818143,0.0,0.126104,0.0,0.540971,0.0197322
725.0,28.4406,0.24469,0.0,0.217885,0.0213372,0.0791466,0.0,0.121107,0.0153044,0.0,0.428388,0.0390509
726.0,28.4739,0.268185,0.0,0.0503362,0.113531,0.329234,0.0,0.134565,0.0,0.0,0.349676,0.111108
727.0,28.5073,0.0,0.0407193,0.0,0.0207187,0.123064,0.0208764,0.00897973,0.0,0.00437542,0.0283269,0.150028
728.0,28.5406,0.0,0.0940273,0.0,0.0126689,0.113938,0.24666,0.0,0.0,0.0192964,0.0328074,0.121392
729.0,28.5739,0.0,0.101779,0.0,0.0,0.0336371,0.11937,0.0,0.0,0.0,0.114827,0.114221
730.0,28.6073,0.0,0.129306,0.0,0.0,0.0,0.0444223,0.0,0.0232237,0.000828869,0.242538,0.130568
731.0,28.6406,0.0,0.256767,0.0,0.0,0.0,0.0,0.0812335,0.0422689,0.0746396,0.147015,0.0219245
732.0,28.6739,0.0,0.541085,0.0,0.0,0.0,0.0,0.0,0.0683762,0.340906,0.0826899,0.0205356
733.0,28.7073,0.0159611,0.583788,0.0,0.0,0.0,0.0,0.0,0.152272,0.440814,0.0,0.0397201
734.0,28.7406,0.024047,0.511695,0.0,0.0,0.0,0.0,0.0,0.252769,0.433703,0.0,0.0441519
735.0,28.7739,0.010011,0.32436,0.0,0.0,0.0,0.0,0.0,0.27775,0.314683,0.0,0.0445349
736.0,28.8073,0.0226208,0.371851,0.0,0.0,0.0,0.0,0.0720556,0.230517,0.0,0.0,0.0
737.0,28.8406,0.0333035,0.310834,0.0,0.0,0.0,0.0,0.0553962,0.342129,0.0,0.0878702,0.0
738.0,28.8739,0.0218516,0.0684567,0.0,0.0,0.0,0.0,0.123048,0.234828,0.0273584,0.143697,0.0
739.0,28.9073,0.0181216,0.0736089,0.0,0.0,0.0,0.0,0.139736,0.0853683,0.0,0.0880845,0.0
740.0,28.9406,0.0,0.948142,0.0,0.0399804,0.139504,0.0127577,0.0390886,0.00293647,0.0,0.025423,0.0
741.0,28.9739,0.0,0.554719,0.0,0.0901058,0.318667,0.0535648,0.0,0.0143804,0.0,0.133505,0.278159
742.0,29.0073,0.0,0.172622,0.024056,0.0298791,0.171657,0.199957,0.0,0.0,0.0,0.0,0.0
743.0,29.0406,0.0572569,0.131449,0.0184348,0.00263669,0.0408996,0.0858009,0.0,0.0,0.00858819,0.00829053,0.0776139
744.0,29.0739,0.0,0.349153,0.0,0.0,0.0,0.045319,0.0360738,0.253205,0.0,0.236015,0.272255
745.0,29.1073,0.0,0.37175,0.0,0.0,0.140839,0.500657,0.00398552,0.0,0.0,0.243299,0.0627593
746.0,29.1406,0.146521,0.179176,0.0154534,0.0,0.000380774,0.218199,0.0,0.0664428,0.0,0.545952,0.0938989
747.0,29.1739,0.301726,0.079198,0.0379014,0.0,0.0,0.267937,0.0,0.198644,0.0,0.670666,0.0743467
748.0,29.2073,0.0891433,0.395939,0.0,0.0,0.0,0.412331,0.0,0.0966076,0.0743628,0.384873,0.00315723
749.0,29.2406,0.113652,0.218386,0.00381054,0.0349609,0.103272,0.326371,0.0,0.0241417,0.0,0.349025,0.0
750.0,29.2739,0.107098,0.245172,0.0,0.0348326,0.102409,0.440735,0.0,0.0,0.0209219,0.336047,0.0
751.0,29.3073,0.173221,0.242092,0.112929,0.0499132,0.142683,0.492137,0.0,0.0,0.0515991,0.318619,0.0
752.0,29.3406,0.200731,0.229668,0.180455,0.0668725,0.186815,0.552341,0.0,0.0,0.05263,0.37952,0.0
753.0,29.3739,0.213501,0.0281652,0.326574,0.0,0.15293,0.674841,0.0,0.0,0.0,0.455893,0.0
754.0,29.4073,0.209832,0.0864842,0.342954,0.0,0.16422,0.763767,0.0,0.0,0.00760764,0.583333,0.0176052
755.0,29.4406,0.574467,0.00694245,0.39912,0.0,0.0,0.571696,0.0,0.0288657,0.0175403,0.650338,0.148497
756.0,29.4739,0.65663,0.0362792,0.499799,0.0,0.0,0.297622,0.0,0.21534,0.0338911,0.580356,0.0
757.0,29.5073,0.418302,0.0,0.38437,0.0,0.0,0.224087,0.0,0.164521,0.0,0.560412,0.0
758.0,29.5406,0.389009,0.370572,0.410913,0.0290861,0.0865609,0.0,0.0806413,0.0,0.0,0.411166,0.00353624
759.0,29.5739,0.178327,0.0626256,0.178177,0.0239279,0.0989647,0.0,0.128071,0.0222061,0.0,0.401943,0.0382845
760.0,29.6073,0.0014993,0.0191694,0.0,0.0184158,0.114743,0.0453248,0.00916104,0.0,0.0,0.0378351,0.12912
761.0,29.6406,0.0,0.194444,0.130514,0.0,0.183685,0.15904,0.0,0.0,0.0,0.0596592,0.0723565
762.0,29.6739,0.0,0.116674,0.0,0.0,0.0202424,0.148244,0.0,0.0,0.00990846,0.0141007,0.0951106
763.0,29.7073,0.0,0.162915,0.0,0.0,0.0,0.0654655,0.0,0.0217309,0.0138415,0.239626,0.0503993
764.0,29.7406,0.0,0.2459,0.0,0.0,0.0,0.0,0.0904123,0.0440384,0.0467994,0.180478,0.0401514
765.0,29.7739,0.0,0.561347,0.0,0.0,0.0,0.0,0.0124496,0.0664308,0.36138,0.0542121,0.0389749
766.0,29.8073,0.0206346,0.579633,0.0,0.0,0.0,0.0,0.0,0.145494,0.428232,0.00162681,0.0229177
767.0,29.8406,0.0248465,0.496228,0.0,0.0,0.0,0.0,0.00463005,0.255868,0.42741,0.0,0.0345254
768.0,29.8739,0.0170185,0.318905,0.0,0.0,0.0,0.0,0.0,0.283887,0.312071,0.0,0.0307819
769.0,29.9073,0.0231185,0.361741,0.0,0.0,0.0,0.0,0.0739643,0.231692,0.0127843,0.0,0.0
770.0,29.9406,0.0356111,0.306628,0.0,0.0,0.0,0.0,0.0620345,0.376117,0.0,0.0966051,0.0
771.0,29.9739,0.0246231,0.0762946,0.0,0.0,0.0,0.0,0.132942,0.245304,0.0277991,0.159079,0.0
772.0,30.0073,0.0,0.974137,0.0,0.0,0.0,0.000257256,0.172374,0.124814,0.00535767,0.0,0.0146298
773.0,30.0406,0.0,0.950071,0.0,0.0460884,0.161406,0.00737598,0.042978,0.0114026,0.0,0.0326299,0.0
774.0,30.0739,0.0,0.497863,0.0,0.0579194,0.228496,0.0612825,0.0,0.00234206,0.0,0.0804337,0.128412
775.0,30.1073,0.00122558,0.157269,0.0203161,0.0182263,0.1306,0.200698,0.0,0.0,0.0,0.00621239,0.0
776.0,30.1406,0.102304,0.142147,0.0168364,0.00304407,0.036635,0.0671183,0.000987564,0.0,0.00183829,0.0139637,0.106549
777.0,30.1739,0.0,0.253046,0.0,0.0,0.0300406,0.144987,0.0646366,0.263335,0.0,0.313382,0.133927
778.0,30.2073,0.180717,0.0929315,0.0439941,0.026448,0.09163,0.0758651,0.0154595,0.0889936,0.0,0.432548,0.124161
779.0,30.2406,0.196812,0.12294,0.0366046,0.0,0.0,0.103078,0.0,0.118769,0.0,0.531156,0.111987
780.0,30.2739,0.299571,0.0733584,0.0252645,0.0,0.0,0.14004,0.0,0.271675,0.00517132,0.646939,0.120831
781.0,30.3073,0.174162,0.196007,0.0781818,0.0505055,0.132266,0.161624,0.0,0.0524854,0.0,0.328877,0.288715
782.0,30.3406,0.171516,0.101269,0.105899,0.0409339,0.119256,0.268404,0.0,0.0317506,0.0,0.385364,0.0
783.0,30.3739,0.179369,0.157679,0.0984718,0.0395321,0.111828,0.401123,0.0,0.0,0.0,0.351482,0.0
784.0,30.4073,0.221672,0.207358,0.178948,0.0528046,0.150453,0.492749,0.0,0.0,0.0333052,0.35047,0.0
785.0,30.4406,0.227072,0.0112593,0.264976,0.0,0.128194,0.573313,0.0,0.0,0.0,0.369494,0.0
786.0,30.4739,0.182492,0.00875496,0.108751,0.0,0.00730834,0.66505,0.0,0.0,0.0,0.522261,0.0
787.0,30.5073,0.227919,0.0624793,0.312884,0.0,0.190843,0.812334,0.0,0.0,0.0,0.678301,0.0743458
788.0,30.5406,0.638136,0.0,0.396768,0.0,0.0,0.548554,0.0,0.117832,0.026768,0.661124,0.13662
789.0,30.5739,0.644088,0.0202688,0.455044,0.0,0.0,0.242774,0.0,0.180734,0.0227598,0.499401,0.0181367
790.0,30.6073,0.432218,0.0,0.316627,0.0,0.0,0.0802403,0.0,0.113008,0.0,0.578665,0.0
791.0,30.6406,0.312733,0.0613344,0.314462,0.0201599,0.0827713,0.0,0.0816238,0.0,0.0,0.329026,0.0123321
792.0,30.6739,0.319548,0.01357,0.252214,0.0813402,0.257434,0.0,0.0921883,0.0,0.0,0.364247,0.00272504
793.0,30.7073,0.0,0.21416,0.0,0.01965,0.122772,0.0628619,0.002414,0.0,0.0,0.0664892,0.153221
794.0,30.7406,0.0,0.085089,0.0,0.011208,0.116341,0.253538,0.0,0.0,0.0241678,0.0372592,0.111884
795.0,30.7739,0.0,0.0965802,0.0,0.0,0.0311647,0.141008,0.0,0.0,0.0,0.155106,0.116769
796.0,30.8073,0.0,0.130731,0.0,0.0,0.0,0.0292048,0.00884676,0.0276146,0.00306153,0.237505,0.147117
797.0,30.8406,0.0,0.280633,0.0,0.0,0.0,0.0,0.0922217,0.0459192,0.0994455,0.11895,0.0369667
798.0,30.8739,0.0,0.559669,0.0,0.0,0.0,0.0,0.0275794,0.0878524,0.376248,0.0194715,0.0358919
799.0,30.9073,0.0186656,0.577003,0.0,0.0,0.0,0.0,0.00481525,0.171346,0.435334,0.0,0.030509
800.0,30.9406,0.0205822,0.486207,0.0,0.0,0.0,0.0,0.00167799,0.25179,0.420375,0.0,0.0380998
801.0,30.9739,0.00235562,0.309848,0.0,0.0,0.0,0.0,0.0,0.268538,0.304646,0.0,0.0294891
802.0,31.0073,0.0261632,0.37707,0.0,0.0,0.0,0.0,0.069863,0.229759,0.00396911,0.0,0.0
803.0,31.0406,0.0359447,0.314615,0.0,0.0,0.0,0.0,0.0566748,0.341365,0.0,0.090827,0.0
804.0,31.0739,0.0223903,0.0705478,0.0,0.0,0.0,0.0,0.125452,0.229724,0.0240265,0.13769,0.0
805.0,31.1073,0.0162836,0.0689732,0.0,0.0,0.0,0.0,0.133175,0.0801837,0.0,0.0844144,0.0
806.0,31.1406,0.0,0.956741,0.0,0.038679,0.135605,0.0105439,0.0352754,0.0,0.0,0.0179747,0.00669669
807.0,31.1739,0.0,0.586631,0.0,0.0882435,0.312645,0.0693096,0.0,0.0117386,0.0,0.119949,0.259954
808.0,31.2073,0.0,0.142211,0.0236263,0.025208,0.16002,0.222246,0.0,0.0,0.0,0.0,0.0
809.0,31.2406,0.0791523,0.144354,0.0179013,0.00925217,0.0625054,0.0851979,0.0,0.0,0.00278796,0.00923186,0.0987317
810.0,31.2739,0.0,0.264417,0.0,0.0,0.0536664,0.143752,0.0541025,0.256426,0.0,0.324592,0.178618
811.0,31.3073,0.0,0.339963,0.0,0.0,0.0764358,0.250158,0.0350041,0.302531,0.0,0.406027,0.159494
812.0,31.3406,0.162943,0.167432,0.019378,0.0,0.0,0.152412,0.0,0.0773959,0.0,0.482164,0.104691
813.0,31.3739,0.303433,0.0710798,0.0355158,0.0,0.0,0.210481,0.0,0.224895,0.000890162,0.617103,0.0958089
814.0,31.4073,0.145834,0.305216,0.0,0.0,0.0,0.329167,0.0,0.191537,0.0603746,0.375072,0.0256795
815.0,31.4406,0.173238,0.147543,0.100318,0.0426107,0.12184,0.264485,0.0,0.045437,0.0,0.412696,0.0
816.0,31.4739,0.159962,0.216179,0.0730715,0.0373312,0.107833,0.411433,0.0,0.0050201,0.0,0.374245,0.0
817.0,31.5073,0.196542,0.201038,0.15384,0.0469953,0.136028,0.497434,0.0,0.0,0.0278904,0.387131,0.0
818.0,31.5406,0.247664,0.225649,0.238549,0.0603707,0.168981,0.538464,0.0,0.0,0.0423014,0.399178,0.0
819.0,31.5739,0.207519,0.0172115,0.285827,0.0,0.0945445,0.695143,0.0,0.0,0.0,0.482934,0.0
820.0,31.6073,0.199015,0.0784785,0.309262,0.0,0.154338,0.807348,0.0,0.0,0.0166972,0.626929,0.034382
821.0,31.6406,0.566378,0.0261283,0.399707,0.0,0.0,0.585139,0.0,0.0418505,0.0248422,0.659719,0.190121
822.0,31.6739,0.685475,0.0821673,0.533606,0.0,0.0,0.278254,0.0,0.301381,0.00844448,0.647356,0.0
823.0,31.7073,0.511521,0.00943295,0.344926,0.0,0.0,0.180642,0.0,0.229478,0.0,0.623915,0.0
824.0,31.7406,0.416024,0.0527528,0.385719,0.0,0.0157532,0.0816749,0.0,0.0144912,0.0,0.469016,0.0
825.0,31.7739,0.228118,0.0647372,0.202406,0.0218567,0.0907327,0.0,0.133809,0.0278558,0.0,0.376719,0.0434525
826.0,31.8073,0.180981,0.0,0.0245979,0.0544716,0.205851,0.0221995,0.0263411,0.0,0.0,0.171891,0.0562838
827.0,31.8406,0.0,0.165298,0.14516,0.0,0.199226,0.128297,0.0,0.0,0.0,0.0814168,0.0525349
828.0,31.8739,0.0,0.107709,0.0,0.0,0.0555335,0.135742,0.0,0.0,0.0134456,0.0418502,0.114755
829.0,31.9073,0.0,0.155474,0.0,0.0,0.0,0.0866179,0.0,0.00351982,0.0,0.227025,0.112007
830.0,31.9406,0.0,0.227729,0.0,0.0,0.0,0.0,0.0627738,0.0389066,0.0282501,0.175352,0.0318321
831.0,31.9739,0.0,0.566989,0.0,0.0,0.0,0.0,0.0190146,0.0669502,0.36485,0.0287345,0.0451869
832.0,32.0073,0.012001,0.580908,0.0,0.0,0.0,0.0,0.0,0.151411,0.43351,0.0,0.0264426
833.0,32.0406,0.0281599,0.514637,0.0,0.0,0.0,0.0,0.0,0.258587,0.440167,0.0,0.0
834.0,32.0739,0.0208234,0.320268,0.0,0.0,0.0,0.0,0.00441817,0.287612,0.316978,0.0,0.0298305
835.0,32.1073,0.0278201,0.367616,0.0,0.0,0.0,0.0,0.0776841,0.231726,0.0208929,0.0,0.0
836.0,32.1406,0.0372528,0.307897,0.0,0.0,0.0,0.0,0.0634519,0.377503,0.0,0.0997013,0.0
837.0,32.1739,0.0258017,0.074911,0.0,0.0,0.0,0.0,0.148423,0.231055,0.0209729,0.137355,0.0
838.0,32.2073,0.0,0.974858,0.0,0.0,0.0,0.00255591,0.173358,0.117572,0.0072149,0.0,0.0137154
839.0,32.2406,0.0,0.950886,0.0,0.0460936,0.159505,0.0045222,0.0476373,0.0123899,0.0,0.033146,0.0
840.0,32.2739,0.0,0.469769,0.0,0.054317,0.216213,0.0663405,0.0,0.0,0.0,0.0684462,0.129857
841.0,32.3073,0.0118009,0.136044,0.0158309,0.0210636,0.135133,0.175886,0.0,0.0,0.0,0.0126912,0.0217299
842.0,32.3406,0.101255,0.0671716,0.00873957,0.0,0.0177739,0.0631308,0.00741841,0.0,0.00303558,0.0221968,0.103124
843.0,32.3739,0.0,0.25928,0.0,0.0,0.0204144,0.117074,0.0674428,0.291703,0.0,0.322963,0.152362
844.0,32.4073,0.211455,0.198061,0.0528071,0.0306911,0.098692,0.0741577,0.0176527,0.0862149,0.0,0.420685,0.134477
845.0,32.4406,0.243808,0.19389,0.0518183,0.0,0.0,0.131293,0.0,0.0884015,0.0,0.496285,0.110037
846.0,32.4739,0.31253,0.0788207,0.0294262,0.0,0.0,0.156574,0.0,0.259303,0.00835468,0.626498,0.120859
847.0,32.5073,0.194989,0.18407,0.0172267,0.0476461,0.129988,0.195646,0.0,0.0348124,0.0,0.303232,0.220554
848.0,32.5406,0.187758,0.130183,0.142977,0.0417602,0.121498,0.276336,0.0,0.0282646,0.0,0.365741,0.0
849.0,32.5739,0.197354,0.190357,0.127416,0.0388486,0.110723,0.394866,0.0,0.0,0.0,0.32752,0.0
850.0,32.6073,0.247509,0.229702,0.216489,0.0543265,0.153548,0.484274,0.0,0.0,0.0340146,0.342473,0.0
851.0,32.6406,0.303908,0.240098,0.233051,0.0611188,0.170726,0.529861,0.0,0.0,0.04247,0.381561,0.0
852.0,32.6739,0.25998,0.00862415,0.314418,0.0,0.0847494,0.690308,0.0,0.0,0.0,0.465562,0.0
853.0,32.7073,0.269408,0.0504339,0.335333,0.0,0.18613,0.804537,0.0,0.0,0.00478233,0.640672,0.0691482
854.0,32.7406,0.648908,0.0,0.399062,0.0,0.0,0.566676,0.0,0.122611,0.0368179,0.657762,0.137457
855.0,32.7739,0.654974,0.028266,0.465796,0.0,0.0,0.259133,0.0,0.193848,0.00692147,0.529626,0.0
856.0,32.8073,0.436036,0.0502178,0.417387,0.0,0.0,0.133925,0.0,0.0790579,0.0,0.51956,0.0
857.0,32.8406,0.288694,0.0501859,0.296325,0.0186647,0.0833226,0.0,0.0340151,0.0,0.0,0.301708,0.00553808
858.0,32.8739,0.350139,0.0285002,0.298603,0.0779097,0.257039,0.00455386,0.0250708,0.0,0.0,0.362554,0.0
859.0,32.9073,0.0,0.144506,0.131078,0.0,0.190967,0.0786024,0.0,0.00596853,0.0,0.066585,0.131801
860.0,32.9406,0.0,0.204075,0.115348,0.0,0.175954,0.135475,0.0,0.0,0.0,0.042067,0.0799645
861.0,32.9739,0.0,0.103843,0.0,0.0,0.0320404,0.0610128,0.0,0.0,0.00357972,0.067119,0.13937
862.0,33.0073,0.0,0.175063,0.0,0.0,0.0,0.0501316,0.0,0.0143863,0.0129523,0.268081,0.131317
863.0,33.0406,0.0,0.350712,0.051917,0.0,0.0,0.0,0.0,0.0608312,0.0,0.173763,0.0114087
864.0,33.0739,0.019221,0.575255,0.0,0.0,0.0,0.0,0.0,0.0790939,0.36849,0.105536,0.0549417
865.0,33.1073,0.0315912,0.583029,0.0,0.0,0.0,0.0,0.0,0.164162,0.42831,0.0169157,0.0381482
866.0,33.1406,0.0260249,0.486705,0.0,0.0,0.0,0.0,0.016441,0.265425,0.413268,0.0,0.17494
867.0,33.1739,0.00857783,0.307135,0.0,0.0,0.0,0.0,0.0130868,0.283729,0.304474,0.0,0.0445311
868.0,33.2073,0.0217874,0.356232,0.0,0.0,0.0,0.0,0.0794695,0.228613,0.0103342,0.0,0.0
869.0,33.2406,0.0331948,0.296649,0.0,0.0,0.0,0.0,0.0560799,0.35803,0.0,0.0894917,0.0
870.0,33.2739,0.0248757,0.0759249,0.0,0.0,0.0,0.0,0.137119,0.237097,0.0241073,0.157039,0.0
871.0,33.3073,0.0,0.971235,0.0,0.0,0.0,0.00118586,0.166353,0.120751,0.00860892,0.0,0.0267124
872.0,33.3406,0.0,0.946169,0.0,0.0407755,0.141958,0.0101509,0.0437566,0.0124725,0.0,0.0369349,0.0
873.0,33.3739,0.0,0.4682,0.0,0.0661307,0.248494,0.0547151,0.0,0.00690907,0.0,0.101795,0.192497
874.0,33.4073,0.000765726,0.147395,0.0218274,0.020985,0.137366,0.187325,0.0,0.0,0.0,0.00201782,0.0128219
875.0,33.4406,0.0873409,0.114024,0.0142171,0.00510772,0.0454375,0.0659795,0.0,0.0,0.000336379,0.0163861,0.115087
876.0,33.4739,0.0,0.248052,0.0,0.0,0.0431868,0.143816,0.0670412,0.274299,0.0,0.336549,0.168841
877.0,33.5073,0.0,0.329956,0.0,0.0,0.0709359,0.238362,0.0180324,0.286742,0.0,0.411062,0.166137
878.0,33.5406,0.195156,0.227033,0.0287983,0.0,0.0,0.128901,0.0,0.0878953,0.0,0.486733,0.108997
879.0,33.5739,0.329546,0.0543861,0.0376935,0.0,0.0,0.191405,0.0,0.243132,0.00543025,0.625057,0.105154
880.0,33.6073,0.184919,0.270249,0.0,0.0,0.0,0.319077,0.0,0.211712,0.0583277,0.378049,0.0318547
881.0,33.6406,0.197718,0.110932,0.127057,0.0439177,0.124077,0.237567,0.0,0.0515009,0.0,0.436806,0.0108349
882.0,33.6739,0.18098,0.201208,0.0927748,0.0383062,0.109668,0.383274,0.0,0.0121538,0.0,0.365024,0.0
883.0,33.7073,0.207754,0.286236,0.149634,0.0466254,0.135773,0.488208,0.0,0.0,0.0308991,0.369966,0.0
884.0,33.7406,0.271103,0.263853,0.21749,0.0593355,0.16562,0.538902,0.0,0.0,0.0446823,0.398258,0.0
885.0,33.7739,0.246752,0.015514,0.324106,0.0,0.102708,0.674885,0.0,0.0,0.0,0.4339,0.0
886.0,33.8073,0.209383,0.0687577,0.294241,0.0,0.158065,0.816455,0.0,0.0,0.0285634,0.634843,0.0324737
887.0,33.8406,0.586854,0.00263063,0.381459,0.0,0.0,0.603602,0.0,0.0569673,0.0282603,0.671634,0.232109
888.0,33.8739,0.720122,0.0405618,0.51719,0.0,0.0,0.354723,0.0,0.339366,0.0289226,0.617656,0.0
889.0,33.9073,0.537376,0.0742878,0.479288,0.0,0.0,0.164221,0.0,0.205632,0.0,0.623937,0.0332083
890.0,33.9406,0.392958,0.0494013,0.356849,0.0668101,0.174032,0.0,0.348122,0.0371609,0.0,0.698216,0.0
891.0,33.9739,0.326789,0.0222923,0.244047,0.0790701,0.241188,0.0,0.17763,0.009409,0.0,0.371346,0.0
892.0,34.0073,0.0596514,0.0,0.0,0.0294366,0.147629,0.0684885,0.00772686,0.0,0.0,0.0821069,0.106276
893.0,34.0406,0.0,0.185338,0.132812,0.0,0.177116,0.154323,0.0,0.0,0.0,0.0589947,0.0693513
894.0,34.0739,0.0,0.100969,0.0,0.0,0.0499986,0.0637378,0.0,0.0,0.00639535,0.0664565,0.13255
895.0,34.1073,0.0,0.154153,0.0,0.0,0.0,0.0588712,0.0,0.0199867,0.00249953,0.241721,0.103349
896.0,34.1406,0.0,0.254945,0.0,0.0,0.0,0.0,0.0685436,0.0464829,0.0572664,0.192654,0.0311512
897.0,34.1739,0.0,0.562223,0.0,0.0,0.0,0.0,0.0162782,0.0776094,0.372747,0.0489984,0.0412713
898.0,34.2073,0.0227505,0.579646,0.0,0.0,0.0,0.0,0.0,0.162729,0.433585,0.0,0.0348904
899.0,34.2406,0.0244851,0.482922,0.0,0.0,0.0,0.0,0.00654455,0.255647,0.415941,0.0,0.035476
900.0,34.2739,0.00875542,0.306645,0.0,0.0,0.0,0.0,0.00217693,0.273691,0.304813,0.0,0.0357797
901.0,34.3073,0.0204402,0.366008,0.0,0.0,0.0,0.0,0.0687553,0.233246,0.0170472,0.0,0.0
902.0,34.3406,0.0312817,0.304207,0.0,0.0,0.0,0.0,0.0593567,0.375494,0.0,0.135147,0.0
903.0,34.3739,0.0235842,0.0713146,0.0,0.0,0.0,0.0,0.134989,0.227419,0.0211252,0.137184,0.0
904.0,34.4073,0.0,0.980155,0.0,0.0,0.00116277,0.0,0.176881,0.11704,0.0,0.0912882,0.0281
905.0,34.4406,0.0,0.947167,0.0,0.0459199,0.158698,0.0103421,0.0325125,0.00230905,0.0,0.0275023,0.0
906.0,34.4739,0.0,0.520675,0.0,0.0501502,0.197193,0.0428931,0.0,0.0,0.0,0.0771127,0.101257
907.0,34.5073,0.0,0.0957882,0.019792,0.0188531,0.133953,0.181643,0.0,0.0,0.0,0.00567201,0.0
908.0,34.5406,0.0603064,0.0304016,0.0111729,0.0,0.0201633,0.0667355,0.00722712,0.0,0.00250282,0.0292294,0.0939043
909.0,34.5739,0.0,0.25925,0.0,0.0,0.0249323,0.132723,0.0571089,0.256705,0.0,0.299117,0.136143
910.0,34.6073,0.166651,0.0866931,0.0853983,0.0,0.0655854,0.102912,0.0,0.14482,0.0,0.43979,0.165163
911.0,34.6406,0.166803,0.0,0.0315993,0.0,0.0,0.113318,0.0,0.125028,0.0,0.57562,0.124026
912.0,34.6739,0.293336,0.0531964,0.0163054,0.0,0.0,0.118119,0.0,0.306707,0.0,0.707934,0.138611
913.0,34.7073,0.156383,0.27537,0.0,0.0,0.0,0.233093,0.0,0.192874,0.0321216,0.329387,0.0810079
914.0,34.7406,0.144747,0.0473806,0.0693135,0.0390712,0.113203,0.236176,0.0,0.0460163,0.0,0.399574,0.00659639
915.0,34.7739,0.123905,0.127287,0.0230002,0.0334372,0.0973366,0.412066,0.0,0.0,0.0,0.354076,0.0
916.0,34.8073,0.181597,0.159348,0.143639,0.0487554,0.140957,0.506259,0.0,0.0,0.0426715,0.34513,0.0
917.0,34.8406,0.21471,0.0311163,0.261779,0.0,0.115036,0.566182,0.0,0.0,0.0,0.359739,0.0
918.0,34.8739,0.158901,0.00536517,0.094725,0.0,0.0029857,0.684009,0.0,0.0,0.0143039,0.522553,0.0
919.0,34.9073,0.193797,0.0658182,0.255856,0.0,0.147605,0.811426,0.0,0.0,0.0255402,0.664053,0.0591777
920.0,34.9406,0.615107,0.0,0.345177,0.0,0.0,0.543121,0.0,0.13607,0.0323972,0.665947,0.137923
921.0,34.9739,0.621435,0.0,0.40044,0.0,0.0,0.247731,0.0,0.174989,0.0271505,0.533214,0.0502627
922.0,35.0073,0.386591,0.0789222,0.425903,0.0,0.0,0.0889962,0.0,0.0970282,0.0,0.505502,0.0
923.0,35.0406,0.196732,0.0,0.172395,0.0210204,0.0825304,0.0,0.119395,0.00854172,0.0,0.391369,0.0272801
924.0,35.0739,0.25754,0.0296982,0.22704,0.0713963,0.235648,0.0,0.0684226,0.0,0.0,0.350003,0.0275386
925.0,35.1073,0.0,0.157533,0.122315,0.0,0.198724,0.0676755,0.0,0.0,0.0,0.0611801,0.107298
926.0,35.1406,0.0,0.20436,0.132831,0.0,0.182353,0.147834,0.0,0.0,0.0,0.0328456,0.0898774
927.0,35.1739,0.0,0.108669,0.0,0.0,0.0228389,0.101658,0.0,0.0,0.00888737,0.0392613,0.15169
928.0,35.2073,0.0,0.160676,0.0,0.0,0.0,0.0697158,0.0,0.0093453,0.00596757,0.262547,0.147976
929.0,35.2406,0.0,0.455917,0.0,0.0,0.0,0.0207388,0.0301322,0.159539,0.0,0.0529381,0.0
930.0,35.2739,0.0890819,0.679743,0.0,0.0,0.0,0.0,0.0310478,0.184481,0.14126,0.0,0.0491027
931.0,35.3073,0.0587054,0.652644,0.0,0.0,0.0,0.0,0.0,0.184527,0.485579,0.0628199,0.0512175
932.0,35.3406,0.0196523,0.405908,0.0,0.0,0.0,0.0,0.0,0.226035,0.312874,0.00742487,0.0331864
933.0,35.3739,0.0,0.280687,0.0,0.0,0.0,0.0,0.0181663,0.247164,0.261096,0.017579,0.0405462
934.0,35.4073,0.0,0.232552,0.0,0.0,0.0,0.0,0.0529222,0.242659,0.20715,0.0478001,0.0180548
935.0,35.4406,0.0234152,0.285025,0.0,0.0,0.0,0.0,0.0551747,0.323445,0.0,0.042991,0.0
936.0,35.4739,0.0263742,0.0666493,0.0,0.0,0.0,0.0,0.17791,0.256983,0.0232892,0.182197,0.0
937.0,35.5073,0.0,0.981912,0.0,0.0062582,0.0485362,0.0,0.183305,0.108443,0.0,0.0989344,0.0
938.0,35.5406,0.0,0.929253,0.0,0.0451539,0.166803,0.043308,0.0,0.0,0.0,0.015711,0.0
939.0,35.5739,0.0,0.433084,0.0,0.0818075,0.299848,0.0438021,0.0,0.00894757,0.0,0.127628,0.198171
940.0,35.6073,0.0,0.0926037,0.0208016,0.0262279,0.168067,0.214656,0.0,0.0,0.0,0.0,0.0249959
941.0,35.6406,0.028885,0.0141537,0.0124916,0.000607312,0.0435851,0.0744118,0.000918169,0.0,0.0,0.0638312,0.0802929
942.0,35.6739,0.0,0.0,0.0181713,0.00648232,0.0653002,0.0366276,0.124074,0.128658,0.0,0.345512,0.120573
943.0,35.7073,0.0798435,0.0,0.0373614,0.00987673,0.0483142,0.0723657,0.0496088,0.127779,0.0,0.521106,0.134324
944.0,35.7406,0.0943528,0.0822708,0.0219653,0.0,0.0,0.0458961,0.0,0.174771,0.0,0.576931,0.142238
945.0,35.7739,0.226131,0.107578,0.0,0.0,0.0,0.123997,0.0,0.287249,0.0233887,0.633875,0.136315
946.0,35.8073,0.0799727,0.101249,0.0,0.0225209,0.0681678,0.246429,0.0,0.0397066,0.0,0.41652,0.139903
947.0,35.8406,0.0668454,0.0813239,0.0,0.0324659,0.0991203,0.318429,0.0,0.0229021,0.0,0.452258,0.0
948.0,35.8739,0.063206,0.131182,0.0,0.0322745,0.0949104,0.420037,0.0,0.0,0.0,0.407033,0.0
949.0,35.9073,0.124874,0.175076,0.0442382,0.0431725,0.126826,0.499988,0.0,0.0,0.0246398,0.396117,0.0
950.0,35.9406,0.200981,0.179286,0.142942,0.0562482,0.159266,0.542303,0.0,0.0,0.036956,0.425186,0.0
951.0,35.9739,0.183919,0.00669151,0.15986,0.0,0.138586,0.716211,0.0,0.0,0.0,0.507026,0.0
952.0,36.0073,0.134295,0.0430527,0.132534,0.0,0.163254,0.825872,0.0,0.0,0.00900791,0.65857,0.0374189
953.0,36.0406,0.567008,0.564606,0.330739,0.0131897,0.0328483,0.596207,0.0,0.0160006,0.0659494,0.58613,0.167091
954.0,36.0739,0.644379,0.0322783,0.476302,0.0,0.0,0.270057,0.0,0.255167,0.028122,0.594723,0.0
955.0,36.1073,0.509108,0.0710577,0.478086,0.0,0.0,0.126861,0.0,0.23628,0.0,0.62684,0.0
956.0,36.1406,0.26676,0.0,0.270325,0.0719192,0.195579,0.0,0.460219,0.0145836,0.0,0.70047,0.0
957.0,36.1739,0.281329,0.0189777,0.246469,0.0768327,0.240585,0.0,0.132785,0.0,0.0,0.383555,0.0272176
958.0,36.2073,0.180773,0.0,0.0438353,0.0466796,0.190425,0.0423486,0.0153031,0.0,0.0,0.145238,0.1037
959.0,36.2406,0.0,0.18473,0.132572,0.0,0.183844,0.140017,0.0,0.0,0.0,0.0587768,0.0700621
960.0,36.2739,0.0,0.117111,0.0,0.0,0.0670862,0.0893308,0.0,0.0,0.00632779,0.0341295,0.0776896
961.0,36.3073,0.0,0.159947,0.0,0.0,0.0,0.0673334,0.0,0.01559,0.0037395,0.231661,0.124564
962.0,36.3406,0.0,0.237413,0.0,0.0,0.0,0.0,0.0492161,0.0342868,0.0279937,0.198517,0.0408562
963.0,36.3739,0.0,0.558283,0.0,0.0,0.0,0.0,0.0111606,0.0629442,0.357281,0.0634302,0.0548775
964.0,36.4073,0.0246908,0.580137,0.0,0.0,0.0,0.0,0.0,0.14457,0.429773,0.0101784,0.032315
965.0,36.4406,0.0304641,0.498809,0.0,0.0,0.0,0.0,0.0,0.253913,0.415804,0.0,0.0400143
966.0,36.4739,0.0201382,0.323948,0.0,0.0,0.0,0.0,0.0,0.281819,0.302066,0.00653906,0.033316
967.0,36.5073,0.0231823,0.372374,0.0,0.0,0.0,0.0,0.0741824,0.234273,0.00955705,0.0,0.0
968.0,36.5406,0.0379906,0.314832,0.0,0.0,0.0,0.0,0.0681099,0.35832,0.0,0.0989956,0.0
969.0,36.5739,0.022077,0.073397,0.0,0.0,0.0,0.0,0.108334,0.253423,0.0338412,0.1613,0.0
970.0,36.6073,0.0181388,0.0704445,0.0,0.0,0.0,0.0,0.147548,0.0876646,0.0,0.0915231,0.0
971.0,36.6406,0.0,0.95809,0.0,0.0422148,0.146789,0.012985,0.033605,0.0,0.0,0.0113866,0.0
972.0,36.6739,0.0,0.560939,0.0,0.0847277,0.299682,0.0556093,0.0,0.0102037,0.0,0.131767,0.221312
973.0,36.7073,0.00832201,0.147724,0.0134775,0.023669,0.149264,0.20297,0.0,0.0,0.0,0.0,0.0
974.0,36.7406,0.0997139,0.144824,0.0183456,0.00586828,0.0530316,0.079571,0.0,0.0,0.0,0.022559,0.0653123
975.0,36.7739,0.0,0.256784,0.0,0.0,0.0720896,0.143879,0.0630593,0.27451,0.0,0.40551,0.178385
976.0,36.8073,0.0,0.295027,0.0,0.0,0.091988,0.217437,0.0363429,0.30514,0.0,0.429727,0.176549
977.0,36.8406,0.222121,0.174693,0.0348856,0.00379216,0.0205649,0.160664,0.0,0.0747459,0.0,0.505067,0.104691
978.0,36.8739,0.319737,0.0251842,0.0277718,0.0,0.0,0.216338,0.0,0.213716,0.0,0.624094,0.115931
979.0,36.9073,0.235244,0.278423,0.0,0.0,0.0,0.308981,0.0,0.0,0.0,0.310525,0.0142751
980.0,36.9406,0.187833,0.110453,0.0,0.0514985,0.143872,0.21351,0.0,0.0687627,0.0,0.541898,0.0
981.0,36.9739,0.178357,0.177502,0.0,0.0411912,0.114954,0.35037,0.0,0.0285611,0.0,0.396557,0.0
982.0,37.0073,0.240126,0.163472,0.0872897,0.0440995,0.123683,0.491423,0.0,0.0,0.0313419,0.350886,0.0
983.0,37.0406,0.304569,0.201941,0.151605,0.052757,0.14543,0.55879,0.0,0.0,0.0442514,0.413946,0.0
984.0,37.0739,0.246281,0.00073678,0.260821,0.0,0.102705,0.700648,0.0,0.0,0.0,0.474947,0.0
985.0,37.1073,0.216591,0.040003,0.236861,0.0,0.142555,0.831913,0.0,0.0,0.0641865,0.637236,0.0373641
986.0,37.1406,0.623384,0.0,0.370927,0.0,0.0,0.610343,0.0,0.107262,0.0455645,0.667984,0.178302
987.0,37.1739,0.656454,0.0532238,0.502396,0.0,0.0,0.286802,0.0,0.217531,0.0379419,0.540855,0.0473883
988.0,37.2073,0.486917,0.101122,0.474447,0.0,0.0,0.113021,0.0,0.12939,0.0,0.562831,0.0272282
989.0,37.2406,0.335264,0.0607768,0.30878,0.0215718,0.0795708,0.0,0.0856379,0.0033527,0.0,0.353508,0.0347413
990.0,37.2739,0.403828,0.0,0.0411837,0.0809153,0.249172,0.0,0.0760472,0.0,0.0,0.32511,0.0757658
991.0,37.3073,0.0,0.156468,0.0,0.0362773,0.153584,0.0,0.0965019,0.0,0.0064257,0.118696,0.168424
992.0,37.3406,0.0,0.176971,0.0831876,0.0,0.17002,0.165472,0.0,0.0295157,0.0,0.0505532,0.0969438
993.0,37.3739,0.0,0.112636,0.0,0.0,0.0493679,0.126355,0.0,0.0,0.00306929,0.0530151,0.125744
994.0,37.4073,0.0,0.161963,0.0,0.0,0.0,0.0305164,0.0,0.0293839,0.0205764,0.229855,0.132208
995.0,37.4406,0.0,0.250651,0.0,0.0,0.0,0.0,0.0716913,0.0460197,0.0589887,0.200307,0.0366138
996.0,37.4739,0.0,0.549547,0.0,0.0,0.0,0.0,0.00240344,0.0583224,0.350466,0.0854219,0.057867
997.0,37.5073,0.0197554,0.580655,0.0,0.0,0.0,0.0,0.0,0.148463,0.43196,0.0192697,0.0310095
998.0,37.5406,0.0232443,0.504147,0.0,0.0,0.0,0.0,0.0,0.251599,0.431618,0.0,0.0447337
999.0,37.5739,0.0,0.311136,0.0,0.0,0.0,0.0,0.00357008,0.288504,0.316914,0.0,0.0385541
1000.0,37.6073,0.0192297,0.361679,0.0,0.0,0.0,0.0,0.0683387,0.230223,0.0142205,0.0,0.0
1001.0,37.6406,0.0360888,0.311448,0.0,0.0,0.0,0.0,0.0552669,0.342653,0.0,0.0798856,0.0
1002.0,37.6739,0.023358,0.0709573,0.0,0.0,0.0,0.0,0.136012,0.244058,0.0273179,0.152909,0.0
1003.0,37.7073,0.0,0.978688,0.0,0.0,0.000389446,0.0,0.175591,0.124747,0.0,0.0887781,0.024538
1004.0,37.7406,0.0,0.946516,0.0,0.0429996,0.150771,0.00796852,0.0373642,0.00551495,0.0,0.0291682,0.0
1005.0,37.7739,0.0,0.460866,0.0,0.0675609,0.251693,0.0464912,0.0,0.00689545,0.0,0.0974685,0.167041
1006.0,37.8073,0.0,0.135393,0.0262561,0.0210603,0.135133,0.180548,0.0,0.0,0.0,0.0,0.0
1007.0,37.8406,0.0281654,0.130353,0.022463,0.00517446,0.0479766,0.0624228,0.00194572,0.0,0.0,0.0314146,0.103056
1008.0,37.8739,0.0,0.293639,0.0,0.0,0.038414,0.138878,0.0648456,0.252786,0.0,0.304425,0.125151
1009.0,37.9073,0.0,0.346592,0.0,0.0,0.0696126,0.242248,0.054989,0.302326,0.0,0.399903,0.192268
1010.0,37.9406,0.145605,0.186477,0.0319775,0.0,0.0,0.139099,0.0,0.088075,0.0,0.496238,0.110976
1011.0,37.9739,0.24739,0.115704,0.0727041,0.0,0.0,0.152785,0.0,0.21083,0.0117822,0.628027,0.118502
1012.0,38.0073,0.129004,0.295197,0.0,0.0,0.0,0.210016,0.0,0.00883336,0.0,0.312666,0.0
1013.0,38.0406,0.0842254,0.120724,0.0,0.0461017,0.132138,0.239393,0.0,0.0605026,0.0,0.519953,0.0
1014.0,38.0739,0.0697715,0.178712,0.0,0.0402859,0.115281,0.365817,0.0,0.0200641,0.0,0.417301,0.0
1015.0,38.1073,0.147014,0.182242,0.0714382,0.0435054,0.124628,0.491923,0.0,0.0,0.0325006,0.371816,0.0
1016.0,38.1406,0.216334,0.14699,0.139928,0.0540202,0.152095,0.562229,0.0,0.0,0.0433292,0.434475,0.0
1017.0,38.1739,0.18295,0.0171347,0.254857,0.0,0.104237,0.697315,0.0,0.0,0.0,0.485911,0.0
1018.0,38.2073,0.168737,0.0717325,0.27563,0.0,0.160222,0.827598,0.0,0.0,0.0640697,0.641612,0.0454572
1019.0,38.2406,0.552871,0.0,0.35376,0.0,0.0,0.608731,0.0,0.0798364,0.0447967,0.676595,0.174591
1020.0,38.2739,0.612893,0.0562229,0.500837,0.0,0.0,0.280377,0.0,0.263794,0.0459343,0.583685,0.00574746
1021.0,38.3073,0.405309,0.0,0.340123,0.0,0.0,0.0593519,0.0,0.142679,0.0,0.582862,0.0404448
1022.0,38.3406,0.296705,0.026762,0.279221,0.0,0.0208396,0.0,0.0757555,0.0349212,0.0,0.373124,0.023065
1023.0,38.3739,0.230203,0.0616365,0.253582,0.119537,0.343895,0.0,0.146217,0.0,0.0,0.39344,0.0669991
1024.0,38.4073,0.0,0.232781,0.0295742,0.0,0.185751,0.0903853,0.0,0.00304757,0.0,0.0619278,0.0702163
1025.0,38.4406,0.0,0.119456,0.0229822,0.0,0.15902,0.217076,0.0,0.0,0.0,0.0360861,0.109385
1026.0,38.4739,0.0,0.107277,0.0,0.0,0.0473425,0.172767,0.0,0.0,0.00460851,0.0607923,0.107364
1027.0,38.5073,0.0,0.162984,0.0,0.0,0.0,0.0485597,0.0,0.01021,0.0225994,0.234984,0.150952
1028.0,38.5406,0.0,0.239527,0.0,0.0,0.0,0.0,0.0573506,0.0328051,0.0506097,0.137188,0.0711978
1029.0,38.5739,0.0,0.562212,0.0,0.0,0.0,0.0,0.013248,0.0833558,0.362203,0.018497,0.0299733
1030.0,38.6073,0.00575272,0.585983,0.0,0.0,0.0,0.0,0.0159574,0.16684,0.451516,0.0,0.044641
1031.0,38.6406,0.0269624,0.491464,0.0,0.0,0.0,0.0,0.0252237,0.276317,0.419562,0.0,0.0418856
1032.0,38.6739,0.0228253,0.318175,0.0,0.0,0.0,0.0,0.0123635,0.294159,0.29515,0.0110373,0.0444586
1033.0,38.7073,0.0296152,0.363323,0.0,0.0,0.0,0.0,0.0762793,0.224387,0.0,0.0,0.0
1034.0,38.7406,0.0354059,0.307341,0.0,0.0,0.0,0.0,0.0530986,0.363966,0.0,0.10051,0.0
1035.0,38.7739,0.0220515,0.0713396,0.0,0.0,0.0,0.0,0.131703,0.234263,0.0275276,0.150988,0.0
1036.0,38.8073,0.0,0.975925,0.0,0.0,0.0,0.0,0.154952,0.140569,0.0197767,0.0,0.0754576
1037.0,38.8406,0.0,0.949003,0.0,0.0430159,0.148956,0.0101454,0.0475272,0.0165884,0.0,0.048177,0.0
1038.0,38.8739,0.0,0.469044,0.0,0.0589982,0.228252,0.0583002,0.0,0.00500743,0.0,0.117002,0.153264
1039.0,38.9073,0.00935884,0.189185,0.0137733,0.0227938,0.138978,0.174645,0.0,0.0,0.0,0.0117392,0.0356959
1040.0,38.9406,0.106776,0.129247,0.0104388,0.00294685,0.037276,0.0543566,0.0028653,0.0,0.0,0.0219069,0.100923
1041.0,38.9739,0.0,0.274827,0.0,0.0,0.0502096,0.13834,0.081033,0.299249,0.0,0.380163,0.155277
1042.0,39.0073,0.158676,0.194184,0.0324277,0.0244531,0.0800165,0.0710586,0.0362149,0.101582,0.0,0.43155,0.150885
1043.0,39.0406,0.174958,0.149544,0.0279133,0.0,0.0,0.0975613,0.0,0.122334,0.0,0.530033,0.111744
1044.0,39.0739,0.308018,0.0750693,0.0234701,0.0,0.0,0.156158,0.0,0.271253,0.0106005,0.632428,0.126834
1045.0,39.1073,0.177124,0.156174,0.0611846,0.0336317,0.0947173,0.250567,0.0,0.0376177,0.0,0.329951,0.133871
1046.0,39.1406,0.180307,0.146022,0.10371,0.0448775,0.128837,0.283818,0.0,0.0328657,0.0,0.411311,0.0
1047.0,39.1739,0.198824,0.219096,0.114441,0.0427464,0.119688,0.407229,0.0,2.55238e-05,0.0,0.360254,0.0
1048.0,39.2073,0.243942,0.281605,0.195136,0.0550313,0.155721,0.487249,0.0,0.0,0.0285525,0.361534,0.0
1049.0,39.2406,0.328085,0.231634,0.344308,0.0219185,0.186785,0.532008,0.0,0.00560125,0.00533388,0.316914,0.0
1050.0,39.2739,0.23019,0.0397211,0.178918,0.0,0.0756817,0.745418,0.0,0.0,0.0,0.492725,0.0
1051.0,39.3073,0.242648,0.0727409,0.344373,0.0,0.184667,0.801821,0.0,0.0,0.0,0.642111,0.0713403
1052.0,39.3406,0.618059,0.0248699,0.412873,0.0,0.0,0.579793,0.0,0.0617998,0.0304955,0.645698,0.176913
1053.0,39.3739,0.702132,0.100602,0.548411,0.0,0.0,0.250634,0.0,0.241906,0.0123802,0.596611,0.0
1054.0,39.4073,0.569624,0.108665,0.506698,0.0,0.0,0.167681,0.0,0.126215,0.0,0.521082,0.0
1055.0,39.4406,0.419672,0.0946909,0.41764,0.0359007,0.105399,0.0,0.146812,0.0243424,0.0,0.496822,0.0
1056.0,39.4739,0.422062,0.0140356,0.316483,0.0697783,0.225589,0.0,0.0953261,0.0,0.0,0.357868,0.0
1057.0,39.5073,0.0,0.0813877,0.0,0.0147107,0.107592,0.0275313,0.0141137,0.0,0.0,0.0482309,0.170112
1058.0,39.5406,0.0,0.17147,0.137726,0.0,0.184028,0.139349,0.0,0.0,0.0,0.0512602,0.0927876
1059.0,39.5739,0.0,0.103682,0.0,0.0,0.0408907,0.0568454,0.0,0.0,0.014707,0.0511682,0.146333
1060.0,39.6073,0.0,0.161998,0.0,0.0,0.0,0.0714901,0.0,0.0112172,0.00186833,0.252161,0.122061
1061.0,39.6406,0.0,0.468489,0.0,0.0,0.0,0.0,0.0308209,0.16865,0.0,0.00393062,0.0
1062.0,39.6739,0.0874271,0.677159,0.0,0.0,0.0,0.0,0.0394809,0.182261,0.152249,0.0,0.0277553
1063.0,39.7073,0.0529003,0.630443,0.0,0.0,0.0,0.0,0.0,0.172482,0.471157,0.0483266,0.0373366
1064.0,39.7406,0.00845036,0.379426,0.0,0.0,0.0,0.0,0.0,0.20876,0.307138,0.0,0.0300241
1065.0,39.7739,0.0,0.271773,0.0,0.0,0.0,0.0,0.0170621,0.229382,0.255016,0.0,0.0281422
1066.0,39.8073,0.0,0.235159,0.0,0.0,0.0,0.0,0.0366402,0.225697,0.209244,0.038838,0.0286982
1067.0,39.8406,0.0241477,0.290055,0.0,0.0,0.0,0.0,0.0500487,0.319023,0.0,0.0442148,0.0
1068.0,39.8739,0.0274239,0.0738014,0.0,0.0,0.0,0.0,0.148373,0.237359,0.0246186,0.150892,0.0
1069.0,39.9073,0.0,0.988948,0.0,0.0,0.0,0.0,0.141081,0.255499,0.0489868,0.221491,0.0
1070.0,39.9406,0.0,0.940533,0.0,0.039743,0.14603,0.0296757,0.0162265,0.0,0.0,0.0200998,0.0
1071.0,39.9739,0.0,0.840381,0.0,0.0431156,0.164071,0.0427477,0.0,0.0,0.0,0.0,0.0295786
1072.0,40.0073,0.0,0.168356,0.0206058,0.0412159,0.206158,0.179,0.0,0.0,0.0,0.0,0.0130565
1073.0,40.0406,0.0376138,0.0487026,0.0148437,0.00291324,0.0501636,0.0864907,0.0,0.0,0.0,0.0439308,0.0687856
1074.0,40.0739,0.0259594,0.0,0.0537325,0.0,0.0482514,0.0021506,0.0401913,0.144704,0.0,0.322426,0.136378
1075.0,40.1073,0.0260576,0.0,0.00976272,0.0172516,0.0706856,0.0711486,0.0614697,0.132328,0.0,0.527806,0.130077
1076.0,40.1406,0.0524303,0.0592886,0.00355162,0.0,0.0,0.0828678,0.0,0.155412,0.0,0.600779,0.135583
1077.0,40.1739,0.209735,0.150093,0.0,0.0,0.0,0.124483,0.0,0.269134,0.0,0.634107,0.13233
1078.0,40.2073,0.0820419,0.331801,0.0,0.0,0.0,0.294207,0.0,0.228182,0.0658318,0.407203,0.0535276
1079.0,40.2406,0.0484485,0.145636,0.0,0.0289773,0.0899285,0.320077,0.0,0.024496,0.0,0.439712,0.0
1080.0,40.2739,0.0620272,0.190638,0.0,0.0340597,0.0996283,0.44857,0.0,0.0,0.0030559,0.37691,0.0
1081.0,40.3073,0.132638,0.215895,0.00732299,0.0402799,0.121187,0.532833,0.0,0.0,0.040044,0.391118,0.0
1082.0,40.3406,0.187414,0.0,0.141772,0.0,0.127199,0.593758,0.0,0.0,0.0,0.35282,0.0
1083.0,40.3739,0.0801958,0.122293,0.0404453,0.0,0.0195789,0.67726,0.0,0.0,0.0,0.499215,0.0
1084.0,40.4073,0.130774,0.0370306,0.102882,0.0,0.195038,0.815892,0.0,0.0,0.0,0.669318,0.0461071
1085.0,40.4406,0.571963,0.0,0.295979,0.0,0.0,0.580512,0.0,0.0263634,0.0201898,0.642161,0.277532
1086.0,40.4739,0.634664,0.0,0.421369,0.0,0.0,0.269685,0.0,0.194362,0.0369955,0.51001,0.0338108
1087.0,40.5073,0.475123,0.0751893,0.447285,0.0,0.0,0.126216,0.0,0.169459,0.0,0.558135,0.00531539
1088.0,40.5406,0.302666,0.044192,0.278295,0.0176741,0.0654046,0.0,0.131218,0.0154713,0.0,0.395172,0.0348118
1089.0,40.5739,0.312909,0.0,0.228173,0.0760831,0.241128,0.0,0.103129,0.0,0.0,0.376939,0.0
1090.0,40.6073,0.128262,0.0,0.00608598,0.0387136,0.166925,0.0113916,0.0257335,0.0,0.0,0.132521,0.125525
1091.0,40.6406,0.0,0.183766,0.134763,0.0,0.173424,0.133998,0.0,0.0,0.0,0.0603458,0.0598369
1092.0,40.6739,0.0,0.106409,0.0,0.0,0.0567787,0.0819717,0.0,0.0,0.0115272,0.0484154,0.120844
1093.0,40.7073,0.0,0.149524,0.0,0.0,0.0,0.0723205,0.0,0.0118962,0.0,0.256028,0.115731
1094.0,40.7406,0.0,0.233299,0.0,0.0,0.0,0.0,0.0347088,0.0265511,0.0267683,0.188832,0.0445817
1095.0,40.7739,0.0,0.551587,0.0,0.0,0.0,0.0,0.0,0.0480266,0.350856,0.0555624,0.0583953
1096.0,40.8073,0.0158319,0.574219,0.0,0.0,0.0,0.0,0.0,0.144474,0.429546,0.0,0.0179166
1097.0,40.8406,0.0266492,0.493674,0.0,0.0,0.0,0.0,0.0,0.2528,0.423585,0.0,0.0369717
1098.0,40.8739,0.0196269,0.32293,0.0,0.0,0.0,0.0,0.0,0.280831,0.304551,0.0068154,0.0301504
1099.0,40.9073,0.0261722,0.372706,0.0,0.0,0.0,0.0,0.0686791,0.230098,0.0128896,0.0,0.0
1100.0,40.9406,0.0376718,0.322585,0.0,0.0,0.0,0.0,0.0568668,0.343956,0.0,0.0946826,0.0
1101.0,40.9739,0.0214166,0.069379,0.0,0.0,0.0,0.0,0.12421,0.246149,0.0304539,0.15528,0.0
1102.0,41.0073,0.0,0.923359,0.0,0.000111669,0.0293925,0.0,0.147603,0.0858044,0.0,0.215687,0.0
1103.0,41.0406,0.0,0.947337,0.0,0.0407541,0.141981,0.0116233,0.0419038,0.00418754,0.0,0.0263523,0.0
1104.0,41.0739,0.0,0.455665,0.0743699,0.0712033,0.26131,0.0552986,0.0,0.00727638,0.0,0.126461,0.223709
1105.0,41.1073,0.0,0.262958,0.0,0.0160959,0.121279,0.177661,0.0,0.0,0.0,0.0,0.0
1106.0,41.1406,0.103563,0.109867,0.0102218,0.00520171,0.046965,0.0573499,0.0,0.0,0.000709731,0.00906471,0.0574863
1107.0,41.1739,0.0,0.26236,0.0,0.0,0.0280035,0.108297,0.0525145,0.255472,0.0,0.286235,0.110493
1108.0,41.2073,0.0,0.326704,0.0,0.0,0.0661928,0.246721,0.0350153,0.311805,0.0,0.460919,0.168091
1109.0,41.2406,0.224121,0.239101,0.0300703,0.0,0.0,0.135555,0.0,0.0732465,0.0,0.443691,0.100649
1110.0,41.2739,0.354933,0.0534609,0.0432453,0.0,0.0,0.209432,0.0,0.214175,0.00800059,0.59615,0.0870946
1111.0,41.3073,0.198944,0.264221,0.0,0.0,0.0,0.317542,0.0,0.201095,0.0577838,0.363169,0.0217603
1112.0,41.3406,0.218297,0.105734,0.125909,0.0453848,0.126935,0.240261,0.0,0.0507505,0.0,0.41163,0.0
1113.0,41.3739,0.223385,0.171284,0.0766233,0.0465335,0.130147,0.362545,0.0,0.00759366,0.0,0.266892,0.0429203
1114.0,41.4073,0.235903,0.218051,0.177396,0.0492616,0.140431,0.485252,0.0,0.0,0.031866,0.348073,0.0
1115.0,41.4406,0.291841,0.235731,0.242766,0.0616436,0.171339,0.543787,0.0,0.0,0.0467854,0.381647,0.0
1116.0,41.4739,0.226116,0.00899436,0.27775,0.0,0.0797008,0.679702,0.0,0.0,0.0,0.458484,0.0
1117.0,41.5073,0.2198,0.0601,0.299037,0.0,0.163308,0.813211,0.0,0.0,0.0441864,0.619869,0.0515891
1118.0,41.5406,0.611948,0.018604,0.418727,0.0,0.0,0.59966,0.0,0.0782444,0.0311492,0.673906,0.178469
1119.0,41.5739,0.683158,0.0486521,0.51804,0.0,0.0,0.308349,0.0,0.246359,0.0310845,0.604361,0.00327242
1120.0,41.6073,0.474997,0.105602,0.48995,0.0,0.0,0.234347,0.0,0.147186,0.0,0.53636,0.0
1121.0,41.6406,0.341888,0.078818,0.330931,0.0472247,0.135583,0.0,0.161434,0.00496598,0.0,0.400447,0.00593508
1122.0,41.6739,0.203838,0.0325168,0.120298,0.0262916,0.10569,0.0,0.139463,0.0267845,0.0,0.353203,0.0834568
1123.0,41.7073,0.0,0.118169,0.0,0.0239018,0.133821,0.0551118,0.000872781,0.0,0.00842769,0.03564,0.138626
1124.0,41.7406,0.0,0.0829898,0.0,0.0130079,0.115954,0.267869,0.0,0.0,0.0218041,0.0650827,0.122987
1125.0,41.7739,0.0,0.0935724,0.0,0.0,0.0305946,0.131169,0.0,0.0,0.0,0.126624,0.118612
1126.0,41.8073,0.0,0.130055,0.0,0.0,0.0,0.0445345,0.0,0.0228975,0.00744158,0.239785,0.127827
1127.0,41.8406,0.0,0.255659,0.0,0.0,0.0,0.0,0.0923817,0.0444981,0.0765671,0.132222,0.0257245
1128.0,41.8739,0.0,0.566279,0.0,0.0,0.0,0.0,0.0234326,0.0766884,0.376304,0.0413503,0.0227371
1129.0,41.9073,0.0170485,0.583098,0.0,0.0,0.0,0.0,0.00750424,0.168948,0.437571,0.0,0.022092
1130.0,41.9406,0.0200319,0.494049,0.0,0.0,0.0,0.0,0.0141022,0.255618,0.424324,0.0,0.0233784
1131.0,41.9739,0.0010844,0.317537,0.0,0.0,0.0,0.0,0.0,0.278465,0.320908,0.0,0.04376
1132.0,42.0073,0.0252812,0.352376,0.0,0.0,0.0,0.0,0.0768368,0.229393,0.0,0.0,0.0
1133.0,42.0406,0.034189,0.300903,0.0,0.0,0.0,0.0,0.0488068,0.376738,0.0,0.0950372,0.0
1134.0,42.0739,0.0242108,0.0744242,0.0,0.0,0.0,0.0,0.141757,0.221321,0.0208332,0.134444,0.0
1135.0,42.1073,0.0,0.98643,0.0,0.0,0.0,0.00605478,0.148104,0.122794,0.00164051,0.0280842,0.0
1136.0,42.1406,0.0,0.946669,0.0,0.0451509,0.158934,0.016265,0.0274801,0.00328285,0.0,0.0261951,0.0
1137.0,42.1739,0.0,0.551037,0.0,0.0629458,0.239757,0.0462981,0.0,0.00684289,0.0,0.0926645,0.130927
1138.0,42.2073,0.0,0.143477,0.0202783,0.0183505,0.125417,0.189151,0.0,0.0,0.0,0.0,0.00314094
1139.0,42.2406,0.0625028,0.15358,0.0210848,0.00121066,0.0303888,0.0655434,0.00369345,0.0,0.0,0.0309966,0.101156
1140.0,42.2739,0.0,0.2678,0.0,0.0,0.0363454,0.159816,0.051575,0.246278,0.0,0.308476,0.123454
1141.0,42.3073,0.158154,0.0968199,0.0490939,0.0245775,0.0844146,0.0738257,0.0221072,0.090128,0.0,0.430891,0.132304
1142.0,42.3406,0.17485,0.101553,0.0385411,0.0,0.0,0.0961481,0.0,0.128572,0.0,0.544902,0.105593
1143.0,42.3739,0.267648,0.0907706,0.0199845,0.0,0.0,0.137777,0.0,0.272854,0.00658499,0.651105,0.115998
1144.0,42.4073,0.154453,0.286553,0.0,0.0,0.0,0.27613,0.0,0.230985,0.0615739,0.371518,0.037755
1145.0,42.4406,0.152615,0.10402,0.138743,0.0370716,0.109955,0.255563,0.0,0.0371205,0.0,0.381425,0.000264959
1146.0,42.4739,0.150923,0.176639,0.114801,0.0362208,0.105013,0.404293,0.0,0.0,0.0,0.358417,0.0
1147.0,42.5073,0.198111,0.218976,0.212344,0.0516662,0.148637,0.482574,0.0,0.0,0.0304825,0.356543,0.0
1148.0,42.5406,0.188459,0.0,0.225464,0.0,0.10931,0.573813,0.0,0.0,0.0,0.379242,0.0
1149.0,42.5739,0.154314,0.0325882,0.109214,0.0,0.0,0.639079,0.0,0.0,0.0,0.524499,0.0
1150.0,42.6073,0.170153,0.0871105,0.295988,0.0,0.172738,0.799939,0.0,0.0,0.0,0.670882,0.0608543
1151.0,42.6406,0.598435,0.0,0.400875,0.0,0.0,0.548835,0.0,0.11599,0.0192394,0.685333,0.153092
1152.0,42.6739,0.619357,0.00696125,0.439058,0.0,0.0,0.215129,0.0,0.197197,0.00279537,0.543013,0.0
1153.0,42.7073,0.45576,0.0798187,0.45394,0.0,0.0,0.058271,0.0,0.139332,0.0,0.532261,0.0
1154.0,42.7406,0.0,0.234844,0.0,0.0,0.00999084,0.0,0.152852,0.167111,0.0,0.372101,0.130974
1155.0,42.7739,0.321652,0.059158,0.32214,0.0748592,0.242698,0.0,0.0934487,0.0,0.0,0.39798,0.0
1156.0,42.8073,0.0,0.0926812,0.0,0.0135299,0.104518,0.0345131,0.00854953,0.0,0.0,0.067308,0.152838
1157.0,42.8406,0.0,0.20201,0.118511,0.0,0.175257,0.132755,0.0,0.0,0.0,0.0729023,0.068686
1158.0,42.8739,0.0,0.102687,0.0,0.0,0.04669,0.091537,0.0,0.0,0.00795805,0.0631725,0.0936731
1159.0,42.9073,0.0,0.160139,0.0,0.0,0.0,0.0490481,0.00304661,0.0247432,0.00657717,0.23607,0.090276
1160.0,42.9406,0.0,0.253206,0.0,0.0,0.0,0.0,0.0764911,0.0475866,0.0580943,0.168285,0.0219248
1161.0,42.9739,0.0235889,0.581123,0.0,0.0,0.0,0.0,0.0543709,0.192002,0.085782,0.0,0.0
1162.0,43.0073,0.0611198,0.677593,0.0,0.0,0.0,0.0,0.0,0.200063,0.51174,0.0163631,0.0467064
1163.0,43.0406,0.0330323,0.461923,0.0,0.0,0.0,0.0,0.0,0.244695,0.389524,0.0,0.0401117
1164.0,43.0739,0.00706539,0.29577,0.0,0.0,0.0,0.0,0.0,0.237812,0.280653,0.00332664,0.0350586
1165.0,43.1073,0.0182629,0.354502,0.0,0.0,0.0,0.0,0.0661726,0.226444,0.0,0.0,0.0
1166.0,43.1406,0.0333655,0.296054,0.0,0.0,0.0,0.0,0.0578519,0.347029,0.0,0.091461,0.0
1167.0,43.1739,0.0254344,0.0775551,0.0,0.0,0.0,0.0,0.139885,0.233314,0.0230829,0.155704,0.0
1168.0,43.2073,0.0,0.969651,0.0,0.00525008,0.0350912,0.0,0.180857,0.0969876,0.0,0.0335541,0.0
1169.0,43.2406,0.0,0.880051,0.0,0.0460194,0.164002,0.0194985,0.0088565,0.00500557,0.0,0.1755,0.0
1170.0,43.2739,0.0,0.41242,0.00332529,0.0669642,0.25924,0.0581614,0.0,0.00203323,0.0,0.0894455,0.130056
1171.0,43.3073,0.00129165,0.145409,0.0249071,0.0226715,0.149018,0.202288,0.0,0.0,0.0,0.0,0.015768
1172.0,43.3406,0.0710556,0.127881,0.0197541,0.0,0.011252,0.0616512,0.0112927,0.0,0.00494137,0.023439,0.0794711
1173.0,43.3739,0.0,0.252332,0.0,0.0,0.0149106,0.10081,0.0525122,0.287793,0.0,0.284998,0.11624
1174.0,43.4073,0.138243,0.0,0.0459209,0.018899,0.0732933,0.0746657,0.0223838,0.0945668,0.0,0.435471,0.143609
1175.0,43.4406,0.201416,0.0980158,0.0416363,0.0,0.0,0.0497027,0.0,0.156835,0.0,0.541021,0.108065
1176.0,43.4739,0.286557,0.0940514,0.0197139,0.0,0.0,0.105405,0.0,0.292655,0.0161047,0.649861,0.115374
1177.0,43.5073,0.154691,0.117076,0.0156457,0.0309375,0.0863637,0.202686,0.0,0.0483707,0.0,0.341924,0.146448
1178.0,43.5406,0.139647,0.132222,0.111093,0.0373471,0.11058,0.276373,0.0,0.0294395,0.0,0.356992,0.0
1179.0,43.5739,0.143947,0.1512,0.0997561,0.0357999,0.104112,0.397717,0.0,0.0,0.0,0.3328,0.0
1180.0,43.6073,0.185762,0.193762,0.183264,0.0496508,0.143574,0.48642,0.0,0.0,0.0382312,0.340253,0.0
1181.0,43.6406,0.189704,0.0,0.208391,0.0,0.0972412,0.570304,0.0,0.0,0.0,0.370635,0.0
1182.0,43.6739,0.139763,0.0325543,0.118616,0.0,0.0017185,0.677253,0.0,0.0,0.00318107,0.514471,0.0
1183.0,43.7073,0.180478,0.0646187,0.256589,0.0,0.154179,0.78492,0.0,0.0,0.0,0.657268,0.0633031
1184.0,43.7406,0.61702,0.0,0.384626,0.0,0.0,0.534624,0.0,0.116807,0.0200583,0.665441,0.142602
1185.0,43.7739,0.609663,0.0,0.406282,0.0,0.0,0.219877,0.0,0.208081,0.0302645,0.51663,0.0201749
1186.0,43.8073,0.398457,0.0730299,0.415578,0.0,0.0,0.0499536,0.0,0.124131,0.0,0.504472,0.0
1187.0,43.8406,0.247082,0.0,0.135413,0.028746,0.0943909,0.0,0.164637,0.0128556,0.0,0.398313,0.0179915
1188.0,43.8739,0.270096,0.0111251,0.217827,0.0735231,0.238959,0.0,0.0948412,0.0,0.0,0.393739,0.001055
1189.0,43.9073,0.0,0.20586,0.0733868,0.0,0.198887,0.0871425,0.0,0.0,0.0,0.0760718,0.0714719
1190.0,43.9406,0.0,0.106839,0.0184857,0.0,0.146967,0.21672,0.0,0.0,0.00109182,0.0337879,0.100483
1191.0,43.9739,0.0,0.0948204,0.0,0.0,0.0362206,0.178154,0.0,0.0,0.00506629,0.0616368,0.112728
1192.0,44.0073,0.0,0.16433,0.0,0.0,0.0,0.0506616,0.0,0.00542306,0.0237914,0.241632,0.143848
1193.0,44.0406,0.0,0.244908,0.0,0.0,0.0,0.0,0.0555241,0.0332336,0.0556262,0.143067,0.061052
1194.0,44.0739,0.0,0.569906,0.0,0.0,0.0,0.0,0.0230577,0.077224,0.371856,0.0221459,0.0186839
1195.0,44.1073,0.0156034,0.590616,0.0,0.0,0.0,0.0,0.00777168,0.172913,0.444384,0.0,0.023636
1196.0,44.1406,0.0243165,0.485285,0.0,0.0,0.0,0.0,0.0269221,0.268359,0.415858,0.0,0.0804241
1197.0,44.1739,0.0134525,0.30211,0.0,0.0,0.0,0.0,0.0223748,0.285088,0.291187,0.0,0.112555
1198.0,44.2073,0.028722,0.364923,0.0,0.0,0.0,0.0,0.0792229,0.22284,0.00647285,0.0,0.0
1199.0,44.2406,0.0345929,0.301887,0.0,0.0,0.0,0.0,0.0552847,0.358764,0.0,0.0972102,0.0
1200.0,44.2739,0.0239322,0.0735053,0.0,0.0,0.0,0.0,0.133855,0.227483,0.0202275,0.149063,0.0
1201.0,44.3073,0.0,0.990016,0.0,0.0,0.0,0.0,0.023817,0.437975,0.222127,0.124063,0.0
1202.0,44.3406,0.0,0.949958,0.0,0.0401199,0.138416,0.0112748,0.0432408,0.0121526,0.0,0.0332221,0.0
1203.0,44.3739,0.0,0.498926,0.0,0.0678422,0.251566,0.0495161,0.0,0.00739832,0.0,0.0958944,0.194526
1204.0,44.4073,0.0,0.16259,0.0106125,0.0219589,0.135107,0.178178,0.0,0.0,0.0,0.0,0.0111161
1205.0,44.4406,0.0114301,0.0634549,0.0,0.00345427,0.0466779,0.0379901,0.0383149,0.012058,0.0,0.0646618,0.129489
1206.0,44.4739,0.0,0.303045,0.0,0.0,0.0249882,0.14956,0.0486676,0.301316,0.0,0.351695,0.111897
1207.0,44.5073,0.180026,0.19781,0.0358543,0.0172447,0.0567989,0.079964,0.00792839,0.0849725,0.0,0.397778,0.146941
1208.0,44.5406,0.185966,0.144132,0.0291165,0.0,0.0,0.113564,0.0,0.114355,0.0,0.526404,0.0932819
1209.0,44.5739,0.275722,0.0863744,0.0198997,0.0,0.0,0.153179,0.0,0.246081,0.00493577,0.589187,0.111116
1210.0,44.6073,0.139418,0.215579,0.0377652,0.0372185,0.104538,0.233644,0.0,0.0419971,0.0,0.284472,0.163669
1211.0,44.6406,0.115465,0.207534,0.115942,0.0368551,0.109369,0.278016,0.0,0.0367597,0.0,0.398178,0.0
1212.0,44.6739,0.165366,0.215903,0.0954802,0.0381212,0.109149,0.40928,0.0,0.00062347,0.0,0.343528,0.0
1213.0,44.7073,0.208549,0.265301,0.173596,0.0518659,0.1486,0.482253,0.0,0.0,0.0293424,0.356575,0.0
1214.0,44.7406,0.275802,0.284857,0.24387,0.0592239,0.179482,0.528997,0.0,0.0,0.0313185,0.400496,0.0
1215.0,44.7739,0.21653,0.00857653,0.258232,0.0,0.112818,0.709091,0.0,0.0,0.0,0.483099,0.0
1216.0,44.8073,0.193832,0.0697206,0.270417,0.0,0.169671,0.787989,0.0,0.0,0.0,0.620031,0.0462983
1217.0,44.8406,0.590668,0.000475918,0.3752,0.0,0.0,0.569167,0.0,0.0480298,0.0268928,0.639634,0.176698
1218.0,44.8739,0.721267,0.0833396,0.529281,0.0,0.0,0.320727,0.0,0.306646,0.0308385,0.598433,0.0
1219.0,44.9073,0.568613,0.11698,0.526136,0.0,0.0,0.111523,0.0,0.220125,0.0,0.602033,0.0
1220.0,44.9406,0.463472,0.0524403,0.401972,0.0,0.0211856,0.108289,0.0,0.00251552,0.0,0.472343,0.0
1221.0,44.9739,0.342552,0.0130676,0.254511,0.0810093,0.244444,0.0,0.168771,0.00752071,0.0,0.330114,0.000556605
1222.0,45.0073,0.172742,0.0,0.0224403,0.0467964,0.192851,0.0743371,0.00923156,0.0,0.0,0.140806,0.092344
1223.0,45.0406,0.0,0.17978,0.134789,0.0,0.183083,0.156466,0.0,0.0,0.0,0.065844,0.0543815
1224.0,45.0739,0.0,0.1146,0.0,0.0,0.0263204,0.169347,0.0,0.0,0.00764031,0.0358488,0.0696344
1225.0,45.1073,0.0,0.150413,0.0,0.0,0.0,0.0706591,0.0,0.0142533,0.00312562,0.223718,0.0916705
1226.0,45.1406,0.0,0.242472,0.0,0.0,0.0,0.0,0.083061,0.0433044,0.0491299,0.158662,0.0374581
1227.0,45.1739,0.0,0.571472,0.0,0.0,0.0,0.0,0.0245773,0.0823779,0.380922,0.014576,0.032753
1228.0,45.2073,0.0189281,0.575264,0.0,0.0,0.0,0.0,0.0,0.160485,0.433871,0.0,0.00843348
1229.0,45.2406,0.0234309,0.479819,0.0,0.0,0.0,0.0,0.0101923,0.255616,0.417558,0.0,0.0343859
1230.0,45.2739,0.0129637,0.311525,0.0,0.0,0.0,0.0,0.0,0.27402,0.301399,0.0,0.0264807
1231.0,45.3073,0.0219019,0.373204,0.0,0.0,0.0,0.0,0.0680713,0.226047,0.0,0.0,0.0
1232.0,45.3406,0.0351982,0.316068,0.0,0.0,0.0,0.0,0.0549462,0.349043,0.0,0.100086,0.0
1233.0,45.3739,0.0248717,0.0736016,0.0,0.0,0.0,0.0,0.137961,0.234307,0.0223038,0.141488,0.0
1234.0,45.4073,0.0,0.980761,0.0,0.0,0.0,0.0,0.17483,0.128747,0.0,0.0874965,0.0368056
1235.0,45.4406,0.0,0.896828,0.0,0.0431265,0.151508,0.00376982,0.0323052,0.02456,0.0,0.188404,0.0
1236.0,45.4739,0.0,0.442736,0.0,0.0626694,0.234862,0.0561794,0.0,0.00411229,0.0,0.0883942,0.15943
1237.0,45.5073,0.00159113,0.12972,0.021124,0.0236368,0.145809,0.179702,0.0,0.0,0.0,0.010067,0.0099806
1238.0,45.5406,0.0729307,0.0768449,0.0140274,0.0,0.0198039,0.0652342,0.00761881,0.0,0.00425547,0.0227942,0.0877041
1239.0,45.5739,0.0,0.254443,0.0,0.0,0.0183609,0.115416,0.0499935,0.274445,0.0,0.303027,0.125809
1240.0,45.6073,0.171123,0.03825,0.0508703,0.0233212,0.0844128,0.0739989,0.0231141,0.091227,0.0,0.42774,0.127976
1241.0,45.6406,0.19421,0.11678,0.0410511,0.0,0.0,0.0807224,0.0,0.128758,0.0,0.519003,0.108264
1242.0,45.6739,0.284263,0.0913436,0.0209275,0.0,0.0,0.126088,0.0,0.274209,0.0116719,0.640754,0.117202
1243.0,45.7073,0.161222,0.175544,0.00332109,0.043555,0.119654,0.173698,0.0,0.0383251,0.0,0.339361,0.203646
1244.0,45.7406,0.150154,0.11386,0.115708,0.0383309,0.112786,0.278597,0.0,0.0269893,0.0,0.366928,0.0
1245.0,45.7739,0.158216,0.16284,0.105605,0.0360375,0.104145,0.399029,0.0,0.0,0.000369277,0.327036,0.0
1246.0,45.8073,0.195258,0.15728,0.182819,0.0497046,0.142831,0.486989,0.0,0.0,0.0378468,0.339067,0.0
1247.0,45.8406,0.262175,0.0857177,0.314685,0.0,0.1517,0.541377,0.0,0.0116433,0.0,0.361605,0.0
1248.0,45.8739,0.19361,0.0,0.169764,0.0,0.0192375,0.712675,0.0,0.0,0.0251241,0.521063,0.0
1249.0,45.9073,0.243458,0.0546972,0.306691,0.0,0.141765,0.799818,0.0,0.0,0.0218452,0.653474,0.0704146
1250.0,45.9406,0.631743,0.0,0.371083,0.0,0.0,0.543781,0.0,0.136122,0.0359216,0.653088,0.139543
1251.0,45.9739,0.608604,0.0,0.312591,0.0,0.0,0.223053,0.0,0.185216,0.000296686,0.53097,0.00107864
1252.0,46.0073,0.410061,0.0239347,0.388861,0.0,0.0,0.100942,0.0,0.0983999,0.0,0.527045,0.0
1253.0,46.0406,0.23218,0.0372833,0.260576,0.0183996,0.080899,0.0,0.0801002,0.0,0.0,0.327009,0.030446
1254.0,46.0739,0.228477,0.0,0.127817,0.0593991,0.202067,0.0,0.0785752,0.0,0.0,0.299004,0.0762077
1255.0,46.1073,0.0,0.0350066,0.00879642,0.0,0.101935,0.144275,0.000528246,0.0482287,0.0,0.022803,0.141559
1256.0,46.1406,0.0,0.102244,0.0,0.0118813,0.112907,0.250341,0.0,0.0,0.0490083,0.0193082,0.151029
1257.0,46.1739,0.0,0.108547,0.0,0.0,0.0192608,0.147775,0.0,0.0,0.0,0.0879783,0.138571
1258.0,46.2073,0.0,0.139106,0.0,0.0,0.0,0.0304962,0.00279427,0.0293547,0.00652402,0.241133,0.12985
1259.0,46.2406,0.0,0.282863,0.0,0.0,0.0,0.0,0.104336,0.05232,0.0994373,0.172641,0.0295233
1260.0,46.2739,0.0,0.545934,0.0,0.0,0.0,0.0,0.0264705,0.07687,0.345742,0.0558777,0.11713
1261.0,46.3073,0.0257405,0.584329,0.0,0.0,0.0,0.0,0.0,0.166037,0.43044,0.0241008,0.0225164
1262.0,46.3406,0.0224992,0.509295,0.0,0.0,0.0,0.0,0.0,0.252908,0.429193,0.0,0.0368709
1263.0,46.3739,0.0,0.320916,0.0,0.0,0.0,0.0,0.0,0.277359,0.314287,0.00226471,0.0343021
1264.0,46.4073,0.0244095,0.375315,0.0,0.0,0.0,0.0,0.0758041,0.23224,0.00598769,0.0,0.0
1265.0,46.4406,0.0351512,0.306956,0.0,0.0,0.0,0.0,0.0554874,0.355921,0.0,0.0871727,0.0
1266.0,46.4739,0.0234741,0.0762247,0.0,0.0,0.0,0.0,0.115707,0.237529,0.0246928,0.16719,0.0
1267.0,46.5073,0.0,0.919862,0.0,0.0,0.0054851,0.007357,0.124939,0.082796,0.0,0.232414,0.0
1268.0,46.5406,0.0,0.945509,0.0,0.0407739,0.14335,0.0212684,0.0262104,0.0,0.0,0.0220747,0.0
1269.0,46.5739,0.0,0.634536,0.0,0.100642,0.35142,0.0605933,0.0,0.00949384,0.0,0.0283467,0.306067
1270.0,46.6073,0.0,0.149761,0.0228572,0.0333453,0.185561,0.203908,0.0,0.0,0.0,0.0,0.0155479
1271.0,46.6406,0.0624556,0.0908925,0.0113364,0.0042409,0.0479906,0.0917612,0.0,0.0,0.00960094,0.0091079,0.0774137
1272.0,46.6739,0.0,0.281002,0.0,0.0,0.020546,0.121062,0.0441402,0.23336,0.0,0.265034,0.141275
1273.0,46.7073,0.0,0.34491,0.0,0.0,0.0593599,0.29405,0.013065,0.246136,0.0,0.361881,0.116635
1274.0,46.7406,0.223286,0.23398,0.0294393,0.0,0.0,0.154984,0.0,0.0669596,0.0,0.436971,0.0882226
1275.0,46.7739,0.356014,0.0621631,0.0494362,0.0,0.0,0.201835,0.0,0.220274,0.00530223,0.606169,0.0758866
1276.0,46.8073,0.186415,0.299713,0.0,0.0,0.0,0.305963,0.0,0.18419,0.0511817,0.348383,0.0157996
1277.0,46.8406,0.206259,0.15771,0.14299,0.0422123,0.120652,0.235657,0.0,0.0462201,0.0,0.36989,0.0
1278.0,46.8739,0.184207,0.216966,0.087722,0.0362751,0.104731,0.385318,0.0,0.00849051,0.0,0.351353,0.0
1279.0,46.9073,0.234856,0.227543,0.200979,0.0554831,0.155385,0.442621,0.0,0.0,0.0397566,0.272067,0.0
1280.0,46.9406,0.276478,0.241174,0.258468,0.0581168,0.162324,0.519678,0.0,0.0,0.0416331,0.380756,0.0
1281.0,46.9739,0.227553,0.0265049,0.316359,0.0,0.0628863,0.670432,0.0,0.0,0.0,0.461485,0.0
1282.0,47.0073,0.222793,0.0819327,0.335916,0.0,0.128882,0.799861,0.0,0.0,0.0253298,0.621693,0.034675
1283.0,47.0406,0.557141,0.0,0.31593,0.0,0.0,0.572604,0.0,0.088783,0.0238944,0.687439,0.18343
1284.0,47.0739,0.683929,0.0929465,0.535036,0.0,0.0,0.284885,0.0,0.297348,0.00526842,0.646477,0.0
1285.0,47.1073,0.519758,0.0619136,0.452338,0.0,0.0,0.177489,0.0,0.0937035,0.0,0.471353,0.0169194
1286.0,47.1406,0.0,0.310117,0.0,0.0,0.00805647,0.0,0.0557394,0.195988,0.0,0.515595,0.115958
1287.0,47.1739,0.343843,0.0349865,0.298435,0.0713084,0.235883,0.0,0.0470595,0.0,0.0,0.398266,0.0
1288.0,47.2073,0.0256181,0.0363774,0.0,0.0176789,0.114547,0.0520572,0.00789138,0.0,0.0,0.0616407,0.130558
1289.0,47.2406,0.0,0.193632,0.124856,0.0,0.184047,0.151086,0.0,0.0,0.0,0.061303,0.0749833
1290.0,47.2739,0.0,0.113993,0.0,0.0,0.0223221,0.137583,0.0,0.0,0.00749514,0.0362488,0.0956348
1291.0,47.3073,0.0,0.158157,0.0,0.0,0.0,0.0523138,0.00181007,0.0251545,0.00556446,0.233322,0.10051
1292.0,47.3406,0.0,0.257582,0.0,0.0,0.0,0.0,0.0958585,0.0510622,0.063502,0.171607,0.00846574
1293.0,47.3739,0.0,0.558045,0.0,0.0,0.0,0.0,0.0177758,0.075197,0.363393,0.0561401,0.0350223
1294.0,47.4073,0.0228719,0.580413,0.0,0.0,0.0,0.0,0.0,0.161779,0.430777,0.00157942,0.011182
1295.0,47.4406,0.0242088,0.489525,0.0,0.0,0.0,0.0,0.00785204,0.255481,0.420145,0.0,0.0264949
1296.0,47.4739,0.0082806,0.310942,0.0,0.0,0.0,0.0,0.0009279,0.278427,0.30755,0.0,0.0259175
1297.0,47.5073,0.022546,0.363191,0.0,0.0,0.0,0.0,0.0723411,0.232468,0.0238117,0.0,0.0
1298.0,47.5406,0.0345981,0.295718,0.0131975,0.0,0.0,0.0,0.0643052,0.34653,0.0,0.113981,0.0
1299.0,47.5739,0.0272159,0.071915,0.0,0.0,0.0,0.0,0.163712,0.221444,0.0141362,0.15906,0.0
1300.0,47.6073,0.0,0.966135,0.0,0.00353159,0.0301708,0.0,0.184984,0.0900114,0.0,0.0192853,0.0
1301.0,47.6406,0.0,0.94907,0.0,0.0484852,0.171388,0.00378029,0.0464882,0.0105521,0.0,0.0304895,0.0
1302.0,47.6739,0.0,0.425049,0.0,0.0574617,0.227993,0.0631934,0.0,0.00128725,0.0,0.0776131,0.117988
1303.0,47.7073,0.0103788,0.128052,0.0110759,0.0201717,0.132052,0.188478,0.0,0.0,0.0,0.00556526,0.0
1304.0,47.7406,0.0932815,0.0764935,0.00849982,0.0,0.0221716,0.0714464,0.00492326,0.0,0.00912172,0.0166434,0.0873244
1305.0,47.7739,0.0,0.256301,0.0,0.0,0.0519249,0.147736,0.0647929,0.266908,0.0,0.328467,0.162881
1306.0,47.8073,0.0,0.303514,0.0177772,0.0,0.0853297,0.165007,0.0164074,0.285123,0.0,0.440154,0.163738
1307.0,47.8406,0.233386,0.196019,0.040362,0.00732377,0.0206142,0.126963,0.0,0.0859608,0.0,0.507549,0.105378
1308.0,47.8739,0.325028,0.0273578,0.0380898,0.0,0.0,0.151227,0.0,0.238419,0.0,0.630266,0.127306
1309.0,47.9073,0.243431,0.255787,0.0,0.0,0.0,0.138032,0.0,0.0181163,0.0,0.273758,0.0465065
1310.0,47.9406,0.243374,0.0259199,0.0491963,0.0669284,0.180647,0.124331,0.0,0.0585177,0.0,0.548974,0.00209204
1311.0,47.9739,0.193539,0.169717,0.0,0.0528753,0.145808,0.294972,0.0,0.0244911,0.0,0.303664,0.0130555
1312.0,48.0073,0.236126,0.267709,0.112205,0.0472523,0.13272,0.47815,0.0,0.0,0.026432,0.353387,0.0
1313.0,48.0406,0.295086,0.292431,0.188376,0.058191,0.162602,0.571564,0.0,0.0,0.0505144,0.410815,0.0
1314.0,48.0739,0.241206,0.00302344,0.273354,0.0,0.0736394,0.715368,0.0,0.0,0.0,0.485452,0.0
1315.0,48.1073,0.232662,0.0509659,0.280419,0.0,0.182819,0.833488,0.0,0.0,0.0527232,0.647657,0.0481885
1316.0,48.1406,0.618639,0.00570926,0.387131,0.0,0.0,0.602261,0.0,0.0980386,0.0464145,0.654289,0.163492
1317.0,48.1739,0.644893,0.0775715,0.515131,0.0,0.0,0.282782,0.0,0.231933,0.0377628,0.544077,0.0400547
1318.0,48.2073,0.474869,0.101982,0.478243,0.0,0.0,0.11857,0.0,0.151537,0.0,0.585774,0.0183456
1319.0,48.2406,0.335264,0.067029,0.311357,0.012869,0.061166,0.0,0.0628729,0.0,0.0,0.34477,0.0269576
1320.0,48.2739,0.197906,0.0356894,0.135767,0.0256207,0.106844,0.0,0.117127,0.0217613,0.0,0.40231,0.09608
1321.0,48.3073,0.0,0.0340449,0.0,0.0268413,0.140492,0.0289121,0.012843,0.0,0.00478504,0.0367213,0.144636
1322.0,48.3406,0.0,0.085787,0.0,0.0223352,0.139985,0.202907,0.0,0.0,0.00782109,0.084146,0.141886
1323.0,48.3739,0.0,0.0988772,0.0,0.0,0.0325469,0.124251,0.0,0.0,0.0,0.133487,0.117721
1324.0,48.4073,0.0,0.128938,0.0,0.0,0.0,0.0271583,0.00863929,0.0323298,0.00462959,0.236929,0.124389
1325.0,48.4406,0.0,0.272596,0.0,0.0,0.0,0.0,0.101321,0.0489805,0.0944398,0.140574,0.0230876
1326.0,48.4739,0.0,0.553431,0.0,0.0,0.0,0.0,0.0183999,0.071848,0.36526,0.040793,0.04081
1327.0,48.5073,0.0136417,0.572329,0.0,0.0,0.0,0.0,0.0,0.158058,0.427877,0.00729154,0.0259606
1328.0,48.5406,0.017489,0.501003,0.0,0.0,0.0,0.0,0.0,0.244328,0.43532,0.0,0.0428383
1329.0,48.5739,0.00144502,0.32058,0.0,0.0,0.0,0.0,0.0,0.27341,0.318408,0.0,0.0311645
1330.0,48.6073,0.0249688,0.375216,0.0,0.0,0.0,0.0,0.0724651,0.228559,0.00733017,0.0,0.0
1331.0,48.6406,0.0336737,0.30797,0.0,0.0,0.0,0.0,0.0531445,0.348538,0.0,0.0911402,0.0
1332.0,48.6739,0.0224319,0.0719009,0.0,0.0,0.0,0.0,0.13211,0.236718,0.0260952,0.15522,0.0
1333.0,48.7073,0.0,0.979725,0.0,0.0,0.0,0.0,0.16535,0.129916,0.0,0.0794233,0.0597537
1334.0,48.7406,0.0,0.946817,0.0,0.0435716,0.151952,0.00856675,0.036453,0.00443289,0.0,0.0280613,0.0
1335.0,48.7739,0.0,0.48835,0.0,0.071648,0.266,0.050041,0.0,0.0105117,0.0,0.106862,0.219904
1336.0,48.8073,0.0,0.158788,0.0204213,0.0234848,0.144539,0.187881,0.0,0.0,0.0,0.0,0.0
1337.0,48.8406,0.0499931,0.134909,0.0191249,0.0,0.0242182,0.0748402,0.00275835,0.0,0.011712,0.0077595,0.075096
1338.0,48.8739,0.0,0.286105,0.0,0.0,0.0224247,0.127222,0.0421182,0.232367,0.0,0.259961,0.11157
1339.0,48.9073,0.0,0.369117,0.0,0.0,0.058132,0.291779,0.0149084,0.242755,0.0,0.349736,0.162877
1340.0,48.9406,0.177009,0.201966,0.0279706,0.0,0.0,0.138387,0.0,0.0785288,0.0,0.452049,0.0954739
1341.0,48.9739,0.321186,0.121051,0.088658,0.0,0.0,0.184522,0.0,0.228432,0.0138943,0.613406,0.0815307
1342.0,49.0073,0.137543,0.323136,0.0,0.0,0.0,0.30444,0.0,0.188043,0.05785,0.363471,0.0123985
1343.0,49.0406,0.164767,0.0989963,0.142283,0.0423336,0.122309,0.240152,0.0,0.041219,0.0,0.386621,0.0
1344.0,49.0739,0.151786,0.161739,0.102303,0.0364675,0.1064,0.378111,0.0,0.00753162,0.0,0.356666,0.0
1345.0,49.1073,0.196053,0.195109,0.197817,0.0503032,0.1437,0.473269,0.0,0.0,0.0313907,0.347825,0.0
1346.0,49.1406,0.258024,0.192458,0.244448,0.0594233,0.166375,0.527029,0.0,0.0,0.0424727,0.384352,0.0
1347.0,49.1739,0.229425,0.0274783,0.334452,0.0,0.058478,0.661253,0.0,0.0,0.0,0.454649,0.0
1348.0,49.2073,0.229233,0.0649735,0.337622,0.0,0.158069,0.802194,0.0,0.0,0.044004,0.615109,0.0467891
1349.0,49.2406,0.557549,0.0,0.341296,0.0,0.0,0.561666,0.0,0.126636,0.0384339,0.678356,0.163198
1350.0,49.2739,0.647876,0.0,0.432326,0.0,0.0,0.285716,0.0,0.233828,0.028822,0.600007,0.0
1351.0,49.3073,0.407603,0.0478073,0.413327,0.0,0.0,0.254268,0.0,0.136284,0.00315155,0.509155,0.0
1352.0,49.3406,0.251295,0.0624452,0.304428,0.0141278,0.0685561,0.0,0.0368457,0.0,0.0,0.330946,0.00784507
1353.0,49.3739,0.321044,0.0572643,0.314939,0.066935,0.226274,0.0,0.0500611,0.0,0.0,0.351086,0.0
1354.0,49.4073,0.0,0.0282714,0.0135152,0.0,0.136111,0.0686102,0.0216368,0.0390264,0.0,0.0306534,0.163873
1355.0,49.4406,0.0,0.0953993,0.0,0.0151914,0.121532,0.274799,0.0,0.0,0.0419148,0.0252162,0.127953
1356.0,49.4739,0.0,0.10709,0.0,0.0,0.0231251,0.140508,0.0,0.0,0.00110901,0.0712472,0.123498
1357.0,49.5073,0.0,0.139347,0.0,0.0,0.0,0.0445899,0.0,0.022593,0.00676774,0.239386,0.13073
1358.0,49.5406,0.0,0.271203,0.0,0.0,0.0,0.0,0.107093,0.0459272,0.0838503,0.146935,0.0276849
1359.0,49.5739,0.0,0.575814,0.0,0.0,0.0,0.0,0.0270481,0.0819832,0.382333,0.0373273,0.050621
1360.0,49.6073,0.0238816,0.594826,0.0,0.0,0.0,0.0,0.00795347,0.173729,0.44069,0.00387777,0.0218859
1361.0,49.6406,0.0241194,0.505728,0.0,0.0,0.0,0.0,0.0182185,0.264112,0.430012,0.0,0.0374015
1362.0,49.6739,0.012919,0.318001,0.0,0.0,0.0,0.0,0.00285756,0.282388,0.306803,0.0,0.0344481
1363.0,49.7073,0.0247054,0.362968,0.0,0.0,0.0,0.0,0.0797719,0.22972,0.0043108,0.0,0.0
1364.0,49.7406,0.0332001,0.29246,0.0,0.0,0.0,0.0,0.0486303,0.379511,0.0,0.0944508,0.0
1365.0,49.7739,0.0271507,0.0814428,0.0,0.0,0.0,0.0,0.144937,0.228536,0.018814,0.153867,0.0
1366.0,49.8073,0.0,0.966726,0.0,0.0,0.00828667,0.00519109,0.159799,0.0948585,0.0,0.0166847,0.00971881
1367.0,49.8406,0.0,0.952337,0.0,0.0481102,0.167191,0.00976315,0.0428014,0.00733955,0.0,0.0333692,0.0
1368.0,49.8739,0.0,0.480972,0.0,0.0646659,0.25282,0.0705536,0.0,0.00335755,0.0,0.084515,0.126453
1369.0,49.9073,0.0141481,0.17144,0.013396,0.0200586,0.133527,0.208588,0.0,0.0,0.0,0.0,0.0118954
1370.0,49.9406,0.108909,0.15962,0.0165821,0.000595614,0.026559,0.0657602,0.00402675,0.0,0.00123041,0.0247293,0.109176
1371.0,49.9739,0.0,0.261434,0.0,0.0,0.0283643,0.156675,0.051748,0.262449,0.0,0.307371,0.137622
1372.0,50.0073,0.193383,0.125416,0.0431726,0.026734,0.0896506,0.0771378,0.00575908,0.0837334,0.0,0.423674,0.117591
1373.0,50.0406,0.25454,0.199204,0.0523504,0.0,0.0,0.135606,0.0,0.0931472,0.0,0.521586,0.101815
1374.0,50.0739,0.305026,0.0931976,0.0087065,0.0,0.0,0.166874,0.0,0.273838,0.00710217,0.626296,0.0950224
1375.0,50.1073,0.19774,0.270346,0.0,0.0,0.0,0.30234,0.0,0.221619,0.0660984,0.315502,0.036662
1376.0,50.1406,0.198148,0.214182,0.160148,0.0459934,0.132776,0.251645,0.0,0.0327047,0.0,0.269667,0.0605266
1377.0,50.1739,0.191381,0.208399,0.129714,0.0394016,0.113304,0.396588,0.0,0.00136367,0.0,0.330046,0.0
1378.0,50.2073,0.231322,0.254243,0.218264,0.0547053,0.15575,0.481558,0.0,0.0,0.0302498,0.345819,0.0
1379.0,50.2406,0.289637,0.0867817,0.354646,0.0,0.159092,0.552608,0.0,0.0,0.0,0.362863,0.0
1380.0,50.2739,0.200905,0.00159313,0.178736,0.0,0.0235524,0.712361,0.0,0.0,0.0,0.528023,0.0
1381.0,50.3073,0.252571,0.0773568,0.357352,0.0,0.175833,0.778037,0.0,0.0,0.0,0.641266,0.0569028
1382.0,50.3406,0.631175,0.0229208,0.427473,0.0,0.0,0.545149,0.0,0.0778648,0.0251043,0.637393,0.149233
1383.0,50.3739,0.681972,0.0388271,0.485755,0.0,0.0,0.217119,0.0,0.16731,0.0,0.589657,0.0
1384.0,50.4073,0.540949,0.0933346,0.505132,0.0,0.0,0.19103,0.0,0.111055,0.0,0.520631,0.0
1385.0,50.4406,0.430804,0.256539,0.485254,0.0261387,0.087655,0.0,0.0549749,0.0,0.0,0.428815,0.0112585
1386.0,50.4739,0.326337,0.0,0.171865,0.0816163,0.252156,0.0,0.119952,0.0,0.0,0.351762,0.0254652
1387.0,50.5073,0.0,0.201399,0.0,0.0179987,0.119803,0.052099,0.00800699,0.0,0.0011432,0.0464149,0.153876
1388.0,50.5406,0.0,0.0768042,0.0,0.0154826,0.125916,0.275993,0.0,0.0,0.0250839,0.0529296,0.118866
1389.0,50.5739,0.0,0.0941749,0.0,0.0,0.0318278,0.147703,0.0,0.0,0.0,0.123141,0.115125
1390.0,50.6073,0.0,0.13383,0.0,0.0,0.0,0.0247708,0.0112857,0.0323747,0.0106821,0.214163,0.117687
1391.0,50.6406,0.0,0.285456,0.0,0.0,0.0,0.0,0.119454,0.047795,0.107044,0.0950614,0.0290609
1392.0,50.6739,0.0,0.559586,0.0,0.0,0.0,0.0,0.0412651,0.0926592,0.373793,0.0105358,0.0261078
1393.0,50.7073,0.0120792,0.572919,0.0,0.0,0.0,0.0,0.0106395,0.169182,0.432152,0.0,0.0226149
1394.0,50.7406,0.0188643,0.494259,0.0,0.0,0.0,0.0,0.0106802,0.254081,0.433901,0.0,0.0252616
1395.0,50.7739,0.0,0.30771,0.0,0.0,0.0,0.0,0.0,0.272847,0.311762,0.0,0.0334653
1396.0,50.8073,0.027025,0.375424,0.0,0.0,0.0,0.0,0.0751889,0.231941,0.00894672,0.0,0.0
1397.0,50.8406,0.0369886,0.310747,0.0,0.0,0.0,0.0,0.0505463,0.36321,0.0,0.0862655,0.0
1398.0,50.8739,0.0260163,0.0802065,0.0,0.0,0.0,0.0,0.127877,0.228409,0.0210956,0.149121,0.0
1399.0,50.9073,0.0184591,0.0657504,0.0,0.0,0.0,0.0,0.17064,0.120326,0.00349073,0.109797,0.0
1400.0,50.9406,0.0,0.950429,0.0,0.0401453,0.136967,0.0144243,0.035975,0.0,0.0,0.0196992,0.0
1401.0,50.9739,0.0,0.484781,0.0,0.0749263,0.270202,0.0473765,0.0,0.00881816,0.0,0.115533,0.22227
1402.0,51.0073,0.0,0.144572,0.0164756,0.0223421,0.141365,0.203734,0.0,0.0,0.0,0.0,0.0
1403.0,51.0406,0.0912732,0.15167,0.0203033,0.0,0.0238943,0.0943727,0.0,0.0,0.0152276,0.00242905,0.0957732
1404.0,51.0739,0.0,0.26669,0.0,0.0,0.0303987,0.178911,0.0512099,0.226311,0.0,0.32593,0.148881
1405.0,51.1073,0.0,0.359801,0.0,0.0,0.0740895,0.324705,0.00653302,0.22616,0.0,0.350503,0.139291
1406.0,51.1406,0.225078,0.236454,0.0289727,0.0,0.0,0.167928,0.0,0.0588527,0.0,0.438255,0.09202
1407.0,51.1739,0.366899,0.0617773,0.0549622,0.0,0.0,0.183242,0.0,0.239846,0.00782065,0.619822,0.0760954
1408.0,51.2073,0.106748,0.20875,0.0,0.0,0.0,0.211272,0.0,0.193083,0.0582321,0.268831,0.118542
1409.0,51.2406,0.216644,0.138513,0.173135,0.0415474,0.119531,0.227678,0.0,0.045479,0.0,0.373644,0.0
1410.0,51.2739,0.200088,0.182375,0.111136,0.0372693,0.107559,0.382811,0.0,0.00876093,0.0,0.344034,0.0
1411.0,51.3073,0.243685,0.28764,0.215785,0.0558233,0.156581,0.452282,0.0,0.0,0.0440072,0.27228,0.0
1412.0,51.3406,0.292517,0.23495,0.242799,0.0582171,0.162102,0.527827,0.0,0.0,0.0448247,0.379593,0.0
1413.0,51.3739,0.260911,0.0237613,0.359449,0.0,0.0709494,0.680222,0.0,0.0,0.0,0.464912,0.0
1414.0,51.4073,0.222124,0.0654074,0.292006,0.0,0.151269,0.811433,0.0,0.0,0.0345336,0.633898,0.0439172
1415.0,51.4406,0.619099,0.0,0.408846,0.0,0.0,0.585841,0.0,0.0804865,0.0270909,0.670121,0.163608
1416.0,51.4739,0.671789,0.0158769,0.493069,0.0,0.0,0.279763,0.0,0.238292,0.0248525,0.596322,0.0023776
1417.0,51.5073,0.460204,0.089769,0.472575,0.0,0.0,0.248081,0.0,0.147495,0.0,0.561894,0.0
1418.0,51.5406,0.326939,0.0638447,0.32195,0.0226721,0.0876212,0.0,0.0411757,0.0,0.0,0.301534,0.0251499
1419.0,51.5739,0.267574,0.0199226,0.182329,0.124803,0.35664,0.0,0.139672,0.0,0.0,0.293562,0.0704441
1420.0,51.6073,0.0,0.0394003,0.0,0.0230523,0.130685,0.0652104,0.0,0.0,0.00902406,0.0309076,0.14666
1421.0,51.6406,0.0,0.0889425,0.0,0.0129455,0.11493,0.268647,0.0,0.0,0.0236708,0.0603645,0.123149
1422.0,51.6739,0.0,0.0989886,0.0,0.0,0.0139821,0.180742,0.0,0.0,0.0,0.169785,0.0784795
1423.0,51.7073,0.0,0.120291,0.0,0.0,0.0,0.0239402,0.0175489,0.0322408,0.0,0.238182,0.166122
1424.0,51.7406,0.0,0.281476,0.0,0.0,0.0,0.0,0.109074,0.0487632,0.0968166,0.133345,0.0186438
1425.0,51.7739,0.0,0.569805,0.0,0.0,0.0,0.0,0.0250724,0.0850685,0.38217,0.034493,0.0378938
1426.0,51.8073,0.0217739,0.584582,0.0,0.0,0.0,0.0,0.00528283,0.172268,0.436826,0.00206168,0.0204596
1427.0,51.8406,0.0208748,0.496617,0.0,0.0,0.0,0.0,0.00926442,0.255587,0.428511,0.0,0.0346296
1428.0,51.8739,0.00213515,0.313192,0.0,0.0,0.0,0.0,0.0,0.275304,0.310528,0.0,0.030928
1429.0,51.9073,0.0236189,0.363444,0.0,0.0,0.0,0.0,0.0761803,0.229085,0.00614045,0.0,0.0
1430.0,51.9406,0.0329199,0.296188,0.0,0.0,0.0,0.0,0.0521318,0.362363,0.0,0.0928462,0.0
1431.0,51.9739,0.0254382,0.0770485,0.0,0.0,0.0,0.0,0.139443,0.223408,0.0184932,0.14956,0.0
1432.0,52.0073,0.0,0.967277,0.0,0.0,0.0134263,0.00195349,0.16818,0.0857019,0.0,0.0134101,0.0177935
1433.0,52.0406,0.0,0.950026,0.0,0.0488644,0.168407,0.00612758,0.0431574,0.00347111,0.0,0.0312996,0.0
1434.0,52.0739,0.0,0.485298,0.0,0.0724299,0.27627,0.0675622,0.0,0.00639305,0.0,0.0897937,0.174743
1435.0,52.1073,0.00871194,0.161954,0.0138382,0.0219283,0.139974,0.203846,0.0,0.0,0.0,0.0,0.00906185
1436.0,52.1406,0.109665,0.158097,0.0176764,0.000534981,0.0263334,0.0674995,0.0043401,0.0,0.00353181,0.0166154,0.0982719
1437.0,52.1739,0.0,0.257986,0.0,0.0,0.0235278,0.142538,0.0477491,0.257624,0.0,0.297095,0.13161
1438.0,52.2073,0.193169,0.108095,0.0436367,0.0255898,0.08796,0.0747757,0.0114225,0.0847217,0.0,0.419183,0.127671
1439.0,52.2406,0.227377,0.131118,0.0414869,0.0,0.0,0.117888,0.0,0.104683,0.0,0.521186,0.107522
1440.0,52.2739,0.308801,0.0723592,0.0280402,0.0,0.0,0.152242,0.0,0.256008,0.00483569,0.626868,0.111198
1441.0,52.3073,0.188013,0.285814,0.0,0.0,0.0,0.304703,0.0,0.218615,0.0660872,0.32216,0.0388073
1442.0,52.3406,0.182642,0.149132,0.145499,0.0395719,0.115844,0.277652,0.0,0.0309874,0.0,0.347696,0.0
1443.0,52.3739,0.158087,0.213893,0.140787,0.0300437,0.0896284,0.407859,0.0,0.0,0.00123546,0.338695,0.0
1444.0,52.4073,0.232547,0.239595,0.237868,0.053056,0.150769,0.460121,0.0,0.0,0.0253188,0.336046,0.0
1445.0,52.4406,0.288075,0.257146,0.255457,0.0626065,0.177383,0.537084,0.0,0.0,0.0391188,0.392337,0.0
1446.0,52.4739,0.245295,0.0319675,0.345018,0.0,0.0940737,0.700504,0.0,0.0,0.0,0.4784,0.0
1447.0,52.5073,0.247702,0.0773079,0.359704,0.0,0.179259,0.78889,0.0,0.0,0.0,0.629543,0.0574694
1448.0,52.5406,0.620516,0.0201355,0.419012,0.0,0.0,0.558304,0.0,0.07435,0.0287344,0.637163,0.149591
1449.0,52.5739,0.699193,0.0470833,0.51949,0.0,0.0,0.243769,0.0,0.24105,0.0169008,0.587667,0.0
1450.0,52.6073,0.123737,0.0,0.145735,0.0,0.0,0.10573,0.0,0.1887,0.0277054,0.486052,0.0
1451.0,52.6406,0.370922,0.126048,0.439506,0.0673346,0.182579,0.0,0.348851,0.0360344,0.0,0.696145,0.0
1452.0,52.6739,0.340217,0.0,0.0879233,0.106951,0.31038,0.0,0.153514,0.0,0.0,0.282151,0.0807964
1453.0,52.7073,0.0,0.235651,0.0,0.0225614,0.129881,0.0415672,0.00915185,0.0,0.00950812,0.0410246,0.137675
1454.0,52.7406,0.0,0.0864169,0.0,0.0167436,0.123827,0.275914,0.0,0.0,0.0250397,0.0454973,0.11913
1455.0,52.7739,0.0,0.102447,0.0,0.0,0.0339112,0.152726,0.0,0.0,0.0,0.128156,0.120639
1456.0,52.8073,0.0,0.1347,0.0,0.0,0.0,0.0317508,0.010513,0.0310985,0.00753883,0.215843,0.122379
1457.0,52.8406,0.0,0.281176,0.0,0.0,0.0,0.0,0.125945,0.0476536,0.102127,0.0922982,0.0335119
1458.0,52.8739,0.0,0.543723,0.0,0.0,0.0,0.0,0.0557388,0.0893495,0.353057,0.00881941,0.0870469
1459.0,52.9073,0.0114518,0.572435,0.0,0.0,0.0,0.0,0.00761905,0.16175,0.426892,0.0,0.0199761
1460.0,52.9406,0.0229595,0.508665,0.0,0.0,0.0,0.0,0.0103121,0.254739,0.436261,0.0,0.0401474
1461.0,52.9739,0.0104313,0.322088,0.0,0.0,0.0,0.0,0.0,0.280644,0.317813,0.0,0.0365293
1462.0,53.0073,0.0268827,0.370633,0.0,0.0,0.0,0.0,0.0804744,0.230016,0.00669457,0.0,0.0
1463.0,53.0406,0.0351858,0.297373,0.0,0.0,0.0,0.0,0.0539566,0.373963,0.0,0.0896198,0.0
1464.0,53.0739,0.0260047,0.0797743,0.0,0.0,0.0,0.0,0.121161,0.228444,0.0221254,0.148019,0.0
1465.0,53.1073,0.01354,0.0685536,0.0,0.0,0.0,0.0,0.132974,0.0890187,0.0,0.122166,0.0
1466.0,53.1406,0.0,0.956839,0.0,0.0400954,0.138984,0.0176395,0.0304169,0.0,0.0,0.015027,0.0250532
1467.0,53.1739,0.0,0.561182,0.0,0.086656,0.304258,0.0606766,0.0,0.0125792,0.0,0.140813,0.236869
1468.0,53.2073,0.00997921,0.16006,0.0196978,0.024487,0.155683,0.232961,0.0,0.0,0.0,0.0,0.0183484
1469.0,53.2406,0.112431,0.124087,0.0148231,0.00631551,0.0506128,0.0877009,0.0,0.0,0.00792614,0.0020807,0.0916925
1470.0,53.2739,0.0697603,0.0954884,0.0509657,0.0,0.0435421,0.00880857,0.0215771,0.143342,0.0,0.311029,0.128815
1471.0,53.3073,0.18513,0.212613,0.0652561,0.0283849,0.0921622,0.0740811,0.0200453,0.0915318,0.0,0.447258,0.113657
1472.0,53.3406,0.210248,0.208495,0.0527152,0.0,0.00148648,0.143273,0.0,0.0923048,0.0,0.533331,0.137795
1473.0,53.3739,0.296407,0.138824,0.0241922,0.0,0.0,0.152354,0.0,0.247294,0.00140436,0.587159,0.127109
1474.0,53.4073,0.174131,0.284111,0.0,0.0,0.0,0.327972,0.0,0.247074,0.0786088,0.376172,0.0
1475.0,53.4406,0.174615,0.161578,0.114155,0.0362145,0.106299,0.277399,0.0,0.0347542,0.0,0.367217,0.0
1476.0,53.4739,0.164939,0.227805,0.0627199,0.0342651,0.10003,0.433866,0.0,0.0,0.0,0.385408,0.0
1477.0,53.5073,0.218327,0.27225,0.177162,0.0544243,0.155322,0.483578,0.0,0.0,0.0260411,0.364389,0.0
1478.0,53.5406,0.275595,0.298294,0.213607,0.0645843,0.180406,0.536649,0.0,0.0,0.0369795,0.405958,0.0
1479.0,53.5739,0.229538,0.0,0.24907,0.0,0.132275,0.712108,0.0,0.0,0.0,0.487498,0.0
1480.0,53.6073,0.228848,0.0582011,0.292099,0.0,0.179062,0.798043,0.0,0.0,0.0,0.630502,0.0461954
1481.0,53.6406,0.594997,0.015936,0.385171,0.0,0.0,0.582976,0.0,0.0169529,0.0284251,0.629865,0.18533
1482.0,53.6739,0.710937,0.0582847,0.537978,0.0,0.0,0.154044,0.0,0.180199,0.0,0.665797,0.0
1483.0,53.7073,0.556521,0.060887,0.482805,0.0,0.0,0.0943976,0.0,0.190304,0.0,0.516026,0.0
1484.0,53.7406,0.423636,0.0101689,0.342466,0.00116878,0.0265087,0.132118,0.0,0.00976619,0.0,0.515757,0.0
1485.0,53.7739,0.354801,0.0,0.232988,0.115426,0.33225,0.0,0.126571,0.0,0.0,0.326841,0.0603045
1486.0,53.8073,0.0,0.0,0.0,0.017233,0.112891,0.0290405,0.0139138,0.0,0.0,0.0476976,0.151487
1487.0,53.8406,0.0,0.170211,0.143182,0.0,0.18388,0.147479,0.0,0.0,0.0,0.0421386,0.0792131
1488.0,53.8739,0.0,0.106897,0.0,0.0,0.0517548,0.0741735,0.0,0.0,0.0114905,0.0483102,0.173169
1489.0,53.9073,0.0,0.155009,0.0,0.0,0.0,0.07188,0.0,0.0155839,0.00240816,0.240731,0.115852
1490.0,53.9406,0.0,0.454541,0.0,0.0,0.0,0.0,0.0382468,0.166374,0.0,0.0,0.0
1491.0,53.9739,0.0929374,0.688083,0.0,0.0,0.0,0.0,0.0354591,0.181768,0.157368,0.0,0.0343273
1492.0,54.0073,0.0603648,0.651841,0.0,0.0,0.0,0.0,0.0,0.182986,0.487818,0.0468779,0.0453015
1493.0,54.0406,0.0173877,0.37998,0.0,0.0,0.0,0.0,0.0,0.218803,0.295309,0.0,0.0105879
1494.0,54.0739,0.0,0.268417,0.0,0.0,0.0,0.0,0.0215734,0.231615,0.250959,0.0,0.027028
1495.0,54.1073,0.0,0.223395,0.0,0.0,0.0,0.0,0.0491828,0.223186,0.196729,0.0194971,0.0925526
1496.0,54.1406,0.0236529,0.281476,0.0,0.0,0.0,0.0,0.0569249,0.321632,0.0,0.0465013,0.0
1497.0,54.1739,0.0184412,0.167604,0.0141127,0.0,0.0,0.0,0.116532,0.268777,0.0,0.192327,0.0
1498.0,54.2073,0.0,0.971026,0.0,0.0,0.0109921,0.00732095,0.173332,0.0968911,0.0,0.0334147,0.0
1499.0,54.2406,0.0,0.942343,0.0,0.0447843,0.161472,0.0202961,0.0263827,0.00252734,0.0,0.0307556,0.0
1500.0,54.2739,0.0,0.485418,0.0,0.0779986,0.282034,0.0401908,0.0,0.00791342,0.0,0.126983,0.206753
1501.0,54.3073,0.0,0.109585,0.0147186,0.0204411,0.137975,0.204549,0.0,0.0,0.000610977,0.0,0.00665558
1502.0,54.3406,0.0853331,0.045822,0.0110291,0.0,0.0141736,0.128722,0.0,0.0,0.0119332,0.0366642,0.00868065
1503.0,54.3739,0.0,0.226007,0.00619317,0.0,0.0264931,0.120114,0.0252661,0.186667,0.0,0.264723,0.113186
1504.0,54.4073,0.186427,0.0,0.0411537,0.02846,0.105798,0.0747746,0.0438198,0.101902,0.0,0.450678,0.0920338
1505.0,54.4406,0.182461,0.0703605,0.0312456,0.0,0.0,0.0914228,0.0,0.12543,0.0,0.553497,0.125944
1506.0,54.4739,0.308722,0.0715244,0.0204358,0.0,0.0,0.103577,0.0,0.281981,0.0,0.656429,0.121843
1507.0,54.5073,0.217618,0.261113,0.0,0.0,0.0,0.230573,0.0,0.23039,0.0474943,0.377312,0.0410791
1508.0,54.5406,0.207621,0.0612692,0.0932912,0.040076,0.114541,0.227175,0.0,0.0450465,0.0,0.400803,0.00229024
1509.0,54.5739,0.19153,0.172679,0.039933,0.0377371,0.107085,0.387077,0.0,0.000890946,0.0,0.35301,0.0
1510.0,54.6073,0.22546,0.22734,0.117978,0.0480506,0.138352,0.496914,0.0,0.0,0.0341643,0.348487,0.0
1511.0,54.6406,0.291721,0.255592,0.194258,0.0593908,0.165978,0.546761,0.0,0.0,0.0502112,0.380398,0.0
1512.0,54.6739,0.244799,0.00183946,0.224417,0.0,0.108196,0.693703,0.0,0.0,0.0,0.457228,0.0
1513.0,54.7073,0.233814,0.0462077,0.170228,0.0,0.186469,0.802435,0.0,0.0,0.0568395,0.561195,0.104862
1514.0,54.7406,0.625335,0.0,0.365386,0.0,0.0,0.590571,0.0,0.0479805,0.0283167,0.644173,0.283358
1515.0,54.7739,0.688064,0.00989423,0.488725,0.0,0.0,0.277278,0.0,0.238454,0.0299438,0.583378,0.0
1516.0,54.8073,0.534334,0.0868721,0.487368,0.0,0.0,0.159241,0.0,0.171077,0.0,0.57522,0.0
1517.0,54.8406,0.376289,0.0,0.196414,0.0841988,0.219936,0.0,0.379368,0.00636776,0.0,0.692484,0.0
1518.0,54.8739,0.285511,0.0174048,0.211651,0.122177,0.352164,0.0,0.122045,0.0,0.0,0.277024,0.0654393
1519.0,54.9073,0.0,0.21797,0.0,0.0209982,0.126663,0.0710172,0.0,0.0,0.00423488,0.0366554,0.153319
1520.0,54.9406,0.0,0.0869134,0.0,0.0164236,0.122846,0.261041,0.0,0.0,0.0129267,0.0587662,0.113458
1521.0,54.9739,0.0,0.105043,0.0,0.0,0.0393142,0.128805,0.0,0.0,0.0,0.146186,0.115399
1522.0,55.0073,0.0,0.129936,0.0,0.0,0.0,0.033889,0.0148436,0.0323503,5.7064e-05,0.2266,0.132066
1523.0,55.0406,0.0,0.266914,0.0,0.0,0.0,0.0,0.101663,0.0400544,0.0832233,0.111775,0.0313861
1524.0,55.0739,0.0,0.562214,0.0,0.0,0.0,0.0,0.0215579,0.0685641,0.366406,0.0292385,0.0555327
1525.0,55.1073,0.014892,0.589771,0.0,0.0,0.0,0.0,0.0,0.160238,0.447188,0.0312706,0.0
1526.0,55.1406,0.0240095,0.509033,0.0,0.0,0.0,0.0,0.00238951,0.255633,0.440267,0.0,0.0414232
1527.0,55.1739,0.0151331,0.321856,0.0,0.0,0.0,0.0,0.0,0.282052,0.312667,0.0,0.0341254
1528.0,55.2073,0.0298612,0.370243,0.0,0.0,0.0,0.0,0.0813254,0.229631,0.0126065,0.0,0.0
1529.0,55.2406,0.0359009,0.301715,0.0,0.0,0.0,0.0,0.054599,0.374136,0.0,0.0936763,0.0
1530.0,55.2739,0.0245755,0.0770564,0.0,0.0,0.0,0.0,0.132377,0.219901,0.0171089,0.150179,0.0
1531.0,55.3073,0.0,0.923611,0.0,0.0,0.0141198,0.00630531,0.128515,0.0794277,0.0,0.212753,0.0
1532.0,55.3406,0.0,0.951151,0.0,0.0430354,0.150467,0.0184552,0.0302606,0.0,0.0,0.0247499,0.0
1533.0,55.3739,0.0,0.50872,0.0,0.0797871,0.290881,0.0557432,0.0,0.00982065,0.0,0.114733,0.231387
1534.0,55.4073,0.00467041,0.180295,0.0123598,0.0276215,0.165058,0.218375,0.0,0.0,0.0,0.0,0.00248832
1535.0,55.4406,0.110175,0.167427,0.0155346,0.0069174,0.0527784,0.0865892,0.0,0.0,0.00443648,0.0124376,0.106857
1536.0,55.4739,0.0,0.275737,0.0,0.0,0.0514802,0.160532,0.0470661,0.265751,0.0,0.367509,0.119793
1537.0,55.5073,0.0,0.350882,0.0,0.0,0.075556,0.28964,0.00989516,0.27243,0.0,0.386475,0.161908
1538.0,55.5406,0.232127,0.239313,0.0261953,0.0,0.000482415,0.168724,0.0,0.0567942,0.0,0.456169,0.0965066
1539.0,55.5739,0.377842,0.0465816,0.0569949,0.0,0.0,0.218027,0.0,0.209297,0.0,0.605201,0.087542
1540.0,55.6073,0.218901,0.301774,0.0,0.0,0.0,0.322086,0.0,0.175152,0.0548616,0.331177,0.0201072
1541.0,55.6406,0.239615,0.17719,0.151738,0.0453505,0.128045,0.247076,0.0,0.0461903,0.0,0.364802,0.0
1542.0,55.6739,0.23027,0.221792,0.116901,0.0404737,0.115108,0.389195,0.0,0.0106272,0.0,0.332371,0.0
1543.0,55.7073,0.267584,0.270192,0.220865,0.054149,0.152869,0.476981,0.0,0.0,0.0334997,0.335019,0.0
1544.0,55.7406,0.330908,0.286018,0.270265,0.067488,0.185414,0.511362,0.0,0.0,0.0488991,0.324397,0.0
1545.0,55.7739,0.236889,0.0231627,0.314998,0.0,0.0779533,0.67634,0.0,0.0,0.0,0.454139,0.0
1546.0,55.8073,0.214976,0.0742172,0.30297,0.0,0.156347,0.811308,0.0,0.0,0.0262817,0.628642,0.0466677
1547.0,55.8406,0.620413,0.0392931,0.43353,0.0,0.0,0.587872,0.0,0.0813814,0.0264452,0.664409,0.173587
1548.0,55.8739,0.694951,0.0792381,0.541858,0.0,0.0,0.289901,0.0,0.275312,0.0228493,0.615097,0.0
1549.0,55.9073,0.504549,0.10014,0.482499,0.0,0.0,0.237523,0.0,0.12996,0.0,0.511259,0.0
1550.0,55.9406,0.372691,0.0661934,0.366721,0.0197542,0.0745528,0.0,0.0575373,0.00133007,0.0,0.396893,0.0
1551.0,55.9739,0.383828,0.0,0.266177,0.0742115,0.238819,0.0,0.0841317,0.0,0.0,0.369585,0.0
1552.0,56.0073,0.0,0.09424,0.0,0.0188324,0.12089,0.0687964,0.00391251,0.0,0.0,0.0685427,0.123617
1553.0,56.0406,0.0,0.184796,0.128924,0.0,0.177059,0.142909,0.0,0.0,0.0,0.0770776,0.066421
1554.0,56.0739,0.0,0.1011,0.0,0.0,0.0458165,0.0536286,0.0,0.0,0.00628385,0.0699179,0.119944
1555.0,56.1073,0.0,0.157646,0.0,0.0,0.0,0.0548876,0.0,0.0219878,0.00791646,0.231529,0.0957839
1556.0,56.1406,0.0,0.250237,0.0,0.0,0.0,0.0,0.0892195,0.0506664,0.0590324,0.185628,0.0140117
1557.0,56.1739,0.0,0.570125,0.0,0.0,0.0,0.0,0.00159505,0.0746378,0.387716,0.0878036,0.0
1558.0,56.2073,0.0210964,0.582261,0.0,0.0,0.0,0.0,0.0,0.157715,0.435699,0.000457996,0.0222408
1559.0,56.2406,0.0220677,0.490214,0.0,0.0,0.0,0.0,0.011378,0.255577,0.423368,0.0,0.0280665
1560.0,56.2739,0.00776274,0.310896,0.0,0.0,0.0,0.0,0.00334673,0.278215,0.308533,0.0,0.0278365
1561.0,56.3073,0.0197481,0.356694,0.0,0.0,0.0,0.0,0.0736637,0.231441,0.0186307,0.0,0.0
1562.0,56.3406,0.0339042,0.298868,0.0,0.0,0.0,0.0,0.0517149,0.368123,0.0,0.0878107,0.0
1563.0,56.3739,0.0262778,0.0803985,0.0,0.0,0.0,0.0,0.144086,0.23759,0.0218907,0.159999,0.0
1564.0,56.4073,0.0,0.970147,0.0,0.0,0.0139234,0.0,0.177493,0.0892812,0.0,0.014254,0.0
1565.0,56.4406,0.0,0.947566,0.0,0.0460001,0.160505,0.00783773,0.0417074,0.0091237,0.0,0.0311929,0.0
1566.0,56.4739,0.0,0.486989,0.0,0.0554543,0.218139,0.0593225,0.0,0.0,0.0,0.0756615,0.121428
1567.0,56.5073,0.0,0.128432,0.0210799,0.0192042,0.129681,0.186305,0.0,0.0,0.0,0.0012548,0.0
1568.0,56.5406,0.0543008,0.0799687,0.0139447,0.0,0.019582,0.069901,0.00614718,0.0,0.00922557,0.0218284,0.0882288
1569.0,56.5739,0.0,0.264659,0.0,0.0,0.0305134,0.150048,0.0594335,0.262527,0.0,0.318431,0.175069
1570.0,56.6073,0.176383,0.0,0.0658273,0.00660643,0.0700227,0.0653469,0.0,0.115744,0.0,0.444898,0.134947
1571.0,56.6406,0.175582,0.0291035,0.0285555,0.0,0.0,0.052564,0.0,0.155552,0.0,0.559487,0.113694
1572.0,56.6739,0.278629,0.0831292,0.0174589,0.0,0.0,0.0694007,0.0,0.320572,0.0138377,0.673454,0.147164
1573.0,56.7073,0.135318,0.169644,0.0205802,0.0341373,0.0931346,0.152547,0.0,0.0562139,0.0,0.40436,0.158186
1574.0,56.7406,0.141632,0.135664,0.0775233,0.04045,0.118751,0.265111,0.0,0.0323425,0.0,0.383924,0.0
1575.0,56.7739,0.152997,0.172908,0.0885091,0.0374557,0.10826,0.400989,0.0,0.0,0.0,0.337223,0.0
1576.0,56.8073,0.189553,0.215433,0.170545,0.0503021,0.14496,0.497224,0.0,0.0,0.0418416,0.335033,0.0
1577.0,56.8406,0.185916,0.0,0.205963,0.0,0.101202,0.57079,0.0,0.0,0.0,0.363204,0.0
1578.0,56.8739,0.142193,0.0338101,0.100759,0.0,0.0,0.642518,0.0,0.0,0.0,0.509334,0.0
1579.0,56.9073,0.180444,0.0820214,0.29125,0.0,0.173562,0.80679,0.0,0.0,0.0,0.673521,0.071137
1580.0,56.9406,0.616141,0.0,0.400179,0.0,0.0,0.55152,0.0,0.10829,0.0232628,0.668402,0.141078
1581.0,56.9739,0.621489,0.0,0.425094,0.0,0.0,0.242305,0.0,0.212498,0.0274317,0.540425,0.0
1582.0,57.0073,0.42599,0.0835974,0.443929,0.0,0.0,0.0918835,0.0,0.13413,0.0,0.549061,0.0
1583.0,57.0406,0.226863,0.0122987,0.216884,0.0218669,0.0805007,0.0,0.13642,0.0141906,0.0,0.398171,0.0222023
1584.0,57.0739,0.337115,0.0330113,0.304749,0.072343,0.241993,0.0,0.043581,0.0,0.0,0.400282,0.0
1585.0,57.1073,0.0,0.197601,0.0959124,0.0,0.186315,0.0690809,0.0,0.00605909,0.0,0.0834372,0.0886774
1586.0,57.1406,0.0,0.191554,0.0852921,0.0,0.17585,0.15256,0.0,0.017423,0.0,0.0333695,0.0776013
1587.0,57.1739,0.0,0.11298,0.0,0.0,0.0369316,0.176446,0.0,0.0,0.00948102,0.0558872,0.113605
1588.0,57.2073,0.0,0.176319,0.0,0.0,0.0,0.0574194,0.0,0.00383266,0.0120746,0.283962,0.130266
1589.0,57.2406,0.0,0.217079,0.0,0.0,0.0,0.00449914,0.0260954,0.0222164,0.0205713,0.21898,0.068411
1590.0,57.2739,0.0,0.574416,0.0,0.0,0.0,0.0,0.00454955,0.0681664,0.383995,0.061014,0.0671619
1591.0,57.3073,0.0214418,0.590939,0.0,0.0,0.0,0.0,0.0,0.165821,0.441284,0.00863174,0.0189636
1592.0,57.3406,0.0261759,0.498347,0.0,0.0,0.0,0.0,0.00870023,0.271548,0.428281,0.0,0.0364459
1593.0,57.3739,0.0158481,0.31506,0.0,0.0,0.0,0.0,0.00733735,0.291405,0.306947,0.00349647,0.0336462
1594.0,57.4073,0.0262537,0.359808,0.0,0.0,0.0,0.0,0.0761116,0.226639,0.0289616,0.0,0.0
1595.0,57.4406,0.0350812,0.305312,0.0,0.0,0.0,0.0,0.0541176,0.353193,0.0,0.0962276,0.0
1596.0,57.4739,0.0237241,0.0681671,0.0,0.0,0.0,0.0,0.151518,0.232581,0.0181009,0.151466,0.0
1597.0,57.5073,0.0,0.965288,0.0,0.00529877,0.0325788,0.0,0.179836,0.0853793,0.0,0.0185222,0.0
1598.0,57.5406,0.0,0.945109,0.0,0.0466795,0.160202,0.00208847,0.0513377,0.00752599,0.0,0.0343419,0.0
1599.0,57.5739,0.0,0.467404,0.0,0.0696234,0.262206,0.0522901,0.0,0.00363922,0.0,0.0868382,0.139564
1600.0,57.6073,0.0,0.139534,0.0251805,0.0240904,0.146289,0.17219,0.0,0.0,0.0,0.0063416,0.0171104
1601.0,57.6406,0.00477971,0.0471608,0.0110244,0.0,0.00188334,0.0203789,0.0407853,0.0366942,0.0,0.096541,0.00692513
1602.0,57.6739,0.0,0.276037,0.0,0.0,0.0391059,0.160746,0.0572279,0.251503,0.0,0.333169,0.11033
1603.0,57.7073,0.128311,0.0,0.0466575,0.0161113,0.0615182,0.0654035,0.0536786,0.108882,0.0,0.431215,0.188715
1604.0,57.7406,0.145418,0.00839716,0.0297168,0.0,0.0,0.018245,0.0,0.17177,0.0,0.547995,0.11176
1605.0,57.7739,0.276898,0.0880679,0.00978106,0.0,0.0,0.0758772,0.0,0.312304,0.0252365,0.661565,0.130509
1606.0,57.8073,0.139902,0.0614364,0.0562985,0.02355,0.0682802,0.194689,0.0,0.0579704,0.0,0.375252,0.0829466
1607.0,57.8406,0.120918,0.066707,0.077422,0.0459519,0.133506,0.255223,0.0,0.0349339,0.0,0.416341,0.0
1608.0,57.8739,0.119844,0.132146,0.0841516,0.039441,0.115471,0.376793,0.0,0.00220279,0.0,0.376203,0.0
1609.0,57.9073,0.159024,0.171759,0.143859,0.0484811,0.141875,0.490503,0.0,0.0,0.0277919,0.363401,0.0
1610.0,57.9406,0.221222,0.167877,0.202998,0.0619841,0.175054,0.541525,0.0,0.0,0.0401539,0.403229,0.0
1611.0,57.9739,0.182428,0.00600263,0.2065,0.0,0.0761496,0.692246,0.0,0.0,0.0,0.481054,0.0
1612.0,58.0073,0.187893,0.0542003,0.242811,0.0,0.14798,0.817153,0.0,0.0,0.0253963,0.651849,0.0644959
1613.0,58.0406,0.580434,0.0,0.343821,0.0,0.0,0.587616,0.0,0.0543761,0.0338366,0.656553,0.170098
1614.0,58.0739,0.618829,0.0,0.441749,0.0,0.0,0.258039,0.0,0.243309,0.0373374,0.565665,0.0107045
1615.0,58.1073,0.469489,0.0423121,0.428605,0.0,0.0,0.110935,0.0,0.167073,0.0,0.533812,0.0
1616.0,58.1406,0.310062,0.0,0.116446,0.0145977,0.0620779,0.0,0.0768222,0.00324696,0.0,0.398965,0.0375247
1617.0,58.1739,0.360123,0.0470932,0.339902,0.0727617,0.243113,0.0,0.0237896,0.0,0.0,0.398858,0.0
1618.0,58.2073,0.0,0.342591,0.0584826,0.0,0.127287,0.0472633,0.220026,0.0,0.0,0.153158,0.104522
1619.0,58.2406,0.0,0.240164,0.0791493,0.0,0.183216,0.0183185,0.0,0.0,0.0,0.11545,0.0
