frame,time,Gastrocnemius Medialis,Tibialis Anterior,Soleus,Vastus Medialis,Vastus Lateralis,Rectus Femoris,Biceps Femoris,Semitendinosus,Gracilis,Gluteus Medius,External Oblique
0.0,7.33726,0.616905,0.315072,0.668027,0.0537011,0.141447,0.553888,0.0,0.0,0.0188375,0.492874,0.0
1.0,7.37059,0.655785,0.375559,0.455032,0.0125656,0.0430953,0.5279,0.0,0.0042073,0.061179,0.502428,0.00103479
2.0,7.40392,0.0232182,0.0756112,0.0,0.11257,0.285297,0.0,0.482604,0.0,0.0,0.697849,0.689815
3.0,7.43726,0.370367,0.189415,0.435402,0.0,0.00074875,0.210151,0.0,0.0,0.0485221,0.169294,0.0
4.0,7.47059,0.135481,0.0428502,0.196906,0.0,0.0100965,0.0150863,0.0,0.0125243,0.0,0.0715691,0.0690995
5.0,7.50392,0.309635,0.0,0.223599,0.0346915,0.134705,0.0,0.0424352,0.0,0.000259906,0.31667,0.0153359
6.0,7.53726,0.490824,0.0,0.104401,0.0515623,0.177988,0.0,0.156715,0.0146586,0.0,0.70496,0.100554
7.0,7.57059,0.0,0.0351669,0.0,0.0102796,0.115238,0.107793,0.0,0.0,0.0829715,0.0,0.134083
8.0,7.60392,0.0,0.0374546,0.0,0.0116382,0.104789,0.0,0.000165839,0.0,0.0583306,0.0,0.166638
9.0,7.63726,0.0,0.0497386,0.0,0.0,0.00382844,0.145841,0.0,0.0,0.00774335,0.0299149,0.107794
10.0,7.67059,0.0,0.0598686,0.0,0.0,0.00261117,0.0,0.0086465,0.0,0.00416557,0.0329573,0.121714
11.0,7.70392,0.0,0.194784,0.0,0.0,0.0,0.0,0.0753373,0.00534644,0.0982666,0.0638684,0.125871
12.0,7.73726,0.0,0.388402,0.0,0.0,0.0,0.0,0.214537,0.00560683,0.228766,0.0194156,0.0808334
13.0,7.77059,0.0463191,0.697251,0.0,0.0,0.0,0.0,0.323599,0.0259691,0.554966,0.0,0.202481
14.0,7.80392,0.0550248,0.690993,0.0,0.0,0.0,0.0,0.296858,0.154795,0.5803,0.0,0.173517
15.0,7.83726,0.0386299,0.535996,0.0,0.0,0.0,0.0,0.130349,0.25583,0.450022,0.0,0.140068
16.0,7.87059,0.0285188,0.370452,0.0,0.0,0.0,0.0,0.0652861,0.29221,0.368919,0.000661753,0.145964
17.0,7.90392,0.0389734,0.217684,0.0,0.0,0.0,0.0,0.148409,0.384769,0.204602,0.0449946,0.0183956
18.0,7.93726,0.0,0.966345,0.0,0.0356236,0.128433,0.0,0.178524,0.116542,0.0,0.112644,0.0
19.0,7.97059,0.0,0.755813,0.0,0.139766,0.416559,0.207622,0.0,0.0,0.0,0.00208827,0.0
20.0,8.00392,0.0193175,0.171346,0.0,0.0804233,0.286866,0.0902877,0.0385881,0.0,0.0,0.18519,0.206476
21.0,8.03726,0.138011,0.0493454,0.019909,0.0501187,0.216004,0.054175,0.0550807,0.00837636,0.0,0.196437,0.227538
22.0,8.07059,0.105357,0.207749,0.0274054,0.0194418,0.157869,0.121226,0.0,0.0,0.0,0.00589515,0.139924
23.0,8.10392,0.159993,0.306949,0.0596351,0.0233868,0.134839,0.0306418,0.0597859,0.0481595,0.0,0.219451,0.139905
24.0,8.13726,0.470009,0.397329,0.0,0.0346173,0.156077,0.124216,0.0292953,0.0115981,0.0,0.261714,0.171204
25.0,8.17059,0.513183,0.304192,0.0,0.0141367,0.0922439,0.129161,0.0128016,0.0198154,0.0,0.321946,0.0933942
26.0,8.20392,0.565564,0.335325,0.141081,0.0160639,0.0843526,0.204961,0.0,0.0,0.0,0.276962,0.1419
27.0,8.23726,0.448713,0.254351,0.0449808,0.00774211,0.0564198,0.189997,0.0,0.0,0.0,0.278876,0.135214
28.0,8.27059,0.768473,0.456313,0.0268348,0.0141293,0.0457251,0.245502,0.0,0.0,0.0,0.188026,0.0409845
29.0,8.30392,0.521721,0.401756,0.0,0.012857,0.0379115,0.277162,0.0,0.0,0.0556499,0.00323134,0.0
30.0,8.33726,0.642225,0.262257,0.0167787,0.0682631,0.176898,0.264511,0.0,0.0,0.0782609,0.0,0.0
31.0,8.37059,0.660212,0.112865,0.340608,0.0493609,0.12327,0.381638,0.0,0.0,0.0539129,0.123856,0.0
32.0,8.40392,0.545681,0.254848,0.66463,0.0559295,0.146977,0.416832,0.0,0.0,0.0116614,0.321105,0.0
33.0,8.43726,0.616607,0.304978,0.661461,0.0562171,0.146442,0.55077,0.0,0.0,0.00976071,0.508671,0.0
34.0,8.47059,0.559609,0.356756,0.502332,0.0150247,0.0473198,0.568598,0.0,0.00951478,0.08025,0.449255,0.0
35.0,8.50392,0.0,0.116431,0.0,0.111828,0.284332,0.0,0.479565,0.0,0.0,0.677673,0.69765
36.0,8.53726,0.252211,0.254264,0.420066,0.0,0.0199705,0.185196,0.0,0.0,0.0448832,0.122228,0.0
37.0,8.57059,0.0699999,0.18582,0.217729,0.0,0.0274454,0.0,0.0,0.015006,0.0,0.0398447,0.125051
38.0,8.60392,0.270751,0.0,0.124913,0.0313459,0.134,0.0,0.0989891,0.00211133,0.000880614,0.25814,0.0543597
39.0,8.63726,0.30659,0.0,0.176207,0.0192687,0.119867,0.0,0.156729,0.019193,0.0,0.57611,0.159008
40.0,8.67059,0.0,0.0414307,0.0,0.0115659,0.118159,0.0820364,0.0,0.0,0.0950467,0.0,0.138657
41.0,8.70392,0.0,0.0461979,0.0,0.0,0.0718144,0.0545699,0.0,0.0,0.0324886,0.0,0.169474
42.0,8.73726,0.0,0.0480541,0.0,0.0,0.0144915,0.0518556,0.0,0.0,0.000299096,0.0487722,0.188117
43.0,8.77059,0.0,0.0664192,0.0,0.0,0.00519084,0.0,0.0357184,0.00208039,0.0112633,0.0676448,0.118908
44.0,8.80392,0.0,0.240306,0.0,0.0,0.0,0.0,0.109759,0.0126174,0.128078,0.0521688,0.108842
45.0,8.83726,0.0,0.387302,0.0,0.0,0.0,0.0,0.272681,0.010025,0.235605,0.0,0.271379
46.0,8.87059,0.0599511,0.715196,0.0,0.0,0.0,0.0,0.384193,0.0272369,0.578966,0.0,0.253365
47.0,8.90392,0.0508319,0.674797,0.0,0.0,0.0,0.0,0.269054,0.173725,0.557943,0.0,0.146011
48.0,8.93726,0.0477624,0.554508,0.0,0.0,0.0,0.0,0.140045,0.21437,0.46885,0.0,0.19544
49.0,8.97059,0.0228816,0.359982,0.0,0.0,0.0,0.0,0.0604745,0.294044,0.360979,0.00122817,0.131826
50.0,9.00392,0.0366334,0.204536,0.0,0.0,0.0,0.0,0.151993,0.383252,0.188656,0.0498889,0.0140332
51.0,9.03726,0.0,0.968617,0.0,0.0435822,0.149893,0.0,0.168745,0.102318,0.0,0.118794,0.0
52.0,9.07059,0.0,0.723204,0.0,0.103769,0.335946,0.262461,0.0,0.0,0.0,0.0,0.0
53.0,9.10392,0.129657,0.158992,0.0,0.0820785,0.293535,0.0954444,0.0390341,0.0,0.0,0.180097,0.275647
54.0,9.13726,0.175347,0.0665702,0.0,0.0492196,0.224288,0.0732822,0.0461297,0.00160924,0.0,0.201909,0.250953
55.0,9.17059,0.226772,0.0623384,0.0406202,0.041794,0.210089,0.0834754,0.0,0.0,0.0,0.098944,0.12817
56.0,9.20392,0.311446,0.188475,0.0,0.065085,0.250582,0.0820112,0.0952549,0.0861466,0.0,0.335288,0.197865
57.0,9.23726,0.452107,0.307239,0.0,0.0504386,0.204184,0.130818,0.0697409,0.0793601,0.0,0.43661,0.169721
58.0,9.27059,0.483588,0.118877,0.0,0.0273622,0.128031,0.159043,0.0158081,0.0203924,0.0,0.388451,0.156348
59.0,9.30392,0.592257,0.125706,0.0552783,0.0221238,0.119638,0.351641,0.0,0.0,0.0,0.345156,0.145511
60.0,9.33726,0.70301,0.159346,0.0167419,0.0138293,0.0924845,0.374777,0.0,0.0,0.0,0.3496,0.148113
61.0,9.37059,0.7646,0.323769,0.0,0.00960844,0.0346457,0.270593,0.0,0.0,0.0,0.253207,0.0968638
62.0,9.40392,0.486097,0.373079,0.0,0.0,0.0,0.288911,0.0,0.0123111,0.0330319,0.126689,0.00270358
63.0,9.43726,0.625963,0.255906,0.00312284,0.0715065,0.18189,0.252381,0.0,0.0,0.0285724,0.0,0.0
64.0,9.47059,0.61978,0.0,0.292249,0.0673886,0.166731,0.35282,0.0,0.0,0.0192859,0.164126,0.0
65.0,9.50392,0.506597,0.235708,0.613316,0.0567713,0.150169,0.42372,0.0,0.0,0.0132513,0.328535,0.0
66.0,9.53726,0.532958,0.340224,0.701069,0.0509401,0.138547,0.515275,0.0,0.0,0.00337833,0.507183,0.0
67.0,9.57059,0.62621,0.423647,0.52605,0.0251533,0.0817084,0.551997,0.0,0.00413524,0.0233874,0.58691,0.0
68.0,9.60392,0.100256,0.13572,0.0,0.133057,0.304086,0.0,0.618821,0.0,0.0,0.618748,0.819984
69.0,9.63726,0.30075,0.380113,0.459469,0.0,0.0,0.186697,0.0,0.016292,0.03355,0.194954,0.0
70.0,9.67059,0.0735019,0.157336,0.310544,0.0,0.0,0.0536896,0.0,0.0212608,0.00175693,0.100005,0.0329084
71.0,9.70392,0.342184,0.0,0.234448,0.0344025,0.13006,0.0,0.0857627,0.0,0.0017678,0.281462,0.0363
72.0,9.73726,0.492855,0.0,0.272181,0.0526941,0.183848,0.0,0.132241,0.0295584,0.0,0.689694,0.0652023
73.0,9.77059,0.0,0.0282098,0.0,0.0051819,0.101425,0.114122,0.0,0.0,0.0784029,0.0,0.155562
74.0,9.80392,0.0,0.0389045,0.0,0.00500419,0.095302,0.0645382,0.0,0.0,0.082514,0.0,0.123004
75.0,9.83726,0.0,0.0445283,0.0,0.0,0.0316464,0.0678872,0.0,0.0,0.0,0.053521,0.180445
76.0,9.87059,0.0,0.0675795,0.0,0.0,0.00302721,0.0,0.0482581,0.00216911,0.0161302,0.00392943,0.120375
77.0,9.90392,0.0,0.154312,0.0,0.0,0.0,0.0,0.0555523,0.00693443,0.0741026,0.0812941,0.117314
78.0,9.93726,0.0,0.336553,0.0,0.0,0.0,0.0,0.159914,0.0153584,0.169115,0.0565414,0.0738149
79.0,9.97059,0.0519145,0.713557,0.0,0.0,0.0,0.0,0.313647,0.0,0.561906,0.0,0.240009
80.0,10.0039,0.0541185,0.700275,0.0,0.0,0.0,0.0,0.325788,0.131814,0.598538,0.0,0.174355
81.0,10.0373,0.0358833,0.555461,0.0,0.0,0.0,0.0,0.140924,0.237732,0.471089,0.0,0.141328
82.0,10.0706,0.0297749,0.378203,0.0,0.0,0.0,0.0,0.0719173,0.296017,0.365999,0.0017909,0.134202
83.0,10.1039,0.0381969,0.231256,0.0,0.0,0.0,0.0,0.126854,0.374271,0.218358,0.0408259,0.0194426
84.0,10.1373,0.0,0.957728,0.0,0.00696373,0.053658,0.0,0.176577,0.115099,0.0025909,0.0360786,0.0398531
85.0,10.1706,0.0,0.867863,0.0,0.173978,0.481367,0.157231,0.0157439,0.0,0.0,0.171173,0.117642
86.0,10.2039,0.0347578,0.244396,0.0434569,0.0523207,0.216838,0.055364,0.0403497,0.00141304,0.0,0.143302,0.185247
87.0,10.2373,0.180614,0.0791916,0.0,0.0360381,0.177579,0.0420693,0.0451876,0.000923406,0.0,0.157176,0.20351
88.0,10.2706,0.159256,0.208122,0.0,0.0269617,0.171365,0.104279,0.0,0.0,0.0,0.0241869,0.125265
89.0,10.3039,0.19364,0.196202,0.0,0.0,0.0637186,0.00375154,0.0299142,0.00698234,0.0,0.110534,0.0914605
90.0,10.3373,0.443845,0.328296,0.0,0.0635954,0.230917,0.151298,0.0221344,0.0,0.0,0.239382,0.152764
91.0,10.3706,0.437944,0.301189,0.0,0.0256791,0.118551,0.117388,0.0315569,0.031702,0.0,0.314504,0.121866
92.0,10.4039,0.546594,0.317602,0.0,0.0169499,0.0961194,0.275624,0.0,0.0,0.0,0.325444,0.136449
93.0,10.4373,0.629641,0.385506,0.0,0.00744074,0.068882,0.322722,0.0,0.0,0.0,0.249887,0.114147
94.0,10.4706,0.69764,0.473524,0.0427792,0.000583227,0.0100562,0.221064,0.0,0.0,0.0,0.162485,0.0817219
95.0,10.5039,0.476049,0.449302,0.0,6.57742e-05,0.00533301,0.273226,0.0,0.0,0.0407881,0.0446697,0.0
96.0,10.5373,0.594965,0.248335,0.00565296,0.0610907,0.158054,0.305729,0.0,0.0,0.0688357,0.0,0.0
97.0,10.5706,0.608069,0.250366,0.31582,0.0475049,0.123168,0.454268,0.0,0.0,0.0679357,0.177346,0.0
98.0,10.6039,0.568726,0.313473,0.64908,0.0588023,0.151156,0.460219,0.0,0.0,0.0247162,0.324757,0.0
99.0,10.6373,0.595327,0.39158,0.710409,0.0535893,0.140618,0.55418,0.0,0.0,0.00904111,0.521283,0.0
100.0,10.6706,0.668095,0.489696,0.531728,0.0193175,0.0571956,0.613535,0.0,0.0,0.0439281,0.604985,0.0
101.0,10.7039,0.0797008,0.125546,0.0,0.134513,0.308129,0.0,0.550885,0.0,0.0,0.666506,0.820469
102.0,10.7373,0.307568,0.348339,0.452881,0.0,0.0,0.208103,0.0,0.00784204,0.0410856,0.201007,0.0
103.0,10.7706,0.0579763,0.156246,0.270315,0.0,0.0,0.11144,0.0,0.0151743,0.0230614,0.093666,0.058294
104.0,10.8039,0.302317,0.0,0.210851,0.0397538,0.148585,0.0,0.0710825,0.0,0.000431165,0.274064,0.0760769
105.0,10.8373,0.381148,0.0,0.290363,0.0405651,0.157001,0.0,0.185034,0.0391783,0.0,0.705772,0.103547
106.0,10.8706,0.0,0.0310312,0.0,0.00919713,0.113002,0.106172,0.0,0.0,0.0824933,0.0,0.136279
107.0,10.9039,0.0,0.0424613,0.0,0.00385374,0.0903996,0.0420663,0.0,0.0,0.0705463,0.0,0.117258
108.0,10.9373,0.0,0.0469723,0.0,0.0,0.0177987,0.0724386,0.0,0.0,0.00104558,0.0555695,0.179559
109.0,10.9706,0.0,0.0588646,0.0,0.0,0.00689283,0.0,0.0104584,0.0,0.00350173,0.0184264,0.111399
110.0,11.0039,0.0,0.18188,0.0,0.0,0.0,0.0,0.071489,0.00988401,0.085437,0.0560388,0.11178
111.0,11.0373,0.0,0.368096,0.0,0.0,0.0,0.0,0.207097,0.00999531,0.209673,0.0154346,0.0838486
112.0,11.0706,0.058954,0.718505,0.0,0.0,0.0,0.0,0.389926,0.00185614,0.581817,0.0,0.292529
113.0,11.1039,0.0563051,0.691645,0.0,0.0,0.0,0.0,0.313452,0.14716,0.58093,0.0,0.158112
114.0,11.1373,0.0387767,0.5531,0.0,0.0,0.0,0.0,0.144718,0.242835,0.480658,0.0,0.153885
115.0,11.1706,0.0262599,0.38053,0.0,0.0,0.0,0.0,0.0601313,0.285385,0.385833,0.0,0.151947
116.0,11.2039,0.0418955,0.229606,0.0,0.0,0.0,0.0,0.149228,0.39724,0.208911,0.0480403,0.0115651
117.0,11.2373,0.0,0.966397,0.0,0.0351208,0.127155,0.0,0.168336,0.114502,0.0,0.0955599,0.0285813
118.0,11.2706,0.0,0.759575,0.0,0.147123,0.424436,0.197871,0.0,0.0,0.0,0.0,0.0
119.0,11.3039,0.0772247,0.0889228,0.0,0.0823486,0.290873,0.0932746,0.0401472,0.0,0.0,0.186042,0.233589
120.0,11.3373,0.0916681,0.0318494,0.0353277,0.0545881,0.231198,0.0677911,0.0462513,0.00666354,0.0,0.223879,0.216895
121.0,11.3706,0.203356,0.105441,0.0,0.041115,0.216013,0.136503,0.0,0.0,0.0,0.0395936,0.102769
122.0,11.4039,0.260621,0.237771,0.062186,0.030193,0.157977,0.0477712,0.063212,0.0480114,0.0,0.246873,0.142171
123.0,11.4373,0.473351,0.346678,0.0,0.0549997,0.210323,0.160875,0.0500777,0.0287197,0.0,0.381137,0.205723
124.0,11.4706,0.517441,0.255405,0.0,0.017667,0.104818,0.174161,0.00828284,0.0198023,0.0,0.40679,0.127102
125.0,11.5039,0.600304,0.223783,0.0957181,0.0174271,0.0993669,0.341278,0.0,0.0,0.0,0.3098,0.148993
126.0,11.5373,0.670806,0.315658,0.0183996,0.00441478,0.0619758,0.331867,0.0,0.0,0.0,0.241343,0.12519
127.0,11.5706,0.712872,0.454866,0.0560462,0.0,0.00203998,0.188947,0.0,0.0142782,0.00245322,0.143551,0.0802874
128.0,11.6039,0.498417,0.403459,0.0,0.00377338,0.0124232,0.307977,0.0,0.0,0.0587479,0.0279549,0.0
129.0,11.6373,0.620363,0.228741,0.0423756,0.0641057,0.165252,0.302331,0.0,0.0,0.0698163,0.0,0.0
130.0,11.6706,0.314606,0.0,0.0698709,0.0562846,0.153168,0.34266,0.0,0.00805317,0.0318857,0.181473,0.0
131.0,11.7039,0.532954,0.235806,0.64737,0.0530751,0.139782,0.446934,0.0,0.0,0.0154103,0.362826,0.0
132.0,11.7373,0.609182,0.301873,0.646489,0.0483371,0.128624,0.584716,0.0,0.0,0.018106,0.545831,0.0
133.0,11.7706,0.589983,0.405271,0.428861,0.00561405,0.0162289,0.527931,0.0,0.0213746,0.067394,0.503464,0.00141104
134.0,11.8039,0.329877,0.277795,0.0,0.0538396,0.147707,0.0,0.0997598,0.0,0.0,0.473842,0.1664
135.0,11.8373,0.206558,0.254488,0.350561,0.0104538,0.0589787,0.130216,0.0,0.0,0.0496329,0.0154945,0.0
136.0,11.8706,0.0156077,0.0988978,0.176546,0.0,0.0236297,0.0,0.0910406,0.0261719,0.00180574,0.14702,0.138479
137.0,11.9039,0.316316,0.0,0.206672,0.033483,0.136701,0.0,0.0396735,0.0,0.00520248,0.297573,0.0623441
138.0,11.9373,0.0643122,0.0,0.0184685,0.0,0.0310339,0.0,0.153503,0.0426531,0.00104148,0.408442,0.200942
139.0,11.9706,0.0,0.0414315,0.0,0.0107308,0.112903,0.0388292,0.0,0.0,0.0979192,0.0,0.109928
140.0,12.0039,0.0,0.0370444,0.0,0.0,0.0499167,0.0720782,0.0,0.0,0.00103494,0.0567512,0.199807
141.0,12.0373,0.0,0.0448266,0.0,0.0,0.0177209,0.0154187,0.0,0.0,0.0,0.0291858,0.163883
142.0,12.0706,0.0,0.0852429,0.0,0.0,0.0,0.0,0.078763,0.00817881,0.0323832,0.0668568,0.11737
143.0,12.1039,0.0,0.2764,0.0,0.0,0.0,0.0,0.118358,0.0104996,0.144585,0.0397316,0.0941011
144.0,12.1373,0.0,0.468086,0.0,0.0,0.0,0.0,0.27167,0.0155434,0.301015,0.00424507,0.121823
145.0,12.1706,0.0603884,0.719167,0.0,0.0,0.0,0.0,0.401316,0.0201505,0.582558,0.0,0.339014
146.0,12.2039,0.0458928,0.663098,0.0,0.0,0.0,0.0,0.254014,0.180635,0.5532,0.0,0.144299
147.0,12.2373,0.0298816,0.506364,0.0,0.0,0.0,0.0,0.0997647,0.224493,0.448207,0.0,0.160607
148.0,12.2706,0.0183419,0.342924,0.0,0.0,0.0,0.0,0.0511361,0.283705,0.349529,0.00302581,0.129351
149.0,12.3039,0.0276116,0.198722,0.0,0.0,0.0,0.0,0.0771115,0.33959,0.183137,0.0526829,0.0221387
150.0,12.3373,0.0,0.970137,0.0,0.0490666,0.158941,0.0,0.166848,0.0939095,0.0,0.10851,0.0
151.0,12.3706,0.0,0.745357,0.0,0.115323,0.364701,0.237856,0.0,0.0,0.0,0.0,0.0
152.0,12.4039,0.142438,0.174367,0.0,0.0780563,0.287376,0.0964368,0.0383649,0.0,0.0,0.178324,0.263034
153.0,12.4373,0.204875,0.118827,0.0,0.0489519,0.224923,0.0706834,0.0453867,0.0,0.0,0.187654,0.230081
154.0,12.4706,0.234182,0.132705,0.0,0.0384724,0.205926,0.0744918,0.00122231,0.0,0.0,0.0695748,0.140637
155.0,12.5039,0.344631,0.269923,0.0,0.0618597,0.242259,0.072042,0.0927199,0.0733431,0.0,0.292418,0.188723
156.0,12.5373,0.492987,0.381451,0.0,0.0453666,0.195412,0.136612,0.0616152,0.0711953,0.0,0.416492,0.165923
157.0,12.5706,0.474976,0.222159,0.0,0.0185859,0.105584,0.142756,0.0102835,0.00868706,0.0,0.330766,0.142671
158.0,12.6039,0.599371,0.143892,0.0,0.0222996,0.11969,0.363134,0.0,0.0,0.0,0.31181,0.16055
159.0,12.6373,0.697993,0.287608,0.0,0.0116398,0.0920043,0.384397,0.0,0.0,0.0,0.320266,0.135871
160.0,12.6706,0.75731,0.382788,0.0,0.0124298,0.0407934,0.256478,0.0,0.0,0.0,0.239431,0.0873332
161.0,12.7039,0.441258,0.339295,0.0,0.0,0.0,0.300978,0.0,0.0612611,0.0792916,0.0,0.0
162.0,12.7373,0.538429,0.17098,0.0434796,0.0616488,0.159733,0.258764,0.0,0.0,0.0239988,0.0307905,0.0
163.0,12.7706,0.521991,0.173089,0.344806,0.054892,0.142974,0.403456,0.0,0.0,0.0304846,0.204847,0.0
164.0,12.8039,0.543103,0.308952,0.62266,0.0590735,0.152037,0.444678,0.0,0.0,0.0195919,0.329291,0.0
165.0,12.8373,0.511202,0.304017,0.690043,0.0505117,0.137236,0.514293,0.0,0.0,0.00460902,0.508206,0.0
166.0,12.8706,0.680623,0.310907,0.544491,0.0220327,0.0613465,0.614789,0.0,0.0,0.0411518,0.596259,0.0
167.0,12.9039,0.144749,0.0,0.0436553,0.125085,0.283538,0.0,0.531499,0.0,0.0,0.730612,0.82958
168.0,12.9373,0.494058,0.282339,0.490178,0.0,0.0,0.238548,0.0,0.0515306,0.042056,0.269136,0.0
169.0,12.9706,0.356299,0.0417501,0.286212,0.0,0.0,0.145435,0.0,0.0535064,0.0,0.250017,0.0920954
170.0,13.0039,0.379333,0.0,0.149346,0.0420441,0.143283,0.0,0.0181066,0.0,0.0,0.356495,0.073798
171.0,13.0373,0.346706,0.0,0.0357613,0.0124764,0.088407,0.0,0.163399,0.0513561,0.0,0.663746,0.15859
172.0,13.0706,0.0,0.0274295,0.0,0.00578846,0.100318,0.0962316,0.0,0.0,0.0752182,0.0,0.152265
173.0,13.1039,0.0,0.0292906,0.0,0.00388311,0.0859582,0.0839099,0.0,0.0,0.053408,0.0,0.150786
174.0,13.1373,0.0,0.0378076,0.0,0.0,0.0462035,0.0737957,0.0,0.0,0.0,0.047408,0.171783
175.0,13.1706,0.0,0.0589499,0.0,0.0,0.00290119,0.0,0.0480384,0.000878915,0.0127302,0.0744569,0.128865
176.0,13.2039,0.0,0.200026,0.0,0.0,0.0,0.0,0.0837396,0.0032327,0.110266,0.117636,0.132999
177.0,13.2373,0.0,0.32101,0.0,0.0,0.0,0.0,0.128161,0.00961395,0.152378,0.115347,0.0672227
178.0,13.2706,0.0317964,0.699615,0.0,0.0,0.0,0.0,0.267333,0.0,0.531532,0.0,0.305983
179.0,13.3039,0.0391169,0.693383,0.0,0.0,0.0,0.0,0.300799,0.107594,0.598761,0.0,0.18008
180.0,13.3373,0.0317965,0.547886,0.0,0.0,0.0,0.0,0.146011,0.253657,0.471482,0.0,0.131206
181.0,13.3706,0.0242159,0.366942,0.0,0.0,0.0,0.0,0.0790257,0.300227,0.371255,0.0,0.124194
182.0,13.4039,0.03536,0.22574,0.0,0.0,0.0,0.0,0.113111,0.346049,0.220276,0.0167792,0.0322186
183.0,13.4373,0.0,0.965788,0.0,0.0234414,0.0980654,0.0,0.197696,0.134445,0.0,0.148178,0.0309531
184.0,13.4706,0.0,0.805254,0.0,0.180253,0.49606,0.151915,0.013724,0.0,0.0,0.116019,0.277066
185.0,13.5039,0.010162,0.415389,0.0,0.0693871,0.268552,0.084284,0.0393156,0.0,0.0,0.148137,0.122048
186.0,13.5373,0.18395,0.0785976,0.0,0.0464854,0.202248,0.0407157,0.0488263,0.0,0.0,0.142932,0.20767
187.0,13.5706,0.192788,0.255779,0.0,0.016641,0.146907,0.136313,0.0,0.0,0.0,0.0,0.090051
188.0,13.6039,0.12591,0.350287,0.0678601,0.0,0.0562303,0.0189849,0.00602191,0.0,0.0,0.10112,0.076867
189.0,13.6373,0.407471,0.365052,0.0,0.0668756,0.238682,0.12813,0.0440808,0.00844758,0.0,0.26519,0.181713
190.0,13.6706,0.487549,0.281043,0.0,0.0275239,0.128272,0.101827,0.0506006,0.0548886,0.0,0.363615,0.118328
191.0,13.7039,0.540313,0.269332,0.0,0.0162729,0.0910977,0.18867,0.00182168,0.0032112,0.0,0.364727,0.117866
192.0,13.7373,0.65872,0.309363,0.0,0.00997706,0.0777031,0.35001,0.0,0.0,0.0,0.251744,0.113051
193.0,13.7706,0.724383,0.383877,0.0,0.010103,0.0362335,0.255268,0.0,0.0,0.0,0.203893,0.0833731
194.0,13.8039,0.472503,0.382465,0.0,0.000389773,0.00480076,0.268225,0.0,0.0,0.0227805,0.0910162,0.0
195.0,13.8373,0.603986,0.265594,0.0,0.0672079,0.173101,0.246684,0.0,0.0,0.0566371,0.0,0.0
196.0,13.8706,0.642618,0.164228,0.300561,0.0548437,0.138698,0.400466,0.0,0.0,0.0602585,0.118344,0.0
197.0,13.9039,0.512679,0.225199,0.635382,0.0541308,0.143531,0.427211,0.0,0.0,0.0170809,0.31792,0.0
198.0,13.9373,0.55814,0.304885,0.679859,0.0525899,0.140091,0.520841,0.0,0.0,0.00549916,0.496855,0.0
199.0,13.9706,0.659353,0.434338,0.491296,0.0200256,0.060746,0.625345,0.0,0.0,0.0509233,0.598403,0.0
200.0,14.0039,0.467686,0.343051,0.156297,0.0223997,0.0616484,0.37816,0.0,0.0540757,0.0936865,0.151748,0.0067067
201.0,14.0373,0.203334,0.250774,0.0,0.0678493,0.186578,0.0,0.120155,0.0,0.0,0.661594,0.0373294
202.0,14.0706,0.0786974,0.32717,0.203353,0.0133943,0.0905064,0.0,0.0228787,0.00659368,0.0223791,0.0,0.0397731
203.0,14.1039,0.223584,0.00368078,0.20572,0.0283327,0.131789,0.0,0.0980934,0.0117704,0.00419759,0.235408,0.100311
204.0,14.1373,0.387236,0.0,0.201449,0.0430545,0.172926,0.0,0.0794803,0.0,0.0,0.595237,0.128683
205.0,14.1706,0.0,0.0405267,0.0,0.00704376,0.109384,0.150263,0.0,0.0,0.109786,0.0,0.147129
206.0,14.2039,0.0,0.0232067,0.0,0.0,0.0643173,0.0825235,0.0,0.0,0.0222307,0.000328287,0.179229
207.0,14.2373,0.0,0.0371098,0.0,0.0,0.0310619,0.0320408,0.0,0.0,0.0,0.0823495,0.171642
208.0,14.2706,0.0,0.0670342,0.0,0.0,0.012285,0.0,0.0691446,0.0163968,0.0177433,0.0467882,0.130306
209.0,14.3039,0.0,0.205836,0.0,0.0,0.0,0.0,0.089783,0.0148466,0.110553,0.0661359,0.118699
210.0,14.3373,0.0,0.305499,0.0,0.0,0.0,0.0,0.170437,0.0211021,0.15615,0.0418472,0.100056
211.0,14.3706,0.0426564,0.692942,0.0,0.0,0.0,0.0,0.29964,0.0,0.564978,0.0,0.161719
212.0,14.4039,0.0449049,0.686741,0.0,0.0,0.0,0.0,0.248923,0.0847526,0.573166,0.0,0.253914
213.0,14.4373,0.0453183,0.537749,0.0,0.0,0.0,0.0,0.0902802,0.26431,0.426333,0.00413908,0.16016
214.0,14.4706,0.0339153,0.364501,0.0,0.0,0.0,0.0,0.0988247,0.347226,0.35331,0.00507578,0.113139
215.0,14.5039,0.0328035,0.188561,0.0,0.0,0.0,0.0,0.147119,0.348729,0.201325,0.0419237,0.0129048
216.0,14.5373,0.0,0.968013,0.0,0.0440786,0.150872,0.0,0.18186,0.115607,0.0,0.114908,0.0073902
217.0,14.5706,0.0,0.73964,0.0,0.122672,0.373907,0.236451,0.0,0.0,0.0,0.0,0.0
218.0,14.6039,0.037549,0.149663,0.0,0.0854214,0.295503,0.0870135,0.033175,0.0,0.0,0.163209,0.214489
219.0,14.6373,0.197005,0.0717092,0.0,0.0508889,0.214582,0.049468,0.0470589,0.0,0.0,0.169413,0.196448
220.0,14.6706,0.212302,0.233092,0.0,0.0379482,0.203112,0.158152,0.0,0.0,0.0,0.0101535,0.109756
221.0,14.7039,0.118651,0.0,0.0,0.0,0.0380875,0.00798981,0.0111805,0.0076226,0.0,0.0798755,0.0651624
222.0,14.7373,0.472061,0.402363,0.0,0.0761627,0.266375,0.133064,0.0447589,0.0027865,0.0,0.257051,0.168428
223.0,14.7706,0.48408,0.264259,0.0,0.0327733,0.14745,0.115307,0.0476879,0.0462212,0.0,0.361293,0.0795186
224.0,14.8039,0.542802,0.219255,0.0,0.0289865,0.125151,0.183246,0.0043523,0.000722963,0.0,0.370016,0.114505
225.0,14.8373,0.697414,0.215017,0.0,0.017606,0.0973857,0.32544,0.0,0.0,0.0,0.2816,0.131777
226.0,14.8706,0.762464,0.399711,0.0,0.0126902,0.0489618,0.283743,0.0,0.0,0.0,0.206085,0.0838039
227.0,14.9039,0.449063,0.313255,0.0,0.0,0.0,0.257036,0.0,0.0229507,0.0707038,0.0,0.0
228.0,14.9373,0.597746,0.224245,0.0180653,0.0652069,0.171633,0.244364,0.0,0.0,0.034429,0.0,0.0
229.0,14.9706,0.675605,0.0617448,0.136906,0.0641993,0.156463,0.420384,0.0,0.0,0.03391,0.171513,0.0
230.0,15.0039,0.601263,0.163329,0.574748,0.0632871,0.161722,0.437537,0.0,0.0,0.0161559,0.325835,0.0
231.0,15.0373,0.615326,0.253144,0.648152,0.0596183,0.156797,0.508659,0.0,0.0,0.00373797,0.474376,0.0
232.0,15.0706,0.597989,0.336593,0.542572,0.0173545,0.0516922,0.631404,0.0,0.0,0.0826633,0.508004,0.0
233.0,15.1039,0.521132,0.161761,0.108169,0.0364628,0.0912853,0.420108,0.0,0.0289445,0.0705868,0.267166,0.0567186
234.0,15.1373,0.234149,0.271534,0.0,0.0671974,0.184608,0.0,0.150205,0.0,0.0,0.716373,0.148371
235.0,15.1706,0.105188,0.167183,0.269507,0.0107824,0.0812278,0.0157146,0.0,0.0,0.0225378,0.0,0.0205018
236.0,15.2039,0.255687,0.00214149,0.264643,0.0235962,0.114671,0.0,0.0454357,0.00193681,0.00421389,0.27132,0.0835719
237.0,15.2373,0.0,0.821269,0.0,0.0,0.0175996,0.0,0.0603117,0.00461255,0.0,0.470754,0.221594
238.0,15.2706,0.0,0.0436183,0.0,0.00807974,0.110934,0.132302,0.0,0.0,0.107232,0.0,0.137561
239.0,15.3039,0.0,0.0248176,0.0,0.0,0.0603523,0.132127,0.0,0.0,0.0212016,0.0411948,0.185463
240.0,15.3373,0.0,0.0434363,0.0,0.0,0.0314606,0.0649932,0.0,0.0,0.000565082,0.0512402,0.174117
241.0,15.3706,0.0,0.0608078,0.0,0.0,0.0159324,0.0,0.0482472,0.00441151,0.00663673,0.0536006,0.13342
242.0,15.4039,0.0,0.2032,0.0,0.0,0.0,0.0,0.0741751,0.00854047,0.104495,0.084985,0.119146
243.0,15.4373,0.0,0.301734,0.0,0.0,0.0,0.0,0.128123,0.0150074,0.138754,0.0912549,0.0729198
244.0,15.4706,0.0355925,0.694564,0.0,0.0,0.0,0.0,0.235273,0.0,0.542148,0.0,0.199309
245.0,15.5039,0.0424006,0.695037,0.0,0.0,0.0,0.0,0.236877,0.0848805,0.579545,0.0,0.247796
246.0,15.5373,0.0409443,0.561729,0.0,0.0,0.0,0.0,0.124532,0.285888,0.464889,0.0,0.134195
247.0,15.5706,0.0304636,0.368959,0.0,0.0,0.0,0.0,0.0825229,0.317626,0.371597,0.0,0.149574
248.0,15.6039,0.0332962,0.199356,0.0,0.0,0.0,0.0,0.1524,0.36648,0.204415,0.0429337,0.0172548
249.0,15.6373,0.0,0.970411,0.0,0.0328215,0.125974,0.0,0.186775,0.120683,0.0,0.0825183,0.0470728
250.0,15.6706,0.0,0.789105,0.0,0.1531,0.448035,0.179601,0.0,0.0,0.0,0.0577673,0.0
251.0,15.7039,0.0249486,0.124049,0.0,0.0758313,0.271914,0.0761218,0.0381416,0.0,0.0,0.177887,0.221549
252.0,15.7373,0.225067,0.0966565,0.0,0.0441284,0.200683,0.0404086,0.0459891,0.0,0.0,0.158038,0.19234
253.0,15.7706,0.154076,0.225522,0.0,0.0306918,0.182105,0.133035,0.0,0.0,0.0,0.0347004,0.109908
254.0,15.8039,0.273284,0.181099,0.0,0.0,0.0747215,0.00775849,0.0335813,0.0066351,0.0,0.0975691,0.0676784
255.0,15.8373,0.431293,0.336462,0.0,0.0652632,0.239939,0.147786,0.0377672,0.00474554,0.0,0.293734,0.162454
256.0,15.8706,0.457139,0.253219,0.0,0.0326376,0.137508,0.0996787,0.0398885,0.0261616,0.0,0.29062,0.0944398
257.0,15.9039,0.584239,0.201066,0.0201743,0.0222989,0.111115,0.25581,0.0,0.0,0.0,0.294418,0.122295
258.0,15.9373,0.678792,0.265402,0.0,0.0116614,0.0868657,0.310853,0.0,0.0,0.0,0.266039,0.106201
259.0,15.9706,0.754336,0.404042,0.0,0.0109481,0.0420588,0.262349,0.0,0.0,0.0,0.199037,0.0754119
260.0,16.0039,0.42941,0.375776,0.0,0.0,0.0,0.273572,0.0,0.0876365,0.103926,0.0,0.0
261.0,16.0373,0.56618,0.221203,0.0106804,0.0594086,0.158087,0.243203,0.0,0.0,0.0428505,0.0,0.0
262.0,16.0706,0.64777,0.122816,0.194351,0.0597811,0.150167,0.417555,0.0,0.0,0.0406322,0.174907,0.0
263.0,16.1039,0.600705,0.198909,0.59293,0.0597143,0.153102,0.441061,0.0,0.0,0.018726,0.319761,0.0
264.0,16.1373,0.601167,0.148083,0.594833,0.0563062,0.147902,0.519395,0.0,0.0,0.0053304,0.498232,0.0
265.0,16.1706,0.602227,0.291365,0.491721,0.0128071,0.0375406,0.617907,0.0,0.0,0.0990135,0.474077,0.0
266.0,16.2039,0.546587,0.153193,0.108282,0.0406337,0.10012,0.404944,0.0,0.0304289,0.0658812,0.267771,0.0591923
267.0,16.2373,0.211918,0.158017,0.0,0.0662205,0.179811,0.0,0.155172,0.0,0.0,0.714731,0.0226718
268.0,16.2706,0.102756,0.083529,0.235253,0.00730985,0.0703888,0.020645,0.0,0.0,0.0199544,0.0,0.0133225
269.0,16.3039,0.258303,0.0,0.230881,0.0299339,0.129953,0.0,0.0506648,0.0,0.00406524,0.295768,0.0917568
270.0,16.3373,0.39962,0.0,0.170876,0.0466172,0.185646,0.0,0.0624596,0.00609386,0.0,0.664334,0.116005
271.0,16.3706,0.0,0.0420432,0.0,0.00822665,0.112441,0.143731,0.0,0.0,0.0932514,0.0,0.12423
272.0,16.4039,0.0,0.0261134,0.0,0.0,0.06854,0.0888337,0.0,0.0,0.0182254,0.0217518,0.178095
273.0,16.4373,0.0,0.0411703,0.0,0.0,0.0339066,0.0414946,0.0,0.0,0.0,0.0476336,0.165675
274.0,16.4706,0.0,0.0626181,0.0,0.0,0.0107932,0.0,0.0447265,0.0,0.00936069,0.0453239,0.133237
275.0,16.5039,0.0,0.206227,0.0,0.0,0.0,0.0,0.0739856,0.00707088,0.107571,0.078678,0.117246
276.0,16.5373,0.0,0.311069,0.0,0.0,0.0,0.0,0.147192,0.0163283,0.14887,0.0703707,0.0694597
277.0,16.5706,0.0427393,0.699855,0.0,0.0,0.0,0.0,0.314948,0.0,0.558597,0.0,0.297787
278.0,16.6039,0.050371,0.699384,0.0,0.0,0.0,0.0,0.294392,0.105186,0.597737,0.0,0.234561
279.0,16.6373,0.0413442,0.558702,0.0,0.0,0.0,0.0,0.130247,0.27128,0.466634,0.0,0.133215
280.0,16.6706,0.0330195,0.373056,0.0,0.0,0.0,0.0,0.0774592,0.311727,0.375158,0.0,0.160719
281.0,16.7039,0.0370055,0.209185,0.0,0.0,0.0,0.0,0.157662,0.381061,0.200811,0.0461416,0.0142678
282.0,16.7373,0.0,0.96749,0.0,0.0368192,0.132952,0.0,0.189641,0.125798,0.0,0.134824,0.0
283.0,16.7706,0.0,0.791113,0.0,0.152422,0.448755,0.203484,0.0,0.0,0.0,0.0568224,0.0
284.0,16.8039,0.00765102,0.23128,0.0,0.0754348,0.277129,0.0867679,0.0384464,0.0,0.0,0.186619,0.212596
285.0,16.8373,0.1921,0.0712397,0.00193065,0.0450987,0.203158,0.0429861,0.0491979,0.0,0.0,0.161773,0.194217
286.0,16.8706,0.166361,0.229449,0.0,0.0279983,0.171786,0.13197,0.0,0.0,0.0,0.0165852,0.098211
287.0,16.9039,0.0924009,0.303114,0.0915038,0.00227422,0.0851855,0.00741502,0.0527444,0.0479043,0.000562258,0.194468,0.0941659
288.0,16.9373,0.404863,0.293642,0.0,0.0678773,0.240688,0.131112,0.0470513,0.0185092,0.0,0.283572,0.197999
289.0,16.9706,0.364413,0.187758,0.0,0.0332786,0.142606,0.120111,0.0448372,0.048326,0.0,0.382645,0.121484
290.0,17.0039,0.490242,0.321511,0.0,0.0282313,0.130815,0.255053,0.0,0.0,0.0,0.373469,0.0851532
291.0,17.0373,0.646406,0.271059,0.00770982,0.0147705,0.0943423,0.354916,0.0,0.0,0.0,0.269845,0.112018
292.0,17.0706,0.672881,0.436606,0.0,0.0,0.013407,0.259856,0.0,0.0,0.0,0.236808,0.0825765
293.0,17.1039,0.43443,0.443482,0.0,0.00234408,0.00907931,0.302073,0.0,0.0,0.0367466,0.082629,0.0
294.0,17.1373,0.577384,0.283431,0.0,0.063786,0.16724,0.26183,0.0,0.0,0.0527306,0.0,0.0
295.0,17.1706,0.622413,0.106611,0.207579,0.0581388,0.146014,0.444118,0.0,0.0,0.0515646,0.183026,0.0
296.0,17.2039,0.470885,0.142649,0.52548,0.0420334,0.112301,0.454702,0.0,0.0,0.0264292,0.344198,0.0
297.0,17.2373,0.581272,0.268285,0.649666,0.0553681,0.146133,0.523216,0.0,0.0,0.0118217,0.473861,0.0
298.0,17.2706,0.627311,0.35495,0.543375,0.0178702,0.050143,0.622672,0.0,0.0,0.106924,0.444994,0.0
299.0,17.3039,0.552347,0.163873,0.169354,0.0327227,0.0798092,0.398092,0.0,0.0388176,0.0709567,0.266349,0.0465062
300.0,17.3373,0.267347,0.161706,0.0,0.0664984,0.178456,0.0,0.134397,0.0,0.0,0.718408,0.032054
301.0,17.3706,0.109685,0.128953,0.275393,0.00712349,0.0687902,0.03737,0.0,0.0,0.0214854,0.000166118,0.00854334
302.0,17.4039,0.264897,0.0,0.254883,0.0285267,0.122539,0.0,0.0372439,0.0,0.00261241,0.29859,0.102914
303.0,17.4373,0.207761,0.0165571,0.283398,0.0233414,0.134679,0.0,0.132666,0.0433222,0.0015368,0.65448,0.173293
304.0,17.4706,0.0,0.0375003,0.0,0.00515669,0.102938,0.12024,0.0,0.0,0.091727,0.0,0.156096
305.0,17.5039,0.0,0.0388421,0.0,0.0,0.0594072,0.110759,0.0,0.0,0.0180419,0.029351,0.197855
306.0,17.5373,0.0,0.0409339,0.0,0.0,0.0431595,0.00960577,0.0,0.0,0.0,0.0825432,0.165943
307.0,17.5706,0.0,0.0548531,0.0,0.0,0.00352329,0.0,0.0357173,9.12994e-05,0.00521492,0.128858,0.134935
308.0,17.6039,0.0,0.239235,0.0,0.0,0.0,0.0,0.0893851,0.00802454,0.134738,0.129743,0.11018
309.0,17.6373,0.0,0.286714,0.0,0.0,0.0,0.0,0.117331,0.0141312,0.132453,0.119179,0.0553693
310.0,17.6706,0.0249467,0.673643,0.0,0.0,0.0,0.0,0.247123,0.0,0.510897,0.0,0.245893
311.0,17.7039,0.0354359,0.678535,0.0,0.0,0.0,0.0,0.245938,0.104678,0.584221,0.0,0.248074
312.0,17.7373,0.0318964,0.533647,0.0,0.0,0.0,0.0,0.096155,0.25755,0.457732,0.0,0.135175
313.0,17.7706,0.0208978,0.328748,0.0,0.0,0.0,0.0,0.0699587,0.297888,0.330744,0.0024488,0.130514
314.0,17.8039,0.029429,0.173752,0.0,0.0,0.0,0.0,0.113229,0.331846,0.195423,0.0361272,0.021327
315.0,17.8373,0.0,0.961954,0.0,0.0387189,0.140999,0.0,0.164229,0.108157,0.0,0.0839672,0.0
316.0,17.8706,0.0,0.741576,0.0,0.118779,0.361904,0.220041,0.0,0.0,0.0,0.0,0.0
317.0,17.9039,0.0439963,0.154727,0.0,0.0839241,0.295518,0.104938,0.026471,0.0,0.0,0.163741,0.185758
318.0,17.9373,0.176349,0.0566809,0.0,0.043997,0.198164,0.0445294,0.0427533,0.0,0.0,0.162436,0.14453
319.0,17.9706,0.168342,0.221195,0.0,0.0327053,0.182438,0.184213,0.0,0.0,0.0,0.0,0.0837266
320.0,18.0039,0.197201,0.22074,0.0615929,0.0,0.0895456,0.0343118,0.0,0.0,0.0,0.0810005,0.0964968
321.0,18.0373,0.439728,0.340631,0.0,0.0718177,0.253289,0.134126,0.0485461,0.019174,0.0,0.29432,0.14246
322.0,18.0706,0.468584,0.16795,0.0,0.0292311,0.133919,0.12353,0.0456922,0.0514846,0.0,0.402381,0.107254
323.0,18.1039,0.55701,0.132685,0.0275036,0.0213509,0.108233,0.282257,0.0,0.0,0.0,0.336637,0.098861
324.0,18.1373,0.701449,0.17063,0.0,0.0110216,0.0816726,0.345238,0.0,0.0,0.0,0.328588,0.114342
325.0,18.1706,0.779062,0.349975,0.0,0.0122565,0.0424563,0.261471,0.0,0.0,0.0,0.255991,0.0789331
326.0,18.2039,0.503547,0.387569,0.0,0.0,0.0,0.27842,0.0,0.0,0.00950895,0.176536,0.0
327.0,18.2373,0.639308,0.277037,0.0,0.0720137,0.184075,0.228125,0.0,0.0,0.0190564,0.0,0.0
328.0,18.2706,0.572864,0.0188483,0.258662,0.0607015,0.153801,0.383989,0.0,0.0,0.0254539,0.178534,0.0
329.0,18.3039,0.503561,0.039843,0.455049,0.0606884,0.157712,0.436379,0.0,0.0,0.0203339,0.327076,0.0
330.0,18.3373,0.510705,0.202047,0.640428,0.0539256,0.146733,0.488297,0.0,0.0,0.000442553,0.485693,0.0
331.0,18.3706,0.66445,0.342274,0.514944,0.02038,0.0620341,0.614321,0.0,0.0,0.0474888,0.576886,0.0
332.0,18.4039,0.516356,0.267098,0.194928,0.0181554,0.0460188,0.37851,0.0,0.0429028,0.0861321,0.181237,0.0415246
333.0,18.4373,0.292365,0.175712,0.0,0.0642447,0.169755,0.0,0.147091,0.0,0.0,0.755886,0.0862918
334.0,18.4706,0.152801,0.0966235,0.292551,0.00406101,0.059306,0.0798928,0.0,0.0,0.0166945,0.0332064,0.00254443
335.0,18.5039,0.283932,0.0,0.228409,0.0328221,0.132369,0.0,0.0535295,0.0,0.00284246,0.280372,0.0857859
336.0,18.5373,0.50288,0.0,0.218755,0.0536945,0.19146,0.0,0.098187,0.0156852,0.0,0.667694,0.0852218
337.0,18.5706,0.0,0.0265656,0.0,0.0122145,0.118638,0.117264,0.0,0.0,0.073505,0.0,0.109913
338.0,18.6039,0.0,0.027466,0.0,0.00123471,0.083009,0.0655823,0.0,0.0,0.0500326,0.0,0.137571
339.0,18.6373,0.0,0.0354629,0.0,0.0,0.0382076,0.0434361,0.0,0.0,0.0,0.0527914,0.168184
340.0,18.6706,0.0,0.0630186,0.0,0.0,0.00776925,0.0,0.0570931,0.00506118,0.0153912,0.0362417,0.134055
341.0,18.7039,0.0,0.194217,0.0,0.0,0.0,0.0,0.0754369,0.00939791,0.10245,0.083059,0.122456
342.0,18.7373,0.0,0.293751,0.0,0.0,0.0,0.0,0.139228,0.0171872,0.132527,0.0917574,0.066583
343.0,18.7706,0.043946,0.704551,0.0,0.0,0.0,0.0,0.255387,0.00322128,0.538421,0.0,0.259391
344.0,18.8039,0.049664,0.71058,0.0,0.0,0.0,0.0,0.289881,0.129576,0.604268,0.0,0.181392
345.0,18.8373,0.0370283,0.562527,0.0,0.0,0.0,0.0,0.135743,0.257189,0.472292,0.0,0.136091
346.0,18.8706,0.0294293,0.375688,0.0,0.0,0.0,0.0,0.0802845,0.306902,0.375278,0.0,0.148922
347.0,18.9039,0.0354193,0.217949,0.0,0.0,0.0,0.0,0.143114,0.378992,0.20302,0.0449782,0.0137799
348.0,18.9373,0.0,0.966507,0.0,0.0322077,0.122749,0.0,0.185216,0.125459,0.0,0.113087,0.0340703
349.0,18.9706,0.0,0.789297,0.0,0.149622,0.443445,0.187702,0.0,0.0,0.0,0.0812446,0.0
350.0,19.0039,0.0114039,0.200775,0.0,0.0773543,0.280662,0.0875134,0.0381085,0.0,0.0,0.190716,0.201468
351.0,19.0373,0.177844,0.0661267,0.0,0.05381,0.223796,0.0516043,0.0521994,0.00263469,0.0,0.178965,0.211541
352.0,19.0706,0.175257,0.214354,0.0,0.0327992,0.185938,0.124514,0.0,0.0,0.0,0.0294651,0.113309
353.0,19.1039,0.182419,0.221203,0.0637309,0.0109308,0.112685,0.018495,0.0529451,0.0397865,0.0,0.201845,0.0983055
354.0,19.1373,0.420239,0.338195,0.0,0.0812556,0.27855,0.138711,0.0605769,0.0280792,0.0,0.321921,0.223251
355.0,19.1706,0.438599,0.248849,0.0,0.0343308,0.151097,0.156569,0.0356425,0.0558176,0.0,0.447778,0.112761
356.0,19.2039,0.492686,0.275918,0.0,0.0197042,0.113681,0.318009,0.0,0.0,0.0,0.351809,0.10691
357.0,19.2373,0.647294,0.211173,0.0,0.00800605,0.0765514,0.383668,0.0,0.0,0.0,0.263193,0.128634
358.0,19.2706,0.673433,0.42768,0.0,0.0,0.00892112,0.247155,0.0,0.0,0.0,0.231663,0.0857057
359.0,19.3039,0.434818,0.376825,0.0,0.00430281,0.0161805,0.291065,0.0,0.0,0.0328584,0.0919999,0.0
360.0,19.3373,0.575974,0.281142,0.0,0.0643598,0.167349,0.260581,0.0,0.0,0.0459659,0.0,0.0
361.0,19.3706,0.645921,0.222084,0.0673451,0.0649849,0.158306,0.446372,0.0,0.0,0.0493173,0.176021,0.0
362.0,19.4039,0.559975,0.223024,0.582593,0.0589213,0.151846,0.47052,0.0,0.0,0.0301445,0.31527,0.0
363.0,19.4373,0.540134,0.217533,0.639113,0.0513013,0.137707,0.518051,0.0,0.0,0.0109043,0.482309,0.0
364.0,19.4706,0.673427,0.354861,0.484553,0.0199705,0.0584019,0.616119,0.0,0.0,0.0589,0.5769,0.0
365.0,19.5039,0.583966,0.176018,0.158033,0.0335719,0.0814839,0.379883,0.0,0.0430179,0.0782658,0.218834,0.0271025
366.0,19.5373,0.287468,0.14478,0.0,0.0643482,0.169605,0.0,0.138723,0.0,0.0,0.740462,0.126212
367.0,19.5706,0.169852,0.0575475,0.245765,0.00804639,0.0661782,0.0882246,0.0,0.0,0.02551,0.0213248,0.00426255
368.0,19.6039,0.288701,0.0,0.229259,0.032802,0.131653,0.0,0.0451136,0.0,0.00421902,0.267137,0.0355356
369.0,19.6373,0.390579,0.0,0.0549916,0.016072,0.100276,0.0,0.141699,0.010448,0.0,0.611731,0.175831
370.0,19.6706,0.0,0.0357893,0.0,0.00257439,0.0946103,0.14547,0.0,0.0,0.0947854,0.0,0.155832
371.0,19.7039,0.0,0.0250029,0.0,0.0,0.0769777,0.108163,0.0,0.0,0.0316052,0.00581036,0.207427
372.0,19.7373,0.0,0.035649,0.0,0.0,0.0240132,0.093373,0.0,0.0,0.0,0.0952078,0.104963
373.0,19.7706,0.0,0.0634984,0.0,0.0,0.00173684,0.0,0.0682459,0.0163052,0.0187788,0.0693998,0.131801
374.0,19.8039,0.0,0.221271,0.0,0.0,0.0,0.0,0.0896887,0.00760366,0.12687,0.10947,0.119625
375.0,19.8373,0.0,0.269604,0.0,0.0,0.0,0.0,0.109625,0.015111,0.113154,0.130789,0.0514508
376.0,19.8706,0.0301699,0.696116,0.0,0.0,0.0,0.0,0.275048,0.0,0.532061,0.0,0.198177
377.0,19.9039,0.0379888,0.687094,0.0,0.0,0.0,0.0,0.28005,0.0920866,0.595833,0.0,0.236551
378.0,19.9373,0.0355331,0.549434,0.0,0.0,0.0,0.0,0.115421,0.271443,0.462466,0.0,0.132193
379.0,19.9706,0.0255533,0.350422,0.0,0.0,0.0,0.0,0.077127,0.306669,0.350468,0.00207763,0.131093
380.0,20.0039,0.0126999,0.149993,0.0,0.0,0.0,0.0,0.145444,0.354551,0.193113,0.110096,0.0
381.0,20.0373,0.0,0.967296,0.0,0.0405878,0.141136,0.0,0.184603,0.118965,0.0,0.124476,0.0498259
382.0,20.0706,0.0,0.722729,0.0,0.137579,0.410311,0.206472,0.0,0.0,0.0,0.0,0.0
383.0,20.1039,0.00948025,0.199579,0.0,0.0844678,0.298835,0.0905143,0.0377745,0.0,0.0,0.182558,0.205366
384.0,20.1373,0.189058,0.0694055,0.0,0.0464828,0.204438,0.037088,0.0473812,0.0,0.0,0.151965,0.201365
385.0,20.1706,0.172741,0.242706,0.0,0.0265951,0.171375,0.154288,0.0,0.0,0.0,0.0,0.0852597
386.0,20.2039,0.212964,0.258085,0.0305256,0.0,0.0451183,0.0102473,0.00192826,0.0,0.0,0.0492022,0.101333
387.0,20.2373,0.451636,0.367027,0.0,0.0582505,0.217305,0.138815,0.0173087,0.0,0.0,0.219139,0.124194
388.0,20.2706,0.449876,0.287719,0.00458383,0.023872,0.107596,0.0689935,0.0498104,0.04286,0.0,0.280652,0.0742176
389.0,20.3039,0.567019,0.256116,0.0,0.0223979,0.0975766,0.167557,0.00454077,0.0,0.0,0.327889,0.104484
390.0,20.3373,0.659306,0.317209,0.0,0.00970041,0.0704102,0.277481,0.0,0.0,0.0,0.255819,0.0833373
391.0,20.3706,0.726391,0.393676,0.0,0.00713435,0.0275151,0.219686,0.0,0.0,0.0,0.174237,0.0594313
392.0,20.4039,0.489936,0.397101,0.0,0.0,0.00372443,0.247047,0.0,0.0,0.0187201,0.0803021,0.0
393.0,20.4373,0.631529,0.275012,0.0,0.069563,0.181055,0.249293,0.0,0.0,0.0570341,0.0,0.0
394.0,20.4706,0.682734,0.0965751,0.223185,0.0572403,0.142523,0.444742,0.0,0.0,0.0628516,0.147402,0.0
395.0,20.5039,0.591376,0.200605,0.606714,0.0588947,0.151677,0.445356,0.0,0.0,0.0217446,0.306873,0.0
396.0,20.5373,0.655294,0.244082,0.635545,0.0603462,0.156512,0.542165,0.0,0.0,0.0119439,0.482773,0.0
397.0,20.5706,0.573896,0.315936,0.506221,0.01638,0.0518272,0.536293,0.0,0.0,0.0528359,0.453037,0.0
398.0,20.6039,0.0,0.0746597,0.0878343,0.149165,0.351043,0.0,0.818698,0.0,0.0,0.624366,0.48004
399.0,20.6373,0.337813,0.0,0.162267,0.0258376,0.0873625,0.172487,0.0,0.0,0.0135212,0.118991,0.00248374
400.0,20.6706,0.0428333,0.0615482,0.127324,0.000245632,0.0539842,0.0200228,0.0,0.00660602,0.00773855,0.0288357,0.105935
401.0,20.7039,0.324122,0.0,0.251304,0.0261883,0.1168,0.0,0.0122537,0.0,0.0,0.358809,0.0199414
402.0,20.7373,0.179782,0.0,0.0,0.0,0.0553806,0.0,0.210673,0.0228133,0.0,0.602133,0.226212
403.0,20.7706,0.0,0.0385869,0.0,0.01587,0.124046,0.0485871,0.0,0.0,0.098819,0.0,0.168838
404.0,20.8039,0.0,0.0406913,0.0,0.0,0.0617107,0.145335,0.0,0.0,0.0321363,0.00802251,0.223287
405.0,20.8373,0.0,0.0502541,0.0,0.0,0.0363088,0.0770292,0.0,0.0,0.0,0.0549937,0.178456
406.0,20.8706,0.0,0.0749765,0.0,0.0,0.0034847,0.0,0.068675,0.0114451,0.0174835,0.0847062,0.143814
407.0,20.9039,0.0,0.262807,0.0,0.0,0.0,0.0,0.105757,0.0042064,0.144974,0.119464,0.129494
408.0,20.9373,0.0,0.372349,0.0,0.0,0.0,0.0,0.199216,0.00798621,0.209372,0.0791863,0.086136
409.0,20.9706,0.0521354,0.704164,0.0,0.0,0.0,0.0,0.319429,0.0134468,0.543454,0.0,0.271733
410.0,21.0039,0.0498302,0.709011,0.0,0.0,0.0,0.0,0.281701,0.162157,0.600075,0.0,0.172404
411.0,21.0373,0.0340763,0.547454,0.0,0.0,0.0,0.0,0.140478,0.266966,0.476421,0.0,0.142624
412.0,21.0706,0.0228957,0.354681,0.0,0.0,0.0,0.0,0.073514,0.297454,0.370346,0.0,0.157906
413.0,21.1039,0.0348083,0.203366,0.0,0.0,0.0,0.0,0.160665,0.385214,0.192521,0.0500559,0.00900441
414.0,21.1373,0.0,0.966298,0.0,0.0369122,0.134335,0.0,0.17522,0.114398,0.0,0.100177,0.0274206
415.0,21.1706,0.0,0.770983,0.0,0.13417,0.403119,0.243889,0.0,0.0,0.0,0.0227219,0.0
416.0,21.2039,0.075471,0.165879,0.0,0.0849159,0.296293,0.0921741,0.0372449,0.0,0.0,0.186713,0.244818
417.0,21.2373,0.216775,0.101611,0.0,0.0560271,0.239771,0.0728561,0.0490153,0.000603002,0.0,0.187102,0.254245
418.0,21.2706,0.255658,0.122585,0.0,0.0404022,0.211058,0.106522,0.0,0.0,0.0,0.0732941,0.136069
419.0,21.3039,0.286194,0.186381,0.0103444,0.0390466,0.179436,0.0433889,0.0717592,0.0479682,0.0,0.234363,0.137217
420.0,21.3373,0.49175,0.352564,0.0,0.0636404,0.239376,0.14301,0.0627485,0.0477612,0.0,0.384283,0.214271
421.0,21.3706,0.444771,0.250517,0.0,0.0313909,0.140937,0.158994,0.0157268,0.0190228,0.0,0.37281,0.146616
422.0,21.4039,0.57889,0.194585,0.0,0.0264156,0.13314,0.365862,0.0,0.0,0.0,0.318716,0.161094
423.0,21.4373,0.68943,0.243912,0.0,0.0142344,0.0961382,0.374321,0.0,0.0,0.0,0.296768,0.133419
424.0,21.4706,0.731453,0.406602,0.0,0.0118043,0.0428067,0.268066,0.0,0.0,0.0,0.219856,0.0898113
425.0,21.5039,0.421228,0.36799,0.0,0.0,0.0,0.279166,0.0,0.0369611,0.0837489,0.0,0.0
426.0,21.5373,0.535733,0.188325,0.0310464,0.0591676,0.155057,0.257611,0.0,0.0,0.031426,0.0,0.0
427.0,21.5706,0.593289,0.128555,0.299835,0.0583449,0.148337,0.390577,0.0,0.0,0.0300741,0.184512,0.0
428.0,21.6039,0.533099,0.281631,0.622559,0.058722,0.151962,0.446936,0.0,0.0,0.0189772,0.333696,0.0
429.0,21.6373,0.54673,0.371283,0.710906,0.0537395,0.144037,0.520843,0.0,0.0,0.00184981,0.511242,0.0
430.0,21.6706,0.663304,0.47035,0.549813,0.0186856,0.0585501,0.61852,0.0,0.0,0.0350024,0.606356,0.0
431.0,21.7039,0.479558,0.39144,0.262428,0.0120695,0.0370297,0.376296,0.0,0.0619622,0.0820485,0.206584,0.0109858
432.0,21.7373,0.306176,0.269638,0.0,0.0671542,0.181849,0.0,0.127577,0.0,0.0,0.763263,0.109568
433.0,21.7706,0.142012,0.246866,0.345707,0.00801373,0.07057,0.0857328,0.0,0.0,0.0203126,0.0126082,0.0
434.0,21.8039,0.307195,0.0,0.217371,0.0377153,0.14427,0.0,0.0450099,0.0,0.00541282,0.264871,0.0693926
435.0,21.8373,0.388541,0.0,0.0336255,0.0270665,0.123823,0.0,0.1602,0.0,0.00184755,0.533316,0.143444
436.0,21.8706,0.0,0.0308728,0.0,0.00177344,0.0938802,0.141954,0.0,0.0,0.10107,0.0,0.155849
437.0,21.9039,0.0,0.033277,0.0,0.0,0.0710053,0.104589,0.0,0.0,0.0225432,0.0213903,0.204818
438.0,21.9373,0.0,0.0372124,0.0,0.0,0.0197118,0.0909693,0.0,0.0,0.0,0.0972086,0.113589
439.0,21.9706,0.0,0.0768173,0.0,0.0,0.0,0.0,0.0801061,0.012177,0.0334876,0.0652959,0.117466
440.0,22.0039,0.0,0.217796,0.0,0.0,0.0,0.0,0.0929342,0.00947169,0.12433,0.107331,0.107968
441.0,22.0373,0.0,0.319778,0.0,0.0,0.0,0.0,0.154881,0.0128181,0.162933,0.0855598,0.0600527
442.0,22.0706,0.0361367,0.690379,0.0,0.0,0.0,0.0,0.291269,0.00184452,0.561791,0.0,0.146507
443.0,22.1039,0.0342075,0.677653,0.0,0.0,0.0,0.0,0.256831,0.0894663,0.586198,0.0,0.241737
444.0,22.1373,0.034831,0.532692,0.0,0.0,0.0,0.0,0.11597,0.262977,0.454302,0.0,0.129063
445.0,22.1706,0.0224414,0.338639,0.0,0.0,0.0,0.0,0.069006,0.2902,0.33719,0.00369622,0.121846
446.0,22.2039,0.0323404,0.187626,0.0,0.0,0.0,0.0,0.122653,0.342726,0.204328,0.0362346,0.021549
447.0,22.2373,0.0,0.964813,0.0,0.0304047,0.117162,0.0,0.183414,0.122203,0.0,0.104225,0.00464997
448.0,22.2706,0.0,0.825583,0.0,0.152783,0.443532,0.15368,0.0,0.0,0.0,0.0801519,0.0782167
449.0,22.3039,0.0138377,0.314128,0.00272195,0.0734523,0.266967,0.0700426,0.0298773,0.0,0.0,0.121856,0.148155
450.0,22.3373,0.138213,0.0459269,0.00534922,0.0391665,0.182308,0.0445598,0.0382241,0.0,0.0,0.15702,0.160348
451.0,22.3706,0.118191,0.146715,0.0,0.0154902,0.135142,0.162962,0.0,0.0,0.0,0.0270791,0.0480811
452.0,22.4039,0.146701,0.235933,0.0104583,0.0,0.0401256,0.032108,0.0,0.0,0.0,0.00881791,0.0940372
453.0,22.4373,0.380386,0.322588,0.000182416,0.0603849,0.220499,0.136805,0.0268996,0.0,0.0,0.22923,0.13634
454.0,22.4706,0.435817,0.259464,0.0122762,0.0278323,0.117519,0.0889251,0.0468661,0.0390031,0.0,0.294155,0.117603
455.0,22.5039,0.528236,0.28061,0.0,0.01919,0.0910244,0.1682,0.00606828,0.0136748,0.0,0.363935,0.105376
456.0,22.5373,0.647684,0.34502,0.0,0.00839005,0.0676264,0.294048,0.0,0.0,0.0,0.269671,0.0887675
457.0,22.5706,0.7044,0.389965,0.0,0.00338644,0.0168386,0.212241,0.0,0.0,0.0,0.186132,0.0694697
458.0,22.6039,0.480405,0.404031,0.0,0.0,8.1975e-05,0.248088,0.0,0.00293768,0.0190902,0.105658,0.0
459.0,22.6373,0.603494,0.28508,0.00267892,0.0602072,0.158874,0.27611,0.0,0.0,0.0648834,0.0,0.0
460.0,22.6706,0.639897,0.220662,0.283362,0.0498752,0.128131,0.42083,0.0,0.0,0.0647961,0.13299,0.0
461.0,22.7039,0.598706,0.187617,0.567567,0.0599431,0.152514,0.44609,0.0,0.0,0.0259937,0.300592,0.0
462.0,22.7373,0.637984,0.230307,0.638098,0.0601634,0.157605,0.544312,0.0,0.0,0.0111499,0.490631,0.0
463.0,22.7706,0.604868,0.324058,0.522518,0.0217483,0.0661648,0.549053,0.0,0.0,0.0673814,0.421631,0.0
464.0,22.8039,0.0,0.0668036,0.0,0.117548,0.296935,0.0,0.510783,0.0,0.0,0.596615,0.817542
465.0,22.8373,0.259274,0.444386,0.472246,0.0,0.0,0.196086,0.0,0.0229052,0.0391576,0.214042,0.0
466.0,22.8706,0.040981,0.152216,0.285112,0.0,0.0,0.0441711,0.0,0.0261982,0.0,0.112525,0.109718
467.0,22.9039,0.328292,0.0,0.261298,0.0358183,0.136141,0.0,0.049642,0.0,0.0,0.31776,0.00867456
468.0,22.9373,0.452162,0.0,0.245433,0.0468633,0.166028,0.0,0.195639,0.0377986,0.0,0.72699,0.11896
469.0,22.9706,0.0,0.0349494,0.0,0.00869252,0.114118,0.105579,0.0,0.0,0.0864678,0.0,0.147848
470.0,23.0039,0.0,0.0500138,0.0,0.00308729,0.0908514,0.0836251,0.0,0.0,0.0712786,0.0,0.152173
471.0,23.0373,0.0,0.0562608,0.0,0.0,0.0276513,0.0987646,0.0,0.0,0.00756466,0.0218644,0.180057
472.0,23.0706,0.0,0.0647244,0.0,0.0,0.00608003,0.0,0.0105585,0.0,0.00219655,0.0404875,0.135418
473.0,23.1039,0.0,0.177913,0.0,0.0,0.0,0.0,0.060023,0.00456441,0.0840851,0.0767705,0.123078
474.0,23.1373,0.0,0.376101,0.0,0.0,0.0,0.0,0.19064,0.011339,0.201784,0.0426551,0.0765666
475.0,23.1706,0.0439335,0.706311,0.0,0.0,0.0,0.0,0.293042,0.0400609,0.556611,0.0,0.0930488
476.0,23.2039,0.0603837,0.707727,0.0,0.0,0.0,0.0,0.291479,0.14736,0.589106,0.0,0.194669
477.0,23.2373,0.0398845,0.560805,0.0,0.0,0.0,0.0,0.147553,0.258331,0.482531,0.0,0.148008
478.0,23.2706,0.0313504,0.383869,0.0,0.0,0.0,0.0,0.0643047,0.29758,0.383358,0.0,0.161127
479.0,23.3039,0.0465466,0.260295,0.0,0.0,0.0,0.0,0.13018,0.404757,0.197554,0.0173946,0.0436751
480.0,23.3373,0.0,0.968369,0.0,0.0341714,0.128875,0.0,0.191644,0.129774,0.0,0.134278,0.029941
481.0,23.3706,0.0,0.761867,0.0,0.149514,0.446779,0.178712,0.0,0.0,0.0,0.0518961,0.0
482.0,23.4039,0.0201747,0.114556,0.0,0.081222,0.288293,0.0787416,0.0474663,0.0,0.0,0.184569,0.221679
483.0,23.4373,0.161811,0.0651116,0.00702006,0.0548909,0.235035,0.0643642,0.0520411,0.00203396,0.0,0.172901,0.239228
484.0,23.4706,0.181456,0.100007,0.0,0.0301338,0.18621,0.0797565,0.0,0.0,0.0,0.0726994,0.129709
485.0,23.5039,0.23929,0.186724,0.0492335,0.0366127,0.17528,0.0375544,0.0713617,0.0508072,0.0,0.224173,0.142546
486.0,23.5373,0.441115,0.326891,0.0,0.0625083,0.237171,0.134156,0.0687683,0.0575416,0.0,0.382791,0.184813
487.0,23.5706,0.436511,0.193396,0.0,0.02744,0.132677,0.161087,0.0200878,0.0259298,0.0,0.391125,0.147755
488.0,23.6039,0.518858,0.192401,0.0,0.0190767,0.115382,0.344807,0.0,0.0,0.0,0.34729,0.141617
489.0,23.6373,0.681265,0.202901,0.000191119,0.0142559,0.0973379,0.385587,0.0,0.0,0.0,0.318439,0.140358
490.0,23.6706,0.726135,0.374905,0.0,0.00913518,0.0342644,0.261535,0.0,0.0,0.0,0.204698,0.101052
491.0,23.7039,0.448961,0.399223,0.0,0.000110615,0.00368281,0.310711,0.0,0.0,0.0482305,0.0698741,0.0
492.0,23.7373,0.602,0.254279,0.000219177,0.0661914,0.171138,0.26034,0.0,0.0,0.0484902,0.0,0.0
493.0,23.7706,0.586071,0.0980481,0.308825,0.0559366,0.140874,0.41505,0.0,0.0,0.0443394,0.176463,0.0
494.0,23.8039,0.529841,0.280616,0.636418,0.0562498,0.146658,0.444677,0.0,0.0,0.0193331,0.332805,0.0
495.0,23.8373,0.554739,0.368337,0.706847,0.0520939,0.14025,0.536851,0.0,0.0,0.00751223,0.514244,0.0
496.0,23.8706,0.639866,0.44954,0.534465,0.0267706,0.085032,0.538882,0.0,0.00650577,0.0202621,0.575662,0.0
497.0,23.9039,0.121477,0.1677,0.192569,0.152087,0.33984,0.0,0.809085,0.0,0.0,0.80569,0.40088
498.0,23.9373,0.359626,0.174056,0.236433,0.0164427,0.0629108,0.156032,0.0,0.0,0.0196382,0.0881129,0.0190814
499.0,23.9706,0.135814,0.0488764,0.19482,0.0,0.0303423,0.0324577,0.0,0.00672248,0.0,0.0626984,0.0914751
500.0,24.0039,0.36183,0.0,0.207191,0.0366539,0.136081,0.0,0.0931589,0.0,1.42306e-05,0.362659,0.0956375
501.0,24.0373,0.22373,0.00217345,0.195842,0.0164771,0.108282,0.0,0.22503,0.0496383,0.0,0.682653,0.187491
502.0,24.0706,0.0,0.0353395,0.0,0.0069091,0.104485,0.0811241,0.0,0.0,0.0933613,0.0,0.162112
503.0,24.1039,0.0,0.0350516,0.0,0.0,0.0728469,0.131841,0.0,0.0,0.0286399,0.00418796,0.192072
504.0,24.1373,0.0,0.0466346,0.0,0.0,0.0288599,0.0530249,0.0,0.0,0.0,0.0408301,0.171885
505.0,24.1706,0.0,0.0620098,0.0,0.0,0.000950332,0.0,0.0345443,0.0,0.00985269,0.111107,0.130602
506.0,24.2039,0.0,0.229567,0.0,0.0,0.0,0.0,0.0929387,0.00454102,0.126009,0.125806,0.119122
507.0,24.2373,0.0,0.34336,0.0,0.0,0.0,0.0,0.161762,0.0093492,0.176835,0.0966409,0.0629515
508.0,24.2706,0.0435802,0.702801,0.0,0.0,0.0,0.0,0.293578,0.00973166,0.544449,0.0,0.217393
509.0,24.3039,0.0412812,0.696433,0.0,0.0,0.0,0.0,0.282343,0.126243,0.602883,0.0,0.172617
510.0,24.3373,0.0297294,0.537988,0.0,0.0,0.0,0.0,0.144936,0.249186,0.47761,0.0,0.13427
511.0,24.3706,0.0201452,0.351259,0.0,0.0,0.0,0.0,0.0700188,0.290685,0.361679,0.0,0.124205
512.0,24.4039,0.0342697,0.200251,0.0,0.0,0.0,0.0,0.133566,0.3617,0.20516,0.0397985,0.0163806
513.0,24.4373,0.0,0.956721,0.0,0.0232136,0.102642,0.0,0.160191,0.105161,0.0,0.0208642,0.0
514.0,24.4706,0.0,0.764118,0.0,0.133572,0.406745,0.18969,0.0,0.0,0.0,0.0459788,0.0
515.0,24.5039,0.012523,0.251081,0.0,0.0826438,0.294693,0.097626,0.0376153,0.0,0.0,0.184905,0.194089
516.0,24.5373,0.133373,0.0510166,0.0193887,0.0509417,0.214955,0.0525929,0.0510483,0.00678249,0.0,0.179424,0.179586
517.0,24.5706,0.171769,0.223405,0.0,0.0275846,0.175149,0.151017,0.0,0.0,0.0,0.0,0.105918
518.0,24.6039,0.126294,0.251676,0.122933,0.0,0.0787994,0.011303,0.0277964,0.0282766,0.0,0.166622,0.0933639
519.0,24.6373,0.430377,0.300056,0.00578766,0.0727703,0.254038,0.154358,0.0400198,0.00566101,0.0,0.292441,0.180532
520.0,24.6706,0.451512,0.181578,0.0,0.029696,0.134104,0.147571,0.0333618,0.0468095,0.0,0.4162,0.11075
521.0,24.7039,0.498706,0.19505,0.0,0.0204998,0.111166,0.316853,0.0,0.0,0.0,0.387764,0.130948
522.0,24.7373,0.652764,0.232887,0.0,0.0120186,0.0877407,0.394605,0.0,0.0,0.0,0.297065,0.120488
523.0,24.7706,0.709911,0.350031,0.0,0.00413444,0.0196579,0.247801,0.0,0.0,0.0,0.220621,0.0850187
524.0,24.8039,0.478613,0.364747,0.0,4.12841e-05,0.00130803,0.299413,0.0,0.0,0.0296029,0.124174,0.0
525.0,24.8373,0.613248,0.266514,0.0,0.0698308,0.178663,0.259052,0.0,0.0,0.0627546,0.0,0.0
526.0,24.8706,0.645995,0.127681,0.202401,0.0599653,0.147782,0.397188,0.0,0.0,0.0438048,0.147463,0.0
527.0,24.9039,0.533704,0.186606,0.575207,0.0554416,0.143343,0.447822,0.0,0.0,0.0241147,0.317942,0.0
528.0,24.9373,0.551758,0.292404,0.670775,0.0526969,0.14197,0.542835,0.0,0.0,0.0105669,0.508731,0.0
529.0,24.9706,0.639463,0.408237,0.515772,0.0233329,0.0746928,0.543177,0.0,0.0,0.030407,0.566823,0.0
530.0,25.0039,0.0193999,0.0713234,0.0,0.11437,0.289876,0.0,0.520258,0.0,0.0,0.588815,0.793929
531.0,25.0373,0.304019,0.262992,0.468573,0.0,0.0,0.199638,0.0,0.0310748,0.0439338,0.215831,0.0
532.0,25.0706,0.106175,0.210036,0.233886,0.0,0.0266424,0.0,0.0673081,0.0114863,0.0,0.0922674,0.0774407
533.0,25.1039,0.367992,0.0,0.263723,0.0335693,0.127006,0.0,0.0607564,0.0,0.0,0.398847,0.0143659
534.0,25.1373,0.347244,0.0,0.362844,0.0416637,0.155789,0.0,0.228052,0.0522613,0.0,0.731215,0.0601576
535.0,25.1706,0.0,0.0169283,0.0,0.0,0.0797507,0.157804,0.0,0.0,0.0514354,0.0,0.221551
536.0,25.2039,0.0,0.0365319,0.0,0.00719742,0.0982917,0.0492319,0.0,0.0,0.0654089,0.0,0.176188
537.0,25.2373,0.0,0.0473159,0.0,0.0,0.0416552,0.0406046,0.0,0.0,0.0,0.0164631,0.183147
538.0,25.2706,0.0,0.0629695,0.0,0.0,0.0024888,0.0,0.0385603,0.0,0.0125685,0.0454919,0.13939
539.0,25.3039,0.0,0.159855,0.0,0.0,0.0,0.0,0.0662265,0.0116915,0.0828289,0.106172,0.130868
540.0,25.3373,0.0,0.298132,0.0,0.0,0.0,0.0,0.130906,0.0135434,0.137064,0.0905549,0.06505
541.0,25.3706,0.0413783,0.693141,0.0,0.0,0.0,0.0,0.28562,0.0,0.535803,0.0,0.228468
542.0,25.4039,0.0442308,0.702486,0.0,0.0,0.0,0.0,0.290244,0.106668,0.599571,0.0,0.180765
543.0,25.4373,0.0361283,0.566401,0.0,0.0,0.0,0.0,0.153932,0.256442,0.485151,0.0,0.134281
544.0,25.4706,0.0306141,0.380934,0.0,0.0,0.0,0.0,0.0792443,0.308173,0.377732,0.0,0.147385
545.0,25.5039,0.0364566,0.218614,0.0,0.0,0.0,0.0,0.139768,0.375026,0.216414,0.0401321,0.0181684
546.0,25.5373,0.0,0.971531,0.0,0.0398172,0.134449,0.0,0.212304,0.149632,0.0,0.24126,0.0975953
547.0,25.5706,0.0,0.805889,0.0,0.151425,0.447139,0.172608,0.0,0.0,0.0,0.105639,0.00620924
548.0,25.6039,0.0171579,0.217582,0.0,0.0752051,0.274187,0.0863169,0.0386498,0.0,0.0,0.180906,0.199599
549.0,25.6373,0.148796,0.0586492,0.0129895,0.0536831,0.222719,0.0564814,0.0524869,0.00881106,0.0,0.18836,0.218133
550.0,25.6706,0.144347,0.204302,0.0,0.0242942,0.169631,0.141527,0.0,0.0,0.0,0.0352372,0.0815123
551.0,25.7039,0.183876,0.0659863,0.00837118,0.00470337,0.0927931,0.0189665,0.0533002,0.0391526,0.0,0.193827,0.0755905
552.0,25.7373,0.448378,0.296258,0.0,0.0697883,0.24952,0.162516,0.0346396,0.0,0.0,0.29431,0.199108
553.0,25.7706,0.462413,0.210698,0.0,0.0281323,0.128995,0.131653,0.0320754,0.0346915,0.0,0.360438,0.113391
554.0,25.8039,0.542199,0.218705,0.028192,0.0199596,0.111036,0.343081,0.0,0.0,0.0,0.333132,0.156564
555.0,25.8373,0.659365,0.267482,0.00403896,0.0105402,0.0827165,0.346339,0.0,0.0,0.0,0.269043,0.123047
556.0,25.8706,0.707685,0.376604,0.0,0.00623928,0.0246821,0.236328,0.0,0.0,0.0,0.176047,0.0954327
557.0,25.9039,0.462375,0.413326,0.0,0.00121889,0.00598925,0.287728,0.0,0.0,0.0392182,0.0626674,0.0
558.0,25.9373,0.60526,0.258071,0.0,0.0657101,0.169995,0.267594,0.0,0.0,0.06113,0.0,0.0
559.0,25.9706,0.628652,0.165042,0.276953,0.0530932,0.13348,0.420607,0.0,0.0,0.0499495,0.168413,0.0
560.0,26.0039,0.552523,0.266674,0.625934,0.0570322,0.147532,0.443782,0.0,0.0,0.0209421,0.321024,0.0
561.0,26.0373,0.515563,0.203936,0.633116,0.0455055,0.124392,0.538294,0.0,0.0,0.00597864,0.528985,0.0
562.0,26.0706,0.645549,0.409217,0.497791,0.0244169,0.0771776,0.530625,0.0,0.0,0.0245714,0.561893,0.0
563.0,26.1039,0.221235,0.0857725,0.24613,0.1468,0.322014,0.0,0.625799,0.0,0.0,0.391624,0.348639
564.0,26.1373,0.195351,0.234484,0.222851,0.0134925,0.0689469,0.218018,0.0,0.000971362,0.0122937,0.229374,0.0523326
565.0,26.1706,0.0598934,0.0248999,0.0923503,0.00477305,0.0665388,0.000835887,0.019692,0.0114385,0.0,0.0506543,0.0968291
566.0,26.2039,0.287258,0.0,0.224566,0.0317466,0.131998,0.0,0.0554152,0.0,0.0,0.23355,0.00382305
567.0,26.2373,0.212369,0.016341,0.244607,0.0148339,0.102474,0.0,0.231511,0.0489609,0.000738263,0.699176,0.19607
568.0,26.2706,0.0,0.0403774,0.0,0.00173911,0.0932275,0.0716957,0.0,0.0,0.0767851,0.0,0.191171
569.0,26.3039,0.0,0.0574198,0.0,0.0,0.0820485,0.11745,0.0,0.0,0.0375262,0.0,0.196589
570.0,26.3373,0.0,0.0599957,0.0,0.0,0.0288629,0.0484783,0.0,0.0,0.0,0.0343989,0.179289
571.0,26.3706,0.0,0.088062,0.0,0.0,0.0,0.0,0.0,0.0,0.0254434,0.144532,0.100143
572.0,26.4039,0.0,0.251056,0.0,0.0,0.0,0.0,0.0912136,0.00572326,0.137621,0.132124,0.101595
573.0,26.4373,0.0,0.342746,0.0,0.0,0.0,0.0,0.14452,0.00978012,0.176526,0.102808,0.0630896
574.0,26.4706,0.0407618,0.684489,0.0,0.0,0.0,0.0,0.302698,0.0,0.521762,0.0,0.218296
575.0,26.5039,0.0394808,0.679388,0.0,0.0,0.0,0.0,0.308678,0.121088,0.587516,0.0,0.236411
576.0,26.5373,0.0338138,0.539033,0.0,0.0,0.0,0.0,0.12503,0.268484,0.461092,0.0,0.114133
577.0,26.5706,0.0205274,0.342403,0.0,0.0,0.0,0.0,0.0651561,0.285982,0.349231,0.000438966,0.126186
578.0,26.6039,0.0316737,0.193609,0.0,0.0,0.0,0.0,0.133212,0.35291,0.211226,0.0391562,0.0154373
579.0,26.6373,0.0,0.96188,0.0,0.0310738,0.121579,0.0,0.178388,0.121148,0.0,0.0931761,0.0
580.0,26.6706,0.0,0.785326,0.0,0.145311,0.432583,0.166136,0.0,0.0,0.0,0.0590115,0.0523516
581.0,26.7039,0.0172055,0.248826,0.0,0.0778184,0.281123,0.0788238,0.0411092,0.0,0.0,0.162107,0.166505
582.0,26.7373,0.169881,0.0630012,0.0,0.051196,0.214548,0.0425554,0.0503132,0.0,0.0,0.15522,0.192397
583.0,26.7706,0.193749,0.247317,0.0,0.0164901,0.149821,0.136086,0.0,0.0,0.0,0.0,0.0887792
584.0,26.8039,0.132115,0.290967,0.0788327,0.0,0.0708039,0.0146782,0.00829003,0.00112823,0.0,0.102185,0.0962934
585.0,26.8373,0.430212,0.335846,0.0,0.0726962,0.254631,0.135173,0.0467713,0.0107991,0.0,0.275682,0.187046
586.0,26.8706,0.442463,0.194968,0.0,0.0311573,0.139992,0.138603,0.0371425,0.0443092,0.0,0.400776,0.112211
587.0,26.9039,0.51198,0.175697,0.0,0.0232467,0.118395,0.27561,0.0,0.0,0.0,0.364281,0.122275
588.0,26.9373,0.679743,0.176255,0.0137111,0.0155148,0.098169,0.372166,0.0,0.0,0.0,0.309823,0.129415
589.0,26.9706,0.748183,0.344688,0.0,0.0121492,0.0450363,0.298478,0.0,0.0,0.0,0.262182,0.0908742
590.0,27.0039,0.479624,0.370718,0.0,0.0,0.00206721,0.295637,0.0,0.0,0.0216944,0.153244,0.00285062
591.0,27.0373,0.617412,0.2759,0.0,0.0720199,0.181749,0.253356,0.0,0.0,0.0441199,0.0,0.0
592.0,27.0706,0.637016,0.0160677,0.274563,0.0638092,0.157935,0.353987,0.0,0.0,0.0253928,0.145186,0.0
593.0,27.1039,0.540429,0.208882,0.593843,0.0586999,0.152854,0.427185,0.0,0.0,0.0167713,0.309421,0.0
594.0,27.1373,0.513177,0.203816,0.641348,0.0527015,0.142164,0.499967,0.0,0.0,0.00177069,0.492585,0.0
595.0,27.1706,0.652157,0.334606,0.497183,0.0257702,0.0747697,0.627198,0.0,0.0,0.0496469,0.586519,0.0
596.0,27.2039,0.556586,0.152844,0.127023,0.0355366,0.0859602,0.374486,0.0,0.0293935,0.0756652,0.215822,0.0505332
597.0,27.2373,0.24629,0.115878,0.0,0.0630434,0.160934,0.0,0.195821,0.0,0.0,0.763586,0.0577114
598.0,27.2706,0.0994472,0.0659563,0.215033,0.00929217,0.0747742,0.0446175,0.0,0.0,0.030799,0.0,0.00632538
599.0,27.3039,0.24487,0.000865178,0.220495,0.0337748,0.140344,0.0,0.0884499,0.00510266,0.00347273,0.258547,0.0411221
600.0,27.3373,0.3334,0.00263275,0.315173,0.0351375,0.153015,0.0,0.144189,0.0325565,0.0,0.664695,0.122672
601.0,27.3706,0.0,0.0375476,0.0,0.00633982,0.108152,0.136161,0.0,0.0,0.0992954,0.0,0.132663
602.0,27.4039,0.0,0.0286307,0.0,0.0,0.0710144,0.0795238,0.0,0.0,0.0209951,0.0,0.183718
603.0,27.4373,0.0,0.0416978,0.0,0.0,0.0358422,0.0373247,0.0,0.0,0.0,0.0503297,0.167617
604.0,27.4706,0.0,0.0655439,0.0,0.0,0.0104764,0.0,0.0587584,0.00648142,0.0150267,0.0397,0.13299
605.0,27.5039,0.0,0.198285,0.0,0.0,0.0,0.0,0.0824543,0.0114393,0.106149,0.0857231,0.114798
606.0,27.5373,0.0,0.302808,0.0,0.0,0.0,0.0,0.145546,0.0171739,0.142543,0.0822957,0.0633018
607.0,27.5706,0.0431883,0.698959,0.0,0.0,0.0,0.0,0.305305,0.0,0.54493,0.0,0.24367
608.0,27.6039,0.0451686,0.699449,0.0,0.0,0.0,0.0,0.279658,0.0911567,0.59802,0.0,0.211025
609.0,27.6373,0.0388181,0.562141,0.0,0.0,0.0,0.0,0.127907,0.258123,0.470235,0.0,0.131128
610.0,27.6706,0.0317494,0.377369,0.0,0.0,0.0,0.0,0.0721686,0.310179,0.37648,0.0,0.149315
611.0,27.7039,0.0395511,0.222974,0.0,0.0,0.0,0.0,0.143206,0.384972,0.202795,0.0448756,0.0125791
612.0,27.7373,0.0,0.964181,0.0,0.0331769,0.127783,0.0,0.173196,0.115302,0.0,0.0818216,0.0272898
613.0,27.7706,0.0,0.771877,0.0,0.142218,0.424259,0.219565,0.0,0.0,0.0,0.0233548,0.0
614.0,27.8039,0.0132094,0.161288,0.0,0.0832717,0.2922,0.0852668,0.0384937,0.0,0.0,0.181773,0.218986
615.0,27.8373,0.197658,0.0920855,0.0,0.0534748,0.223035,0.054026,0.0489436,0.0,0.0,0.173553,0.205377
616.0,27.8706,0.204491,0.283732,0.0,0.0277497,0.17834,0.141175,0.0,0.0,0.0,0.0,0.109553
617.0,27.9039,0.232826,0.250162,0.0104034,0.0,0.0709228,0.014552,0.0341289,0.0159189,0.000631329,0.137919,0.0560293
618.0,27.9373,0.477647,0.378413,0.0,0.0614934,0.225255,0.140701,0.0216964,0.0,0.0,0.221107,0.179261
619.0,27.9706,0.50702,0.394559,0.0,0.0282506,0.131238,0.120527,0.0285084,0.0272242,0.0,0.312268,0.0765889
620.0,28.0039,0.566333,0.308063,0.021454,0.0225396,0.102571,0.201856,0.0,0.0,0.0,0.325482,0.123092
621.0,28.0373,0.660551,0.345066,0.0126868,0.0112644,0.0766592,0.292892,0.0,0.0,0.0,0.238818,0.0998349
622.0,28.0706,0.728924,0.442402,0.0322146,0.00327888,0.0183853,0.233635,0.0,0.0,0.0,0.158509,0.0670074
623.0,28.1039,0.471579,0.373673,0.0,0.0,0.0,0.256588,0.0,0.0610436,0.0948896,0.0,0.0
624.0,28.1373,0.594852,0.210265,0.056339,0.0575286,0.151499,0.289448,0.0,0.0,0.0569221,0.0,0.0
625.0,28.1706,0.64941,0.214415,0.357629,0.0546929,0.140894,0.443098,0.0,0.0,0.0560509,0.185196,0.0
626.0,28.2039,0.557378,0.188398,0.626226,0.0589673,0.152328,0.442629,0.0,0.0,0.0105514,0.36682,0.0
627.0,28.2373,0.622686,0.258249,0.641371,0.0540898,0.141953,0.559585,0.0,0.0,0.00758145,0.529929,0.0
628.0,28.2706,0.527825,0.338137,0.517866,0.00907249,0.0387994,0.510429,0.0,0.000876263,0.0393189,0.446474,0.0
629.0,28.3039,0.0,0.0717972,0.0,0.11471,0.293905,0.0,0.399992,0.0,0.0,0.444033,0.81414
630.0,28.3373,0.284419,0.217708,0.40041,0.001265,0.0250387,0.214878,0.0,0.0,0.029333,0.207397,0.0
631.0,28.3706,0.0737368,0.0368002,0.143373,0.0,0.0297897,0.0174531,0.0,0.0117836,0.0,0.0940242,0.125192
632.0,28.4039,0.315732,0.0,0.206117,0.0332716,0.133396,0.0,0.0403311,0.0,0.0,0.336096,0.0386035
633.0,28.4373,0.394053,0.0,0.132104,0.0302988,0.140113,0.0,0.16737,0.0295984,0.0,0.639568,0.166506
634.0,28.4706,0.0,0.0404525,0.0,0.0117699,0.118805,0.0699737,0.0,0.0,0.0847914,0.0,0.145915
635.0,28.5039,0.0,0.0382174,0.0,0.0,0.0806472,0.0586266,0.0,0.0,0.0434177,0.0,0.199829
636.0,28.5373,0.0,0.0482947,0.0,0.0,0.0176277,0.0690308,0.0,0.0,0.0022541,0.0372741,0.184425
637.0,28.5706,0.0,0.0646457,0.0,0.0,0.0063173,0.0,0.0277044,0.0,0.00843612,0.0682813,0.132545
638.0,28.6039,0.0,0.26288,0.0,0.0,0.0,0.0,0.0915299,0.000422619,0.136833,0.0579304,0.0536745
639.0,28.6373,0.0,0.403656,0.0,0.0,0.0,0.0,0.243068,0.00273289,0.247485,0.00906512,0.100391
640.0,28.6706,0.0492806,0.701714,0.0,0.0,0.0,0.0,0.358549,0.0322068,0.553208,0.0,0.217329
641.0,28.7039,0.056459,0.690566,0.0,0.0,0.0,0.0,0.309057,0.158245,0.587525,0.0,0.184423
642.0,28.7373,0.0368348,0.532195,0.0,0.0,0.0,0.0,0.129938,0.245901,0.45767,0.0,0.157358
643.0,28.7706,0.0298503,0.368065,0.0,0.0,0.0,0.0,0.0630216,0.299353,0.369322,0.000398912,0.148938
644.0,28.8039,0.0387596,0.213268,0.0,0.0,0.0,0.0,0.162773,0.396191,0.193152,0.0507358,0.00757887
645.0,28.8373,0.0,0.968277,0.0,0.0393965,0.132904,0.0,0.17389,0.111627,0.0,0.116393,0.0
646.0,28.8706,0.0,0.745571,0.0,0.127948,0.3899,0.246271,0.0,0.0,0.0,0.0,0.0
647.0,28.9039,0.0604681,0.104919,0.0,0.0858153,0.298718,0.0929061,0.0413579,0.0,0.0,0.19817,0.251745
648.0,28.9373,0.159885,0.0533629,0.00456348,0.0528278,0.232831,0.0729578,0.0491274,0.00237248,0.0,0.195147,0.249703
649.0,28.9706,0.236108,0.0961627,0.0,0.031981,0.193096,0.0941309,0.0,0.0,0.0,0.0575184,0.13596
650.0,29.0039,0.29522,0.323223,0.0124482,0.0544804,0.222445,0.0587645,0.0859313,0.0635069,0.0,0.275355,0.18243
651.0,29.0373,0.543094,0.416138,0.0,0.0365406,0.168805,0.122041,0.0532743,0.0450521,0.0,0.333936,0.196633
652.0,29.0706,0.669133,0.205295,0.0,0.01425,0.0956469,0.147211,0.010376,0.00877898,0.0,0.32053,0.112212
653.0,29.1039,0.540945,0.330666,0.11105,0.0178979,0.0954979,0.236811,0.0,0.0,0.0,0.304728,0.172506
654.0,29.1373,0.656599,0.315076,0.0647002,0.0079487,0.0660941,0.229407,0.0,0.0,0.0,0.285425,0.145671
655.0,29.1706,0.745208,0.432768,0.0259009,0.00498859,0.017894,0.187956,0.0,0.0,0.0,0.171513,0.0850695
656.0,29.2039,0.43156,0.425213,0.0,0.0,0.0,0.241486,0.0,0.0567207,0.1068,0.0,0.0
657.0,29.2373,0.55761,0.219459,0.0539339,0.055883,0.147251,0.288759,0.0,0.0,0.0495728,0.0,0.0
658.0,29.2706,0.605269,0.240477,0.361863,0.0503224,0.131646,0.422651,0.0,0.0,0.0509322,0.178593,0.0
659.0,29.3039,0.557575,0.325179,0.688988,0.059862,0.156072,0.456453,0.0,0.0,0.0169596,0.352962,0.0
660.0,29.3373,0.634119,0.378029,0.685694,0.0550826,0.144705,0.568643,0.0,0.0,0.0125562,0.523221,0.0
661.0,29.3706,0.557925,0.403182,0.508317,0.00999198,0.0270075,0.521847,0.0,0.0191651,0.0793204,0.411222,0.0
662.0,29.4039,0.0986736,0.19426,0.0,0.134877,0.309832,0.0,0.537465,0.0,0.0,0.811951,0.679178
663.0,29.4373,0.324545,0.286779,0.430585,0.0,0.0114872,0.179234,0.0,0.0,0.0431441,0.116532,0.0
664.0,29.4706,0.146059,0.202256,0.205311,0.0,0.0338107,0.0169966,0.0,0.0,0.0,0.0350837,0.0727407
665.0,29.5039,0.344399,0.0,0.257277,0.0321854,0.128456,0.00590324,0.0,0.0,0.0,0.246126,0.0649235
666.0,29.5373,0.403054,0.0,0.191594,0.036696,0.155173,0.0,0.163824,0.0250043,0.0,0.626814,0.112716
667.0,29.5706,0.0,0.0462333,0.0,0.0133023,0.125593,0.102678,0.0,0.0,0.0838642,0.0,0.102965
668.0,29.6039,0.0,0.0561059,0.0,0.0,0.0812346,0.0649038,0.0,0.0,0.0517536,0.0,0.1317
669.0,29.6373,0.0,0.0588829,0.0,0.0,0.0178129,0.0560085,0.0,0.0,0.0119844,0.0,0.166984
670.0,29.6706,0.0,0.0731473,0.0,0.0,0.0,0.000110248,0.0,0.0,0.00988568,0.0149158,0.119854
671.0,29.7039,0.0,0.229325,0.0,0.0,0.0,0.0,0.0711363,0.00335137,0.0994482,0.0235072,0.119189
672.0,29.7373,0.0,0.477195,0.0,0.0,0.0,0.0,0.226583,0.00970299,0.290694,0.0,0.0503504
673.0,29.7706,0.0743744,0.739101,0.0,0.0,0.0,0.0,0.425549,0.0172198,0.605378,0.0,0.259452
674.0,29.8039,0.0609355,0.683336,0.0,0.0,0.0,0.0,0.288552,0.192025,0.56109,0.0,0.13973
675.0,29.8373,0.0387139,0.535084,0.0,0.0,0.0,0.0,0.114538,0.237716,0.462812,0.0,0.164714
676.0,29.8706,0.0291283,0.368807,0.0,0.0,0.0,0.0,0.0511779,0.296607,0.3578,0.00496344,0.123871
677.0,29.9039,0.0418944,0.220056,0.0,0.0,0.0,0.0,0.136797,0.383036,0.180494,0.0241933,0.0784817
678.0,29.9373,0.0,0.969382,0.0,0.0436362,0.141483,0.0,0.169283,0.107537,0.0,0.128446,0.0
679.0,29.9706,0.0,0.739419,0.0,0.11264,0.353424,0.23877,0.0,0.0,0.0,0.0,0.0
680.0,30.0039,0.0602192,0.0721861,0.0,0.0821044,0.293263,0.0957572,0.0412109,0.0,0.0,0.210054,0.25848
681.0,30.0373,0.134311,0.0415309,0.0111913,0.0572297,0.245174,0.078743,0.0562515,0.00901193,0.0,0.220226,0.276783
682.0,30.0706,0.186692,0.0854176,0.0751692,0.0406375,0.20782,0.0983588,0.0,0.0,0.0,0.129035,0.113221
683.0,30.1039,0.339401,0.207254,0.0,0.0711171,0.264456,0.0863527,0.104669,0.0892987,0.0,0.338423,0.193484
684.0,30.1373,0.448581,0.380447,0.0,0.0397212,0.18024,0.12783,0.0709893,0.0984509,0.0,0.461724,0.154823
685.0,30.1706,0.443182,0.150027,0.0,0.0230453,0.113198,0.153449,0.0186786,0.0414383,0.0,0.414807,0.157664
686.0,30.2039,0.560561,0.145467,0.0903953,0.0158073,0.0985675,0.361981,0.0,0.0,0.0,0.310045,0.167889
687.0,30.2373,0.685738,0.178464,0.0442606,0.0068279,0.0695935,0.343123,0.0,0.0,0.0,0.314197,0.143036
688.0,30.2706,0.733331,0.350051,0.0036057,0.00213272,0.0142578,0.235245,0.0,0.0,0.0,0.225096,0.0953492
689.0,30.3039,0.482396,0.364863,0.0,0.0,0.000520702,0.278257,0.0,0.0,0.0362598,0.0748316,0.0
690.0,30.3373,0.599812,0.245025,0.0145429,0.0679382,0.174165,0.251801,0.0,0.0,0.0498879,0.0,0.0
691.0,30.3706,0.620011,0.138232,0.299968,0.0584606,0.146621,0.37976,0.0,0.0,0.0389219,0.146279,0.0
692.0,30.4039,0.475617,0.165121,0.589166,0.0488674,0.130937,0.435083,0.0,0.0,0.0211865,0.331384,0.0
693.0,30.4373,0.643911,0.743524,0.683669,0.0617896,0.174052,0.526506,0.0,0.0,0.0212969,0.473242,0.0
694.0,30.4706,0.62779,0.429896,0.513622,0.0161154,0.0578932,0.552679,0.0,0.00119455,0.0462398,0.54173,0.0
695.0,30.5039,0.0543046,0.106831,0.0,0.108136,0.276638,0.0,0.458905,0.0,0.0,0.682005,0.684086
696.0,30.5373,0.362751,0.289603,0.466963,0.0,0.0,0.180998,0.0,0.0342456,0.0489653,0.166847,0.0
697.0,30.5706,0.127155,0.102975,0.263106,0.0,0.0,0.0130379,0.0,0.0253886,0.0,0.131517,0.0537771
698.0,30.6039,0.332084,0.0,0.252919,0.0312171,0.122114,0.0,0.0599724,0.0,0.00222695,0.355458,0.0492389
699.0,30.6373,0.213892,0.0145082,0.238606,0.0187597,0.114824,0.0,0.207183,0.0436345,0.00114436,0.652678,0.148696
700.0,30.6706,0.0,0.0341208,0.0,0.00612967,0.104484,0.0827122,0.0,0.0,0.0830329,0.0,0.163114
701.0,30.7039,0.0,0.0505768,0.0,0.000801882,0.0827571,0.0961738,0.0,0.0,0.0383302,0.0,0.188091
702.0,30.7373,0.0,0.0536082,0.0,0.0,0.0303602,0.0363224,0.0,0.0,0.0,0.0338778,0.175091
703.0,30.7706,0.0,0.0902978,0.000638157,0.0,0.0,0.0,0.0,0.0,0.0231341,0.117973,0.103948
704.0,30.8039,0.0,0.214161,0.0,0.0,0.0,0.0,0.0737937,0.00283106,0.112456,0.129236,0.10888
705.0,30.8373,0.0,0.348417,0.0,0.0,0.0,0.0,0.155642,0.0122039,0.181157,0.0916533,0.0581722
706.0,30.8706,0.0416275,0.686082,0.0,0.0,0.0,0.0,0.286579,0.000326119,0.534203,0.0,0.24325
707.0,30.9039,0.0425587,0.693338,0.0,0.0,0.0,0.0,0.254484,0.126029,0.563718,0.0,0.149739
708.0,30.9373,0.0321139,0.539811,0.0,0.0,0.0,0.0,0.123869,0.239903,0.467875,0.0,0.132345
709.0,30.9706,0.0203228,0.34541,0.0,0.0,0.0,0.0,0.0663334,0.294979,0.336553,0.00631529,0.092851
710.0,31.0039,0.0321729,0.205652,0.0,0.0,0.0,0.0,0.115491,0.355311,0.206809,0.0403927,0.0116457
711.0,31.0373,0.0,0.962652,0.0,0.0324749,0.124865,0.0,0.173406,0.115706,0.0,0.0817899,0.0
712.0,31.0706,0.0,0.763757,0.0,0.117219,0.369674,0.166977,0.0,0.0,0.0,0.0342818,0.0
713.0,31.1039,0.0156047,0.248417,0.0,0.0788647,0.28466,0.0856507,0.0356345,0.0,0.0,0.146904,0.17326
714.0,31.1373,0.183188,0.0624223,0.0,0.0440607,0.197853,0.0459725,0.0511154,0.0012468,0.0,0.148077,0.193956
715.0,31.1706,0.00262601,0.0406818,0.0,0.00213771,0.0905129,0.13528,0.0,0.0,0.0,0.0,0.0243875
716.0,31.2039,0.187084,0.219199,0.0191655,0.0,0.0584399,0.0254307,0.0,0.0,0.0,0.0470578,0.150646
717.0,31.2373,0.441494,0.339491,0.0,0.060803,0.228023,0.167902,0.0121822,0.0,0.0,0.246234,0.137699
718.0,31.2706,0.461768,0.294409,0.0,0.0273619,0.122314,0.104152,0.0374352,0.0335783,0.0,0.306217,0.0955073
719.0,31.3039,0.571213,0.258432,0.0,0.0211277,0.0997656,0.211716,0.0,0.0,0.0,0.340791,0.128811
720.0,31.3373,0.753976,0.249087,0.0,0.00874344,0.066657,0.266446,0.0,0.0,0.0,0.271958,0.0879995
721.0,31.3706,0.670847,0.467266,0.00877341,0.0,0.0,0.192177,0.0,0.0158231,0.000797998,0.157314,0.0886665
722.0,31.4039,0.526391,0.409358,0.0,0.0,0.0,0.257701,0.0,0.00992389,0.0272493,0.0792163,0.0
723.0,31.4373,0.613357,0.260742,0.0,0.0655435,0.16877,0.283637,0.0,0.0,0.0505642,0.0,0.0
724.0,31.4706,0.621595,0.0721159,0.295381,0.0588901,0.147618,0.441697,0.0,0.0,0.0484095,0.193082,0.0
725.0,31.5039,0.512609,0.256101,0.64986,0.0583741,0.153711,0.470199,0.0,0.0,0.0185953,0.36499,0.0
726.0,31.5373,0.579053,0.346381,0.695219,0.0561605,0.148287,0.540169,0.0,0.0,0.00231532,0.526962,0.0
727.0,31.5706,0.665053,0.443206,0.48078,0.0203046,0.0611773,0.625686,0.0,0.0,0.0468925,0.609292,0.0
728.0,31.6039,0.0115377,0.0402555,0.0284302,0.163226,0.388453,0.0,0.868429,0.0,0.0,0.726966,0.655607
729.0,31.6373,0.130694,0.315279,0.316641,0.0166887,0.0732321,0.0450317,0.0,0.0,0.0755034,0.0,0.0
730.0,31.6706,0.108907,0.0833991,0.276192,0.0,0.0120364,0.107407,0.0,0.00650616,0.00214071,0.160211,0.0300034
731.0,31.7039,0.343137,0.0,0.249201,0.0279066,0.112763,0.0,0.107207,0.0,0.00118177,0.441115,0.0354707
732.0,31.7373,0.446882,0.0,0.233549,0.0498535,0.175201,0.0,0.160881,0.0402439,0.0,0.751095,0.117173
733.0,31.7706,0.0,0.0355302,0.0,0.00862689,0.109843,0.112024,0.0,0.0,0.0943986,0.0,0.145542
734.0,31.8039,0.0,0.0380551,0.0,0.00566427,0.0933952,0.0414407,0.0,0.0,0.0713211,0.0,0.131351
735.0,31.8373,0.0,0.0423668,0.0,0.0,0.0217821,0.0836496,0.0,0.0,0.00148971,0.0617023,0.184428
736.0,31.8706,0.0,0.0673563,0.0,0.0,0.000514332,0.0,0.042492,0.00214101,0.0162915,0.0336071,0.126994
737.0,31.9039,0.0,0.174278,0.0,0.0,0.0,0.0,0.069497,0.0112467,0.081398,0.0648953,0.112829
738.0,31.9373,0.0,0.393754,0.0,0.0,0.0,0.0,0.218096,0.0083563,0.224696,0.0301607,0.0779445
739.0,31.9706,0.0255085,0.679868,0.0,0.0,0.0,0.0,0.342713,0.0506314,0.551926,0.0,0.0784245
740.0,32.0039,0.054222,0.69326,0.0,0.0,0.0,0.0,0.293114,0.141207,0.580272,0.0,0.181842
741.0,32.0373,0.0371412,0.542036,0.0,0.0,0.0,0.0,0.136943,0.249288,0.4579,0.0,0.133215
742.0,32.0706,0.0251485,0.376178,0.0,0.0,0.0,0.0,0.0645058,0.281589,0.382888,0.0,0.158131
743.0,32.1039,0.0400629,0.227093,0.0,0.0,0.0,0.0,0.145939,0.392678,0.207473,0.0466288,0.0119104
744.0,32.1373,0.0,0.95767,0.0,0.0222839,0.103259,0.0,0.167604,0.113561,0.0,0.0360773,0.00210875
745.0,32.1706,0.0,0.820776,0.0,0.164231,0.474171,0.165171,0.00906376,0.0,0.0,0.100199,0.058626
746.0,32.2039,0.0109578,0.341072,0.0,0.0589477,0.232996,0.0698695,0.0428561,0.00677704,0.0,0.157581,0.129915
747.0,32.2373,0.196434,0.0724486,0.00409034,0.0355419,0.17903,0.0402068,0.0554693,0.0151354,0.0,0.172153,0.217111
748.0,32.2706,0.177387,0.25108,0.0,0.0261954,0.173539,0.138765,0.0,0.0,0.0,0.0,0.110584
749.0,32.3039,0.173428,0.243509,0.0805489,0.00238089,0.0873516,0.0170446,0.0375761,0.0306511,0.0,0.164504,0.081249
750.0,32.3373,0.480024,0.346839,0.0297147,0.0668705,0.240127,0.15835,0.027544,0.0,0.0,0.26786,0.202777
751.0,32.3706,0.517568,0.311508,0.0,0.0279806,0.134849,0.156509,0.0136724,0.0170817,0.0,0.348611,0.0965764
752.0,32.4039,0.563732,0.311778,0.0284363,0.0190765,0.103583,0.268338,0.0,0.0,0.0,0.318349,0.13303
753.0,32.4373,0.646099,0.349913,0.0331485,0.0111777,0.0786488,0.312965,0.0,0.0,0.0,0.229416,0.115277
754.0,32.4706,0.699934,0.427645,0.0199629,0.0027593,0.0169242,0.22406,0.0,0.0,0.0,0.156977,0.0814866
755.0,32.5039,0.485836,0.434256,0.0,0.00442354,0.0152074,0.27398,0.0,0.0,0.04625,0.0228549,0.0
756.0,32.5373,0.628939,0.25819,0.00125566,0.0647802,0.166486,0.294712,0.0,0.0,0.0708818,0.0,0.0
757.0,32.5706,0.639927,0.10252,0.340571,0.0506171,0.126627,0.431389,0.0,0.0,0.0578371,0.172917,0.0
758.0,32.6039,0.544637,0.302666,0.672758,0.0563306,0.146689,0.439956,0.0,0.0,0.0132488,0.347549,0.0
759.0,32.6373,0.602001,0.373343,0.686386,0.0521337,0.137555,0.562862,0.0,0.0,0.00982322,0.529928,0.0
760.0,32.6706,0.543248,0.415278,0.512212,0.00623879,0.0277378,0.559679,0.0,0.0160155,0.0847392,0.455459,9.87872e-05
761.0,32.7039,0.0,0.126265,0.0,0.11453,0.288971,0.0,0.49638,0.0,0.0,0.73784,0.641685
762.0,32.7373,0.281407,0.280026,0.394752,0.0,0.0193637,0.182092,0.0,0.0,0.0489553,0.099526,0.0
763.0,32.7706,0.0870059,0.119693,0.195025,0.0,0.0344257,0.0017082,0.0,0.0098699,0.00854652,0.0140182,0.111309
764.0,32.8039,0.318383,0.0,0.223142,0.0320457,0.130441,0.000769706,0.0330343,0.0,0.00113971,0.226095,0.0131681
765.0,32.8373,0.203493,0.0,0.0,0.0,0.0351032,0.0,0.238372,0.005209,0.0,0.557803,0.216473
766.0,32.8706,0.0,0.0425355,0.0,0.0117423,0.115785,0.0750721,0.0,0.0,0.110928,0.0,0.142414
767.0,32.9039,0.0,0.0364919,0.0,0.0,0.0616788,0.158518,0.0,0.0,0.026848,0.0311115,0.202023
768.0,32.9373,0.0,0.0471429,0.0,0.0,0.014443,0.0635028,0.0,0.0,0.0,0.0446112,0.180206
769.0,32.9706,0.0,0.0621264,0.0,0.0,0.0,0.0,0.0152233,0.0,0.0112132,0.078348,0.0849231
770.0,33.0039,0.0,0.241823,0.0,0.0,0.0,0.0,0.107418,0.0112244,0.128714,0.0517908,0.10875
771.0,33.0373,0.0,0.39751,0.0,0.0,0.0,0.0,0.249616,0.00685782,0.241999,0.0184807,0.0855314
772.0,33.0706,0.0480231,0.706216,0.0,0.0,0.0,0.0,0.368231,0.0439281,0.569854,0.0,0.143611
773.0,33.1039,0.0517104,0.689028,0.0,0.0,0.0,0.0,0.277737,0.168438,0.577126,0.0,0.155256
774.0,33.1373,0.0340104,0.534244,0.0,0.0,0.0,0.0,0.122533,0.248636,0.462313,0.0,0.143612
775.0,33.1706,0.0187787,0.359717,0.0,0.0,0.0,0.0,0.0574359,0.281329,0.373897,0.0,0.146532
776.0,33.2039,0.0376027,0.209049,0.0,0.0,0.0,0.0,0.153698,0.386936,0.193133,0.0517683,0.0
777.0,33.2373,0.0,0.967502,0.0,0.0403279,0.137365,0.0,0.169495,0.110824,0.0,0.108066,0.0179572
778.0,33.2706,0.0,0.754256,0.0,0.117479,0.364726,0.24879,0.0,0.0,0.0,0.0,0.0
779.0,33.3039,0.0596452,0.0953126,0.0,0.0862322,0.30004,0.10277,0.0376443,0.0,0.0,0.201464,0.245023
780.0,33.3373,0.11404,0.0430188,0.0274797,0.0558885,0.240375,0.0789056,0.0502431,0.00866975,0.0,0.218753,0.262833
781.0,33.3706,0.218923,0.0834124,0.057682,0.0419914,0.220329,0.121096,0.0,0.0,0.0,0.0692942,0.141622
782.0,33.4039,0.276576,0.251195,0.0574776,0.0397687,0.180919,0.0548972,0.0654527,0.0466939,0.0,0.253116,0.145869
783.0,33.4373,0.500105,0.385963,0.0,0.0500244,0.201676,0.154786,0.0469337,0.0344803,0.0,0.361189,0.184581
784.0,33.4706,0.498723,0.278847,0.0,0.016401,0.100186,0.169478,0.00551381,0.015907,0.0,0.359587,0.125152
785.0,33.5039,0.565558,0.309353,0.137559,0.0173839,0.0950221,0.315739,0.0,0.0,0.0,0.298296,0.149097
786.0,33.5373,0.661846,0.319608,0.0470042,0.00378602,0.0565358,0.314083,0.0,0.0,0.0,0.261247,0.125159
787.0,33.5706,0.705515,0.392955,0.00501723,0.00271354,0.00928607,0.190859,0.0,0.0,0.0,0.178506,0.0822089
788.0,33.6039,0.456135,0.427459,0.0,0.00113399,0.00678822,0.27035,0.0,0.0,0.0471229,0.0234411,0.0
789.0,33.6373,0.604989,0.253761,0.00472204,0.0655667,0.170065,0.268867,0.0,0.0,0.0610598,0.0,0.0
790.0,33.6706,0.623215,0.184644,0.261515,0.0530316,0.133373,0.416754,0.0,0.0,0.048963,0.169831,0.0
791.0,33.7039,0.554101,0.276618,0.630864,0.0568981,0.146828,0.455807,0.0,0.0,0.0230189,0.331408,0.0
792.0,33.7373,0.614275,0.368976,0.684926,0.0533502,0.141196,0.571843,0.0,0.0,0.016684,0.519701,0.0
793.0,33.7706,0.644175,0.445106,0.510187,0.0113972,0.042033,0.540651,0.0,0.00802597,0.044601,0.539747,0.0
794.0,33.8039,0.0491283,0.175685,0.0655598,0.101083,0.26549,0.0,0.442846,0.0,0.0,0.524336,0.715964
795.0,33.8373,0.279637,0.230781,0.421289,0.0,0.0187387,0.200092,0.0,0.0,0.0277418,0.186113,0.0
796.0,33.8706,0.137676,0.0771804,0.228243,0.0,0.0166109,0.055093,0.0,0.00856431,0.0,0.0999127,0.0538447
797.0,33.9039,0.369361,0.0,0.20916,0.0351505,0.133031,0.0,0.0593021,0.0,0.0,0.374643,0.0595191
798.0,33.9373,0.47033,0.0,0.16721,0.0501792,0.179124,0.0,0.168772,0.0353057,0.0,0.706419,0.105963
799.0,33.9706,0.0,0.0411017,0.0,0.0106667,0.119059,0.1168,0.0,0.0,0.082874,0.0,0.125756
800.0,34.0039,0.0,0.0487756,0.0,0.00285757,0.090873,0.0636546,0.0,0.0,0.0754199,0.0,0.132869
801.0,34.0373,0.0,0.0563864,0.0,0.0,0.0247657,0.0758363,0.0,0.0,0.00963103,0.00167505,0.174774
802.0,34.0706,0.0,0.0656148,0.0,0.0,0.00408598,0.00961301,0.0,0.0,0.00486763,0.00512811,0.128237
803.0,34.1039,0.0,0.167625,0.0,0.0,0.0,0.0,0.0455312,0.00374917,0.0692821,0.0565074,0.13256
804.0,34.1373,0.0,0.375648,0.0,0.0,0.0,0.0,0.176909,0.0099564,0.202451,0.0354289,0.0783305
805.0,34.1706,0.0384514,0.699312,0.0,0.0,0.0,0.0,0.280729,0.040654,0.547094,0.0,0.0843218
806.0,34.2039,0.0599538,0.700781,0.0,0.0,0.0,0.0,0.326837,0.135651,0.593631,0.0,0.194059
807.0,34.2373,0.0409223,0.555931,0.0,0.0,0.0,0.0,0.13712,0.256177,0.464972,0.0,0.13805
808.0,34.2706,0.0342956,0.383232,0.0,0.0,0.0,0.0,0.0706294,0.304676,0.377046,0.00045988,0.150203
809.0,34.3039,0.0398406,0.224788,0.0,0.0,0.0,0.0,0.151042,0.388957,0.210137,0.0447982,0.0164357
810.0,34.3373,0.0,0.958438,0.0,0.02086,0.093352,0.0,0.175902,0.115732,0.000844739,0.0553205,0.0
811.0,34.3706,0.0,0.879851,0.0,0.177334,0.486515,0.213096,0.0,0.0,0.0,0.100638,0.034413
812.0,34.4039,0.054538,0.204269,0.0335809,0.0589362,0.230841,0.0636509,0.0420626,0.0,0.0,0.166934,0.243661
813.0,34.4373,0.211313,0.120786,0.0,0.0435987,0.200629,0.0536482,0.0404356,0.0,0.0,0.158584,0.209826
814.0,34.4706,0.142318,0.237767,0.0,0.00793533,0.129369,0.0902562,0.0,0.0,0.0,0.025459,0.103172
815.0,34.5039,0.158224,0.195595,0.0,0.0207145,0.125406,0.0241982,0.0751143,0.0701201,0.0,0.245027,0.144254
816.0,34.5373,0.433695,0.363262,0.0,0.0564281,0.214984,0.135297,0.0505907,0.0340106,0.0,0.324265,0.193572
817.0,34.5706,0.473814,0.255954,0.0,0.0275808,0.124838,0.133479,0.023327,0.0232079,0.0,0.328571,0.129231
818.0,34.6039,0.574589,0.41161,0.0642832,0.0143591,0.0973886,0.351363,0.0,0.0,0.0,0.294514,0.168086
819.0,34.6373,0.670351,0.31604,0.0,0.00898114,0.0823987,0.342795,0.0,0.0,0.0,0.293515,0.130366
820.0,34.6706,0.703163,0.40571,0.0,0.00591955,0.024754,0.236114,0.0,0.0,0.0,0.185302,0.0874094
821.0,34.7039,0.452684,0.445368,0.0,0.00692892,0.02272,0.251827,0.0,0.0,0.0513939,0.00924506,0.00466958
822.0,34.7373,0.562794,0.256079,0.0212503,0.0571011,0.14917,0.305362,0.0,0.0,0.0511546,0.0,0.0
823.0,34.7706,0.542094,0.169359,0.365776,0.0539364,0.140064,0.429832,0.0,0.0,0.0478727,0.202883,0.0
824.0,34.8039,0.531372,0.36326,0.674575,0.0609883,0.157863,0.466944,0.0,0.0,0.0211796,0.347337,0.0
825.0,34.8373,0.554807,0.434669,0.736725,0.0529719,0.141887,0.544459,0.0,0.0,0.0,0.546603,0.0
826.0,34.8706,0.64272,0.502076,0.544316,0.0122169,0.0416958,0.61442,0.0,0.0042281,0.0324824,0.624442,0.0
827.0,34.9039,0.455265,0.411431,0.253244,0.0132001,0.044153,0.363294,0.0,0.0646302,0.0807927,0.193769,0.0105555
828.0,34.9373,0.291292,0.273591,0.0,0.0719054,0.189036,0.0,0.152407,0.0,0.0,0.777598,0.114749
829.0,34.9706,0.0996557,0.268066,0.342604,0.00556389,0.067407,0.0457877,0.0,0.0,0.0253464,0.0,0.00226204
830.0,35.0039,0.296687,0.0,0.214096,0.0338353,0.13661,0.0,0.0559296,0.0,0.0048602,0.274696,0.0722695
831.0,35.0373,0.18954,0.0307705,0.276122,0.0141812,0.113098,0.0,0.181572,0.0403486,0.0,0.571702,0.175376
832.0,35.0706,0.0,0.0346231,0.0,0.00507165,0.103492,0.131937,0.0,0.0,0.096102,0.0,0.156812
833.0,35.1039,0.0,0.0345165,0.0,0.0,0.055605,0.100926,0.0,0.0,0.0181179,0.0176064,0.191278
834.0,35.1373,0.0,0.0401652,0.0,0.0,0.0304773,0.0354127,0.0,0.0,0.0,0.0827155,0.164311
835.0,35.1706,0.0,0.0660428,0.00165648,0.0,0.0071008,0.0,0.0734457,0.0124344,0.0170397,0.107129,0.139948
836.0,35.2039,0.0,0.221853,0.0,0.0,0.0,0.0,0.0852178,0.00819603,0.120572,0.108613,0.105354
837.0,35.2373,0.0,0.298311,0.0,0.0,0.0,0.0,0.160419,0.0154679,0.14951,0.0780635,0.103192
838.0,35.2706,0.0361892,0.692886,0.0,0.0,0.0,0.0,0.310403,0.0,0.547508,0.0,0.268365
839.0,35.3039,0.0392823,0.685154,0.0,0.0,0.0,0.0,0.275644,0.120692,0.595878,0.0,0.186598
840.0,35.3373,0.0312167,0.524601,0.0,0.0,0.0,0.0,0.111958,0.256646,0.450392,0.0,0.126704
841.0,35.3706,0.0207027,0.336338,0.0,0.0,0.0,0.0,0.0677272,0.28563,0.344481,0.00131147,0.126009
842.0,35.4039,0.0316919,0.181871,0.0,0.0,0.0,0.0,0.118603,0.340911,0.197152,0.0387226,0.0216743
843.0,35.4373,0.0,0.95761,0.0,0.0280721,0.116975,0.0,0.160197,0.103658,0.0,0.0243633,0.0
844.0,35.4706,0.0,0.766917,0.0,0.126754,0.380761,0.184499,0.0,0.0,0.0,0.0,0.0
845.0,35.5039,0.0131141,0.135377,0.0,0.0684148,0.259223,0.0958784,0.0318167,0.0,0.0,0.186942,0.237478
846.0,35.5373,0.197598,0.0685268,0.0,0.0339149,0.174168,0.0364151,0.0499604,0.00177214,0.0,0.158524,0.182202
847.0,35.5706,0.185821,0.247152,0.0,0.0245874,0.164168,0.144568,0.0,0.0,0.0,0.0,0.0789712
848.0,35.6039,0.17828,0.20643,0.0426355,0.0,0.0542123,0.0256397,0.0,0.0,0.0,0.0738633,0.0946451
849.0,35.6373,0.418673,0.332725,0.0,0.0672883,0.240049,0.134872,0.0459774,0.0188342,0.0,0.291443,0.153714
850.0,35.6706,0.466524,0.211696,0.0,0.0271874,0.125842,0.0961947,0.0543678,0.0603307,0.0,0.36878,0.094172
851.0,35.7039,0.550711,0.184624,0.0,0.0197717,0.0970629,0.225443,0.0,0.0,0.0,0.35232,0.111025
852.0,35.7373,0.676585,0.192208,0.0257393,0.00664284,0.0645003,0.324388,0.0,0.0,0.0,0.269445,0.105466
853.0,35.7706,0.730429,0.353562,0.0,0.00441374,0.0228672,0.253722,0.0,0.0,0.0,0.234501,0.0810933
854.0,35.8039,0.492183,0.378675,0.0,0.0,0.0,0.253704,0.0,0.007244,0.0116144,0.14798,0.0
855.0,35.8373,0.62653,0.271518,0.0,0.0752471,0.190782,0.190917,0.0,0.0,0.0470188,0.0,0.0
856.0,35.8706,0.65462,0.118543,0.178261,0.0602108,0.15045,0.372687,0.0,0.0,0.0350372,0.136576,0.0
857.0,35.9039,0.562739,0.129888,0.528777,0.0595908,0.153052,0.432319,0.0,0.0,0.0240316,0.291252,0.0
858.0,35.9373,0.561002,0.214501,0.646939,0.0553989,0.148361,0.499902,0.0,0.0,0.00595023,0.467195,0.0
859.0,35.9706,0.683323,0.383837,0.505935,0.0225429,0.0671138,0.616054,0.0,0.0,0.0513717,0.569381,0.0
860.0,36.0039,0.496649,0.291165,0.206692,0.018966,0.0493676,0.383325,0.0,0.0410007,0.0800606,0.220737,0.0216238
861.0,36.0373,0.23859,0.166897,0.0,0.0643399,0.177458,0.0,0.11919,0.0,0.0,0.690105,0.051735
862.0,36.0706,0.0651761,0.187941,0.317082,0.0021882,0.0583734,0.026473,0.0,0.00188179,0.0182125,0.000894949,0.00757348
863.0,36.1039,0.278483,0.0,0.248343,0.0288249,0.124213,0.0,0.0349402,0.0,0.00409786,0.252222,0.0939145
864.0,36.1373,0.209162,0.0243159,0.289362,0.0186475,0.124716,0.0,0.128851,0.0527146,0.00117601,0.705197,0.190342
865.0,36.1706,0.0,0.0375098,0.0,0.00131316,0.0958027,0.128288,0.0,0.0,0.0921047,0.0,0.165671
866.0,36.2039,0.0,0.0425293,0.0,0.0,0.06846,0.135762,0.0,0.0,0.0202405,0.0372272,0.190299
867.0,36.2373,0.0,0.0441055,0.0,0.0,0.0446899,0.00378715,0.0,0.0,0.0,0.0764742,0.185573
868.0,36.2706,0.0,0.0600565,0.0,0.0,0.0,0.0,0.0432691,5.83678e-05,0.0108013,0.142327,0.141438
869.0,36.3039,0.0,0.244955,0.0,0.0,0.0,0.0,0.0943149,0.0062593,0.13756,0.139955,0.11002
870.0,36.3373,0.0,0.272609,0.0,0.0,0.0,0.0,0.132574,0.0181975,0.128776,0.124015,0.093801
871.0,36.3706,0.0291359,0.688521,0.0,0.0,0.0,0.0,0.199379,0.0149943,0.503084,0.0,0.00846908
872.0,36.4039,0.0301897,0.685983,0.0,0.0,0.0,0.0,0.233259,0.0868272,0.580787,0.0,0.234809
873.0,36.4373,0.0323766,0.542418,0.0,0.0,0.0,0.0,0.114029,0.265961,0.465369,0.0,0.126552
874.0,36.4706,0.0216578,0.3387,0.0,0.0,0.0,0.0,0.073838,0.296153,0.340981,0.000821478,0.118646
875.0,36.5039,0.0289007,0.185406,0.0,0.0,0.0,0.0,0.103911,0.327573,0.206839,0.0339764,0.0213952
876.0,36.5373,0.0,0.963308,0.0,0.034747,0.130714,0.0,0.17614,0.118573,0.0,0.0999827,0.0
877.0,36.5706,0.0,0.746907,0.0,0.129703,0.391041,0.183282,0.0,0.0,0.0,0.0258095,0.0
878.0,36.6039,0.0281226,0.155789,0.0,0.0854612,0.299258,0.0919334,0.035043,0.0,0.0,0.164566,0.188934
879.0,36.6373,0.169972,0.0485581,0.00343223,0.0432174,0.195343,0.037413,0.0477836,0.0,0.0,0.158377,0.144053
880.0,36.6706,0.150801,0.185077,0.0,0.0272091,0.170148,0.168279,0.0,0.0,0.0,0.0,0.0951061
881.0,36.7039,0.231299,0.218624,0.000287708,0.0,0.0427921,0.0425197,0.0,0.0,0.00100948,0.00744277,0.0944656
882.0,36.7373,0.465125,0.41608,0.0,0.0574851,0.218425,0.12928,0.0209648,0.0,0.0,0.20411,0.086285
883.0,36.7706,0.449467,0.27894,0.0,0.023621,0.107577,0.0625126,0.050802,0.0455046,0.0,0.261983,0.106001
884.0,36.8039,0.545569,0.292427,0.0202611,0.0221802,0.0945789,0.12395,0.0100644,0.0105415,0.0,0.321432,0.0934771
885.0,36.8373,0.685228,0.220374,0.0,0.0106918,0.0706435,0.225175,0.0,0.0,0.0,0.300304,0.0806691
886.0,36.8706,0.763291,0.394159,0.0,0.0113367,0.0371157,0.201513,0.0,0.0,0.0,0.213115,0.0443433
887.0,36.9039,0.483234,0.360308,0.0,0.0,0.0,0.224426,0.0,0.0741466,0.095573,0.0,0.0
888.0,36.9373,0.604042,0.247811,0.0145139,0.0639527,0.169798,0.211171,0.0,0.0,0.0458564,0.0,0.0
889.0,36.9706,0.674382,0.0553432,0.268292,0.0590117,0.147561,0.399879,0.0,0.0,0.0450187,0.143605,0.0
890.0,37.0039,0.559086,0.181976,0.622127,0.0568943,0.150075,0.427302,0.0,0.0,0.0127023,0.337821,0.0
891.0,37.0373,0.621804,0.253927,0.643128,0.0578755,0.152462,0.523633,0.0,0.0,0.00337187,0.497003,0.0
892.0,37.0706,0.559952,0.345374,0.503499,0.00856896,0.0297972,0.632322,0.0,0.00730473,0.112065,0.454848,0.0
893.0,37.1039,0.496383,0.183342,0.0762135,0.041703,0.106982,0.371299,0.0,0.0199324,0.062953,0.232873,0.0790753
894.0,37.1373,0.135359,0.142682,0.0,0.0625516,0.173091,0.0,0.194861,0.0,0.0,0.729401,0.0573003
895.0,37.1706,0.0642202,0.0874374,0.209906,0.0078348,0.0768619,0.026704,0.0,0.0,0.0244693,0.0,0.0168716
896.0,37.2039,0.298617,0.0,0.2561,0.0159025,0.0928816,0.0417142,0.0,0.0,0.00960915,0.203738,0.0704841
897.0,37.2373,0.199026,0.00623901,0.0966091,0.000500893,0.0839986,0.0,0.140184,0.0402793,0.0,0.622969,0.213812
898.0,37.2706,0.0,0.0433266,0.0,0.0085415,0.112174,0.0957094,0.0,0.0,0.096567,0.0,0.130295
899.0,37.3039,0.0,0.0408191,0.0,0.0,0.0465911,0.1222,0.0,0.0,0.00182046,0.0909266,0.201711
900.0,37.3373,0.0,0.0437746,0.0,0.0,0.043976,0.00323161,0.0,0.0,0.0,0.0972329,0.179099
901.0,37.3706,0.0,0.0869067,0.0,0.0,0.0,0.0,0.0518323,0.0,0.0294025,0.090301,0.126597
902.0,37.4039,0.0,0.227858,0.0,0.0,0.0,0.0,0.0941309,0.0106931,0.120355,0.115216,0.12978
903.0,37.4373,0.0,0.360502,0.0,0.0,0.0,0.0,0.203329,0.0129848,0.19831,0.0675443,0.063179
904.0,37.4706,0.0464841,0.705523,0.0,0.0,0.0,0.0,0.328819,0.0,0.553484,0.0,0.247555
905.0,37.5039,0.0482806,0.69464,0.0,0.0,0.0,0.0,0.279322,0.134749,0.596596,0.0,0.208278
906.0,37.5373,0.0349486,0.530284,0.0,0.0,0.0,0.0,0.120197,0.262532,0.451717,0.0,0.135828
907.0,37.5706,0.0213166,0.349309,0.0,0.0,0.0,0.0,0.0672258,0.288669,0.369321,0.0,0.154635
908.0,37.6039,0.0365933,0.202007,0.0,0.0,0.0,0.0,0.158853,0.384235,0.189049,0.0505754,0.00357798
909.0,37.6373,0.0,0.966567,0.0,0.0427154,0.14568,0.0,0.169271,0.111193,0.0,0.10834,0.00621565
910.0,37.6706,0.0,0.741781,0.0,0.119237,0.365327,0.247156,0.0,0.0,0.0,0.0,0.0
911.0,37.7039,0.0911833,0.178719,0.0,0.087513,0.305902,0.10905,0.0302915,0.0,0.0,0.182805,0.243524
912.0,37.7373,0.20935,0.0801683,0.0,0.0497801,0.217692,0.0628457,0.0400173,0.0,0.0,0.206314,0.208659
913.0,37.7706,0.251836,0.17757,0.0,0.0518952,0.235008,0.148887,0.0,0.0,0.0,0.0231979,0.108854
914.0,37.8039,0.288793,0.264529,0.0278602,0.015111,0.121766,0.031927,0.0431555,0.0178243,0.0,0.17001,0.0875839
915.0,37.8373,0.527904,0.351292,0.0,0.0656822,0.239517,0.157498,0.034798,0.0,0.0,0.288967,0.19359
916.0,37.8706,0.452727,0.34951,0.0,0.0309614,0.135731,0.14579,0.0201947,0.0228626,0.0,0.351374,0.111524
917.0,37.9039,0.586451,0.279701,0.00990811,0.0247931,0.114615,0.272301,0.0,0.0,0.0,0.315255,0.123786
918.0,37.9373,0.668751,0.370528,0.0,0.0113834,0.0818038,0.335023,0.0,0.0,0.0,0.236012,0.098982
919.0,37.9706,0.729409,0.411035,0.0,0.00720976,0.0272781,0.23325,0.0,0.0,0.0,0.167098,0.0647802
920.0,38.0039,0.434702,0.376289,0.0,0.0,0.0,0.269998,0.0,0.0473907,0.0955418,0.0,0.0
921.0,38.0373,0.578626,0.209562,0.0535363,0.0557021,0.147193,0.292567,0.0,0.0,0.0476134,0.0,0.0
922.0,38.0706,0.632145,0.246917,0.319364,0.0542123,0.139927,0.442752,0.0,0.0,0.0485299,0.203034,0.0
923.0,38.1039,0.603057,0.241791,0.618178,0.0597428,0.152122,0.454824,0.0,0.0,0.0179416,0.341621,0.0
924.0,38.1373,0.642056,0.31556,0.662122,0.0561768,0.146874,0.559051,0.0,0.0,0.0103189,0.516729,0.0
925.0,38.1706,0.555839,0.394974,0.543446,0.00879559,0.0387086,0.500243,0.0,0.00463085,0.0349931,0.443934,0.0
926.0,38.2039,0.0671243,0.141072,0.0391163,0.132945,0.30457,0.0,0.473938,0.0,0.0,0.49544,0.809738
927.0,38.2373,0.324316,0.278826,0.410674,0.0,0.0204916,0.21353,0.0,0.0,0.0241319,0.203304,0.0
928.0,38.2706,0.144352,0.2779,0.279006,0.0,0.0266521,0.0890319,0.0,0.0,0.0,0.116851,0.0961947
929.0,38.3039,0.303514,0.0,0.239005,0.0364782,0.142155,0.00135745,0.0214509,0.0,0.00208364,0.274311,0.0231605
930.0,38.3373,0.437929,0.0,0.190394,0.0477498,0.176655,0.0,0.152605,0.0446187,0.0,0.722891,0.123192
931.0,38.3706,0.0,0.0320522,0.0,0.00883533,0.112436,0.0915038,0.0,0.0,0.0799324,0.0,0.144817
932.0,38.4039,0.0,0.0388537,0.0,0.00589855,0.0906728,0.0257342,0.0,0.0,0.0609215,0.0,0.159493
933.0,38.4373,0.0,0.0494806,0.0,0.0,0.0323247,0.120006,0.0,0.0,0.00469704,0.0408851,0.170502
934.0,38.4706,0.0,0.0634612,0.0,0.0,0.00236768,0.0,0.0186405,0.0,0.00637866,0.035085,0.119673
935.0,38.5039,0.0,0.208885,0.0,0.0,0.0,0.0,0.0846361,0.00741939,0.109925,0.0690976,0.119974
936.0,38.5373,0.0,0.373121,0.0,0.0,0.0,0.0,0.205777,0.00718976,0.212793,0.0303435,0.087881
937.0,38.5706,0.0462732,0.693063,0.0,0.0,0.0,0.0,0.363484,0.0131898,0.562143,0.0,0.260741
938.0,38.6039,0.0558184,0.701105,0.0,0.0,0.0,0.0,0.300373,0.148728,0.58926,0.0,0.178663
939.0,38.6373,0.0371078,0.552082,0.0,0.0,0.0,0.0,0.152576,0.252647,0.478836,0.0,0.147345
940.0,38.6706,0.0238215,0.373796,0.0,0.0,0.0,0.0,0.0656907,0.278999,0.383486,0.0,0.161766
941.0,38.7039,0.0404764,0.226907,0.0,0.0,0.0,0.0,0.14786,0.39193,0.212371,0.0464313,0.0132685
942.0,38.7373,0.0,0.956041,0.0,0.00911016,0.0629999,0.0,0.173807,0.113025,0.00496751,0.0332147,0.0421808
943.0,38.7706,0.0,0.889695,0.0,0.189348,0.506115,0.18644,0.0101427,0.0,0.0,0.18979,0.210782
944.0,38.8039,0.00457962,0.299772,0.0437102,0.0475485,0.203083,0.0471906,0.0426344,0.00716,0.0,0.143952,0.151592
945.0,38.8373,0.140813,0.0620438,0.0117919,0.0405288,0.185891,0.0448324,0.046343,0.00715089,0.0,0.174596,0.18134
946.0,38.8706,0.188389,0.191874,0.0,0.014807,0.135849,0.0980041,0.0,0.0,0.0,0.00562663,0.122113
947.0,38.9039,0.111061,0.254679,0.0601902,0.0,0.0567071,0.00651338,0.0437707,0.0413892,0.0,0.151987,0.0778079
948.0,38.9373,0.373753,0.381333,0.111777,0.0671616,0.238575,0.151882,0.030136,0.0,0.0,0.282741,0.210731
949.0,38.9706,0.43262,0.371189,0.00759634,0.0288445,0.133405,0.15255,0.0112521,0.0101069,0.0,0.330353,0.0926117
950.0,39.0039,0.556349,0.356345,0.0335316,0.0129892,0.0886307,0.268112,0.0,0.0,0.0,0.334701,0.129942
951.0,39.0373,0.610669,0.430553,0.0595952,0.00492215,0.0617842,0.31044,0.0,0.0,0.0,0.23285,0.115081
952.0,39.0706,0.689471,0.52151,0.0745483,0.0,0.00187025,0.169399,0.0,0.0180891,0.00367638,0.147126,0.0758213
953.0,39.1039,0.473448,0.47898,0.0,0.00136477,0.00937589,0.292505,0.0,0.0,0.0563662,0.0250309,0.0
954.0,39.1373,0.61109,0.258796,0.00571985,0.0610947,0.158373,0.32926,0.0,0.0,0.0824019,0.0,0.0
955.0,39.1706,0.612278,0.28512,0.350231,0.0453635,0.11914,0.466733,0.0,0.0,0.0762998,0.182019,0.0
956.0,39.2039,0.577391,0.340796,0.674129,0.0576971,0.147993,0.454153,0.0,0.0,0.0217288,0.334021,0.0
957.0,39.2373,0.622176,0.38559,0.70027,0.0536261,0.140902,0.577726,0.0,0.0,0.0113178,0.542949,0.0
958.0,39.2706,0.554232,0.448451,0.524636,0.00267021,0.0172694,0.550369,0.0,0.0234892,0.087626,0.449679,0.0
959.0,39.3039,0.0208235,0.108637,0.0,0.110604,0.281066,0.0,0.45083,0.0,0.0,0.690511,0.654633
960.0,39.3373,0.268563,0.309396,0.461534,0.0,0.00235958,0.196709,0.0,0.0,0.0424542,0.158564,0.0
961.0,39.3706,0.0930177,0.134259,0.224929,0.0,0.0281695,0.0137014,0.0,0.010155,0.00497274,0.0367356,0.108726
962.0,39.4039,0.30413,0.0,0.235978,0.031955,0.130107,0.00467067,0.0,0.0,0.0,0.227076,0.0177614
963.0,39.4373,0.373254,0.0,0.159318,0.0251512,0.126248,0.0,0.195458,0.02428,0.0,0.594872,0.149426
964.0,39.4706,0.0,0.0414672,0.0,0.0137412,0.123661,0.0833388,0.0,0.0,0.0922347,0.0,0.112817
965.0,39.5039,0.0,0.0467116,0.0,0.000349905,0.0814072,0.0420055,0.0,0.0,0.0460952,0.0,0.130983
966.0,39.5373,0.0,0.0594236,0.0,0.0,0.0,0.00172368,0.0,0.0,0.0156934,0.0322343,0.199066
967.0,39.5706,0.0,0.0676859,0.0,0.0,0.00364425,0.000835345,0.0,0.0,0.00966748,0.0,0.128447
968.0,39.6039,0.0,0.204144,0.0,0.0,0.0,0.0,0.0713486,0.0131427,0.0754289,0.0176148,0.108148
969.0,39.6373,0.0,0.482832,0.0,0.0,0.0,0.0,0.285169,0.00104672,0.298118,0.0,0.259296
970.0,39.6706,0.0832549,0.766991,0.0,0.0,0.0,0.0,0.407632,0.0507778,0.61412,0.0,0.180829
971.0,39.7039,0.0582477,0.665826,0.0,0.0,0.0,0.0,0.290782,0.194598,0.550298,0.0,0.14623
972.0,39.7373,0.0345771,0.509097,0.0,0.0,0.0,0.0,0.107302,0.22189,0.446631,0.000741973,0.158566
973.0,39.7706,0.0436857,0.355246,0.0,0.0,0.0,0.0,0.0595653,0.310588,0.299154,0.0155022,0.117819
974.0,39.8039,0.032669,0.211119,0.0,0.0,0.0,0.0,0.120565,0.375319,0.198809,0.0472586,0.0208363
975.0,39.8373,0.0,0.96824,0.0,0.0425311,0.153402,0.0,0.167056,0.0949397,0.0,0.117244,0.0
976.0,39.8706,0.0,0.693289,0.0,0.100427,0.325847,0.213214,0.0,0.0,0.0,0.0,0.0
977.0,39.9039,0.128671,0.131508,0.0,0.0761502,0.28043,0.103373,0.0333681,0.0,0.0,0.187843,0.270322
978.0,39.9373,0.178175,0.0769009,0.0,0.0517886,0.232821,0.0775768,0.0413668,0.0,0.0,0.197018,0.234075
979.0,39.9706,0.195892,0.173196,0.111602,0.0352808,0.194813,0.0583614,0.00307854,0.0,0.00336696,0.0919547,0.11981
980.0,40.0039,0.371106,0.253316,0.0,0.0742278,0.276225,0.0989138,0.0924631,0.0774908,0.0,0.334782,0.154676
981.0,40.0373,0.444211,0.295333,0.0,0.038946,0.17481,0.121566,0.0717838,0.0981802,0.0,0.459834,0.14615
982.0,40.0706,0.507074,0.103168,0.0,0.0248973,0.122274,0.157507,0.0221157,0.0339719,0.0,0.410917,0.145205
983.0,40.1039,0.601553,0.0993703,0.0770034,0.0222857,0.119014,0.337897,0.0,0.0,0.0,0.350062,0.157022
984.0,40.1373,0.725177,0.119501,0.0559734,0.0150539,0.0929193,0.338894,0.0,0.0,0.0,0.378911,0.151602
985.0,40.1706,0.804613,0.334006,0.0178469,0.0157163,0.05243,0.275818,0.0,0.0,0.0,0.270218,0.0975897
986.0,40.2039,0.523056,0.368396,0.0,0.000358786,0.0,0.310286,0.0,0.00603956,0.0329379,0.133543,0.00487885
987.0,40.2373,0.646308,0.212892,0.0537754,0.0723359,0.183331,0.236356,0.0,0.0,0.0221703,0.0,0.0
988.0,40.2706,0.638586,0.0,0.265117,0.0685085,0.168864,0.347604,0.0,0.0,0.0139369,0.175069,0.0
989.0,40.3039,0.47589,0.169365,0.602361,0.0524009,0.142006,0.394388,0.0,0.0,0.00410642,0.339489,0.0
990.0,40.3373,0.498106,0.283953,0.685308,0.0458563,0.128853,0.494583,0.0,0.0,0.0,0.509666,0.0
991.0,40.3706,0.541368,0.401116,0.527761,0.0122983,0.0352143,0.551502,0.0,0.00789222,0.0584958,0.530412,0.031157
992.0,40.4039,0.168246,0.190222,0.0,0.104389,0.263083,0.0,0.431796,0.0,0.0,0.737634,0.424526
993.0,40.4373,0.281119,0.321682,0.394418,0.0,0.0135769,0.132369,0.0,0.0,0.0468609,0.0353351,0.00403258
994.0,40.4706,0.0725064,0.1437,0.266368,0.0,0.00134971,0.0,0.00734334,0.0212167,0.0,0.0599186,0.0906471
995.0,40.5039,0.278058,0.0,0.23179,0.0317024,0.131409,0.0,0.107959,0.00813918,0.00297373,0.287889,0.0382535
996.0,40.5373,0.327317,0.0,0.177741,0.0270978,0.136334,0.0,0.177704,0.0278723,0.0,0.576786,0.143524
997.0,40.5706,0.0,0.0380973,0.0,0.0109159,0.114312,0.068244,0.0,0.0,0.0865171,0.0,0.138927
998.0,40.6039,0.0,0.0460224,0.0,0.0,0.0745009,0.0736769,0.0,0.0,0.0335123,0.0,0.163042
999.0,40.6373,0.0,0.0516244,0.0,0.0,0.0181809,0.0373432,0.0,0.0,0.0059883,0.0193754,0.161492
1000.0,40.6706,0.0,0.0689455,0.0,0.0,0.0,0.0,0.0317853,0.00106142,0.0144261,0.0503563,0.117642
1001.0,40.7039,0.0,0.211557,0.0,0.0,0.0,0.0,0.0804049,0.0039884,0.102113,0.0538438,0.113917
1002.0,40.7373,0.0,0.433273,0.0,0.0,0.0,0.0,0.234326,0.00690456,0.256416,0.0,0.177791
1003.0,40.7706,0.0585865,0.715156,0.0,0.0,0.0,0.0,0.378181,0.0103179,0.583594,0.0,0.260536
1004.0,40.8039,0.0475279,0.675943,0.0,0.0,0.0,0.0,0.248529,0.152801,0.558523,0.0,0.147399
1005.0,40.8373,0.0355374,0.53241,0.0,0.0,0.0,0.0,0.106791,0.234458,0.454066,0.000284716,0.147993
1006.0,40.8706,0.024135,0.365092,0.0,0.0,0.0,0.0,0.0605356,0.296164,0.370272,0.000912897,0.125967
1007.0,40.9039,0.0382697,0.208514,0.0,0.0,0.0,0.0,0.155278,0.388492,0.189093,0.0502875,0.00884305
1008.0,40.9373,0.0,0.969524,0.0,0.0429818,0.143384,0.0,0.170841,0.110349,0.0,0.115807,0.0190191
1009.0,40.9706,0.0,0.739711,0.0,0.114941,0.361449,0.244802,0.0,0.0,0.0,0.0,0.0
1010.0,41.0039,0.019363,0.135032,0.0,0.0804859,0.286237,0.0907257,0.0396938,0.0,0.0,0.201723,0.234901
1011.0,41.0373,0.164131,0.0552383,0.0076026,0.0499664,0.222156,0.0656262,0.0560491,0.0102009,0.0,0.193027,0.23682
1012.0,41.0706,0.202407,0.135202,0.0232403,0.0282297,0.181077,0.10798,0.0,0.0,0.0,0.0394486,0.13937
1013.0,41.1039,0.271045,0.320993,0.0464089,0.0409616,0.177371,0.0375359,0.072061,0.0481873,0.0,0.234879,0.157169
1014.0,41.1373,0.500778,0.426812,0.0,0.0337013,0.158757,0.103163,0.0652026,0.0697857,0.0,0.358847,0.195998
1015.0,41.1706,0.498151,0.29505,0.0,0.0125466,0.0877822,0.113994,0.037265,0.0621856,0.0,0.395008,0.118374
1016.0,41.2039,0.551718,0.224256,0.139542,0.0136447,0.0798055,0.248755,0.0,0.0,0.0,0.296714,0.163668
1017.0,41.2373,0.664481,0.260167,0.0586247,0.0043515,0.0565671,0.276703,0.0,0.0,0.0,0.270355,0.133421
1018.0,41.2706,0.717718,0.388567,0.0199708,0.0017989,0.0121985,0.210596,0.0,0.0,0.0,0.205578,0.0842941
1019.0,41.3039,0.499102,0.392463,0.0,0.0,0.0,0.23237,0.0,0.0116349,0.0243002,0.0743236,0.0
1020.0,41.3373,0.605087,0.26066,0.0,0.066573,0.171383,0.246653,0.0,0.0,0.0590373,0.0,0.0
1021.0,41.3706,0.623558,0.156268,0.272396,0.0546222,0.137587,0.404161,0.0,0.0,0.0532073,0.139581,0.0
1022.0,41.4039,0.0804039,0.0,0.197645,0.0642411,0.194405,0.338213,0.0,0.027047,0.00528687,0.3353,0.0
1023.0,41.4373,0.604873,0.456975,0.489823,0.0731002,0.19441,0.49699,0.0,0.000243202,0.0608767,0.292475,0.0
1024.0,41.4706,0.661704,0.202876,0.594615,0.0329907,0.0938417,0.634447,0.0,0.0,0.034119,0.64642,0.00050997
1025.0,41.5039,0.134705,0.0805362,0.00846862,0.113805,0.283327,0.0,0.40928,0.0,0.0,0.711219,0.623039
1026.0,41.5373,0.412859,0.282672,0.515009,0.0,0.0,0.186357,0.0,0.079541,0.0501126,0.208428,0.0
1027.0,41.5706,0.238998,0.0701366,0.27179,0.0,0.0,0.0493021,0.0,0.0645748,0.0,0.205888,0.0912731
1028.0,41.6039,0.287569,0.0,0.161626,0.0373427,0.141382,0.0,0.0666165,0.0,0.0,0.355856,0.0514242
1029.0,41.6373,0.394044,0.0,0.127886,0.037385,0.153982,0.0,0.116032,0.0224126,0.0,0.663484,0.0803023
1030.0,41.6706,0.0,0.0343194,0.0,0.00799074,0.110535,0.122273,0.0,0.0,0.0772087,0.0,0.130556
1031.0,41.7039,0.0,0.0401571,0.0,0.00291557,0.0863813,0.0601214,0.0,0.0,0.0571642,0.0,0.154541
1032.0,41.7373,0.0,0.0532836,0.0,0.0,0.0446171,0.0767318,0.0,0.0,0.00549873,0.0201801,0.169271
1033.0,41.7706,0.0,0.0735662,0.0,0.0,0.0,0.0,0.0,0.0,0.0186828,0.0519119,0.107689
1034.0,41.8039,0.0,0.196143,0.0,0.0,0.0,0.0,0.0683194,0.00165517,0.103622,0.104368,0.144997
1035.0,41.8373,0.0,0.29927,0.0,0.0,0.0,0.0,0.165215,0.0211497,0.156034,0.0675753,0.114608
1036.0,41.8706,0.0322643,0.68352,0.0,0.0,0.0,0.0,0.28333,0.0,0.52151,0.0,0.258357
1037.0,41.9039,0.0481607,0.711206,0.0,0.0,0.0,0.0,0.292513,0.106533,0.60212,0.0,0.199282
1038.0,41.9373,0.0403413,0.559741,0.0,0.0,0.0,0.0,0.145417,0.267168,0.468374,0.0,0.119373
1039.0,41.9706,0.0300013,0.384026,0.0,0.0,0.0,0.0,0.0782325,0.305511,0.385578,0.0,0.1417
1040.0,42.0039,0.0340868,0.2193,0.0,0.0,0.0,0.0,0.136763,0.375612,0.211448,0.0426299,0.0179748
1041.0,42.0373,0.0,0.960335,0.0,0.0330627,0.129925,0.0,0.16536,0.106691,0.0,0.0383281,0.0
1042.0,42.0706,0.0,0.751649,0.0,0.122656,0.381064,0.23283,0.0,0.0,0.0,0.0,0.0
1043.0,42.1039,0.0151011,0.157388,0.0,0.0839856,0.296237,0.0915715,0.0388483,0.0,0.0,0.19163,0.233882
1044.0,42.1373,0.184714,0.0756317,0.0,0.0585783,0.235536,0.0554185,0.0602503,0.00891001,0.0,0.192018,0.193814
1045.0,42.1706,0.191864,0.236661,0.0,0.0330252,0.19084,0.141159,0.0,0.0,0.0,0.00349051,0.113808
1046.0,42.2039,0.243106,0.120768,0.023718,0.0,0.0803084,0.0253331,0.0261642,0.0195683,0.0,0.168564,0.0934933
1047.0,42.2373,0.503815,0.289121,0.0,0.0694571,0.250682,0.162826,0.0368882,0.0,0.0,0.295858,0.209584
1048.0,42.2706,0.531414,0.247994,0.0,0.0298116,0.1387,0.148712,0.0248614,0.0289608,0.0,0.377239,0.111118
1049.0,42.3039,0.606623,0.188775,0.00531147,0.0201519,0.114635,0.345716,0.0,0.0,0.0,0.320081,0.143165
1050.0,42.3373,0.698094,0.23601,0.0,0.00933095,0.0808165,0.355105,0.0,0.0,0.0,0.239223,0.122351
1051.0,42.3706,0.753226,0.3789,0.0133,0.00578746,0.0220541,0.247451,0.0,0.0,0.0,0.152361,0.0919669
1052.0,42.4039,0.487006,0.374979,0.0,0.0,0.00174945,0.287887,0.0,0.0,0.042165,0.0603066,0.0
1053.0,42.4373,0.62372,0.20167,0.0591059,0.0646786,0.165733,0.280535,0.0,0.0,0.0513571,0.0,0.0
1054.0,42.4706,0.6651,0.0,0.308514,0.0652299,0.15816,0.411099,0.0,0.0,0.0358373,0.182089,0.0
1055.0,42.5039,0.594409,0.188003,0.59312,0.0579131,0.147973,0.447611,0.0,0.0,0.0245451,0.313146,0.0
1056.0,42.5373,0.584599,0.321322,0.706415,0.0540319,0.146087,0.565919,0.0,0.0,0.0,0.571562,0.0
1057.0,42.5706,0.575088,0.39609,0.508701,0.014315,0.034773,0.552891,0.0,0.0227237,0.0929382,0.414581,0.0
1058.0,42.6039,0.174237,0.225058,0.0,0.106183,0.265397,0.0,0.423147,0.0,0.0,0.803846,0.401344
1059.0,42.6373,0.233926,0.288999,0.360454,0.0196023,0.0786206,0.0561088,0.0,0.0,0.0235636,0.00154097,0.0
1060.0,42.6706,0.0894659,0.0607095,0.178082,0.0,0.0266842,0.0,0.0279731,0.0233109,0.000707,0.0503232,0.102334
1061.0,42.7039,0.345113,0.0,0.250186,0.0263112,0.115461,0.0,0.043028,0.0,0.00337272,0.340172,0.0637002
1062.0,42.7373,0.139933,0.0,0.0,0.0,0.0428204,0.0,0.200231,0.0284524,0.0,0.477296,0.209633
1063.0,42.7706,0.0,0.0454522,0.0,0.0133921,0.11809,0.0383653,0.0,0.0,0.106832,0.0,0.118311
1064.0,42.8039,0.0,0.0320423,0.0,0.0,0.0521767,0.0934963,0.0,0.0,0.00441223,0.055458,0.207898
1065.0,42.8373,0.0,0.0467895,0.0,0.0,0.0217983,0.0345479,0.0,0.0,0.00137937,0.0239211,0.172365
1066.0,42.8706,0.0,0.0732159,0.0,0.0,0.0053715,0.0,0.0638283,0.0153551,0.0190298,0.0734204,0.12684
1067.0,42.9039,0.0,0.247723,0.0,0.0,0.0,0.0,0.0981691,0.00654966,0.130412,0.0753209,0.106016
1068.0,42.9373,0.0,0.394625,0.0,0.0,0.0,0.0,0.236329,0.0105944,0.235598,0.0351709,0.112456
1069.0,42.9706,0.0500838,0.698169,0.0,0.0,0.0,0.0,0.34427,0.029707,0.559111,0.0,0.250845
1070.0,43.0039,0.0480497,0.684673,0.0,0.0,0.0,0.0,0.24895,0.157744,0.572491,0.0,0.159162
1071.0,43.0373,0.0337795,0.5248,0.0,0.0,0.0,0.0,0.106774,0.249504,0.443115,0.000375636,0.135718
1072.0,43.0706,0.0188908,0.353474,0.0,0.0,0.0,0.0,0.0578555,0.283669,0.365778,0.000506021,0.144506
1073.0,43.1039,0.0289226,0.197433,0.0,0.0,0.0,0.0,0.162542,0.379256,0.193422,0.0487901,0.00323066
1074.0,43.1373,0.0,0.968155,0.0,0.040792,0.140324,0.0,0.173921,0.11159,0.0,0.106399,0.0398776
1075.0,43.1706,0.0,0.745224,0.0,0.11823,0.369778,0.249013,0.0,0.0,0.0,0.0,0.0
1076.0,43.2039,0.0540554,0.140271,0.0,0.0820145,0.288928,0.0886097,0.0390387,0.0,0.0,0.18437,0.239404
1077.0,43.2373,0.183676,0.0697075,0.0,0.0475949,0.21632,0.0623351,0.0526628,0.00813467,0.0,0.190744,0.238355
1078.0,43.2706,0.20151,0.174555,0.0330601,0.037486,0.206484,0.101715,0.0,0.0,0.0,0.0660326,0.135235
1079.0,43.3039,0.315062,0.215301,0.0,0.0476293,0.203755,0.063076,0.0781105,0.0594266,0.0,0.27037,0.170296
1080.0,43.3373,0.469264,0.40381,0.0,0.0494989,0.205132,0.133872,0.0607841,0.0660507,0.0,0.398751,0.173771
1081.0,43.3706,0.461214,0.284828,0.0,0.0236951,0.119661,0.157571,0.00781694,0.0160118,0.0,0.356663,0.146776
1082.0,43.4039,0.562455,0.203686,0.058033,0.0192374,0.10978,0.36149,0.0,0.0,0.0,0.298773,0.160988
1083.0,43.4373,0.678603,0.242879,0.0,0.0113755,0.0863228,0.361034,0.0,0.0,0.0,0.287656,0.136144
1084.0,43.4706,0.727979,0.3763,0.0,0.00719793,0.0266128,0.254336,0.0,0.0,0.0,0.207748,0.0863232
1085.0,43.5039,0.449288,0.392609,0.0,0.00125153,0.00607146,0.286997,0.0,0.0,0.0363731,0.0690726,0.0
1086.0,43.5373,0.589021,0.245827,0.00145262,0.0654942,0.169462,0.256756,0.0,0.0,0.0360281,0.0,0.0
1087.0,43.5706,0.311032,0.0,0.0692777,0.0597289,0.16249,0.341833,0.0,0.00304759,0.023192,0.187072,0.0
1088.0,43.6039,0.50808,0.259769,0.608095,0.0571541,0.149497,0.458295,0.0,0.0,0.024028,0.329419,0.0
1089.0,43.6373,0.55674,0.335295,0.692128,0.0527527,0.14065,0.525689,0.0,0.0,0.00543608,0.50519,0.0
1090.0,43.6706,0.6834,0.436271,0.514905,0.0200454,0.0606365,0.613763,0.0,0.0,0.041245,0.593839,0.0
1091.0,43.7039,0.0524509,0.0333897,0.0527129,0.16065,0.379972,0.0,0.864424,0.0,0.0,0.735707,0.660413
1092.0,43.7373,0.371504,0.363675,0.465667,0.0,0.0,0.185429,0.0,0.0353202,0.0372374,0.205281,0.0
1093.0,43.7706,0.0785182,0.188278,0.347266,0.0,0.0,0.0728355,0.0,0.0325421,0.00782638,0.137155,0.0215135
1094.0,43.8039,0.325839,0.0,0.120877,0.0410239,0.147996,0.0,0.112263,0.0,0.0,0.272442,0.0605945
1095.0,43.8373,0.354134,0.0056834,0.356018,0.0467505,0.175913,0.0,0.126524,0.0506522,0.0,0.78893,0.0661537
1096.0,43.8706,0.0,0.0205759,0.0,0.0,0.08431,0.0776218,0.0,0.0,0.0494543,0.0,0.161845
1097.0,43.9039,0.0,0.0460829,0.0,0.00747771,0.0981777,0.0129466,0.0,0.0,0.0605026,0.0,0.0899553
1098.0,43.9373,0.0,0.0476345,0.0,0.0,0.0433056,0.0473794,0.0,0.0,0.0,0.0435324,0.156112
1099.0,43.9706,0.0,0.0903159,0.000919152,0.0,0.0,0.0,0.0935048,0.0107955,0.0365544,0.0321873,0.141141
1100.0,44.0039,0.0,0.19075,0.0,0.0,0.0,0.0,0.0794417,0.00934816,0.103645,0.096769,0.116931
1101.0,44.0373,0.0,0.336358,0.0,0.0,0.0,0.0,0.180399,0.0146873,0.180476,0.0552786,0.0685496
1102.0,44.0706,0.0472959,0.702787,0.0,0.0,0.0,0.0,0.339614,0.0,0.560346,0.0,0.270061
1103.0,44.1039,0.0469435,0.687257,0.0,0.0,0.0,0.0,0.323626,0.112822,0.590314,0.0,0.177957
1104.0,44.1373,0.0368905,0.541019,0.0,0.0,0.0,0.0,0.143406,0.245221,0.45481,0.0,0.132191
1105.0,44.1706,0.0268128,0.371984,0.0,0.0,0.0,0.0,0.065027,0.282686,0.36328,0.0024565,0.136267
1106.0,44.2039,0.0387069,0.232744,0.0,0.0,0.0,0.0,0.121271,0.3744,0.218185,0.0423036,0.0183855
1107.0,44.2373,0.0,0.96766,0.0,0.0293132,0.111212,0.0,0.193216,0.133511,0.0,0.129909,0.047969
1108.0,44.2706,0.0,0.841781,0.0,0.160578,0.45683,0.152185,0.00130176,0.0,0.0,0.100963,0.0912121
1109.0,44.3039,0.0132203,0.311386,0.00883356,0.0710389,0.266182,0.0788524,0.0389377,0.0,0.0,0.15746,0.142611
1110.0,44.3373,0.152893,0.0569437,0.00452768,0.0512295,0.214678,0.0542136,0.0508471,0.00298964,0.0,0.175159,0.206243
1111.0,44.3706,0.173961,0.225461,0.0,0.0232912,0.163908,0.142893,0.0,0.0,0.0,0.0,0.101133
1112.0,44.4039,0.134744,0.309119,0.119209,0.00435005,0.0972899,0.0191951,0.0233438,0.0202147,0.0,0.145335,0.108114
1113.0,44.4373,0.419786,0.310939,0.00317507,0.0739749,0.257011,0.153195,0.0472745,0.00896498,0.0,0.299423,0.256391
1114.0,44.4706,0.472168,0.220126,0.0,0.0336697,0.148022,0.157793,0.0341061,0.0499965,0.0,0.430148,0.116607
1115.0,44.5039,0.532856,0.226918,0.0,0.0192704,0.112123,0.322378,0.0,0.0,0.0,0.376528,0.118525
1116.0,44.5373,0.659681,0.23868,0.0,0.0108445,0.0869324,0.396385,0.0,0.0,0.0,0.294404,0.141718
1117.0,44.5706,0.711533,0.392788,0.0,0.00289632,0.0182866,0.261606,0.0,0.0,0.0,0.223248,0.0948647
1118.0,44.6039,0.471343,0.375775,0.0,0.000374776,0.00165175,0.317446,0.0,0.0,0.0421646,0.105996,0.0
1119.0,44.6373,0.593333,0.247422,0.00292991,0.0646934,0.16595,0.284795,0.0,0.0,0.055912,0.0,0.0
1120.0,44.6706,0.571415,0.108485,0.30517,0.0546928,0.137657,0.422201,0.0,0.0,0.046254,0.185429,0.0
1121.0,44.7039,0.498448,0.293034,0.636663,0.0544346,0.143024,0.443242,0.0,0.0,0.0195346,0.339039,0.0
1122.0,44.7373,0.502629,0.303834,0.695453,0.0501118,0.13547,0.522492,0.0,0.0,0.0,0.529497,0.0
1123.0,44.7706,0.624591,0.412836,0.545522,0.0219806,0.0663398,0.64956,0.0,0.0,0.0373384,0.643203,0.0
1124.0,44.8039,0.597526,0.311512,0.141751,0.0368624,0.0930022,0.347475,0.0,0.043169,0.0756215,0.200946,0.0406476
1125.0,44.8373,0.258658,0.213629,0.0,0.07111,0.17833,0.0,0.198783,0.0,0.0,0.789368,0.0895119
1126.0,44.8706,0.140203,0.251659,0.288719,0.00948705,0.071635,0.0364181,0.0,0.0,0.0159157,0.0,0.0105933
1127.0,44.9039,0.260872,0.0,0.228933,0.0307401,0.130248,0.0,0.087932,0.00288317,0.00451249,0.322924,0.0576095
1128.0,44.9373,0.404314,0.0,0.221667,0.044043,0.171698,0.0,0.14833,0.0146785,0.0,0.618605,0.11463
1129.0,44.9706,0.0,0.0447449,0.0,0.00803555,0.112313,0.174977,0.0,0.0,0.107393,0.0,0.126551
1130.0,45.0039,0.0,0.0296901,0.0,0.0,0.0734213,0.0924575,0.0,0.0,0.0368517,0.0,0.15532
1131.0,45.0373,0.0,0.0472041,0.0,0.0,0.0272158,0.0406053,0.0,0.0,5.09694e-05,0.0324034,0.171532
1132.0,45.0706,0.0,0.0680841,0.0,0.0,0.0191873,0.0,0.0562895,0.0,0.00921667,0.0199718,0.144771
1133.0,45.1039,0.0,0.207554,0.0,0.0,0.0,0.0,0.0582302,0.0,0.100826,0.0699563,0.0764733
1134.0,45.1373,0.0,0.301786,0.0,0.0,0.0,0.0,0.154859,0.0203724,0.140712,0.0483763,0.0933079
1135.0,45.1706,0.0497969,0.722375,0.0,0.0,0.0,0.0,0.276442,0.0134998,0.543016,0.0,0.133567
1136.0,45.2039,0.0591392,0.709914,0.0,0.0,0.0,0.0,0.307491,0.14341,0.597716,0.0,0.175576
1137.0,45.2373,0.0409173,0.565382,0.0,0.0,0.0,0.0,0.141662,0.25161,0.480701,0.0,0.142731
1138.0,45.2706,0.0307632,0.379888,0.0,0.0,0.0,0.0,0.0718979,0.300013,0.379344,0.0,0.152168
1139.0,45.3039,0.0379486,0.220065,0.0,0.0,0.0,0.0,0.144479,0.378692,0.208233,0.045627,0.016991
1140.0,45.3373,0.0,0.963758,0.0,0.0301882,0.120254,0.0,0.176556,0.119322,0.0,0.0753509,0.0285381
1141.0,45.3706,0.0,0.775107,0.0,0.145059,0.435448,0.185121,0.0,0.0,0.0,0.0552627,0.0
1142.0,45.4039,0.0152436,0.206919,0.0,0.0843973,0.297272,0.088914,0.0397136,0.0,0.0,0.177206,0.202553
1143.0,45.4373,0.153627,0.0580368,0.0143991,0.0546661,0.226493,0.0540848,0.0528402,0.00170929,0.0,0.185535,0.205341
1144.0,45.4706,0.167288,0.228784,0.0,0.0313642,0.187383,0.160182,0.0,0.0,0.0,0.0,0.100664
1145.0,45.5039,0.210055,0.198061,0.0475351,0.0,0.0727355,0.0147771,0.0334975,0.0210793,0.0,0.146023,0.0635855
1146.0,45.5373,0.475993,0.332071,0.0,0.0673675,0.239241,0.148356,0.0256841,0.0,0.0,0.230877,0.157143
1147.0,45.5706,0.513544,0.366985,0.0,0.0288143,0.134506,0.129942,0.0290195,0.0275901,0.0,0.326795,0.0748393
1148.0,45.6039,0.604292,0.262,0.0377158,0.023675,0.106467,0.208077,0.000475119,0.0,0.0,0.338803,0.127304
1149.0,45.6373,0.665302,0.333491,0.0275368,0.00769699,0.0670316,0.287535,0.0,0.0,0.0,0.248364,0.103253
1150.0,45.6706,0.721013,0.457275,0.0482366,0.00165067,0.012196,0.190198,0.0,0.0,0.0,0.150313,0.0706316
1151.0,45.7039,0.471942,0.395895,0.0,0.0,0.0,0.238949,0.0,0.0725677,0.123932,0.0,0.0
1152.0,45.7373,0.611645,0.205613,0.0598605,0.0620373,0.161723,0.2922,0.0,0.0,0.0638689,0.0,0.0
1153.0,45.7706,0.674456,0.145286,0.326697,0.0546309,0.137551,0.44577,0.0,0.0,0.0606205,0.174594,0.0
1154.0,45.8039,0.573431,0.253116,0.67353,0.0576061,0.150968,0.430072,0.0,0.0,0.00666761,0.361501,0.0
1155.0,45.8373,0.633641,0.206852,0.613432,0.0565738,0.146624,0.55501,0.0,0.0,0.0160941,0.504632,0.0
1156.0,45.8706,0.603516,0.0629136,0.393273,0.0255737,0.0542229,0.539801,0.0,0.0112943,0.0928597,0.410512,0.0
1157.0,45.9039,0.0846072,0.0897071,0.0,0.088717,0.236865,0.0,0.337175,0.0,0.0,0.660997,0.375877
1158.0,45.9373,0.288423,0.199254,0.421658,0.00270255,0.0271671,0.180006,0.0,0.0,0.0452669,0.110244,0.0
1159.0,45.9706,0.0936065,0.0332166,0.152579,0.0,0.0190708,0.0,0.0633132,0.0245399,0.00145625,0.161776,0.147752
1160.0,46.0039,0.36642,0.0,0.197749,0.031882,0.129845,0.000623296,0.0,0.0,0.0,0.382169,0.0665139
1161.0,46.0373,0.23677,0.0,0.0508207,0.0058444,0.0925848,0.0,0.118041,0.0141328,0.00129672,0.53038,0.170274
1162.0,46.0706,0.0,0.0486244,0.0,0.0137365,0.123059,0.0347827,0.0,0.0,0.0826868,0.0,0.0920167
1163.0,46.1039,0.0,0.0348875,0.0,0.0,0.0665259,0.0594711,0.0,0.0,0.00703453,0.0325778,0.173733
1164.0,46.1373,0.0,0.0487701,0.0,0.0,0.0173479,0.00164422,0.0,0.0,0.00250482,0.0,0.184358
1165.0,46.1706,0.0,0.0756445,0.0,0.0,0.00433317,0.0,0.0516736,8.64118e-05,0.0177457,0.056798,0.149085
1166.0,46.2039,0.0,0.259608,0.0,0.0,0.0,0.0,0.113533,0.00925983,0.132315,0.0265759,0.119715
1167.0,46.2373,0.0,0.436114,0.0,0.0,0.0,0.0,0.297864,0.0,0.276239,0.0,0.215123
1168.0,46.2706,0.0704195,0.738546,0.0,0.0,0.0,0.0,0.427633,0.0290038,0.599777,0.0,0.261749
1169.0,46.3039,0.0548989,0.679809,0.0,0.0,0.0,0.0,0.25829,0.179377,0.557727,0.0,0.157896
1170.0,46.3373,0.0377222,0.531261,0.0,0.0,0.0,0.0,0.114117,0.234238,0.462097,0.0,0.194081
1171.0,46.3706,0.028759,0.363223,0.0,0.0,0.0,0.0,0.0567036,0.313657,0.350454,0.0071898,0.114927
1172.0,46.4039,0.0446504,0.19708,0.0,0.0,0.0,0.0,0.154767,0.389667,0.159948,0.0464292,0.0500913
1173.0,46.4373,0.0,0.970745,0.0,0.0461909,0.157281,0.0,0.166538,0.0925103,0.0,0.157433,0.0
1174.0,46.4706,0.0,0.743859,0.0,0.110651,0.350881,0.246834,0.0,0.0,0.0,0.0,0.0
1175.0,46.5039,0.0369369,0.0572165,0.00641981,0.0832666,0.297045,0.0977049,0.0412204,0.0,0.0,0.248028,0.267265
1176.0,46.5373,0.193524,0.0858257,0.0,0.0586521,0.251506,0.0757881,0.0556546,0.00571998,0.0,0.205601,0.242451
1177.0,46.5706,0.202966,0.104331,0.111494,0.0506711,0.225926,0.0449402,0.0374831,0.0,0.0030878,0.15281,0.15945
1178.0,46.6039,0.328833,0.256198,0.0,0.0833341,0.298724,0.104522,0.120733,0.10544,0.0,0.38727,0.190429
1179.0,46.6373,0.416422,0.299532,0.0,0.0489434,0.201272,0.133478,0.0830136,0.119151,0.0,0.517437,0.176076
1180.0,46.6706,0.421778,0.112859,0.0,0.0245152,0.124187,0.176411,0.00996288,0.0312986,0.0,0.426324,0.172444
1181.0,46.7039,0.573623,0.125565,0.0583047,0.0157846,0.102268,0.35436,0.0,0.0,0.0,0.3556,0.162969
1182.0,46.7373,0.67272,0.171008,0.0363216,0.00358582,0.0639803,0.393202,0.0,0.0,0.0,0.355419,0.152233
1183.0,46.7706,0.714376,0.291253,0.0,0.00476485,0.0156976,0.202294,0.0,0.0,0.0,0.250863,0.111697
1184.0,46.8039,0.463267,0.363693,0.0,0.000190632,0.000549382,0.24469,0.0,0.0039623,0.0363649,0.0533733,0.0118477
1185.0,46.8373,0.61334,0.264808,0.0,0.0712366,0.180466,0.24862,0.0,0.0,0.0361486,0.0,0.0
1186.0,46.8706,0.618942,0.11879,0.16793,0.0624424,0.155244,0.384591,0.0,0.0,0.0317673,0.157885,0.0
1187.0,46.9039,0.539221,0.24558,0.589548,0.0569253,0.148256,0.467878,0.0,0.0,0.0327156,0.308251,0.0
1188.0,46.9373,0.568726,0.332854,0.69407,0.0534679,0.144317,0.548752,0.0,0.0,0.0185069,0.491212,0.0
1189.0,46.9706,0.636365,0.403887,0.535386,0.0241357,0.0625691,0.540882,0.0,0.0112613,0.056282,0.497542,0.0292548
1190.0,47.0039,0.315213,0.242466,0.0,0.108173,0.256807,0.0,0.407081,0.0,0.0,0.767115,0.354945
1191.0,47.0373,0.324641,0.305025,0.419529,0.0,0.0207693,0.18637,0.0,0.0,0.0491361,0.0864068,0.0
1192.0,47.0706,0.0614638,0.18465,0.336376,0.0,0.0,0.0132621,0.0,0.0516642,0.000527427,0.132564,0.0777208
1193.0,47.1039,0.33933,0.0,0.214246,0.0377185,0.138994,0.0,0.0757477,0.0,0.00365476,0.322569,0.0440466
1194.0,47.1373,0.417443,0.0,0.0190241,0.02605,0.1174,0.0,0.184889,0.0191906,0.0,0.585187,0.137438
1195.0,47.1706,0.0,0.0266826,0.0,0.0111701,0.111221,0.0690304,0.0,0.0,0.0816277,0.0,0.156141
1196.0,47.2039,0.0,0.0305561,0.0,0.0,0.0790372,0.0915774,0.0,0.0,0.0434788,0.0,0.170091
1197.0,47.2373,0.0,0.0469416,0.0,0.0,0.0380658,0.0403199,0.0,0.0,0.00257013,0.0184825,0.163505
1198.0,47.2706,0.0,0.0637128,0.0,0.0,0.0,0.0,0.030622,0.0,0.0140105,0.0624944,0.141279
1199.0,47.3039,0.0,0.199536,0.0,0.0,0.0,0.0,0.0692429,0.000761773,0.105066,0.101433,0.124087
1200.0,47.3373,0.0,0.338053,0.0,0.0,0.0,0.0,0.141474,0.0103335,0.169327,0.0873825,0.0684692
1201.0,47.3706,0.0396523,0.688281,0.0,0.0,0.0,0.0,0.267175,0.0,0.528498,0.0,0.239825
1202.0,47.4039,0.0445172,0.697107,0.0,0.0,0.0,0.0,0.288766,0.124861,0.592233,0.0,0.156608
1203.0,47.4373,0.0321508,0.551463,0.0,0.0,0.0,0.0,0.114408,0.236141,0.461965,0.0,0.129723
1204.0,47.4706,0.0270709,0.372414,0.0,0.0,0.0,0.0,0.0630824,0.304973,0.359342,0.00443516,0.118484
1205.0,47.5039,0.0336674,0.211747,0.0,0.0,0.0,0.0,0.116708,0.359868,0.216177,0.0395857,0.0308955
1206.0,47.5373,0.0,0.973357,0.0,0.0230483,0.0941629,0.0,0.202652,0.1341,0.0,0.133744,0.0492462
1207.0,47.5706,0.0,0.823761,0.0,0.178704,0.49331,0.155804,0.00426127,0.0,0.0,0.0998987,0.28094
1208.0,47.6039,0.00579909,0.410442,0.0,0.0680247,0.261785,0.083732,0.0356596,0.0,0.0,0.147974,0.145581
1209.0,47.6373,0.20391,0.117117,0.0,0.0483062,0.205296,0.044982,0.0458992,0.0,0.0,0.141786,0.18169
1210.0,47.6706,0.219877,0.313982,0.0,0.0179281,0.151432,0.133197,0.0,0.0,0.0,0.0,0.108767
1211.0,47.7039,0.169592,0.339322,0.00483971,0.0,0.0550806,0.034877,0.0,0.0,0.0,0.0864093,0.069918
1212.0,47.7373,0.434378,0.418967,0.0,0.0609659,0.224672,0.137566,0.0369795,0.0046644,0.0,0.261942,0.203318
1213.0,47.7706,0.475782,0.332203,0.0,0.0267405,0.124737,0.0928031,0.0493982,0.0585411,0.0,0.339898,0.10161
1214.0,47.8039,0.528407,0.342614,0.0,0.0138409,0.0854333,0.218331,0.0,0.0,0.0,0.341375,0.123784
1215.0,47.8373,0.630714,0.384255,0.0263697,0.00614095,0.0623326,0.330788,0.0,0.0,0.0,0.229191,0.125873
1216.0,47.8706,0.71481,0.525306,0.0306747,0.00463511,0.0252619,0.237153,0.0,0.0,0.0,0.195526,0.0989548
1217.0,47.9039,0.467249,0.394268,0.0,0.0,0.0,0.25138,0.0,0.0633811,0.0697967,0.0,0.0
1218.0,47.9373,0.536709,0.194025,0.0263413,0.0546783,0.143412,0.263009,0.0,0.0,0.0467235,0.0,0.0
1219.0,47.9706,0.57981,0.214909,0.334311,0.0512244,0.133679,0.401762,0.0,0.0,0.0452135,0.163132,0.0
1220.0,48.0039,0.548573,0.320624,0.650178,0.0582658,0.151115,0.438336,0.0,0.0,0.0262297,0.294382,0.0
1221.0,48.0373,0.532577,0.376116,0.727729,0.0541901,0.145474,0.517592,0.0,0.0,0.0,0.529218,0.0
1222.0,48.0706,0.655435,0.479021,0.549296,0.0201788,0.0632589,0.625558,0.0,0.0,0.0292223,0.617886,0.0
1223.0,48.1039,0.465792,0.401251,0.254141,0.0110874,0.0330846,0.383461,0.0,0.0628027,0.0857382,0.205237,0.0222163
1224.0,48.1373,0.300118,0.228212,0.0,0.0711051,0.189714,0.0,0.126263,0.0,0.0,0.723263,0.0600807
1225.0,48.1706,0.157878,0.203194,0.262034,0.0222747,0.103454,0.000560861,0.0305995,0.0,0.00702319,0.0,0.0
1226.0,48.2039,0.166224,0.0938469,0.270345,0.0405983,0.160877,0.0,0.113914,0.00544392,0.000825122,0.397853,0.14687
1227.0,48.2373,0.270151,0.0220803,0.405326,0.0340783,0.156101,0.0,0.10308,0.0379026,0.00408304,0.649179,0.0968696
1228.0,48.2706,0.0,0.0411605,0.0,0.0,0.0660926,0.277596,0.0,0.0,0.109907,0.0,0.123924
1229.0,48.3039,0.0,0.035836,0.0,0.0,0.0758916,0.0867536,0.0,0.0,0.0231408,0.0,0.13907
1230.0,48.3373,0.0,0.0364049,0.0,0.0,0.0353104,0.0039694,0.0,0.0,0.0,0.101825,0.160406
1231.0,48.3706,0.0,0.0584789,0.0,0.0,0.0165796,0.0,0.0203414,0.0,0.0,0.0652355,0.124996
1232.0,48.4039,0.000913396,0.304498,0.0,0.0,0.0,0.0,0.152787,0.0134571,0.181302,0.0332954,0.113535
1233.0,48.4373,0.0,0.316512,0.0,0.0,0.0,0.0,0.194488,0.0161491,0.182901,0.0371749,0.0818884
1234.0,48.4706,0.0397473,0.675792,0.0,0.0,0.0,0.0,0.323666,0.00105173,0.553249,0.0,0.14896
1235.0,48.5039,0.0378252,0.673278,0.0,0.0,0.0,0.0,0.257581,0.0816904,0.562161,0.0,0.241038
1236.0,48.5373,0.0380092,0.547558,0.0,0.0,0.0,0.0,0.127022,0.252765,0.465156,0.0,0.134982
1237.0,48.5706,0.0260756,0.362575,0.0,0.0,0.0,0.0,0.0626431,0.284368,0.367342,0.0,0.145982
1238.0,48.6039,0.0394992,0.211386,0.0,0.0,0.0,0.0,0.131109,0.367233,0.210866,0.0404938,0.0209495
1239.0,48.6373,0.0,0.964434,0.0,0.0492732,0.158172,0.0,0.155355,0.106121,0.0,0.272592,0.0799845
1240.0,48.6706,0.0,0.840036,0.0,0.151925,0.441294,0.166678,0.0,0.0,0.0,0.0998374,0.134094
1241.0,48.7039,0.0908555,0.276564,0.00865804,0.0615668,0.240985,0.0583166,0.0355628,0.0,0.0,0.120354,0.138277
1242.0,48.7373,0.217014,0.109874,0.0,0.040674,0.191177,0.0455978,0.0395366,0.0,0.0,0.147133,0.172995
1243.0,48.7706,0.220586,0.293623,0.0,0.0177505,0.159031,0.136967,0.0,0.0,0.000359222,0.0,0.075634
1244.0,48.8039,0.262106,0.247389,0.0,0.0,0.0723896,0.0336201,0.0,0.0,0.0,0.0577365,0.0837284
1245.0,48.8373,0.536703,0.338674,0.0,0.0649046,0.239542,0.170449,0.0104098,0.0,0.0,0.206294,0.152062
1246.0,48.8706,0.525371,0.378353,0.0,0.0315256,0.139329,0.125055,0.0234857,0.00927806,0.0,0.270689,0.0953069
1247.0,48.9039,0.622029,0.392656,0.0,0.0301023,0.127313,0.245573,0.0,0.0,0.0,0.321784,0.12234
1248.0,48.9373,0.685358,0.414938,0.0,0.0141415,0.0895513,0.307602,0.0,0.0,0.0,0.240202,0.0911164
1249.0,48.9706,0.708378,0.470353,0.0595735,0.0,0.00708273,0.252594,0.0,0.0,0.000239454,0.100542,0.0481291
1250.0,49.0039,0.47101,0.386924,0.0,0.0,0.0,0.299883,0.0,0.028355,0.0794857,0.0,0.0
1251.0,49.0373,0.550094,0.238788,0.153874,0.0463699,0.124477,0.350477,0.0,0.0,0.0667118,0.0349975,0.0
1252.0,49.0706,0.606301,0.26867,0.516143,0.0490681,0.129936,0.432534,0.0,0.0,0.0475396,0.211641,0.0
1253.0,49.1039,0.527179,0.350975,0.715413,0.0570277,0.150349,0.426601,0.0,0.0,0.0,0.403916,0.0
1254.0,49.1373,0.596375,0.44363,0.725741,0.0516184,0.13799,0.562515,0.0,0.0,0.0,0.58723,0.0
1255.0,49.1706,0.560136,0.575428,0.494755,0.0,0.0092204,0.58442,0.0,0.0287077,0.0394221,0.621521,0.0
1256.0,49.2039,0.434914,0.352911,0.106159,0.0368602,0.102672,0.347601,0.0,0.0398337,0.0513209,0.25161,0.0823675
1257.0,49.2373,0.0210989,0.170436,0.0,0.054248,0.158708,0.0,0.211364,0.0,0.0,0.656699,0.12247
1258.0,49.2706,0.0893582,0.227471,0.264819,0.0117654,0.0830075,0.000221567,0.0767522,0.00723565,0.00392796,0.0,0.0738504
1259.0,49.3039,0.193543,0.278056,0.493834,0.0201513,0.11617,0.0,0.0628187,0.00946543,0.00704672,0.240883,0.109604
1260.0,49.3373,0.277416,0.0107366,0.251119,0.0296423,0.149841,0.0,0.0708214,0.00517425,0.00123966,0.508634,0.141332
1261.0,49.3706,0.0,0.0325287,0.0,0.00656629,0.106432,0.134144,0.0,0.0,0.089097,0.0,0.158551
1262.0,49.4039,0.0,0.0317475,0.0,0.0,0.0513816,0.0880217,0.0,0.0,0.0102983,0.0315157,0.16922
1263.0,49.4373,0.0,0.0348313,0.0,0.0,0.0124258,0.035266,0.0,0.0,0.0,0.0839515,0.157789
1264.0,49.4706,0.0,0.0710605,0.0,0.0,0.00601516,0.0,0.0726089,0.00709342,0.02489,0.0235973,0.105295
1265.0,49.5039,0.0,0.217402,0.0,0.0,0.0,0.0,0.110024,0.0178665,0.108721,0.0193061,0.154709
1266.0,49.5373,0.0,0.383482,0.0,0.0,0.0,0.0,0.258883,0.0137216,0.235272,0.0,0.0920509
1267.0,49.5706,0.0534303,0.704368,0.0,0.0,0.0,0.0,0.40983,0.0,0.581659,0.0,0.312746
1268.0,49.6039,0.0530009,0.680165,0.0,0.0,0.0,0.0,0.288541,0.164547,0.578346,0.0,0.176879
1269.0,49.6373,0.0363847,0.517689,0.0,0.0,0.0,0.0,0.111764,0.248794,0.444297,0.0,0.154439
1270.0,49.6706,0.0225283,0.351182,0.0,0.0,0.0,0.0,0.0541419,0.271196,0.364407,0.0,0.161539
1271.0,49.7039,0.0396002,0.208088,0.0,0.0,0.0,0.0,0.147619,0.382507,0.185302,0.0506927,0.00263893
1272.0,49.7373,0.0,0.965759,0.0,0.0413514,0.141106,0.0,0.167303,0.108025,0.0,0.0970313,0.0157535
1273.0,49.7706,0.0,0.752804,0.0,0.118522,0.362559,0.244479,0.0,0.0,0.0,0.0,0.0
1274.0,49.8039,0.0649371,0.0816005,0.0,0.0867558,0.300079,0.100667,0.0347063,0.0,0.0,0.184103,0.225964
1275.0,49.8373,0.0892118,0.0303468,0.0349683,0.0513895,0.221482,0.0634229,0.0375825,0.00254258,0.0,0.223012,0.178369
1276.0,49.8706,0.226645,0.103393,0.0,0.0448895,0.222579,0.159175,0.0,0.0,0.0,0.0179867,0.101254
1277.0,49.9039,0.231673,0.298311,0.136812,0.0293223,0.158745,0.0333223,0.0443931,0.0217301,0.00302918,0.188676,0.0957802
1278.0,49.9373,0.494716,0.324524,0.0,0.069488,0.253669,0.154531,0.056396,0.0288104,0.0,0.349395,0.248678
1279.0,49.9706,0.429607,0.257862,0.0,0.0269485,0.130724,0.154579,0.0323592,0.0534095,0.0,0.434071,0.135818
1280.0,50.0039,0.526718,0.192236,0.0,0.0280294,0.127224,0.294646,0.0,0.0,0.0,0.356885,0.123649
1281.0,50.0373,0.671803,0.223655,0.0,0.00969363,0.0790112,0.345874,0.0,0.0,0.0,0.281015,0.105872
1282.0,50.0706,0.709394,0.380476,0.0,0.00595919,0.024477,0.227615,0.0,0.0,0.0,0.212337,0.0757552
1283.0,50.1039,0.427514,0.429876,0.0,0.0,0.000250209,0.276832,0.0,0.00148018,0.035487,0.0796956,0.0
1284.0,50.1373,0.603637,0.278242,0.0,0.0667373,0.173825,0.252392,0.0,0.0,0.0405911,0.0,0.0
1285.0,50.1706,0.605917,0.119653,0.205948,0.0566629,0.143516,0.454474,0.0,0.0,0.053975,0.194042,0.0
1286.0,50.2039,0.512408,0.0480542,0.465768,0.0539879,0.140095,0.457869,0.0,0.0,0.0261458,0.345074,0.0
1287.0,50.2373,0.567978,0.236464,0.640766,0.0542112,0.145261,0.537312,0.0,0.0,0.0133357,0.492712,0.0
1288.0,50.2706,0.657887,0.397952,0.50111,0.0225352,0.0712103,0.523898,0.0,0.0,0.0351346,0.533843,0.0
1289.0,50.3039,0.0712475,0.132409,0.0452962,0.130893,0.298287,0.0,0.607016,0.0,0.0,0.647372,0.806734
1290.0,50.3373,0.430062,0.247133,0.459247,0.0,0.0,0.219303,0.0,0.0282271,0.0395611,0.229295,0.0
1291.0,50.3706,0.189445,0.0787033,0.269101,0.0,0.0,0.0841479,0.0,0.0168963,0.00594221,0.116708,0.0679019
1292.0,50.4039,0.336166,0.0,0.228671,0.0341485,0.130534,0.00164933,0.0206771,0.0,0.00139694,0.2829,0.0172469
1293.0,50.4373,0.0,0.878499,0.0,0.0,0.00849174,0.0,0.170431,0.0874675,0.0,0.683791,0.187459
1294.0,50.4706,0.0,0.0255742,0.0,0.00468951,0.0984939,0.10882,0.0,0.0,0.0901537,0.0,0.159228
1295.0,50.5039,0.0,0.0318479,0.0,0.00223704,0.0862976,0.090168,0.0,0.0,0.0681887,0.0,0.154974
1296.0,50.5373,0.0,0.0448167,0.0,0.0,0.0470456,0.117259,0.0,0.0,0.00105824,0.0493033,0.170323
1297.0,50.5706,0.0,0.061058,0.0,0.0,0.00988238,0.0,0.0440485,0.0,0.00855859,0.0521169,0.123325
1298.0,50.6039,0.0,0.186454,0.0,0.0,0.0,0.0,0.0706013,0.00809511,0.0976936,0.116771,0.122538
1299.0,50.6373,0.0,0.319851,0.0,0.0,0.0,0.0,0.148501,0.0130784,0.157952,0.0864725,0.107241
1300.0,50.6706,0.0443351,0.721381,0.0,0.0,0.0,0.0,0.272435,0.0138184,0.541272,0.0,0.145238
1301.0,50.7039,0.0451908,0.69557,0.0,0.0,0.0,0.0,0.279258,0.117412,0.593217,0.0,0.21284
1302.0,50.7373,0.036669,0.54773,0.0,0.0,0.0,0.0,0.145069,0.276732,0.465146,0.0,0.123482
1303.0,50.7706,0.0270817,0.360963,0.0,0.0,0.0,0.0,0.0791151,0.302027,0.366339,0.0,0.140529
1304.0,50.8039,0.0344534,0.207984,0.0,0.0,0.0,0.0,0.14421,0.371455,0.206334,0.0440954,0.0159746
1305.0,50.8373,0.0,0.965944,0.0,0.0330042,0.121926,0.0,0.185101,0.127408,0.0,0.105634,0.0379518
1306.0,50.8706,0.0,0.785221,0.0,0.146787,0.437247,0.178364,0.0,0.0,0.0,0.0756052,0.0
1307.0,50.9039,0.00902616,0.253244,0.0,0.0806902,0.290781,0.0935691,0.0397844,0.0,0.0,0.191619,0.208324
1308.0,50.9373,0.152083,0.0612449,0.0103385,0.0560371,0.228245,0.0525087,0.0549811,0.00786801,0.0,0.183709,0.214498
1309.0,50.9706,0.15183,0.24746,0.0,0.0238892,0.165197,0.137868,0.0,0.0,0.0,0.0,0.115918
1310.0,51.0039,0.146132,0.277508,0.0844001,0.00245221,0.0840796,0.0113375,0.045275,0.0403966,0.0,0.183866,0.107821
1311.0,51.0373,0.442215,0.377277,0.0,0.061484,0.22379,0.114318,0.0486322,0.0154596,0.0,0.259816,0.179214
1312.0,51.0706,0.470409,0.269172,0.0,0.0238825,0.118732,0.107741,0.0495231,0.065061,0.0,0.394754,0.0965525
1313.0,51.1039,0.517005,0.243461,0.0186534,0.0181678,0.0919562,0.196651,0.0,0.0,0.0,0.347979,0.116465
1314.0,51.1373,0.622275,0.336184,0.0705831,0.00541896,0.0596599,0.286386,0.0,0.0,0.0,0.256916,0.115877
1315.0,51.1706,0.704512,0.411689,0.0179488,0.00344195,0.0208047,0.226233,0.0,0.0,0.0,0.192382,0.0829149
1316.0,51.2039,0.510877,0.409873,0.0,0.000913074,0.00261795,0.298459,0.0,0.0,0.0367759,0.078369,0.0
1317.0,51.2373,0.605995,0.265349,0.0,0.0671667,0.174021,0.251697,0.0,0.0,0.0536916,0.0,0.0
1318.0,51.2706,0.652687,0.0852838,0.289778,0.0574762,0.143332,0.39502,0.0,0.0,0.0459807,0.140332,0.0
1319.0,51.3039,0.540297,0.241739,0.628871,0.055969,0.146821,0.432214,0.0,0.0,0.0196211,0.306565,0.0
1320.0,51.3373,0.587888,0.317203,0.671456,0.0544213,0.142784,0.516918,0.0,0.0,0.012594,0.462035,0.0
1321.0,51.3706,0.683536,0.442329,0.497633,0.023064,0.0680473,0.620215,0.0,0.0,0.0540559,0.583499,0.0
1322.0,51.4039,0.592634,0.253867,0.00638679,0.0455054,0.112077,0.35985,0.0,0.0389828,0.0749345,0.190491,0.0640193
1323.0,51.4373,0.166192,0.196401,0.0,0.0677864,0.180648,0.0,0.180103,0.0,0.0,0.674348,0.000974796
1324.0,51.4706,0.0101884,0.138681,0.227601,0.0051893,0.0705762,0.000183776,0.0145498,0.0098052,0.0211017,0.0,0.0369026
1325.0,51.5039,0.254483,0.000690052,0.255636,0.0248674,0.11652,0.0,0.0656202,0.00629466,0.00313676,0.281041,0.0857131
1326.0,51.5373,0.179496,0.0154386,0.178366,0.0104332,0.105165,0.0,0.152958,0.0359004,0.000793829,0.632356,0.20627
1327.0,51.5706,0.0,0.0391352,0.0,0.00602304,0.10581,0.127246,0.0,0.0,0.0990296,0.0,0.158247
1328.0,51.6039,0.0,0.0367155,0.0,0.0,0.0550909,0.118154,0.0,0.0,0.0177182,0.0325749,0.20061
1329.0,51.6373,0.0,0.0440447,0.0,0.0,0.0364999,0.0324616,0.0,0.0,0.0,0.0724938,0.169525
1330.0,51.6706,0.0,0.0589841,0.0,0.0,0.0078634,0.0,0.0450416,0.0055634,0.0065788,0.115764,0.130347
1331.0,51.7039,0.0,0.235919,0.0,0.0,0.0,0.0,0.0859059,0.00846973,0.130831,0.138639,0.109362
1332.0,51.7373,0.0,0.29865,0.0,0.0,0.0,0.0,0.125552,0.0144637,0.141499,0.112307,0.0545668
1333.0,51.7706,0.0254865,0.676932,0.0,0.0,0.0,0.0,0.238485,0.000211541,0.530443,0.0,0.185573
1334.0,51.8039,0.0334109,0.684644,0.0,0.0,0.0,0.0,0.22729,0.100335,0.58082,0.0,0.234563
1335.0,51.8373,0.0364015,0.535433,0.0,0.0,0.0,0.0,0.120376,0.286316,0.457,0.0,0.119978
1336.0,51.8706,0.0194161,0.336991,0.0,0.0,0.0,0.0,0.0712603,0.295763,0.347311,0.000280105,0.124743
1337.0,51.9039,0.0317353,0.176547,0.0,0.0,0.0,0.0,0.139301,0.348702,0.194447,0.0410984,0.0169012
1338.0,51.9373,0.0,0.964439,0.0,0.042101,0.148583,0.0,0.165766,0.10602,0.0,0.0878638,0.0
1339.0,51.9706,0.0,0.73057,0.0,0.108845,0.341446,0.222051,0.0,0.0,0.0,0.0,0.0
1340.0,52.0039,0.0764712,0.185444,0.0,0.084955,0.299241,0.102342,0.0302574,0.0,0.0,0.16531,0.208624
1341.0,52.0373,0.200838,0.0742104,0.0,0.0445048,0.20064,0.0461353,0.044622,0.0,0.0,0.169131,0.174853
1342.0,52.0706,0.212959,0.243101,0.0,0.0172631,0.146968,0.165668,0.0,0.0,0.0,0.0,0.0686331
1343.0,52.1039,0.263679,0.280126,0.0218927,0.0,0.0893872,0.0453646,0.0,0.0,0.0,0.0526195,0.108396
1344.0,52.1373,0.534026,0.370473,0.0,0.0638855,0.237716,0.164095,0.0172855,0.0,0.0,0.249865,0.160864
1345.0,52.1706,0.51578,0.27775,0.0,0.0302935,0.131657,0.113497,0.0354601,0.0296826,0.0,0.320321,0.0994911
1346.0,52.2039,0.610985,0.219444,0.0,0.0226039,0.106794,0.232128,0.0,0.0,0.0,0.3205,0.109761
1347.0,52.2373,0.705302,0.314866,0.0,0.0107225,0.0804076,0.320089,0.0,0.0,0.0,0.249965,0.0915147
1348.0,52.2706,0.779055,0.395942,0.0,0.0123191,0.040084,0.246766,0.0,0.0,0.0,0.160506,0.0673658
1349.0,52.3039,0.46283,0.308106,0.0,0.0,0.0,0.244812,0.0,0.031945,0.0548575,0.0,0.0
1350.0,52.3373,0.624731,0.236839,0.0,0.0636265,0.161949,0.284829,0.0,0.0,0.0294412,0.027051,0.0
1351.0,52.3706,0.639026,0.0375532,0.287197,0.0618686,0.154645,0.405462,0.0,0.0,0.0334634,0.183984,0.0
1352.0,52.4039,0.587578,0.215385,0.607581,0.0626217,0.162004,0.438947,0.0,0.0,0.0126141,0.339124,0.0
1353.0,52.4373,0.618667,0.265198,0.647334,0.055338,0.146047,0.531112,0.0,0.0,0.00452196,0.506768,0.0
1354.0,52.4706,0.590226,0.351166,0.522658,0.00868625,0.0287154,0.623534,0.0,0.00595636,0.103437,0.465947,0.0
1355.0,52.5039,0.0543895,0.0959992,0.0,0.135389,0.312336,0.0,0.551848,0.0,0.0,0.655638,0.852359
1356.0,52.5373,0.29591,0.316469,0.454669,0.0,0.0045783,0.221881,0.0,0.0,0.0362192,0.206332,0.0
1357.0,52.5706,0.149656,0.12904,0.267452,0.0,0.0174814,0.0667142,0.0,0.0,0.00125482,0.0882672,0.113686
1358.0,52.6039,0.328573,0.0,0.259777,0.0334445,0.132505,0.00299346,0.0134161,0.0,0.000234082,0.241134,0.00867148
1359.0,52.6373,0.0,0.824305,0.0,0.0,0.0159125,0.0,0.194688,0.0442657,0.0,0.651196,0.231449
1360.0,52.6706,0.0,0.0376522,0.0,0.00926803,0.112789,0.114972,0.0,0.0,0.106275,0.0,0.148687
1361.0,52.7039,0.0,0.03281,0.0,0.0,0.0710066,0.169726,0.0,0.0,0.0549402,0.0,0.199109
1362.0,52.7373,0.0,0.0455558,0.0,0.0,0.0403096,0.112157,0.0,0.0,0.00475717,0.0561497,0.188455
1363.0,52.7706,0.0,0.0613751,0.0,0.0,0.0064736,0.0,0.0364788,0.0,0.00938128,0.0673956,0.129941
1364.0,52.8039,0.0,0.211845,0.0,0.0,0.0,0.0,0.0708163,0.00482525,0.106044,0.0838415,0.120067
1365.0,52.8373,0.0,0.378208,0.0,0.0,0.0,0.0,0.19337,0.00879863,0.211549,0.0522155,0.0861252
1366.0,52.8706,0.0491305,0.716861,0.0,0.0,0.0,0.0,0.31593,0.00593516,0.563973,0.0,0.224276
1367.0,52.9039,0.0499361,0.696554,0.0,0.0,0.0,0.0,0.289783,0.134991,0.586306,0.0,0.20358
1368.0,52.9373,0.0362948,0.554656,0.0,0.0,0.0,0.0,0.139944,0.263711,0.470468,0.0,0.13462
1369.0,52.9706,0.0289593,0.364194,0.0,0.0,0.0,0.0,0.0775192,0.296789,0.36937,0.0,0.156901
1370.0,53.0039,0.0373511,0.219118,0.0,0.0,0.0,0.0,0.144193,0.37704,0.209757,0.0443922,0.0112885
1371.0,53.0373,0.0,0.957507,0.0,0.00939367,0.0597256,0.0,0.172921,0.11268,0.0034199,0.0321152,0.0504119
1372.0,53.0706,0.0,0.861901,0.0,0.17446,0.489564,0.166736,0.0149633,0.0,0.0,0.178615,0.127248
1373.0,53.1039,0.0162688,0.238918,0.027924,0.057147,0.226188,0.0586308,0.0386694,0.0,0.0,0.151545,0.194371
1374.0,53.1373,0.161033,0.0668919,0.00523535,0.0407995,0.191529,0.0462745,0.0438382,0.000844169,0.0,0.162953,0.207563
1375.0,53.1706,0.170648,0.209083,0.0,0.0174112,0.145496,0.132542,0.0,0.0,0.0,0.0,0.117559
1376.0,53.2039,0.135516,0.299951,0.0828638,0.0,0.0742553,0.00563027,0.03114,0.0225245,0.0,0.129403,0.074359
1377.0,53.2373,0.410752,0.340743,0.0,0.0731117,0.2525,0.118722,0.0519667,0.0177267,0.0,0.265067,0.19337
1378.0,53.2706,0.404971,0.272653,0.0,0.0248999,0.123535,0.117131,0.0494662,0.0641777,0.0,0.401456,0.0912227
1379.0,53.3039,0.474017,0.272171,0.0,0.0195397,0.102344,0.224513,0.0,0.00245929,0.0,0.392658,0.117157
1380.0,53.3373,0.612901,0.295586,0.0168592,0.00912804,0.0765195,0.342466,0.0,0.0,0.0,0.273078,0.118422
1381.0,53.3706,0.689181,0.38487,0.0,0.00598842,0.029646,0.259037,0.0,0.0,0.0,0.223184,0.0896501
1382.0,53.4039,0.456948,0.392163,0.0,0.00121519,0.00532848,0.280731,0.0,0.0,0.0263288,0.0950501,0.0
1383.0,53.4373,0.597636,0.271925,0.0,0.0662398,0.170301,0.267448,0.0,0.0,0.0613322,0.0,0.0
