frame,time,Gastrocnemius Medialis,Tibialis Anterior,Soleus,Vastus Medialis,Vastus Lateralis,Rectus Femoris,Biceps Femoris,Semitendinosus,Gracilis,Gluteus Medius,External Oblique
0.0,6.75192,0.0246899,0.456632,0.0,0.0,0.0,0.0,0.00182045,0.274579,0.398774,0.0,0.0408424
1.0,6.78526,0.0100019,0.301239,0.0,0.0,0.0,0.0,0.0,0.269777,0.278294,0.0238415,0.0224488
2.0,6.81859,0.0284422,0.351573,0.0,0.0,0.0,0.0,0.0716034,0.219334,0.0,0.0,0.0
3.0,6.85192,0.0247803,0.303065,0.0,0.0,0.0,0.0,0.0321266,0.34109,0.0,0.112138,0.0
4.0,6.88526,0.0179928,0.0634869,0.0,0.0,0.0,0.0,0.12125,0.188171,0.0173894,0.131445,0.0
5.0,6.91859,0.0,0.972701,0.0,0.00206743,0.0190218,0.00155396,0.13729,0.063409,0.0,0.0,0.0016799
6.0,6.95192,0.0,0.931867,0.0,0.0445606,0.153199,0.00283184,0.0534258,0.00494652,0.0,0.0294518,0.0
7.0,6.98526,0.0,0.334707,0.00551366,0.0687235,0.258572,0.0562695,0.0,0.00599943,0.0,0.0702324,0.132511
8.0,7.01859,0.00337036,0.164263,0.0188795,0.0260282,0.142813,0.149754,0.0,0.0,0.0,0.0,0.0570684
9.0,7.05192,0.0,0.10421,0.0173605,0.0,0.024164,0.0341971,0.0708783,0.0529222,0.0,0.139771,0.088905
10.0,7.08526,0.0,0.313831,0.0,0.0,0.0561879,0.188383,0.0531919,0.247532,0.0,0.360992,0.118342
11.0,7.11859,0.113877,0.131708,0.037558,0.0173425,0.0607871,0.101944,0.0,0.0689335,0.0,0.42737,0.138418
12.0,7.15192,0.185234,0.120021,0.0425921,0.0,0.0,0.10796,0.0,0.125643,0.0,0.546376,0.106385
13.0,7.18526,0.0745402,0.311675,0.0,0.0,0.0,0.276212,0.0,0.176467,0.0400042,0.394076,0.0463296
14.0,7.21859,0.0788374,0.095475,0.0,0.0314431,0.0903671,0.256259,0.0,0.0594693,0.0,0.542947,0.0594952
15.0,7.25192,0.0682163,0.124025,0.0,0.0343163,0.102571,0.378235,0.0,0.013289,0.0,0.475452,0.0
16.0,7.28526,0.0921085,0.165181,0.0158135,0.0352313,0.103297,0.447083,0.0,0.0,0.000250664,0.390216,0.0
17.0,7.31859,0.161885,0.169801,0.156647,0.0515923,0.148194,0.502205,0.0,0.0,0.0289676,0.381566,0.0
18.0,7.35192,0.171509,0.0,0.185345,0.0,0.101409,0.602951,0.0,0.0,0.0,0.425921,0.0
19.0,7.38526,0.102255,0.0286002,0.103884,0.0,0.0218403,0.745541,0.0,0.0,0.0155756,0.55588,0.0
20.0,7.41859,0.396264,0.0121893,0.221503,0.0465934,0.131502,0.711902,0.0,0.0489103,0.0360224,0.698758,0.135673
21.0,7.45192,0.656025,0.0135214,0.45431,0.0,0.0,0.533153,0.0,0.263043,0.056012,0.685839,0.0823214
22.0,7.48526,0.568247,0.00832374,0.414946,0.0,0.0,0.248236,0.0,0.180727,0.0122648,0.516604,0.0696763
23.0,7.51859,0.359416,0.044489,0.366194,0.0,0.00188593,0.113327,0.0,0.0306291,0.0,0.500539,0.0114651
24.0,7.55192,0.188814,0.0378343,0.209269,0.0306878,0.109933,0.0,0.151781,0.0155696,0.0,0.378201,0.0447118
25.0,7.58526,0.39099,0.0190281,0.355624,0.0818818,0.272748,0.0529912,0.0157901,0.0,0.0,0.496205,0.0
26.0,7.61859,0.0,0.149301,0.152979,0.0,0.190428,0.119787,0.0,0.0132805,0.0,0.0688293,0.048295
27.0,7.65192,0.0,0.241658,0.0873964,0.0,0.146722,0.111234,0.0,0.0153336,0.0,0.0660869,0.0194318
28.0,7.68526,0.0,0.103891,0.0,0.0,0.0229714,0.0824949,0.0,0.0,0.0,0.123729,0.089081
29.0,7.71859,0.0,0.202034,0.0,0.0,0.0,0.0141885,0.0,0.0162955,0.0346791,0.237651,0.099906
30.0,7.75192,0.0,0.253902,0.0,0.0,0.0,0.0,0.0395569,0.0304014,0.0446934,0.132498,0.0461485
31.0,7.78526,0.0,0.606347,0.0,0.0,0.0,0.0,0.0208835,0.104556,0.424728,0.0,0.040362
32.0,7.81859,0.0174885,0.587704,0.0,0.0,0.0,0.0,0.0207345,0.198277,0.458152,0.0,0.0
33.0,7.85192,0.0313827,0.447002,0.0,0.0,0.0,0.0,0.0263544,0.282568,0.38739,0.0,0.0591706
34.0,7.88526,0.0206583,0.308324,0.0,0.0,0.0,0.0,0.00863868,0.281511,0.282135,0.0215419,0.0261359
35.0,7.91859,0.0340636,0.34555,0.0,0.0,0.0,0.0,0.0814566,0.23822,0.0,0.0,0.0
36.0,7.95192,0.038596,0.302161,0.0,0.0,0.0,0.0,0.0571804,0.381732,0.0,0.107137,0.00040313
37.0,7.98526,0.0249756,0.078105,0.0,0.0,0.0,0.0,0.133323,0.181233,0.0153079,0.121327,0.0
38.0,8.01859,0.0,0.967618,0.0,0.0338846,0.123665,0.0,0.144841,0.118767,0.0,0.366442,0.0748388
39.0,8.05192,0.0,0.918894,0.0,0.0477886,0.169649,0.0301689,0.0109768,0.0,0.0,0.0167854,0.0
40.0,8.08526,0.0,0.224344,0.019345,0.0577714,0.238486,0.0802609,0.0,0.000365317,0.0,0.0555168,0.0991612
41.0,8.11859,0.0416316,0.160183,0.012672,0.0139666,0.103067,0.15738,0.0,0.0,0.0,0.0,0.0567593
42.0,8.15192,0.0401632,0.0917821,0.00974056,0.0010032,0.0411403,0.0425914,0.0790487,0.0802573,0.0,0.218978,0.0947524
43.0,8.18526,0.0932196,0.0684452,0.0077838,0.0183836,0.0751222,0.0653202,0.0680979,0.114887,0.0,0.459033,0.11475
44.0,8.21859,0.222579,0.147753,0.0515935,0.0,0.00617281,0.156226,0.0,0.0649263,0.0,0.482373,0.131662
45.0,8.25192,0.213196,0.166068,0.044741,0.0,0.0,0.109558,0.0,0.136656,0.000985339,0.537106,0.131356
46.0,8.28526,0.153064,0.258209,0.0,0.0,0.0,0.282817,0.0,0.194852,0.0704153,0.313444,0.0814197
47.0,8.31859,0.160303,0.0122435,0.022597,0.0337188,0.09741,0.268026,0.0,0.0457893,0.0,0.456717,0.0527656
48.0,8.35192,0.156724,0.0855377,0.0164441,0.0360556,0.104142,0.401529,0.0,0.00126536,0.0,0.389294,0.0
49.0,8.38526,0.155231,0.188559,0.0305998,0.0433992,0.125197,0.462979,0.0,0.0,0.0130667,0.355346,0.0
50.0,8.41859,0.231453,0.193192,0.164138,0.0577797,0.162816,0.509008,0.0,0.0,0.0310762,0.369921,0.0
51.0,8.45192,0.237156,0.0,0.20983,0.0,0.11756,0.637412,0.0,0.0,0.0,0.432517,0.0
52.0,8.48526,0.173004,0.01254,0.134629,0.0,0.0916499,0.777511,0.0,0.0,0.0320324,0.564723,0.00979064
53.0,8.51859,0.567707,0.0,0.127247,0.0351769,0.0935918,0.680835,0.0,0.0263699,0.0435425,0.650793,0.224339
54.0,8.55192,0.655649,0.0,0.399428,0.0,0.0,0.321389,0.0,0.0619606,0.0,0.624757,0.0
55.0,8.58526,0.551933,0.0,0.375575,0.0,0.0,0.20586,0.0,0.20093,0.0,0.594924,0.048537
56.0,8.61859,0.468732,0.453799,0.439444,0.0182543,0.047519,0.0,0.157517,0.057618,0.0,0.367113,0.107388
57.0,8.65192,0.257242,0.0198294,0.21961,0.032459,0.126255,0.0,0.0618604,0.0,0.0,0.394704,0.0019717
58.0,8.68526,0.232753,0.0,0.109087,0.0629315,0.221769,0.0,0.0548273,0.0,0.0,0.317384,0.0849763
59.0,8.71859,0.0,0.110532,0.197528,0.0,0.180726,0.143537,0.0,0.00331856,0.0,0.0463446,0.114174
60.0,8.75192,0.0,0.0978115,0.0,0.0,0.0772469,0.14654,0.0,0.0,0.0283085,0.0261864,0.144141
61.0,8.78526,0.0,0.105364,0.0,0.0,0.0,0.157042,0.0,0.0,0.00157698,0.203941,0.120135
62.0,8.81859,0.0,0.204978,0.0,0.0,0.0,0.0173347,0.0,0.00755593,0.0346896,0.296541,0.117904
63.0,8.85192,0.0,0.367864,0.0,0.0,0.0,0.0,0.0947919,0.0416488,0.15602,0.186737,0.0995909
64.0,8.88526,0.0,0.600263,0.0,0.0,0.0,0.0,0.00338522,0.102379,0.427309,0.0133744,0.0363662
65.0,8.91859,0.0266274,0.603053,0.0,0.0,0.0,0.0,0.00603739,0.201667,0.476057,0.0,0.0589167
66.0,8.95192,0.0202329,0.449489,0.0,0.0,0.0,0.0,0.00417815,0.271001,0.40621,0.0,0.0524383
67.0,8.98526,0.0,0.306411,0.0,0.0,0.0,0.0,0.0,0.264419,0.292906,0.0435836,0.0
68.0,9.01859,0.0288908,0.343347,0.0,0.0,0.0,0.0,0.0710426,0.228376,0.0,0.0,0.0
69.0,9.05192,0.0335181,0.294836,0.0,0.0,0.0,0.0,0.0258998,0.336754,0.0,0.08826,0.0
70.0,9.08526,0.0199434,0.06954,0.0,0.0,0.0,0.0,0.118487,0.18502,0.0156413,0.125858,0.0
71.0,9.11859,0.0,0.964462,0.0,0.0,0.000243981,0.00942933,0.132459,0.0564174,0.0,0.0,0.0431987
72.0,9.15192,0.0,0.932129,0.0,0.0409629,0.139306,0.0145672,0.03633,0.00839464,0.0,0.0856714,0.0097851
73.0,9.18526,0.0,0.50076,0.0,0.0801594,0.283574,0.0515058,0.0,0.0147478,0.0,0.0905237,0.247329
74.0,9.21859,0.014967,0.166352,0.0265866,0.00941094,0.0833668,0.166804,0.0,0.0,0.0,0.0,0.0522687
75.0,9.25192,0.00499823,0.108138,0.0202355,0.0,0.0133931,0.0343312,0.0662009,0.0494578,0.0,0.124697,0.0760177
76.0,9.28526,0.0,0.307331,0.0,0.0,0.0496764,0.215551,0.0387255,0.242899,0.0,0.368552,0.108547
77.0,9.31859,0.0920164,0.077536,0.0502429,0.0151073,0.0568131,0.128649,0.0,0.0663254,0.0,0.459536,0.105274
78.0,9.35192,0.195304,0.135413,0.056,0.0,0.0,0.107964,0.0,0.128141,0.0,0.542585,0.0869288
79.0,9.38526,0.0867591,0.309329,0.0,0.0,0.0,0.23288,0.0,0.194655,0.0600616,0.357571,0.0516841
80.0,9.41859,0.171644,0.0101404,0.068019,0.0170951,0.206949,0.102296,0.0,0.0,0.0,0.414054,0.0656889
81.0,9.45192,0.0395026,0.239573,0.0,0.0392836,0.117189,0.322511,0.0,0.0322388,0.0,0.500617,0.0
82.0,9.48526,0.0658632,0.229334,0.0,0.040482,0.115403,0.430203,0.0,0.00153256,0.0,0.399878,0.0
83.0,9.51859,0.174845,0.212172,0.126193,0.049529,0.141201,0.498631,0.0,0.0,0.0272498,0.393566,0.0
84.0,9.55192,0.194441,0.0,0.231984,0.0,0.172241,0.618719,0.0,0.0,0.0,0.443601,0.0
85.0,9.58526,0.156436,0.0247219,0.170997,0.0,0.0867974,0.722914,0.0,0.0,0.0201176,0.509313,0.0517476
86.0,9.61859,0.397577,0.00577366,0.217254,0.0354272,0.101296,0.697104,0.0,0.0498153,0.0518783,0.670432,0.101796
87.0,9.65192,0.590861,0.0805668,0.478515,0.0,0.0,0.596246,0.0,0.106863,0.0725537,0.66726,0.033494
88.0,9.68526,0.586538,0.0653221,0.461888,0.0,0.0,0.125567,0.0,0.309659,0.0,0.623529,0.0823938
89.0,9.71859,0.449234,0.0644719,0.411433,0.0,0.0,0.0,0.0441747,0.15982,0.0,0.529544,0.0192234
90.0,9.75192,0.210184,0.0149743,0.210347,0.0279286,0.0950874,0.0,0.174614,0.0311098,0.0,0.452404,0.0261903
91.0,9.78526,0.358546,0.0324438,0.306532,0.0824202,0.26869,0.0,0.0338231,0.0,0.0,0.455229,0.0
92.0,9.81859,0.0,0.14929,0.144547,0.0,0.185227,0.0866055,0.0,0.0122627,0.0,0.0618941,0.0692692
93.0,9.85192,0.0,0.2433,0.0839434,0.0,0.156763,0.091222,0.0,0.0,0.0,0.0510598,0.0351749
94.0,9.88526,0.0,0.109555,0.0,0.0,0.0196875,0.0827001,0.0,0.0,0.00354673,0.0877491,0.0974044
95.0,9.91859,0.0,0.192967,0.0,0.0,0.0,0.0274633,0.0,0.01029,0.021307,0.215186,0.165627
96.0,9.95192,0.0,0.287314,0.0,0.0,0.0,0.00824608,0.0254978,0.0246066,0.0478861,0.162514,0.0
97.0,9.98526,0.0,0.601498,0.0,0.0,0.0,0.0,0.00640204,0.079058,0.409732,0.0,0.0507542
98.0,10.0186,0.0152104,0.603406,0.0,0.0,0.0,0.0,0.0,0.182328,0.467471,0.0,0.0
99.0,10.0519,0.0305089,0.4597,0.0,0.0,0.0,0.0,0.020555,0.284632,0.408055,0.0,0.0517371
100.0,10.0853,0.0257786,0.311661,0.0,0.0,0.0,0.0,0.0169493,0.290737,0.283876,0.0217588,0.034233
101.0,10.1186,0.0325048,0.339262,0.0,0.0,0.0,0.0,0.0784624,0.247128,0.0,0.0,0.0
102.0,10.1519,0.035306,0.297719,0.0,0.0,0.0,0.0,0.06092,0.385917,0.0,0.117474,0.000694515
103.0,10.1853,0.0255207,0.0782112,0.0,0.0,0.0,0.0,0.126458,0.1791,0.0139766,0.109287,0.0
104.0,10.2186,0.0,0.982383,0.0,0.0282362,0.105411,0.0,0.146586,0.116387,0.0,0.314116,0.049775
105.0,10.2519,0.0,0.915487,0.0,0.0468282,0.165891,0.0258097,0.0209033,0.0,0.0,0.0221526,0.0
106.0,10.2853,0.0,0.392628,0.0,0.0571804,0.248486,0.145422,0.0,0.0,0.0,0.00161307,0.0411257
107.0,10.3186,0.0558881,0.182809,0.020778,0.00777604,0.0765469,0.131573,0.0,0.0,0.0,0.0246039,0.0775253
108.0,10.3519,0.0300811,0.0934147,0.0094988,0.00261905,0.0455909,0.0417248,0.0784212,0.0802929,0.0,0.216655,0.101551
109.0,10.3853,0.0867281,0.0530604,0.00720609,0.015964,0.0670358,0.067053,0.0601482,0.112425,0.0,0.449832,0.123047
110.0,10.4186,0.204591,0.162981,0.0500663,0.0,0.00555558,0.152424,0.0,0.0674802,0.0,0.479681,0.133215
111.0,10.4519,0.203932,0.175277,0.0441745,0.0,0.0,0.10104,0.0,0.136467,0.00332158,0.527752,0.132443
112.0,10.4853,0.145966,0.236922,0.0,0.0,0.0,0.284007,0.0,0.196001,0.0717723,0.312261,0.0760224
113.0,10.5186,0.157845,0.0116112,0.0217522,0.0365626,0.104457,0.257537,0.0,0.0500283,0.0,0.461394,0.0421699
114.0,10.5519,0.117341,0.156606,0.0,0.0351169,0.102143,0.388283,0.0,0.0044217,0.0,0.403739,0.0
115.0,10.5853,0.172546,0.196434,0.0774505,0.0464095,0.132556,0.470561,0.0,0.0,0.0124305,0.367277,0.0
116.0,10.6186,0.218233,0.274904,0.150453,0.0553314,0.156731,0.507521,0.0,0.0,0.0352983,0.377799,0.0
117.0,10.6519,0.243079,0.0,0.237626,0.0,0.130738,0.648626,0.0,0.0,0.0,0.435768,0.0
118.0,10.6853,0.175791,0.021975,0.171239,0.0,0.114345,0.776897,0.0,0.0,0.0292053,0.557629,0.00338216
119.0,10.7186,0.534991,0.00599658,0.299388,0.0310406,0.0864185,0.667358,0.0,0.0410095,0.0359746,0.661681,0.194636
120.0,10.7519,0.67575,0.0521647,0.501218,0.0,0.0,0.322155,0.0,0.100544,0.0,0.628402,0.0
121.0,10.7853,0.560098,0.0431703,0.437674,0.0,0.0,0.235815,0.0,0.174793,0.0,0.564456,0.0506653
122.0,10.8186,0.355938,0.0634823,0.33027,0.0471345,0.105962,0.0,0.364542,0.0252184,0.0,0.48245,0.146543
123.0,10.8519,0.273864,0.0295291,0.240116,0.0369905,0.13636,0.0,0.0812185,0.0,0.0,0.404594,0.00771522
124.0,10.8853,0.3256,0.0,0.170971,0.0853756,0.27987,0.00493065,0.0334277,0.0,0.0,0.379774,0.0342169
125.0,10.9186,0.0,0.10738,0.19182,0.0,0.174672,0.157274,0.0,0.00878804,0.0,0.0524249,0.0946278
126.0,10.9519,0.0,0.245359,0.050699,0.0,0.131715,0.0935219,0.0,0.0447521,0.0,0.0509822,0.0842058
127.0,10.9853,0.0,0.126906,0.0,0.0,0.0183667,0.140158,0.0,0.0,0.0,0.130656,0.106125
128.0,11.0186,0.0,0.269439,0.0,0.0,0.0,0.0,0.0,0.00504149,0.0653206,0.271799,0.0844223
129.0,11.0519,0.0,0.356132,0.0,0.0,0.0,0.0,0.0674554,0.0459584,0.132222,0.179321,0.0231485
130.0,11.0853,0.0,0.603877,0.0,0.0,0.0,0.0,0.0,0.0955538,0.430873,0.0160627,0.0419888
131.0,11.1186,0.0180992,0.578075,0.0,0.0,0.0,0.0,0.00166008,0.183431,0.456508,0.0,0.0509583
132.0,11.1519,0.0180132,0.442073,0.0,0.0,0.0,0.0,0.0057829,0.268687,0.403626,0.0,0.0542134
133.0,11.1853,0.0,0.29949,0.0,0.0,0.0,0.0,0.0,0.264789,0.294863,0.0145236,0.0435343
134.0,11.2186,0.030514,0.337842,0.0,0.0,0.0,0.0,0.075343,0.239727,0.0,0.0,0.0
135.0,11.2519,0.0286161,0.299426,0.0,0.0,0.0,0.0,0.0473478,0.366835,0.0,0.114441,0.0
136.0,11.2853,0.0227423,0.0749976,0.0,0.0,0.0,0.0,0.124242,0.184017,0.015782,0.116419,0.0
137.0,11.3186,0.0,0.962946,0.0,0.00506675,0.0238575,0.00174716,0.140013,0.0656073,0.0,0.0397541,0.0
138.0,11.3519,0.0,0.927483,0.0,0.0423952,0.146828,0.0032035,0.0588693,0.012877,0.0,0.0335541,0.0
139.0,11.3853,0.0,0.381688,0.00494844,0.0622664,0.24272,0.0676776,0.0,0.00449966,0.0,0.0682926,0.103778
140.0,11.4186,0.0190091,0.150396,0.0162852,0.0141291,0.104273,0.168731,0.0,0.0,0.0065213,0.0,0.0639202
141.0,11.4519,0.0193674,0.120438,0.0230247,0.0058362,0.0549324,0.0394192,0.075311,0.0752988,0.0,0.201241,0.0938661
142.0,11.4853,0.0345401,0.0607378,0.0127733,0.0183818,0.0779056,0.061755,0.0802319,0.117548,0.0,0.436058,0.115553
143.0,11.5186,0.159269,0.180231,0.0538525,0.00426154,0.0188814,0.118146,0.0,0.0888064,0.0,0.49547,0.135653
144.0,11.5519,0.141443,0.150752,0.0411985,0.0,0.0,0.077559,0.0,0.148629,0.0,0.552394,0.136506
145.0,11.5853,0.109519,0.234353,0.0,0.0,0.0,0.26404,0.0,0.213901,0.0684574,0.356985,0.0964337
146.0,11.6186,0.205972,0.0198375,0.0426067,0.011075,0.199531,0.210286,0.0,0.0,0.0,0.44252,0.0876828
147.0,11.6519,0.00879727,0.242769,0.0,0.0378503,0.116095,0.346541,0.0,0.0212288,0.0,0.496693,0.0
148.0,11.6853,0.0858153,0.223113,0.0,0.044098,0.126189,0.441229,0.0,0.0,0.0,0.392658,0.0
149.0,11.7186,0.183187,0.222671,0.0973471,0.0536808,0.152022,0.48863,0.0,0.0,0.0238196,0.389481,0.0
150.0,11.7519,0.271498,0.231919,0.173476,0.0644476,0.178514,0.538829,0.0,0.0,0.0380112,0.423115,0.0
151.0,11.7853,0.193798,0.0146895,0.232564,0.0,0.183126,0.780847,0.0,0.0,0.0,0.566907,0.0
152.0,11.8186,0.423022,0.0277248,0.252274,0.0589818,0.165897,0.757923,0.0,0.0446751,0.0651537,0.690516,0.153864
153.0,11.8519,0.659025,0.0398329,0.480725,0.0,0.0,0.552209,0.0,0.216724,0.0615513,0.653071,0.0172368
154.0,11.8853,0.587923,0.0254872,0.442662,0.0,0.0,0.267677,0.0,0.150268,0.00395251,0.49465,0.0543137
155.0,11.9186,0.36715,0.100731,0.415216,0.0,0.00385833,0.154732,0.0,0.0317523,0.0,0.525951,0.0
156.0,11.9519,0.223557,0.0455024,0.236706,0.0390652,0.137827,0.0,0.114081,0.00683249,0.0,0.355486,0.0158526
157.0,11.9853,0.375683,0.0,0.308084,0.091431,0.297469,0.0406431,0.0222493,0.0,0.0,0.491994,0.0
158.0,12.0186,0.0,0.13474,0.158551,0.0,0.204643,0.133976,0.0,0.00713627,0.0,0.0554128,0.0580507
159.0,12.0519,0.0,0.0895468,0.0,0.0,0.108072,0.173938,0.0,0.0,0.0299624,0.0174178,0.130474
160.0,12.0853,0.0,0.0959985,0.0,0.0,0.0107557,0.132039,0.0,0.0,0.0,0.130403,0.104458
161.0,12.1186,0.0,0.199857,0.0,0.0,0.0,0.0190824,0.0,0.00478186,0.0355962,0.248315,0.100505
162.0,12.1519,0.0,0.357319,0.0,0.0,0.0,0.0,0.0809433,0.0469158,0.145694,0.130382,0.0228064
163.0,12.1853,0.0,0.591124,0.0,0.0,0.0,0.0,0.0165977,0.103312,0.412513,0.00202351,0.0185057
164.0,12.2186,0.0188131,0.584695,0.0,0.0,0.0,0.0,0.003651,0.191977,0.452057,0.0,0.0510789
165.0,12.2519,0.0245133,0.458192,0.0,0.0,0.0,0.0,0.00848111,0.271291,0.40311,0.0,0.0525922
166.0,12.2853,0.0121377,0.305348,0.0,0.0,0.0,0.0,0.0,0.272834,0.28523,0.0237539,0.0386658
167.0,12.3186,0.0287262,0.339594,0.0,0.0,0.0,0.0,0.0768604,0.239001,0.0,0.0,0.0
168.0,12.3519,0.0236115,0.293404,0.0,0.0,0.0,0.0,0.0345785,0.347697,0.0,0.115503,0.0
169.0,12.3853,0.0200409,0.0698472,0.0,0.0,0.0,0.0,0.11619,0.182112,0.0185644,0.112566,0.0
170.0,12.4186,0.0,0.969804,0.0,0.0,0.00745888,0.00656439,0.136866,0.0622598,0.0,0.0,0.0235855
171.0,12.4519,0.0,0.936904,0.0,0.0437783,0.151052,0.0033278,0.0602842,0.0120015,0.0,0.0319787,0.0037751
172.0,12.4853,0.0,0.360122,0.00179044,0.0676481,0.258228,0.0616934,0.0,0.00401746,0.0,0.0744705,0.0994921
173.0,12.5186,0.00658139,0.162577,0.01707,0.0133953,0.106236,0.158823,0.0,0.0,0.0,0.00528286,0.0
174.0,12.5519,0.0290083,0.106912,0.0137392,0.00180623,0.0408542,0.0392021,0.067413,0.0569476,0.0,0.159315,0.107187
175.0,12.5853,0.0,0.344948,0.0,0.0,0.0627849,0.202948,0.0471846,0.254562,0.0,0.382683,0.135979
176.0,12.6186,0.163336,0.201164,0.0313954,0.0151333,0.056389,0.14416,0.0,0.0501978,0.0,0.413252,0.144075
177.0,12.6519,0.264489,0.0836306,0.0547425,0.0,0.0,0.144756,0.0,0.117437,0.0,0.555382,0.108198
178.0,12.6853,0.10803,0.27868,0.0,0.0,0.0,0.30177,0.0,0.149975,0.0538002,0.332524,0.0547985
179.0,12.7186,0.17186,0.0732479,0.04894,0.0392393,0.109119,0.242561,0.0,0.0606212,0.0,0.488018,0.0474278
180.0,12.7519,0.108988,0.16765,0.00983259,0.0378233,0.109771,0.357434,0.0,0.018117,0.0,0.436236,0.0
181.0,12.7853,0.158669,0.224507,0.078691,0.0427349,0.121977,0.459329,0.0,0.0,0.00976425,0.369858,0.0
182.0,12.8186,0.218488,0.224793,0.204899,0.0551151,0.155574,0.506817,0.0,0.0,0.0350099,0.372329,0.0
183.0,12.8519,0.203885,0.00172047,0.158714,0.0,0.0657629,0.631987,0.0,0.0,0.0,0.409011,0.0
184.0,12.8853,0.15546,0.0442237,0.201212,0.0,0.039562,0.753411,0.0,0.0,0.0353153,0.545552,0.0
185.0,12.9186,0.468242,0.0147878,0.265863,0.0383663,0.107369,0.688166,0.0,0.0459134,0.038948,0.676462,0.127493
186.0,12.9519,0.693178,0.0124035,0.477099,0.0,0.0,0.500363,0.0,0.266535,0.048571,0.658092,0.0478611
187.0,12.9853,0.587373,0.0,0.408642,0.0,0.0,0.24136,0.0,0.111851,0.0,0.44957,0.0797918
188.0,13.0186,0.269187,0.132699,0.410236,0.0722072,0.20058,0.0,0.427769,0.0207433,0.0,0.762652,0.0172741
189.0,13.0519,0.242491,0.0182021,0.224992,0.0396171,0.140377,0.0,0.10644,0.0100344,0.0,0.486655,0.0244046
190.0,13.0853,0.329941,0.0234315,0.248803,0.0816084,0.26987,0.00826713,0.0306287,0.0,0.0,0.355866,0.00528121
191.0,13.1186,0.0,0.125215,0.177845,0.0,0.182807,0.130045,0.0,0.00724634,0.0,0.0542382,0.0507819
192.0,13.1519,0.0,0.241543,0.0843385,0.0,0.133546,0.0930767,0.0,0.010536,0.0,0.0545127,0.0640241
193.0,13.1853,0.0,0.106446,0.0,0.0,0.00627495,0.0708649,0.0,0.0,0.0101558,0.0880409,0.100372
194.0,13.2186,0.0,0.216595,0.0,0.0,0.0,0.0155799,0.0,0.0128269,0.0338831,0.246794,0.0983546
195.0,13.2519,0.0,0.294404,0.0,0.0,0.0,0.0,0.0428434,0.0321464,0.0765064,0.177656,0.0220796
196.0,13.2853,0.0,0.594048,0.0,0.0,0.0,0.0,0.0,0.0763895,0.410755,0.0286925,0.0440406
197.0,13.3186,0.0209102,0.586229,0.0,0.0,0.0,0.0,0.0,0.183734,0.451817,0.0,0.0464363
198.0,13.3519,0.0266155,0.457098,0.0,0.0,0.0,0.0,0.0113813,0.280427,0.407675,0.0,0.0420596
199.0,13.3853,0.0143108,0.300842,0.0,0.0,0.0,0.0,0.00928507,0.276906,0.288765,0.0150813,0.0312593
200.0,13.4186,0.0292451,0.33376,0.0,0.0,0.0,0.0,0.0769769,0.23935,0.0,0.0,0.0
201.0,13.4519,0.0278444,0.297817,0.0,0.0,0.0,0.0,0.048278,0.368849,0.0,0.121848,0.0
202.0,13.4853,0.0233544,0.0725742,0.0,0.0,0.0,0.0,0.130949,0.183244,0.0125861,0.124185,0.0
203.0,13.5186,0.0,0.973994,0.0,0.0187075,0.0783987,0.0,0.136952,0.0782129,0.0,0.0433832,0.00420088
204.0,13.5519,0.0,0.907183,0.0,0.0437202,0.15169,0.0289761,0.0162024,0.0,0.0,0.0350639,0.0
205.0,13.5853,0.0,0.225368,0.0199252,0.0635669,0.251716,0.0691709,0.0,0.00299939,0.0,0.0588747,0.110854
206.0,13.6186,0.0203409,0.151541,0.0146756,0.011829,0.0990357,0.173725,0.0,0.0,0.00242462,0.0,0.0422589
207.0,13.6519,0.0284384,0.089393,0.0120953,0.0,0.0319323,0.0413229,0.0698959,0.0672236,0.0,0.181459,0.104287
208.0,13.6853,0.0,0.326729,0.0,0.0,0.0583068,0.212875,0.0411807,0.254213,0.0,0.400273,0.129145
209.0,13.7186,0.179859,0.160939,0.0380833,0.0135585,0.0589133,0.171018,0.0,0.0418918,0.0,0.404942,0.0967756
210.0,13.7519,0.247351,0.148095,0.0570024,0.0,0.0,0.167378,0.0,0.105523,0.0,0.536761,0.105355
211.0,13.7853,0.11293,0.289897,0.0,0.0,0.0,0.313149,0.0,0.166539,0.0630216,0.335806,0.0525345
212.0,13.8186,0.197165,0.0564919,0.0133522,0.0388575,0.106789,0.249782,0.0,0.051677,0.0,0.468322,0.0371317
213.0,13.8519,0.135401,0.107282,0.0198332,0.0393023,0.11389,0.359028,0.0,0.0140375,0.0,0.422084,0.0
214.0,13.8853,0.162024,0.174282,0.0877858,0.0426566,0.122438,0.453799,0.0,0.0,0.00948533,0.36245,0.0
215.0,13.9186,0.215564,0.18788,0.187617,0.0534818,0.151227,0.506003,0.0,0.0,0.0348081,0.372336,0.0
216.0,13.9519,0.203824,0.0,0.208292,0.0,0.0839586,0.622624,0.0,0.0,0.0,0.452214,0.0
217.0,13.9853,0.162982,0.0365058,0.190517,0.0,0.0426424,0.756859,0.0,0.0,0.0365981,0.55606,0.0
218.0,14.0186,0.480253,4.99384e-05,0.259283,0.0335702,0.0938314,0.685739,0.0,0.0508756,0.0333596,0.689886,0.193743
219.0,14.0519,0.683474,0.0152408,0.475179,0.0,0.0,0.473542,0.0,0.244403,0.0396923,0.66128,0.00160392
220.0,14.0853,0.571241,0.0365969,0.442704,0.0,0.0,0.191056,0.0,0.244736,0.0,0.61821,0.0600353
221.0,14.1186,0.41086,0.0478561,0.372543,0.0,0.00420156,0.0010852,0.0110083,0.068527,0.0,0.432789,0.0195662
222.0,14.1519,0.194991,0.0480521,0.21165,0.0281993,0.105898,0.0,0.119697,0.00667771,0.0,0.320779,0.0322147
223.0,14.1853,0.317743,0.0263218,0.242276,0.0810716,0.270299,0.0284612,0.0238167,0.0,0.0,0.357877,0.012446
224.0,14.2186,0.0,0.117385,0.179054,0.0,0.171984,0.145422,0.0,0.0067753,0.0,0.0571443,0.103242
225.0,14.2519,0.0,0.107103,0.0,0.0,0.0584819,0.249247,0.0,0.0,0.036362,0.0,0.0984275
226.0,14.2853,0.0,0.105134,0.0,0.0,0.0110488,0.116546,0.0,0.0,0.0,0.193007,0.111429
227.0,14.3186,0.0,0.205091,0.0,0.0,0.0,0.0202208,0.0,0.00613104,0.0331904,0.280597,0.109409
228.0,14.3519,0.0,0.413327,0.0,0.0,0.0,0.0,0.0728886,0.0501574,0.176614,0.169345,0.0
229.0,14.3853,0.0,0.600744,0.0,0.0,0.0,0.0,0.0249974,0.114874,0.439114,0.0,0.0499972
230.0,14.4186,0.0263255,0.590344,0.0,0.0,0.0,0.0,0.0220827,0.207972,0.469167,0.0,0.0514946
231.0,14.4519,0.0242242,0.440213,0.0,0.0,0.0,0.0,0.0188123,0.275471,0.397504,0.0,0.0445394
232.0,14.4853,0.00668154,0.291695,0.0,0.0,0.0,0.0,0.00774348,0.265315,0.277723,0.0204173,0.0380481
233.0,14.5186,0.0281776,0.331261,0.0,0.0,0.0,0.0,0.0718437,0.240714,0.0,0.0,0.0
234.0,14.5519,0.0284344,0.288302,0.0,0.0,0.0,0.0,0.0363536,0.357238,0.0,0.119044,0.0
235.0,14.5853,0.0218832,0.0736144,0.0,0.0,0.0,0.0,0.116595,0.174739,0.0127901,0.128601,0.0
236.0,14.6186,0.0,0.968759,0.0,0.00702297,0.0343043,0.0,0.139511,0.0669054,0.0,0.00910898,0.0257765
237.0,14.6519,0.0,0.927856,0.0,0.0451076,0.156109,0.00666933,0.0449099,0.00349832,0.0,0.0308685,0.0
238.0,14.6853,0.0,0.333369,0.0144282,0.0595169,0.238234,0.0776768,0.0,0.00134856,0.0,0.0494849,0.0969173
239.0,14.7186,0.0582175,0.188765,0.0264941,0.0197781,0.132995,0.223509,0.0,0.0,0.0,0.0,0.0857208
240.0,14.7519,0.0,0.0921924,0.0127683,0.0,0.0188148,0.034091,0.083033,0.0625652,0.0,0.156428,0.111956
241.0,14.7853,0.0,0.323428,0.0,0.0,0.0545863,0.198091,0.0552922,0.27701,0.0,0.398261,0.125823
242.0,14.8186,0.164213,0.199761,0.0545908,0.0128802,0.0494661,0.13247,0.0,0.0544237,0.0,0.403451,0.112269
243.0,14.8519,0.174482,0.158244,0.0421258,0.0,0.0,0.118408,0.0,0.122758,0.0,0.514191,0.109946
244.0,14.8853,0.0801068,0.30652,0.0,0.0,0.0,0.269532,0.0,0.200132,0.0672679,0.347972,0.0576227
245.0,14.9186,0.113667,0.0611529,0.00925483,0.0306733,0.0883844,0.261688,0.0,0.0555923,0.0,0.502577,0.0188333
246.0,14.9519,0.0540598,0.200041,0.0,0.0355561,0.105839,0.384095,0.0,0.0112738,0.0,0.452945,0.0
247.0,14.9853,0.103679,0.237127,0.0557451,0.0399434,0.116356,0.463147,0.0,0.0,0.007951,0.395893,0.0
248.0,15.0186,0.182135,0.212276,0.203324,0.0545878,0.156336,0.516438,0.0,0.0,0.0328986,0.392347,0.0
249.0,15.0519,0.186967,0.0,0.216588,0.0,0.107345,0.625626,0.0,0.0,0.0,0.447881,0.0
250.0,15.0853,0.125447,0.0357457,0.136841,0.0,0.0161891,0.749412,0.0,0.0,0.0173749,0.566811,0.0
251.0,15.1186,0.454731,0.0223028,0.123187,0.0393161,0.105962,0.688821,0.0,0.0340629,0.0454058,0.665222,0.135129
252.0,15.1519,0.667771,0.0386147,0.48821,0.0,0.0,0.498051,0.0,0.267535,0.0506384,0.66266,0.0555419
253.0,15.1853,0.550014,0.0,0.345295,0.0,0.0,0.230674,0.0,0.158353,0.00333168,0.516789,0.0769314
254.0,15.2186,0.349351,0.0533005,0.366052,0.0,0.00867945,0.121884,0.0,0.0197829,0.0,0.474291,0.0
255.0,15.2519,0.181606,0.0340292,0.207715,0.0345127,0.122798,0.0,0.134915,0.0125981,0.0,0.368973,0.0274955
256.0,15.2853,0.408158,0.00588573,0.339712,0.086555,0.284565,0.0541913,0.0191917,0.0,0.0,0.502994,0.0
257.0,15.3186,0.0,0.120406,0.172739,0.0,0.180769,0.124186,0.0,0.00870672,0.0,0.0523142,0.0589805
258.0,15.3519,0.0,0.243751,0.0826471,0.0,0.152283,0.11113,0.0,0.000214254,0.0,0.0420759,0.0642596
259.0,15.3853,0.0,0.122774,0.0,0.0,0.0159038,0.105462,0.0,0.0,0.0088943,0.0611944,0.0948881
260.0,15.4186,0.0,0.216616,0.0,0.0,0.0,0.0423011,0.0,0.000573277,0.0276652,0.237327,0.110654
261.0,15.4519,0.0,0.307053,0.0,0.0,0.0,0.00937119,0.0298517,0.0246039,0.0640896,0.207683,0.0
262.0,15.4853,0.0,0.59819,0.0,0.0,0.0,0.0,0.0,0.0690796,0.408725,0.0356421,0.0509479
263.0,15.5186,0.0262946,0.596871,0.0,0.0,0.0,0.0,0.0,0.180977,0.45113,0.0,0.0219248
264.0,15.5519,0.0332657,0.478818,0.0,0.0,0.0,0.0,0.000794669,0.284714,0.414646,0.0,0.0424574
265.0,15.5853,0.0238538,0.313908,0.0,0.0,0.0,0.0,0.0136561,0.291521,0.292295,0.0151023,0.0284701
266.0,15.6186,0.0311899,0.338013,0.0,0.0,0.0,0.0,0.0807776,0.2402,0.0,0.0,0.0
267.0,15.6519,0.0298171,0.296173,0.0,0.0,0.0,0.0,0.0575981,0.375821,0.0,0.123329,0.0
268.0,15.6853,0.024425,0.0755323,0.0,0.0,0.0,0.0,0.137884,0.190593,0.0144107,0.130255,0.0
269.0,15.7186,0.0,0.979244,0.0,0.0241123,0.0914231,0.0,0.149383,0.101437,0.0,0.233276,0.0191249
270.0,15.7519,0.0,0.912051,0.0,0.0446539,0.157128,0.0262595,0.0192813,0.0,0.0,0.0218203,0.0
271.0,15.7853,0.0,0.205547,0.0240049,0.0583152,0.237204,0.0735973,0.0,0.00215226,0.0,0.0595025,0.104169
272.0,15.8186,0.0,0.135368,0.00716732,0.0222785,0.11643,0.0848268,0.0,0.0,0.000778924,0.0,0.0943642
273.0,15.8519,0.0,0.348036,0.0,0.0,0.0,0.0118665,0.00722342,0.203121,0.0,0.0936234,0.0
274.0,15.8853,0.181375,0.120736,0.0383817,0.0199775,0.077534,0.076777,0.0154539,0.0741095,0.0,0.365181,0.111194
275.0,15.9186,0.237134,0.0871157,0.0305738,0.0,0.0,0.124086,0.0,0.0514853,0.0,0.396057,0.0577484
276.0,15.9519,0.217441,0.145282,0.056381,0.0,0.0,0.126529,0.0,0.125933,0.0,0.530679,0.108984
277.0,15.9853,0.136128,0.225842,0.0,0.0,0.0,0.266773,0.0,0.186888,0.0523267,0.30004,0.0699714
278.0,16.0186,0.152976,0.0682755,0.0964639,0.0294234,0.0887905,0.243353,0.0,0.0440431,0.0,0.41667,0.0510943
279.0,16.0519,0.131034,0.119816,0.0607505,0.0319339,0.0949477,0.347543,0.0,0.0139681,0.0,0.372139,0.0
280.0,16.0853,0.162208,0.15419,0.119263,0.042652,0.124398,0.448905,0.0,0.0,0.0126892,0.34182,0.0
281.0,16.1186,0.232153,0.16239,0.21095,0.054664,0.154557,0.494897,0.0,0.0,0.0331409,0.356946,0.0
282.0,16.1519,0.233157,0.0,0.243513,0.0,0.0750542,0.601648,0.0,0.0,0.0,0.409609,0.0
283.0,16.1853,0.191692,0.0366532,0.227655,0.0,0.0710275,0.757795,0.0,0.0,0.0491007,0.54809,0.00226281
284.0,16.2186,0.564289,0.0,0.323644,0.0260044,0.0730939,0.64949,0.0,0.0368623,0.0370509,0.652848,0.197518
285.0,16.2519,0.678128,0.0,0.470714,0.0,0.0,0.298875,0.0,0.119672,0.0,0.643918,0.0
286.0,16.2853,0.464906,0.0,0.309883,0.0,0.0,0.208204,0.0,0.148564,0.0,0.531124,0.0503517
287.0,16.3186,0.313008,0.0653132,0.348805,0.00305833,0.0214228,0.0,0.13328,0.0513382,0.0,0.359324,0.0806683
288.0,16.3519,0.231811,0.00563135,0.235143,0.106956,0.317857,0.0,0.0904618,0.0,0.0,0.3292,0.0493378
289.0,16.3853,0.277301,0.0432847,0.227924,0.0630554,0.230993,0.0178438,0.0259591,0.0,0.0,0.298711,0.0699734
290.0,16.4186,0.0,0.148106,0.153123,0.0,0.179154,0.153245,0.0,0.0,0.0,0.0573506,0.0835211
291.0,16.4519,0.0,0.103781,0.0,0.00207522,0.0827888,0.125798,0.0,0.0,0.0263267,0.0115609,0.0885253
292.0,16.4853,0.0,0.115479,0.0,0.0,0.0,0.0926556,0.0,0.0,0.00380289,0.181394,0.110716
293.0,16.5186,0.0,0.224813,0.0,0.0,0.0,0.0,0.00917828,0.0158085,0.0413985,0.258163,0.13287
294.0,16.5519,0.0,0.408211,0.0,0.0,0.0,0.0,0.130607,0.0530326,0.190498,0.0894897,0.0735826
295.0,16.5853,0.0,0.592256,0.0,0.0,0.0,0.0,0.0273321,0.11496,0.428215,0.0,0.0455397
296.0,16.6186,0.0247183,0.586455,0.0,0.0,0.0,0.0,0.014817,0.193638,0.469691,0.0,0.0475911
297.0,16.6519,0.0218175,0.437321,0.0,0.0,0.0,0.0,0.00651521,0.265521,0.401174,0.0,0.0519051
298.0,16.6853,0.00459181,0.302862,0.0,0.0,0.0,0.0,0.0,0.254372,0.291225,0.0200939,0.0395568
299.0,16.7186,0.0308393,0.336775,0.0,0.0,0.0,0.0,0.0787919,0.258673,0.0,0.0,0.0
300.0,16.7519,0.0306022,0.289477,0.0,0.0,0.0,0.0,0.0352236,0.368929,0.0,0.116091,0.00230073
301.0,16.7853,0.0260318,0.0665928,0.0,0.0,0.0,0.0,0.106928,0.177149,0.0162639,0.080802,0.0
302.0,16.8186,0.0,0.962073,0.0,0.000311747,0.0137432,0.00276481,0.160305,0.091822,0.0,0.0185444,0.0409485
303.0,16.8519,0.0,0.925277,0.0,0.0429161,0.147431,0.0265916,0.020721,0.0,0.0,0.0155,0.0372959
304.0,16.8853,0.0,0.465177,0.0,0.0569176,0.240054,0.136898,0.0,0.0,0.0,0.00276951,0.0200331
305.0,16.9186,0.0391674,0.181394,0.0222313,0.00542211,0.0694752,0.156287,0.0,0.0,0.0,0.0,0.0483379
306.0,16.9519,0.0442933,0.13379,0.0181602,0.0,0.0151895,0.0355692,0.0802634,0.0632633,0.0,0.152197,0.104466
307.0,16.9853,0.0,0.343466,0.0,0.0,0.0432811,0.214531,0.0419257,0.257735,0.0,0.370555,0.132912
308.0,17.0186,0.171911,0.199867,0.031616,0.00752782,0.0402129,0.19504,0.0,0.0311875,0.0,0.390403,0.125277
309.0,17.0519,0.283637,0.161081,0.0651887,0.0,0.0,0.163229,0.0,0.108479,0.0,0.520901,0.10023
310.0,17.0853,0.106211,0.319705,0.0,0.0,0.0,0.294491,0.0,0.16349,0.067801,0.276555,0.0658816
311.0,17.1186,0.175223,0.153503,0.104507,0.0368276,0.106355,0.249184,0.0,0.0494718,0.0,0.412952,0.03662
312.0,17.1519,0.146441,0.223391,0.0623722,0.0402737,0.116787,0.364159,0.0,0.0155379,0.0,0.40173,0.0
313.0,17.1853,0.17443,0.267952,0.131374,0.0453559,0.130269,0.443292,0.0,0.0,0.010443,0.360514,0.0
314.0,17.2186,0.211694,0.238894,0.213424,0.0529093,0.150192,0.498663,0.0,0.0,0.031998,0.38836,0.0
315.0,17.2519,0.201577,0.0,0.252245,0.0,0.113336,0.622785,0.0,0.0,0.0,0.435665,0.0
316.0,17.2853,0.167544,0.0494567,0.227331,0.0,0.0331095,0.748357,0.0,0.0,0.0311523,0.547929,0.0
317.0,17.3186,0.470004,0.0289085,0.280687,0.0369627,0.104089,0.67029,0.0,0.0436749,0.0312783,0.678042,0.258623
318.0,17.3519,0.692293,0.0331629,0.495744,0.0,0.0,0.483654,0.0,0.272008,0.0445065,0.654203,0.0431638
319.0,17.3853,0.603708,0.0139465,0.438049,0.0,0.0,0.224459,0.0,0.139531,0.0,0.491079,0.0631591
320.0,17.4186,0.371434,0.120273,0.427164,0.0,0.0122149,0.183729,0.0,0.0184056,0.0,0.49775,0.0
321.0,17.4519,0.235517,0.0422261,0.223454,0.0394578,0.136629,0.0,0.123292,0.00987517,0.0,0.35831,0.00774084
322.0,17.4853,0.405632,0.0,0.291772,0.0909183,0.294046,0.0456011,0.0250627,0.0,0.0,0.48706,0.0
323.0,17.5186,0.0,0.116775,0.179959,0.0,0.181342,0.140821,0.0,0.00203117,0.0,0.0535318,0.0733899
324.0,17.5519,0.0,0.0884279,0.00173253,0.0,0.112739,0.164945,0.0,0.00374256,0.0100879,0.0378892,0.0924422
325.0,17.5853,0.0,0.0926358,0.0,0.0,0.00843018,0.200458,0.0,0.0,0.0014099,0.147657,0.109882
326.0,17.6186,0.0,0.200328,0.0,0.0,0.0,0.0157947,0.0,0.00261944,0.0393141,0.240888,0.116188
327.0,17.6519,0.0,0.33336,0.0,0.0,0.0,0.0,0.138344,0.0285239,0.13151,0.221581,0.0157734
328.0,17.6853,0.0,0.60298,0.0,0.0,0.0,0.0,0.0185793,0.109713,0.427852,0.0,0.0346106
329.0,17.7186,0.0232338,0.604735,0.0,0.0,0.0,0.0,0.0165308,0.212792,0.478978,0.0,0.030377
330.0,17.7519,0.0243449,0.442091,0.0,0.0,0.0,0.0,0.0248139,0.281189,0.394922,0.0,0.0442835
331.0,17.7853,0.00690238,0.29197,0.0,0.0,0.0,0.0,0.0107497,0.269949,0.280795,0.0190633,0.035885
332.0,17.8186,0.0285568,0.32921,0.0,0.0,0.0,0.0,0.0762417,0.244081,0.0,0.0,0.0
333.0,17.8519,0.0261005,0.289591,0.0,0.0,0.0,0.0,0.0325434,0.353532,0.0,0.119755,0.0
334.0,17.8853,0.0224766,0.072418,0.0,0.0,0.0,0.0,0.122625,0.174778,0.0118967,0.12698,0.0
335.0,17.9186,0.0,0.98159,0.0,0.0241431,0.0919804,0.0,0.136012,0.103785,0.0,0.274197,0.0835272
336.0,17.9519,0.0,0.914948,0.0,0.0454907,0.158416,0.0259621,0.0209469,0.0,0.0,0.0202787,0.0
337.0,17.9853,0.0,0.332362,0.00750877,0.0644729,0.255733,0.0689967,0.0,0.00466697,0.0,0.0614335,0.0968339
338.0,18.0186,0.0161994,0.148496,0.0123168,0.0158166,0.11155,0.168047,0.0,0.0,0.00112006,0.0,0.0641749
339.0,18.0519,0.0180028,0.0880167,0.0134966,0.0,0.0195379,0.0396837,0.0741935,0.0636077,0.0,0.171148,0.0964344
340.0,18.0853,0.0,0.335698,0.0,0.0,0.0558145,0.216342,0.0373612,0.245337,0.0,0.379599,0.125041
341.0,18.1186,0.187884,0.202222,0.0592968,0.0136349,0.0583898,0.167136,0.0,0.0390448,0.0,0.403828,0.100721
342.0,18.1519,0.238486,0.14521,0.0583306,0.0,0.0,0.153995,0.0,0.106215,0.0,0.51991,0.107299
343.0,18.1853,0.120341,0.281605,0.0,0.0,0.0,0.29168,0.0,0.129868,0.0638036,0.236724,0.0891751
344.0,18.2186,0.173434,0.0603148,0.0986206,0.0369159,0.104948,0.22956,0.0,0.0580204,0.0,0.450305,0.0354144
345.0,18.2519,0.131869,0.14138,0.0417213,0.0396561,0.115576,0.356735,0.0,0.0159466,0.0,0.432577,0.0
346.0,18.2853,0.16135,0.195578,0.102738,0.04363,0.125362,0.449568,0.0,0.0,0.00476765,0.374718,0.0
347.0,18.3186,0.213046,0.213359,0.199072,0.0543567,0.154146,0.500169,0.0,0.0,0.0315228,0.378794,0.0
348.0,18.3519,0.223679,0.0,0.241186,0.0,0.0977823,0.613916,0.0,0.0,0.0,0.428023,0.0
349.0,18.3853,0.159511,0.0367516,0.175633,0.0,0.0192307,0.747539,0.0,0.0,0.0337063,0.549766,0.0
350.0,18.4186,0.475923,0.0150807,0.268038,0.0333189,0.0935424,0.675974,0.0,0.0467334,0.033166,0.684274,0.264565
351.0,18.4519,0.697933,0.00989629,0.481756,0.0,0.0,0.491403,0.0,0.275313,0.0452914,0.662202,0.0371057
352.0,18.4853,0.586911,0.0,0.400028,0.0,0.0,0.230377,0.0,0.122938,0.0,0.463094,0.0698946
353.0,18.5186,0.276504,0.13752,0.406993,0.0628973,0.173004,0.0,0.352219,0.0296789,0.0,0.739853,0.0
354.0,18.5519,0.281683,0.0,0.184157,0.0429966,0.148324,0.0,0.100745,0.0,0.0,0.443462,0.014863
355.0,18.5853,0.369627,0.0,0.0794362,0.0678775,0.23202,0.0253975,0.0271013,0.0,0.0,0.340344,0.0574553
356.0,18.6186,0.0,0.106295,0.195236,0.0,0.178449,0.158324,0.0,0.00323197,0.0,0.0515409,0.091607
357.0,18.6519,0.0,0.0954357,0.0,0.0,0.0622815,0.230349,0.0,0.0,0.0457864,0.0,0.136036
358.0,18.6853,0.0,0.0997338,0.0,0.0,0.00645883,0.142953,0.0,0.0,0.00220258,0.155153,0.111857
359.0,18.7186,0.0,0.195112,0.0,0.0,0.0,0.0442484,0.0,0.0,0.0265133,0.28997,0.115221
360.0,18.7519,0.0,0.34084,0.0,0.0,0.0,0.0,0.091933,0.036172,0.124235,0.201206,0.0238012
361.0,18.7853,0.0,0.598563,0.0,0.0,0.0,0.0,0.00421954,0.09871,0.421693,0.0183376,0.0334741
362.0,18.8186,0.027618,0.607974,0.0,0.0,0.0,0.0,0.00951828,0.208763,0.474691,0.0,0.0407787
363.0,18.8519,0.0239789,0.462922,0.0,0.0,0.0,0.0,0.0153449,0.281814,0.408943,0.0,0.0428972
364.0,18.8853,0.00472308,0.295318,0.0,0.0,0.0,0.0,0.00769159,0.271728,0.285284,0.0162254,0.0315962
365.0,18.9186,0.026628,0.330204,0.0,0.0,0.0,0.0,0.0761053,0.233679,0.0,0.0,0.0
366.0,18.9519,0.0223256,0.286929,0.0,0.0,0.0,0.0,0.0283244,0.345158,0.0,0.111883,0.0
367.0,18.9853,0.0260773,0.0749799,0.0,0.0,0.0,0.0,0.137976,0.19482,0.0142689,0.1363,0.0
368.0,19.0186,0.0,0.976761,0.0,0.0118124,0.0546126,0.0,0.122588,0.0936394,0.0,0.219687,0.0
369.0,19.0519,0.0,0.910115,0.0,0.0418,0.146311,0.0298829,0.0202844,0.0,0.0,0.0199584,0.0
370.0,19.0853,0.0,0.343457,0.0092687,0.0676702,0.259174,0.0617042,0.0,0.00475629,0.0,0.068005,0.112678
371.0,19.1186,0.00424084,0.116044,0.0207714,0.0113961,0.104668,0.176375,0.0,0.0,0.000466134,0.0,0.0
372.0,19.1519,0.018112,0.0775678,0.0176475,0.0,0.0240721,0.0398334,0.0601996,0.0479885,0.0,0.138752,0.0880772
373.0,19.1853,0.0,0.323299,0.0,0.0,0.0534347,0.212669,0.0347471,0.234904,0.0,0.366396,0.112716
374.0,19.2186,0.16801,0.0,0.0673521,0.0172923,0.0711365,0.1406,0.0,0.050749,0.0,0.438625,0.142452
375.0,19.2519,0.223351,0.13611,0.0526911,0.0,0.0,0.106009,0.0,0.134368,0.0,0.552474,0.105552
376.0,19.2853,0.107832,0.31682,0.0,0.0,0.0,0.259498,0.0,0.184728,0.0555663,0.362794,0.064954
377.0,19.3186,0.118304,0.135533,0.0484297,0.0277461,0.0813982,0.241924,0.0,0.0553279,0.0,0.475878,0.0260787
378.0,19.3519,0.0986502,0.15725,0.0395501,0.0372684,0.110178,0.34473,0.0,0.0191539,0.0,0.436003,0.0
379.0,19.3853,0.130607,0.188415,0.10538,0.0405828,0.11795,0.444154,0.0,0.0,0.00166249,0.383304,0.0
380.0,19.4186,0.182082,0.158692,0.19996,0.0502948,0.143453,0.493851,0.0,0.0,0.0275166,0.387265,0.0
381.0,19.4519,0.195863,0.0,0.214906,0.0,0.0878679,0.593284,0.0,0.0,0.0,0.39393,0.0
382.0,19.4853,0.140037,0.0545425,0.201677,0.0,0.00976267,0.748562,0.0,0.0,0.0484293,0.557866,0.0
383.0,19.5186,0.432974,0.0186951,0.262482,0.0337606,0.0962527,0.687281,0.0,0.0512155,0.0353151,0.694696,0.10284
384.0,19.5519,0.679725,0.0039309,0.470886,0.0,0.0,0.48984,0.0,0.30253,0.0452911,0.681319,0.0397821
385.0,19.5853,0.551341,0.0,0.371537,0.0,0.0,0.23238,0.0,0.155507,0.000258829,0.508981,0.0757348
386.0,19.6186,0.285948,0.0662859,0.338632,0.0,0.0160456,0.0992401,0.0,0.00856454,0.0,0.452478,0.0
387.0,19.6519,0.107244,0.0304693,0.175634,0.0320738,0.119135,0.0,0.117921,0.00619265,0.0,0.336904,0.0228257
388.0,19.6853,0.380168,0.029673,0.327592,0.0856288,0.282919,0.0396189,0.0226148,0.0,0.0,0.475585,0.0117082
389.0,19.7186,0.0,0.121181,0.180668,0.0,0.184723,0.0902068,0.0,0.00924415,0.0,0.0637084,0.1314
390.0,19.7519,0.0,0.246732,0.0640232,0.0,0.150294,0.0964394,0.0,0.0180131,0.0,0.0329733,0.0940646
391.0,19.7853,0.0,0.126837,0.0,0.0,0.0117883,0.121252,0.0,0.0,0.0106429,0.0707271,0.12005
392.0,19.8186,0.0,0.254876,0.0,0.0,0.0,0.00978254,0.0,0.00795799,0.0587441,0.275107,0.0587255
393.0,19.8519,0.0,0.457847,0.0,0.0,0.0,0.0,0.0289498,0.174509,0.0,0.0263334,0.0
394.0,19.8853,0.0656566,0.706015,0.0,0.0,0.0,0.0,0.0,0.129757,0.502173,0.0807185,0.0727942
395.0,19.9186,0.0333598,0.554483,0.0,0.0,0.0,0.0,0.0,0.157668,0.418862,0.00482857,0.0594773
396.0,19.9519,0.0209937,0.416052,0.0,0.0,0.0,0.0,0.0,0.260248,0.360416,0.0,0.066004
397.0,19.9853,0.0,0.27306,0.0,0.0,0.0,0.0,0.0351802,0.266129,0.253052,0.00719718,0.0288742
398.0,20.0186,0.0169507,0.319861,0.0,0.0,0.0,0.0,0.061865,0.228618,0.0,0.0,0.0
399.0,20.0519,0.0229022,0.282417,0.0,0.0,0.0,0.0,0.0548888,0.368666,0.0,0.121729,0.0
400.0,20.0853,0.02511,0.0721979,0.0,0.0,0.0,0.0,0.14071,0.193516,0.0125681,0.155455,0.0
401.0,20.1186,0.0,0.974764,0.0,0.0263977,0.10606,0.0,0.130568,0.0775037,0.0,0.0552013,0.000218144
402.0,20.1519,0.0,0.91629,0.0,0.048938,0.178592,0.0390109,0.0,0.0,0.0,0.0246162,0.149652
403.0,20.1853,0.0,0.325059,0.00472298,0.0556238,0.231688,0.0891468,0.0,0.0,0.0,0.0407832,0.102826
404.0,20.2186,0.0107699,0.133502,0.0130756,0.00308157,0.0701739,0.156013,0.0,0.0,0.00164582,0.00754031,0.0
405.0,20.2519,0.0332158,0.0698781,0.0123407,0.0,0.014657,0.0381739,0.0664805,0.0488567,0.0,0.139946,0.118536
406.0,20.2853,0.0,0.313409,0.0,0.0,0.0503775,0.221639,0.0366607,0.233525,0.0,0.354991,0.116855
407.0,20.3186,0.178082,0.149772,0.040248,0.0168149,0.0618929,0.126256,0.0,0.0554598,0.0,0.419334,0.148674
408.0,20.3519,0.275389,0.164178,0.060264,0.0,0.0,0.118088,0.0,0.108477,0.0,0.528221,0.105994
409.0,20.3853,0.128791,0.303546,0.0,0.0,0.0,0.281086,0.0,0.143794,0.0404888,0.345598,0.0462029
410.0,20.4186,0.190889,0.0934661,0.0528286,0.0404112,0.112159,0.222327,0.0,0.0595256,0.0,0.482147,0.0651278
411.0,20.4519,0.13813,0.174965,0.0285084,0.035796,0.106048,0.339794,0.0,0.0211803,0.0,0.46827,0.0
412.0,20.4853,0.171456,0.214527,0.101184,0.0431127,0.123138,0.433724,0.0,0.0,0.0,0.373867,0.0
413.0,20.5186,0.222779,0.230952,0.211357,0.0554984,0.157459,0.50159,0.0,0.0,0.0284979,0.377223,0.0
414.0,20.5519,0.218623,0.0,0.224246,0.0,0.0919125,0.611153,0.0,0.0,0.0,0.427945,0.0
415.0,20.5853,0.153065,0.0383823,0.137708,0.0,0.00805884,0.73487,0.0,0.0,0.0102514,0.550709,0.0
416.0,20.6186,0.420045,0.0,0.190765,0.0418241,0.116899,0.688409,0.0,0.0396463,0.037983,0.673876,0.108427
417.0,20.6519,0.686212,0.00237417,0.460672,0.0,0.0,0.505432,0.0,0.268004,0.0482871,0.663604,0.0712049
418.0,20.6853,0.618902,0.0493053,0.470728,0.0,0.0,0.239461,0.0,0.183766,0.00771969,0.516408,0.0513083
419.0,20.7186,0.413371,0.0811136,0.437559,0.0,0.0,0.160819,0.0,0.0555165,0.0,0.533011,0.0
420.0,20.7519,0.0,0.260295,0.0,0.0,0.0133507,0.0,0.068614,0.134861,0.0,0.350558,0.119553
421.0,20.7853,0.331107,0.0222941,0.260448,0.0793874,0.260751,0.0,0.0498948,0.0,0.0,0.322149,0.0
422.0,20.8186,0.0,0.136861,0.155116,0.0,0.205703,0.113135,0.0,0.00650498,0.0,0.0554807,0.0821125
423.0,20.8519,0.0,0.23209,0.087373,0.0,0.145829,0.112382,0.0,0.00459075,0.0,0.0486784,0.0570216
424.0,20.8853,0.0,0.10783,0.0,0.0,0.013085,0.0750338,0.0,0.0,0.00151766,0.099326,0.0980494
425.0,20.9186,0.0,0.208476,0.0,0.0,0.0,0.0411717,0.0,0.00276136,0.0240529,0.264672,0.103045
426.0,20.9519,0.0,0.304635,0.0,0.0,0.0,0.0,0.0574147,0.0394248,0.0870235,0.156836,0.031121
427.0,20.9853,0.0,0.599002,0.0,0.0,0.0,0.0,0.00314361,0.0935285,0.417612,0.0215928,0.0426398
428.0,21.0186,0.0235537,0.587839,0.0,0.0,0.0,0.0,0.0042745,0.193084,0.454034,0.0,0.0367531
429.0,21.0519,0.0266232,0.452389,0.0,0.0,0.0,0.0,0.019845,0.283832,0.396637,0.0,0.0406192
430.0,21.0853,0.00928273,0.286791,0.0,0.0,0.0,0.0,0.0295486,0.283121,0.278834,0.0141278,0.0386244
431.0,21.1186,0.02621,0.329441,0.0,0.0,0.0,0.0,0.0740906,0.22747,0.0,0.0,0.0
432.0,21.1519,0.0254663,0.291903,0.0,0.0,0.0,0.0,0.0384241,0.354701,0.0,0.109025,0.0
433.0,21.1853,0.0232149,0.0736803,0.0,0.0,0.0,0.0,0.127447,0.195289,0.014858,0.141229,0.0
434.0,21.2186,0.0,0.966671,0.0,0.00840394,0.0393415,0.0,0.145657,0.0691354,0.0,0.0128795,0.0
435.0,21.2519,0.0,0.932011,0.0,0.0460471,0.15998,0.00294747,0.0545087,0.00714053,0.0,0.0321388,0.0
436.0,21.2853,0.0,0.31286,0.0139038,0.0595666,0.240443,0.0766435,0.0,0.00180279,0.0,0.0582868,0.0950036
437.0,21.3186,0.000634283,0.137458,0.0069532,0.0214177,0.11907,0.0911724,0.0,0.0,0.0,0.00873053,0.078481
438.0,21.3519,0.065159,0.140989,0.0186068,0.0,0.0122277,0.0485014,0.0530857,0.062944,0.0,0.185318,0.0504691
439.0,21.3853,0.0,0.304092,0.0,0.0,0.0502365,0.222892,0.0313918,0.24522,0.0,0.392387,0.106829
440.0,21.4186,0.184563,0.163983,0.0402074,0.0173387,0.0715961,0.181335,0.0,0.0368183,0.0,0.396285,0.109571
441.0,21.4519,0.261149,0.154494,0.0606864,0.0,0.0,0.184531,0.0,0.0838519,0.0,0.513967,0.0926891
442.0,21.4853,0.117132,0.294654,0.0,0.0,0.0,0.296136,0.0,0.141446,0.0481077,0.329319,0.066101
443.0,21.5186,0.157308,0.0899061,0.0715975,0.030744,0.0896901,0.246493,0.0,0.0539403,0.0,0.497544,0.011761
444.0,21.5519,0.138862,0.141985,0.0303409,0.0383739,0.111352,0.338665,0.0,0.020129,0.0,0.41925,0.0
445.0,21.5853,0.158538,0.187728,0.0834473,0.0415859,0.11907,0.456276,0.0,0.0,0.0101527,0.363381,0.0
446.0,21.6186,0.208895,0.19485,0.182396,0.0526591,0.149,0.505108,0.0,0.0,0.0328556,0.375032,0.0
447.0,21.6519,0.203856,0.0,0.213514,0.0,0.0926509,0.603769,0.0,0.0,0.0,0.428068,0.0
448.0,21.6853,0.165178,0.0366944,0.191163,0.0,0.0528382,0.731436,0.0,0.0,0.0584487,0.512686,0.0638091
449.0,21.7186,0.468213,0.00472251,0.254157,0.0384339,0.107579,0.685701,0.0,0.0445523,0.039815,0.675395,0.121366
450.0,21.7519,0.695829,0.0,0.470262,0.0,0.0,0.497396,0.0,0.2524,0.0419923,0.656246,0.0411462
451.0,21.7853,0.560996,0.0,0.394457,0.0,0.0,0.0848087,0.0,0.254674,0.0,0.598552,0.040244
452.0,21.8186,0.278638,0.0571796,0.317014,0.0734282,0.203012,0.0,0.467988,0.0,0.0,0.745159,0.0333346
453.0,21.8519,0.240576,0.0306054,0.230868,0.0358399,0.126193,0.0,0.136017,0.0132832,0.0,0.430597,0.0315441
454.0,21.8853,0.359139,0.041926,0.35042,0.0805311,0.270268,0.0213486,0.0263949,0.0,0.0,0.43951,0.0
455.0,21.9186,0.0,0.117287,0.172042,0.0,0.175219,0.101455,0.0,0.00582814,0.0,0.0542581,0.113579
456.0,21.9519,0.0,0.247894,0.0776563,0.0,0.142402,0.0910174,0.0,0.00239785,0.0,0.0530315,0.0654774
457.0,21.9853,0.0,0.105292,0.0,0.0,0.0382873,0.0308466,0.0,0.0,0.0,0.13587,0.130333
458.0,22.0186,0.0,0.214552,0.0,0.0,0.0,0.0198132,0.0,0.00847309,0.0334763,0.260901,0.0994844
459.0,22.0519,0.0,0.295244,0.0,0.0,0.0,0.0,0.0450029,0.0330296,0.0723642,0.186588,0.0278757
460.0,22.0853,0.0,0.600038,0.0,0.0,0.0,0.0,0.0,0.0874428,0.420135,0.0191001,0.0427331
461.0,22.1186,0.0231801,0.589253,0.0,0.0,0.0,0.0,0.00312673,0.189465,0.460711,0.0,0.0372571
462.0,22.1519,0.0282429,0.448243,0.0,0.0,0.0,0.0,0.0213234,0.281672,0.398963,0.0,0.0472119
463.0,22.1853,0.0158189,0.296533,0.0,0.0,0.0,0.0,0.0151113,0.275067,0.285522,0.0149124,0.0340264
464.0,22.2186,0.0309549,0.334653,0.0,0.0,0.0,0.0,0.0757123,0.25806,0.0,0.0,0.0
465.0,22.2519,0.0299046,0.292942,0.0,0.0,0.0,0.0,0.0475535,0.370708,0.0,0.122043,0.0
466.0,22.2853,0.0249128,0.0768173,0.0,0.0,0.0,0.0,0.130582,0.190522,0.0161202,0.129915,0.0
467.0,22.3186,0.0,0.959715,0.0,0.0123652,0.0505541,0.0,0.146645,0.0702661,0.0,0.0183312,0.0
468.0,22.3519,0.0,0.915137,0.0,0.0449186,0.158925,0.028602,0.0161557,0.0,0.0,0.0211185,0.0
469.0,22.3853,0.0,0.213229,0.023961,0.0611403,0.246062,0.0746074,0.0,0.00235907,0.0,0.0579729,0.113552
470.0,22.4186,0.0148038,0.142506,0.0139909,0.016047,0.109936,0.156543,0.0,0.0,0.0,0.0,0.0555627
471.0,22.4519,0.0272752,0.10567,0.0174536,0.0,0.0322417,0.0406299,0.0806214,0.0765229,0.0,0.198625,0.0890309
472.0,22.4853,0.0,0.321744,0.0,0.0,0.065761,0.211041,0.0481773,0.264363,0.0,0.410165,0.135771
473.0,22.5186,0.184257,0.175377,0.0645141,0.0171285,0.0696466,0.15773,0.0,0.0474442,0.0,0.422983,0.12018
474.0,22.5519,0.219146,0.13174,0.0523903,0.0,0.0,0.152376,0.0,0.120691,0.0,0.555631,0.111833
475.0,22.5853,0.0892124,0.287391,0.0,0.0,0.0,0.310312,0.0,0.17667,0.0669049,0.331844,0.0606441
476.0,22.6186,0.159278,0.0522855,0.0267553,0.0317433,0.0908667,0.283641,0.0,0.0457792,0.0,0.488705,0.0268864
477.0,22.6519,0.0906391,0.170518,0.0017735,0.0351302,0.103825,0.38775,0.0,0.00884612,0.0,0.427383,0.0
478.0,22.6853,0.147478,0.211477,0.0717432,0.0425014,0.122659,0.460243,0.0,0.0,0.0105777,0.377939,0.0
479.0,22.7186,0.208837,0.208942,0.204518,0.055142,0.156648,0.507803,0.0,0.0,0.0368714,0.37573,0.0
480.0,22.7519,0.205726,0.0,0.216683,0.0,0.102629,0.622773,0.0,0.0,0.0,0.432676,0.0
481.0,22.7853,0.146669,0.0356234,0.160794,0.0,0.0308967,0.755914,0.0,0.0,0.0366574,0.556426,0.0
482.0,22.8186,0.459142,0.0,0.215997,0.0280519,0.0777139,0.648479,0.0,0.0438356,0.0281012,0.663875,0.110955
483.0,22.8519,0.672552,0.00604432,0.459776,0.0,0.0,0.498447,0.0,0.251978,0.0449275,0.662414,0.061549
484.0,22.8853,0.521504,0.0,0.34002,0.0,0.0,0.0991329,0.0,0.262115,0.0,0.628575,0.0813874
485.0,22.9186,0.377917,0.0512677,0.356943,0.0,0.0126044,0.0721153,0.0,0.0220232,0.0,0.427398,0.0164923
486.0,22.9519,0.227614,0.0422763,0.23132,0.0176561,0.0830328,0.0,0.0815722,0.00508921,0.0,0.351283,0.0
487.0,22.9853,0.333713,0.0276328,0.251134,0.0751266,0.254076,0.0176889,0.0261337,0.0,0.0,0.323507,0.0240772
488.0,23.0186,0.0,0.121146,0.172218,0.0,0.183672,0.138401,0.0,0.0,0.0,0.0515395,0.075587
489.0,23.0519,0.0,0.0956685,0.0,0.0,0.060615,0.215256,0.0,0.0,0.0411454,0.0,0.114183
490.0,23.0853,0.0,0.133064,0.0,0.0,0.0,0.165469,0.0,0.0,0.0270479,0.198944,0.039241
491.0,23.1186,0.0,0.20194,0.0,0.0,0.0,0.0383715,0.0,0.0,0.0290135,0.288912,0.116068
492.0,23.1519,0.0,0.379991,0.0,0.0,0.0,0.0,0.0825203,0.0466943,0.16212,0.136734,0.0313154
493.0,23.1853,0.0,0.601238,0.0,0.0,0.0,0.0,0.0192941,0.111822,0.43089,0.0,0.0290552
494.0,23.2186,0.0281257,0.598777,0.0,0.0,0.0,0.0,0.0145976,0.207539,0.470907,0.0,0.0543047
495.0,23.2519,0.024965,0.452634,0.0,0.0,0.0,0.0,0.0145126,0.27891,0.402219,0.0,0.0494422
496.0,23.2853,0.00966585,0.294439,0.0,0.0,0.0,0.0,0.00856345,0.268725,0.279838,0.0208519,0.0349138
497.0,23.3186,0.0280435,0.331116,0.0,0.0,0.0,0.0,0.0768894,0.246318,0.0,0.0,0.0
498.0,23.3519,0.0244644,0.286471,0.0,0.0,0.0,0.0,0.0318418,0.35167,0.0,0.112234,0.0
499.0,23.3853,0.0217183,0.0711017,0.0,0.0,0.0,0.0,0.118927,0.1812,0.0137417,0.12968,0.0
500.0,23.4186,0.0,0.974225,0.0,0.00019452,0.0143898,0.00482062,0.132344,0.0615811,0.0,0.0,0.0364588
501.0,23.4519,0.0,0.924777,0.0,0.0432847,0.150509,0.013462,0.0372033,0.0,0.0,0.0265769,0.0
502.0,23.4853,0.0,0.343302,0.011531,0.0662151,0.257471,0.0666334,0.0,0.00353998,0.0,0.0558656,0.106083
503.0,23.5186,0.0142151,0.162308,0.0243454,0.0158111,0.111038,0.170017,0.0,0.0,0.000937782,0.0,0.0577504
504.0,23.5519,0.0161414,0.101495,0.0167441,0.0,0.0256333,0.0347605,0.074188,0.0543821,0.0,0.144703,0.108408
505.0,23.5853,0.0,0.317498,0.0,0.0,0.0562813,0.208795,0.0479726,0.25739,0.0,0.387742,0.123574
506.0,23.6186,0.184963,0.17528,0.0681861,0.0184853,0.0712916,0.148109,0.0,0.0443705,0.0,0.405309,0.0895734
507.0,23.6519,0.207975,0.144683,0.053325,0.0,0.0,0.135406,0.0,0.111425,0.0,0.531506,0.101421
508.0,23.6853,0.0892506,0.303119,0.0,0.0,0.0,0.298116,0.0,0.153962,0.0578536,0.327124,0.0533127
509.0,23.7186,0.110967,0.16727,0.0330421,0.0311436,0.0915368,0.244958,0.0,0.0507824,0.0,0.461981,0.0351938
510.0,23.7519,0.0772038,0.18626,0.0257377,0.0365413,0.108763,0.351882,0.0,0.016675,0.0,0.420049,0.0
511.0,23.7853,0.133861,0.201276,0.106598,0.0419287,0.121442,0.448082,0.0,0.0,0.00689449,0.373401,0.0
512.0,23.8186,0.191147,0.202134,0.208949,0.0540303,0.154087,0.501343,0.0,0.0,0.0315816,0.38077,0.0
513.0,23.8519,0.195867,0.0,0.220634,0.0,0.0920695,0.609044,0.0,0.0,0.0,0.430126,0.0
514.0,23.8853,0.140166,0.0495737,0.169224,0.0,0.0112407,0.734059,0.0,0.0,0.0305622,0.55002,0.0
515.0,23.9186,0.439043,0.0184597,0.255252,0.0368134,0.104308,0.674929,0.0,0.0426334,0.0383038,0.671445,0.122988
516.0,23.9519,0.677415,0.022118,0.480869,0.0,0.0,0.49554,0.0,0.280814,0.0504498,0.668344,0.048444
517.0,23.9853,0.589892,0.0,0.418505,0.0,0.0,0.239366,0.0,0.135555,0.0,0.504117,0.0456645
518.0,24.0186,0.369588,0.0531441,0.374819,0.0,0.0173139,0.136904,0.0,0.013427,0.0,0.471027,0.0
519.0,24.0519,0.228967,0.0487738,0.263033,0.0311335,0.120218,0.0,0.066419,0.0,0.0,0.403163,0.0
520.0,24.0853,0.334058,0.0210412,0.264357,0.0759479,0.256154,0.00682734,0.0296979,0.0,0.0,0.364259,0.0191685
521.0,24.1186,0.0,0.132203,0.174665,0.0,0.201795,0.121737,0.0,0.0,0.0,0.046245,0.0850994
522.0,24.1519,0.0,0.0863572,0.0,0.00325611,0.095837,0.190251,0.0,0.0,0.0484612,0.0193315,0.139468
523.0,24.1853,0.0,0.102992,0.0,0.0,0.0115341,0.151448,0.0,0.0,0.0,0.138433,0.114518
524.0,24.2186,0.0,0.190148,0.0,0.0,0.0,0.0630731,0.0,0.0,0.0211922,0.275326,0.128387
525.0,24.2519,0.0,0.348784,0.0,0.0,0.0,0.0,0.0798838,0.0344423,0.126462,0.180973,0.0143245
526.0,24.2853,0.0,0.587284,0.0,0.0,0.0,0.0,0.0103776,0.096633,0.406857,0.0116865,0.0093254
527.0,24.3186,0.0282093,0.605396,0.0,0.0,0.0,0.0,0.0104847,0.208545,0.470626,0.0,0.0383564
528.0,24.3519,0.0273142,0.464143,0.0,0.0,0.0,0.0,0.0179473,0.288038,0.404377,0.0,0.0401746
529.0,24.3853,0.0157349,0.29593,0.0,0.0,0.0,0.0,0.0153292,0.274586,0.281672,0.0173093,0.0205185
530.0,24.4186,0.02835,0.330546,0.0,0.0,0.0,0.0,0.0779636,0.248201,0.0,0.0,0.0
531.0,24.4519,0.0251686,0.283372,0.0,0.0,0.0,0.0,0.0321676,0.351823,0.0,0.117853,0.0
532.0,24.4853,0.0222357,0.0697775,0.0,0.0,0.0,0.0,0.12575,0.185027,0.0123375,0.137711,0.0
533.0,24.5186,0.0,0.964153,0.0,0.01014,0.0428735,0.0,0.137712,0.0623678,0.0,0.00635695,0.016506
534.0,24.5519,0.0,0.914373,0.0,0.0445809,0.157158,0.0282189,0.0188363,0.0,0.0,0.0167313,0.0
535.0,24.5853,0.0,0.429776,0.0,0.0695809,0.265895,0.0524029,0.0,0.00656369,0.0,0.0669649,0.115433
536.0,24.6186,0.0113445,0.134324,0.0196707,0.0145614,0.106567,0.16972,0.0,0.0,0.000907689,0.0,0.0663637
537.0,24.6519,0.0151172,0.0921233,0.01667,0.0,0.0162814,0.0363931,0.0719193,0.0541351,0.0,0.14552,0.105978
538.0,24.6853,0.0,0.318476,0.0,0.0,0.0526176,0.20822,0.0471322,0.252321,0.0,0.375187,0.12392
539.0,24.7186,0.149586,0.122305,0.038786,0.0141121,0.0540427,0.136436,0.0,0.0532354,0.0,0.424215,0.149777
540.0,24.7519,0.247316,0.143154,0.0592627,0.0,0.0,0.117664,0.0,0.114679,0.0,0.527769,0.114044
541.0,24.7853,0.0913669,0.310778,0.0,0.0,0.0,0.295919,0.0,0.156876,0.0472335,0.369619,0.0526955
542.0,24.8186,0.124461,0.125245,0.0535008,0.0286973,0.0857939,0.255003,0.0,0.0497261,0.0,0.501861,0.00392271
543.0,24.8519,0.103427,0.162275,0.0452931,0.0385558,0.113383,0.334958,0.0,0.0215703,0.0,0.424173,0.0
544.0,24.8853,0.126669,0.207889,0.0796398,0.0408267,0.118356,0.450852,0.0,0.0,0.00567121,0.379592,0.0
545.0,24.9186,0.167958,0.240908,0.197859,0.0582348,0.166744,0.522242,0.0,0.0,0.0419635,0.371824,0.0
546.0,24.9519,0.187575,0.0,0.228522,0.0,0.104338,0.610926,0.0,0.0,0.0,0.439082,0.0
547.0,24.9853,0.144736,0.0532952,0.199267,0.0,0.00292802,0.750525,0.0,0.0,0.0291432,0.567878,0.0
548.0,25.0186,0.441839,0.0227867,0.261961,0.0378679,0.10683,0.670825,0.0,0.0419375,0.0365053,0.669377,0.123196
549.0,25.0519,0.140756,0.0,0.0851075,0.0,0.0,0.38316,0.0,0.410694,0.0729928,0.74621,0.0812428
550.0,25.0853,0.566944,0.0,0.39049,0.0,0.0,0.237552,0.0,0.150248,0.00213301,0.498587,0.0660948
551.0,25.1186,0.337714,0.0642214,0.382899,0.0,0.0,0.167003,0.0,0.0358139,0.0,0.487658,0.0
552.0,25.1519,0.204998,0.0194267,0.190781,0.0320383,0.116438,0.0,0.127206,0.0103309,0.0,0.385937,0.023341
553.0,25.1853,0.377165,0.0449886,0.350548,0.0777227,0.26231,0.0326916,0.0232013,0.0,0.0,0.466908,0.0
554.0,25.2186,0.0,0.146692,0.156669,0.0,0.183569,0.12903,0.0,0.0018788,0.0,0.0582297,0.0725747
555.0,25.2519,0.0,0.243844,0.0788295,0.0,0.139106,0.0848371,0.0,0.0,0.0,0.0607064,0.0579306
556.0,25.2853,0.0,0.10871,0.0,0.0,0.0158165,0.0790233,0.0,0.0,0.00474456,0.0728513,0.0911143
557.0,25.3186,0.0,0.210701,0.0,0.0,0.0,0.0311326,0.0,0.00464031,0.033316,0.227814,0.100261
558.0,25.3519,0.0,0.268262,0.0,0.0,0.0,0.0,0.0424467,0.0321614,0.0522245,0.166758,0.0178351
559.0,25.3853,0.0,0.591482,0.0,0.0,0.0,0.0,0.0,0.0737811,0.400111,0.0258734,0.0413582
560.0,25.4186,0.018156,0.587986,0.0,0.0,0.0,0.0,0.0,0.186488,0.449296,0.0,0.0267531
561.0,25.4519,0.031297,0.468139,0.0,0.0,0.0,0.0,0.0125332,0.289669,0.407761,0.0,0.0356423
562.0,25.4853,0.0216372,0.306816,0.0,0.0,0.0,0.0,0.0145624,0.287225,0.287973,0.0162881,0.0273418
563.0,25.5186,0.0277062,0.326294,0.0,0.0,0.0,0.0,0.0797413,0.260755,0.0,0.0,0.0
564.0,25.5519,0.026531,0.290373,0.0,0.0,0.0,0.0,0.0434775,0.370072,0.0,0.11953,0.0
565.0,25.5853,0.0259094,0.0774246,0.0,0.0,0.0,0.0,0.139391,0.192949,0.0142785,0.136357,0.0
566.0,25.6186,0.0,0.981942,0.0,0.026566,0.0992594,0.0,0.144233,0.105485,0.0,0.25637,0.0355117
567.0,25.6519,0.0,0.918082,0.0,0.0476482,0.166648,0.0245787,0.018046,0.0,0.0,0.0217611,0.0
568.0,25.6853,0.0,0.244777,0.0149327,0.0581121,0.23413,0.0723905,0.0,0.000204414,0.0,0.0549195,0.102838
569.0,25.7186,0.0252232,0.171021,0.0186802,0.013067,0.0961937,0.146776,0.0,0.0,0.0,0.0,0.0386949
570.0,25.7519,0.0203532,0.0961845,0.0161882,0.0,0.0344709,0.0406901,0.0776031,0.0761018,0.0,0.205644,0.0889055
571.0,25.7853,0.0561568,0.0492349,0.0112549,0.0161741,0.0706405,0.0622994,0.0687363,0.112408,0.0,0.436933,0.112868
572.0,25.8186,0.199637,0.170911,0.0578962,0.0,0.00350074,0.140254,0.0,0.070743,0.0,0.474857,0.128082
573.0,25.8519,0.162755,0.16135,0.0407977,0.0,0.0,0.0769635,0.0,0.138406,0.00606094,0.532983,0.131294
574.0,25.8853,0.101919,0.252845,0.0,0.0,0.0,0.279576,0.0,0.199307,0.0705594,0.331404,0.0782832
575.0,25.9186,0.0988961,0.0170112,0.00823759,0.0310512,0.0918568,0.260226,0.0,0.049628,0.0,0.482389,0.0432649
576.0,25.9519,0.0589068,0.108457,0.0,0.0329716,0.0991751,0.385953,0.0,0.00465065,0.0,0.43045,0.0
577.0,25.9853,0.116492,0.182485,0.0581556,0.0419925,0.122567,0.466938,0.0,0.0,0.00364433,0.398336,0.0
578.0,26.0186,0.182572,0.17752,0.171279,0.0578042,0.165276,0.51245,0.0,0.0,0.0275191,0.390222,0.0
579.0,26.0519,0.183205,0.0,0.171972,0.0,0.121345,0.642141,0.0,0.0,0.0,0.449535,0.0
580.0,26.0853,0.13385,0.0343119,0.13453,0.0,0.0770397,0.774096,0.0,0.0,0.022871,0.575328,0.00544838
581.0,26.1186,0.452001,0.0,0.22218,0.0331413,0.0956737,0.667118,0.0,0.0390637,0.0351193,0.672812,0.205881
582.0,26.1519,0.687792,0.00284244,0.464496,0.0,0.0,0.470831,0.0,0.248256,0.0445786,0.636402,0.0121952
583.0,26.1853,0.548961,0.0,0.400087,0.0,0.0,0.0447569,0.0,0.242213,0.0,0.57393,0.0245861
584.0,26.2186,0.366201,0.0155856,0.319552,0.0,0.0150933,0.0257169,0.0,0.0197365,0.0,0.433553,0.026121
585.0,26.2519,0.204097,0.0514355,0.238587,0.030088,0.114691,0.0,0.10583,0.00656746,0.0,0.366016,0.0
586.0,26.2853,0.270253,0.0133802,0.208915,0.0795582,0.264471,0.0,0.0559072,0.0,0.0,0.379674,0.0303618
587.0,26.3186,0.0,0.12498,0.172542,0.0,0.187519,0.131484,0.0,0.00337346,0.0,0.0548796,0.100467
588.0,26.3519,0.0,0.0986144,0.0,0.00211198,0.0898254,0.157436,0.0,0.0,0.0349281,0.0182901,0.10258
589.0,26.3853,0.0,0.10494,0.0,0.0,0.000401541,0.113651,0.0,0.0,0.00273359,0.180519,0.108224
590.0,26.4186,0.0,0.208327,0.0,0.0,0.0,0.0323416,0.0,0.0,0.0337442,0.297078,0.0947967
591.0,26.4519,0.0,0.358951,0.0,0.0,0.0,0.0,0.0741619,0.0436018,0.146661,0.143164,0.0331736
592.0,26.4853,0.0,0.595223,0.0,0.0,0.0,0.0,0.0137498,0.106809,0.42591,0.0,0.0202291
593.0,26.5186,0.0286667,0.599235,0.0,0.0,0.0,0.0,0.0134369,0.204782,0.47421,0.0,0.0579455
594.0,26.5519,0.0206996,0.435806,0.0,0.0,0.0,0.0,0.0324711,0.27105,0.390732,0.0,0.145406
595.0,26.5853,0.00629599,0.295304,0.0,0.0,0.0,0.0,0.00254477,0.26377,0.283219,0.0191085,0.0340467
596.0,26.6186,0.0352943,0.324564,0.0,0.0,0.0,0.0,0.0721767,0.225006,0.0,0.0,0.0
597.0,26.6519,0.0283283,0.284145,0.0,0.0,0.0,0.0,0.0290203,0.368547,0.0,0.12712,0.0
598.0,26.6853,0.0211066,0.0715924,0.0,0.0,0.0,0.0,0.11077,0.178734,0.0153913,0.122681,0.0
599.0,26.7186,0.0,0.96265,0.0,0.0,0.0,0.0118522,0.12512,0.0533375,0.00632581,0.0,0.0568042
600.0,26.7519,0.0,0.934922,0.0,0.0414288,0.142255,0.00784013,0.0471676,0.00585409,0.0,0.0294421,0.060079
601.0,26.7853,0.0,0.434237,0.0,0.0736452,0.272967,0.0602505,0.0,0.00847787,0.0,0.0847649,0.170835
602.0,26.8186,0.0747357,0.208916,0.0241118,0.0282946,0.158814,0.218136,0.0,0.0,0.0,0.0,0.0763787
603.0,26.8519,0.00465589,0.0783721,0.0056511,0.0,0.0168781,0.0348379,0.0748205,0.0526589,0.0,0.140018,0.0699529
604.0,26.8853,0.0,0.315931,0.0,0.0,0.0570213,0.18253,0.0520312,0.281879,0.0,0.383128,0.123952
605.0,26.9186,0.158935,0.210061,0.0331561,0.00999788,0.0347684,0.101335,0.0,0.062539,0.0,0.381912,0.12832
606.0,26.9519,0.27279,0.170539,0.0559548,0.0,0.0,0.0718237,0.0,0.143674,0.0,0.532637,0.113445
607.0,26.9853,0.10537,0.310871,0.0,0.0,0.0,0.273019,0.0,0.169075,0.049843,0.323003,0.0596614
608.0,27.0186,0.219104,0.0785611,0.211757,0.00450455,0.182715,0.197153,0.0,0.00580497,0.0,0.407773,0.0842649
609.0,27.0519,0.0478202,0.328873,0.0,0.041133,0.120798,0.383938,0.0,0.012403,0.0,0.500229,0.0
610.0,27.0853,0.107823,0.230856,0.0,0.0416244,0.119994,0.46265,0.0,0.0,0.0,0.408326,0.0
611.0,27.1186,0.189586,0.254322,0.0983162,0.0533144,0.151437,0.500495,0.0,0.0,0.0328462,0.373533,0.0
612.0,27.1519,0.19874,0.0,0.198959,0.0,0.166106,0.624705,0.0,0.0,0.0,0.412796,0.0
613.0,27.1853,0.146037,0.0312259,0.151584,0.0,0.0631024,0.7546,0.0,0.0,0.0148818,0.536457,0.0
614.0,27.2186,0.432158,0.0404653,0.230078,0.0499506,0.141145,0.689851,0.0,0.0352118,0.0394095,0.664231,0.190282
615.0,27.2519,0.663942,0.0390164,0.470376,0.0,0.0,0.518917,0.0,0.237933,0.054706,0.64624,0.0707231
616.0,27.2853,0.626464,0.602628,0.548555,0.0,0.0,0.206465,0.0,0.135437,0.0,0.390953,0.0281747
617.0,27.3186,0.44325,0.109926,0.475278,0.0,0.0,0.0798948,0.0,0.102848,0.0,0.594616,0.0150001
618.0,27.3519,0.351097,0.0754882,0.353733,0.0225749,0.0907694,0.0,0.0685953,0.0113758,0.0,0.454245,0.0
619.0,27.3853,0.366847,0.0219352,0.281575,0.0896493,0.284035,0.0,0.0568033,0.0,0.0,0.452994,0.0
620.0,27.4186,0.0,0.113302,0.103972,0.0,0.188277,0.107383,0.0,0.0100308,0.0,0.0490547,0.0615036
621.0,27.4519,0.0,0.0818701,0.0,0.0101125,0.119086,0.251207,0.0,0.0,0.0343709,0.0225926,0.0801054
622.0,27.4853,0.0,0.091872,0.0,0.0,0.0,0.128991,0.0,0.0,0.00549755,0.132659,0.109181
623.0,27.5186,0.0,0.179353,0.0,0.0,0.0,0.0293228,0.0,0.00389759,0.0296199,0.23493,0.100426
624.0,27.5519,0.0,0.337797,0.0,0.0,0.0,0.0,0.0999598,0.0498379,0.140489,0.0892099,0.0227014
625.0,27.5853,0.0,0.58556,0.0,0.0,0.0,0.0,0.0362776,0.114503,0.415583,0.0,0.0265309
626.0,27.6186,0.0137775,0.578178,0.0,0.0,0.0,0.0,0.0239667,0.199966,0.458626,0.0,0.0495912
627.0,27.6519,0.0223459,0.442354,0.0,0.0,0.0,0.0,0.0180085,0.276949,0.39489,0.0,0.0559156
628.0,27.6853,0.0168005,0.291618,0.0,0.0,0.0,0.0,0.011001,0.265894,0.277608,0.0213802,0.0482616
629.0,27.7186,0.0302824,0.334132,0.0,0.0,0.0,0.0,0.0755598,0.239999,0.0,0.0,0.0
630.0,27.7519,0.0258844,0.290135,0.0,0.0,0.0,0.0,0.0397394,0.358273,0.0,0.122724,0.0
631.0,27.7853,0.0211184,0.0687597,0.0,0.0,0.0,0.0,0.116701,0.171431,0.0121705,0.11491,0.0
632.0,27.8186,0.0,0.960997,0.0,0.00707957,0.0348711,0.0,0.132658,0.0647768,0.0,0.00202681,0.0275665
633.0,27.8519,0.0,0.923581,0.0,0.0464423,0.159323,0.0231275,0.0194383,0.0,0.0,0.0909327,0.00455519
634.0,27.8853,0.0,0.327961,0.0181963,0.0617812,0.243484,0.0705249,0.0,0.00344255,0.0,0.078549,0.125461
635.0,27.9186,0.0717247,0.203161,0.0234928,0.0238579,0.148513,0.222251,0.0,0.0,0.0,0.0,0.0650802
636.0,27.9519,0.000753268,0.0948566,0.00949479,0.0,0.020053,0.0335264,0.0826372,0.0587542,0.0,0.149882,0.106625
637.0,27.9853,0.0,0.341812,0.0,0.0,0.0547532,0.196378,0.0488013,0.267946,0.0,0.373165,0.129216
638.0,28.0186,0.145558,0.177105,0.0285288,0.00709338,0.0373043,0.136968,0.0,0.0499642,0.0,0.393339,0.115163
639.0,28.0519,0.25419,0.156134,0.0545668,0.0,0.0,0.127237,0.0,0.128097,0.0,0.537697,0.105481
640.0,28.0853,0.103679,0.298144,0.0,0.0,0.0,0.284603,0.0,0.182656,0.064423,0.315548,0.0599543
641.0,28.1186,0.165981,0.0928562,0.0591507,0.0375128,0.10932,0.256025,0.0,0.0549377,0.0,0.465064,0.0277821
642.0,28.1519,0.0922538,0.183554,0.000896029,0.038092,0.111532,0.36896,0.0,0.0137,0.0,0.439395,0.0
643.0,28.1853,0.152449,0.21873,0.0679987,0.0434444,0.124134,0.456367,0.0,0.0,0.00546243,0.386895,0.0
644.0,28.2186,0.201404,0.251035,0.214509,0.0558492,0.158413,0.501742,0.0,0.0,0.0328403,0.378299,0.0
645.0,28.2519,0.216103,0.0,0.235577,0.0,0.115549,0.622186,0.0,0.0,0.0,0.429863,0.0
646.0,28.2853,0.149098,0.0326742,0.155973,0.0,0.0343805,0.750469,0.0,0.0,0.0285594,0.548464,0.0
647.0,28.3186,0.462692,0.00864085,0.245692,0.0350102,0.0976424,0.683395,0.0,0.046576,0.0356511,0.684061,0.250747
648.0,28.3519,0.690898,0.0402619,0.49685,0.0,0.0,0.498757,0.0,0.26167,0.0488415,0.653851,0.0447867
649.0,28.3853,0.592323,0.0276197,0.440561,0.0,0.0,0.228077,0.0,0.143976,0.0,0.47076,0.0699937
650.0,28.4186,0.377094,0.0722927,0.37892,0.00258312,0.0323359,0.102035,0.0,0.00236384,0.0,0.435298,0.0
651.0,28.4519,0.262906,0.059947,0.277558,0.0380591,0.132681,0.0,0.0926177,0.00358374,0.0,0.404873,0.0
652.0,28.4853,0.34457,0.0,0.224809,0.0863633,0.282396,0.0014232,0.035509,0.0,0.0,0.430796,0.0131746
653.0,28.5186,0.0,0.134354,0.160486,0.0,0.19814,0.148028,0.0,0.00208047,0.0,0.0565012,0.0576655
654.0,28.5519,0.0,0.0811735,0.0,0.00290587,0.0941748,0.17805,0.0,0.0,0.0399107,0.0239358,0.160458
655.0,28.5853,0.0,0.10137,0.0,0.0,0.0103857,0.124759,0.0,0.0,0.000571389,0.136814,0.0968965
656.0,28.6186,0.0,0.196967,0.0,0.0,0.0,0.0483749,0.0,0.0,0.0273614,0.281089,0.107193
657.0,28.6519,0.0,0.341082,0.0,0.0,0.0,0.0,0.0661733,0.0364997,0.131733,0.139123,0.0320512
658.0,28.6853,0.0,0.59074,0.0,0.0,0.0,0.0,0.0135487,0.095382,0.413448,0.00523786,0.0175807
659.0,28.7186,0.0212111,0.596794,0.0,0.0,0.0,0.0,0.0058863,0.196351,0.46545,0.0,0.0469538
660.0,28.7519,0.0254344,0.470915,0.0,0.0,0.0,0.0,0.0121372,0.27982,0.416814,0.0,0.0408953
661.0,28.7853,0.0137618,0.306798,0.0,0.0,0.0,0.0,0.0,0.273521,0.292246,0.0201582,0.030348
662.0,28.8186,0.0318929,0.327063,0.0,0.0,0.0,0.0,0.0813165,0.258407,0.0,0.0,0.0
663.0,28.8519,0.0225646,0.289076,0.0,0.0,0.0,0.0,0.0274012,0.355671,0.0,0.11629,0.0
664.0,28.8853,0.0224346,0.0691198,0.0,0.0,0.0,0.0,0.128269,0.177712,0.01262,0.128244,0.0
665.0,28.9186,0.0,0.975577,0.0,0.0150414,0.0632804,0.0,0.132204,0.0721998,0.0,0.0302396,0.0507494
666.0,28.9519,0.0,0.916111,0.0,0.0463995,0.1592,0.0172457,0.0316053,0.0,0.0,0.0227182,0.0
667.0,28.9853,0.0,0.334187,0.0,0.0688772,0.26618,0.0628887,0.0,0.0,0.0,0.0160149,0.130902
668.0,29.0186,0.00654221,0.178357,0.0134416,0.0206687,0.120269,0.147818,0.0,0.0,0.0,0.0097813,0.0639705
669.0,29.0519,0.0208174,0.103103,0.0101542,0.0,0.0144225,0.0374008,0.0771013,0.0600787,0.0,0.152847,0.0940805
670.0,29.0853,0.0,0.344809,0.0,0.0,0.0582877,0.212774,0.0418793,0.255141,0.0,0.406792,0.125313
671.0,29.1186,0.180634,0.203001,0.0306612,0.00918062,0.0419517,0.157944,0.0,0.0381841,0.0,0.391583,0.151229
672.0,29.1519,0.302241,0.161808,0.0629154,0.0,0.0,0.158027,0.0,0.101463,0.0,0.519299,0.1011
673.0,29.1853,0.0946882,0.302664,0.0,0.0,0.0,0.313596,0.0,0.124193,0.0568707,0.310237,0.0555857
674.0,29.2186,0.153082,0.121338,0.0318584,0.0372858,0.105779,0.254262,0.0,0.0502528,0.0,0.463601,0.04539
675.0,29.2519,0.0978867,0.174758,0.000482857,0.0382657,0.112013,0.364505,0.0,0.0144549,0.0,0.420401,0.0
676.0,29.2853,0.150606,0.232053,0.0733233,0.0432784,0.124023,0.456436,0.0,0.0,0.0090693,0.367317,0.0
677.0,29.3186,0.20553,0.193573,0.191313,0.0557095,0.157662,0.510861,0.0,0.0,0.0313396,0.38,0.0
678.0,29.3519,0.202233,0.0,0.23393,0.0,0.107974,0.614056,0.0,0.0,0.0,0.421813,0.0
679.0,29.3853,0.156609,0.0472353,0.200669,0.0,0.0162382,0.742481,0.0,0.0,0.0347808,0.54138,0.0
680.0,29.4186,0.466854,0.0183563,0.26479,0.0400696,0.11188,0.676467,0.0,0.0412762,0.0324243,0.674267,0.224502
681.0,29.4519,0.692376,0.036669,0.491953,0.0,0.0,0.497837,0.0,0.266537,0.0495622,0.655348,0.0453859
682.0,29.4853,0.611218,0.026885,0.449446,0.0,0.0,0.235509,0.0,0.164924,0.0034089,0.495828,0.059852
683.0,29.5186,0.365623,0.0766083,0.375952,0.0,0.00105336,0.157215,0.0,0.0328639,0.0,0.498592,0.0
684.0,29.5519,0.218862,0.0441927,0.236257,0.035646,0.126348,0.0,0.112186,0.00524623,0.0,0.334915,0.0137759
685.0,29.5853,0.386972,0.0169443,0.333392,0.084075,0.277909,0.048168,0.0203962,0.0,0.0,0.478618,0.0
686.0,29.6186,0.0,0.12851,0.163963,0.0,0.189316,0.132702,0.0,0.0064834,0.0,0.0593814,0.0612254
687.0,29.6519,0.0,0.236447,0.0851311,0.0,0.143481,0.0942429,0.0,0.00483974,0.0,0.0607672,0.051028
688.0,29.6853,0.0,0.111682,0.0,0.0,0.0174556,0.0893309,0.0,0.0,0.00170961,0.0921811,0.0823478
689.0,29.7186,0.0,0.201045,0.0,0.0,0.0,0.0293697,0.0,0.00711957,0.0238855,0.233577,0.132095
690.0,29.7519,0.0,0.291499,0.0,0.0,0.0,0.0,0.0544521,0.0373104,0.0727073,0.155459,0.0153013
691.0,29.7853,0.0,0.602558,0.0,0.0,0.0,0.0,0.0,0.0866982,0.416902,0.0176099,0.0371098
692.0,29.8186,0.0213289,0.591254,0.0,0.0,0.0,0.0,0.0011955,0.187396,0.459053,0.0,0.0308837
693.0,29.8519,0.0288962,0.462062,0.0,0.0,0.0,0.0,0.0136301,0.284847,0.408374,0.0,0.0383765
694.0,29.8853,0.0179241,0.303124,0.0,0.0,0.0,0.0,0.0113291,0.280419,0.289372,0.0139204,0.0279098
695.0,29.9186,0.0360167,0.320367,0.0,0.0,0.0,0.0,0.0787758,0.23163,0.0,0.0,0.0183074
696.0,29.9519,0.0288413,0.291547,0.0,0.0,0.0,0.0,0.0496253,0.379995,0.0,0.12358,0.0
697.0,29.9853,0.025174,0.0759749,0.0,0.0,0.0,0.0,0.132917,0.184193,0.013817,0.130628,0.0
698.0,30.0186,0.0,0.975357,0.0,0.0192548,0.0786042,0.0,0.139124,0.0799322,0.0,0.0497592,0.0206738
699.0,30.0519,0.0,0.914876,0.0,0.046747,0.164408,0.0271754,0.0161188,0.0,0.0,0.0225122,0.0
700.0,30.0853,0.0,0.235782,0.0186881,0.0606325,0.243736,0.0750613,0.0,0.000259891,0.0,0.0580145,0.0946077
701.0,30.1186,0.0240222,0.156226,0.0141029,0.0122045,0.0961996,0.164073,0.0,0.0,0.00513937,0.0,0.0497924
702.0,30.1519,0.028734,0.0921115,0.0153248,0.0,0.024324,0.0413739,0.073984,0.0684628,0.0,0.182907,0.0854934
703.0,30.1853,0.0,0.329085,0.0,0.0,0.0570416,0.216815,0.0381522,0.250096,0.0,0.388558,0.124848
704.0,30.2186,0.226631,0.179928,0.0709429,0.0174204,0.0721859,0.173064,0.0,0.0393991,0.0,0.40679,0.113545
705.0,30.2519,0.242227,0.13218,0.0564045,0.0,0.0,0.156263,0.0,0.111494,0.0,0.538517,0.109861
706.0,30.2853,0.127784,0.270289,0.0,0.0,0.0,0.320754,0.0,0.172397,0.0652126,0.338248,0.0581509
707.0,30.3186,0.18466,0.094711,0.107155,0.0283135,0.106934,0.254164,0.0,0.0656906,0.0,0.454097,0.0353852
708.0,30.3519,0.116929,0.0930373,0.00059887,0.0364007,0.106668,0.36024,0.0,0.0140066,0.0,0.434923,0.0
709.0,30.3853,0.161952,0.160925,0.0869377,0.0415299,0.119579,0.443297,0.0,0.0,0.00578152,0.366488,0.0
710.0,30.4186,0.221622,0.167099,0.200171,0.0537305,0.151975,0.496736,0.0,0.0,0.0333537,0.371531,0.0
711.0,30.4519,0.223652,0.0,0.230933,0.0,0.0936116,0.615346,0.0,0.0,0.0,0.428947,0.0
712.0,30.4853,0.154694,0.0604128,0.137651,0.0,0.0137253,0.771082,0.0,0.0,0.0501734,0.547456,0.0
713.0,30.5186,0.480684,0.0,0.253028,0.0308134,0.0860385,0.682674,0.0,0.052071,0.0361458,0.691467,0.283507
714.0,30.5519,0.682501,0.0,0.466597,0.0,0.0,0.463537,0.0,0.246138,0.0356327,0.66484,0.0
715.0,30.5853,0.625088,0.0,0.261519,0.0,0.0,0.190875,0.0,0.220431,0.0,0.569197,0.0768871
716.0,30.6186,0.342329,0.0763569,0.367285,0.0,0.000768028,0.0,0.0349875,0.0721638,0.0,0.292817,0.104329
717.0,30.6519,0.200565,0.0109305,0.190438,0.0362329,0.127978,0.0,0.143538,0.0170451,0.0,0.461353,0.0
718.0,30.6853,0.29801,0.0238671,0.219152,0.0769059,0.258773,0.0138954,0.0271971,0.0,0.0,0.331189,0.018743
719.0,30.7186,0.0,0.123622,0.174076,0.0,0.169147,0.148626,0.0,0.000442272,0.0,0.0528377,0.0939257
720.0,30.7519,0.0,0.0929617,0.0,0.0,0.08821,0.136114,0.0,0.0,0.0302765,0.0245336,0.160138
721.0,30.7853,0.0,0.107087,0.0,0.0,0.00477526,0.131492,0.0,0.0,0.0,0.204837,0.10883
722.0,30.8186,0.0,0.214881,0.0,0.0,0.0,0.0107149,0.0,0.00573878,0.0394449,0.278526,0.10473
723.0,30.8519,0.0,0.371983,0.0,0.0,0.0,0.0,0.122572,0.0335882,0.154821,0.214957,0.00173936
724.0,30.8853,0.0,0.586243,0.0,0.0,0.0,0.0,0.0214179,0.10916,0.422481,0.0,0.0226465
725.0,30.9186,0.0270037,0.595575,0.0,0.0,0.0,0.0,0.0163263,0.204968,0.473318,0.0,0.0491138
726.0,30.9519,0.0236968,0.438838,0.0,0.0,0.0,0.0,0.0176727,0.273501,0.397686,0.0,0.0559084
727.0,30.9853,0.00225415,0.293671,0.0,0.0,0.0,0.0,0.00166783,0.264278,0.285563,0.0187682,0.032741
728.0,31.0186,0.02935,0.330499,0.0,0.0,0.0,0.0,0.0766509,0.245282,0.0,0.0,0.0
729.0,31.0519,0.0287944,0.288395,0.0,0.0,0.0,0.0,0.0316483,0.359948,0.0,0.118946,0.0
730.0,31.0853,0.0227105,0.0683871,0.0,0.0,0.0,0.0,0.124015,0.170148,0.00659964,0.130973,0.0
731.0,31.1186,0.0,0.97977,0.0,0.0220769,0.0861612,0.0,0.134835,0.0971511,0.0,0.228997,0.0724101
732.0,31.1519,0.0,0.915052,0.0,0.0457632,0.160656,0.0291077,0.0153256,0.0,0.0,0.0187447,0.0
733.0,31.1853,0.0,0.275228,0.0181751,0.0618578,0.249451,0.0634713,0.0,0.000631466,0.0,0.0907062,0.0301984
734.0,31.2186,0.016607,0.171421,0.0185741,0.0157941,0.109276,0.167145,0.0,0.0,0.000978067,0.0,0.0524599
735.0,31.2519,0.0138039,0.118399,0.018711,0.0,0.0184155,0.0379709,0.0796216,0.0669494,0.0,0.170662,0.0935232
736.0,31.2853,0.0,0.327543,0.0,0.0,0.0558481,0.213544,0.0436741,0.256879,0.0,0.389043,0.128493
737.0,31.3186,0.186251,0.158982,0.0654299,0.0138332,0.0593082,0.163978,0.0,0.0414292,0.0,0.402797,0.11988
738.0,31.3519,0.207751,0.132737,0.053905,0.0,0.0,0.139435,0.0,0.116867,0.0,0.52649,0.109147
739.0,31.3853,0.0859573,0.313863,0.0,0.0,0.0,0.316328,0.0,0.171444,0.0681521,0.332421,0.0560638
740.0,31.4186,0.10486,0.165551,0.0634535,0.0308308,0.0910609,0.263503,0.0,0.0477307,0.0,0.470458,0.0263054
741.0,31.4519,0.0745954,0.184088,0.0305395,0.0361553,0.107844,0.356822,0.0,0.016235,0.0,0.427636,0.0
742.0,31.4853,0.132812,0.216158,0.108515,0.0427197,0.124006,0.450389,0.0,0.0,0.00765936,0.381193,0.0
743.0,31.5186,0.187665,0.205477,0.214659,0.0546823,0.156117,0.501831,0.0,0.0,0.0310711,0.386503,0.0
744.0,31.5519,0.189451,0.0,0.2211,0.0,0.101917,0.617004,0.0,0.0,0.0,0.446593,0.0
745.0,31.5853,0.144916,0.0478125,0.192385,0.0,0.0208675,0.744824,0.0,0.0,0.0297024,0.556871,0.0
746.0,31.6186,0.438067,0.0186496,0.249511,0.0303447,0.0862771,0.66946,0.0,0.0475224,0.0338019,0.68271,0.255161
747.0,31.6519,0.68027,0.00362419,0.4691,0.0,0.0,0.488743,0.0,0.288602,0.0476403,0.674853,0.0406999
748.0,31.6853,0.56986,0.0,0.38926,0.0,0.0,0.221802,0.0,0.151271,0.000310075,0.495175,0.0647124
749.0,31.7186,0.32204,0.0724838,0.365894,0.0,0.0178789,0.0601388,0.0,0.0124702,0.0,0.42183,0.0
750.0,31.7519,0.243149,0.0675657,0.286726,0.0212992,0.100861,0.0102205,0.00974145,0.0,0.0,0.3764,0.00993625
751.0,31.7853,0.288818,0.0,0.183193,0.0683732,0.237933,0.00264749,0.0320017,0.0,0.0,0.386527,0.0463845
752.0,31.8186,0.0,0.114543,0.193377,0.0,0.205998,0.13856,0.0,0.0,0.0,0.0518099,0.0936304
753.0,31.8519,0.0,0.0955569,0.0,0.00332668,0.0932544,0.176781,0.0,0.0,0.0499943,0.0212988,0.166244
754.0,31.8853,0.0,0.106762,0.0,0.0,0.0100519,0.16881,0.0,0.0,0.00151126,0.155039,0.119116
755.0,31.9186,0.0,0.196392,0.0,0.0,0.0,0.0684488,0.0,0.0,0.020087,0.29819,0.12055
756.0,31.9519,0.0,0.33297,0.0,0.0,0.0,0.0,0.0975817,0.0217216,0.115831,0.317322,0.0
757.0,31.9853,0.0,0.589625,0.0,0.0,0.0,0.0,0.0,0.087456,0.409108,0.046972,0.0315058
758.0,32.0186,0.0317035,0.614345,0.0,0.0,0.0,0.0,0.0,0.202201,0.474763,0.00736444,0.0376411
759.0,32.0519,0.0273585,0.446482,0.0,0.0,0.0,0.0,0.0520588,0.279259,0.383946,0.0,0.12584
760.0,32.0853,0.00190287,0.297759,0.0,0.0,0.0,0.0,0.0085335,0.278598,0.291847,0.016616,0.0252711
761.0,32.1186,0.0248807,0.33228,0.0,0.0,0.0,0.0,0.0768774,0.241204,0.0,0.0,0.0
762.0,32.1519,0.0218498,0.287488,0.0,0.0,0.0,0.0,0.0308122,0.345085,0.0,0.112174,0.0
763.0,32.1853,0.0194481,0.0643946,0.0,0.0,0.0,0.0,0.124188,0.189037,0.014576,0.138633,0.0
764.0,32.2186,0.0,0.956605,0.0,0.011576,0.0441083,0.0,0.135562,0.0570422,0.0,0.000491292,0.0
765.0,32.2519,0.0,0.91072,0.0,0.0429342,0.150143,0.0289056,0.0204957,0.0,0.0,0.0159525,0.0
766.0,32.2853,0.0,0.357734,0.00338178,0.0776021,0.284732,0.0474559,0.0,0.00866324,0.0,0.0869333,0.179172
767.0,32.3186,0.00150799,0.125186,0.0157527,0.0187877,0.124855,0.158718,0.0,0.0,0.0032834,0.0,0.0
768.0,32.3519,0.0130601,0.0796422,0.0169009,0.00048323,0.0370155,0.0385045,0.0618881,0.0533745,0.0,0.15338,0.085576
769.0,32.3853,0.0,0.321642,0.0,0.0,0.0584695,0.200411,0.0453407,0.241173,0.0,0.358209,0.118936
770.0,32.4186,0.125355,0.00732245,0.0356098,0.0167477,0.0635406,0.112029,0.0,0.0645307,0.0,0.446889,0.157756
771.0,32.4519,0.230223,0.046682,0.048198,0.0,0.0,0.0951516,0.0,0.132642,0.0,0.546369,0.117651
772.0,32.4853,0.0996972,0.32582,0.0,0.0,0.0,0.261978,0.0,0.181082,0.0453893,0.403012,0.0507979
773.0,32.5186,0.112706,0.112386,0.0,0.0296717,0.0879985,0.238969,0.0,0.0643636,0.0,0.52214,0.0520234
774.0,32.5519,0.0955306,0.130535,0.00840587,0.0371385,0.109702,0.356368,0.0,0.0160556,0.0,0.442914,0.0
775.0,32.5853,0.0948347,0.254336,0.0533214,0.0441758,0.126164,0.401741,0.0,0.0,0.0131007,0.303092,0.0302846
776.0,32.6186,0.183763,0.168626,0.203007,0.0530897,0.15199,0.4984,0.0,0.0,0.0316507,0.372706,0.0
777.0,32.6519,0.188644,0.0,0.222137,0.0,0.0957675,0.610112,0.0,0.0,0.0,0.42618,0.0
778.0,32.6853,0.141053,0.0334532,0.123786,0.0,0.00611925,0.6776,0.0,0.0,0.0445451,0.460965,0.0
779.0,32.7186,0.398589,0.0,0.226967,0.0472498,0.132706,0.713162,0.0,0.0541507,0.0276712,0.711931,0.111162
780.0,32.7519,0.668644,0.0257909,0.475225,0.0,0.0,0.53971,0.0,0.279015,0.0477431,0.703483,0.0751387
781.0,32.7853,0.560946,0.0904785,0.474302,0.0,0.0,0.113758,0.0,0.310915,0.0,0.622952,0.0582462
782.0,32.8186,0.336076,0.0650557,0.365318,0.0,0.0,0.0407276,0.0,0.0950591,0.0,0.506226,0.0
783.0,32.8519,0.172971,0.0507149,0.212112,0.0304358,0.107263,0.0,0.169621,0.0154894,0.0,0.358622,0.0141731
784.0,32.8853,0.395644,0.0256205,0.348871,0.0790502,0.26595,0.0440714,0.0192185,0.0,0.0,0.477239,0.0
785.0,32.9186,0.0,0.110243,0.18459,0.0,0.170373,0.093397,0.0,0.00729511,0.0,0.0591574,0.0875689
786.0,32.9519,0.0,0.242746,0.0796622,0.0,0.150195,0.091134,0.0,0.0,0.0,0.0501613,0.0711948
787.0,32.9853,0.0,0.117409,0.0,0.0,0.0183093,0.104299,0.0,0.0,0.00624975,0.0824408,0.10541
788.0,33.0186,0.0,0.208562,0.0,0.0,0.0,0.0339985,0.0,0.00927817,0.0257812,0.259328,0.114153
789.0,33.0519,0.0,0.449431,0.0,0.0,0.0,0.0,0.0303588,0.170027,0.0,0.0,0.0
790.0,33.0853,0.064033,0.691322,0.0,0.0,0.0,0.0,0.0,0.11752,0.482368,0.0561239,0.0603486
791.0,33.1186,0.0330651,0.572899,0.0,0.0,0.0,0.0,0.0,0.155977,0.43811,0.0,0.061608
792.0,33.1519,0.0231225,0.427242,0.0,0.0,0.0,0.0,0.0152794,0.269328,0.370277,0.0,0.0616201
793.0,33.1853,0.0,0.282632,0.0,0.0,0.0,0.0,0.0335967,0.275615,0.266058,0.0177954,0.0239382
794.0,33.2186,0.0231064,0.319604,0.0,0.0,0.0,0.0,0.0795246,0.254774,0.0,0.0,0.0
795.0,33.2519,0.0242605,0.279803,0.0,0.0,0.0,0.0,0.0506061,0.37774,0.0,0.121303,0.0
796.0,33.2853,0.0245118,0.0736092,0.0,0.0,0.0,0.0,0.132368,0.191932,0.0161041,0.1452,0.0
797.0,33.3186,0.0,0.977055,0.0,0.0257254,0.101189,0.0,0.12426,0.0809409,0.0,0.0958132,0.0091741
798.0,33.3519,0.0,0.915981,0.0,0.0463751,0.172972,0.0333598,0.0,0.0,0.0,0.0356466,0.105775
799.0,33.3853,0.0,0.188794,0.0,0.0340755,0.160404,0.0850002,0.0,0.0,0.0,0.00388752,0.0352773
800.0,33.4186,0.0257503,0.151554,0.0232008,0.00729055,0.0781652,0.148361,0.0,0.0,0.0,0.00660081,0.0641722
801.0,33.4519,0.0078432,0.0614243,0.0151456,0.0,0.0155496,0.0399106,0.0785609,0.0684267,0.0,0.179938,0.10441
802.0,33.4853,0.0,0.302795,0.0,0.0,0.0554515,0.216675,0.044933,0.256967,0.0,0.384135,0.129933
803.0,33.5186,0.174404,0.0220005,0.0667943,0.014001,0.0595763,0.149084,0.0,0.0619382,0.0,0.479544,0.16959
804.0,33.5519,0.209184,0.141301,0.0475545,0.0,0.0,0.0844945,0.0,0.149431,0.0,0.565613,0.105501
805.0,33.5853,0.104559,0.330063,0.0,0.0,0.0,0.28057,0.0,0.196276,0.0625949,0.392837,0.0543927
806.0,33.6186,0.202245,0.140559,0.0,0.0384573,0.108181,0.222476,0.0,0.0427198,0.0,0.374311,0.064893
807.0,33.6519,0.115455,0.152622,0.0464437,0.038133,0.111804,0.336397,0.0,0.0229299,0.0,0.424281,0.0
808.0,33.6853,0.13883,0.195023,0.0744068,0.0422723,0.121833,0.451343,0.0,0.0,0.00303111,0.389961,0.0
809.0,33.7186,0.194292,0.198757,0.190603,0.0548882,0.156444,0.503684,0.0,0.0,0.0305385,0.385962,0.0
810.0,33.7519,0.256104,0.190381,0.194588,0.0572597,0.15756,0.538809,0.0,0.0,0.0384725,0.435679,0.0
811.0,33.7853,0.20496,0.0198743,0.254619,0.0,0.0920399,0.751126,0.0,0.0,0.0115781,0.544565,0.0
812.0,33.8186,0.20127,0.0,0.0775197,0.0512858,0.152484,0.701822,0.0,0.048075,0.0593112,0.681439,0.251508
813.0,33.8519,0.663488,0.0196717,0.474733,0.0,0.0,0.545268,0.0,0.273356,0.0624409,0.688027,0.02119
814.0,33.8853,0.596237,0.0,0.421237,0.0,0.0,0.295296,0.0,0.209418,0.0158966,0.582579,0.0294201
815.0,33.9186,0.378825,0.0885045,0.419137,0.0,0.0,0.227878,0.0,0.0530197,0.0,0.498671,0.0
816.0,33.9519,0.228243,0.0148972,0.184536,0.0337102,0.126635,0.0,0.0682507,0.0,0.0,0.274606,0.0735494
817.0,33.9853,0.298513,0.0194755,0.257594,0.0745643,0.256295,0.0213801,0.0219152,0.0,0.0,0.326918,0.0
818.0,34.0186,0.0,0.116034,0.184317,0.0,0.201416,0.125827,0.0,0.0,0.0,0.044369,0.0791983
819.0,34.0519,0.0,0.0985013,0.0,0.00329225,0.0946138,0.191636,0.0,0.0,0.0354447,0.0238883,0.15817
820.0,34.0853,0.0,0.107164,0.0,0.0,0.0109595,0.142591,0.0,0.0,0.0,0.176298,0.107756
821.0,34.1186,0.0,0.201034,0.0,0.0,0.0,0.0369192,0.0,0.0,0.028559,0.28368,0.112924
822.0,34.1519,0.0,0.344604,0.0,0.0,0.0,0.0,0.0708034,0.039391,0.131793,0.155509,0.0317722
823.0,34.1853,0.0,0.605923,0.0,0.0,0.0,0.0,0.0191761,0.107836,0.433633,0.0138372,0.0369418
824.0,34.2186,0.0309631,0.608265,0.0,0.0,0.0,0.0,0.014155,0.216846,0.473375,0.0,0.0
825.0,34.2519,0.027264,0.463058,0.0,0.0,0.0,0.0,0.0242475,0.291202,0.401932,0.0,0.0606587
826.0,34.2853,0.0103559,0.304884,0.0,0.0,0.0,0.0,0.00356557,0.275597,0.286426,0.0527996,0.0
827.0,34.3186,0.0261273,0.327222,0.0,0.0,0.0,0.0,0.0795245,0.243431,0.0,0.0,0.0
828.0,34.3519,0.0251271,0.282366,0.0,0.0,0.0,0.0,0.047755,0.373007,0.0,0.123638,0.0
829.0,34.3853,0.0234029,0.0717917,0.0,0.0,0.0,0.0,0.123754,0.176839,0.0116848,0.134118,0.0
830.0,34.4186,0.0,0.980727,0.0,0.0232483,0.0905157,0.0,0.133683,0.0949562,0.0,0.223274,0.06008
831.0,34.4519,0.0,0.919266,0.0,0.0473432,0.168846,0.0317065,0.0119384,0.0,0.0,0.0189879,0.0
832.0,34.4853,0.0,0.213917,0.0209728,0.0612013,0.247774,0.0751688,0.0,0.000547104,0.0,0.0557048,0.10996
833.0,34.5186,0.0181598,0.174413,0.0180998,0.0102093,0.0964957,0.160788,0.0,0.0,0.0,0.0070514,0.0
834.0,34.5519,0.037382,0.12371,0.0188899,0.0,0.0333149,0.0406203,0.0681119,0.0566933,0.0,0.163057,0.0945078
835.0,34.5853,0.0,0.318415,0.0,0.0,0.0639971,0.213638,0.0437074,0.241935,0.0,0.378592,0.141032
836.0,34.6186,0.183792,0.0629201,0.0587419,0.0204091,0.0806783,0.160929,0.0,0.052087,0.0,0.476308,0.147158
837.0,34.6519,0.231603,0.142663,0.0537021,0.0,0.0,0.128251,0.0,0.118765,0.0,0.55264,0.104632
838.0,34.6853,0.114738,0.298378,0.0,0.0,0.0,0.296593,0.0,0.176545,0.0620283,0.354182,0.0569261
839.0,34.7186,0.181122,0.0599453,0.070749,0.0355139,0.100502,0.248676,0.0,0.0548192,0.0,0.48473,0.0415723
840.0,34.7519,0.103891,0.208727,0.0766836,0.0377174,0.111592,0.382844,0.0,0.0106027,0.0,0.373652,0.0
841.0,34.7853,0.163391,0.178274,0.105215,0.0425507,0.122141,0.420494,0.0,0.00121603,0.0,0.381005,0.0
842.0,34.8186,0.210805,0.187012,0.186813,0.0535235,0.151469,0.488849,0.0,0.0,0.0225566,0.387506,0.0
843.0,34.8519,0.213696,0.0,0.204955,0.0,0.08082,0.608115,0.0,0.0,0.0,0.434026,0.0
844.0,34.8853,0.148346,0.0348925,0.146052,0.0,0.0152982,0.746478,0.0,0.0,0.0277259,0.55074,0.0
845.0,34.9186,0.463649,0.00041007,0.240737,0.0334219,0.0938564,0.688186,0.0,0.0485616,0.0395947,0.682473,0.0834734
846.0,34.9519,0.697337,0.0,0.469067,0.0,0.0,0.495106,0.0,0.263222,0.0437363,0.659531,0.0435801
847.0,34.9853,0.564924,0.0625252,0.466886,0.0,0.0,0.0882929,0.0,0.262945,0.0,0.587233,0.0518875
848.0,35.0186,0.368797,0.064445,0.364407,0.0,0.0149421,0.0361549,0.0,0.0219552,0.0,0.410553,0.0217883
849.0,35.0519,0.213994,0.0426538,0.243808,0.0291543,0.114232,0.0,0.0945336,0.00576333,0.0,0.40293,0.0
850.0,35.0853,0.244558,0.0322303,0.194404,0.0692937,0.238294,0.000567805,0.0385606,0.0,0.0,0.302026,0.0516546
851.0,35.1186,0.0,0.113848,0.202249,0.0,0.205249,0.131817,0.0,0.0,0.0,0.0510404,0.0774711
852.0,35.1519,0.0,0.103423,0.0,0.00211511,0.0888939,0.180727,0.0,0.0,0.049042,0.0154182,0.163968
853.0,35.1853,0.0,0.104663,0.0,0.0,0.00231251,0.127702,0.0,0.0,0.00332311,0.136472,0.127039
854.0,35.2186,0.0,0.197258,0.0,0.0,0.0,0.0392346,0.0,0.0,0.0269298,0.284228,0.114172
855.0,35.2519,0.0,0.341375,0.0,0.0,0.0,0.0,0.0616256,0.0378063,0.126828,0.175691,0.0194912
856.0,35.2853,0.000449844,0.584827,0.0,0.0,0.0,0.0,0.0,0.0832776,0.399419,0.0510277,0.0361077
857.0,35.3186,0.0263179,0.595622,0.0,0.0,0.0,0.0,0.0,0.190834,0.45363,0.0142365,0.0303323
858.0,35.3519,0.0255172,0.486043,0.0,0.0,0.0,0.0,0.0,0.277959,0.423162,0.0,0.0409419
859.0,35.3853,0.00750508,0.305452,0.0,0.0,0.0,0.0,0.00256535,0.283016,0.293126,0.0192429,0.0266182
860.0,35.4186,0.0258487,0.335368,0.0,0.0,0.0,0.0,0.0788032,0.244455,0.0,0.0,0.0
861.0,35.4519,0.0222442,0.285383,0.0,0.0,0.0,0.0,0.0325083,0.358673,0.0,0.113422,0.0
862.0,35.4853,0.0212047,0.0663204,0.0,0.0,0.0,0.0,0.126914,0.188074,0.0139466,0.137617,0.0
863.0,35.5186,0.0,0.979846,0.0,0.0209633,0.0806167,0.0,0.135399,0.0929771,0.0,0.228207,0.05973
864.0,35.5519,0.0,0.911333,0.0,0.0436204,0.152924,0.0255353,0.0238545,0.0,0.0,0.0168927,0.0
865.0,35.5853,0.0,0.264651,0.00807027,0.0723066,0.272424,0.0569556,0.0,0.00634376,0.0,0.0656313,0.142178
866.0,35.6186,0.00184952,0.139528,0.0160141,0.0263064,0.146305,0.154662,0.0,0.0,0.0,0.0,0.0750331
867.0,35.6519,0.000633702,0.0506198,0.00847844,0.0,0.013171,0.0357622,0.0683997,0.047696,0.0,0.13205,0.0896866
868.0,35.6853,0.0,0.318157,0.0,0.0,0.0452567,0.198425,0.0411376,0.248415,0.0,0.363013,0.108712
869.0,35.7186,0.158698,0.155684,0.0415162,0.015022,0.054142,0.126493,0.0,0.0512337,0.0,0.398988,0.139264
870.0,35.7519,0.23994,0.15722,0.0531047,0.0,0.0,0.112123,0.0,0.110668,0.0,0.515555,0.101048
871.0,35.7853,0.0948657,0.308914,0.0,0.0,0.0,0.265725,0.0,0.157702,0.0400541,0.361611,0.045785
872.0,35.8186,0.102996,0.0893503,0.000602759,0.0285343,0.0843092,0.241379,0.0,0.0560546,0.0,0.502499,0.036026
873.0,35.8519,0.118176,0.101031,0.0398115,0.0398085,0.116518,0.340289,0.0,0.0190247,0.0,0.424529,0.0
874.0,35.8853,0.0877756,0.20698,0.0282681,0.0371911,0.108614,0.44185,0.0,0.0,0.00361849,0.37548,0.0
875.0,35.9186,0.177913,0.187847,0.193505,0.0542619,0.155529,0.503692,0.0,0.0,0.0305606,0.37362,0.0
876.0,35.9519,0.186995,0.0,0.211795,0.0,0.0902066,0.599758,0.0,0.0,0.0,0.411598,0.0
877.0,35.9853,0.138319,0.0632132,0.189736,0.0,0.00653699,0.73407,0.0,0.0,0.0388253,0.543721,0.0
878.0,36.0186,0.405594,0.00313764,0.220672,0.0424459,0.120042,0.681261,0.0,0.0405782,0.0340601,0.676842,0.115354
879.0,36.0519,0.665812,0.00141789,0.448645,0.0,0.0,0.512834,0.0,0.291489,0.0543454,0.686919,0.0761661
880.0,36.0853,0.589363,0.0,0.392467,0.0,0.0,0.243474,0.0,0.187077,0.010051,0.539094,0.0422411
881.0,36.1186,0.355845,0.0931598,0.410195,0.0,0.0,0.145341,0.0,0.0551458,0.0,0.512929,0.0
882.0,36.1519,0.202947,0.0547374,0.245248,0.0326175,0.118217,0.0,0.116311,0.00605838,0.0,0.329094,0.0200415
883.0,36.1853,0.358761,0.0150279,0.338742,0.0803871,0.269055,0.0403413,0.0189343,0.0,0.0,0.482983,0.0
884.0,36.2186,0.0,0.149293,0.148471,0.0,0.201323,0.120598,0.0,0.00480721,0.0,0.0718923,0.0600717
885.0,36.2519,0.0,0.241711,0.0896216,0.0,0.148273,0.103308,0.0,0.00212594,0.0,0.0533895,0.0558078
886.0,36.2853,0.0,0.109772,0.0,0.0,0.0207794,0.0973563,0.0,0.0,0.00166088,0.088266,0.0925945
887.0,36.3186,0.0,0.204791,0.0,0.0,0.0,0.0297039,0.0,0.0115499,0.0293416,0.236029,0.0907384
888.0,36.3519,0.0,0.245581,0.0,0.0,0.0,0.0,0.0603232,0.0394439,0.0465199,0.177889,0.0459864
889.0,36.3853,0.0,0.59849,0.0,0.0,0.0,0.0,0.0,0.0790006,0.411058,0.0239904,0.0400913
890.0,36.4186,0.0199862,0.580128,0.0,0.0,0.0,0.0,0.0140431,0.188942,0.443741,0.0,0.104592
891.0,36.4519,0.0296337,0.46898,0.0,0.0,0.0,0.0,0.0175511,0.28795,0.412564,0.0,0.0354697
892.0,36.4853,0.0191532,0.304955,0.0,0.0,0.0,0.0,0.0166562,0.286849,0.289307,0.0131265,0.0233299
893.0,36.5186,0.028781,0.327142,0.0,0.0,0.0,0.0,0.0828362,0.255001,0.0,0.0,0.0
894.0,36.5519,0.0329589,0.289885,0.0,0.0,0.0,0.0,0.0486242,0.380263,0.0,0.109005,0.0
895.0,36.5853,0.0275872,0.065907,0.0,0.0,0.0,0.0,0.131096,0.185964,0.0150385,0.0946482,0.0
896.0,36.6186,0.0,0.975724,0.0,0.0216898,0.0871058,0.0,0.136805,0.0772386,0.0,0.0420249,0.0143611
897.0,36.6519,0.0,0.917882,0.0,0.0491002,0.17315,0.0292536,0.0123743,0.0,0.0,0.0242901,0.0
898.0,36.6853,0.0,0.213884,0.0175991,0.0551009,0.233683,0.0775683,0.0,0.00174268,0.0,0.065328,0.0832943
899.0,36.7186,0.0311752,0.148563,0.011701,0.0151398,0.103207,0.12891,0.0,0.0,0.0,0.0229901,0.0026375
900.0,36.7519,0.0575881,0.144502,0.0063158,0.000500113,0.0360027,0.0479778,0.0700807,0.0684576,0.0,0.163608,0.0871962
901.0,36.7853,0.0,0.30747,0.0,0.0,0.0665288,0.206014,0.0462716,0.276005,0.0,0.409694,0.137176
902.0,36.8186,0.168081,0.135694,0.0338045,0.0117188,0.0514002,0.15227,0.0,0.0579885,0.0,0.434785,0.13417
903.0,36.8519,0.233843,0.0651119,0.0440207,0.0,0.0,0.130684,0.0,0.129695,0.0,0.55902,0.121193
904.0,36.8853,0.18673,0.290435,0.0,0.0,0.0,0.348798,0.0,0.156275,0.0149735,0.328908,0.073606
905.0,36.9186,0.277209,0.00973505,0.112531,0.00124921,0.170383,0.277504,0.0,0.0,0.0,0.449861,0.058164
906.0,36.9519,0.0965722,0.364653,0.0,0.0472053,0.139048,0.304491,0.0,0.0396796,0.0,0.466699,0.0
907.0,36.9853,0.129805,0.311747,0.0,0.0434036,0.122354,0.431843,0.0,0.00386489,0.0,0.364366,0.0
908.0,37.0186,0.222156,0.19492,0.0227815,0.0509673,0.141877,0.472936,0.0,0.0,0.0278194,0.353238,0.0
909.0,37.0519,0.313713,0.208208,0.147582,0.0635904,0.174617,0.554775,0.0,0.0,0.0445538,0.402061,0.0
910.0,37.0853,0.360519,0.0979971,0.39611,0.0,0.210304,0.736325,0.0,0.0137273,0.0,0.509681,0.0
911.0,37.1186,0.486904,0.016995,0.264331,0.0733634,0.200939,0.770016,0.0,0.039022,0.077215,0.667103,0.134885
912.0,37.1519,0.696742,0.0388151,0.497109,0.0,0.0,0.555121,0.0,0.183197,0.0569327,0.617939,0.00369244
913.0,37.1853,0.600534,0.0,0.404453,0.0,0.0,0.319642,0.0,0.108651,0.0,0.461955,0.0682611
914.0,37.2186,0.428765,0.00705156,0.352356,0.0,0.0221693,0.181171,0.0,0.013139,0.0,0.4547,0.0
915.0,37.2519,0.307068,0.0,0.245189,0.03753,0.135413,0.0111565,0.0191889,0.0,0.0,0.452099,0.0
916.0,37.2853,0.335014,0.0,0.196727,0.0793826,0.266132,0.034902,0.0195591,0.0,0.0,0.382552,0.0220098
917.0,37.3186,0.0,0.108644,0.185616,0.0,0.211215,0.11073,0.0,0.00883612,0.0,0.0373762,0.0530298
918.0,37.3519,0.0,0.0856758,0.0,0.00148429,0.116038,0.162924,0.0,0.0,0.0359594,0.0101026,0.111211
919.0,37.3853,0.0,0.0854615,0.0,0.0,0.0023103,0.130165,0.0,0.0,0.000680219,0.129913,0.117723
920.0,37.4186,0.0,0.186428,0.0,0.0,0.0,0.0336654,0.0,0.0,0.031376,0.259015,0.124313
921.0,37.4519,0.0,0.337423,0.0,0.0,0.0,0.0,0.0571456,0.0326896,0.13084,0.15899,0.0412544
922.0,37.4853,0.0,0.593461,0.0,0.0,0.0,0.0,0.00962446,0.097778,0.408527,0.0304509,0.0359078
923.0,37.5186,0.0195175,0.596878,0.0,0.0,0.0,0.0,0.0039932,0.197831,0.457526,0.00774104,0.047629
924.0,37.5519,0.0236612,0.478571,0.0,0.0,0.0,0.0,0.00703404,0.280625,0.410837,0.0,0.0595851
925.0,37.5853,0.0128967,0.301019,0.0,0.0,0.0,0.0,0.0102961,0.280164,0.277686,0.0251485,0.0429033
926.0,37.6186,0.0238795,0.32831,0.0,0.0,0.0,0.0,0.0771637,0.247152,0.0,0.0,0.0
927.0,37.6519,0.0192893,0.290485,0.0,0.0,0.0,0.0,0.0415639,0.347362,0.0,0.117562,0.0
928.0,37.6853,0.0186244,0.0654973,0.0,0.0,0.0,0.0,0.111971,0.185077,0.0183422,0.11787,0.0
929.0,37.7186,0.0,0.968879,0.0,0.0,0.0,0.0,0.10523,0.110962,0.0389518,0.0,0.0911003
930.0,37.7519,0.0,0.933629,0.0,0.03838,0.13368,0.0107709,0.0518745,0.0159173,0.0,0.0358869,0.0
931.0,37.7853,0.0,0.481243,0.0,0.0750998,0.269889,0.043786,0.0,0.0112173,0.0,0.109164,0.224723
932.0,37.8186,0.0,0.181624,0.0188759,0.0268009,0.152609,0.184343,0.0,0.0,0.0,0.00418862,0.0400503
933.0,37.8519,0.0727562,0.138118,0.0135359,0.00237149,0.0336577,0.0485462,0.0179978,0.0,0.0,0.0286669,0.107268
934.0,37.8853,0.0,0.287619,0.0,0.0,0.0563132,0.171571,0.06564,0.271517,0.0,0.35929,0.117736
935.0,37.9186,0.150686,0.132194,0.0217302,0.0148401,0.051033,0.095852,0.00279435,0.0835767,0.0,0.445224,0.101985
936.0,37.9519,0.220273,0.184407,0.0442652,0.0,0.0,0.0537434,0.0,0.151308,0.0,0.549724,0.0972512
937.0,37.9853,0.0994506,0.339748,0.0,0.0,0.0,0.227224,0.0,0.179867,0.0369384,0.36302,0.0455286
938.0,38.0186,0.153819,0.116975,0.0,0.0461759,0.127404,0.175646,0.0,0.0486446,0.0,0.392989,0.106098
939.0,38.0519,0.113663,0.170065,0.0262871,0.0397728,0.116052,0.35762,0.0,0.0150396,0.0,0.416033,0.0
940.0,38.0853,0.121796,0.242686,0.0360321,0.0402437,0.116235,0.454595,0.0,0.0,0.00844624,0.371331,0.0
941.0,38.1186,0.20164,0.25234,0.192377,0.055445,0.15801,0.516274,0.0,0.0,0.0368982,0.370798,0.0
942.0,38.1519,0.217262,0.230302,0.25588,0.0814729,0.227968,0.605502,0.0,0.0,0.048355,0.44779,0.0
943.0,38.1853,0.216887,0.0333615,0.30885,0.0,0.118411,0.707946,0.0,0.0,0.0,0.507583,0.0
944.0,38.2186,0.386173,0.096788,0.350483,0.0,0.149465,0.684465,0.0,0.0933655,0.0,0.621291,0.118269
945.0,38.2519,0.656385,0.0315277,0.459129,0.0,0.0,0.583378,0.0,0.214928,0.0510536,0.692192,0.0910472
946.0,38.2853,0.662496,0.0198138,0.500294,0.0,0.0,0.319702,0.0,0.196314,0.0141915,0.587183,0.015881
947.0,38.3186,0.450006,0.114281,0.484199,0.0,0.0,0.324911,0.0,0.0451409,0.0,0.472865,0.0
948.0,38.3519,0.297771,0.0185797,0.217082,0.0850161,0.236659,0.0,0.310496,0.00858923,0.0,0.556684,0.0
949.0,38.3853,0.323804,0.0272383,0.257891,0.0740834,0.247927,0.0,0.0581632,0.0,0.0,0.274439,0.0
950.0,38.4186,0.0,0.131701,0.153111,0.0,0.203529,0.1087,0.0,4.20921e-05,0.0,0.0469709,0.0874168
951.0,38.4519,0.0,0.0824276,0.0,0.0,0.11175,0.1987,0.0,0.0,0.0226585,0.0280197,0.130776
952.0,38.4853,0.0,0.0922738,0.0,0.0,0.0121325,0.157674,0.0,0.0,0.0,0.138947,0.123729
953.0,38.5186,0.0,0.164796,0.0,0.0,0.0,0.0385824,0.0,0.0,0.020079,0.244051,0.161855
954.0,38.5519,0.0,0.342358,0.0,0.0,0.0,0.0,0.0911924,0.0477676,0.134388,0.113545,0.0344386
955.0,38.5853,0.0,0.604092,0.0,0.0,0.0,0.0,0.035961,0.11776,0.425667,0.0056418,0.0417383
956.0,38.6186,0.0246743,0.601394,0.0,0.0,0.0,0.0,0.0312699,0.219829,0.468374,0.0,0.0555765
957.0,38.6519,0.0245689,0.456053,0.0,0.0,0.0,0.0,0.0188836,0.278505,0.401281,0.0,0.0738112
958.0,38.6853,0.0102452,0.301629,0.0,0.0,0.0,0.0,0.0136044,0.288549,0.284019,0.0474431,0.0
959.0,38.7186,0.0287722,0.331619,0.0,0.0,0.0,0.0,0.0792898,0.241526,0.0,0.0,0.0
960.0,38.7519,0.0280997,0.285539,0.0,0.0,0.0,0.0,0.0558152,0.377183,0.0,0.118887,0.0
961.0,38.7853,0.0231449,0.0752002,0.0,0.0,0.0,0.0,0.116107,0.18318,0.0154924,0.127724,0.0
962.0,38.8186,0.0,0.968451,0.0,0.0,1.54693e-06,0.0129111,0.132987,0.0601021,0.0,0.0,0.0715337
963.0,38.8519,0.0,0.952977,0.0,0.0409846,0.141621,0.0,0.0568187,0.0163903,0.0,0.0213902,0.0369463
964.0,38.8853,0.0,0.419287,0.00812358,0.0422566,0.175985,0.0958349,0.0,0.0,0.0,0.0659381,0.0824689
965.0,38.9186,0.0254586,0.182885,0.0271922,0.0112569,0.0890967,0.159104,0.0,0.0,0.0,0.0109176,0.0333399
966.0,38.9519,0.0225547,0.124927,0.0273219,0.00394211,0.0474009,0.0390947,0.0685376,0.0616581,0.0,0.170526,0.0926003
967.0,38.9853,0.0,0.292356,0.0,0.0,0.0799651,0.203857,0.0710419,0.269327,0.0,0.385692,0.149569
968.0,39.0186,0.131674,0.092601,0.0633971,0.025421,0.0907829,0.105695,0.0,0.074529,0.0,0.474585,0.124348
969.0,39.0519,0.184863,0.13219,0.0541651,0.0,0.0,0.108758,0.0,0.139681,0.0,0.590052,0.115975
970.0,39.0853,0.0987563,0.289078,0.0,0.0,0.0,0.291574,0.0,0.190661,0.05632,0.384938,0.0525648
971.0,39.1186,0.217364,0.0,0.0781534,0.0249767,0.224239,0.153076,0.0,0.0,0.0,0.43422,0.0910303
972.0,39.1519,0.0349315,0.261658,0.0,0.0403057,0.121574,0.317461,0.0,0.0400911,0.0,0.522001,0.0
973.0,39.1853,0.101533,0.240793,0.0,0.0439206,0.123993,0.424829,0.0,0.00287947,0.0,0.398979,0.0
974.0,39.2186,0.196936,0.224195,0.110325,0.0515839,0.145682,0.489333,0.0,0.0,0.0283811,0.38275,0.0
975.0,39.2519,0.242081,0.0298631,0.274403,0.0,0.196582,0.613574,0.0,0.0,0.0,0.4236,0.0
976.0,39.2853,0.157273,0.0235897,0.155418,0.0,0.113138,0.787773,0.0,0.0,0.0313358,0.568428,0.0
977.0,39.3186,0.454089,0.0726898,0.276061,0.0307663,0.0891593,0.700897,0.0,0.0522426,0.0474653,0.685691,0.0934707
978.0,39.3519,0.628738,0.0730803,0.497089,0.0,0.0,0.37166,0.0,0.113778,0.0,0.644195,0.00425785
979.0,39.3853,0.545235,0.0306423,0.423148,0.0,0.0,0.190435,0.0,0.210386,0.0,0.613164,0.090441
980.0,39.4186,0.331916,0.0322337,0.322157,0.0490745,0.120266,0.0,0.512267,0.0249309,0.0,0.822184,0.0699061
981.0,39.4519,0.250203,0.0454422,0.232794,0.0303583,0.106683,0.0,0.137826,0.0195555,0.0,0.404741,0.0298882
982.0,39.4853,0.378277,0.0300196,0.294136,0.0844835,0.276213,0.0323615,0.0236942,0.0,0.0,0.400123,0.0
983.0,39.5186,0.0,0.119369,0.173894,0.0,0.165156,0.11274,0.0,0.00691439,0.0,0.0448774,0.113373
984.0,39.5519,0.0,0.233419,0.0869949,0.0,0.14501,0.0962369,0.0,0.00293055,0.0,0.0456637,0.0764116
985.0,39.5853,0.0,0.113236,0.0,0.0,0.0115754,0.0748232,0.0,0.0,0.00949475,0.0783206,0.118276
986.0,39.6186,0.0,0.219226,0.0,0.0,0.0,0.0274825,0.0,0.00624809,0.0315728,0.260082,0.10841
987.0,39.6519,0.0,0.287191,0.0,0.0,0.0,0.0,0.0341672,0.0268755,0.0655307,0.198319,0.0387026
988.0,39.6853,0.0,0.595957,0.0,0.0,0.0,0.0,0.0,0.0769728,0.412422,0.0353468,0.0488136
989.0,39.7186,0.0209597,0.588304,0.0,0.0,0.0,0.0,0.0,0.176816,0.456662,0.0,0.0476709
990.0,39.7519,0.0257544,0.457679,0.0,0.0,0.0,0.0,0.00781412,0.279753,0.409853,0.0,0.0517237
991.0,39.7853,0.0170726,0.299617,0.0,0.0,0.0,0.0,0.0132646,0.278397,0.2865,0.0164501,0.0388807
992.0,39.8186,0.0299471,0.333642,0.0,0.0,0.0,0.0,0.0747916,0.237284,0.0,0.0,0.0
993.0,39.8519,0.0268586,0.2979,0.0,0.0,0.0,0.0,0.0466758,0.362996,0.0,0.118653,0.0
994.0,39.8853,0.0216361,0.0715598,0.0,0.0,0.0,0.0,0.134955,0.182278,0.0114827,0.137133,0.0
995.0,39.9186,0.0,0.96123,0.0,0.00751106,0.0358236,0.0,0.142367,0.0651358,0.0,0.00595492,0.0
996.0,39.9519,0.0,0.916456,0.0,0.0429679,0.151731,0.024043,0.0274715,0.0,0.0,0.0269997,0.0
997.0,39.9853,0.0,0.339343,0.00557826,0.0670476,0.255196,0.0502949,0.0,0.00386838,0.0,0.0735669,0.127372
998.0,40.0186,0.00596722,0.146104,0.0147052,0.0122406,0.106173,0.182519,0.0,0.0,0.00476569,0.0,0.00382421
999.0,40.0519,0.0252903,0.100479,0.0190205,0.000485539,0.0373948,0.0399494,0.0687022,0.0617336,0.0,0.169817,0.0738453
1000.0,40.0853,0.0,0.327422,0.0,0.0,0.0640912,0.193169,0.0492172,0.256003,0.0,0.378046,0.119575
1001.0,40.1186,0.128225,0.125274,0.0236118,0.0141267,0.0548289,0.131843,0.0,0.0602986,0.0,0.419042,0.124622
1002.0,40.1519,0.242325,0.144119,0.0555527,0.0,0.0,0.109027,0.0,0.125554,0.0,0.541091,0.115061
1003.0,40.1853,0.0349317,0.408643,0.0,0.0,0.0,0.256272,0.0,0.0,0.0,0.317193,0.08154
1004.0,40.2186,0.279672,0.0,0.0893178,0.050818,0.275311,0.119718,0.0,0.0,0.0,0.385247,0.0844373
1005.0,40.2519,0.0554936,0.249256,0.0,0.0460508,0.13139,0.172725,0.0,0.0754001,0.0,0.522235,0.0
1006.0,40.2853,0.108027,0.244242,0.0,0.039914,0.11293,0.425728,0.0,0.0114313,0.0,0.38192,0.0
1007.0,40.3186,0.196543,0.204325,0.0466621,0.0504908,0.142114,0.52227,0.0,0.0,0.0271119,0.398259,0.0
1008.0,40.3519,0.303986,0.212532,0.164879,0.0594697,0.163402,0.549099,0.0,0.0,0.0378706,0.422525,0.0
1009.0,40.3853,0.244368,0.00931456,0.266975,0.0,0.148093,0.745654,0.0,0.0,0.0,0.531405,0.0
1010.0,40.4186,0.473716,0.0443128,0.265328,0.0496336,0.138496,0.746471,0.0,0.042213,0.0828621,0.654601,0.132554
1011.0,40.4519,0.636017,0.087275,0.515058,0.0,0.0,0.447572,0.0,0.0794452,0.0193952,0.631166,0.0
1012.0,40.4853,0.531295,0.0,0.375432,0.0,0.0,0.277779,0.0,0.194564,0.0,0.580047,0.0317131
1013.0,40.5186,0.354008,0.114016,0.406675,0.0495014,0.118833,0.0,0.484848,0.0283764,0.0,0.796015,0.0199401
1014.0,40.5519,0.296462,0.0409574,0.253778,0.0299645,0.107138,0.0,0.1119,0.0145889,0.0,0.414753,0.0128729
1015.0,40.5853,0.306213,0.0,0.135335,0.0704287,0.234688,0.0,0.0659328,0.0,0.0,0.378125,0.0521398
1016.0,40.6186,0.0,0.107561,0.194528,0.0,0.201222,0.101914,0.0,0.0125262,0.0,0.0515501,0.0701366
1017.0,40.6519,0.0,0.232565,0.0862728,0.0,0.14612,0.0900469,0.0,0.0121684,0.0,0.042005,0.0776451
1018.0,40.6853,0.0,0.110365,0.0,0.0,0.00539879,0.0717328,0.0,0.0,0.0135021,0.0923758,0.13776
1019.0,40.7186,0.0,0.214123,0.0,0.0,0.0,0.0408293,0.0,0.00321898,0.0248292,0.27437,0.117752
1020.0,40.7519,0.0,0.475827,0.0,0.0,0.0,0.0,0.0164938,0.172318,0.0,0.0310518,0.0
1021.0,40.7853,0.0675493,0.704933,0.0,0.0,0.0,0.0,0.0,0.134619,0.501153,0.0644675,0.0722735
1022.0,40.8186,0.0293061,0.55574,0.0,0.0,0.0,0.0,0.0,0.150325,0.424219,0.0,0.0884727
1023.0,40.8519,0.0178234,0.413393,0.0,0.0,0.0,0.0,0.00931406,0.255701,0.3606,0.0,0.0898001
1024.0,40.8853,0.0,0.276841,0.0,0.0,0.0,0.0,0.0252786,0.265348,0.261318,0.0219802,0.0380797
1025.0,40.9186,0.0153997,0.329128,0.0,0.0,0.0,0.0,0.0708077,0.239913,0.0,0.0,0.0
1026.0,40.9519,0.0195046,0.291354,0.0,0.0,0.0,0.0,0.0463855,0.346028,0.0,0.113146,0.0
1027.0,40.9853,0.0178828,0.059634,0.0,0.0,0.0,0.0,0.118621,0.203294,0.0253608,0.151846,0.0
1028.0,41.0186,0.0,0.97392,0.0,0.0185055,0.0797965,0.0,0.144999,0.0833537,0.0,0.043824,0.0235685
1029.0,41.0519,0.0,0.909601,0.0,0.0437368,0.15612,0.032561,0.0148111,0.0,0.0,0.0298722,0.0667641
1030.0,41.0853,0.0,0.3242,0.0112468,0.0605219,0.244239,0.0708024,0.0,0.000277162,0.0,0.0586751,0.0997481
1031.0,41.1186,0.0124328,0.166184,0.018517,0.011639,0.09891,0.162882,0.0,0.0,0.000296678,0.0,0.0280004
1032.0,41.1519,0.106616,0.167474,0.0211626,0.00618466,0.0486927,0.0617198,0.0,0.0,0.0,0.0530765,0.118109
1033.0,41.1853,0.0,0.293964,0.0,0.0,0.0784028,0.185409,0.0752012,0.258504,0.0,0.392027,0.128259
1034.0,41.2186,0.187689,0.0759917,0.0737274,0.0284602,0.0985392,0.0773221,0.00645854,0.0854058,0.0,0.451615,0.0973194
1035.0,41.2519,0.174515,0.107608,0.0348827,0.0,0.0,0.0235812,0.0,0.191117,0.0,0.602524,0.107456
1036.0,41.2853,0.0967573,0.333441,0.0,0.0,0.0,0.187617,0.0,0.208139,0.0542022,0.390405,0.0462668
1037.0,41.3186,0.114772,0.0779436,0.00249265,0.0331256,0.0939187,0.206939,0.0,0.0634419,0.0,0.506009,0.0257938
1038.0,41.3519,0.08819,0.166222,0.0179333,0.0394142,0.115723,0.332967,0.0,0.0208253,0.0,0.436538,0.0
1039.0,41.3853,0.136599,0.213549,0.0819956,0.0420282,0.119915,0.443273,0.0,0.0,0.00288691,0.378338,0.0
1040.0,41.4186,0.166377,0.126804,0.167898,0.0479622,0.138701,0.521037,0.0,0.0,0.0336241,0.3877,0.0
1041.0,41.4519,0.203319,0.0,0.199358,0.0,0.0568302,0.602217,0.0,0.0,0.0,0.427769,0.0
1042.0,41.4853,0.121634,0.0372625,0.116894,0.0,0.0142168,0.730646,0.0,0.0,0.0104844,0.535901,0.0
1043.0,41.5186,0.431577,0.0155765,0.230426,0.0356866,0.0994608,0.707643,0.0,0.0492407,0.0462805,0.687067,0.112126
1044.0,41.5519,0.682836,0.0188516,0.479103,0.0,0.0,0.524956,0.0,0.258688,0.0521615,0.671428,0.0803334
1045.0,41.5853,0.594959,0.0,0.41041,0.0,0.0,0.275073,0.0,0.169933,0.0138393,0.531995,0.0786517
1046.0,41.6186,0.41883,0.0,0.246672,0.0,0.0146145,0.137601,0.0,0.00682404,0.0,0.443611,0.0
1047.0,41.6519,0.0,0.264761,0.0,0.0,0.0191983,0.0,0.0680528,0.0952993,0.0,0.368473,0.122713
1048.0,41.6853,0.36589,0.0272593,0.274813,0.078411,0.262593,0.0395448,0.0198188,0.0,0.0,0.345407,0.0
1049.0,41.7186,0.0,0.119407,0.178148,0.0,0.163536,0.121567,0.0,0.00888719,0.0,0.0458584,0.105416
1050.0,41.7519,0.0,0.248514,0.0796513,0.0,0.143707,0.106059,0.0,0.00493496,0.0,0.0369925,0.0833968
1051.0,41.7853,0.0,0.121486,0.0,0.0,0.0121907,0.0960731,0.0,0.0,0.00771928,0.0787575,0.114885
1052.0,41.8186,0.0,0.227802,0.0,0.0,0.0,0.0338483,0.0,0.0036289,0.0271855,0.276595,0.117383
1053.0,41.8519,0.0,0.29982,0.0,0.0,0.0,0.0,0.0399037,0.0288328,0.0691204,0.185835,0.0409939
1054.0,41.8853,0.0,0.599566,0.0,0.0,0.0,0.0,0.0,0.0753974,0.414254,0.0476698,0.0594595
1055.0,41.9186,0.0282014,0.599499,0.0,0.0,0.0,0.0,0.0,0.189337,0.455921,0.0,0.029438
1056.0,41.9519,0.0293893,0.466604,0.0,0.0,0.0,0.0,0.0103318,0.287794,0.40675,0.0,0.0424898
