frame,time,Gastrocnemius Medialis,Tibialis Anterior,Soleus,Vastus Medialis,Vastus Lateralis,Rectus Femoris,Biceps Femoris,Semitendinosus,Gracilis,Gluteus Medius,External Oblique
0.0,10.3967,0.0,0.230277,0.0711461,0.0,0.177346,0.307982,0.0,0.0154292,0.0,0.058978,0.0766453
1.0,10.43,0.0,0.436081,0.0,0.0,0.02026,0.193724,0.0293731,0.0884643,0.0,0.339753,0.00910911
2.0,10.4633,0.0,0.140379,0.0,0.0,0.0013523,0.0163389,0.0,0.0,0.215936,0.0,0.275858
3.0,10.4967,0.0,0.457146,0.0,0.0,0.0,0.0,0.0951169,0.0278002,0.364007,0.0,0.102661
4.0,10.53,0.0,0.469199,0.0,0.0,0.0,0.0,0.098973,0.213355,0.427308,0.0,0.0642496
5.0,10.5633,0.0162681,0.348484,0.0,0.0,0.0,0.0,0.13796,0.363637,0.327372,0.0,0.0714132
6.0,10.5967,0.0453611,0.134032,0.0,0.0,0.0,0.0,0.336728,0.353452,0.115812,0.062793,0.0533181
7.0,10.63,0.0103852,0.279358,0.00841376,0.0,0.0,0.0,0.192401,0.276816,0.0,0.0379276,0.0353928
8.0,10.6633,0.0195621,0.283518,0.0,0.0,0.0,0.0,0.0451248,0.257193,0.0,0.0586729,0.0122512
9.0,10.6967,0.0220367,0.0998528,0.0,0.0,0.0,0.0,0.140154,0.134618,0.00447109,0.0812656,0.0
10.0,10.73,0.0,0.680572,0.0,0.0321866,0.0958662,0.0358279,0.062604,0.0198482,0.0205941,0.0303454,0.000326736
11.0,10.7633,0.00547037,0.0863481,0.0,0.0,0.0,0.00591734,0.00662465,0.00230462,0.17653,0.0,0.203111
12.0,10.7967,0.0,0.370992,0.00897145,0.0,0.00170244,0.030415,0.0,0.133399,0.0,0.0,0.121158
13.0,10.83,0.448003,0.527844,0.286326,0.0,0.147367,0.188259,0.0336677,0.0,0.0,0.0,0.213941
14.0,10.8633,0.079909,0.158421,0.0738838,0.0,0.0,0.0,0.0191473,0.190527,0.0,0.38522,0.0
15.0,10.8967,0.288131,0.192359,0.323034,0.0,0.0,0.0,0.201503,0.530591,0.0,0.312976,0.0794787
16.0,10.93,0.166281,0.127362,0.416719,0.0,0.0319579,0.0,0.0,0.0,0.0,0.157066,0.122876
17.0,10.9633,0.255589,0.334899,0.396917,0.0650687,0.189238,0.0,0.10118,0.0377967,0.00603515,0.2687,0.122546
18.0,10.9967,0.242869,0.373091,0.0,0.038856,0.108577,0.405442,0.0,0.0,0.029629,0.231854,0.0
19.0,11.03,0.167303,0.545216,0.238686,0.051686,0.179345,0.756056,0.0,0.0,0.130439,0.460341,0.0454811
20.0,11.0633,0.110661,0.67604,0.307106,0.0767047,0.277397,0.728547,0.0,0.00289188,0.146424,0.372492,0.0
21.0,11.0967,0.300473,0.323268,0.621826,0.0,0.0,0.749643,0.0,0.0,0.131704,0.580705,0.0417603
22.0,11.13,0.643481,0.450887,0.612516,0.00306878,0.0,0.603452,0.0,0.25711,0.115155,0.696188,0.125973
23.0,11.1633,0.710587,0.334728,0.638663,0.00703916,0.0,0.490171,0.0,0.1665,0.0265875,0.734451,0.143862
24.0,11.1967,0.568792,0.22895,0.722624,0.0592674,0.170754,0.343161,0.0,0.160111,0.0,0.865567,0.0
25.0,11.23,0.466287,0.0,0.288166,0.145675,0.408758,0.123862,0.0268243,0.000888055,0.0,0.471837,0.0
26.0,11.2633,0.0,0.177617,0.10244,0.00841958,0.283421,0.150375,0.0,0.0,0.0,0.0338064,0.0
27.0,11.2967,0.000589348,0.395957,0.0046378,0.0,0.0341634,0.312237,0.0,0.0,0.0,0.077333,0.146154
28.0,11.33,0.115713,0.363659,0.0195538,0.00483374,0.426427,0.861376,0.0,0.0,0.0,0.0,0.0
29.0,11.3633,0.0,0.305626,0.0,0.0,0.0106582,0.787963,0.0,0.0,0.288199,0.0,0.206842
30.0,11.3967,0.056141,0.255528,0.00264775,0.0605546,0.529298,0.891311,0.0,0.0,0.0,0.0,0.0327846
31.0,11.43,0.0,0.389353,0.0,0.0,0.0043747,0.792313,0.0,0.0,0.247826,0.0,0.167502
32.0,11.4633,0.0,0.535888,0.0,0.0,0.0,0.0950794,0.0,0.0,0.339634,0.0,0.0369205
33.0,11.4967,0.0,0.803558,0.0,0.0423772,0.130908,0.00689139,0.120408,0.119412,0.000334673,0.377431,0.131837
34.0,11.53,0.0,0.849922,0.0029139,0.0881487,0.542817,0.202161,0.0,0.0,0.0,0.294514,0.224728
35.0,11.5633,0.0,0.374681,0.266068,0.0,0.0121107,0.0,0.0327698,0.0210672,0.0,0.0170952,0.126593
36.0,11.5967,0.0,0.0921386,0.0,0.0,0.00818315,0.0,0.0168024,0.0,0.0652649,0.0,0.00696616
37.0,11.63,0.0,0.27944,0.0,0.0,0.0,0.0,0.0,0.096921,0.225279,0.0,0.0214792
38.0,11.6633,0.0,0.301067,0.0300522,0.0,0.0,0.0205874,0.0,0.0542675,0.180169,0.0257006,0.0906474
39.0,11.6967,0.205444,0.437224,0.204694,0.0,0.0419281,0.432219,0.0,0.172598,0.0,0.279782,0.0732225
40.0,11.73,0.260866,0.0,0.0,0.0,0.0,0.0129988,0.0,0.275496,0.00588528,0.663405,0.0428186
41.0,11.7633,0.235243,0.0961906,0.0,0.0,0.0,0.0348748,0.182333,0.177269,0.0,0.437956,0.0
42.0,11.7967,0.000733377,0.308247,0.0,0.0,0.0,0.0880696,0.0,0.0,0.0,0.14181,0.0
43.0,11.83,0.222433,0.0372629,0.344495,0.0559195,0.162113,0.00657712,0.11311,0.052021,0.0,0.613285,0.0
44.0,11.8633,0.13829,0.0,0.234616,0.0580751,0.178011,0.499169,0.0,0.0,0.072786,0.278103,0.0
45.0,11.8967,0.159738,0.0,0.0,0.0548118,0.179166,0.718782,0.0,0.0,0.140808,0.461418,0.0473915
46.0,11.93,0.292243,0.0,0.337498,0.0159184,0.000639498,0.578323,0.0,0.011954,0.127786,0.417578,0.0587177
47.0,11.9633,0.624676,0.00451623,0.448031,0.0,0.0,0.545217,0.0,0.31843,0.0635196,0.72393,0.0
48.0,11.9967,0.361791,0.0,0.322456,0.0139089,0.0245264,0.46483,0.0,0.0272375,0.0126481,0.620691,0.0112848
49.0,12.03,0.485674,0.0,0.190134,0.0832676,0.261732,0.307082,0.0,0.0,0.0,0.215251,0.0
50.0,12.0633,0.104733,0.0847754,0.233126,0.102711,0.483658,0.365932,0.0,0.0235409,0.0,0.265073,0.0
51.0,12.0967,0.0,0.222804,0.122946,0.0,0.188517,0.380975,0.0,0.0198583,0.0,0.0164381,0.0409527
52.0,12.13,0.0,0.339583,0.0,0.0,0.00184122,0.187815,0.0,0.0299124,0.0,0.356167,0.120269
53.0,12.1633,0.0,0.413651,0.00850246,0.0,0.0,0.0,0.0744565,0.294508,0.0,0.451249,0.0
54.0,12.1967,0.0339075,0.466364,0.0,0.0,0.0,0.0244419,0.0,0.104848,0.361321,0.0,0.177892
55.0,12.23,0.0,0.159608,0.0,0.0,0.0,0.0,0.0598149,0.0520147,0.190248,0.0,0.179109
56.0,12.2633,0.0,0.436204,0.0,0.0,0.0,0.0,0.0478766,0.216888,0.328261,0.0,0.119205
57.0,12.2967,0.034163,0.331923,0.0,0.0,0.0,0.0,0.173274,0.40761,0.243211,0.0,0.142066
58.0,12.33,0.0,0.0806605,0.00351554,0.0,0.0,0.0,0.408082,0.43225,0.0755354,0.141571,0.147411
59.0,12.3633,0.00605634,0.251309,0.0,0.0,0.0,0.0,0.159627,0.323251,0.0,0.0858239,0.0
60.0,12.3967,0.0,0.823469,0.0119073,0.0474032,0.26257,0.0653754,0.0,0.0,0.0,0.000634054,0.0
61.0,12.43,0.021673,0.283604,0.0,0.0193005,0.0710063,0.0,0.0631658,0.0,0.100135,0.0,0.0057078
62.0,12.4633,0.00016991,0.0967333,0.0,0.0,0.0,0.0459328,0.0,0.0,0.192926,0.0,0.064944
63.0,12.4967,0.0,0.196182,0.0,0.0,0.0,0.0010016,0.0,0.0566893,0.150595,0.0,0.00908008
64.0,12.53,0.000696432,0.309863,0.0258756,0.0,0.0,0.00526823,0.0,0.126404,0.0,0.0304094,0.0914235
65.0,12.5633,0.565033,0.407341,0.136865,0.0,0.0593767,0.357654,0.0115225,0.04662,0.0,0.291711,0.0586235
66.0,12.5967,0.258658,0.0,0.00590565,0.0,0.0,0.00101946,0.0,0.327384,0.0299216,0.687659,0.0389938
67.0,12.63,0.421123,0.0192571,0.239595,0.0,0.0,0.0,0.0637488,0.543474,0.0,0.44347,0.0112045
68.0,12.6633,0.000243932,0.28462,0.0,0.0,0.0716458,0.316361,0.0,0.0,0.0,0.134195,0.115435
69.0,12.6967,0.185969,0.00921972,0.263931,0.084724,0.267268,0.0,0.0673189,0.0197869,0.0,0.333351,0.0
70.0,12.73,0.261948,0.0526768,0.17188,0.0355953,0.0966827,0.433185,0.0,0.0,0.0334048,0.201916,0.0
71.0,12.7633,0.184563,0.0577391,0.370998,0.0641032,0.212615,0.787382,0.0,0.0,0.142051,0.475256,0.0973135
72.0,12.7967,0.328981,0.0,0.378666,0.0458331,0.125447,0.588128,0.0,0.0,0.109357,0.292324,0.0546308
73.0,12.83,0.585841,0.0,0.36861,0.00181255,0.0,0.494716,0.0,0.207088,0.132384,0.546402,0.0412473
74.0,12.8633,0.693286,0.0524349,0.540967,0.0,0.0,0.616003,0.0,0.25473,0.0338002,0.743016,0.0185293
75.0,12.8967,0.545321,0.0114203,0.383113,0.0377445,0.115657,0.514694,0.0,0.00877154,0.0,0.640286,0.0
76.0,12.93,0.231262,0.143515,0.343828,0.0871026,0.371117,0.0766726,0.0467683,0.0,0.0223072,0.196661,0.0
77.0,12.9633,0.0,0.808627,0.243327,0.0222754,0.140412,0.0187265,0.192489,0.0,0.0506636,0.0,0.260881
78.0,12.9967,0.0,0.227392,0.0416768,0.0,0.145498,0.166062,0.0,0.0417258,0.0,0.299279,0.0822052
79.0,13.03,0.0,0.473047,0.0,0.0,0.0269964,0.308353,0.0114683,0.0,0.0,0.00660168,0.112288
80.0,13.0633,0.0779793,0.446717,0.0,0.0,0.0,0.00994489,0.0,0.073692,0.401515,0.0,0.184018
81.0,13.0967,0.0625531,0.585167,0.0,0.0,0.0,0.0,0.127382,0.138713,0.487894,0.0,0.268472
82.0,13.13,0.0270361,0.428229,0.0,0.0,0.0,0.0,0.166266,0.236608,0.388028,0.0,0.16213
83.0,13.1633,0.00144364,0.31836,0.0,0.0,0.0,0.0,0.190546,0.360012,0.327561,0.0,0.11344
84.0,13.1967,0.0339878,0.114751,0.0,0.0,0.0,0.0,0.358447,0.348639,0.110296,0.0600814,0.066934
85.0,13.23,0.0186352,0.280302,0.0,0.0,0.0,0.0,0.184362,0.329394,0.0,0.0597463,0.0374073
86.0,13.2633,0.0165584,0.0896376,0.0,0.0,0.0,0.0,0.143017,0.154794,0.00844941,0.0987937,0.0
87.0,13.2967,0.12969,0.706443,0.0,0.00770872,0.0220718,0.0,0.216787,0.0749921,0.0200646,0.0129765,0.000571636
88.0,13.33,0.00300497,0.0852872,0.0,0.0,0.0,0.0108926,0.0,0.0307756,0.0442938,0.0,0.0
89.0,13.3633,0.00527658,0.083489,0.0,0.0,0.0,0.0109211,0.0397718,0.112888,0.0732561,0.0,0.0468043
90.0,13.3967,0.22845,0.698009,0.335992,0.0,0.0,0.0,0.0,0.259647,0.261688,0.0,0.067231
91.0,13.43,0.0648611,0.487755,0.394747,0.0,0.0715418,0.129303,0.0,0.0,0.00023064,0.0,0.0323442
92.0,13.4633,0.0838709,0.221687,0.188797,0.0,0.0,0.0,0.0,0.0592578,0.0,0.491032,0.0
93.0,13.4967,0.0,0.259644,0.0159072,0.0,0.0,0.082011,0.0,0.0,0.083401,0.0,0.0816233
94.0,13.53,0.419245,0.0,0.391907,0.0,0.0,0.0,0.0,0.405609,0.0,0.157481,0.0
95.0,13.5633,0.577803,0.220009,0.508266,0.0440805,0.096196,0.0,0.267003,0.066809,0.0,0.549555,0.0761335
96.0,13.5967,0.306532,0.118917,0.303281,0.0613695,0.189796,0.398465,0.0,0.0,0.0228354,0.217808,0.0921841
97.0,13.63,0.207279,0.51217,0.0,0.0472623,0.137605,0.674497,0.0,0.0,0.104279,0.407154,0.0
98.0,13.6633,0.269079,0.417888,0.641526,0.0,0.0436904,0.720602,0.0,0.0208806,0.146804,0.344894,0.0
99.0,13.6967,0.606748,0.535388,0.661783,0.0,0.0,0.612916,0.0,0.125717,0.140903,0.591941,0.0477519
100.0,13.73,0.722215,0.460139,0.683241,0.0,0.0,0.513654,0.0,0.334333,0.10346,0.706349,0.129672
101.0,13.7633,0.641829,0.156512,0.606763,0.0,0.0,0.587728,0.0,0.224394,0.0,0.870698,0.186232
102.0,13.7967,0.527433,0.120092,0.433923,0.0539535,0.168371,0.44371,0.0,0.0591678,0.0,0.677991,0.09031
103.0,13.83,0.460867,0.0,0.190344,0.11937,0.355023,0.328799,0.0,0.00156613,0.0,0.319348,0.0
104.0,13.8633,0.0,0.101551,0.110683,0.0,0.179062,0.347526,0.0,0.0,0.0,0.0584004,0.0
105.0,13.8967,0.0119995,0.43858,0.0101778,0.0,0.206818,0.109425,0.0492722,0.0,0.0,0.0,0.621701
106.0,13.93,0.0526446,0.439557,0.0,0.0,0.134438,0.417002,0.0,0.0,0.259897,0.0,0.143304
107.0,13.9633,0.0522331,0.360074,0.0,0.0,0.235842,0.569438,0.0,0.0,0.0,0.0,0.0
108.0,13.9967,0.0353521,0.516946,0.0,0.0,0.0,0.357286,0.0,0.0,0.146785,0.0,0.3373
109.0,14.03,0.00256115,0.442648,0.0,0.0,0.0,0.0,0.0,0.0,0.327959,0.0,0.264095
110.0,14.0633,0.0,0.538462,0.0,0.0,0.0,0.0193708,0.238924,0.0850017,0.144245,0.0,0.203704
111.0,14.0967,0.0,0.642868,0.0,0.0339063,0.128657,0.0,0.238931,0.0931703,0.0707781,0.0839064,0.137208
112.0,14.13,0.0,0.831768,0.0136226,0.0237628,0.243234,0.224475,0.0,0.0,0.094285,0.0,0.08857
113.0,14.1633,0.0,0.112944,0.00534139,0.0,0.0235982,0.0,0.00844694,0.000288453,0.0123644,0.0,0.0203247
114.0,14.1967,0.0,0.10469,0.00434911,0.0,0.00701189,0.0,0.0345181,0.0,0.131033,0.0,0.0
115.0,14.23,0.001496,0.201004,0.0,0.0,0.0,0.0,0.0791223,0.10622,0.249791,0.0,0.0
116.0,14.2633,0.0,0.274142,0.0,0.0,0.0,0.0204184,0.0,0.118477,0.190335,0.0266489,0.0516055
117.0,14.2967,0.139564,0.522173,0.29088,0.0,0.0,0.284069,0.0,0.189756,0.00544368,0.132986,0.0858279
118.0,14.33,0.174925,0.0438416,0.0959335,0.0,0.0724941,0.374765,0.0,0.0,0.0,0.417564,0.00180945
119.0,14.3633,0.0738106,0.116153,0.0498046,0.0,0.0,0.0148439,0.192181,0.0393303,0.0,0.355512,0.0
120.0,14.3967,0.0619269,0.0476601,0.162316,0.0813866,0.389206,0.0619961,0.0800822,0.030061,0.0,0.286379,0.0
121.0,14.43,0.191934,4.10303e-05,0.0251391,0.0,0.053957,0.280932,0.0,0.0,0.0,0.110518,0.0
122.0,14.4633,0.462418,0.0,0.131462,0.0,0.0,0.434692,0.0,0.106008,0.109617,0.296438,0.0
123.0,14.4967,0.299365,0.0,0.0456599,0.00178875,0.0,0.688566,0.0,0.0387657,0.0989952,0.665002,0.123229
124.0,14.53,0.496115,0.0,0.174658,0.0,0.0,0.500282,0.0,0.103527,0.120004,0.49161,0.0500317
125.0,14.5633,0.71673,0.0,0.523879,0.0,0.0,0.551761,0.0,0.216382,0.0524133,0.681943,0.0
126.0,14.5967,0.714284,0.0,0.583881,0.0124231,0.0394748,0.679232,0.0,0.103815,0.0,0.838042,0.0165202
127.0,14.63,0.246075,0.0246361,0.208036,0.0167683,0.320565,0.473348,0.0,0.0135893,0.0,0.437729,0.170176
128.0,14.6633,0.0,0.107585,0.0,0.0466028,0.187387,0.236159,0.0,0.0,0.0702414,0.0,0.363883
129.0,14.6967,0.0,0.49666,0.0679069,0.0144947,0.430114,0.324397,0.0,0.0,0.0,0.0,0.155732
130.0,14.73,0.0,0.923677,0.408086,0.00123856,0.0951339,0.145854,0.0,0.0,0.0722783,0.0,0.135137
131.0,14.7633,0.0217945,0.470048,0.00114131,0.0,0.000374667,0.183823,0.00310772,0.046283,0.0,0.139938,0.172839
132.0,14.7967,0.0437791,0.2795,0.0,0.0,0.12921,0.141815,0.00948918,0.0532731,0.0,0.0,0.104153
133.0,14.83,0.0,0.433324,0.0,0.0,0.0,0.0503556,0.0,0.0,0.216264,0.0,0.266927
134.0,14.8633,0.0489013,0.585518,0.0,0.0,0.0,0.0,0.135211,0.232359,0.110467,0.0,0.0709839
135.0,14.8967,0.0959807,0.678764,0.0,0.0,0.0,0.0,0.0,0.341519,0.49549,0.0,0.0757401
136.0,14.93,0.00196035,0.16689,0.00101094,0.0,0.0,0.0,0.340052,0.556066,0.159963,0.093562,0.239781
137.0,14.9633,0.0228344,0.279028,0.0,0.0,0.0,0.0,0.212545,0.479817,0.0,0.0808184,0.0514802
138.0,14.9967,0.0128065,0.0780042,0.0,0.0,0.0,0.0,0.157419,0.16098,0.0122437,0.090871,0.0
139.0,15.03,0.0,0.595835,0.0,0.022419,0.112835,0.0,0.0862754,0.0016273,0.0176388,0.00168836,0.0
140.0,15.0633,0.0,0.150809,0.011543,0.0,0.018071,0.0546852,0.0,0.0,0.0464982,0.0,0.0
141.0,15.0967,0.0,0.170385,0.0,0.0,0.0,0.0,0.0,0.0720935,0.182996,0.0,0.0
142.0,15.13,0.0,0.192537,0.0,0.0,0.0,0.0,0.0,0.115485,0.218264,0.0,0.0538785
143.0,15.1633,0.37149,0.423572,0.228518,0.0,0.0546025,0.303322,0.025539,0.0,0.0,0.0148819,0.165549
144.0,15.1967,0.205887,0.19711,0.0,0.0,0.0,0.139353,0.0,0.07338,0.0221749,0.30882,0.0
145.0,15.23,0.278036,0.0701183,0.19185,0.0,0.0,0.0,0.0,0.315455,0.0114222,0.406938,0.0332669
146.0,15.2633,0.426088,0.0,0.509776,0.0324438,0.22025,0.0846884,0.0,0.0616497,0.0,0.445872,0.0963138
147.0,15.2967,0.128288,0.42698,0.0,0.047302,0.139937,0.502978,0.0,0.0,0.0392877,0.318244,0.0
148.0,15.33,0.183344,0.317883,0.0,0.0633843,0.180046,0.360434,0.0,0.0,0.0218023,0.227596,0.0
149.0,15.3633,0.169389,0.263087,0.0412849,0.0606844,0.191749,0.676013,0.0,0.0,0.118864,0.31978,0.0
150.0,15.3967,0.186414,0.356496,0.231119,0.072012,0.231335,0.679588,0.0,0.0,0.15227,0.263862,0.0
151.0,15.43,0.463036,0.207474,0.536807,0.0102547,0.0,0.679798,0.0,0.00151499,0.119223,0.51476,0.0376911
152.0,15.4633,0.606089,0.164333,0.554661,0.0,0.0,0.612863,0.00522971,0.30217,0.0568634,0.733285,0.0814175
153.0,15.4967,0.599809,0.110225,0.546486,0.0101176,0.0296332,0.53769,0.0,0.0703517,0.0,0.783029,0.0152401
154.0,15.53,0.456099,0.110791,0.506023,0.0706802,0.284016,0.280207,0.0,0.0296335,0.0,0.682237,0.0
155.0,15.5633,0.192699,0.00231925,0.0431453,0.0972254,0.29794,0.0,0.239309,0.0284871,0.0,0.374816,0.042001
156.0,15.5967,0.0,0.909313,0.525399,0.0651301,0.31107,0.160215,0.0,0.0,0.128588,0.0,0.013031
157.0,15.63,0.0,0.422136,0.0,0.0,0.0376656,0.36014,0.0,0.0,0.0,0.408745,0.0975787
158.0,15.6633,0.00843591,0.317174,0.0,0.0,0.0,0.13076,0.0,0.0668572,0.0,0.0,0.0324778
159.0,15.6967,0.0,0.376028,0.0,0.0,0.0,0.0,0.196667,0.0640086,0.494931,0.0,0.194948
160.0,15.73,0.0,0.453337,0.0,0.0,0.0,0.0,0.139176,0.173587,0.466636,0.0,0.160554
161.0,15.7633,0.0,0.336422,0.0,0.0,0.0,0.0,0.200831,0.37123,0.347841,0.0,0.099766
162.0,15.7967,0.0360169,0.108358,0.0,0.0,0.0,0.0,0.42682,0.359175,0.127846,0.0884369,0.0605065
163.0,15.83,0.0151318,0.288044,0.00388254,0.0,0.00770637,0.0,0.219115,0.281342,0.0,0.055974,0.0615594
164.0,15.8633,0.0174548,0.0908706,0.0,0.0,0.0,0.0,0.186291,0.159353,0.00143985,0.114695,0.00491169
165.0,15.8967,0.0110694,0.0823602,0.0,0.0,0.0,0.0,0.172358,0.122573,0.0,0.0892956,0.00135827
166.0,15.93,0.0260595,0.573435,0.0,0.0116299,0.0410636,0.0239625,0.0439385,0.0185985,0.0132075,0.0116288,0.0
167.0,15.9633,0.00322449,0.0815678,0.0,0.0,0.0,0.00757227,0.0296448,0.0,0.152657,0.0,0.214383
168.0,15.9967,0.0,0.123743,0.00320151,0.0,0.00280407,0.0,0.159525,0.0809411,0.0479634,0.0042015,0.148851
169.0,16.03,0.556554,0.562728,0.359372,0.0,0.17549,0.452877,0.0453142,0.0,0.0,0.0,0.271066
170.0,16.0633,0.0,0.789338,0.279687,0.0,0.0,0.0,0.0,0.410827,0.135147,0.276813,0.0
171.0,16.0967,0.0,0.0824669,0.0,0.0,0.0,0.0,0.289933,0.0,0.0,0.0595587,0.0
172.0,16.13,0.0,0.0473196,0.0407476,0.0511038,0.259223,0.285923,0.0,0.0,0.201439,0.0,0.178668
173.0,16.1633,0.18013,0.76433,0.693422,0.0709936,0.251395,0.0148,0.0570096,0.00755281,0.00104267,0.0420081,0.0452308
174.0,16.1967,0.402343,0.48539,0.462682,0.0349918,0.110983,0.0941414,0.000974967,0.0130324,0.0,0.349342,0.0
175.0,16.23,0.276686,0.629456,0.574529,0.0521727,0.182527,0.790878,0.0,0.0,0.140203,0.477841,0.104865
176.0,16.2633,0.275886,0.20986,0.567155,0.0,0.0,0.621516,0.0,0.0,0.250255,0.296129,0.0
177.0,16.2967,0.508029,0.589348,0.649842,0.0130249,0.0,0.5026,0.0,0.0498807,0.070852,0.509215,0.110322
178.0,16.33,0.669119,0.444633,0.622012,0.0,0.0,0.431317,0.0,0.308776,0.0972816,0.642918,0.0928092
179.0,16.3633,0.645287,0.312528,0.624441,0.0147397,0.0,0.51314,0.0,0.10953,0.0157261,0.74457,0.0710218
180.0,16.3967,0.388238,0.301271,0.539628,0.0540641,0.200107,0.26661,0.0,0.0616267,0.00342844,0.55669,0.0
181.0,16.43,0.0,0.940478,0.0,0.0511858,0.23298,0.0,0.226368,0.0715799,0.0259222,0.353758,0.0685607
182.0,16.4633,0.0,0.430858,0.0527337,0.0168615,0.377067,0.0817456,0.0,0.0,0.0,0.306314,0.0584452
183.0,16.4967,0.0,0.193689,0.0222061,0.0,0.0645965,0.338924,0.0,0.0,0.0346743,0.0344557,0.0859252
184.0,16.53,0.293894,0.46014,0.0114906,0.0769924,0.425265,0.55227,0.0,0.0,0.0,0.0,0.10053
185.0,16.5633,0.0103978,0.404452,0.0,0.0,0.00234153,0.268331,0.0,0.0,0.37003,0.0,0.196768
186.0,16.5967,0.0,0.563096,0.0,0.0,0.0,0.0,0.0,0.0561662,0.355818,0.0,0.10309
187.0,16.63,0.0,0.566022,0.0,0.0,0.0,0.0,0.0,0.319152,0.482392,0.0,0.100888
188.0,16.6633,0.0697746,0.226419,0.0,0.0,0.0,0.0,0.373017,0.484791,0.120275,0.0669143,0.0884167
189.0,16.6967,0.0218271,0.0666748,0.0,0.0,0.0,0.0,0.435585,0.296819,0.0266927,0.129338,0.0307466
190.0,16.73,0.0,0.0568156,0.0,0.0,0.0,0.0,0.230855,0.131984,0.0206028,0.0615675,0.0
191.0,16.7633,0.0,0.0610356,0.0,0.0,0.0,0.0,0.192898,0.115083,0.00534139,0.052253,0.0
192.0,16.7967,0.0,0.0616889,0.0,0.0,0.0,0.00123967,0.0120895,0.0665276,0.0238212,0.0122782,0.0
193.0,16.83,0.0,0.0630666,0.0,0.0,0.0,0.00983833,0.0277838,0.0598933,0.097331,0.0,0.00625971
194.0,16.8633,0.011591,0.162929,0.00135159,0.0,0.0,0.0271599,0.0,0.0795862,0.0599367,0.0271592,0.063627
195.0,16.8967,0.668556,0.421644,0.0718486,0.0,0.053884,0.411091,0.0288036,0.030823,0.0,0.217574,0.168484
196.0,16.93,0.0369973,0.272061,0.0,0.0,0.0,0.0927477,0.0,0.157958,0.0600212,0.369799,0.0
197.0,16.9633,0.315866,0.0318083,0.138255,0.0,0.0,0.0,0.0,0.26535,0.0,0.546416,0.0
198.0,16.9967,0.00739355,0.118834,0.0,0.0,0.0639112,0.301031,0.0,0.0,0.0788393,0.000276573,0.0363206
199.0,17.03,0.289785,0.412743,0.20305,0.0690404,0.183902,0.103004,0.00365944,0.00422307,0.0,0.322392,0.0215609
200.0,17.0633,0.183585,0.571213,0.408122,0.0715431,0.240225,0.314904,0.0,0.0,0.0125866,0.22316,0.0104911
201.0,17.0967,0.165226,0.595672,0.435132,0.0666227,0.238608,0.676155,0.0,0.0,0.0919668,0.432501,0.0682928
202.0,17.13,0.166982,0.623887,0.525708,0.0701173,0.249219,0.662271,0.0,0.0,0.0933936,0.43,0.0487671
203.0,17.1633,0.432017,0.332214,0.592174,0.0096719,0.0,0.614336,0.0,0.0391689,0.0797941,0.644643,0.113823
204.0,17.1967,0.654194,0.161444,0.563344,0.00220035,0.0,0.572572,0.0,0.240446,0.086447,0.764548,0.171644
205.0,17.23,0.672548,0.0741098,0.634659,0.0,0.0,0.53088,0.0,0.336075,0.0,0.897866,0.0830202
206.0,17.2633,0.504,0.152889,0.576417,0.0673206,0.200579,0.332939,0.0,0.107567,0.0,0.784436,0.03996
207.0,17.2967,0.0632345,0.164725,0.0,0.0675655,0.225556,0.105055,0.013774,0.0155227,0.0,0.204639,0.00106078
208.0,17.33,0.0,0.138144,0.0883294,0.00559747,0.215918,0.268405,0.0,0.0,0.0,0.050665,0.0
209.0,17.3633,0.00547563,0.316601,0.0323237,0.0,0.199013,0.0555053,0.0795455,0.0,0.0,0.0198446,0.67672
210.0,17.3967,0.0276679,0.560627,0.0,0.0,0.022873,0.249754,0.0,0.0,0.408002,0.0,0.13526
211.0,17.43,0.064335,0.131404,0.0,0.0171439,0.154281,0.426986,0.0,0.0,0.0,0.156049,0.201161
212.0,17.4633,0.0,0.36199,0.0,0.0,0.0,0.288331,0.0,0.0,0.320083,0.0,0.219091
213.0,17.4967,0.0,0.523905,0.0,0.0,0.0,0.0,0.0,0.195944,0.395059,0.0,0.093158
214.0,17.53,0.0,0.390183,0.00384201,0.0,0.0130055,0.0,0.249566,0.0945227,0.0536495,0.0164749,0.103417
215.0,17.5633,0.0,0.61945,0.0,0.0327748,0.120331,0.0,0.167655,0.0500658,0.0844171,0.0182984,0.0528783
216.0,17.5967,0.0,0.784669,0.00804889,0.0197094,0.194426,0.199689,0.0,0.0,0.0762935,0.0,0.0240253
217.0,17.63,0.0,0.106444,0.00140921,0.0,0.0244608,0.0,0.0,0.0,0.0386525,0.0,0.00944588
218.0,17.6633,0.0,0.120225,0.010499,0.0,0.00623575,0.0,0.0,0.0,0.125405,0.0,0.0
219.0,17.6967,0.0,0.125409,0.0,0.0,0.0,0.0,0.0,0.0405851,0.223443,0.0,0.0
220.0,17.73,0.0,0.297553,0.0,0.0,0.0,0.0,0.0,0.177793,0.193953,0.00571693,0.00577666
221.0,17.7633,0.121856,0.469015,0.0164828,0.0,0.0,0.212226,0.0,0.187803,0.0,0.0,0.140505
222.0,17.7967,0.181845,0.0840785,0.293964,0.0,0.0,0.0118344,0.0,0.159249,0.0,0.612363,0.0
223.0,17.83,0.0929758,0.117438,0.122826,0.0,0.0,0.0150989,0.0,0.178051,0.0,0.446995,0.0
224.0,17.8633,0.183682,0.000832055,0.225879,0.0,0.0056739,0.0372627,0.0,0.0237455,0.0,0.337624,0.0
225.0,17.8967,0.0797472,0.00409019,0.014867,0.0287201,0.0841588,0.155851,0.00229104,0.0,0.00895248,0.0522006,0.0
226.0,17.93,0.0820796,0.0,0.034109,0.0159917,0.0567513,0.221229,0.0,0.0,0.0,0.520779,0.0
227.0,17.9633,0.128967,0.0,0.0,0.0457398,0.137653,0.820171,0.0,0.0136304,0.195844,0.647834,0.0668205
228.0,17.9967,0.141687,0.0,0.229684,0.0201441,0.0193598,0.553236,0.0,0.00992297,0.14065,0.419914,0.0184322
229.0,18.03,0.424355,0.0,0.278878,0.0,0.0,0.532305,0.0,0.253574,0.0696687,0.73161,0.0184241
230.0,18.0633,0.48123,0.0,0.278794,0.0,0.0,0.578709,0.0,0.0651377,0.0,0.733403,0.0382138
231.0,18.0967,0.442839,0.0,0.187812,0.0436745,0.139752,0.39166,0.0,0.0121422,0.0,0.60196,0.0
232.0,18.13,0.145185,0.0633706,0.247027,0.0997136,0.484916,0.411942,0.0,0.0151675,0.0,0.380399,0.0
233.0,18.1633,0.0,0.0776389,0.0,0.0198044,0.132479,0.272658,0.0,0.0,0.101548,0.0,0.345347
234.0,18.1967,0.0,0.964119,0.388808,0.0526893,0.301306,0.66205,0.0,0.0,0.0768379,0.356148,0.0344501
235.0,18.23,0.00701738,0.441108,0.019498,0.0,0.0108143,0.2348,0.0,0.0227068,0.0,0.308209,0.116372
236.0,18.2633,0.0,0.150817,0.0,0.0,0.00286486,0.0,0.120753,0.038177,0.169881,0.0,0.178542
237.0,18.2967,0.0,0.468974,0.0,0.0,0.0,0.0,0.11022,0.0,0.410636,0.0,0.154763
238.0,18.33,0.0,0.483347,0.0,0.0,0.0,0.0,0.173393,0.182428,0.397595,0.0,0.39027
239.0,18.3633,0.0544411,0.476638,0.0,0.0,0.0,0.0,0.0752438,0.397913,0.383927,0.0,0.107404
240.0,18.3967,0.0634893,0.174347,0.0,0.0,0.0,0.0,0.379631,0.420567,0.0847192,0.0815419,0.0924389
241.0,18.43,0.0215101,0.266049,0.0,0.0,0.0,0.0,0.207057,0.316662,0.0,0.0556219,0.0825922
242.0,18.4633,0.0,0.89202,0.0,0.0164014,0.0572186,0.0018943,0.177517,0.0820452,0.0187348,0.0199772,0.0435276
243.0,18.4967,0.0285296,0.670988,0.0,0.0425105,0.123191,0.0235098,0.0820308,0.0049048,0.0264129,0.0125556,0.0
244.0,18.53,0.0117438,0.0987006,0.0,0.0,0.0,0.0806984,0.0,0.0,0.104525,0.0,0.160252
245.0,18.5633,0.0,0.138057,0.0,0.0,0.0,0.0,0.0,0.0895829,0.0886734,0.0,0.036264
246.0,18.5967,0.336151,0.287154,0.305077,0.00390566,0.0,0.0155155,0.0,0.0240879,0.0,0.0512585,0.200882
247.0,18.63,0.0698851,0.489917,0.369352,0.0,0.0147249,0.357804,0.0,0.0,0.0,0.0677962,0.0
248.0,18.6633,0.17089,0.171218,0.044072,0.0,0.0,0.00244255,0.0,0.238958,0.020711,0.441893,0.0
249.0,18.6967,0.400328,0.0625318,0.289689,0.0,0.0,0.0,0.0227295,0.421625,0.0,0.248168,0.00905912
250.0,18.73,0.0,0.1079,0.0172567,0.00670726,0.178703,0.510958,0.0,0.0,0.185786,0.0,0.144307
251.0,18.7633,0.12877,0.457096,0.0,0.0285722,0.0946939,0.279867,0.0,0.0,0.0078294,0.319713,0.0
252.0,18.7967,0.174224,0.289029,0.0,0.03903,0.111241,0.512753,0.0,0.0,0.053035,0.240711,0.0
253.0,18.83,0.204078,0.541899,0.52357,0.0740875,0.261785,0.698698,0.0,0.0,0.108362,0.350936,0.0484031
254.0,18.8633,0.264153,0.528979,0.558329,0.0602146,0.204611,0.662158,0.0,0.0,0.115314,0.346036,0.0386747
255.0,18.8967,0.61599,0.353368,0.589458,0.0,0.0,0.567249,0.0,0.246009,0.145652,0.645285,0.109304
256.0,18.93,0.636473,0.227238,0.601309,0.0,0.0,0.569941,0.0,0.431857,0.015255,0.804896,0.13881
257.0,18.9633,0.618958,0.0678538,0.512315,0.019148,0.055903,0.495448,0.0,0.0650668,0.0,0.756084,0.0313205
258.0,18.9967,0.425689,0.116116,0.233126,0.0751974,0.230954,0.179986,0.0,0.0187434,0.0,0.477137,0.0
259.0,19.03,0.168138,0.323707,0.511816,0.109847,0.404936,0.00898998,0.0721324,0.0,0.0109576,0.361977,0.0
260.0,19.0633,0.0,0.262697,0.0716189,0.0,0.203758,0.0456457,0.0,0.0,0.0,0.275028,0.126523
261.0,19.0967,0.0,0.240988,0.0293222,0.0,0.0192566,0.091058,0.0,0.0,0.0395377,0.0647175,0.109932
262.0,19.13,0.0,0.4163,0.0,0.0,0.054273,0.247204,0.0,0.0,0.0,0.0,0.0484175
263.0,19.1633,0.174892,0.487837,0.0,0.0307559,0.118261,0.0,0.09315,0.0,0.227654,0.0,0.166244
264.0,19.1967,0.0,0.255058,0.0,0.0,0.0,0.0,0.0,0.0,0.408512,0.0,0.183205
265.0,19.23,0.0,0.43181,0.0,0.0,0.0,0.0,0.0389329,0.30579,0.391374,0.0,0.099373
266.0,19.2633,0.0207548,0.18874,0.0,0.0,0.0,0.0,0.287373,0.383951,0.195742,0.0165676,0.14288
267.0,19.2967,0.0246649,0.272571,0.0,0.0,0.0,0.0,0.263809,0.424027,0.0,0.0841853,0.106715
268.0,19.33,0.0128012,0.0843297,0.0,0.0,0.0,0.0,0.18265,0.160667,0.0106355,0.0753889,0.00756445
269.0,19.3633,0.0104672,0.0753486,0.0,0.0,0.0,0.0,0.200957,0.141412,0.000584632,0.0704369,0.0
270.0,19.3967,0.116962,0.310795,0.0,0.0,0.0,0.0165749,0.0105959,0.0695047,0.0269529,0.0,0.0
271.0,19.43,0.016248,0.112005,0.0,0.0,0.0,0.0165437,0.0363283,0.0546304,0.0798103,0.0,0.116114
272.0,19.4633,0.597345,0.400486,0.290216,0.00445035,0.045716,0.0,0.0567476,0.0337186,0.0,0.0,0.222328
273.0,19.4967,0.0320644,0.548481,0.328166,0.0,0.0344907,0.342133,0.0,0.0,0.0,0.0,0.0
274.0,19.53,0.0,0.319511,0.0,0.0,0.0,0.171921,0.0,0.0,0.0258565,0.326809,0.0301248
275.0,19.5633,0.0815834,0.377863,0.164691,0.0,0.0,0.0153457,0.0,0.0,0.0147592,0.0,0.00793363
276.0,19.5967,0.303931,0.282578,0.47277,0.043022,0.131956,0.0,0.290576,0.130154,0.0,0.145626,0.0
277.0,19.63,0.110296,0.404823,0.0260994,0.0306853,0.0833769,0.291822,0.0,0.0,0.0364309,0.0675809,0.00901651
278.0,19.6633,0.0898059,0.432877,0.023648,0.0427785,0.125519,0.572729,0.0,0.0,0.101509,0.261144,0.0
279.0,19.6967,0.137767,0.646859,0.543061,0.0723246,0.269154,0.751763,0.0,0.0,0.148308,0.430717,0.0295083
280.0,19.73,0.235385,0.159704,0.632046,0.0,0.0814885,0.695264,0.0,0.0,0.137743,0.336131,0.0
281.0,19.7633,0.0469566,0.0905543,0.313228,0.011277,0.0,0.44565,0.0,0.0961369,0.0265362,0.684155,0.3184
282.0,19.7967,0.650605,0.0766685,0.505115,0.0,0.0,0.443705,0.0,0.269523,0.0732577,0.716285,0.151903
283.0,19.83,0.658562,0.0976335,0.602942,0.0,0.0,0.485278,0.0,0.18566,0.0,0.861845,0.0662235
284.0,19.8633,0.500874,0.173672,0.291258,0.064589,0.195444,0.177713,0.0,0.0295911,0.0,0.573694,0.0114425
285.0,19.8967,0.152612,0.341911,0.48455,0.0874749,0.330347,0.0134386,0.116834,0.0,0.0283639,0.308089,0.0
286.0,19.93,0.0,0.121395,0.141206,0.0,0.196088,0.18128,0.0,0.0,0.0,0.240317,0.0704238
287.0,19.9633,0.0,0.479811,0.0531607,0.0,0.0277822,0.203902,0.0,0.0,0.0,0.0,0.107313
288.0,19.9967,0.0276588,0.512989,0.0,0.0,0.0630308,0.182498,0.0,0.0,0.113639,0.0,0.013582
289.0,20.03,0.0,0.420931,0.0,0.0,0.0931261,0.0240247,0.0,0.0,0.0816528,0.0,0.0159109
290.0,20.0633,0.0,0.520347,0.0,0.0,0.0,0.0607199,0.0,0.0,0.307223,0.0,0.186172
291.0,20.0967,0.0,0.460978,0.0,0.0,0.0,0.0,0.011094,0.266201,0.351362,0.0,0.0613574
292.0,20.13,0.0508279,0.216412,0.0,0.0,0.0,0.0,0.332194,0.396587,0.246695,0.0,0.167332
293.0,20.1633,0.045667,0.329162,0.0,0.0,0.0,0.0,0.275164,0.42308,0.0,0.0,0.185366
294.0,20.1967,0.0127445,0.0886554,0.0,0.0,0.0,0.0,0.271023,0.201177,0.0215472,0.0648791,0.00881017
295.0,20.23,0.0251769,0.5238,0.0,0.000273257,0.0121778,0.0,0.236001,0.0846517,0.044946,0.0,0.0
296.0,20.2633,0.0,0.0882683,0.0,0.0,0.0,0.00816524,0.0,0.0327544,0.0884855,0.0,0.0
297.0,20.2967,0.0,0.0790082,0.0,0.0,0.0,0.0124835,0.0189927,0.0486994,0.126653,0.0,0.0
298.0,20.33,0.0,0.271499,0.0248891,0.0,0.0,0.145057,0.00952668,0.0932722,0.0,0.0,0.111053
299.0,20.3633,0.524501,0.404436,0.116141,0.0,0.0463077,0.256536,0.0102737,0.213329,0.0,0.300433,0.241026
300.0,20.3967,0.363724,0.168283,0.0689252,0.0,0.0,0.0,0.000645295,0.4463,0.00940301,0.701166,0.069047
301.0,20.43,0.211302,0.107482,0.417359,0.0368667,0.180628,0.0106026,0.55888,0.179182,0.0,0.733205,0.158366
302.0,20.4633,0.0170928,0.125311,0.0,0.0,0.0376283,0.281248,0.0,0.0,0.0202951,0.0786125,0.0668643
303.0,20.4967,0.00551664,0.0486993,0.00763465,0.0697975,0.186684,0.00510275,0.122511,0.0159714,0.0,0.143993,0.0560057
304.0,20.53,0.0,0.335664,0.0,0.0532994,0.151615,0.0575132,0.0124749,0.010172,0.0,0.296699,0.0
305.0,20.5633,0.014326,0.640515,0.317857,0.0577133,0.215079,0.763421,0.0,0.0,0.184235,0.358065,0.025925
306.0,20.5967,0.10919,0.592414,0.605232,0.0955912,0.340917,0.634474,0.0,0.0,0.119383,0.283383,0.022574
307.0,20.63,0.386797,0.458157,0.700697,0.0152193,0.0042262,0.607974,0.0,0.00918865,0.0727412,0.624019,0.105431
308.0,20.6633,0.568224,0.280245,0.64238,0.00180038,0.0,0.582811,0.0,0.294664,0.0797198,0.779637,0.162299
309.0,20.6967,0.467536,0.0,0.345255,0.0,0.0,0.470642,0.0,0.411336,0.0,0.909338,0.110711
310.0,20.73,0.482306,0.0,0.299729,0.0616518,0.179357,0.359493,0.0,0.128607,0.0,0.820563,0.0178706
311.0,20.7633,0.176959,0.313156,0.462437,0.0959773,0.372841,0.0117876,0.0859585,0.0,0.0293132,0.249607,0.0
312.0,20.7967,0.0,0.242481,0.04234,0.0,0.231721,0.0238652,0.167321,0.0,0.0,0.0,0.131081
313.0,20.83,0.0,0.263265,0.0280718,0.0,0.0617674,0.21622,0.0,0.0,0.0,0.237787,0.0555617
314.0,20.8633,0.00690939,0.514431,0.0,0.0,0.0502262,0.433007,0.0,0.0,0.0615369,0.0,0.0752094
315.0,20.8967,0.0405958,0.483221,0.0,0.0,0.0,0.0,0.263737,0.133559,0.477023,0.0,0.0966331
316.0,20.93,0.0,0.399197,0.0,0.0,0.0,0.0,0.163563,0.166686,0.424979,0.0,0.0492842
317.0,20.9633,0.0,0.297904,0.0,0.0,0.0,0.0,0.207981,0.330752,0.340536,0.0,0.0609993
318.0,20.9967,0.0305448,0.110869,0.0,0.0,0.0,0.0,0.407925,0.350924,0.164984,0.0565036,0.0803659
319.0,21.03,0.0185741,0.278191,0.0,0.0,0.0,0.0,0.201149,0.329405,0.0,0.0533822,0.0743762
320.0,21.0633,0.0134558,0.088876,0.0,0.0,0.0,0.0,0.126935,0.163078,0.0145652,0.0748715,0.0
321.0,21.0967,0.0671295,0.692448,0.0,0.0,0.0,0.0,0.237812,0.0968784,0.0285349,0.0,0.0
322.0,21.13,0.0287196,0.134719,0.0,0.0,0.00247352,0.00533624,0.0392841,0.00684727,0.086567,0.0,0.0
323.0,21.1633,0.00357567,0.0661865,0.0,0.0,0.0,0.015946,0.0404905,0.0851778,0.0866273,0.0,0.0434632
324.0,21.1967,0.351949,0.20002,0.218763,0.0,0.0,0.0,0.00207558,0.0522641,0.0129762,0.0,0.191225
325.0,21.23,0.0379612,0.435821,0.19311,0.0,0.0392389,0.409889,0.00749196,0.0,0.0,0.0197332,0.0
326.0,21.2633,0.0,0.353098,0.0,0.0,0.0,0.370213,0.0,0.0,0.0984256,0.255165,0.0969239
327.0,21.2967,0.248249,0.0102811,0.332895,0.0,0.0,0.0,0.105106,0.231779,0.0,0.19928,0.0
328.0,21.33,0.3759,0.419665,0.564901,0.065299,0.14901,0.0,0.435157,0.0851355,0.0,0.277738,0.0515902
329.0,21.3633,0.0113758,0.394672,0.0,0.0355569,0.11078,0.377016,0.0,0.0,0.0408281,0.0987067,0.0261199
330.0,21.3967,0.0972124,0.492713,0.0,0.0537626,0.167742,0.678623,0.0,0.0,0.155163,0.222553,0.0
331.0,21.43,0.0749521,0.597632,0.137907,0.0869661,0.312987,0.65119,0.0,0.0,0.118082,0.216727,0.0
332.0,21.4633,0.180545,0.161655,0.565946,0.0,0.133039,0.755535,0.0,0.0,0.17458,0.335135,0.0
333.0,21.4967,0.609476,0.357477,0.587465,0.00530146,0.0,0.540144,0.0,0.124812,0.114169,0.569302,0.106253
334.0,21.53,0.645273,0.0667611,0.441951,0.0,0.0,0.521967,0.0,0.348534,0.0231441,0.752167,0.158611
335.0,21.5633,0.676712,0.0460339,0.533182,0.0128892,0.0364563,0.463416,0.0,0.0568542,0.0,0.740795,0.00256839
336.0,21.5967,0.49282,0.126302,0.285776,0.0750303,0.227072,0.175992,0.0,0.0107791,0.0,0.491028,0.0
337.0,21.63,0.26412,0.297896,0.550029,0.126509,0.436262,0.0236956,0.062826,0.0,0.0083865,0.355733,0.0
338.0,21.6633,0.0,0.104124,0.135957,0.0,0.201429,0.161894,0.0,0.0,0.0,0.163089,0.100262
339.0,21.6967,0.00242711,0.538683,0.0,0.0,0.00535935,0.212779,0.0,0.0,0.0,0.0,0.12705
340.0,21.73,0.000499621,0.487058,0.0,0.0,0.0,0.0343666,0.0,0.0769518,0.118159,0.0,0.0779044
341.0,21.7633,0.0752608,0.1973,0.0,0.0,0.0100216,0.0166869,0.100006,0.0,0.12154,0.0,0.126825
342.0,21.7967,0.0,0.245933,0.0,0.0,0.0,0.0,0.0568451,0.0572545,0.340261,0.0,0.121333
343.0,21.83,0.0,0.399988,0.0,0.0,0.0,0.0,0.123686,0.272841,0.390103,0.0,0.0711559
344.0,21.8633,0.0261329,0.139881,0.0,0.0,0.0,0.00268172,0.368407,0.390617,0.210522,0.0,0.11615
345.0,21.8967,0.0331738,0.308592,0.0,0.0,0.0,0.0,0.251577,0.394815,0.0,0.0337226,0.13638
346.0,21.93,0.0247108,0.100898,0.0,0.0,0.0,0.0,0.220729,0.200551,0.0211046,0.071713,0.0063997
347.0,21.9633,0.0130702,0.0816275,0.0,0.0,0.0,0.0,0.191535,0.15863,0.0109072,0.0587553,0.0
348.0,21.9967,0.0088369,0.146711,0.0,0.0,0.0,0.0135723,0.0,0.0807673,0.0434415,0.0286631,0.0
349.0,22.03,0.00517081,0.0900749,0.0,0.0,0.0,0.0124658,0.0270704,0.0599532,0.0675245,0.0,0.107825
350.0,22.0633,0.691478,0.417673,0.287181,0.0240262,0.103719,0.0,0.0550588,0.0111011,0.0273087,0.0,0.245
351.0,22.0967,0.104452,0.546016,0.403458,0.0,0.0100105,0.23112,0.0,0.124556,0.0,0.0572045,0.106581
352.0,22.13,0.0,0.35093,0.0,0.0,0.0,0.0115852,0.0,0.0288734,0.0,0.384533,0.0054414
353.0,22.1633,0.0801206,0.245916,0.0418609,0.0,0.0594071,0.0967396,0.0,0.0,0.0,0.0,0.0
354.0,22.1967,0.361406,0.116575,0.472765,0.0208877,0.120103,0.015916,0.191507,0.138815,0.0,0.213016,0.0234415
355.0,22.23,0.109201,0.301371,0.0,0.0291905,0.0803993,0.234345,0.0,0.00663239,0.0136736,0.0396689,0.0420109
356.0,22.2633,0.0191384,0.346647,0.0,0.0383137,0.10959,0.520537,0.0,0.0,0.0838046,0.245825,0.0
357.0,22.2967,0.0949497,0.557275,0.255223,0.0633348,0.234309,0.742984,0.0,0.0,0.158853,0.392238,0.0120531
358.0,22.33,0.227186,0.0764905,0.603208,0.0,0.0402416,0.724782,0.0,0.0,0.192107,0.344052,0.0270071
359.0,22.3633,0.58444,0.282715,0.584995,0.00439817,0.0,0.545393,0.0,0.146649,0.103735,0.637235,0.139693
360.0,22.3967,0.596742,0.17672,0.514703,0.0,0.0,0.480405,0.0,0.351409,0.007103,0.761639,0.177405
361.0,22.43,0.589293,0.0990322,0.526922,0.00781353,0.0224182,0.397941,0.0,0.0787736,0.0,0.777304,0.00119087
362.0,22.4633,0.48028,0.0433152,0.331741,0.0852675,0.25114,0.14479,0.00588781,0.020297,0.0,0.614315,0.0
363.0,22.4967,0.121769,0.330674,0.471723,0.0988139,0.378668,0.00735546,0.125853,0.0,0.0180427,0.364858,0.0
364.0,22.53,0.0,0.287643,0.0537822,0.0,0.2139,0.131675,0.0,0.0,0.0,0.243764,0.0512087
365.0,22.5633,0.0,0.204926,0.0257584,0.0,0.0200042,0.110673,0.0,0.0,0.0368957,0.106618,0.107414
366.0,22.5967,0.0187267,0.504345,0.0,0.0,0.0715035,0.299276,0.0,0.0,0.0643689,0.0,0.128251
367.0,22.63,0.265378,0.34707,0.0,0.0122681,0.0493303,0.00217328,0.102019,0.0,0.150709,0.0,0.16861
368.0,22.6633,5.28653e-06,0.390499,0.0,0.0,0.0,0.0,0.0978822,0.0754977,0.436036,0.0,0.0934349
369.0,22.6967,0.0,0.402608,0.0,0.0,0.0,0.0,0.073398,0.317293,0.45125,0.0,0.111459
370.0,22.73,0.0389313,0.174342,0.0,0.0,0.0,3.47481e-05,0.309303,0.398687,0.141032,0.0429453,0.0959582
371.0,22.7633,0.0227404,0.285676,0.0,0.0,0.0,0.0,0.230203,0.406103,0.0,0.0741743,0.0867249
372.0,22.7967,0.0177171,0.0916389,0.0,0.0,0.0,0.0,0.168978,0.166144,0.0102953,0.0854009,0.0
373.0,22.83,0.0711457,0.535549,0.0,0.0131786,0.0366168,0.0,0.219854,0.0951188,0.0183121,0.0486588,0.0
374.0,22.8633,0.00467541,0.0841463,0.0,0.0,0.0,0.012794,0.0175128,0.0,0.107881,0.0,0.0219121
375.0,22.8967,0.00282673,0.0799316,5.31152e-05,0.0,0.0,0.0133155,0.0231243,0.0838669,0.109377,0.0,0.0843057
376.0,22.93,0.0,0.322668,0.0352523,0.0,0.00811184,0.196404,0.0,0.0663256,0.0,0.0,0.165277
377.0,22.9633,0.46877,0.480482,0.241975,0.0,0.161282,0.323638,0.0355055,0.0524786,0.0,0.218961,0.141638
378.0,22.9967,0.14134,0.49347,0.0,0.0,0.0,0.0,0.00709076,0.294263,0.00875984,0.375077,0.0193641
379.0,23.03,0.34029,0.0560912,0.441455,0.0,0.045315,0.0,0.341948,0.00403003,0.0,0.443217,0.258487
380.0,23.0633,0.0,0.097475,0.0102917,0.00768388,0.162042,0.364845,0.0,0.0,0.112317,0.0,0.0841489
381.0,23.0967,0.00749538,0.0467019,0.00309149,0.04956,0.136449,0.0276297,0.0486176,0.00657139,0.0,0.0553651,0.0758861
382.0,23.13,0.210282,0.386003,0.170664,0.0444882,0.122004,0.240076,0.0,0.0249526,0.0,0.158239,0.0
383.0,23.1633,0.17241,0.602313,0.526015,0.059018,0.208653,0.73688,0.0,0.0,0.127961,0.426175,0.0728612
384.0,23.1967,0.242235,0.595251,0.604749,0.0666352,0.2303,0.660002,0.0,0.0,0.111874,0.368804,0.0491818
385.0,23.23,0.565411,0.450239,0.659397,0.0051631,0.0,0.599344,0.0,0.115849,0.107975,0.650324,0.12753
386.0,23.2633,0.569889,0.295061,0.628597,0.0,0.0,0.557339,0.0,0.541181,0.00188601,0.844041,0.169826
387.0,23.2967,0.613125,0.0632228,0.506452,0.0,0.00511141,0.526553,0.0,0.0910071,0.0,0.773139,0.00449121
388.0,23.33,0.448131,0.0176414,0.276293,0.136192,0.377533,0.187752,0.0046122,0.00738766,0.0,0.507804,0.035196
389.0,23.3633,0.0,0.111977,0.00739451,0.0410923,0.173841,0.120769,0.0,0.0254289,0.00427592,0.127004,0.00111562
390.0,23.3967,0.0,0.235228,0.0470842,0.0,0.265476,0.0238417,0.0764507,0.0,0.0,0.0,0.161711
391.0,23.43,0.0,0.230211,0.0295515,0.0,0.0173871,0.118978,0.0,0.0,0.0647135,0.146243,0.134174
392.0,23.4633,0.315779,0.548156,0.0,0.0130988,0.237393,0.378292,0.0,0.0,0.0,0.0,0.182041
393.0,23.4967,0.039749,0.492014,0.0,0.0,0.0,0.0,0.0,0.030617,0.191618,0.0,0.109465
394.0,23.53,0.0,0.403606,0.0,0.0,0.0,0.0,0.0,0.125186,0.318323,0.0,0.184681
395.0,23.5633,0.0,0.263847,0.0,0.0,0.0,0.0,0.0,0.506912,0.427639,0.0,0.112189
396.0,23.5967,0.0357419,0.12988,0.0,0.0,0.0,0.0,0.326517,0.316692,0.137032,0.0312468,0.1316
397.0,23.63,0.00956213,0.0515411,0.0,0.0,0.0,0.0,0.383614,0.228732,0.0247013,0.0969532,0.00828676
398.0,23.6633,0.0,0.861549,0.0,0.0409771,0.130985,0.0,0.211272,0.0864548,0.0211094,0.0346665,0.0
399.0,23.6967,0.0922582,0.359408,0.0,0.0125726,0.043522,0.0,0.0790014,0.0243666,0.0613118,0.0,0.00111277
400.0,23.73,0.0,0.0708939,0.0,0.0,0.0,0.0249328,0.0,0.0,0.118745,0.0,0.0
401.0,23.7633,0.0,0.171581,0.0,0.0,0.0,0.00907009,0.0,0.0516698,0.115695,0.0,0.0
402.0,23.7967,0.0122011,0.147637,0.00226614,0.0,0.0,0.0514496,0.0,0.0477191,0.0607177,0.0287196,0.0725892
403.0,23.83,0.624754,0.420365,0.135023,0.0,0.091986,0.400451,0.0364055,0.091098,0.0,0.278923,0.18396
404.0,23.8633,0.10279,0.458705,0.0,0.0,0.0,0.132261,0.0,0.164369,0.0251899,0.527853,0.0124017
405.0,23.8967,0.403309,0.0836133,0.222109,0.0,0.0,0.0,0.0,0.4262,0.0,0.40484,0.0154851
406.0,23.93,0.0,0.145806,0.0,0.0,0.00467611,0.283716,0.0,0.0,0.0,0.0689013,0.037663
407.0,23.9633,0.175244,0.110107,0.180683,0.0339617,0.104596,0.210637,0.00121443,0.0123861,0.00211672,0.0296219,0.0
408.0,23.9967,0.232285,0.21773,0.123729,0.0315128,0.0832807,0.092343,0.00317282,0.0256,0.0,0.392563,0.0
409.0,24.03,0.13159,0.542163,0.430854,0.0676015,0.234919,0.794681,0.0,0.0,0.114115,0.556989,0.106736
410.0,24.0633,0.189114,0.547705,0.524116,0.0637672,0.217056,0.680713,0.0,0.0,0.110014,0.442389,0.0611805
411.0,24.0967,0.534135,0.37392,0.622991,0.00563313,0.0,0.64282,0.0,0.0948083,0.0931674,0.69932,0.132161
412.0,24.13,0.612957,0.222902,0.610847,0.0,0.0,0.592344,0.0,0.516249,0.000491116,0.851055,0.151666
413.0,24.1633,0.419567,0.0,0.55222,0.0,0.0700539,0.428887,0.0,0.11163,0.0,0.753977,0.0482637
414.0,24.1967,0.489815,0.101238,0.499732,0.0869629,0.252392,0.0240845,0.0599636,0.0497522,0.0,0.748033,0.0190608
415.0,24.23,0.00860492,0.026119,0.001836,0.0663352,0.237995,0.134095,0.00747623,0.0150191,0.0,0.173458,0.0
416.0,24.2633,0.0,0.219334,0.603749,0.111452,0.409846,0.0530457,0.0,0.0,0.0344093,0.0912205,0.108133
417.0,24.2967,0.0,0.225398,0.0241744,0.0,0.0474028,0.395881,0.0,0.0,0.0417584,0.333257,0.127717
418.0,24.33,0.257595,0.398954,0.0400719,0.0931666,0.459493,0.466958,0.0,0.0,0.0,0.0,0.0
419.0,24.3633,0.0,0.210611,0.0,0.0,0.000915085,0.192437,0.0,0.0,0.481021,0.0,0.226146
420.0,24.3967,0.0,0.470372,0.0,0.0,0.0,0.0,0.0,0.0,0.284303,0.0,0.0875916
421.0,24.43,0.0,0.501306,0.0,0.0,0.0,0.0,0.128316,0.229953,0.608181,0.0,0.520477
422.0,24.4633,0.0542067,0.165924,0.0,0.0,0.0,0.0,0.429043,0.46507,0.14557,0.0742891,0.073877
423.0,24.4967,0.0209268,0.274336,0.0,0.0,0.00666877,0.0,0.31568,0.412669,0.0,0.102456,0.0860786
424.0,24.53,0.0,0.0738927,0.0,0.0,0.0,0.0,0.209063,0.14202,0.00137585,0.0973774,0.0
425.0,24.5633,0.0222275,0.3908,0.0,0.00731723,0.0376448,0.0,0.216009,0.0875633,0.0195397,0.0257729,0.0
426.0,24.5967,0.015335,0.104987,0.0,0.0,0.0,0.0175009,0.00741247,0.0,0.0741969,0.0,0.00572777
427.0,24.63,0.0,0.118741,0.0,0.0,0.0,0.00808766,0.0115175,0.104412,0.0697232,0.0,0.0233364
428.0,24.6633,0.216079,0.860932,0.348844,0.0,0.0,0.0,0.0,0.374777,0.411004,0.0,0.153249
429.0,24.6967,0.054029,0.250534,0.040348,0.0,0.0364253,0.289767,0.011416,0.0,0.0,0.0,0.0
430.0,24.73,0.143687,0.423386,0.475337,0.0,0.0,0.462746,0.0,0.0,0.000920534,0.231762,0.0378154
431.0,24.7633,0.333767,0.131129,0.362311,0.0,0.0,0.0,0.0,0.491577,0.0,0.174321,0.120601
432.0,24.7967,0.22537,0.0,0.0824018,0.0,0.105903,0.0443541,0.0,0.0,0.0,0.0,0.0
433.0,24.83,0.150388,0.374163,0.0,0.0468402,0.129389,0.0257736,0.0422606,0.00430936,0.0,0.216692,0.0
434.0,24.8633,0.152234,0.384684,0.0,0.0496421,0.136714,0.398794,0.0,0.0,0.0481453,0.210922,0.0
435.0,24.8967,0.192782,0.525387,0.439037,0.069471,0.239281,0.682097,0.0,0.0,0.143177,0.296055,0.0
436.0,24.93,0.220879,0.136353,0.590952,0.0,0.109713,0.64496,0.0,0.0,0.127987,0.259595,0.0
437.0,24.9633,0.621579,0.344693,0.576175,0.0,0.0,0.566566,0.0,0.266287,0.128468,0.687011,0.139508
438.0,24.9967,0.657177,0.218905,0.548791,0.00143079,0.0,0.511236,0.0,0.220801,0.0763268,0.690096,0.146678
439.0,25.03,0.561943,0.232924,0.559072,0.030945,0.0544454,0.511712,0.0,0.0667766,0.00300266,0.692031,0.0
440.0,25.0633,0.317259,0.401286,0.530972,0.063892,0.256211,0.0702447,0.0145468,0.038575,0.00667682,0.485479,0.0
441.0,25.0967,0.0,0.358105,0.337461,0.0688854,0.326388,0.0,0.506364,0.0252867,0.0119172,0.197833,0.326803
442.0,25.13,0.0,0.547424,0.0839347,0.0233335,0.423192,0.276782,0.0,0.0,0.0,0.316737,0.0
443.0,25.1633,0.0,0.131895,0.0113611,0.0,0.0453573,0.395159,0.0,0.0,0.0818084,0.20782,0.195224
444.0,25.1967,0.2145,0.455034,0.0,0.0153836,0.303151,0.123523,0.0147898,0.0,0.0,0.0,0.00981941
445.0,25.23,0.0369315,0.556029,0.0,0.0,0.0,0.0,0.0,0.0620758,0.401273,0.0,0.200987
446.0,25.2633,0.0,0.641126,0.0,0.0,0.0,0.0,0.0,0.199134,0.461391,0.0,0.130382
447.0,25.2967,0.043836,0.532412,0.0,0.0,0.0,0.0,0.0615558,0.430186,0.409832,0.0,0.082232
448.0,25.33,0.0447892,0.158091,0.0,0.0,0.0,0.0,0.380798,0.429447,0.086544,0.0814571,0.110828
449.0,25.3633,0.00994162,0.0461734,0.0,0.0,0.0,0.0,0.348736,0.236166,0.0182425,0.115849,0.0
450.0,25.3967,0.0,0.0608596,0.0,0.0,0.0,0.0,0.162711,0.101759,0.00835409,0.0573044,0.0
451.0,25.43,0.0,0.0692824,0.0,0.0,0.00122311,0.0,0.13277,0.078238,0.00567636,0.0353148,0.0
452.0,25.4633,0.0,0.0684466,0.0,0.0,0.0,0.0,0.0150877,0.0501496,0.0219531,0.0,0.0
453.0,25.4967,0.0,0.184676,0.0,0.0,0.0,0.0144042,0.0,0.0525268,0.101422,0.0,0.0
454.0,25.53,0.0091195,0.166423,0.00182529,0.0,0.0,0.0461807,0.0,0.0204808,0.0607454,0.00793071,0.0668464
455.0,25.5633,0.792743,0.303633,0.229514,0.0,0.081406,0.294001,0.0,0.018033,0.0,0.336697,0.116268
456.0,25.5967,0.00358628,0.410343,0.0,0.0,0.0,0.0,0.0,0.230257,0.0,0.486091,0.00462199
457.0,25.63,0.0185338,0.227099,0.0,0.0,0.0,0.159362,0.0,0.0,0.0,0.166505,0.0311795
458.0,25.6633,0.309293,0.0,0.00612993,0.0282409,0.060186,0.0,0.187276,0.120152,0.0,0.673417,0.0
459.0,25.6967,0.200467,0.0,0.0157773,0.0,0.0599091,0.0358994,0.325152,0.177191,0.0,0.521108,0.0
460.0,25.73,0.0485854,0.33632,0.0,0.0548131,0.159551,0.530275,0.0,0.0,0.0649997,0.268721,0.0
461.0,25.7633,0.0327708,0.177764,0.00307835,0.0806603,0.275943,0.627578,0.0,0.0,0.122081,0.300274,0.239185
462.0,25.7967,0.0932652,0.529149,0.403433,0.0572507,0.194515,0.710609,0.0,0.0,0.126114,0.480886,0.0588264
463.0,25.83,0.351597,0.391538,0.624106,0.0135054,0.0,0.63693,0.0,0.0,0.0690944,0.641589,0.126446
464.0,25.8633,0.611165,0.2095,0.593784,0.00102205,0.0,0.576448,0.0,0.268948,0.0954685,0.766951,0.17413
465.0,25.8967,0.676311,0.0814403,0.614371,0.0,0.0,0.604431,0.0,0.466121,0.0,0.912523,0.156455
466.0,25.93,0.483912,0.0306163,0.44213,0.0528925,0.158188,0.436229,0.0,0.109917,0.0,0.804489,0.0584138
467.0,25.9633,0.227298,0.223893,0.450738,0.0884786,0.331597,0.0106557,0.179739,0.03336,0.00509736,0.475501,0.00954184
468.0,25.9967,0.0,0.285641,0.63654,0.0736283,0.259788,0.0363111,0.0406133,0.0,0.0409625,0.0752579,0.104407
469.0,26.03,0.0,0.320624,0.0452755,0.0,0.0419711,0.162367,0.0,0.0,0.0,0.318092,0.0807782
470.0,26.0633,0.0329591,0.285554,0.0236444,0.0,0.0,0.00504769,0.0341884,0.078132,0.0,0.0,0.0850495
471.0,26.0967,0.00128648,0.439198,0.0,0.0,0.0,0.0,0.117857,0.143159,0.397585,0.0,0.030647
472.0,26.13,0.0,0.401413,0.0,0.0,0.0,0.0,0.260948,0.154282,0.507487,0.0,0.0495427
473.0,26.1633,0.0,0.317397,0.0,0.0,0.0,0.0,0.180684,0.307839,0.389334,0.0,0.0481876
474.0,26.1967,0.0,0.0558783,0.0,0.0,0.0,0.0,0.406602,0.353361,0.148185,0.0926983,0.0755804
475.0,26.23,0.0107862,0.316801,0.00578507,0.0,0.0131733,0.0,0.181063,0.264799,0.0,0.0405459,0.00459989
476.0,26.2633,0.0,0.0814635,0.0,0.0,0.0,0.0,0.110007,0.112709,0.00280111,0.0710012,0.0
477.0,26.2967,0.0075153,0.0833028,0.0,0.0,0.0,0.0,0.149344,0.105862,0.0,0.0544704,0.0
478.0,26.33,0.157222,0.422932,0.0,0.0,0.0,0.0113355,0.0252778,0.0249126,0.0171654,0.0,0.0
479.0,26.3633,0.0260821,0.126237,0.0,0.0,0.0,0.0153264,0.0490201,0.0924744,0.0858827,0.0,0.0522365
480.0,26.3967,0.127663,0.698388,0.434418,0.0,0.0,0.0,0.125672,0.204334,0.245531,0.0,0.121609
481.0,26.43,0.131083,0.505865,0.380276,0.0,0.167933,0.298745,0.0,0.0124171,0.0,0.0,0.11573
482.0,26.4633,0.0,0.331918,0.0,0.0,0.0,0.0515405,0.0,0.0483922,0.13549,0.245031,0.112903
483.0,26.4967,0.0,0.238646,0.0,0.0,0.0734625,0.0868362,0.0,0.0,0.0,0.0155825,0.0550435
484.0,26.53,0.347872,0.257636,0.623424,0.0803467,0.210712,0.0,0.193145,0.0105755,0.0171696,0.0621969,2.31881e-05
485.0,26.5633,0.281051,0.447865,0.351001,0.0421159,0.110709,0.00537566,0.110463,0.0438149,0.0,0.165187,0.00360442
486.0,26.5967,0.118641,0.547669,0.0537545,0.0429129,0.127251,0.585524,0.0,0.0,0.0983612,0.279302,0.0
487.0,26.63,0.129153,0.693649,0.478915,0.0641514,0.232384,0.754426,0.0,0.0,0.166746,0.393602,0.00973854
488.0,26.6633,0.216312,0.184786,0.595815,0.0,0.0444373,0.711673,0.0,0.0,0.204599,0.286453,0.0
489.0,26.6967,0.45716,0.536865,0.618511,0.0153566,0.00158747,0.562869,0.0,0.0113609,0.0765423,0.525949,0.145284
490.0,26.73,0.640895,0.42708,0.54273,0.0,0.0,0.392071,0.0,0.375012,0.0918007,0.667281,0.112685
491.0,26.7633,0.593247,0.175038,0.564998,0.00970255,0.0,0.446548,0.0,0.134761,0.0,0.71147,0.0673557
492.0,26.7967,0.509295,0.285454,0.604484,0.0554652,0.198468,0.327143,0.0,0.0579067,0.000291575,0.578782,0.0
493.0,26.83,0.145716,0.277433,0.396943,0.0933392,0.367422,0.00539347,0.326005,0.0366159,0.0299582,0.370697,0.0507649
494.0,26.8633,0.0,0.296777,0.0744247,0.002516,0.320493,0.0479202,0.0929592,0.0,0.0,0.358159,0.0232401
495.0,26.8967,0.0,0.233894,0.0253711,0.0,0.0567159,0.234176,0.0,0.0,0.00737895,0.0557129,0.129619
496.0,26.93,0.0322062,0.47773,0.0,0.0,0.0309957,0.608945,0.0,0.0,0.0,0.0,0.181316
497.0,26.9633,0.0278987,0.464624,0.0,0.0,0.0,0.0,0.0,0.00315784,0.477591,0.0,0.0934691
498.0,26.9967,0.0,0.326158,0.0,0.0,0.0,0.0,0.0,0.0789236,0.273021,0.0,0.174644
499.0,27.03,0.0,0.269471,0.0,0.0,0.0,0.0,0.0236561,0.49984,0.405221,0.0,0.138827
500.0,27.0633,0.0435892,0.146174,0.0,0.0,0.0,0.0,0.395583,0.430906,0.108771,0.0719937,0.102923
501.0,27.0967,0.0136159,0.0487711,0.0,0.0,0.0,0.0,0.402003,0.259234,0.0232667,0.116493,0.00459607
502.0,27.13,0.0,0.0608116,0.0,0.0,0.0,0.0,0.206396,0.117231,0.0146609,0.0555843,0.0
503.0,27.1633,0.0,0.0584671,0.0,0.0,0.0,0.0,0.199884,0.120609,0.00155756,0.0592315,0.0
504.0,27.1967,0.0,0.0686944,0.0,0.0,0.0,0.0,0.0332564,0.068779,0.0171892,0.0125647,0.0
505.0,27.23,0.00392204,0.0688077,0.0,0.0,0.0,0.00921103,0.0372803,0.0768735,0.0688178,0.0,0.0298681
506.0,27.2633,0.01052,0.144993,0.0034214,0.0,0.0,0.0330619,0.0,0.0611819,0.0546891,0.00351356,0.0906751
507.0,27.2967,0.677527,0.440293,0.0854183,0.0,0.081939,0.480988,0.0477746,0.0,0.0,0.158936,0.151972
508.0,27.33,0.0708621,0.335449,0.0,0.0,0.0,0.0724062,0.0,0.182193,0.0684059,0.323151,0.0174123
509.0,27.3633,0.151323,0.0495301,0.362525,0.0667887,0.260499,0.0285757,0.455539,0.0,0.0,0.64585,0.336372
510.0,27.3967,0.088458,0.164567,0.0323666,0.0,0.0287709,0.348601,0.0,0.0,0.0170117,0.0907911,0.0387872
511.0,27.43,0.286712,0.374436,0.156331,0.058359,0.15976,0.183332,0.0,0.00815201,0.0,0.340303,0.00237054
512.0,27.4633,0.16003,0.375605,0.0370572,0.0419582,0.114273,0.428141,0.0,0.0,0.0291734,0.303825,0.0
513.0,27.4967,0.175843,0.603021,0.509794,0.0695434,0.244633,0.700666,0.0,0.0,0.102143,0.464955,0.0683013
514.0,27.53,0.219348,0.631083,0.630622,0.0717708,0.254469,0.661606,0.0,0.0,0.0949755,0.443276,0.0611538
515.0,27.5633,0.52393,0.515645,0.68262,0.00885738,0.0,0.621659,0.0,0.0500405,0.0763098,0.67897,0.13219
516.0,27.5967,0.716177,0.423264,0.686814,0.0,0.0,0.558215,0.0,0.347348,0.0716899,0.800829,0.184059
517.0,27.63,0.691251,0.243047,0.627142,0.019265,0.0,0.496108,0.0,0.131716,0.0,0.836398,0.151645
518.0,27.6633,0.510229,0.177816,0.616498,0.0677933,0.199044,0.173157,0.00148979,0.0956365,0.0,0.829613,0.0600827
519.0,27.6967,0.0424373,0.170836,0.0,0.0721147,0.242021,0.152387,0.00803269,0.0183292,0.0,0.237615,0.0
520.0,27.73,0.0,0.172591,0.095116,0.00521309,0.260582,0.0985274,0.0,0.0,0.0,0.0,0.0181026
521.0,27.7633,0.0,0.309168,0.0242583,0.0,0.0496051,0.286494,0.0,0.0,0.0646566,0.0552108,0.171462
522.0,27.7967,0.0281401,0.526757,0.0,0.0,0.158603,0.596512,0.0,0.0,0.0,0.0,0.108957
523.0,27.83,0.060112,0.499159,0.0,0.0,0.00760014,0.30152,0.0,0.0,0.194784,0.0,0.20279
524.0,27.8633,0.0,0.353605,0.0,0.0,0.0,0.114244,0.0,0.0,0.114114,0.0,0.14383
525.0,27.8967,0.00240536,0.435863,0.0,0.0,0.0,0.0,0.0,0.287465,0.352481,0.0,0.0830738
526.0,27.93,0.0,0.830637,0.0,0.0481196,0.172107,0.00791593,0.190424,0.138017,0.0,0.311808,0.081404
527.0,27.9633,0.0,0.847284,0.0,0.0904056,0.299922,0.15433,0.0,0.00520035,0.0,0.0970518,0.171085
528.0,27.9967,0.0,0.717291,0.0403201,0.00679771,0.134129,0.257889,0.0,0.0,0.0,0.0,0.0409303
529.0,28.03,0.0,0.487478,0.335346,0.0117956,0.103693,0.117065,0.0,0.0,0.0112081,0.0,0.0828852
530.0,28.0633,0.0,0.164254,0.0706436,0.0,0.0,0.000110269,0.0,0.0,0.0713777,0.0,0.0
531.0,28.0967,0.0,0.350315,0.0,0.0,0.0,0.0,0.0,0.112006,0.249635,0.0,0.0457386
532.0,28.13,0.0,0.267802,0.0,0.0,0.0,0.0263137,0.0,0.043375,0.150887,0.0253555,0.0548089
533.0,28.1633,0.0916046,0.483446,0.328591,0.0,0.044294,0.506309,0.0,0.0363731,0.0,0.1714,0.0670561
534.0,28.1967,0.267621,0.00804292,0.148434,0.0,0.0,0.0343967,0.0,0.279181,0.0480047,0.702264,0.0347052
535.0,28.23,0.157167,0.0341233,0.0,0.0,0.0,0.0445949,0.316964,0.21166,0.0,0.437508,0.0
536.0,28.2633,0.219799,0.0414172,0.0267016,0.0,0.0622394,0.37369,0.0,0.0,0.000676662,0.170498,0.0
537.0,28.2967,0.141164,0.00930843,0.126705,0.0612162,0.154758,0.0,0.127046,0.042067,0.0,0.503504,0.0
538.0,28.33,0.0,0.0,0.0145021,0.0268893,0.0783587,0.469769,0.0,0.0,0.0453335,0.365318,0.0
539.0,28.3633,0.134488,0.0178561,0.229045,0.0526945,0.171163,0.778352,0.0,0.0,0.140919,0.600764,0.0793203
540.0,28.3967,0.298033,0.0,0.483172,0.037509,0.09869,0.592995,0.0,0.0,0.10241,0.463182,0.0189132
541.0,28.43,0.447916,0.0,0.331184,0.0,0.0,0.548268,0.0,0.325327,0.0600766,0.759168,0.0506903
542.0,28.4633,0.544045,0.0,0.280872,0.0,0.0,0.54285,0.0,0.166911,0.00261784,0.766692,0.0212625
543.0,28.4967,0.258505,0.0,0.207136,0.0441959,0.19017,0.382893,0.0,0.0216851,0.00245627,0.469843,0.0
544.0,28.53,0.0715334,0.0,0.0386194,0.0449924,0.268619,0.0,0.455946,0.0257963,0.0176177,0.0466652,0.230008
545.0,28.5633,0.0,0.266319,0.0740309,0.0,0.250745,0.351843,0.0,0.0125464,0.0,0.130141,0.0614373
546.0,28.5967,0.0,0.348758,0.039402,0.0,0.0908687,0.14397,0.0,0.015553,0.0,0.117016,0.0323882
547.0,28.63,0.0,0.204771,0.0179076,0.0,0.00123864,0.0734721,0.0,0.0,0.126398,0.0,0.224727
548.0,28.6633,0.028383,0.380961,0.0,0.0,0.0,0.0,0.0149704,0.166393,0.0,0.0,0.0793748
549.0,28.6967,0.0269492,0.135559,0.0,0.0,0.0,0.0250871,0.0565034,0.0,0.100966,0.0,0.111184
550.0,28.73,0.0,0.439811,0.0,0.0,0.0,0.0,0.0,0.0876357,0.383511,0.0,0.121876
551.0,28.7633,0.0,0.407807,0.0,0.0,0.0,0.0,0.0,0.346694,0.347766,0.0,0.162358
552.0,28.7967,0.0,0.0931513,0.00901324,0.0,0.0,0.0,0.310003,0.486594,0.102227,0.156488,0.14384
553.0,28.83,0.000652504,0.253242,0.0,0.0,0.00598893,0.0,0.208554,0.350234,0.0,0.0897766,0.00261669
554.0,28.8633,0.00426703,0.0694904,0.0,0.0,0.0,0.000571316,0.105015,0.116004,0.0,0.121019,0.0
555.0,28.8967,0.0,0.511033,0.0,0.0184498,0.0550748,0.0,0.166913,0.0679317,0.0150743,0.0378971,0.0
556.0,28.93,0.00156529,0.0744851,0.0,0.0,0.00258674,0.0315963,0.00147446,0.0,0.0715065,0.0,0.0540622
557.0,28.9633,0.0,0.182886,0.0,0.0,0.0,0.000789417,0.0,0.0651266,0.0868017,0.0,0.039069
558.0,28.9967,0.0,0.140163,0.00385855,0.0,0.0,0.0226448,0.0,0.0677012,0.0603784,0.0,0.0878945
559.0,29.03,0.589207,0.425006,0.180976,0.0,0.150358,0.53949,0.0484243,0.0,0.0,0.0,0.111757
560.0,29.0633,0.206714,0.156834,0.0979426,0.0,0.0,0.0266026,0.0,0.214516,0.0639154,0.372147,0.0247649
561.0,29.0967,0.309941,0.0787731,0.287449,0.0,0.0,0.0,0.199794,0.441237,0.0,0.479476,0.0177203
562.0,29.13,0.0,0.24671,0.0,0.0,0.0429656,0.397403,0.0,0.0,0.0,0.182024,0.156081
563.0,29.1633,0.0564322,0.369671,0.0,0.0534283,0.157653,0.0890319,0.0,0.0205897,0.0,0.43449,0.0
564.0,29.1967,0.114331,0.580143,0.139772,0.0643201,0.203547,0.427387,0.0,0.0,0.0288557,0.325796,0.0
565.0,29.23,0.0695628,0.3341,0.0,0.0459028,0.132907,0.597559,0.0,0.0,0.0769142,0.37541,0.0
566.0,29.2633,0.0392184,0.646913,0.325801,0.0654832,0.224171,0.727154,0.0,0.0,0.106736,0.515648,0.083938
567.0,29.2967,0.266683,0.576862,0.648054,0.0437911,0.135808,0.642384,0.0,0.0,0.0830162,0.542318,0.0803966
568.0,29.33,0.591731,0.226906,0.572716,0.0,0.0,0.554231,0.0,0.320966,0.101979,0.742906,0.132164
569.0,29.3633,0.670235,0.0076793,0.512812,0.0100258,0.0,0.557293,0.0,0.175483,0.0393764,0.793091,0.151164
570.0,29.3967,0.673502,0.0417105,0.720744,0.025725,0.0804652,0.564319,0.0,0.262275,0.0,0.903825,0.0721687
571.0,29.43,0.247744,0.134832,0.0538401,0.081598,0.242926,0.0264222,0.0822508,0.0703339,0.0,0.622834,0.0647525
572.0,29.4633,0.0,0.0359512,0.0,0.0323696,0.144486,0.228813,0.00162612,0.0139589,0.0293155,0.0445795,0.00464887
573.0,29.4967,0.00924143,0.498395,0.0,0.0,0.112165,0.140716,0.00488114,0.0,0.0,0.0,0.134493
574.0,29.53,0.0637499,0.459015,0.0,0.0,0.0295472,0.289209,0.00315545,0.0,0.0,0.0,0.219513
575.0,29.5633,0.0215496,0.37429,0.0,0.0,0.20991,0.262965,0.0,0.0,0.0,0.0,0.0236224
576.0,29.5967,0.0178764,0.541314,0.0,0.0,0.0,0.0866769,0.0,0.0,0.232663,0.0,0.186757
577.0,29.63,0.0,0.499627,0.0,0.0,0.0,0.0,0.0,0.295968,0.436638,0.0,0.119318
578.0,29.6633,0.0,0.314543,0.0,0.0,0.0,0.0,0.341148,0.216141,0.0947829,0.0242448,0.16927
579.0,29.6967,0.0,0.795695,0.0,0.0530262,0.18776,0.0,0.212656,0.0817285,0.0170546,0.0862024,0.0
580.0,29.73,0.0,0.790971,0.0,0.0454318,0.161626,0.119246,0.0,0.0,0.0834961,0.0,0.0276343
581.0,29.7633,0.0,0.109761,0.000607923,0.0,0.0382836,0.100656,0.0,0.0,0.0728222,0.0,0.0110764
582.0,29.7967,0.0,0.17093,0.0207729,0.0,0.00964749,0.0168422,0.0,0.0,0.0549833,0.0,0.0
583.0,29.83,0.0,0.15029,0.00659176,0.0,0.0,0.0,0.0,0.0887818,0.214546,0.0,0.0
584.0,29.8633,0.0,0.296969,0.0,0.0,0.0,0.0,0.0,0.110856,0.209644,0.0,0.00051195
585.0,29.8967,0.105129,0.445867,0.0126865,0.0,0.0,0.265914,0.0,0.147456,0.0,0.0126958,0.112045
586.0,29.93,0.204079,0.0818359,0.356419,0.0,0.0,0.000895489,0.0,0.153647,0.0,0.633213,0.0
587.0,29.9633,0.0862046,0.0999122,0.192565,0.0,0.0,0.0129014,0.0,0.200615,0.0,0.479604,0.0
588.0,29.9967,0.219386,0.0135778,0.0,0.0,0.0,0.088846,0.0,0.0,0.0,0.215629,0.0
589.0,30.03,0.177588,0.0,0.061325,0.0353335,0.114887,0.149566,0.037709,0.0,0.0,0.576119,0.0
590.0,30.0633,0.0,0.0437963,0.00667428,0.0238093,0.0707191,0.411878,0.0,0.0,0.0419662,0.330336,0.0
591.0,30.0967,0.134632,0.0266294,0.165984,0.0529641,0.170181,0.759329,0.0,0.0,0.166741,0.538578,0.0402488
592.0,30.13,0.212195,0.0,0.4027,0.0365703,0.0909877,0.561957,0.0,0.0,0.130961,0.38171,0.018599
593.0,30.1633,0.350884,0.0,0.215774,0.0,0.0,0.487375,0.0,0.215546,0.0799591,0.674262,0.0444518
594.0,30.1967,0.466637,0.0,0.253938,0.0,0.0,0.567564,0.0,0.0568125,0.0,0.723451,0.0254075
595.0,30.23,0.504041,0.0,0.218408,0.0648794,0.191233,0.438923,0.0,0.0104705,0.0,0.591221,0.0
596.0,30.2633,0.0921792,0.0,0.0111341,0.0808446,0.363439,0.0,0.332531,0.0,0.0,0.295327,0.0507595
597.0,30.2967,0.0,0.0780365,0.0,0.0251865,0.152483,0.422325,0.0,0.0,0.0617653,0.0904651,0.187493
598.0,30.33,0.0,0.353065,0.0172292,0.0,0.0896574,0.237156,0.0,0.00833961,0.0,0.233986,0.103825
599.0,30.3633,0.0,0.245933,0.0,0.0,0.0,0.0155232,0.0632571,0.056733,0.119687,0.0,0.121901
600.0,30.3967,0.0,0.329646,0.0,0.0,0.0,0.0,0.0961061,0.0,0.240926,0.0,0.167036
601.0,30.43,0.0,0.599327,0.0,0.0,0.0,0.0,0.040203,0.0997241,0.413381,0.0,0.106399
602.0,30.4633,0.0,0.33737,0.0,0.0,0.0,0.0,0.0933566,0.177164,0.22147,0.0,0.120327
603.0,30.4967,0.0258906,0.356184,0.0,0.0,0.0,0.0,0.0273997,0.323778,0.341606,0.0,0.153571
604.0,30.53,0.0,0.0745406,0.00897567,0.0,0.0,0.0,0.175955,0.422973,0.0992495,0.199808,0.00393732
605.0,30.5633,0.00128238,0.257559,0.0,0.0,0.000582878,0.0,0.161433,0.302287,0.0,0.0771297,0.0
606.0,30.5967,0.0,0.799708,0.0,0.0248554,0.078579,0.0179411,0.109234,0.0627999,0.0135361,0.0403314,0.0
607.0,30.63,0.0315031,0.526981,0.0,0.0332858,0.0996726,0.0141802,0.075646,0.00596953,0.0280616,0.0,0.0
608.0,30.6633,0.00155929,0.0663256,0.0,0.0,0.0,0.0428023,0.0,0.0,0.0959413,0.0,0.0370358
609.0,30.6967,0.0,0.133648,0.0,0.0,0.0,0.000661036,0.0,0.0761849,0.0855817,0.0,0.0430581
610.0,30.73,0.0174215,0.169929,0.0,0.0,0.0,0.0240985,0.0,0.0848131,0.0606393,0.0643615,0.0759912
611.0,30.7633,0.752642,0.240606,0.221781,0.00886366,0.0590988,0.331334,0.0,0.0159673,0.0,0.21132,0.0896312
612.0,30.7967,0.190116,0.143672,0.156696,0.0,0.0,0.0,0.0,0.259928,0.0,0.437242,0.0279277
613.0,30.83,0.0,0.229824,0.0,0.0,0.0,0.208864,0.0,0.0,0.0,0.227681,0.0759623
614.0,30.8633,0.325332,0.72472,0.0,0.023239,0.0314368,0.0221464,0.301137,0.151695,0.0,0.631621,0.0
615.0,30.8967,0.366189,0.127961,0.327952,0.0273341,0.0684746,0.0,0.256684,0.136358,0.0,0.616439,0.0
616.0,30.93,0.0727737,0.0703845,0.287035,0.0434964,0.342259,0.715576,0.0,0.0,0.0,0.289644,0.0
617.0,30.9633,0.158438,0.523819,0.425343,0.0926792,0.329494,0.703194,0.0,0.0,0.112988,0.301913,0.0864702
618.0,30.9967,0.203526,0.188746,0.622951,0.0,0.129277,0.592602,0.0,0.0,0.0632368,0.204219,0.0
619.0,31.03,0.557198,0.333708,0.621143,0.011012,0.0,0.556719,0.0,0.0745823,0.0958797,0.583145,0.0341767
620.0,31.0633,0.582323,0.144004,0.509464,0.0,0.0,0.471447,0.0,0.331446,0.0187493,0.742735,0.157112
621.0,31.0967,0.558583,0.0,0.535118,0.0,0.102701,0.474308,0.0,0.111084,0.0,0.754716,0.0
622.0,31.13,0.607071,0.0,0.433855,0.108203,0.316784,0.230183,0.0,0.0127983,0.0,0.682338,0.0
623.0,31.1633,0.0918104,0.276876,0.400216,0.0908694,0.373814,0.0441227,0.0218401,0.0,0.0177707,0.274437,0.0
624.0,31.1967,0.0,0.40827,0.054726,0.0,0.324531,0.0885378,0.0,0.0,0.0,0.163513,0.0345556
625.0,31.23,0.0,0.177116,0.0195538,0.0,0.0471365,0.291298,0.0,0.0,0.0324677,0.0904854,0.137934
626.0,31.2633,0.024274,0.495008,0.0,0.0,0.0486169,0.5374,0.0,0.0,0.0,0.0,0.173263
627.0,31.2967,0.175987,0.447204,0.0,0.0,0.153847,0.111254,0.0,0.0,0.0,0.0,0.219077
628.0,31.33,0.0,0.252969,0.0,0.0,0.0,0.0,0.0,0.00381385,0.27986,0.0,0.14657
629.0,31.3633,0.0,0.454525,0.0,0.0,0.0,0.0,0.0,0.249371,0.444429,0.0,0.109596
630.0,31.3967,0.0411423,0.209892,0.0,0.0,0.0,0.0,0.294933,0.410887,0.141697,0.0471274,0.0858926
631.0,31.43,0.0185722,0.279747,0.0,0.0,0.0,0.0,0.259064,0.442973,0.0,0.0797929,0.0708323
632.0,31.4633,0.012442,0.0764188,0.0,0.0,0.0,0.0,0.228788,0.173045,0.00720605,0.098614,0.0
633.0,31.4967,0.122731,0.547924,0.0,0.0177296,0.0546928,0.0,0.250211,0.0926901,0.0323329,0.0311615,0.0
634.0,31.53,0.0,0.112634,0.00737076,0.0,0.0,0.0156874,0.00347413,0.0323569,0.0590525,0.0538168,0.0
635.0,31.5633,0.00515292,0.0659777,0.0,0.0,0.0,0.0130844,0.0609293,0.10698,0.0701879,0.0,0.0558543
636.0,31.5967,0.243053,0.734519,0.370569,0.0,0.0,0.0,0.0,0.231596,0.273706,0.0,0.0998083
637.0,31.63,0.00899536,0.573713,0.323704,0.0,0.0572888,0.0,0.0,0.0,0.0805995,0.0,0.00959086
638.0,31.6633,0.175313,0.231046,0.429069,0.0,0.0,0.0,0.0125915,0.0342426,0.0,0.546334,0.0
639.0,31.6967,0.0984313,0.177822,0.193551,0.0,0.0,0.0,0.000850592,0.0,0.0,0.0369964,0.0377683
640.0,31.73,0.529471,0.0727329,0.415842,0.0,0.0,0.0,0.0,0.530065,0.0,0.311461,0.0
641.0,31.7633,0.16493,0.512148,0.311336,0.0438757,0.125305,0.00656578,0.0561475,0.0406548,0.0129708,0.192603,0.0817368
642.0,31.7967,0.228129,0.378275,0.141624,0.0477147,0.132888,0.371015,0.0,0.0,0.0368704,0.145055,0.0586621
643.0,31.83,0.417785,0.0,0.468298,0.0,0.0,0.649706,0.0,0.0,0.214568,0.329255,0.0
644.0,31.8633,0.266927,0.591793,0.576002,0.0501747,0.168696,0.68175,0.0,0.0,0.110749,0.48539,0.0766342
645.0,31.8967,0.603697,0.443722,0.609836,0.0,0.0,0.575296,0.0,0.237875,0.144241,0.664703,0.132885
646.0,31.93,0.673612,0.283772,0.627876,0.0,0.0,0.517306,0.0,0.284407,0.0714768,0.725988,0.159158
647.0,31.9633,0.607729,0.135478,0.646662,0.0,0.0,0.529486,0.0,0.144755,0.0,0.859919,0.0846589
648.0,31.9967,0.506776,0.0718864,0.442196,0.0870071,0.253548,0.302372,0.0,0.089845,0.0,0.751495,0.0426367
649.0,32.03,0.13418,0.278165,0.43953,0.0982499,0.374539,0.0151219,0.0609533,0.0,0.0155097,0.390289,0.0
650.0,32.0633,0.0,0.275761,0.0757992,0.0,0.263545,0.154524,0.0,0.0,0.0,0.259877,0.0876855
651.0,32.0967,0.140109,0.303685,0.0464179,0.0,0.311205,0.685717,0.0,0.0,0.0,0.0,0.073731
652.0,32.13,0.0,0.363773,0.0,0.0,0.167487,0.252525,0.0,0.0,0.0,0.0,0.0
653.0,32.1633,0.0257322,0.490277,0.0,0.0,0.0,0.0,0.0,0.0723878,0.198682,0.0,0.138259
654.0,32.1967,0.0176585,0.375071,0.0,0.0,0.0,0.0,0.0,0.115874,0.22897,0.0,0.118592
655.0,32.23,0.00834592,0.478241,0.0,0.0,0.0,0.0,0.0,0.32246,0.434245,0.0,0.0964561
656.0,32.2633,0.0430633,0.176966,0.0,0.0,0.0,0.0,0.353365,0.427271,0.145431,0.0269638,0.0918372
657.0,32.2967,0.0169778,0.0566216,0.0,0.0,0.0,0.0,0.425025,0.286555,0.0427607,0.0811524,0.0268054
658.0,32.33,0.00697519,0.0610368,0.0,0.0,0.0,0.0,0.248953,0.170149,0.0191485,0.0693639,0.0
659.0,32.3633,0.0,0.418568,0.0,0.00167242,0.0103579,0.0,0.164006,0.0715604,0.0368604,0.00321919,0.0
660.0,32.3967,0.0,0.0692926,0.0,0.0,0.0,0.0536803,0.0,0.0,0.10983,0.0,0.0
661.0,32.43,0.0,0.0923577,0.0,0.0,0.0,0.00585467,0.0,0.0227561,0.149651,0.0,0.0265511
662.0,32.4633,0.0,0.275773,0.0383779,0.0,0.0112707,0.075243,0.0,0.123044,0.0,0.0,0.144441
663.0,32.4967,0.635854,0.456425,0.125004,0.0,0.153525,0.325767,0.0276191,0.142162,0.0,0.410774,0.244237
664.0,32.53,0.0317222,0.276108,0.0,0.0,0.0,0.0,0.0,0.0771297,0.0,0.169353,0.0
665.0,32.5633,0.670274,0.0,0.382567,0.0,0.0,0.0,0.190773,0.589595,0.0,0.639164,0.0484391
666.0,32.5967,0.218459,0.409053,0.26689,0.048397,0.131616,0.0173134,0.0271985,0.0528242,0.0,0.374748,0.151665
667.0,32.63,0.125003,0.423993,0.0,0.0356108,0.0985033,0.373397,0.0,0.0,0.0226489,0.214223,0.0
668.0,32.6633,0.136902,0.41939,0.0,0.0517062,0.145562,0.536973,0.0,0.0,0.0816169,0.252695,0.0
669.0,32.6967,0.0940076,0.512412,0.0998332,0.0637315,0.213324,0.73076,0.0,0.0,0.171838,0.322256,0.0
670.0,32.73,0.0119989,0.390808,0.160289,0.0996877,0.358968,0.519833,0.0,0.0,0.112778,0.206962,0.299362
671.0,32.7633,0.557093,0.294353,0.581731,0.00279361,0.0,0.619987,0.0,0.225544,0.119475,0.667344,0.0511163
672.0,32.7967,0.553672,0.186844,0.553396,0.0,0.0,0.592789,0.0,0.367676,0.0143514,0.806787,0.101378
673.0,32.83,0.597653,0.0477013,0.514899,0.0141015,0.0407577,0.511642,0.0,0.0984449,0.0,0.801444,0.0154603
674.0,32.8633,0.570707,0.108988,0.256914,0.0890041,0.258843,0.252282,0.0,0.0198589,0.0,0.583436,0.0
675.0,32.8967,0.0487212,0.336702,0.480453,0.0877593,0.384307,0.00971067,0.290617,0.0,0.0028637,0.254866,0.250701
676.0,32.93,0.0,0.301848,0.0479623,0.0,0.162203,0.209411,0.0,0.0,0.0,0.349825,0.0638826
677.0,32.9633,0.187128,0.382934,0.0496241,0.0196275,0.39394,0.767969,0.0,0.0,0.0,0.0,0.0311587
678.0,32.9967,0.0,0.202779,0.0,0.0,0.00178875,0.382017,0.0,0.0,0.308523,0.0,0.244399
679.0,33.03,0.00480182,0.510617,0.0,0.0,0.0,0.0987785,0.0,0.00986156,0.0,0.0,0.0787553
680.0,33.0633,0.0221929,0.373115,0.0,0.0,0.0,0.0,0.00224076,0.0630853,0.0,0.0,0.0503322
681.0,33.0967,0.0479996,0.499528,0.0,0.0,0.0,0.0,0.0,0.322869,0.431907,0.0,0.137637
682.0,33.13,0.0751178,0.1969,0.0,0.0,0.0,0.0,0.387323,0.458841,0.0888981,0.0580259,0.0771171
683.0,33.1633,0.027411,0.0784846,0.0,0.0,0.0,0.0,0.410923,0.277906,0.0280048,0.0990304,0.0272158
684.0,33.1967,0.0518089,0.0382071,0.0,0.0108566,0.0367981,0.0,0.21925,0.113023,0.0158038,0.0650167,0.0
685.0,33.23,0.0930524,0.418758,0.0,0.0179976,0.0690071,0.0,0.0457544,0.0,0.0676333,0.0,0.00242276
686.0,33.2633,0.0,0.0753453,0.0018854,0.0,0.0,0.0417552,0.0,0.0,0.134503,0.0,0.0
687.0,33.2967,0.0,0.113084,0.0,0.0,0.0,0.00491289,0.00309307,0.076475,0.104193,0.0,0.0
688.0,33.33,0.22268,0.343775,0.276797,0.0,0.0,0.0,0.0,0.0518517,0.0440458,0.0104334,0.109673
689.0,33.3633,0.290642,0.147343,0.0676007,0.011614,0.0399137,0.0766742,0.0152805,0.0246742,0.013966,0.084949,0.0
690.0,33.3967,0.0,0.263923,0.0,0.0,0.0,0.0,0.0,0.0,0.0,0.0107823,0.00550442
691.0,33.43,0.39272,0.0475468,0.421683,0.0,0.0,0.299161,0.0,0.0,0.0,0.215728,0.0
692.0,33.4633,0.311217,0.268252,0.142537,0.0129785,0.138536,0.318688,0.0,0.0,0.0,0.111275,0.0
693.0,33.4967,0.221339,0.361454,0.0,0.0392758,0.0993311,0.307629,0.0,0.0,0.0198899,0.153771,0.0
694.0,33.53,0.30478,0.392615,0.454269,0.0620134,0.18316,0.516587,0.0,0.0,0.0858653,0.229071,0.0
695.0,33.5633,0.286566,0.465207,0.4685,0.0621702,0.205931,0.679512,0.0,0.0,0.123387,0.356082,0.0210289
696.0,33.5967,0.334703,0.543573,0.548824,0.0339007,0.0987788,0.618006,0.0,0.0,0.128859,0.341992,0.0287582
697.0,33.63,0.692292,0.39816,0.622477,0.0,0.0,0.512405,0.0,0.301126,0.126416,0.633183,0.0569308
698.0,33.6633,0.65563,0.239442,0.641224,0.0,0.0,0.596812,0.0,0.311051,0.0,0.796101,0.145982
699.0,33.6967,0.629167,0.0360963,0.438168,0.0585903,0.168078,0.526189,0.0,0.0433522,0.0,0.699225,0.0126354
700.0,33.73,0.284296,0.405142,0.500704,0.0709119,0.305144,0.288678,0.0,0.010917,0.0,0.520688,0.0
701.0,33.7633,0.0123753,0.263914,0.436297,0.097582,0.407939,0.0,0.288116,0.0,0.0,0.26555,0.230223
702.0,33.7967,0.0,0.291326,0.057366,0.0,0.122951,0.154313,0.0,0.0,0.0,0.269696,0.0
703.0,33.83,0.0359152,0.334582,0.0172149,0.0,0.143116,0.535474,0.0,0.0,0.0,0.0,0.0571591
704.0,33.8633,0.0,0.340617,0.0,0.0,0.0,0.0,0.0585245,0.102205,0.00703386,0.0,0.0
705.0,33.8967,0.0,0.525913,0.0,0.0,0.0,0.0,0.073294,0.0356251,0.465797,0.0,0.182723
706.0,33.93,0.0,0.494752,0.0,0.0,0.0,0.0,0.180437,0.260212,0.415613,0.0,0.0891695
707.0,33.9633,0.0,0.344886,0.0,0.0,0.0,0.0,0.238586,0.375603,0.3576,0.0,0.252259
708.0,33.9967,0.0,0.0798721,0.00519979,0.0,0.0,0.0,0.460847,0.425574,0.0743086,0.114482,0.132568
709.0,34.03,0.00875443,0.0518936,0.0,0.0,0.0,0.0,0.327705,0.205827,0.025219,0.0994032,0.00136819
710.0,34.0633,0.0040193,0.0560359,0.0,0.0,0.0,0.0,0.132102,0.126899,0.00997305,0.0711654,0.0
711.0,34.0967,0.00222013,0.0623805,0.0,0.0,0.0,0.0,0.0879208,0.104143,0.0133796,0.0441038,0.0
712.0,34.13,0.0,0.0969888,0.0,0.0,0.0,0.0121326,0.0,0.019206,0.0347476,0.0,0.0
713.0,34.1633,0.0,0.127756,0.0,0.0,0.0,0.0151283,0.0,0.0271988,0.0723907,0.0,0.0239566
714.0,34.1967,0.756288,0.371673,0.265954,0.0396586,0.178846,0.0633342,0.0,0.0276098,0.0,0.0,0.183
715.0,34.23,0.0681869,0.505594,0.357119,0.0,0.00608272,0.180633,0.0,0.214504,0.0,0.146824,0.0
716.0,34.2633,0.0,0.295969,0.0,0.0,0.0,0.0,0.0,0.00704313,0.0,0.122551,0.000498816
717.0,34.2967,0.514307,0.0,0.328369,0.0,0.0,0.0,0.0,0.451734,0.0,0.167959,0.0369997
718.0,34.33,0.185532,0.146508,0.171174,0.0353378,0.0832242,0.00550059,0.0632067,0.0763216,0.0,0.309329,0.0802696
719.0,34.3633,0.11672,0.461331,0.0,0.0372542,0.105804,0.501221,0.0,0.0,0.0575464,0.254032,0.00717081
720.0,34.3967,0.0968959,0.379457,0.0,0.0475907,0.130173,0.569519,0.0,0.0,0.082821,0.282243,0.0
721.0,34.43,0.120037,0.557919,0.206378,0.0661746,0.233383,0.749885,0.0,0.0,0.146982,0.414311,0.0
722.0,34.4633,0.128086,0.201138,0.513888,0.0,0.153517,0.748472,0.0,0.0,0.186558,0.305917,0.0
723.0,34.4967,0.583904,0.250525,0.567089,0.00399534,0.0,0.617723,0.0,0.188738,0.1138,0.676852,0.110057
724.0,34.53,0.628516,0.230682,0.575694,0.00237435,0.0,0.545904,0.0,0.227368,0.0706052,0.698623,0.123216
725.0,34.5633,0.676494,0.086321,0.62869,0.00976253,0.0269965,0.512516,0.0,0.129362,0.0,0.837234,0.00507449
726.0,34.5967,0.599933,0.123459,0.30706,0.0935258,0.266884,0.234273,0.0,0.0225216,0.0,0.622436,0.0
727.0,34.63,0.0786238,0.322434,0.0,0.0731242,0.266345,0.11162,0.0150001,0.0,0.0,0.173957,0.00354402
728.0,34.6633,0.0,0.248205,0.621636,0.102054,0.383569,0.192347,0.0,0.0,0.0917132,0.0,0.0244998
729.0,34.6967,0.0,0.808157,0.0266943,0.116746,0.590918,0.864311,0.0,0.0,0.0,0.0,0.00288674
730.0,34.73,0.0,0.488319,0.0,0.0,0.0610496,0.699579,0.0,0.0,0.54281,0.0,0.186747
731.0,34.7633,0.350786,0.464957,0.0,0.0553876,0.281796,0.456143,0.0,0.0,0.0,0.0,0.24025
732.0,34.7967,0.0,0.273819,0.0,0.0,0.0,0.141624,0.0,0.0,0.280428,0.0,0.1105
733.0,34.83,0.0,0.484254,0.0,0.0,0.0,0.0,0.0,0.219184,0.413014,0.0,0.0611515
734.0,34.8633,0.0,0.639968,0.0,0.0276823,0.112475,0.0,0.230268,0.109127,0.0193263,0.12472,0.0
735.0,34.8967,0.0,0.794166,0.0,0.137723,0.430826,0.0875749,0.0396778,0.0,0.0216248,0.0,0.315244
736.0,34.93,0.0,0.374546,0.0148608,0.0,0.097528,0.159598,0.0,0.0,0.0606901,0.0,0.0633829
737.0,34.9633,0.0,0.324931,0.212196,0.0,0.0387499,0.0787551,0.0,0.0,0.0414197,0.0,0.0932793
738.0,34.9967,0.0,0.130097,0.0,0.0,0.0,0.0,0.0,0.0,0.156098,0.0,0.0
739.0,35.03,0.0,0.0,0.0484296,0.0,0.0,0.0,0.0,0.0218664,0.169171,0.0,0.0696295
740.0,35.0633,0.117293,0.133761,0.0164925,0.0,0.00659891,0.273064,0.0,0.0754435,0.0,0.0620978,0.0907807
741.0,35.0967,0.209261,0.246178,0.0873888,0.0,0.0,0.0941333,0.0,0.519038,0.0207976,0.523757,0.0061571
742.0,35.13,0.160454,0.391067,0.0,0.0,0.0,0.0,0.0914224,0.0532797,0.0,0.264849,0.0
743.0,35.1633,0.422791,0.0,0.551885,0.0592659,0.240771,0.0436272,0.472695,0.0984396,0.0,0.762961,0.0
744.0,35.1967,0.161229,0.0,0.0,0.0690616,0.220509,0.0524723,0.00428952,0.0245796,0.0,0.369693,0.0245716
745.0,35.23,0.152348,0.269415,0.0,0.0203751,0.0688839,0.336746,0.0,0.0,0.0113475,0.268892,0.0
746.0,35.2633,0.188753,0.0,0.0,0.05883,0.190775,0.706548,0.0,0.0,0.106278,0.411576,0.0
747.0,35.2967,0.190878,0.0,0.0,0.0597946,0.168881,0.663584,0.0,0.00354833,0.171631,0.11226,0.00374545
748.0,35.33,0.568514,0.0,0.178608,0.0194257,0.0493688,0.511503,0.0,0.0,0.145175,0.165091,0.0
749.0,35.3633,0.677393,0.0,0.310289,0.0228952,0.0562549,0.612454,0.0,0.00661776,0.0545218,0.485447,0.0220632
750.0,35.3967,0.538432,0.0,0.372977,0.0117962,0.278198,0.311376,0.0,0.0626208,0.0,0.395134,0.0913337
751.0,35.43,0.319616,0.0146848,0.303731,0.0881067,0.277828,0.20987,0.0,0.0,0.0,0.222634,0.0
752.0,35.4633,0.0,0.245125,0.0196143,0.0,0.184301,0.289829,0.0,0.0264053,0.0,0.0417114,0.248775
753.0,35.4967,0.0,0.202854,0.0750166,0.0,0.157794,0.262548,0.0,0.0546821,0.0,0.0738755,0.0400014
754.0,35.53,0.0,0.330001,0.0,0.0,0.0,0.137104,0.00563609,0.0945883,0.0,0.274561,0.0896113
755.0,35.5633,0.0,0.221771,0.0,0.0,0.0,0.0,0.0321335,0.0217585,0.0902467,0.0163996,0.206201
756.0,35.5967,0.0,0.314013,0.0,0.0,0.0,0.0,0.00066447,0.0,0.177882,0.0,0.206314
757.0,35.63,0.0,0.208118,0.0,0.0,0.0146335,0.035002,0.0588154,0.0,0.0526955,0.0,0.0575341
758.0,35.6633,0.0,0.529847,0.0,0.0,0.0,0.0,0.00385072,0.11509,0.426152,0.0,0.109823
759.0,35.6967,0.0341573,0.414259,0.0,0.0,0.0,0.0,0.0302556,0.358034,0.333186,0.0101956,0.0928068
760.0,35.73,0.0413368,0.106068,0.0,0.0,0.0,0.0,0.321217,0.438868,0.0766828,0.0844618,0.0829904
761.0,35.7633,0.00373188,0.2544,0.0,0.0,0.0,0.0,0.214157,0.335054,0.0,0.149912,0.0424586
762.0,35.7967,0.0,0.835953,0.0,0.0177317,0.0529988,0.0,0.154294,0.0873478,0.0205715,0.0366154,0.00911642
763.0,35.83,0.0,0.588834,0.0,0.0337561,0.0981847,0.0139899,0.0821732,0.016483,0.037931,0.0,0.0208525
764.0,35.8633,0.00103005,0.0984623,0.000309218,0.0,0.0,0.0879627,0.0,0.0,0.130195,0.0,0.147776
765.0,35.8967,0.00433608,0.104515,0.000587661,0.0,0.0,0.00206585,0.0178313,0.0901703,0.126895,0.0,0.0932587
766.0,35.93,0.164747,0.690754,0.505624,0.0,0.0,0.0,0.0,0.152943,0.0,0.0,0.170425
767.0,35.9633,0.389393,0.117839,0.0992674,0.00252884,0.0258556,0.0491659,0.0389169,0.0818246,0.0,0.18258,0.0
768.0,35.9967,0.232161,0.0313411,0.371294,0.0,0.0,0.0,0.313787,0.149974,0.0,0.436529,0.0315397
769.0,36.03,0.417532,0.023644,0.174618,0.0,0.0,0.0,0.0,0.401039,0.0,0.379377,0.109789
770.0,36.0633,0.257206,0.27242,0.375327,0.0701906,0.208654,0.0,0.119522,0.040827,0.0,0.300687,0.0630046
771.0,36.0967,0.242267,0.380226,0.0,0.0375305,0.101882,0.34196,0.0,0.0,0.0216171,0.133597,0.0
772.0,36.13,0.218049,0.323875,0.255689,0.0763033,0.221243,0.570852,0.0,0.0,0.090518,0.223314,0.00505644
773.0,36.1633,0.177394,0.393614,0.114726,0.0717844,0.238155,0.735335,0.0,0.0,0.136509,0.37883,0.0
774.0,36.1967,0.219155,0.160164,0.536336,0.0,0.0169172,0.74885,0.0,0.0,0.195354,0.367286,0.0
775.0,36.23,0.643463,0.278447,0.516351,0.000284422,0.0,0.593215,0.0,0.207366,0.148614,0.606299,0.0565883
776.0,36.2633,0.720253,0.199025,0.642381,0.0,0.0,0.629156,0.0,0.202407,0.0192382,0.717476,0.102652
777.0,36.2967,0.58242,0.450076,0.56615,0.0597383,0.174078,0.4455,0.0,0.0835601,0.0,0.777068,0.0
778.0,36.33,0.317955,0.103691,0.354502,0.101219,0.39692,0.233037,0.0,0.0,0.0,0.452268,0.0
779.0,36.3633,0.0,0.514022,0.584056,0.0797113,0.363962,0.0,0.348254,0.0146166,0.0,0.358909,0.318584
780.0,36.3967,0.0,0.214537,0.0405107,0.0,0.133239,0.0562658,0.0,0.0124999,0.0,0.413619,0.00674562
781.0,36.43,0.00906077,0.370809,0.0,0.0,0.0974206,0.392638,0.0,0.0,0.0,0.0,0.0492575
782.0,36.4633,0.0413579,0.445982,0.0,0.0,0.0,0.0,0.0,0.0853453,0.243649,0.0,0.157582
783.0,36.4967,0.0140387,0.249619,0.0,0.0,0.0,0.0,0.0,0.0,0.162924,0.0,0.156438
784.0,36.53,0.0,0.430375,0.0,0.0,0.0,0.0,0.045239,0.117182,0.390281,0.0,0.179923
785.0,36.5633,0.0,0.413882,0.0,0.0,0.0,0.0,0.0964152,0.363282,0.422075,0.0,0.159091
786.0,36.5967,0.0356583,0.125802,0.0,0.0,0.0,0.0,0.369349,0.37869,0.124926,0.0558046,0.0563215
787.0,36.63,0.0151526,0.0625297,0.0,0.0,0.0,0.0,0.368095,0.236711,0.0245761,0.0965965,0.00414733
788.0,36.6633,0.0104355,0.0680051,0.0,0.0,0.0,0.0,0.114342,0.110474,0.00755689,0.0573861,0.0
789.0,36.6967,0.135767,0.465648,0.0,0.00688397,0.0333804,0.0,0.161386,0.0618431,0.0482348,0.0,0.0
790.0,36.73,0.0206996,0.117926,0.0,0.0,0.0,0.00900903,0.0,0.00160813,0.084894,0.0,0.0
791.0,36.7633,0.0,0.106733,0.0,0.0,0.0,0.00309031,0.0,0.0544889,0.106245,0.0,0.0120142
792.0,36.7967,0.492703,0.557314,0.393653,0.0,0.0228286,0.0,0.0,0.0,0.0357811,0.0,0.143765
793.0,36.83,0.0588471,0.549342,0.44007,0.0,0.0164093,0.295363,0.0,0.0715352,0.0,0.0597251,0.0
794.0,36.8633,0.0,0.268468,0.0,0.0,0.0,0.103733,0.0,0.0,0.0931956,0.0642799,0.0589876
795.0,36.8967,0.422502,0.0615996,0.520533,0.0,0.0,0.0,0.0,0.023417,0.0,0.0618973,0.0
796.0,36.93,0.314156,0.350728,0.262407,0.0421083,0.110578,0.0319169,0.0382389,0.00580535,0.0,0.0748142,0.0
797.0,36.9633,0.122759,0.429152,0.0,0.0319155,0.0890599,0.418227,0.0,0.0,0.0431255,0.221226,0.0
798.0,36.9967,0.115469,0.494544,0.0152977,0.0476226,0.137112,0.596508,0.0,0.0,0.106667,0.267306,0.0
799.0,37.03,0.0734269,0.65448,0.279453,0.0530898,0.185141,0.765129,0.0,0.0,0.171465,0.45002,0.0
800.0,37.0633,0.170516,0.590928,0.620822,0.0103599,0.217182,0.709867,0.0,0.0277622,0.0629843,0.395363,0.0
801.0,37.0967,0.541408,0.470131,0.641685,0.00691902,0.0,0.670683,0.0,0.0653164,0.0872594,0.691994,0.100665
802.0,37.13,0.687442,0.361642,0.643412,0.000884305,0.0,0.516327,0.0,0.297287,0.071303,0.714241,0.0723672
803.0,37.1633,0.591759,0.191581,0.603017,0.0,0.0,0.513954,0.0,0.220677,0.0,0.858945,0.0843914
804.0,37.1967,0.538053,0.100326,0.493947,0.077901,0.226376,0.308198,0.0,0.0833304,0.0,0.748903,0.0
805.0,37.23,0.134033,0.112766,0.280738,0.0898133,0.333138,0.083107,0.0270407,0.0046194,0.0055149,0.256063,7.9704e-05
806.0,37.2633,0.0,0.215392,0.0743268,0.0,0.291557,0.0310747,0.132679,0.0,0.0,0.0,0.179254
807.0,37.2967,0.269841,0.404754,0.0711206,0.020856,0.375306,0.80278,0.0,0.0,0.0,0.065272,0.132372
808.0,37.33,0.0486699,0.329274,0.0,0.0,0.146119,0.421635,0.0,0.0,0.0809688,0.0,0.0402168
809.0,37.3633,0.0420617,0.507699,0.0,0.0,0.0,0.0959587,0.0,0.0,0.0551059,0.0,0.134923
810.0,37.3967,0.0,0.169997,0.0,0.0,0.0,0.0684637,0.0,0.0,0.0277341,0.0717224,0.15088
811.0,37.43,0.0,0.381635,0.0,0.0,0.0,0.0,0.0,0.297871,0.449324,0.0,0.117506
812.0,37.4633,0.0458753,0.18341,0.0,0.0,0.0,0.00196033,0.317386,0.378112,0.138506,0.0,0.145781
813.0,37.4967,0.0156498,0.0547388,0.0,0.0,0.0,0.0,0.415995,0.269236,0.0392187,0.0789237,0.0408105
814.0,37.53,0.00873224,0.293685,0.0,0.0,0.00135162,0.0,0.253935,0.120896,0.0282485,0.0441299,0.0
815.0,37.5633,0.0131581,0.282542,0.0,0.00643894,0.0296207,0.0,0.183199,0.0801376,0.0384602,0.0167203,0.0
816.0,37.5967,0.0,0.0857523,0.0,0.0,0.0,0.0488876,0.0,0.0,0.0894426,0.0,0.0
817.0,37.63,0.0,0.0953313,0.0,0.0,0.0,0.00671125,0.00191772,0.0215795,0.161908,0.0,0.0055282
818.0,37.6633,0.0,0.262573,0.0300409,0.0,0.00320104,0.0938189,0.0,0.131701,0.0,0.0,0.133192
819.0,37.6967,0.614206,0.468786,0.216505,0.0,0.170645,0.267571,0.0294945,0.206899,0.0,0.434495,0.352155
820.0,37.73,0.026681,0.253523,0.0,0.0,0.0,0.0,0.0,0.05291,0.0,0.152185,0.0
821.0,37.7633,0.709426,0.0,0.44776,0.0,0.0,0.0,0.18473,0.653194,0.0,0.718293,0.0278473
822.0,37.7967,0.191373,0.485711,0.310128,0.043508,0.103589,0.0182983,0.0164664,0.0532231,0.00955718,0.146261,0.084433
823.0,37.83,0.289368,0.364552,0.0505795,0.0382633,0.105732,0.317517,0.0,0.0,0.0158526,0.318521,0.0
824.0,37.8633,0.22222,0.336749,0.0,0.0394327,0.108256,0.555088,0.0,0.0,0.080645,0.293591,0.0
825.0,37.8967,0.202943,0.515904,0.472642,0.0703956,0.240768,0.754708,0.0,0.0,0.172278,0.372843,0.00379255
826.0,37.93,0.332664,0.557663,0.636944,0.0428181,0.134513,0.633772,0.0,0.0,0.130971,0.365067,0.0244096
827.0,37.9633,0.639959,0.3603,0.614148,0.0,0.0,0.561362,0.0,0.299919,0.126313,0.67261,0.0657147
828.0,37.9967,0.583463,0.21779,0.591725,0.0,0.0,0.586983,0.0,0.368938,0.0,0.819642,0.118465
829.0,38.03,0.537874,0.170304,0.562217,0.0242819,0.0756079,0.462119,0.0,0.102604,0.0,0.794338,0.0164907
830.0,38.0633,0.349983,0.114738,0.171175,0.0831245,0.25601,0.139583,0.0107448,0.0181318,0.0,0.48237,0.0
831.0,38.0967,0.025778,0.3613,0.490921,0.0936811,0.403707,0.00296899,0.310057,0.0,0.0,0.213128,0.183588
832.0,38.13,0.0,0.316095,0.0353442,0.0,0.115117,0.209132,0.0,0.0,0.0,0.410299,0.0362783
833.0,38.1633,0.42476,0.481421,0.0340934,0.114663,0.481194,0.509464,0.0,0.0,0.0,0.0,0.0620638
834.0,38.1967,0.00275202,0.445478,0.0,0.0,0.0242716,0.181372,0.0,0.0,0.322458,0.0,0.215393
835.0,38.23,0.0,0.410969,0.0,0.0,0.0,0.0,0.0,0.0,0.217549,0.0,0.159772
836.0,38.2633,0.0,0.612241,0.0,0.0,0.0,0.0,0.0431159,0.248113,0.521342,0.0,0.0683787
837.0,38.2967,0.0473771,0.419197,0.0,0.0,0.0,0.0,0.179452,0.420612,0.399559,0.0,0.0453577
838.0,38.33,0.0494817,0.135291,0.0,0.0,0.0,0.0,0.439444,0.394508,0.121619,0.0907206,0.103108
839.0,38.3633,0.0165379,0.286902,0.0115129,0.0,0.0,0.0,0.21264,0.330442,0.0,0.0743575,0.0403399
840.0,38.3967,0.026972,0.647699,0.0,0.00791512,0.0294208,0.0,0.17413,0.0877551,0.0117261,0.0387923,0.0
841.0,38.43,0.0168235,0.569227,0.0,0.0240191,0.0715441,0.0,0.158655,0.0603969,0.0344599,0.0187765,0.0
842.0,38.4633,0.0,0.0710654,0.000387181,0.0,0.0,0.069473,0.0,0.0,0.126518,0.0,0.0
843.0,38.4967,0.0,0.112609,0.0,0.0,0.0,0.00172338,0.0,0.0609173,0.123988,0.0,0.0
844.0,38.53,0.0,0.296986,0.03839,0.0,0.0109221,0.138116,0.0,0.088091,0.0,0.0,0.130389
845.0,38.5633,0.631673,0.527052,0.227606,0.0,0.14186,0.329591,0.0237932,0.129729,0.0,0.316594,0.183825
846.0,38.5967,0.0,0.380141,0.0,0.0,0.0,0.0,0.266484,0.111411,0.0,0.349246,0.0
847.0,38.63,0.569943,0.0378134,0.3652,0.0,0.0,0.0,0.0,0.587098,0.0,0.487849,0.0415206
848.0,38.6633,0.117906,0.196583,0.217112,0.0,0.00991945,0.111287,0.0,0.0,0.0,0.0830907,0.10351
849.0,38.6967,0.170276,0.268189,0.0787448,0.0347197,0.100232,0.234624,0.000465631,0.0181726,0.0199558,0.0153959,0.0
850.0,38.73,0.381939,0.396936,0.232249,0.0264916,0.0874972,0.309785,0.0275152,0.0,0.00513318,0.521913,0.0516909
851.0,38.7633,0.281798,0.392169,0.517272,0.0594239,0.195498,0.778321,0.0,0.0,0.145133,0.473048,0.0495427
852.0,38.7967,0.363812,0.464613,0.563058,0.0452012,0.132951,0.645439,0.0,0.0,0.129657,0.351246,0.0352396
853.0,38.83,0.657551,0.293439,0.57409,0.000761162,0.0,0.572856,0.0,0.250876,0.128021,0.654973,0.0540749
854.0,38.8633,0.663281,0.196489,0.648457,0.0,0.0,0.625673,0.0,0.314918,0.0,0.812318,0.079995
855.0,38.8967,0.594908,0.0452728,0.446909,0.0528942,0.156508,0.493747,0.0,0.0540893,0.0,0.699873,0.0
856.0,38.93,0.265377,0.165984,0.387679,0.0865564,0.36934,0.102957,0.0193445,0.0,0.00704966,0.394709,0.0
857.0,38.9633,0.0,0.0740494,0.0,0.0271637,0.184595,0.0590382,0.0157241,0.0,0.0122095,0.0397373,0.071528
858.0,38.9967,0.0,0.988443,0.387959,0.109955,0.414953,0.132832,0.0,0.0,0.0585583,0.0,0.0321364
859.0,39.03,0.139099,0.308649,0.0654427,0.0,0.131412,0.71241,0.0,0.0,0.0,0.0,0.110998
860.0,39.0633,0.0233448,0.391204,0.0,0.0,0.0,0.0770957,0.0,0.0,0.176244,0.0,0.112372
861.0,39.0967,0.024227,0.658698,0.0,0.0,0.0,0.0,0.0,0.0542252,0.485858,0.0,0.136982
862.0,39.13,0.0317827,0.599307,0.0,0.0,0.0,0.0,0.134536,0.310551,0.471794,0.0,0.0568877
863.0,39.1633,0.0391906,0.416896,0.0,0.0,0.0,0.0,0.227683,0.425174,0.386065,0.0,0.0711256
864.0,39.1967,0.0279472,0.0769834,0.0,0.00119185,0.0,0.0095961,0.419449,0.404091,0.0996289,0.0547531,0.154224
865.0,39.23,0.0,0.0322845,0.0,0.0,0.0,0.0,0.346447,0.188917,0.0584971,0.084237,0.0
866.0,39.2633,0.0274263,0.576893,0.0,0.0086543,0.0328521,0.0,0.19138,0.0990722,0.0098346,0.0561808,0.0
867.0,39.2967,0.0,0.444914,0.0,0.0293357,0.111212,0.0262949,0.0,0.0,0.0389583,0.0,0.0
868.0,39.33,0.0111539,0.103096,0.0,0.0,0.00481457,0.0347944,0.0,0.0,0.129703,0.0,0.0
869.0,39.3633,0.0,0.218838,0.00685506,0.0,0.000994919,0.0,0.106698,0.0578411,0.200233,0.0,0.013418
870.0,39.3967,0.161408,0.303929,0.142594,0.0026495,0.0,0.0131479,0.0,0.278518,0.191363,0.133164,0.0818659
871.0,39.43,0.276096,0.289862,0.0407871,0.0,0.0218956,0.331499,0.0235179,0.0,0.0,0.0,0.00424465
872.0,39.4633,0.0,0.547247,0.0,0.0264693,0.268381,0.323626,0.0,0.0,0.0,0.3202,0.0
873.0,39.4967,0.430254,0.0,0.406545,0.0,0.0,0.32167,0.0,0.0,0.0,0.307495,0.0175993
874.0,39.53,0.173226,0.437985,0.0,0.0632303,0.203951,0.220817,0.0,0.00335874,0.0,0.329777,0.050365
875.0,39.5633,0.000875437,0.463046,0.0,0.0423151,0.126656,0.503816,0.0,0.0,0.0649032,0.242135,0.0
876.0,39.5967,0.00804369,0.450863,0.0,0.0534464,0.158941,0.599874,0.0,0.0,0.0987638,0.297262,0.0
877.0,39.63,0.125464,0.30641,0.00839387,0.0662152,0.207554,0.690741,0.0,0.0,0.145991,0.307783,0.0
878.0,39.6633,0.121628,0.419024,0.0155548,0.0652973,0.213683,0.649993,0.0,0.0064165,0.134611,0.306268,0.0
879.0,39.6967,0.458066,0.354557,0.558523,0.0110567,0.0,0.711184,0.0,0.0179341,0.131429,0.547806,0.0205096
880.0,39.73,0.635484,0.189612,0.602995,0.0,0.0,0.547577,0.0,0.309079,0.0250676,0.733062,0.0083994
881.0,39.7633,0.679289,0.657318,0.547762,0.0395911,0.105605,0.488175,0.0,0.0738452,0.0,0.758177,0.0
882.0,39.7967,0.534814,0.0806849,0.234909,0.0909584,0.265605,0.267793,0.0,0.0140345,0.0,0.493339,0.0
883.0,39.83,0.078118,0.265605,0.422639,0.104855,0.432223,0.0,0.238152,0.0,0.0,0.399888,0.231581
884.0,39.8633,0.0,0.303609,0.0555804,0.0,0.175694,0.279661,0.0,0.0,0.0,0.284302,0.0727343
885.0,39.8967,0.179817,0.367006,0.0523875,0.0,0.368576,0.804942,0.0,0.0,0.0,0.0601804,0.0304992
886.0,39.93,0.0924317,0.373797,0.0,0.0,0.154989,0.52393,0.0,0.0,0.0541499,0.0,0.0464958
887.0,39.9633,0.0247614,0.475625,0.0,0.0,0.0,0.0633201,0.0,0.0,0.112772,0.0,0.203936
888.0,39.9967,0.0,0.126922,0.0102528,0.0,0.0545331,0.205225,0.0,0.0,0.0,0.107454,0.0832477
889.0,40.03,0.0,0.556528,0.0,0.0,0.0,0.0,0.0,0.0844848,0.422639,0.0,0.046124
890.0,40.0633,0.0562235,0.316727,0.0,0.0,0.0,0.0,0.162142,0.43641,0.213774,0.0121778,0.0703738
891.0,40.0967,0.0235287,0.286942,0.0,0.0,0.0,0.0,0.256924,0.491727,0.0,0.045664,0.0855906
892.0,40.13,0.0145798,0.0748196,0.0,0.0,0.0,0.0,0.237807,0.175766,0.0207145,0.0573385,0.00245743
893.0,40.1633,0.0,0.842693,0.0,0.0278862,0.149354,0.0,0.131188,0.0230124,0.00963036,0.0153488,0.0
894.0,40.1967,0.0,0.0807804,0.0,0.0,0.0126522,0.0363448,0.0,0.0,0.18785,0.0,0.0
895.0,40.23,0.0,0.144108,0.0,0.0,0.0,0.0,0.0,0.0,0.269334,0.0,0.0206157
896.0,40.2633,0.0,0.283817,0.0344538,0.0,0.00105839,0.0150961,0.0,0.150956,0.0,0.0,0.0825903
897.0,40.2967,0.526421,0.464804,0.193115,0.0,0.121612,0.304557,0.0305225,0.112224,0.0,0.402405,0.167253
898.0,40.33,0.0,0.378378,0.0,0.0,0.0,0.0,0.0,0.130799,0.0,0.251668,0.0
899.0,40.3633,0.501191,0.0,0.269318,0.0,0.0,0.0,0.0,0.456299,0.0,0.534477,0.0
900.0,40.3967,0.242334,0.0193244,0.416198,0.0111854,0.172798,0.165219,0.0,0.0,0.0,0.0298233,0.0633074
901.0,40.43,0.138525,0.141171,0.000292169,0.0341822,0.101789,0.216627,0.0,0.0255606,0.0122621,0.00826245,0.0
902.0,40.4633,0.178499,0.120523,0.0762424,0.0344815,0.0935858,0.347297,0.0,0.0,0.0297288,0.155643,0.0
903.0,40.4967,0.171027,0.0331353,0.132623,0.0403489,0.119484,0.737991,0.0,0.0,0.132936,0.486346,0.0782007
904.0,40.53,0.282501,0.0,0.341337,0.0330603,0.082846,0.637805,0.0,0.00636764,0.162174,0.291425,0.0247286
905.0,40.5633,0.578502,0.111618,0.474751,0.0,0.0,0.537408,0.0,0.184369,0.0878433,0.567676,0.00367843
906.0,40.5967,0.607133,0.0,0.437637,0.00268153,0.0118004,0.610891,0.0,0.0374073,0.0,0.670568,0.0110626
907.0,40.63,0.591891,0.379767,0.319394,0.0823053,0.233549,0.450119,0.0,0.0,0.0,0.584265,0.0
908.0,40.6633,0.0657883,0.198442,0.328674,0.119743,0.452552,0.0,0.366206,0.0,0.0194178,0.054879,0.44378
909.0,40.6967,0.0,0.249999,0.0678468,0.0,0.211545,0.377292,0.0,0.0142977,0.0,0.0330764,0.0994742
910.0,40.73,0.0,0.346542,0.022571,0.0,0.0520211,0.143707,0.0,0.00480981,0.0,0.155394,0.0464309
911.0,40.7633,0.0661034,0.288795,0.0175706,0.0780148,0.51837,0.406539,0.0,0.0817767,0.0,0.0,0.0
912.0,40.7967,0.0,0.236139,0.0,0.0,0.012043,0.337475,0.0,0.0,0.302692,0.0,0.210415
913.0,40.83,0.0,0.412431,0.0,0.0,0.0,0.143519,0.0,0.0,0.198005,0.0,0.0624954
914.0,40.8633,0.0,0.62044,0.0,0.0,0.0,0.0,0.0,0.0590985,0.468095,0.0,0.0457886
915.0,40.8967,0.0770261,0.584784,0.0,0.0,0.0,0.0,0.0950514,0.43416,0.484878,0.0,0.0215262
916.0,40.93,0.0764684,0.205594,0.0,0.0,0.0,0.0,0.448597,0.498255,0.139142,0.0697089,0.08296
917.0,40.9633,0.0247882,0.271547,0.0,0.0,0.0,0.0,0.243829,0.373835,0.0,0.0525676,0.114304
918.0,40.9967,0.0204157,0.0921581,0.0,0.0,0.0,0.0,0.186951,0.181112,0.0166871,0.0672201,0.00090534
919.0,41.03,0.233792,0.625733,0.0,0.012613,0.0363028,0.0,0.192431,0.0673881,0.0211127,0.00305076,0.0
920.0,41.0633,0.019389,0.129942,0.0,0.0,0.0,0.00593854,0.0,0.0171247,0.0644247,0.0,0.0272572
921.0,41.0967,0.0,0.0662761,0.00182115,0.0,0.0,0.0141487,0.0649729,0.101246,0.0645477,0.0,0.0811981
922.0,41.13,0.63185,0.259009,0.192168,0.0272016,0.121466,0.0,0.0112644,0.0314945,0.0,0.0,0.26464
923.0,41.1633,0.0567157,0.522315,0.343577,0.0,0.0136911,0.304078,0.0,0.0390703,0.0,0.0416011,0.0
924.0,41.1967,0.0,0.283948,0.0,0.0,0.0,0.0,0.0,0.0238434,0.0158486,0.0718695,0.0369033
925.0,41.23,0.46081,0.0232776,0.442005,0.0,0.0,0.0,0.0,0.184009,0.0,0.123636,0.0
926.0,41.2633,0.324165,0.393172,0.44371,0.0446401,0.108816,0.0,0.087745,0.0642397,0.0,0.317415,0.137992
927.0,41.2967,0.139157,0.545305,0.0,0.0416557,0.123144,0.561065,0.0,0.0,0.0644334,0.274362,0.0491194
928.0,41.33,0.137981,0.568802,0.0619328,0.0495482,0.151519,0.661977,0.0,0.0,0.12992,0.302104,0.0
929.0,41.3633,0.165207,0.657053,0.425662,0.0760209,0.272057,0.679073,0.0,0.0,0.135105,0.2591,0.0
930.0,41.3967,0.168875,0.315874,0.638035,0.00412882,0.241703,0.756118,0.0,0.0,0.169798,0.318855,0.0
931.0,41.43,0.553917,0.553994,0.658719,0.00782202,0.0,0.629565,0.0,0.054812,0.0989333,0.628393,0.102322
932.0,41.4633,0.702605,0.398711,0.642158,0.0,0.0,0.516542,0.0,0.29992,0.0680039,0.713375,0.123247
933.0,41.4967,0.620997,0.197734,0.658531,0.00503872,0.00809816,0.483181,0.0,0.212319,0.0,0.876774,0.0479019
934.0,41.53,0.549055,0.128413,0.482609,0.0961362,0.276415,0.153785,0.00628702,0.045696,0.0,0.679923,0.0
935.0,41.5633,0.0968037,0.302017,0.0,0.0744256,0.252763,0.168064,0.00841124,0.0203779,0.0,0.201409,0.0
936.0,41.5967,0.0,0.201983,0.620648,0.124276,0.423569,0.0550042,0.0,0.0,0.0203951,0.16659,0.0840401
937.0,41.63,0.0487545,0.426515,0.129467,0.053422,0.486569,0.848841,0.0,0.0,0.0,0.123054,0.0272852
938.0,41.6633,0.119103,0.353721,0.0374811,0.0,0.260201,0.899853,0.0,0.0,0.163057,0.0,0.123684
939.0,41.6967,0.0433862,0.564029,0.0,0.0,0.0429415,0.563062,0.0,0.0,0.734041,0.0,0.212724
940.0,41.73,0.0,0.17375,0.0131735,0.0,0.0,0.387266,0.0,0.0,0.0,0.19605,0.0769566
941.0,41.7633,0.0,0.433971,0.0,0.0,0.0,0.0,0.0,0.263105,0.364316,0.00574451,0.0719369
942.0,41.7967,0.0,0.921695,0.0,0.0878986,0.278787,0.0,0.299571,0.157626,0.00919941,0.448843,0.232425
943.0,41.83,0.0,0.808652,0.0,0.074553,0.281456,0.27474,0.0,0.0,0.0,0.0630444,0.125377
944.0,41.8633,0.0,0.374933,0.244181,0.0,0.0155237,0.236211,0.0,0.0,0.00237743,0.00428722,0.0627598
945.0,41.8967,0.0,0.297976,0.218186,0.0,0.0114221,0.0937587,0.0,0.0,0.0105749,0.0120046,0.0582316
946.0,41.93,0.0,0.359458,0.214387,0.0,0.00272989,0.0,0.0,0.0,0.110056,0.0,0.0565209
947.0,41.9633,0.0,0.0722944,0.0298701,0.0,0.0,0.0523801,0.0,0.006483,0.186937,0.0,0.151732
948.0,41.9967,0.0611755,0.218137,0.013755,0.0,0.00249716,0.249846,0.0,0.131568,0.0,0.0,0.0744112
949.0,42.03,0.248241,0.248643,0.0,0.0,0.0,0.163856,0.0,0.470736,0.0185922,0.463645,0.0715346
950.0,42.0633,0.255395,0.484955,0.0,0.0,0.0,0.0,0.175984,0.191894,0.0,0.377134,0.0
951.0,42.0967,0.406834,0.00204121,0.112744,0.0,0.0,0.0,0.0725291,0.365271,0.0,0.351278,0.0
952.0,42.13,0.175301,0.0,0.0523417,0.0735252,0.192679,0.0,0.321363,0.101256,0.0,0.699784,0.0
953.0,42.1633,0.178481,0.0,0.0,0.0721416,0.225583,0.330156,0.0,0.0,0.0,0.282056,0.0
954.0,42.1967,0.195469,0.0,0.0,0.0642227,0.201174,0.670301,0.0,0.0,0.0899494,0.375123,0.0150161
955.0,42.23,0.183301,0.0,0.0,0.0879655,0.262172,0.730774,0.0,0.0,0.18346,0.00262388,0.0
956.0,42.2633,0.211343,0.0,0.132717,0.0147055,0.000971913,0.658177,0.0,0.0154722,0.12548,0.430603,0.0
957.0,42.2967,0.722533,0.0,0.422231,0.0114158,0.0342383,0.676579,0.0,0.00504289,0.0749393,0.557452,0.00156705
958.0,42.33,0.747543,0.0,0.505748,0.0421384,0.126803,0.695813,0.0,0.0307287,0.0,0.686761,0.0
959.0,42.3633,0.498054,0.0,0.227633,0.14529,0.476362,0.0,0.431394,0.0340431,0.0,0.708804,0.304625
960.0,42.3967,0.0527538,0.205121,0.0,0.0613126,0.232981,0.294946,0.0,0.0,0.00857194,0.0662167,0.0359397
961.0,42.43,0.0,0.194792,0.110745,0.0,0.141353,0.27225,0.0,0.0376907,0.0,0.00651038,0.0755889
962.0,42.4633,0.0,0.346205,0.0,0.0,0.0173892,0.235919,0.0,0.0310205,0.0,0.244023,0.103771
963.0,42.4967,0.0,0.278833,0.0459351,0.0,0.0,0.0,0.0,0.0261207,0.0,0.034731,0.16992
964.0,42.53,0.00139262,0.347538,0.0,0.0,0.0,0.0901858,0.0,0.09637,0.0,0.0,0.0707278
965.0,42.5633,0.0,0.134775,0.0,0.0,0.0,0.267531,0.0,0.0,0.0447284,0.0,0.124723
966.0,42.5967,0.0,0.497879,0.0,0.0,0.0,0.0,0.0,0.0635221,0.380488,0.0,0.113052
967.0,42.63,0.0,0.463172,0.0,0.0,0.0,0.0,0.0,0.340092,0.407303,0.000498728,0.0919606
968.0,42.6633,0.0,0.10569,0.0126462,0.0,0.0,0.0,0.297258,0.487779,0.14237,0.1176,0.0150891
969.0,42.6967,0.0114048,0.245955,0.0,0.0,0.00526621,0.0,0.200533,0.281199,0.0,0.057791,0.0730642
970.0,42.73,0.0,0.849455,0.0,0.0413025,0.126298,0.0168514,0.141264,0.0928486,0.00836246,0.0801311,0.0
971.0,42.7633,0.0,0.481447,0.0,0.035624,0.111806,0.0082452,0.0799904,0.0118616,0.0464835,0.0,0.00883382
972.0,42.7967,0.0,0.0625726,0.0,0.0,0.000178386,0.0433702,0.0,0.0,0.0998437,0.0,0.0566089
973.0,42.83,0.0,0.163903,0.0061716,0.0,0.012419,0.0,0.0344646,0.0,0.152598,0.0,0.112564
974.0,42.8633,0.0,0.224125,0.0,0.0,0.0,0.0,0.0,0.200432,0.0973524,0.0943599,0.0243256
975.0,42.8967,0.62801,0.443279,0.122141,0.0,0.00739041,0.456705,0.0,0.0192644,0.0,0.331367,0.227692
976.0,42.93,0.0193966,0.300594,0.0,0.0,0.0,0.0906541,0.0,0.0,0.00452099,0.21851,0.0
977.0,42.9633,0.0,0.0290611,0.0,0.0,0.0,0.00883277,0.0,0.375051,0.00749789,0.813151,0.0
978.0,42.9967,0.12488,0.000874921,0.386703,0.0331746,0.193508,0.0,0.0537491,0.0416538,0.0,0.422439,0.0105846
979.0,43.03,0.0,0.165278,0.0,0.0450808,0.140183,0.56141,0.0,0.0,0.0561991,0.294531,0.0
980.0,43.0633,0.155159,0.0638539,0.0,0.0705353,0.207923,0.541651,0.0,0.0,0.0553881,0.29988,0.0
981.0,43.0967,0.178835,0.00128139,0.0,0.0606824,0.19278,0.728822,0.0,0.0,0.128512,0.409313,0.0168381
982.0,43.13,0.186871,0.020703,0.0,0.0664906,0.204519,0.649549,0.0,0.0,0.143904,0.25351,0.0
983.0,43.1633,0.507447,0.0,0.275416,8.99918e-05,0.000856503,0.560994,0.0,7.10698e-05,0.102454,0.315467,0.0
984.0,43.1967,0.64302,0.0,0.353291,0.0110783,0.0321071,0.647591,0.0,0.0203546,0.0360138,0.601386,0.0221183
985.0,43.23,0.683567,0.0,0.350953,0.0611609,0.174843,0.579059,0.0,0.00508083,0.0,0.626987,0.0
986.0,43.2633,0.434497,0.0,0.106191,0.153835,0.542921,0.0,0.620874,0.0254786,0.0,0.587095,0.63764
987.0,43.2967,0.0050945,0.0,0.0,0.0890209,0.304631,0.0196372,0.0285759,0.0,0.0181267,0.0,0.0
988.0,43.33,0.0,0.20285,0.133011,0.0,0.146334,0.329971,0.0,0.0226979,0.0812866,0.0,0.070778
989.0,43.3633,0.187179,0.418958,0.0509936,0.0321364,0.450081,0.662078,0.0,0.0,0.0,0.0,0.132509
990.0,43.3967,0.0287712,0.309932,0.0187588,0.00349574,0.378386,0.551095,0.0,0.0,0.0,0.0,0.0
991.0,43.43,0.0,0.302365,0.0,0.0,0.0,0.43729,0.0,0.0,0.328791,0.0,0.220156
992.0,43.4633,0.0,0.542936,0.0,0.0,0.0,0.0,0.0,0.0,0.314222,0.0,0.0586946
993.0,43.4967,0.0,0.549327,0.0,0.0,0.0,0.0,0.0,0.147564,0.334174,0.0,0.0233355
994.0,43.53,0.0790538,0.373219,0.0,0.0,0.0,0.0,0.109598,0.441046,0.235706,0.0178448,0.0486721
995.0,43.5633,0.0382307,0.429297,0.0337873,0.0,0.0,0.0,0.295568,0.523893,0.0,0.0872475,0.137544
996.0,43.5967,0.0106265,0.0678811,0.0,0.0,0.0,0.0,0.228535,0.157007,0.0115152,0.0507071,0.00548183
997.0,43.63,0.0343264,0.360284,0.0,0.0,0.00139179,0.0,0.239394,0.112366,0.0,0.0480368,0.00426394
998.0,43.6633,0.0,0.298914,0.0113516,0.00113452,0.0332085,0.0225568,0.0,0.0,0.00674159,0.0,0.0
999.0,43.6967,0.000236996,0.115097,0.0,0.0,0.0,0.0,0.0,0.0292604,0.193166,0.0,0.0922004
1000.0,43.73,0.0,0.10445,0.00811371,0.0,0.0,0.0165028,0.0495168,0.131513,0.0507177,0.00125061,0.0703823
1001.0,43.7633,0.687512,0.439073,0.125275,0.0,0.149222,0.380143,0.0466683,0.0,0.0,0.126456,0.295383
1002.0,43.7967,0.0431198,0.257594,0.0,0.0,0.0,0.0,0.0,0.0,0.0,0.120839,0.0
1003.0,43.83,0.427591,0.0480914,0.380305,0.0,0.0,0.0,0.0,0.390129,0.0,0.516139,0.130072
1004.0,43.8633,0.136961,0.458841,0.0,0.036555,0.104715,0.152648,0.0,0.0322244,0.0,0.297358,0.0444723
1005.0,43.8967,0.181486,0.37702,0.043041,0.069714,0.196202,0.242128,0.0,0.026302,0.0,0.406183,0.137727
1006.0,43.93,0.103339,0.338747,0.0,0.0505634,0.144317,0.39399,0.0,0.0090179,0.0345562,0.225254,0.0801463
1007.0,43.9633,0.169735,0.427569,0.0,0.0554816,0.157376,0.684488,0.0,0.0,0.127818,0.365835,0.0
1008.0,43.9967,0.057104,0.735108,0.329062,0.0543163,0.191308,0.729814,0.0,0.0,0.135616,0.498632,0.0166211
1009.0,44.03,0.282025,0.688363,0.633769,0.023568,0.0548064,0.740463,0.0,0.0193417,0.105869,0.665457,0.144054
1010.0,44.0633,0.692274,0.507193,0.694257,0.00285868,0.0,0.614122,0.0,0.272981,0.085692,0.746321,0.117709
1011.0,44.0967,0.632533,0.207348,0.702555,0.0,0.0,0.643049,0.0,0.400234,0.0,0.912921,0.19567
1012.0,44.13,0.505014,0.173097,0.600261,0.0695879,0.205441,0.318338,0.0,0.1178,0.0,0.81538,0.0137756
1013.0,44.1633,0.296502,0.0370236,0.0136798,0.108157,0.321443,0.137163,0.0204991,0.0181016,0.0,0.393618,0.0
1014.0,44.1967,0.0,0.0610905,0.0,0.0299457,0.173447,0.176077,0.0,0.0,0.0293589,0.0620181,0.0658761
1015.0,44.23,0.0,0.336554,0.0,0.0,0.0969276,0.710478,0.0,0.0,0.199323,0.0,0.200852
1016.0,44.2633,0.190758,0.366546,0.0,0.0553757,0.405928,0.431216,0.00114679,0.00306496,0.0,0.347767,0.0764301
1017.0,44.2967,0.0,0.479219,0.0,0.0,0.0,0.363572,0.0,0.0,0.306381,0.0,0.11434
1018.0,44.33,0.0,0.0,0.0303814,0.0144427,0.151565,0.364787,0.0,0.0,0.0,0.152279,0.03524
1019.0,44.3633,0.0,0.595003,0.0,0.0,0.0,0.145468,0.0,0.0,0.440557,0.0,0.129893
1020.0,44.3967,0.0,0.888483,0.0,0.0697308,0.227765,0.0223106,0.11427,0.0485524,0.0,0.0704811,0.0
1021.0,44.43,0.0,0.783436,0.0,0.0659953,0.278067,0.339201,0.0,0.0,0.0,0.0,0.0906229
1022.0,44.4633,0.0,0.379071,0.204802,0.0,0.0691494,0.13143,0.0,0.0,0.044694,0.0,0.102167
1023.0,44.4967,0.0,0.237303,0.135006,0.0,0.0235149,0.0249168,0.0,0.0,0.0291315,0.0,0.0359673
1024.0,44.53,0.0,0.298879,0.136844,0.0,0.0,0.00152959,0.0,0.0,0.0980039,0.0,0.0
1025.0,44.5633,0.0,0.159554,0.0174674,0.0,0.0,0.0104282,0.0,0.056021,0.178416,0.0,0.0854071
1026.0,44.5967,0.0872537,0.154611,0.0281817,0.0,0.00527876,0.282308,0.0,0.097896,0.0,0.0715171,0.0659863
1027.0,44.63,0.234255,0.239625,0.0265563,0.0,0.0,0.0540893,0.0,0.573295,0.0133073,0.601486,0.0
1028.0,44.6633,0.031131,0.283565,0.0,0.0,0.0,0.0,0.0,0.00375239,0.0,0.245867,0.0
1029.0,44.6967,0.253388,0.0,0.0,0.102132,0.35315,0.0,0.403874,0.131673,0.0,0.788639,0.0
1030.0,44.73,0.327429,0.0,0.133641,0.0,0.0337758,0.0130554,0.173952,0.0,0.0,0.248813,0.0
1031.0,44.7633,0.128439,0.0,0.0,0.069545,0.215159,0.577352,0.0,0.0,0.0452907,0.340762,0.0356628
1032.0,44.7967,0.188832,0.0,0.0,0.0957424,0.319881,0.634426,0.0,0.0,0.0700529,0.296134,0.0838466
1033.0,44.83,0.149682,0.0,0.0,0.0739093,0.223155,0.688439,0.0,0.0,0.160581,0.0856303,0.0
1034.0,44.8633,0.235384,0.0,0.104204,0.0141446,0.0,0.695731,0.0,0.0186423,0.109626,0.506365,0.0735535
1035.0,44.8967,0.689401,0.0,0.29156,0.00229201,0.00467648,0.567482,0.0,0.0105109,0.0168548,0.565748,0.00221283
1036.0,44.93,0.762341,0.0,0.550766,0.0279141,0.0875155,0.645163,0.0,0.037141,0.0,0.726847,0.0
1037.0,44.9633,0.0,0.334132,0.0495537,0.0,0.126645,0.304675,0.0,0.0386472,0.0,0.312481,0.072125
1038.0,44.9967,0.0025993,0.0,0.0,0.0578983,0.225443,0.232025,0.0,0.0,0.0217679,0.0,0.17971
1039.0,45.03,0.0,0.175926,0.111018,0.0,0.158921,0.306456,0.0,0.0427961,0.0,0.0350149,0.143915
1040.0,45.0633,0.0,0.338549,0.0,0.0,0.0663448,0.193543,0.0,0.0650056,0.0,0.11395,0.214937
1041.0,45.0967,0.0536593,0.120093,0.00985374,0.0148717,0.37495,0.211686,0.0295822,0.116519,0.0,0.0,0.209248
1042.0,45.13,0.00392411,0.485692,0.0,0.0,0.0169152,0.342066,0.00297835,0.0,0.0,0.0,0.190903
1043.0,45.1633,0.0,0.458667,0.0,0.0,0.0,0.116486,0.0,0.0,0.19656,0.145787,0.192966
1044.0,45.1967,0.0,0.51134,0.0,0.0,0.0,0.0,0.0,0.0,0.240722,0.0752564,0.0533909
1045.0,45.23,0.065215,0.625996,0.0,0.0,0.0,0.0,0.0,0.319715,0.449898,0.00738915,0.0214584
1046.0,45.2633,0.0,0.195892,0.0,0.0,0.0,0.0,0.24195,0.5626,0.249799,0.0800806,0.0443542
1047.0,45.2967,0.0217574,0.0671764,0.0,0.0,0.0,0.0,0.395565,0.260743,0.0585363,0.0891927,0.0878534
1048.0,45.33,0.0,0.822071,0.0,0.0381134,0.115028,0.0,0.230833,0.0733131,0.0229764,0.0163489,0.0079351
1049.0,45.3633,0.0,0.068271,0.0,0.00130063,0.0222211,0.0155516,0.0447162,0.0,0.0610329,0.0,0.0248861
1050.0,45.3967,0.0,0.146816,0.0101304,0.0,0.0153531,0.0624986,0.0,0.0,0.0337272,0.0,0.0
1051.0,45.43,0.0,0.140795,0.0,0.0,0.0,0.0,0.0,0.0891059,0.114022,0.0,0.0138924
1052.0,45.4633,0.00565701,0.210422,0.0,0.0,0.0,0.00126082,0.0,0.140219,0.093966,0.0351537,0.0750237
1053.0,45.4967,0.592712,0.364848,0.0469512,0.0,0.0206572,0.411513,0.00720218,0.0022364,0.0,0.269916,0.183994
1054.0,45.53,0.0421746,0.263504,0.0,0.0,0.0,0.143608,0.0,0.17809,0.101755,0.328406,0.0
1055.0,45.5633,0.211785,0.0,0.0,0.0101165,0.0778653,0.0,0.129997,0.355463,0.0,0.924665,0.0
1056.0,45.5967,0.153172,0.0,0.0840284,0.0,0.0478989,0.101158,0.0,0.0159115,0.0,0.422321,0.01335
1057.0,45.63,0.0,0.170832,0.0,0.0507033,0.15323,0.440902,0.0,0.0,0.0197646,0.196038,0.0
1058.0,45.6633,0.158144,0.0,0.0,0.0855229,0.262445,0.441088,0.0,0.0,0.0260489,0.200452,0.0
1059.0,45.6967,0.185959,0.0,0.0,0.0836756,0.274096,0.707615,0.0,0.0,0.111656,0.313532,0.0
1060.0,45.73,0.188215,0.0079375,0.0,0.0571421,0.174914,0.681315,0.0,0.0,0.17349,0.240375,0.0196968
1061.0,45.7633,0.58161,0.0066298,0.342497,0.0,0.0,0.600365,0.0,0.0716789,0.126056,0.406438,0.00278714
1062.0,45.7967,0.673754,0.0,0.425533,0.0,0.0,0.67914,0.0,0.0640134,0.0506605,0.665494,0.0300034
1063.0,45.83,0.658561,0.0,0.327462,0.0521595,0.148709,0.565031,0.0,0.0,0.0,0.630186,0.0
1064.0,45.8633,0.329906,0.0,0.273742,0.0888138,0.382662,0.204193,0.00287495,0.0,0.0142947,0.162324,0.0
1065.0,45.8967,0.0,0.554645,0.116769,0.0150312,0.148232,0.00912877,0.259248,0.00161839,0.0368098,0.0,0.331789
1066.0,45.93,0.0,0.190878,0.0742382,0.0,0.192017,0.329523,0.0,0.039844,0.0,0.344363,0.039977
1067.0,45.9633,0.0,0.540718,0.0,0.0,0.0388451,0.445776,0.0,0.0,0.0,0.0,0.219593
1068.0,45.9967,0.0216576,0.476823,0.0,0.0,0.0,0.0,0.200756,0.154719,0.298794,0.118769,0.0111162
1069.0,46.03,0.0,0.505137,0.0,0.0,0.0,0.0,0.097273,0.0866945,0.422228,0.0,0.0681717
1070.0,46.0633,0.0,0.459314,0.0,0.0,0.0,0.0,0.155529,0.285905,0.403863,0.0,0.0924412
1071.0,46.0967,0.0,0.303831,0.0,0.0,0.0,0.0,0.16177,0.370816,0.314723,0.0,0.0754793
1072.0,46.13,0.043485,0.31782,0.0,0.0,0.0,0.0,0.259643,0.411447,0.0,0.0469564,0.0686315
1073.0,46.1633,0.0258728,0.291411,0.00194408,0.0,0.0,0.0,0.139612,0.313069,0.0,0.0686572,0.0246946
1074.0,46.1967,0.0313386,0.119928,0.0,0.0,0.0,0.00744822,0.124423,0.132928,0.0,0.110167,0.0133116
1075.0,46.23,0.0823461,0.623442,0.0,0.0101065,0.0376166,0.0,0.149225,0.0797907,0.00405125,0.0478747,0.000122292
1076.0,46.2633,0.125873,0.591698,0.0,0.0234563,0.0752794,0.040874,0.0,0.0,0.089341,0.0,0.0377771
1077.0,46.2967,0.0,0.129276,0.0,0.0,0.0,0.00438847,0.0,0.0335021,0.186761,0.0,0.00504965
1078.0,46.33,0.0,0.195276,0.0,0.0,0.0,0.0768161,0.0,0.0,0.0912737,0.0,0.0558713
1079.0,46.3633,0.120135,0.688815,0.544903,0.0,0.0,0.074057,0.0,0.222763,0.0,0.0,0.104464
1080.0,46.3967,0.0290899,0.295169,0.0,0.0,0.0,0.0,0.062096,0.102357,0.0,0.249583,0.0
1081.0,46.43,0.491997,0.0751883,0.391238,0.0,0.0,0.0,0.0,0.207317,0.0,0.221919,0.101243
1082.0,46.4633,0.238526,0.61246,0.440647,0.0548688,0.174459,0.0222587,0.0292989,0.0448831,0.0,0.328549,0.0857631
1083.0,46.4967,0.235877,0.48121,0.0,0.0393492,0.108437,0.395915,0.0,0.0,0.0252308,0.227484,0.0115144
1084.0,46.53,0.262519,0.675204,0.440782,0.0642834,0.201417,0.481483,0.0,0.0,0.0615634,0.288266,0.00914247
1085.0,46.5633,0.208232,0.59991,0.408257,0.0671698,0.216391,0.629127,0.0,0.0,0.102344,0.359112,0.0
1086.0,46.5967,0.137447,0.344354,0.559964,0.000192717,0.217265,0.736799,0.0,0.0,0.0649033,0.388684,0.0
1087.0,46.63,0.41034,0.63782,0.665674,0.0188443,0.0154451,0.60991,0.0,0.0125712,0.0814883,0.56151,0.0943149
1088.0,46.6633,0.673669,0.507002,0.647867,0.0,0.0,0.483988,0.0,0.332136,0.0957051,0.690842,0.12802
1089.0,46.6967,0.739346,0.40239,0.703538,0.00967985,0.0,0.492051,0.0,0.179642,0.00976952,0.788096,0.129903
1090.0,46.73,0.575334,0.220856,0.679325,0.0673946,0.197992,0.300493,0.0,0.107602,0.0,0.816256,0.00777247
1091.0,46.7633,0.384349,0.0364858,0.0542294,0.148125,0.409797,0.0791514,0.0510545,0.00928351,0.0,0.448938,0.0
1092.0,46.7967,0.0,0.132446,0.0,0.031054,0.180683,0.157009,0.0,0.00102608,0.0413414,0.106459,0.120279
1093.0,46.83,0.0,0.320519,0.0035233,0.0,0.10535,0.741366,0.0,0.0,0.227877,0.0,0.138995
1094.0,46.8633,0.23939,0.381525,0.0,0.0681957,0.427801,0.465264,0.0,0.0,0.0,0.170293,0.00504098
1095.0,46.8967,0.0,0.402148,0.0,0.0,0.0,0.533852,0.0,0.0,0.339017,0.0,0.181421
1096.0,46.93,0.0973557,0.061805,0.038002,0.0237042,0.259406,0.660515,0.0,0.0,0.0,0.1077,0.082729
1097.0,46.9633,0.0,0.355232,0.0,0.0,0.0,0.517667,0.0,0.0,0.355045,0.0,0.159472
1098.0,46.9967,0.0,0.546216,0.0,0.201433,0.606735,0.349519,0.0,0.0,0.0,0.0845741,0.0561227
1099.0,47.03,0.0,0.143231,0.0185391,0.0,0.0662116,0.286472,0.0,0.0,0.0367326,0.0,0.18575
1100.0,47.0633,0.0560062,0.0,0.0720398,0.0,0.07922,0.406315,0.0,0.0,0.0878047,0.0,0.145422
1101.0,47.0967,0.0,0.176185,0.176472,0.0,0.0193029,0.182965,0.0,0.0,0.0767303,0.0,0.0290146
1102.0,47.13,0.0,0.207885,0.0,0.0,0.0,0.0707905,0.0,0.0,0.20534,0.0,0.0855106
1103.0,47.1633,0.0,0.101598,0.0,0.0,0.0120608,0.0,0.0,0.0,0.195187,0.0,0.0572063
1104.0,47.1967,0.0297822,0.339759,0.0,0.0,0.0,0.158715,0.0,0.293152,0.0,0.0546841,0.0960729
1105.0,47.23,0.0403129,0.381569,0.00144637,0.0,0.0271069,0.183439,0.0,0.428129,0.0,0.323334,0.0
1106.0,47.2633,0.13882,0.0411439,0.0446336,0.0,0.0,0.0141806,0.513425,0.2387,0.0,0.492601,0.0
1107.0,47.2967,0.527582,0.0,0.383605,0.0,0.0,0.0,0.000959381,0.452368,0.0,0.426462,0.0
1108.0,47.33,0.0968608,0.00412805,0.0144966,0.034025,0.0975701,0.052584,0.0179502,0.0,0.0,0.0301515,0.126137
1109.0,47.3633,0.264053,0.0,0.28566,0.0555606,0.177735,0.0258396,0.0106257,0.0199643,0.0,0.356219,0.0
1110.0,47.3967,0.0101775,0.157785,0.0,0.0,0.0120277,0.578794,0.0,0.0,0.0377778,0.568402,0.0
1111.0,47.43,0.154452,0.0,0.138824,0.0420962,0.115658,0.800511,0.0,0.0169845,0.159358,0.669454,0.11358
1112.0,47.4633,0.510779,0.0335063,0.362927,0.0,0.0,0.543465,0.0,0.224817,0.0918406,0.653328,0.0185869
1113.0,47.4967,0.59729,0.0,0.304386,0.0,0.0,0.610973,0.0,0.288074,0.0104432,0.793784,0.106742
1114.0,47.53,0.63428,0.0,0.30014,0.0116602,0.0326511,0.623451,0.0,0.0548089,0.0,0.771876,0.0100255
1115.0,47.5633,0.495612,0.0,0.182679,0.0702965,0.218264,0.366703,0.0,0.0,0.0,0.485336,0.0
1116.0,47.5967,0.0,0.517722,0.114211,0.0283383,0.174752,0.0,0.514005,0.0318302,0.0069362,0.0477936,0.462713
1117.0,47.63,0.0,0.243761,0.0595916,0.0,0.194607,0.323713,0.0,0.0145659,0.0,0.274491,0.142068
1118.0,47.6633,0.0,0.324279,0.0,0.0,0.0,0.133366,0.0,0.0700464,0.0,0.406443,0.086314
1119.0,47.6967,0.257103,0.444991,0.0,0.0,0.111306,0.177759,0.00055293,0.0437386,0.0,0.0,0.118454
1120.0,47.73,0.0,0.28075,0.0,0.0,0.0,0.0,0.0420693,0.0,0.292578,0.0,0.132861
1121.0,47.7633,0.0,0.465344,0.0,0.0,0.0,0.0,0.0813167,0.0591287,0.322749,0.0,0.0917395
1122.0,47.7967,0.0,0.501017,0.0,0.0,0.0,0.0,0.0741572,0.256679,0.419175,0.0,0.0820247
1123.0,47.83,0.00547454,0.332339,0.0,0.0,0.0,0.0,0.102927,0.344495,0.310394,0.0,0.0967343
1124.0,47.8633,0.0514654,0.319355,0.0,0.0,0.0,0.0,0.222857,0.378512,0.0,0.0221274,0.100524
1125.0,47.8967,0.0277423,0.30372,0.0,0.0,0.0,0.0,0.155103,0.34113,0.0,0.0767582,0.0652229
1126.0,47.93,0.0,0.889798,0.0,0.00734033,0.0608103,0.0,0.15178,0.0884107,0.0,0.0629881,0.0
1127.0,47.9633,0.0,0.854026,0.0,0.0458899,0.146171,0.00217321,0.16237,0.0461475,0.0315173,0.0258197,0.135482
1128.0,47.9967,0.0,0.0967989,0.0,0.0,0.0,0.132932,0.0,0.0,0.170565,0.0,0.121745
1129.0,48.03,0.0,0.35747,0.0262777,0.0,0.00703924,0.0,0.0,0.107446,0.0,0.0,0.123929
1130.0,48.0633,0.0,0.307452,0.0,0.0,0.0,0.0,0.0422053,0.252694,0.0,0.0,0.0
1131.0,48.0967,0.397856,0.455356,0.219852,0.0,0.0428961,0.167558,0.00789015,0.261343,0.0,0.37068,0.219132
1132.0,48.13,0.202747,0.0664992,0.226124,0.0,0.0,0.0,0.200467,0.451111,0.0,0.412429,0.0165475
1133.0,48.1633,0.195018,0.0404676,0.223652,0.0,0.10483,0.0,0.0882865,0.0379646,0.0,0.479068,0.382996
1134.0,48.1967,0.00348015,0.277863,0.0,0.0332165,0.101794,0.0945657,0.0,0.030825,0.0,0.248473,0.00696879
1135.0,48.23,0.0195746,0.310104,0.0,0.0350219,0.101041,0.340408,0.0,0.00141974,0.0266696,0.193286,0.0
1136.0,48.2633,0.0229862,0.311513,0.0,0.0467696,0.139136,0.554279,0.0,0.0,0.0757607,0.306229,0.0
1137.0,48.2967,0.107491,0.326011,0.0,0.0581614,0.187413,0.740124,0.0,0.0,0.153332,0.43496,0.0
1138.0,48.33,0.0849862,0.470013,0.107016,0.0834315,0.289534,0.657736,0.0,0.00591006,0.124108,0.329783,0.0
1139.0,48.3633,0.355012,0.170674,0.518604,0.0205506,0.0197232,0.710527,0.0,0.00902348,0.125993,0.570145,0.0647948
1140.0,48.3967,0.54383,0.138164,0.522956,0.0,0.0,0.522223,0.0,0.299217,0.0521737,0.707492,0.00244128
1141.0,48.43,0.565756,0.0,0.440032,0.00806373,0.0257978,0.519775,0.0,0.083176,0.0,0.754712,0.0062277
1142.0,48.4633,0.484656,0.0612346,0.372826,0.0870194,0.259504,0.334213,0.0,0.0283857,0.0,0.552129,0.0
1143.0,48.4967,0.0481683,0.239112,0.255768,0.0852473,0.390617,0.0,0.35143,0.0,0.00681584,0.205644,0.121803
1144.0,48.53,0.0,0.323387,0.0480581,0.0,0.181156,0.201583,0.0,0.0,0.0,0.270596,0.0106681
1145.0,48.5633,0.201385,0.406043,0.048163,0.0172432,0.399679,0.816141,0.0,0.0,0.0,0.0,0.0344364
1146.0,48.5967,0.0,0.459411,0.0,0.0,0.0883787,0.255313,0.0,0.0,0.182197,0.0,0.175063
1147.0,48.63,0.0,0.450294,0.0,0.0,0.0,0.098464,0.0,0.0,0.180793,0.0,0.120956
1148.0,48.6633,0.0801517,0.678703,0.0,0.0,0.0,0.0,0.118309,0.156986,0.289742,0.0,0.0675131
1149.0,48.6967,0.124115,0.590163,0.0,0.0,0.0,0.0,0.0866996,0.500077,0.417892,0.0,0.0936976
1150.0,48.73,0.0626355,0.168199,0.0,0.0,0.0,0.0,0.443141,0.455121,0.0846254,0.0956374,0.0669697
1151.0,48.7633,0.00972796,0.0425746,0.0,0.0,0.0,0.0,0.386181,0.225171,0.0398445,0.100682,0.020369
1152.0,48.7967,0.000749074,0.051096,0.0,0.0,0.0,0.0,0.225732,0.127651,0.0141599,0.0610546,0.000529421
1153.0,48.83,0.0574311,0.589109,0.0,0.0111252,0.0287286,0.0,0.200533,0.0767681,0.0362349,0.0172904,0.0
1154.0,48.8633,0.0,0.0694481,0.0,0.0,0.00147423,0.0277847,0.00427836,0.0,0.109698,0.0,0.0320988
1155.0,48.8967,0.0,0.105864,0.0,0.0,0.0,0.00745258,0.00694805,0.0722159,0.0831496,0.0,0.0
1156.0,48.93,0.293965,0.841896,0.388977,0.0,0.0,0.0,0.0,0.237736,0.312395,0.0,0.109488
1157.0,48.9633,0.0143133,0.490416,0.240469,0.0,0.0379311,0.207697,0.0,0.0672127,0.0,0.0,0.0
1158.0,48.9967,0.0731094,0.209474,0.295172,0.0,0.0,0.0,0.0,0.0,0.0,0.150279,0.0
1159.0,49.03,0.352128,0.0889645,0.429444,0.0,0.0,0.102012,0.0,0.0143556,0.0705673,0.217098,0.0776628
1160.0,49.0633,0.129089,0.440831,0.119664,0.031739,0.0933395,0.194456,0.0,0.00648716,0.00627841,0.138206,0.0
1161.0,49.0967,0.107382,0.441508,0.0699099,0.02426,0.0658811,0.247825,0.0,0.0156407,0.00869385,0.207661,0.0
1162.0,49.13,0.136599,0.4515,0.0952914,0.0368322,0.104805,0.536807,0.0,0.0,0.0883472,0.316227,0.0
1163.0,49.1633,0.269269,0.473548,0.560315,0.0671783,0.23023,0.718869,0.0,0.0,0.145778,0.416349,0.0
1164.0,49.1967,0.248,0.056119,0.632757,0.0,0.117711,0.675093,0.0,0.0,0.16432,0.309623,0.0
1165.0,49.23,0.521688,0.428317,0.597697,0.00110325,0.0,0.56334,0.0,0.238678,0.10744,0.68268,0.12454
1166.0,49.2633,0.558538,0.312728,0.594289,0.00418884,0.0,0.483742,0.0,0.22382,0.0572821,0.691883,0.0842603
1167.0,49.2967,0.45987,0.427321,0.483888,0.0309103,0.0635948,0.420394,0.0,0.0962295,0.00877124,0.684089,0.0
1168.0,49.33,0.0107868,0.503084,0.052329,0.0174878,0.0862499,0.0226044,0.0293093,0.0816004,0.0423147,0.342863,0.0
1169.0,49.3633,0.0,0.175164,0.0,0.0984704,0.409291,0.0,0.538632,0.0204985,0.013892,0.32854,0.650257
1170.0,49.3967,0.0,0.868626,0.401745,0.0,0.245685,0.084578,0.0053945,0.0,0.052907,0.0,0.0593465
1171.0,49.43,0.169362,0.328292,0.1338,0.0,0.194143,0.851634,0.0,0.0,0.0,0.0,0.146329
1172.0,49.4633,0.187206,0.392622,0.0223484,0.0,0.246274,0.4703,0.0,0.0,0.0,0.0,0.141696
1173.0,49.4967,0.0372039,0.500747,0.0,0.0,0.0,0.184186,0.0,0.0,0.153523,0.0,0.210852
1174.0,49.53,0.0,0.0939342,0.0125835,0.0,0.0685214,0.246711,0.0,0.0,0.0,0.0564485,0.127338
1175.0,49.5633,0.0,0.537167,0.0,0.0,0.0,0.0,0.0,0.0908962,0.428563,0.0,0.103804
1176.0,49.5967,0.0124938,0.140952,0.0,0.0,0.0,0.0,0.260211,0.55392,0.193058,0.0435281,0.172542
1177.0,49.63,0.0219933,0.395111,0.0237526,0.0,0.0,0.0,0.233617,0.48102,0.0,0.0741971,0.0
1178.0,49.6633,0.0,0.644688,0.0,0.0289672,0.0810448,0.0,0.192948,0.0854866,0.0347614,0.0330616,0.0
1179.0,49.6967,0.0,0.44987,0.0,0.0151253,0.0561515,0.0,0.0904043,0.0406752,0.0356115,0.0,0.0
1180.0,49.73,0.0,0.171455,0.0158221,0.0,0.0250275,0.0481537,0.0,0.0,0.0718262,0.0,0.0
1181.0,49.7633,0.0,0.154016,0.0,0.0,0.0,0.0,0.0,0.0660401,0.149369,0.0,0.0
1182.0,49.7967,0.0852285,0.318511,0.0724898,0.0,0.0,0.00765709,0.0,0.114408,0.148379,0.0183764,0.0473344
1183.0,49.83,0.316638,0.385381,0.194247,0.0,0.0209587,0.396017,0.0,0.00245654,0.0,0.151506,0.0782377
1184.0,49.8633,0.136771,0.278704,0.0,0.0,0.0,0.0746027,0.0,0.265998,0.104932,0.473962,0.0
1185.0,49.8967,0.30947,0.0,0.140525,0.0,0.0672412,0.0,0.128608,0.0491844,0.0,0.360311,0.0248959
1186.0,49.93,0.179931,0.134837,0.0,0.0634129,0.197609,0.233874,0.0,0.0243901,0.0,0.460265,0.0605579
1187.0,49.9633,0.0357272,0.418856,0.0,0.0277916,0.090099,0.465529,0.0,0.0,0.0282839,0.325242,0.0
1188.0,49.9967,0.148229,0.351461,0.0,0.0596888,0.15831,0.569813,0.0,0.0,0.0765002,0.338881,0.0
1189.0,50.03,0.102474,0.42593,0.0,0.0768981,0.249181,0.666665,0.0,0.0,0.0950183,0.359388,0.0
1190.0,50.0633,0.11988,0.323576,0.0,0.0647993,0.20492,0.69265,0.0,0.00852824,0.153005,0.326572,0.0
1191.0,50.0967,0.467571,0.0683145,0.38889,0.00247244,0.0115246,0.6726,0.0,0.00725807,0.10565,0.513202,0.0237932
1192.0,50.13,0.60526,0.061116,0.531898,0.0,0.0060414,0.713597,0.0,0.0406919,0.0283504,0.711848,0.0432139
1193.0,50.1633,0.63592,0.00418064,0.500586,0.0525196,0.154969,0.549421,0.0,0.0278068,0.0,0.688214,0.0
1194.0,50.1967,0.417706,0.0691061,0.118543,0.0923742,0.279712,0.243418,0.0,0.00305397,0.0,0.371586,0.0
1195.0,50.23,0.0,0.353211,0.235389,0.0425897,0.243886,0.00206823,0.257996,0.00442107,0.0239023,0.0495484,0.262104
1196.0,50.2633,0.0,0.241094,0.06374,0.0,0.170505,0.309343,0.0,0.0242579,0.0,0.32069,0.0473976
1197.0,50.2967,0.0,0.176074,0.0,0.0,0.0351556,0.344562,0.0,0.0,0.0861507,0.0,0.131506
1198.0,50.33,0.0841626,0.411368,0.0,0.0,0.0,0.0,0.0,0.170823,0.0665122,0.0,0.026622
1199.0,50.3633,0.0139693,0.0912323,0.0,0.0,0.00240567,0.00601644,0.0596826,0.0,0.181638,0.0,0.0744266
1200.0,50.3967,0.0,0.305482,0.0,0.0,0.0,0.0,0.0028897,0.04254,0.412038,0.0,0.408437
1201.0,50.43,0.0,0.401217,0.0,0.0,0.0,0.0,0.013233,0.311359,0.40324,0.0,0.155545
1202.0,50.4633,0.0395874,0.145005,0.0,0.0,0.0,0.0,0.32813,0.382514,0.0692125,0.0860685,0.030638
1203.0,50.4967,0.0156497,0.266589,0.0,0.0,0.00272395,0.0,0.252741,0.373883,0.0,0.0999618,0.0359099
1204.0,50.53,0.0,0.0754767,0.0,0.0,0.0,0.0,0.139377,0.136977,0.00513544,0.0907905,0.00258996
1205.0,50.5633,0.125997,0.610164,0.0,0.019023,0.0631939,0.0,0.182548,0.0662982,0.0210881,0.0180164,0.0
1206.0,50.5967,0.047782,0.17085,0.0,0.0,0.00479903,0.0898365,0.0,0.0,0.0757029,0.0,0.0624585
1207.0,50.63,0.0,0.0648205,0.0,0.0,0.0,0.0159037,0.0305115,0.0473661,0.131406,0.0,0.165245
1208.0,50.6633,0.197727,0.498767,0.320144,0.0,0.0,0.0,0.0861282,0.145971,0.100312,0.0,0.144068
1209.0,50.6967,0.0,0.428852,0.285265,0.0,0.0872855,0.390711,0.0212673,0.00281963,0.0,0.0,0.0493444
1210.0,50.73,0.0,0.273658,0.0,0.0,0.0,0.0269818,0.0,0.0053473,0.0791012,0.023333,0.0733229
1211.0,50.7633,0.320365,0.155995,0.446653,0.0,0.0,0.146373,0.0,0.0552387,0.0,0.439484,0.0
1212.0,50.7967,0.216456,0.462312,0.329351,0.0458188,0.129298,0.106836,0.0143564,0.0,0.0,0.0802732,0.0911957
1213.0,50.83,0.0812609,0.567243,0.0722245,0.0361892,0.101726,0.30814,0.0,0.00578051,0.0244338,0.169082,0.0
1214.0,50.8633,0.0788205,0.570217,0.0787478,0.045438,0.131602,0.507683,0.0,0.0,0.0844327,0.264317,0.0
1215.0,50.8967,0.165712,0.642015,0.518816,0.0624122,0.222577,0.680829,0.0,0.0,0.160315,0.294216,0.0
1216.0,50.93,0.204261,0.607151,0.616666,0.111336,0.385054,0.596964,0.0,0.000766905,0.0960062,0.269501,0.0
1217.0,50.9633,0.54039,0.279686,0.647956,0.00834256,0.0,0.587315,0.0,0.0581987,0.122174,0.578589,0.0445684
1218.0,50.9967,0.504974,0.163657,0.508768,0.0,0.0,0.569969,0.0,0.463833,0.0115795,0.830995,0.102135
1219.0,51.03,0.547748,0.0497799,0.545889,0.0194434,0.0162426,0.461597,0.0,0.0585248,0.00349698,0.682178,0.0
1220.0,51.0633,0.396775,0.0,0.285468,0.0751422,0.227015,0.381991,0.0,0.0848476,0.0,0.689963,0.0
1221.0,51.0967,0.119898,0.366599,0.51345,0.0925564,0.361508,0.0123495,0.16165,0.0,0.0308291,0.267103,0.0
1222.0,51.13,0.0,0.153382,0.137023,0.0,0.346044,0.339028,0.0,0.0,0.0,0.308209,0.0708348
1223.0,51.1633,0.0750189,0.314887,0.0390658,0.0,0.202301,0.682124,0.0,0.0,0.0584127,0.0,0.0270617
1224.0,51.1967,0.0,0.397104,0.0,0.0,0.0902725,0.199385,0.0,0.0,0.117823,0.0,0.0
1225.0,51.23,0.0189463,0.399211,0.0,0.0,0.0132414,0.0610027,0.0157813,0.00155493,0.0,0.0,0.18274
1226.0,51.2633,0.0,0.400082,0.0,0.0,0.0,0.0,0.0,0.080108,0.22072,0.0,0.120692
1227.0,51.2967,0.0318724,0.555212,0.0,0.0,0.0,0.0,0.00900526,0.357487,0.460282,0.0,0.0718565
1228.0,51.33,0.0487288,0.187552,0.0,0.0,0.0,0.0,0.392588,0.477798,0.153203,0.0263248,0.126597
1229.0,51.3633,0.0240653,0.0614683,0.0,0.0,0.0,0.0,0.463956,0.326526,0.0438063,0.0993981,0.0408163
1230.0,51.3967,0.0,0.863707,0.0,0.0290691,0.100401,0.0,0.266525,0.131276,0.00352339,0.0936517,0.0
1231.0,51.43,0.0,0.303693,0.0,0.0112324,0.0521287,0.0250611,0.0139189,0.0,0.0566282,0.0,0.0
1232.0,51.4633,0.0,0.114101,0.00210837,0.0,0.0,0.106281,0.0,0.0,0.147191,0.0,0.0
1233.0,51.4967,0.0,0.146282,0.0,0.0,0.0,0.00910479,0.0,0.0511823,0.167329,0.0,0.0
1234.0,51.53,0.392736,0.375697,0.230538,0.0,0.152359,0.317556,0.043278,0.0204407,0.0,0.157671,0.156231
1235.0,51.5633,0.117286,0.186361,0.164961,0.0,0.0,0.0,0.0,0.0549398,0.0,0.391567,0.0
1236.0,51.5967,0.210239,0.116069,0.298474,0.0,0.0,0.0,0.130973,0.377657,0.0,0.412809,0.0
1237.0,51.63,0.19729,0.0528269,0.403571,0.0282105,0.196596,0.0,0.00108852,0.0234952,0.0,0.240356,0.180101
1238.0,51.6633,0.202058,0.164852,0.298935,0.0800265,0.234619,0.0,0.25519,0.0570936,0.0,0.39719,0.0743994
1239.0,51.6967,0.111431,0.335372,0.0,0.02808,0.0813989,0.331812,0.0,0.0,0.0193331,0.170543,0.0
1240.0,51.73,0.163465,0.211494,0.0898552,0.0637874,0.190491,0.664834,0.0,0.0,0.113111,0.326888,0.0
1241.0,51.7633,0.176318,0.290199,0.00475009,0.0645925,0.21535,0.715319,0.0,0.0,0.15987,0.32309,0.0
1242.0,51.7967,0.32136,0.177295,0.418855,0.0425424,0.113716,0.659609,0.0,0.00569718,0.148612,0.329652,0.0
1243.0,51.83,0.613334,0.121368,0.487527,0.0,0.0,0.558796,0.0,0.155772,0.0865725,0.56442,0.0110426
1244.0,51.8633,0.651919,0.0633475,0.543105,0.00296283,0.0129496,0.627449,0.0,0.0434229,0.0,0.677129,0.000830279
1245.0,51.8967,0.536488,0.0471934,0.396662,0.0692165,0.207675,0.448931,0.0,0.0,0.0,0.547716,0.0
1246.0,51.93,0.0366564,0.167276,0.288488,0.111565,0.568801,0.0,0.791782,0.0458514,0.0,0.667437,0.728872
1247.0,51.9633,0.0,0.236257,0.0743135,0.0,0.177742,0.283309,0.0,0.00633741,0.0,0.0206269,0.0904258
1248.0,51.9967,0.0,0.897485,0.0354457,0.0,0.0565757,0.281632,0.0,0.0,0.0011044,0.0599749,0.0989292
1249.0,52.03,0.0,0.232835,0.0333655,0.0,0.029055,0.116363,0.0,0.00755379,0.0,0.163845,0.0744771
1250.0,52.0633,0.0402412,0.497292,0.0,0.0,0.0,0.0,0.0,0.146891,0.188249,0.0,0.156761
1251.0,52.0967,0.0,0.612514,0.0,0.0,0.0,0.0,0.0672365,0.0541008,0.513355,0.0,0.100487
1252.0,52.13,0.0336905,0.551349,0.0,0.0,0.0,0.0,0.090147,0.284858,0.456721,0.0,0.0405599
1253.0,52.1633,0.0489211,0.374209,0.0,0.0,0.0,0.0,0.188446,0.40175,0.344818,0.0,0.0643641
1254.0,52.1967,0.0,0.105345,0.0143323,0.0,0.0,0.0,0.397752,0.358089,0.0979169,0.0848967,0.0242449
1255.0,52.23,0.00918949,0.259018,0.0,0.0,0.0,0.0,0.157739,0.283202,0.0,0.0437306,0.0403788
1256.0,52.2633,0.0569459,0.0897161,0.0,0.0,0.000268248,0.0,0.119298,0.107507,0.0,0.107001,0.0
1257.0,52.2967,0.0,0.570882,0.007665,0.0369364,0.163166,0.00413189,0.0390084,0.0,0.0340852,0.0,0.00633686
1258.0,52.33,0.0,0.499184,0.0,0.0,0.0683665,0.148903,0.000153163,0.0,0.0,0.0,0.0917583
1259.0,52.3633,0.0,0.114539,0.000912145,0.0,0.0,0.0199461,0.0,0.0,0.278012,0.0,0.295807
1260.0,52.3967,0.0,0.149346,0.00961664,0.0,0.0,0.00907372,0.0300564,0.154745,0.0656905,0.0306949,0.0
1261.0,52.43,0.512091,0.0159096,0.490262,0.0,0.0,0.19601,0.0,0.0,0.0,0.201354,0.138081
1262.0,52.4633,0.0,0.334213,0.0,0.0,0.0,0.0,0.0,0.0977746,0.0,0.267558,0.0
1263.0,52.4967,0.178376,0.0,0.241781,0.0260708,0.173788,0.0,0.197949,0.0429967,0.0,0.468746,0.0373055
1264.0,52.53,0.155259,0.2799,0.220099,0.061099,0.185198,0.0741677,0.0,0.0138312,0.0,0.222551,0.0257727
1265.0,52.5633,0.109401,0.384055,0.0,0.0372155,0.108442,0.485902,0.0,0.0,0.0648811,0.19694,0.0
1266.0,52.5967,0.157121,0.370215,0.0589646,0.0722824,0.220856,0.631905,0.0,0.0,0.0985699,0.2824,0.0
1267.0,52.63,0.146897,0.421431,0.0,0.0737315,0.251683,0.725286,0.0,0.0,0.138602,0.324943,0.0
1268.0,52.6633,0.0595899,0.137653,0.381999,0.0,0.157902,0.746176,0.0,0.0,0.191129,0.267509,0.0
1269.0,52.6967,0.550645,0.2024,0.471911,0.00451916,0.0,0.611208,0.0,0.165734,0.148742,0.562665,0.0275825
1270.0,52.73,0.709234,0.673673,0.596249,0.0,0.0,0.551655,0.0,0.159112,0.0298973,0.597564,0.0576431
1271.0,52.7633,0.673811,0.0221829,0.487991,0.0470838,0.133404,0.469643,0.0,0.0362696,0.0,0.655957,0.0
1272.0,52.7967,0.585744,0.0788878,0.351419,0.111832,0.325361,0.251381,0.0,0.000628083,0.0,0.495892,0.0
1273.0,52.83,0.0398541,0.265874,0.378625,0.093001,0.411085,0.0,0.323919,0.0,0.000462901,0.227753,0.210415
1274.0,52.8633,0.0,0.519468,0.0187665,0.0,0.217036,0.428159,0.0,0.0,0.0,0.212977,0.0906726
1275.0,52.8967,0.213478,0.401473,0.0514587,0.0271465,0.41755,0.803556,0.0,0.0,0.0,0.0,0.0286391
1276.0,52.93,0.0,0.204765,0.0,0.0,0.0125077,0.320979,0.0,0.0,0.380519,0.0,0.243209
1277.0,52.9633,0.0,0.36234,0.0,0.0,0.0,0.239757,0.0,0.0,0.180925,0.0,0.102315
1278.0,52.9967,0.0,0.657629,0.0,0.0,0.0,0.0,0.0,0.100109,0.498371,0.0,0.0922321
1279.0,53.03,0.00838739,0.480473,0.0,0.0,0.0,0.0,0.118738,0.414641,0.476637,0.0,0.160678
1280.0,53.0633,0.0,0.0956966,0.00971045,0.0,0.0,0.0,0.533597,0.514161,0.095892,0.148437,0.0762853
1281.0,53.0967,0.00566339,0.255815,0.0,0.0,0.022979,0.0,0.265686,0.324096,0.0,0.0680569,0.122336
1282.0,53.13,0.010064,0.0713037,0.0,0.0,0.0,0.0,0.118474,0.135306,0.000517503,0.094748,0.0
1283.0,53.1633,0.126826,0.572814,0.0,0.0174953,0.047132,0.0,0.174302,0.0602835,0.042181,0.0,0.0
1284.0,53.1967,0.0,0.0889231,0.0,0.0,0.0,0.0153512,0.0,0.0,0.139924,0.0,0.0630609
1285.0,53.23,0.0,0.123692,0.0,0.0,0.0,0.00207118,0.00476958,0.0943073,0.104218,0.0,0.0
1286.0,53.2633,0.00994006,0.116137,0.00789857,0.0,0.0,0.0305307,0.0167495,0.0797722,0.0414029,0.00511845,0.0600583
1287.0,53.2967,0.49175,0.0650439,0.620528,0.0,0.0552212,0.123084,0.0,0.0,0.0,0.174708,0.136536
1288.0,53.33,0.0,0.392968,0.0,0.0,0.0,0.0,0.0,0.0163811,0.0,0.238707,0.0
1289.0,53.3633,0.343011,0.00459631,0.274696,0.0,0.0,0.0688023,0.0,0.0125732,0.0,0.479957,0.0288131
1290.0,53.3967,0.367036,0.0882186,0.596004,0.0392828,0.246744,0.00614284,0.0,0.0449742,0.0,0.230196,0.142465
1291.0,53.43,0.370097,0.309101,0.0,0.0509567,0.136484,0.307677,0.0,0.00256035,0.0100182,0.116232,0.0825853
1292.0,53.4633,0.258414,0.327953,0.262215,0.0594309,0.170471,0.331335,0.0,0.0170909,0.00958859,0.308156,0.0
1293.0,53.4967,0.245123,0.489012,0.330277,0.0633489,0.194744,0.638828,0.0,0.0,0.103255,0.348353,0.0
1294.0,53.53,0.258059,0.59672,0.434881,0.0484632,0.152522,0.645115,0.0,0.0,0.11668,0.366787,0.0134567
1295.0,53.5633,0.566129,0.510608,0.549819,0.00291839,0.0,0.648651,0.0,0.165185,0.131865,0.629518,0.0879275
1296.0,53.5967,0.677128,0.241463,0.661445,0.0,0.0,0.585271,0.0,0.302331,0.0179998,0.747795,0.106718
1297.0,53.63,0.677665,0.0957602,0.602102,0.0411505,0.120918,0.564232,0.0,0.0888572,0.0,0.790366,0.0211712
1298.0,53.6633,0.523719,0.236252,0.423753,0.118425,0.336479,0.168959,0.00577396,0.0443365,0.0,0.69471,0.0
1299.0,53.6967,0.0122184,0.0908754,0.0,0.0543809,0.206211,0.248852,0.0,0.028485,0.0,0.198173,0.0
1300.0,53.73,0.0188402,0.349313,0.150721,0.00459639,0.421785,0.421199,0.0,0.00247105,0.0,0.098284,0.00232335
1301.0,53.7633,0.046986,0.114126,0.129464,0.0,0.295669,0.860116,0.0,0.0,0.0,0.0,0.00668092
1302.0,53.7967,0.0132263,0.366154,0.00546356,0.0,0.00981436,0.769832,0.0,0.0,0.339336,0.0,0.153328
1303.0,53.83,0.0380329,0.416322,0.0,0.0,0.0,0.318974,0.0,0.0,0.0332372,0.0,0.160398
1304.0,53.8633,0.0,0.0200649,0.0348039,0.0245958,0.253059,0.548335,0.0,0.0,0.0237437,0.0,0.0246444
1305.0,53.8967,0.0,0.522027,0.0,0.0,0.0,0.283467,0.0,0.0,0.451392,0.0,0.144115
1306.0,53.93,0.0119174,0.400862,0.0,0.0,0.0,0.0,0.0,0.322175,0.3166,0.0237431,0.0326956
1307.0,53.9633,0.0,0.233731,0.0,0.0,0.0,0.0,0.368732,0.235122,0.0170563,0.101294,0.050693
1308.0,53.9967,0.0,0.829403,0.0,0.0505184,0.173673,0.00434447,0.17985,0.0565086,0.0350044,0.025257,0.0158762
1309.0,54.03,0.0,0.0951412,0.0,0.00169904,0.0395506,0.0115015,0.0460488,0.0,0.11411,0.0,0.0
1310.0,54.0633,0.0,0.156001,0.0,0.0,0.0,0.0164016,0.00629993,0.0,0.128883,0.0,0.0
1311.0,54.0967,0.0,0.173238,0.0,0.0,0.0,0.00823959,0.0278199,0.059558,0.14392,0.0,0.0193071
1312.0,54.13,0.115406,0.506793,0.294305,0.0,0.0,0.0,0.0,0.201038,0.0915626,0.0,0.158153
1313.0,54.1633,0.157999,0.125384,0.363446,0.0,0.0982944,0.114559,0.0,0.0,0.0,0.169787,0.00926796
1314.0,54.1967,0.0508337,0.328566,0.0,0.0,0.0,0.0138893,0.359564,0.259486,0.0,0.547286,0.0
1315.0,54.23,0.284728,0.0764273,0.233308,0.0,0.0,0.0,0.0,0.397315,0.0,0.346747,0.0613663
1316.0,54.2633,0.238767,0.0,0.267727,0.0215867,0.161592,0.0,0.130507,0.0521472,0.0,0.397049,0.0803183
1317.0,54.2967,0.285033,0.322496,0.0,0.0344898,0.100485,0.173993,0.00159657,0.00175406,0.0,0.0563062,0.00923177
1318.0,54.33,0.249996,0.0,0.137188,0.0545923,0.145014,0.504894,0.0,0.0,0.0222411,0.472628,0.0
1319.0,54.3633,0.197422,0.0808209,0.087969,0.0484896,0.152597,0.772652,0.0,0.0,0.161781,0.506779,0.0
1320.0,54.3967,0.33887,0.0,0.199243,0.013038,0.0115982,0.58303,0.0,0.0490502,0.140692,0.331963,0.0
1321.0,54.43,0.683481,0.0873337,0.548306,0.0,0.000745311,0.67139,0.0,0.0663416,0.0907975,0.61536,0.00573711
1322.0,54.4633,0.673991,0.0909451,0.584035,0.0274594,0.0876342,0.699832,0.0,0.0628973,0.0,0.739317,0.0207489
1323.0,54.4967,0.487433,0.0,0.0773719,0.0911569,0.266992,0.358253,0.0,0.000700096,0.0,0.394709,0.0
1324.0,54.53,0.0,0.198946,0.0,0.032315,0.170686,0.0562812,0.00624534,0.0,0.0313801,0.0,0.180614
1325.0,54.5633,0.0,0.0411763,0.0,0.0211957,0.141247,0.315604,0.0,0.0,0.0276823,0.076499,0.120083
1326.0,54.5967,0.0,0.927336,0.0475431,0.0,0.250186,0.54024,0.0,0.0,0.0181977,0.0574303,0.0634941
1327.0,54.63,0.0716654,0.190597,0.109884,0.0,0.220858,0.566297,0.0,0.0,0.0,0.0,0.0150335
1328.0,54.6633,0.0567562,0.356173,0.0149193,0.0,0.0665144,0.597423,0.0,0.0,0.145207,0.0,0.226327
1329.0,54.6967,0.036687,0.514615,0.0,0.0,0.0,0.0339148,0.0,0.0287143,0.156658,0.0,0.168359
1330.0,54.73,0.0,0.223086,0.0,0.0,0.00269997,0.191189,0.0,0.0,0.0,0.0552874,0.00259484
1331.0,54.7633,0.0,0.560526,0.0,0.0,0.0,0.0,0.0,0.139026,0.432148,0.0,0.0268372
1332.0,54.7967,0.0806632,0.300515,0.0,0.0,0.0,0.0,0.254856,0.494392,0.148322,0.050311,0.0106235
1333.0,54.83,0.0312189,0.0936966,0.0,0.0,0.0,0.0,0.409209,0.30146,0.0345888,0.0878454,0.0198676
1334.0,54.8633,0.00295044,0.0494543,0.0,0.0,0.0,0.0,0.240231,0.145362,0.0195783,0.0509774,0.00703596
1335.0,54.8967,0.0,0.350026,0.0,0.00242996,0.00922062,0.0,0.21662,0.102347,0.0192458,0.0512046,0.00470079
1336.0,54.93,0.0,0.0764137,0.000677589,0.0,0.00125054,0.0364307,0.0,0.0,0.114792,0.0,0.026328
1337.0,54.9633,0.0,0.0704878,0.0,0.0,0.0,0.013462,0.0258669,0.0474621,0.133085,0.0,0.0478768
1338.0,54.9967,0.193819,0.831719,0.424773,0.0,0.0,0.0,0.0,0.266607,0.217627,0.0,0.118046
1339.0,55.03,0.0650829,0.14268,0.19789,0.0,0.0578448,0.0,0.0,0.0,0.0153307,0.0,0.0
1340.0,55.0633,0.0,0.285595,0.0,0.0,0.0,0.0218058,0.0,0.0,0.0,0.0316131,0.0621046
1341.0,55.0967,0.245662,0.0800222,0.471517,0.0,0.0450552,0.311376,0.0,0.0,0.0,0.19827,0.0
1342.0,55.13,0.0687143,0.404214,0.0,0.0,0.0,0.496435,0.0,0.0,0.0,0.189729,0.0
1343.0,55.1633,0.153199,0.435877,0.0,0.060202,0.166098,0.344524,0.0,0.0,0.00673634,0.270568,0.0
1344.0,55.1967,0.163419,0.417821,0.0,0.0541443,0.14574,0.384097,0.0,0.0,0.035171,0.241401,0.0
1345.0,55.23,0.142563,0.52702,0.240051,0.0568904,0.189044,0.657246,0.0,0.0,0.112503,0.363624,0.0
1346.0,55.2633,0.210069,0.577068,0.505535,0.0689035,0.240104,0.672825,0.0,0.0,0.120925,0.370468,0.00372887
1347.0,55.2967,0.592477,0.451331,0.613648,0.0,0.0,0.613228,0.0,0.22655,0.140285,0.610808,0.0201539
1348.0,55.33,0.679942,0.284299,0.617739,0.00499812,0.0,0.584205,0.0,0.205114,0.0761329,0.720599,0.0991026
1349.0,55.3633,0.627334,0.173043,0.5878,0.0254809,0.0713731,0.616808,0.0,0.114328,0.0,0.827449,0.0420639
1350.0,55.3967,0.483848,0.132853,0.291601,0.0841205,0.253112,0.27651,0.0,0.0385385,0.0,0.55474,0.0
1351.0,55.43,0.27916,0.107344,0.00768788,0.110587,0.353383,0.209858,0.0,0.0,0.0,0.235173,0.0
1352.0,55.4633,0.0,0.917254,0.07609,0.0093869,0.289323,0.3068,0.0,0.0,0.0231515,0.0695913,0.130916
1353.0,55.4967,0.0982043,0.596645,0.106862,0.0384278,0.441134,0.789998,0.0,0.0,0.0,0.180407,0.0160517
1354.0,55.53,0.259566,0.444527,0.05618,0.00563467,0.417826,0.889363,0.0,0.0,0.13744,0.0,0.0
1355.0,55.5633,0.0,0.307533,0.0,0.0,0.016321,0.776976,0.0,0.0,0.393849,0.0,0.22684
1356.0,55.5967,0.0497945,0.312979,0.0,0.0,0.097213,0.496893,0.0,0.0,0.0,0.0,0.107846
1357.0,55.63,0.0,0.440941,0.0,0.0,0.0,0.231623,0.0,0.0,0.283388,0.0,0.130481
1358.0,55.6633,0.0,0.787777,0.0,0.0305965,0.0956831,0.0,0.12385,0.00117561,0.119357,0.0,0.250064
1359.0,55.6967,0.0,0.924947,0.00857335,0.042247,0.289318,0.0158346,0.0475334,0.0,0.0472866,0.0,0.0578193
1360.0,55.73,0.0,0.195972,0.0675042,0.0,0.0340307,0.0679297,0.0,0.0,0.0468559,0.0,0.132909
1361.0,55.7633,0.0,0.188085,0.131169,0.0,0.0109318,0.010928,0.0,0.0,0.0140358,0.0,0.0247146
1362.0,55.7967,0.0,0.117119,0.00325607,0.0,0.0,0.0,0.0,0.0,0.203615,0.0,0.0
1363.0,55.83,0.0,0.0803256,0.0329777,0.0,0.0,0.0,0.0,0.0393026,0.221369,0.0,0.0650038
1364.0,55.8633,0.0532032,0.306876,0.0,0.0,0.0,0.281004,0.0,0.109865,0.0,0.0,0.0260586
1365.0,55.8967,0.231387,0.0158253,0.305048,0.0,0.0,0.0741123,0.0,0.0961604,0.0,0.714772,0.00603837
1366.0,55.93,0.309731,0.0,0.170851,0.0,0.0,0.0,0.416077,0.468353,0.0,0.666365,0.0
1367.0,55.9633,0.198905,0.0,0.20679,0.0,0.0842319,0.0574284,0.204785,0.0113556,0.0,0.495561,0.0333144
1368.0,55.9967,0.140543,0.0,0.0525895,0.0540366,0.174733,0.0363736,0.0,0.00574653,0.0087801,0.14587,0.0
1369.0,56.03,0.284006,0.141604,0.0441148,0.0,0.0655752,0.219511,0.0,0.0,0.0278223,0.0158522,0.0
1370.0,56.0633,0.166266,0.0,0.0,0.0446056,0.142567,0.686221,0.0,0.0,0.119476,0.461748,0.0478743
1371.0,56.0967,0.167808,0.0,0.0,0.0241499,0.0560679,0.567773,0.0,0.0027615,0.137593,0.361229,0.0
1372.0,56.13,0.610705,0.0,0.241867,0.00188729,0.00446989,0.534864,0.0,0.0,0.112339,0.348051,0.0
1373.0,56.1633,0.649811,0.0,0.319495,0.0206511,0.0538178,0.649533,0.0,0.0196639,0.0390253,0.591722,0.0142103
1374.0,56.1967,0.173481,0.0,0.204516,0.0148363,0.289068,0.134231,0.0,0.0581833,0.0,0.306663,0.175339
1375.0,56.23,0.123876,0.0,0.0738422,0.10533,0.328245,0.112222,0.000208167,0.0,0.0,0.156682,0.0841895
1376.0,56.2633,0.0,0.214259,0.0988892,0.0,0.171106,0.356456,0.0,0.0259976,0.0,0.0520721,0.242582
1377.0,56.2967,0.0,0.355003,0.0185038,0.0,0.113105,0.258401,0.0,0.033987,0.0,0.129563,0.197372
1378.0,56.33,0.0,0.40282,0.0,0.0,0.0751354,0.113207,0.0787761,0.100467,0.0,0.200128,0.163347
1379.0,56.3633,0.0,0.381045,0.0,0.0,0.117594,0.204561,0.00865747,0.0509933,0.0,0.0,0.0169387
1380.0,56.3967,0.0,0.337704,0.0,0.0,0.0,0.117438,0.0,0.0,0.117348,0.0572974,0.21866
1381.0,56.43,0.0,0.523939,0.0,0.0,0.0,0.000182727,0.0,0.0,0.237905,0.103505,0.123287
1382.0,56.4633,0.0,0.504642,0.0,0.0,0.0,0.0,0.0,0.0922922,0.311232,0.0200232,0.0753967
1383.0,56.4967,0.0651915,0.506778,0.0,0.0,0.0,0.0,0.0307285,0.407359,0.384408,0.0,0.102369
1384.0,56.53,0.0,0.112893,0.0195651,0.0,0.0,0.0,0.416837,0.467498,0.0948048,0.101541,0.186971
1385.0,56.5633,0.0101802,0.237673,0.0,0.0,0.0,0.0,0.172582,0.345164,0.0,0.0699179,0.0594957
1386.0,56.5967,0.0,0.764271,0.0,0.0489804,0.154895,0.0746602,0.0179204,0.0,0.0200394,0.0125386,0.00323061
1387.0,56.63,0.0342393,0.140008,0.0,0.0,0.0116637,0.0219988,0.049878,0.000245944,0.0160594,0.0,0.00683666
1388.0,56.6633,0.00346255,0.120966,0.0,0.0,0.0,0.0465396,0.0,0.0,0.120924,0.0,0.0286504
1389.0,56.6967,0.0,0.141918,0.0,0.0,0.0,0.00487342,0.0,0.0466522,0.118286,0.0,0.0854784
1390.0,56.73,0.0,0.26459,0.00649976,0.0,0.000448423,0.188002,0.0,0.0660676,0.0,0.0,0.086202
1391.0,56.7633,0.359766,0.0,0.379536,0.0,0.0,0.245177,0.0,0.0,0.0,0.421137,0.0327981
1392.0,56.7967,0.430104,0.0,0.307033,0.0,0.0,0.0,0.298262,0.572312,0.0,0.59802,0.0186597
1393.0,56.83,0.236356,0.147722,0.28958,0.0712608,0.208054,0.00647809,0.114774,0.102738,0.0,0.670259,0.11736
1394.0,56.8633,0.0980033,0.304316,0.0,0.0208565,0.0570328,0.0613307,0.00400327,0.0284771,0.0,0.306122,0.00433549
1395.0,56.8967,0.195631,0.220755,0.263321,0.0669728,0.216141,0.231019,0.0,0.0099374,0.0,0.379687,0.0243545
1396.0,56.93,0.102108,0.430236,0.0,0.0464127,0.134669,0.596165,0.0,0.0,0.0609317,0.376602,0.0
1397.0,56.9633,0.0801294,0.520616,0.0933358,0.0648651,0.226852,0.758677,0.0,0.0,0.162944,0.390667,0.0
1398.0,56.9967,0.0165075,0.403497,0.161932,0.109331,0.382115,0.525485,0.0,0.0,0.0845813,0.23098,0.28358
1399.0,57.03,0.564073,0.308288,0.60968,0.00734615,0.0,0.627734,0.0,0.0844149,0.110225,0.634953,0.0331446
1400.0,57.0633,0.634582,0.191676,0.57116,0.00633178,0.0,0.653188,0.0,0.160078,0.0919396,0.741096,0.126669
1401.0,57.0967,0.70071,0.0784178,0.651715,0.0,0.0,0.663715,0.0,0.14875,0.0,0.862951,0.0390922
1402.0,57.13,0.561728,0.136174,0.493616,0.0726115,0.219817,0.36019,0.0,0.057667,0.0,0.649413,0.0
1403.0,57.1633,0.0635928,0.336848,0.477913,0.0757489,0.315064,0.0168572,0.0649071,0.0,0.0254732,0.275099,0.0
1404.0,57.1967,0.00613898,0.516902,0.0596705,0.0357878,0.28717,0.172373,0.0112007,0.0,0.0,0.293777,0.241704
1405.0,57.23,0.175129,0.380275,0.0614081,0.0605941,0.496367,0.791464,0.0,0.0,0.0,0.145266,0.0363509
1406.0,57.2633,0.00736547,0.463553,0.0,0.0,0.0506421,0.434078,0.0,0.0,0.232987,0.0,0.044611
1407.0,57.2967,0.0,0.497572,0.0,0.0,0.15715,0.178766,0.0284931,0.0,0.0,0.0,0.192894
1408.0,57.33,0.0,0.441298,0.0,0.0,0.0,0.103958,0.0,0.0,0.256382,0.0,0.0752745
1409.0,57.3633,0.0,0.538928,0.0,0.0,0.0,0.0,0.0,0.226303,0.405382,0.0,0.0412653
1410.0,57.3967,0.0692747,0.265767,0.0,0.0,0.0,0.0,0.25759,0.428402,0.173683,0.0,0.0839419
1411.0,57.43,0.0304193,0.317104,0.0228189,0.0,0.0,0.0,0.2697,0.417599,0.0,0.0408001,0.135771
1412.0,57.4633,0.0,0.808535,0.0,0.0388698,0.126092,0.0,0.260082,0.100554,0.0306611,0.0342555,0.0
1413.0,57.4967,0.0,0.451834,0.0,0.0193242,0.0778136,0.0139425,0.0395266,0.0,0.0734712,0.0,0.0
1414.0,57.53,0.0,0.11846,0.0,0.0,0.0,0.0503569,0.0,0.0,0.198534,0.0,0.0
1415.0,57.5633,0.0,0.191232,0.0,0.0,0.0,0.00168517,0.0,0.0072101,0.156257,0.0,0.0
1416.0,57.5967,0.00269154,0.308905,0.0442193,0.0,0.00321668,0.0949687,0.00291376,0.122443,0.0,0.0,0.133661
1417.0,57.63,0.346694,0.1029,0.587925,0.0,0.0297557,0.0500482,0.0,0.0264462,0.0,0.435775,0.0906241
1418.0,57.6633,0.0,0.409349,0.0,0.0,0.0,0.0,0.248817,0.0907102,0.0,0.39244,0.0
1419.0,57.6967,0.550469,0.0226133,0.304208,0.0,0.0,0.0,0.0,0.561051,0.0,0.483721,0.0
1420.0,57.73,0.111547,0.111714,0.141949,0.0,0.0522653,0.0528839,0.0,0.0,0.0,0.0841176,0.0649741
1421.0,57.7633,0.207851,0.258283,0.0,0.0346568,0.103776,0.253555,0.0,0.00506776,0.0363446,0.0,0.0
1422.0,57.7967,0.425627,0.0,0.329644,0.0139485,0.110093,0.455909,0.0,0.0,0.0,0.830158,0.0
1423.0,57.83,0.247508,0.02713,0.211417,0.0290174,0.0729691,0.740471,0.0,0.0,0.124633,0.518984,0.0361283
1424.0,57.8633,0.320072,0.0623031,0.372303,0.0282079,0.0582385,0.602445,0.0,0.0,0.144751,0.281097,0.0
1425.0,57.8967,0.65619,0.149437,0.563434,0.0,0.0,0.5733,0.0,0.260354,0.0959297,0.629304,0.0
1426.0,57.93,0.649823,0.103018,0.579952,0.0,0.00125067,0.671625,0.0,0.0715646,0.0,0.732984,0.0481018
1427.0,57.9633,0.48113,0.0,0.19054,0.0665056,0.199019,0.43033,0.0,0.0,0.0,0.490547,0.0
1428.0,57.9967,0.219766,0.180981,0.332919,0.0871237,0.397872,0.00818626,0.15246,0.0,0.00413412,0.275387,0.0270001
1429.0,58.03,0.0,0.288964,0.067784,0.0,0.186082,0.302256,0.0,0.0,0.0,0.187174,0.147165
1430.0,58.0633,0.0,0.908682,0.0459301,0.0,0.0696239,0.318008,0.0,0.0,0.0,0.214165,0.141197
1431.0,58.0967,0.0,0.276754,0.0228049,0.0,0.028233,0.161798,0.0,0.0,0.0375887,0.0343345,0.218297
1432.0,58.13,0.0,0.38602,0.0,0.0,0.0,0.0,0.225291,0.068043,0.37642,0.0,0.126396
1433.0,58.1633,0.0,0.50114,0.0,0.0,0.0,0.0,0.230946,0.101478,0.512152,0.0,0.123688
1434.0,58.1967,0.0,0.431876,0.0,0.0,0.0,0.0,0.182228,0.266959,0.451936,0.0,0.101054
1435.0,58.23,0.00035543,0.245115,0.0,0.0,0.0,0.0,0.197128,0.345951,0.296172,0.0,0.10563
1436.0,58.2633,0.0443509,0.304706,0.0,0.0,0.0,0.0,0.213046,0.328304,0.0,0.0132082,0.0703498
1437.0,58.2967,0.0327062,0.298495,0.0,0.0,0.0,0.0,0.119546,0.289457,0.0,0.0608259,0.0817458
1438.0,58.33,0.02715,0.117821,0.0,0.0,0.0,0.0,0.0898037,0.151562,0.0134192,0.083646,0.0028344
1439.0,58.3633,0.181768,0.625723,0.0,0.012016,0.0428512,0.0,0.152679,0.0354534,0.00642124,0.00578434,0.0726369
1440.0,58.3967,0.100353,0.322834,0.0,2.87071e-05,0.00883771,0.0565204,0.0,0.0,0.0309568,0.0,0.0347122
1441.0,58.43,0.00222616,0.0727818,0.0,0.0,0.0,0.017933,0.0216559,0.0594311,0.133824,0.0,0.108831
1442.0,58.4633,0.343055,0.342472,0.199755,0.0,0.0,0.0,0.0799988,0.14792,0.162201,0.0,0.128108
1443.0,58.4967,0.0,0.150987,0.126801,0.0,0.0353255,0.0395686,0.0,0.0,0.0631153,0.0,0.0
1444.0,58.53,0.0,0.281098,0.0,0.0,0.0,0.0764981,0.0,0.0,0.0878038,0.0235052,0.0784287
1445.0,58.5633,0.278465,0.247059,0.537762,0.0,0.0489072,0.392222,0.0,0.0,0.0,0.166697,0.0180216
1446.0,58.5967,0.1386,0.37471,0.00713987,0.0,0.0,0.47085,0.0,0.0,0.0465298,0.191326,0.0
1447.0,58.63,0.14634,0.500793,0.0,0.0481677,0.13555,0.369136,0.0,0.00136279,0.0181469,0.275209,0.0
1448.0,58.6633,0.138772,0.499269,0.000851265,0.0461451,0.128334,0.409924,0.0,0.0,0.0469524,0.284759,0.0
1449.0,58.6967,0.187039,0.68799,0.499552,0.062506,0.217518,0.623835,0.0,0.0,0.103152,0.365415,0.0
1450.0,58.73,0.242902,0.674731,0.626497,0.0676066,0.25013,0.657448,0.0,0.0,0.110501,0.380232,0.00200302
1451.0,58.7633,0.41026,0.497022,0.651754,0.0129747,0.0,0.595903,0.0,0.0190024,0.106184,0.53864,0.0614555
1452.0,58.7967,0.661079,0.259188,0.617332,0.00571624,0.0,0.540128,0.0,0.265463,0.0615438,0.734154,0.0843511
1453.0,58.83,0.663321,0.143821,0.690484,0.0,0.0,0.565268,0.0,0.240087,0.0,0.879478,0.0918779
1454.0,58.8633,0.493278,0.213331,0.553795,0.0824517,0.247948,0.413242,0.0,0.0915073,0.0,0.696232,0.0
1455.0,58.8967,0.205561,0.188223,0.0,0.0870104,0.274013,0.185423,0.00840589,0.0220694,0.0,0.2602,0.0
1456.0,58.93,0.0362983,0.331126,0.13371,0.0490883,0.502747,0.236963,0.0198807,0.0,0.0,0.210779,0.0612481
1457.0,58.9633,0.25496,0.532857,0.06488,0.0,0.24648,0.844212,0.0,0.0,0.0,0.0,0.152085
1458.0,58.9967,0.0431644,0.334868,0.00442758,0.0,0.152306,0.459886,0.0,0.0,0.0,0.0,0.0
1459.0,59.03,0.0121525,0.404883,0.0,0.0,0.0,0.22977,0.0,0.0,0.0541195,0.0,0.15027
1460.0,59.0633,0.0422004,0.277687,0.0,0.0,0.0,0.147297,0.0,0.0,0.0554494,0.0265343,0.162902
1461.0,59.0967,0.0225663,0.521966,0.0,0.0,0.0,0.0,0.0,0.309816,0.467786,0.0,0.115299
1462.0,59.13,0.0,0.162594,0.0,0.0,0.0,0.0,0.363815,0.329796,0.105257,0.0290459,0.1065
1463.0,59.1633,0.0,0.90903,0.0,0.0697521,0.238783,0.0,0.27087,0.0857691,0.0283332,0.0279781,0.0
1464.0,59.1967,0.0,0.787532,0.0,0.03915,0.152625,0.178545,0.0,0.0,0.0492558,0.0,0.00752479
1465.0,59.23,0.0,0.127778,0.0056062,0.0,0.0417633,0.0720057,0.0,0.0,0.0805987,0.0,0.00419646
1466.0,59.2633,0.0,0.252285,0.0,0.0,0.0,0.0,0.0,0.00615896,0.167178,0.0,0.0
1467.0,59.2967,0.0,0.212786,0.0,0.0,0.0,0.0,0.0258149,0.0735961,0.22466,0.0,0.0228674
1468.0,59.33,0.175306,0.430521,0.28844,0.0,0.0648329,0.20369,0.00562191,0.0762142,0.0,0.105781,0.221551
1469.0,59.3633,0.0,0.20872,0.0,0.0,0.0,0.00275713,0.0,0.0123864,0.0,0.223084,0.0
1470.0,59.3967,0.148532,0.0538377,0.0882735,0.0,0.0,0.0,0.0851177,0.122821,0.0,0.453424,0.0
1471.0,59.43,0.415155,0.0,0.267031,0.0,0.0,0.0,0.0,0.251108,0.0,0.308434,0.0445273
1472.0,59.4633,0.286632,0.0,0.306146,0.0136355,0.16842,0.0111967,0.0649976,0.0603752,0.0,0.296837,0.062042
1473.0,59.4967,0.0,0.180881,0.0,0.0178173,0.0760382,0.281572,0.0,0.0,0.0,0.29367,0.0
1474.0,59.53,0.147341,0.0,0.0,0.0496636,0.131116,0.581597,0.0,0.0,0.0938897,0.354624,0.0
1475.0,59.5633,0.195844,0.0108653,0.0,0.0462372,0.137621,0.656132,0.0,0.0,0.139287,0.352931,0.0189294
1476.0,59.5967,0.386056,0.0,0.0894403,0.0229647,0.0608444,0.524181,0.0,0.0,0.143881,0.231695,0.0
1477.0,59.63,0.557018,0.0,0.259347,0.015332,0.0391071,0.591871,0.0,0.00554377,0.0567133,0.517936,0.0303007
1478.0,59.6633,0.672166,0.0,0.383896,0.0380235,0.112994,0.597234,0.0,0.0259548,0.0,0.62906,0.0
1479.0,59.6967,0.395915,0.0,0.190002,0.0786162,0.257769,0.316685,0.0,0.0,0.0,0.114396,0.0
1480.0,59.73,0.0934061,0.0,0.0166607,0.0868546,0.294686,0.259208,0.0,0.0,0.0,0.0464622,0.0
1481.0,59.7633,0.0,0.185215,0.124256,0.0,0.14068,0.34818,0.0,0.0112527,0.0,0.0107238,0.10851
1482.0,59.7967,0.0,0.503745,0.0,0.0,0.0594676,0.469176,0.0,0.0,0.0,0.237075,0.135038
1483.0,59.83,0.0124164,0.403733,0.0,0.0,0.0,0.105126,0.0144088,0.10726,0.0,0.0,0.0973233
1484.0,59.8633,0.0,0.444564,0.0,0.0,0.0,0.0,0.0136668,0.0,0.350507,0.0,0.139022
1485.0,59.8967,0.0,0.511075,0.0,0.0,0.0,0.0,0.017831,0.0572201,0.3244,0.0,0.0484399
1486.0,59.93,0.0297517,0.603029,0.0,0.0,0.0,0.0,0.0261617,0.305277,0.461041,0.0,0.0300392
1487.0,59.9633,0.065695,0.432642,0.0,0.0,0.0,0.0,0.155297,0.45016,0.319323,0.0,0.0356749
1488.0,59.9967,0.0,0.123189,0.0254164,0.0,0.0,0.0,0.411319,0.465567,0.0803985,0.159908,0.123828
1489.0,60.03,0.00366987,0.256249,0.00271351,0.0,0.0,0.0,0.15737,0.354399,0.0,0.0924425,0.0
1490.0,60.0633,0.0,0.787228,0.0,0.0270213,0.0813879,0.0108177,0.136466,0.0879884,0.0215648,0.0475503,0.0
1491.0,60.0967,0.0,0.533426,0.0,0.0249959,0.076506,0.0163088,0.0696996,0.018665,0.0246159,0.00251364,0.0
1492.0,60.13,0.0,0.0782898,0.000433933,0.0,0.0,0.0695446,0.0,0.0,0.154428,0.0,0.0550317
1493.0,60.1633,0.0,0.140468,0.0,0.0,0.0,0.0157026,0.0,0.0462824,0.130137,0.0,0.007168
1494.0,60.1967,0.0,0.312636,0.0262531,0.0,0.00292891,0.0999689,0.0,0.102321,0.0,0.0,0.100328
1495.0,60.23,0.296962,0.0618813,0.415965,0.0,0.0,0.0772655,0.0,0.0,0.0,0.211166,0.0
1496.0,60.2633,0.111518,0.102458,0.0727008,0.0,0.0,0.0,0.187455,0.338402,0.0,0.38134,0.00482734
1497.0,60.2967,0.341191,0.0,0.508105,0.041953,0.231469,0.0,0.155238,0.0477759,0.0,0.456332,0.301871
1498.0,60.33,0.203444,0.153609,0.311399,0.0596163,0.18046,0.00125584,0.261832,0.121728,0.0,0.504505,0.148863
