frame,time,Gastrocnemius Medialis,Tibialis Anterior,Soleus,Vastus Medialis,Vastus Lateralis,Rectus Femoris,Biceps Femoris,Semitendinosus,Gracilis,Gluteus Medius,External Oblique
0.0,2.35392,0.0,0.520198,0.0,0.0,0.0,0.0,0.147036,0.305281,0.422142,0.00843942,0.0297699
1.0,2.38725,0.0,0.298,0.0,0.0,0.0,0.0,0.234197,0.374236,0.273392,0.029638,0.168712
2.0,2.42059,0.0141572,0.128025,0.0,0.0,0.0,0.0,0.357917,0.389016,0.0842497,0.115927,0.0195942
3.0,2.45392,0.0,0.959128,0.0,0.0,0.0,0.0,0.28585,0.174093,0.0305863,0.0233338,0.140798
4.0,2.48725,0.0,0.67928,0.0,0.226267,0.61743,0.0634831,0.0722141,0.085305,0.0,0.511967,0.505103
5.0,2.52059,0.0,0.523261,0.0,0.0710944,0.243846,0.115402,0.0,0.0,0.0,0.0407979,0.199845
6.0,2.55392,0.0899421,0.0931558,0.0,0.0345808,0.123113,0.00373038,0.106316,0.0800486,0.0,0.154694,0.0658777
7.0,2.58725,0.118652,0.3019,0.0,0.0268765,0.11417,0.0868191,0.0,0.0,0.0,0.0271322,0.0318513
8.0,2.62059,0.155727,0.135799,0.0,0.0,0.0,0.0,0.0166384,0.0904487,0.0663035,0.0211568,0.0171319
9.0,2.65392,0.0881168,0.0707364,0.0,0.0119069,0.0462535,0.0141297,0.0410062,0.0982426,0.0,0.29768,0.0551558
10.0,2.68725,0.108952,0.111157,0.0,0.00686834,0.028174,0.0444458,0.00778674,0.098888,0.0,0.43466,0.0486637
11.0,2.72059,0.131149,0.150161,0.0,0.0,0.00839335,0.0992182,0.0,0.097165,0.0,0.415034,0.0466474
12.0,2.75392,0.182659,0.0381195,0.0715085,0.0,0.0,0.0325803,0.0,0.140534,0.0,0.479743,0.0491958
13.0,2.78725,0.342465,0.14289,0.0024909,0.0,0.0,0.0992776,0.0,0.199647,0.0114479,0.571114,0.0
14.0,2.82059,0.150865,0.208648,0.0,0.0,0.0,0.293337,0.0,0.122102,0.0,0.679891,0.0
15.0,2.85392,0.464171,0.16808,0.0,0.00207496,0.0,0.192164,0.0,0.104821,0.0,0.466458,0.0
16.0,2.88725,0.657059,0.12016,0.0,0.0411786,0.100468,0.408327,0.0,0.0,0.0,0.239098,0.0
17.0,2.92059,0.782089,0.169004,0.304701,0.0658903,0.170569,0.517682,0.0,0.0,0.0629416,0.247244,0.0
18.0,2.95392,0.800571,0.311645,0.23741,0.0627658,0.150824,0.684277,0.0,0.0,0.199923,0.339418,0.0
19.0,2.98725,0.737494,0.28516,0.406626,0.0618348,0.130633,0.718977,0.0,0.0,0.222969,0.395978,0.0
20.0,3.02059,0.652053,0.182084,0.187906,0.0490177,0.103869,0.600615,0.0,0.050796,0.107618,0.316008,0.0570161
21.0,3.05392,0.123235,0.062155,0.0153605,0.0557184,0.14771,0.0,0.0248806,0.0,0.0,0.682406,0.268554
22.0,3.08725,0.424611,0.178084,0.494135,0.0,0.000781998,0.151427,0.0,0.0398659,0.00823292,0.243987,0.0
23.0,3.12059,0.420258,0.0,0.270598,0.0288373,0.0927703,0.182639,0.0,0.0,0.0,0.429409,0.0170071
24.0,3.15392,0.366236,0.0,0.170579,0.0477427,0.175119,0.038324,0.0,0.0,0.0,0.405035,0.0587103
25.0,3.18725,0.0,0.0212483,0.0,0.0,0.0732191,0.0521493,0.0,0.0,0.0,0.166541,0.223281
26.0,3.22059,0.0,0.030995,0.0,0.0,0.0785246,0.145791,0.0,0.0,0.020821,0.0377095,0.100887
27.0,3.25392,0.0,0.0231528,0.0,0.0,0.0318176,0.0162078,0.0,0.0,0.0,0.138159,0.0875847
28.0,3.28725,0.0,0.0994579,0.0,0.0,0.0,0.0167391,0.0,0.0,0.0758691,0.0631505,0.0768369
29.0,3.32059,0.0,0.39844,0.0,0.0,0.0,0.0,0.0700855,0.0,0.253743,0.184107,0.0490938
30.0,3.35392,0.0,0.566126,0.0,0.0,0.0,0.0,0.0477828,0.0,0.337595,0.129646,0.011852
31.0,3.38725,0.0,0.645998,0.0,0.0,0.0,0.0,0.0369559,0.0589579,0.418933,0.113301,0.0
32.0,3.42059,0.0,0.617215,0.0,0.0,0.0,0.0,0.14485,0.200238,0.448619,0.028572,0.0
33.0,3.45392,0.0,0.485336,0.0,0.0,0.0,0.0,0.121202,0.290342,0.38881,0.00704925,0.141352
34.0,3.48725,0.0,0.295848,0.0,0.0,0.0,0.0,0.196958,0.388518,0.246836,0.0770624,0.120312
35.0,3.52059,0.0118898,0.125916,0.0,0.0,0.0,0.0,0.352369,0.378602,0.0813495,0.117193,0.0506894
36.0,3.55392,0.0,0.941598,0.0,0.0,0.0,0.0,0.27038,0.134837,0.012695,0.0904653,0.138179
37.0,3.58725,0.0,0.918484,0.0,0.122624,0.384086,0.0672324,0.0,0.0425093,0.00490417,0.367718,0.400778
38.0,3.62059,0.0,0.506146,0.0,0.0657223,0.224253,0.0868028,0.0,0.0,0.0,0.00125489,0.139119
39.0,3.65392,0.0774807,0.0920337,0.0,0.0266907,0.0992457,0.0,0.105222,0.0776294,0.0,0.13777,0.0281349
40.0,3.68725,0.0504728,0.255846,0.0,0.0180345,0.0898316,0.0555091,0.0,0.00322869,0.0,0.0394796,0.0
41.0,3.72059,0.149938,0.103234,0.0,0.0,0.0,0.0,0.0231951,0.0838441,0.0523019,0.0510156,0.0110894
42.0,3.75392,0.10069,0.0625285,0.0,0.0154216,0.0595987,0.0217101,0.0273067,0.101732,0.0,0.33372,0.054077
43.0,3.78725,0.0888668,0.080428,0.0,8.76738e-05,0.0114779,0.0993201,0.0,0.0797287,0.0,0.415495,0.0440793
44.0,3.82059,0.104168,0.122104,3.96178e-05,0.0,0.0,0.13557,0.0,0.107644,0.0,0.460087,0.072208
45.0,3.85392,0.097622,0.0821977,0.0,0.0,0.0,0.0668883,0.0,0.175059,0.0,0.558928,0.0194874
46.0,3.88725,0.219557,0.212103,0.0,0.0,0.0,0.168252,0.0,0.205625,0.0,0.63394,0.0
47.0,3.92059,0.140864,0.244269,0.0,0.0,0.0,0.291128,0.0,0.172363,0.0,0.698973,0.0
48.0,3.95392,0.431737,0.245804,0.0,0.0,0.0,0.350833,0.0,0.0847893,0.0,0.441527,0.0
49.0,3.98725,0.632759,0.195763,0.0,0.0392712,0.103225,0.426068,0.0,0.0,0.0,0.256104,0.0
50.0,4.02059,0.767857,0.255674,0.164947,0.0652019,0.163041,0.544281,0.0,0.0,0.0776198,0.256878,0.0
51.0,4.05392,0.675602,0.234349,0.255281,0.0561423,0.12174,0.699916,0.0,0.0,0.246484,0.27921,0.0
52.0,4.08725,0.74034,0.173052,0.371608,0.0620364,0.128002,0.723358,0.0,0.0112661,0.21731,0.425537,0.0
53.0,4.12059,0.483617,0.167248,0.0,0.029415,0.0921123,0.232574,0.0,0.0,0.0,0.264948,0.082931
54.0,4.15392,0.269815,0.0977897,0.366598,0.00690763,0.0,0.0,0.0117487,0.0453648,0.0,0.651802,0.0132229
55.0,4.18725,0.506717,0.0825582,0.475724,0.0,0.0,0.268119,0.0,0.0295403,0.0111743,0.380352,0.0311322
56.0,4.22059,0.502482,0.0247376,0.214325,0.0341111,0.106309,0.235657,0.0,0.0,0.0,0.494247,0.0711217
57.0,4.25392,0.373303,0.0,0.228818,0.049205,0.189577,0.0129635,0.011054,0.00298084,0.0,0.481705,0.0140403
58.0,4.28725,0.0,0.0186499,0.0,0.0,0.0904336,0.157232,0.0,0.0,0.0,0.197414,0.161754
59.0,4.32059,0.0,0.0204011,0.0,0.0,0.0765552,0.147158,0.0,0.0,0.0105161,0.0750014,0.0820315
60.0,4.35392,0.0,0.026504,0.0,0.0,0.0200466,0.00854389,0.0,0.0,0.00171899,0.092615,0.0880677
61.0,4.38725,0.0,0.078505,0.0,0.0,0.0,0.0439659,0.0,0.0,0.0550111,0.0593101,0.0851094
62.0,4.42059,0.0,0.425605,0.0,0.0,0.0,0.0,0.0550835,0.0,0.275572,0.174862,0.0649801
63.0,4.45392,0.0,0.591713,0.0,0.0,0.0,0.0,0.0435544,0.0,0.357671,0.114122,0.0321674
64.0,4.48725,0.0,0.647263,0.0,0.0,0.0,0.0,0.0229782,0.0359815,0.414584,0.114565,0.0
65.0,4.52059,0.0,0.643164,0.0,0.0,0.0,0.0,0.127428,0.179657,0.478059,0.00755155,0.0267983
66.0,4.55392,0.0,0.500634,0.0,0.0,0.0,0.0,0.147,0.270599,0.418389,0.0,0.156761
67.0,4.58725,0.015846,0.305774,0.0,0.0,0.0,0.0,0.222711,0.381875,0.263743,0.0586675,0.134477
68.0,4.62059,0.0153606,0.131686,0.0,0.0,0.0,0.0,0.347397,0.367059,0.0896871,0.109539,0.0431952
69.0,4.65392,0.0,0.943149,0.0,0.0,0.0,0.0,0.268264,0.130025,0.0158998,0.0841496,0.117522
70.0,4.68725,0.0,0.717405,0.0,0.224373,0.616239,0.0684168,0.0678843,0.0717427,0.0,0.472701,0.491838
71.0,4.72059,0.0,0.417143,0.0,0.0679965,0.232943,0.109793,0.0,0.0,0.0,0.0245033,0.213878
72.0,4.75392,0.0737624,0.0633768,0.0,0.0308537,0.112196,0.0,0.113126,0.081457,0.0,0.148633,0.0248086
73.0,4.78725,0.0268642,0.272394,0.0,0.0217708,0.0995953,0.0546376,0.0,0.00184264,0.0,0.0533353,0.0
74.0,4.82059,0.105546,0.0319259,0.0,0.0,0.0,0.0,0.0929808,0.0835254,0.0224304,0.087313,0.024685
75.0,4.85392,0.0445385,0.0504905,0.0,0.0185387,0.0700534,0.0227527,0.0445158,0.120293,0.0,0.375761,0.0661758
76.0,4.88725,0.0569629,0.0819663,0.0,0.000357895,0.0118758,0.0932944,0.0,0.0915648,0.0,0.441028,0.0649027
77.0,4.92059,0.101826,0.130958,0.0,0.0,0.0,0.127781,0.0,0.115312,0.0,0.46242,0.0828414
78.0,4.95392,0.068596,0.112992,0.0,0.0,0.0,0.072102,0.0,0.181697,0.0,0.56808,0.0377918
79.0,4.98725,0.164534,0.237222,0.0,0.0,0.0,0.170377,0.0,0.219196,0.00651999,0.635417,0.0
80.0,5.02059,0.0438934,0.263907,0.0,0.0,0.0,0.283009,0.0,0.191925,0.0,0.72169,0.0
81.0,5.05392,0.370532,0.299987,0.0,0.0,0.0,0.371107,0.0,0.0706335,0.0,0.426478,0.0
82.0,5.08725,0.557826,0.256646,0.0,0.0282186,0.0880859,0.436149,0.0,0.0125137,0.00748766,0.276338,0.0
83.0,5.12059,0.569017,0.256167,0.0267064,0.0514442,0.119337,0.58186,0.0,0.0,0.166811,0.0807458,0.0
84.0,5.15392,0.635381,0.244278,0.225709,0.0572699,0.122395,0.727832,0.0,0.0,0.245935,0.376792,0.0
85.0,5.18725,0.712304,0.193334,0.363832,0.0571673,0.136053,0.69303,0.0,0.0,0.202875,0.38311,0.0
86.0,5.22059,0.206436,0.0,0.0494133,0.132666,0.283927,0.0,0.532156,0.017547,0.0,0.615414,0.841148
87.0,5.25392,0.455856,0.143815,0.460088,0.00388528,0.0,0.229446,0.0,0.0599765,0.0,0.366152,0.0
88.0,5.28725,0.476519,0.00364126,0.39334,0.00295053,0.00767527,0.281644,0.0,0.0,0.0,0.401551,0.0859187
89.0,5.32059,0.396963,0.0764775,0.101428,0.0331027,0.109506,0.111701,0.0,0.0,0.0,0.377818,0.0473885
90.0,5.35392,0.425732,0.0,0.193178,0.0591423,0.202669,0.0316095,0.0,0.0,0.0,0.430105,0.0
91.0,5.38725,0.0,0.0169249,0.0,0.0,0.0870526,0.0485148,0.0,0.0,0.0,0.152749,0.180949
92.0,5.42059,0.0,0.035571,0.0,0.0,0.0760969,0.187552,0.0,0.0,0.0362835,0.0495457,0.101897
93.0,5.45392,0.0,0.0282447,0.0,0.0,0.0275118,0.0886991,0.0,0.0,0.0,0.0859002,0.0750376
94.0,5.48725,0.0,0.089405,0.0,0.0,0.0,0.097869,0.0,0.0,0.068502,0.0779511,0.0932022
95.0,5.52059,0.0,0.350368,0.0,0.0,0.0,0.0,0.0340792,0.0,0.209894,0.17444,0.0683319
96.0,5.55392,0.0,0.555521,0.0,0.0,0.0,0.0,0.0,0.0,0.311797,0.159471,0.0251987
97.0,5.58725,0.0,0.650256,0.0,0.0,0.0,0.0,0.0,0.0,0.408408,0.141864,0.0
98.0,5.62059,0.0,0.669574,0.0,0.0,0.0,0.0,0.0765745,0.15039,0.488899,0.00465028,0.0303145
99.0,5.65392,0.0,0.556789,0.0,0.0,0.0,0.0,0.115673,0.282972,0.462687,0.00368931,0.087367
100.0,5.68725,0.0,0.30337,0.0,0.0,0.0,0.0,0.218827,0.387534,0.284853,0.0539124,0.209966
101.0,5.72059,0.0173779,0.135996,0.0,0.0,0.0,0.0,0.322034,0.380699,0.083575,0.105208,0.0166265
102.0,5.75392,0.0,0.0533584,0.0,0.0,0.0,0.0,0.299596,0.195287,0.0503693,0.120282,0.0400048
103.0,5.78725,0.0,0.969083,0.0,0.0760815,0.220906,0.0187462,0.0,0.0,0.0,0.00214473,0.0
104.0,5.82059,0.0,0.670107,0.0,0.076164,0.257366,0.128297,0.0,0.0,0.0,0.0,0.0312215
105.0,5.85392,0.128388,0.0470004,0.00107814,0.025242,0.0975517,0.00661465,0.064293,0.0630592,0.0,0.140619,0.120462
106.0,5.88725,0.0266265,0.218685,0.0,0.00745934,0.048575,0.0121691,0.0,0.02704,0.0,0.0621934,0.0
107.0,5.92059,0.0911857,0.124873,0.0,0.0,0.0,0.0,0.0239638,0.108828,0.0647528,0.0736488,0.0139614
108.0,5.95392,0.0854411,0.125607,0.0,0.0114007,0.0497668,0.050117,0.0,0.0748412,0.0,0.294829,0.0538818
109.0,5.98725,0.115133,0.131144,0.0,0.00131704,0.0170983,0.177863,0.0,0.0366836,0.0,0.354754,0.0346658
110.0,6.02059,0.0864417,0.167879,0.000644992,0.00100291,0.0135458,0.182041,0.0,0.0405164,0.0,0.39063,0.0200657
111.0,6.05392,0.0997578,0.133588,0.0,0.0,0.0,0.123315,0.0,0.113406,0.0,0.496986,0.0337136
112.0,6.08725,0.106493,0.197757,0.0,0.0,0.0,0.268615,0.0,0.124921,0.0,0.487558,0.0
113.0,6.12059,0.109076,0.285691,0.0,0.0,0.0,0.388837,0.0,0.107948,0.0,0.614984,0.0
114.0,6.15392,0.423849,0.331578,0.0,0.0028881,0.0357796,0.416602,0.0,0.0240579,0.0,0.332397,0.0
115.0,6.18725,0.598056,0.378003,0.0,0.0394143,0.116746,0.445917,0.0,0.0,0.0345428,0.235078,0.0
116.0,6.22059,0.639235,0.276238,0.213296,0.0486744,0.113157,0.58251,0.0,0.0,0.168049,0.0918895,0.0
117.0,6.25392,0.740962,0.160109,0.288959,0.0594723,0.126212,0.716624,0.0,0.0,0.208176,0.48048,0.0
118.0,6.28725,0.742105,0.179905,0.410854,0.0625493,0.151552,0.680194,0.0,0.0,0.171897,0.375497,0.0
119.0,6.32059,0.11342,0.0,0.0274556,0.176354,0.370168,0.0,0.84896,0.0,0.0,0.796589,0.672398
120.0,6.35392,0.279722,0.17914,0.440127,0.00438563,0.0030757,0.0448493,0.0,0.0638776,0.0,0.381367,0.0
121.0,6.38725,0.349056,0.0,0.346313,0.00673884,0.0246487,0.263099,0.0,0.0,0.00576813,0.346503,0.0986973
122.0,6.42059,0.312636,0.0540518,0.0714331,0.0311463,0.118445,0.0743614,0.0,0.0,0.0,0.320294,0.0362076
123.0,6.45392,0.337474,0.0,0.241619,0.0505178,0.206132,0.0598896,0.0,0.005089,0.0,0.526037,0.0
124.0,6.48725,0.0,0.0149883,0.0,0.0,0.0888039,0.137962,0.0,0.0,0.0173415,0.124139,0.129732
125.0,6.52059,0.0,0.0201415,0.0,0.0,0.0634496,0.152094,0.0,0.0,0.0136495,0.10199,0.0926756
126.0,6.55392,0.0,0.0247061,0.0,0.0,0.0158718,0.0135953,0.0,0.0,0.000165902,0.0579884,0.0638686
127.0,6.58725,0.0,0.095502,0.0,0.0,0.0,0.0478567,0.0,0.0,0.071831,0.079239,0.073979
128.0,6.62059,0.0,0.315961,0.0,0.0,0.0,0.0,0.0563936,0.0,0.185209,0.163266,0.0451361
129.0,6.65392,0.0,0.595756,0.0,0.0,0.0,0.0,0.019744,0.0,0.352777,0.105518,0.0125044
130.0,6.68725,0.0,0.672893,0.0,0.0,0.0,0.0,0.0184462,0.0259655,0.435223,0.117035,0.0
131.0,6.72059,0.0,0.664528,0.0,0.0,0.0,0.0,0.116405,0.169918,0.501035,0.00611767,0.0342988
132.0,6.75392,0.0,0.529729,0.0,0.0,0.0,0.0,0.139361,0.304256,0.420368,0.0,0.187303
133.0,6.78725,0.0,0.266124,0.0,0.0,0.0,0.0,0.229438,0.374729,0.279,0.0547194,0.182447
134.0,6.82059,0.0118652,0.12565,0.0,0.0,0.0,0.0,0.361381,0.393917,0.0825309,0.133849,0.0415323
135.0,6.85392,0.0,0.945317,0.0,0.0104129,0.0421847,0.0,0.258384,0.138156,0.0129558,0.121946,0.0615639
136.0,6.88725,0.0,0.801971,0.0,0.195262,0.55323,0.0558231,0.0487158,0.0404188,0.0,0.317421,0.315827
137.0,6.92059,0.0,0.184096,0.0,0.0412779,0.152371,0.00732739,0.0,0.0382275,0.0,0.0798478,0.175719
138.0,6.95392,0.149567,0.106054,0.0,0.0285794,0.0982338,0.0,0.141422,0.0825973,0.0,0.129445,0.0892367
139.0,6.98725,0.0475818,0.292033,0.0,0.0176207,0.0848552,0.0669438,0.0,0.0,0.0,0.0246324,0.00754851
140.0,7.02059,0.0726339,0.0795646,0.0,0.0,0.0,0.0,0.0508017,0.10568,0.0443949,0.0968384,0.0304703
141.0,7.05392,0.0798894,0.0857734,0.0,0.015757,0.0612321,0.02483,0.00491667,0.0985584,0.0,0.357071,0.0513049
142.0,7.08725,0.137783,0.146771,0.0,0.00262132,0.0183393,0.133234,0.0,0.0541156,0.0,0.37924,0.0589981
143.0,7.12059,0.159804,0.199587,0.0,0.00409689,0.0207434,0.152697,0.0,0.0667342,0.0,0.423729,0.0917376
144.0,7.15392,0.170071,0.0857655,0.000119627,0.0,0.00108118,0.0533299,0.0,0.0810407,0.0,0.429816,0.0865197
145.0,7.18725,0.243916,0.157322,0.0,0.0,0.0,0.16198,0.0,0.142822,0.0,0.547557,0.0
146.0,7.22059,0.21949,0.274211,0.0,0.0,0.0,0.333692,0.0,0.108902,0.0,0.619177,0.000458643
147.0,7.25392,0.534932,0.186597,0.0,0.0102481,0.0328369,0.357404,0.0,0.0273356,0.0,0.339582,0.0
148.0,7.28725,0.733485,0.192553,0.0138118,0.0597409,0.143868,0.447955,0.0,0.0,0.0162745,0.215091,0.0
149.0,7.32059,0.81576,0.248661,0.310216,0.0566345,0.145685,0.569378,0.0,0.0,0.113257,0.217842,0.0
150.0,7.35392,0.742739,0.3371,0.375449,0.0533015,0.115349,0.714647,0.0,0.0,0.243609,0.35936,0.0
151.0,7.38725,0.689354,0.270771,0.348659,0.0521432,0.113621,0.698565,0.0,0.0103191,0.174782,0.449144,0.0
152.0,7.42059,0.0876682,0.0181209,0.0,0.142536,0.320316,0.0,0.590795,0.0207995,0.0,0.644167,0.843588
153.0,7.45392,0.274775,0.222424,0.460528,0.00636083,0.0237166,0.090428,0.0,0.0421714,0.0,0.244445,0.0
154.0,7.48725,0.296841,0.0311123,0.341646,0.011753,0.046753,0.273149,0.0,0.0,0.0,0.412942,0.093559
155.0,7.52059,0.372421,0.0,0.159545,0.0535304,0.185414,0.0970826,0.0,0.0,0.0,0.310223,0.0
156.0,7.55392,0.251504,0.0,0.229063,0.0373182,0.180533,0.0404087,0.0,0.00999506,0.0,0.500105,0.141689
157.0,7.58725,0.0,0.0271482,0.0,0.0,0.0905696,0.16433,0.0,0.0,0.0296689,0.10204,0.135434
158.0,7.62059,0.0,0.0267405,0.0,0.0,0.0554563,0.104578,0.0,0.0,0.0,0.114755,0.0986205
159.0,7.65392,0.0,0.0284359,0.00132547,0.0,0.0156678,0.0270171,0.0,0.0,0.00461551,0.0205301,0.0783368
160.0,7.68725,0.0,0.167883,0.0,0.0,0.0,0.0772057,0.00171159,0.0,0.109636,0.151974,0.0
161.0,7.72059,0.0,0.415567,0.0,0.0,0.0,0.0,0.0750775,0.0,0.266809,0.169925,0.047864
162.0,7.75392,0.0,0.581208,0.0,0.0,0.0,0.0,0.0346119,0.0,0.345978,0.0959259,0.0243579
163.0,7.78725,0.0,0.665593,0.0,0.0,0.0,0.0,0.0235569,0.0462271,0.431583,0.106189,0.0
164.0,7.82059,0.0,0.649891,0.0,0.0,0.0,0.0,0.130159,0.19295,0.492054,0.00989859,0.0395996
165.0,7.85392,0.0,0.487985,0.0,0.0,0.0,0.0,0.155181,0.276754,0.410117,0.0,0.185884
166.0,7.88725,0.0137667,0.281566,0.0,0.0,0.0,0.0,0.258817,0.386673,0.248267,0.0698022,0.178442
167.0,7.92059,0.013375,0.120661,0.0,0.0,0.0,0.0,0.356537,0.381103,0.0799803,0.134026,0.0440291
168.0,7.95392,0.0,0.94653,0.0,0.00815929,0.0355928,0.0,0.258493,0.138131,0.0131331,0.121256,0.0777768
169.0,7.98725,0.0,0.792554,0.0,0.201367,0.565166,0.0553474,0.0492457,0.037584,0.0,0.314783,0.311494
170.0,8.02059,0.0,0.208652,0.0,0.0427955,0.156929,0.00896521,0.0,0.0389215,0.0,0.0820378,0.182605
171.0,8.05392,0.152361,0.0961718,0.0,0.0291445,0.100749,0.0,0.138196,0.080593,0.0,0.127545,0.0871229
172.0,8.08725,0.0300992,0.283506,0.0,0.0183321,0.0890321,0.060792,0.0,0.0042464,0.0,0.0350084,0.0
173.0,8.12059,0.0697841,0.0732883,0.0,0.0,0.0,0.0,0.0464278,0.095232,0.0424291,0.0927138,0.0304593
174.0,8.15392,0.075373,0.071437,0.0,0.0154479,0.0604262,0.0240846,0.00983676,0.100048,0.0,0.349367,0.0550976
175.0,8.18725,0.111866,0.116475,0.0,0.000678952,0.012933,0.125661,0.0,0.0637224,0.0,0.393363,0.0581921
176.0,8.22059,0.144092,0.186619,0.0,0.000560182,0.0109793,0.155729,0.0,0.0745548,0.0,0.425355,0.0852229
177.0,8.25392,0.106561,0.113747,0.0,0.0,0.0,0.077724,0.0,0.147582,0.0,0.531207,0.0323218
178.0,8.28725,0.190074,0.190645,0.0,0.0,0.0,0.183916,0.0,0.15788,0.0,0.567934,0.0
179.0,8.32059,0.205601,0.271957,0.0,0.0,0.0,0.297139,0.0,0.136116,0.0,0.635207,0.0
180.0,8.35392,0.480286,0.224603,0.0,0.00294779,0.0200719,0.34932,0.0,0.0379239,0.0,0.36465,0.0
181.0,8.38725,0.716655,0.226537,0.0140987,0.0566247,0.139558,0.440022,0.0,0.0,0.00599603,0.2214,0.0
182.0,8.42059,0.801572,0.263487,0.283588,0.059323,0.152049,0.564233,0.0,0.0,0.104743,0.228122,0.0
183.0,8.45392,0.73656,0.329418,0.366412,0.0530623,0.115984,0.702428,0.0,0.0,0.243959,0.315935,0.0
184.0,8.48725,0.728954,0.294129,0.393938,0.0589616,0.118067,0.729256,0.0,0.0438321,0.20801,0.470643,0.0
185.0,8.52059,0.395012,0.209373,0.0,0.0282816,0.101236,0.231259,0.0,0.00760585,0.00141175,0.231882,0.0796886
186.0,8.55392,0.220512,0.265321,0.411569,0.0147904,0.0185798,0.0,0.0499395,0.00992608,0.0,0.664261,0.0
187.0,8.58725,0.292434,0.34676,0.549148,0.0,0.00100047,0.20613,0.0,0.0438655,0.0109242,0.37105,0.0268757
188.0,8.62059,0.0589721,0.338739,0.0,0.0,0.0307677,0.11066,0.0,0.0239776,0.0,0.342958,0.12504
189.0,8.65392,0.302523,0.0,0.166245,0.0399246,0.17756,0.0661181,0.0,0.0,0.0,0.452735,0.0789288
190.0,8.68725,0.0,0.0261255,0.0,0.0,0.0985075,0.180479,0.0,0.0,0.0223239,0.116975,0.158525
191.0,8.72059,0.0,0.0231565,0.0,0.0,0.0597024,0.123363,0.0,0.0,0.0,0.127555,0.0917913
192.0,8.75392,0.0,0.0260897,0.00216175,0.0,0.010123,0.00817664,0.0,0.0,0.0038766,0.0358355,0.0679805
193.0,8.78725,0.0,0.118013,0.0,0.0,0.0,0.0355384,0.0,0.0,0.087008,0.0908826,0.0784885
194.0,8.82059,0.0,0.424295,0.0,0.0,0.0,0.0,0.0694398,0.0,0.276732,0.16971,0.0452695
195.0,8.85392,0.0,0.561794,0.0,0.0,0.0,0.0,0.0589055,0.0,0.334356,0.0884505,0.0287699
196.0,8.88725,0.0,0.669463,0.0,0.0,0.0,0.0,0.0360224,0.0646174,0.437417,0.10276,0.0
197.0,8.92059,0.0,0.639176,0.0,0.0,0.0,0.0,0.12177,0.198961,0.480423,0.0093778,0.0309702
198.0,8.95392,0.0,0.473764,0.0,0.0,0.0,0.0,0.148115,0.272045,0.390862,0.0,0.218675
199.0,8.98725,0.00986782,0.278495,0.0,0.0,0.0,0.0,0.246563,0.378865,0.239328,0.0699668,0.173033
200.0,9.02059,0.0116724,0.119819,0.0,0.0,0.0,0.0,0.347613,0.340998,0.0915112,0.117024,0.0325443
201.0,9.05392,0.0,0.97832,0.0,0.024651,0.103675,0.0,0.276373,0.191004,0.0,0.513046,0.187619
202.0,9.08725,0.0,0.61789,0.0,0.17478,0.492984,0.0498958,0.100363,0.0671123,0.0,0.314458,0.126724
203.0,9.12059,0.0,0.202425,0.0,0.0344995,0.132535,0.0,0.00476957,0.0388766,0.0,0.0724442,0.169768
204.0,9.15392,0.19847,0.114022,0.0,0.0219736,0.0757669,0.0,0.133502,0.0628719,0.0,0.0836972,0.0968918
205.0,9.18725,0.0555721,0.288929,0.0,0.0190465,0.0900755,0.0625122,0.0,0.0,0.0,0.0165823,0.0267182
206.0,9.22059,0.111762,0.0733376,0.0,0.0,0.0,0.0,0.0480511,0.0924168,0.0363567,0.088417,0.0624399
207.0,9.25392,0.07168,0.0705357,0.0,0.0168185,0.0652614,0.0222244,0.0259001,0.10705,0.0,0.355228,0.0729727
208.0,9.28725,0.100304,0.114493,0.0,0.00120025,0.0139031,0.084486,0.0,0.0819742,0.0,0.404221,0.0740838
209.0,9.32059,0.153929,0.2031,0.0,0.0,0.00783605,0.12615,0.0,0.0914062,0.0,0.415255,0.0815842
210.0,9.35392,0.0968026,0.120602,0.0,0.0,0.0,0.0592429,0.0,0.162949,0.0,0.533395,0.029335
211.0,9.38725,0.162761,0.203467,0.0,0.0,0.0,0.148876,0.0,0.188458,0.0,0.5886,0.0
212.0,9.42059,0.184781,0.266129,0.0,0.0,0.0,0.27649,0.0,0.146342,0.0,0.648756,0.0
213.0,9.45392,0.459957,0.273979,0.0,0.0,0.0146317,0.34218,0.0,0.0412825,0.0,0.368419,0.0
214.0,9.48725,0.699453,0.274044,0.0146796,0.0557083,0.142747,0.425091,0.0,0.0,0.00221677,0.202471,0.0
215.0,9.52059,0.793204,0.314371,0.234442,0.0614924,0.156994,0.58642,0.0,0.0,0.113623,0.242719,0.0
216.0,9.55392,0.710237,0.334431,0.343019,0.0555364,0.12125,0.71085,0.0,0.0,0.259017,0.302455,0.0
217.0,9.58725,0.742409,0.230692,0.379137,0.0644307,0.132863,0.730296,0.0,0.0283567,0.216376,0.434816,0.0
218.0,9.62059,0.428346,0.171173,0.0,0.0274821,0.0934431,0.245819,0.0,0.00930499,0.0,0.260777,0.0698889
219.0,9.65392,0.234692,0.0478932,0.241615,0.0224332,0.0394682,0.0,0.0229085,0.0,0.0,0.81921,0.144396
220.0,9.68725,0.52608,0.200315,0.529042,0.0,0.0,0.188036,0.0,0.12148,0.0160867,0.372788,0.0
221.0,9.72059,0.307192,0.0,0.299822,0.0181182,0.0668096,0.154239,0.0,0.0,0.0,0.507568,0.0317558
222.0,9.75392,0.363011,0.0,0.223208,0.0400033,0.16599,0.112377,0.0,0.0,0.0,0.379948,0.0516043
223.0,9.78725,0.0,0.0260585,0.0,0.0,0.0925048,0.184057,0.0,0.0,0.0261647,0.128519,0.181925
224.0,9.82059,0.0,0.0352154,0.0,0.0,0.0767071,0.229493,0.0,0.0,0.0258727,0.110193,0.0842348
225.0,9.85392,0.0,0.028716,0.0,0.0,0.0246743,0.0335339,0.0,0.0,0.0,0.0786171,0.0691958
226.0,9.88725,0.0,0.111596,0.0,0.0,0.0,0.044027,0.0,0.0,0.0830835,0.0844429,0.0694341
227.0,9.92059,0.00866152,0.438557,0.0,0.0,0.0,0.0,0.0695288,0.0,0.279702,0.173851,0.0429047
228.0,9.95392,0.0,0.571935,0.0,0.0,0.0,0.0,0.0458543,0.0,0.342302,0.0911143,0.023259
229.0,9.98725,0.0,0.659803,0.0,0.0,0.0,0.0,0.0289702,0.0458098,0.428502,0.109904,0.0
230.0,10.0206,0.0,0.648851,0.0,0.0,0.0,0.0,0.127648,0.20028,0.489095,0.00641425,0.0245143
231.0,10.0539,0.0,0.501961,0.0,0.0,0.0,0.0,0.149034,0.281521,0.419196,0.0,0.203847
232.0,10.0873,0.0122268,0.296619,0.0,0.0,0.0,0.0,0.235825,0.390029,0.262016,0.0676915,0.162772
233.0,10.1206,0.0165174,0.128254,0.0,0.0,0.0,0.0,0.349677,0.386541,0.0831399,0.13132,0.0268717
234.0,10.1539,0.0,0.940288,0.0,0.00101882,0.0225577,0.0,0.257357,0.124175,0.015231,0.100604,0.0944282
235.0,10.1873,0.0,0.79616,0.0,0.196368,0.555363,0.0591997,0.0594883,0.0486102,0.0,0.346767,0.342531
236.0,10.2206,0.0,0.14124,0.0,0.0372422,0.140534,0.00604202,0.0,0.0400322,0.0,0.0812039,0.14852
237.0,10.2539,0.148265,0.0808835,0.0,0.032409,0.112672,0.0,0.130099,0.0806456,0.0,0.137952,0.109011
238.0,10.2873,0.0984757,0.249077,0.0,0.021338,0.0948841,0.0633073,0.0,0.000303883,0.0,0.0329695,0.00137019
239.0,10.3206,0.085251,0.0823895,0.0,0.0,0.0,0.0,0.0674928,0.113593,0.0463655,0.101643,0.0399199
240.0,10.3539,0.0623096,0.0760951,0.0,0.0153956,0.0620522,0.0247231,0.0174733,0.10596,0.0,0.361784,0.0593511
241.0,10.3873,0.126288,0.131023,0.0,0.00143288,0.0163597,0.125936,0.0,0.0625914,0.0,0.395061,0.0647202
242.0,10.4206,0.147749,0.1365,0.0,0.00287711,0.0187433,0.13819,0.0,0.0865447,0.0,0.450302,0.0950264
243.0,10.4539,0.178821,0.0585603,0.0258314,0.0,0.0,0.0828865,0.0,0.129095,0.0,0.521109,0.0393531
244.0,10.4873,0.247913,0.170402,0.0,0.0,0.0,0.170938,0.0,0.159755,0.0,0.57694,0.0
245.0,10.5206,0.216452,0.276855,0.0,0.0,0.0,0.335004,0.0,0.128125,0.0,0.632835,0.0079957
246.0,10.5539,0.525406,0.151089,0.0,0.00902288,0.0278719,0.346189,0.0,0.0318727,0.0,0.347432,0.0
247.0,10.5873,0.737562,0.240249,0.0129873,0.0566276,0.140319,0.453166,0.0,0.0,0.0189194,0.22178,0.0
248.0,10.6206,0.816494,0.247473,0.282826,0.05839,0.150543,0.570348,0.0,0.0,0.11528,0.214316,0.0
249.0,10.6539,0.742379,0.148378,0.1899,0.0671397,0.14331,0.711377,0.0,0.0,0.223587,0.424692,0.0
250.0,10.6873,0.69715,0.193661,0.326356,0.0580604,0.122687,0.696341,0.0,0.0141277,0.192255,0.394336,0.0
251.0,10.7206,0.142997,0.0,0.000454299,0.133747,0.307201,0.0,0.514434,0.0175663,0.0,0.68658,0.757382
252.0,10.7539,0.391541,0.0,0.394166,0.00545766,0.0146595,0.164707,0.0,0.0109827,0.0,0.21851,0.0
253.0,10.7873,0.351745,0.0,0.267187,0.0175777,0.0545502,0.288525,0.0,0.0,0.0,0.37161,0.11923
254.0,10.8206,0.39951,0.0,0.164976,0.0517298,0.172954,0.184598,0.0,0.0,0.0,0.376048,0.0
255.0,10.8539,0.0452834,0.0,0.263003,0.00491283,0.114704,0.0,0.0299915,0.0434738,0.0,0.528004,0.200617
256.0,10.8873,0.0,0.0478749,0.000291355,0.0,0.0878511,0.106219,0.0,0.0,0.0276454,0.0496413,0.152175
257.0,10.9206,0.0,0.0285456,0.0,0.0,0.053025,0.13503,0.0,0.0,0.00307068,0.119562,0.0924519
258.0,10.9539,0.0,0.0303065,0.00025142,0.0,0.00910617,0.0319851,0.0,0.0,0.00442632,0.0965071,0.0819671
259.0,10.9873,0.0,0.109478,0.0,0.0,0.0,0.066,0.0,0.0,0.0629783,0.149384,0.0761789
260.0,11.0206,0.0,0.326135,0.0,0.0,0.0,0.0,0.0410382,0.0,0.188482,0.222761,0.0464951
261.0,11.0539,0.0,0.590778,0.0,0.0,0.0,0.0,0.0,0.0,0.339134,0.179988,0.0
262.0,11.0873,0.0,0.679426,0.0,0.0,0.0,0.0,0.0,0.0,0.437944,0.118737,0.0
263.0,11.1206,0.0,0.681062,0.0,0.0,0.0,0.0,0.102777,0.155466,0.512691,0.0,0.0181536
264.0,11.1539,0.0,0.559952,0.0,0.0,0.0,0.0,0.111405,0.286033,0.462717,0.0,0.0858805
265.0,11.1873,0.0,0.276624,0.0,0.0,0.0,0.0,0.199016,0.372431,0.259205,0.0341801,0.273282
266.0,11.2206,0.013674,0.108631,0.0,0.0,0.0,0.0,0.407363,0.401229,0.07644,0.144668,0.0594483
267.0,11.2539,0.0,0.97744,0.0,0.0206772,0.0924406,0.0,0.274924,0.182756,0.0,0.478641,0.175622
268.0,11.2873,0.0,0.829641,0.0,0.180987,0.518197,0.0627352,0.0316339,0.0255512,0.0,0.259548,0.213757
269.0,11.3206,0.0,0.246066,0.0,0.0313661,0.123634,0.0,0.0259298,0.0538023,0.0,0.0906207,0.156445
270.0,11.3539,0.095155,0.0729923,0.000582467,0.0160379,0.0576351,0.0,0.154913,0.0905603,0.0,0.137232,0.0883969
271.0,11.3873,0.00737933,0.299898,0.0,0.015409,0.0796719,0.0533062,0.0,0.00681834,0.0,0.0393104,0.0418731
272.0,11.4206,0.0974268,0.0980718,0.0,0.0,0.0,0.0,0.0201003,0.102947,0.060193,0.0871032,0.0600432
273.0,11.4539,0.0749795,0.0604949,0.0,0.0120185,0.0484715,0.0237125,0.0244165,0.104936,0.0,0.356491,0.0658457
274.0,11.4873,0.118134,0.137894,0.0,0.0,0.011042,0.0921848,0.0,0.0815857,0.0,0.395207,0.0698645
275.0,11.5206,0.149307,0.20373,0.0,0.0,0.00895746,0.126829,0.0,0.0852875,0.0,0.398624,0.0710569
276.0,11.5539,0.0927519,0.11862,0.0,0.0,0.0,0.0519933,0.0,0.16327,0.0,0.524534,0.030501
277.0,11.5873,0.144926,0.231478,0.0,0.0,0.0,0.163302,0.0,0.201083,0.0142364,0.589416,0.0
278.0,11.6206,0.154032,0.251362,0.0,0.0,0.0,0.294481,0.0,0.108024,0.0,0.663974,0.0
279.0,11.6539,0.443117,0.260184,0.0,0.0,0.0121313,0.305868,0.0,0.0375319,0.0,0.358024,0.0
280.0,11.6873,0.676778,0.247061,0.0562906,0.0522612,0.132221,0.415427,0.0,0.0,0.0,0.215084,0.0
281.0,11.7206,0.73511,0.206587,0.185989,0.054936,0.131874,0.562862,0.0,0.0,0.0927403,0.268778,0.0
282.0,11.7539,0.718138,0.318892,0.350289,0.0533051,0.117945,0.692704,0.0,0.0,0.244746,0.251421,0.0
283.0,11.7873,0.740982,0.291466,0.386308,0.0574006,0.116885,0.721122,0.0,0.0263792,0.218722,0.4195,0.0
284.0,11.8206,0.677901,0.182539,0.220631,0.046213,0.0971377,0.596492,0.0,0.0679965,0.10397,0.322643,0.0389624
285.0,11.8539,0.119033,0.0826406,0.0339344,0.0536522,0.143999,0.0,0.034128,0.0,0.0,0.69097,0.230259
286.0,11.8873,0.409574,0.219227,0.518037,0.0,0.00295615,0.0940138,0.0,0.0364877,0.0,0.237668,0.0
287.0,11.9206,0.421155,0.00147089,0.258848,0.0348883,0.109746,0.166097,0.0,0.0,0.0,0.492188,0.0266935
288.0,11.9539,0.386524,0.0,0.198335,0.0475147,0.178148,0.0350862,0.0,0.0,0.0,0.442369,0.0603097
289.0,11.9873,0.0,0.0160443,0.0,0.0,0.0852071,0.132468,0.0,0.0,0.0164325,0.119583,0.198888
290.0,12.0206,0.0,0.0213547,0.0,0.0,0.0723046,0.220058,0.0,0.0,0.0305491,0.105529,0.103011
291.0,12.0539,0.0,0.0227436,0.000144698,0.0,0.0235799,0.0366319,0.0,0.0,0.0,0.0820744,0.0792259
292.0,12.0873,0.0,0.0960038,0.0,0.0,0.0,0.0501876,0.0,0.0,0.0796909,0.0581562,0.0774529
293.0,12.1206,0.0,0.405017,0.0,0.0,0.0,0.0,0.0657366,0.0,0.259359,0.158404,0.048568
294.0,12.1539,0.0,0.543927,0.0,0.0,0.0,0.0,0.0341308,0.0,0.313139,0.0924876,0.0178558
295.0,12.1873,0.0,0.665097,0.0,0.0,0.0,0.0,0.03409,0.0390171,0.429732,0.110823,0.0
296.0,12.2206,0.0,0.654213,0.0,0.0,0.0,0.0,0.102842,0.177641,0.485858,0.00614549,0.0238346
297.0,12.2539,0.0,0.524739,0.0,0.0,0.0,0.0,0.122573,0.269253,0.422278,0.0,0.154122
298.0,12.2873,0.00652863,0.295925,0.0,0.0,0.0,0.0,0.210697,0.376253,0.269064,0.0621862,0.173457
299.0,12.3206,0.0158799,0.123383,0.0,0.0,0.0,0.0,0.354901,0.396604,0.0805064,0.128181,0.0335845
300.0,12.3539,0.00414752,0.0456105,0.0,0.0,0.0,0.0,0.273963,0.173095,0.0429734,0.117933,0.0582693
301.0,12.3873,0.0,0.722956,0.0,0.287656,0.702352,0.125844,0.182501,0.158931,0.0,0.441395,0.495702
302.0,12.4206,0.0,0.525947,0.0,0.0545899,0.190036,0.0817846,0.0,0.0,0.0,0.0109125,0.205514
303.0,12.4539,0.0165858,0.0352284,0.0,0.0198477,0.0812306,0.0,0.128428,0.0932301,0.0,0.143888,0.0338725
304.0,12.4873,0.0118315,0.240433,0.0,0.0149554,0.0699882,0.0544933,0.0,0.0,0.0,0.0642018,0.0
305.0,12.5206,0.0617596,0.0819686,0.0,0.0,0.0,0.0,0.0355268,0.104,0.0588704,0.0816719,0.0109485
306.0,12.5539,0.0625942,0.0257047,0.0,0.0123192,0.0500713,0.023386,0.0134214,0.104105,0.0,0.346018,0.0447044
307.0,12.5873,0.087745,0.07393,0.0,0.0,0.00969365,0.114676,0.0,0.0755239,0.0,0.415672,0.0443801
308.0,12.6206,0.129852,0.150023,0.0,0.0,0.00507308,0.157015,0.0,0.0880267,0.0,0.440923,0.0714882
309.0,12.6539,0.0923108,0.0828367,0.00501828,0.0,0.0,0.0719884,0.0,0.141275,0.0,0.548903,0.0535728
310.0,12.6873,0.17867,0.189226,0.0,0.0,0.0,0.180476,0.0,0.168666,0.0,0.566029,0.000257593
311.0,12.7206,0.162661,0.254388,0.0,0.0,0.0,0.286359,0.0,0.16554,0.0,0.667857,0.0
312.0,12.7539,0.438402,0.233534,0.0,0.0,0.00424492,0.376295,0.0,0.0465265,0.0,0.407033,0.0
313.0,12.7873,0.657968,0.18574,0.0,0.047577,0.118125,0.450044,0.0,0.0,0.00107976,0.27608,0.0
314.0,12.8206,0.779293,0.227452,0.237829,0.061134,0.153673,0.558832,0.0,0.0,0.0897508,0.262126,0.0
315.0,12.8539,0.706741,0.269885,0.323547,0.0576124,0.126376,0.706387,0.0,0.0,0.253512,0.278594,0.0
316.0,12.8873,0.719,0.238593,0.384536,0.0540704,0.122607,0.700466,0.0,0.0,0.195773,0.415014,0.0
317.0,12.9206,0.138722,0.0,0.00905682,0.13899,0.299553,0.0,0.583514,0.0155693,0.0,0.651666,0.85726
318.0,12.9539,0.365228,0.263205,0.492111,0.00536716,0.0117406,0.137649,0.0,0.039116,0.0,0.282648,0.0
319.0,12.9873,0.256494,0.205428,0.438491,0.0,0.0141486,0.280199,0.0,0.0,0.00770398,0.408963,0.0820888
320.0,13.0206,0.457053,0.0,0.183705,0.0598937,0.188062,0.147056,0.0,0.0,0.0,0.359504,0.0
321.0,13.0539,0.443967,0.0,0.244445,0.060723,0.224513,0.0411785,0.0,0.00256038,0.0,0.541854,0.0147923
322.0,13.0873,0.0,0.015263,0.0,0.0,0.0844928,0.120019,0.0,0.0,0.0101843,0.134727,0.138889
323.0,13.1206,0.0,0.0226478,0.0,0.0,0.0675585,0.152565,0.0,0.0,0.0176302,0.080679,0.0913454
324.0,13.1539,0.0,0.0240902,0.00108924,0.0,0.0186409,0.0374609,0.0,0.0,0.0,0.0579912,0.0730493
325.0,13.1873,0.0,0.0977864,0.0,0.0,0.0,0.061835,0.0,0.0,0.0771128,0.0763029,0.0863371
326.0,13.2206,0.0,0.408567,0.0,0.0,0.0,0.0,0.0742461,0.0,0.26439,0.172485,0.0540386
327.0,13.2539,0.0,0.585529,0.0,0.0,0.0,0.0,0.0339315,0.0,0.349125,0.108797,0.0322262
328.0,13.2873,0.0,0.659755,0.0,0.0,0.0,0.0,0.025574,0.0396778,0.424552,0.103598,0.0
329.0,13.3206,0.0,0.646287,0.0,0.0,0.0,0.0,0.120539,0.176591,0.485412,0.00958532,0.0414223
330.0,13.3539,0.0,0.505573,0.0,0.0,0.0,0.0,0.146959,0.268422,0.421785,0.0,0.188716
331.0,13.3873,0.0113203,0.289568,0.0,0.0,0.0,0.0,0.224459,0.390102,0.260645,0.0424675,0.142955
332.0,13.4206,0.0141952,0.117956,0.0,0.0,0.0,0.0,0.369736,0.376168,0.0790036,0.119968,0.0524849
333.0,13.4539,0.0,0.94026,0.0,7.72206e-05,0.0196865,0.0,0.263084,0.129223,0.0146975,0.103702,0.0944524
334.0,13.4873,0.0,0.815708,0.0,0.147899,0.423851,0.0388864,0.021333,0.0140303,0.0,0.0863751,0.199773
335.0,13.5206,0.0,0.249227,0.0,0.0402221,0.151208,0.0180526,0.0,0.0299491,0.0,0.0638791,0.130475
336.0,13.5539,0.122948,0.0664081,0.0,0.0216358,0.0765432,0.0,0.1428,0.0805594,0.0,0.123606,0.0471787
337.0,13.5873,0.0423496,0.221097,0.0,0.0174772,0.0790966,0.0223966,0.0,0.0100161,0.0,0.0153768,0.031709
338.0,13.6206,0.0921825,0.172801,0.0,0.0,0.0,0.0,0.0,0.158946,0.0968943,0.0824337,0.011102
339.0,13.6539,0.0786128,0.0732931,0.0,0.0128782,0.0538271,0.050366,0.0,0.0886493,0.0,0.347007,0.0521278
340.0,13.6873,0.12287,0.12837,0.0,0.00351227,0.023901,0.166887,0.0,0.0478594,0.0,0.39217,0.0441
341.0,13.7206,0.136315,0.186368,0.0,0.00453329,0.0238289,0.163184,0.0,0.0606525,0.0,0.427569,0.0514118
342.0,13.7539,0.106885,0.106015,0.0,0.0,0.0,0.0893496,0.0,0.128745,0.0,0.534882,0.045641
343.0,13.7873,0.164046,0.190124,0.0,0.0,0.0,0.195199,0.0,0.143628,0.0,0.569677,0.0
344.0,13.8206,0.211154,0.278752,0.0,0.0,0.0,0.285182,0.0,0.104113,0.0,0.628541,0.0153424
345.0,13.8539,0.480876,0.238024,0.0,0.00148193,0.016355,0.366588,0.0,0.0319324,0.0,0.355772,0.0
346.0,13.8873,0.683583,0.176144,0.0021652,0.0537891,0.130761,0.439302,0.0,0.0,0.00865615,0.230513,0.0
347.0,13.9206,0.78906,0.254445,0.277949,0.0564947,0.142984,0.556419,0.0,0.0,0.100788,0.230527,0.0
348.0,13.9539,0.735455,0.314314,0.368732,0.0535116,0.11733,0.695998,0.0,0.0,0.238201,0.304921,0.0
349.0,13.9873,0.736521,0.287814,0.379827,0.0605734,0.122523,0.73158,0.0,0.0447492,0.212861,0.456849,0.0
350.0,14.0206,0.381063,0.204497,0.0,0.02734,0.100581,0.232686,0.0,0.0118083,0.00368498,0.229609,0.0807771
351.0,14.0539,0.207079,0.269946,0.402224,0.0173896,0.0263309,0.0,0.0785623,0.00950854,0.0,0.668255,0.0
352.0,14.0873,0.325401,0.280018,0.524127,0.0,0.00271107,0.19014,0.0,0.0296037,0.00667083,0.350756,0.0272509
353.0,14.1206,0.520804,0.0,0.253427,0.0719627,0.225673,0.214826,0.0,0.0,0.0,0.338445,0.0
354.0,14.1539,0.396316,0.0,0.209831,0.0441554,0.182094,0.096569,0.0,0.0,0.0,0.431072,0.061079
355.0,14.1873,0.0,0.0219086,0.0,0.0,0.0823542,0.248071,0.0,0.0,0.0416031,0.0902523,0.0704075
356.0,14.2206,0.0,0.0267567,0.0,0.0,0.0667907,0.155861,0.0,0.0,0.00940027,0.112237,0.0870964
357.0,14.2539,0.0,0.0289418,0.0,0.0,0.0183628,0.00134204,0.0,0.0,0.00131359,0.0229757,0.093564
358.0,14.2873,0.0,0.106881,0.0,0.0,0.0,0.0285735,0.0,0.0,0.0760093,0.0545411,0.107116
359.0,14.3206,0.0,0.427345,0.0,0.0,0.0,0.0,0.0919187,0.0,0.278142,0.144422,0.0528684
360.0,14.3539,0.0,0.559814,0.0,0.0,0.0,0.0,0.0685117,0.0,0.331277,0.0857378,0.0179617
361.0,14.3873,0.0,0.669521,0.0,0.0,0.0,0.0,0.0419433,0.0574994,0.439508,0.100879,0.0
362.0,14.4206,0.0,0.644541,0.0,0.0,0.0,0.0,0.116349,0.186749,0.483889,0.00892004,0.0426021
363.0,14.4539,0.0,0.492674,0.0,0.0,0.0,0.0,0.138844,0.282408,0.4093,0.0,0.184397
364.0,14.4873,0.0126427,0.301923,0.0,0.0,0.0,0.0,0.224122,0.39267,0.271408,0.0819309,0.0944273
365.0,14.5206,0.0263778,0.122359,0.0,0.0,0.0,0.0,0.335439,0.364178,0.0818144,0.120038,0.0526301
366.0,14.5539,0.0,0.942135,0.0,0.0,0.0,0.0,0.27721,0.148271,0.0192276,0.132125,0.0924231
367.0,14.5873,0.0,0.733205,0.0,0.194532,0.558384,0.065143,0.0749785,0.0545921,0.0,0.356734,0.301538
368.0,14.6206,0.0,0.245069,0.0,0.03435,0.131833,0.0,0.0,0.0345462,0.0,0.0617543,0.121257
369.0,14.6539,0.109803,0.04356,0.0,0.0222395,0.0813652,0.0,0.147756,0.0872139,0.0,0.123194,0.0417169
370.0,14.6873,0.0249745,0.285076,0.0,0.0157707,0.0804227,0.0534735,0.0,0.000749823,0.0,0.0170673,0.0
371.0,14.7206,0.0668487,0.103894,0.0,0.0,0.0,0.0,0.0410788,0.132247,0.0658638,0.0923859,0.0138553
372.0,14.7539,0.0612681,0.0667494,0.0,0.0130346,0.0549204,0.0259071,0.0,0.098572,0.0,0.351448,0.0391006
373.0,14.7873,0.116403,0.116348,0.0,4.99366e-05,0.0137205,0.151803,0.0,0.0534348,0.0,0.383765,0.0428988
374.0,14.8206,0.131292,0.15287,0.0,0.00155816,0.0164103,0.162162,0.0,0.0731129,0.0,0.43569,0.0651747
375.0,14.8539,0.0929496,0.0861553,0.0,0.0,0.0,0.0850959,0.0,0.135919,0.0,0.541062,0.0278552
376.0,14.8873,0.220035,0.15831,0.0,0.0,0.0,0.206612,0.0,0.131522,0.0,0.548664,0.0
377.0,14.9206,0.239175,0.332818,0.0,0.0,0.0,0.340765,0.0,0.200001,0.0316643,0.597533,0.0
378.0,14.9539,0.532498,0.152147,0.0,0.0068423,0.0207378,0.380337,0.0,0.0227138,0.0,0.342963,0.0
379.0,14.9873,0.708193,0.193055,0.0,0.0516453,0.12818,0.450561,0.0,0.0,0.0246876,0.230556,0.0
380.0,15.0206,0.820108,0.236807,0.270607,0.0566667,0.143342,0.565508,0.0,0.0,0.115552,0.209598,0.0
381.0,15.0539,0.743599,0.294574,0.363161,0.0582017,0.127379,0.725116,0.0,0.0,0.258152,0.339192,0.0
382.0,15.0873,0.68607,0.244544,0.338036,0.0600577,0.129774,0.67881,0.0,0.00865965,0.174437,0.433774,0.0
383.0,15.1206,0.152996,0.00324494,0.0,0.106345,0.261108,0.0,0.340588,0.0,0.0,0.598536,0.52103
384.0,15.1539,0.234621,0.379201,0.508064,0.0,0.0,0.0526216,0.0,0.0829153,0.00916147,0.158177,0.0
385.0,15.1873,0.31027,0.0,0.311587,0.0141474,0.0573532,0.214322,0.0,0.0,0.00631989,0.269134,0.086284
386.0,15.2206,0.369249,0.0,0.16224,0.0456493,0.162127,0.126487,0.0,0.0,0.0,0.301085,0.0178504
387.0,15.2539,0.324401,0.0,0.157497,0.0419527,0.176354,0.0191549,0.00328832,0.0102949,0.0,0.504969,0.139089
388.0,15.2873,0.0,0.0279346,0.0,0.0,0.089036,0.170245,0.0,0.0,0.0287341,0.108609,0.145253
389.0,15.3206,0.0,0.0237375,0.0,0.0,0.0581805,0.116575,0.0,0.0,0.000284884,0.116264,0.105633
390.0,15.3539,0.0,0.0265894,0.000237472,0.0,0.0186613,0.0274372,0.0,0.0,0.00424809,0.0121463,0.0759159
391.0,15.3873,0.0,0.108261,0.0,0.0,0.0,0.0571629,0.0,0.0,0.0785185,0.072063,0.080997
392.0,15.4206,0.0,0.372299,0.0,0.0,0.0,0.0,0.0796572,0.0,0.227153,0.151871,0.0508963
393.0,15.4539,0.0,0.597454,0.0,0.0,0.0,0.0,0.0389599,0.0,0.352519,0.106476,0.0144776
394.0,15.4873,0.0,0.68344,0.0,0.0,0.0,0.0,0.0357967,0.0420751,0.447857,0.0992458,0.0
395.0,15.5206,0.0,0.665295,0.0,0.0,0.0,0.0,0.12959,0.18402,0.509256,0.0070799,0.0575144
396.0,15.5539,0.0,0.51845,0.0,0.0,0.0,0.0,0.173514,0.292728,0.446805,0.0,0.236434
397.0,15.5873,0.0239478,0.310574,0.0,0.0,0.0,0.0,0.276542,0.414924,0.272728,0.0742866,0.172557
398.0,15.6206,0.0161853,0.122892,0.0,0.0,0.0,0.0,0.359562,0.396007,0.0844851,0.143127,0.0158323
399.0,15.6539,0.0,0.961283,0.0,0.0215289,0.0841432,0.0,0.242189,0.124963,0.00543556,0.0823207,0.00529212
400.0,15.6873,0.0,0.820125,0.0,0.19047,0.537431,0.0513605,0.0314811,0.0140389,0.0,0.218364,0.067787
401.0,15.7206,0.0,0.0305879,0.0,0.0395913,0.150294,0.00881156,0.00983564,0.051739,0.0,0.105622,0.214387
402.0,15.7539,0.156914,0.0441551,0.0,0.0292434,0.106885,0.0,0.153737,0.105007,0.0,0.139479,0.112626
403.0,15.7873,0.0505729,0.0649294,0.0,0.00681252,0.0403604,0.0,0.0385064,0.045116,0.0,0.069522,0.0380728
404.0,15.8206,0.0489002,0.0852274,0.0,0.0,0.0,0.0,0.0732142,0.131859,0.0412298,0.172051,0.036482
405.0,15.8539,0.0329815,0.0383386,0.0,0.0142127,0.0625531,0.0516033,0.0,0.106135,0.0,0.412036,0.0502421
406.0,15.8873,0.114803,0.14538,0.0,0.00486693,0.0290971,0.154125,0.0,0.0563109,0.0,0.409095,0.0693331
407.0,15.9206,0.143412,0.108549,0.00157187,0.00544638,0.0267434,0.141755,0.0,0.0812253,0.0,0.449767,0.0842946
408.0,15.9539,0.151187,0.0456327,0.0175691,0.0,0.0,0.123478,0.0,0.120411,0.0,0.5568,0.0475758
409.0,15.9873,0.201471,0.180088,0.0,0.0,0.0,0.211357,0.0,0.140667,0.0,0.571313,0.0
410.0,16.0206,0.243381,0.3302,0.0,0.0,0.0,0.337011,0.0,0.195486,0.0263851,0.598684,0.0
411.0,16.0539,0.599872,0.173274,0.0,0.0249729,0.0639029,0.336011,0.0,0.0112013,0.0,0.278174,0.0
412.0,16.0873,0.71325,0.237359,0.0,0.0590295,0.152571,0.458399,0.0,0.0,0.0282822,0.22756,0.0
413.0,16.1206,0.823637,0.26574,0.25891,0.0574118,0.145328,0.592518,0.0,0.0,0.135925,0.2077,0.0
414.0,16.1539,0.746376,0.299507,0.359182,0.0599199,0.13016,0.727855,0.0,0.0,0.261807,0.340229,0.0
415.0,16.1873,0.698521,0.234719,0.349124,0.059768,0.127754,0.668959,0.0,0.00748694,0.162277,0.428123,0.0
416.0,16.2206,0.181642,0.00632468,0.00948597,0.0828803,0.224524,0.0,0.136283,0.0,0.0,0.424101,0.331543
417.0,16.2539,0.289028,0.360992,0.509939,0.0,0.0,0.0590771,0.0,0.0899273,0.0132491,0.152068,0.0
418.0,16.2873,0.268561,0.0591426,0.353175,0.00567069,0.0379181,0.213569,0.0,0.0,0.0,0.33995,0.0795508
419.0,16.3206,0.348814,0.0,0.148365,0.0388599,0.153651,0.15789,0.0,0.0,0.0,0.24412,0.0238038
420.0,16.3539,0.219041,0.0,0.109629,0.0255083,0.145339,0.04483,0.0,0.0123631,0.0,0.452964,0.160449
421.0,16.3873,0.0,0.0308051,0.0,0.0,0.089866,0.168005,0.0,0.0,0.0310808,0.0878786,0.145823
422.0,16.4206,0.0,0.0244172,0.0,0.0,0.0544772,0.0907393,0.0,0.0,0.0,0.10715,0.103223
423.0,16.4539,0.0,0.0312053,0.00187806,0.0,0.00976115,0.0189869,0.0,0.0,0.00752716,0.0124499,0.0764489
424.0,16.4873,0.0,0.123905,0.0,0.0,0.0,0.0341543,0.0,0.0,0.0865548,0.07944,0.0823419
425.0,16.5206,0.0,0.402388,0.0,0.0,0.0,0.0,0.0879004,0.0,0.253975,0.163746,0.0477126
426.0,16.5539,0.0,0.602536,0.0,0.0,0.0,0.0,0.0474449,0.0,0.359901,0.105433,0.00906022
427.0,16.5873,0.0,0.673131,0.0,0.0,0.0,0.0,0.0425292,0.053944,0.44172,0.0853578,0.00825633
428.0,16.6206,0.0,0.656484,0.0,0.0,0.0,0.0,0.132172,0.190088,0.499582,0.00858384,0.0439517
429.0,16.6539,0.0,0.503171,0.0,0.0,0.0,0.0,0.138906,0.285296,0.421173,0.0,0.200919
430.0,16.6873,0.00897808,0.302814,0.0,0.0,0.0,0.0,0.234594,0.396372,0.263089,0.0616543,0.154159
431.0,16.7206,0.0135284,0.125817,0.0,0.0,0.0,0.0,0.355102,0.385913,0.0835,0.124038,0.05648
432.0,16.7539,0.0,0.947303,0.0,0.00657407,0.0318416,0.0,0.250691,0.133974,0.0119944,0.118851,0.0223039
433.0,16.7873,0.0,0.806161,0.0,0.191814,0.548861,0.0557689,0.0491568,0.0395022,0.0,0.312674,0.318914
434.0,16.8206,0.0,0.131561,0.0,0.0385095,0.143617,0.00389266,0.0,0.0436326,0.0,0.0903799,0.180765
435.0,16.8539,0.143297,0.0523415,0.0,0.0247542,0.0861982,0.0,0.151027,0.087759,0.0,0.136853,0.0754703
436.0,16.8873,0.0613393,0.241747,0.0,0.0171381,0.0781787,0.0279698,0.0,0.00953297,0.0,0.0199559,0.0233797
437.0,16.9206,0.0301647,0.0328382,0.0,0.0,0.0,0.0,0.0904277,0.0989334,0.0210451,0.180759,0.0117401
438.0,16.9539,0.05159,0.0661089,0.0,0.0212907,0.0784705,0.0298425,0.00225443,0.110824,0.0,0.401182,0.073646
439.0,16.9873,0.106434,0.140371,0.0,0.000861252,0.0142555,0.148132,0.0,0.0660976,0.0,0.424047,0.0823319
440.0,17.0206,0.139503,0.168212,0.0,0.0,0.00609685,0.150392,0.0,0.10742,0.0,0.482766,0.100418
441.0,17.0539,0.0872552,0.0984927,0.0,0.0,0.0,0.0904292,0.0,0.166103,0.0,0.581872,0.0419445
442.0,17.0873,0.178084,0.21656,0.0,0.0,0.0,0.21732,0.0,0.176516,0.0,0.613724,0.0
443.0,17.1206,0.207333,0.276407,0.0,0.0,0.0,0.305694,0.0,0.161723,0.0,0.663089,0.0
444.0,17.1539,0.463809,0.2282,0.0,0.0013204,0.0202593,0.377337,0.0,0.0398362,0.0,0.380374,0.0
445.0,17.1873,0.678385,0.243096,0.0,0.0526869,0.137096,0.437557,0.0,0.0,0.0106086,0.231394,0.0
446.0,17.2206,0.796294,0.252831,0.221617,0.0624658,0.156743,0.591399,0.0,0.0,0.112383,0.259145,0.0
447.0,17.2539,0.699634,0.294245,0.308444,0.0576624,0.124147,0.716015,0.0,0.0,0.255552,0.33147,0.0
448.0,17.2873,0.725687,0.23056,0.388182,0.0534989,0.115743,0.686351,0.0,0.0,0.178786,0.432787,0.0
449.0,17.3206,0.237829,0.0,0.0600624,0.129116,0.283908,0.0,0.502393,0.0,0.0,0.731733,0.734669
450.0,17.3539,0.379446,0.353023,0.543245,0.0,0.0,0.182606,0.0,0.0893975,0.000777869,0.349993,0.0
451.0,17.3873,0.356376,0.0739841,0.375978,0.00858282,0.0331101,0.272717,0.0,0.0,0.00111499,0.354366,0.112295
452.0,17.4206,0.403054,0.0,0.167029,0.054336,0.180663,0.118416,0.0,0.0,0.0,0.297467,0.0
453.0,17.4539,0.380351,0.0,0.190794,0.0542939,0.209749,0.0375089,0.0,0.00535019,0.0,0.508209,0.0385055
454.0,17.4873,0.0,0.0222076,0.0,0.0,0.0897315,0.14927,0.0,0.0,0.0246722,0.0991419,0.133608
455.0,17.5206,0.0,0.0253221,0.0,0.0,0.0621629,0.123669,0.0,0.0,0.00944379,0.0897802,0.0926221
456.0,17.5539,0.0,0.0270612,0.00143798,0.0,0.0178285,0.0200042,0.0,0.0,0.00322831,0.0149171,0.0722369
457.0,17.5873,0.0,0.114011,0.0,0.0,0.0,0.0530479,0.0,0.0,0.0851555,0.0843902,0.0864795
458.0,17.6206,0.0,0.382852,0.0,0.0,0.0,0.0,0.0694503,0.0,0.24068,0.15338,0.061188
459.0,17.6539,0.0,0.590228,0.0,0.0,0.0,0.0,0.0405367,0.0,0.352258,0.107343,0.0223757
460.0,17.6873,0.0,0.663195,0.0,0.0,0.0,0.0,0.0218059,0.0352742,0.429566,0.110794,0.0
461.0,17.7206,0.0,0.653325,0.0,0.0,0.0,0.0,0.113713,0.175397,0.490563,0.00872096,0.0431687
462.0,17.7539,0.0,0.518848,0.0,0.0,0.0,0.0,0.143748,0.269026,0.43163,0.0,0.174507
463.0,17.7873,0.0131036,0.288963,0.0,0.0,0.0,0.0,0.240625,0.383261,0.258172,0.062078,0.184394
464.0,17.8206,0.016006,0.12114,0.0,0.0,0.0,0.0,0.361262,0.393331,0.0807862,0.111741,0.0
465.0,17.8539,0.0,0.940549,0.0,0.0,0.0163627,0.0,0.26621,0.127175,0.0146159,0.0949363,0.100632
466.0,17.8873,0.0,0.801316,0.0,0.198006,0.562991,0.052373,0.061939,0.0474538,0.0,0.325737,0.352612
467.0,17.9206,0.0,0.131952,0.0,0.0368379,0.141643,0.0158523,0.0,0.0331195,0.0,0.0744622,0.167747
468.0,17.9539,0.127623,0.0622104,0.0,0.0235405,0.083211,0.0,0.143172,0.0812196,0.0,0.128543,0.0604486
469.0,17.9873,0.00784229,0.261429,0.0,0.00710863,0.0495848,0.0470164,0.0,0.0,0.0,0.0248867,0.0
470.0,18.0206,0.0222508,0.0,0.0,0.0,0.0,0.0,0.0854725,0.072045,0.0110577,0.146136,0.0431019
471.0,18.0539,0.0472123,0.0250617,0.0,0.0174825,0.0684459,0.0257026,0.0183702,0.113556,0.0,0.371645,0.0818606
472.0,18.0873,0.0547192,0.0413628,0.0,0.0,0.00732451,0.108395,0.0,0.0939254,0.0,0.448864,0.0659761
473.0,18.1206,0.0685623,0.067278,0.00137998,0.0,0.0,0.101551,0.0,0.152534,0.0,0.501813,0.0915877
474.0,18.1539,0.0452184,0.0719521,0.0,0.0,0.0,0.0643863,0.0,0.210883,0.000973552,0.603306,0.0368274
475.0,18.1873,0.163816,0.211287,0.0,0.0,0.0,0.145484,0.0,0.251554,0.0114416,0.679089,0.0
476.0,18.2206,0.117681,0.231322,0.0,0.0,0.0,0.262137,0.0,0.191906,0.0,0.71874,0.0
477.0,18.2539,0.437648,0.22422,0.0,0.0,0.00343221,0.346979,0.0,0.0532247,0.0,0.423572,0.0
478.0,18.2873,0.639162,0.230241,0.00627257,0.0455053,0.117565,0.393759,0.0,0.0,0.0,0.222645,0.0
479.0,18.3206,0.758999,0.252095,0.186067,0.0640392,0.160048,0.569188,0.0,0.0,0.0898814,0.286676,0.0
480.0,18.3539,0.647798,0.242368,0.167677,0.0571438,0.122427,0.720848,0.0,0.0,0.288291,0.15695,0.0
481.0,18.3873,0.712579,0.229103,0.376284,0.0486627,0.111511,0.684166,0.0,0.0,0.204338,0.349818,0.0
482.0,18.4206,0.139434,0.0,0.0141928,0.133859,0.285641,0.0,0.590362,0.0168714,0.0,0.692488,0.864289
483.0,18.4539,0.415439,0.134595,0.453827,0.0038852,0.000380138,0.183369,0.0,0.0568066,0.0,0.360559,0.0
484.0,18.4873,0.423683,0.0315643,0.398648,0.00451332,0.014952,0.316033,0.0,0.0,0.0,0.434259,0.0909136
485.0,18.5206,0.349802,0.0364866,0.126547,0.0302617,0.105529,0.107948,0.0,0.0,0.0,0.443694,0.0534624
486.0,18.5539,0.420839,0.0,0.180068,0.0615404,0.214612,0.0389023,0.0,0.0,0.0,0.430361,0.0
487.0,18.5873,0.0,0.01123,0.0,0.0,0.0810403,0.0584142,0.0,0.0,0.0,0.171165,0.199933
488.0,18.6206,0.0,0.0212199,0.0,0.0,0.0700857,0.140949,0.0,0.0,0.0217985,0.0346324,0.0967962
489.0,18.6539,0.0,0.0216697,0.00237372,0.0,0.0261011,0.0292764,0.0,0.0,0.0,0.0751618,0.0686372
490.0,18.6873,0.0,0.0935472,0.0,0.0,0.0,0.0413251,0.0,0.0,0.0730719,0.0669951,0.110649
491.0,18.7206,0.0,0.435639,0.0,0.0,0.0,0.0,0.082903,0.0,0.285934,0.173684,0.0526997
492.0,18.7539,0.0,0.586387,0.0,0.0,0.0,0.0,0.0318322,0.0,0.353673,0.124554,0.0332936
493.0,18.7873,0.0,0.645103,0.0,0.0,0.0,0.0,0.0267073,0.0444321,0.41227,0.103077,0.0
494.0,18.8206,0.0,0.634853,0.0,0.0,0.0,0.0,0.0982447,0.174973,0.464509,0.00965049,0.0152804
495.0,18.8539,0.0,0.482938,0.0,0.0,0.0,0.0,0.125419,0.271653,0.387704,0.0,0.175671
496.0,18.8873,0.0,0.280008,0.0,0.0,0.0,0.0,0.209901,0.378871,0.240294,0.0707423,0.150484
497.0,18.9206,0.0144842,0.118891,0.0,0.0,0.0,0.0,0.35998,0.381396,0.0786492,0.126531,0.0283285
498.0,18.9539,0.0,0.94224,0.0,0.0,0.0,0.0,0.265666,0.131765,0.0141892,0.084667,0.15225
499.0,18.9873,0.0,0.741047,0.0,0.210219,0.589959,0.0645246,0.0713463,0.072773,0.0,0.468692,0.537359
500.0,19.0206,0.0,0.468129,0.0,0.0562941,0.199349,0.076019,0.0,0.0,0.0,0.0168755,0.168382
501.0,19.0539,0.042285,0.0793835,0.0,0.0235238,0.0899239,0.0,0.104117,0.0774626,0.0,0.136077,0.00249696
502.0,19.0873,0.00631591,0.297106,0.0,0.0137852,0.07502,0.0583082,0.0,0.0,0.0,0.0109772,0.00491239
503.0,19.1206,0.0568307,0.105676,0.0,0.0,0.0,0.0,0.005729,0.0877237,0.0679788,0.0509529,0.0136882
504.0,19.1539,0.0636533,0.0312597,0.0,0.0117839,0.0473482,0.0159651,0.0184327,0.0953847,0.0,0.311633,0.0424221
505.0,19.1873,0.0974905,0.103478,0.0,0.00025214,0.0114829,0.11209,0.0,0.0664731,0.0,0.393326,0.0404025
506.0,19.2206,0.120694,0.186825,0.0,7.68062e-06,0.0085693,0.141661,0.0,0.0689085,0.0,0.396452,0.0428066
507.0,19.2539,0.0934749,0.140491,0.0,0.0,0.0,0.0689532,0.0,0.141964,0.0,0.512377,0.0221024
508.0,19.2873,0.139549,0.218841,0.0,0.0,0.0,0.181486,0.0,0.174682,0.00333425,0.548599,0.0
509.0,19.3206,0.0438183,0.290624,0.0,0.0,0.0,0.343652,0.0,0.143424,0.0,0.672664,0.0
510.0,19.3539,0.410578,0.312915,0.0,0.0,0.0123311,0.386098,0.0,0.0385062,0.0,0.365612,0.0
511.0,19.3873,0.599281,0.345048,0.0,0.0370821,0.111204,0.42568,0.0,0.00128611,0.0127555,0.231323,0.0
512.0,19.4206,0.618861,0.259718,0.141152,0.0504253,0.118074,0.586074,0.0,0.0,0.152406,0.140624,0.0
513.0,19.4539,0.63858,0.388992,0.389042,0.0512204,0.10954,0.718253,0.0,0.0,0.223991,0.437083,0.0
514.0,19.4873,0.746763,0.257127,0.435302,0.0622848,0.132506,0.708222,0.0,0.0,0.198138,0.439163,0.0
515.0,19.5206,0.65728,0.176952,0.166195,0.0493699,0.106501,0.587636,0.0,0.0497433,0.117254,0.241227,0.0444806
516.0,19.5539,0.0584914,0.118103,0.0,0.0551546,0.15392,0.0,0.112913,0.0,0.0,0.72069,0.235552
517.0,19.5873,0.390042,0.2348,0.512312,0.0,0.0,0.0654581,0.0,0.0608403,0.00394757,0.218145,0.0
518.0,19.6206,0.368674,0.0,0.277467,0.029927,0.0971596,0.155809,0.0,0.0,0.0,0.492681,0.0243394
519.0,19.6539,0.300379,0.0,0.19603,0.0284405,0.128498,0.00620291,0.0,0.0,0.0,0.393808,0.13853
520.0,19.6873,0.0,0.0278759,0.0,0.0,0.0771002,0.0970368,0.0,0.0,0.0148848,0.106579,0.196161
521.0,19.7206,0.0,0.0298174,0.0,0.0,0.0640994,0.219889,0.0,0.0,0.0262345,0.133141,0.103064
522.0,19.7539,0.0,0.0235263,0.0,0.0,0.0232705,0.0390415,0.0,0.0,0.0,0.0962398,0.0610583
523.0,19.7873,0.0,0.100605,0.0,0.0,0.0,0.0644891,0.0,0.0,0.0751506,0.112407,0.0762409
524.0,19.8206,0.0,0.26575,0.0,0.0,0.0,0.0,0.0279321,0.0,0.143612,0.191365,0.0409552
525.0,19.8539,0.0,0.575145,0.0,0.0,0.0,0.0,0.0,0.0,0.326903,0.128582,0.0112696
526.0,19.8873,0.0,0.668566,0.0,0.0,0.0,0.0,0.0,0.0160577,0.430132,0.138903,0.0
527.0,19.9206,0.0,0.66896,0.0,0.0,0.0,0.0,0.106586,0.178014,0.502214,0.00439674,0.0249527
528.0,19.9539,0.0,0.534713,0.0,0.0,0.0,0.0,0.130181,0.293153,0.437778,0.0,0.198225
529.0,19.9873,0.000347095,0.29588,0.0,0.0,0.0,0.0,0.216708,0.401433,0.258347,0.072331,0.171095
530.0,20.0206,0.0153108,0.115939,0.0,0.0,0.0,0.0,0.375391,0.400619,0.0804426,0.119365,0.0
531.0,20.0539,0.0,0.944821,0.0,0.0129563,0.0494848,0.0,0.271338,0.149707,0.0120903,0.115213,0.0964726
532.0,20.0873,0.0,0.801342,0.0,0.1906,0.545358,0.0569285,0.0522264,0.0439105,0.0,0.316447,0.338677
533.0,20.1206,0.0,0.164628,0.0,0.0323191,0.126539,0.0,0.00866082,0.0458836,0.0,0.0800223,0.149127
534.0,20.1539,0.113459,0.0795296,0.0,0.0218898,0.0773179,0.0,0.150802,0.0877329,0.0,0.130292,0.0738684
535.0,20.1873,0.0263675,0.26744,0.0,0.01316,0.0684579,0.0487065,0.0,0.00478852,0.0,0.0257505,0.00684375
536.0,20.2206,0.0952822,0.127064,0.0,0.0,0.0,0.0,0.0314927,0.126022,0.0652411,0.102586,0.0124447
537.0,20.2539,0.0859794,0.0985964,0.0,0.0143268,0.0572547,0.0244807,0.0127372,0.101885,0.0,0.358214,0.0593887
538.0,20.2873,0.149826,0.137619,0.0,0.0,0.00941252,0.101506,0.0,0.0784251,0.0,0.393169,0.0599176
539.0,20.3206,0.173077,0.208302,0.0,0.00168981,0.0145239,0.131049,0.0,0.0858219,0.0,0.424996,0.0809701
540.0,20.3539,0.121935,0.108332,0.0,0.0,0.0,0.0434387,0.0,0.154214,0.0,0.520315,0.032818
541.0,20.3873,0.243742,0.168691,0.0,0.0,0.0,0.159488,0.0,0.167618,0.0,0.586051,0.0
542.0,20.4206,0.207661,0.247548,0.0,0.0,0.0,0.306343,0.0,0.122011,0.0,0.636106,0.0
543.0,20.4539,0.539773,0.175848,0.0,0.00956608,0.0269241,0.350579,0.0,0.0286099,0.0,0.363879,0.0
544.0,20.4873,0.7291,0.178441,0.0480096,0.0584291,0.142104,0.438866,0.0,0.0,0.0063186,0.216704,0.0
545.0,20.5206,0.810435,0.257946,0.302346,0.058775,0.152075,0.566767,0.0,0.0,0.104966,0.234915,0.0
546.0,20.5539,0.737846,0.346777,0.378204,0.0524858,0.113728,0.709401,0.0,0.0,0.246801,0.337506,0.0
547.0,20.5873,0.712919,0.295182,0.377008,0.0575582,0.113076,0.725446,0.0,0.0525731,0.204637,0.466209,0.0
548.0,20.6206,0.372785,0.228822,0.0,0.0284148,0.108006,0.212027,0.0,0.0106826,0.00495853,0.206769,0.0798095
549.0,20.6539,0.247032,0.303407,0.40383,0.0192247,0.0510104,0.00291745,0.0183347,0.0272907,0.0,0.319436,0.0
550.0,20.6873,0.423836,0.0035273,0.398764,0.0186674,0.0713496,0.318484,0.0,0.0,0.0,0.386729,0.0174226
551.0,20.7206,0.458113,0.0,0.195132,0.0616358,0.202903,0.232065,0.0,0.0,0.0,0.420482,0.00984386
552.0,20.7539,0.362691,0.0,0.174276,0.0527091,0.207793,0.0743552,0.0,0.0,0.0,0.570534,0.104629
553.0,20.7873,0.0,0.0203585,0.0,0.0,0.0929508,0.188012,0.0,0.0,0.0279391,0.115277,0.115868
554.0,20.8206,0.0,0.0169266,0.0,0.0,0.0585736,0.100075,0.0,0.0,0.0,0.121731,0.0912182
555.0,20.8539,0.0,0.0232072,0.0025499,0.0,0.0119245,0.0052543,0.0,0.0,0.00127568,0.0126869,0.056879
556.0,20.8873,0.0,0.117267,0.0,0.0,0.0,0.0313361,0.0,0.0,0.0883296,0.0869396,0.074267
557.0,20.9206,0.0,0.429105,0.0,0.0,0.0,0.0,0.0694875,0.0,0.281877,0.166513,0.0559528
558.0,20.9539,0.0,0.567297,0.0,0.0,0.0,0.0,0.0620398,0.0,0.337248,0.0906859,0.0307851
559.0,20.9873,0.0,0.665692,0.0,0.0,0.0,0.0,0.0376052,0.0515367,0.430669,0.0935743,0.0
560.0,21.0206,0.0,0.641237,0.0,0.0,0.0,0.0,0.124795,0.182241,0.480906,0.00875285,0.0464976
561.0,21.0539,0.0,0.492651,0.0,0.0,0.0,0.0,0.158327,0.279717,0.430036,0.0,0.11531
562.0,21.0873,0.0173814,0.287741,0.0,0.0,0.0,0.0,0.255668,0.380935,0.257801,0.0595856,0.178511
563.0,21.1206,0.0140256,0.122441,0.0,0.0,0.0,0.0,0.35605,0.380573,0.0813398,0.13169,0.0418408
564.0,21.1539,0.0,0.968325,0.0,0.022482,0.0909523,0.0,0.249876,0.138831,0.0,0.184572,0.0475494
565.0,21.1873,0.0,0.833097,0.0,0.194491,0.547069,0.0649207,0.0187937,0.000660505,0.0,0.184118,0.00210758
566.0,21.2206,0.0,0.0707006,0.0,0.0374267,0.140235,0.00670138,0.00754765,0.0540379,0.0,0.114671,0.20682
567.0,21.2539,0.157087,0.0457947,0.0,0.022777,0.0802995,0.0,0.148866,0.0883541,0.0,0.140434,0.0982587
568.0,21.2873,0.0790021,0.243749,0.0,0.0184795,0.0858066,0.0696673,0.0,0.0026673,0.0,0.0441537,0.0211934
569.0,21.3206,0.104634,0.0719259,0.0,0.0,0.0,0.0,0.0603881,0.100991,0.0340886,0.151279,0.0534957
570.0,21.3539,0.0942912,0.129362,0.0,0.0203859,0.0787339,0.0439865,0.0,0.0922746,0.0,0.367445,0.068784
571.0,21.3873,0.150552,0.178289,0.0,0.00508731,0.028751,0.178264,0.0,0.0452474,0.0,0.408586,0.0690689
572.0,21.4206,0.169444,0.163164,0.000419508,0.00564142,0.0268037,0.171299,0.0,0.0710211,0.0,0.462821,0.107737
573.0,21.4539,0.199626,0.066769,0.0404331,0.0,0.0,0.1215,0.0,0.116765,0.0,0.537325,0.0478412
574.0,21.4873,0.266986,0.175432,0.0,0.0,0.0,0.196113,0.0,0.139704,0.0,0.555148,0.0
575.0,21.5206,0.306132,0.304592,0.0,0.0,0.0,0.314153,0.0,0.134939,0.00115044,0.48743,0.086532
576.0,21.5539,0.622455,0.118663,0.0,0.0281721,0.0633987,0.334282,0.0,0.0104119,0.0,0.315833,0.0
577.0,21.5873,0.706308,0.208544,0.0,0.0539859,0.137224,0.458587,0.0,0.0,0.0198807,0.247651,0.0
578.0,21.6206,0.819173,0.262204,0.314513,0.055082,0.140188,0.582866,0.0,0.0,0.117351,0.241416,0.0
579.0,21.6539,0.733059,0.331524,0.366361,0.0554612,0.119343,0.723037,0.0,0.0,0.245244,0.378208,0.0
580.0,21.6873,0.68299,0.2734,0.343162,0.0515148,0.11326,0.697207,0.0,0.0215895,0.172083,0.458199,0.0
581.0,21.7206,0.157509,0.0121096,0.00367582,0.138946,0.312162,0.0,0.530468,0.0177773,0.0,0.62994,0.790934
582.0,21.7539,0.282365,0.224161,0.464703,0.00756093,0.0284914,0.161037,0.0,0.0243213,0.00139739,0.252452,0.0
583.0,21.7873,0.300876,0.00491779,0.31665,0.0141135,0.0572235,0.281473,0.0,0.0,0.0,0.407519,0.101075
584.0,21.8206,0.393826,0.0,0.172631,0.0526984,0.180183,0.131951,0.0,0.0,0.0,0.354837,0.0
585.0,21.8539,0.319257,0.0,0.116537,0.0447382,0.186222,0.0337272,0.0,0.00432966,0.0,0.523705,0.142379
586.0,21.8873,0.0,0.0237749,0.0,0.0,0.093565,0.170365,0.0,0.0,0.0245119,0.12341,0.13357
587.0,21.9206,0.0,0.0201555,0.0,0.0,0.0582253,0.0576903,0.0,0.0,0.0,0.083686,0.0969313
588.0,21.9539,0.0,0.0283473,0.00295161,0.0,0.0127778,0.00818935,0.0,0.0,0.00794135,0.0,0.0767021
589.0,21.9873,0.0,0.130134,0.0,0.0,0.0,0.0311388,0.0,0.0,0.0995543,0.0775021,0.0850314
590.0,22.0206,0.0,0.428744,0.0,0.0,0.0,0.0,0.0784164,0.0,0.280147,0.151875,0.0548483
591.0,22.0539,0.0,0.576505,0.0,0.0,0.0,0.0,0.0667284,0.0,0.345522,0.0905539,0.0287702
592.0,22.0873,0.0,0.664624,0.0,0.0,0.0,0.0,0.0472312,0.0590159,0.432964,0.087861,0.0014989
593.0,22.1206,0.0,0.642036,0.0,0.0,0.0,0.0,0.128143,0.186872,0.483439,0.00969372,0.0439102
594.0,22.1539,0.0,0.483193,0.0,0.0,0.0,0.0,0.168132,0.279367,0.410589,0.0,0.213424
595.0,22.1873,0.0156938,0.293713,0.0,0.0,0.0,0.0,0.253299,0.389257,0.254661,0.0716547,0.158212
596.0,22.2206,0.0132346,0.127311,0.0,0.0,0.0,0.0,0.351393,0.383438,0.083337,0.129115,0.0377995
597.0,22.2539,0.0,0.977765,0.0,0.014769,0.0812727,0.0,0.276825,0.174847,0.0,0.449174,0.163182
598.0,22.2873,0.0,0.829261,0.0,0.193136,0.543376,0.0574775,0.0328504,0.0214869,0.0,0.265493,0.162606
599.0,22.3206,0.0,0.108171,0.0,0.0405433,0.151124,0.0128777,0.0,0.0458141,0.0,0.0970852,0.191512
600.0,22.3539,0.172106,0.0497213,0.0,0.0252753,0.089549,0.0,0.141668,0.0820827,0.0,0.125601,0.0895078
601.0,22.3873,0.0515324,0.19396,0.0,0.025043,0.105797,0.0299166,0.0,0.0223668,0.0,0.0642917,0.0154744
602.0,22.4206,0.10947,0.0829105,0.0,0.0,0.0,0.0,0.0634476,0.104994,0.0394894,0.130867,0.0160382
603.0,22.4539,0.0416228,0.062395,0.0,0.0235965,0.0894508,0.0312631,0.0196254,0.113599,0.0,0.39411,0.0745144
604.0,22.4873,0.0727623,0.0860027,0.0,0.00011748,0.015635,0.134813,0.0,0.0816017,0.0,0.461594,0.0606125
605.0,22.5206,0.119198,0.0397201,0.00098897,0.0,0.0,0.143496,0.0,0.120595,0.0,0.48391,0.0892025
606.0,22.5539,0.13361,0.0418092,0.0136391,0.0,0.0,0.0975006,0.0,0.179238,0.0,0.600557,0.044554
607.0,22.5873,0.207007,0.183722,0.0,0.0,0.0,0.157508,0.0,0.199675,0.0,0.644164,0.0
608.0,22.6206,0.177534,0.263304,0.0,0.0,0.0,0.314563,0.0,0.177212,0.0,0.689385,0.0
609.0,22.6539,0.467812,0.23781,0.0,0.0,0.0,0.342964,0.0,0.0950658,0.0,0.417953,0.0
610.0,22.6873,0.669426,0.208017,0.00010594,0.0487473,0.123036,0.43501,0.0,0.0,0.0,0.250064,0.0
611.0,22.7206,0.779391,0.257756,0.194486,0.0626091,0.156634,0.581154,0.0,0.0,0.103797,0.265752,0.0
612.0,22.7539,0.687145,0.26636,0.278449,0.0599782,0.129911,0.714221,0.0,0.0,0.27043,0.247849,0.0
613.0,22.7873,0.714329,0.258941,0.419247,0.0511667,0.115118,0.648881,0.0,0.0,0.17636,0.361007,0.0
614.0,22.8206,0.259879,0.0,0.0875386,0.113312,0.264359,0.0,0.244919,0.0,0.0,0.672864,0.514823
615.0,22.8539,0.262216,0.420204,0.552792,0.0,0.0,0.161731,0.0,0.111919,0.0523789,0.200475,0.0
616.0,22.8873,0.421669,0.0593685,0.432139,0.00293917,0.018046,0.306219,0.0,0.0,0.0,0.445255,0.0454757
617.0,22.9206,0.443666,0.0,0.162178,0.0565585,0.173683,0.0608767,0.0,0.0,0.0,0.313435,0.0302336
618.0,22.9539,0.404914,0.0,0.185276,0.0506304,0.188797,0.0117741,0.0164897,0.00502225,0.0,0.470161,0.11
619.0,22.9873,0.0,0.0237767,0.0,0.0,0.090954,0.141691,0.0,0.0,0.0216164,0.105062,0.160484
620.0,23.0206,0.0,0.0278825,0.0,0.0,0.0677391,0.146059,0.0,0.0,0.0150338,0.0872782,0.10003
621.0,23.0539,0.0,0.0298811,0.000573233,0.0,0.0208322,0.0201997,0.0,0.0,0.0031445,0.0141236,0.078293
622.0,23.0873,0.0,0.10823,0.0,0.0,0.0,0.0533244,0.0,0.0,0.0822411,0.0667588,0.0926669
623.0,23.1206,0.0,0.393049,0.0,0.0,0.0,0.0,0.0784713,0.0,0.247339,0.154729,0.0588082
624.0,23.1539,0.0,0.599026,0.0,0.0,0.0,0.0,0.0463637,0.0,0.358804,0.106327,0.0198823
625.0,23.1873,0.0,0.665987,0.0,0.0,0.0,0.0,0.0376461,0.0423798,0.432711,0.0996418,0.0
626.0,23.2206,0.0,0.650272,0.0,0.0,0.0,0.0,0.123315,0.175116,0.490754,0.00865676,0.0434479
627.0,23.2539,0.0,0.512713,0.0,0.0,0.0,0.0,0.160486,0.272409,0.432064,0.0,0.172091
628.0,23.2873,0.0128169,0.292141,0.0,0.0,0.0,0.0,0.235166,0.382692,0.275608,0.0606902,0.171577
629.0,23.3206,0.0161846,0.123044,0.0,0.0,0.0,0.0,0.355011,0.395581,0.0815581,0.128166,0.0341246
630.0,23.3539,0.0,0.943003,0.0,0.0,0.0,0.0,0.257087,0.141071,0.0152137,0.0811405,0.114805
631.0,23.3873,0.0,0.73546,0.0,0.216333,0.603466,0.0672422,0.0615024,0.0692375,0.0,0.459316,0.52284
632.0,23.4206,0.0,0.391265,0.0,0.0605818,0.212232,0.064556,0.0,0.00432052,0.0,0.0485129,0.218101
633.0,23.4539,0.0438394,0.0270555,0.0,0.0268533,0.102714,0.0,0.114376,0.0856096,0.0,0.152534,0.0322585
634.0,23.4873,0.0538779,0.0703489,0.0,0.0123487,0.0639896,0.0588237,0.0,0.0,0.0,0.0186804,0.0
635.0,23.5206,0.0346454,0.0937258,0.0,0.0,0.0,0.0,0.0316152,0.108462,0.071727,0.110457,0.0553498
636.0,23.5539,0.0482703,0.0641667,0.0,0.0152228,0.0604703,0.0225366,0.00885442,0.101436,0.0,0.351301,0.0549749
637.0,23.5873,0.0857142,0.113923,0.0,0.0,0.0112962,0.154047,0.0,0.0550094,0.0,0.389625,0.0574483
638.0,23.6206,0.11225,0.184853,0.0,0.00309646,0.0177347,0.159871,0.0,0.0688474,0.0,0.430935,0.0819411
639.0,23.6539,0.0960431,0.125262,0.0,0.0,0.0,0.109537,0.0,0.12178,0.0,0.525622,0.0323827
640.0,23.6873,0.136652,0.198769,0.0,0.0,0.0,0.216712,0.0,0.14559,0.0,0.538465,0.0
641.0,23.7206,0.140637,0.28937,0.0,0.0,0.0,0.356428,0.0,0.136277,0.0,0.647235,0.0
642.0,23.7539,0.462055,0.294205,0.0,0.00187515,0.0254818,0.406313,0.0,0.0259028,0.0,0.333924,0.0
643.0,23.7873,0.657903,0.296013,0.00165035,0.0475126,0.124516,0.440579,0.0,0.0,0.0180372,0.229312,0.0
644.0,23.8206,0.72306,0.206024,0.253935,0.0488256,0.115457,0.601688,0.0,0.0,0.190553,0.0537106,0.0
645.0,23.8539,0.713331,0.302994,0.354955,0.0588887,0.129626,0.714741,0.0,0.0,0.242238,0.365235,0.0
646.0,23.8873,0.721948,0.231189,0.362853,0.0556007,0.127531,0.69419,0.0,0.0,0.183804,0.414016,0.0
647.0,23.9206,0.137712,0.0335764,0.0,0.114689,0.263696,0.0,0.445388,0.00284152,0.0,0.478052,0.747066
648.0,23.9539,0.352461,0.293716,0.492459,0.0100063,0.0270046,0.200846,0.0,0.0216624,0.0063349,0.270048,0.0
649.0,23.9873,0.31958,0.0595467,0.367042,0.00848242,0.0338971,0.263941,0.0,0.0,0.0,0.39485,0.0793705
650.0,24.0206,0.402822,0.0,0.195224,0.0533104,0.175406,0.0612707,0.0,0.0,0.0,0.33995,0.0
651.0,24.0539,0.306593,0.0,0.154003,0.0436143,0.18319,0.0505874,0.0,0.00605997,0.0,0.533043,0.0386832
652.0,24.0873,0.0,0.0207773,0.0,0.0,0.0907701,0.134801,0.0,0.0,0.0243892,0.0975863,0.144014
653.0,24.1206,0.0,0.0278549,0.0,0.0,0.0587953,0.165502,0.0,0.0,0.0138453,0.123612,0.112872
654.0,24.1539,0.0,0.0291865,0.00121563,0.0,0.0125969,0.0136452,0.0,0.0,0.00194207,0.0085081,0.0704515
655.0,24.1873,0.0,0.113464,0.0,0.0,0.0,0.0585058,0.0,0.0,0.0843196,0.0815534,0.0839221
656.0,24.2206,0.0,0.358248,0.0,0.0,0.0,0.0,0.0626206,0.0,0.218252,0.156409,0.0557057
657.0,24.2539,0.0,0.600578,0.0,0.0,0.0,0.0,0.016596,0.0,0.353138,0.121606,0.0130356
658.0,24.2873,0.0,0.670073,0.0,0.0,0.0,0.0,0.0162916,0.0256443,0.434016,0.110557,0.0
659.0,24.3206,0.0,0.664791,0.0,0.0,0.0,0.0,0.107072,0.167553,0.502592,0.00712735,0.0287392
660.0,24.3539,0.0,0.532012,0.0,0.0,0.0,0.0,0.13424,0.273396,0.445738,0.0,0.148205
661.0,24.3873,0.00270079,0.278039,0.0,0.0,0.0,0.0,0.262922,0.388744,0.265718,0.133943,0.0762188
662.0,24.4206,0.0116853,0.116918,0.0,0.0,0.0,0.0,0.386638,0.390923,0.07946,0.131048,0.0500329
663.0,24.4539,0.0,0.942396,0.0,0.00628409,0.0336333,0.0,0.282455,0.146298,0.0138539,0.117583,0.098849
664.0,24.4873,0.0,0.9142,0.0,0.142366,0.421335,0.0581135,0.0,0.0,0.0,0.203741,0.0925768
665.0,24.5206,0.0,0.175933,0.0,0.0400294,0.148335,0.00664604,0.0,0.0398662,0.0,0.0841663,0.190078
666.0,24.5539,0.164534,0.108153,0.0,0.0226882,0.0784899,0.0,0.145977,0.0779419,0.0,0.107976,0.0772611
667.0,24.5873,0.0324362,0.287964,0.0,0.0162865,0.0807931,0.0563503,0.0,0.00300464,0.0,0.02933,0.00378302
668.0,24.6206,0.0908635,0.080389,0.0,0.0,0.0,0.0,0.0474477,0.0949624,0.040304,0.106674,0.0545925
669.0,24.6539,0.0878694,0.0712192,0.0,0.0156919,0.0606344,0.0262477,0.00121925,0.0954713,0.0,0.353867,0.0731025
670.0,24.6873,0.135117,0.175414,0.0,0.00264305,0.0184459,0.132671,0.0,0.0561017,0.0,0.389821,0.0600199
671.0,24.7206,0.16841,0.219461,0.0,0.0029753,0.0185745,0.146752,0.0,0.0687914,0.0,0.406859,0.0584174
672.0,24.7539,0.109635,0.124362,0.0,0.0,0.0,0.0958814,0.0,0.138982,0.0,0.533086,0.0350126
673.0,24.7873,0.161865,0.197412,0.0,0.0,0.0,0.192693,0.0,0.156084,0.0,0.570282,0.0
674.0,24.8206,0.224283,0.284507,0.0,0.0,0.0,0.302029,0.0,0.13863,0.0,0.623436,0.0
675.0,24.8539,0.525668,0.214574,0.0,0.0133981,0.0431281,0.355708,0.0,0.028712,0.0,0.340363,0.0
676.0,24.8873,0.727762,0.253831,0.0678252,0.0610712,0.15498,0.445248,0.0,0.0,0.0100043,0.217109,0.0
677.0,24.9206,0.799395,0.332786,0.297863,0.0574055,0.147347,0.570371,0.0,0.0,0.112341,0.225145,0.0
678.0,24.9539,0.740882,0.314932,0.375162,0.0525707,0.11372,0.701207,0.0,0.0,0.241969,0.321133,0.0
679.0,24.9873,0.734269,0.270266,0.404187,0.0568793,0.11245,0.727072,0.0,0.046025,0.200656,0.478701,0.0
680.0,25.0206,0.634745,0.174495,0.174985,0.048725,0.10609,0.570257,0.0,0.0683954,0.0838326,0.30491,0.010228
681.0,25.0539,0.120028,0.0888877,0.00240061,0.056856,0.15789,0.0,0.0461749,0.0,0.0,0.697137,0.224294
682.0,25.0873,0.361954,0.194459,0.489106,0.0,0.0100876,0.115992,0.0,0.00786654,0.0,0.248445,0.0
683.0,25.1206,0.457782,0.0,0.237988,0.0627814,0.200037,0.170051,0.0,0.0,0.0,0.387227,0.0
684.0,25.1539,0.311154,0.0,0.182586,0.0412762,0.174722,0.0462377,0.0,0.00305346,0.0,0.481308,0.0987069
685.0,25.1873,0.0,0.0275678,0.0,0.0,0.0932582,0.178931,0.0,0.0,0.0264797,0.115045,0.170502
686.0,25.2206,0.0,0.0244168,0.0,0.0,0.0609214,0.157256,0.0,0.0,0.00526959,0.136598,0.100769
687.0,25.2539,0.0,0.0282112,0.000815317,0.0,0.0116983,0.0255233,0.0,0.0,0.00640543,0.0414429,0.0750127
688.0,25.2873,0.0,0.116036,0.0,0.0,0.0,0.0420499,0.0,0.0,0.0931336,0.0755006,0.0768156
689.0,25.3206,0.0,0.422602,0.0,0.0,0.0,0.0,0.0730267,0.0,0.274742,0.165263,0.044668
690.0,25.3539,0.0,0.55543,0.0,0.0,0.0,0.0,0.0680923,0.0,0.331993,0.0843595,0.0482464
691.0,25.3873,0.0,0.665942,0.0,0.0,0.0,0.0,0.051912,0.0679426,0.434238,0.0907621,0.0
692.0,25.4206,0.0,0.637882,0.0,0.0,0.0,0.0,0.132995,0.198427,0.479999,0.0066284,0.0225855
693.0,25.4539,0.0,0.481593,0.0,0.0,0.0,0.0,0.146668,0.281856,0.399452,0.0,0.191792
694.0,25.4873,0.0124855,0.290963,0.0,0.0,0.0,0.0,0.236015,0.386525,0.252278,0.0717476,0.147703
695.0,25.5206,0.0132591,0.127028,0.0,0.0,0.0,0.0,0.346624,0.384359,0.0831239,0.127879,0.0258058
696.0,25.5539,0.195556,0.392281,0.0,0.0175091,0.0533882,0.0,0.292381,0.109594,0.0107014,0.19653,0.0196046
697.0,25.5873,0.0,0.801468,0.0,0.194206,0.549965,0.0554962,0.053655,0.0435461,0.0,0.331609,0.304623
698.0,25.6206,0.0,0.128458,0.0,0.0373282,0.141188,0.00929081,0.0,0.0393373,0.0,0.0842384,0.159971
699.0,25.6539,0.162093,0.0885712,0.0,0.03009,0.0980871,0.000163754,0.138618,0.0774077,0.0,0.152946,0.0304105
700.0,25.6873,0.10577,0.297589,0.0,0.022289,0.0994847,0.0912106,0.0,0.0,0.0,0.0139611,0.0161976
701.0,25.7206,0.0965679,0.0949119,0.0,0.0,0.0,0.0,0.0601796,0.111742,0.0485202,0.109319,0.0332486
702.0,25.7539,0.0967222,0.12514,0.0,0.0183739,0.072376,0.0369829,0.0,0.0935065,0.0,0.360344,0.0511648
703.0,25.7873,0.146693,0.169847,0.0,0.00414631,0.0256213,0.16027,0.0,0.0476453,0.0,0.390955,0.0603598
704.0,25.8206,0.150662,0.179522,0.0,0.00500999,0.0263474,0.15492,0.0,0.0704004,0.0,0.440618,0.0550742
705.0,25.8539,0.178893,0.0533433,0.0420184,0.0,0.0,0.092164,0.0,0.127511,0.0,0.542263,0.0485059
706.0,25.8873,0.23577,0.18148,0.0,0.0,0.0,0.194467,0.0,0.140963,0.0,0.550695,0.0
707.0,25.9206,0.247689,0.34172,0.0,0.0,0.0,0.353927,0.0,0.199471,0.0299551,0.603517,0.0
708.0,25.9539,0.565999,0.134007,0.0,0.0165175,0.0415907,0.359285,0.0,0.0230902,0.0,0.344825,0.0
709.0,25.9873,0.710593,0.227666,0.0,0.0552631,0.140577,0.451483,0.0,0.0,0.0220927,0.22931,0.0
710.0,26.0206,0.820877,0.240412,0.277383,0.0584494,0.148477,0.570827,0.0,0.0,0.114752,0.219455,0.0
711.0,26.0539,0.734205,0.239401,0.35875,0.0588108,0.126931,0.724862,0.0,0.0,0.253814,0.346345,0.0
712.0,26.0873,0.696504,0.197137,0.323274,0.0569567,0.12051,0.689818,0.0,0.0171274,0.184756,0.399391,0.0
713.0,26.1206,0.151109,0.0,0.0,0.133346,0.306573,0.0,0.51449,0.0167103,0.0,0.685806,0.741099
714.0,26.1539,0.32206,0.100207,0.420357,0.00534129,0.0185119,0.1579,0.0,0.0140914,0.000356514,0.218952,0.0
715.0,26.1873,0.362591,0.0,0.287473,0.0179765,0.0573817,0.281149,0.0,0.0,0.0,0.363191,0.10576
716.0,26.2206,0.387687,0.0,0.164831,0.0507956,0.174568,0.170612,0.0,0.0,0.0,0.358423,0.0
717.0,26.2539,0.35699,0.0,0.152585,0.044972,0.182796,0.0173569,0.00858698,0.00811086,0.0,0.520465,0.116009
718.0,26.2873,0.0,0.0279512,0.0,0.0,0.0949171,0.176768,0.0,0.0,0.0316247,0.100134,0.128403
719.0,26.3206,0.0,0.0300037,0.0,0.0,0.059987,0.138636,0.0,0.0,0.00621832,0.115072,0.103194
720.0,26.3539,0.0,0.031954,0.0,0.0,0.0208855,0.0143595,0.0,0.0,0.00353908,0.0,0.0779459
721.0,26.3873,0.0,0.1212,0.0,0.0,0.0,0.0571338,0.0,0.0,0.0885218,0.0743761,0.08555
722.0,26.4206,0.0,0.371294,0.0,0.0,0.0,0.0,0.0686203,0.0,0.226127,0.148955,0.0570031
723.0,26.4539,0.0,0.589474,0.0,0.0,0.0,0.0,0.0374754,0.0,0.344892,0.123251,0.00607375
724.0,26.4873,0.0,0.681334,0.0,0.0,0.0,0.0,0.0269239,0.0229065,0.445134,0.108062,0.0
725.0,26.5206,0.0,0.666521,0.0,0.0,0.0,0.0,0.11713,0.1669,0.503857,0.00521017,0.0574393
726.0,26.5539,0.0,0.545786,0.0,0.0,0.0,0.0,0.151229,0.281631,0.466767,0.0,0.145669
727.0,26.5873,0.0170396,0.314173,0.0,0.0,0.0,0.0,0.240418,0.398281,0.289766,0.060971,0.188735
728.0,26.6206,0.0152856,0.12975,0.0,0.0,0.0,0.0,0.364922,0.403627,0.0867689,0.134912,0.0408373
729.0,26.6539,0.0,0.951463,0.0,0.0,0.0,0.0,0.262902,0.142019,0.010973,0.0788793,0.140897
730.0,26.6873,0.0,0.780705,0.0,0.197527,0.565481,0.0682329,0.0467043,0.0624494,0.0,0.4334,0.536894
731.0,26.7206,0.0,0.298799,0.0,0.0585012,0.207062,0.0625988,0.0,0.0121155,0.0,0.0620397,0.226117
732.0,26.7539,0.104256,0.0252481,0.0,0.0280585,0.10313,0.0,0.121438,0.0800559,0.0,0.147673,0.052747
733.0,26.7873,0.0401683,0.261095,0.0,0.0179217,0.0880009,0.0586474,0.0,0.0,0.0,0.0335329,0.00993573
734.0,26.8206,0.0452986,0.0160107,0.0,0.0,0.0,0.0,0.0814687,0.0802969,0.0223448,0.13704,0.00768981
735.0,26.8539,0.0395744,0.030884,0.0,0.0202449,0.0735773,0.0237475,0.0333005,0.122013,0.0,0.396078,0.0821081
736.0,26.8873,0.0780475,0.0943412,0.0,0.0,0.00226693,0.0958801,0.0,0.0978068,0.0,0.428728,0.0753536
737.0,26.9206,0.0922672,0.118868,0.0,0.0,0.0,0.0904757,0.0,0.145745,0.0,0.486225,0.094502
738.0,26.9539,0.0670385,0.0935005,0.0,0.0,0.0,0.0590821,0.0,0.189007,0.0,0.565012,0.0349247
739.0,26.9873,0.129668,0.220982,0.0,0.0,0.0,0.182449,0.0,0.220521,0.0100741,0.643778,0.0
740.0,27.0206,0.0668573,0.240702,0.0,0.0,0.0,0.291798,0.0,0.166979,0.0,0.71357,0.0
741.0,27.0539,0.423637,0.260105,0.0,0.0,0.0192313,0.375151,0.0,0.0437539,0.0,0.394387,0.0
742.0,27.0873,0.584173,0.282944,0.0,0.0362259,0.106431,0.427959,0.0,0.00416106,0.00892947,0.254851,0.0
743.0,27.1206,0.704779,0.354147,0.0156294,0.062486,0.157872,0.580807,0.0,0.0,0.113365,0.245472,0.0
744.0,27.1539,0.659582,0.217574,0.233029,0.0630748,0.135816,0.726109,0.0,0.0,0.271403,0.299647,0.0
745.0,27.1873,0.694914,0.0682041,0.315844,0.0592942,0.128559,0.683534,0.0,0.0,0.204278,0.336286,0.0
746.0,27.2206,0.185211,0.0,0.00607742,0.108825,0.256045,0.0,0.242978,0.0,0.0,0.581395,0.578257
747.0,27.2539,0.439461,0.147282,0.459601,0.000961465,0.0,0.17648,0.0,0.102159,0.00862043,0.305043,0.0
748.0,27.2873,0.368248,0.0271937,0.382994,0.000152355,0.00673589,0.23501,0.0,0.0,0.00586457,0.330434,0.0797832
749.0,27.3206,0.429559,0.0,0.142766,0.0595101,0.184372,0.211775,0.0,0.0,0.0,0.411097,0.0148877
750.0,27.3539,0.278461,0.0,0.180698,0.0384913,0.162196,0.00217156,0.0177391,0.0139432,0.0,0.448299,0.0752102
751.0,27.3873,0.0,0.038683,0.00167539,0.0,0.0909808,0.0822023,0.0,0.0,0.020316,0.0581211,0.152515
752.0,27.4206,0.0,0.0311396,0.0,0.0,0.063098,0.155461,0.0,0.0,0.0160865,0.084867,0.0839168
753.0,27.4539,0.0,0.0278833,0.000667564,0.0,0.0136644,0.0381132,0.0,0.0,0.00400603,0.125481,0.0795044
754.0,27.4873,0.0,0.113496,0.0,0.0,0.0,0.0531799,0.0,0.0,0.0719472,0.109744,0.0902092
755.0,27.5206,0.0,0.386916,0.0,0.0,0.0,0.0,0.0585243,0.0,0.242983,0.203074,0.0480308
756.0,27.5539,0.0,0.568296,0.0,0.0,0.0,0.0,0.0,0.0,0.324961,0.152692,0.00916333
757.0,27.5873,0.0,0.674721,0.0,0.0,0.0,0.0,0.0147799,0.0262968,0.439282,0.0986753,0.0
758.0,27.6206,0.0,0.660313,0.0,0.0,0.0,0.0,0.112401,0.176242,0.49976,0.00632151,0.0408365
759.0,27.6539,0.0,0.516652,0.0,0.0,0.0,0.0,0.130806,0.279968,0.427635,0.0,0.208419
760.0,27.6873,0.0,0.273416,0.0,0.0,0.0,0.0,0.213108,0.383629,0.228475,0.0785664,0.118691
761.0,27.7206,0.0152774,0.114213,0.0,0.0,0.0,0.0,0.38581,0.380616,0.0885822,0.132532,0.0733786
762.0,27.7539,0.0,0.976675,0.0,0.0147782,0.0743098,0.0,0.28041,0.182852,0.0,0.466344,0.159265
763.0,27.7873,0.0,0.824032,0.0,0.179705,0.521636,0.0561224,0.0384441,0.0308308,0.0,0.258719,0.250242
764.0,27.8206,0.0,0.219627,0.0,0.0313138,0.12553,0.0,0.0,0.0401186,0.0,0.0675021,0.16288
765.0,27.8539,0.0887204,0.0644166,0.0,0.0176172,0.0658989,0.0,0.151587,0.0889861,0.0,0.125343,0.065951
766.0,27.8873,0.0174479,0.277709,0.0,0.0154591,0.078001,0.0511093,0.0,0.00372961,0.0,0.0208274,0.0
767.0,27.9206,0.0853668,0.110548,0.0,0.0,0.0,0.0,0.0228656,0.115915,0.0670626,0.0802738,0.0119671
768.0,27.9539,0.0910902,0.0832822,0.0,0.0140986,0.0567603,0.0343393,0.0,0.0918012,0.0,0.348025,0.0583741
769.0,27.9873,0.144416,0.13454,0.0,0.000145718,0.0127076,0.147773,0.0,0.0518379,0.0,0.381356,0.0612225
770.0,28.0206,0.141894,0.17623,0.0,0.0025851,0.0179498,0.166619,0.0,0.0656455,0.0,0.42668,0.0820498
771.0,28.0539,0.115054,0.104278,0.0,0.0,0.0,0.090345,0.0,0.131493,0.0,0.524332,0.0354257
772.0,28.0873,0.225287,0.157266,0.0,0.0,0.0,0.210203,0.0,0.131963,0.0,0.542049,0.0
773.0,28.1206,0.239765,0.264089,0.0,0.0,0.0,0.315462,0.0,0.0877702,0.0,0.597467,0.0309503
774.0,28.1539,0.567133,0.221598,0.0,0.0130839,0.0381949,0.379068,0.0,0.0147447,0.0,0.317547,0.0
775.0,28.1873,0.742969,0.233384,0.0978072,0.0576672,0.144801,0.445278,0.0,0.0,0.0121153,0.225197,0.0
776.0,28.2206,0.813436,0.286639,0.305933,0.0552833,0.141885,0.56547,0.0,0.0,0.108195,0.22936,0.0
777.0,28.2539,0.740425,0.227348,0.354912,0.0550257,0.118967,0.712064,0.0,0.0,0.250447,0.297405,0.0
778.0,28.2873,0.700401,0.233215,0.346095,0.0515376,0.112263,0.697591,0.0,0.0135151,0.181383,0.423748,0.0
779.0,28.3206,0.0766596,0.016249,0.0,0.142023,0.320217,0.0,0.592053,0.0225817,0.0,0.654629,0.842772
780.0,28.3539,0.355828,0.373014,0.455187,0.0150709,0.0432249,0.0573546,0.0,0.0315094,0.0,0.217045,0.0
781.0,28.3873,0.32956,0.0,0.324721,0.0139396,0.0490367,0.291246,0.0,0.0,0.0,0.406421,0.0841362
782.0,28.4206,0.373822,0.0,0.175649,0.0540497,0.184057,0.0971703,0.0,0.0,0.0,0.347776,0.0
783.0,28.4539,0.289936,0.0,0.17834,0.0455234,0.193153,0.0237299,0.0,0.0130626,0.0,0.539956,0.0542511
784.0,28.4873,0.0,0.0251597,0.0,0.0,0.0923806,0.169906,0.0,0.0,0.0284355,0.101409,0.131295
785.0,28.5206,0.0,0.024587,0.0,0.0,0.0569582,0.0988994,0.0,0.0,0.0,0.107299,0.102638
786.0,28.5539,0.0,0.0292614,0.00140733,0.0,0.0155997,0.0183594,0.0,0.0,0.00666749,0.0,0.0760565
787.0,28.5873,0.0,0.114466,0.0,0.0,0.0,0.0408269,0.0,0.0,0.0882676,0.0663423,0.0890289
788.0,28.6206,0.0,0.406046,0.0,0.0,0.0,0.0,0.0815223,0.0,0.258435,0.143885,0.0573011
789.0,28.6539,0.0,0.591036,0.0,0.0,0.0,0.0,0.0552578,0.0,0.35346,0.0989168,0.0164883
790.0,28.6873,0.0,0.666428,0.0,0.0,0.0,0.0,0.0304622,0.044771,0.432309,0.103863,0.0
791.0,28.7206,0.0,0.651947,0.0,0.0,0.0,0.0,0.127232,0.184276,0.492223,0.00897117,0.04543
792.0,28.7539,0.0,0.499986,0.0,0.0,0.0,0.0,0.151456,0.278478,0.419469,0.0,0.218007
793.0,28.7873,0.0155559,0.299449,0.0,0.0,0.0,0.0,0.244715,0.394256,0.258534,0.0726502,0.168291
794.0,28.8206,0.0138159,0.12559,0.0,0.0,0.0,0.0,0.353784,0.386467,0.0826775,0.130875,0.0436095
795.0,28.8539,0.0,0.941358,0.0,0.0,0.0168407,0.0,0.253105,0.119086,0.0156662,0.093338,0.0996864
796.0,28.8873,0.0,0.808536,0.0,0.197938,0.560169,0.0552615,0.0535298,0.0426939,0.0,0.331542,0.320423
797.0,28.9206,0.0,0.15152,0.0,0.0395724,0.148099,0.00912861,0.0,0.0382965,0.0,0.0805569,0.169855
798.0,28.9539,0.148017,0.0653294,0.0,0.0310565,0.111608,0.0,0.131744,0.0932196,0.0,0.128777,0.123693
799.0,28.9873,0.0435581,0.141472,0.0,0.0139455,0.0663843,0.0,0.0,0.0252035,0.0,0.0428196,0.0218978
800.0,29.0206,0.0548603,0.119239,0.0,0.0,0.0,0.0,0.0366079,0.131079,0.0669134,0.11573,0.0118643
801.0,29.0539,0.0712259,0.0951157,0.0,0.0140376,0.0594021,0.0510839,0.0,0.0875259,0.0,0.346631,0.0521802
802.0,29.0873,0.128013,0.161451,0.0,0.00492881,0.0290502,0.165883,0.0,0.0423911,0.0,0.380079,0.0481338
803.0,29.1206,0.115538,0.15234,0.000449206,0.00506744,0.0261788,0.157307,0.0,0.0617484,0.0,0.430233,0.0472949
804.0,29.1539,0.122506,0.0662967,0.00593985,0.0,0.0,0.0938052,0.0,0.110764,0.0,0.5415,0.0396903
805.0,29.1873,0.185449,0.175777,0.0,0.0,0.0,0.195545,0.0,0.119308,0.0,0.545714,0.0
806.0,29.2206,0.222667,0.339559,0.0,0.0,0.0,0.360726,0.0,0.186305,0.0236449,0.593754,0.0
807.0,29.2539,0.539782,0.187171,0.0,0.0150815,0.0446987,0.378601,0.0,0.0177343,0.0,0.315646,0.0
808.0,29.2873,0.701409,0.251316,0.00485594,0.0540332,0.137571,0.44457,0.0,0.0,0.0239186,0.214041,0.0
809.0,29.3206,0.811357,0.260124,0.245211,0.0568884,0.144077,0.576777,0.0,0.0,0.123268,0.209087,0.0
810.0,29.3539,0.742344,0.299308,0.360663,0.0597651,0.131796,0.714155,0.0,0.0,0.255259,0.314507,0.0
811.0,29.3873,0.720674,0.234083,0.360249,0.0561406,0.129051,0.690033,0.0,0.00823181,0.176855,0.406152,0.0
812.0,29.4206,0.185099,0.0,0.0029629,0.133979,0.302477,0.0,0.486039,0.0149381,0.0,0.664689,0.749006
813.0,29.4539,0.355382,0.00984395,0.366756,0.0122914,0.033103,0.151064,0.0,0.00144558,0.00243781,0.19392,0.0
814.0,29.4873,0.366251,0.0,0.282662,0.0211347,0.0649259,0.280255,0.0,0.0,0.0,0.351798,0.0930656
815.0,29.5206,0.380045,0.0,0.171593,0.056894,0.190362,0.13993,0.0,0.0,0.0,0.383145,0.0
816.0,29.5539,0.293071,0.0,0.163233,0.0438243,0.184449,0.0217288,0.0018916,0.011333,0.0,0.539402,0.0971964
817.0,29.5873,0.0,0.0203711,0.0,0.0,0.0916114,0.158632,0.0,0.0,0.0253919,0.0978528,0.137504
818.0,29.6206,0.0,0.0201353,0.0,0.0,0.0588885,0.102661,0.0,0.0,0.00151931,0.0932863,0.0987092
819.0,29.6539,0.0,0.0259585,0.00172669,0.0,0.0145058,0.00758231,0.0,0.0,0.00235022,0.00987036,0.0701455
820.0,29.6873,0.0,0.114403,0.0,0.0,0.0,0.0410395,0.0,0.0,0.081484,0.0792253,0.0868834
821.0,29.7206,0.0,0.401292,0.0,0.0,0.0,0.0,0.0268862,0.0,0.246181,0.180228,0.0
822.0,29.7539,0.0,0.588342,0.0,0.0,0.0,0.0,0.0391595,0.0,0.346713,0.108869,0.0188331
823.0,29.7873,0.0,0.672215,0.0,0.0,0.0,0.0,0.0377243,0.0392087,0.438317,0.0844365,0.0386712
824.0,29.8206,0.0,0.658401,0.0,0.0,0.0,0.0,0.116785,0.171558,0.494322,0.00738131,0.0444103
825.0,29.8539,0.0,0.51991,0.0,0.0,0.0,0.0,0.153241,0.276373,0.435014,0.0,0.212424
826.0,29.8873,0.0136736,0.296882,0.0,0.0,0.0,0.0,0.246278,0.399677,0.278239,0.0753396,0.126536
827.0,29.9206,0.0147519,0.122127,0.0,0.0,0.0,0.0,0.368554,0.386582,0.0813089,0.126235,0.065728
828.0,29.9539,0.0,0.948164,0.0,0.00782772,0.0342101,0.0,0.255802,0.136442,0.0121702,0.115359,0.0192797
829.0,29.9873,0.0,0.806449,0.0,0.19868,0.564561,0.0549035,0.0512025,0.0392809,0.0,0.313852,0.316163
830.0,30.0206,0.0,0.14563,0.0,0.0420571,0.155809,0.0147177,0.0,0.0374477,0.0,0.0840806,0.190416
831.0,30.0539,0.145502,0.0693708,0.0,0.0266342,0.0929551,0.0,0.144975,0.0837476,0.0,0.132678,0.0790278
832.0,30.0873,0.0299377,0.269674,0.0,0.0199778,0.092778,0.0594955,0.0,0.00198914,0.0,0.0422353,0.0
833.0,30.1206,0.0842816,0.0397034,0.0,0.0,0.0,0.0,0.085836,0.0915226,0.0271131,0.130533,0.0392336
834.0,30.1539,0.0417344,0.0527732,0.0,0.0208219,0.0778369,0.0268645,0.0275995,0.115469,0.0,0.388023,0.0774567
835.0,30.1873,0.0921581,0.102669,0.0,0.0,0.00976649,0.138654,0.0,0.0719753,0.0,0.429537,0.0729166
836.0,30.2206,0.106718,0.124765,0.0,0.0,0.000479206,0.146431,0.0,0.110888,0.0,0.475507,0.0830397
837.0,30.2539,0.0876482,0.0736662,0.0,0.0,0.0,0.0942057,0.0,0.171086,0.0,0.57781,0.0378766
838.0,30.2873,0.207319,0.19629,0.0,0.0,0.0,0.170749,0.0,0.190309,0.0,0.63435,0.0
839.0,30.3206,0.190725,0.26904,0.0,0.0,0.0,0.316947,0.0,0.161638,0.0,0.670256,0.0
840.0,30.3539,0.456305,0.221946,0.0,0.0,0.00498605,0.359563,0.0,0.0416669,0.0,0.381546,0.0
841.0,30.3873,0.684252,0.228568,0.0029006,0.0513475,0.129999,0.442218,0.0,0.0,0.00506285,0.241882,0.0
842.0,30.4206,0.788384,0.250105,0.221263,0.0620907,0.156013,0.587932,0.0,0.0,0.1099,0.262796,0.0
843.0,30.4539,0.70324,0.277041,0.321791,0.0596918,0.12973,0.715709,0.0,0.0,0.264704,0.280902,0.0
844.0,30.4873,0.725026,0.238165,0.386234,0.0494457,0.111758,0.690099,0.0,0.00197359,0.189482,0.410647,0.0
845.0,30.5206,0.211903,0.0,0.0369495,0.136264,0.295104,0.0,0.529624,0.0093752,0.0,0.660533,0.808568
846.0,30.5539,0.391698,0.295477,0.518288,0.00362352,0.00792284,0.21942,0.0,0.0269678,0.00122639,0.30562,0.0
847.0,30.5873,0.448192,0.0,0.329265,0.0207317,0.0615208,0.303724,0.0,0.0,0.0,0.378495,0.0917081
848.0,30.6206,0.444239,0.0,0.167987,0.0625316,0.195965,0.151179,0.0,0.0,0.0,0.367617,0.0
849.0,30.6539,0.285482,0.0,0.12181,0.0376738,0.162406,0.0106134,0.00170705,0.00563497,0.0,0.515762,0.136215
850.0,30.6873,0.0,0.0316802,0.000307627,0.0,0.0868124,0.130459,0.0,0.0,0.0263756,0.0837279,0.149429
851.0,30.7206,0.0,0.0293441,0.0,0.0,0.0603542,0.161058,0.0,0.0,0.0201037,0.092976,0.105079
852.0,30.7539,0.0,0.026568,0.0,0.0,0.0195008,0.0348447,0.0,0.0,0.0,0.0472373,0.0780474
853.0,30.7873,0.0,0.106907,0.0,0.0,0.0,0.0707894,0.0,0.0,0.0783781,0.0897788,0.089914
854.0,30.8206,0.0,0.380609,0.0,0.0,0.0,0.0,0.0469202,0.0,0.23708,0.185931,0.0616883
855.0,30.8539,0.0,0.565601,0.0,0.0,0.0,0.0,0.0,0.0,0.32362,0.144498,0.0153435
856.0,30.8873,0.0,0.66974,0.0,0.0,0.0,0.0,0.000256229,0.00395091,0.43377,0.112741,0.0
857.0,30.9206,0.0,0.666608,0.0,0.0,0.0,0.0,0.0928642,0.154976,0.493863,0.00383168,0.0288052
858.0,30.9539,0.0,0.542964,0.0,0.0,0.0,0.0,0.111659,0.276613,0.453074,1.3629e-05,0.094131
859.0,30.9873,0.0,0.284047,0.0,0.0,0.0,0.0,0.205975,0.372805,0.26824,0.0474711,0.21328
860.0,31.0206,0.0142333,0.1145,0.0,0.0,0.0,0.0,0.386268,0.395932,0.0775874,0.135832,0.0381966
861.0,31.0539,0.0,0.940942,0.0,0.0,0.0,0.0,0.267396,0.133763,0.0120492,0.0816133,0.150835
862.0,31.0873,0.0,0.705916,0.0,0.210375,0.590844,0.0618745,0.0664332,0.0740397,0.0,0.470389,0.555712
863.0,31.1206,0.0,0.460485,0.0,0.0552027,0.197901,0.0668152,0.0,0.00314141,0.0,0.0304071,0.174599
864.0,31.1539,0.0604787,0.116531,0.0,0.0262902,0.10004,0.000878793,0.0992159,0.0744195,0.0,0.135751,0.0122601
865.0,31.1873,0.0121099,0.28387,0.0,0.0114386,0.0672311,0.0564918,0.0,0.0,0.0,0.0184254,0.000341828
866.0,31.2206,0.101111,0.117263,0.0,0.0,0.0,0.0,0.0112854,0.0881242,0.0695022,0.024944,0.0140992
867.0,31.2539,0.0617399,0.00116647,0.0,0.00745619,0.0330949,0.0165467,0.029609,0.101824,0.0,0.326862,0.0415103
868.0,31.2873,0.0933668,0.0754611,0.0,0.0,0.00394653,0.0859957,0.0,0.0830649,0.0,0.39547,0.0466136
869.0,31.3206,0.107405,0.159109,0.0,0.0,0.0,0.128128,0.0,0.0914338,0.0,0.410107,0.0685632
870.0,31.3539,0.0748144,0.125929,0.0,0.0,0.0,0.0437347,0.0,0.166838,0.0,0.518625,0.0184234
871.0,31.3873,0.120302,0.220613,0.0,0.0,0.0,0.164901,0.0,0.197193,0.0149229,0.569585,0.0
872.0,31.4206,0.00587767,0.264073,0.0,0.0,0.0,0.327467,0.0,0.126983,0.0,0.681469,0.0
873.0,31.4539,0.389183,0.298352,0.0,0.0,0.0233927,0.365414,0.0,0.0398373,0.0,0.362587,0.0
874.0,31.4873,0.563709,0.334089,0.0,0.0358655,0.109131,0.424131,0.0,0.00137045,0.00755169,0.249737,0.0
875.0,31.5206,0.658721,0.329128,0.0394912,0.0589759,0.141466,0.569552,0.0,0.0,0.107445,0.241274,0.0
876.0,31.5539,0.674696,0.290262,0.288447,0.0576305,0.128153,0.699424,0.0,0.0,0.233313,0.321661,0.0
877.0,31.5873,0.749254,0.236685,0.410203,0.066594,0.142345,0.720334,0.0,0.0,0.205255,0.454846,0.0
878.0,31.6206,0.694248,0.155243,0.250112,0.0462991,0.0942117,0.607687,0.0,0.0659768,0.115604,0.32529,0.0248662
879.0,31.6539,0.111192,0.0939177,0.0101171,0.0537663,0.140608,0.0,0.0544811,0.0,0.0,0.692233,0.230951
880.0,31.6873,0.468935,0.149792,0.477817,0.0,0.00121994,0.0525486,0.0,0.0327905,0.0,0.213311,0.0
881.0,31.7206,0.490698,0.0,0.270225,0.03856,0.115382,0.153334,0.0,0.0,0.0,0.464643,0.0
882.0,31.7539,0.439981,0.0,0.190688,0.0553463,0.191475,0.0665147,0.0,0.0,0.0,0.424351,0.0144431
883.0,31.7873,0.0,0.0151413,0.0,0.0,0.0668903,0.0335284,0.0,0.0,0.0,0.125492,0.202178
884.0,31.8206,0.0,0.0243083,0.0,0.0,0.0760169,0.196055,0.0,0.0,0.0308421,0.0703183,0.0961788
885.0,31.8539,0.0,0.0191786,0.0,0.0,0.0371438,0.0464826,0.0,0.0,0.0,0.127049,0.0865814
886.0,31.8873,0.0,0.0930006,0.0,0.0,0.0,0.0520243,0.0,0.0,0.0750453,0.0847456,0.0795536
887.0,31.9206,0.0,0.333985,0.0,0.0,0.0,0.0,0.0444581,0.0,0.203488,0.169714,0.0478844
888.0,31.9539,0.0,0.567191,0.0,0.0,0.0,0.0,0.0303411,0.0,0.334294,0.102275,0.0229246
889.0,31.9873,0.0,0.649965,0.0,0.0,0.0,0.0,0.00273522,0.0186272,0.409262,0.130599,0.0
890.0,32.0206,0.0,0.662291,0.0,0.0,0.0,0.0,0.11079,0.188934,0.494909,0.00539354,0.0239775
891.0,32.0539,0.0,0.512544,0.0,0.0,0.0,0.0,0.127878,0.286714,0.415377,0.0,0.198247
892.0,32.0873,0.00104096,0.275198,0.0,0.0,0.0,0.0,0.267643,0.398611,0.250688,0.14474,0.0356835
893.0,32.1206,0.0131768,0.117099,0.0,0.0,0.0,0.0,0.381452,0.385611,0.079115,0.125601,0.0473828
894.0,32.1539,0.0,0.942352,0.0,0.0204227,0.0731975,0.0,0.26685,0.14827,0.0130962,0.13773,0.0476917
895.0,32.1873,0.0,0.813088,0.0,0.199109,0.563188,0.053869,0.0499034,0.034693,0.0,0.296035,0.284633
896.0,32.2206,0.0,0.186958,0.0,0.0372297,0.142392,0.00330453,0.0,0.0382421,0.0,0.0734021,0.160136
897.0,32.2539,0.113374,0.0865121,0.0,0.0237961,0.0855673,0.0,0.141538,0.083501,0.0,0.123307,0.0690047
898.0,32.2873,0.0320419,0.288043,0.0,0.0174209,0.0841971,0.061916,0.0,0.00113689,0.0,0.0235551,0.0
899.0,32.3206,0.0835746,0.099672,0.0,0.0,0.0,0.0,0.0317114,0.106121,0.0539107,0.0905862,0.021632
900.0,32.3539,0.100504,0.100545,0.0,0.0159327,0.0617843,0.0349163,0.0,0.0902901,0.0,0.344586,0.0539798
901.0,32.3873,0.144745,0.152386,0.0,0.00317481,0.0213338,0.154398,0.0,0.046211,0.0,0.37675,0.0554697
902.0,32.4206,0.169816,0.211776,0.0,0.00501152,0.0247434,0.166942,0.0,0.0520493,0.0,0.408981,0.0479064
903.0,32.4539,0.151547,0.0982964,0.000193529,0.0,0.0,0.0882204,0.0,0.117722,0.0,0.522205,0.0387082
904.0,32.4873,0.254773,0.164997,0.0,0.0,0.0,0.18759,0.0,0.127347,0.0,0.538906,0.0
905.0,32.5206,0.255175,0.348716,0.0,0.0,0.0,0.329912,0.0,0.206488,0.0342876,0.603864,0.0
906.0,32.5539,0.559387,0.172078,0.0,0.0147276,0.0404556,0.357656,0.0,0.0218826,0.0,0.335873,0.0
907.0,32.5873,0.739059,0.18077,0.0245836,0.0616474,0.149108,0.45059,0.0,0.0,0.0117138,0.223594,0.0
908.0,32.6206,0.817155,0.263051,0.32188,0.0569575,0.146235,0.568615,0.0,0.0,0.107815,0.230433,0.0
909.0,32.6539,0.744687,0.368556,0.40984,0.0497338,0.106765,0.716047,0.0,0.0,0.233918,0.400692,0.0
910.0,32.6873,0.748825,0.353636,0.336745,0.0604642,0.120127,0.716047,0.0,0.0386969,0.14601,0.612676,0.0
911.0,32.7206,0.342369,0.251491,0.0,0.0279057,0.114516,0.211875,0.0,0.016431,0.00991257,0.192113,0.0836626
912.0,32.7539,0.232596,0.336206,0.407379,0.0215997,0.0616943,0.0,0.0249634,0.0294869,0.0,0.313569,0.0
913.0,32.7873,0.256677,0.189985,0.447525,0.00798715,0.0489768,0.287776,0.0,0.0,0.00256639,0.415688,0.0394848
914.0,32.8206,0.366849,0.0,0.252791,0.0406702,0.164319,0.17761,0.0,0.0,0.0,0.256785,0.00415942
915.0,32.8539,0.301845,0.0,0.124446,0.0442358,0.192971,0.099173,0.0,8.04104e-06,0.0,0.586282,0.138478
916.0,32.8873,0.0,0.0242949,0.0,0.0,0.0884162,0.184313,0.0,0.0,0.0273795,0.119045,0.134181
917.0,32.9206,0.0,0.0198556,0.0,0.0,0.0528422,0.077091,0.0,0.0,0.0,0.111002,0.103641
918.0,32.9539,0.0,0.0275613,0.00338003,0.0,0.00433022,0.0016351,0.0,0.0,0.00680592,0.0,0.0674822
919.0,32.9873,0.0,0.121017,0.0,0.0,0.0,0.0219778,0.0,0.0,0.093505,0.0802128,0.0784993
920.0,33.0206,0.00479606,0.446411,0.0,0.0,0.0,0.0,0.0700677,0.0,0.29065,0.169226,0.0475285
921.0,33.0539,0.0,0.555379,0.0,0.0,0.0,0.0,0.0563767,0.0,0.329593,0.0928158,0.035818
922.0,33.0873,0.0,0.651584,0.0,0.0,0.0,0.0,0.0307902,0.057641,0.418553,0.104675,0.0
923.0,33.1206,0.0,0.628314,0.0,0.0,0.0,0.0,0.12,0.189313,0.464877,0.00823976,0.0448496
924.0,33.1539,0.0,0.481149,0.0,0.0,0.0,0.0,0.148265,0.274221,0.400817,0.0,0.208047
925.0,33.1873,0.00856006,0.28944,0.0,0.0,0.0,0.0,0.247588,0.387015,0.249165,0.0727979,0.158331
926.0,33.2206,0.0143807,0.123497,0.0,0.0,0.0,0.0,0.353735,0.382777,0.0823881,0.135667,0.00939934
927.0,33.2539,0.0,0.968135,0.0,0.0240924,0.0933774,0.0,0.255368,0.137041,0.0,0.178938,0.0178444
928.0,33.2873,0.0,0.833046,0.0,0.188507,0.531189,0.0610357,0.0222684,0.00631742,0.0,0.21324,0.0
929.0,33.3206,0.0,0.111747,0.0,0.0427821,0.160182,0.0107913,0.0,0.0421556,0.0,0.0895828,0.208407
930.0,33.3539,0.162505,0.0269229,0.0,0.0218761,0.0786498,0.0,0.14691,0.0840921,0.0,0.130017,0.0871109
931.0,33.3873,0.0414475,0.155497,0.0,0.0243297,0.100608,0.0125571,0.0,0.0318893,0.0,0.0770614,0.0348396
932.0,33.4206,0.099613,0.0673911,0.0,0.0,0.0,0.0,0.0564911,0.0927042,0.0312923,0.148802,0.0136891
933.0,33.4539,0.0519736,0.0779772,0.0,0.0253145,0.0943697,0.0334956,0.00932369,0.110951,0.0,0.404389,0.0709096
934.0,33.4873,0.0981199,0.11824,0.0,0.00285245,0.0239742,0.160955,0.0,0.0722724,0.0,0.467962,0.0604824
935.0,33.5206,0.110014,0.0244097,0.00186522,0.0,0.0057052,0.152685,0.0,0.11699,0.0,0.505289,0.0939785
936.0,33.5539,0.158085,0.0469366,0.0339293,0.0,0.0,0.111805,0.0,0.173527,0.0,0.612197,0.0464742
937.0,33.5873,0.250114,0.207545,0.0,0.0,0.0,0.175641,0.0,0.188295,0.0,0.638606,0.000568405
938.0,33.6206,0.229865,0.284925,0.0,0.0,0.0,0.296309,0.0,0.157186,0.0,0.683001,0.00356093
939.0,33.6539,0.506167,0.155341,0.0,0.0045091,0.0151093,0.334037,0.0,0.0427105,0.0,0.412083,0.0
940.0,33.6873,0.701749,0.204422,0.0,0.0505571,0.127542,0.45117,0.0,0.0,0.00911677,0.254818,0.0
941.0,33.7206,0.806288,0.237813,0.243694,0.0636166,0.161629,0.562413,0.0,0.0,0.0997249,0.239162,0.0
942.0,33.7539,0.710058,0.268155,0.314726,0.0589984,0.127355,0.718496,0.0,0.0,0.258412,0.314273,0.0
943.0,33.7873,0.699716,0.243301,0.39542,0.0565699,0.126412,0.657271,0.0,0.0,0.16787,0.40385,0.0
944.0,33.8206,0.255227,0.0,0.0633567,0.113541,0.265212,0.0,0.259187,0.0,0.0,0.64635,0.514029
945.0,33.8539,0.42929,0.0261239,0.386362,0.0019532,0.0,0.111007,0.0,0.0469742,0.00345206,0.160538,0.000512794
946.0,33.8873,0.413557,0.0,0.307171,0.0107838,0.036665,0.229968,0.0,0.0,0.0,0.304335,0.114146
947.0,33.9206,0.377735,0.0,0.145987,0.0507418,0.171665,0.151246,0.0,0.0,0.0,0.353002,0.00926364
948.0,33.9539,0.0,0.748862,0.0,0.0,0.0612268,0.0233603,0.0020041,0.0,0.0,0.44181,0.132132
949.0,33.9873,0.0,0.0230906,0.0,0.0,0.0916074,0.14495,0.0,0.0,0.0291056,0.0803517,0.143396
950.0,34.0206,0.0,0.026168,0.0,0.0,0.0615718,0.175077,0.0,0.0,0.0166418,0.121241,0.108579
951.0,34.0539,0.0,0.0279472,0.0,0.0,0.0218969,0.034851,0.0,0.0,0.0014657,0.021857,0.0815906
952.0,34.0873,0.0,0.106169,0.0,0.0,0.0,0.0798516,0.0,0.0,0.0769351,0.0847116,0.0874869
953.0,34.1206,0.0,0.339921,0.0,0.0,0.0,0.0,0.0641829,0.0,0.200513,0.161282,0.0567305
954.0,34.1539,0.0,0.621813,0.0,0.0,0.0,0.0,0.0285918,0.0,0.369509,0.132545,0.0122576
955.0,34.1873,0.0,0.678425,0.0,0.0,0.0,0.0,0.0337194,0.025745,0.445446,0.108174,0.0
956.0,34.2206,0.0,0.663849,0.0,0.0,0.0,0.0,0.130713,0.160311,0.51011,0.0010969,0.0753521
957.0,34.2539,0.0,0.543089,0.0,0.0,0.0,0.0,0.139838,0.28368,0.468904,0.0,0.114499
958.0,34.2873,0.0,0.295337,0.0,0.0,0.0,0.0,0.225283,0.38333,0.296227,0.0323248,0.209444
959.0,34.3206,0.0163855,0.123493,0.0,0.0,0.0,0.0,0.38099,0.401527,0.0831959,0.129067,0.0509401
960.0,34.3539,0.0,0.940874,0.0,0.0,0.0,0.0,0.259665,0.136983,0.0131095,0.0665323,0.10153
961.0,34.3873,0.0,0.797805,0.0,0.206701,0.588091,0.0689304,0.04233,0.0556128,0.0,0.389356,0.574698
962.0,34.4206,0.0,0.26867,0.0,0.058508,0.2067,0.0616035,0.0,0.00313123,0.0,0.0311429,0.230573
963.0,34.4539,0.0999783,0.049466,0.0,0.0260242,0.0953729,0.0,0.117467,0.0767,0.0,0.14353,0.0407973
964.0,34.4873,0.0462017,0.245871,0.0,0.0171971,0.0836526,0.064208,0.0,0.0,0.0,0.0237581,0.0225751
965.0,34.5206,0.016945,0.214666,0.0,0.0,0.0,0.0,0.00187797,0.138443,0.0971327,0.0644171,0.0233108
966.0,34.5539,0.119222,0.128514,0.0,0.0154941,0.0521244,0.0,0.042001,0.0889452,0.0,0.282328,0.0742982
967.0,34.5873,0.112844,0.137095,0.0,0.000990207,0.0134226,0.107826,0.0,0.0620833,0.0,0.375039,0.0704528
968.0,34.6206,0.139641,0.206565,0.0,0.0028502,0.0174358,0.134057,0.0,0.0708631,0.0,0.400945,0.0569345
969.0,34.6539,0.109231,0.134965,0.0,0.0,0.0,0.0841638,0.0,0.136432,0.0,0.508339,0.0355891
970.0,34.6873,0.133231,0.197375,0.0,0.0,0.0,0.179714,0.0,0.157217,0.0,0.538325,0.0
971.0,34.7206,0.15709,0.276544,0.0,0.0,0.0,0.33242,0.0,0.118134,0.0,0.640438,0.0
972.0,34.7539,0.46674,0.291593,0.0,0.00363409,0.0293699,0.373965,0.0,0.0316106,0.0,0.336652,0.0
973.0,34.7873,0.678092,0.293251,0.00936602,0.0532595,0.138057,0.429294,0.0,0.0,0.00771815,0.212571,0.0
974.0,34.8206,0.783522,0.298655,0.20849,0.0601008,0.151078,0.576985,0.0,0.0,0.111454,0.229903,0.0
975.0,34.8539,0.757946,0.325979,0.303835,0.0624859,0.144731,0.69961,0.0,0.0,0.209443,0.430217,0.0
976.0,34.8873,0.725702,0.24831,0.369841,0.0637193,0.130458,0.724751,0.0,0.0279063,0.212228,0.442721,0.0
977.0,34.9206,0.42007,0.173261,0.0,0.0269395,0.0939357,0.253002,0.0,0.00854411,0.00180973,0.250449,0.0782303
978.0,34.9539,0.204232,0.130268,0.358128,0.0105849,0.0046457,0.0,0.0291843,0.0110165,0.0,0.66109,0.0
979.0,34.9873,0.366282,0.329391,0.579215,0.0,0.0,0.176904,0.0,0.175713,0.0293023,0.451413,0.0
980.0,35.0206,0.289952,0.0,0.263363,0.0156206,0.068932,0.218853,0.0,0.0,0.0,0.561355,0.104768
981.0,35.0539,0.293968,0.0,0.128964,0.0410339,0.171753,0.0484129,0.0,0.0,0.0,0.390489,0.053439
982.0,35.0873,0.0,0.0355812,0.0,0.0,0.0858745,0.122619,0.0,0.0,0.0173323,0.115608,0.189042
983.0,35.1206,0.0,0.0329569,0.0,0.0,0.0671112,0.18193,0.0,0.0,0.0168277,0.108592,0.0830637
984.0,35.1539,0.0,0.0271759,0.0,0.0,0.0156944,0.0,0.0,0.0,0.00361941,0.106056,0.0637328
985.0,35.1873,0.0,0.118147,0.0,0.0,0.0,0.0387093,0.0,0.0,0.077899,0.114865,0.0697444
986.0,35.2206,0.0,0.390367,0.0,0.0,0.0,0.0,0.073766,0.0,0.24891,0.189823,0.0395199
987.0,35.2539,0.0,0.581741,0.0,0.0,0.0,0.0,0.0441232,0.0,0.347601,0.106132,0.00438314
988.0,35.2873,0.0,0.678962,0.0,0.0,0.0,0.0,0.0375853,0.0508549,0.450169,0.107734,0.0
989.0,35.3206,0.0,0.653039,0.0,0.0,0.0,0.0,0.126508,0.191772,0.494373,0.00554998,0.0247954
990.0,35.3539,0.0,0.505337,0.0,0.0,0.0,0.0,0.122957,0.27599,0.413882,0.0,0.193062
991.0,35.3873,0.0,0.288328,0.0,0.0,0.0,0.0,0.188772,0.38181,0.256642,0.0708791,0.144831
992.0,35.4206,0.0153007,0.118433,0.0,0.0,0.0,0.0,0.351946,0.388657,0.0826111,0.133733,0.000639672
993.0,35.4539,0.0,0.939849,0.0,0.0,0.0,0.0,0.258457,0.131342,0.0126598,0.0811559,0.129426
994.0,35.4873,0.0,0.734189,0.0,0.202762,0.573709,0.0650728,0.0587681,0.0785189,0.0,0.486365,0.514882
995.0,35.5206,0.0,0.437281,0.0,0.0577055,0.202424,0.0782479,0.0,0.0,0.0,0.0182375,0.196674
996.0,35.5539,0.032034,0.0290632,0.0,0.0247394,0.0947445,0.00026649,0.111005,0.0858965,0.0,0.155385,0.0156631
997.0,35.5873,0.0193652,0.280829,0.0,0.0176473,0.0879103,0.0630416,0.0,0.0,0.0,0.0236499,0.0172938
998.0,35.6206,0.0503207,0.0896247,0.0,0.0,0.0,0.0,0.0238482,0.0993285,0.0662765,0.0871515,0.0581033
999.0,35.6539,0.060605,0.0729408,0.0,0.0142571,0.0578803,0.0225528,0.0227113,0.105272,0.0,0.358505,0.0293343
1000.0,35.6873,0.10363,0.120406,0.0,0.00132465,0.0150065,0.116328,0.0,0.0634633,0.0,0.389212,0.0413662
1001.0,35.7206,0.121643,0.17661,0.0,0.00252047,0.0169906,0.130642,0.0,0.0787244,0.0,0.419609,0.0541009
1002.0,35.7539,0.0996805,0.117983,0.0,0.0,0.0,0.076428,0.0,0.13331,0.0,0.530009,0.0226398
1003.0,35.7873,0.150462,0.206261,0.0,0.0,0.0,0.188385,0.0,0.151055,0.0,0.557475,0.0
1004.0,35.8206,0.156254,0.310343,0.0,0.0,0.0,0.333001,0.0,0.135628,0.0,0.654779,0.0343166
1005.0,35.8539,0.465792,0.290734,0.0,0.0,0.0122373,0.392292,0.0,0.0295636,0.0,0.334166,0.0
1006.0,35.8873,0.641591,0.260552,0.0,0.0412125,0.109301,0.423383,0.0,0.0,0.0162506,0.21624,0.0
1007.0,35.9206,0.724387,0.193836,0.241527,0.0482413,0.114714,0.593428,0.0,0.0,0.185331,0.0528079,0.0
1008.0,35.9539,0.712102,0.294412,0.340408,0.059088,0.130726,0.713136,0.0,0.0,0.243535,0.354226,0.0
1009.0,35.9873,0.711578,0.223765,0.348109,0.0577781,0.127366,0.68846,0.0,0.0,0.186847,0.401371,0.0
1010.0,36.0206,0.221922,0.0,0.00976191,0.133223,0.297227,0.0,0.511235,0.00311558,0.0,0.695571,0.73928
1011.0,36.0539,0.344969,0.336352,0.525762,0.0,0.000322364,0.16929,0.0,0.0443272,0.000453647,0.268717,0.0
1012.0,36.0873,0.344222,0.0452338,0.365928,0.0103096,0.0371895,0.277976,0.0,0.0,0.0,0.393712,0.0970052
1013.0,36.1206,0.400779,0.00105777,0.0953792,0.0578354,0.191104,0.101576,0.0,0.0,0.0,0.271697,0.0125009
1014.0,36.1539,0.34866,0.0,0.215533,0.0532366,0.206202,0.0180086,0.00450645,0.0135332,0.0,0.516742,0.0342239
1015.0,36.1873,0.0,0.0239199,0.0,0.0,0.0877405,0.124492,0.0,0.0,0.0211923,0.0922077,0.14189
1016.0,36.2206,0.0,0.0276956,0.0,0.0,0.0620901,0.15137,0.0,0.0,0.0123768,0.10379,0.0973793
1017.0,36.2539,0.0,0.0260908,0.0,0.0,0.0163428,0.0367963,0.0,0.0,0.0,0.0573611,0.0709147
1018.0,36.2873,0.0,0.102984,0.0,0.0,0.0,0.064251,0.0,0.0,0.0720834,0.0941284,0.0805501
1019.0,36.3206,0.0,0.362916,0.0,0.0,0.0,0.0,0.0692426,0.0,0.221113,0.173953,0.0504204
1020.0,36.3539,0.0,0.60019,0.0,0.0,0.0,0.0,0.00210808,0.0,0.352304,0.125325,0.0132229
1021.0,36.3873,0.0,0.669803,0.0,0.0,0.0,0.0,0.00934052,0.0219219,0.432006,0.112902,0.0
1022.0,36.4206,0.0,0.664163,0.0,0.0,0.0,0.0,0.109598,0.169677,0.501449,0.00626959,0.039591
1023.0,36.4539,0.0,0.534339,0.0,0.0,0.0,0.0,0.137616,0.278815,0.446364,0.0,0.156516
1024.0,36.4873,0.015833,0.289791,0.0,0.0,0.0,0.0,0.249431,0.394297,0.261015,0.065513,0.200105
1025.0,36.5206,0.0127474,0.116999,0.0,0.0,0.0,0.0,0.377366,0.39537,0.0794506,0.141092,0.0416912
1026.0,36.5539,0.0,0.974363,0.0,0.00330994,0.0477351,0.0,0.26658,0.169777,0.0,0.379427,0.208812
1027.0,36.5873,0.0,0.828247,0.0,0.191448,0.541487,0.0548056,0.0392871,0.0243054,0.0,0.257855,0.235785
1028.0,36.6206,0.0,0.10389,0.0,0.0357288,0.135057,0.00819053,0.0176431,0.0487971,0.0,0.0785361,0.169428
1029.0,36.6539,0.143303,0.0885924,0.0,0.0223907,0.0800574,0.0,0.151681,0.0914809,0.0,0.131836,0.079795
1030.0,36.6873,0.0474469,0.130033,0.0,0.0108708,0.053363,0.0,0.00507848,0.0237374,0.0,0.0355512,0.0364348
1031.0,36.7206,0.0754829,0.129212,0.0,0.0,0.0,0.0,0.0326967,0.151128,0.0690762,0.11579,0.0120437
1032.0,36.7539,0.085847,0.0992247,0.0,0.0129939,0.0553987,0.0538065,0.0,0.0855501,0.0,0.342697,0.0620746
1033.0,36.7873,0.146537,0.158118,0.0,0.00259663,0.0199676,0.154258,0.0,0.047102,0.0,0.379763,0.0570947
1034.0,36.8206,0.134227,0.17851,0.0,0.00372003,0.0221259,0.159779,0.0,0.062257,0.0,0.422307,0.0455012
1035.0,36.8539,0.0951806,0.119524,0.0,0.0,0.0,0.113504,0.0,0.15495,0.0,0.5552,0.0
1036.0,36.8873,0.17779,0.178583,0.0,0.0,0.0,0.206989,0.0,0.122242,0.0,0.542005,0.0
1037.0,36.9206,0.228098,0.34749,0.0,0.0,0.0,0.347439,0.0,0.197458,0.0269679,0.604212,0.0
1038.0,36.9539,0.519359,0.264294,0.0,0.0115069,0.0455037,0.385448,0.0,0.0194692,0.0,0.296329,0.0
1039.0,36.9873,0.728557,0.246192,0.0265124,0.0580826,0.143393,0.445198,0.0,0.0,0.0228841,0.195758,0.0
1040.0,37.0206,0.744649,0.215391,0.322932,0.0427759,0.103427,0.595573,0.0,0.0,0.185737,0.0525905,0.0
1041.0,37.0539,0.742061,0.345891,0.394767,0.0555284,0.121109,0.712274,0.0,0.0,0.240808,0.369486,0.0
1042.0,37.0873,0.706945,0.114096,0.30344,0.0545697,0.120246,0.694278,0.0,0.0,0.18711,0.371633,0.0
1043.0,37.1206,0.0877886,0.00859654,0.0,0.141456,0.317778,0.0,0.590382,0.0193212,0.0,0.656878,0.835453
1044.0,37.1539,0.309169,0.142947,0.42662,0.00790335,0.0249941,0.0709241,0.0,0.0341384,0.0,0.217761,0.0
1045.0,37.1873,0.317122,0.0,0.327173,0.0132081,0.0478704,0.288063,0.0,0.0,0.0,0.403975,0.0800761
1046.0,37.2206,0.390881,0.0,0.160194,0.0603999,0.198689,0.0996809,0.0,0.0,0.0,0.33886,0.0
1047.0,37.2539,0.289403,0.0,0.187733,0.0481972,0.199933,0.026357,0.0,0.0124305,0.0,0.543565,0.0563037
1048.0,37.2873,0.0,0.0198333,0.0,0.0,0.0959915,0.14812,0.0,0.0,0.0225279,0.106195,0.136117
1049.0,37.3206,0.0,0.0214331,0.0,0.0,0.0554145,0.0975415,0.0,0.0,0.0,0.106722,0.10129
1050.0,37.3539,0.0,0.0239109,0.00277048,0.0,0.0216272,0.00832629,0.0,0.0,0.0,0.0103044,0.0753424
1051.0,37.3873,0.0,0.120771,0.0,0.0,0.0,0.0347046,0.0,0.0,0.0912092,0.0770076,0.0841291
1052.0,37.4206,0.0,0.443649,0.0,0.0,0.0,0.0,0.0281192,0.0,0.282045,0.194395,0.0
1053.0,37.4539,0.0,0.575496,0.0,0.0,0.0,0.0,0.0421534,0.0,0.340918,0.093572,0.0294679
1054.0,37.4873,0.0,0.669146,0.0,0.0,0.0,0.0,0.0304823,0.0464693,0.434253,0.0966978,0.0
1055.0,37.5206,0.0,0.645014,0.0,0.0,0.0,0.0,0.116018,0.178016,0.482885,0.00963076,0.0431038
1056.0,37.5539,0.0,0.504917,0.0,0.0,0.0,0.0,0.132596,0.276961,0.410766,0.0,0.207776
1057.0,37.5873,0.012959,0.294444,0.0,0.0,0.0,0.0,0.23259,0.387359,0.253194,0.0726855,0.169633
1058.0,37.6206,0.0147614,0.124627,0.0,0.0,0.0,0.0,0.351306,0.384733,0.0814404,0.130543,0.0433382
1059.0,37.6539,0.0,0.941851,0.0,0.0,0.0,0.0,0.255268,0.12964,0.0124199,0.0760739,0.146688
1060.0,37.6873,0.0,0.767468,0.0,0.197381,0.559735,0.0658217,0.0453556,0.0666939,0.0,0.451889,0.531405
1061.0,37.7206,0.0,0.315015,0.0,0.0573708,0.203628,0.0719075,0.0,0.00357598,0.0,0.0429004,0.209451
1062.0,37.7539,0.101678,0.0328602,0.0,0.024276,0.0908847,0.0,0.113496,0.0750127,0.0,0.134581,0.0294908
1063.0,37.7873,0.0495577,0.265289,0.0,0.0172671,0.0858886,0.0687426,0.0,0.0,0.0,0.0161015,0.00366125
1064.0,37.8206,0.0750489,0.0929744,0.0,0.0,0.0,0.0,0.0236224,0.0954291,0.0651478,0.0784463,0.075275
1065.0,37.8539,0.0435194,0.0257069,0.0,0.0134268,0.0546955,0.0207333,0.0264593,0.109521,0.0,0.357308,0.0422883
1066.0,37.8873,0.0933662,0.0951822,0.0,0.0,0.00739332,0.0984087,0.0,0.0745293,0.0,0.39413,0.0525059
1067.0,37.9206,0.118027,0.172554,0.0,0.0,0.00667623,0.129541,0.0,0.088863,0.0,0.42829,0.0668313
1068.0,37.9539,0.0883543,0.115723,0.0,0.0,0.0,0.0617481,0.0,0.151607,0.0,0.529236,0.0232521
1069.0,37.9873,0.118625,0.199463,0.0,0.0,0.0,0.177866,0.0,0.166525,0.0,0.567484,0.0
1070.0,38.0206,0.0401048,0.281763,0.0,0.0,0.0,0.330435,0.0,0.164043,0.0,0.668053,0.0
1071.0,38.0539,0.403609,0.313972,0.0,0.0,0.0242154,0.397585,0.0,0.031883,0.0,0.326594,0.0
1072.0,38.0873,0.580306,0.323047,0.0,0.0392327,0.118955,0.437333,0.0,0.00429195,0.02397,0.239777,0.0
1073.0,38.1206,0.609657,0.241171,0.0797921,0.0480932,0.109279,0.605043,0.0,0.0,0.189816,0.0701729,0.0
1074.0,38.1539,0.692163,0.208078,0.299219,0.0655104,0.143889,0.723208,0.0,0.0,0.247519,0.355098,0.0
1075.0,38.1873,0.740013,0.113643,0.369748,0.0583432,0.137044,0.691459,0.0,0.0,0.192475,0.371267,0.0
1076.0,38.2206,0.107051,0.0329976,0.00248547,0.113876,0.262497,0.0,0.473028,0.00521029,0.0,0.534507,0.810267
1077.0,38.2539,0.379879,0.182716,0.463319,0.00483864,0.0117796,0.172651,0.0,0.0280226,0.0,0.289584,0.0
1078.0,38.2873,0.378365,0.00367017,0.372149,0.00958534,0.0337697,0.302924,0.0,0.0,0.0,0.411405,0.0494591
1079.0,38.3206,0.414415,0.00448489,0.0798052,0.0615382,0.197507,0.121115,0.0,0.0,0.0,0.345868,0.0157579
1080.0,38.3539,0.441556,0.0,0.232865,0.0600321,0.218106,0.0148647,0.0136218,0.00568571,0.0,0.511138,0.0117793
1081.0,38.3873,0.0,0.0154666,0.0,0.0,0.0865535,0.102291,0.0,0.0,0.01199,0.110629,0.158172
1082.0,38.4206,0.0,0.0245419,0.0,0.0,0.0533369,0.210496,0.0,0.0,0.0238365,0.0905172,0.0669853
1083.0,38.4539,0.0,0.0212978,0.00176066,0.0,0.0235764,0.0209877,0.0,0.0,0.0,0.053676,0.0806008
1084.0,38.4873,0.0,0.108112,0.0,0.0,0.0,0.0486808,0.0,0.0,0.0816464,0.0889484,0.0954663
1085.0,38.5206,0.0,0.402807,0.0,0.0,0.0,0.0,0.0716737,0.0,0.260169,0.172022,0.0558525
1086.0,38.5539,0.0,0.575423,0.0,0.0,0.0,0.0,0.0133037,0.0,0.335987,0.116086,0.0302335
1087.0,38.5873,0.0,0.666566,0.0,0.0,0.0,0.0,0.0,0.0271881,0.424669,0.149461,0.0
1088.0,38.6206,0.0,0.653091,0.0,0.0,0.0,0.0,0.123703,0.181122,0.490293,0.00745767,0.0466514
1089.0,38.6539,0.0,0.502335,0.0,0.0,0.0,0.0,0.128257,0.293472,0.415019,0.00445777,0.174127
1090.0,38.6873,0.00633015,0.300125,0.0,0.0,0.0,0.0,0.220937,0.400532,0.250664,0.0804972,0.145302
1091.0,38.7206,0.0117106,0.127258,0.0,0.0,0.0,0.0,0.357423,0.386972,0.081606,0.116202,0.0567586
1092.0,38.7539,0.0,0.94191,0.0,0.0,0.0,0.0,0.262656,0.127811,0.0126199,0.0804869,0.154496
1093.0,38.7873,0.0,0.717663,0.0,0.216804,0.603715,0.0642234,0.0677283,0.0722473,0.0,0.471349,0.519635
1094.0,38.8206,0.0,0.33854,0.0,0.0596027,0.209503,0.0780881,0.0,0.0,0.0,0.0217596,0.213855
1095.0,38.8539,0.0536706,0.0498109,0.0,0.031827,0.118287,0.0,0.115255,0.0872017,0.0,0.158265,0.0283034
1096.0,38.8873,0.0668462,0.254985,0.0,0.0194885,0.0896193,0.0475012,0.0,0.000911865,0.0,0.0267381,0.0
1097.0,38.9206,0.0504453,0.0673473,0.0,0.0,0.0,0.0,0.0526085,0.100355,0.0457919,0.0755806,0.0105243
1098.0,38.9539,0.0647615,0.0638625,0.0,0.0149956,0.0590791,0.0210643,0.0251151,0.105761,0.0,0.355374,0.0472563
1099.0,38.9873,0.0960946,0.111628,0.0,0.0,0.00557838,0.13338,0.0,0.060803,0.0,0.387325,0.051308
1100.0,39.0206,0.105814,0.158817,0.0,0.0,0.00723808,0.147979,0.0,0.0763148,0.0,0.424455,0.0594098
1101.0,39.0539,0.0883785,0.126202,0.0,0.0,0.0,0.0955397,0.0,0.13344,0.0,0.536803,0.0180107
1102.0,39.0873,0.129768,0.213786,0.0,0.0,0.0,0.239893,0.0,0.15492,0.0,0.564582,0.0
1103.0,39.1206,0.0319363,0.316406,0.0,0.0,0.0,0.355143,0.0,0.176114,0.0,0.685649,0.0
1104.0,39.1539,0.411619,0.316951,0.0,0.0,0.0274128,0.410435,0.0,0.029627,0.0,0.324667,0.0
1105.0,39.1873,0.596819,0.325835,0.0,0.0412443,0.122299,0.449379,0.0,0.0,0.0327711,0.238169,0.0
1106.0,39.2206,0.618141,0.218183,0.113978,0.045364,0.10231,0.616782,0.0,0.0,0.174558,0.159886,0.0
1107.0,39.2539,0.714834,0.262824,0.349662,0.0626359,0.134212,0.739352,0.0,0.0,0.239337,0.445267,0.0
1108.0,39.2873,0.746254,0.155445,0.418674,0.0587234,0.128628,0.674076,0.0,0.0,0.175145,0.387797,0.0
1109.0,39.3206,0.244297,0.0,0.0373387,0.102076,0.246156,0.0,0.188053,0.0,0.0,0.50898,0.491351
1110.0,39.3539,0.388609,0.231883,0.468888,0.0,0.0,0.154449,0.0,0.0775742,0.0140439,0.229252,0.0
1111.0,39.3873,0.313022,0.0157249,0.334557,0.00799052,0.0305295,0.196977,0.0,0.0,0.00212095,0.289897,0.145728
1112.0,39.4206,0.395043,0.0,0.154777,0.0522466,0.172144,0.133563,0.0,0.0,0.0,0.315003,0.0
1113.0,39.4539,0.169983,0.0,0.225478,0.0210098,0.13027,0.0,0.0,0.0205065,0.0,0.399795,0.155475
1114.0,39.4873,0.0,0.0493064,0.0,0.0,0.0884057,0.102392,0.0,0.0,0.0329334,0.0486065,0.159673
1115.0,39.5206,0.0,0.031162,0.0,0.0,0.0550509,0.175876,0.0,0.0,0.0157454,0.122064,0.0952818
1116.0,39.5539,0.0,0.0238964,0.0,0.0,0.0161596,0.0286839,0.0,0.0,0.00145065,0.107572,0.0929269
1117.0,39.5873,0.0,0.112189,0.0,0.0,0.0,0.0799654,0.0,0.0,0.0740346,0.140386,0.0878537
1118.0,39.6206,0.0,0.30916,0.0,0.0,0.0,0.0,0.025369,0.0,0.17495,0.216208,0.0505508
1119.0,39.6539,0.0,0.581344,0.0,0.0,0.0,0.0,0.0,0.0,0.322877,0.167126,0.0
1120.0,39.6873,0.0,0.675637,0.0,0.0,0.0,0.0,0.0,0.0,0.432526,0.120975,0.0
1121.0,39.7206,0.0,0.68014,0.0,0.0,0.0,0.0,0.105909,0.170467,0.509827,0.00461041,0.019479
1122.0,39.7539,0.0,0.554451,0.0,0.0,0.0,0.0,0.132583,0.301207,0.461306,0.0,0.195979
1123.0,39.7873,0.00515742,0.296476,0.0,0.0,0.0,0.0,0.237333,0.411962,0.259094,0.0734492,0.197187
1124.0,39.8206,0.00797548,0.109876,0.0,0.0,0.0,0.0,0.388372,0.410205,0.0794076,0.151098,0.0
1125.0,39.8539,0.0,0.973917,0.0,0.0292743,0.10809,0.0,0.27223,0.155177,0.0,0.255955,0.0753061
1126.0,39.8873,0.0,0.834443,0.0,0.182683,0.519239,0.0528764,0.029161,0.0120727,0.0,0.21739,0.0234565
1127.0,39.9206,0.0,0.129607,0.0,0.0344122,0.133914,0.000262705,0.0260375,0.0558512,0.0,0.0945819,0.200325
1128.0,39.9539,0.125012,0.112834,0.0,0.0211608,0.0746458,0.0,0.160651,0.091388,0.0,0.134862,0.0874513
1129.0,39.9873,0.0515261,0.295502,0.0,0.0161322,0.0775872,0.0392044,0.0,0.00919649,0.0,0.0380528,0.0344382
1130.0,40.0206,0.0910991,0.0947776,0.0,0.0,0.0,0.0,0.0549646,0.123673,0.045622,0.12122,0.034364
1131.0,40.0539,0.0836731,0.0935778,0.0,0.0154575,0.0589309,0.027693,0.00280607,0.0990176,0.0,0.369497,0.0704069
1132.0,40.0873,0.147924,0.170891,0.0,0.0,0.00939027,0.149639,0.0,0.0525865,0.0,0.380661,0.0767395
1133.0,40.1206,0.139051,0.189756,0.0,0.0,0.00925696,0.160216,0.0,0.0779135,0.0,0.43375,0.0677545
1134.0,40.1539,0.122546,0.127718,0.0,0.0,0.0,0.102611,0.0,0.139743,0.0,0.538053,0.0283883
1135.0,40.1873,0.150317,0.234066,0.0,0.0,0.0,0.248577,0.0,0.16482,0.0,0.593116,0.0
1136.0,40.2206,0.201386,0.294638,0.0,0.0,0.0,0.344934,0.0,0.138898,0.0,0.64207,0.0
1137.0,40.2539,0.506529,0.282886,0.0,0.0110314,0.0486734,0.392449,0.0,0.024352,0.0,0.313956,0.0
1138.0,40.2873,0.697048,0.309907,0.00801265,0.054051,0.142145,0.440309,0.0,0.0,0.023051,0.201542,0.0
1139.0,40.3206,0.729793,0.239755,0.317272,0.0479192,0.114678,0.611852,0.0,0.0,0.169595,0.147421,0.0
