frame,time,Gastrocnemius Medialis,Tibialis Anterior,Soleus,Vastus Medialis,Vastus Lateralis,Rectus Femoris,Biceps Femoris,Semitendinosus,Gracilis,Gluteus Medius,External Oblique
0.0,4.32729,0.0,0.0493162,0.00240356,0.0,0.0612856,0.264883,0.0,0.0,0.0,0.187951,0.0674415
1.0,4.36063,0.0,0.0332368,0.0,0.0,0.00591335,0.0573602,0.00827475,0.0151121,0.0,0.204541,0.00558442
2.0,4.39396,0.0,0.251939,0.0,0.0,0.0,0.0,0.0301804,0.0,0.195954,0.177531,0.0585326
3.0,4.42729,0.0,0.566847,0.0,0.0,0.0,0.0,0.190151,0.0,0.387752,0.202026,0.0
4.0,4.46063,0.0,0.394666,0.0,0.0,0.0,0.0,0.0,0.0,0.2457,0.0,0.12635
5.0,4.49396,0.0,0.534313,0.0,0.0,0.0,0.0,0.0358707,0.0370807,0.386183,0.0,0.108105
6.0,4.52729,0.0266731,0.550232,0.0,0.0,0.0,0.0,0.0706778,0.202793,0.418703,0.0262127,0.0804789
7.0,4.56063,0.0687238,0.463916,0.0,0.0,0.0,0.0,0.143261,0.360334,0.353093,0.0548308,0.0876423
8.0,4.59396,0.0565818,0.23273,0.0,0.0,0.0,0.0,0.23124,0.379458,0.186411,0.0870546,0.0753363
9.0,4.62729,0.0384668,0.0631914,0.0,0.0,0.0,0.0,0.344817,0.35784,0.051471,0.155311,0.0
10.0,4.66063,0.0,0.97964,0.0,0.0325475,0.116037,0.0,0.265147,0.148795,0.0,0.146647,0.0554345
11.0,4.69396,0.0,0.962045,0.0,0.137563,0.420511,0.0113697,0.00387979,0.0108444,0.0,0.0725488,0.0
12.0,4.72729,0.0,0.426851,0.0,0.0,0.0550402,0.0267549,0.0,0.0101832,0.0,0.0,0.20074
13.0,4.76063,0.0,0.128466,0.0,0.0,0.0,0.0,0.0,0.0658035,0.025223,0.0142636,0.205135
14.0,4.79396,0.0017857,0.14578,0.0,0.0,0.0,0.0,0.0414854,0.0963965,0.00192056,0.0280269,0.190109
15.0,4.82729,0.0,0.301235,0.0,0.0,0.0129155,0.0,0.142134,0.146577,0.0,0.162718,0.120713
16.0,4.86063,0.0,0.469036,0.0,0.0,0.0153815,0.0208131,0.0226606,0.158143,0.0,0.36612,0.03895
17.0,4.89396,0.0,0.584236,0.0,0.0,0.0,0.0237458,0.0,0.193901,0.0671329,0.444103,0.0147236
18.0,4.92729,0.0,0.286911,0.0,0.0537993,0.188039,0.246224,0.0,0.0456555,0.0,0.451838,0.114291
19.0,4.96063,0.0,0.150443,0.0,0.0481577,0.168017,0.335678,0.0,0.0438442,0.0,0.601045,0.05096
20.0,4.99396,0.0,0.0,0.0,0.0199646,0.0775016,0.381999,0.0,0.00892182,0.0,0.320277,0.0
21.0,5.02729,0.0,0.0379663,0.0,0.0169094,0.0620377,0.343831,0.0,0.0107724,0.0,0.4243,0.0
22.0,5.06063,0.0,0.0765536,0.0,0.00712803,0.0331726,0.45995,0.0,0.000975843,0.00177504,0.402731,0.0
23.0,5.09396,0.0,0.342294,0.0,0.0278265,0.0920165,0.635346,0.0,0.0,0.0968993,0.456808,0.0
24.0,5.12729,0.0,0.518714,0.0,0.0526978,0.171045,0.706484,0.0,0.0,0.155825,0.500537,0.0
25.0,5.16063,0.0,0.508936,0.0,0.0673896,0.211621,0.709023,0.0,0.0,0.174785,0.49494,0.0
26.0,5.19396,0.241294,0.522963,0.0,0.0595696,0.177027,0.515718,0.0,5.14463e-06,0.114957,0.20323,0.168463
27.0,5.22729,0.161583,0.0,0.0,0.0640533,0.183441,0.0,0.272829,0.0,0.0,0.613304,0.243199
28.0,5.26063,0.0427498,0.0,0.223765,0.0253587,0.0967968,0.0,0.314701,0.0,0.0,0.301064,0.0784864
29.0,5.29396,0.239454,0.0,0.381152,0.00503716,0.0824524,0.0,0.17749,0.00952855,0.0,0.476345,0.13883
30.0,5.32729,0.311831,0.0,0.317365,0.0357363,0.16838,0.0,0.251839,0.0341532,0.0,0.498449,0.0174645
31.0,5.36063,0.159803,0.0,0.12358,0.0181293,0.174273,0.0,0.138078,0.0212798,0.0,0.238581,0.0972847
32.0,5.39396,0.0,0.0277255,0.00683143,0.0,0.0896617,0.17433,0.0,0.0,0.0521818,0.0298844,0.120781
33.0,5.42729,0.0,0.0629705,0.00248808,0.0,0.0679371,0.309153,0.0,0.0,0.00889236,0.189637,0.0684902
34.0,5.46063,0.0,0.0342792,0.0,0.0,0.00782274,0.100062,0.0,0.0,0.0,0.210017,0.0231184
35.0,5.49396,0.0,0.240623,0.0,0.0,0.0,0.0,0.029119,0.0,0.183756,0.181643,0.0664505
36.0,5.52729,0.00243406,0.576309,0.0,0.0,0.0,0.0,0.177511,0.0,0.394381,0.206304,0.0209232
37.0,5.56063,0.0,0.415525,0.0,0.0,0.0,0.0,0.0,0.0,0.264856,0.0,0.147163
38.0,5.59396,0.0,0.5177,0.0,0.0,0.0,0.0,0.04064,0.0264994,0.375714,0.0,0.116634
39.0,5.62729,0.0171258,0.553557,0.0,0.0,0.0,0.0,0.0633228,0.19193,0.425322,0.0277129,0.100687
40.0,5.66063,0.0744952,0.48268,0.0,0.0,0.0,0.0,0.137199,0.368315,0.364201,0.0587608,0.0767997
41.0,5.69396,0.0611145,0.242115,0.0,0.0,0.0,0.0,0.232041,0.389857,0.193761,0.0882814,0.0709352
42.0,5.72729,0.0420274,0.0652464,0.0,0.0,0.0,0.0,0.313237,0.363383,0.0579511,0.127765,0.000917364
43.0,5.76063,0.0,0.979502,0.0,0.0367513,0.131018,0.0,0.282895,0.150403,0.0,0.140131,0.110332
44.0,5.79396,0.0,0.963167,0.0,0.128042,0.397774,0.00574115,0.0122224,0.0158471,0.0,0.0730892,0.0
45.0,5.82729,0.0,0.324064,0.0,0.0,0.0160343,0.0,0.00809175,0.0211952,0.0,0.0,0.191667
46.0,5.86063,0.0,0.210728,0.0,0.0,0.0,0.0,0.0,0.0946951,0.0370752,0.0252278,0.170885
47.0,5.89396,0.0,0.368299,0.0,0.0,0.0,0.0,0.110259,0.113349,0.0131064,0.00544755,0.18471
48.0,5.92729,0.0,0.448165,0.0,0.0,0.0486325,0.0,0.129748,0.14444,0.0,0.194737,0.0955528
49.0,5.96063,0.0,0.551535,0.0,0.0,0.00352354,0.0279215,0.00520004,0.158243,0.0,0.340605,0.026699
50.0,5.99396,0.0,0.436181,0.0,0.0,0.0,0.00905403,0.0,0.182293,0.100558,0.277601,0.0288768
51.0,6.02729,0.0,0.25017,0.0,0.0529357,0.186156,0.239058,0.0,0.0538577,0.0,0.478784,0.0983594
52.0,6.06063,0.0,0.119694,0.00360085,0.0448521,0.159675,0.319868,0.0,0.0436846,0.0,0.60982,0.0532592
53.0,6.09396,0.0,0.00495599,0.0,0.0192126,0.073723,0.374096,0.0,0.0134262,0.0,0.402006,0.0
54.0,6.12729,0.0,0.00325079,0.0,0.0159003,0.0623274,0.33237,0.0,0.0160541,0.0,0.468884,0.0
55.0,6.16063,0.0,0.0883814,0.0,0.00429221,0.0263812,0.432844,0.0,0.00853245,0.0,0.435156,0.0
56.0,6.19396,0.0,0.386608,0.0,0.0220065,0.0759429,0.593544,0.0,0.0,0.0765361,0.453142,0.00211646
57.0,6.22729,0.0,0.596057,0.0,0.0530899,0.173252,0.696142,0.0,0.0,0.153232,0.486378,0.00499644
58.0,6.26063,0.0,0.635061,0.0,0.07603,0.233763,0.677318,0.0,0.0,0.16708,0.437713,0.0
59.0,6.29396,0.051318,0.531066,0.0,0.0475206,0.162634,0.460455,0.0,0.00136306,0.106989,0.175989,0.192821
60.0,6.32729,0.180734,0.0402598,0.0,0.0666636,0.184131,0.0,0.284118,0.0,0.0,0.59223,0.237649
61.0,6.36063,0.0499129,0.0,0.0702185,0.0326003,0.100376,0.0,0.340914,0.0,0.0,0.295196,0.11978
62.0,6.39396,0.0,0.0746445,0.0,0.0,0.0,0.0,0.138288,0.108642,0.0,0.354026,0.19309
63.0,6.42729,0.324269,0.0,0.281391,0.0596397,0.244153,0.0,0.201373,0.0117579,0.0,0.414237,0.0173304
64.0,6.46063,0.174735,0.0,0.161474,0.00861513,0.177499,0.0349022,0.00436357,0.0,0.0,0.12051,0.113355
65.0,6.49396,0.0,0.0180101,0.00512761,0.0,0.0961723,0.140725,0.0,0.0,0.0311335,0.0429636,0.107554
66.0,6.52729,0.0,0.0373635,0.00467347,0.0,0.0575253,0.268168,0.0,0.0,0.0,0.187621,0.0929088
67.0,6.56063,0.0,0.0304432,0.0,0.0,0.00718295,0.0893976,0.0,0.00113555,0.0,0.181792,0.0151081
68.0,6.59396,0.0,0.214306,0.0,0.0,0.0,0.0,0.0209759,0.0,0.171336,0.18408,0.0569342
69.0,6.62729,0.0,0.570106,0.0,0.0,0.0,0.0,0.161249,0.0,0.38294,0.215929,0.0
70.0,6.66063,0.0,0.373937,0.0,0.0,0.0,0.0,0.0,0.0,0.260307,0.0,0.142709
71.0,6.69396,0.0,0.521527,0.0,0.0,0.0,0.0,0.0572492,0.0263476,0.391633,0.0,0.122694
72.0,6.72729,0.0117138,0.544723,0.0,0.0,0.0,0.0,0.0563111,0.169648,0.387444,0.044362,0.0870505
73.0,6.76063,0.0784002,0.517358,0.0,0.0,0.0,0.0,0.0987384,0.355671,0.388174,0.0704524,0.0753922
74.0,6.79396,0.0652062,0.282942,0.0,0.0,0.0,0.0,0.210984,0.406721,0.227874,0.0948381,0.0604292
75.0,6.82729,0.0463271,0.0731932,0.0,0.0,0.0,0.0,0.354411,0.381191,0.0614853,0.138711,0.0
76.0,6.86063,0.0,0.980139,0.0,0.01702,0.0780786,0.0,0.278702,0.160355,0.0,0.143047,0.102302
77.0,6.89396,0.0,0.963698,0.0,0.134373,0.41158,0.0,0.0627855,0.0346035,0.0,0.128857,0.103193
78.0,6.92729,0.0,0.350296,0.0,0.0,0.0388875,0.0174042,0.0,0.00860047,0.0,0.0,0.185762
79.0,6.96063,0.0,0.265444,0.0,0.0,0.0,0.0,0.0,0.104751,0.0393369,0.0198467,0.1727
80.0,6.99396,0.0,0.286126,0.0,0.0,0.0,0.0,0.0622861,0.089198,0.0378767,0.0,0.192993
81.0,7.02729,0.0,0.630991,0.0,0.0,0.0290367,0.0,0.147739,0.138782,0.0,0.180707,0.0555492
82.0,7.06063,0.0,0.488839,0.0,0.0,0.0160624,0.0244924,0.0179617,0.117748,0.0,0.286217,0.0
83.0,7.09396,0.0,0.607996,0.0,0.0,0.0,0.0309583,0.0,0.141165,0.0479461,0.331629,0.0
84.0,7.12729,0.0,0.32265,0.0,0.0599056,0.202458,0.221036,0.0,0.0491734,0.0,0.447461,0.0994916
85.0,7.16063,0.0,0.20131,0.0,0.0525139,0.178193,0.347578,0.0,0.0363425,0.0,0.585022,0.0380802
86.0,7.19396,0.0,0.0371499,0.0,0.0205773,0.075531,0.414884,0.0,0.0,0.0072363,0.264039,0.0
87.0,7.22729,0.0,0.0102897,0.0,0.013484,0.0507194,0.377134,0.0,0.000640392,0.0,0.400364,0.0
88.0,7.26063,0.0,0.103141,0.0,0.00928318,0.0359383,0.477529,0.0,0.0,0.0184148,0.380435,0.0
89.0,7.29396,0.0,0.262925,0.0,0.0328933,0.10662,0.627738,0.0,0.0,0.103449,0.441849,0.0
90.0,7.32729,0.0,0.5337,0.0,0.0618271,0.197041,0.699597,0.0,0.0,0.172012,0.45596,0.0
91.0,7.36063,0.0377117,0.524768,0.0,0.0725965,0.220397,0.713191,0.0,0.0,0.175216,0.506158,0.0
92.0,7.39396,0.316434,0.543525,0.0,0.0663664,0.190656,0.527415,0.0,0.0,0.121483,0.188259,0.182904
93.0,7.42729,0.142678,0.0,0.0,0.0600422,0.187154,0.0,0.259709,0.0,0.0,0.50298,0.218005
94.0,7.46063,0.103451,0.0167535,0.339744,0.0215214,0.0985581,0.0,0.271804,0.0,0.0,0.250491,0.0495715
95.0,7.49396,0.256238,0.0302762,0.420179,0.0022953,0.078458,0.0,0.147395,0.00960739,0.0,0.490497,0.112362
96.0,7.52729,0.436203,0.0,0.364187,0.0591538,0.228088,0.0,0.233409,0.0222635,0.0,0.448964,0.0
97.0,7.56063,0.0536431,0.0,0.115828,0.0,0.103643,0.0,0.0699584,0.0169106,0.0,0.188225,0.154621
98.0,7.59396,0.0,0.0762716,0.00321181,0.0,0.0913548,0.159734,0.0,0.0,0.0740277,0.0,0.0948757
99.0,7.62729,0.0,0.0818129,0.0,0.0,0.0603867,0.2867,0.0,0.0,0.0,0.230608,0.0565211
100.0,7.66063,0.0,0.0519788,0.0,0.0,0.00193696,0.0912428,0.0,0.00548171,0.0,0.246699,0.0286115
101.0,7.69396,0.0,0.254693,0.0,0.0,0.0,0.0,0.0293141,0.0,0.189587,0.216815,0.059464
102.0,7.72729,0.00959752,0.561101,0.0,0.0,0.0,0.0,0.14833,0.0,0.371545,0.232964,0.0321805
103.0,7.76063,0.0,0.430265,0.0,0.0,0.0,0.0589004,0.0,0.0,0.250884,0.055884,0.100976
104.0,7.79396,0.0,0.579362,0.0,0.0,0.0,0.0,0.0,0.0260068,0.397159,0.0,0.015284
105.0,7.82729,0.0233211,0.548773,0.0,0.0,0.0,0.0,0.0596667,0.201739,0.437227,0.0147994,0.0903993
106.0,7.86063,0.0655999,0.445274,0.0,0.0,0.0,0.0,0.14648,0.363857,0.358139,0.0584279,0.0863307
107.0,7.89396,0.0489164,0.191367,0.0,0.0,0.0,0.0,0.244745,0.369997,0.168336,0.0765631,0.116392
108.0,7.92729,0.0381687,0.0542091,0.0,0.0,0.0,0.0,0.354198,0.330736,0.0455761,0.135455,0.0171917
109.0,7.96063,0.0,0.979735,0.0,0.0418791,0.139506,0.0,0.258045,0.137897,0.0,0.134056,0.000316899
110.0,7.99396,0.0,0.961292,0.0,0.113635,0.371577,0.0318452,0.0,0.00209553,0.0,0.0,0.0
111.0,8.02729,0.0,0.289645,0.0,0.0,0.0347963,0.0,0.0123294,0.026887,0.0,0.0,0.232351
112.0,8.06063,0.000616637,0.136765,0.0,0.0,0.0,0.0,0.0,0.117196,0.0587387,0.0226206,0.195065
113.0,8.09396,0.0108078,0.22781,0.0,0.0,0.0,0.0,0.0465009,0.113883,0.0106426,0.0192285,0.207834
114.0,8.12729,0.0,0.532242,0.0,0.0,0.0471884,0.0,0.129973,0.150875,0.0,0.206006,0.106266
115.0,8.16063,0.0,0.418603,0.0,0.0,0.0187578,0.0174395,0.0207088,0.145454,0.0,0.343435,0.0370279
116.0,8.19396,0.0,0.495803,0.0,0.0,0.0,0.0232184,0.0,0.159396,0.0617815,0.371828,0.0154391
117.0,8.22729,0.0,0.25897,0.000428857,0.0518439,0.182301,0.230912,0.0,0.0511622,0.0,0.462462,0.0948647
118.0,8.26063,0.0,0.159796,0.00132781,0.0462696,0.162789,0.306937,0.0,0.0426808,0.0,0.626555,0.0334318
119.0,8.29396,0.0,0.0,0.0,0.019693,0.0758219,0.353447,0.0,0.00485743,0.0,0.322768,0.0
120.0,8.32729,0.0,0.0,0.0,0.0135876,0.054944,0.312489,0.0,0.0133273,0.0,0.430335,0.0
121.0,8.36063,0.0,0.0616794,0.0,0.00484582,0.0286894,0.419576,0.0,0.00605247,0.0,0.387883,0.0
122.0,8.39396,0.0,0.213227,0.0,0.0300649,0.0968919,0.56761,0.0,0.0,0.0702542,0.426591,0.0
123.0,8.42729,0.0,0.492249,0.0,0.05425,0.175628,0.699548,0.0,0.0,0.155747,0.486633,0.0
124.0,8.46063,0.0,0.557445,0.0,0.0729444,0.227217,0.72703,0.0,0.0,0.184498,0.511525,0.0
125.0,8.49396,0.109284,0.38582,0.0,0.0382864,0.128146,0.532263,0.0,0.0,0.193127,0.0277515,0.069268
126.0,8.52729,0.167367,0.00967457,0.0,0.0739004,0.208252,0.0,0.286778,0.0,0.0,0.587178,0.237694
127.0,8.56063,0.0527006,0.0,0.297736,0.0239405,0.102686,0.0,0.2673,0.0,0.0,0.246976,0.0729388
128.0,8.59396,0.218983,0.0,0.320996,0.00402556,0.0875858,0.0,0.140663,0.0,0.0,0.467988,0.155944
129.0,8.62729,0.347872,0.0,0.394001,0.0766741,0.313842,0.0,0.106928,0.00432264,0.0,0.207655,0.0
130.0,8.66063,0.0,0.0338972,0.001429,0.0,0.0899185,0.0,0.00783711,0.00886335,0.0,0.102409,0.131154
131.0,8.69396,0.0,0.030477,0.00472625,0.0,0.102445,0.162891,0.0,0.0,0.0546842,0.0220665,0.1033
132.0,8.72729,0.0,0.0714565,0.0015575,0.0,0.0645521,0.281715,0.0,0.0,0.0119115,0.153396,0.0700498
133.0,8.76063,0.0,0.0354846,0.0,0.0,0.00617569,0.0863272,0.0,0.0,0.0,0.168078,0.0127137
134.0,8.79396,0.0,0.225555,0.0,0.0,0.0,0.0,0.0232859,0.0,0.177212,0.178997,0.0519247
135.0,8.82729,0.0,0.580837,0.0,0.0,0.0,0.0,0.169176,0.0,0.390261,0.213075,0.00272073
136.0,8.86063,0.0,0.395571,0.0,0.0,0.0,0.0,0.0,0.0,0.252266,0.0,0.154697
137.0,8.89396,0.0,0.522751,0.0,0.0,0.0,0.0,0.0546755,0.0276907,0.389806,0.0,0.131974
138.0,8.92729,0.000444104,0.539217,0.0,0.0,0.0,0.0,0.0482528,0.157899,0.39015,0.0380341,0.0828511
139.0,8.96063,0.0786925,0.557719,0.0,0.0,0.0,0.0,0.0577579,0.356329,0.401569,0.0222082,0.0385906
140.0,8.99396,0.064486,0.278635,0.0,0.0,0.0,0.0,0.197031,0.398143,0.235428,0.0969623,0.0954594
141.0,9.02729,0.0458576,0.0696366,0.0,0.0,0.0,0.0,0.364914,0.389827,0.0601552,0.146248,0.0
142.0,9.06063,0.0,0.980201,0.0,0.0237602,0.0937759,0.0,0.298239,0.162303,0.0,0.146929,0.0255426
143.0,9.09396,0.0,0.962492,0.0,0.132535,0.411669,0.0,0.0370858,0.0264124,0.0,0.0868826,0.0646028
144.0,9.12729,0.0,0.372974,0.0,0.0,0.0471846,0.0046916,0.0,0.0129993,0.0,0.0,0.209655
145.0,9.16063,0.0,0.147459,0.0,0.0,0.0,0.0,0.0,0.10495,0.0446898,0.0136631,0.171371
146.0,9.19396,0.0,0.299698,0.0,0.0,0.0,0.0,0.0549714,0.0899419,0.0298315,0.0,0.19849
147.0,9.22729,0.0,0.596815,0.0,0.0,0.0476315,0.0,0.123254,0.137394,0.0,0.185948,0.0395111
148.0,9.26063,0.0,0.430532,0.0,0.0,0.013761,0.0131749,0.0320793,0.138943,0.0,0.31947,0.0
149.0,9.29396,0.0,0.54493,0.0,0.0,0.0,0.0254164,0.0,0.168276,0.0519187,0.344743,0.0
150.0,9.32729,0.0,0.291365,0.00920452,0.0571769,0.194346,0.190303,0.0,0.0631784,0.0,0.45124,0.0956479
151.0,9.36063,0.0,0.151099,0.0121228,0.0476269,0.166825,0.31945,0.0,0.0393519,0.0,0.581131,0.0366036
152.0,9.39396,0.0,0.00630854,0.00717835,0.0208034,0.0785346,0.362234,0.0,0.0,0.0,0.292565,0.0
153.0,9.42729,0.0,0.00935378,0.0,0.0116597,0.0479368,0.323135,0.0,0.00493297,0.0,0.433116,0.0
154.0,9.46063,0.0,0.0254677,0.0,0.0032571,0.022918,0.426963,0.0,0.00225179,0.0,0.373702,0.0
155.0,9.49396,0.0282497,0.163207,0.0,0.0315431,0.0967315,0.567155,0.0,0.0,0.0783417,0.412147,0.0
156.0,9.52729,0.00184791,0.368142,0.0,0.0564897,0.179961,0.679579,0.0,0.0,0.154338,0.459085,0.0
157.0,9.56063,0.0185485,0.561009,0.0,0.0624902,0.193713,0.702005,0.0,0.0,0.168504,0.51972,0.0166251
158.0,9.59396,0.330753,0.549933,0.0,0.068315,0.195101,0.545103,0.0,0.0,0.133627,0.170609,0.177827
159.0,9.62729,0.130902,0.0,0.0,0.0580336,0.177996,0.0,0.253467,0.0,0.0,0.559358,0.236709
160.0,9.66063,0.114348,0.0813634,0.398785,0.0102482,0.073598,0.0,0.237423,0.0,0.0,0.253614,0.0312544
161.0,9.69396,0.266039,0.0,0.346407,0.00407452,0.0818319,0.0,0.143985,0.0,0.0,0.47485,0.141391
162.0,9.72729,0.377519,0.0,0.293479,0.0670228,0.252874,0.0,0.231992,0.018314,0.0,0.468447,0.00629062
163.0,9.76063,0.0111719,0.0,0.0458827,0.0,0.103238,0.0,0.0453783,0.011694,0.0,0.133153,0.156213
164.0,9.79396,0.0,0.0379615,0.0057375,0.0,0.102547,0.156856,0.0,0.0,0.0515223,0.0234146,0.0776835
165.0,9.82729,0.0,0.0540652,0.00195367,0.0,0.0590306,0.305943,0.0,0.0,0.00541988,0.217166,0.0732323
166.0,9.86063,0.0,0.0357952,0.0,0.0,0.00345135,0.0748141,0.0,0.00924561,0.00661177,0.194651,0.00762934
167.0,9.89396,0.0,0.259543,0.0,0.0,0.0,0.0,0.030569,0.0,0.201526,0.183185,0.0449417
168.0,9.92729,0.00297196,0.587049,0.0,0.0,0.0,0.0,0.167504,0.0,0.39448,0.20888,0.0
169.0,9.96063,0.0,0.4011,0.0,0.0,0.0,0.0,0.0,0.0,0.252835,0.0,0.136352
170.0,9.99396,0.0,0.5553,0.0,0.0,0.0,0.0,0.0788105,0.0525219,0.435167,0.0,0.127236
171.0,10.0273,0.0239706,0.527442,0.0,0.0,0.0,0.0,0.092421,0.20383,0.396635,0.0110016,0.16387
172.0,10.0606,0.0753596,0.469343,0.0,0.0,0.0,0.0,0.166865,0.392286,0.366884,0.0612443,0.148118
173.0,10.094,0.058806,0.215962,0.0,0.0,0.0,0.0,0.282261,0.395409,0.180061,0.11496,0.0710449
174.0,10.1273,0.0426163,0.0659115,0.0,0.0,0.0,0.0,0.355258,0.353238,0.0528747,0.14488,0.0110719
175.0,10.1606,0.0,0.981406,0.0,0.0465296,0.150762,0.0,0.245847,0.141709,0.0,0.141844,0.0819397
176.0,10.194,0.0,0.961964,0.0,0.125753,0.399027,0.023789,0.0,0.0,0.0,0.0,0.0
177.0,10.2273,0.0,0.35117,0.0,0.0,0.0219128,0.0,0.0167638,0.0297791,0.0,0.0,0.218672
178.0,10.2606,0.0,0.200067,0.0,0.0,0.0,0.0,0.0,0.12695,0.0466513,0.0130541,0.234132
179.0,10.294,0.0,0.309962,0.0,0.0,0.0,0.0,0.135329,0.163797,0.0681568,0.00413556,0.245038
180.0,10.3273,0.0,0.796927,0.0,0.0025326,0.0774745,0.0,0.165566,0.157041,0.0,0.244139,0.133452
181.0,10.3606,0.0,0.49327,0.0,0.0,0.0588225,0.0248105,0.00647794,0.101552,0.0,0.289087,0.0
182.0,10.394,0.0,0.439955,0.0,0.0,0.0,0.0353606,0.0,0.110928,0.0418803,0.260406,0.00247171
183.0,10.4273,0.0,0.25734,0.00989316,0.056327,0.19368,0.217365,0.0,0.051317,0.0,0.461148,0.0390718
184.0,10.4606,0.0,0.0928093,0.0524562,0.0455289,0.163725,0.324794,0.0,0.0343775,0.0,0.581353,0.0307592
185.0,10.494,0.0,0.0,0.0,0.0164276,0.0671666,0.356025,0.0,0.0,0.0,0.326567,0.0
186.0,10.5273,0.0,0.0,0.0,0.00772517,0.0405957,0.326946,0.0,0.0106529,0.0,0.434259,0.0
187.0,10.5606,0.0,0.0342065,0.0,0.00564674,0.0317838,0.425202,0.0,0.00361694,0.0,0.382447,0.0
188.0,10.594,0.0,0.264773,0.0,0.0348066,0.112023,0.597883,0.0,0.0,0.0862595,0.425376,0.0
189.0,10.6273,0.0,0.569301,0.0,0.0663221,0.21099,0.700583,0.0,0.0,0.174983,0.444727,0.00302529
190.0,10.6606,0.0,0.594237,0.0,0.0794484,0.245768,0.721033,0.0,0.0,0.19358,0.475327,0.0
191.0,10.694,0.0160487,0.301098,0.0,0.0396709,0.144676,0.434483,0.0,0.0,0.125186,0.100942,0.261465
192.0,10.7273,0.0816943,0.0495332,0.0,0.0609377,0.191337,0.0,0.283594,0.0,0.0,0.471042,0.22219
193.0,10.7606,0.0534968,0.0,0.160042,0.0276299,0.109672,0.0,0.275986,0.0,0.0,0.262449,0.0959124
194.0,10.794,0.251814,0.0,0.420892,0.0,0.0829739,0.0,0.0868734,0.0071926,0.0,0.38833,0.0831725
195.0,10.8273,0.178969,0.0,0.153149,0.0231941,0.149067,0.0,0.211811,0.0244742,0.0,0.527644,0.0595578
196.0,10.8606,0.0,0.0,0.0580719,0.0,0.0983143,0.0,0.0860378,0.0170311,0.0,0.14554,0.125508
197.0,10.894,0.0,0.0431944,0.00404614,0.0,0.0942435,0.152922,0.0,0.0,0.0334761,0.0429987,0.107516
198.0,10.9273,0.0,0.0586811,0.000685177,0.0,0.0588664,0.261,0.0,0.0,0.0,0.20481,0.076588
199.0,10.9606,0.0,0.0430598,0.0,0.0,0.004286,0.058476,0.00608025,0.0146298,0.0,0.203636,0.00554399
200.0,10.994,0.0,0.26718,0.0,0.0,0.0,0.0,0.0288009,0.0,0.200925,0.184921,0.0547579
201.0,11.0273,0.0,0.578255,0.0,0.0,0.0,0.0,0.177676,0.0,0.386095,0.207872,0.0
202.0,11.0606,0.0,0.373322,0.0,0.0,0.0,0.0,0.0,0.0,0.241723,0.0,0.146061
203.0,11.094,0.0,0.521297,0.0,0.0,0.0,0.0,0.045548,0.0231249,0.388231,0.0,0.15187
204.0,11.1273,0.00591205,0.526682,0.0,0.0,0.0,0.0,0.0745587,0.177106,0.380535,0.0266315,0.152072
205.0,11.1606,0.0736038,0.510927,0.0,0.0,0.0,0.0,0.105307,0.367567,0.39065,0.0598384,0.110215
206.0,11.194,0.0628282,0.264507,0.0,0.0,0.0,0.0,0.22081,0.397459,0.212995,0.0971055,0.0622211
207.0,11.2273,0.0438526,0.0674331,0.0,0.0,0.0,0.0,0.355174,0.366732,0.0552573,0.141569,0.0
208.0,11.2606,0.0,0.977873,0.0,0.0322901,0.116407,0.0,0.287375,0.144983,0.0,0.10536,0.0
209.0,11.294,0.0,0.961687,0.0,0.132616,0.40813,0.00906682,0.0128173,0.0109739,0.0,0.0567513,0.0
210.0,11.3273,0.0,0.359452,0.0,0.0,0.031737,0.000246026,0.000178274,0.0111947,0.0,0.0,0.198102
211.0,11.3606,0.0,0.286438,0.0,0.0,0.0,0.0,0.0,0.0951392,0.0449407,0.0111866,0.197215
212.0,11.394,0.0254801,0.256591,0.0,0.0,0.0,0.0,0.0419663,0.106066,0.0467641,0.0,0.176404
213.0,11.4273,0.0,0.628782,0.0,0.0,0.0415686,0.0,0.140725,0.144604,0.0,0.205959,0.0555493
214.0,11.4606,0.0,0.385524,0.0,0.0,0.0115937,0.00613751,0.045156,0.154908,0.0,0.338295,0.0
215.0,11.494,0.0,0.552732,0.0,0.0,0.0,0.0230084,0.0,0.173457,0.0579024,0.345025,0.0
216.0,11.5273,0.0,0.293238,0.0147712,0.0596572,0.199642,0.172234,0.0,0.0686333,0.0,0.452473,0.0985953
217.0,11.5606,0.0,0.195661,0.0239811,0.0490692,0.171129,0.290444,0.0,0.0400149,0.0,0.579199,0.0352498
218.0,11.594,0.0,0.0,0.0,0.0206594,0.0786126,0.353183,0.0,0.0037779,0.0,0.329625,0.0
219.0,11.6273,0.0,0.0,0.0,0.0152337,0.0592491,0.334705,0.0,0.0114366,0.0,0.445404,0.0
220.0,11.6606,0.0,0.027336,0.0,0.00661745,0.0324618,0.426256,0.0,0.00124674,0.0,0.391114,0.0
221.0,11.694,0.0,0.210765,0.0,0.0260511,0.0864559,0.59989,0.0,0.0,0.081699,0.443535,0.0
222.0,11.7273,0.0,0.514622,0.0,0.057423,0.182855,0.697125,0.0,0.0,0.159189,0.483229,0.000272285
223.0,11.7606,0.0,0.539272,0.0,0.0716147,0.223546,0.717408,0.0,0.0,0.184708,0.49993,0.0
224.0,11.794,0.239722,0.512267,0.0,0.0603829,0.181985,0.499181,0.0,0.0,0.11284,0.181036,0.196078
225.0,11.8273,0.169984,0.023775,0.0,0.0623876,0.184588,0.0,0.262924,0.0,0.0,0.527196,0.211861
226.0,11.8606,0.0,0.0,0.0,0.0248145,0.0925324,0.0,0.327488,0.0,0.0,0.244683,0.0802129
227.0,11.894,0.155391,0.123445,0.402555,0.0118475,0.112295,0.0,0.18781,0.009465,0.0,0.440994,0.117472
228.0,11.9273,0.0,0.293213,0.0,0.0,0.0440268,0.0,0.247586,0.034279,0.0,0.446678,0.07756
229.0,11.9606,0.0652012,0.0,0.109116,0.0,0.125978,0.0,0.0745364,0.0188247,0.0,0.116776,0.120003
230.0,11.994,0.0,0.0382157,0.00484037,0.0,0.0977578,0.1733,0.0,0.0,0.057863,0.0197976,0.0969602
231.0,12.0273,0.0,0.0640873,0.0016258,0.0,0.0585306,0.310384,0.0,0.0,0.00604896,0.213813,0.0766715
232.0,12.0606,0.0,0.0333202,0.0,0.0,0.00652562,0.0856637,0.0,0.00604705,0.0,0.215326,0.0258489
233.0,12.094,0.0,0.250748,0.0,0.0,0.0,0.0,0.0267953,0.0,0.192574,0.188206,0.056888
234.0,12.1273,0.00303472,0.596283,0.0,0.0,0.0,0.0,0.160393,0.0,0.405547,0.222278,0.0145809
235.0,12.1606,0.0,0.395515,0.0,0.0,0.0,0.0,0.0,0.0,0.243171,0.0,0.137648
236.0,12.194,0.0,0.538797,0.0,0.0,0.0,0.0,0.0457198,0.0308155,0.401658,0.0,0.119252
237.0,12.2273,0.0260358,0.543574,0.0,0.0,0.0,0.0,0.0739221,0.19339,0.423122,0.01911,0.121255
238.0,12.2606,0.0761884,0.470167,0.0,0.0,0.0,0.0,0.158875,0.376031,0.356972,0.0637473,0.0874572
239.0,12.294,0.057944,0.224422,0.0,0.0,0.0,0.0,0.25999,0.390623,0.178402,0.0850229,0.10129
240.0,12.3273,0.0405259,0.0603888,0.0,0.0,0.0,0.0,0.368054,0.35471,0.0533661,0.143753,0.0
241.0,12.3606,0.0,0.980276,0.0,0.0438398,0.145857,0.0,0.274025,0.142377,0.0,0.132519,0.0
242.0,12.394,0.0,0.961274,0.0,0.127029,0.401509,0.0325809,0.0,0.0,0.0,0.0,0.0
243.0,12.4273,0.0,0.271177,0.0,0.0,0.0307813,0.0,0.00823445,0.0194761,0.0,0.0,0.213643
244.0,12.4606,0.00475891,0.184874,0.0,0.0,0.0,0.0,0.0,0.124343,0.0580159,0.0206332,0.220986
245.0,12.494,0.0659354,0.22636,0.0,0.0,0.0,0.0,0.053853,0.150141,0.0501092,0.000512218,0.215131
246.0,12.5273,0.0,0.619448,0.0,0.0,0.0221034,0.0,0.14631,0.159327,0.0,0.22052,0.0612324
247.0,12.5606,0.0,0.44006,0.0,0.0,0.00267623,0.0189994,0.012439,0.149834,0.0,0.320803,0.0259935
248.0,12.594,0.0,0.586463,0.0,0.0,0.0,0.026087,0.0,0.161961,0.0727108,0.350768,0.0115115
249.0,12.6273,0.0,0.295205,0.00102079,0.0570177,0.197022,0.253116,0.0,0.0417595,0.0,0.474268,0.0682108
250.0,12.6606,0.0,0.12436,0.00484901,0.0461907,0.161386,0.345116,0.0,0.0354905,0.0,0.594476,0.0347286
251.0,12.694,0.0,0.0,0.0,0.0158097,0.0628964,0.381574,0.0,0.0,0.0,0.308892,0.0
252.0,12.7273,0.0,0.0,0.0,0.0114496,0.0483986,0.344399,0.0,0.00838018,0.0,0.415472,0.0
253.0,12.7606,0.0,0.0605239,0.0,0.0066952,0.0246433,0.48564,0.0,0.0,0.00383812,0.41978,0.0
254.0,12.794,0.0,0.261042,0.0,0.0339003,0.10984,0.611943,0.0,0.0,0.0926856,0.439781,0.0
255.0,12.8273,0.0,0.534776,0.0,0.0626771,0.20138,0.71268,0.0,0.0,0.178113,0.477901,0.0
256.0,12.8606,0.0,0.555052,0.0,0.0759972,0.23363,0.711172,0.0,0.0,0.179278,0.495953,0.000444509
257.0,12.894,0.0504771,0.365809,0.0,0.0400441,0.142549,0.464661,0.0,0.0,0.153134,0.0327797,0.155114
258.0,12.9273,0.0911707,0.0930685,0.0,0.0647618,0.193801,0.0,0.3232,0.0,0.0,0.528363,0.212782
259.0,12.9606,0.0695598,0.0,0.156859,0.0278287,0.110824,0.0,0.292056,0.0,0.0,0.308184,0.0693734
260.0,12.994,0.290378,0.0,0.395042,0.0123296,0.100704,0.0,0.162598,0.0136674,0.0,0.601093,0.0632388
261.0,13.0273,0.302378,0.0,0.311734,0.0246736,0.137028,0.0,0.253066,0.0435496,0.0,0.558182,0.0704664
262.0,13.0606,0.0394066,0.0,0.0822054,0.0,0.12399,0.0,0.139606,0.0238338,0.0,0.179732,0.097497
263.0,13.094,0.0,0.0411327,0.0040121,0.0,0.0943561,0.186721,0.0,0.0,0.0504631,0.0314969,0.113308
264.0,13.1273,0.0,0.0601074,0.0,0.0,0.075039,0.301099,0.0,0.0,0.0,0.226631,0.106796
265.0,13.1606,0.0,0.0362144,0.0,0.0,0.00750285,0.0971042,0.0,0.0,0.0,0.21487,0.0245006
266.0,13.194,0.0,0.262473,0.0,0.0,0.0,0.0,0.0321786,0.0,0.199058,0.174057,0.0704439
267.0,13.2273,0.00687529,0.602693,0.0,0.0,0.0,0.0,0.153671,0.0,0.404069,0.23345,0.0146062
268.0,13.2606,0.0,0.407244,0.0,0.0,0.0,0.0,0.0,0.0,0.236085,0.00366775,0.0975582
269.0,13.294,0.0,0.537139,0.0,0.0,0.0,0.0,0.0547517,0.0339446,0.40862,0.0,0.120729
270.0,13.3273,0.02959,0.572885,0.0,0.0,0.0,0.0,0.0548641,0.192929,0.424224,0.0560054,0.0155342
271.0,13.3606,0.077719,0.478783,0.0,0.0,0.0,0.0,0.148301,0.370464,0.358301,0.0656728,0.0868589
272.0,13.394,0.0607374,0.244001,0.0,0.0,0.0,0.0,0.259759,0.398836,0.186411,0.103202,0.0542369
273.0,13.4273,0.0418457,0.0652215,0.0,0.0,0.0,0.0,0.366696,0.362144,0.0547183,0.158082,0.0
274.0,13.4606,0.0,0.980449,0.0,0.0500161,0.162788,0.0,0.262349,0.139641,0.0,0.14022,0.0662535
275.0,13.494,0.0,0.961112,0.0,0.125981,0.399413,0.0326266,0.0,0.0,0.0,0.0,0.0
276.0,13.5273,0.0,0.215335,0.0,0.0,0.0238477,0.0,0.0137257,0.0286854,0.0,0.0,0.224741
277.0,13.5606,0.060721,0.249148,0.0,0.0,0.0,0.0,0.0,0.158682,0.12027,0.0261361,0.159721
278.0,13.594,0.0959579,0.21858,0.0,0.0,0.0,0.0,0.0485458,0.14991,0.0677726,0.0,0.164466
279.0,13.6273,0.0,0.629557,0.0,0.0,0.0224528,0.0,0.140505,0.159569,0.0,0.237601,0.0574435
280.0,13.6606,0.0,0.411946,0.0,0.0,0.000224429,0.0161904,0.0177859,0.154712,0.0,0.325912,0.013815
281.0,13.694,0.0,0.524991,0.0,0.0,0.0,0.023462,0.0,0.162012,0.0819915,0.344053,0.0165714
282.0,13.7273,0.0,0.282475,0.0167985,0.0554197,0.19165,0.24359,0.0,0.0446515,0.0,0.470225,0.0724741
283.0,13.7606,0.0,0.196559,0.0425643,0.0439132,0.158401,0.332868,0.0,0.0403925,0.0,0.595459,0.037226
284.0,13.794,0.0,0.0295279,0.0,0.0255887,0.100624,0.270202,0.0,0.0,0.0,0.233058,0.106615
285.0,13.8273,0.0,0.0,0.0,0.0103727,0.0465485,0.308848,0.0,0.00982446,0.0,0.404693,0.0
286.0,13.8606,0.0,0.072043,0.0,0.0120815,0.0486495,0.446391,0.0,0.0,0.00180608,0.367583,0.0
287.0,13.894,0.0,0.239269,0.0,0.0376801,0.119617,0.605373,0.0,0.0,0.0927669,0.431952,0.0
288.0,13.9273,0.0,0.515609,0.0,0.0621783,0.201249,0.708201,0.0,0.0,0.179389,0.464036,0.0
289.0,13.9606,0.000362245,0.580659,0.0,0.0803158,0.247141,0.728152,0.0,0.0,0.189873,0.506025,0.0110816
290.0,13.994,0.0898488,0.367196,0.0,0.0428058,0.1178,0.530284,0.0,0.0,0.162049,0.0675477,0.076731
291.0,14.0273,0.072094,0.0884225,0.0,0.0628753,0.19685,0.0,0.310506,0.0,0.0,0.47367,0.224823
292.0,14.0606,0.0491602,0.0,0.160691,0.02741,0.117831,0.0,0.265925,0.0,0.0,0.284154,0.0952487
293.0,14.094,0.228903,0.0451596,0.397894,0.0260741,0.151945,0.0,0.15527,0.0127106,0.0,0.615193,0.0899002
294.0,14.1273,0.368177,0.0,0.353285,0.0465566,0.203908,0.0,0.21897,0.0322458,0.0,0.466565,0.0459254
295.0,14.1606,0.175979,0.0,0.170649,0.0132178,0.17936,0.0,0.0491637,0.0105796,0.0,0.162268,0.0856532
296.0,14.194,0.0,0.0418961,0.00275547,0.0,0.100857,0.161582,0.0,0.0,0.0571974,0.0132644,0.0832436
297.0,14.2273,0.0,0.0672838,0.0,0.0,0.0644704,0.284894,0.0,0.0,0.0,0.208187,0.0732324
298.0,14.2606,0.0,0.0386796,0.0,0.0,0.00707868,0.0888364,0.0,0.00105956,0.0,0.212649,0.0265573
299.0,14.294,0.0,0.267148,0.0,0.0,0.0,0.0,0.030895,0.0,0.195533,0.177174,0.0508216
300.0,14.3273,0.00801243,0.6192,0.0,0.0,0.0,0.0,0.168102,0.0,0.416812,0.228672,0.00493991
301.0,14.3606,0.0,0.378971,0.0,0.0,0.0,0.0,0.0,0.0,0.244772,0.0,0.132508
302.0,14.394,0.0,0.522003,0.0,0.0,0.0,0.0,0.0594682,0.036826,0.399704,0.0,0.136221
303.0,14.4273,0.0288575,0.543366,0.0,0.0,0.0,0.0,0.0795336,0.195006,0.418912,0.0201614,0.107754
304.0,14.4606,0.075452,0.468164,0.0,0.0,0.0,0.0,0.156846,0.363695,0.352112,0.06239,0.0939439
305.0,14.494,0.061528,0.246842,0.0,0.0,0.0,0.0,0.266896,0.397442,0.183179,0.104548,0.0454015
306.0,14.5273,0.0420092,0.0663719,0.0,0.0,0.0,0.0,0.364233,0.360479,0.0554197,0.150564,0.0
307.0,14.5606,0.0,0.980368,0.0,0.0491751,0.160544,0.0,0.264264,0.139169,0.0,0.144029,0.0401874
308.0,14.594,0.0,0.961049,0.0,0.133703,0.421335,0.0558295,0.0,0.0,0.0,0.0,0.0
309.0,14.6273,0.0,0.145218,0.0,0.0,0.0299587,0.0103719,0.0,0.0205509,0.0,0.0,0.214277
310.0,14.6606,0.0703903,0.189385,0.0,0.0,0.0,0.0,0.0,0.123935,0.0925945,0.012157,0.226794
311.0,14.694,0.0795481,0.296173,0.0,0.0,0.0,0.0,0.0367322,0.245239,0.0753761,0.0487617,0.140252
312.0,14.7273,0.0,0.614973,0.0,0.0,0.0294532,0.0,0.130866,0.156321,0.0,0.232974,0.0806781
313.0,14.7606,0.0,0.41963,0.0,0.0,0.00183712,0.0256058,0.0106457,0.145259,0.0,0.348601,0.0448025
314.0,14.794,0.0,0.508356,0.0,0.0,0.0,0.0299814,0.0,0.151106,0.0786708,0.35434,0.0234787
315.0,14.8273,0.0,0.251061,0.00344228,0.0526026,0.185879,0.253735,0.0,0.0465138,0.0,0.495115,0.0777725
316.0,14.8606,0.0,0.118336,0.0174705,0.0418391,0.151086,0.337131,0.0,0.038969,0.0,0.609553,0.0417299
317.0,14.894,0.0,0.0,0.0,0.0145573,0.060259,0.358596,0.0,0.0,0.0,0.315982,0.0
318.0,14.9273,0.0,0.0,0.0,0.00855105,0.0403844,0.33275,0.0,0.0108304,0.0,0.420624,0.0
319.0,14.9606,0.0419795,0.0977677,0.0,0.0103384,0.0361858,0.462565,0.0,0.000186693,0.0,0.395146,0.0
320.0,14.994,0.0,0.224606,0.0,0.0296804,0.0979749,0.61269,0.0,0.0,0.0858454,0.451824,0.0
321.0,15.0273,0.0,0.481951,0.0,0.0546312,0.17894,0.718284,0.0,0.0,0.159529,0.522312,0.0
322.0,15.0606,0.001456,0.55559,0.0,0.0733523,0.227256,0.722755,0.0,0.0,0.186233,0.503962,0.0
323.0,15.094,0.113969,0.381125,0.0,0.0410417,0.138779,0.4812,0.0,0.0,0.165217,0.0275907,0.128672
324.0,15.1273,0.184429,0.0322729,0.0,0.0644459,0.185545,0.0,0.264231,0.0,0.0,0.5691,0.217933
325.0,15.1606,0.0641563,0.0,0.290385,0.0221369,0.103412,0.0,0.268523,0.0,0.0,0.286436,0.0666864
326.0,15.194,0.318195,0.0,0.372858,0.0171611,0.10732,0.0,0.167267,0.0132107,0.0,0.598047,0.0848065
327.0,15.2273,0.39515,0.0,0.321049,0.0752134,0.27543,0.0,0.244149,0.027061,0.0,0.464017,0.0508727
328.0,15.2606,0.0,0.0,0.0164254,0.0,0.0563663,0.0,0.0728967,0.0132908,0.0,0.0711237,0.160499
329.0,15.294,0.0,0.0528262,0.0045441,0.0,0.101098,0.132884,0.0,0.0,0.0526016,0.000918027,0.0852555
330.0,15.3273,0.0,0.0627251,0.0,0.0,0.0563746,0.29111,0.0,0.0,0.0,0.231518,0.073754
331.0,15.3606,0.0,0.0494665,0.0,0.0,0.00172678,0.0581928,0.00521035,0.0139277,0.0,0.242582,0.0269835
332.0,15.394,0.0,0.277416,0.0,0.0,0.0,0.0,0.0310923,0.0,0.206945,0.202248,0.066824
333.0,15.4273,0.00176938,0.587388,0.0,0.0,0.0,0.0,0.16902,0.0,0.402207,0.227113,0.0136021
334.0,15.4606,0.0,0.384246,0.0,0.0,0.0,0.0,0.0,0.0,0.237242,0.0,0.131681
335.0,15.494,0.0,0.530367,0.0,0.0,0.0,0.0,0.0353893,0.0278854,0.384531,0.0,0.118102
336.0,15.5273,0.0179881,0.531693,0.0,0.0,0.0,0.0,0.0846672,0.187953,0.407482,0.00497735,0.159651
337.0,15.5606,0.0719398,0.471608,0.0,0.0,0.0,0.0,0.150164,0.367962,0.360102,0.0583425,0.0801395
338.0,15.594,0.0592212,0.243218,0.0,0.0,0.0,0.0,0.227239,0.384337,0.193734,0.0969266,0.06492
339.0,15.6273,0.041783,0.0657259,0.0,0.0,0.0,0.0,0.354999,0.361509,0.0558374,0.153646,0.0
340.0,15.6606,0.0,0.979882,0.0,0.0365247,0.128627,0.0,0.274888,0.144956,0.0,0.140565,0.0
341.0,15.694,0.0,0.961026,0.0,0.127383,0.399733,0.0178813,0.0,0.00388855,0.0,0.0156291,0.0
342.0,15.7273,0.0,0.295459,0.0,0.0,0.0258482,0.0,0.00567246,0.0164644,0.0,0.0,0.211785
343.0,15.7606,0.0,0.207199,0.0,0.0,0.0,0.0,0.0,0.0856805,0.0302487,0.0186507,0.225039
344.0,15.794,0.0320784,0.227013,0.0,0.0,0.0,0.0,0.053087,0.115735,0.0305968,0.0,0.204881
345.0,15.8273,0.0,0.609951,0.0,0.0,0.0292738,0.0,0.138497,0.151479,0.0,0.209505,0.0623198
346.0,15.8606,0.0,0.436908,0.0,0.0,0.00857493,0.0211586,0.0138173,0.132812,0.0,0.326054,0.0269443
347.0,15.894,0.0,0.540009,0.0,0.0,0.0,0.0269338,0.0,0.15675,0.0688641,0.359654,0.0
348.0,15.9273,0.0,0.297009,0.000978069,0.0562193,0.194823,0.253362,0.0,0.042814,0.0,0.483704,0.0688635
349.0,15.9606,0.0,0.138809,0.00413047,0.0465237,0.163712,0.340644,0.0,0.0378814,0.0,0.599195,0.0303945
350.0,15.994,0.0,0.0,0.0,0.0166834,0.0668333,0.367412,0.0,0.0,0.0,0.288875,0.0
351.0,16.0273,0.0,0.0,0.0,0.0119907,0.0496461,0.346943,0.0,0.00522266,0.0,0.414058,0.0
352.0,16.0606,0.0,0.0405112,0.0,0.00804782,0.0372525,0.45899,0.0,0.0,0.00564431,0.371043,0.0
353.0,16.094,0.0,0.223842,0.0,0.0334388,0.10856,0.6106,0.0,0.0,0.0926367,0.437654,0.0
354.0,16.1273,0.0,0.489761,0.0,0.0589794,0.190401,0.704246,0.0,0.0,0.170798,0.474617,0.0
355.0,16.1606,0.0248205,0.529991,0.0,0.0744523,0.228137,0.724182,0.0,0.0,0.18296,0.515012,0.0
356.0,16.194,0.315797,0.545995,0.0,0.0649223,0.186961,0.505907,0.0,0.0,0.120447,0.16075,0.183693
357.0,16.2273,0.124715,0.00876086,0.0,0.0577037,0.177455,0.0,0.251871,0.0,0.0,0.46988,0.1967
358.0,16.2606,0.0869825,0.0,0.335443,0.0172857,0.0901767,0.0,0.247103,0.0,0.0,0.27731,0.0574276
359.0,16.294,0.166475,0.0,0.378177,0.0,0.0700923,0.0,0.20143,0.0201,0.0,0.511385,0.152465
360.0,16.3273,0.448038,0.0,0.354708,0.05917,0.24364,0.0,0.171782,0.0153798,0.0,0.440545,0.0
361.0,16.3606,0.161493,0.0,0.131098,0.0093186,0.172679,0.0,0.0388652,0.00999334,0.0,0.183333,0.0973281
362.0,16.394,0.0,0.0316648,0.00534864,0.0,0.0998477,0.164103,0.0,0.0,0.0525186,0.0209754,0.077462
363.0,16.4273,0.0,0.051808,0.0,0.0,0.057617,0.287094,0.0,0.0,0.0,0.21399,0.0792925
364.0,16.4606,0.0,0.0363018,0.0,0.0,0.00549977,0.0825499,0.000103205,0.00976076,0.0,0.226734,0.0297468
365.0,16.494,0.0,0.280801,0.0,0.0,0.0,0.0,0.0341659,0.0,0.214054,0.175842,0.0695365
366.0,16.5273,0.0,0.59011,0.0,0.0,0.0,0.0,0.184219,0.0,0.406272,0.226645,0.0436141
367.0,16.5606,0.0,0.37419,0.0,0.0,0.0,0.0,0.0,0.0,0.258534,0.0,0.152307
368.0,16.594,0.0,0.52329,0.0,0.0,0.0,0.0,0.0584368,0.0444517,0.40189,0.0,0.118095
369.0,16.6273,0.0271162,0.534204,0.0,0.0,0.0,0.0,0.075086,0.191885,0.410479,0.024156,0.100911
370.0,16.6606,0.0726598,0.45255,0.0,0.0,0.0,0.0,0.159997,0.356983,0.339413,0.0529565,0.117792
371.0,16.694,0.059291,0.240468,0.0,0.0,0.0,0.0,0.255155,0.388903,0.181709,0.100432,0.0456281
372.0,16.7273,0.0409833,0.0631925,0.0,0.0,0.0,0.0,0.358253,0.354632,0.0541843,0.140525,0.0
373.0,16.7606,0.0,0.980319,0.0,0.0437483,0.148887,0.0,0.274904,0.144237,0.0,0.143657,0.0
374.0,16.794,0.0,0.960735,0.0,0.138149,0.428132,0.0438306,0.0,0.0,0.0,0.0,0.0
375.0,16.8273,0.0,0.32564,0.0,0.0,0.0383328,0.0124533,0.0,0.0103708,0.00951766,0.0,0.190392
376.0,16.8606,0.00805711,0.220994,0.0,0.0,0.0,0.0,0.0,0.123347,0.108803,0.0190993,0.173374
377.0,16.894,0.0,0.232741,0.0,0.0,0.0,0.0,0.0444236,0.100208,0.0142491,0.0,0.140043
378.0,16.9273,0.0,0.532571,0.0,0.0,0.060252,0.0,0.124644,0.148455,0.0,0.213917,0.0921671
379.0,16.9606,0.0,0.51653,0.0,0.0,0.0170018,0.0261326,0.0169873,0.147164,0.0,0.368664,0.00837492
380.0,16.994,0.0,0.48383,0.0,0.0,0.0,0.0447438,0.0,0.130359,0.046994,0.369818,0.0183864
381.0,17.0273,0.0,0.29418,0.0,0.0525663,0.184832,0.260532,0.0,0.0439657,0.0,0.484093,0.0882883
382.0,17.0606,0.0,0.144152,0.0108283,0.0415904,0.151241,0.326439,0.0,0.0417617,0.0,0.619749,0.0463046
383.0,17.094,0.0,0.0,0.0,0.015889,0.0651351,0.379989,0.0,0.00825681,0.0,0.371998,0.0
384.0,17.1273,0.0,0.0,0.0,0.0131335,0.0549766,0.325494,0.0,0.0138624,0.0,0.445825,0.0
385.0,17.1606,0.0,0.0562039,0.0,0.00513675,0.0306849,0.434895,0.0,0.00451824,0.0,0.407738,0.0
386.0,17.194,0.0,0.299822,0.0,0.0262276,0.0883466,0.605268,0.0,0.0,0.0807417,0.458279,0.0
387.0,17.2273,0.0,0.523383,0.0,0.0540897,0.177386,0.707475,0.0,0.0,0.158396,0.498733,0.0
388.0,17.2606,0.0,0.565569,0.0,0.0725371,0.225846,0.696387,0.0,0.0,0.171845,0.473158,0.0
389.0,17.294,0.193522,0.555457,0.0,0.0577272,0.180318,0.479517,0.0,0.0,0.112719,0.163536,0.187119
390.0,17.3273,0.168668,0.0522787,0.0,0.0637015,0.181577,0.0,0.276418,0.0,0.0,0.570887,0.212695
391.0,17.3606,0.116072,0.0,0.168199,0.0328748,0.109198,0.0,0.307895,0.0,0.0,0.276752,0.0830917
392.0,17.394,0.243954,0.0,0.354294,0.0131492,0.101002,0.0,0.181802,0.00196003,0.0,0.492368,0.144583
393.0,17.4273,0.225238,0.0,0.228203,0.0852525,0.30733,0.0,0.271778,0.0111571,0.0,0.37873,0.0438172
394.0,17.4606,0.0,0.641223,0.0,0.0,0.0857806,0.0,0.0652994,0.0,0.0132804,0.119565,0.137161
395.0,17.494,0.0,0.043169,0.00603964,0.0,0.0962788,0.173768,0.0,0.0,0.0693237,0.0,0.0991609
396.0,17.5273,0.0,0.0678578,0.00136866,0.0,0.0697805,0.313077,0.0,0.0,0.00470405,0.21064,0.0812292
397.0,17.5606,0.0,0.0319162,0.0,0.0,0.00610636,0.0973827,0.0,0.00237542,0.0,0.225618,0.0297846
398.0,17.594,0.0,0.245969,0.0,0.0,0.0,0.0,0.0262245,0.0,0.191537,0.183914,0.0790896
399.0,17.6273,0.0,0.581225,0.0,0.0,0.0,0.0,0.174237,0.0,0.399148,0.222371,0.0145712
400.0,17.6606,0.0,0.397033,0.0,0.0,0.0,0.0,0.0,0.0,0.24488,0.0143179,0.173833
401.0,17.694,0.0,0.528657,0.0,0.0,0.0,0.0,0.0261421,0.0244675,0.377256,0.0,0.126132
402.0,17.7273,0.0160549,0.554852,0.0,0.0,0.0,0.0,0.0550289,0.181145,0.41482,0.0297421,0.0916534
403.0,17.7606,0.0742618,0.484225,0.0,0.0,0.0,0.0,0.149687,0.37701,0.368474,0.0610276,0.0693574
404.0,17.794,0.0604906,0.251914,0.0,0.0,0.0,0.0,0.22527,0.389792,0.195661,0.0963583,0.0599114
405.0,17.8273,0.0414546,0.0621663,0.0,0.0,0.0,0.0,0.367135,0.366811,0.0545636,0.145455,0.0
406.0,17.8606,0.0,0.980657,0.0,0.0354156,0.121906,0.0,0.285796,0.152732,0.0,0.170501,0.0
407.0,17.894,0.0,0.961509,0.0,0.132657,0.413043,0.0160101,0.00351058,0.00739645,0.0,0.0291627,0.0
408.0,17.9273,0.0,0.312026,0.0,0.0,0.0463995,0.00204868,0.000846539,0.0204715,0.0,0.0,0.188221
409.0,17.9606,0.0185579,0.188762,0.0,0.0,0.0,0.0,0.0,0.122602,0.0892117,0.018822,0.184204
410.0,17.994,0.00662697,0.234851,0.0,0.0,0.0,0.0,0.041413,0.133864,0.0474859,0.0,0.198759
411.0,18.0273,0.0,0.610582,0.0,0.0,0.0426333,0.0,0.138414,0.154445,0.0,0.228139,0.0199388
412.0,18.0606,0.0,0.467223,0.0,0.0,0.0033331,0.0214834,0.0128432,0.137084,0.0,0.312392,0.0
413.0,18.094,0.0,0.495922,0.0,0.0,0.0,0.0150374,0.0,0.183636,0.074468,0.334639,0.0357337
414.0,18.1273,0.0,0.276074,0.0064826,0.0551411,0.19081,0.216429,0.0,0.0581419,0.0,0.490126,0.0749861
415.0,18.1606,0.0,0.138091,0.0233338,0.0452797,0.160943,0.302931,0.0,0.0378002,0.0,0.614629,0.0425534
416.0,18.194,0.0,0.0,0.0,0.0202041,0.0781944,0.342173,0.0,0.0,0.0,0.320705,0.0
417.0,18.2273,0.0,0.0,0.0,0.01177,0.0512578,0.311724,0.0,0.0103826,0.0,0.437543,0.0
418.0,18.2606,0.0,0.00858598,0.0,0.00259427,0.0235779,0.412663,0.0,0.00500417,0.0,0.388441,0.0
419.0,18.294,0.0,0.292748,0.0,0.0350146,0.118585,0.507258,0.0,0.0,0.0604133,0.371864,0.122914
420.0,18.3273,0.0,0.4087,0.0,0.0528636,0.168622,0.66743,0.0,0.0,0.142825,0.473145,0.0
421.0,18.3606,0.0,0.507802,0.0,0.0682591,0.215816,0.741679,0.0,0.0,0.198412,0.531835,0.0157734
422.0,18.394,0.121609,0.458942,0.0,0.0393956,0.128953,0.489859,0.0,0.000335339,0.114909,0.195993,0.257505
423.0,18.4273,0.166808,0.0,0.0,0.065988,0.187916,0.0,0.277995,0.0,0.0,0.593703,0.224323
424.0,18.4606,0.055952,0.0,0.277429,0.0180584,0.0809411,0.0,0.282434,0.0,0.0,0.225023,0.0382597
425.0,18.494,0.182717,0.0,0.367667,0.0,0.072561,0.0,0.172958,0.00728579,0.0,0.468121,0.130057
426.0,18.5273,0.230199,0.0,0.272319,0.0727524,0.266645,0.0,0.303051,0.02413,0.0,0.47195,0.0416868
427.0,18.5606,0.323719,0.0,0.238742,0.0432466,0.245931,0.0,0.0860198,0.00916693,0.0,0.239982,0.0659825
428.0,18.594,0.0,0.0249935,0.00561777,0.0,0.0940903,0.165886,0.0,0.0,0.0647428,0.0104766,0.107942
429.0,18.6273,0.0,0.0513931,0.00110272,0.0,0.0701378,0.302156,0.0,0.0,0.00508647,0.198883,0.0754864
430.0,18.6606,0.0,0.0348639,0.0,0.0,0.0113687,0.114024,0.0,0.0,0.0,0.213391,0.0185452
431.0,18.694,0.0,0.257684,0.0,0.0,0.0,0.0,0.0281295,0.0,0.199849,0.175419,0.0660854
432.0,18.7273,0.00156224,0.607617,0.0,0.0,0.0,0.0,0.15403,0.0,0.415725,0.224435,0.0
433.0,18.7606,0.0,0.383025,0.0,0.0,0.0,0.0,0.0,0.0,0.262113,0.0,0.108802
434.0,18.794,0.0,0.546207,0.0,0.0,0.0,0.0,0.0797765,0.0574722,0.424958,0.0,0.0931258
435.0,18.8273,0.036773,0.546995,0.0,0.0,0.0,0.0,0.097584,0.211114,0.417956,0.0210458,0.0876675
436.0,18.8606,0.0766408,0.460704,0.0,0.0,0.0,0.0,0.163202,0.361312,0.341005,0.0557753,0.100366
437.0,18.894,0.0579694,0.243982,0.0,0.0,0.0,0.0,0.255537,0.390078,0.184335,0.0994006,0.0302967
438.0,18.9273,0.0400548,0.064452,0.0,0.0,0.0,0.0,0.348554,0.356582,0.0567468,0.145008,0.0
439.0,18.9606,0.0,0.980151,0.0,0.0422155,0.145459,0.0,0.265866,0.142441,0.0,0.145117,0.0654609
440.0,18.994,0.0,0.960883,0.0,0.132012,0.413424,0.0297724,0.0,0.0,0.0,0.00804469,0.0
441.0,19.0273,0.0,0.21819,0.0,0.0,0.0157038,0.0,0.0,0.0166632,0.00695821,0.0,0.188396
442.0,19.0606,0.0017817,0.221315,0.0,0.0,0.0,0.0,0.0,0.118545,0.0738115,0.0218604,0.193554
443.0,19.094,0.064133,0.219002,0.0,0.0,0.0,0.0,0.0403275,0.126117,0.0341649,0.0,0.231463
444.0,19.1273,0.0,0.570867,0.0,0.0,0.0223286,0.0,0.136483,0.156583,0.0,0.218525,0.0755882
445.0,19.1606,0.0,0.445395,0.0,0.0,0.00414746,0.0233225,0.0116896,0.139665,0.0,0.336482,0.0413493
446.0,19.194,0.0,0.573851,0.0,0.0,0.0,0.0330233,0.0,0.145949,0.0672177,0.366053,0.00812564
447.0,19.2273,0.0,0.270705,0.0,0.0540071,0.190743,0.265007,0.0,0.0390637,0.0,0.474188,0.0815861
448.0,19.2606,0.0,0.127994,0.00277719,0.0461328,0.160618,0.347224,0.0,0.034656,0.0,0.596632,0.0399234
449.0,19.294,0.0,0.00877105,0.0113099,0.0158068,0.063819,0.382849,0.0,0.0,0.0066967,0.247937,0.0
450.0,19.3273,0.0,0.0,0.0,0.00998502,0.0423155,0.355697,0.0,0.0035639,0.0,0.414019,0.0
451.0,19.3606,0.0,0.0504591,0.0,0.00857746,0.0365222,0.471076,0.0,0.0,0.013448,0.377589,0.0
452.0,19.394,0.0,0.217452,0.0,0.0334781,0.110041,0.629165,0.0,0.0,0.100368,0.452303,0.0
453.0,19.4273,0.0,0.45566,0.0,0.0586331,0.189894,0.696983,0.0,0.0,0.167117,0.470714,0.0
454.0,19.4606,0.0299219,0.541171,0.0,0.0735512,0.224373,0.726834,0.0,0.0,0.182876,0.518142,0.0
455.0,19.494,0.190559,0.392109,0.0,0.038203,0.121609,0.506823,0.0,0.0,0.186509,0.0,0.0688898
456.0,19.5273,0.129393,0.0902585,0.0,0.0656373,0.194527,0.0,0.285712,0.0,0.0,0.571194,0.221883
457.0,19.5606,0.0654156,0.0,0.322207,0.0239282,0.106552,0.0,0.298803,0.0,0.0,0.357496,0.0642366
458.0,19.594,0.257487,0.0,0.278885,0.0174846,0.10242,0.0,0.193679,0.00492012,0.0,0.54451,0.0895351
459.0,19.6273,0.449888,0.0,0.397369,0.0540184,0.22003,0.0,0.219533,0.030734,0.0,0.485289,0.0174355
460.0,19.6606,0.165893,0.0,0.153538,0.00698529,0.160758,0.0,0.0665894,0.0146113,0.0,0.14795,0.102857
461.0,19.694,0.0,0.0301081,0.00550556,0.0,0.104949,0.138432,0.0,0.0,0.0554773,0.00461583,0.0614606
462.0,19.7273,0.0,0.0540132,0.0,0.0,0.0625698,0.293163,0.0,0.0,0.0,0.212819,0.0648171
463.0,19.7606,0.0,0.0349534,0.0,0.0,0.00612222,0.0873784,0.0,0.0018042,0.0,0.216441,0.0246433
464.0,19.794,0.0,0.292485,0.0,0.0,0.0,0.0,0.0196806,0.0,0.201314,0.256787,0.00046033
465.0,19.8273,0.00562931,0.610873,0.0,0.0,0.0,0.0,0.156312,0.0,0.413565,0.226163,0.00550402
466.0,19.8606,0.0,0.38056,0.0,0.0,0.0,0.0,0.0,0.0,0.24569,0.0,0.109985
467.0,19.894,0.0,0.542379,0.0,0.0,0.0,0.0,0.0650079,0.0440069,0.41605,0.0,0.106495
468.0,19.9273,0.0359186,0.549455,0.0,0.0,0.0,0.0,0.0886825,0.202539,0.420139,0.0220212,0.103142
469.0,19.9606,0.0755949,0.462441,0.0,0.0,0.0,0.0,0.166683,0.364762,0.345509,0.0636337,0.0851151
470.0,19.994,0.0618834,0.24074,0.0,0.0,0.0,0.0,0.280408,0.400429,0.182862,0.106093,0.0552754
471.0,20.0273,0.0451065,0.0740431,0.0,0.0,0.0,0.0,0.356466,0.361369,0.0587233,0.111576,0.0121121
472.0,20.0606,0.0,0.88937,0.0,0.363031,0.658088,0.016782,0.423405,0.341047,0.0,0.64821,0.67459
473.0,20.094,0.0,0.908482,0.0,0.0671754,0.253532,0.000467457,0.0508033,0.0044517,0.0,0.0,0.0340821
474.0,20.1273,0.0,0.43955,0.0,0.0,0.0454616,0.0,0.0990444,0.0736089,0.0,0.0403834,0.138073
475.0,20.1606,0.0,0.216904,0.0,0.0,0.0023047,0.0,0.0193652,0.0485604,0.0,0.0149954,0.212791
476.0,20.194,0.0314243,0.256594,0.0,0.0,0.0,0.0,0.121997,0.167235,0.0776211,0.0,0.194332
477.0,20.2273,0.0,0.591441,0.0,0.0,0.0343589,0.0,0.131963,0.15157,0.0,0.231881,0.0881442
478.0,20.2606,0.0,0.436496,0.0,0.0,0.0,0.0152674,0.00583917,0.172313,0.0,0.314565,0.0156085
479.0,20.294,0.0,0.430737,0.0,0.0,0.0,0.0224918,0.0,0.155549,0.0856928,0.313185,0.0452775
480.0,20.3273,0.0,0.219682,0.0170415,0.0552275,0.190653,0.21782,0.0,0.0551677,0.0,0.487232,0.0566519
481.0,20.3606,0.0,0.0776717,0.0417618,0.0462917,0.165384,0.341741,0.0,0.0369071,0.0,0.604475,0.0317582
482.0,20.394,0.0,0.0,0.0,0.016805,0.0683097,0.294049,0.0,0.00285873,0.0,0.263491,0.0
483.0,20.4273,0.0,0.0,0.0,0.0150469,0.0590978,0.267134,0.0,0.0165135,0.0,0.399428,0.0
484.0,20.4606,0.245015,0.215417,0.0,0.0362378,0.104853,0.405257,0.0,0.0,0.0408455,0.193799,0.0
485.0,20.494,0.0,0.335937,0.0,0.0502075,0.154738,0.571051,0.0,0.00148336,0.0850631,0.39384,0.0
486.0,20.5273,0.0,0.556144,0.0,0.0701194,0.226431,0.744918,0.0,0.0,0.214266,0.450986,0.0
487.0,20.5606,0.059621,0.558818,0.0,0.0817642,0.244181,0.72064,0.0,0.0,0.190207,0.471497,0.028252
488.0,20.594,0.175453,0.38565,0.0,0.0447518,0.139241,0.489578,0.0,0.0,0.175912,0.0,0.122643
489.0,20.6273,0.0852072,0.0960006,0.0,0.0610419,0.200965,0.0,0.248233,0.0,0.0,0.47585,0.244047
490.0,20.6606,0.0425748,0.0,0.325231,0.0188444,0.108667,0.0,0.231754,0.0,0.0,0.339957,0.0929223
491.0,20.694,0.220487,0.0,0.27686,0.0135013,0.102605,0.0,0.167541,0.0042983,0.0,0.560194,0.092094
492.0,20.7273,0.450543,0.0,0.408723,0.0508761,0.219035,0.0,0.183264,0.0216142,0.0,0.461762,0.0149425
493.0,20.7606,0.113313,0.0,0.117922,0.0,0.134084,0.0,0.0491302,0.00996611,0.0,0.130718,0.102568
494.0,20.794,0.0,0.029928,0.00490983,0.0,0.104693,0.159158,0.0,0.0,0.0468105,0.0271744,0.0674401
495.0,20.8273,0.0,0.0457723,0.0,0.0,0.0610876,0.28673,0.0,0.0,0.0,0.219154,0.0662555
496.0,20.8606,0.0,0.0368462,0.0,0.0,0.00569275,0.0712365,0.00428245,0.0110524,0.0,0.219441,0.0
497.0,20.894,0.0,0.298311,0.0,0.0,0.0,0.0,0.0311195,0.0,0.217498,0.199837,0.0397695
498.0,20.9273,0.00555662,0.628621,0.0,0.0,0.0,0.0,0.165575,0.0,0.423958,0.235007,0.0
499.0,20.9606,0.0,0.361849,0.0,0.0,0.0,0.0,0.0289444,0.0,0.272872,0.0,0.109958
500.0,20.994,0.0,0.534222,0.0,0.0,0.0,0.0,0.0868679,0.0533948,0.423687,0.0,0.102496
501.0,21.0273,0.0323387,0.530029,0.0,0.0,0.0,0.0,0.0912352,0.188608,0.384562,0.0377959,0.0892302
502.0,21.0606,0.0757915,0.480619,0.0,0.0,0.0,0.0,0.142308,0.361656,0.363156,0.068069,0.141524
503.0,21.094,0.0632946,0.260686,0.0,0.0,0.0,0.0,0.254742,0.404352,0.197942,0.0989864,0.046615
504.0,21.1273,0.0407108,0.0676723,0.0,0.0,0.0,0.0,0.381918,0.349778,0.0540819,0.139094,0.0
505.0,21.1606,0.0,0.981192,0.0,0.0400192,0.1353,0.0,0.253652,0.13317,0.0,0.157902,0.0
506.0,21.194,0.0,0.961518,0.0,0.1256,0.397905,0.0282403,0.0,0.0,0.0,0.0,0.0
507.0,21.2273,0.0,0.303018,0.0,0.0,0.0328869,0.0,0.00164721,0.018463,0.0,0.0,0.213554
508.0,21.2606,0.00617866,0.251701,0.0,0.0,0.0,0.0,0.0,0.121234,0.0935911,0.0175491,0.200787
509.0,21.294,0.0,0.299137,0.0,0.0,0.0,0.0,0.0591632,0.127491,0.0576822,0.0,0.175375
510.0,21.3273,0.0,0.664324,0.0,0.0,0.0635819,0.0,0.137059,0.152538,0.0,0.240643,0.0636037
511.0,21.3606,0.0,0.439307,0.0,0.0,0.00490671,0.015959,0.0322311,0.156048,0.0,0.369193,0.0227555
512.0,21.394,0.0,0.406002,0.0,0.0,0.0,0.0209905,0.0,0.180933,0.0598008,0.349934,0.0326108
513.0,21.4273,0.0,0.286567,0.0227261,0.0545649,0.187806,0.196289,0.0,0.0711192,0.0,0.500741,0.0899874
514.0,21.4606,0.0,0.140678,0.0558627,0.0433126,0.155953,0.271069,0.0,0.0349005,0.0,0.621873,0.0548791
515.0,21.494,0.0,0.0,0.0,0.0175194,0.0703725,0.33466,0.0,0.000592429,0.0,0.375003,0.0
516.0,21.5273,0.0,0.0,0.0,0.00850771,0.0446173,0.310065,0.0,0.0112883,0.0,0.47147,0.0
517.0,21.5606,0.0,0.0,0.0,0.0,0.0153518,0.409291,0.0,0.00512616,0.0,0.412839,0.0
518.0,21.594,0.0,0.137257,0.0,0.0202017,0.0686425,0.569948,0.0,0.0,0.0634912,0.460306,0.0
519.0,21.6273,0.0,0.311379,0.0,0.0487569,0.160191,0.684314,0.0,0.0,0.149624,0.485832,0.0
520.0,21.6606,0.0,0.477486,0.0,0.0642213,0.201464,0.689873,0.0,0.0,0.169961,0.496053,0.0
521.0,21.694,0.229612,0.468905,0.0,0.0592672,0.180591,0.502691,0.0,0.0,0.113241,0.187972,0.186365
522.0,21.7273,0.154712,0.0,0.0,0.0663486,0.196649,0.0,0.28195,0.0,0.0,0.579043,0.217948
523.0,21.7606,0.0969414,0.0,0.31535,0.0183621,0.080821,0.0,0.299645,0.0,0.0,0.29856,0.0603453
524.0,21.794,0.280992,0.0,0.277153,0.0150551,0.0931876,0.0,0.219184,0.0146218,0.0,0.693238,0.0923299
525.0,21.8273,0.303102,0.0,0.304615,0.0461156,0.197428,0.0,0.256287,0.0421408,0.0,0.476849,0.04725
526.0,21.8606,0.0,0.0,0.100914,0.0,0.0606993,0.0,0.0872805,0.017616,0.00213269,0.0668651,0.119832
527.0,21.894,0.0,0.0505784,0.00136036,0.0,0.104266,0.146733,0.0,0.0,0.0581618,0.00236466,0.0873338
528.0,21.9273,0.0,0.0822103,0.0,0.0,0.069921,0.297429,0.0,0.0,0.00120102,0.208105,0.0668813
529.0,21.9606,0.0,0.051043,0.0,0.0,0.00432851,0.0944898,0.0,0.0,0.0,0.207362,0.0258213
530.0,21.994,0.0,0.248578,0.0,0.0,0.0,0.0,0.0250729,0.0,0.184405,0.179291,0.047147
531.0,22.0273,0.0129917,0.598966,0.0,0.0,0.0,0.0,0.159158,0.0,0.392796,0.241412,0.0
532.0,22.0606,0.0,0.386945,0.0,0.0,0.0,0.0,0.0,0.0,0.236455,0.00437634,0.131311
533.0,22.094,0.0,0.5363,0.0,0.0,0.0,0.0,0.0303419,0.0158043,0.390214,0.0,0.105258
534.0,22.1273,0.0124604,0.55512,0.0,0.0,0.0,0.0,0.0677049,0.184296,0.430073,0.0120525,0.083348
535.0,22.1606,0.0746767,0.493196,0.0,0.0,0.0,0.0,0.137518,0.377619,0.384478,0.0553592,0.0920561
536.0,22.194,0.0617597,0.245375,0.0,0.0,0.0,0.0,0.25815,0.399553,0.192348,0.100684,0.0506274
537.0,22.2273,0.041914,0.0667691,0.0,0.0,0.0,0.0,0.368257,0.356677,0.0537435,0.148144,0.0
538.0,22.2606,0.0,0.980305,0.0,0.0462558,0.150268,0.0,0.277351,0.137457,0.0,0.147201,0.0
539.0,22.294,0.0,0.960547,0.0,0.121773,0.390321,0.0275245,0.0,0.0,0.0,0.0,0.0
540.0,22.3273,0.0,0.25906,0.0,0.0,0.0383937,0.0,0.011908,0.0176031,0.0,0.0,0.232496
541.0,22.3606,0.0259597,0.17206,0.0,0.0,0.0,0.0,0.0,0.121407,0.0610787,0.0211289,0.243475
542.0,22.394,0.0996592,0.181423,0.0,0.0,0.0,0.0,0.0500311,0.165101,0.0678595,0.0,0.158959
543.0,22.4273,0.0,0.55778,0.0,0.0,0.00774788,0.0,0.14201,0.150694,0.0,0.201879,0.0815533
544.0,22.4606,0.0,0.399081,0.0,0.0,0.000184691,0.0184975,0.0101095,0.152767,0.0,0.315377,0.0417611
545.0,22.494,0.0,0.469357,0.0,0.0,0.0,0.0163386,0.0,0.19239,0.097306,0.388359,0.0
546.0,22.5273,0.0,0.271925,0.017409,0.052896,0.185211,0.23768,0.0,0.0491764,0.0,0.468554,0.0767463
547.0,22.5606,0.0,0.136639,0.0439373,0.0428637,0.155652,0.321247,0.0,0.0374188,0.0,0.612462,0.032952
548.0,22.594,0.0,0.0,0.0,0.0140814,0.0609747,0.33587,0.0,0.0,0.0,0.309405,0.0
549.0,22.6273,0.0,0.0,0.0,0.00662935,0.0363565,0.313512,0.0,0.00646479,0.0,0.416227,0.0
550.0,22.6606,0.0,0.00954542,0.0,0.00754336,0.0368311,0.450429,0.0,0.0,0.00647828,0.365959,0.0
551.0,22.694,0.0,0.157526,0.0,0.0342567,0.111203,0.612599,0.0,0.0,0.0974874,0.441097,0.0
552.0,22.7273,0.0,0.381875,0.0,0.0592553,0.191019,0.701242,0.0,0.0,0.168028,0.486905,0.0
553.0,22.7606,0.0144741,0.506168,0.0,0.0751202,0.231398,0.734987,0.0,0.0,0.191784,0.529264,0.00767462
554.0,22.794,0.354787,0.550618,0.0,0.0708837,0.208497,0.469107,0.0,0.0,0.12925,0.0989904,0.241407
555.0,22.8273,0.146527,0.0,0.0,0.0646215,0.1833,0.0,0.327081,0.0,0.0,0.544469,0.169457
556.0,22.8606,0.131617,0.0241299,0.402516,0.0103471,0.0744159,0.0,0.23638,0.0,0.0,0.259399,0.00973525
557.0,22.894,0.246803,0.0,0.358301,0.00750582,0.0896204,0.0,0.160767,0.00347636,0.0,0.686236,0.0943387
558.0,22.9273,0.358989,0.0,0.364222,0.0591074,0.23203,0.0,0.252113,0.0458893,0.0,0.520686,0.0396877
559.0,22.9606,0.0436336,0.0,0.0987857,0.0,0.0909167,0.0,0.0779797,0.0202626,0.0,0.108559,0.12942
560.0,22.994,0.0,0.0451087,0.0016296,0.0,0.112268,0.139794,0.0,0.0,0.0603711,0.0,0.0732016
561.0,23.0273,0.0,0.0744309,0.0,0.0,0.0672169,0.295337,0.0,0.0,0.00240518,0.204858,0.0754854
562.0,23.0606,0.0,0.0447312,0.0,0.0,0.00572656,0.0938154,0.0,0.0,0.0,0.198263,0.0242241
563.0,23.094,0.0,0.280294,0.0,0.0,0.0,0.0,0.0307512,0.0,0.198624,0.170642,0.0534605
564.0,23.1273,0.0105083,0.618951,0.0,0.0,0.0,0.0,0.164646,0.0,0.41087,0.215895,0.00999413
565.0,23.1606,0.0,0.380197,0.0,0.0,0.0,0.0,0.0,0.0,0.246463,0.0,0.131296
566.0,23.194,0.0,0.547865,0.0,0.0,0.0,0.0,0.0709676,0.0390012,0.421748,0.0,0.109974
567.0,23.2273,0.0359099,0.555944,0.0,0.0,0.0,0.0,0.0917657,0.197117,0.424341,0.0166162,0.102996
568.0,23.2606,0.0806186,0.485262,0.0,0.0,0.0,0.0,0.162901,0.381179,0.366662,0.0634974,0.0965676
569.0,23.294,0.0648486,0.255913,0.0,0.0,0.0,0.0,0.286914,0.413347,0.185136,0.120632,0.0
570.0,23.3273,0.0,0.981896,0.0,0.0,0.0,0.0,0.323958,0.392516,0.149458,0.0,0.131427
571.0,23.3606,0.0,0.94452,0.0,0.132783,0.427262,0.0402026,0.196466,0.117197,0.0,0.439085,0.678961
572.0,23.394,0.0,0.858806,0.0548197,0.0431185,0.198763,0.0,0.0564786,0.0558501,0.0,0.247758,0.028786
573.0,23.4273,0.0,0.51983,0.0,0.0,0.0578585,0.0,0.0857668,0.0587794,0.0,0.0262812,0.172276
574.0,23.4606,0.0,0.249649,0.0,0.0,0.00108537,0.0,0.0174532,0.062312,0.0081671,0.0338983,0.111426
575.0,23.494,0.00374262,0.245766,0.0,0.0,0.0,0.0,0.134234,0.133651,0.0613119,0.0,0.211576
576.0,23.5273,0.0,0.580132,0.0,0.0,0.0376389,0.0,0.120171,0.150211,0.0,0.235296,0.0657964
577.0,23.5606,0.0,0.486718,0.0,0.0,0.0,0.0203438,0.0,0.172452,0.0,0.335458,0.0
578.0,23.594,0.0,0.399112,0.0,0.0,0.0,0.0223694,0.0,0.158675,0.0958746,0.314717,0.0393802
579.0,23.6273,0.0,0.128793,0.0185824,0.0520332,0.181194,0.186331,0.0,0.0723532,0.0,0.500123,0.0591255
580.0,23.6606,0.0007475,0.0668411,0.0462814,0.0474163,0.168756,0.328322,0.0,0.0352182,0.0,0.602151,0.0331833
581.0,23.694,0.0,0.0,0.0,0.0159689,0.0680557,0.2704,0.0,0.0118115,0.0,0.315962,0.0
582.0,23.7273,0.0,0.0,0.0,0.0119599,0.0525562,0.260526,0.0,0.0206428,0.0,0.417214,0.0
583.0,23.7606,0.0,0.0565844,0.0,0.012403,0.047513,0.440918,0.0,0.00178288,0.00821178,0.340318,0.0
584.0,23.794,0.0,0.236835,0.0,0.0399578,0.128191,0.614573,0.0,0.00198679,0.100874,0.419189,0.0
585.0,23.8273,0.0,0.512884,0.0,0.0709445,0.227077,0.732221,0.0,0.0,0.20242,0.448856,0.0
586.0,23.8606,0.0120322,0.518205,0.0,0.0773105,0.257474,0.653908,0.0,0.0,0.13816,0.464171,0.0302364
587.0,23.894,0.189308,0.215057,0.142897,0.158991,0.320559,0.0,0.957811,0.0,0.0,0.253511,0.573829
588.0,23.9273,0.0,0.103298,0.0,0.0413086,0.174734,0.0112725,0.034933,0.0,0.0447326,0.0,0.251301
589.0,23.9606,0.112452,0.0,0.33814,0.0159807,0.106841,0.0,0.175029,0.0,0.0,0.400991,0.131713
590.0,23.994,0.323815,0.0,0.408501,0.0280837,0.133404,0.0,0.197316,0.0283438,0.0,0.751014,0.0800446
591.0,24.0273,0.31838,0.0,0.296571,0.0503306,0.202105,0.0,0.282954,0.0521423,0.0,0.594192,0.128513
592.0,24.0606,0.31572,0.00349881,0.262617,0.0429612,0.232548,0.0,0.134041,0.0278838,0.0,0.252056,0.160635
593.0,24.094,0.0,0.0332063,0.00683783,0.0,0.095336,0.119071,0.0,0.0,0.061521,0.0,0.123907
594.0,24.1273,0.0,0.0579772,0.0,0.0,0.0739919,0.246347,0.0,0.0,0.0,0.171271,0.0761465
595.0,24.1606,0.0,0.0562056,0.0,0.0,0.00170801,0.156815,0.0,0.0,0.00273964,0.184145,0.146742
596.0,24.194,0.0,0.253056,0.0,0.0,0.0,0.0,0.0278427,0.0,0.171062,0.199265,0.0272997
597.0,24.2273,0.00950034,0.618926,0.0,0.0,0.0,0.0,0.147046,0.0,0.411938,0.226207,0.0
598.0,24.2606,0.0,0.403142,0.0,0.0,0.0,0.0,0.00679527,0.0,0.298429,0.0,0.109976
599.0,24.294,0.0,0.512459,0.0,0.0,0.0,0.0,0.0642712,0.0392363,0.383764,0.0,0.0876258
600.0,24.3273,0.0178816,0.523412,0.0,0.0,0.0,0.0,0.0956812,0.177719,0.401912,0.0151325,0.0779459
601.0,24.3606,0.0714116,0.469481,0.0,0.0,0.0,0.0,0.129739,0.321689,0.352406,0.0594037,0.0664943
602.0,24.394,0.0631106,0.272091,0.0,0.0,0.0,0.0,0.249759,0.392844,0.203855,0.090986,0.0279042
603.0,24.4273,0.0501954,0.0809335,0.0,0.0,0.0,0.0,0.347976,0.383574,0.0631198,0.133355,0.0
604.0,24.4606,0.0,0.979172,0.0,0.0320097,0.11902,0.0,0.296937,0.166168,0.0,0.186453,0.0398152
605.0,24.494,0.0,0.952731,0.0,0.162711,0.471766,0.0885088,0.0,0.0,0.0,0.0445497,0.0255109
606.0,24.5273,0.0,0.433345,0.0,0.0,0.00672093,0.0,0.0187993,0.0249145,0.00550455,0.0,0.0859934
607.0,24.5606,0.0327678,0.246036,0.0,0.0,0.0,0.0,0.0,0.139571,0.0831622,0.020102,0.129436
608.0,24.594,0.0,0.317198,0.0,0.0,0.0,0.0,0.0514355,0.0987851,0.0342661,0.0,0.19457
609.0,24.6273,0.0,0.449848,0.0,0.0,0.037813,0.0,0.152027,0.134358,0.0,0.153978,0.129662
610.0,24.6606,0.0,0.493307,0.0,0.0,0.045079,0.023546,0.0167747,0.134015,0.0,0.337531,0.0424766
611.0,24.694,0.0,0.505904,0.0,0.0,0.0,0.0303245,0.0,0.138478,0.0399284,0.41008,0.0379669
612.0,24.7273,0.0,0.317938,0.0,0.0514814,0.181239,0.253806,0.0,0.0393237,0.0,0.453412,0.132921
613.0,24.7606,0.0,0.220331,0.0,0.04689,0.164058,0.311529,0.0,0.0434357,0.0,0.619095,0.0533733
614.0,24.794,0.0,0.0169499,0.0,0.0239741,0.0865813,0.402497,0.0,0.0,0.000885611,0.246679,0.00012498
615.0,24.8273,0.0,0.196398,0.0,0.0222094,0.0704138,0.383849,0.0,0.00194407,0.0,0.427794,0.0
616.0,24.8606,0.0,0.194655,0.0,0.0174954,0.0571246,0.47579,0.0,0.0,0.0139022,0.37373,0.0
617.0,24.894,0.0,0.365531,0.0,0.0295897,0.0963051,0.655528,0.0,0.0,0.118067,0.445656,0.0
618.0,24.9273,0.0,0.480166,0.0,0.0545787,0.176979,0.697702,0.0,0.0,0.162922,0.477854,0.0
619.0,24.9606,0.0608917,0.491264,0.0,0.0706866,0.213748,0.710819,0.0,0.0,0.172189,0.504321,0.0
620.0,24.994,0.322512,0.487605,0.0,0.0678731,0.190729,0.536667,0.0,0.000145856,0.116981,0.208839,0.176699
621.0,25.0273,0.16433,0.0,0.0,0.0627167,0.181352,0.0,0.254821,0.0,0.0,0.584181,0.247784
622.0,25.0606,0.0527794,0.0,0.108376,0.0252815,0.0858,0.0,0.321282,0.0,0.0,0.271931,0.0557052
623.0,25.094,0.0,0.104237,0.0,0.0,0.0,0.0,0.179496,0.112024,0.0,0.523713,0.195297
624.0,25.1273,0.387572,0.0,0.357142,0.0602815,0.229746,0.0,0.229209,0.02589,0.0,0.482467,0.0
625.0,25.1606,0.0908635,0.0,0.0843853,0.0,0.110022,0.0,0.0804159,0.0118237,0.0,0.13648,0.0679471
626.0,25.194,0.0,0.0488081,0.00538263,0.0,0.0925914,0.147573,0.0,0.0,0.0744596,0.0,0.104753
627.0,25.2273,0.0,0.0927407,0.000126711,0.0,0.0749986,0.320095,0.0,0.0,0.0107863,0.188415,0.0594853
628.0,25.2606,0.0,0.0406057,0.0,0.0,0.0111008,0.108396,0.0,0.0,0.0,0.221587,0.0237201
629.0,25.294,0.0,0.224132,0.0,0.0,0.0,0.0,0.0240385,0.0,0.174314,0.186377,0.0767507
630.0,25.3273,0.00510408,0.569947,0.0,0.0,0.0,0.0,0.147981,0.0,0.380143,0.223697,0.0318617
631.0,25.3606,0.0,0.403984,0.0,0.0,0.0,0.0,0.0,0.0,0.242163,0.0157032,0.113851
632.0,25.394,0.0,0.56416,0.0,0.0,0.0,0.0,0.0228686,0.0419067,0.394845,0.0,0.0352001
633.0,25.4273,0.0278555,0.564203,0.0,0.0,0.0,0.0,0.0657352,0.198778,0.427405,0.0291229,0.0853239
634.0,25.4606,0.0709724,0.486366,0.0,0.0,0.0,0.0,0.147518,0.379703,0.371295,0.0574217,0.0582938
635.0,25.494,0.0570467,0.24575,0.0,0.0,0.0,0.0,0.223637,0.385096,0.196786,0.0947946,0.049931
636.0,25.5273,0.0404547,0.0611124,0.0,0.0,0.0,0.0,0.3521,0.360884,0.0562509,0.139525,0.0
637.0,25.5606,0.0,0.979784,0.0,0.0338085,0.123124,0.0,0.263521,0.145731,0.0,0.133099,0.0625619
638.0,25.594,0.0,0.9611,0.0,0.128365,0.401175,0.01334,0.00330067,0.00637867,0.0,0.0407354,0.0
639.0,25.6273,0.0,0.344413,0.0,0.0,0.0295679,0.0,0.00979056,0.0164795,0.0,0.0,0.203001
640.0,25.6606,0.0,0.231551,0.0,0.0,0.0,0.0,0.0,0.0744975,0.0246728,0.0150258,0.20534
641.0,25.694,0.0287957,0.24379,0.0,0.0,0.0,0.0,0.0435934,0.0998736,0.0307888,0.0,0.227389
642.0,25.7273,0.0,0.522215,0.0,0.0,0.0322231,0.0,0.14432,0.145928,0.0,0.182675,0.0732811
643.0,25.7606,0.0,0.423962,0.0,0.0,0.0148903,0.0218173,0.0130978,0.132877,0.0,0.336743,0.042178
644.0,25.794,0.0,0.53197,0.0,0.0,0.0,0.0284843,0.0,0.149585,0.0674689,0.379029,0.0
645.0,25.8273,0.0,0.281486,0.0,0.0539442,0.189411,0.275342,0.0,0.0310747,0.0,0.45762,0.078242
646.0,25.8606,0.0,0.15467,0.00562743,0.0468789,0.16383,0.356893,0.0,0.0355919,0.0,0.594984,0.0300613
647.0,25.894,0.0,0.00896087,0.0,0.0156419,0.0627404,0.371551,0.0,0.0,0.0,0.25977,0.0
648.0,25.9273,0.0,0.0,0.0,0.0142367,0.0563184,0.341442,0.0,0.0050605,0.0,0.39122,0.0
649.0,25.9606,0.0,0.054529,0.0,0.0116415,0.0450148,0.471104,0.0,0.0,0.0130287,0.367723,0.0
650.0,25.994,0.0,0.22085,0.0,0.0372594,0.120552,0.618034,0.0,0.0,0.102099,0.427672,0.0
651.0,26.0273,0.0,0.450736,0.0,0.0590175,0.191517,0.708231,0.0,0.0,0.175312,0.472245,0.0
652.0,26.0606,0.062738,0.549042,0.0,0.0777951,0.235039,0.729182,0.0,0.0,0.188766,0.497176,0.0016424
653.0,26.094,0.275241,0.536302,0.0,0.0620892,0.182719,0.500796,0.0,0.0,0.126568,0.139726,0.173633
654.0,26.1273,0.092927,0.0782425,0.0,0.0611015,0.192155,0.0,0.267218,0.0,0.0,0.496911,0.236745
655.0,26.1606,0.0771025,0.0,0.339479,0.0212571,0.101684,0.0,0.273799,0.0,0.0,0.36144,0.0543401
656.0,26.194,0.294379,0.0,0.400206,0.0131908,0.100781,0.0,0.150533,0.013952,0.0,0.621692,0.0507701
657.0,26.2273,0.28701,0.0,0.241597,0.0479106,0.195609,0.0,0.282431,0.0316705,0.0,0.52194,0.0672312
658.0,26.2606,0.305443,0.0,0.248086,0.0374755,0.237787,0.0,0.0673433,0.0114972,0.0,0.237349,0.102333
659.0,26.294,0.0,0.032481,0.00525713,0.0,0.096887,0.17153,0.0,0.0,0.0618186,0.0137382,0.0974355
660.0,26.3273,0.0,0.0648981,0.00115315,0.0,0.0466531,0.346043,0.0,0.0,0.00334562,0.226748,0.00377937
661.0,26.3606,0.0,0.058155,0.0,0.0,0.0432403,0.0,0.0675487,0.0,0.0,0.523276,0.0
662.0,26.394,0.0,0.276489,0.0,0.0,0.0,0.0,0.0306138,0.0,0.20314,0.209511,0.0498902
663.0,26.4273,0.00590215,0.636462,0.0,0.0,0.0,0.0,0.156112,0.0,0.434012,0.235084,0.0
664.0,26.4606,0.0,0.368311,0.0,0.0,0.0,0.0,0.0145316,0.0,0.264589,0.0,0.0894874
665.0,26.494,0.0,0.540494,0.0,0.0,0.0,0.0,0.0,0.00736865,0.397433,0.0,0.137339
666.0,26.5273,0.0490828,0.561715,0.0,0.0,0.0,0.0,0.152796,0.251035,0.426056,0.0247566,0.0639507
667.0,26.5606,0.0722268,0.437779,0.0,0.0,0.0,0.0,0.194458,0.362355,0.321869,0.0678462,0.0707051
668.0,26.594,0.0571142,0.227569,0.0,0.0,0.0,0.0,0.287985,0.389058,0.16636,0.104464,0.0231182
669.0,26.6273,0.0427286,0.0735878,0.0,0.0,0.0,0.0,0.343299,0.344424,0.0577549,0.142645,0.0
670.0,26.6606,0.0,0.980746,0.0,0.0483982,0.160074,0.0,0.272797,0.139491,0.0,0.1525,0.0
671.0,26.694,0.0,0.961891,0.0,0.134182,0.422186,0.0558196,0.0,0.0,0.0,0.0,0.0
672.0,26.7273,0.0,0.275106,0.0,0.0,0.0377319,0.00543944,0.0,0.0126411,0.00906843,0.0,0.194434
673.0,26.7606,0.0113999,0.163877,0.0,0.0,0.0,0.0,0.0,0.112946,0.071023,0.0202086,0.219429
674.0,26.794,0.088254,0.240328,0.0,0.0,0.0,0.0,0.0361085,0.168282,0.060149,0.00644166,0.266447
675.0,26.8273,0.0,0.587958,0.0,0.0,0.0130215,0.0,0.159815,0.164022,0.0,0.220504,0.0845403
676.0,26.8606,0.0,0.452162,0.0,0.0,0.00473542,0.0217068,0.0128859,0.143541,0.0,0.33179,0.0566431
677.0,26.894,0.0,0.60301,0.0,0.0,0.0,0.0349749,0.0,0.141854,0.0614999,0.361785,0.00954581
678.0,26.9273,0.0,0.30508,0.0,0.0544479,0.19206,0.273474,0.0,0.0360974,0.0,0.484203,0.0909711
679.0,26.9606,0.0,0.139696,0.00194169,0.0450218,0.155136,0.360631,0.0,0.0295016,0.0,0.585672,0.0398945
680.0,26.994,0.0,0.0,0.0,0.0126463,0.0537073,0.40448,0.0,0.0,0.0,0.309077,0.0
681.0,27.0273,0.0,0.0,0.0,0.00836924,0.03866,0.366288,0.0,0.00431805,0.0,0.410924,0.0
682.0,27.0606,0.0,0.0744519,0.0,0.00808253,0.0349876,0.470837,0.0,0.0,0.010349,0.382243,0.0
683.0,27.094,0.0,0.271059,0.0,0.033204,0.109372,0.632289,0.0,0.0,0.0991871,0.457026,0.0
684.0,27.1273,0.0,0.511702,0.0,0.0597875,0.193707,0.708723,0.0,0.0,0.174463,0.483737,0.0
685.0,27.1606,0.00865909,0.571202,0.0,0.0747312,0.230049,0.71611,0.0,0.0,0.184178,0.496709,0.0
686.0,27.194,0.0997325,0.390597,0.0,0.0427778,0.148683,0.457548,0.0,0.0,0.151847,0.0272379,0.157076
687.0,27.2273,0.126521,0.0900066,0.0,0.0637129,0.188034,0.0,0.300909,0.0,0.0,0.529929,0.205037
688.0,27.2606,0.0412539,0.0,0.286324,0.0228048,0.108393,0.0,0.289791,0.0,0.0,0.301108,0.0664656
689.0,27.294,0.308492,0.0,0.401038,0.015795,0.110673,0.0,0.161562,0.0173586,0.0,0.627316,0.0768753
690.0,27.3273,0.318579,0.0,0.282085,0.0464088,0.191562,0.0,0.264723,0.0339333,0.0,0.485562,0.0440427
691.0,27.3606,0.384525,0.0,0.106893,0.0459509,0.249921,0.0,0.079326,0.0,0.0,0.266592,0.178169
692.0,27.394,0.0,0.0527529,0.0058906,0.0,0.0990709,0.119453,0.0,0.0,0.0943556,0.0,0.10143
693.0,27.4273,0.0,0.0771975,0.0,0.0,0.0758882,0.385192,0.0,0.0,0.0053507,0.28565,0.11449
694.0,27.4606,0.0,0.0447612,0.0,0.0,0.015729,0.101099,0.0,0.0,0.0,0.314183,0.0
695.0,27.494,0.0,0.26475,0.0,0.0,0.0,0.0,0.0303735,0.0,0.195641,0.199135,0.0461325
696.0,27.5273,0.00689964,0.631914,0.0,0.0,0.0,0.0,0.168755,0.0,0.428412,0.22896,0.0
697.0,27.5606,0.0,0.395105,0.0,0.0,0.0,0.0,0.0,0.0,0.258935,0.0,0.120871
698.0,27.594,0.0,0.53813,0.0,0.0,0.0,0.0,0.0655482,0.0460346,0.411622,0.0,0.105269
699.0,27.6273,0.0342808,0.546964,0.0,0.0,0.0,0.0,0.0852577,0.201053,0.416654,0.0291628,0.0825105
700.0,27.6606,0.0755807,0.469216,0.0,0.0,0.0,0.0,0.172798,0.379252,0.34887,0.0633511,0.0691853
701.0,27.694,0.0574463,0.250022,0.0,0.0,0.0,0.0,0.259701,0.394668,0.181272,0.122604,0.0
702.0,27.7273,0.0403329,0.0650331,0.0,0.0,0.0,0.0,0.358684,0.354726,0.055281,0.156583,0.0
703.0,27.7606,0.0,0.894467,0.0,0.357472,0.658224,0.000933982,0.417988,0.297194,0.0,0.639297,0.636886
704.0,27.794,0.0,0.917319,0.0,0.0710871,0.2566,0.00373106,0.0304246,0.0,0.0,0.0,0.0
705.0,27.8273,0.0,0.36066,0.0,0.0,0.041654,0.0,0.07281,0.0644053,0.0,0.0304178,0.168957
706.0,27.8606,0.0,0.179255,0.0,0.0,0.0,0.0,0.00183397,0.0584019,0.00505221,0.0,0.213722
707.0,27.894,0.0280564,0.247547,0.0,0.0,0.0,0.0,0.120074,0.168948,0.0583944,0.00199223,0.215872
708.0,27.9273,0.0,0.595618,0.0,0.0,0.0339865,0.0,0.126912,0.148132,0.0,0.218869,0.0913916
709.0,27.9606,0.0,0.397523,0.0,0.0,0.0,0.0251168,0.0,0.124734,0.0,0.298054,0.0
710.0,27.994,0.0,0.434605,0.0,0.0,0.0,0.0257086,0.0,0.145255,0.0793667,0.319987,0.0150024
711.0,28.0273,0.0,0.182182,0.00806493,0.053315,0.188076,0.226443,0.0,0.0561991,0.0,0.506028,0.0556343
712.0,28.0606,0.0,0.0724915,0.0372891,0.0461645,0.16492,0.339321,0.0,0.0356736,0.0,0.608117,0.0296384
713.0,28.094,0.0,0.0112957,0.000803749,0.0172939,0.0691119,0.306911,0.0,0.00040317,0.0,0.258144,0.0
714.0,28.1273,0.0,0.0,0.0,0.0157939,0.0600032,0.282162,0.0,0.0131706,0.0,0.400758,0.0
715.0,28.1606,0.0,0.077771,0.0,0.0154505,0.0555991,0.444546,0.0,0.0,0.0124117,0.335415,0.0
716.0,28.194,0.0,0.248854,0.0,0.0412066,0.129408,0.601593,0.0,0.0,0.0988652,0.407385,0.0
717.0,28.2273,0.0,0.584773,0.0,0.0708935,0.226678,0.691832,0.0,0.0,0.197177,0.364315,0.0689471
718.0,28.2606,0.0973035,0.544975,0.0,0.0827403,0.243137,0.718768,0.0,0.0,0.180508,0.481395,0.0
719.0,28.294,0.206457,0.393245,0.0,0.0423101,0.134331,0.526388,0.0,0.0,0.191909,0.0,0.127858
720.0,28.3273,0.107774,0.0531851,0.0,0.0577062,0.189995,0.0,0.224227,0.0,0.0,0.468889,0.23764
721.0,28.3606,0.0,0.0,0.0194837,0.0101569,0.0835342,0.0,0.22405,0.0,0.0,0.305155,0.0696778
722.0,28.394,0.294098,0.0,0.380777,0.0127912,0.100088,0.0,0.144574,0.00787565,0.0,0.592949,0.03653
723.0,28.4273,0.27361,0.0,0.290109,0.017521,0.121221,0.0,0.236417,0.034358,0.0,0.51717,0.0737398
724.0,28.4606,0.0,0.0,0.0971892,0.0,0.091243,0.0,0.0631046,0.0145092,0.000293387,0.0829228,0.114257
725.0,28.494,0.0,0.0321873,0.00331404,0.0,0.105624,0.148753,0.0,0.0,0.0266492,0.048302,0.074535
726.0,28.5273,0.0,0.0481661,0.0,0.0,0.0526043,0.275699,0.0,0.0,0.0,0.222108,0.0756131
727.0,28.5606,0.0,0.0366388,0.0,0.0,0.00838498,0.029766,0.0142709,0.00564582,0.0,0.214085,0.041305
728.0,28.594,0.0,0.30367,0.0,0.0,0.0,0.0,0.0319257,0.00771148,0.222363,0.184718,0.0344758
729.0,28.6273,0.00645493,0.615611,0.0,0.0,0.0,0.0,0.184391,0.0,0.416104,0.211342,0.0
730.0,28.6606,0.0,0.357539,0.0,0.0,0.0,0.0,0.0199566,0.0,0.280659,0.0,0.116586
731.0,28.694,0.0,0.516949,0.0,0.0,0.0,0.0,0.0683056,0.0477458,0.398597,0.0,0.110104
732.0,28.7273,0.0280729,0.513812,0.0,0.0,0.0,0.0,0.0957907,0.189592,0.373036,0.0198843,0.170713
733.0,28.7606,0.0720759,0.476625,0.0,0.0,0.0,0.0,0.125626,0.350965,0.357487,0.0676745,0.152475
734.0,28.794,0.0594017,0.247017,0.0,0.0,0.0,0.0,0.24291,0.395438,0.195613,0.0628781,0.113132
735.0,28.8273,0.043367,0.0711237,0.0,0.0,0.0,0.0,0.350183,0.359941,0.0571667,0.1423,0.0
736.0,28.8606,0.0,0.980366,0.0,0.0412537,0.134982,0.0,0.279427,0.140495,0.0,0.14951,0.0
737.0,28.894,0.0,0.96039,0.0,0.133553,0.414156,0.0324594,0.0,0.0,0.0,0.00197594,0.0
738.0,28.9273,0.0,0.270843,0.0,0.0,0.0182042,0.0,0.00290969,0.0150261,0.000177478,0.0,0.212046
739.0,28.9606,0.00955255,0.271294,0.0,0.0,0.0,0.0,0.0,0.134513,0.105951,0.018856,0.185792
740.0,28.994,0.00808065,0.298837,0.0,0.0,0.0,0.0,0.0443796,0.113423,0.0511729,0.0,0.194532
741.0,29.0273,0.0,0.608915,0.0,0.0,0.063124,0.00123069,0.113713,0.15922,0.0,0.307969,0.0293803
742.0,29.0606,0.0,0.469999,0.0,0.0,0.015765,0.0291342,0.0142557,0.120708,0.0,0.33917,0.0
743.0,29.094,0.0,0.507917,0.0,0.0,0.0,0.0286291,0.0,0.15341,0.0667754,0.368389,0.00930332
744.0,29.1273,0.0,0.303876,0.0201061,0.0532761,0.184259,0.235702,0.0,0.0503766,0.0,0.479457,0.096107
745.0,29.1606,0.0,0.179072,0.0505061,0.0436937,0.157613,0.307003,0.0,0.0371164,0.0,0.605142,0.0437874
746.0,29.194,0.0,0.0153787,0.00477335,0.0141781,0.0605472,0.358839,0.0,0.0,0.0,0.298011,0.0
747.0,29.2273,0.0,0.00690744,0.0,0.0243334,0.0870291,0.29005,0.0,0.0118611,0.0,0.42337,0.0
748.0,29.2606,0.0,0.0,0.0,0.0102541,0.0442432,0.459779,0.0,0.0,0.00537442,0.381398,0.0
749.0,29.294,0.0,0.220682,0.0,0.031394,0.105061,0.644506,0.0,0.0,0.110118,0.457937,0.0
750.0,29.3273,0.0,0.534601,0.0,0.0646694,0.209969,0.634333,0.0,0.0,0.18044,0.327953,0.052944
751.0,29.3606,0.0,0.49026,0.0,0.0690512,0.214222,0.712779,0.0,0.0,0.181258,0.511229,0.0
752.0,29.394,0.313872,0.507923,0.0,0.0663869,0.1962,0.463127,0.0,0.0,0.117969,0.119356,0.206076
753.0,29.4273,0.159358,0.0,0.0,0.0687165,0.198001,0.0,0.308403,0.0,0.0,0.544921,0.193038
754.0,29.4606,0.0997498,0.0,0.351697,0.0157202,0.0858194,0.0,0.267804,0.0,0.0,0.273704,0.028489
755.0,29.494,0.311783,0.0,0.410218,0.0107649,0.0913173,0.0,0.169694,0.0140762,0.0,0.645269,0.064127
756.0,29.5273,0.447775,0.0,0.396809,0.0448065,0.189777,0.0,0.209797,0.0288271,0.0,0.445451,0.00252131
757.0,29.5606,0.0,0.0,0.130534,0.0,0.0733953,0.0,0.0759892,0.0226691,0.0,0.115251,0.175646
758.0,29.594,0.0,0.0723363,0.00205082,0.0,0.100024,0.118308,0.0,0.0,0.0667856,0.0,0.0968135
759.0,29.6273,0.0,0.081504,0.0,0.0,0.0621222,0.273586,0.0,0.0,0.0,0.221246,0.0652584
760.0,29.6606,0.0,0.0547433,0.0,0.0,0.0141172,0.0250621,0.00842197,0.0,0.0,0.38321,0.0
761.0,29.694,0.0,0.262778,0.0,0.0,0.0,0.0,0.0305989,0.0,0.191798,0.212826,0.0964984
762.0,29.7273,0.00861669,0.577952,0.0,0.0,0.0,0.0,0.14484,0.0,0.381632,0.240563,0.0375873
763.0,29.7606,0.0,0.3777,0.0,0.0,0.0,0.0,0.0,0.0,0.219214,0.0307903,0.101339
764.0,29.794,0.0,0.560325,0.0,0.0,0.0,0.0,0.0324784,0.041246,0.406856,0.0,0.0985868
765.0,29.8273,0.0270705,0.544885,0.0,0.0,0.0,0.0,0.0744604,0.204754,0.41939,0.0199966,0.0864803
766.0,29.8606,0.0661686,0.454456,0.0,0.0,0.0,0.0,0.144646,0.358557,0.351003,0.0605613,0.0844226
767.0,29.894,0.0531209,0.225867,0.0,0.0,0.0,0.0,0.232769,0.372774,0.182428,0.0988638,0.062422
768.0,29.9273,0.0391393,0.0577021,0.0,0.0,0.0,0.0,0.350062,0.343425,0.0500595,0.148258,0.0
769.0,29.9606,0.0,0.981642,0.0,0.0611807,0.199086,0.0,0.0544792,0.0433777,0.0,0.00552204,0.0
770.0,29.994,0.0,0.945254,0.0,0.0810458,0.276763,0.0495919,0.000433136,0.0,0.0,0.0,0.0
771.0,30.0273,0.0,0.431837,0.0,0.0,0.045313,0.0,0.030228,0.0400331,0.0,0.0361443,0.243816
772.0,30.0606,0.00061733,0.188775,0.0,0.0,0.0,0.0,0.0,0.0514305,0.0,0.0121804,0.197332
773.0,30.094,0.0410081,0.203962,0.0,0.0,0.0,0.0,0.0425273,0.10054,0.0174813,0.0,0.217525
774.0,30.1273,0.0,0.32875,0.0,0.0,0.0266245,0.0,0.12346,0.146478,0.0,0.188709,0.116127
775.0,30.1606,0.0,0.432549,0.0,0.0,0.00261383,0.0209879,0.0153844,0.147716,0.0,0.344884,0.0213569
776.0,30.194,0.0,0.428964,0.0,0.0,0.0,0.0168059,0.0,0.1836,0.0858646,0.402809,0.0117027
777.0,30.2273,0.0,0.214918,0.00583568,0.0516929,0.181938,0.241526,0.0,0.0477166,0.0,0.459679,0.062827
778.0,30.2606,0.0,0.0754458,0.0482525,0.0449261,0.162265,0.315408,0.0,0.0411288,0.0,0.611188,0.0424756
779.0,30.294,0.0,0.0,0.0,0.0170438,0.0711791,0.3009,0.0,0.0140639,0.0,0.319824,0.0
780.0,30.3273,0.0,0.0753803,0.0,0.0248201,0.104698,0.196557,0.0,0.0151954,0.0,0.378986,0.0882185
781.0,30.3606,0.00510008,0.0428427,0.0,0.00952011,0.0422325,0.419116,0.0,0.00599877,0.0,0.345676,0.0
782.0,30.394,0.0,0.209026,0.0,0.036983,0.117592,0.579195,0.0,0.0012758,0.0825498,0.407565,0.0
783.0,30.4273,0.0,0.548612,0.0,0.0642509,0.20825,0.674219,0.0,0.0,0.178423,0.386772,0.0813054
784.0,30.4606,0.091392,0.635067,0.0,0.0853119,0.255706,0.698832,0.0,0.0,0.199591,0.371895,0.104088
785.0,30.494,0.150741,0.387975,0.0,0.0411658,0.133493,0.515478,0.0,0.0,0.181642,0.0168342,0.124093
786.0,30.5273,0.118481,0.101006,0.0,0.0609024,0.190817,0.0,0.249033,0.0,0.0,0.508985,0.239615
787.0,30.5606,0.0866714,0.0,0.340552,0.019884,0.100806,0.0,0.252306,0.0,0.0,0.332474,0.0730803
788.0,30.594,0.333042,0.0,0.253221,0.0105812,0.0953819,0.0,0.116175,0.0,0.0,0.473043,0.133113
789.0,30.6273,0.331014,0.0,0.304857,0.0862861,0.311578,0.0,0.236883,0.0187378,0.0,0.427315,0.0
790.0,30.6606,0.0681454,0.0,0.0533192,0.0,0.126039,0.0,0.0349345,0.00686272,0.0,0.144292,0.115551
791.0,30.694,0.0,0.0296292,0.00499382,0.0,0.0978647,0.165516,0.0,0.0,0.0495751,0.0312891,0.090479
792.0,30.7273,0.0,0.0518994,0.00078801,0.0,0.0598155,0.299121,0.0,0.0,0.00127974,0.220099,0.0729873
793.0,30.7606,0.0,0.0314979,0.0,0.0,0.00606631,0.0916185,0.0,0.00131622,0.0,0.220814,0.0319714
794.0,30.794,0.0,0.263282,0.0,0.0,0.0,0.0,0.027278,0.0,0.198453,0.190975,0.0460602
795.0,30.8273,0.0029487,0.617959,0.0,0.0,0.0,0.0,0.158783,0.0,0.422598,0.227078,0.0
796.0,30.8606,0.0,0.373262,0.0,0.0,0.0,0.0,0.0,0.0,0.252916,0.0,0.120936
797.0,30.894,0.0,0.53094,0.0,0.0,0.0,0.0,0.0638764,0.0439437,0.40802,0.0,0.10758
798.0,30.9273,0.0305428,0.527833,0.0,0.0,0.0,0.0,0.0998871,0.195215,0.406093,0.0137237,0.140682
799.0,30.9606,0.0753106,0.468495,0.0,0.0,0.0,0.0,0.159008,0.362679,0.349363,0.0601014,0.0919759
800.0,30.994,0.0545203,0.257924,0.0,0.0,0.0,0.0,0.259068,0.391877,0.186778,0.128313,0.0
801.0,31.0273,0.0406526,0.0652559,0.0,0.0,0.0,0.0,0.354041,0.348271,0.056901,0.13625,0.0
802.0,31.0606,0.0,0.980409,0.0,0.0425953,0.146793,0.0,0.280059,0.145681,0.0,0.151951,0.0
803.0,31.094,0.0,0.961079,0.0,0.137948,0.429549,0.0350112,0.0,0.0,0.0,0.0,0.0
804.0,31.1273,0.0,0.262879,0.0,0.0,0.0439075,0.00870752,0.0,0.0107045,0.0184486,0.0,0.195819
805.0,31.1606,0.0280656,0.216818,0.0,0.0,0.0,0.0,0.0,0.116294,0.0999053,0.0166758,0.177567
806.0,31.194,0.0818419,0.233177,0.0,0.0,0.0,0.0,0.0304892,0.162668,0.0659547,0.00397988,0.242915
807.0,31.2273,0.0,0.632564,0.0,0.0,0.0,0.0,0.137763,0.212886,0.0127276,0.152796,0.0457638
808.0,31.2606,0.0,0.393913,0.0,0.0,0.00549488,0.0172443,0.0152457,0.130512,0.0,0.310913,0.0496195
809.0,31.294,0.0,0.584171,0.0,0.0,0.0,0.0260808,0.0,0.163239,0.0704634,0.392398,0.0
810.0,31.3273,0.0,0.298756,0.00362814,0.0539256,0.189121,0.251496,0.0,0.0405093,0.0,0.461167,0.0914238
811.0,31.3606,0.0,0.113282,0.0222675,0.0444955,0.158822,0.339058,0.0,0.0375559,0.0,0.602143,0.0456845
812.0,31.394,0.0,0.0,0.0,0.0157674,0.0639291,0.399046,0.0,0.0,0.0,0.295899,0.0
813.0,31.4273,0.0,0.0,0.0,0.012734,0.0513512,0.352787,0.0,0.0067488,0.0,0.416257,0.0
814.0,31.4606,0.0,0.0630161,0.0,0.0101262,0.0424121,0.464003,0.0,0.0,0.00880058,0.371299,0.0
815.0,31.494,0.0,0.443039,0.0,0.0455907,0.146918,0.56457,0.0,0.0,0.109511,0.367698,0.09447
816.0,31.5273,0.0,0.511975,0.0,0.0607286,0.196696,0.708667,0.0,0.0,0.174962,0.470602,0.0
817.0,31.5606,0.0197945,0.554763,0.0,0.0752604,0.230788,0.715156,0.0,0.0,0.180969,0.492112,0.0
818.0,31.594,0.118656,0.396169,0.0,0.0432258,0.144987,0.495032,0.0,0.0,0.167332,0.0272999,0.128472
819.0,31.6273,0.140586,0.0796745,0.0,0.0623216,0.185106,0.0,0.278583,0.0,0.0,0.540107,0.211106
820.0,31.6606,0.0486337,0.0,0.298216,0.022329,0.108147,0.0,0.275478,0.0,0.0,0.285368,0.0718817
821.0,31.694,0.270336,0.0,0.385723,0.00657213,0.0961387,0.0,0.120672,0.0,0.0,0.473203,0.106872
822.0,31.7273,0.429734,0.0,0.276036,0.0736246,0.26716,0.0,0.222713,0.0159969,0.0,0.509257,0.0
823.0,31.7606,0.0,0.110671,0.0,0.0,0.0688141,0.0,0.0462274,0.00920585,0.0,0.0796939,0.164283
824.0,31.794,0.0,0.0396768,0.00552619,0.0,0.0976229,0.169377,0.0,0.0,0.0562148,0.0155216,0.0815268
825.0,31.8273,0.0,0.0580999,0.00259037,0.0,0.0460316,0.271941,0.0,0.0,0.00064866,0.192542,0.0744104
826.0,31.8606,0.0,0.0331886,0.0,0.0,0.00649027,0.0932572,0.0,0.00363264,0.0,0.231764,0.0189089
827.0,31.894,0.0,0.264226,0.0,0.0,0.0,0.0,0.0284151,0.0,0.19416,0.211653,0.0528523
828.0,31.9273,0.00141639,0.581571,0.0,0.0,0.0,0.0,0.153694,0.0,0.392781,0.227445,0.033736
829.0,31.9606,0.0,0.406083,0.0,0.0,0.0,0.00453771,0.0,0.0,0.241029,0.0103266,0.121244
830.0,31.994,0.0,0.50874,0.0,0.0,0.0,0.0,0.0544884,0.0193545,0.411462,0.0,0.135347
831.0,32.0273,0.0280503,0.587106,0.0,0.0,0.0,0.0,0.00878142,0.190149,0.419834,0.0617655,0.0
832.0,32.0606,0.0649673,0.49209,0.0,0.0,0.0,0.0,0.14998,0.402058,0.363228,0.154859,0.0
833.0,32.094,0.0570717,0.240759,0.0,0.0,0.0,0.0,0.212418,0.370923,0.19864,0.099657,0.071525
834.0,32.1273,0.0411173,0.0618471,0.0,0.0,0.0,0.0,0.359346,0.362381,0.055175,0.149047,0.0
835.0,32.1606,0.0,0.980522,0.0,0.039275,0.135349,0.0,0.275399,0.15,0.0,0.129844,0.0
836.0,32.194,0.0,0.96126,0.0,0.122399,0.391694,0.0121496,0.00792553,0.00481027,0.0,0.00313155,0.0
837.0,32.2273,0.0,0.297649,0.0,0.0,0.037391,0.0,0.0164528,0.0182386,0.0142384,0.0,0.219309
838.0,32.2606,0.0532382,0.268785,0.0,0.0,0.0,0.0,0.0,0.10868,0.0364746,0.0122593,0.226219
839.0,32.294,0.109725,0.268026,0.0,0.0,0.0,0.0,0.0526345,0.13335,0.0444298,0.0,0.235509
840.0,32.3273,0.0,0.529885,0.0,0.0,0.019136,0.0,0.156577,0.147623,0.0,0.184455,0.0825757
841.0,32.3606,0.0,0.472523,0.0,0.0,0.00969696,0.0179889,0.0197662,0.133651,0.0,0.31346,0.0315527
842.0,32.394,0.0,0.573483,0.0,0.0,0.0,0.0242819,0.0,0.151645,0.0677668,0.340181,0.0190125
843.0,32.4273,0.0,0.284072,0.00294089,0.0568378,0.19587,0.239297,0.0,0.0429873,0.0,0.452546,0.0929869
844.0,32.4606,0.0,0.254163,0.000781814,0.0477137,0.167534,0.348802,0.0,0.0436867,0.0,0.584001,0.0430008
845.0,32.494,0.0,0.0550291,0.0,0.0187416,0.0723378,0.40716,0.0,0.0,0.00215147,0.280612,0.0
846.0,32.5273,0.0,0.0894297,0.0,0.0158857,0.058885,0.378895,0.0,0.00651262,0.0,0.418526,0.0
847.0,32.5606,0.0136152,0.195608,0.0,0.0132829,0.0486547,0.449203,0.0,0.0,0.00142308,0.384954,0.0
848.0,32.594,0.0,0.405642,0.0,0.030683,0.100305,0.614061,0.0,0.0,0.099817,0.421904,0.0
849.0,32.6273,0.0,0.610461,0.0,0.0599609,0.196057,0.713947,0.0,0.0,0.1702,0.473789,0.00193969
850.0,32.6606,0.0652063,0.656304,0.0,0.0833429,0.251272,0.700204,0.0,0.0,0.169824,0.440903,0.0
851.0,32.694,0.0876195,0.431468,0.0,0.04423,0.144981,0.556073,0.0,0.0,0.174022,0.145763,0.0609071
852.0,32.7273,0.143367,0.0,0.0,0.0976295,0.270487,0.0,0.330629,0.0,0.0,0.770461,0.422727
853.0,32.7606,0.129884,0.0,0.139848,0.0366205,0.116714,0.0,0.287212,0.0,0.0,0.228719,0.0699118
854.0,32.794,0.276777,0.0,0.411707,0.0,0.079151,0.0,0.0742155,0.0017836,0.0,0.326333,0.0859604
855.0,32.8273,0.219987,0.0,0.182174,0.0743713,0.289494,0.0,0.217795,0.0,0.0,0.354378,0.0497995
856.0,32.8606,0.283966,0.0,0.182061,0.0299396,0.218277,0.0,0.0770229,0.00991239,0.0,0.212371,0.091698
857.0,32.894,0.0,0.0507905,0.00140159,0.0,0.100986,0.172852,0.0,0.0,0.0564792,0.0130874,0.0898408
858.0,32.9273,0.0,0.100983,0.0,0.0,0.0722053,0.310598,0.0,0.0,0.0117554,0.167918,0.0578661
859.0,32.9606,0.0,0.041262,0.0,0.0,0.0169692,0.0905784,0.0,0.0,0.0,0.182891,0.0424272
860.0,32.994,0.0,0.212981,0.0,0.0,0.0,0.0,0.0178241,0.0,0.163503,0.183735,0.0598651
861.0,33.0273,0.00717244,0.581164,0.0,0.0,0.0,0.0,0.156387,0.0,0.385188,0.225414,0.00925313
862.0,33.0606,0.0,0.416678,0.0,0.0,0.0,0.0,0.0,0.0,0.262235,0.0,0.146573
863.0,33.094,0.0,0.503526,0.0,0.0,0.0,0.0,0.0380678,0.01487,0.354167,0.0,0.109941
864.0,33.1273,0.0,0.554917,0.0,0.0,0.0,0.0,0.0469042,0.155825,0.428324,0.0214307,0.0888231
865.0,33.1606,0.0743687,0.524048,0.0,0.0,0.0,0.0,0.0988133,0.359687,0.39766,0.0511978,0.0786768
866.0,33.194,0.0622234,0.267696,0.0,0.0,0.0,0.0,0.225247,0.404232,0.219381,0.060176,0.102788
867.0,33.2273,0.044418,0.0701908,0.0,0.0,0.0,0.0,0.366377,0.37441,0.0590416,0.140754,0.0
868.0,33.2606,0.0,0.97959,0.0,0.024437,0.0989764,0.0,0.293178,0.159264,0.0,0.152524,0.00265304
869.0,33.294,0.0,0.962087,0.0,0.13374,0.413729,0.00313189,0.0253191,0.0216622,0.0,0.0820259,0.0112003
870.0,33.3273,0.0,0.328981,0.0,0.0,0.0552759,0.0177817,0.0,0.0131014,0.0,0.0,0.217337
871.0,33.3606,0.0,0.131772,0.0,0.0,0.0,0.0,0.0,0.105837,0.0491303,0.0179581,0.179997
872.0,33.394,0.0,0.249128,0.0,0.0,0.0,0.0,0.0329351,0.104792,0.033715,0.0,0.217263
873.0,33.4273,0.0,0.578525,0.0,0.0,0.0424072,0.0,0.115621,0.1343,0.0,0.184073,0.0555809
874.0,33.4606,0.0,0.404463,0.0,0.0,0.0278336,0.023561,0.012946,0.124627,0.0,0.323362,0.0
875.0,33.494,0.0,0.459816,0.0,0.0,0.0,0.0247108,0.0,0.151528,0.0548662,0.375645,0.00484794
876.0,33.5273,0.0,0.270133,0.00491061,0.0504813,0.178474,0.238875,0.0,0.0452221,0.0,0.452399,0.0889559
877.0,33.5606,0.0,0.190853,0.00650036,0.0441489,0.157985,0.324129,0.0,0.0427249,0.0,0.607273,0.0282044
878.0,33.594,0.02273,0.0404152,0.0110488,0.0198431,0.0724458,0.34957,0.0,0.0,0.00242569,0.229482,0.0
879.0,33.6273,0.00165601,0.0295123,0.0,0.013091,0.050509,0.320262,0.0,0.00321496,0.0,0.380312,0.0
880.0,33.6606,0.0342835,0.0731704,0.0,0.0123395,0.0442803,0.462427,0.0,0.0,0.0188579,0.35159,0.0
881.0,33.694,0.0788807,0.227793,0.0,0.0399794,0.118859,0.628823,0.0,0.0,0.101911,0.428635,0.0
882.0,33.7273,0.062757,0.404824,0.0,0.0609058,0.191205,0.708882,0.0,0.0,0.173827,0.453315,0.0
883.0,33.7606,0.284695,0.507498,0.0,0.0883371,0.245552,0.722211,0.0,0.0,0.170771,0.46893,0.00115028
884.0,33.794,0.361415,0.373049,0.0,0.0522589,0.145043,0.562984,0.0,0.0,0.183831,0.0685937,0.0939652
885.0,33.8273,0.111482,0.0,0.0,0.054513,0.17756,0.0,0.229242,0.0,0.0,0.522198,0.256083
886.0,33.8606,0.136598,0.109279,0.421875,0.00546034,0.0643157,0.0,0.214622,0.0,0.0,0.306231,0.0168536
887.0,33.894,0.265995,0.0,0.404819,0.0,0.0730688,0.0,0.0952702,0.00671563,0.0,0.459972,0.0971756
888.0,33.9273,0.398248,0.0,0.310405,0.0510602,0.21978,0.0,0.206879,0.0176311,0.0,0.422881,0.00125433
889.0,33.9606,0.0578034,0.0,0.041932,0.0,0.117831,0.0,0.031886,0.00998622,0.0,0.153426,0.12811
890.0,33.994,0.0,0.0326456,0.00606465,0.0,0.0990269,0.158432,0.0,0.0,0.0468913,0.0325647,0.0809396
891.0,34.0273,0.0,0.0482628,0.00146699,0.0,0.0569424,0.285782,0.0,0.0,0.0,0.213069,0.0677189
892.0,34.0606,0.0,0.0355586,0.0,0.0,0.00426327,0.0599181,0.00533489,0.0149934,0.0,0.204513,0.023642
893.0,34.094,0.0,0.274817,0.0,0.0,0.0,0.0,0.0308727,0.0,0.21446,0.18078,0.0425221
894.0,34.1273,0.00313658,0.612297,0.0,0.0,0.0,0.0,0.172306,0.0,0.420244,0.220535,0.0
895.0,34.1606,0.0,0.382232,0.0,0.0,0.0,0.0,0.0,0.0,0.255696,0.0,0.140579
896.0,34.194,0.0,0.533949,0.0,0.0,0.0,0.0,0.0720799,0.0465029,0.404874,0.0,0.0875457
897.0,34.2273,0.0273096,0.542556,0.0,0.0,0.0,0.0,0.0842861,0.201265,0.423208,0.0184311,0.138157
898.0,34.2606,0.076474,0.437629,0.0,0.0,0.0,0.0,0.193241,0.371899,0.337278,0.0523048,0.152092
899.0,34.294,0.0589994,0.227608,0.0,0.0,0.0,0.0,0.274698,0.393278,0.177398,0.10616,0.0637188
900.0,34.3273,0.0408061,0.0667065,0.0,0.0,0.0,0.0,0.349871,0.341667,0.0532964,0.144003,0.0
901.0,34.3606,0.0,0.982218,0.0,0.0606544,0.200838,0.0,0.0564068,0.0503753,0.0,0.0180671,0.0
902.0,34.394,0.0,0.936011,0.0,0.0835197,0.284984,0.00467068,0.0290096,0.0,0.0,0.0,0.0
903.0,34.4273,0.0,0.409907,0.0,0.0,0.0488991,0.0,0.0690255,0.0672654,0.0,0.0500208,0.148545
904.0,34.4606,0.0,0.240156,0.0,0.0,0.00200961,0.0,0.0159344,0.0486812,0.0,0.0230287,0.12141
905.0,34.494,0.0,0.283383,0.0,0.0,0.0,0.0,0.112658,0.129588,0.0571297,0.0,0.192147
906.0,34.5273,0.0,0.616039,0.0,0.0,0.0355786,0.0,0.126766,0.146993,0.0,0.2219,0.0641839
907.0,34.5606,0.0,0.42824,0.0,0.0,0.0,0.0210516,0.00221011,0.141243,0.0,0.298934,0.00826349
908.0,34.594,0.0,0.424653,0.0,0.0,0.0,0.0227,0.0,0.15124,0.0790583,0.311126,0.0275626
909.0,34.6273,0.0,0.223482,0.0120125,0.0540302,0.187069,0.22218,0.0,0.0534517,0.0,0.481823,0.0482116
910.0,34.6606,0.0,0.0824697,0.0446747,0.0435882,0.158462,0.314692,0.0,0.0387231,0.0,0.602937,0.0217958
911.0,34.694,0.0,0.00266366,0.0,0.016273,0.0666035,0.295579,0.0,0.00775718,0.0,0.283579,0.0
912.0,34.7273,0.00204241,0.0,0.0,0.0168705,0.0629493,0.280274,0.0,0.0172426,0.0,0.401531,0.0
913.0,34.7606,0.0,0.0942233,0.0,0.0162576,0.0597377,0.433139,0.0,0.00365415,0.00576214,0.327703,0.0
914.0,34.794,0.0,0.265746,0.0,0.0404083,0.128183,0.590288,0.0,0.00197873,0.0966498,0.396083,0.0
915.0,34.8273,0.0,0.506351,0.0,0.0695038,0.223173,0.733565,0.0,0.0,0.200967,0.441447,0.0
916.0,34.8606,0.0807517,0.567032,0.0,0.0811128,0.238852,0.705959,0.0,0.0,0.176372,0.463141,0.0228593
917.0,34.894,0.150181,0.390443,0.0,0.0468072,0.147895,0.491151,0.0,0.0,0.174503,0.00075246,0.146129
918.0,34.9273,0.0924483,0.0935247,0.0,0.062602,0.198428,0.0,0.275425,0.0,0.0,0.472879,0.224869
919.0,34.9606,0.0649154,0.0,0.345185,0.0178782,0.104748,0.0,0.227398,0.0,0.0,0.331605,0.091439
920.0,34.994,0.228821,0.0,0.310345,0.00684802,0.0879449,0.0,0.154022,0.0,0.0,0.554406,0.145953
921.0,35.0273,0.360672,0.0,0.314063,0.0555916,0.224695,0.0,0.222327,0.0291327,0.0,0.494828,0.0541223
922.0,35.0606,0.00345951,0.0,0.119384,0.0,0.115683,0.0,0.0541995,0.012862,0.0,0.15127,0.130312
923.0,35.094,0.0,0.0380034,0.00361103,0.0,0.0962379,0.160819,0.0,0.0,0.0330914,0.0457465,0.0964178
924.0,35.1273,0.0,0.0438324,0.0,0.0,0.0626891,0.285549,0.0,0.0,0.0,0.267961,0.10337
925.0,35.1606,0.0,0.0426569,0.0,0.0,0.0186185,0.0278046,0.00872366,0.0,0.0,0.37523,0.0
926.0,35.194,0.0,0.265478,0.0,0.0,0.0,0.0,0.0294837,0.0,0.194329,0.210383,0.0305537
927.0,35.2273,0.0059556,0.61193,0.0,0.0,0.0,0.0,0.162611,0.0,0.411566,0.217106,0.0
928.0,35.2606,0.0,0.35843,0.0,0.0,0.0,0.0,0.0,0.0,0.265036,0.0,0.126464
929.0,35.294,0.0,0.528183,0.0,0.0,0.0,0.0,0.0731039,0.0477985,0.414406,0.0,0.0833322
930.0,35.3273,0.0353848,0.534573,0.0,0.0,0.0,0.0,0.0949117,0.197744,0.405624,0.0244172,0.0794484
931.0,35.3606,0.0749559,0.459884,0.0,0.0,0.0,0.0,0.158174,0.352133,0.342131,0.0662445,0.0793227
932.0,35.394,0.0602044,0.243782,0.0,0.0,0.0,0.0,0.269772,0.39561,0.182324,0.0960025,0.0338355
933.0,35.4273,0.0414742,0.0689212,0.0,0.0,0.0,0.0,0.356307,0.358412,0.058404,0.15746,0.0
934.0,35.4606,0.0,0.987642,0.0,0.0685642,0.209625,0.0,0.0585898,0.0436862,0.00988075,0.0,0.0
935.0,35.494,0.0,0.931525,0.0,0.0839995,0.287335,0.00105724,0.0322799,0.0,0.0,0.0,0.0
936.0,35.5273,0.0,0.392863,0.0,0.0,0.0388668,0.0,0.0574295,0.0575099,0.0,0.0337167,0.121067
937.0,35.5606,0.0,0.363308,0.0,0.0,0.0,0.0,0.0,0.0258734,0.0128074,0.0,0.153285
938.0,35.594,0.0438278,0.236209,0.0,0.0,0.0,0.0,0.0727827,0.107565,0.0498653,0.0,0.200633
939.0,35.6273,0.0,0.472216,0.0,0.0,0.0409016,0.0,0.144243,0.152315,0.0,0.210446,0.100036
940.0,35.6606,0.0,0.452662,0.0,0.0,0.00148822,0.020219,0.0132141,0.157902,0.0,0.345601,0.0241219
941.0,35.694,0.0,0.498478,0.0,0.0,0.0,0.028052,0.0,0.149791,0.0815028,0.341513,0.0483584
942.0,35.7273,0.0,0.262387,0.0116017,0.0557071,0.192455,0.24933,0.0,0.0477968,0.0,0.492754,0.0848439
943.0,35.7606,0.0,0.0881785,0.063386,0.0450474,0.163026,0.311657,0.0,0.0381697,0.0,0.61282,0.0539408
944.0,35.794,0.0,0.0,0.0,0.0150077,0.064759,0.362836,0.0,0.00938714,0.0,0.332192,0.0
945.0,35.8273,0.0,0.0408259,0.0,0.0206644,0.085813,0.241153,0.0,0.0191235,0.0,0.377638,0.0
946.0,35.8606,0.0,0.0766176,0.0,0.0177051,0.0655422,0.437686,0.0,0.00243991,0.00105352,0.350326,0.0
947.0,35.894,0.0,0.38158,0.0,0.043095,0.136902,0.618509,0.0,0.0,0.107908,0.41117,0.0
948.0,35.9273,0.0,0.588141,0.0,0.071831,0.229922,0.723595,0.0,0.0,0.195465,0.440807,0.0
949.0,35.9606,0.0,0.561486,0.0,0.0764816,0.232589,0.67658,0.0,0.0,0.169178,0.433046,0.0
950.0,35.994,0.0400192,0.381095,0.0,0.0534322,0.180768,0.388973,0.0,0.0,0.139078,0.0433114,0.218468
951.0,36.0273,0.0154343,0.0668519,0.0,0.0602251,0.188802,0.0,0.365632,0.0,0.0,0.501643,0.22485
952.0,36.0606,0.0,0.0,0.0,0.0254325,0.100895,0.0,0.312215,0.0,0.0,0.338852,0.0767674
953.0,36.094,0.149097,0.0,0.234973,0.00513079,0.0800153,0.0,0.193708,0.021643,0.0,0.601842,0.135298
954.0,36.1273,0.181061,0.0,0.316521,0.0573628,0.238366,0.0,0.243135,0.0443796,0.0,0.556415,0.00239823
955.0,36.1606,0.107562,0.00168312,0.156779,0.0,0.136811,0.0,0.0744208,0.0150942,0.0,0.140682,0.0959842
956.0,36.194,0.0,0.0424392,0.00140241,0.0,0.0976418,0.159977,0.0,0.0,0.0684901,0.00880839,0.10297
957.0,36.2273,0.0,0.0759993,0.0,0.0,0.0713724,0.29891,0.0,0.0,0.00635398,0.215259,0.0929857
958.0,36.2606,0.0,0.0534341,0.0,0.0,0.0108135,0.118648,0.0,0.0,0.0,0.2062,0.0255846
959.0,36.294,0.0,0.238801,0.0,0.0,0.0,0.0,0.0225394,0.0,0.167802,0.174492,0.0340234
960.0,36.3273,0.0152243,0.59283,0.0,0.0,0.0,0.0,0.152989,0.0,0.382787,0.209919,0.0
961.0,36.3606,0.0,0.386707,0.0,0.0,0.0,0.0,0.0,0.0,0.25977,0.0,0.122431
962.0,36.394,0.0,0.537661,0.0,0.0,0.0,0.0,0.0571021,0.0332431,0.40817,0.0,0.102181
963.0,36.4273,0.0362452,0.558695,0.0,0.0,0.0,0.0,0.0764956,0.189076,0.418059,0.0286618,0.0798253
964.0,36.4606,0.0796158,0.500678,0.0,0.0,0.0,0.0,0.134017,0.364402,0.370653,0.0615009,0.0594662
965.0,36.494,0.064543,0.277398,0.0,0.0,0.0,0.0,0.242571,0.40327,0.205696,0.0933733,0.020352
966.0,36.5273,0.0446843,0.0743768,0.0,0.0,0.0,0.0,0.349983,0.369252,0.0626289,0.149708,0.0
967.0,36.5606,0.0,0.980698,0.0,0.034829,0.124143,0.0,0.291507,0.147905,0.0,0.160248,0.0
968.0,36.594,0.0,0.961378,0.0,0.143481,0.438713,0.0194262,0.0,0.00355247,0.0,0.0226634,0.0
969.0,36.6273,0.0,0.332845,0.0,0.0,0.0448741,0.0267729,0.0,0.00694969,0.0,0.0,0.149185
970.0,36.6606,0.0260503,0.233908,0.0,0.0,0.0,0.0,0.0,0.108828,0.116357,0.0609785,0.0713215
971.0,36.694,0.091766,0.316149,0.0,0.0,0.0,0.0,0.0880641,0.196172,0.107644,0.0,0.205208
972.0,36.7273,0.0,0.796836,0.0,0.0,0.0101939,0.0,0.123643,0.146936,0.0,0.21338,0.0335674
973.0,36.7606,0.0,0.405116,0.0,0.0,0.0393256,0.0199881,0.0110592,0.0842762,0.0,0.246758,0.0339634
974.0,36.794,0.0,0.425397,0.0,0.0,0.0,0.0282342,0.0,0.121661,0.0360245,0.316105,0.0
975.0,36.8273,0.0,0.25529,0.011044,0.0508335,0.179446,0.233272,0.0,0.0405648,0.0,0.439042,0.0682379
976.0,36.8606,0.0,0.133224,0.0654099,0.047236,0.165487,0.305536,0.0,0.0311398,0.0,0.560663,0.0481175
977.0,36.894,0.0,0.0173515,0.00488157,0.0181176,0.0667797,0.364835,0.0,0.0,0.00301814,0.229584,0.0
978.0,36.9273,0.0,0.0134365,0.0,0.011202,0.0457909,0.325239,0.0,0.000563025,0.0,0.382239,0.0
979.0,36.9606,0.0,0.0576363,0.0,0.0156849,0.0531509,0.458778,0.0,0.0,0.0183022,0.349819,0.0
980.0,36.994,0.0360141,0.187798,0.0,0.037031,0.112345,0.610566,0.0,0.0,0.0991996,0.420106,0.0
981.0,37.0273,0.0727626,0.360091,0.0,0.0567002,0.176151,0.72316,0.0,0.0,0.176275,0.491329,0.0
982.0,37.0606,0.316569,0.47104,0.0,0.0878031,0.23984,0.737986,0.0,0.0,0.179489,0.494376,0.0128075
983.0,37.094,0.485446,0.487708,0.0,0.0737987,0.189438,0.544542,0.0,0.0,0.116892,0.193342,0.202388
984.0,37.1273,0.122779,0.0,0.0,0.0610119,0.185035,0.0,0.250397,0.0,0.0,0.576204,0.252712
985.0,37.1606,0.13488,0.0,0.343412,0.0213728,0.0949365,0.0,0.279539,0.0,0.0,0.442039,0.077466
986.0,37.194,0.316104,0.0,0.376275,0.0176605,0.0994129,0.0,0.209269,0.0219928,0.0,0.665364,0.0325236
987.0,37.2273,0.257609,0.0,0.260228,0.0158155,0.111046,0.0,0.249843,0.0349115,0.0,0.503836,0.0286459
988.0,37.2606,0.0,0.0,0.0563063,0.0,0.0810511,0.0,0.0760013,0.00606624,0.0101376,0.0434374,0.0781725
989.0,37.294,0.0,0.0348766,0.00300191,0.0,0.106098,0.16231,0.0,0.0,0.0121652,0.0778144,0.0856904
990.0,37.3273,0.0,0.049194,0.00021205,0.0,0.0434317,0.23579,0.0,0.0,0.0,0.189311,0.0748792
991.0,37.3606,0.0,0.0444064,0.0,0.0,0.00531271,0.0491934,0.00891684,0.0148655,0.0,0.20316,0.0179521
992.0,37.394,0.0,0.301281,0.0,0.0,0.0,0.0,0.0357443,0.0128698,0.224612,0.159567,0.0452535
993.0,37.4273,0.00746697,0.634422,0.0,0.0,0.0,0.0,0.185894,0.0,0.434126,0.212948,0.0
994.0,37.4606,0.0,0.362371,0.0,0.0,0.0,0.0,0.0,0.0,0.247186,0.0,0.0952879
995.0,37.494,0.0,0.541201,0.0,0.0,0.0,0.0,0.0640934,0.0520614,0.417378,0.0,0.100822
996.0,37.5273,0.0371438,0.530414,0.0,0.0,0.0,0.0,0.100645,0.210673,0.410012,0.0174876,0.105857
997.0,37.5606,0.0728252,0.426165,0.0,0.0,0.0,0.0,0.186227,0.358191,0.320531,0.030464,0.180492
998.0,37.594,0.0593178,0.224829,0.0,0.0,0.0,0.0,0.277342,0.393289,0.168541,0.0987804,0.055666
999.0,37.6273,0.0,0.980367,0.0,0.0,0.0,0.0,0.318908,0.383954,0.137835,0.0,0.115125
1000.0,37.6606,0.0,0.943146,0.0,0.135472,0.43015,0.039968,0.189113,0.105976,0.0,0.440788,0.666349
1001.0,37.694,0.0,0.899621,0.0,0.0541256,0.222972,0.00675046,0.0455544,0.0237749,0.0,0.0203155,0.0604095
1002.0,37.7273,0.0,0.462189,0.0,0.0,0.059089,0.0,0.0825954,0.0637079,0.0,0.0281201,0.161527
1003.0,37.7606,0.0,0.197293,0.0,0.0,0.0,0.0,0.00804886,0.0659938,0.0267765,0.0,0.16832
1004.0,37.794,0.0740815,0.240172,0.0,0.0,0.0,0.0,0.0803383,0.0942052,0.0573612,0.0,0.207139
1005.0,37.8273,0.0,0.5178,0.0,0.0,0.0373134,0.0,0.120939,0.150636,0.0,0.225425,0.0671307
1006.0,37.8606,0.0,0.401789,0.0,0.0,0.0,0.0168068,0.0145255,0.178593,0.0,0.344171,0.0
1007.0,37.894,0.0,0.386441,0.0,0.0,0.0,0.0142241,0.0,0.183159,0.0909797,0.338072,0.0476024
1008.0,37.9273,0.0,0.207129,0.0194396,0.0548725,0.189147,0.2015,0.0,0.0651725,0.0,0.511441,0.046769
1009.0,37.9606,0.0,0.0730408,0.0423473,0.0448517,0.161157,0.330168,0.0,0.041538,0.0,0.611469,0.017101
1010.0,37.994,0.0,0.0,0.0,0.0175801,0.0716608,0.263811,0.0,0.0114312,0.0,0.301474,0.0
1011.0,38.0273,0.0,0.0,0.0,0.0154696,0.0601656,0.25721,0.0,0.0186719,0.0,0.405961,0.0
1012.0,38.0606,0.0,0.0655165,0.0,0.0149324,0.0556267,0.426151,0.0,0.00406389,0.00293825,0.327313,0.0
1013.0,38.094,0.0,0.395845,0.0,0.0505505,0.1636,0.540561,0.0,0.00240369,0.0943431,0.3346,0.0929963
1014.0,38.1273,0.0,0.481638,0.0,0.0681225,0.218548,0.711141,0.0,0.0,0.190606,0.420586,0.0
1015.0,38.1606,0.0680719,0.544816,0.0,0.0788715,0.23401,0.725082,0.0,0.0,0.187411,0.498599,0.0383631
1016.0,38.194,0.153402,0.369775,0.0,0.0400087,0.138258,0.455989,0.0,0.0,0.170536,0.0,0.16586
1017.0,38.2273,0.124318,0.0805581,0.0,0.0609885,0.190803,0.0,0.257501,0.0,0.0,0.491075,0.21705
1018.0,38.2606,0.102398,0.00667198,0.367222,0.018565,0.10442,0.0,0.230501,0.0,0.0,0.338408,0.0762756
1019.0,38.294,0.264713,0.0,0.325945,0.0164911,0.104333,0.0,0.176293,0.0112007,0.0,0.553404,0.0749158
1020.0,38.3273,0.473132,0.0,0.383862,0.0561651,0.227031,0.0,0.195904,0.0203131,0.0,0.479361,0.0214326
1021.0,38.3606,0.0790651,0.0,0.100019,0.0,0.121406,0.0,0.0581084,0.00896298,0.0,0.140885,0.123207
1022.0,38.394,0.0,0.0224508,0.00596416,0.0,0.10139,0.137092,0.0,0.0,0.0390484,0.0277096,0.081211
1023.0,38.4273,0.0,0.0368263,0.000679276,0.0,0.0550722,0.293819,0.0,0.0,0.0,0.246273,0.0820623
1024.0,38.4606,0.0,0.0480729,0.0,0.0,0.0384221,0.0,0.0724627,0.0,0.0,0.522739,0.0
1025.0,38.494,0.0,0.28444,0.0,0.0,0.0,0.0,0.0307677,0.0,0.205989,0.209339,0.0202186
1026.0,38.5273,0.00324234,0.62888,0.0,0.0,0.0,0.0,0.165766,0.0,0.43158,0.213017,0.0
1027.0,38.5606,0.0,0.371192,0.0,0.0,0.0,0.0,0.0372557,0.0,0.295132,0.0,0.114013
1028.0,38.594,0.0,0.524867,0.0,0.0,0.0,0.0,0.0912542,0.0599078,0.417183,0.0,0.084602
1029.0,38.6273,0.0392372,0.531838,0.0,0.0,0.0,0.0,0.103274,0.197194,0.399685,0.0239251,0.0893816
1030.0,38.6606,0.0741506,0.46121,0.0,0.0,0.0,0.0,0.149852,0.339261,0.341178,0.067692,0.0880929
1031.0,38.694,0.0604953,0.256525,0.0,0.0,0.0,0.0,0.255741,0.395454,0.193244,0.0980266,0.0264707
1032.0,38.7273,0.04449,0.0682847,0.0,0.0,0.0,0.0,0.356497,0.362481,0.061984,0.108189,0.0257443
1033.0,38.7606,0.0,0.980574,0.0,0.0390057,0.136199,0.0,0.290177,0.148072,0.0,0.164394,0.0
1034.0,38.794,0.0,0.961606,0.0,0.140158,0.432091,0.0210474,0.0,0.0,0.0,0.0043809,0.0
1035.0,38.8273,0.0,0.310335,0.0,0.0,0.0395398,0.0139396,0.0,0.00782639,0.0167581,0.0,0.179073
1036.0,38.8606,0.0088344,0.230657,0.0,0.0,0.0,0.0,0.0,0.112744,0.0833852,0.0190998,0.193523
1037.0,38.894,0.0548436,0.231575,0.0,0.0,0.0,0.0,0.0368709,0.157379,0.0608541,0.0,0.19795
1038.0,38.9273,0.0,0.605526,0.0,0.0,0.0203164,0.0,0.152839,0.156198,0.0,0.209008,0.0826692
1039.0,38.9606,0.0,0.52502,0.0,0.0,0.0115636,0.0227033,0.0148214,0.133776,0.0,0.331024,0.0427465
1040.0,38.994,0.0,0.623726,0.0,0.0,0.0,0.0344136,0.0,0.138252,0.0523607,0.34987,0.0208999
1041.0,39.0273,0.0,0.328721,0.0,0.0558917,0.194597,0.258485,0.0,0.0396929,0.0,0.471405,0.0990557
1042.0,39.0606,0.0,0.170629,0.0,0.0469879,0.162177,0.331906,0.0,0.0357575,0.0,0.589711,0.048144
1043.0,39.094,0.0,0.0,0.0,0.0162047,0.0633236,0.422647,0.0,0.0,0.00325778,0.291503,0.0
1044.0,39.1273,0.0,0.0452587,0.0,0.0154874,0.0531764,0.389123,0.0,0.00154091,0.0,0.442982,0.0
1045.0,39.1606,0.0,0.114667,0.0,0.0122555,0.0445381,0.483359,0.0,0.0,0.0135138,0.3934,0.0
1046.0,39.194,0.0,0.394546,0.0,0.0328806,0.107121,0.647042,0.0,0.0,0.112765,0.451391,0.0
1047.0,39.2273,0.0,0.540479,0.0,0.058968,0.190408,0.72713,0.0,0.0,0.163443,0.527936,0.0
1048.0,39.2606,0.0,0.53189,0.0,0.0722392,0.221614,0.693105,0.0,0.0,0.169986,0.479407,0.0
1049.0,39.294,0.0442487,0.388108,0.0,0.0352414,0.136903,0.427549,0.0,0.0,0.124653,0.0764417,0.107464
1050.0,39.3273,0.10543,0.1094,0.0,0.0654141,0.192177,0.0,0.37058,0.0,0.0,0.636291,0.196106
1051.0,39.3606,0.0608561,0.0,0.120505,0.028902,0.107944,0.0,0.318628,0.0,0.0,0.381919,0.0826821
1052.0,39.394,0.282813,0.0,0.400035,0.0141972,0.102417,0.0,0.185784,0.0244494,0.0,0.635648,0.0812234
1053.0,39.4273,0.462474,0.0,0.413253,0.0483436,0.205546,0.0,0.209267,0.0269936,0.0,0.459455,0.040083
1054.0,39.4606,0.031976,0.0,0.169061,0.0,0.107151,0.0,0.0759921,0.0208503,0.0,0.134742,0.162272
1055.0,39.494,0.0,0.0874725,0.00367225,0.0,0.0920577,0.144979,0.0,0.0,0.0835768,0.0,0.100465
1056.0,39.5273,0.0,0.093173,0.0,0.0,0.0627547,0.28012,0.0,0.0,0.0,0.21165,0.0530405
1057.0,39.5606,0.0,0.0756212,0.0,0.0,0.0381156,0.0,0.0864755,0.0,0.0,0.559839,0.0
1058.0,39.594,0.0,0.270524,0.0,0.0,0.0,0.0,0.0280099,0.0,0.192339,0.22793,0.0859216
1059.0,39.6273,0.00886698,0.5564,0.0,0.0,0.0,0.0,0.15546,0.0,0.369393,0.228379,0.0201658
1060.0,39.6606,0.0,0.412977,0.0,0.0,0.0,0.0461012,0.0,0.0,0.245554,0.0526807,0.103389
1061.0,39.694,0.0,0.542623,0.0,0.0,0.0,0.0,0.0,0.0171262,0.370217,0.0,0.103444
1062.0,39.7273,0.0181028,0.542739,0.0,0.0,0.0,0.0,0.0551871,0.194827,0.412924,0.0291009,0.070211
1063.0,39.7606,0.0631102,0.462481,0.0,0.0,0.0,0.0,0.130335,0.363355,0.357531,0.0575146,0.0620136
1064.0,39.794,0.0511014,0.220495,0.0,0.0,0.0,0.0,0.229043,0.374875,0.18219,0.0976809,0.0444337
1065.0,39.8273,0.0365503,0.0508716,0.0,0.0,0.0,0.0,0.342217,0.33687,0.048984,0.141317,0.0
1066.0,39.8606,0.0,0.979453,0.0,0.0392782,0.14037,0.0,0.254933,0.141254,0.0,0.130815,0.0
1067.0,39.894,0.0,0.961673,0.0,0.118962,0.381853,0.0249338,0.0,0.00185481,0.0,0.0068082,0.0
1068.0,39.9273,0.0,0.441613,0.0,0.0,0.0571265,0.0,0.0142874,0.0164157,0.0,0.0,0.221452
1069.0,39.9606,0.00148323,0.189714,0.0,0.0,0.0,0.0,0.0,0.0956559,0.0480744,0.00793505,0.201901
1070.0,39.994,0.0,0.253679,0.0,0.0,0.0,0.0,0.0554509,0.0886076,0.00568883,0.00879139,0.200319
1071.0,40.0273,0.0,0.430523,0.0,0.0,0.0440565,0.0,0.131189,0.134585,0.0,0.160667,0.117314
1072.0,40.0606,0.0,0.494466,0.0,0.0,0.0348598,0.022424,0.0158052,0.136742,0.0,0.336295,0.0262974
1073.0,40.094,0.0,0.518056,0.0,0.0,0.0,0.0280831,0.0,0.145457,0.0541614,0.409606,0.0
1074.0,40.1273,0.0,0.248365,0.0,0.0525624,0.186104,0.263671,0.0,0.0360549,0.0,0.448054,0.103134
1075.0,40.1606,0.0,0.142787,0.00254887,0.0440707,0.157879,0.338494,0.0,0.0434008,0.0,0.608894,0.0358748
1076.0,40.194,0.0,0.0,0.0,0.0191952,0.0752778,0.353521,0.0,0.00906331,0.0,0.307904,0.0
1077.0,40.2273,0.0,0.0,0.0,0.0173362,0.0651592,0.330111,0.0,0.0112428,0.0,0.4221,0.0
1078.0,40.2606,0.0,0.0680102,0.0,0.00849989,0.0390221,0.436711,0.0,0.00171729,0.0,0.373799,0.0
1079.0,40.294,0.0,0.28939,0.0,0.0323105,0.104133,0.588366,0.0,0.0,0.0831634,0.4215,0.0
1080.0,40.3273,0.0,0.511789,0.0,0.0526994,0.173681,0.725719,0.0,0.0,0.163257,0.507649,0.0
1081.0,40.3606,0.0,0.550829,0.0,0.0728052,0.227378,0.718057,0.0,0.0,0.182704,0.485761,0.0
1082.0,40.394,0.066864,0.388802,0.0,0.039845,0.136795,0.531922,0.0,0.0,0.171803,0.0658808,0.108953
1083.0,40.4273,0.180696,0.0212282,0.0,0.0653303,0.188666,0.0,0.253436,0.0,0.0,0.543154,0.233262
1084.0,40.4606,0.0942159,0.0,0.179461,0.0298239,0.105928,0.0,0.279097,0.0,0.0,0.234602,0.067367
1085.0,40.494,0.218584,0.0,0.403804,0.0,0.0742026,0.0,0.119623,0.00237591,0.0,0.449811,0.127433
1086.0,40.5273,0.416978,0.0,0.347861,0.0593392,0.233685,0.0,0.208537,0.0196091,0.0,0.453847,0.0
1087.0,40.5606,0.103283,0.0,0.050745,0.0,0.104593,0.0,0.0419973,0.00405824,0.0,0.161689,0.110597
1088.0,40.594,0.0,0.0532567,0.00334933,0.0,0.0924698,0.149431,0.0,0.0,0.0718221,0.0,0.102692
1089.0,40.6273,0.0,0.0926638,0.0,0.0,0.0806448,0.310474,0.0,0.0,0.00692413,0.187742,0.0667285
1090.0,40.6606,0.0,0.0406873,0.0,0.0,0.00854085,0.110489,0.0,0.0,0.0,0.215449,0.0314229
1091.0,40.694,0.0,0.230797,0.0,0.0,0.0,0.0,0.026456,0.0,0.175414,0.185042,0.0781537
1092.0,40.7273,0.00472142,0.568295,0.0,0.0,0.0,0.0,0.166856,0.0,0.381251,0.233405,0.019196
1093.0,40.7606,0.0,0.41459,0.0,0.0,0.0,0.0,0.0,0.0,0.258139,0.0172924,0.132133
1094.0,40.794,0.0,0.533539,0.0,0.0,0.0,0.0,0.0,0.0120716,0.35564,0.0,0.109473
1095.0,40.8273,0.017617,0.563807,0.0,0.0,0.0,0.0,0.0479634,0.182845,0.430769,0.0296533,0.0986251
1096.0,40.8606,0.0726372,0.504837,0.0,0.0,0.0,0.0,0.121749,0.379809,0.37452,0.0528232,0.0536891
1097.0,40.894,0.0593825,0.254012,0.0,0.0,0.0,0.0,0.238688,0.403458,0.199287,0.0960242,0.0382436
1098.0,40.9273,0.0398144,0.0596213,0.0,0.0,0.0,0.0,0.351095,0.357997,0.053509,0.137708,0.0
1099.0,40.9606,0.0,0.979572,0.0,0.0303091,0.115519,0.0,0.267533,0.151235,0.0,0.13656,0.0665907
1100.0,40.994,0.0,0.962551,0.0,0.13266,0.41033,0.00664088,0.0153183,0.0150649,0.0,0.0744223,0.0
1101.0,41.0273,0.0,0.423101,0.0,0.0,0.0512177,0.00787129,0.0,0.0138085,0.0,0.0,0.196063
1102.0,41.0606,0.0,0.167274,0.0,0.0,0.0,0.0,0.0,0.0848214,0.0350063,0.0243709,0.0591672
1103.0,41.094,0.0674943,0.250639,0.0,0.0,0.00275962,0.0,0.0233093,0.0666102,0.0,0.0,0.233736
1104.0,41.1273,0.0,0.426669,0.0,0.0,0.0289581,0.0,0.137197,0.144526,0.0,0.177297,0.106644
