frame,time,Gastrocnemius Medialis,Tibialis Anterior,Soleus,Vastus Medialis,Vastus Lateralis,Rectus Femoris,Biceps Femoris,Semitendinosus,Gracilis,Gluteus Medius,External Oblique
0.0,6.95139,0.0,0.0740515,0.0,0.00817182,0.0406245,0.0,0.0263891,0.0527139,0.0,0.116628,0.10446
1.0,6.98472,0.0111261,0.0614165,0.0,0.0,0.0,0.0,0.000180371,0.0515923,0.0625682,0.0370323,0.12856
2.0,7.01805,0.00965944,0.122916,0.0,0.0,0.0,0.0,0.0,0.18214,0.143313,0.0374558,0.110907
3.0,7.05139,0.0691965,0.0811492,0.0,0.0116654,0.0408624,0.0234133,0.0109733,0.0645945,0.0,0.256924,0.0360177
4.0,7.08472,0.0,0.251448,0.0,0.0133319,0.0398097,0.0333548,0.0,0.0758819,0.0,0.376668,0.0225204
5.0,7.11805,0.0,0.223343,0.0,0.0,0.0,0.0940807,0.0,0.104482,0.0,0.425513,0.0776208
6.0,7.15139,0.0259261,0.148557,0.0,0.0,0.0,0.0706899,0.0,0.194446,0.111401,0.469831,0.0726865
7.0,7.18472,0.267836,0.341251,0.00258154,0.0,0.0,0.193258,0.0,0.119723,0.0665629,0.333522,0.0
8.0,7.21805,0.250615,0.0915864,0.000749243,0.0,0.0,0.0813464,0.0,0.0643033,0.0,0.418842,0.0
9.0,7.25139,0.316442,0.178775,0.0,0.0,0.00291156,0.066063,0.000262828,0.0583843,0.0,0.433126,0.0
10.0,7.28472,0.322163,0.203078,0.145544,0.0131178,0.0442655,0.147221,0.0,0.00266367,0.0,0.300596,0.0
11.0,7.31805,0.280716,0.201157,0.440774,0.0257344,0.0747868,0.35269,0.0,0.0,0.005481,0.337697,0.0
12.0,7.35139,0.788303,0.205372,0.444783,0.060006,0.151442,0.606409,0.0,0.0,0.0656891,0.424916,0.0
13.0,7.38472,0.802676,0.158054,0.459642,0.0735073,0.178572,0.631174,0.0,0.0,0.0803931,0.527792,0.0
14.0,7.41805,0.755596,0.272341,0.197866,0.0230036,0.0474103,0.464027,0.0,0.0349263,0.0680233,0.343928,0.0
15.0,7.45139,0.0665509,0.0,0.102647,0.0896703,0.22449,0.0,0.425003,0.0,0.0,0.855888,0.0838646
16.0,7.48472,0.176591,0.0987692,0.342218,0.0,0.0,0.0,0.0743201,0.0460714,0.0,0.10904,0.0
17.0,7.51805,0.178789,0.00852719,0.177867,0.0,0.0124534,0.0204713,0.0,0.00903978,0.0,0.241353,0.088128
18.0,7.55139,0.280304,0.0,0.311591,0.0327216,0.131465,0.0209693,0.0,0.0,0.0,0.406522,0.0
19.0,7.58472,0.0,0.0419976,0.0,0.00221113,0.0787943,0.0,0.0104448,0.0158562,0.0,0.175683,0.147179
20.0,7.61805,0.0,0.0320956,0.0,0.012876,0.105802,0.11267,0.0,0.0,0.0224923,0.00379928,0.0718953
21.0,7.65139,0.0,0.0172138,0.0,0.0,0.0168057,0.0446229,0.0,0.00115404,0.00199337,0.0345077,0.127188
22.0,7.68472,0.0,0.0265868,0.0,0.0,0.0,0.0,0.0145222,0.00374543,0.00341789,0.046416,0.120499
23.0,7.71805,0.0,0.157045,0.0,0.0,0.0,0.0,0.133333,0.0205382,0.0959431,0.0399078,0.0485625
24.0,7.75139,0.0,0.402193,0.0,0.0,0.0,0.0,0.13669,0.0163021,0.246662,0.0343158,0.0527199
25.0,7.78472,0.0,0.546217,0.0,0.0,0.0,0.0,0.0731496,0.0360345,0.344433,0.0213025,0.0777095
26.0,7.81805,0.0,0.624642,0.0,0.0,0.0,0.0,0.0203702,0.109498,0.46565,0.0,0.127104
27.0,7.85139,0.0,0.505791,0.0,0.0,0.0,0.0,0.0,0.275151,0.451224,0.0,0.144307
28.0,7.88472,0.0433596,0.293904,0.0,0.0,0.0,0.0,0.0949401,0.379412,0.274142,0.0347549,0.0244949
29.0,7.91805,0.0415605,0.135264,0.0,0.0,0.0,0.0,0.288257,0.303892,0.14698,0.0813226,0.0307216
30.0,7.95139,0.0,0.948505,0.0,0.0131726,0.0532747,0.0,0.231276,0.114471,0.0248567,0.0,0.0349687
31.0,7.98472,0.0,0.814368,0.0,0.247507,0.611802,0.269791,0.00475842,0.0,0.0,0.232945,0.0447589
32.0,8.01805,0.0312063,0.316174,0.0,0.0634729,0.201342,0.158521,0.0,0.0,0.0,0.0,0.0885196
33.0,8.05139,0.00280069,0.0,0.00131969,0.00843284,0.0402754,0.0,0.0175383,0.0485399,0.0,0.129488,0.176645
34.0,8.08472,0.0,0.047806,0.0,0.0,0.0,0.0,0.00430321,0.0425132,0.0308954,0.0320821,0.106706
35.0,8.11805,0.0290148,0.114946,0.0,0.0,0.0,0.0,0.0,0.196254,0.158157,0.0470409,0.114558
36.0,8.15139,0.0890743,0.0902857,0.0,0.00821168,0.0297275,0.014195,0.0205882,0.0650507,0.0,0.241724,0.0127901
37.0,8.18472,0.0,0.23815,0.0,0.0115134,0.0337799,0.0252231,0.0,0.0809988,0.0,0.358372,0.0264534
38.0,8.21805,0.0,0.143784,0.0,0.0,0.0,0.0416723,0.0,0.133055,0.0,0.441836,0.0727092
39.0,8.25139,0.0,0.144777,0.0,0.0,0.0,0.0303038,0.0,0.209265,0.0825316,0.445676,0.0605829
40.0,8.28472,0.205432,0.370802,0.0419997,0.0,0.0,0.194346,0.0,0.141485,0.077979,0.330236,0.0
41.0,8.31805,0.210493,0.194902,0.0,0.0,0.0,0.124681,0.0,0.110714,0.0,0.422566,0.0
42.0,8.35139,0.304343,0.171568,0.00464011,0.00112522,0.0100839,0.0789154,0.000312594,0.0243298,0.0,0.439449,0.0
43.0,8.38472,0.261418,0.245731,0.170497,0.0132924,0.0470096,0.210754,0.0,3.12701e-05,0.0,0.294974,0.0
44.0,8.41805,0.322502,0.231969,0.368069,0.0243476,0.0703361,0.389342,0.0,0.0,0.00736711,0.361334,0.0
45.0,8.45139,0.784421,0.23633,0.476107,0.062529,0.158752,0.61086,0.0,0.0,0.0575445,0.438789,0.0
46.0,8.48472,0.804687,0.194683,0.480307,0.0710547,0.173075,0.625339,0.0,0.0,0.0706125,0.530839,0.0
47.0,8.51805,0.776515,0.294236,0.263399,0.0213246,0.0367566,0.550749,0.0,0.0573946,0.0877998,0.456905,0.0
48.0,8.55139,0.176293,0.0895849,0.0566482,0.131674,0.329949,0.0,0.763063,0.0,0.0,0.890072,0.435095
49.0,8.58472,0.182316,0.0961014,0.356771,0.0,0.0,0.0,0.0585562,0.051389,0.0,0.188223,0.0
50.0,8.61805,0.238138,0.0,0.186233,0.0,0.0193296,0.0666033,0.0,0.00223674,0.0,0.275562,0.0752706
51.0,8.65139,0.155158,0.107292,0.397781,0.0184755,0.0959524,0.0,0.0,0.0123564,0.0,0.427331,0.0597145
52.0,8.68472,0.0,0.0016077,0.128344,0.00225818,0.0892714,0.0,0.0182835,0.0655666,0.0,0.392039,0.185301
53.0,8.71805,0.0,0.0339144,0.0,0.0135227,0.104273,0.10664,0.0,0.0,0.0162135,0.0230934,0.0947514
54.0,8.75139,0.0,0.0200499,0.0,0.0,0.0269358,0.0768987,0.0,0.0,0.000202247,0.0380813,0.140864
55.0,8.78472,0.0,0.0185475,0.0,0.0,0.00996948,0.0469888,0.0,0.0,0.00389801,0.0204452,0.111674
56.0,8.81805,0.0,0.125338,0.0,0.0,0.0,0.0,0.115793,0.0245979,0.0793629,0.0460191,0.0567999
57.0,8.85139,0.0,0.375287,0.0,0.0,0.0,0.0,0.15877,0.0222022,0.230912,0.0278673,0.0322477
58.0,8.88472,0.0,0.537859,0.0,0.0,0.0,0.0,0.069005,0.0400566,0.338918,0.0481104,0.0739318
59.0,8.91805,0.0,0.618814,0.0,0.0,0.0,0.0,0.0,0.118681,0.446732,0.00189684,0.093883
60.0,8.95139,0.0,0.501722,0.0,0.0,0.0,0.0,0.0,0.252711,0.441479,0.0,0.129828
61.0,8.98472,0.0380707,0.307413,0.0,0.0,0.0,0.0,0.0557419,0.364269,0.282776,0.02014,0.0363168
62.0,9.01805,0.0371456,0.143594,0.0,0.0,0.0,0.0,0.235871,0.321325,0.147703,0.079879,0.0
63.0,9.05139,0.0,0.879275,0.0,0.0,0.0,0.0,0.251201,0.128215,0.0298294,0.147716,0.0355335
64.0,9.08472,0.0,0.966371,0.0,0.0723609,0.204537,0.0,0.0527373,0.00635438,0.000454866,0.0,0.0
65.0,9.11805,0.0,0.851454,0.0,0.0796899,0.237087,0.438552,0.0,0.0,0.0975953,0.0,0.0
66.0,9.15139,0.105961,0.00409079,0.0,0.00290396,0.0321548,0.017205,0.0,0.0133635,0.0,0.0661459,0.184553
67.0,9.18472,0.0,0.115953,0.0,0.0,0.0,0.0,0.0141512,0.0657272,0.0279413,0.0168647,0.0
68.0,9.21805,0.0,0.0741708,0.0,0.0,0.0,0.0,0.00377392,0.0875208,0.071517,0.0358499,0.093901
69.0,9.25139,0.0,0.0352213,0.0,0.0,0.00253994,0.000710707,0.000514857,0.0789492,0.0,0.230643,0.0960598
70.0,9.28472,0.0,0.114578,0.0,0.0108767,0.0386908,0.0962846,0.0,0.0745783,0.0,0.429375,0.0
71.0,9.31805,0.0,0.185832,0.0,0.0,0.0,0.168417,0.0,0.0598355,0.0,0.431684,0.0557256
72.0,9.35139,0.0,0.173017,0.0,0.0,0.0,0.186421,0.0,0.132951,0.0629743,0.460971,0.052121
73.0,9.38472,0.166151,0.145016,0.00576821,0.0,0.0,0.258745,0.0,0.0992626,0.0725781,0.386837,0.00441443
74.0,9.41805,0.0885038,0.167034,0.0,0.0,0.0,0.110287,0.0,0.231349,0.0100861,0.561544,0.000840256
75.0,9.45139,0.103274,0.229433,0.0,0.0,0.0,0.052595,0.0,0.196895,0.0,0.510046,0.0
76.0,9.48472,0.125066,0.130147,0.00975409,0.0160647,0.0519497,0.122852,0.0,0.00631697,0.0,0.386226,0.0
77.0,9.51805,0.25948,0.147228,0.131419,0.00530146,0.0223498,0.417848,0.0,0.0,0.0322332,0.343119,0.0
78.0,9.55139,0.636834,0.0647744,0.281407,0.0519663,0.127838,0.567902,0.0,0.0,0.0611973,0.407198,0.0
79.0,9.58472,0.761888,0.0280766,0.467606,0.0791601,0.194417,0.622225,0.0,0.0,0.0614446,0.531747,0.0
80.0,9.61805,0.75315,0.118206,0.321402,0.030802,0.0686287,0.489545,0.0,0.0364208,0.0567577,0.439053,0.0
81.0,9.65139,0.0,0.0872765,0.147708,0.0672145,0.166022,0.0,0.322779,0.0,0.0,0.813994,0.120896
82.0,9.68472,0.0690803,0.110329,0.304175,0.0,0.0,0.0,0.134172,0.0550312,0.0,0.0300137,0.0
83.0,9.71805,0.112743,0.0,0.098913,0.0,0.00137678,0.0,0.0,0.0160715,0.0,0.221031,0.13382
84.0,9.75139,0.215772,0.0134594,0.380316,0.0146924,0.0836222,0.0208121,0.0,0.00380649,0.0,0.389356,0.0
85.0,9.78472,0.0,0.0101599,0.0863659,0.0,0.0667661,0.0,0.0640134,0.0601019,0.0,0.371734,0.11981
86.0,9.81805,0.0,0.047932,0.0,0.0157609,0.113189,0.144332,0.0,0.0,0.026797,0.0,0.0526815
87.0,9.85139,0.0,0.0198994,0.0,0.0,0.0325409,0.0518353,0.0,0.00181395,0.0,0.0671175,0.13626
88.0,9.88472,0.0,0.0181645,0.0,0.0,0.0048499,0.0,0.0,0.0175794,0.0,0.0170015,0.111519
89.0,9.91805,0.0,0.0955477,0.0,0.0,0.0,0.0,0.136603,0.0223135,0.0668216,0.0564306,0.0578236
90.0,9.95139,0.0,0.318137,0.0,0.0,0.0,0.0,0.0959771,0.0119469,0.188157,0.0146258,0.0518432
91.0,9.98472,0.0,0.525887,0.0,0.0,0.0,0.0,0.0261528,0.0304223,0.327095,0.0510192,0.0760481
92.0,10.0181,0.0,0.619195,0.0,0.0,0.0,0.0,0.0,0.0977181,0.437677,0.0,0.11733
93.0,10.0514,0.0,0.526134,0.0,0.0,0.0,0.0,0.0,0.267887,0.46121,0.0,0.153579
94.0,10.0847,0.0469061,0.306202,0.0,0.0,0.0,0.0,0.0926724,0.392702,0.281854,0.0303662,0.0438297
95.0,10.1181,0.0451125,0.136233,0.0,0.0,0.0,0.0,0.31582,0.320719,0.143471,0.0882356,0.0310428
96.0,10.1514,0.0,0.953245,0.0,0.019223,0.068692,0.0,0.248131,0.127558,0.0260867,0.0,0.00752429
97.0,10.1847,0.0,0.794341,0.0,0.222599,0.574344,0.156609,0.0,0.0,0.0,0.0252101,0.169984
98.0,10.2181,0.105524,0.221691,0.0242237,0.0576746,0.18463,0.140656,0.0,0.0,0.0,0.0,0.184396
99.0,10.2514,0.0,0.0615345,0.0,0.0105181,0.0477302,0.0,0.0289741,0.0544618,0.0,0.129832,0.10456
100.0,10.2847,0.00528601,0.0180436,0.0,0.0,0.0,0.0,0.00515655,0.0447195,0.0325331,0.0356603,0.140111
101.0,10.3181,0.0359184,0.0677566,0.0,0.0,0.0,0.0,0.000772215,0.173236,0.108706,0.0525271,0.117401
102.0,10.3514,0.129045,0.143678,0.0,0.0128644,0.0387726,0.0260539,0.0105488,0.0631578,0.0,0.272677,0.037038
103.0,10.3847,0.0,0.198452,0.0,0.010649,0.0304693,0.032879,0.0,0.0845572,0.0,0.391217,0.029616
104.0,10.4181,0.0,0.162746,0.0,0.0,0.0,0.0802605,0.0,0.117763,0.0,0.472553,0.107471
105.0,10.4514,0.0,0.110962,0.0,0.0,0.0,0.0587593,0.0,0.183678,0.0821392,0.443034,0.0217443
106.0,10.4847,0.239073,0.282587,0.0019673,0.0,0.0,0.227121,0.0,0.113482,0.0633339,0.34158,0.0
107.0,10.5181,0.280435,0.0786917,0.00154772,0.0,0.0,0.12131,0.0,0.0456354,0.0,0.4041,0.0
108.0,10.5514,0.371804,0.117954,0.0,0.00484655,0.016537,0.056503,0.00297869,0.0232756,0.0,0.42053,0.0
109.0,10.5847,0.333643,0.180412,0.137934,0.0126527,0.0424796,0.20027,0.0,0.0,0.0,0.28697,0.0
110.0,10.6181,0.427292,0.190478,0.470059,0.0341683,0.0935305,0.422817,0.0,0.0,0.0268519,0.308172,0.0
111.0,10.6514,0.811122,0.113041,0.438505,0.0708285,0.17783,0.581943,0.0,0.0,0.046443,0.411481,0.0
112.0,10.6847,0.803949,0.152185,0.410759,0.0720482,0.173496,0.648665,0.0,0.000738643,0.0975598,0.541288,0.0
113.0,10.7181,0.723846,0.266937,0.0936455,0.0277899,0.0623001,0.445641,0.0,0.0135543,0.0698121,0.28496,0.0
114.0,10.7514,0.0665053,0.0340544,0.0801952,0.059419,0.157238,0.0,0.147922,0.0,0.0,0.733007,0.181043
115.0,10.7847,0.133402,0.1002,0.317395,0.0,0.0,0.0,0.0696579,0.0318241,0.0,0.0364498,0.0
116.0,10.8181,0.088276,0.0422763,0.206739,0.0,0.0,0.0,0.0,0.0388205,0.0,0.31642,0.0862327
117.0,10.8514,0.253573,0.0,0.383548,0.0190526,0.0974971,0.0818843,0.0,0.00651342,0.0,0.432507,0.0
118.0,10.8847,0.0,0.0201053,0.0,0.003672,0.0810779,0.0336726,0.0,0.004664,0.0,0.162658,0.1881
119.0,10.9181,0.0,0.0308185,0.0,0.00994402,0.0964573,0.179758,0.0,0.0,0.0198112,0.0273583,0.142487
120.0,10.9514,0.0,0.0252336,0.0,0.0,0.0206135,0.0737887,0.0,0.0,0.0183087,0.0,0.147597
121.0,10.9847,0.0,0.0175582,0.0,0.0,0.00246178,0.00857982,0.0,0.0,0.00358768,0.0327603,0.141658
122.0,11.0181,0.0,0.155278,0.0,0.0,0.0,0.0,0.114587,0.0159396,0.0947435,0.0546464,0.0621809
123.0,11.0514,0.0,0.407641,0.0,0.0,0.0,0.0,0.0944522,0.0175953,0.231218,0.0792373,0.0
124.0,11.0847,0.0,0.55189,0.0,0.0,0.0,0.0,0.0785346,0.0292401,0.345654,0.0138815,0.078827
125.0,11.1181,0.0,0.633452,0.0,0.0,0.0,0.0,0.008778,0.0877908,0.456917,0.0,0.180754
126.0,11.1514,0.0,0.535852,0.0,0.0,0.0,0.0,0.0,0.280369,0.484022,0.0,0.133745
127.0,11.1847,0.0506441,0.304678,0.0,0.0,0.0,0.0,0.116991,0.403356,0.284797,0.0350895,0.0182953
128.0,11.2181,0.044769,0.140869,0.0,0.0,0.0,0.0,0.300303,0.31606,0.15189,0.0827131,0.0291721
129.0,11.2514,0.0,0.914624,0.0,0.0243313,0.0566245,0.0,0.197083,0.121156,0.0344926,0.0763522,0.0265726
130.0,11.2847,0.0,0.813683,0.0,0.252115,0.607323,0.233864,0.0592283,0.0,0.0,0.397898,0.144945
131.0,11.3181,0.0,0.36451,0.0,0.0649393,0.204887,0.142322,0.0,0.0,0.0101631,0.0,0.0451922
132.0,11.3514,0.00744239,0.0,0.0057791,0.00456671,0.0288401,0.0,0.0177314,0.0495538,0.0,0.115562,0.153373
133.0,11.3847,0.00670465,0.0983791,0.0,0.0,0.0,0.000411449,0.007107,0.0589516,0.0415422,0.0193611,0.071857
134.0,11.4181,0.0205953,0.102535,0.0,0.0,0.0,0.0,0.0,0.194865,0.1205,0.0357674,0.0685601
135.0,11.4514,0.0981267,0.208565,0.0,0.0145675,0.0472961,0.032195,0.00188631,0.0522696,0.0,0.223792,0.0504995
136.0,11.4847,0.0,0.314422,0.0,0.0136704,0.0362081,0.0320437,0.000967644,0.0894871,0.0,0.391182,0.0574282
137.0,11.5181,0.0,0.136588,0.0,4.72916e-05,0.0,0.0102976,0.0,0.152948,0.0,0.446165,0.0423224
138.0,11.5514,0.0,0.171119,0.0,0.0,0.0,0.042622,0.0,0.187633,0.0506475,0.395891,0.0313185
139.0,11.5847,0.173464,0.399308,0.0,0.0,0.0,0.245754,0.0,0.118984,0.0755018,0.333895,0.0
140.0,11.6181,0.171962,0.160856,0.0,0.0,0.0,0.154422,0.0,0.123875,0.00416636,0.419531,0.0
141.0,11.6514,0.243249,0.313678,0.0,0.0,0.0,0.264925,0.0,0.0673007,0.0,0.39271,0.0
142.0,11.6847,0.212296,0.308062,0.118867,0.00900494,0.03644,0.319469,0.0,0.0,0.018838,0.274125,0.0
143.0,11.7181,0.403921,0.207716,0.242527,0.0251045,0.070082,0.432595,0.0,0.0,0.0185314,0.365905,0.0
144.0,11.7514,0.758495,0.14002,0.401038,0.0631514,0.157613,0.610868,0.0,0.0,0.0492666,0.459538,0.0
145.0,11.7847,0.809278,0.171354,0.462101,0.0756357,0.185457,0.631759,0.0,0.000859789,0.061783,0.546605,0.0
146.0,11.8181,0.770134,0.337461,0.301627,0.0194241,0.0436508,0.470691,0.0,0.0632902,0.0478472,0.415076,0.0
147.0,11.8514,0.0591468,0.0174491,0.189272,0.10634,0.266332,0.0,0.617905,0.00174665,0.0,0.842357,0.149096
148.0,11.8847,0.0732476,0.28324,0.458486,0.0,0.0,0.0,0.0966749,0.108018,0.0,0.197093,0.0
149.0,11.9181,0.235662,0.0,0.236224,0.0,0.00961016,0.0680684,0.0,0.00133195,0.0,0.294988,0.0922556
150.0,11.9514,0.116777,0.131744,0.461611,0.0216377,0.106784,0.0,0.0264402,0.0379839,0.0,0.451777,0.0279126
151.0,11.9847,0.0926074,0.0198237,0.150192,0.0213773,0.127456,0.0,0.0744909,0.0641777,0.0,0.407414,0.105953
152.0,12.0181,0.0,0.0323004,0.0,0.0122224,0.108083,0.17418,0.0,0.0,0.0256595,0.0304756,0.0772861
153.0,12.0514,0.0,0.0189257,0.0,0.0,0.0308975,0.0787703,0.0,0.0,0.00453991,0.0473477,0.115683
154.0,12.0847,0.0,0.016953,0.0,0.0,0.00636902,0.0108317,0.0,0.0,0.00664328,0.0,0.0958073
155.0,12.1181,0.0,0.101445,0.0,0.0,0.0,0.0,0.134324,0.0208812,0.0706099,0.0425363,0.0773225
156.0,12.1514,0.0,0.355731,0.0,0.0,0.0,0.0,0.139806,0.0130183,0.225658,0.0,0.0536839
157.0,12.1847,0.0,0.532693,0.0,0.0,0.0,0.0,0.0536416,0.0271848,0.334668,0.0239917,0.0920943
158.0,12.2181,0.0,0.616534,0.0,0.0,0.0,0.0,0.0,0.0700329,0.430881,0.00738463,0.118246
159.0,12.2514,0.0,0.534926,0.0,0.0,0.0,0.0,0.0,0.245487,0.463683,0.0,0.143013
160.0,12.2847,0.0442891,0.329089,0.0,0.0,0.0,0.0,0.041028,0.38588,0.298922,0.0189416,0.0523865
161.0,12.3181,0.0488405,0.154718,0.0,0.0,0.0,0.0,0.210214,0.309922,0.145321,0.0694504,0.00534926
162.0,12.3514,0.0224925,0.0424499,0.0,0.0,0.0,0.0,0.283174,0.228933,0.0460663,0.0991754,0.0
163.0,12.3847,0.0,0.965697,0.0,0.0493065,0.138399,0.0,0.190841,0.0798465,0.00812546,0.0327069,0.0321124
164.0,12.4181,0.0,0.870085,0.0,0.104887,0.311934,0.335653,0.0,0.0,0.0330091,0.0,0.0
165.0,12.4514,0.109984,0.0574592,0.0,0.00855906,0.0495265,0.0,0.00456615,0.00115273,0.0,0.0131877,0.191662
166.0,12.4847,0.0,0.189344,0.0,0.0,0.0,0.0,0.00989938,0.0891543,0.0810017,0.0209919,0.0
167.0,12.5181,0.0,0.0919147,0.0,0.0,0.0,0.0,0.0059715,0.107763,0.088116,0.0264658,0.092361
168.0,12.5514,0.0,0.0,0.0,0.0,0.0145405,0.00672219,0.0322923,0.0851904,0.0,0.248504,0.0971064
169.0,12.5847,0.0,0.110733,0.0,0.0104259,0.0383384,0.0878059,0.0,0.0725286,0.0,0.416822,0.0310219
170.0,12.6181,0.0,0.0633431,0.0,0.0012632,0.0,0.0702123,0.0,0.0875372,0.0,0.359305,0.167589
171.0,12.6514,0.0,0.119133,0.0,0.0,0.0,0.0700305,0.0,0.18966,0.0824361,0.432515,0.0616751
172.0,12.6847,0.145205,0.264738,0.00651419,0.0,0.0,0.160649,0.0,0.131621,0.0659797,0.368445,0.0153275
173.0,12.7181,0.0530651,0.226065,0.0,0.0,0.0,0.127239,0.0,0.185694,0.0,0.532137,0.0
174.0,12.7514,0.059196,0.231137,0.0,0.0,0.0,0.133122,0.0,0.193587,0.0,0.530196,0.0
175.0,12.7847,0.185451,0.135695,0.00473799,0.0271481,0.0781545,0.0937502,0.000959263,0.00841002,0.0,0.378597,0.0
176.0,12.8181,0.236713,0.319406,0.0349968,0.0120325,0.0400212,0.393595,0.0,0.0,0.0265044,0.317782,0.0
177.0,12.8514,0.647327,0.0272374,0.121395,0.0440797,0.108438,0.5971,0.0,0.0,0.0738621,0.393777,0.0
178.0,12.8847,0.767037,0.030791,0.418625,0.0775708,0.190412,0.615298,0.0,0.0,0.0598441,0.505864,0.0
179.0,12.9181,0.749162,0.110327,0.320465,0.0292058,0.0649263,0.518521,0.0,0.0377838,0.0682797,0.456781,0.0
180.0,12.9514,0.0,0.0,0.128589,0.0795877,0.197937,0.0,0.405894,0.0,0.0,0.8665,0.11691
181.0,12.9847,0.0743682,0.116117,0.310572,0.0,0.0,0.0,0.126974,0.0861745,0.0,0.0815802,0.0
182.0,13.0181,0.169347,0.0428981,0.228509,0.0,0.0,0.00826496,0.0,0.0369,0.0,0.251379,0.0738706
183.0,13.0514,0.241115,0.0,0.354097,0.0156813,0.084898,0.0,0.0,0.0239616,0.0,0.392518,0.0
184.0,13.0847,0.0,0.0680121,0.123881,0.0,0.059337,0.0,0.269089,0.0827528,0.0,0.338638,0.0743063
185.0,13.1181,0.0,0.0391828,0.0,0.0116178,0.0976675,0.233081,0.0,0.0,0.00545663,0.169514,0.171216
186.0,13.1514,0.0,0.0243909,0.0,0.0,0.0416265,0.0325801,0.0,0.00140678,0.0,0.0374561,0.176729
187.0,13.1847,0.0,0.0228943,0.0,0.0,0.00903322,0.0,0.00893356,0.0312512,0.0,0.0,0.143879
188.0,13.2181,0.0,0.0722614,0.0,0.0,0.00166483,0.0,0.0755636,0.0209314,0.0495123,0.0444835,0.0868165
189.0,13.2514,0.0,0.25571,0.0,0.0,0.0,0.0,0.062767,0.00926422,0.158899,0.0,0.070329
190.0,13.2847,0.0,0.511855,0.0,0.0,0.0,0.0,0.0,0.0201943,0.307522,0.0310433,0.116684
191.0,13.3181,0.0,0.631921,0.0,0.0,0.0,0.0,0.0,0.0442751,0.438018,0.0306647,0.137462
192.0,13.3514,0.0,0.535655,0.0,0.0,0.0,0.0,0.0,0.26168,0.468615,0.0,0.194789
193.0,13.3847,0.0496001,0.321878,0.0,0.0,0.0,0.0,0.0721549,0.400296,0.298808,0.0332238,0.0615905
194.0,13.4181,0.0464935,0.139819,0.0,0.0,0.0,0.0,0.331945,0.3311,0.14123,0.0979684,0.0344559
195.0,13.4514,0.0,0.973325,0.0,0.0213017,0.0615664,0.0,0.283182,0.134743,0.024842,0.117103,0.0403481
196.0,13.4847,0.0,0.876427,0.0,0.195472,0.512047,0.283582,0.00269379,0.0,0.0,0.215752,0.427822
197.0,13.5181,0.11192,0.238158,0.0205265,0.0505917,0.165956,0.146924,0.0,0.0,0.0,0.0,0.117838
198.0,13.5514,0.000201492,0.0,0.00149512,0.000952088,0.0192567,0.0,0.0399706,0.0604561,0.0,0.118867,0.128035
199.0,13.5847,0.0,0.0515821,0.0,0.0,0.0,0.0,0.0200897,0.0805123,0.0456284,0.0308357,0.117947
200.0,13.6181,0.0,0.0758033,0.0,0.0,0.0,0.0,0.00161344,0.200257,0.119925,0.0574132,0.111378
201.0,13.6514,0.111538,0.113076,0.0,0.0135114,0.0411364,0.0188166,0.0215599,0.0692771,0.0,0.265665,0.0329408
202.0,13.6847,0.0,0.253583,0.0,0.0105178,0.028671,0.0115927,0.00435194,0.0945921,0.0,0.367075,0.0373252
203.0,13.7181,0.0,0.137591,0.0,0.0,0.0,0.0582288,0.0,0.117738,0.0,0.421662,0.0837262
204.0,13.7514,0.0,0.0936675,0.0,0.0,0.0,0.13373,0.0,0.140522,0.0586759,0.420335,0.0
205.0,13.7847,0.186003,0.203055,0.00593431,0.0,0.0,0.196965,0.0,0.106685,0.0545335,0.345217,0.0
206.0,13.8181,0.15426,0.121726,0.0,0.0,0.0,0.134374,0.0,0.0721983,0.0,0.446224,0.0
207.0,13.8514,0.273292,0.0777412,0.000811489,0.0,0.00302466,0.112328,0.000516311,0.025835,0.0,0.409783,0.0
208.0,13.8847,0.322182,0.144952,0.0938077,0.00916027,0.0338786,0.187822,0.0,0.0,0.0,0.293653,0.0
209.0,13.9181,0.332387,0.0705108,0.245595,0.0231817,0.0665536,0.408287,0.0,0.0,0.0221875,0.338873,0.0
210.0,13.9514,0.786738,0.11553,0.385106,0.0665786,0.168333,0.622707,0.0,0.0,0.0844019,0.430262,0.0
211.0,13.9847,0.812913,0.12716,0.395047,0.0770013,0.185969,0.646957,0.0,0.0,0.107476,0.510095,0.0
212.0,14.0181,0.75876,0.196903,0.143763,0.0241084,0.0523357,0.454722,0.0,0.0158391,0.0801046,0.294155,0.0
213.0,14.0514,0.00925813,0.0300236,0.0712612,0.0546714,0.144198,0.0,0.152368,0.0,0.0,0.744861,0.206805
214.0,14.0847,0.10957,0.12385,0.337781,0.0,0.0,0.0,0.0511821,0.0727207,0.0,0.0688754,0.0
215.0,14.1181,0.195287,0.0,0.247771,0.0120891,0.0666948,0.0736966,0.0,0.00513264,0.0,0.21822,0.0837185
216.0,14.1514,0.195059,0.0,0.287779,0.0162199,0.0951132,0.0,0.00700802,0.031413,0.0,0.386751,0.0980463
217.0,14.1847,0.0,0.0287963,0.0,0.0110053,0.0938776,0.0,0.0165406,0.005111,0.0,0.0356361,0.162384
218.0,14.2181,0.0,0.0254645,0.0,0.00669456,0.0840092,0.143227,0.0,0.0,0.0145732,0.0195007,0.144686
219.0,14.2514,0.0,0.0196408,0.0,0.0,0.0224454,0.0474458,0.0,0.0,0.00552918,0.0,0.13909
220.0,14.2847,0.0,0.00842745,0.0,0.0,0.00572401,0.0,0.0253544,0.034012,0.0,0.0506388,0.134803
221.0,14.3181,0.0,0.211991,0.0,0.0,0.0,0.0,0.10285,0.0214843,0.133921,0.0675142,0.0871806
222.0,14.3514,0.0,0.404361,0.0,0.0,0.0,0.0,0.102345,0.0260343,0.236721,0.0663767,0.0212593
223.0,14.3847,0.0,0.521069,0.0,0.0,0.0,0.0,0.0,0.0301326,0.321322,0.0482853,0.0775656
224.0,14.4181,0.0,0.606672,0.0,0.0,0.0,0.0,0.0,0.0782235,0.435322,0.0170256,0.113049
225.0,14.4514,0.0,0.508268,0.0,0.0,0.0,0.0,0.0,0.256702,0.438919,0.0,0.144763
226.0,14.4847,0.0443072,0.295604,0.0,0.0,0.0,0.0,0.0953343,0.392034,0.267047,0.0374877,0.0435711
227.0,14.5181,0.0355548,0.122891,0.0,0.0,0.0,0.0,0.310011,0.317976,0.121691,0.0903092,0.0
228.0,14.5514,0.0,0.966275,0.0,0.0284794,0.0920915,0.0,0.193571,0.0922754,0.0108928,0.0663326,0.0338544
229.0,14.5847,0.0,0.903808,0.0,0.170969,0.456845,0.22238,0.0,0.0,0.0,0.183637,0.510269
230.0,14.6181,0.111657,0.222253,0.0421266,0.0308226,0.112568,0.0686827,0.0,0.0,0.0,0.0,0.153894
231.0,14.6514,0.0,0.0860024,0.0,0.0,0.0,0.0,0.0902213,0.0813652,0.0,0.0529732,0.0480258
232.0,14.6847,0.0,0.121261,0.0,0.0,0.0,0.0,0.00373541,0.10016,0.0981967,0.016313,0.0895011
233.0,14.7181,0.0,0.0943661,0.0,0.0,0.0,0.0,0.0035645,0.149216,0.137787,0.0325349,0.0954073
234.0,14.7514,0.0,0.00823494,0.000580562,0.00380291,0.0245736,0.00790545,0.0248338,0.0661885,0.0,0.206019,0.0492782
235.0,14.7847,0.0,0.263575,0.0,0.00669217,0.0202821,0.0127361,0.0141213,0.0819892,0.0,0.335919,0.0192125
236.0,14.8181,0.0,0.222463,0.0,0.0,0.0,0.0393563,0.0,0.156158,0.00787325,0.410813,0.0775108
237.0,14.8514,0.00408179,0.153353,0.0,0.0,0.0,0.0346707,0.0,0.225561,0.117329,0.48301,0.0769149
238.0,14.8847,0.177077,0.171969,0.00482305,0.0,0.0,0.150658,0.0,0.0505242,0.00514943,0.366426,0.0
239.0,14.9181,0.140153,0.191302,0.0,0.0,0.0,0.0253766,0.0,0.161582,0.0,0.489799,0.0
240.0,14.9514,0.210207,0.159017,0.0,0.0,0.0,0.0389495,0.0,0.0894515,0.0,0.447407,0.0
241.0,14.9847,0.174445,0.194725,0.191891,0.0111273,0.0432165,0.13309,0.0,0.0108134,0.0,0.306536,0.0
242.0,15.0181,0.232272,0.155656,0.393032,0.0193338,0.0597037,0.366837,0.0,0.0,0.00927773,0.355996,0.0
243.0,15.0514,0.738539,0.0709966,0.367096,0.0565599,0.141609,0.599706,0.0,0.0,0.0661731,0.421642,0.0
244.0,15.0847,0.772391,0.0735246,0.466328,0.0739693,0.179753,0.612067,0.0,0.0,0.0701988,0.514624,0.0
245.0,15.1181,0.746088,0.170428,0.290056,0.0167854,0.0317813,0.482556,0.0,0.0588425,0.063521,0.438453,0.0
246.0,15.1514,0.160953,0.0,0.0563682,0.122768,0.304172,0.0,0.610714,0.0,0.0,0.823983,0.17434
247.0,15.1847,0.124791,0.109517,0.341407,0.0,0.0,0.0,0.043955,0.127452,0.0,0.187771,0.0
248.0,15.2181,0.15863,0.0111928,0.21999,0.0,0.0,0.0466267,0.0,0.0302604,0.0,0.300308,0.0676996
249.0,15.2514,0.291563,0.0,0.377124,0.0218583,0.101269,0.0318488,0.0,0.00214499,0.0,0.448698,0.0
250.0,15.2847,0.0,0.119464,0.0,0.0,0.0523339,0.0,0.0820353,0.0391626,0.0,0.210636,0.244253
251.0,15.3181,0.0,0.0367815,0.0,0.0142768,0.104806,0.0902969,0.0,0.0,0.0114884,0.0,0.103512
252.0,15.3514,0.0,0.0195448,0.0,0.0,0.0211328,0.0179506,0.0,0.0,0.0,0.00822239,0.150786
253.0,15.3847,0.0,0.0105507,0.0,0.0,0.0113176,0.0,0.0215403,0.0316645,0.0,0.0621373,0.138721
254.0,15.4181,0.0,0.208731,0.0,0.0,0.0,0.0,0.157361,0.0285841,0.132266,0.0699817,0.0630412
255.0,15.4514,0.0,0.383628,0.0,0.0,0.0,0.0,0.141974,0.0246198,0.236467,0.0271516,0.045753
256.0,15.4847,0.0,0.510848,0.0,0.0,0.0,0.0,0.0278512,0.0353717,0.323528,0.00208476,0.0898809
257.0,15.5181,0.0,0.606279,0.0,0.0,0.0,0.0,0.0,0.0979058,0.431198,0.00937692,0.109285
258.0,15.5514,0.0,0.504541,0.0,0.0,0.0,0.0,0.0,0.259688,0.438025,0.0,0.146095
259.0,15.5847,0.0431506,0.299909,0.0,0.0,0.0,0.0,0.0932137,0.388418,0.270407,0.0369804,0.0361121
260.0,15.6181,0.0403076,0.134645,0.0,0.0,0.0,0.0,0.284844,0.313999,0.143147,0.0802656,0.00719311
261.0,15.6514,0.0,0.970974,0.0,0.0,0.0,0.0,0.265321,0.162291,0.0625467,0.0,0.0249082
262.0,15.6847,0.0,0.884032,0.0,0.178257,0.477403,0.322419,0.0,0.0,0.0,0.2422,0.46035
263.0,15.7181,0.0829627,0.256704,0.00538678,0.0473226,0.156785,0.14924,0.0,0.0,0.016533,0.0,0.110445
264.0,15.7514,0.0027237,0.0,0.00862325,0.0,0.0153116,0.0,0.0199561,0.0415178,0.0,0.0851871,0.111064
265.0,15.7847,0.0,0.0708424,0.0,0.0,0.0,0.0,0.00759719,0.0679067,0.0472637,0.0202375,0.118318
266.0,15.8181,0.0,0.0374831,0.0,0.0,0.0,0.0,0.00544992,0.149785,0.119615,0.04633,0.122838
267.0,15.8514,0.0541478,0.053837,0.0,0.00933715,0.0397705,0.0160204,0.0104874,0.0535923,0.0,0.219777,0.0413923
268.0,15.8847,0.0,0.173478,0.0,0.0134312,0.0403684,0.0416718,0.0,0.0786024,0.0,0.389745,0.023899
269.0,15.9181,0.0,0.131725,0.0,0.0,0.0,0.0908627,0.0,0.102914,0.0,0.48462,0.0589607
270.0,15.9514,0.0,0.141403,0.0,0.0,0.0,0.0248763,0.0,0.217238,0.0864961,0.492764,0.075449
271.0,15.9847,0.21786,0.291088,0.00664977,0.0,0.0,0.17187,0.0,0.128566,0.0638178,0.344784,0.0
272.0,16.0181,0.156368,0.207775,0.0,0.0,0.0,0.0775795,0.0,0.192625,0.00705268,0.478557,0.0
273.0,16.0514,0.214275,0.0807274,0.0,0.0,0.00706787,0.0221487,0.00172921,0.0307471,0.0,0.462124,0.0
274.0,16.0847,0.2261,0.181613,0.141507,0.0148559,0.0513098,0.165832,0.0,0.00282085,0.0,0.295244,0.0
275.0,16.1181,0.266396,0.123728,0.287947,0.0195209,0.059685,0.373042,0.0,0.0,0.0102469,0.355664,0.0
276.0,16.1514,0.744612,0.159656,0.433366,0.0571438,0.143255,0.589963,0.0,0.0,0.0626098,0.41555,0.0
277.0,16.1847,0.775612,0.0614713,0.437851,0.0739105,0.178977,0.614167,0.0,0.0,0.0688563,0.518061,0.0
278.0,16.2181,0.754246,0.201008,0.299843,0.0188078,0.0359951,0.488247,0.0,0.057436,0.0644465,0.439839,0.0
279.0,16.2514,0.121125,0.00331332,0.0844258,0.122176,0.306031,0.0,0.719396,0.0,0.0,0.882488,0.299224
280.0,16.2847,0.0964298,0.126211,0.335948,0.0,0.0,0.0,0.0960231,0.0632073,0.0,0.141134,0.0
281.0,16.3181,0.187173,0.00162814,0.209549,0.0,0.0,0.0775067,0.0,0.00512979,0.0,0.296668,0.069271
282.0,16.3514,0.282452,0.0,0.324562,0.025369,0.110709,0.0538513,0.0,0.0,0.0,0.395919,0.0
283.0,16.3847,0.0312428,0.0,0.037963,0.00114034,0.0812768,0.0,0.0304082,0.0532948,0.0,0.404186,0.201508
284.0,16.4181,0.0,0.0394806,0.0,0.0160585,0.114349,0.0818854,0.0,0.0,0.0269312,0.0,0.0510452
285.0,16.4514,0.0,0.0201982,0.0,0.0,0.0256139,0.00917669,0.0,0.0,0.0,0.00290444,0.156092
286.0,16.4847,0.0,0.0195949,0.0,0.0,0.00674686,0.0552385,0.0,0.0,0.00350489,0.0353356,0.126437
287.0,16.5181,0.0,0.149394,0.0,0.0,0.0,0.0,0.140193,0.0269366,0.0912505,0.0607158,0.0566759
288.0,16.5514,0.0,0.387462,0.0,0.0,0.0,0.0,0.147367,0.0220401,0.245597,0.00248177,0.0445431
289.0,16.5847,0.0,0.538136,0.0,0.0,0.0,0.0,0.0663579,0.0445382,0.339297,0.0325583,0.0641467
290.0,16.6181,0.0,0.619269,0.0,0.0,0.0,0.0,0.0,0.125541,0.461201,0.0,0.122401
291.0,16.6514,0.0175864,0.498101,0.0,0.0,0.0,0.0,0.0166433,0.29119,0.43091,0.0,0.11054
292.0,16.6847,0.0439324,0.300252,0.0,0.0,0.0,0.0,0.114854,0.381355,0.262271,0.0478408,0.0150529
293.0,16.7181,0.037835,0.129326,0.0,0.0,0.0,0.0,0.261134,0.304371,0.140098,0.0787541,0.0242234
294.0,16.7514,0.0,0.973102,0.0,0.0,0.0,0.0,0.279185,0.184358,0.0635904,0.0,0.0442609
295.0,16.7847,0.0,0.815546,0.0,0.257949,0.616955,0.243081,0.0389104,0.0,0.0,0.377343,0.258129
296.0,16.8181,0.0,0.354198,0.0,0.0586032,0.188114,0.111521,0.0,0.0,0.0192985,0.0,0.0642729
297.0,16.8514,0.00135264,0.0,0.0,0.00454094,0.0310007,0.0,0.013675,0.0412767,0.0,0.102858,0.136593
298.0,16.8847,0.0,0.0624779,0.0,0.0,0.0,0.0,0.00612401,0.0484476,0.024023,0.0263305,0.0937615
299.0,16.9181,0.0201496,0.101199,0.0,0.0,0.0,0.0,0.0,0.184732,0.165331,0.0402805,0.118721
300.0,16.9514,0.0677198,0.045946,0.0,0.0,0.00521691,0.00672041,0.049176,0.0620803,0.0,0.158817,0.0314273
301.0,16.9847,0.0,0.0708888,0.0,0.00834047,0.0301732,0.0468227,0.0,0.0665576,0.0,0.324055,0.0312374
302.0,17.0181,0.0,0.123491,0.0,0.0,0.0,0.0834579,0.0,0.101687,0.0,0.445857,0.0492711
303.0,17.0514,0.0,0.136633,0.0,0.0,0.0,0.0117548,0.0,0.216636,0.0695748,0.429425,0.0612672
304.0,17.0847,0.197599,0.357404,0.0149428,0.0,0.0,0.187517,0.0,0.112853,0.0698831,0.304136,0.0
305.0,17.1181,0.166387,0.248668,0.0,0.0,0.0,0.109218,0.0,0.16884,0.00973678,0.451368,0.0
306.0,17.1514,0.254192,0.219126,0.0,0.0,0.0,0.175523,0.0,0.0500089,0.0,0.411849,0.0
307.0,17.1847,0.242823,0.25885,0.1373,0.0100683,0.0389249,0.216273,0.0,0.0,0.0,0.294047,0.0
308.0,17.2181,0.313498,0.22363,0.278672,0.0235323,0.0692089,0.380208,0.0,0.0,0.00733228,0.357427,0.0
309.0,17.2514,0.767665,0.176089,0.388273,0.0555455,0.13921,0.605139,0.0,0.0,0.0623396,0.426252,0.0
310.0,17.2847,0.810421,0.17335,0.462295,0.0725902,0.177753,0.625785,0.0,0.0,0.0689145,0.523413,0.0
311.0,17.3181,0.788166,0.276353,0.343443,0.027191,0.0621169,0.509193,0.0,0.0364481,0.0497795,0.453698,0.0
312.0,17.3514,0.274574,0.181796,0.0401564,0.157222,0.382059,0.0,0.888596,0.0,0.0,0.862414,0.636606
313.0,17.3847,0.12101,0.139394,0.375209,0.0,0.0,0.0,0.0243166,0.0627577,0.0,0.219716,0.0
314.0,17.4181,0.194951,0.0321089,0.283045,0.0,0.00234234,0.0841666,0.0,0.00473108,0.0,0.303592,0.0448596
315.0,17.4514,0.337595,0.0,0.300545,0.0323837,0.123453,0.0559804,0.0,0.0,0.0,0.388088,0.0
316.0,17.4847,0.192316,0.00970679,0.114476,0.0259434,0.135342,0.0,0.0628105,0.0581459,0.0,0.523469,0.200409
317.0,17.5181,0.0,0.0354565,0.0,0.0162361,0.117498,0.10537,0.0,0.0,0.0198516,0.00191565,0.068909
318.0,17.5514,0.0,0.0207714,0.0,0.0,0.0304059,0.0529143,0.0,0.0,0.00462102,0.00406609,0.14366
319.0,17.5847,0.0,0.0290681,0.0,0.0,0.0140704,0.0670464,0.0,0.0,0.0137997,0.0,0.101262
320.0,17.6181,0.0,0.101781,0.0,0.0,0.0,0.0,0.103432,0.0219059,0.0675079,0.0423608,0.060991
321.0,17.6514,0.0,0.335568,0.0,0.0,0.0,0.0,0.165164,0.019241,0.216674,0.0,0.0493179
322.0,17.6847,0.0,0.525624,0.0,0.0,0.0,0.0,0.0859521,0.0299127,0.321127,0.0226581,0.0699032
323.0,17.7181,0.0,0.631812,0.0,0.0,0.0,0.0,0.0,0.112902,0.445081,0.0,0.128439
324.0,17.7514,0.0,0.523607,0.0,0.0,0.0,0.0,0.00242988,0.258997,0.477314,0.0,0.143249
325.0,17.7847,0.0475741,0.328579,0.0,0.0,0.0,0.0,0.0865975,0.388786,0.293257,0.0291451,0.0306193
326.0,17.8181,0.0515805,0.147291,0.0,0.0,0.0,0.0,0.332013,0.341447,0.153877,0.0841907,0.0656517
327.0,17.8514,0.0,0.880901,0.0,0.0,0.0,0.0,0.222123,0.121582,0.0265355,0.0943446,0.0379251
328.0,17.8847,0.0,0.966431,0.0,0.0748969,0.208122,0.000662291,0.0379575,0.0,0.000536666,0.0,0.0
329.0,17.9181,0.0,0.853708,0.0,0.0893674,0.270439,0.516795,0.0,0.0,0.0826777,0.0,0.0
330.0,17.9514,0.0930873,0.0373275,0.0,0.00925422,0.0463486,0.0443911,0.0,0.0103784,0.0,0.0747602,0.219303
331.0,17.9847,0.0,0.101975,0.0,0.0,0.00422575,0.0,0.00646869,0.0438084,0.0,0.029638,0.0
332.0,18.0181,0.00399507,0.0776883,0.0,0.0,0.0,0.0,0.0,0.0895165,0.0920852,0.0269283,0.0323803
333.0,18.0514,0.0,0.0313896,0.0,0.0,0.00734581,0.0274046,0.0,0.073651,0.0,0.271971,0.0465998
334.0,18.0847,0.0,0.179079,0.0,0.0130292,0.0420459,0.0897669,0.0,0.0751395,0.0,0.43558,0.0140852
335.0,18.1181,0.0,0.244566,0.0,0.00108968,0.00540674,0.0951069,0.0,0.100965,0.0,0.505035,0.0588162
336.0,18.1514,0.0,0.212932,0.0,0.0,0.0,0.08585,0.0,0.171189,0.0401601,0.449456,0.0288857
337.0,18.1847,0.110863,0.265911,0.00590793,0.0,0.0,0.280076,0.0,0.105755,0.0789596,0.372769,0.0
338.0,18.2181,0.107607,0.139569,0.0,0.0,0.0,0.152557,0.0,0.19815,0.0304894,0.49572,0.0
339.0,18.2514,0.11184,0.123566,0.00439382,0.0,0.0,0.16287,0.0,0.0553361,0.0,0.402724,0.0
340.0,18.2847,0.20438,0.112792,0.144746,0.0100998,0.0383978,0.215697,0.0,0.00159802,0.0,0.340799,0.0
341.0,18.3181,0.318195,0.120766,0.209231,0.0182209,0.0541964,0.378763,0.0,0.0,0.0119982,0.366248,0.0
342.0,18.3514,0.747764,0.669504,0.320785,0.0626187,0.160556,0.556016,0.0,0.0,0.0508125,0.383496,0.00278218
343.0,18.3847,0.770253,0.079337,0.479012,0.0778234,0.190341,0.613117,0.0,0.0,0.0596012,0.532076,0.0
344.0,18.4181,0.768774,0.192955,0.383816,0.0242075,0.0546128,0.484821,0.0,0.0597855,0.0469127,0.459288,0.0
345.0,18.4514,0.033295,0.0,0.157146,0.110176,0.274902,0.0,0.683764,0.0,0.0,0.91809,0.193677
346.0,18.4847,0.0411704,0.191027,0.389167,0.0,0.0,0.0,0.0997167,0.156047,0.0,0.185075,0.0
347.0,18.5181,0.131766,0.0278537,0.15379,0.0,0.00286526,0.0,0.000954588,0.0205077,0.0,0.233917,0.140626
348.0,18.5514,0.277426,0.0,0.353631,0.0205962,0.0968811,0.0384062,0.0,0.0,0.0,0.376044,0.0
349.0,18.5847,0.0595987,0.00770138,0.122483,0.00534824,0.0875284,0.0,0.060796,0.0637529,0.0,0.450839,0.178757
350.0,18.6181,0.0,0.0634616,0.0,0.0179656,0.117643,0.140389,0.0,0.0,0.0291462,0.0,0.0573367
351.0,18.6514,0.0,0.0293987,0.0,0.0,0.0321598,0.0396823,0.0,0.0,0.00459055,0.00261277,0.164418
352.0,18.6847,0.0,0.026128,0.0,0.0,0.0134546,0.0674053,0.0,0.0,0.0103017,0.0108108,0.123386
353.0,18.7181,0.0,0.101995,0.0,0.0,0.0,0.0,0.112647,0.0231339,0.0621228,0.0481158,0.0476867
354.0,18.7514,0.0,0.348334,0.0,0.0,0.0,0.0,0.172616,0.01606,0.235461,0.0,0.0436698
355.0,18.7847,0.0,0.579602,0.0,0.0,0.0,0.0,0.0141971,0.0367687,0.347346,0.083162,0.0
356.0,18.8181,0.00102532,0.621521,0.0,0.0,0.0,0.0,0.0081729,0.110921,0.44558,0.0147,0.0824406
357.0,18.8514,0.0222602,0.529882,0.0,0.0,0.0,0.0,0.0221396,0.275477,0.458018,0.0,0.119195
358.0,18.8847,0.045244,0.332861,0.0,0.0,0.0,0.0,0.0787569,0.393161,0.293845,0.0395174,0.0
359.0,18.9181,0.0414338,0.159463,0.0,0.0,0.0,0.0,0.22815,0.333019,0.168002,0.071212,0.00250232
360.0,18.9514,0.0,0.914813,0.0,0.0252275,0.0714101,0.0,0.231142,0.125244,0.0186717,0.139389,0.0173838
361.0,18.9847,0.0,0.9651,0.0,0.0826578,0.235803,0.0471507,0.00219562,0.0,0.0153879,0.0,0.0
362.0,19.0181,0.0,0.746729,0.0,0.0775805,0.221095,0.391218,0.0,0.0,0.116517,0.0,0.0
363.0,19.0514,0.138725,0.0233592,0.0,0.0154191,0.0626702,0.0554637,0.0,0.00805708,0.0,0.109585,0.183505
364.0,19.0847,0.0,0.0979608,0.0,0.0,0.0,0.0,6.29574e-06,0.0293614,0.0310004,0.0209208,0.0
365.0,19.1181,0.0,0.101064,0.0,0.0,0.0,0.0,0.0,0.158713,0.15243,0.0593206,0.11817
366.0,19.1514,0.0282207,0.026859,0.0,0.000790863,0.0120228,0.0166322,0.0,0.0747997,0.0,0.2531,0.0654256
367.0,19.1847,0.0,0.153272,0.0,0.00968883,0.0312517,0.0724771,0.0,0.0703086,0.0,0.402095,0.0107373
368.0,19.2181,0.0,0.181672,0.0,0.0,0.00218587,0.104069,0.0,0.0849296,0.0,0.470679,0.0781868
369.0,19.2514,0.0,0.147013,0.0,0.0,0.0,0.147764,0.0,0.136318,0.0636297,0.456751,0.0190893
370.0,19.2847,0.281591,0.209839,0.0272288,0.0,0.0,0.291481,0.0,0.0542118,0.073369,0.274456,0.0705406
371.0,19.3181,0.1944,0.0301549,0.0,0.0,0.0,0.0929244,0.0,0.101413,0.0,0.499708,0.0
372.0,19.3514,0.172327,0.121594,0.0,0.0,0.00177944,0.0571146,0.0,0.0497967,0.0,0.470264,0.0
373.0,19.3847,0.249563,0.0800084,0.173364,0.0159816,0.0516322,0.171869,0.0,0.00519147,0.0,0.328503,0.0
374.0,19.4181,0.328641,0.106271,0.310175,0.0252492,0.0714602,0.356339,0.0,0.0,0.00454589,0.353417,0.0
375.0,19.4514,0.736408,0.0815262,0.40174,0.0602917,0.149936,0.562347,0.0,0.0,0.0423422,0.411034,0.0
376.0,19.4847,0.800024,0.0673639,0.460489,0.0754035,0.184351,0.631232,0.0,0.0,0.061436,0.554937,0.0
377.0,19.5181,0.768923,0.19886,0.273909,0.0174086,0.0363839,0.482499,0.0,0.061856,0.0536926,0.447598,0.0
378.0,19.5514,0.0,0.0313526,0.124301,0.0783263,0.198499,0.0,0.356624,0.0,0.0,0.844037,0.120931
379.0,19.5847,0.0989033,0.109161,0.332839,0.0,0.0,0.0,0.0625129,0.0784532,0.0,0.06775,0.0
380.0,19.6181,0.151644,0.0367593,0.19154,0.0,0.0,0.0012747,0.0,0.021083,0.0,0.283577,0.137639
381.0,19.6514,0.222214,0.0,0.31228,0.0182726,0.0959939,0.034697,0.0,0.00120816,0.0,0.377965,0.0729777
382.0,19.6847,0.0,0.0989245,0.0,0.0,0.0464539,0.0,0.0561598,0.0267171,0.0,0.228967,0.200981
383.0,19.7181,0.0,0.0423873,0.0,0.0166323,0.111692,0.111975,0.0,0.0,0.0174175,0.0102594,0.082646
384.0,19.7514,0.0,0.0201463,0.0,0.0,0.0273107,0.0510687,0.0,0.0,0.0,0.0358781,0.155438
385.0,19.7847,0.0,0.0190364,0.0,0.0,0.00170956,0.0426451,0.0,0.0,0.00739268,0.0333401,0.127262
386.0,19.8181,0.0,0.147543,0.0,0.0,0.0,0.0,0.127867,0.0235361,0.0913316,0.0523588,0.0575558
387.0,19.8514,0.0,0.375197,0.0,0.0,0.0,0.0,0.151631,0.020013,0.226387,0.0341549,0.0379837
388.0,19.8847,0.0,0.566414,0.0,0.0,0.0,0.0,0.0708937,0.0395111,0.358714,0.0397698,0.0581219
389.0,19.9181,0.0,0.620179,0.0,0.0,0.0,0.0,0.0177482,0.12541,0.464016,0.0,0.112766
390.0,19.9514,0.00039926,0.499665,0.0,0.0,0.0,0.0,0.0,0.290645,0.447769,0.0,0.129889
391.0,19.9847,0.0381434,0.299865,0.0,0.0,0.0,0.0,0.133012,0.385613,0.26782,0.100051,0.0
392.0,20.0181,0.0262921,0.104189,0.0,0.0,0.0,0.0,0.303163,0.275954,0.11441,0.0793586,0.00268663
393.0,20.0514,0.0,0.954867,0.0,0.0116659,0.0494876,0.0,0.233267,0.124686,0.0274525,0.0,0.00559047
394.0,20.0847,0.0,0.89916,0.0,0.172971,0.460031,0.224245,0.0,0.0,0.0,0.147853,0.304621
395.0,20.1181,0.132197,0.316539,0.0289779,0.0398757,0.136856,0.082063,0.0,0.0,0.0,0.0,0.121462
396.0,20.1514,0.0,0.09671,0.0,0.0,0.00853074,0.0,0.0522475,0.0620136,0.0,0.0868759,0.0645158
397.0,20.1847,0.0160197,0.14005,0.0,0.0,0.0,0.0,0.0,0.0996363,0.095338,0.0184655,0.0992978
398.0,20.2181,0.0,0.0734859,0.0,0.0,0.0,0.0,0.0054595,0.161339,0.122635,0.0353929,0.0753105
399.0,20.2514,0.0976862,0.121394,0.00950253,0.0101298,0.0403533,0.047911,0.0,0.0395466,0.0,0.218188,0.0311435
400.0,20.2847,0.0,0.152861,0.0,0.00584375,0.0200422,0.0233436,0.0010144,0.0849607,0.0,0.374458,0.0
401.0,20.3181,0.0,0.152662,0.0,0.0,0.0,0.0836782,0.0,0.126545,0.00971706,0.426007,0.096168
402.0,20.3514,0.109728,0.119231,0.0,0.0,0.0,0.0840895,0.0,0.200177,0.109598,0.476495,0.0771458
403.0,20.3847,0.341013,0.362901,0.00737566,0.0,0.0,0.128441,0.0,0.120072,0.0533858,0.313279,0.0
404.0,20.4181,0.329525,0.139481,0.00456032,0.0,0.0,0.0574712,0.0,0.094164,0.0,0.437732,0.0
405.0,20.4514,0.37587,0.185642,0.0510801,0.00510764,0.0206212,0.0172814,0.00227996,0.0325792,0.0,0.438027,0.00433561
406.0,20.4847,0.261062,0.204717,0.335455,0.0137552,0.0484321,0.122757,0.0,0.00654525,0.0,0.307522,0.0
407.0,20.5181,0.402076,0.259464,0.505264,0.0328359,0.0914103,0.358951,0.0,0.0,0.00926441,0.302923,0.0
408.0,20.5514,0.794126,0.299243,0.560668,0.0608058,0.155607,0.577519,0.0,0.0,0.0426532,0.419282,0.0
409.0,20.5847,0.785687,0.327141,0.56129,0.0597675,0.146214,0.630789,0.0,0.0,0.0763248,0.551369,0.0
410.0,20.6181,0.759754,0.361791,0.211701,0.0204401,0.046599,0.47021,0.0,0.0280951,0.0506615,0.384026,0.0
411.0,20.6514,0.0,0.172149,0.0,0.119715,0.306512,0.0,0.753856,0.0,0.0,0.848543,0.443496
412.0,20.6847,0.0843731,0.293852,0.391796,0.0,0.00203078,0.0,0.0945651,0.0123348,0.0,0.169564,0.0
413.0,20.7181,0.178881,0.0,0.12492,0.00323631,0.0421,0.0273327,0.0,0.004907,0.0,0.235158,0.119866
414.0,20.7514,0.075802,0.0,0.333442,0.0166728,0.0983054,0.0,0.0,0.0229464,0.0,0.380737,0.0390316
415.0,20.7847,0.0,0.104777,0.0,0.0,0.0594623,0.0,0.0527633,0.0225672,0.0,0.215131,0.215761
416.0,20.8181,0.0,0.0442927,0.0,0.0108512,0.0971003,0.0993489,0.0,0.0,0.0113222,0.0,0.113777
417.0,20.8514,0.0,0.0211116,0.0,0.0,0.0260911,0.0425864,0.0,0.0,0.00111025,0.0202727,0.139957
418.0,20.8847,0.0,0.00914611,0.0,0.0,0.00950113,0.0,0.00133724,0.0198798,0.0,0.0301716,0.120213
419.0,20.9181,0.0,0.163005,0.0,0.0,0.0,0.0,0.126365,0.0278171,0.0996742,0.0760502,0.0571273
420.0,20.9514,0.0,0.369947,0.0,0.0,0.0,0.0,0.130499,0.0217206,0.221206,0.0279749,0.0253154
421.0,20.9847,0.0,0.533657,0.0,0.0,0.0,0.0,0.0338379,0.0357343,0.328523,0.0493551,0.0724474
422.0,21.0181,0.0,0.595331,0.0,0.0,0.0,0.0,0.0,0.0831111,0.411807,0.0,0.0936546
423.0,21.0514,0.0,0.524413,0.0,0.0,0.0,0.0,0.0,0.222724,0.449777,0.0,0.141086
424.0,21.0847,0.0378459,0.314989,0.0,0.0,0.0,0.0,0.0490771,0.381906,0.289895,0.0216922,0.0348785
425.0,21.1181,0.0413821,0.137416,0.0,0.0,0.0,0.0,0.272583,0.328702,0.139809,0.0803808,0.0
426.0,21.1514,0.0,0.913742,0.0,0.0252734,0.0727772,0.0,0.239473,0.121727,0.0227959,0.151099,0.0101592
427.0,21.1847,0.0,0.966291,0.0,0.140708,0.388695,0.323444,0.0136917,0.0289152,0.0,0.413482,0.334179
428.0,21.2181,0.0,0.467378,0.0,0.0614461,0.185229,0.208445,0.0,0.0,0.037354,0.0,0.0344177
429.0,21.2514,0.0192023,0.0,0.00774185,0.00257553,0.0274516,0.0020851,0.00639893,0.046707,0.0,0.129975,0.14678
430.0,21.2847,0.0325954,0.111941,0.0,0.0,0.0,0.00167454,0.00246075,0.05671,0.0764913,0.0138962,0.021444
431.0,21.3181,5.14369e-05,0.0798737,0.0,0.0,0.0,0.0,0.00249043,0.110215,0.109616,0.0245786,0.105744
432.0,21.3514,0.0,0.0,0.0,0.0,0.00373295,0.00479139,0.0190636,0.0914672,0.0,0.237286,0.105723
433.0,21.3847,0.0,0.0972328,0.0,0.00821257,0.030212,0.0832192,0.0,0.0756273,0.0,0.434696,0.0211756
434.0,21.4181,0.0,0.176162,0.0,0.0,0.0,0.117677,0.0,0.106176,0.0,0.438991,0.069849
435.0,21.4514,0.00499635,0.143283,0.0,0.0,0.0,0.0822073,0.0,0.187376,0.097977,0.456774,0.0540626
436.0,21.4847,0.294478,0.310243,0.0,0.0,0.0,0.232011,0.0,0.137417,0.0828688,0.376173,0.0
437.0,21.5181,0.168498,0.136671,0.0,0.0,0.0,0.0804011,0.0,0.159604,0.0,0.514931,0.0
438.0,21.5514,0.181387,0.293382,0.0,0.0,0.0,0.0905348,0.0,0.0980659,0.0,0.454323,0.0
439.0,21.5847,0.201475,0.217782,0.130296,0.0226369,0.0699144,0.156198,0.0,0.00930484,0.0,0.360326,0.0
440.0,21.6181,0.293867,0.181919,0.226439,0.0167165,0.0497764,0.426755,0.0,0.0,0.0104078,0.399736,0.0
441.0,21.6514,0.717606,0.133307,0.341038,0.057566,0.143821,0.611266,0.0,0.0,0.0696569,0.433658,0.000181155
442.0,21.6847,0.783702,0.106866,0.494833,0.0785562,0.19282,0.622298,0.0,0.0,0.0533515,0.531991,0.0
443.0,21.7181,0.765741,0.143353,0.297076,0.0248478,0.0542767,0.501832,0.0,0.0569214,0.0576023,0.4315,0.0
444.0,21.7514,0.0401369,0.0283726,0.198123,0.0807879,0.201379,0.0,0.396133,0.0,0.0,0.884895,0.103957
445.0,21.7847,0.165026,0.122114,0.37626,0.0,0.0,0.0,0.0701822,0.124738,0.0,0.156781,0.0
446.0,21.8181,0.13422,0.0540541,0.255609,0.0,0.0,0.0145268,0.0,0.116768,0.0,0.379042,0.0965559
447.0,21.8514,0.266501,0.0,0.31518,0.0213245,0.0981288,0.0153983,0.0,0.0,0.0,0.39128,0.0
448.0,21.8847,0.0,0.0860065,0.0,0.0,0.0373262,0.0,0.0911839,0.0330469,0.0,0.243621,0.213523
449.0,21.9181,0.0,0.0331115,0.0,0.0204449,0.119992,0.0879211,0.0,0.0,0.0203603,0.0205421,0.0616863
450.0,21.9514,0.0,0.00944176,0.0,0.0,0.0246361,0.0679778,0.0,0.0,0.0,0.0850831,0.156875
451.0,21.9847,0.0,0.0193803,0.0,0.0,0.0,0.0,0.0,0.0,0.00219094,0.0327937,0.128866
452.0,22.0181,0.0,0.0806138,0.0,0.0,0.000423353,0.0,0.120405,0.0208934,0.053681,0.0725273,0.0603963
453.0,22.0514,0.0,0.33823,0.0,0.0,0.0,0.0,0.0746678,0.00638804,0.191099,0.0474243,0.0597213
454.0,22.0847,0.0,0.552448,0.0,0.0,0.0,0.0,0.0249509,0.0268341,0.33885,0.0479795,0.068492
455.0,22.1181,0.0,0.629911,0.0,0.0,0.0,0.0,0.0,0.0873818,0.459983,0.0,0.144145
456.0,22.1514,0.0,0.52303,0.0,0.0,0.0,0.0,0.0,0.264617,0.462085,0.0,0.143019
457.0,22.1847,0.042205,0.306273,0.0,0.0,0.0,0.0,0.0713376,0.383586,0.283141,0.035374,0.0334023
458.0,22.2181,0.0424825,0.131329,0.0,0.0,0.0,0.0,0.24573,0.300197,0.132028,0.0779718,0.0
459.0,22.2514,0.0,0.92651,0.0,0.0288029,0.076117,0.0,0.258831,0.131872,0.0296727,0.172741,0.0270537
460.0,22.2847,0.0,0.810762,0.0,0.250206,0.597112,0.224829,0.0893974,0.00210374,0.0,0.399693,0.2882
461.0,22.3181,0.0,0.369008,0.0,0.0518198,0.174541,0.0818834,0.0,0.0,0.0123622,0.0,0.0265766
462.0,22.3514,0.00127537,0.0,0.00139289,0.0,0.00694738,0.0,0.0348745,0.0565051,0.0,0.0875814,0.0883365
463.0,22.3847,0.0,0.0997013,0.0,0.0,0.0,0.0,0.0149311,0.0741549,0.0432654,0.014995,0.0682851
464.0,22.4181,0.0,0.112038,0.0,0.0,0.0,0.0,0.00101746,0.204225,0.125234,0.0249069,0.0662282
465.0,22.4514,0.0270646,0.0357378,0.00132509,0.00438848,0.0193648,0.0105193,0.0410119,0.0796933,0.0,0.229712,0.0617957
466.0,22.4847,0.0,0.193423,0.0,0.00542345,0.0152939,0.013713,0.00101238,0.0889026,0.0,0.342462,0.0305902
467.0,22.5181,0.0,0.129429,0.0,0.0,0.0,0.0191206,0.0,0.150818,0.0,0.406553,0.0721178
468.0,22.5514,0.0,0.12224,0.0,0.0,0.0,0.0600095,0.0,0.194647,0.0792118,0.425509,0.0114915
469.0,22.5847,0.143574,0.220271,0.0181532,0.0,0.0,0.212431,0.0,0.0490623,0.0255673,0.334618,0.0
470.0,22.6181,0.151398,0.235686,0.0,0.0,0.0,0.113854,0.0,0.181862,0.00817693,0.483187,0.0
471.0,22.6514,0.23439,0.220882,0.0,0.0,0.0,0.171431,0.0,0.0894626,0.0,0.414782,0.0
472.0,22.6847,0.191105,0.23254,0.163809,0.0101834,0.0398033,0.263607,0.0,0.0,0.00333224,0.300202,0.0
473.0,22.7181,0.348037,0.174756,0.301164,0.0280692,0.0792836,0.362678,0.0,0.0,0.00851524,0.334901,0.0
474.0,22.7514,0.747753,0.131267,0.412292,0.0541647,0.134854,0.600471,0.0,0.0,0.0575654,0.440182,0.0
475.0,22.7847,0.807943,0.14334,0.4387,0.0721783,0.175802,0.626766,0.0,0.0,0.0786765,0.521289,0.0
476.0,22.8181,0.760017,0.252814,0.292832,0.0186034,0.0396987,0.470913,0.0,0.0558401,0.0547659,0.419779,0.0
477.0,22.8514,0.0680908,0.0684777,0.159326,0.0760999,0.190719,0.0,0.342721,0.0,0.0,0.836636,0.157313
478.0,22.8847,0.140307,0.128618,0.371047,0.0,0.0,0.0,0.0518613,0.115868,0.0,0.0928589,0.0
479.0,22.9181,0.209461,0.016487,0.234934,0.0,0.0,0.0112976,0.0,0.0167894,0.0,0.303013,0.0718245
480.0,22.9514,0.201019,0.00989366,0.340032,0.0254282,0.112464,0.0,0.0205547,0.0247942,0.0,0.400058,0.0839796
481.0,22.9847,0.0,0.00658311,0.00649883,0.0,0.0553183,0.0,0.0679072,0.051103,0.0,0.332459,0.19161
482.0,23.0181,0.0,0.0350407,0.0,0.0158913,0.110723,0.10297,0.0,0.0,0.0213016,0.0,0.0883269
483.0,23.0514,0.0,0.0136153,0.0,0.0,0.0272994,0.0374713,0.0,0.0,0.0,0.0445268,0.158493
484.0,23.0847,0.0,0.0175992,0.0,0.0,0.0,0.0643514,0.0,0.0,0.0145632,0.0466213,0.116915
485.0,23.1181,0.0,0.123733,0.0,0.0,0.0,0.0,0.093592,0.0184224,0.0759105,0.0498704,0.0635455
486.0,23.1514,0.0,0.353163,0.0,0.0,0.0,0.0,0.154605,0.020782,0.218517,0.000356531,0.0310693
487.0,23.1847,0.0,0.550105,0.0,0.0,0.0,0.0,0.0460114,0.0363418,0.341353,0.0319234,0.0603205
488.0,23.2181,0.0,0.619213,0.0,0.0,0.0,0.0,0.0,0.111842,0.449865,0.00509519,0.10877
489.0,23.2514,0.0,0.504979,0.0,0.0,0.0,0.0,0.0,0.283727,0.450416,0.0,0.130624
490.0,23.2847,0.0465167,0.29249,0.0,0.0,0.0,0.0,0.120364,0.403896,0.265127,0.0371701,0.0274237
491.0,23.3181,0.0385635,0.127235,0.0,0.0,0.0,0.0,0.299742,0.305947,0.138889,0.0856592,0.010691
492.0,23.3514,0.0,0.965865,0.0,0.0167294,0.0550909,0.0,0.246093,0.124591,0.0159795,0.102072,0.0737869
493.0,23.3847,0.0,0.8898,0.0,0.186227,0.49018,0.298788,0.00228365,0.0,0.0,0.220028,0.473357
494.0,23.4181,0.10943,0.261707,0.0186285,0.0463478,0.155592,0.124003,0.0,0.0,0.0,0.0,0.11045
495.0,23.4514,0.0,0.0189093,0.0,0.0,0.00676867,0.0,0.0496221,0.0642263,0.0,0.0975815,0.101311
496.0,23.4847,0.0,0.104386,0.0,0.0,0.0,0.0,0.0,0.107963,0.0847016,0.0337715,0.115399
497.0,23.5181,0.0,0.0684067,0.0,0.0,0.0,0.0,0.00337229,0.178967,0.118709,0.0518654,0.114805
498.0,23.5514,0.0982731,0.0991266,0.0,0.0144489,0.0508192,0.0391215,0.0,0.0492762,0.0,0.228528,0.0195485
499.0,23.5847,0.0,0.260914,0.0,0.0148429,0.0445831,0.0331649,0.000251107,0.084924,0.0,0.37245,0.0197471
500.0,23.6181,0.0,0.178832,0.0,0.0,0.0,0.0448336,0.0,0.128537,0.0,0.434386,0.0878669
501.0,23.6514,0.0,0.0951192,0.0,0.0,0.0,0.111355,0.0,0.159919,0.0763883,0.444616,0.0358985
502.0,23.6847,0.183218,0.290858,0.00950045,0.0,0.0,0.16028,0.0,0.104,0.0450211,0.342113,0.0
503.0,23.7181,0.0374678,0.241231,0.0,0.0,0.0,0.0403454,0.0,0.177314,0.0201358,0.374051,0.0615157
504.0,23.7514,0.281301,0.16054,0.0490751,0.00156511,0.0138907,0.0472003,0.00210809,0.0312596,0.0,0.40951,0.0
505.0,23.7847,0.271208,0.173122,0.176321,0.0145975,0.0496037,0.199479,0.0,0.0,0.00568465,0.232163,0.0
506.0,23.8181,0.303516,0.187509,0.370229,0.0218429,0.0655199,0.386276,0.0,0.0,0.019532,0.330157,0.0
507.0,23.8514,0.777419,0.161839,0.447586,0.0622922,0.15778,0.61137,0.0,0.0,0.0635167,0.439756,0.0
508.0,23.8847,0.801055,0.154128,0.470745,0.0710362,0.171703,0.626947,0.0,0.0,0.0829794,0.525549,0.0
509.0,23.9181,0.733036,0.253547,0.231854,0.0174427,0.0338561,0.4899,0.0,0.0541125,0.0791232,0.391579,0.0
510.0,23.9514,0.0853742,0.0,0.0758268,0.11431,0.282185,0.0,0.644585,0.0,0.0,0.896166,0.18036
511.0,23.9847,0.15257,0.0876523,0.336371,0.0,0.0,0.0,0.0765491,0.0452348,0.0,0.0797981,0.0
512.0,24.0181,0.139537,0.0,0.0792265,0.0,0.0152978,0.0154754,0.0,0.00615302,0.0,0.222915,0.146486
513.0,24.0514,0.27548,0.0,0.320403,0.029404,0.120622,0.0477282,0.0,0.0,0.0,0.396894,0.000625977
514.0,24.0847,0.0,0.0,0.0,0.0,0.0518452,0.0,0.00678324,0.0350725,0.0,0.332565,0.211021
515.0,24.1181,0.0,0.0349646,0.0,0.014736,0.110029,0.0904194,0.0,0.0,0.0243328,0.0,0.0765225
516.0,24.1514,0.0,0.0212541,0.0,0.0,0.0259339,0.0302346,0.0,0.0,0.00222879,0.0,0.158091
517.0,24.1847,0.0,0.0224745,0.0,0.0,0.00818334,0.0537975,0.0,0.0,0.00421305,0.0246667,0.115498
518.0,24.2181,0.0,0.141605,0.0,0.0,0.0,0.0,0.114809,0.0219992,0.0861741,0.0541701,0.0633867
519.0,24.2514,0.0,0.377739,0.0,0.0,0.0,0.0,0.161069,0.0186592,0.237425,0.0,0.0383593
520.0,24.2847,0.0,0.530702,0.0,0.0,0.0,0.0,0.079479,0.0377844,0.330976,0.0264696,0.0610941
521.0,24.3181,0.00156944,0.63006,0.0,0.0,0.0,0.0,0.0,0.129256,0.46382,0.0,0.110109
522.0,24.3514,0.0072255,0.510632,0.0,0.0,0.0,0.0,0.0063688,0.285696,0.444875,0.0,0.112083
523.0,24.3847,0.043055,0.308761,0.0,0.0,0.0,0.0,0.0875773,0.387608,0.274445,0.0421012,0.001568
524.0,24.4181,0.0383617,0.142814,0.0,0.0,0.0,0.0,0.244953,0.314489,0.162164,0.0744563,0.0141757
525.0,24.4514,0.0,0.894041,0.0,0.0138684,0.0485105,0.0,0.195082,0.10249,0.0156663,0.124042,0.0100687
526.0,24.4847,0.0,0.962247,0.0,0.067701,0.190565,0.0,0.101297,0.0317974,0.0,0.0,0.0
527.0,24.5181,0.0,0.844184,0.0,0.0967342,0.289258,0.429664,0.0,0.0,0.035851,0.0,0.0
528.0,24.5514,0.0756929,0.0,0.0,0.0178535,0.0727843,0.0563006,0.0,0.00991671,0.0,0.0879022,0.201243
529.0,24.5847,0.0,0.0875221,0.0,0.0,0.0,0.0,0.000694178,0.0249093,0.0251387,0.023182,0.0305128
530.0,24.6181,0.0,0.103574,0.0,0.0,0.0,0.0,0.0,0.15416,0.118185,0.0788736,0.0798671
531.0,24.6514,0.0,0.0289529,0.0,0.0017775,0.0205488,0.0118964,0.0,0.0762627,0.0,0.254213,0.0808419
532.0,24.6847,0.0,0.172266,0.0,0.0103832,0.0342781,0.0717084,0.0,0.0802244,0.0,0.442304,0.0395213
533.0,24.7181,0.0,0.239992,0.0,0.0,0.0,0.115608,0.0,0.0975326,0.0,0.493159,0.0731509
534.0,24.7514,0.0,0.18578,0.0,0.0,0.0,0.0144199,0.0,0.229296,0.104411,0.504995,0.0913623
535.0,24.7847,0.218116,0.232033,0.00618792,0.0,0.0,0.158682,0.0,0.150369,0.0819474,0.378399,0.0
536.0,24.8181,0.0460614,0.0717358,0.0,0.0,0.0,0.00924064,0.0,0.162676,0.0,0.525,0.0
537.0,24.8514,0.056097,0.137892,0.0,0.0,0.00617258,0.0,0.0,0.118132,0.0,0.557735,0.00142005
538.0,24.8847,0.147858,0.120595,0.0967298,0.0193209,0.0631143,0.0652405,0.0,0.022195,0.0,0.381706,0.0
539.0,24.9181,0.105957,0.0957409,0.256007,0.0123045,0.0461585,0.270112,0.0,0.00208761,0.0,0.356819,0.0
540.0,24.9514,0.636534,0.0884818,0.411697,0.049484,0.123537,0.546653,0.0,0.0,0.0417278,0.405843,0.0
541.0,24.9847,0.750511,0.0489072,0.46477,0.0795534,0.197679,0.609538,0.0,0.0,0.0542563,0.506615,0.0
542.0,25.0181,0.7659,0.1094,0.431062,0.0384123,0.0906084,0.529901,0.0,0.0284254,0.0508831,0.489371,0.0
543.0,25.0514,0.125939,0.0674914,0.0513816,0.132962,0.333375,0.0,0.783517,0.0,0.0,0.855114,0.481101
544.0,25.0847,0.0611434,0.104266,0.328606,0.0,0.0,0.0,0.0460971,0.0948424,0.0,0.196327,0.0
545.0,25.1181,0.134014,0.0106986,0.174768,0.0,0.0154015,0.0123004,0.0,0.0112522,0.0,0.258313,0.114649
546.0,25.1514,0.273975,0.0,0.218303,0.0153401,0.0808659,0.0291735,0.0,0.0,0.0,0.267716,0.0391783
547.0,25.1847,0.0824767,0.0308618,0.172628,0.0117656,0.101337,0.0,0.09055,0.0657681,0.0,0.419976,0.123859
548.0,25.2181,0.0,0.0438555,0.0,0.0159058,0.110465,0.133814,0.0,0.0,0.0218867,0.00282798,0.0932455
549.0,25.2514,0.0,0.0254478,0.0,0.0,0.0363466,0.0633399,0.0,0.0,0.000257709,0.031429,0.154041
550.0,25.2847,0.0,0.0228771,0.0,0.0,0.0270188,0.0,0.00713276,0.0218937,0.0,0.0159737,0.12925
551.0,25.3181,0.0,0.126202,0.0,0.0,0.0,0.0,0.129743,0.0289388,0.0819868,0.0512973,0.0706031
552.0,25.3514,0.0,0.330206,0.0,0.0,0.0,0.0,0.102265,0.0197889,0.193491,0.0368396,0.047408
553.0,25.3847,0.0,0.522562,0.0,0.0,0.0,0.0,0.0164645,0.0327377,0.323486,0.0475132,0.083296
554.0,25.4181,0.0,0.609625,0.0,0.0,0.0,0.0,0.0,0.0752681,0.424491,0.035828,0.0964091
555.0,25.4514,0.0,0.509079,0.0,0.0,0.0,0.0,0.0,0.222244,0.44477,0.0,0.249373
556.0,25.4847,0.0325752,0.318827,0.0,0.0,0.0,0.0,0.0340916,0.36028,0.299722,0.0,0.0974368
557.0,25.5181,0.0421341,0.152462,0.0,0.0,0.0,0.0,0.252654,0.344884,0.137995,0.0850675,0.0
558.0,25.5514,0.023386,0.0637737,0.0,0.0,0.0,0.0,0.30163,0.232149,0.0789255,0.102404,0.0181759
559.0,25.5847,0.0,0.96636,0.0,0.0667785,0.186498,5.72316e-05,0.099572,0.0323278,0.0,0.00879827,0.0
560.0,25.6181,0.0,0.859008,0.0,0.0908125,0.269277,0.423677,0.0,0.0,0.0724541,0.0,0.0
561.0,25.6514,0.119953,0.023133,0.0,0.00925201,0.0501845,0.0197826,0.0,0.0103948,0.0,0.0593903,0.193832
562.0,25.6847,0.0,0.11957,0.0,0.0,0.0,0.0,0.00908289,0.0605265,0.042486,0.00456402,0.0
563.0,25.7181,0.0,0.0903053,0.0,0.0,0.0,0.0,0.00090795,0.111694,0.0933328,0.0359456,0.108187
564.0,25.7514,0.0,0.0250434,0.0,0.0,0.0,0.0,0.00603704,0.0907716,0.00146072,0.191494,0.100569
565.0,25.7847,0.0,0.144563,0.0,0.012312,0.0421621,0.0670132,0.0,0.0741622,0.0,0.390196,0.0247058
566.0,25.8181,0.0,0.230833,0.0,0.00317999,0.0147842,0.12319,0.0,0.0388847,0.0,0.433887,0.0399688
567.0,25.8514,0.0,0.239094,0.0,0.0,0.0,0.147394,0.0,0.126716,0.0381595,0.429696,0.0352366
568.0,25.8847,0.115503,0.218601,0.0073295,0.0,0.0,0.291042,0.0,0.0650316,0.0711027,0.341648,0.0
569.0,25.9181,0.117631,0.18094,0.0,0.0,0.0,0.156205,0.0,0.147122,0.00883725,0.471866,0.0
570.0,25.9514,0.132487,0.197494,0.0,0.0,0.0,0.163807,0.0,0.131083,0.0,0.435564,0.0
571.0,25.9847,0.212369,0.24052,0.0883073,0.0189828,0.062425,0.180751,0.0,0.00489242,0.0,0.314564,0.0
572.0,26.0181,0.36299,0.129,0.177556,0.0169098,0.0496196,0.395573,0.0,0.0,0.0189135,0.349267,0.0
573.0,26.0514,0.719712,0.164054,0.371773,0.054577,0.135674,0.584852,0.0,0.0,0.0664298,0.435938,0.0
574.0,26.0847,0.781143,0.0224612,0.328275,0.0802637,0.194454,0.625643,0.0,0.0,0.0769857,0.514845,0.0
575.0,26.1181,0.725609,0.118728,0.279933,0.0194202,0.0389928,0.474654,0.0,0.0539336,0.06476,0.397132,0.0
576.0,26.1514,0.0,0.0199094,0.0837763,0.0616031,0.156197,0.0,0.253895,0.0,0.0,0.790873,0.153231
577.0,26.1847,0.113771,0.115453,0.329749,0.0,0.0,0.0,0.0572652,0.105605,0.0,0.0749711,0.0
578.0,26.2181,0.127741,0.0421748,0.176032,0.0,0.0,0.0,0.000560493,0.0178277,0.0,0.203754,0.0770605
579.0,26.2514,0.256985,0.0,0.365817,0.0236391,0.106125,0.0,0.0,0.0147471,0.0,0.400213,0.0
580.0,26.2847,0.0,0.0,0.0427986,0.0,0.0650713,0.0,0.0817681,0.0629031,0.0,0.356775,0.145315
581.0,26.3181,0.0,0.0363715,0.0,0.0138263,0.107847,0.125357,0.0,0.0,0.0254948,0.0033219,0.10102
582.0,26.3514,0.0,0.0210845,0.0,0.0,0.0316998,0.043548,0.0,0.0,0.000352615,0.0313228,0.153454
583.0,26.3847,0.0,0.0154628,0.0,0.0,0.00317149,0.0145995,0.0,0.0,0.00475006,0.0270633,0.135133
584.0,26.4181,0.0,0.118342,0.0,0.0,0.0,0.0,0.104333,0.0218442,0.0728825,0.061112,0.0688696
585.0,26.4514,0.0,0.332203,0.0,0.0,0.0,0.0,0.151206,0.0214046,0.215678,0.0,0.0507696
586.0,26.4847,0.0,0.504256,0.0,0.0,0.0,0.0,0.0824236,0.0387931,0.314066,0.0137247,0.106093
587.0,26.5181,0.000499191,0.629729,0.0,0.0,0.0,0.0,0.0,0.113121,0.457039,0.0139787,0.123039
588.0,26.5514,0.00541148,0.51493,0.0,0.0,0.0,0.0,0.0,0.288236,0.458132,0.0,0.116212
589.0,26.5847,0.046281,0.298351,0.0,0.0,0.0,0.0,0.107028,0.401325,0.275672,0.0413631,0.0216851
590.0,26.6181,0.0437899,0.136019,0.0,0.0,0.0,0.0,0.313741,0.313866,0.141067,0.0874648,0.0333358
591.0,26.6514,0.0,0.965501,0.0,0.0166654,0.0544005,0.0,0.240365,0.119446,0.0220762,0.088316,0.100407
592.0,26.6847,0.0,0.881496,0.0,0.186986,0.496761,0.311906,0.00460491,0.0,0.0,0.232305,0.443678
593.0,26.7181,0.0485507,0.288747,0.0,0.05417,0.179199,0.135804,0.0,0.0,0.00960067,0.0,0.1266
594.0,26.7514,0.0021558,0.0,0.00567775,0.0,0.0127313,0.0,0.0298925,0.0521222,0.0,0.115619,0.129602
595.0,26.7847,0.0,0.0926038,0.0,0.0,0.0,0.0,0.00325842,0.0933674,0.0692941,0.0287566,0.0846192
596.0,26.8181,0.0,0.0643056,0.0,0.0,0.0,0.0,0.0187928,0.171214,0.0787005,0.0596067,0.134469
597.0,26.8514,0.0,0.044491,0.0,0.0131048,0.0498193,0.0369474,0.0,0.0744255,0.0,0.277654,0.074527
598.0,26.8847,0.0,0.200202,0.0,0.0101969,0.0298335,0.0467989,0.000156052,0.0878755,0.0,0.422827,0.0626926
599.0,26.9181,0.0,0.122501,0.0,0.0,0.0,0.0149063,0.0,0.195063,0.0309268,0.455243,0.0949797
600.0,26.9514,0.0,0.116658,0.0,0.0,0.0,0.00556488,0.0,0.253685,0.0971228,0.471427,0.0504974
601.0,26.9847,0.169256,0.133173,0.0143408,0.0,0.0,0.205484,0.0,0.0214179,0.0,0.385536,0.0
602.0,27.0181,0.0837653,0.132434,0.0,0.0,0.0,0.0264369,0.0,0.17128,0.0,0.555153,0.0
603.0,27.0514,0.140719,0.14572,0.0,0.00431766,0.0164143,0.0276835,0.0,0.0705643,0.0,0.541081,0.0
604.0,27.0847,0.185789,0.130729,0.129751,0.0306868,0.0904633,0.113751,0.0,0.0148039,0.0,0.371354,0.0
605.0,27.1181,0.22979,0.146945,0.225719,0.0194899,0.059616,0.353526,0.0,0.0,0.0,0.381952,0.0
606.0,27.1514,0.635329,0.154268,0.2824,0.045425,0.116471,0.612863,0.0,0.0,0.0727285,0.436519,0.0
607.0,27.1847,0.762932,0.0869514,0.445425,0.0778293,0.192609,0.618151,0.0,0.0,0.0556849,0.501981,0.0
608.0,27.2181,0.793503,0.244627,0.443193,0.0221178,0.0515382,0.494054,0.0,0.0457337,0.0479436,0.446012,0.0
609.0,27.2514,0.147628,0.0175237,0.207496,0.130064,0.316095,0.0,0.881357,0.0,0.0,0.936821,0.519666
610.0,27.2847,0.129575,0.0972481,0.380671,0.0,0.0,0.0,0.0685251,0.143559,0.0,0.264022,0.0
611.0,27.3181,0.243337,0.0,0.248598,0.0,0.0,0.0241199,0.0,0.0181189,0.0,0.313591,0.0751229
612.0,27.3514,0.257238,0.0,0.329664,0.0268025,0.112732,0.000330675,0.0,0.000735834,0.0,0.350645,0.0
613.0,27.3847,0.0940812,0.00273926,0.120527,0.0144729,0.108734,0.0,0.0761967,0.0652889,0.0,0.469321,0.182158
614.0,27.4181,0.0,0.0447403,0.0,0.00311156,0.0825289,0.244432,0.0,0.0,0.0321957,0.0142,0.0580119
615.0,27.4514,0.0,0.0218417,0.0,0.0,0.0326007,0.0446536,0.0,0.0,0.0,0.0338801,0.15203
616.0,27.4847,0.0,0.0266677,0.0,0.0,0.0103649,0.0600856,0.0,0.0,0.014906,0.00132637,0.12814
617.0,27.5181,0.0,0.124729,0.0,0.0,0.0,0.0,0.116845,0.0250855,0.0794936,0.0421162,0.0440732
618.0,27.5514,0.0,0.344545,0.0,0.0,0.0,0.0,0.14118,0.0262461,0.215283,0.0561725,0.0
619.0,27.5847,0.0,0.554518,0.0,0.0,0.0,0.0,0.0,0.0362453,0.325608,0.0681543,0.0
620.0,27.6181,0.0,0.605778,0.0,0.0,0.0,0.0,0.0,0.107627,0.441136,0.0134889,0.0961828
621.0,27.6514,0.0,0.499166,0.0,0.0,0.0,0.0,0.0,0.270757,0.436458,0.0,0.117772
622.0,27.6847,0.043599,0.302618,0.0,0.0,0.0,0.0,0.0632134,0.37862,0.275953,0.0305953,0.0248642
623.0,27.7181,0.0412605,0.129067,0.0,0.0,0.0,0.0,0.272673,0.323641,0.128938,0.0812506,0.0
624.0,27.7514,0.0,0.97477,0.0,0.00306128,0.00961761,0.0,0.275943,0.166341,0.0508714,0.00694123,0.0373634
625.0,27.7847,0.0,0.820933,0.0,0.25164,0.603172,0.237165,0.0428418,0.0,0.0,0.342345,0.324559
626.0,27.8181,0.0237026,0.302687,0.0,0.0468427,0.161888,0.0675147,0.0,0.0,0.0198957,0.0,0.0444606
627.0,27.8514,0.0,0.0,0.0,0.0,0.00748726,0.0,0.0439212,0.0623212,0.0,0.0960954,0.110604
628.0,27.8847,0.00630542,0.119678,0.0,0.0,0.0,0.0,0.0,0.105682,0.0847557,0.0167232,0.0739675
629.0,27.9181,0.0,0.0952204,0.0,0.0,0.0,0.0,0.00281754,0.177283,0.146103,0.0156154,0.0571475
630.0,27.9514,0.0604354,0.0583143,0.0,0.00644115,0.0289329,0.00821095,0.0300179,0.0565481,0.0,0.189572,0.071065
631.0,27.9847,0.0,0.0674961,0.0,0.00728849,0.0235179,0.0339929,0.0,0.0807884,0.0,0.345892,0.0360397
632.0,28.0181,0.0,0.0942945,0.0,0.0,0.0,0.0602045,0.0,0.128369,0.0,0.437552,0.0736758
633.0,28.0514,0.0,0.102354,0.0,0.0,0.0,0.0604874,0.0,0.19265,0.0628084,0.438812,0.0259636
634.0,28.0847,0.204163,0.334637,0.00896327,0.0,0.0,0.207371,0.0,0.1127,0.0671728,0.327887,0.0
635.0,28.1181,0.252841,0.125421,0.000339488,0.0,0.0,0.0561676,0.0,0.0879911,0.0,0.364504,0.0451525
636.0,28.1514,0.279297,0.0972511,0.00127937,0.0,0.00556655,0.0909891,4.24031e-06,0.0226867,0.0,0.441306,0.0
637.0,28.1847,0.0525778,0.022632,0.0104566,0.0377618,0.114355,0.0678761,0.0,0.00315858,0.0,0.226048,0.0614824
638.0,28.2181,0.317307,0.164627,0.310575,0.0228983,0.067003,0.353951,0.0,0.0,0.00816823,0.3349,0.0
639.0,28.2514,0.767747,0.15798,0.398582,0.0561903,0.14215,0.629538,0.0,0.0,0.0721506,0.453094,0.0
640.0,28.2847,0.807898,0.125076,0.458089,0.0739433,0.180805,0.629813,0.0,0.0,0.074971,0.527846,0.0
641.0,28.3181,0.759356,0.251976,0.341405,0.0163968,0.0345681,0.483372,0.0,0.0675839,0.0525137,0.445547,0.0
642.0,28.3514,0.147009,0.133851,0.0664101,0.112272,0.277616,0.0,0.537855,0.0,0.0,0.835973,0.158374
643.0,28.3847,0.0727345,0.147581,0.339084,0.0,0.0,0.0,0.0561831,0.0598467,0.0,0.0992506,0.0
644.0,28.4181,0.221018,0.0,0.184397,0.0,0.0234266,0.0649796,0.0,0.00447854,0.0,0.244033,0.0875517
645.0,28.4514,0.283116,0.0,0.31056,0.0291494,0.120191,0.0230839,0.0,0.0,0.0,0.396098,0.0
646.0,28.4847,0.0,0.0203341,0.0,0.0,0.053928,0.0,0.0294395,0.038427,0.0,0.318403,0.212426
647.0,28.5181,0.0,0.0348799,0.0,0.0153231,0.110966,0.0816217,0.0,0.0,0.0209059,0.0,0.0834682
648.0,28.5514,0.0,0.0196006,0.0,0.0,0.0242167,0.0284071,0.0,0.0,0.000667916,0.00446797,0.165759
649.0,28.5847,0.0,0.0190006,0.0,0.0,0.00183301,0.0670093,0.0,0.0,0.00463982,0.0486721,0.128791
650.0,28.6181,0.0,0.11368,0.0,0.0,0.0,0.0,0.0995399,0.0186355,0.0690804,0.0632782,0.0722341
651.0,28.6514,0.0,0.367928,0.0,0.0,0.0,0.0,0.173872,0.019228,0.232793,0.0,0.0413598
652.0,28.6847,0.0,0.521279,0.0,0.0,0.0,0.0,0.0965389,0.0391996,0.332867,0.0391321,0.0423997
653.0,28.7181,7.44369e-05,0.63348,0.0,0.0,0.0,0.0,0.0,0.135883,0.462945,0.0,0.121155
654.0,28.7514,0.0,0.51024,0.0,0.0,0.0,0.0,0.0,0.276601,0.45897,0.0,0.138614
655.0,28.7847,0.0439132,0.306016,0.0,0.0,0.0,0.0,0.109252,0.391931,0.275509,0.038426,0.0101854
656.0,28.8181,0.0436109,0.141949,0.0,0.0,0.0,0.0,0.275035,0.313549,0.157154,0.0747655,0.0305681
657.0,28.8514,0.0,0.917237,0.0,0.0296333,0.0827542,0.0,0.210136,0.110291,0.0222801,0.1405,0.0332625
658.0,28.8847,0.0,0.968428,0.0,0.0850077,0.236098,0.0407097,0.00698704,0.0,0.0,0.0,0.0
659.0,28.9181,0.0,0.763793,0.0,0.0786537,0.224955,0.425083,0.0,0.0,0.110745,0.0,0.0
660.0,28.9514,0.116548,0.0210729,0.0,0.0134312,0.0564252,0.0593934,0.0,0.00996265,0.0,0.115311,0.204122
661.0,28.9847,0.0,0.0939023,0.0,0.0,0.0,0.0,0.00370496,0.0319034,0.011716,0.0206998,0.0094713
662.0,29.0181,0.0,0.11441,0.0,0.0,0.0,0.0,0.0,0.162052,0.119252,0.058509,0.0322631
663.0,29.0514,0.0275649,0.0687687,0.0,0.0049672,0.02298,0.0363212,0.0,0.0696278,0.0,0.26736,0.0428503
664.0,29.0847,0.0,0.251142,0.0,0.0103477,0.0317972,0.0840409,0.0,0.0659129,0.0,0.427528,0.0329328
665.0,29.1181,0.0,0.221549,0.0,0.0,0.000496034,0.0687561,0.0,0.117557,0.0,0.491632,0.0677045
666.0,29.1514,0.0,0.17903,0.0,0.0,0.0,0.109771,0.0,0.150728,0.079662,0.45133,0.0440163
667.0,29.1847,0.226919,0.248117,0.00771432,0.0,0.0,0.257215,0.0,0.119684,0.0800416,0.363258,0.0
668.0,29.2181,0.154497,0.0478905,0.0,0.0,0.0,0.0995682,0.0,0.133581,0.0,0.485989,0.0
669.0,29.2514,0.179268,0.077724,0.00392525,0.000401641,0.00908373,0.0452703,0.00167622,0.0300743,0.0,0.470679,0.0
670.0,29.2847,0.199256,0.0,0.159608,0.00862794,0.0323959,0.200598,0.0,0.00528372,0.0,0.333171,0.0
671.0,29.3181,0.317625,0.0999466,0.332731,0.0274093,0.077458,0.348439,0.0,0.0,0.0039846,0.346715,0.0
672.0,29.3514,0.736714,0.0800516,0.414876,0.0619805,0.154325,0.572487,0.0,0.0,0.043763,0.424259,0.0
673.0,29.3847,0.786675,0.100677,0.483875,0.0763732,0.186686,0.629948,0.0,0.00106268,0.0658277,0.551081,0.0
674.0,29.4181,0.768319,0.242194,0.290472,0.0188667,0.0380757,0.472426,0.0,0.0642603,0.0559769,0.424167,0.0
675.0,29.4514,0.11798,0.0823701,0.042155,0.115328,0.287581,0.0,0.56084,0.0,0.0,0.821096,0.162902
676.0,29.4847,0.0850999,0.122039,0.323325,0.0,0.0,0.0,0.071485,0.0499262,0.0,0.0575033,0.0
677.0,29.5181,0.131946,0.0105519,0.154886,0.0,0.0311426,0.00556879,0.0,0.0128523,0.0,0.200299,0.127994
678.0,29.5514,0.324217,0.0,0.367317,0.0242038,0.10814,0.0850365,0.0,0.0,0.0,0.468726,0.0745659
679.0,29.5847,0.0,0.045263,0.0,0.0,0.0521811,0.0,0.0968494,0.027815,0.0,0.0391377,0.184587
680.0,29.6181,0.0,0.0288672,0.0,0.00909499,0.0897884,0.200283,0.0,0.0,0.0,0.119456,0.224119
681.0,29.6514,0.0,0.0324128,0.0,0.0,0.034838,0.042262,0.0,0.0,0.0255298,0.0,0.164078
682.0,29.6847,0.0,0.0238861,0.0,0.0,0.0209882,0.000867419,0.0,0.00788435,0.0,0.0140671,0.139778
683.0,29.7181,0.0,0.178907,0.0,0.0,0.0,0.0,0.0578763,0.0254842,0.120173,0.0433473,0.140071
684.0,29.7514,0.0,0.345061,0.0,0.0,0.0,0.0,0.0973472,0.0142054,0.202477,0.0274023,0.0516501
685.0,29.7847,0.0,0.541809,0.0,0.0,0.0,0.0,0.0,0.0295776,0.330012,0.0772047,0.103004
686.0,29.8181,0.0,0.623901,0.0,0.0,0.0,0.0,0.0,0.0429035,0.432374,0.0314719,0.108407
687.0,29.8514,0.0,0.540037,0.0,0.0,0.0,0.0,0.0,0.212396,0.460293,0.0,0.153525
688.0,29.8847,0.0319349,0.341779,0.0,0.0,0.0,0.0,0.0253191,0.390143,0.302128,0.029297,0.0581113
689.0,29.9181,0.0430799,0.16504,0.0,0.0,0.0,0.0,0.237229,0.361623,0.130792,0.0875618,0.0
690.0,29.9514,0.0177738,0.0586037,0.0,0.0,0.0,0.0,0.275091,0.210957,0.0752476,0.0911212,0.010944
691.0,29.9847,0.0,0.96606,0.0,0.0520715,0.151518,0.0,0.127197,0.051362,0.00231284,0.0060448,0.0327037
692.0,30.0181,0.0,0.866108,0.0,0.136722,0.381709,0.342656,0.0,0.0,0.0,0.0,0.0
693.0,30.0514,0.186195,0.0918893,0.000790501,0.030133,0.108006,0.0429768,0.0,0.0,0.0,0.00943895,0.206105
694.0,30.0847,0.0,0.0380971,0.000376953,0.0,0.00473345,0.0,0.0490093,0.0640778,0.0,0.0719709,0.0484012
695.0,30.1181,0.00832546,0.143155,0.0,0.0,0.0,0.0,0.0,0.105013,0.154836,0.000763906,0.109092
696.0,30.1514,0.0,0.0,0.0,0.0,0.0,0.0,0.00448712,0.0774629,0.0273564,0.120004,0.0294375
697.0,30.1847,0.0193884,0.0589378,0.0,0.016177,0.062718,0.10471,0.0,0.0264947,0.0,0.26374,0.0296867
698.0,30.2181,0.0,0.163341,0.0,0.0131243,0.0471802,0.139018,0.0,0.0329575,0.0,0.430556,0.0264223
699.0,30.2514,0.0,0.150238,0.0,0.0,0.0,0.150712,0.0,0.0938126,0.0,0.439194,0.0654889
700.0,30.2847,0.0953107,0.330523,0.0092926,0.0,0.0,0.317681,0.0,0.0,0.0407648,0.26288,0.0
701.0,30.3181,0.158015,0.246593,0.000664303,0.0,0.0,0.206806,0.0,0.0349661,0.00272958,0.327072,0.0
702.0,30.3514,0.191792,0.3334,0.0,0.0,0.0,0.299186,0.0,0.073906,0.000566759,0.404328,0.0
703.0,30.3847,0.250511,0.295033,0.057639,0.0,0.0,0.3043,0.0,0.0637528,0.0341831,0.277837,0.0
704.0,30.4181,0.308521,0.204415,0.26275,0.018912,0.0574093,0.34819,0.0,0.0,0.0109262,0.33334,0.0
705.0,30.4514,0.747541,0.0898669,0.381299,0.0562778,0.138824,0.546072,0.0,0.0,0.0409219,0.397278,0.0
706.0,30.4847,0.809696,0.118443,0.432752,0.0760326,0.185562,0.624983,0.0,0.0,0.0722803,0.518102,0.0
707.0,30.5181,0.776367,0.201614,0.387526,0.0353372,0.0805664,0.515862,0.0,0.0310261,0.0490124,0.465701,0.0
708.0,30.5514,0.212735,0.109348,0.00665144,0.160624,0.392079,0.0,0.887773,0.0,0.0,0.749356,0.601683
709.0,30.5847,0.101513,0.108571,0.346883,0.0,0.000412947,0.0,0.00512458,0.0372082,0.0,0.147262,0.0
710.0,30.6181,0.155482,0.021282,0.255159,0.0,0.0,0.0391316,0.0,0.0125131,0.0,0.277449,0.0430223
711.0,30.6514,0.28082,0.0,0.318426,0.0296767,0.116411,0.0268389,0.0,0.0,0.0,0.42478,0.0
712.0,30.6847,0.204241,0.00692073,0.171548,0.0328666,0.147451,0.0,0.0824407,0.0512365,0.0,0.503214,0.0934731
713.0,30.7181,0.0,0.0371667,0.0,0.0142968,0.11346,0.145275,0.0,0.0,0.024368,0.012214,0.0911311
714.0,30.7514,0.0,0.0209079,0.0,0.0,0.0390096,0.047467,0.0,0.0,0.00552157,0.00334963,0.135181
715.0,30.7847,0.0,0.0266947,0.0,0.0,0.0256315,0.0292629,0.0,0.0,0.0225742,0.0,0.126873
716.0,30.8181,0.0,0.0603039,0.0,0.0,0.00356353,0.0,0.0956563,0.024295,0.042956,0.0514169,0.111916
717.0,30.8514,0.0,0.28673,0.0,0.0,0.0,0.0,0.175016,0.00732106,0.211725,0.0,0.0654002
718.0,30.8847,0.0,0.524991,0.0,0.0,0.0,0.0,0.073548,0.0305274,0.316605,0.0429193,0.079227
719.0,30.9181,0.00141113,0.657988,0.0,0.0,0.0,0.0,0.0,0.0924261,0.457789,0.0170506,0.0678417
720.0,30.9514,0.0,0.537819,0.0,0.0,0.0,0.0,0.0198681,0.26417,0.478613,0.0,0.135786
721.0,30.9847,0.0483417,0.352456,0.0,0.0,0.0,0.0,0.0648462,0.394049,0.312598,0.0224461,0.0410984
722.0,31.0181,0.0492091,0.15617,0.0,0.0,0.0,0.0,0.281065,0.345636,0.162774,0.0803569,0.0223396
723.0,31.0514,0.0266721,0.0748326,0.0,0.0,0.0,0.0,0.276084,0.215951,0.0726903,0.0919183,0.0448222
724.0,31.0847,0.0,0.96496,0.0,0.0696758,0.192288,0.0011056,0.0747115,0.0209526,0.0,0.00511792,0.0
725.0,31.1181,0.0,0.850133,0.0,0.106709,0.317178,0.506142,0.0,0.0,0.0377268,0.0,0.0
726.0,31.1514,0.121492,0.0592915,0.0,0.0257357,0.0916494,0.0770049,0.0,0.00106347,0.0,0.0822569,0.221665
727.0,31.1847,0.0,0.063207,0.0,0.0012155,0.0250819,0.0,0.0,0.0253215,0.0,0.0424269,0.0757334
728.0,31.2181,0.0,0.150161,0.0,0.0,0.0,0.0,0.0,0.186392,0.140463,0.0396391,0.0
729.0,31.2514,0.0176554,0.0224602,0.0,0.0,0.00579345,0.00617531,0.00628788,0.0668015,0.0,0.200763,0.0494453
730.0,31.2847,0.0,0.176115,0.0,0.0107523,0.0366978,0.0778753,0.0,0.0649857,0.0,0.379966,0.00255435
731.0,31.3181,0.0,0.210002,0.0,0.00535528,0.0121624,0.0592187,0.0,0.100031,0.0,0.477745,0.0478812
732.0,31.3514,0.0,0.207296,0.0,0.0,0.0,0.0266363,0.0,0.187841,0.0129343,0.412042,0.0189962
733.0,31.3847,0.136123,0.269458,0.000154221,0.0,0.0,0.263154,0.0,0.101966,0.0748157,0.354472,0.0
734.0,31.4181,0.142967,0.121359,0.0,0.0,0.0,0.115268,0.0,0.1929,0.0273755,0.472384,0.0
735.0,31.4514,0.108865,0.105085,0.000821927,0.0,0.0,0.188626,0.0,0.0854628,0.0,0.438214,0.0
736.0,31.4847,0.163098,0.201312,0.0898309,0.00308302,0.0214635,0.284071,0.0,0.0,0.0106115,0.298021,0.0
737.0,31.5181,0.306411,0.132793,0.175497,0.0191879,0.0570401,0.353114,0.0,0.0,0.0065565,0.355228,0.0
738.0,31.5514,0.639895,0.0638287,0.321037,0.0458555,0.11308,0.549276,0.0,0.0,0.0414756,0.42265,0.0
739.0,31.5847,0.779651,0.0388261,0.403446,0.079178,0.194365,0.616943,0.0,0.0,0.0547272,0.525745,0.0
740.0,31.6181,0.792003,0.141792,0.385301,0.033796,0.0778482,0.499549,0.0,0.0289422,0.0434345,0.469039,0.0
741.0,31.6514,0.190413,0.0211629,0.0793664,0.121598,0.30323,0.0,0.676179,0.0,0.0,0.847083,0.328156
742.0,31.6847,0.00997378,0.180096,0.368419,0.0,0.0,0.0,0.00657963,0.16731,0.0,0.158451,0.0
743.0,31.7181,0.19877,0.0,0.257822,0.0,0.0,0.0504327,0.0,0.101615,0.0,0.386535,0.0713602
744.0,31.7514,0.222053,0.0,0.310477,0.0201668,0.0954866,0.0,0.0,0.0116461,0.0,0.35059,0.00666536
745.0,31.7847,0.136231,0.0,0.255687,0.0255389,0.130467,0.0,0.0819148,0.0591629,0.0,0.48953,0.134747
746.0,31.8181,0.0,0.0475888,0.0,0.0173004,0.117896,0.149675,0.0,0.0,0.026688,0.00322336,0.0790817
747.0,31.8514,0.0,0.0270981,0.0,0.0,0.0454352,0.084793,0.0,0.0,0.00464702,0.0221187,0.141209
748.0,31.8847,0.0,0.0295013,0.0,0.0,0.0196088,0.0534181,0.0,0.0,0.017016,0.0,0.100763
749.0,31.9181,0.0,0.0909614,0.0,0.0,0.0,0.0,0.0956337,0.0222572,0.0562718,0.0524197,0.0684967
750.0,31.9514,0.0,0.288371,0.0,0.0,0.0,0.0,0.13541,0.0195364,0.184284,0.0,0.0510502
751.0,31.9847,0.0,0.530661,0.0,0.0,0.0,0.0,0.0453637,0.0238378,0.326503,0.0416768,0.0842141
752.0,32.0181,0.0,0.630436,0.0,0.0,0.0,0.0,0.000972755,0.0838325,0.436353,0.0113762,0.0973577
753.0,32.0514,0.0,0.540556,0.0,0.0,0.0,0.0,0.0,0.237313,0.474469,0.0,0.165223
754.0,32.0847,0.0466731,0.358401,0.0,0.0,0.0,0.0,0.0464671,0.394154,0.322186,0.0152643,0.0460019
755.0,32.1181,0.0506169,0.160621,0.0,0.0,0.0,0.0,0.271063,0.352556,0.163814,0.0806065,0.0104697
756.0,32.1514,0.0264547,0.0739996,0.0,0.0,0.0,0.0,0.298029,0.230946,0.0765211,0.100669,0.0337347
757.0,32.1847,0.0,0.965809,0.0,0.068631,0.189323,0.0,0.0821902,0.0236877,0.0,0.00491571,0.0
758.0,32.2181,0.0,0.853898,0.0,0.0944336,0.283809,0.478587,0.0,0.0,0.0651377,0.0,0.0
759.0,32.2514,0.176503,0.46733,0.0372442,0.013869,0.0477013,0.0339473,0.0,0.0,0.0,0.0178934,0.203631
760.0,32.2847,0.0,0.0170221,0.00605859,0.0,0.00692043,0.0,0.00365958,0.0335603,0.0188397,0.0193706,0.0189145
761.0,32.3181,0.0240774,0.14904,0.0,0.0,0.0,0.0,0.0,0.136048,0.153701,0.0375256,0.0538166
762.0,32.3514,0.00719348,0.0233673,0.0,0.0,0.0,0.000602489,0.00374912,0.0908852,0.00190447,0.221969,0.0792419
763.0,32.3847,0.0,0.101973,0.0,0.0117631,0.0402963,0.079466,0.0,0.0709649,0.0,0.406771,0.0232758
764.0,32.4181,0.0,0.168,0.0,0.0,0.00522018,0.131735,0.0,0.0570092,0.0,0.462798,0.0505499
765.0,32.4514,0.0,0.185729,0.0,0.0,0.0,0.135502,0.0,0.141078,0.0564459,0.463611,0.0742477
766.0,32.4847,0.176133,0.205753,0.00756774,0.0,0.0,0.3001,0.0,0.0632055,0.0673062,0.333499,0.0
767.0,32.5181,0.133251,0.146584,0.0,0.0,0.0,0.13648,0.0,0.168539,0.00838201,0.486838,0.0
768.0,32.5514,0.057138,0.229102,0.0,0.0,0.0,0.0,0.0,0.146465,0.00614273,0.327238,0.0646966
769.0,32.5847,0.204449,0.149946,0.20343,0.0123462,0.0447776,0.18315,0.0,0.00255433,0.0,0.29356,0.0
770.0,32.6181,0.395189,0.151883,0.21681,0.019632,0.05654,0.431497,0.0,0.0,0.0237345,0.355785,0.0
771.0,32.6514,0.75093,0.0893466,0.373499,0.0643443,0.160155,0.578612,0.0,0.0,0.0574533,0.407784,0.0
772.0,32.6847,0.788546,0.0760624,0.469944,0.0748847,0.180977,0.627139,0.0,0.00440385,0.0742928,0.539608,0.0
773.0,32.7181,0.733547,0.147086,0.219836,0.0377956,0.0870799,0.458434,0.0,0.0141929,0.0668082,0.296349,0.0
774.0,32.7514,0.0214525,0.0,0.0672854,0.053966,0.142171,0.0,0.168968,0.0,0.0,0.719425,0.192833
775.0,32.7847,0.0995655,0.0936485,0.304417,0.0,0.0,0.0,0.0550058,0.0765503,0.0,0.0523801,0.0
776.0,32.8181,0.210403,0.0220994,0.210274,0.0,0.0,0.00979411,0.0,0.0238376,0.0,0.291017,0.0722419
777.0,32.8514,0.279169,0.0,0.310093,0.0139982,0.0794575,0.0454281,0.0,0.0,0.0,0.450066,0.0319719
778.0,32.8847,0.0,0.034008,0.0,0.0,0.0333076,0.0,0.00468486,0.0175156,0.0,0.0923006,0.210251
779.0,32.9181,0.0,0.0394447,0.0,0.0149364,0.106058,0.127828,0.0,0.0,0.0209316,0.0,0.0972707
780.0,32.9514,0.0,0.0163681,0.0,0.0,0.0321341,0.00800706,0.0,0.0,0.00331953,0.050694,0.165996
781.0,32.9847,0.0,0.0108625,0.0,0.0,0.0128778,0.0,0.0,0.0105667,0.0,0.0722117,0.147051
782.0,33.0181,0.0,0.125153,0.0,0.0,0.0,0.0,0.108239,0.0218624,0.0780459,0.08536,0.0800444
783.0,33.0514,0.0,0.353911,0.0,0.0,0.0,0.0,0.124001,0.0171204,0.206627,0.0306764,0.0424451
784.0,33.0847,0.0,0.528164,0.0,0.0,0.0,0.0,0.0331372,0.0325282,0.325506,0.0338514,0.0846803
785.0,33.1181,0.0,0.624444,0.0,0.0,0.0,0.0,0.0,0.0742012,0.440645,0.0160035,0.0909191
786.0,33.1514,0.0,0.532386,0.0,0.0,0.0,0.0,0.0,0.260032,0.4657,0.0,0.143681
787.0,33.1847,0.0455422,0.303201,0.0,0.0,0.0,0.0,0.112004,0.404166,0.274684,0.0273983,0.0522973
788.0,33.2181,0.0398412,0.129029,0.0,0.0,0.0,0.0,0.299981,0.31221,0.134391,0.085219,0.0
789.0,33.2514,0.0,0.922935,0.0,0.0297387,0.0821815,0.0,0.229551,0.119896,0.0247588,0.150472,0.0437216
790.0,33.2847,0.0,0.819934,0.0,0.241927,0.587448,0.232714,0.0532456,0.0,0.0,0.380258,0.278268
791.0,33.3181,0.0,0.314959,0.0,0.0511848,0.169024,0.133899,0.0,0.0,0.00959861,0.0,0.0517551
792.0,33.3514,0.00397484,0.0,0.00666475,0.0,0.0112477,0.0,0.0261467,0.0524571,0.0,0.112154,0.131085
793.0,33.3847,0.007992,0.111531,0.0,0.0,0.0,0.0,0.0029228,0.088031,0.094474,0.00971884,0.045422
794.0,33.4181,0.0,0.069278,0.0,0.0,0.0,0.0,0.00311167,0.151598,0.0822979,0.0564077,0.0651796
795.0,33.4514,0.0,0.0120634,0.0,0.00907778,0.044251,0.0523335,0.0,0.0584154,0.0,0.256007,0.0701186
796.0,33.4847,0.0,0.0797083,0.0,0.00299992,0.0137761,0.072541,0.0,0.0775659,0.0,0.441174,0.0365034
797.0,33.5181,0.0,0.13147,0.0,0.0,0.0,0.055972,0.0,0.172834,0.0346212,0.438824,0.0973578
798.0,33.5514,0.0878407,0.137938,0.0,0.0,0.0,0.0,0.0,0.280169,0.113269,0.507417,0.0841594
799.0,33.5847,0.27142,0.0857754,0.0330308,0.0,0.0,0.170727,0.0,0.0202253,0.0,0.403146,0.00228587
800.0,33.6181,0.0915575,0.16867,0.0,0.0,0.0,0.0102364,0.0,0.212501,0.0,0.570542,0.0
801.0,33.6514,0.0,0.106042,0.0,0.0119569,0.0345231,0.0,0.0673499,0.128407,0.0,0.541981,0.140348
802.0,33.6847,0.160049,0.180108,0.0381295,0.0266027,0.0801153,0.0566917,0.0,0.0143931,0.0,0.38146,0.0
803.0,33.7181,0.231198,0.143709,0.220415,0.0319002,0.0918673,0.266176,0.0,0.0,0.0,0.275357,0.0
804.0,33.7514,0.605866,0.115466,0.270281,0.039381,0.0998977,0.583064,0.0,0.0,0.0612652,0.420543,0.0
805.0,33.7847,0.761136,0.0472543,0.410802,0.0808503,0.201186,0.62743,0.0,0.0,0.0492392,0.505955,0.0
806.0,33.8181,0.785884,0.186252,0.440472,0.0416766,0.101371,0.530623,0.0,0.0179765,0.0452512,0.45871,0.0
807.0,33.8514,0.188526,0.0665073,0.142182,0.11998,0.300284,0.0,0.759809,0.00436341,0.0,0.892267,0.369785
808.0,33.8847,0.10583,0.122234,0.394291,0.0,0.0,0.0,0.0,0.176448,0.0,0.250239,0.0
809.0,33.9181,0.26054,0.0374651,0.314921,0.0,0.0,0.0520403,0.0,0.121257,0.0,0.428018,0.0591546
810.0,33.9514,0.329996,0.0,0.298902,0.0178263,0.0815442,0.0715257,0.0,0.0,0.0,0.420881,0.00367282
811.0,33.9847,0.0223366,0.0,0.0380507,0.0,0.0352019,0.0,0.106809,0.0523645,0.0,0.375924,0.217517
812.0,34.0181,0.0,0.0462479,0.0,0.0238945,0.128015,0.07498,0.0,0.0,0.0172977,0.0,0.0512166
813.0,34.0514,0.0,0.0203102,0.0,0.0,0.0323283,0.0729571,0.0,0.0,0.0,0.0429928,0.160837
814.0,34.0847,0.0,0.0212117,0.0,0.0,0.0179717,0.0164452,0.0,0.00208399,6.92094e-05,0.00723115,0.107423
815.0,34.1181,0.0,0.108122,0.0,0.0,0.0,0.0,0.111151,0.0240063,0.0664069,0.0771641,0.045068
816.0,34.1514,0.0,0.325177,0.0,0.0,0.0,0.0,0.0920042,0.0140943,0.187523,0.0434829,0.0493623
817.0,34.1847,0.0,0.499249,0.0,0.0,0.0,0.0,0.00459296,0.0243897,0.299577,0.0618381,0.0901712
818.0,34.2181,0.0,0.618575,0.0,0.0,0.0,0.0,0.0,0.0383268,0.424341,0.0283119,0.11123
819.0,34.2514,0.0,0.539384,0.0,0.0,0.0,0.0,0.0,0.221372,0.444816,0.0,0.124361
820.0,34.2847,0.0376083,0.33308,0.0,0.0,0.0,0.0,0.00867307,0.383983,0.314875,0.00423393,0.0684508
821.0,34.3181,0.0442794,0.144542,0.0,0.0,0.0,0.0,0.270198,0.351309,0.13497,0.0907778,0.0
822.0,34.3514,0.0202358,0.0579935,0.0,0.0,0.0,0.0,0.290684,0.223377,0.0862942,0.10176,0.0269184
823.0,34.3847,0.0,0.965001,0.0,0.056381,0.158178,0.0,0.16866,0.0690381,0.00531583,0.0388007,0.0
824.0,34.4181,0.0,0.856557,0.0,0.114609,0.337077,0.368621,0.0,0.0,0.00471218,0.0,0.0
825.0,34.4514,0.106408,0.0679752,0.0,0.0196958,0.0786576,0.0325898,0.0,0.00998777,0.0,0.0497829,0.207883
826.0,34.4847,0.0,0.119933,0.0,0.0,0.0,0.0,0.0143826,0.0628903,0.0250951,0.00546975,0.0339128
827.0,34.5181,0.0,0.113047,0.0,0.0,0.0,0.0,0.0,0.150737,0.0959565,0.0334053,0.0858313
828.0,34.5514,0.0,0.0202125,7.51e-05,0.0,0.0112859,0.00574693,0.03796,0.0844096,0.0,0.218609,0.0888062
829.0,34.5847,0.0,0.157669,0.0,0.00953823,0.0284071,0.0378183,0.000490852,0.0927186,0.0,0.393173,0.0309819
830.0,34.6181,0.0,0.195926,0.0,0.00172696,0.00388403,0.0446557,0.0,0.114229,0.0,0.436834,0.0589572
831.0,34.6514,0.0,0.123925,0.0,0.0,0.0,0.0547637,0.0,0.179338,0.0355348,0.417925,0.0475257
832.0,34.6847,0.148073,0.22986,0.0,0.0,0.0,0.233885,0.0,0.116934,0.0824114,0.358138,0.0
833.0,34.7181,0.14153,0.2208,0.000396302,0.0,0.0,0.0690223,0.0,0.230077,0.0264365,0.50418,0.0
834.0,34.7514,0.16224,0.127271,0.0,0.0,0.0,0.117672,0.0,0.117984,0.0,0.439714,0.0
835.0,34.7847,0.171904,0.198084,0.133705,0.00626483,0.0301597,0.23984,0.0,9.43765e-05,0.0004408,0.302835,0.0
836.0,34.8181,0.326154,0.100186,0.241852,0.0233958,0.0674798,0.359954,0.0,0.0,0.0097363,0.336166,0.0
837.0,34.8514,0.715184,0.0725364,0.394582,0.0565443,0.140557,0.594423,0.0,0.0,0.0551047,0.435426,0.0
838.0,34.8847,0.796803,0.0843053,0.434605,0.0825157,0.203799,0.628117,0.0,0.0,0.065133,0.533149,0.0
839.0,34.9181,0.748088,0.193187,0.250125,0.0205022,0.0434897,0.466447,0.0,0.0445685,0.0607879,0.39734,0.0
840.0,34.9514,0.0162116,0.106706,0.0889946,0.0637551,0.16428,0.0,0.257836,0.0,0.0,0.765852,0.191938
841.0,34.9847,0.133422,0.247339,0.347567,0.0,0.0,0.0,0.0891123,0.0239226,0.0,0.0214547,0.0
842.0,35.0181,0.189656,0.0134611,0.176721,0.0,0.00937664,0.0,0.0,0.014052,0.0,0.253843,0.0902565
843.0,35.0514,0.230891,0.0039734,0.15708,0.0260663,0.112582,0.0,0.0492035,0.0160993,0.0,0.314361,0.0373121
844.0,35.0847,0.0311296,0.0,0.109846,0.000269917,0.0754004,0.0,0.131863,0.0770513,0.0,0.414968,0.213837
845.0,35.1181,0.0,0.0377758,0.0,0.0149598,0.106645,0.115626,0.0,0.0,0.0205805,0.0,0.102158
846.0,35.1514,0.0,0.0216746,0.0,0.0,0.0260172,0.0767506,0.0,0.0,0.00704738,0.0235974,0.160657
847.0,35.1847,0.0,0.0156023,0.0,0.0,0.0109866,0.0433823,0.0,0.0,0.000132867,0.0495463,0.140267
848.0,35.2181,0.0,0.120096,0.0,0.0,0.0,0.0,0.112692,0.0223876,0.0708471,0.0598547,0.05722
849.0,35.2514,0.0,0.34978,0.0,0.0,0.0,0.0,0.164889,0.0231278,0.209545,0.0200293,0.0316832
850.0,35.2847,0.0,0.556593,0.0,0.0,0.0,0.0,0.0448705,0.0361383,0.345593,0.0413227,0.078455
851.0,35.3181,0.0022707,0.622392,0.0,0.0,0.0,0.0,0.0,0.0985116,0.446979,0.00929298,0.111702
852.0,35.3514,0.0,0.512812,0.0,0.0,0.0,0.0,0.0,0.265901,0.455177,0.0,0.173971
853.0,35.3847,0.0458568,0.308465,0.0,0.0,0.0,0.0,0.096018,0.400181,0.281433,0.0399669,0.0279464
854.0,35.4181,0.0354487,0.110502,0.0,0.0,0.0,0.0,0.294574,0.320967,0.113321,0.0892456,0.0
855.0,35.4514,0.0,0.881173,0.0,0.00560426,0.0323559,0.0,0.261645,0.112826,0.031245,0.163661,0.101688
856.0,35.4847,0.0,0.896754,0.0,0.169273,0.451815,0.255682,0.00883573,0.0,0.0,0.225616,0.483019
857.0,35.5181,0.122897,0.236821,0.0190418,0.0326305,0.11392,0.115827,0.0,0.0,0.0041573,0.0,0.108759
858.0,35.5514,0.0,0.0432891,0.0,0.0,0.0,0.0,0.048824,0.0865751,0.0,0.108741,0.0116514
859.0,35.5847,0.0,0.0906526,0.0,0.0,0.0,0.0,0.00713392,0.105454,0.0841391,0.0265294,0.0891357
860.0,35.6181,0.00132312,0.0668423,0.0,0.0,0.0,0.0,0.0110295,0.114839,0.103562,0.0192542,0.0914713
861.0,35.6514,0.0565616,0.0332346,0.0,0.0126424,0.0469385,0.0157152,0.0267267,0.0728626,0.0,0.257218,0.0480149
862.0,35.6847,0.0,0.175107,0.0,0.00961157,0.0309257,0.0377941,0.0,0.0873523,0.0,0.38341,0.0299369
863.0,35.7181,0.0,0.0864321,0.0,0.0,0.0,0.0358134,0.0,0.164878,0.0102044,0.44032,0.0992955
864.0,35.7514,0.000374934,0.078396,0.0,0.0,0.0,0.030871,0.0,0.235333,0.0980487,0.469288,0.0540053
865.0,35.7847,0.173051,0.239027,0.00404394,0.0,0.0,0.147361,0.0,0.0804091,0.01422,0.367445,0.00288762
866.0,35.8181,0.147308,0.219899,0.0,0.0,0.0,0.0878652,0.0,0.148919,0.0,0.473327,0.0
867.0,35.8514,0.192101,0.14832,0.0,0.0,0.0028,0.0319926,0.0,0.062381,0.0,0.473197,0.0
868.0,35.8847,0.208989,0.17896,0.169059,0.0168239,0.0564689,0.165097,0.0,0.00430551,0.0,0.299104,0.0
869.0,35.9181,0.321657,0.132476,0.278234,0.020953,0.061961,0.382268,0.0,0.0,0.0149589,0.335398,0.0
870.0,35.9514,0.750184,0.0764718,0.343782,0.0580774,0.145183,0.585625,0.0,0.0,0.0588834,0.402903,0.0
871.0,35.9847,0.793458,0.112781,0.488448,0.0725214,0.176314,0.619884,0.0,0.0,0.0678891,0.521404,0.0
872.0,36.0181,0.759431,0.251167,0.277291,0.0171625,0.0354592,0.493594,0.0,0.0518412,0.0654593,0.411951,0.0
873.0,36.0514,0.0521953,0.055911,0.159028,0.072633,0.181966,0.0,0.323083,0.0,0.0,0.840631,0.141481
874.0,36.0847,0.119018,0.141651,0.360547,0.0,0.0,0.0,0.0640089,0.0971494,0.0,0.0770885,0.0
875.0,36.1181,0.231954,0.000787136,0.209961,0.0,0.000515042,0.0490274,0.0,0.00107519,0.0,0.252324,0.0853548
876.0,36.1514,0.0887819,0.0447956,0.322391,0.0135285,0.0860872,0.0,0.0467473,0.0301065,0.0,0.419648,0.149053
877.0,36.1847,0.0,0.011681,0.0,0.0,0.0599815,0.0,0.0611156,0.0323038,0.0,0.264302,0.194294
878.0,36.2181,0.0,0.034806,0.0,0.0161954,0.107311,0.103079,0.0,0.0,0.012858,0.0253089,0.114994
879.0,36.2514,0.0,0.0105328,0.0,0.0,0.026676,0.052088,0.0,0.0,0.0,0.077392,0.155178
880.0,36.2847,0.0,0.00827982,0.0,0.0,0.00460658,0.00920778,0.0,0.0,0.0,0.0448372,0.118586
881.0,36.3181,0.0,0.172954,0.0,0.0,0.0,0.0,0.0678017,0.0226231,0.0951047,0.0743048,0.0143172
882.0,36.3514,0.0,0.346044,0.0,0.0,0.0,0.0,0.125512,0.0216933,0.201983,0.0266377,0.0359824
883.0,36.3847,0.0,0.53526,0.0,0.0,0.0,0.0,0.0112356,0.0355332,0.329714,0.04922,0.0808685
884.0,36.4181,0.0,0.610095,0.0,0.0,0.0,0.0,0.0,0.0806594,0.434712,0.0133471,0.118317
885.0,36.4514,0.0,0.511608,0.0,0.0,0.0,0.0,0.0,0.257404,0.450889,0.0,0.143494
886.0,36.4847,0.0473706,0.292645,0.0,0.0,0.0,0.0,0.101341,0.393228,0.269866,0.0334344,0.0309649
887.0,36.5181,0.0376875,0.119013,0.0,0.0,0.0,0.0,0.317874,0.309635,0.114742,0.0909937,0.0
888.0,36.5514,0.0,0.955838,0.0,0.013636,0.0548647,0.0,0.23707,0.121832,0.0295719,0.0,0.0401177
889.0,36.5847,0.0,0.886079,0.0,0.180632,0.483085,0.282723,0.0,0.0,0.0,0.193991,0.49259
890.0,36.6181,0.115301,0.263369,0.0519675,0.0360579,0.128531,0.0910589,0.0,0.0,0.0,0.0,0.1033
891.0,36.6514,0.0,0.0468342,0.000451142,0.0,0.0,0.0,0.0689974,0.0812486,0.0,0.0802268,0.0884223
892.0,36.6847,0.0,0.119863,0.0,0.0,0.0,0.0,0.00242484,0.120097,0.102153,0.0316467,0.0984167
893.0,36.7181,0.0,0.076137,0.0,0.0,0.0,0.0,0.00694303,0.137448,0.109146,0.0300082,0.0946547
894.0,36.7514,0.0611314,0.0622313,0.0,0.0133813,0.0490053,0.0297365,0.00579968,0.058995,0.0,0.241769,0.0369639
895.0,36.7847,0.0,0.185856,0.0,0.00905018,0.0293085,0.0514928,0.0,0.0711469,0.0,0.392228,0.02512
896.0,36.8181,0.0,0.155354,0.0,0.0,0.0,0.0662625,0.0,0.134055,0.0,0.436491,0.0785046
897.0,36.8514,0.0110672,0.0794224,0.0,0.0,0.0,0.0621872,0.0,0.20164,0.0942028,0.470752,0.0713867
898.0,36.8847,0.155148,0.286732,0.0,0.0,0.0,0.134262,0.0,0.14864,0.0526664,0.386827,0.0
899.0,36.9181,0.0742612,0.0649466,0.0,0.0,0.0,0.0,0.0,0.114423,0.0,0.388358,0.0737953
900.0,36.9514,0.239745,0.0521739,0.0,0.00127473,0.0106071,0.0182245,0.0015987,0.0279955,0.0,0.437544,0.0
901.0,36.9847,0.264389,0.148816,0.138017,0.0158575,0.052398,0.185117,0.0,0.0,0.0,0.289937,0.0
902.0,37.0181,0.33154,0.112517,0.291395,0.0216341,0.0638588,0.409807,0.0,0.0,0.0235233,0.336098,0.0
903.0,37.0514,0.770988,0.0974461,0.410662,0.0634929,0.159193,0.59632,0.0,0.0,0.0666823,0.414881,0.0
904.0,37.0847,0.794269,0.0632127,0.426507,0.0787952,0.190412,0.638133,0.0,0.0,0.0826461,0.536445,0.0
905.0,37.1181,0.730158,0.199215,0.158107,0.0221452,0.0473152,0.46155,0.0,0.0238346,0.0746645,0.32895,0.0
906.0,37.1514,0.00740266,0.00266589,0.0678992,0.056061,0.149245,0.0,0.172778,0.0,0.0,0.769171,0.210737
907.0,37.1847,0.0780825,0.125481,0.32135,0.0,0.0,0.0,0.0688533,0.0584647,0.0,0.0482432,0.0
908.0,37.2181,0.148234,0.0,0.101418,0.0,0.0178732,0.0,0.0,0.0152485,0.0,0.222302,0.137184
909.0,37.2514,0.241258,0.0,0.301657,0.0246719,0.113134,0.00897196,0.0,0.00299463,0.0,0.416838,0.0679045
910.0,37.2847,0.0,0.0271834,0.0,0.00145273,0.0724297,0.0,0.0336274,0.0226042,0.0,0.152371,0.195922
911.0,37.3181,0.0,0.0329796,0.0,0.0119086,0.100098,0.157917,0.0,0.0,0.0208837,0.0294987,0.136886
912.0,37.3514,0.0,0.0213307,0.0,0.0,0.0189539,0.0611489,0.0,0.0,0.00562152,0.0117626,0.139537
913.0,37.3847,0.0,0.0128154,0.0,0.0,0.00230414,0.0,0.0,0.0118842,0.0,0.0465179,0.131297
914.0,37.4181,0.0,0.201487,0.0,0.0,0.0,0.0,0.12868,0.0222699,0.12354,0.0580543,0.0601642
915.0,37.4514,0.0,0.399612,0.0,0.0,0.0,0.0,0.142272,0.0245598,0.239982,0.0535891,0.0263455
916.0,37.4847,0.0,0.52483,0.0,0.0,0.0,0.0,0.0774993,0.0365802,0.325513,0.0148092,0.157209
917.0,37.5181,0.0,0.614684,0.0,0.0,0.0,0.0,0.0,0.120496,0.459829,0.0,0.119705
918.0,37.5514,0.0,0.487062,0.0,0.0,0.0,0.0,0.0,0.281229,0.441981,0.0,0.155201
919.0,37.5847,0.0454772,0.278948,0.0,0.0,0.0,0.0,0.123811,0.395279,0.261464,0.0516369,0.00451571
920.0,37.6181,0.0383394,0.123515,0.0,0.0,0.0,0.0,0.323013,0.29876,0.123906,0.086628,0.00777283
921.0,37.6514,0.0,0.955226,0.0,0.0250387,0.0837891,0.0,0.222426,0.106753,0.0323474,0.0,0.0213088
922.0,37.6847,0.0,0.877224,0.0,0.172051,0.467219,0.238153,0.0,0.0,0.0,0.0456011,0.0
923.0,37.7181,0.155936,0.169143,0.0476655,0.0531878,0.168459,0.138438,0.0,0.0,0.0,0.0,0.212651
924.0,37.7514,0.0,0.0568973,0.0,0.000970124,0.0218242,0.0,0.0273912,0.0576522,0.0,0.127387,0.0825908
925.0,37.7847,0.0132641,0.0673235,0.0,0.0,0.0,0.0,0.00348245,0.0621488,0.0565159,0.0286881,0.133499
926.0,37.8181,0.00408885,0.0409369,0.0,0.0,0.0,0.0,0.0007466,0.16849,0.100961,0.0655384,0.117836
927.0,37.8514,0.0902357,0.104483,0.0,0.0144177,0.0480576,0.0473292,0.0,0.0597137,0.0,0.278314,0.0397647
928.0,37.8847,0.0,0.234115,0.0,0.00892823,0.0264002,0.0507754,0.0,0.0745155,0.0,0.419731,0.0299889
929.0,37.9181,0.0,0.179566,0.0,0.0,0.0,0.102111,0.0,0.119167,0.0,0.440641,0.0877687
930.0,37.9514,0.0577415,0.137791,0.0,0.0,0.0,0.0623154,0.0,0.210238,0.115207,0.479557,0.0740585
931.0,37.9847,0.223049,0.30617,0.0,0.0,0.0,0.18941,0.0,0.1387,0.0646894,0.369521,0.0
932.0,38.0181,0.183083,0.14147,0.0,0.0,0.0,0.0715974,0.0,0.124037,0.0,0.423592,0.0
933.0,38.0514,0.239481,0.165189,0.0,0.0,0.0,0.0643184,0.0,0.0834189,0.0,0.447659,0.0
934.0,38.0847,0.286405,0.154866,0.118753,0.0154648,0.0501944,0.180364,0.0,0.0,0.0,0.303625,0.0
935.0,38.1181,0.344512,0.104597,0.291571,0.0250489,0.0715117,0.390641,0.0,0.0,0.0270302,0.307702,0.0
936.0,38.1514,0.778088,0.087405,0.358677,0.0656331,0.163856,0.606022,0.0,0.0,0.0693904,0.420923,0.0
937.0,38.1847,0.799698,0.0871602,0.422707,0.07898,0.190816,0.645019,0.0,0.00130876,0.0861802,0.541125,0.0
938.0,38.2181,0.730004,0.20946,0.146611,0.0220018,0.0480251,0.455664,0.0,0.0246382,0.072058,0.317264,0.0
939.0,38.2514,0.0533612,0.0,0.0794694,0.0507911,0.133441,0.0,0.134617,0.0,0.0,0.759395,0.187641
940.0,38.2847,0.163835,0.109483,0.337937,0.0,0.0,0.0,0.000597686,0.106993,0.00740411,0.0888529,0.0
941.0,38.3181,0.158877,0.0420051,0.235107,0.0,0.0,0.0,0.0,0.125366,0.0,0.288349,0.0403506
942.0,38.3514,0.27488,0.0,0.241067,0.0309359,0.129594,0.0,0.0,0.0052824,0.0,0.413967,0.0215248
943.0,38.3847,0.0,0.0246943,0.0,0.00985556,0.0976684,0.0272611,0.0,0.0015776,0.0,0.104683,0.149681
944.0,38.4181,0.0,0.0282508,0.0,0.00738128,0.0913054,0.175961,0.0,0.0,0.0335154,0.0,0.0789494
945.0,38.4514,0.0,0.0128658,0.0,0.0,0.00994931,0.0455403,0.0,0.00120875,0.00134056,0.0355107,0.147227
946.0,38.4847,0.0,0.0324976,0.0,0.0,0.0,0.0,0.0262635,0.00819721,0.0134464,0.0801642,0.139707
947.0,38.5181,0.0,0.165865,0.0,0.0,0.0,0.0,0.146534,0.0194469,0.104722,0.0617204,0.0516983
948.0,38.5514,0.0,0.42996,0.0,0.0,0.0,0.0,0.113729,0.0144966,0.261914,0.0515974,0.0510713
949.0,38.5847,0.0,0.532556,0.0,0.0,0.0,0.0,0.0235982,0.0310056,0.328689,0.0137475,0.100557
950.0,38.6181,0.0,0.614272,0.0,0.0,0.0,0.0,0.0,0.0797757,0.450133,0.0,0.148999
951.0,38.6514,0.0,0.506964,0.0,0.0,0.0,0.0,0.0,0.275828,0.45591,0.0,0.153386
952.0,38.6847,0.0493154,0.286321,0.0,0.0,0.0,0.0,0.127072,0.407084,0.261034,0.0553039,0.0128163
953.0,38.7181,0.0398366,0.124125,0.0,0.0,0.0,0.0,0.328064,0.300726,0.119986,0.0931299,0.0163323
954.0,38.7514,0.0,0.955266,0.0,0.0164617,0.0616194,0.0,0.222279,0.1093,0.0225451,0.0,0.0431747
955.0,38.7847,0.0,0.881762,0.0,0.190567,0.509471,0.26916,0.00131797,0.0,0.0,0.1906,0.327078
956.0,38.8181,0.126203,0.26755,0.0266649,0.0544348,0.174265,0.16114,0.0,0.0,0.0,0.0,0.158991
957.0,38.8514,0.0,0.0300234,0.0,0.0,0.00765127,0.0,0.043678,0.0613568,0.0,0.103388,0.0971665
958.0,38.8847,0.0,0.133963,0.0,0.0,0.0,0.0,0.0,0.106146,0.0949655,0.028113,0.117275
959.0,38.9181,0.0,0.0867511,0.0,0.0,0.0,0.0,0.00104844,0.165134,0.101065,0.0417738,0.108369
960.0,38.9514,0.0111114,0.0423125,0.0,0.0161696,0.0605626,0.0579425,0.0,0.0600696,0.0,0.268302,0.0388319
961.0,38.9847,0.0,0.27814,0.0,0.0156863,0.0473843,0.0541537,0.0,0.0733364,0.0,0.410675,0.0339147
962.0,39.0181,0.0,0.27019,0.0,0.0,0.0,0.0453837,0.0,0.161124,0.0112807,0.440281,0.0817991
963.0,39.0514,0.0,0.113663,0.0,0.0,0.0,0.0961187,0.0,0.175068,0.0874727,0.437004,0.040538
964.0,39.0847,0.173014,0.338374,0.00513519,0.0,0.0,0.131612,0.0,0.134681,0.0524828,0.373116,0.0
965.0,39.1181,0.143466,0.231449,0.0,0.0,0.0,0.0930352,0.0,0.174173,0.0124538,0.448982,0.0
966.0,39.1514,0.15501,0.219532,0.0,0.0,0.0,0.113214,0.0,0.104118,0.0,0.447279,0.0
967.0,39.1847,0.202545,0.24617,0.125807,0.0112766,0.0427666,0.19066,0.0,0.00464408,0.0,0.30927,0.0
968.0,39.2181,0.342971,0.132502,0.260359,0.0248737,0.0710908,0.395491,0.0,0.0,0.0106289,0.363147,0.0
969.0,39.2514,0.754338,0.126346,0.399775,0.0603702,0.150786,0.605896,0.0,0.0,0.061649,0.435952,0.0
970.0,39.2847,0.804874,0.132573,0.443981,0.0779145,0.189411,0.631169,0.0,0.0,0.0756909,0.530404,0.0
971.0,39.3181,0.759509,0.269089,0.26853,0.0152226,0.030746,0.47207,0.0,0.0611036,0.0606186,0.397768,0.0
972.0,39.3514,0.0884587,0.068123,0.19163,0.0702965,0.175208,0.0,0.312871,0.0,0.0,0.858771,0.117282
973.0,39.3847,0.141324,0.16788,0.407263,0.0,0.0,0.0,0.0651967,0.137071,0.0,0.138729,0.0
974.0,39.4181,0.217841,0.0205567,0.251585,0.0,0.000386181,0.052022,0.0,0.00550155,0.0,0.272452,0.0564116
975.0,39.4514,0.291435,0.0,0.33296,0.0277471,0.119285,0.0,0.000182555,0.0207634,0.0,0.43228,0.0
976.0,39.4847,0.0,0.0360123,0.0,0.000813098,0.0692269,0.0,0.0830808,0.0333107,0.0,0.160021,0.170629
977.0,39.5181,0.0,0.0313717,0.0,0.0131141,0.102993,0.126345,0.0,0.0,0.0180542,0.00285778,0.0735356
978.0,39.5514,0.0,0.0151332,0.0,0.0,0.0126601,0.0311709,0.0,0.00279423,0.0,0.0351174,0.146147
979.0,39.5847,0.0,0.0227125,0.0,0.0,0.0,0.0,0.0270622,0.0125792,0.00464911,0.0489673,0.139029
980.0,39.6181,0.0,0.160902,0.0,0.0,0.0,0.0,0.142818,0.0226663,0.0992391,0.0563706,0.0496658
981.0,39.6514,0.0,0.393427,0.0,0.0,0.0,0.0,0.129407,0.0180828,0.237932,0.0409945,0.0404486
982.0,39.6847,0.0,0.539909,0.0,0.0,0.0,0.0,0.00441364,0.0308957,0.337675,0.0285395,0.0812396
983.0,39.7181,0.0,0.607552,0.0,0.0,0.0,0.0,0.0,0.0907586,0.444568,0.0,0.124393
984.0,39.7514,0.0,0.50253,0.0,0.0,0.0,0.0,0.0,0.260918,0.444294,0.0,0.148197
985.0,39.7847,0.0421321,0.282513,0.0,0.0,0.0,0.0,0.110308,0.377086,0.262007,0.0261863,0.0606177
986.0,39.8181,0.038606,0.125634,0.0,0.0,0.0,0.0,0.281683,0.294381,0.129507,0.0802402,0.0106666
987.0,39.8514,0.0,0.955246,0.0,0.0112565,0.0464751,0.0,0.237461,0.114789,0.0319691,0.0,0.0394766
988.0,39.8847,0.0,0.88009,0.0,0.186001,0.494448,0.294684,0.0080942,0.0,0.0,0.217242,0.455602
989.0,39.9181,0.100371,0.26032,0.0227226,0.0450479,0.154195,0.11941,0.0,0.0,0.00889982,0.0,0.10857
990.0,39.9514,0.0,0.0193125,0.0,0.0,0.00499662,0.0,0.0490498,0.0598816,0.0,0.0828893,0.0691516
991.0,39.9847,0.0,0.0977797,0.0,0.0,0.0,0.0,0.0,0.100776,0.107547,0.0402229,0.0914375
992.0,40.0181,0.0076425,0.074296,0.0,0.0,0.0,0.0,0.0080024,0.0981396,0.122844,0.0,0.0942116
993.0,40.0514,0.0209473,0.0192516,0.0,0.00839409,0.0377367,0.0108776,0.0178476,0.0675323,0.0,0.239431,0.0625727
994.0,40.0847,0.0,0.0941809,0.0,0.0127377,0.0405748,0.0618764,0.0,0.0750171,0.0,0.41026,0.0341565
995.0,40.1181,0.0,0.0990617,0.0,0.0,0.0,0.115607,0.0,0.0910085,0.0,0.481021,0.0751801
996.0,40.1514,0.0,0.115004,0.0,0.0,0.0,0.0763438,0.0,0.183838,0.0750163,0.47419,0.0670427
997.0,40.1847,0.188465,0.302546,0.0,0.0,0.0,0.201706,0.0,0.119728,0.0545739,0.366299,0.0
998.0,40.2181,0.165967,0.206242,0.0,0.0,0.0,0.10267,0.0,0.18717,0.0130707,0.463664,0.0
999.0,40.2514,0.247978,0.112621,0.0,0.0,0.0066644,0.0739944,0.000343342,0.0265042,0.0,0.408677,0.0
1000.0,40.2847,0.295531,0.183981,0.132923,0.0216209,0.0664535,0.136233,0.0,0.0,0.0,0.217503,0.0
1001.0,40.3181,0.332579,0.120057,0.253353,0.0225043,0.0648222,0.399454,0.0,0.0,0.0113877,0.365961,0.0
1002.0,40.3514,0.755073,0.0571508,0.309929,0.0621706,0.154836,0.60348,0.0,0.0,0.0662596,0.419286,0.0
1003.0,40.3847,0.782325,0.0934623,0.453461,0.0761122,0.183287,0.629493,0.0,0.000557415,0.0807727,0.524869,0.0
1004.0,40.4181,0.74207,0.227406,0.241457,0.0173357,0.0337406,0.479216,0.0,0.0546985,0.0707925,0.378753,0.0
1005.0,40.4514,0.0167037,0.0733212,0.148787,0.0621547,0.161566,0.0,0.235745,0.0,0.0,0.81398,0.178711
1006.0,40.4847,0.136214,0.137498,0.359844,0.0,0.0,0.0,0.0484137,0.0890026,0.0,0.0605924,0.0
1007.0,40.5181,0.179432,0.0145042,0.170132,0.0,0.0221908,0.0,0.0,0.00861108,0.0,0.216964,0.100548
1008.0,40.5514,0.307184,0.0,0.333827,0.0238157,0.106608,0.0555154,0.0,0.0,0.0,0.428897,0.0
1009.0,40.5847,0.0,0.0238754,0.0,0.0,0.0610475,0.0,0.0388112,0.0247738,0.0,0.170084,0.210461
1010.0,40.6181,0.0,0.0350204,0.0,0.0139247,0.106329,0.163028,0.0,0.0,0.0215487,0.0133847,0.0932524
1011.0,40.6514,0.0,0.0212256,0.0,0.0,0.0200245,0.0765742,0.0,0.0,0.00731481,0.00674226,0.15286
1012.0,40.6847,0.0,0.0200596,0.0,0.0,0.00971337,0.0227818,0.0,0.00205657,0.00249824,0.0222414,0.128652
1013.0,40.7181,0.0,0.146514,0.0,0.0,0.0,0.0,0.110974,0.0203842,0.089069,0.0651506,0.0707747
1014.0,40.7514,0.0,0.392222,0.0,0.0,0.0,0.0,0.131133,0.0157901,0.238179,0.0248179,0.0382615
1015.0,40.7847,0.0,0.523519,0.0,0.0,0.0,0.0,0.0821473,0.0290088,0.322731,0.0109767,0.182386
1016.0,40.8181,0.0,0.627092,0.0,0.0,0.0,0.0,0.0,0.104988,0.458127,0.0,0.110967
1017.0,40.8514,0.0,0.515924,0.0,0.0,0.0,0.0,0.0,0.263756,0.46055,0.0,0.14987
1018.0,40.8847,0.0454951,0.298022,0.0,0.0,0.0,0.0,0.104694,0.399842,0.270357,0.0421198,0.0169914
1019.0,40.9181,0.0277697,0.106439,0.0,0.0,0.0,0.0,0.31253,0.283755,0.112685,0.0826338,0.018677
1020.0,40.9514,0.0,0.974075,0.0,0.0,0.0,0.0,0.290577,0.191666,0.0764585,0.0,0.0340681
1021.0,40.9847,0.0,0.896364,0.0,0.17867,0.467161,0.257339,0.00224191,0.0,0.0,0.264975,0.598286
1022.0,41.0181,0.0983142,0.295251,0.0,0.0430861,0.150802,0.0812402,0.0,0.0,0.00579229,0.0,0.0815594
1023.0,41.0514,0.0,0.0156174,0.000128685,0.0,0.00161812,0.0,0.0632262,0.0750985,0.0,0.0478347,0.090699
1024.0,41.0847,0.0,0.141165,0.0,0.0,0.0,0.0,0.00106486,0.118432,0.121243,0.0224778,0.0682142
1025.0,41.1181,0.0,0.104042,0.0,0.0,0.0,0.0,0.00545232,0.150312,0.142598,0.022516,0.0647348
1026.0,41.1514,0.0893619,0.0889335,0.00886488,0.0130701,0.0496439,0.0236755,0.0134154,0.0388803,0.0,0.189325,0.0339939
1027.0,41.1847,0.0,0.132769,0.0,0.0116267,0.0370941,0.0288043,0.0,0.0771521,0.0,0.340431,0.0338338
1028.0,41.2181,0.0,0.0798235,0.0,0.0,0.0,0.073742,0.0,0.120607,0.0,0.427944,0.0897532
1029.0,41.2514,0.0481216,0.119177,0.0,0.0,0.0,0.0336953,0.0,0.221844,0.0823682,0.4831,0.0740674
1030.0,41.2847,0.278694,0.381793,0.00839172,0.0,0.0,0.131676,0.0,0.115612,0.054395,0.305732,0.0
1031.0,41.3181,0.240319,0.249253,0.0,0.0,0.0,0.0826271,0.0,0.167448,0.0,0.442913,0.0
1032.0,41.3514,0.318413,0.131095,0.00236855,0.00463925,0.0189003,0.0237656,0.00154818,0.0239604,0.0,0.41526,0.0
1033.0,41.3847,0.257043,0.237678,0.189152,0.00710147,0.0311651,0.192696,0.0,0.00369648,0.0,0.290189,0.0
1034.0,41.4181,0.311004,0.236931,0.418335,0.024278,0.0718499,0.372354,0.0,0.0,0.0136177,0.321619,0.0
1035.0,41.4514,0.779861,0.213163,0.475112,0.0586757,0.148039,0.580186,0.0,0.0,0.0581326,0.392077,0.0
1036.0,41.4847,0.81895,0.160291,0.537761,0.0706126,0.171653,0.606465,0.0,0.0,0.0683109,0.497573,0.0
1037.0,41.5181,0.826636,0.160673,0.299832,0.0317473,0.0712771,0.507023,0.0,0.0160011,0.0567716,0.416373,0.0
1038.0,41.5514,0.236305,0.0431209,0.0,0.125438,0.31996,0.0,0.663373,0.0,0.0,0.806001,0.276094
1039.0,41.5847,0.218282,0.0315317,0.328092,0.0,0.0,0.00416113,0.0,0.0730919,0.00555692,0.172154,0.0
1040.0,41.6181,0.357979,0.0,0.1609,0.0,0.0110034,0.114336,0.0,0.0,0.0,0.306097,0.0771531
1041.0,41.6514,0.336212,0.0,0.313466,0.0254876,0.1049,0.103135,0.0,0.0,0.0,0.471691,0.039335
1042.0,41.6847,0.013558,0.0,0.00299101,0.0,0.064285,0.00719939,0.0,0.0256991,0.0,0.369714,0.184462
1043.0,41.7181,0.0,0.0320531,0.0,0.0165217,0.116912,0.0860435,0.0,0.0,0.0229356,0.0,0.0679675
1044.0,41.7514,0.0,0.0179198,0.0,0.0,0.0384856,0.0,0.0378779,0.0257723,0.0,0.0491111,0.189269
1045.0,41.7847,0.0,0.0222809,0.0,0.0,0.0141764,0.0628806,0.0,0.0,0.00577573,0.0224008,0.124982
1046.0,41.8181,0.0,0.103754,0.0,0.0,0.0,0.0,0.102145,0.0187887,0.0622819,0.0798307,0.0734712
1047.0,41.8514,0.0,0.354745,0.0,0.0,0.0,0.0,0.148267,0.0137169,0.226315,0.0,0.0584813
1048.0,41.8847,0.0,0.519404,0.0,0.0,0.0,0.0,0.0777341,0.0325013,0.312814,0.0271253,0.0540253
1049.0,41.9181,0.0,0.642535,0.0,0.0,0.0,0.0,0.00533284,0.102409,0.47367,0.0,0.121041
1050.0,41.9514,0.0,0.520589,0.0,0.0,0.0,0.0,0.0159579,0.297904,0.466128,0.0,0.133787
1051.0,41.9847,0.0487001,0.300758,0.0,0.0,0.0,0.0,0.152611,0.395105,0.27745,0.0192865,0.062882
1052.0,42.0181,0.0459503,0.13166,0.0,0.0,0.0,0.0,0.348544,0.322541,0.143303,0.0971097,0.0401045
1053.0,42.0514,0.0,0.973769,0.0,0.0,0.0,0.0,0.283041,0.261797,0.109902,0.00396714,0.0636917
1054.0,42.0847,0.0,0.88813,0.0,0.182989,0.47988,0.292855,0.0,0.0,0.0,0.287921,0.499473
1055.0,42.1181,0.0564544,0.326988,0.0,0.0551232,0.177751,0.147204,0.0,0.0,0.0067399,0.0,0.0744242
1056.0,42.1514,0.00117888,0.0,8.74512e-06,0.00411739,0.0283198,0.0,0.0201576,0.0473326,0.0,0.120494,0.135324
1057.0,42.1847,0.0,0.0541407,0.0,0.0,0.0,0.0,0.00426843,0.0450465,0.0254229,0.0388449,0.0951773
1058.0,42.2181,0.00723113,0.0579961,0.0,0.0,0.0,0.0,0.00340171,0.17571,0.122778,0.01943,0.042892
1059.0,42.2514,0.0916631,0.0878551,0.0,0.0110673,0.0376616,0.0124215,0.0353314,0.0634274,0.0,0.226331,0.0731713
1060.0,42.2847,0.0,0.164154,0.0,0.0113164,0.0333392,0.0446646,0.0,0.0833439,0.0,0.384085,0.0416211
1061.0,42.3181,0.0,0.0770656,0.0,0.0,0.0,0.0397803,0.0,0.140382,0.0,0.483967,0.0569779
1062.0,42.3514,0.0,0.11723,0.0,0.0,0.0,0.0,0.0,0.22402,0.0321343,0.448392,0.0402258
1063.0,42.3847,0.186674,0.337681,0.00515969,0.0,0.0,0.226351,0.0,0.105252,0.0635468,0.332959,0.0
1064.0,42.4181,0.176288,0.182455,0.0,0.0,0.0,0.108143,0.0,0.123832,0.0,0.426277,0.0
1065.0,42.4514,0.28722,0.193632,0.00140077,0.0,0.000828846,0.145339,0.0,0.0296511,0.0,0.385656,0.0
1066.0,42.4847,0.291906,0.209102,0.153639,0.0150718,0.0501782,0.228235,0.0,0.0,0.0,0.295805,0.0
1067.0,42.5181,0.307498,0.218769,0.29185,0.0227888,0.0678629,0.396065,0.0,0.0,0.0156286,0.3463,0.0
1068.0,42.5514,0.761075,0.170737,0.421769,0.0596177,0.150461,0.611082,0.0,0.0,0.0576793,0.440306,0.0
1069.0,42.5847,0.797694,0.204117,0.516227,0.0724869,0.177899,0.624181,0.0,0.0,0.0619861,0.540206,0.0
1070.0,42.6181,0.704577,0.206032,0.261503,0.0171119,0.0384989,0.473471,0.0,0.0401617,0.0397024,0.445616,0.0
1071.0,42.6514,0.226133,0.0977162,0.0230752,0.138458,0.346157,0.0,0.783982,0.0,0.0,0.883176,0.434653
1072.0,42.6847,0.10485,0.142226,0.37706,0.0,0.0,0.0,0.0347974,0.0691457,0.0,0.196757,0.0
1073.0,42.7181,0.298533,0.0,0.221008,0.0,0.0145223,0.0987365,0.0,0.0,0.0,0.33,0.0940287
1074.0,42.7514,0.335207,0.0,0.317481,0.0284186,0.113123,0.0592253,0.0,0.0,0.0,0.426003,0.0184508
1075.0,42.7847,0.0,0.0,0.0,0.0,0.0361583,0.0,0.0534743,0.0476988,0.0,0.297302,0.243466
1076.0,42.8181,0.0,0.0327479,0.0,0.0159611,0.112368,0.0793478,0.0,0.0,0.0252075,0.0,0.0875183
1077.0,42.8514,0.0,0.0193369,0.0,0.0,0.0257256,0.0529387,0.0,0.0,0.00170513,0.00164302,0.157877
1078.0,42.8847,0.0,0.0198724,0.0,0.0,0.020558,0.0185211,0.0,0.00301054,0.0035229,0.00702742,0.133548
1079.0,42.9181,0.0,0.170725,0.0,0.0,0.0,0.0,0.088536,0.0198985,0.102407,0.0580483,0.0755899
1080.0,42.9514,0.0,0.353195,0.0,0.0,0.0,0.0,0.115231,0.018854,0.198761,0.0476685,0.0289874
1081.0,42.9847,0.0,0.540252,0.0,0.0,0.0,0.0,0.0223106,0.0300941,0.332067,0.0403112,0.0783987
1082.0,43.0181,0.0,0.619518,0.0,0.0,0.0,0.0,0.0,0.0935673,0.44074,0.0,0.0946756
1083.0,43.0514,0.0,0.514955,0.0,0.0,0.0,0.0,0.0,0.246251,0.451119,0.0,0.172435
1084.0,43.0847,0.0376506,0.317494,0.0,0.0,0.0,0.0,0.0325737,0.36503,0.284992,0.019285,0.0702484
1085.0,43.1181,0.0369397,0.151251,0.0,0.0,0.0,0.0,0.231885,0.332407,0.137328,0.0785613,0.0
1086.0,43.1514,0.0196721,0.0655905,0.0,0.0,0.0,0.0,0.280996,0.220122,0.0784187,0.094253,0.0126522
1087.0,43.1847,0.0,0.96439,0.0,0.0556921,0.157914,0.0,0.133907,0.0532211,0.00132784,0.0204037,0.00492539
1088.0,43.2181,0.0,0.860812,0.0,0.119126,0.345475,0.370185,0.0,0.0,0.0,0.0,0.0
1089.0,43.2514,0.144675,0.0664324,0.0,0.0253818,0.0938707,0.0567202,0.0,0.0,0.0,0.0381281,0.210682
1090.0,43.2847,0.0,0.00679867,0.00356519,0.0,0.00964846,0.0,0.0371794,0.0593049,0.0,0.111342,0.0979884
1091.0,43.3181,0.0,0.0690837,0.0,0.0,0.0,0.0,0.0223992,0.101022,0.0427149,0.00944505,0.117756
1092.0,43.3514,0.000934263,0.0,0.000888532,0.0,0.00782153,0.00108341,0.00864782,0.0789198,0.0,0.212414,0.0939784
1093.0,43.3847,0.0,0.130016,0.0,0.019426,0.06448,0.0864899,0.0,0.0674691,0.0,0.379908,0.0417474
1094.0,43.4181,0.0,0.276593,0.0,0.0135617,0.0355727,0.0713999,0.0,0.0790636,0.0,0.466562,0.072676
1095.0,43.4514,0.0,0.163619,0.0,0.0,0.0,0.061096,0.0,0.159989,0.0,0.414537,0.0439904
1096.0,43.4847,0.14388,0.272843,0.0,0.0,0.0,0.315137,0.0,0.0798203,0.078751,0.37957,0.0
1097.0,43.5181,0.160817,0.18043,0.0,0.0,0.0,0.136786,0.0,0.173981,0.0136998,0.4675,0.0
1098.0,43.5514,0.152738,0.259228,0.0,0.0,0.0,0.189304,0.0,0.181705,0.010418,0.469869,0.0
1099.0,43.5847,0.128795,0.210741,0.0402411,0.0133254,0.0486463,0.172461,0.0,0.00640624,0.0,0.326144,0.0
1100.0,43.6181,0.13945,0.337947,0.0616067,0.00868291,0.0341319,0.392775,0.0,0.0,0.0108818,0.384605,0.0
1101.0,43.6514,0.534149,0.15202,0.216523,0.0268366,0.0685312,0.589089,0.0,0.0,0.0634763,0.455335,0.0
1102.0,43.6847,0.743473,0.0371212,0.307072,0.0798047,0.197114,0.635414,0.0,0.0,0.0477227,0.529711,0.0
1103.0,43.7181,0.814318,0.149171,0.430776,0.06259,0.150676,0.582104,0.0,0.0162183,0.0406026,0.545615,0.0
1104.0,43.7514,0.486061,0.139723,0.0437739,0.027225,0.0781276,0.127961,0.0,0.0,0.0,0.1599,0.0165076
1105.0,43.7847,0.200858,0.0,0.0993201,0.0503916,0.122206,0.0,0.150011,0.0,0.0,0.909375,0.0827919
1106.0,43.8181,0.300889,0.112207,0.476019,0.0,0.0,0.0151346,0.0,0.245201,0.00617892,0.384892,0.0
1107.0,43.8514,0.276508,0.0,0.229434,0.0,0.0,0.105328,0.0,0.0984019,0.0,0.571077,0.0777321
1108.0,43.8847,0.17049,0.00457702,0.175271,0.0136694,0.0977112,0.0,0.0,0.0180818,0.0,0.362506,0.0216233
1109.0,43.9181,0.0,0.0409102,0.0,0.0170966,0.117368,0.187128,0.0,0.0,0.0271265,0.0575999,0.0495103
